<ps-env>/lib/python3.10/site-packages/networkx/utils/backends.py:563: RuntimeWarning: Error encountered when loading info for backend cugraph: No module named '_nx_cugraph'
  backend_info.update(_get_backends("networkx.backend_info", load_and_call=True))
[14:59:41] Training GDTE on alpha (seed=42)...

 Training FV-alpha-s42-t2:   0%|          | 0/50 [00:00<?, ?it/s]
 Training FV-alpha-s42-t2:   0%|          | 0/50 [00:00<?, ?it/s, Saved at =inf, TrLoss=0.7182]
 Training FV-alpha-s42-t2:   2%|▏         | 1/50 [00:00<00:19,  2.57it/s, Saved at =inf, TrLoss=0.7182]
 Training FV-alpha-s42-t2:   2%|▏         | 1/50 [00:00<00:19,  2.57it/s, Saved at =inf, TrLoss=0.5627]
 Training FV-alpha-s42-t2:   2%|▏         | 1/50 [00:00<00:19,  2.57it/s, Saved at =inf, TrLoss=0.4153]
 Training FV-alpha-s42-t2:   2%|▏         | 1/50 [00:00<00:19,  2.57it/s, Saved at =inf, TrLoss=0.5397]
 Training FV-alpha-s42-t2:   8%|▊         | 4/50 [00:00<00:05,  9.17it/s, Saved at =inf, TrLoss=0.5397]
 Training FV-alpha-s42-t2:   8%|▊         | 4/50 [00:00<00:05,  9.17it/s, Saved at =inf, TrLoss=0.3220]
 Training FV-alpha-s42-t2:   8%|▊         | 4/50 [00:00<00:05,  9.17it/s, Saved at =inf, TrLoss=0.3018]
 Training FV-alpha-s42-t2:   8%|▊         | 4/50 [00:00<00:05,  9.17it/s, Saved at =inf, TrLoss=0.2252]
 Training FV-alpha-s42-t2:  14%|█▍        | 7/50 [00:00<00:03, 13.63it/s, Saved at =inf, TrLoss=0.2252]
 Training FV-alpha-s42-t2:  14%|█▍        | 7/50 [00:00<00:03, 13.63it/s, Saved at =inf, TrLoss=0.2516]
 Training FV-alpha-s42-t2:  14%|█▍        | 7/50 [00:00<00:03, 13.63it/s, Saved at =inf, TrLoss=0.2195]
 Training FV-alpha-s42-t2:  14%|█▍        | 7/50 [00:00<00:03, 13.63it/s, Saved at =inf, TrLoss=0.1850]
 Training FV-alpha-s42-t2:  20%|██        | 10/50 [00:00<00:02, 16.44it/s, Saved at =inf, TrLoss=0.1850]
 Training FV-alpha-s42-t2:  20%|██        | 10/50 [00:00<00:02, 16.44it/s, Saved at =inf, TrLoss=0.2132]
 Training FV-alpha-s42-t2:  20%|██        | 10/50 [00:00<00:02, 16.44it/s, Saved at =inf, TrLoss=0.1662]
 Training FV-alpha-s42-t2:  20%|██        | 10/50 [00:00<00:02, 16.44it/s, Saved at =inf, TrLoss=0.1657]
 Training FV-alpha-s42-t2:  26%|██▌       | 13/50 [00:00<00:02, 18.40it/s, Saved at =inf, TrLoss=0.1657]
 Training FV-alpha-s42-t2:  26%|██▌       | 13/50 [00:00<00:02, 18.40it/s, Saved at =inf, TrLoss=0.1700]
 Training FV-alpha-s42-t2:  26%|██▌       | 13/50 [00:00<00:02, 18.40it/s, Saved at =inf, TrLoss=0.1773]
 Training FV-alpha-s42-t2:  26%|██▌       | 13/50 [00:01<00:02, 18.40it/s, Saved at =inf, TrLoss=0.1294]
 Training FV-alpha-s42-t2:  32%|███▏      | 16/50 [00:01<00:01, 19.92it/s, Saved at =inf, TrLoss=0.1294]
 Training FV-alpha-s42-t2:  32%|███▏      | 16/50 [00:01<00:01, 19.92it/s, Saved at =inf, TrLoss=0.1600]
 Training FV-alpha-s42-t2:  32%|███▏      | 16/50 [00:01<00:01, 19.92it/s, Saved at =inf, TrLoss=0.1868]
 Training FV-alpha-s42-t2:  32%|███▏      | 16/50 [00:01<00:01, 19.92it/s, Saved at =inf, TrLoss=0.1440]
 Training FV-alpha-s42-t2:  38%|███▊      | 19/50 [00:01<00:01, 20.86it/s, Saved at =inf, TrLoss=0.1440]
 Training FV-alpha-s42-t2:  38%|███▊      | 19/50 [00:01<00:01, 20.86it/s, Saved at =inf, TrLoss=0.1197]
 Training FV-alpha-s42-t2:  38%|███▊      | 19/50 [00:01<00:01, 20.86it/s, Saved at =inf, TrLoss=0.1558]
 Training FV-alpha-s42-t2:  38%|███▊      | 19/50 [00:01<00:01, 20.86it/s, Saved at =inf, TrLoss=0.1025]
 Training FV-alpha-s42-t2:  44%|████▍     | 22/50 [00:01<00:01, 21.03it/s, Saved at =inf, TrLoss=0.1025]
 Training FV-alpha-s42-t2:  44%|████▍     | 22/50 [00:01<00:01, 21.03it/s, Saved at =inf, TrLoss=0.1263]
 Training FV-alpha-s42-t2:  44%|████▍     | 22/50 [00:01<00:01, 21.03it/s, Saved at =inf, TrLoss=0.1342]
 Training FV-alpha-s42-t2:  44%|████▍     | 22/50 [00:01<00:01, 21.03it/s, Saved at =inf, TrLoss=0.1466]
 Training FV-alpha-s42-t2:  50%|█████     | 25/50 [00:01<00:01, 21.74it/s, Saved at =inf, TrLoss=0.1466]
 Training FV-alpha-s42-t2:  50%|█████     | 25/50 [00:01<00:01, 21.74it/s, Saved at =inf, TrLoss=0.1081]
 Training FV-alpha-s42-t2:  50%|█████     | 25/50 [00:01<00:01, 21.74it/s, Saved at =inf, TrLoss=0.1195]
 Training FV-alpha-s42-t2:  50%|█████     | 25/50 [00:01<00:01, 21.74it/s, Saved at =inf, TrLoss=0.1129]
 Training FV-alpha-s42-t2:  56%|█████▌    | 28/50 [00:01<00:00, 22.21it/s, Saved at =inf, TrLoss=0.1129]
 Training FV-alpha-s42-t2:  56%|█████▌    | 28/50 [00:01<00:00, 22.21it/s, Saved at =inf, TrLoss=0.1031]
 Training FV-alpha-s42-t2:  56%|█████▌    | 28/50 [00:01<00:00, 22.21it/s, Saved at =inf, TrLoss=0.1087]
 Training FV-alpha-s42-t2:  56%|█████▌    | 28/50 [00:01<00:00, 22.21it/s, Saved at =inf, TrLoss=0.0930]
 Training FV-alpha-s42-t2:  62%|██████▏   | 31/50 [00:01<00:00, 22.40it/s, Saved at =inf, TrLoss=0.0930]
 Training FV-alpha-s42-t2:  62%|██████▏   | 31/50 [00:01<00:00, 22.40it/s, Saved at =inf, TrLoss=0.1016]
 Training FV-alpha-s42-t2:  62%|██████▏   | 31/50 [00:01<00:00, 22.40it/s, Saved at =inf, TrLoss=0.0971]
 Training FV-alpha-s42-t2:  62%|██████▏   | 31/50 [00:01<00:00, 22.40it/s, Saved at =inf, TrLoss=0.1346]
 Training FV-alpha-s42-t2:  68%|██████▊   | 34/50 [00:01<00:00, 22.62it/s, Saved at =inf, TrLoss=0.1346]
 Training FV-alpha-s42-t2:  68%|██████▊   | 34/50 [00:01<00:00, 22.62it/s, Saved at =inf, TrLoss=0.0981]
 Training FV-alpha-s42-t2:  68%|██████▊   | 34/50 [00:01<00:00, 22.62it/s, Saved at =inf, TrLoss=0.1228]
 Training FV-alpha-s42-t2:  68%|██████▊   | 34/50 [00:01<00:00, 22.62it/s, Saved at =inf, TrLoss=0.1171]
 Training FV-alpha-s42-t2:  74%|███████▍  | 37/50 [00:01<00:00, 22.75it/s, Saved at =inf, TrLoss=0.1171]
 Training FV-alpha-s42-t2:  74%|███████▍  | 37/50 [00:01<00:00, 22.75it/s, Saved at =inf, TrLoss=0.0965]
 Training FV-alpha-s42-t2:  74%|███████▍  | 37/50 [00:02<00:00, 22.75it/s, Saved at =inf, TrLoss=0.1309]
 Training FV-alpha-s42-t2:  74%|███████▍  | 37/50 [00:02<00:00, 22.75it/s, Saved at =inf, TrLoss=0.1082]
 Training FV-alpha-s42-t2:  80%|████████  | 40/50 [00:02<00:00, 22.94it/s, Saved at =inf, TrLoss=0.1082]
 Training FV-alpha-s42-t2:  80%|████████  | 40/50 [00:02<00:00, 22.94it/s, Saved at =inf, TrLoss=0.0952]
 Training FV-alpha-s42-t2:  80%|████████  | 40/50 [00:02<00:00, 22.94it/s, Saved at =inf, TrLoss=0.0774]
 Training FV-alpha-s42-t2:  80%|████████  | 40/50 [00:02<00:00, 22.94it/s, Saved at =inf, TrLoss=0.0883]
 Training FV-alpha-s42-t2:  86%|████████▌ | 43/50 [00:02<00:00, 23.02it/s, Saved at =inf, TrLoss=0.0883]
 Training FV-alpha-s42-t2:  86%|████████▌ | 43/50 [00:02<00:00, 23.02it/s, Saved at =inf, TrLoss=0.1128]
 Training FV-alpha-s42-t2:  86%|████████▌ | 43/50 [00:02<00:00, 23.02it/s, Saved at =inf, TrLoss=0.1394]
 Training FV-alpha-s42-t2:  86%|████████▌ | 43/50 [00:02<00:00, 23.02it/s, Saved at =inf, TrLoss=0.0941]
 Training FV-alpha-s42-t2:  92%|█████████▏| 46/50 [00:02<00:00, 23.04it/s, Saved at =inf, TrLoss=0.0941]
 Training FV-alpha-s42-t2:  92%|█████████▏| 46/50 [00:02<00:00, 23.04it/s, Saved at =inf, TrLoss=0.0855]
 Training FV-alpha-s42-t2:  92%|█████████▏| 46/50 [00:02<00:00, 23.04it/s, Saved at =inf, TrLoss=0.0742]
 Training FV-alpha-s42-t2:  92%|█████████▏| 46/50 [00:02<00:00, 23.04it/s, Saved at =inf, TrLoss=0.0976]
 Training FV-alpha-s42-t2:  98%|█████████▊| 49/50 [00:02<00:00, 23.08it/s, Saved at =inf, TrLoss=0.0976]
 Training FV-alpha-s42-t2:  98%|█████████▊| 49/50 [00:02<00:00, 23.08it/s, Saved at =inf, TrLoss=0.0933]
 Training FV-alpha-s42-t2: 100%|██████████| 50/50 [00:02<00:00, 19.85it/s, Saved at =inf, TrLoss=0.0933]

 Training FV-alpha-s42-t3:   0%|          | 0/50 [00:00<?, ?it/s]
 Training FV-alpha-s42-t3:   0%|          | 0/50 [00:00<?, ?it/s, Saved at =inf, TrLoss=0.7874]
 Training FV-alpha-s42-t3:   0%|          | 0/50 [00:00<?, ?it/s, Saved at =inf, TrLoss=0.8502]
 Training FV-alpha-s42-t3:   4%|▍         | 2/50 [00:00<00:03, 15.47it/s, Saved at =inf, TrLoss=0.8502]
 Training FV-alpha-s42-t3:   4%|▍         | 2/50 [00:00<00:03, 15.47it/s, Saved at =inf, TrLoss=0.5405]
 Training FV-alpha-s42-t3:   4%|▍         | 2/50 [00:00<00:03, 15.47it/s, Saved at =inf, TrLoss=0.5329]
 Training FV-alpha-s42-t3:   8%|▊         | 4/50 [00:00<00:02, 16.23it/s, Saved at =inf, TrLoss=0.5329]
 Training FV-alpha-s42-t3:   8%|▊         | 4/50 [00:00<00:02, 16.23it/s, Saved at =inf, TrLoss=0.4482]
 Training FV-alpha-s42-t3:   8%|▊         | 4/50 [00:00<00:02, 16.23it/s, Saved at =inf, TrLoss=0.4101]
 Training FV-alpha-s42-t3:  12%|█▏        | 6/50 [00:00<00:02, 16.61it/s, Saved at =inf, TrLoss=0.4101]
 Training FV-alpha-s42-t3:  12%|█▏        | 6/50 [00:00<00:02, 16.61it/s, Saved at =inf, TrLoss=0.3552]
 Training FV-alpha-s42-t3:  12%|█▏        | 6/50 [00:00<00:02, 16.61it/s, Saved at =inf, TrLoss=0.2996]
 Training FV-alpha-s42-t3:  16%|█▌        | 8/50 [00:00<00:02, 16.84it/s, Saved at =inf, TrLoss=0.2996]
 Training FV-alpha-s42-t3:  16%|█▌        | 8/50 [00:00<00:02, 16.84it/s, Saved at =inf, TrLoss=0.2904]
 Training FV-alpha-s42-t3:  16%|█▌        | 8/50 [00:00<00:02, 16.84it/s, Saved at =inf, TrLoss=0.3040]
 Training FV-alpha-s42-t3:  20%|██        | 10/50 [00:00<00:02, 16.95it/s, Saved at =inf, TrLoss=0.3040]
 Training FV-alpha-s42-t3:  20%|██        | 10/50 [00:00<00:02, 16.95it/s, Saved at =inf, TrLoss=0.2424]
 Training FV-alpha-s42-t3:  20%|██        | 10/50 [00:00<00:02, 16.95it/s, Saved at =inf, TrLoss=0.2223]
 Training FV-alpha-s42-t3:  24%|██▍       | 12/50 [00:00<00:02, 16.57it/s, Saved at =inf, TrLoss=0.2223]
 Training FV-alpha-s42-t3:  24%|██▍       | 12/50 [00:00<00:02, 16.57it/s, Saved at =inf, TrLoss=0.2032]
 Training FV-alpha-s42-t3:  24%|██▍       | 12/50 [00:00<00:02, 16.57it/s, Saved at =inf, TrLoss=0.2391]
 Training FV-alpha-s42-t3:  28%|██▊       | 14/50 [00:00<00:02, 16.64it/s, Saved at =inf, TrLoss=0.2391]
 Training FV-alpha-s42-t3:  28%|██▊       | 14/50 [00:00<00:02, 16.64it/s, Saved at =inf, TrLoss=0.1952]
 Training FV-alpha-s42-t3:  28%|██▊       | 14/50 [00:00<00:02, 16.64it/s, Saved at =inf, TrLoss=0.1733]
 Training FV-alpha-s42-t3:  32%|███▏      | 16/50 [00:00<00:02, 16.79it/s, Saved at =inf, TrLoss=0.1733]
 Training FV-alpha-s42-t3:  32%|███▏      | 16/50 [00:00<00:02, 16.79it/s, Saved at =inf, TrLoss=0.1654]
 Training FV-alpha-s42-t3:  32%|███▏      | 16/50 [00:01<00:02, 16.79it/s, Saved at =inf, TrLoss=0.1889]
 Training FV-alpha-s42-t3:  36%|███▌      | 18/50 [00:01<00:01, 16.65it/s, Saved at =inf, TrLoss=0.1889]
 Training FV-alpha-s42-t3:  36%|███▌      | 18/50 [00:01<00:01, 16.65it/s, Saved at =inf, TrLoss=0.2013]
 Training FV-alpha-s42-t3:  36%|███▌      | 18/50 [00:01<00:01, 16.65it/s, Saved at =inf, TrLoss=0.1741]
 Training FV-alpha-s42-t3:  40%|████      | 20/50 [00:01<00:01, 16.67it/s, Saved at =inf, TrLoss=0.1741]
 Training FV-alpha-s42-t3:  40%|████      | 20/50 [00:01<00:01, 16.67it/s, Saved at =inf, TrLoss=0.1737]
 Training FV-alpha-s42-t3:  40%|████      | 20/50 [00:01<00:01, 16.67it/s, Saved at =inf, TrLoss=0.1768]
 Training FV-alpha-s42-t3:  44%|████▍     | 22/50 [00:01<00:01, 16.60it/s, Saved at =inf, TrLoss=0.1768]
 Training FV-alpha-s42-t3:  44%|████▍     | 22/50 [00:01<00:01, 16.60it/s, Saved at =inf, TrLoss=0.1585]
 Training FV-alpha-s42-t3:  44%|████▍     | 22/50 [00:01<00:01, 16.60it/s, Saved at =inf, TrLoss=0.1807]
 Training FV-alpha-s42-t3:  48%|████▊     | 24/50 [00:01<00:01, 16.62it/s, Saved at =inf, TrLoss=0.1807]
 Training FV-alpha-s42-t3:  48%|████▊     | 24/50 [00:01<00:01, 16.62it/s, Saved at =inf, TrLoss=0.1607]
 Training FV-alpha-s42-t3:  48%|████▊     | 24/50 [00:01<00:01, 16.62it/s, Saved at =inf, TrLoss=0.1528]
 Training FV-alpha-s42-t3:  52%|█████▏    | 26/50 [00:01<00:01, 16.29it/s, Saved at =inf, TrLoss=0.1528]
 Training FV-alpha-s42-t3:  52%|█████▏    | 26/50 [00:01<00:01, 16.29it/s, Saved at =inf, TrLoss=0.1543]
 Training FV-alpha-s42-t3:  52%|█████▏    | 26/50 [00:01<00:01, 16.29it/s, Saved at =inf, TrLoss=0.1615]
 Training FV-alpha-s42-t3:  56%|█████▌    | 28/50 [00:01<00:01, 16.46it/s, Saved at =inf, TrLoss=0.1615]
 Training FV-alpha-s42-t3:  56%|█████▌    | 28/50 [00:01<00:01, 16.46it/s, Saved at =inf, TrLoss=0.1536]
 Training FV-alpha-s42-t3:  56%|█████▌    | 28/50 [00:01<00:01, 16.46it/s, Saved at =inf, TrLoss=0.1626]
 Training FV-alpha-s42-t3:  60%|██████    | 30/50 [00:01<00:01, 16.59it/s, Saved at =inf, TrLoss=0.1626]
 Training FV-alpha-s42-t3:  60%|██████    | 30/50 [00:01<00:01, 16.59it/s, Saved at =inf, TrLoss=0.1600]
 Training FV-alpha-s42-t3:  60%|██████    | 30/50 [00:01<00:01, 16.59it/s, Saved at =inf, TrLoss=0.1371]
 Training FV-alpha-s42-t3:  64%|██████▍   | 32/50 [00:01<00:01, 16.66it/s, Saved at =inf, TrLoss=0.1371]
 Training FV-alpha-s42-t3:  64%|██████▍   | 32/50 [00:01<00:01, 16.66it/s, Saved at =inf, TrLoss=0.1333]
 Training FV-alpha-s42-t3:  64%|██████▍   | 32/50 [00:02<00:01, 16.66it/s, Saved at =inf, TrLoss=0.1546]
 Training FV-alpha-s42-t3:  68%|██████▊   | 34/50 [00:02<00:00, 16.75it/s, Saved at =inf, TrLoss=0.1546]
 Training FV-alpha-s42-t3:  68%|██████▊   | 34/50 [00:02<00:00, 16.75it/s, Saved at =inf, TrLoss=0.1373]
 Training FV-alpha-s42-t3:  68%|██████▊   | 34/50 [00:02<00:00, 16.75it/s, Saved at =inf, TrLoss=0.1420]
 Training FV-alpha-s42-t3:  72%|███████▏  | 36/50 [00:02<00:00, 16.85it/s, Saved at =inf, TrLoss=0.1420]
 Training FV-alpha-s42-t3:  72%|███████▏  | 36/50 [00:02<00:00, 16.85it/s, Saved at =inf, TrLoss=0.1331]
 Training FV-alpha-s42-t3:  72%|███████▏  | 36/50 [00:02<00:00, 16.85it/s, Saved at =inf, TrLoss=0.1370]
 Training FV-alpha-s42-t3:  76%|███████▌  | 38/50 [00:02<00:00, 16.96it/s, Saved at =inf, TrLoss=0.1370]
 Training FV-alpha-s42-t3:  76%|███████▌  | 38/50 [00:02<00:00, 16.96it/s, Saved at =inf, TrLoss=0.1318]
 Training FV-alpha-s42-t3:  76%|███████▌  | 38/50 [00:02<00:00, 16.96it/s, Saved at =inf, TrLoss=0.1267]
 Training FV-alpha-s42-t3:  80%|████████  | 40/50 [00:02<00:00, 17.00it/s, Saved at =inf, TrLoss=0.1267]
 Training FV-alpha-s42-t3:  80%|████████  | 40/50 [00:02<00:00, 17.00it/s, Saved at =inf, TrLoss=0.1150]
 Training FV-alpha-s42-t3:  80%|████████  | 40/50 [00:02<00:00, 17.00it/s, Saved at =inf, TrLoss=0.1142]
 Training FV-alpha-s42-t3:  84%|████████▍ | 42/50 [00:02<00:00, 17.05it/s, Saved at =inf, TrLoss=0.1142]
 Training FV-alpha-s42-t3:  84%|████████▍ | 42/50 [00:02<00:00, 17.05it/s, Saved at =inf, TrLoss=0.1161]
 Training FV-alpha-s42-t3:  84%|████████▍ | 42/50 [00:02<00:00, 17.05it/s, Saved at =inf, TrLoss=0.1470]
 Training FV-alpha-s42-t3:  88%|████████▊ | 44/50 [00:02<00:00, 16.93it/s, Saved at =inf, TrLoss=0.1470]
 Training FV-alpha-s42-t3:  88%|████████▊ | 44/50 [00:02<00:00, 16.93it/s, Saved at =inf, TrLoss=0.1320]
 Training FV-alpha-s42-t3:  88%|████████▊ | 44/50 [00:02<00:00, 16.93it/s, Saved at =inf, TrLoss=0.1120]
 Training FV-alpha-s42-t3:  92%|█████████▏| 46/50 [00:02<00:00, 17.01it/s, Saved at =inf, TrLoss=0.1120]
 Training FV-alpha-s42-t3:  92%|█████████▏| 46/50 [00:02<00:00, 17.01it/s, Saved at =inf, TrLoss=0.1411]
 Training FV-alpha-s42-t3:  92%|█████████▏| 46/50 [00:02<00:00, 17.01it/s, Saved at =inf, TrLoss=0.1238]
 Training FV-alpha-s42-t3:  96%|█████████▌| 48/50 [00:02<00:00, 17.13it/s, Saved at =inf, TrLoss=0.1238]
 Training FV-alpha-s42-t3:  96%|█████████▌| 48/50 [00:02<00:00, 17.13it/s, Saved at =inf, TrLoss=0.1312]
 Training FV-alpha-s42-t3:  96%|█████████▌| 48/50 [00:02<00:00, 17.13it/s, Saved at =inf, TrLoss=0.1237]
 Training FV-alpha-s42-t3: 100%|██████████| 50/50 [00:02<00:00, 17.18it/s, Saved at =inf, TrLoss=0.1237]
 Training FV-alpha-s42-t3: 100%|██████████| 50/50 [00:02<00:00, 16.78it/s, Saved at =inf, TrLoss=0.1237]

 Training FV-alpha-s42-t4:   0%|          | 0/50 [00:00<?, ?it/s]
 Training FV-alpha-s42-t4:   0%|          | 0/50 [00:00<?, ?it/s, Saved at =inf, TrLoss=0.7027]
 Training FV-alpha-s42-t4:   2%|▏         | 1/50 [00:00<00:05,  8.51it/s, Saved at =inf, TrLoss=0.7027]
 Training FV-alpha-s42-t4:   2%|▏         | 1/50 [00:00<00:05,  8.51it/s, Saved at =inf, TrLoss=1.2035]
 Training FV-alpha-s42-t4:   2%|▏         | 1/50 [00:00<00:05,  8.51it/s, Saved at =inf, TrLoss=0.5738]
 Training FV-alpha-s42-t4:   6%|▌         | 3/50 [00:00<00:03, 11.81it/s, Saved at =inf, TrLoss=0.5738]
 Training FV-alpha-s42-t4:   6%|▌         | 3/50 [00:00<00:03, 11.81it/s, Saved at =inf, TrLoss=0.5926]
 Training FV-alpha-s42-t4:   6%|▌         | 3/50 [00:00<00:03, 11.81it/s, Saved at =inf, TrLoss=0.5087]
 Training FV-alpha-s42-t4:  10%|█         | 5/50 [00:00<00:03, 12.65it/s, Saved at =inf, TrLoss=0.5087]
 Training FV-alpha-s42-t4:  10%|█         | 5/50 [00:00<00:03, 12.65it/s, Saved at =inf, TrLoss=0.5113]
 Training FV-alpha-s42-t4:  10%|█         | 5/50 [00:00<00:03, 12.65it/s, Saved at =inf, TrLoss=0.4248]
 Training FV-alpha-s42-t4:  14%|█▍        | 7/50 [00:00<00:03, 13.05it/s, Saved at =inf, TrLoss=0.4248]
 Training FV-alpha-s42-t4:  14%|█▍        | 7/50 [00:00<00:03, 13.05it/s, Saved at =inf, TrLoss=0.4268]
 Training FV-alpha-s42-t4:  14%|█▍        | 7/50 [00:00<00:03, 13.05it/s, Saved at =inf, TrLoss=0.4037]
 Training FV-alpha-s42-t4:  18%|█▊        | 9/50 [00:00<00:03, 13.30it/s, Saved at =inf, TrLoss=0.4037]
 Training FV-alpha-s42-t4:  18%|█▊        | 9/50 [00:00<00:03, 13.30it/s, Saved at =inf, TrLoss=0.3698]
 Training FV-alpha-s42-t4:  18%|█▊        | 9/50 [00:00<00:03, 13.30it/s, Saved at =inf, TrLoss=0.3622]
 Training FV-alpha-s42-t4:  22%|██▏       | 11/50 [00:00<00:02, 13.33it/s, Saved at =inf, TrLoss=0.3622]
 Training FV-alpha-s42-t4:  22%|██▏       | 11/50 [00:00<00:02, 13.33it/s, Saved at =inf, TrLoss=0.3054]
 Training FV-alpha-s42-t4:  22%|██▏       | 11/50 [00:00<00:02, 13.33it/s, Saved at =inf, TrLoss=0.3122]
 Training FV-alpha-s42-t4:  26%|██▌       | 13/50 [00:00<00:02, 13.48it/s, Saved at =inf, TrLoss=0.3122]
 Training FV-alpha-s42-t4:  26%|██▌       | 13/50 [00:01<00:02, 13.48it/s, Saved at =inf, TrLoss=0.2696]
 Training FV-alpha-s42-t4:  26%|██▌       | 13/50 [00:01<00:02, 13.48it/s, Saved at =inf, TrLoss=0.2547]
 Training FV-alpha-s42-t4:  30%|███       | 15/50 [00:01<00:02, 13.60it/s, Saved at =inf, TrLoss=0.2547]
 Training FV-alpha-s42-t4:  30%|███       | 15/50 [00:01<00:02, 13.60it/s, Saved at =inf, TrLoss=0.2456]
 Training FV-alpha-s42-t4:  30%|███       | 15/50 [00:01<00:02, 13.60it/s, Saved at =inf, TrLoss=0.2443]
 Training FV-alpha-s42-t4:  34%|███▍      | 17/50 [00:01<00:02, 13.56it/s, Saved at =inf, TrLoss=0.2443]
 Training FV-alpha-s42-t4:  34%|███▍      | 17/50 [00:01<00:02, 13.56it/s, Saved at =inf, TrLoss=0.2236]
 Training FV-alpha-s42-t4:  34%|███▍      | 17/50 [00:01<00:02, 13.56it/s, Saved at =inf, TrLoss=0.2377]
 Training FV-alpha-s42-t4:  38%|███▊      | 19/50 [00:01<00:02, 13.64it/s, Saved at =inf, TrLoss=0.2377]
 Training FV-alpha-s42-t4:  38%|███▊      | 19/50 [00:01<00:02, 13.64it/s, Saved at =inf, TrLoss=0.2021]
 Training FV-alpha-s42-t4:  38%|███▊      | 19/50 [00:01<00:02, 13.64it/s, Saved at =inf, TrLoss=0.2307]
 Training FV-alpha-s42-t4:  42%|████▏     | 21/50 [00:01<00:02, 13.71it/s, Saved at =inf, TrLoss=0.2307]
 Training FV-alpha-s42-t4:  42%|████▏     | 21/50 [00:01<00:02, 13.71it/s, Saved at =inf, TrLoss=0.2222]
 Training FV-alpha-s42-t4:  42%|████▏     | 21/50 [00:01<00:02, 13.71it/s, Saved at =inf, TrLoss=0.1921]
 Training FV-alpha-s42-t4:  46%|████▌     | 23/50 [00:01<00:01, 13.75it/s, Saved at =inf, TrLoss=0.1921]
 Training FV-alpha-s42-t4:  46%|████▌     | 23/50 [00:01<00:01, 13.75it/s, Saved at =inf, TrLoss=0.2194]
 Training FV-alpha-s42-t4:  46%|████▌     | 23/50 [00:01<00:01, 13.75it/s, Saved at =inf, TrLoss=0.1925]
 Training FV-alpha-s42-t4:  50%|█████     | 25/50 [00:01<00:01, 13.75it/s, Saved at =inf, TrLoss=0.1925]
 Training FV-alpha-s42-t4:  50%|█████     | 25/50 [00:01<00:01, 13.75it/s, Saved at =inf, TrLoss=0.1975]
 Training FV-alpha-s42-t4:  50%|█████     | 25/50 [00:01<00:01, 13.75it/s, Saved at =inf, TrLoss=0.1710]
 Training FV-alpha-s42-t4:  54%|█████▍    | 27/50 [00:02<00:01, 13.80it/s, Saved at =inf, TrLoss=0.1710]
 Training FV-alpha-s42-t4:  54%|█████▍    | 27/50 [00:02<00:01, 13.80it/s, Saved at =inf, TrLoss=0.1977]
 Training FV-alpha-s42-t4:  54%|█████▍    | 27/50 [00:02<00:01, 13.80it/s, Saved at =inf, TrLoss=0.1788]
 Training FV-alpha-s42-t4:  58%|█████▊    | 29/50 [00:02<00:01, 13.82it/s, Saved at =inf, TrLoss=0.1788]
 Training FV-alpha-s42-t4:  58%|█████▊    | 29/50 [00:02<00:01, 13.82it/s, Saved at =inf, TrLoss=0.1747]
 Training FV-alpha-s42-t4:  58%|█████▊    | 29/50 [00:02<00:01, 13.82it/s, Saved at =inf, TrLoss=0.1651]
 Training FV-alpha-s42-t4:  62%|██████▏   | 31/50 [00:02<00:01, 13.80it/s, Saved at =inf, TrLoss=0.1651]
 Training FV-alpha-s42-t4:  62%|██████▏   | 31/50 [00:02<00:01, 13.80it/s, Saved at =inf, TrLoss=0.1672]
 Training FV-alpha-s42-t4:  62%|██████▏   | 31/50 [00:02<00:01, 13.80it/s, Saved at =inf, TrLoss=0.1611]
 Training FV-alpha-s42-t4:  66%|██████▌   | 33/50 [00:02<00:01, 13.84it/s, Saved at =inf, TrLoss=0.1611]
 Training FV-alpha-s42-t4:  66%|██████▌   | 33/50 [00:02<00:01, 13.84it/s, Saved at =inf, TrLoss=0.1669]
 Training FV-alpha-s42-t4:  66%|██████▌   | 33/50 [00:02<00:01, 13.84it/s, Saved at =inf, TrLoss=0.1619]
 Training FV-alpha-s42-t4:  70%|███████   | 35/50 [00:02<00:01, 13.87it/s, Saved at =inf, TrLoss=0.1619]
 Training FV-alpha-s42-t4:  70%|███████   | 35/50 [00:02<00:01, 13.87it/s, Saved at =inf, TrLoss=0.1599]
 Training FV-alpha-s42-t4:  70%|███████   | 35/50 [00:02<00:01, 13.87it/s, Saved at =inf, TrLoss=0.1727]
 Training FV-alpha-s42-t4:  74%|███████▍  | 37/50 [00:02<00:00, 13.77it/s, Saved at =inf, TrLoss=0.1727]
 Training FV-alpha-s42-t4:  74%|███████▍  | 37/50 [00:02<00:00, 13.77it/s, Saved at =inf, TrLoss=0.1570]
 Training FV-alpha-s42-t4:  74%|███████▍  | 37/50 [00:02<00:00, 13.77it/s, Saved at =inf, TrLoss=0.1530]
 Training FV-alpha-s42-t4:  78%|███████▊  | 39/50 [00:02<00:00, 13.81it/s, Saved at =inf, TrLoss=0.1530]
 Training FV-alpha-s42-t4:  78%|███████▊  | 39/50 [00:02<00:00, 13.81it/s, Saved at =inf, TrLoss=0.1536]
 Training FV-alpha-s42-t4:  78%|███████▊  | 39/50 [00:02<00:00, 13.81it/s, Saved at =inf, TrLoss=0.1683]
 Training FV-alpha-s42-t4:  82%|████████▏ | 41/50 [00:03<00:00, 13.85it/s, Saved at =inf, TrLoss=0.1683]
 Training FV-alpha-s42-t4:  82%|████████▏ | 41/50 [00:03<00:00, 13.85it/s, Saved at =inf, TrLoss=0.1497]
 Training FV-alpha-s42-t4:  82%|████████▏ | 41/50 [00:03<00:00, 13.85it/s, Saved at =inf, TrLoss=0.1574]
 Training FV-alpha-s42-t4:  86%|████████▌ | 43/50 [00:03<00:00, 13.85it/s, Saved at =inf, TrLoss=0.1574]
 Training FV-alpha-s42-t4:  86%|████████▌ | 43/50 [00:03<00:00, 13.85it/s, Saved at =inf, TrLoss=0.1529]
 Training FV-alpha-s42-t4:  86%|████████▌ | 43/50 [00:03<00:00, 13.85it/s, Saved at =inf, TrLoss=0.1582]
 Training FV-alpha-s42-t4:  90%|█████████ | 45/50 [00:03<00:00, 13.86it/s, Saved at =inf, TrLoss=0.1582]
 Training FV-alpha-s42-t4:  90%|█████████ | 45/50 [00:03<00:00, 13.86it/s, Saved at =inf, TrLoss=0.1484]
 Training FV-alpha-s42-t4:  90%|█████████ | 45/50 [00:03<00:00, 13.86it/s, Saved at =inf, TrLoss=0.1431]
 Training FV-alpha-s42-t4:  94%|█████████▍| 47/50 [00:03<00:00, 13.85it/s, Saved at =inf, TrLoss=0.1431]
 Training FV-alpha-s42-t4:  94%|█████████▍| 47/50 [00:03<00:00, 13.85it/s, Saved at =inf, TrLoss=0.1404]
 Training FV-alpha-s42-t4:  94%|█████████▍| 47/50 [00:03<00:00, 13.85it/s, Saved at =inf, TrLoss=0.1459]
 Training FV-alpha-s42-t4:  98%|█████████▊| 49/50 [00:03<00:00, 13.86it/s, Saved at =inf, TrLoss=0.1459]
 Training FV-alpha-s42-t4:  98%|█████████▊| 49/50 [00:03<00:00, 13.86it/s, Saved at =inf, TrLoss=0.1451]
 Training FV-alpha-s42-t4: 100%|██████████| 50/50 [00:03<00:00, 13.61it/s, Saved at =inf, TrLoss=0.1451]

 Training FV-alpha-s42-t5:   0%|          | 0/50 [00:00<?, ?it/s]
 Training FV-alpha-s42-t5:   0%|          | 0/50 [00:00<?, ?it/s, Saved at =inf, TrLoss=0.7338]
 Training FV-alpha-s42-t5:   0%|          | 0/50 [00:00<?, ?it/s, Saved at =inf, TrLoss=0.9387]
 Training FV-alpha-s42-t5:   4%|▍         | 2/50 [00:00<00:04, 10.81it/s, Saved at =inf, TrLoss=0.9387]
 Training FV-alpha-s42-t5:   4%|▍         | 2/50 [00:00<00:04, 10.81it/s, Saved at =inf, TrLoss=0.5507]
 Training FV-alpha-s42-t5:   4%|▍         | 2/50 [00:00<00:04, 10.81it/s, Saved at =inf, TrLoss=0.5887]
 Training FV-alpha-s42-t5:   8%|▊         | 4/50 [00:00<00:04, 11.20it/s, Saved at =inf, TrLoss=0.5887]
 Training FV-alpha-s42-t5:   8%|▊         | 4/50 [00:00<00:04, 11.20it/s, Saved at =inf, TrLoss=0.4969]
 Training FV-alpha-s42-t5:   8%|▊         | 4/50 [00:00<00:04, 11.20it/s, Saved at =inf, TrLoss=0.4774]
 Training FV-alpha-s42-t5:  12%|█▏        | 6/50 [00:00<00:03, 11.36it/s, Saved at =inf, TrLoss=0.4774]
 Training FV-alpha-s42-t5:  12%|█▏        | 6/50 [00:00<00:03, 11.36it/s, Saved at =inf, TrLoss=0.4680]
 Training FV-alpha-s42-t5:  12%|█▏        | 6/50 [00:00<00:03, 11.36it/s, Saved at =inf, TrLoss=0.4368]
 Training FV-alpha-s42-t5:  16%|█▌        | 8/50 [00:00<00:03, 11.44it/s, Saved at =inf, TrLoss=0.4368]
 Training FV-alpha-s42-t5:  16%|█▌        | 8/50 [00:00<00:03, 11.44it/s, Saved at =inf, TrLoss=0.4033]
 Training FV-alpha-s42-t5:  16%|█▌        | 8/50 [00:00<00:03, 11.44it/s, Saved at =inf, TrLoss=0.3915]
 Training FV-alpha-s42-t5:  20%|██        | 10/50 [00:00<00:03, 11.47it/s, Saved at =inf, TrLoss=0.3915]
 Training FV-alpha-s42-t5:  20%|██        | 10/50 [00:00<00:03, 11.47it/s, Saved at =inf, TrLoss=0.3411]
 Training FV-alpha-s42-t5:  20%|██        | 10/50 [00:01<00:03, 11.47it/s, Saved at =inf, TrLoss=0.3468]
 Training FV-alpha-s42-t5:  24%|██▍       | 12/50 [00:01<00:03, 11.48it/s, Saved at =inf, TrLoss=0.3468]
 Training FV-alpha-s42-t5:  24%|██▍       | 12/50 [00:01<00:03, 11.48it/s, Saved at =inf, TrLoss=0.3181]
 Training FV-alpha-s42-t5:  24%|██▍       | 12/50 [00:01<00:03, 11.48it/s, Saved at =inf, TrLoss=0.3360]
 Training FV-alpha-s42-t5:  28%|██▊       | 14/50 [00:01<00:03, 11.50it/s, Saved at =inf, TrLoss=0.3360]
 Training FV-alpha-s42-t5:  28%|██▊       | 14/50 [00:01<00:03, 11.50it/s, Saved at =inf, TrLoss=0.2691]
 Training FV-alpha-s42-t5:  28%|██▊       | 14/50 [00:01<00:03, 11.50it/s, Saved at =inf, TrLoss=0.3266]
 Training FV-alpha-s42-t5:  32%|███▏      | 16/50 [00:01<00:02, 11.52it/s, Saved at =inf, TrLoss=0.3266]
 Training FV-alpha-s42-t5:  32%|███▏      | 16/50 [00:01<00:02, 11.52it/s, Saved at =inf, TrLoss=0.2809]
 Training FV-alpha-s42-t5:  32%|███▏      | 16/50 [00:01<00:02, 11.52it/s, Saved at =inf, TrLoss=0.2940]
 Training FV-alpha-s42-t5:  36%|███▌      | 18/50 [00:01<00:02, 11.53it/s, Saved at =inf, TrLoss=0.2940]
 Training FV-alpha-s42-t5:  36%|███▌      | 18/50 [00:01<00:02, 11.53it/s, Saved at =inf, TrLoss=0.2783]
 Training FV-alpha-s42-t5:  36%|███▌      | 18/50 [00:01<00:02, 11.53it/s, Saved at =inf, TrLoss=0.2660]
 Training FV-alpha-s42-t5:  40%|████      | 20/50 [00:01<00:02, 11.54it/s, Saved at =inf, TrLoss=0.2660]
 Training FV-alpha-s42-t5:  40%|████      | 20/50 [00:01<00:02, 11.54it/s, Saved at =inf, TrLoss=0.2653]
 Training FV-alpha-s42-t5:  40%|████      | 20/50 [00:01<00:02, 11.54it/s, Saved at =inf, TrLoss=0.2766]
 Training FV-alpha-s42-t5:  44%|████▍     | 22/50 [00:01<00:02, 11.53it/s, Saved at =inf, TrLoss=0.2766]
 Training FV-alpha-s42-t5:  44%|████▍     | 22/50 [00:01<00:02, 11.53it/s, Saved at =inf, TrLoss=0.2557]
 Training FV-alpha-s42-t5:  44%|████▍     | 22/50 [00:02<00:02, 11.53it/s, Saved at =inf, TrLoss=0.2537]
 Training FV-alpha-s42-t5:  48%|████▊     | 24/50 [00:02<00:02, 11.53it/s, Saved at =inf, TrLoss=0.2537]
 Training FV-alpha-s42-t5:  48%|████▊     | 24/50 [00:02<00:02, 11.53it/s, Saved at =inf, TrLoss=0.2747]
 Training FV-alpha-s42-t5:  48%|████▊     | 24/50 [00:02<00:02, 11.53it/s, Saved at =inf, TrLoss=0.2472]
 Training FV-alpha-s42-t5:  52%|█████▏    | 26/50 [00:02<00:02, 11.54it/s, Saved at =inf, TrLoss=0.2472]
 Training FV-alpha-s42-t5:  52%|█████▏    | 26/50 [00:02<00:02, 11.54it/s, Saved at =inf, TrLoss=0.2480]
 Training FV-alpha-s42-t5:  52%|█████▏    | 26/50 [00:02<00:02, 11.54it/s, Saved at =inf, TrLoss=0.2396]
 Training FV-alpha-s42-t5:  56%|█████▌    | 28/50 [00:02<00:01, 11.54it/s, Saved at =inf, TrLoss=0.2396]
 Training FV-alpha-s42-t5:  56%|█████▌    | 28/50 [00:02<00:01, 11.54it/s, Saved at =inf, TrLoss=0.2413]
 Training FV-alpha-s42-t5:  56%|█████▌    | 28/50 [00:02<00:01, 11.54it/s, Saved at =inf, TrLoss=0.2444]
 Training FV-alpha-s42-t5:  60%|██████    | 30/50 [00:02<00:01, 11.53it/s, Saved at =inf, TrLoss=0.2444]
 Training FV-alpha-s42-t5:  60%|██████    | 30/50 [00:02<00:01, 11.53it/s, Saved at =inf, TrLoss=0.2222]
 Training FV-alpha-s42-t5:  60%|██████    | 30/50 [00:02<00:01, 11.53it/s, Saved at =inf, TrLoss=0.2300]
 Training FV-alpha-s42-t5:  64%|██████▍   | 32/50 [00:02<00:01, 11.54it/s, Saved at =inf, TrLoss=0.2300]
 Training FV-alpha-s42-t5:  64%|██████▍   | 32/50 [00:02<00:01, 11.54it/s, Saved at =inf, TrLoss=0.2329]
 Training FV-alpha-s42-t5:  64%|██████▍   | 32/50 [00:02<00:01, 11.54it/s, Saved at =inf, TrLoss=0.2302]
 Training FV-alpha-s42-t5:  68%|██████▊   | 34/50 [00:02<00:01, 11.55it/s, Saved at =inf, TrLoss=0.2302]
 Training FV-alpha-s42-t5:  68%|██████▊   | 34/50 [00:03<00:01, 11.55it/s, Saved at =inf, TrLoss=0.2193]
 Training FV-alpha-s42-t5:  68%|██████▊   | 34/50 [00:03<00:01, 11.55it/s, Saved at =inf, TrLoss=0.2261]
 Training FV-alpha-s42-t5:  72%|███████▏  | 36/50 [00:03<00:01, 11.54it/s, Saved at =inf, TrLoss=0.2261]
 Training FV-alpha-s42-t5:  72%|███████▏  | 36/50 [00:03<00:01, 11.54it/s, Saved at =inf, TrLoss=0.2178]
 Training FV-alpha-s42-t5:  72%|███████▏  | 36/50 [00:03<00:01, 11.54it/s, Saved at =inf, TrLoss=0.2105]
 Training FV-alpha-s42-t5:  76%|███████▌  | 38/50 [00:03<00:01, 11.54it/s, Saved at =inf, TrLoss=0.2105]
 Training FV-alpha-s42-t5:  76%|███████▌  | 38/50 [00:03<00:01, 11.54it/s, Saved at =inf, TrLoss=0.2007]
 Training FV-alpha-s42-t5:  76%|███████▌  | 38/50 [00:03<00:01, 11.54it/s, Saved at =inf, TrLoss=0.2067]
 Training FV-alpha-s42-t5:  80%|████████  | 40/50 [00:03<00:00, 11.51it/s, Saved at =inf, TrLoss=0.2067]
 Training FV-alpha-s42-t5:  80%|████████  | 40/50 [00:03<00:00, 11.51it/s, Saved at =inf, TrLoss=0.2049]
 Training FV-alpha-s42-t5:  80%|████████  | 40/50 [00:03<00:00, 11.51it/s, Saved at =inf, TrLoss=0.2064]
 Training FV-alpha-s42-t5:  84%|████████▍ | 42/50 [00:03<00:00, 11.51it/s, Saved at =inf, TrLoss=0.2064]
 Training FV-alpha-s42-t5:  84%|████████▍ | 42/50 [00:03<00:00, 11.51it/s, Saved at =inf, TrLoss=0.2059]
 Training FV-alpha-s42-t5:  84%|████████▍ | 42/50 [00:03<00:00, 11.51it/s, Saved at =inf, TrLoss=0.2003]
 Training FV-alpha-s42-t5:  88%|████████▊ | 44/50 [00:03<00:00, 11.51it/s, Saved at =inf, TrLoss=0.2003]
 Training FV-alpha-s42-t5:  88%|████████▊ | 44/50 [00:03<00:00, 11.51it/s, Saved at =inf, TrLoss=0.1922]
 Training FV-alpha-s42-t5:  88%|████████▊ | 44/50 [00:03<00:00, 11.51it/s, Saved at =inf, TrLoss=0.1873]
 Training FV-alpha-s42-t5:  92%|█████████▏| 46/50 [00:04<00:00, 11.51it/s, Saved at =inf, TrLoss=0.1873]
 Training FV-alpha-s42-t5:  92%|█████████▏| 46/50 [00:04<00:00, 11.51it/s, Saved at =inf, TrLoss=0.1892]
 Training FV-alpha-s42-t5:  92%|█████████▏| 46/50 [00:04<00:00, 11.51it/s, Saved at =inf, TrLoss=0.1873]
 Training FV-alpha-s42-t5:  96%|█████████▌| 48/50 [00:04<00:00, 11.51it/s, Saved at =inf, TrLoss=0.1873]
 Training FV-alpha-s42-t5:  96%|█████████▌| 48/50 [00:04<00:00, 11.51it/s, Saved at =inf, TrLoss=0.1840]
 Training FV-alpha-s42-t5:  96%|█████████▌| 48/50 [00:04<00:00, 11.51it/s, Saved at =inf, TrLoss=0.1811]
 Training FV-alpha-s42-t5: 100%|██████████| 50/50 [00:04<00:00, 11.49it/s, Saved at =inf, TrLoss=0.1811]
 Training FV-alpha-s42-t5: 100%|██████████| 50/50 [00:04<00:00, 11.49it/s, Saved at =inf, TrLoss=0.1811]

 Training FV-alpha-s42-t6:   0%|          | 0/50 [00:00<?, ?it/s]
 Training FV-alpha-s42-t6:   0%|          | 0/50 [00:00<?, ?it/s, Saved at =inf, TrLoss=0.7037]
 Training FV-alpha-s42-t6:   2%|▏         | 1/50 [00:00<00:05,  8.53it/s, Saved at =inf, TrLoss=0.7037]
 Training FV-alpha-s42-t6:   2%|▏         | 1/50 [00:00<00:05,  8.53it/s, Saved at =inf, TrLoss=0.6970]
 Training FV-alpha-s42-t6:   4%|▍         | 2/50 [00:00<00:05,  9.07it/s, Saved at =inf, TrLoss=0.6970]
 Training FV-alpha-s42-t6:   4%|▍         | 2/50 [00:00<00:05,  9.07it/s, Saved at =inf, TrLoss=0.5857]
 Training FV-alpha-s42-t6:   6%|▌         | 3/50 [00:00<00:05,  9.30it/s, Saved at =inf, TrLoss=0.5857]
 Training FV-alpha-s42-t6:   6%|▌         | 3/50 [00:00<00:05,  9.30it/s, Saved at =inf, TrLoss=0.5315]
 Training FV-alpha-s42-t6:   8%|▊         | 4/50 [00:00<00:04,  9.43it/s, Saved at =inf, TrLoss=0.5315]
 Training FV-alpha-s42-t6:   8%|▊         | 4/50 [00:00<00:04,  9.43it/s, Saved at =inf, TrLoss=0.4799]
 Training FV-alpha-s42-t6:  10%|█         | 5/50 [00:00<00:04,  9.50it/s, Saved at =inf, TrLoss=0.4799]
 Training FV-alpha-s42-t6:  10%|█         | 5/50 [00:00<00:04,  9.50it/s, Saved at =inf, TrLoss=0.4629]
 Training FV-alpha-s42-t6:  12%|█▏        | 6/50 [00:00<00:04,  9.52it/s, Saved at =inf, TrLoss=0.4629]
 Training FV-alpha-s42-t6:  12%|█▏        | 6/50 [00:00<00:04,  9.52it/s, Saved at =inf, TrLoss=0.4402]
 Training FV-alpha-s42-t6:  14%|█▍        | 7/50 [00:00<00:04,  9.53it/s, Saved at =inf, TrLoss=0.4402]
 Training FV-alpha-s42-t6:  14%|█▍        | 7/50 [00:00<00:04,  9.53it/s, Saved at =inf, TrLoss=0.4063]
 Training FV-alpha-s42-t6:  16%|█▌        | 8/50 [00:00<00:04,  9.55it/s, Saved at =inf, TrLoss=0.4063]
 Training FV-alpha-s42-t6:  16%|█▌        | 8/50 [00:00<00:04,  9.55it/s, Saved at =inf, TrLoss=0.3679]
 Training FV-alpha-s42-t6:  18%|█▊        | 9/50 [00:00<00:04,  9.57it/s, Saved at =inf, TrLoss=0.3679]
 Training FV-alpha-s42-t6:  18%|█▊        | 9/50 [00:01<00:04,  9.57it/s, Saved at =inf, TrLoss=0.3438]
 Training FV-alpha-s42-t6:  20%|██        | 10/50 [00:01<00:04,  9.58it/s, Saved at =inf, TrLoss=0.3438]
 Training FV-alpha-s42-t6:  20%|██        | 10/50 [00:01<00:04,  9.58it/s, Saved at =inf, TrLoss=0.3678]
 Training FV-alpha-s42-t6:  22%|██▏       | 11/50 [00:01<00:04,  9.61it/s, Saved at =inf, TrLoss=0.3678]
 Training FV-alpha-s42-t6:  22%|██▏       | 11/50 [00:01<00:04,  9.61it/s, Saved at =inf, TrLoss=0.3995]
 Training FV-alpha-s42-t6:  24%|██▍       | 12/50 [00:01<00:03,  9.61it/s, Saved at =inf, TrLoss=0.3995]
 Training FV-alpha-s42-t6:  24%|██▍       | 12/50 [00:01<00:03,  9.61it/s, Saved at =inf, TrLoss=0.3115]
 Training FV-alpha-s42-t6:  26%|██▌       | 13/50 [00:01<00:03,  9.62it/s, Saved at =inf, TrLoss=0.3115]
 Training FV-alpha-s42-t6:  26%|██▌       | 13/50 [00:01<00:03,  9.62it/s, Saved at =inf, TrLoss=0.3775]
 Training FV-alpha-s42-t6:  28%|██▊       | 14/50 [00:01<00:03,  9.63it/s, Saved at =inf, TrLoss=0.3775]
 Training FV-alpha-s42-t6:  28%|██▊       | 14/50 [00:01<00:03,  9.63it/s, Saved at =inf, TrLoss=0.2842]
 Training FV-alpha-s42-t6:  30%|███       | 15/50 [00:01<00:03,  9.61it/s, Saved at =inf, TrLoss=0.2842]
 Training FV-alpha-s42-t6:  30%|███       | 15/50 [00:01<00:03,  9.61it/s, Saved at =inf, TrLoss=0.3427]
 Training FV-alpha-s42-t6:  32%|███▏      | 16/50 [00:01<00:03,  9.63it/s, Saved at =inf, TrLoss=0.3427]
 Training FV-alpha-s42-t6:  32%|███▏      | 16/50 [00:01<00:03,  9.63it/s, Saved at =inf, TrLoss=0.2991]
 Training FV-alpha-s42-t6:  34%|███▍      | 17/50 [00:01<00:03,  9.64it/s, Saved at =inf, TrLoss=0.2991]
 Training FV-alpha-s42-t6:  34%|███▍      | 17/50 [00:01<00:03,  9.64it/s, Saved at =inf, TrLoss=0.2990]
 Training FV-alpha-s42-t6:  36%|███▌      | 18/50 [00:01<00:03,  9.65it/s, Saved at =inf, TrLoss=0.2990]
 Training FV-alpha-s42-t6:  36%|███▌      | 18/50 [00:01<00:03,  9.65it/s, Saved at =inf, TrLoss=0.3093]
 Training FV-alpha-s42-t6:  38%|███▊      | 19/50 [00:01<00:03,  9.56it/s, Saved at =inf, TrLoss=0.3093]
 Training FV-alpha-s42-t6:  38%|███▊      | 19/50 [00:02<00:03,  9.56it/s, Saved at =inf, TrLoss=0.2659]
 Training FV-alpha-s42-t6:  40%|████      | 20/50 [00:02<00:03,  9.52it/s, Saved at =inf, TrLoss=0.2659]
 Training FV-alpha-s42-t6:  40%|████      | 20/50 [00:02<00:03,  9.52it/s, Saved at =inf, TrLoss=0.2885]
 Training FV-alpha-s42-t6:  42%|████▏     | 21/50 [00:02<00:03,  9.56it/s, Saved at =inf, TrLoss=0.2885]
 Training FV-alpha-s42-t6:  42%|████▏     | 21/50 [00:02<00:03,  9.56it/s, Saved at =inf, TrLoss=0.2636]
 Training FV-alpha-s42-t6:  44%|████▍     | 22/50 [00:02<00:02,  9.58it/s, Saved at =inf, TrLoss=0.2636]
 Training FV-alpha-s42-t6:  44%|████▍     | 22/50 [00:02<00:02,  9.58it/s, Saved at =inf, TrLoss=0.2655]
 Training FV-alpha-s42-t6:  46%|████▌     | 23/50 [00:02<00:02,  9.60it/s, Saved at =inf, TrLoss=0.2655]
 Training FV-alpha-s42-t6:  46%|████▌     | 23/50 [00:02<00:02,  9.60it/s, Saved at =inf, TrLoss=0.2692]
 Training FV-alpha-s42-t6:  48%|████▊     | 24/50 [00:02<00:02,  9.62it/s, Saved at =inf, TrLoss=0.2692]
 Training FV-alpha-s42-t6:  48%|████▊     | 24/50 [00:02<00:02,  9.62it/s, Saved at =inf, TrLoss=0.2596]
 Training FV-alpha-s42-t6:  50%|█████     | 25/50 [00:02<00:02,  9.60it/s, Saved at =inf, TrLoss=0.2596]
 Training FV-alpha-s42-t6:  50%|█████     | 25/50 [00:02<00:02,  9.60it/s, Saved at =inf, TrLoss=0.2597]
 Training FV-alpha-s42-t6:  52%|█████▏    | 26/50 [00:02<00:02,  9.62it/s, Saved at =inf, TrLoss=0.2597]
 Training FV-alpha-s42-t6:  52%|█████▏    | 26/50 [00:02<00:02,  9.62it/s, Saved at =inf, TrLoss=0.2372]
 Training FV-alpha-s42-t6:  54%|█████▍    | 27/50 [00:02<00:02,  9.63it/s, Saved at =inf, TrLoss=0.2372]
 Training FV-alpha-s42-t6:  54%|█████▍    | 27/50 [00:02<00:02,  9.63it/s, Saved at =inf, TrLoss=0.2659]
 Training FV-alpha-s42-t6:  56%|█████▌    | 28/50 [00:02<00:02,  9.65it/s, Saved at =inf, TrLoss=0.2659]
 Training FV-alpha-s42-t6:  56%|█████▌    | 28/50 [00:02<00:02,  9.65it/s, Saved at =inf, TrLoss=0.2463]
 Training FV-alpha-s42-t6:  58%|█████▊    | 29/50 [00:03<00:02,  9.66it/s, Saved at =inf, TrLoss=0.2463]
 Training FV-alpha-s42-t6:  58%|█████▊    | 29/50 [00:03<00:02,  9.66it/s, Saved at =inf, TrLoss=0.2501]
 Training FV-alpha-s42-t6:  60%|██████    | 30/50 [00:03<00:02,  9.66it/s, Saved at =inf, TrLoss=0.2501]
 Training FV-alpha-s42-t6:  60%|██████    | 30/50 [00:03<00:02,  9.66it/s, Saved at =inf, TrLoss=0.2319]
 Training FV-alpha-s42-t6:  62%|██████▏   | 31/50 [00:03<00:01,  9.65it/s, Saved at =inf, TrLoss=0.2319]
 Training FV-alpha-s42-t6:  62%|██████▏   | 31/50 [00:03<00:01,  9.65it/s, Saved at =inf, TrLoss=0.2356]
 Training FV-alpha-s42-t6:  64%|██████▍   | 32/50 [00:03<00:01,  9.65it/s, Saved at =inf, TrLoss=0.2356]
 Training FV-alpha-s42-t6:  64%|██████▍   | 32/50 [00:03<00:01,  9.65it/s, Saved at =inf, TrLoss=0.2326]
 Training FV-alpha-s42-t6:  66%|██████▌   | 33/50 [00:03<00:01,  9.66it/s, Saved at =inf, TrLoss=0.2326]
 Training FV-alpha-s42-t6:  66%|██████▌   | 33/50 [00:03<00:01,  9.66it/s, Saved at =inf, TrLoss=0.2338]
 Training FV-alpha-s42-t6:  68%|██████▊   | 34/50 [00:03<00:01,  9.66it/s, Saved at =inf, TrLoss=0.2338]
 Training FV-alpha-s42-t6:  68%|██████▊   | 34/50 [00:03<00:01,  9.66it/s, Saved at =inf, TrLoss=0.2287]
 Training FV-alpha-s42-t6:  70%|███████   | 35/50 [00:03<00:01,  9.67it/s, Saved at =inf, TrLoss=0.2287]
 Training FV-alpha-s42-t6:  70%|███████   | 35/50 [00:03<00:01,  9.67it/s, Saved at =inf, TrLoss=0.2224]
 Training FV-alpha-s42-t6:  72%|███████▏  | 36/50 [00:03<00:01,  9.67it/s, Saved at =inf, TrLoss=0.2224]
 Training FV-alpha-s42-t6:  72%|███████▏  | 36/50 [00:03<00:01,  9.67it/s, Saved at =inf, TrLoss=0.2342]
 Training FV-alpha-s42-t6:  74%|███████▍  | 37/50 [00:03<00:01,  9.66it/s, Saved at =inf, TrLoss=0.2342]
 Training FV-alpha-s42-t6:  74%|███████▍  | 37/50 [00:03<00:01,  9.66it/s, Saved at =inf, TrLoss=0.2145]
 Training FV-alpha-s42-t6:  76%|███████▌  | 38/50 [00:03<00:01,  9.66it/s, Saved at =inf, TrLoss=0.2145]
 Training FV-alpha-s42-t6:  76%|███████▌  | 38/50 [00:04<00:01,  9.66it/s, Saved at =inf, TrLoss=0.2112]
 Training FV-alpha-s42-t6:  78%|███████▊  | 39/50 [00:04<00:01,  9.67it/s, Saved at =inf, TrLoss=0.2112]
 Training FV-alpha-s42-t6:  78%|███████▊  | 39/50 [00:04<00:01,  9.67it/s, Saved at =inf, TrLoss=0.2109]
 Training FV-alpha-s42-t6:  80%|████████  | 40/50 [00:04<00:01,  9.67it/s, Saved at =inf, TrLoss=0.2109]
 Training FV-alpha-s42-t6:  80%|████████  | 40/50 [00:04<00:01,  9.67it/s, Saved at =inf, TrLoss=0.2265]
 Training FV-alpha-s42-t6:  82%|████████▏ | 41/50 [00:04<00:00,  9.66it/s, Saved at =inf, TrLoss=0.2265]
 Training FV-alpha-s42-t6:  82%|████████▏ | 41/50 [00:04<00:00,  9.66it/s, Saved at =inf, TrLoss=0.2079]
 Training FV-alpha-s42-t6:  84%|████████▍ | 42/50 [00:04<00:00,  9.67it/s, Saved at =inf, TrLoss=0.2079]
 Training FV-alpha-s42-t6:  84%|████████▍ | 42/50 [00:04<00:00,  9.67it/s, Saved at =inf, TrLoss=0.2152]
 Training FV-alpha-s42-t6:  86%|████████▌ | 43/50 [00:04<00:00,  9.67it/s, Saved at =inf, TrLoss=0.2152]
 Training FV-alpha-s42-t6:  86%|████████▌ | 43/50 [00:04<00:00,  9.67it/s, Saved at =inf, TrLoss=0.2029]
 Training FV-alpha-s42-t6:  88%|████████▊ | 44/50 [00:04<00:00,  9.67it/s, Saved at =inf, TrLoss=0.2029]
 Training FV-alpha-s42-t6:  88%|████████▊ | 44/50 [00:04<00:00,  9.67it/s, Saved at =inf, TrLoss=0.2179]
 Training FV-alpha-s42-t6:  90%|█████████ | 45/50 [00:04<00:00,  9.66it/s, Saved at =inf, TrLoss=0.2179]
 Training FV-alpha-s42-t6:  90%|█████████ | 45/50 [00:04<00:00,  9.66it/s, Saved at =inf, TrLoss=0.1921]
 Training FV-alpha-s42-t6:  92%|█████████▏| 46/50 [00:04<00:00,  9.65it/s, Saved at =inf, TrLoss=0.1921]
 Training FV-alpha-s42-t6:  92%|█████████▏| 46/50 [00:04<00:00,  9.65it/s, Saved at =inf, TrLoss=0.1978]
 Training FV-alpha-s42-t6:  94%|█████████▍| 47/50 [00:04<00:00,  9.63it/s, Saved at =inf, TrLoss=0.1978]
 Training FV-alpha-s42-t6:  94%|█████████▍| 47/50 [00:04<00:00,  9.63it/s, Saved at =inf, TrLoss=0.1905]
 Training FV-alpha-s42-t6:  96%|█████████▌| 48/50 [00:04<00:00,  9.64it/s, Saved at =inf, TrLoss=0.1905]
 Training FV-alpha-s42-t6:  96%|█████████▌| 48/50 [00:05<00:00,  9.64it/s, Saved at =inf, TrLoss=0.1923]
 Training FV-alpha-s42-t6:  98%|█████████▊| 49/50 [00:05<00:00,  9.64it/s, Saved at =inf, TrLoss=0.1923]
 Training FV-alpha-s42-t6:  98%|█████████▊| 49/50 [00:05<00:00,  9.64it/s, Saved at =inf, TrLoss=0.1912]
 Training FV-alpha-s42-t6: 100%|██████████| 50/50 [00:05<00:00,  9.64it/s, Saved at =inf, TrLoss=0.1912]
 Training FV-alpha-s42-t6: 100%|██████████| 50/50 [00:05<00:00,  9.60it/s, Saved at =inf, TrLoss=0.1912]

 Training FV-alpha-s42-t7:   0%|          | 0/50 [00:00<?, ?it/s]
 Training FV-alpha-s42-t7:   0%|          | 0/50 [00:00<?, ?it/s, Saved at =inf, TrLoss=0.6890]
 Training FV-alpha-s42-t7:   2%|▏         | 1/50 [00:00<00:06,  7.45it/s, Saved at =inf, TrLoss=0.6890]
 Training FV-alpha-s42-t7:   2%|▏         | 1/50 [00:00<00:06,  7.45it/s, Saved at =inf, TrLoss=0.6662]
 Training FV-alpha-s42-t7:   4%|▍         | 2/50 [00:00<00:06,  7.88it/s, Saved at =inf, TrLoss=0.6662]
 Training FV-alpha-s42-t7:   4%|▍         | 2/50 [00:00<00:06,  7.88it/s, Saved at =inf, TrLoss=0.6719]
 Training FV-alpha-s42-t7:   6%|▌         | 3/50 [00:00<00:05,  8.05it/s, Saved at =inf, TrLoss=0.6719]
 Training FV-alpha-s42-t7:   6%|▌         | 3/50 [00:00<00:05,  8.05it/s, Saved at =inf, TrLoss=0.5635]
 Training FV-alpha-s42-t7:   8%|▊         | 4/50 [00:00<00:05,  8.12it/s, Saved at =inf, TrLoss=0.5635]
 Training FV-alpha-s42-t7:   8%|▊         | 4/50 [00:00<00:05,  8.12it/s, Saved at =inf, TrLoss=0.5028]
 Training FV-alpha-s42-t7:  10%|█         | 5/50 [00:00<00:05,  8.15it/s, Saved at =inf, TrLoss=0.5028]
 Training FV-alpha-s42-t7:  10%|█         | 5/50 [00:00<00:05,  8.15it/s, Saved at =inf, TrLoss=0.5343]
 Training FV-alpha-s42-t7:  12%|█▏        | 6/50 [00:00<00:05,  8.17it/s, Saved at =inf, TrLoss=0.5343]
 Training FV-alpha-s42-t7:  12%|█▏        | 6/50 [00:00<00:05,  8.17it/s, Saved at =inf, TrLoss=0.5298]
 Training FV-alpha-s42-t7:  14%|█▍        | 7/50 [00:00<00:05,  8.18it/s, Saved at =inf, TrLoss=0.5298]
 Training FV-alpha-s42-t7:  14%|█▍        | 7/50 [00:00<00:05,  8.18it/s, Saved at =inf, TrLoss=0.4711]
 Training FV-alpha-s42-t7:  16%|█▌        | 8/50 [00:00<00:05,  8.18it/s, Saved at =inf, TrLoss=0.4711]
 Training FV-alpha-s42-t7:  16%|█▌        | 8/50 [00:01<00:05,  8.18it/s, Saved at =inf, TrLoss=0.4302]
 Training FV-alpha-s42-t7:  18%|█▊        | 9/50 [00:01<00:05,  8.19it/s, Saved at =inf, TrLoss=0.4302]
 Training FV-alpha-s42-t7:  18%|█▊        | 9/50 [00:01<00:05,  8.19it/s, Saved at =inf, TrLoss=0.4228]
 Training FV-alpha-s42-t7:  20%|██        | 10/50 [00:01<00:04,  8.18it/s, Saved at =inf, TrLoss=0.4228]
 Training FV-alpha-s42-t7:  20%|██        | 10/50 [00:01<00:04,  8.18it/s, Saved at =inf, TrLoss=0.3958]
 Training FV-alpha-s42-t7:  22%|██▏       | 11/50 [00:01<00:04,  8.16it/s, Saved at =inf, TrLoss=0.3958]
 Training FV-alpha-s42-t7:  22%|██▏       | 11/50 [00:01<00:04,  8.16it/s, Saved at =inf, TrLoss=0.3557]
 Training FV-alpha-s42-t7:  24%|██▍       | 12/50 [00:01<00:04,  8.16it/s, Saved at =inf, TrLoss=0.3557]
 Training FV-alpha-s42-t7:  24%|██▍       | 12/50 [00:01<00:04,  8.16it/s, Saved at =inf, TrLoss=0.3855]
 Training FV-alpha-s42-t7:  26%|██▌       | 13/50 [00:01<00:04,  8.18it/s, Saved at =inf, TrLoss=0.3855]
 Training FV-alpha-s42-t7:  26%|██▌       | 13/50 [00:01<00:04,  8.18it/s, Saved at =inf, TrLoss=0.3427]
 Training FV-alpha-s42-t7:  28%|██▊       | 14/50 [00:01<00:04,  8.19it/s, Saved at =inf, TrLoss=0.3427]
 Training FV-alpha-s42-t7:  28%|██▊       | 14/50 [00:01<00:04,  8.19it/s, Saved at =inf, TrLoss=0.3337]
 Training FV-alpha-s42-t7:  30%|███       | 15/50 [00:01<00:04,  8.19it/s, Saved at =inf, TrLoss=0.3337]
 Training FV-alpha-s42-t7:  30%|███       | 15/50 [00:01<00:04,  8.19it/s, Saved at =inf, TrLoss=0.3177]
 Training FV-alpha-s42-t7:  32%|███▏      | 16/50 [00:01<00:04,  8.21it/s, Saved at =inf, TrLoss=0.3177]
 Training FV-alpha-s42-t7:  32%|███▏      | 16/50 [00:02<00:04,  8.21it/s, Saved at =inf, TrLoss=0.3342]
 Training FV-alpha-s42-t7:  34%|███▍      | 17/50 [00:02<00:04,  8.23it/s, Saved at =inf, TrLoss=0.3342]
 Training FV-alpha-s42-t7:  34%|███▍      | 17/50 [00:02<00:04,  8.23it/s, Saved at =inf, TrLoss=0.3099]
 Training FV-alpha-s42-t7:  36%|███▌      | 18/50 [00:02<00:03,  8.24it/s, Saved at =inf, TrLoss=0.3099]
 Training FV-alpha-s42-t7:  36%|███▌      | 18/50 [00:02<00:03,  8.24it/s, Saved at =inf, TrLoss=0.3067]
 Training FV-alpha-s42-t7:  38%|███▊      | 19/50 [00:02<00:03,  8.25it/s, Saved at =inf, TrLoss=0.3067]
 Training FV-alpha-s42-t7:  38%|███▊      | 19/50 [00:02<00:03,  8.25it/s, Saved at =inf, TrLoss=0.2858]
 Training FV-alpha-s42-t7:  40%|████      | 20/50 [00:02<00:03,  8.25it/s, Saved at =inf, TrLoss=0.2858]
 Training FV-alpha-s42-t7:  40%|████      | 20/50 [00:02<00:03,  8.25it/s, Saved at =inf, TrLoss=0.2885]
 Training FV-alpha-s42-t7:  42%|████▏     | 21/50 [00:02<00:03,  8.25it/s, Saved at =inf, TrLoss=0.2885]
 Training FV-alpha-s42-t7:  42%|████▏     | 21/50 [00:02<00:03,  8.25it/s, Saved at =inf, TrLoss=0.2859]
 Training FV-alpha-s42-t7:  44%|████▍     | 22/50 [00:02<00:03,  8.26it/s, Saved at =inf, TrLoss=0.2859]
 Training FV-alpha-s42-t7:  44%|████▍     | 22/50 [00:02<00:03,  8.26it/s, Saved at =inf, TrLoss=0.2974]
 Training FV-alpha-s42-t7:  46%|████▌     | 23/50 [00:02<00:03,  8.18it/s, Saved at =inf, TrLoss=0.2974]
 Training FV-alpha-s42-t7:  46%|████▌     | 23/50 [00:02<00:03,  8.18it/s, Saved at =inf, TrLoss=0.2738]
 Training FV-alpha-s42-t7:  48%|████▊     | 24/50 [00:02<00:03,  8.19it/s, Saved at =inf, TrLoss=0.2738]
 Training FV-alpha-s42-t7:  48%|████▊     | 24/50 [00:03<00:03,  8.19it/s, Saved at =inf, TrLoss=0.2814]
 Training FV-alpha-s42-t7:  50%|█████     | 25/50 [00:03<00:03,  8.21it/s, Saved at =inf, TrLoss=0.2814]
 Training FV-alpha-s42-t7:  50%|█████     | 25/50 [00:03<00:03,  8.21it/s, Saved at =inf, TrLoss=0.2653]
 Training FV-alpha-s42-t7:  52%|█████▏    | 26/50 [00:03<00:02,  8.23it/s, Saved at =inf, TrLoss=0.2653]
 Training FV-alpha-s42-t7:  52%|█████▏    | 26/50 [00:03<00:02,  8.23it/s, Saved at =inf, TrLoss=0.2543]
 Training FV-alpha-s42-t7:  54%|█████▍    | 27/50 [00:03<00:02,  8.24it/s, Saved at =inf, TrLoss=0.2543]
 Training FV-alpha-s42-t7:  54%|█████▍    | 27/50 [00:03<00:02,  8.24it/s, Saved at =inf, TrLoss=0.2653]
 Training FV-alpha-s42-t7:  56%|█████▌    | 28/50 [00:03<00:02,  8.24it/s, Saved at =inf, TrLoss=0.2653]
 Training FV-alpha-s42-t7:  56%|█████▌    | 28/50 [00:03<00:02,  8.24it/s, Saved at =inf, TrLoss=0.2620]
 Training FV-alpha-s42-t7:  58%|█████▊    | 29/50 [00:03<00:02,  8.25it/s, Saved at =inf, TrLoss=0.2620]
 Training FV-alpha-s42-t7:  58%|█████▊    | 29/50 [00:03<00:02,  8.25it/s, Saved at =inf, TrLoss=0.2517]
 Training FV-alpha-s42-t7:  60%|██████    | 30/50 [00:03<00:02,  8.26it/s, Saved at =inf, TrLoss=0.2517]
 Training FV-alpha-s42-t7:  60%|██████    | 30/50 [00:03<00:02,  8.26it/s, Saved at =inf, TrLoss=0.2519]
 Training FV-alpha-s42-t7:  62%|██████▏   | 31/50 [00:03<00:02,  8.26it/s, Saved at =inf, TrLoss=0.2519]
 Training FV-alpha-s42-t7:  62%|██████▏   | 31/50 [00:03<00:02,  8.26it/s, Saved at =inf, TrLoss=0.2481]
 Training FV-alpha-s42-t7:  64%|██████▍   | 32/50 [00:03<00:02,  8.26it/s, Saved at =inf, TrLoss=0.2481]
 Training FV-alpha-s42-t7:  64%|██████▍   | 32/50 [00:03<00:02,  8.26it/s, Saved at =inf, TrLoss=0.2415]
 Training FV-alpha-s42-t7:  66%|██████▌   | 33/50 [00:04<00:02,  8.25it/s, Saved at =inf, TrLoss=0.2415]
 Training FV-alpha-s42-t7:  66%|██████▌   | 33/50 [00:04<00:02,  8.25it/s, Saved at =inf, TrLoss=0.2355]
 Training FV-alpha-s42-t7:  68%|██████▊   | 34/50 [00:04<00:01,  8.26it/s, Saved at =inf, TrLoss=0.2355]
 Training FV-alpha-s42-t7:  68%|██████▊   | 34/50 [00:04<00:01,  8.26it/s, Saved at =inf, TrLoss=0.2361]
 Training FV-alpha-s42-t7:  70%|███████   | 35/50 [00:04<00:01,  8.23it/s, Saved at =inf, TrLoss=0.2361]
 Training FV-alpha-s42-t7:  70%|███████   | 35/50 [00:04<00:01,  8.23it/s, Saved at =inf, TrLoss=0.2358]
 Training FV-alpha-s42-t7:  72%|███████▏  | 36/50 [00:04<00:01,  8.24it/s, Saved at =inf, TrLoss=0.2358]
 Training FV-alpha-s42-t7:  72%|███████▏  | 36/50 [00:04<00:01,  8.24it/s, Saved at =inf, TrLoss=0.2343]
 Training FV-alpha-s42-t7:  74%|███████▍  | 37/50 [00:04<00:01,  6.92it/s, Saved at =inf, TrLoss=0.2343]
 Training FV-alpha-s42-t7:  74%|███████▍  | 37/50 [00:04<00:01,  6.92it/s, Saved at =inf, TrLoss=0.2295]
 Training FV-alpha-s42-t7:  76%|███████▌  | 38/50 [00:04<00:02,  5.82it/s, Saved at =inf, TrLoss=0.2295]
 Training FV-alpha-s42-t7:  76%|███████▌  | 38/50 [00:04<00:02,  5.82it/s, Saved at =inf, TrLoss=0.2353]
 Training FV-alpha-s42-t7:  78%|███████▊  | 39/50 [00:04<00:01,  5.79it/s, Saved at =inf, TrLoss=0.2353]
 Training FV-alpha-s42-t7:  78%|███████▊  | 39/50 [00:05<00:01,  5.79it/s, Saved at =inf, TrLoss=0.2246]
 Training FV-alpha-s42-t7:  80%|████████  | 40/50 [00:05<00:01,  5.49it/s, Saved at =inf, TrLoss=0.2246]
 Training FV-alpha-s42-t7:  80%|████████  | 40/50 [00:05<00:01,  5.49it/s, Saved at =inf, TrLoss=0.2251]
 Training FV-alpha-s42-t7:  82%|████████▏ | 41/50 [00:05<00:01,  5.48it/s, Saved at =inf, TrLoss=0.2251]
 Training FV-alpha-s42-t7:  82%|████████▏ | 41/50 [00:05<00:01,  5.48it/s, Saved at =inf, TrLoss=0.2205]
 Training FV-alpha-s42-t7:  84%|████████▍ | 42/50 [00:05<00:01,  5.41it/s, Saved at =inf, TrLoss=0.2205]
 Training FV-alpha-s42-t7:  84%|████████▍ | 42/50 [00:05<00:01,  5.41it/s, Saved at =inf, TrLoss=0.2120]
 Training FV-alpha-s42-t7:  86%|████████▌ | 43/50 [00:05<00:01,  5.27it/s, Saved at =inf, TrLoss=0.2120]
 Training FV-alpha-s42-t7:  86%|████████▌ | 43/50 [00:05<00:01,  5.27it/s, Saved at =inf, TrLoss=0.2264]
 Training FV-alpha-s42-t7:  88%|████████▊ | 44/50 [00:05<00:01,  5.16it/s, Saved at =inf, TrLoss=0.2264]
 Training FV-alpha-s42-t7:  88%|████████▊ | 44/50 [00:06<00:01,  5.16it/s, Saved at =inf, TrLoss=0.2147]
 Training FV-alpha-s42-t7:  90%|█████████ | 45/50 [00:06<00:00,  5.13it/s, Saved at =inf, TrLoss=0.2147]
 Training FV-alpha-s42-t7:  90%|█████████ | 45/50 [00:06<00:00,  5.13it/s, Saved at =inf, TrLoss=0.2079]
 Training FV-alpha-s42-t7:  92%|█████████▏| 46/50 [00:06<00:00,  5.29it/s, Saved at =inf, TrLoss=0.2079]
 Training FV-alpha-s42-t7:  92%|█████████▏| 46/50 [00:06<00:00,  5.29it/s, Saved at =inf, TrLoss=0.2062]
 Training FV-alpha-s42-t7:  94%|█████████▍| 47/50 [00:06<00:00,  5.92it/s, Saved at =inf, TrLoss=0.2062]
 Training FV-alpha-s42-t7:  94%|█████████▍| 47/50 [00:06<00:00,  5.92it/s, Saved at =inf, TrLoss=0.2069]
 Training FV-alpha-s42-t7:  96%|█████████▌| 48/50 [00:06<00:00,  6.31it/s, Saved at =inf, TrLoss=0.2069]
 Training FV-alpha-s42-t7:  96%|█████████▌| 48/50 [00:06<00:00,  6.31it/s, Saved at =inf, TrLoss=0.2058]
 Training FV-alpha-s42-t7:  98%|█████████▊| 49/50 [00:06<00:00,  6.71it/s, Saved at =inf, TrLoss=0.2058]
 Training FV-alpha-s42-t7:  98%|█████████▊| 49/50 [00:06<00:00,  6.71it/s, Saved at =inf, TrLoss=0.2013]
 Training FV-alpha-s42-t7: 100%|██████████| 50/50 [00:06<00:00,  7.09it/s, Saved at =inf, TrLoss=0.2013]
 Training FV-alpha-s42-t7: 100%|██████████| 50/50 [00:06<00:00,  7.29it/s, Saved at =inf, TrLoss=0.2013]

 Training FV-alpha-s42-t8:   0%|          | 0/50 [00:00<?, ?it/s]
 Training FV-alpha-s42-t8:   0%|          | 0/50 [00:00<?, ?it/s, Saved at =inf, TrLoss=0.7237]
 Training FV-alpha-s42-t8:   2%|▏         | 1/50 [00:00<00:10,  4.83it/s, Saved at =inf, TrLoss=0.7237]
 Training FV-alpha-s42-t8:   2%|▏         | 1/50 [00:00<00:10,  4.83it/s, Saved at =inf, TrLoss=0.7649]
 Training FV-alpha-s42-t8:   4%|▍         | 2/50 [00:00<00:11,  4.35it/s, Saved at =inf, TrLoss=0.7649]
 Training FV-alpha-s42-t8:   4%|▍         | 2/50 [00:00<00:11,  4.35it/s, Saved at =inf, TrLoss=0.6172]
 Training FV-alpha-s42-t8:   6%|▌         | 3/50 [00:00<00:11,  4.25it/s, Saved at =inf, TrLoss=0.6172]
 Training FV-alpha-s42-t8:   6%|▌         | 3/50 [00:00<00:11,  4.25it/s, Saved at =inf, TrLoss=0.6067]
 Training FV-alpha-s42-t8:   8%|▊         | 4/50 [00:00<00:10,  4.55it/s, Saved at =inf, TrLoss=0.6067]
 Training FV-alpha-s42-t8:   8%|▊         | 4/50 [00:01<00:10,  4.55it/s, Saved at =inf, TrLoss=0.5526]
 Training FV-alpha-s42-t8:  10%|█         | 5/50 [00:01<00:09,  4.50it/s, Saved at =inf, TrLoss=0.5526]
 Training FV-alpha-s42-t8:  10%|█         | 5/50 [00:01<00:09,  4.50it/s, Saved at =inf, TrLoss=0.5279]
 Training FV-alpha-s42-t8:  12%|█▏        | 6/50 [00:01<00:10,  4.21it/s, Saved at =inf, TrLoss=0.5279]
 Training FV-alpha-s42-t8:  12%|█▏        | 6/50 [00:01<00:10,  4.21it/s, Saved at =inf, TrLoss=0.5035]
 Training FV-alpha-s42-t8:  14%|█▍        | 7/50 [00:01<00:10,  4.04it/s, Saved at =inf, TrLoss=0.5035]
 Training FV-alpha-s42-t8:  14%|█▍        | 7/50 [00:01<00:10,  4.04it/s, Saved at =inf, TrLoss=0.4742]
 Training FV-alpha-s42-t8:  16%|█▌        | 8/50 [00:01<00:09,  4.45it/s, Saved at =inf, TrLoss=0.4742]
 Training FV-alpha-s42-t8:  16%|█▌        | 8/50 [00:02<00:09,  4.45it/s, Saved at =inf, TrLoss=0.4413]
 Training FV-alpha-s42-t8:  18%|█▊        | 9/50 [00:02<00:09,  4.12it/s, Saved at =inf, TrLoss=0.4413]
 Training FV-alpha-s42-t8:  18%|█▊        | 9/50 [00:02<00:09,  4.12it/s, Saved at =inf, TrLoss=0.3995]
 Training FV-alpha-s42-t8:  20%|██        | 10/50 [00:02<00:10,  3.81it/s, Saved at =inf, TrLoss=0.3995]
 Training FV-alpha-s42-t8:  20%|██        | 10/50 [00:02<00:10,  3.81it/s, Saved at =inf, TrLoss=0.3729]
 Training FV-alpha-s42-t8:  22%|██▏       | 11/50 [00:02<00:10,  3.86it/s, Saved at =inf, TrLoss=0.3729]
 Training FV-alpha-s42-t8:  22%|██▏       | 11/50 [00:02<00:10,  3.86it/s, Saved at =inf, TrLoss=0.3601]
 Training FV-alpha-s42-t8:  24%|██▍       | 12/50 [00:02<00:09,  3.92it/s, Saved at =inf, TrLoss=0.3601]
 Training FV-alpha-s42-t8:  24%|██▍       | 12/50 [00:03<00:09,  3.92it/s, Saved at =inf, TrLoss=0.3860]
 Training FV-alpha-s42-t8:  26%|██▌       | 13/50 [00:03<00:09,  3.82it/s, Saved at =inf, TrLoss=0.3860]
 Training FV-alpha-s42-t8:  26%|██▌       | 13/50 [00:03<00:09,  3.82it/s, Saved at =inf, TrLoss=0.3993]
 Training FV-alpha-s42-t8:  28%|██▊       | 14/50 [00:03<00:09,  3.92it/s, Saved at =inf, TrLoss=0.3993]
 Training FV-alpha-s42-t8:  28%|██▊       | 14/50 [00:03<00:09,  3.92it/s, Saved at =inf, TrLoss=0.3079]
 Training FV-alpha-s42-t8:  30%|███       | 15/50 [00:03<00:08,  3.95it/s, Saved at =inf, TrLoss=0.3079]
 Training FV-alpha-s42-t8:  30%|███       | 15/50 [00:03<00:08,  3.95it/s, Saved at =inf, TrLoss=0.3539]
 Training FV-alpha-s42-t8:  32%|███▏      | 16/50 [00:03<00:07,  4.31it/s, Saved at =inf, TrLoss=0.3539]
 Training FV-alpha-s42-t8:  32%|███▏      | 16/50 [00:03<00:07,  4.31it/s, Saved at =inf, TrLoss=0.3258]
 Training FV-alpha-s42-t8:  34%|███▍      | 17/50 [00:04<00:07,  4.55it/s, Saved at =inf, TrLoss=0.3258]
 Training FV-alpha-s42-t8:  34%|███▍      | 17/50 [00:04<00:07,  4.55it/s, Saved at =inf, TrLoss=0.3274]
 Training FV-alpha-s42-t8:  36%|███▌      | 18/50 [00:04<00:06,  4.59it/s, Saved at =inf, TrLoss=0.3274]
 Training FV-alpha-s42-t8:  36%|███▌      | 18/50 [00:04<00:06,  4.59it/s, Saved at =inf, TrLoss=0.3036]
 Training FV-alpha-s42-t8:  38%|███▊      | 19/50 [00:04<00:06,  4.62it/s, Saved at =inf, TrLoss=0.3036]
 Training FV-alpha-s42-t8:  38%|███▊      | 19/50 [00:04<00:06,  4.62it/s, Saved at =inf, TrLoss=0.3089]
 Training FV-alpha-s42-t8:  40%|████      | 20/50 [00:04<00:06,  4.57it/s, Saved at =inf, TrLoss=0.3089]
 Training FV-alpha-s42-t8:  40%|████      | 20/50 [00:04<00:06,  4.57it/s, Saved at =inf, TrLoss=0.2963]
 Training FV-alpha-s42-t8:  42%|████▏     | 21/50 [00:04<00:05,  4.90it/s, Saved at =inf, TrLoss=0.2963]
 Training FV-alpha-s42-t8:  42%|████▏     | 21/50 [00:05<00:05,  4.90it/s, Saved at =inf, TrLoss=0.3020]
 Training FV-alpha-s42-t8:  44%|████▍     | 22/50 [00:05<00:05,  4.95it/s, Saved at =inf, TrLoss=0.3020]
 Training FV-alpha-s42-t8:  44%|████▍     | 22/50 [00:05<00:05,  4.95it/s, Saved at =inf, TrLoss=0.2807]
 Training FV-alpha-s42-t8:  46%|████▌     | 23/50 [00:05<00:05,  4.99it/s, Saved at =inf, TrLoss=0.2807]
 Training FV-alpha-s42-t8:  46%|████▌     | 23/50 [00:05<00:05,  4.99it/s, Saved at =inf, TrLoss=0.2830]
 Training FV-alpha-s42-t8:  48%|████▊     | 24/50 [00:05<00:05,  5.00it/s, Saved at =inf, TrLoss=0.2830]
 Training FV-alpha-s42-t8:  48%|████▊     | 24/50 [00:05<00:05,  5.00it/s, Saved at =inf, TrLoss=0.2826]
 Training FV-alpha-s42-t8:  50%|█████     | 25/50 [00:05<00:05,  4.97it/s, Saved at =inf, TrLoss=0.2826]
 Training FV-alpha-s42-t8:  50%|█████     | 25/50 [00:05<00:05,  4.97it/s, Saved at =inf, TrLoss=0.2807]
 Training FV-alpha-s42-t8:  52%|█████▏    | 26/50 [00:05<00:04,  4.86it/s, Saved at =inf, TrLoss=0.2807]
 Training FV-alpha-s42-t8:  52%|█████▏    | 26/50 [00:06<00:04,  4.86it/s, Saved at =inf, TrLoss=0.2644]
 Training FV-alpha-s42-t8:  54%|█████▍    | 27/50 [00:06<00:04,  4.92it/s, Saved at =inf, TrLoss=0.2644]
 Training FV-alpha-s42-t8:  54%|█████▍    | 27/50 [00:06<00:04,  4.92it/s, Saved at =inf, TrLoss=0.2780]
 Training FV-alpha-s42-t8:  56%|█████▌    | 28/50 [00:06<00:04,  5.03it/s, Saved at =inf, TrLoss=0.2780]
 Training FV-alpha-s42-t8:  56%|█████▌    | 28/50 [00:06<00:04,  5.03it/s, Saved at =inf, TrLoss=0.2728]
 Training FV-alpha-s42-t8:  58%|█████▊    | 29/50 [00:06<00:04,  4.83it/s, Saved at =inf, TrLoss=0.2728]
 Training FV-alpha-s42-t8:  58%|█████▊    | 29/50 [00:06<00:04,  4.83it/s, Saved at =inf, TrLoss=0.2772]
 Training FV-alpha-s42-t8:  60%|██████    | 30/50 [00:06<00:04,  4.38it/s, Saved at =inf, TrLoss=0.2772]
 Training FV-alpha-s42-t8:  60%|██████    | 30/50 [00:06<00:04,  4.38it/s, Saved at =inf, TrLoss=0.2575]
 Training FV-alpha-s42-t8:  62%|██████▏   | 31/50 [00:07<00:04,  4.23it/s, Saved at =inf, TrLoss=0.2575]
 Training FV-alpha-s42-t8:  62%|██████▏   | 31/50 [00:07<00:04,  4.23it/s, Saved at =inf, TrLoss=0.2640]
 Training FV-alpha-s42-t8:  64%|██████▍   | 32/50 [00:07<00:04,  4.11it/s, Saved at =inf, TrLoss=0.2640]
 Training FV-alpha-s42-t8:  64%|██████▍   | 32/50 [00:07<00:04,  4.11it/s, Saved at =inf, TrLoss=0.2515]
 Training FV-alpha-s42-t8:  66%|██████▌   | 33/50 [00:07<00:04,  4.02it/s, Saved at =inf, TrLoss=0.2515]
 Training FV-alpha-s42-t8:  66%|██████▌   | 33/50 [00:07<00:04,  4.02it/s, Saved at =inf, TrLoss=0.2607]
 Training FV-alpha-s42-t8:  68%|██████▊   | 34/50 [00:07<00:04,  3.99it/s, Saved at =inf, TrLoss=0.2607]
 Training FV-alpha-s42-t8:  68%|██████▊   | 34/50 [00:07<00:04,  3.99it/s, Saved at =inf, TrLoss=0.2473]
 Training FV-alpha-s42-t8:  70%|███████   | 35/50 [00:08<00:03,  4.13it/s, Saved at =inf, TrLoss=0.2473]
 Training FV-alpha-s42-t8:  70%|███████   | 35/50 [00:08<00:03,  4.13it/s, Saved at =inf, TrLoss=0.2493]
 Training FV-alpha-s42-t8:  72%|███████▏  | 36/50 [00:08<00:03,  4.32it/s, Saved at =inf, TrLoss=0.2493]
 Training FV-alpha-s42-t8:  72%|███████▏  | 36/50 [00:08<00:03,  4.32it/s, Saved at =inf, TrLoss=0.2474]
 Training FV-alpha-s42-t8:  74%|███████▍  | 37/50 [00:08<00:02,  4.90it/s, Saved at =inf, TrLoss=0.2474]
 Training FV-alpha-s42-t8:  74%|███████▍  | 37/50 [00:08<00:02,  4.90it/s, Saved at =inf, TrLoss=0.2325]
 Training FV-alpha-s42-t8:  76%|███████▌  | 38/50 [00:08<00:02,  4.90it/s, Saved at =inf, TrLoss=0.2325]
 Training FV-alpha-s42-t8:  76%|███████▌  | 38/50 [00:08<00:02,  4.90it/s, Saved at =inf, TrLoss=0.2477]
 Training FV-alpha-s42-t8:  78%|███████▊  | 39/50 [00:08<00:02,  5.22it/s, Saved at =inf, TrLoss=0.2477]
 Training FV-alpha-s42-t8:  78%|███████▊  | 39/50 [00:08<00:02,  5.22it/s, Saved at =inf, TrLoss=0.2403]
 Training FV-alpha-s42-t8:  80%|████████  | 40/50 [00:08<00:01,  5.44it/s, Saved at =inf, TrLoss=0.2403]
 Training FV-alpha-s42-t8:  80%|████████  | 40/50 [00:09<00:01,  5.44it/s, Saved at =inf, TrLoss=0.2462]
 Training FV-alpha-s42-t8:  82%|████████▏ | 41/50 [00:09<00:01,  5.51it/s, Saved at =inf, TrLoss=0.2462]
 Training FV-alpha-s42-t8:  82%|████████▏ | 41/50 [00:09<00:01,  5.51it/s, Saved at =inf, TrLoss=0.2331]
 Training FV-alpha-s42-t8:  84%|████████▍ | 42/50 [00:09<00:01,  5.94it/s, Saved at =inf, TrLoss=0.2331]
 Training FV-alpha-s42-t8:  84%|████████▍ | 42/50 [00:09<00:01,  5.94it/s, Saved at =inf, TrLoss=0.2380]
 Training FV-alpha-s42-t8:  86%|████████▌ | 43/50 [00:09<00:01,  5.46it/s, Saved at =inf, TrLoss=0.2380]
 Training FV-alpha-s42-t8:  86%|████████▌ | 43/50 [00:09<00:01,  5.46it/s, Saved at =inf, TrLoss=0.2302]
 Training FV-alpha-s42-t8:  88%|████████▊ | 44/50 [00:09<00:01,  5.31it/s, Saved at =inf, TrLoss=0.2302]
 Training FV-alpha-s42-t8:  88%|████████▊ | 44/50 [00:09<00:01,  5.31it/s, Saved at =inf, TrLoss=0.2386]
 Training FV-alpha-s42-t8:  90%|█████████ | 45/50 [00:09<00:00,  5.30it/s, Saved at =inf, TrLoss=0.2386]
 Training FV-alpha-s42-t8:  90%|█████████ | 45/50 [00:09<00:00,  5.30it/s, Saved at =inf, TrLoss=0.2207]
 Training FV-alpha-s42-t8:  92%|█████████▏| 46/50 [00:10<00:00,  5.29it/s, Saved at =inf, TrLoss=0.2207]
 Training FV-alpha-s42-t8:  92%|█████████▏| 46/50 [00:10<00:00,  5.29it/s, Saved at =inf, TrLoss=0.2331]
 Training FV-alpha-s42-t8:  94%|█████████▍| 47/50 [00:10<00:00,  4.94it/s, Saved at =inf, TrLoss=0.2331]
 Training FV-alpha-s42-t8:  94%|█████████▍| 47/50 [00:10<00:00,  4.94it/s, Saved at =inf, TrLoss=0.2223]
 Training FV-alpha-s42-t8:  96%|█████████▌| 48/50 [00:10<00:00,  4.79it/s, Saved at =inf, TrLoss=0.2223]
 Training FV-alpha-s42-t8:  96%|█████████▌| 48/50 [00:10<00:00,  4.79it/s, Saved at =inf, TrLoss=0.2293]
 Training FV-alpha-s42-t8:  98%|█████████▊| 49/50 [00:10<00:00,  4.92it/s, Saved at =inf, TrLoss=0.2293]
 Training FV-alpha-s42-t8:  98%|█████████▊| 49/50 [00:10<00:00,  4.92it/s, Saved at =inf, TrLoss=0.2216]
 Training FV-alpha-s42-t8: 100%|██████████| 50/50 [00:10<00:00,  4.89it/s, Saved at =inf, TrLoss=0.2216]
 Training FV-alpha-s42-t8: 100%|██████████| 50/50 [00:10<00:00,  4.60it/s, Saved at =inf, TrLoss=0.2216]

 Training FV-alpha-s42-t9:   0%|          | 0/50 [00:00<?, ?it/s]
 Training FV-alpha-s42-t9:   0%|          | 0/50 [00:00<?, ?it/s, Saved at =inf, TrLoss=0.9701]
 Training FV-alpha-s42-t9:   2%|▏         | 1/50 [00:00<00:13,  3.50it/s, Saved at =inf, TrLoss=0.9701]
 Training FV-alpha-s42-t9:   2%|▏         | 1/50 [00:00<00:13,  3.50it/s, Saved at =inf, TrLoss=0.7373]
 Training FV-alpha-s42-t9:   4%|▍         | 2/50 [00:00<00:12,  3.70it/s, Saved at =inf, TrLoss=0.7373]
 Training FV-alpha-s42-t9:   4%|▍         | 2/50 [00:00<00:12,  3.70it/s, Saved at =inf, TrLoss=0.7056]
 Training FV-alpha-s42-t9:   6%|▌         | 3/50 [00:00<00:12,  3.91it/s, Saved at =inf, TrLoss=0.7056]
 Training FV-alpha-s42-t9:   6%|▌         | 3/50 [00:00<00:12,  3.91it/s, Saved at =inf, TrLoss=0.6316]
 Training FV-alpha-s42-t9:   8%|▊         | 4/50 [00:01<00:11,  4.04it/s, Saved at =inf, TrLoss=0.6316]
 Training FV-alpha-s42-t9:   8%|▊         | 4/50 [00:01<00:11,  4.04it/s, Saved at =inf, TrLoss=0.5930]
 Training FV-alpha-s42-t9:  10%|█         | 5/50 [00:01<00:10,  4.26it/s, Saved at =inf, TrLoss=0.5930]
 Training FV-alpha-s42-t9:  10%|█         | 5/50 [00:01<00:10,  4.26it/s, Saved at =inf, TrLoss=0.5379]
 Training FV-alpha-s42-t9:  12%|█▏        | 6/50 [00:01<00:10,  4.23it/s, Saved at =inf, TrLoss=0.5379]
 Training FV-alpha-s42-t9:  12%|█▏        | 6/50 [00:01<00:10,  4.23it/s, Saved at =inf, TrLoss=0.5091]
 Training FV-alpha-s42-t9:  14%|█▍        | 7/50 [00:01<00:09,  4.42it/s, Saved at =inf, TrLoss=0.5091]
 Training FV-alpha-s42-t9:  14%|█▍        | 7/50 [00:01<00:09,  4.42it/s, Saved at =inf, TrLoss=0.4599]
 Training FV-alpha-s42-t9:  16%|█▌        | 8/50 [00:01<00:08,  4.85it/s, Saved at =inf, TrLoss=0.4599]
 Training FV-alpha-s42-t9:  16%|█▌        | 8/50 [00:01<00:08,  4.85it/s, Saved at =inf, TrLoss=0.4386]
 Training FV-alpha-s42-t9:  18%|█▊        | 9/50 [00:02<00:08,  5.03it/s, Saved at =inf, TrLoss=0.4386]
 Training FV-alpha-s42-t9:  18%|█▊        | 9/50 [00:02<00:08,  5.03it/s, Saved at =inf, TrLoss=0.4053]
 Training FV-alpha-s42-t9:  20%|██        | 10/50 [00:02<00:08,  4.95it/s, Saved at =inf, TrLoss=0.4053]
 Training FV-alpha-s42-t9:  20%|██        | 10/50 [00:02<00:08,  4.95it/s, Saved at =inf, TrLoss=0.4065]
 Training FV-alpha-s42-t9:  22%|██▏       | 11/50 [00:02<00:08,  4.70it/s, Saved at =inf, TrLoss=0.4065]
 Training FV-alpha-s42-t9:  22%|██▏       | 11/50 [00:02<00:08,  4.70it/s, Saved at =inf, TrLoss=0.3912]
 Training FV-alpha-s42-t9:  24%|██▍       | 12/50 [00:02<00:08,  4.66it/s, Saved at =inf, TrLoss=0.3912]
 Training FV-alpha-s42-t9:  24%|██▍       | 12/50 [00:02<00:08,  4.66it/s, Saved at =inf, TrLoss=0.3835]
 Training FV-alpha-s42-t9:  26%|██▌       | 13/50 [00:02<00:08,  4.44it/s, Saved at =inf, TrLoss=0.3835]
 Training FV-alpha-s42-t9:  26%|██▌       | 13/50 [00:03<00:08,  4.44it/s, Saved at =inf, TrLoss=0.3695]
 Training FV-alpha-s42-t9:  28%|██▊       | 14/50 [00:03<00:08,  4.41it/s, Saved at =inf, TrLoss=0.3695]
 Training FV-alpha-s42-t9:  28%|██▊       | 14/50 [00:03<00:08,  4.41it/s, Saved at =inf, TrLoss=0.3595]
 Training FV-alpha-s42-t9:  30%|███       | 15/50 [00:03<00:07,  4.60it/s, Saved at =inf, TrLoss=0.3595]
 Training FV-alpha-s42-t9:  30%|███       | 15/50 [00:03<00:07,  4.60it/s, Saved at =inf, TrLoss=0.3790]
 Training FV-alpha-s42-t9:  32%|███▏      | 16/50 [00:03<00:06,  4.94it/s, Saved at =inf, TrLoss=0.3790]
 Training FV-alpha-s42-t9:  32%|███▏      | 16/50 [00:03<00:06,  4.94it/s, Saved at =inf, TrLoss=0.3625]
 Training FV-alpha-s42-t9:  34%|███▍      | 17/50 [00:03<00:06,  4.82it/s, Saved at =inf, TrLoss=0.3625]
 Training FV-alpha-s42-t9:  34%|███▍      | 17/50 [00:03<00:06,  4.82it/s, Saved at =inf, TrLoss=0.3344]
 Training FV-alpha-s42-t9:  36%|███▌      | 18/50 [00:03<00:07,  4.56it/s, Saved at =inf, TrLoss=0.3344]
 Training FV-alpha-s42-t9:  36%|███▌      | 18/50 [00:04<00:07,  4.56it/s, Saved at =inf, TrLoss=0.3275]
 Training FV-alpha-s42-t9:  38%|███▊      | 19/50 [00:04<00:06,  4.55it/s, Saved at =inf, TrLoss=0.3275]
 Training FV-alpha-s42-t9:  38%|███▊      | 19/50 [00:04<00:06,  4.55it/s, Saved at =inf, TrLoss=0.3182]
 Training FV-alpha-s42-t9:  40%|████      | 20/50 [00:04<00:06,  4.56it/s, Saved at =inf, TrLoss=0.3182]
 Training FV-alpha-s42-t9:  40%|████      | 20/50 [00:04<00:06,  4.56it/s, Saved at =inf, TrLoss=0.3178]
 Training FV-alpha-s42-t9:  42%|████▏     | 21/50 [00:04<00:06,  4.57it/s, Saved at =inf, TrLoss=0.3178]
 Training FV-alpha-s42-t9:  42%|████▏     | 21/50 [00:04<00:06,  4.57it/s, Saved at =inf, TrLoss=0.3163]
 Training FV-alpha-s42-t9:  44%|████▍     | 22/50 [00:04<00:06,  4.57it/s, Saved at =inf, TrLoss=0.3163]
 Training FV-alpha-s42-t9:  44%|████▍     | 22/50 [00:05<00:06,  4.57it/s, Saved at =inf, TrLoss=0.3053]
 Training FV-alpha-s42-t9:  46%|████▌     | 23/50 [00:05<00:05,  4.58it/s, Saved at =inf, TrLoss=0.3053]
 Training FV-alpha-s42-t9:  46%|████▌     | 23/50 [00:05<00:05,  4.58it/s, Saved at =inf, TrLoss=0.2952]
 Training FV-alpha-s42-t9:  48%|████▊     | 24/50 [00:05<00:05,  4.58it/s, Saved at =inf, TrLoss=0.2952]
 Training FV-alpha-s42-t9:  48%|████▊     | 24/50 [00:05<00:05,  4.58it/s, Saved at =inf, TrLoss=0.3012]
 Training FV-alpha-s42-t9:  50%|█████     | 25/50 [00:05<00:05,  4.53it/s, Saved at =inf, TrLoss=0.3012]
 Training FV-alpha-s42-t9:  50%|█████     | 25/50 [00:05<00:05,  4.53it/s, Saved at =inf, TrLoss=0.3051]
 Training FV-alpha-s42-t9:  52%|█████▏    | 26/50 [00:05<00:05,  4.60it/s, Saved at =inf, TrLoss=0.3051]
 Training FV-alpha-s42-t9:  52%|█████▏    | 26/50 [00:05<00:05,  4.60it/s, Saved at =inf, TrLoss=0.3020]
 Training FV-alpha-s42-t9:  54%|█████▍    | 27/50 [00:05<00:05,  4.60it/s, Saved at =inf, TrLoss=0.3020]
 Training FV-alpha-s42-t9:  54%|█████▍    | 27/50 [00:06<00:05,  4.60it/s, Saved at =inf, TrLoss=0.2985]
 Training FV-alpha-s42-t9:  56%|█████▌    | 28/50 [00:06<00:04,  4.41it/s, Saved at =inf, TrLoss=0.2985]
 Training FV-alpha-s42-t9:  56%|█████▌    | 28/50 [00:06<00:04,  4.41it/s, Saved at =inf, TrLoss=0.2839]
 Training FV-alpha-s42-t9:  58%|█████▊    | 29/50 [00:06<00:04,  4.50it/s, Saved at =inf, TrLoss=0.2839]
 Training FV-alpha-s42-t9:  58%|█████▊    | 29/50 [00:06<00:04,  4.50it/s, Saved at =inf, TrLoss=0.2916]
 Training FV-alpha-s42-t9:  60%|██████    | 30/50 [00:06<00:04,  4.51it/s, Saved at =inf, TrLoss=0.2916]
 Training FV-alpha-s42-t9:  60%|██████    | 30/50 [00:06<00:04,  4.51it/s, Saved at =inf, TrLoss=0.2823]
 Training FV-alpha-s42-t9:  62%|██████▏   | 31/50 [00:06<00:04,  4.53it/s, Saved at =inf, TrLoss=0.2823]
 Training FV-alpha-s42-t9:  62%|██████▏   | 31/50 [00:07<00:04,  4.53it/s, Saved at =inf, TrLoss=0.2636]
 Training FV-alpha-s42-t9:  64%|██████▍   | 32/50 [00:07<00:04,  4.38it/s, Saved at =inf, TrLoss=0.2636]
 Training FV-alpha-s42-t9:  64%|██████▍   | 32/50 [00:07<00:04,  4.38it/s, Saved at =inf, TrLoss=0.2691]
 Training FV-alpha-s42-t9:  66%|██████▌   | 33/50 [00:07<00:03,  4.37it/s, Saved at =inf, TrLoss=0.2691]
 Training FV-alpha-s42-t9:  66%|██████▌   | 33/50 [00:07<00:03,  4.37it/s, Saved at =inf, TrLoss=0.2744]
 Training FV-alpha-s42-t9:  68%|██████▊   | 34/50 [00:07<00:03,  4.41it/s, Saved at =inf, TrLoss=0.2744]
 Training FV-alpha-s42-t9:  68%|██████▊   | 34/50 [00:07<00:03,  4.41it/s, Saved at =inf, TrLoss=0.2558]
 Training FV-alpha-s42-t9:  70%|███████   | 35/50 [00:07<00:03,  4.40it/s, Saved at =inf, TrLoss=0.2558]
 Training FV-alpha-s42-t9:  70%|███████   | 35/50 [00:07<00:03,  4.40it/s, Saved at =inf, TrLoss=0.2592]
 Training FV-alpha-s42-t9:  72%|███████▏  | 36/50 [00:08<00:03,  4.35it/s, Saved at =inf, TrLoss=0.2592]
 Training FV-alpha-s42-t9:  72%|███████▏  | 36/50 [00:08<00:03,  4.35it/s, Saved at =inf, TrLoss=0.2584]
 Training FV-alpha-s42-t9:  74%|███████▍  | 37/50 [00:08<00:03,  4.15it/s, Saved at =inf, TrLoss=0.2584]
 Training FV-alpha-s42-t9:  74%|███████▍  | 37/50 [00:08<00:03,  4.15it/s, Saved at =inf, TrLoss=0.2421]
 Training FV-alpha-s42-t9:  76%|███████▌  | 38/50 [00:08<00:02,  4.21it/s, Saved at =inf, TrLoss=0.2421]
 Training FV-alpha-s42-t9:  76%|███████▌  | 38/50 [00:08<00:02,  4.21it/s, Saved at =inf, TrLoss=0.2485]
 Training FV-alpha-s42-t9:  78%|███████▊  | 39/50 [00:08<00:02,  4.32it/s, Saved at =inf, TrLoss=0.2485]
 Training FV-alpha-s42-t9:  78%|███████▊  | 39/50 [00:08<00:02,  4.32it/s, Saved at =inf, TrLoss=0.2483]
 Training FV-alpha-s42-t9:  80%|████████  | 40/50 [00:08<00:02,  4.39it/s, Saved at =inf, TrLoss=0.2483]
 Training FV-alpha-s42-t9:  80%|████████  | 40/50 [00:09<00:02,  4.39it/s, Saved at =inf, TrLoss=0.2427]
 Training FV-alpha-s42-t9:  82%|████████▏ | 41/50 [00:09<00:02,  4.45it/s, Saved at =inf, TrLoss=0.2427]
 Training FV-alpha-s42-t9:  82%|████████▏ | 41/50 [00:09<00:02,  4.45it/s, Saved at =inf, TrLoss=0.2429]
 Training FV-alpha-s42-t9:  84%|████████▍ | 42/50 [00:09<00:01,  4.49it/s, Saved at =inf, TrLoss=0.2429]
 Training FV-alpha-s42-t9:  84%|████████▍ | 42/50 [00:09<00:01,  4.49it/s, Saved at =inf, TrLoss=0.2374]
 Training FV-alpha-s42-t9:  86%|████████▌ | 43/50 [00:09<00:01,  4.48it/s, Saved at =inf, TrLoss=0.2374]
 Training FV-alpha-s42-t9:  86%|████████▌ | 43/50 [00:09<00:01,  4.48it/s, Saved at =inf, TrLoss=0.2474]
 Training FV-alpha-s42-t9:  88%|████████▊ | 44/50 [00:09<00:01,  4.60it/s, Saved at =inf, TrLoss=0.2474]
 Training FV-alpha-s42-t9:  88%|████████▊ | 44/50 [00:09<00:01,  4.60it/s, Saved at =inf, TrLoss=0.2450]
 Training FV-alpha-s42-t9:  90%|█████████ | 45/50 [00:10<00:01,  4.56it/s, Saved at =inf, TrLoss=0.2450]
 Training FV-alpha-s42-t9:  90%|█████████ | 45/50 [00:10<00:01,  4.56it/s, Saved at =inf, TrLoss=0.2313]
 Training FV-alpha-s42-t9:  92%|█████████▏| 46/50 [00:10<00:00,  4.57it/s, Saved at =inf, TrLoss=0.2313]
 Training FV-alpha-s42-t9:  92%|█████████▏| 46/50 [00:10<00:00,  4.57it/s, Saved at =inf, TrLoss=0.2256]
 Training FV-alpha-s42-t9:  94%|█████████▍| 47/50 [00:10<00:00,  4.57it/s, Saved at =inf, TrLoss=0.2256]
 Training FV-alpha-s42-t9:  94%|█████████▍| 47/50 [00:10<00:00,  4.57it/s, Saved at =inf, TrLoss=0.2375]
 Training FV-alpha-s42-t9:  96%|█████████▌| 48/50 [00:10<00:00,  4.56it/s, Saved at =inf, TrLoss=0.2375]
 Training FV-alpha-s42-t9:  96%|█████████▌| 48/50 [00:10<00:00,  4.56it/s, Saved at =inf, TrLoss=0.2321]
 Training FV-alpha-s42-t9:  98%|█████████▊| 49/50 [00:10<00:00,  4.68it/s, Saved at =inf, TrLoss=0.2321]
 Training FV-alpha-s42-t9:  98%|█████████▊| 49/50 [00:11<00:00,  4.68it/s, Saved at =inf, TrLoss=0.2285]
 Training FV-alpha-s42-t9: 100%|██████████| 50/50 [00:11<00:00,  5.04it/s, Saved at =inf, TrLoss=0.2285]
 Training FV-alpha-s42-t9: 100%|██████████| 50/50 [00:11<00:00,  4.52it/s, Saved at =inf, TrLoss=0.2285]

 Training ATK-alpha-s42-t7:   0%|          | 0/50 [00:00<?, ?it/s]
 Training ATK-alpha-s42-t7:   0%|          | 0/50 [00:00<?, ?it/s, Saved at =inf, TrLoss=0.6890]
 Training ATK-alpha-s42-t7:   2%|▏         | 1/50 [00:00<00:10,  4.63it/s, Saved at =inf, TrLoss=0.6890]
 Training ATK-alpha-s42-t7:   2%|▏         | 1/50 [00:00<00:10,  4.63it/s, Saved at =inf, TrLoss=0.6662]
 Training ATK-alpha-s42-t7:   4%|▍         | 2/50 [00:00<00:09,  5.28it/s, Saved at =inf, TrLoss=0.6662]
 Training ATK-alpha-s42-t7:   4%|▍         | 2/50 [00:00<00:09,  5.28it/s, Saved at =inf, TrLoss=0.6719]
 Training ATK-alpha-s42-t7:   6%|▌         | 3/50 [00:00<00:08,  5.51it/s, Saved at =inf, TrLoss=0.6719]
 Training ATK-alpha-s42-t7:   6%|▌         | 3/50 [00:00<00:08,  5.51it/s, Saved at =inf, TrLoss=0.5635]
 Training ATK-alpha-s42-t7:   8%|▊         | 4/50 [00:00<00:08,  5.67it/s, Saved at =inf, TrLoss=0.5635]
 Training ATK-alpha-s42-t7:   8%|▊         | 4/50 [00:00<00:08,  5.67it/s, Saved at =inf, TrLoss=0.5028]
 Training ATK-alpha-s42-t7:  10%|█         | 5/50 [00:00<00:07,  5.72it/s, Saved at =inf, TrLoss=0.5028]
 Training ATK-alpha-s42-t7:  10%|█         | 5/50 [00:01<00:07,  5.72it/s, Saved at =inf, TrLoss=0.5343]
 Training ATK-alpha-s42-t7:  12%|█▏        | 6/50 [00:01<00:07,  5.80it/s, Saved at =inf, TrLoss=0.5343]
 Training ATK-alpha-s42-t7:  12%|█▏        | 6/50 [00:01<00:07,  5.80it/s, Saved at =inf, TrLoss=0.5298]
 Training ATK-alpha-s42-t7:  14%|█▍        | 7/50 [00:01<00:07,  5.82it/s, Saved at =inf, TrLoss=0.5298]
 Training ATK-alpha-s42-t7:  14%|█▍        | 7/50 [00:01<00:07,  5.82it/s, Saved at =inf, TrLoss=0.4711]
 Training ATK-alpha-s42-t7:  16%|█▌        | 8/50 [00:01<00:07,  5.76it/s, Saved at =inf, TrLoss=0.4711]
 Training ATK-alpha-s42-t7:  16%|█▌        | 8/50 [00:01<00:07,  5.76it/s, Saved at =inf, TrLoss=0.4302]
 Training ATK-alpha-s42-t7:  18%|█▊        | 9/50 [00:01<00:07,  5.82it/s, Saved at =inf, TrLoss=0.4302]
 Training ATK-alpha-s42-t7:  18%|█▊        | 9/50 [00:01<00:07,  5.82it/s, Saved at =inf, TrLoss=0.4228]
 Training ATK-alpha-s42-t7:  20%|██        | 10/50 [00:01<00:06,  5.86it/s, Saved at =inf, TrLoss=0.4228]
 Training ATK-alpha-s42-t7:  20%|██        | 10/50 [00:01<00:06,  5.86it/s, Saved at =inf, TrLoss=0.3958]
 Training ATK-alpha-s42-t7:  22%|██▏       | 11/50 [00:01<00:06,  6.05it/s, Saved at =inf, TrLoss=0.3958]
 Training ATK-alpha-s42-t7:  22%|██▏       | 11/50 [00:01<00:06,  6.05it/s, Saved at =inf, TrLoss=0.3557]
 Training ATK-alpha-s42-t7:  24%|██▍       | 12/50 [00:02<00:05,  6.60it/s, Saved at =inf, TrLoss=0.3557]
 Training ATK-alpha-s42-t7:  24%|██▍       | 12/50 [00:02<00:05,  6.60it/s, Saved at =inf, TrLoss=0.3855]
 Training ATK-alpha-s42-t7:  26%|██▌       | 13/50 [00:02<00:05,  6.88it/s, Saved at =inf, TrLoss=0.3855]
 Training ATK-alpha-s42-t7:  26%|██▌       | 13/50 [00:02<00:05,  6.88it/s, Saved at =inf, TrLoss=0.3427]
 Training ATK-alpha-s42-t7:  28%|██▊       | 14/50 [00:02<00:05,  6.57it/s, Saved at =inf, TrLoss=0.3427]
 Training ATK-alpha-s42-t7:  28%|██▊       | 14/50 [00:02<00:05,  6.57it/s, Saved at =inf, TrLoss=0.3337]
 Training ATK-alpha-s42-t7:  30%|███       | 15/50 [00:02<00:05,  6.36it/s, Saved at =inf, TrLoss=0.3337]
 Training ATK-alpha-s42-t7:  30%|███       | 15/50 [00:02<00:05,  6.36it/s, Saved at =inf, TrLoss=0.3177]
 Training ATK-alpha-s42-t7:  32%|███▏      | 16/50 [00:02<00:05,  6.00it/s, Saved at =inf, TrLoss=0.3177]
 Training ATK-alpha-s42-t7:  32%|███▏      | 16/50 [00:02<00:05,  6.00it/s, Saved at =inf, TrLoss=0.3342]
 Training ATK-alpha-s42-t7:  34%|███▍      | 17/50 [00:02<00:05,  6.55it/s, Saved at =inf, TrLoss=0.3342]
 Training ATK-alpha-s42-t7:  34%|███▍      | 17/50 [00:02<00:05,  6.55it/s, Saved at =inf, TrLoss=0.3099]
 Training ATK-alpha-s42-t7:  36%|███▌      | 18/50 [00:02<00:04,  6.98it/s, Saved at =inf, TrLoss=0.3099]
 Training ATK-alpha-s42-t7:  36%|███▌      | 18/50 [00:03<00:04,  6.98it/s, Saved at =inf, TrLoss=0.3067]
 Training ATK-alpha-s42-t7:  38%|███▊      | 19/50 [00:03<00:04,  7.01it/s, Saved at =inf, TrLoss=0.3067]
 Training ATK-alpha-s42-t7:  38%|███▊      | 19/50 [00:03<00:04,  7.01it/s, Saved at =inf, TrLoss=0.2858]
 Training ATK-alpha-s42-t7:  40%|████      | 20/50 [00:03<00:04,  6.66it/s, Saved at =inf, TrLoss=0.2858]
 Training ATK-alpha-s42-t7:  40%|████      | 20/50 [00:03<00:04,  6.66it/s, Saved at =inf, TrLoss=0.2885]
 Training ATK-alpha-s42-t7:  42%|████▏     | 21/50 [00:03<00:04,  6.69it/s, Saved at =inf, TrLoss=0.2885]
 Training ATK-alpha-s42-t7:  42%|████▏     | 21/50 [00:03<00:04,  6.69it/s, Saved at =inf, TrLoss=0.2859]
 Training ATK-alpha-s42-t7:  44%|████▍     | 22/50 [00:03<00:03,  7.09it/s, Saved at =inf, TrLoss=0.2859]
 Training ATK-alpha-s42-t7:  44%|████▍     | 22/50 [00:03<00:03,  7.09it/s, Saved at =inf, TrLoss=0.2974]
 Training ATK-alpha-s42-t7:  46%|████▌     | 23/50 [00:03<00:03,  7.41it/s, Saved at =inf, TrLoss=0.2974]
 Training ATK-alpha-s42-t7:  46%|████▌     | 23/50 [00:03<00:03,  7.41it/s, Saved at =inf, TrLoss=0.2738]
 Training ATK-alpha-s42-t7:  48%|████▊     | 24/50 [00:03<00:03,  7.66it/s, Saved at =inf, TrLoss=0.2738]
 Training ATK-alpha-s42-t7:  48%|████▊     | 24/50 [00:03<00:03,  7.66it/s, Saved at =inf, TrLoss=0.2814]
 Training ATK-alpha-s42-t7:  50%|█████     | 25/50 [00:03<00:03,  7.70it/s, Saved at =inf, TrLoss=0.2814]
 Training ATK-alpha-s42-t7:  50%|█████     | 25/50 [00:03<00:03,  7.70it/s, Saved at =inf, TrLoss=0.2653]
 Training ATK-alpha-s42-t7:  52%|█████▏    | 26/50 [00:03<00:03,  7.89it/s, Saved at =inf, TrLoss=0.2653]
 Training ATK-alpha-s42-t7:  52%|█████▏    | 26/50 [00:04<00:03,  7.89it/s, Saved at =inf, TrLoss=0.2544]
 Training ATK-alpha-s42-t7:  54%|█████▍    | 27/50 [00:04<00:02,  8.03it/s, Saved at =inf, TrLoss=0.2544]
 Training ATK-alpha-s42-t7:  54%|█████▍    | 27/50 [00:04<00:02,  8.03it/s, Saved at =inf, TrLoss=0.2653]
 Training ATK-alpha-s42-t7:  56%|█████▌    | 28/50 [00:04<00:02,  8.10it/s, Saved at =inf, TrLoss=0.2653]
 Training ATK-alpha-s42-t7:  56%|█████▌    | 28/50 [00:04<00:02,  8.10it/s, Saved at =inf, TrLoss=0.2620]
 Training ATK-alpha-s42-t7:  58%|█████▊    | 29/50 [00:04<00:02,  8.18it/s, Saved at =inf, TrLoss=0.2620]
 Training ATK-alpha-s42-t7:  58%|█████▊    | 29/50 [00:04<00:02,  8.18it/s, Saved at =inf, TrLoss=0.2517]
 Training ATK-alpha-s42-t7:  60%|██████    | 30/50 [00:04<00:02,  8.24it/s, Saved at =inf, TrLoss=0.2517]
 Training ATK-alpha-s42-t7:  60%|██████    | 30/50 [00:04<00:02,  8.24it/s, Saved at =inf, TrLoss=0.2519]
 Training ATK-alpha-s42-t7:  62%|██████▏   | 31/50 [00:04<00:02,  8.29it/s, Saved at =inf, TrLoss=0.2519]
 Training ATK-alpha-s42-t7:  62%|██████▏   | 31/50 [00:04<00:02,  8.29it/s, Saved at =inf, TrLoss=0.2481]
 Training ATK-alpha-s42-t7:  64%|██████▍   | 32/50 [00:04<00:02,  8.05it/s, Saved at =inf, TrLoss=0.2481]
 Training ATK-alpha-s42-t7:  64%|██████▍   | 32/50 [00:04<00:02,  8.05it/s, Saved at =inf, TrLoss=0.2415]
 Training ATK-alpha-s42-t7:  66%|██████▌   | 33/50 [00:04<00:02,  7.41it/s, Saved at =inf, TrLoss=0.2415]
 Training ATK-alpha-s42-t7:  66%|██████▌   | 33/50 [00:04<00:02,  7.41it/s, Saved at =inf, TrLoss=0.2355]
 Training ATK-alpha-s42-t7:  68%|██████▊   | 34/50 [00:05<00:02,  7.01it/s, Saved at =inf, TrLoss=0.2355]
 Training ATK-alpha-s42-t7:  68%|██████▊   | 34/50 [00:05<00:02,  7.01it/s, Saved at =inf, TrLoss=0.2360]
 Training ATK-alpha-s42-t7:  70%|███████   | 35/50 [00:05<00:02,  6.51it/s, Saved at =inf, TrLoss=0.2360]
 Training ATK-alpha-s42-t7:  70%|███████   | 35/50 [00:05<00:02,  6.51it/s, Saved at =inf, TrLoss=0.2359]
 Training ATK-alpha-s42-t7:  72%|███████▏  | 36/50 [00:05<00:02,  6.31it/s, Saved at =inf, TrLoss=0.2359]
 Training ATK-alpha-s42-t7:  72%|███████▏  | 36/50 [00:05<00:02,  6.31it/s, Saved at =inf, TrLoss=0.2344]
 Training ATK-alpha-s42-t7:  74%|███████▍  | 37/50 [00:05<00:01,  6.55it/s, Saved at =inf, TrLoss=0.2344]
 Training ATK-alpha-s42-t7:  74%|███████▍  | 37/50 [00:05<00:01,  6.55it/s, Saved at =inf, TrLoss=0.2293]
 Training ATK-alpha-s42-t7:  76%|███████▌  | 38/50 [00:05<00:01,  6.67it/s, Saved at =inf, TrLoss=0.2293]
 Training ATK-alpha-s42-t7:  76%|███████▌  | 38/50 [00:05<00:01,  6.67it/s, Saved at =inf, TrLoss=0.2354]
 Training ATK-alpha-s42-t7:  78%|███████▊  | 39/50 [00:05<00:01,  6.30it/s, Saved at =inf, TrLoss=0.2354]
 Training ATK-alpha-s42-t7:  78%|███████▊  | 39/50 [00:05<00:01,  6.30it/s, Saved at =inf, TrLoss=0.2247]
 Training ATK-alpha-s42-t7:  80%|████████  | 40/50 [00:06<00:01,  5.85it/s, Saved at =inf, TrLoss=0.2247]
 Training ATK-alpha-s42-t7:  80%|████████  | 40/50 [00:06<00:01,  5.85it/s, Saved at =inf, TrLoss=0.2250]
 Training ATK-alpha-s42-t7:  82%|████████▏ | 41/50 [00:06<00:01,  6.40it/s, Saved at =inf, TrLoss=0.2250]
 Training ATK-alpha-s42-t7:  82%|████████▏ | 41/50 [00:06<00:01,  6.40it/s, Saved at =inf, TrLoss=0.2206]
 Training ATK-alpha-s42-t7:  84%|████████▍ | 42/50 [00:06<00:01,  6.60it/s, Saved at =inf, TrLoss=0.2206]
 Training ATK-alpha-s42-t7:  84%|████████▍ | 42/50 [00:06<00:01,  6.60it/s, Saved at =inf, TrLoss=0.2120]
 Training ATK-alpha-s42-t7:  86%|████████▌ | 43/50 [00:06<00:01,  6.73it/s, Saved at =inf, TrLoss=0.2120]
 Training ATK-alpha-s42-t7:  86%|████████▌ | 43/50 [00:06<00:01,  6.73it/s, Saved at =inf, TrLoss=0.2262]
 Training ATK-alpha-s42-t7:  88%|████████▊ | 44/50 [00:06<00:00,  6.87it/s, Saved at =inf, TrLoss=0.2262]
 Training ATK-alpha-s42-t7:  88%|████████▊ | 44/50 [00:06<00:00,  6.87it/s, Saved at =inf, TrLoss=0.2149]
 Training ATK-alpha-s42-t7:  90%|█████████ | 45/50 [00:06<00:00,  7.19it/s, Saved at =inf, TrLoss=0.2149]
 Training ATK-alpha-s42-t7:  90%|█████████ | 45/50 [00:06<00:00,  7.19it/s, Saved at =inf, TrLoss=0.2077]
 Training ATK-alpha-s42-t7:  92%|█████████▏| 46/50 [00:06<00:00,  7.46it/s, Saved at =inf, TrLoss=0.2077]
 Training ATK-alpha-s42-t7:  92%|█████████▏| 46/50 [00:06<00:00,  7.46it/s, Saved at =inf, TrLoss=0.2064]
 Training ATK-alpha-s42-t7:  94%|█████████▍| 47/50 [00:07<00:00,  6.97it/s, Saved at =inf, TrLoss=0.2064]
 Training ATK-alpha-s42-t7:  94%|█████████▍| 47/50 [00:07<00:00,  6.97it/s, Saved at =inf, TrLoss=0.2067]
 Training ATK-alpha-s42-t7:  96%|█████████▌| 48/50 [00:07<00:00,  7.33it/s, Saved at =inf, TrLoss=0.2067]
 Training ATK-alpha-s42-t7:  96%|█████████▌| 48/50 [00:07<00:00,  7.33it/s, Saved at =inf, TrLoss=0.2057]
 Training ATK-alpha-s42-t7:  98%|█████████▊| 49/50 [00:07<00:00,  7.60it/s, Saved at =inf, TrLoss=0.2057]
 Training ATK-alpha-s42-t7:  98%|█████████▊| 49/50 [00:07<00:00,  7.60it/s, Saved at =inf, TrLoss=0.2015]
 Training ATK-alpha-s42-t7: 100%|██████████| 50/50 [00:07<00:00,  7.78it/s, Saved at =inf, TrLoss=0.2015]
 Training ATK-alpha-s42-t7: 100%|██████████| 50/50 [00:07<00:00,  6.79it/s, Saved at =inf, TrLoss=0.2015]
[15:00:40]   MCC=0.389±0.068, AUC=0.767±0.070, BAcc=0.686±0.076
[15:02:57]   [alpha s42] 500/2182 candidates scanned, 494 eligible
[15:05:10]   [alpha s42] 1000/2182 candidates scanned, 984 eligible
[15:07:33]   [alpha s42] 1500/2182 candidates scanned, 1480 eligible
[15:09:49]   [alpha s42] 2000/2182 candidates scanned, 1966 eligible
[15:09:58]   alpha seed 42: n=1997 AUC=0.767 | flip% random total/prop 7.6/3.8 | optimized 23.5/10.1 | 10.3 min
[15:09:58] Training GDTE on alpha (seed=1)...

 Training FV-alpha-s1-t2:   0%|          | 0/50 [00:00<?, ?it/s]
 Training FV-alpha-s1-t2:   0%|          | 0/50 [00:00<?, ?it/s, Saved at =inf, TrLoss=0.9023]
 Training FV-alpha-s1-t2:   0%|          | 0/50 [00:00<?, ?it/s, Saved at =inf, TrLoss=0.9960]
 Training FV-alpha-s1-t2:   0%|          | 0/50 [00:00<?, ?it/s, Saved at =inf, TrLoss=0.5641]
 Training FV-alpha-s1-t2:   6%|▌         | 3/50 [00:00<00:02, 21.94it/s, Saved at =inf, TrLoss=0.5641]
 Training FV-alpha-s1-t2:   6%|▌         | 3/50 [00:00<00:02, 21.94it/s, Saved at =inf, TrLoss=0.4905]
 Training FV-alpha-s1-t2:   6%|▌         | 3/50 [00:00<00:02, 21.94it/s, Saved at =inf, TrLoss=0.4311]
 Training FV-alpha-s1-t2:   6%|▌         | 3/50 [00:00<00:02, 21.94it/s, Saved at =inf, TrLoss=0.3365]
 Training FV-alpha-s1-t2:  12%|█▏        | 6/50 [00:00<00:01, 22.36it/s, Saved at =inf, TrLoss=0.3365]
 Training FV-alpha-s1-t2:  12%|█▏        | 6/50 [00:00<00:01, 22.36it/s, Saved at =inf, TrLoss=0.2780]
 Training FV-alpha-s1-t2:  12%|█▏        | 6/50 [00:00<00:01, 22.36it/s, Saved at =inf, TrLoss=0.2387]
 Training FV-alpha-s1-t2:  12%|█▏        | 6/50 [00:00<00:01, 22.36it/s, Saved at =inf, TrLoss=0.2232]
 Training FV-alpha-s1-t2:  18%|█▊        | 9/50 [00:00<00:01, 22.54it/s, Saved at =inf, TrLoss=0.2232]
 Training FV-alpha-s1-t2:  18%|█▊        | 9/50 [00:00<00:01, 22.54it/s, Saved at =inf, TrLoss=0.2284]
 Training FV-alpha-s1-t2:  18%|█▊        | 9/50 [00:00<00:01, 22.54it/s, Saved at =inf, TrLoss=0.1831]
 Training FV-alpha-s1-t2:  18%|█▊        | 9/50 [00:00<00:01, 22.54it/s, Saved at =inf, TrLoss=0.1835]
 Training FV-alpha-s1-t2:  24%|██▍       | 12/50 [00:00<00:01, 22.57it/s, Saved at =inf, TrLoss=0.1835]
 Training FV-alpha-s1-t2:  24%|██▍       | 12/50 [00:00<00:01, 22.57it/s, Saved at =inf, TrLoss=0.1785]
 Training FV-alpha-s1-t2:  24%|██▍       | 12/50 [00:00<00:01, 22.57it/s, Saved at =inf, TrLoss=0.2005]
 Training FV-alpha-s1-t2:  24%|██▍       | 12/50 [00:00<00:01, 22.57it/s, Saved at =inf, TrLoss=0.1566]
 Training FV-alpha-s1-t2:  30%|███       | 15/50 [00:00<00:01, 22.64it/s, Saved at =inf, TrLoss=0.1566]
 Training FV-alpha-s1-t2:  30%|███       | 15/50 [00:00<00:01, 22.64it/s, Saved at =inf, TrLoss=0.2129]
 Training FV-alpha-s1-t2:  30%|███       | 15/50 [00:00<00:01, 22.64it/s, Saved at =inf, TrLoss=0.1401]
 Training FV-alpha-s1-t2:  30%|███       | 15/50 [00:00<00:01, 22.64it/s, Saved at =inf, TrLoss=0.1621]
 Training FV-alpha-s1-t2:  36%|███▌      | 18/50 [00:00<00:01, 22.70it/s, Saved at =inf, TrLoss=0.1621]
 Training FV-alpha-s1-t2:  36%|███▌      | 18/50 [00:00<00:01, 22.70it/s, Saved at =inf, TrLoss=0.1469]
 Training FV-alpha-s1-t2:  36%|███▌      | 18/50 [00:00<00:01, 22.70it/s, Saved at =inf, TrLoss=0.1399]
 Training FV-alpha-s1-t2:  36%|███▌      | 18/50 [00:00<00:01, 22.70it/s, Saved at =inf, TrLoss=0.1462]
 Training FV-alpha-s1-t2:  42%|████▏     | 21/50 [00:00<00:01, 22.73it/s, Saved at =inf, TrLoss=0.1462]
 Training FV-alpha-s1-t2:  42%|████▏     | 21/50 [00:00<00:01, 22.73it/s, Saved at =inf, TrLoss=0.1295]
 Training FV-alpha-s1-t2:  42%|████▏     | 21/50 [00:00<00:01, 22.73it/s, Saved at =inf, TrLoss=0.1394]
 Training FV-alpha-s1-t2:  42%|████▏     | 21/50 [00:01<00:01, 22.73it/s, Saved at =inf, TrLoss=0.1619]
 Training FV-alpha-s1-t2:  48%|████▊     | 24/50 [00:01<00:01, 22.49it/s, Saved at =inf, TrLoss=0.1619]
 Training FV-alpha-s1-t2:  48%|████▊     | 24/50 [00:01<00:01, 22.49it/s, Saved at =inf, TrLoss=0.1176]
 Training FV-alpha-s1-t2:  48%|████▊     | 24/50 [00:01<00:01, 22.49it/s, Saved at =inf, TrLoss=0.1369]
 Training FV-alpha-s1-t2:  48%|████▊     | 24/50 [00:01<00:01, 22.49it/s, Saved at =inf, TrLoss=0.1144]
 Training FV-alpha-s1-t2:  54%|█████▍    | 27/50 [00:01<00:01, 22.56it/s, Saved at =inf, TrLoss=0.1144]
 Training FV-alpha-s1-t2:  54%|█████▍    | 27/50 [00:01<00:01, 22.56it/s, Saved at =inf, TrLoss=0.2169]
 Training FV-alpha-s1-t2:  54%|█████▍    | 27/50 [00:01<00:01, 22.56it/s, Saved at =inf, TrLoss=0.1511]
 Training FV-alpha-s1-t2:  54%|█████▍    | 27/50 [00:01<00:01, 22.56it/s, Saved at =inf, TrLoss=0.1116]
 Training FV-alpha-s1-t2:  60%|██████    | 30/50 [00:01<00:00, 22.63it/s, Saved at =inf, TrLoss=0.1116]
 Training FV-alpha-s1-t2:  60%|██████    | 30/50 [00:01<00:00, 22.63it/s, Saved at =inf, TrLoss=0.1378]
 Training FV-alpha-s1-t2:  60%|██████    | 30/50 [00:01<00:00, 22.63it/s, Saved at =inf, TrLoss=0.1194]
 Training FV-alpha-s1-t2:  60%|██████    | 30/50 [00:01<00:00, 22.63it/s, Saved at =inf, TrLoss=0.1135]
 Training FV-alpha-s1-t2:  66%|██████▌   | 33/50 [00:01<00:00, 22.67it/s, Saved at =inf, TrLoss=0.1135]
 Training FV-alpha-s1-t2:  66%|██████▌   | 33/50 [00:01<00:00, 22.67it/s, Saved at =inf, TrLoss=0.1107]
 Training FV-alpha-s1-t2:  66%|██████▌   | 33/50 [00:01<00:00, 22.67it/s, Saved at =inf, TrLoss=0.0982]
 Training FV-alpha-s1-t2:  66%|██████▌   | 33/50 [00:01<00:00, 22.67it/s, Saved at =inf, TrLoss=0.1174]
 Training FV-alpha-s1-t2:  72%|███████▏  | 36/50 [00:01<00:00, 22.68it/s, Saved at =inf, TrLoss=0.1174]
 Training FV-alpha-s1-t2:  72%|███████▏  | 36/50 [00:01<00:00, 22.68it/s, Saved at =inf, TrLoss=0.1063]
 Training FV-alpha-s1-t2:  72%|███████▏  | 36/50 [00:01<00:00, 22.68it/s, Saved at =inf, TrLoss=0.1168]
 Training FV-alpha-s1-t2:  72%|███████▏  | 36/50 [00:01<00:00, 22.68it/s, Saved at =inf, TrLoss=0.1054]
 Training FV-alpha-s1-t2:  78%|███████▊  | 39/50 [00:01<00:00, 22.75it/s, Saved at =inf, TrLoss=0.1054]
 Training FV-alpha-s1-t2:  78%|███████▊  | 39/50 [00:01<00:00, 22.75it/s, Saved at =inf, TrLoss=0.1013]
 Training FV-alpha-s1-t2:  78%|███████▊  | 39/50 [00:01<00:00, 22.75it/s, Saved at =inf, TrLoss=0.1026]
 Training FV-alpha-s1-t2:  78%|███████▊  | 39/50 [00:01<00:00, 22.75it/s, Saved at =inf, TrLoss=0.1002]
 Training FV-alpha-s1-t2:  84%|████████▍ | 42/50 [00:01<00:00, 22.76it/s, Saved at =inf, TrLoss=0.1002]
 Training FV-alpha-s1-t2:  84%|████████▍ | 42/50 [00:01<00:00, 22.76it/s, Saved at =inf, TrLoss=0.1280]
 Training FV-alpha-s1-t2:  84%|████████▍ | 42/50 [00:01<00:00, 22.76it/s, Saved at =inf, TrLoss=0.1000]
 Training FV-alpha-s1-t2:  84%|████████▍ | 42/50 [00:01<00:00, 22.76it/s, Saved at =inf, TrLoss=0.0970]
 Training FV-alpha-s1-t2:  90%|█████████ | 45/50 [00:01<00:00, 22.74it/s, Saved at =inf, TrLoss=0.0970]
 Training FV-alpha-s1-t2:  90%|█████████ | 45/50 [00:02<00:00, 22.74it/s, Saved at =inf, TrLoss=0.0854]
 Training FV-alpha-s1-t2:  90%|█████████ | 45/50 [00:02<00:00, 22.74it/s, Saved at =inf, TrLoss=0.0960]
 Training FV-alpha-s1-t2:  90%|█████████ | 45/50 [00:02<00:00, 22.74it/s, Saved at =inf, TrLoss=0.0954]
 Training FV-alpha-s1-t2:  96%|█████████▌| 48/50 [00:02<00:00, 22.72it/s, Saved at =inf, TrLoss=0.0954]
 Training FV-alpha-s1-t2:  96%|█████████▌| 48/50 [00:02<00:00, 22.72it/s, Saved at =inf, TrLoss=0.0825]
 Training FV-alpha-s1-t2:  96%|█████████▌| 48/50 [00:02<00:00, 22.72it/s, Saved at =inf, TrLoss=0.1000]
 Training FV-alpha-s1-t2: 100%|██████████| 50/50 [00:02<00:00, 22.65it/s, Saved at =inf, TrLoss=0.1000]

 Training FV-alpha-s1-t3:   0%|          | 0/50 [00:00<?, ?it/s]
 Training FV-alpha-s1-t3:   0%|          | 0/50 [00:00<?, ?it/s, Saved at =inf, TrLoss=0.8322]
 Training FV-alpha-s1-t3:   0%|          | 0/50 [00:00<?, ?it/s, Saved at =inf, TrLoss=0.6761]
 Training FV-alpha-s1-t3:   4%|▍         | 2/50 [00:00<00:02, 16.20it/s, Saved at =inf, TrLoss=0.6761]
 Training FV-alpha-s1-t3:   4%|▍         | 2/50 [00:00<00:02, 16.20it/s, Saved at =inf, TrLoss=0.5641]
 Training FV-alpha-s1-t3:   4%|▍         | 2/50 [00:00<00:02, 16.20it/s, Saved at =inf, TrLoss=0.4602]
 Training FV-alpha-s1-t3:   8%|▊         | 4/50 [00:00<00:02, 16.30it/s, Saved at =inf, TrLoss=0.4602]
 Training FV-alpha-s1-t3:   8%|▊         | 4/50 [00:00<00:02, 16.30it/s, Saved at =inf, TrLoss=0.4167]
 Training FV-alpha-s1-t3:   8%|▊         | 4/50 [00:00<00:02, 16.30it/s, Saved at =inf, TrLoss=0.3652]
 Training FV-alpha-s1-t3:  12%|█▏        | 6/50 [00:00<00:02, 16.47it/s, Saved at =inf, TrLoss=0.3652]
 Training FV-alpha-s1-t3:  12%|█▏        | 6/50 [00:00<00:02, 16.47it/s, Saved at =inf, TrLoss=0.3176]
 Training FV-alpha-s1-t3:  12%|█▏        | 6/50 [00:00<00:02, 16.47it/s, Saved at =inf, TrLoss=0.2801]
 Training FV-alpha-s1-t3:  16%|█▌        | 8/50 [00:00<00:02, 16.55it/s, Saved at =inf, TrLoss=0.2801]
 Training FV-alpha-s1-t3:  16%|█▌        | 8/50 [00:00<00:02, 16.55it/s, Saved at =inf, TrLoss=0.3049]
 Training FV-alpha-s1-t3:  16%|█▌        | 8/50 [00:00<00:02, 16.55it/s, Saved at =inf, TrLoss=0.2453]
 Training FV-alpha-s1-t3:  20%|██        | 10/50 [00:00<00:02, 16.59it/s, Saved at =inf, TrLoss=0.2453]
 Training FV-alpha-s1-t3:  20%|██        | 10/50 [00:00<00:02, 16.59it/s, Saved at =inf, TrLoss=0.2711]
 Training FV-alpha-s1-t3:  20%|██        | 10/50 [00:00<00:02, 16.59it/s, Saved at =inf, TrLoss=0.2578]
 Training FV-alpha-s1-t3:  24%|██▍       | 12/50 [00:00<00:02, 16.63it/s, Saved at =inf, TrLoss=0.2578]
 Training FV-alpha-s1-t3:  24%|██▍       | 12/50 [00:00<00:02, 16.63it/s, Saved at =inf, TrLoss=0.2549]
 Training FV-alpha-s1-t3:  24%|██▍       | 12/50 [00:00<00:02, 16.63it/s, Saved at =inf, TrLoss=0.2076]
 Training FV-alpha-s1-t3:  28%|██▊       | 14/50 [00:00<00:02, 16.63it/s, Saved at =inf, TrLoss=0.2076]
 Training FV-alpha-s1-t3:  28%|██▊       | 14/50 [00:00<00:02, 16.63it/s, Saved at =inf, TrLoss=0.2194]
 Training FV-alpha-s1-t3:  28%|██▊       | 14/50 [00:00<00:02, 16.63it/s, Saved at =inf, TrLoss=0.2152]
 Training FV-alpha-s1-t3:  32%|███▏      | 16/50 [00:00<00:02, 16.65it/s, Saved at =inf, TrLoss=0.2152]
 Training FV-alpha-s1-t3:  32%|███▏      | 16/50 [00:01<00:02, 16.65it/s, Saved at =inf, TrLoss=0.2616]
 Training FV-alpha-s1-t3:  32%|███▏      | 16/50 [00:01<00:02, 16.65it/s, Saved at =inf, TrLoss=0.1769]
 Training FV-alpha-s1-t3:  36%|███▌      | 18/50 [00:01<00:01, 16.66it/s, Saved at =inf, TrLoss=0.1769]
 Training FV-alpha-s1-t3:  36%|███▌      | 18/50 [00:01<00:01, 16.66it/s, Saved at =inf, TrLoss=0.2134]
 Training FV-alpha-s1-t3:  36%|███▌      | 18/50 [00:01<00:01, 16.66it/s, Saved at =inf, TrLoss=0.1815]
 Training FV-alpha-s1-t3:  40%|████      | 20/50 [00:01<00:01, 16.66it/s, Saved at =inf, TrLoss=0.1815]
 Training FV-alpha-s1-t3:  40%|████      | 20/50 [00:01<00:01, 16.66it/s, Saved at =inf, TrLoss=0.2024]
 Training FV-alpha-s1-t3:  40%|████      | 20/50 [00:01<00:01, 16.66it/s, Saved at =inf, TrLoss=0.1752]
 Training FV-alpha-s1-t3:  44%|████▍     | 22/50 [00:01<00:01, 16.67it/s, Saved at =inf, TrLoss=0.1752]
 Training FV-alpha-s1-t3:  44%|████▍     | 22/50 [00:01<00:01, 16.67it/s, Saved at =inf, TrLoss=0.1798]
 Training FV-alpha-s1-t3:  44%|████▍     | 22/50 [00:01<00:01, 16.67it/s, Saved at =inf, TrLoss=0.1771]
 Training FV-alpha-s1-t3:  48%|████▊     | 24/50 [00:01<00:01, 16.66it/s, Saved at =inf, TrLoss=0.1771]
 Training FV-alpha-s1-t3:  48%|████▊     | 24/50 [00:01<00:01, 16.66it/s, Saved at =inf, TrLoss=0.1682]
 Training FV-alpha-s1-t3:  48%|████▊     | 24/50 [00:01<00:01, 16.66it/s, Saved at =inf, TrLoss=0.1726]
 Training FV-alpha-s1-t3:  52%|█████▏    | 26/50 [00:01<00:01, 16.66it/s, Saved at =inf, TrLoss=0.1726]
 Training FV-alpha-s1-t3:  52%|█████▏    | 26/50 [00:01<00:01, 16.66it/s, Saved at =inf, TrLoss=0.1511]
 Training FV-alpha-s1-t3:  52%|█████▏    | 26/50 [00:01<00:01, 16.66it/s, Saved at =inf, TrLoss=0.1697]
 Training FV-alpha-s1-t3:  56%|█████▌    | 28/50 [00:01<00:01, 16.67it/s, Saved at =inf, TrLoss=0.1697]
 Training FV-alpha-s1-t3:  56%|█████▌    | 28/50 [00:01<00:01, 16.67it/s, Saved at =inf, TrLoss=0.1486]
 Training FV-alpha-s1-t3:  56%|█████▌    | 28/50 [00:01<00:01, 16.67it/s, Saved at =inf, TrLoss=0.1462]
 Training FV-alpha-s1-t3:  60%|██████    | 30/50 [00:01<00:01, 16.66it/s, Saved at =inf, TrLoss=0.1462]
 Training FV-alpha-s1-t3:  60%|██████    | 30/50 [00:01<00:01, 16.66it/s, Saved at =inf, TrLoss=0.1570]
 Training FV-alpha-s1-t3:  60%|██████    | 30/50 [00:01<00:01, 16.66it/s, Saved at =inf, TrLoss=0.1479]
 Training FV-alpha-s1-t3:  64%|██████▍   | 32/50 [00:01<00:01, 16.66it/s, Saved at =inf, TrLoss=0.1479]
 Training FV-alpha-s1-t3:  64%|██████▍   | 32/50 [00:01<00:01, 16.66it/s, Saved at =inf, TrLoss=0.1567]
 Training FV-alpha-s1-t3:  64%|██████▍   | 32/50 [00:02<00:01, 16.66it/s, Saved at =inf, TrLoss=0.1560]
 Training FV-alpha-s1-t3:  68%|██████▊   | 34/50 [00:02<00:00, 16.66it/s, Saved at =inf, TrLoss=0.1560]
 Training FV-alpha-s1-t3:  68%|██████▊   | 34/50 [00:02<00:00, 16.66it/s, Saved at =inf, TrLoss=0.1364]
 Training FV-alpha-s1-t3:  68%|██████▊   | 34/50 [00:02<00:00, 16.66it/s, Saved at =inf, TrLoss=0.1254]
 Training FV-alpha-s1-t3:  72%|███████▏  | 36/50 [00:02<00:00, 16.66it/s, Saved at =inf, TrLoss=0.1254]
 Training FV-alpha-s1-t3:  72%|███████▏  | 36/50 [00:02<00:00, 16.66it/s, Saved at =inf, TrLoss=0.1316]
 Training FV-alpha-s1-t3:  72%|███████▏  | 36/50 [00:02<00:00, 16.66it/s, Saved at =inf, TrLoss=0.1268]
 Training FV-alpha-s1-t3:  76%|███████▌  | 38/50 [00:02<00:00, 16.65it/s, Saved at =inf, TrLoss=0.1268]
 Training FV-alpha-s1-t3:  76%|███████▌  | 38/50 [00:02<00:00, 16.65it/s, Saved at =inf, TrLoss=0.1239]
 Training FV-alpha-s1-t3:  76%|███████▌  | 38/50 [00:02<00:00, 16.65it/s, Saved at =inf, TrLoss=0.1079]
 Training FV-alpha-s1-t3:  80%|████████  | 40/50 [00:02<00:00, 16.67it/s, Saved at =inf, TrLoss=0.1079]
 Training FV-alpha-s1-t3:  80%|████████  | 40/50 [00:02<00:00, 16.67it/s, Saved at =inf, TrLoss=0.1217]
 Training FV-alpha-s1-t3:  80%|████████  | 40/50 [00:02<00:00, 16.67it/s, Saved at =inf, TrLoss=0.1076]
 Training FV-alpha-s1-t3:  84%|████████▍ | 42/50 [00:02<00:00, 16.68it/s, Saved at =inf, TrLoss=0.1076]
 Training FV-alpha-s1-t3:  84%|████████▍ | 42/50 [00:02<00:00, 16.68it/s, Saved at =inf, TrLoss=0.1256]
 Training FV-alpha-s1-t3:  84%|████████▍ | 42/50 [00:02<00:00, 16.68it/s, Saved at =inf, TrLoss=0.0991]
 Training FV-alpha-s1-t3:  88%|████████▊ | 44/50 [00:02<00:00, 16.66it/s, Saved at =inf, TrLoss=0.0991]
 Training FV-alpha-s1-t3:  88%|████████▊ | 44/50 [00:02<00:00, 16.66it/s, Saved at =inf, TrLoss=0.0971]
 Training FV-alpha-s1-t3:  88%|████████▊ | 44/50 [00:02<00:00, 16.66it/s, Saved at =inf, TrLoss=0.0973]
 Training FV-alpha-s1-t3:  92%|█████████▏| 46/50 [00:02<00:00, 16.66it/s, Saved at =inf, TrLoss=0.0973]
 Training FV-alpha-s1-t3:  92%|█████████▏| 46/50 [00:02<00:00, 16.66it/s, Saved at =inf, TrLoss=0.1238]
 Training FV-alpha-s1-t3:  92%|█████████▏| 46/50 [00:02<00:00, 16.66it/s, Saved at =inf, TrLoss=0.1467]
 Training FV-alpha-s1-t3:  96%|█████████▌| 48/50 [00:02<00:00, 16.65it/s, Saved at =inf, TrLoss=0.1467]
 Training FV-alpha-s1-t3:  96%|█████████▌| 48/50 [00:02<00:00, 16.65it/s, Saved at =inf, TrLoss=0.1275]
 Training FV-alpha-s1-t3:  96%|█████████▌| 48/50 [00:02<00:00, 16.65it/s, Saved at =inf, TrLoss=0.1048]
 Training FV-alpha-s1-t3: 100%|██████████| 50/50 [00:03<00:00, 16.66it/s, Saved at =inf, TrLoss=0.1048]
 Training FV-alpha-s1-t3: 100%|██████████| 50/50 [00:03<00:00, 16.63it/s, Saved at =inf, TrLoss=0.1048]

 Training FV-alpha-s1-t4:   0%|          | 0/50 [00:00<?, ?it/s]
 Training FV-alpha-s1-t4:   0%|          | 0/50 [00:00<?, ?it/s, Saved at =inf, TrLoss=0.7775]
 Training FV-alpha-s1-t4:   0%|          | 0/50 [00:00<?, ?it/s, Saved at =inf, TrLoss=0.8681]
 Training FV-alpha-s1-t4:   4%|▍         | 2/50 [00:00<00:04, 10.59it/s, Saved at =inf, TrLoss=0.8681]
 Training FV-alpha-s1-t4:   4%|▍         | 2/50 [00:00<00:04, 10.59it/s, Saved at =inf, TrLoss=0.5597]
 Training FV-alpha-s1-t4:   4%|▍         | 2/50 [00:00<00:04, 10.59it/s, Saved at =inf, TrLoss=0.5764]
 Training FV-alpha-s1-t4:   8%|▊         | 4/50 [00:00<00:03, 11.57it/s, Saved at =inf, TrLoss=0.5764]
 Training FV-alpha-s1-t4:   8%|▊         | 4/50 [00:00<00:03, 11.57it/s, Saved at =inf, TrLoss=0.5018]
 Training FV-alpha-s1-t4:   8%|▊         | 4/50 [00:00<00:03, 11.57it/s, Saved at =inf, TrLoss=0.4529]
 Training FV-alpha-s1-t4:  12%|█▏        | 6/50 [00:00<00:03, 12.28it/s, Saved at =inf, TrLoss=0.4529]
 Training FV-alpha-s1-t4:  12%|█▏        | 6/50 [00:00<00:03, 12.28it/s, Saved at =inf, TrLoss=0.4326]
 Training FV-alpha-s1-t4:  12%|█▏        | 6/50 [00:00<00:03, 12.28it/s, Saved at =inf, TrLoss=0.3958]
 Training FV-alpha-s1-t4:  16%|█▌        | 8/50 [00:00<00:03, 12.61it/s, Saved at =inf, TrLoss=0.3958]
 Training FV-alpha-s1-t4:  16%|█▌        | 8/50 [00:00<00:03, 12.61it/s, Saved at =inf, TrLoss=0.4094]
 Training FV-alpha-s1-t4:  16%|█▌        | 8/50 [00:00<00:03, 12.61it/s, Saved at =inf, TrLoss=0.3115]
 Training FV-alpha-s1-t4:  20%|██        | 10/50 [00:00<00:03, 12.74it/s, Saved at =inf, TrLoss=0.3115]
 Training FV-alpha-s1-t4:  20%|██        | 10/50 [00:00<00:03, 12.74it/s, Saved at =inf, TrLoss=0.3379]
 Training FV-alpha-s1-t4:  20%|██        | 10/50 [00:00<00:03, 12.74it/s, Saved at =inf, TrLoss=0.2545]
 Training FV-alpha-s1-t4:  24%|██▍       | 12/50 [00:00<00:02, 12.86it/s, Saved at =inf, TrLoss=0.2545]
 Training FV-alpha-s1-t4:  24%|██▍       | 12/50 [00:01<00:02, 12.86it/s, Saved at =inf, TrLoss=0.2993]
 Training FV-alpha-s1-t4:  24%|██▍       | 12/50 [00:01<00:02, 12.86it/s, Saved at =inf, TrLoss=0.2428]
 Training FV-alpha-s1-t4:  28%|██▊       | 14/50 [00:01<00:02, 12.99it/s, Saved at =inf, TrLoss=0.2428]
 Training FV-alpha-s1-t4:  28%|██▊       | 14/50 [00:01<00:02, 12.99it/s, Saved at =inf, TrLoss=0.2745]
 Training FV-alpha-s1-t4:  28%|██▊       | 14/50 [00:01<00:02, 12.99it/s, Saved at =inf, TrLoss=0.2352]
 Training FV-alpha-s1-t4:  32%|███▏      | 16/50 [00:01<00:02, 13.02it/s, Saved at =inf, TrLoss=0.2352]
 Training FV-alpha-s1-t4:  32%|███▏      | 16/50 [00:01<00:02, 13.02it/s, Saved at =inf, TrLoss=0.2272]
 Training FV-alpha-s1-t4:  32%|███▏      | 16/50 [00:01<00:02, 13.02it/s, Saved at =inf, TrLoss=0.2715]
 Training FV-alpha-s1-t4:  36%|███▌      | 18/50 [00:01<00:02, 12.97it/s, Saved at =inf, TrLoss=0.2715]
 Training FV-alpha-s1-t4:  36%|███▌      | 18/50 [00:01<00:02, 12.97it/s, Saved at =inf, TrLoss=0.2283]
 Training FV-alpha-s1-t4:  36%|███▌      | 18/50 [00:01<00:02, 12.97it/s, Saved at =inf, TrLoss=0.2433]
 Training FV-alpha-s1-t4:  40%|████      | 20/50 [00:01<00:02, 13.00it/s, Saved at =inf, TrLoss=0.2433]
 Training FV-alpha-s1-t4:  40%|████      | 20/50 [00:01<00:02, 13.00it/s, Saved at =inf, TrLoss=0.2324]
 Training FV-alpha-s1-t4:  40%|████      | 20/50 [00:01<00:02, 13.00it/s, Saved at =inf, TrLoss=0.2149]
 Training FV-alpha-s1-t4:  44%|████▍     | 22/50 [00:01<00:02, 13.02it/s, Saved at =inf, TrLoss=0.2149]
 Training FV-alpha-s1-t4:  44%|████▍     | 22/50 [00:01<00:02, 13.02it/s, Saved at =inf, TrLoss=0.2585]
 Training FV-alpha-s1-t4:  44%|████▍     | 22/50 [00:01<00:02, 13.02it/s, Saved at =inf, TrLoss=0.2236]
 Training FV-alpha-s1-t4:  48%|████▊     | 24/50 [00:01<00:01, 13.05it/s, Saved at =inf, TrLoss=0.2236]
 Training FV-alpha-s1-t4:  48%|████▊     | 24/50 [00:01<00:01, 13.05it/s, Saved at =inf, TrLoss=0.1997]
 Training FV-alpha-s1-t4:  48%|████▊     | 24/50 [00:02<00:01, 13.05it/s, Saved at =inf, TrLoss=0.2129]
 Training FV-alpha-s1-t4:  52%|█████▏    | 26/50 [00:02<00:01, 13.10it/s, Saved at =inf, TrLoss=0.2129]
 Training FV-alpha-s1-t4:  52%|█████▏    | 26/50 [00:02<00:01, 13.10it/s, Saved at =inf, TrLoss=0.2016]
 Training FV-alpha-s1-t4:  52%|█████▏    | 26/50 [00:02<00:01, 13.10it/s, Saved at =inf, TrLoss=0.1911]
 Training FV-alpha-s1-t4:  56%|█████▌    | 28/50 [00:02<00:01, 13.08it/s, Saved at =inf, TrLoss=0.1911]
 Training FV-alpha-s1-t4:  56%|█████▌    | 28/50 [00:02<00:01, 13.08it/s, Saved at =inf, TrLoss=0.2013]
 Training FV-alpha-s1-t4:  56%|█████▌    | 28/50 [00:02<00:01, 13.08it/s, Saved at =inf, TrLoss=0.1817]
 Training FV-alpha-s1-t4:  60%|██████    | 30/50 [00:02<00:01, 13.08it/s, Saved at =inf, TrLoss=0.1817]
 Training FV-alpha-s1-t4:  60%|██████    | 30/50 [00:02<00:01, 13.08it/s, Saved at =inf, TrLoss=0.1862]
 Training FV-alpha-s1-t4:  60%|██████    | 30/50 [00:02<00:01, 13.08it/s, Saved at =inf, TrLoss=0.1834]
 Training FV-alpha-s1-t4:  64%|██████▍   | 32/50 [00:02<00:01, 13.08it/s, Saved at =inf, TrLoss=0.1834]
 Training FV-alpha-s1-t4:  64%|██████▍   | 32/50 [00:02<00:01, 13.08it/s, Saved at =inf, TrLoss=0.1862]
 Training FV-alpha-s1-t4:  64%|██████▍   | 32/50 [00:02<00:01, 13.08it/s, Saved at =inf, TrLoss=0.1773]
 Training FV-alpha-s1-t4:  68%|██████▊   | 34/50 [00:02<00:01, 13.12it/s, Saved at =inf, TrLoss=0.1773]
 Training FV-alpha-s1-t4:  68%|██████▊   | 34/50 [00:02<00:01, 13.12it/s, Saved at =inf, TrLoss=0.1701]
 Training FV-alpha-s1-t4:  68%|██████▊   | 34/50 [00:02<00:01, 13.12it/s, Saved at =inf, TrLoss=0.1729]
 Training FV-alpha-s1-t4:  72%|███████▏  | 36/50 [00:02<00:01, 13.11it/s, Saved at =inf, TrLoss=0.1729]
 Training FV-alpha-s1-t4:  72%|███████▏  | 36/50 [00:02<00:01, 13.11it/s, Saved at =inf, TrLoss=0.1719]
 Training FV-alpha-s1-t4:  72%|███████▏  | 36/50 [00:02<00:01, 13.11it/s, Saved at =inf, TrLoss=0.1693]
 Training FV-alpha-s1-t4:  76%|███████▌  | 38/50 [00:02<00:00, 13.13it/s, Saved at =inf, TrLoss=0.1693]
 Training FV-alpha-s1-t4:  76%|███████▌  | 38/50 [00:02<00:00, 13.13it/s, Saved at =inf, TrLoss=0.1597]
 Training FV-alpha-s1-t4:  76%|███████▌  | 38/50 [00:03<00:00, 13.13it/s, Saved at =inf, TrLoss=0.1734]
 Training FV-alpha-s1-t4:  80%|████████  | 40/50 [00:03<00:00, 13.15it/s, Saved at =inf, TrLoss=0.1734]
 Training FV-alpha-s1-t4:  80%|████████  | 40/50 [00:03<00:00, 13.15it/s, Saved at =inf, TrLoss=0.1721]
 Training FV-alpha-s1-t4:  80%|████████  | 40/50 [00:03<00:00, 13.15it/s, Saved at =inf, TrLoss=0.1529]
 Training FV-alpha-s1-t4:  84%|████████▍ | 42/50 [00:03<00:00, 13.14it/s, Saved at =inf, TrLoss=0.1529]
 Training FV-alpha-s1-t4:  84%|████████▍ | 42/50 [00:03<00:00, 13.14it/s, Saved at =inf, TrLoss=0.1710]
 Training FV-alpha-s1-t4:  84%|████████▍ | 42/50 [00:03<00:00, 13.14it/s, Saved at =inf, TrLoss=0.1465]
 Training FV-alpha-s1-t4:  88%|████████▊ | 44/50 [00:03<00:00, 13.16it/s, Saved at =inf, TrLoss=0.1465]
 Training FV-alpha-s1-t4:  88%|████████▊ | 44/50 [00:03<00:00, 13.16it/s, Saved at =inf, TrLoss=0.1501]
 Training FV-alpha-s1-t4:  88%|████████▊ | 44/50 [00:03<00:00, 13.16it/s, Saved at =inf, TrLoss=0.1567]
 Training FV-alpha-s1-t4:  92%|█████████▏| 46/50 [00:03<00:00, 13.18it/s, Saved at =inf, TrLoss=0.1567]
 Training FV-alpha-s1-t4:  92%|█████████▏| 46/50 [00:03<00:00, 13.18it/s, Saved at =inf, TrLoss=0.1612]
 Training FV-alpha-s1-t4:  92%|█████████▏| 46/50 [00:03<00:00, 13.18it/s, Saved at =inf, TrLoss=0.1529]
 Training FV-alpha-s1-t4:  96%|█████████▌| 48/50 [00:03<00:00, 13.13it/s, Saved at =inf, TrLoss=0.1529]
 Training FV-alpha-s1-t4:  96%|█████████▌| 48/50 [00:03<00:00, 13.13it/s, Saved at =inf, TrLoss=0.1466]
 Training FV-alpha-s1-t4:  96%|█████████▌| 48/50 [00:03<00:00, 13.13it/s, Saved at =inf, TrLoss=0.1550]
 Training FV-alpha-s1-t4: 100%|██████████| 50/50 [00:03<00:00, 13.12it/s, Saved at =inf, TrLoss=0.1550]
 Training FV-alpha-s1-t4: 100%|██████████| 50/50 [00:03<00:00, 12.96it/s, Saved at =inf, TrLoss=0.1550]

 Training FV-alpha-s1-t5:   0%|          | 0/50 [00:00<?, ?it/s]
 Training FV-alpha-s1-t5:   0%|          | 0/50 [00:00<?, ?it/s, Saved at =inf, TrLoss=0.7202]
 Training FV-alpha-s1-t5:   0%|          | 0/50 [00:00<?, ?it/s, Saved at =inf, TrLoss=0.9184]
 Training FV-alpha-s1-t5:   4%|▍         | 2/50 [00:00<00:04, 10.37it/s, Saved at =inf, TrLoss=0.9184]
 Training FV-alpha-s1-t5:   4%|▍         | 2/50 [00:00<00:04, 10.37it/s, Saved at =inf, TrLoss=0.5580]
 Training FV-alpha-s1-t5:   4%|▍         | 2/50 [00:00<00:04, 10.37it/s, Saved at =inf, TrLoss=0.5938]
 Training FV-alpha-s1-t5:   8%|▊         | 4/50 [00:00<00:04, 10.56it/s, Saved at =inf, TrLoss=0.5938]
 Training FV-alpha-s1-t5:   8%|▊         | 4/50 [00:00<00:04, 10.56it/s, Saved at =inf, TrLoss=0.5746]
 Training FV-alpha-s1-t5:   8%|▊         | 4/50 [00:00<00:04, 10.56it/s, Saved at =inf, TrLoss=0.5113]
 Training FV-alpha-s1-t5:  12%|█▏        | 6/50 [00:00<00:04, 10.67it/s, Saved at =inf, TrLoss=0.5113]
 Training FV-alpha-s1-t5:  12%|█▏        | 6/50 [00:00<00:04, 10.67it/s, Saved at =inf, TrLoss=0.4698]
 Training FV-alpha-s1-t5:  12%|█▏        | 6/50 [00:00<00:04, 10.67it/s, Saved at =inf, TrLoss=0.4588]
 Training FV-alpha-s1-t5:  16%|█▌        | 8/50 [00:00<00:03, 10.64it/s, Saved at =inf, TrLoss=0.4588]
 Training FV-alpha-s1-t5:  16%|█▌        | 8/50 [00:00<00:03, 10.64it/s, Saved at =inf, TrLoss=0.4623]
 Training FV-alpha-s1-t5:  16%|█▌        | 8/50 [00:00<00:03, 10.64it/s, Saved at =inf, TrLoss=0.4098]
 Training FV-alpha-s1-t5:  20%|██        | 10/50 [00:00<00:03, 10.65it/s, Saved at =inf, TrLoss=0.4098]
 Training FV-alpha-s1-t5:  20%|██        | 10/50 [00:01<00:03, 10.65it/s, Saved at =inf, TrLoss=0.3914]
 Training FV-alpha-s1-t5:  20%|██        | 10/50 [00:01<00:03, 10.65it/s, Saved at =inf, TrLoss=0.3667]
 Training FV-alpha-s1-t5:  24%|██▍       | 12/50 [00:01<00:03, 10.69it/s, Saved at =inf, TrLoss=0.3667]
 Training FV-alpha-s1-t5:  24%|██▍       | 12/50 [00:01<00:03, 10.69it/s, Saved at =inf, TrLoss=0.3530]
 Training FV-alpha-s1-t5:  24%|██▍       | 12/50 [00:01<00:03, 10.69it/s, Saved at =inf, TrLoss=0.3316]
 Training FV-alpha-s1-t5:  28%|██▊       | 14/50 [00:01<00:03, 10.66it/s, Saved at =inf, TrLoss=0.3316]
 Training FV-alpha-s1-t5:  28%|██▊       | 14/50 [00:01<00:03, 10.66it/s, Saved at =inf, TrLoss=0.3239]
 Training FV-alpha-s1-t5:  28%|██▊       | 14/50 [00:01<00:03, 10.66it/s, Saved at =inf, TrLoss=0.3232]
 Training FV-alpha-s1-t5:  32%|███▏      | 16/50 [00:01<00:03, 10.65it/s, Saved at =inf, TrLoss=0.3232]
 Training FV-alpha-s1-t5:  32%|███▏      | 16/50 [00:01<00:03, 10.65it/s, Saved at =inf, TrLoss=0.3220]
 Training FV-alpha-s1-t5:  32%|███▏      | 16/50 [00:01<00:03, 10.65it/s, Saved at =inf, TrLoss=0.2861]
 Training FV-alpha-s1-t5:  36%|███▌      | 18/50 [00:01<00:02, 10.70it/s, Saved at =inf, TrLoss=0.2861]
 Training FV-alpha-s1-t5:  36%|███▌      | 18/50 [00:01<00:02, 10.70it/s, Saved at =inf, TrLoss=0.2833]
 Training FV-alpha-s1-t5:  36%|███▌      | 18/50 [00:01<00:02, 10.70it/s, Saved at =inf, TrLoss=0.2738]
 Training FV-alpha-s1-t5:  40%|████      | 20/50 [00:01<00:02, 10.66it/s, Saved at =inf, TrLoss=0.2738]
 Training FV-alpha-s1-t5:  40%|████      | 20/50 [00:01<00:02, 10.66it/s, Saved at =inf, TrLoss=0.2729]
 Training FV-alpha-s1-t5:  40%|████      | 20/50 [00:02<00:02, 10.66it/s, Saved at =inf, TrLoss=0.2561]
 Training FV-alpha-s1-t5:  44%|████▍     | 22/50 [00:02<00:02, 10.65it/s, Saved at =inf, TrLoss=0.2561]
 Training FV-alpha-s1-t5:  44%|████▍     | 22/50 [00:02<00:02, 10.65it/s, Saved at =inf, TrLoss=0.2556]
 Training FV-alpha-s1-t5:  44%|████▍     | 22/50 [00:02<00:02, 10.65it/s, Saved at =inf, TrLoss=0.2413]
 Training FV-alpha-s1-t5:  48%|████▊     | 24/50 [00:02<00:02, 10.71it/s, Saved at =inf, TrLoss=0.2413]
 Training FV-alpha-s1-t5:  48%|████▊     | 24/50 [00:02<00:02, 10.71it/s, Saved at =inf, TrLoss=0.2297]
 Training FV-alpha-s1-t5:  48%|████▊     | 24/50 [00:02<00:02, 10.71it/s, Saved at =inf, TrLoss=0.2388]
 Training FV-alpha-s1-t5:  52%|█████▏    | 26/50 [00:02<00:02, 10.67it/s, Saved at =inf, TrLoss=0.2388]
 Training FV-alpha-s1-t5:  52%|█████▏    | 26/50 [00:02<00:02, 10.67it/s, Saved at =inf, TrLoss=0.2255]
 Training FV-alpha-s1-t5:  52%|█████▏    | 26/50 [00:02<00:02, 10.67it/s, Saved at =inf, TrLoss=0.2153]
 Training FV-alpha-s1-t5:  56%|█████▌    | 28/50 [00:02<00:02, 10.69it/s, Saved at =inf, TrLoss=0.2153]
 Training FV-alpha-s1-t5:  56%|█████▌    | 28/50 [00:02<00:02, 10.69it/s, Saved at =inf, TrLoss=0.2282]
 Training FV-alpha-s1-t5:  56%|█████▌    | 28/50 [00:02<00:02, 10.69it/s, Saved at =inf, TrLoss=0.2558]
 Training FV-alpha-s1-t5:  60%|██████    | 30/50 [00:02<00:01, 10.70it/s, Saved at =inf, TrLoss=0.2558]
 Training FV-alpha-s1-t5:  60%|██████    | 30/50 [00:02<00:01, 10.70it/s, Saved at =inf, TrLoss=0.2847]
 Training FV-alpha-s1-t5:  60%|██████    | 30/50 [00:02<00:01, 10.70it/s, Saved at =inf, TrLoss=0.2053]
 Training FV-alpha-s1-t5:  64%|██████▍   | 32/50 [00:03<00:01, 10.66it/s, Saved at =inf, TrLoss=0.2053]
 Training FV-alpha-s1-t5:  64%|██████▍   | 32/50 [00:03<00:01, 10.66it/s, Saved at =inf, TrLoss=0.2673]
 Training FV-alpha-s1-t5:  64%|██████▍   | 32/50 [00:03<00:01, 10.66it/s, Saved at =inf, TrLoss=0.2136]
 Training FV-alpha-s1-t5:  68%|██████▊   | 34/50 [00:03<00:01, 10.63it/s, Saved at =inf, TrLoss=0.2136]
 Training FV-alpha-s1-t5:  68%|██████▊   | 34/50 [00:03<00:01, 10.63it/s, Saved at =inf, TrLoss=0.2420]
 Training FV-alpha-s1-t5:  68%|██████▊   | 34/50 [00:03<00:01, 10.63it/s, Saved at =inf, TrLoss=0.2050]
 Training FV-alpha-s1-t5:  72%|███████▏  | 36/50 [00:03<00:01, 10.65it/s, Saved at =inf, TrLoss=0.2050]
 Training FV-alpha-s1-t5:  72%|███████▏  | 36/50 [00:03<00:01, 10.65it/s, Saved at =inf, TrLoss=0.2195]
 Training FV-alpha-s1-t5:  72%|███████▏  | 36/50 [00:03<00:01, 10.65it/s, Saved at =inf, TrLoss=0.2069]
 Training FV-alpha-s1-t5:  76%|███████▌  | 38/50 [00:03<00:01, 10.68it/s, Saved at =inf, TrLoss=0.2069]
 Training FV-alpha-s1-t5:  76%|███████▌  | 38/50 [00:03<00:01, 10.68it/s, Saved at =inf, TrLoss=0.1959]
 Training FV-alpha-s1-t5:  76%|███████▌  | 38/50 [00:03<00:01, 10.68it/s, Saved at =inf, TrLoss=0.2168]
 Training FV-alpha-s1-t5:  80%|████████  | 40/50 [00:03<00:00, 10.69it/s, Saved at =inf, TrLoss=0.2168]
 Training FV-alpha-s1-t5:  80%|████████  | 40/50 [00:03<00:00, 10.69it/s, Saved at =inf, TrLoss=0.1952]
 Training FV-alpha-s1-t5:  80%|████████  | 40/50 [00:03<00:00, 10.69it/s, Saved at =inf, TrLoss=0.1860]
 Training FV-alpha-s1-t5:  84%|████████▍ | 42/50 [00:03<00:00, 10.68it/s, Saved at =inf, TrLoss=0.1860]
 Training FV-alpha-s1-t5:  84%|████████▍ | 42/50 [00:04<00:00, 10.68it/s, Saved at =inf, TrLoss=0.2035]
 Training FV-alpha-s1-t5:  84%|████████▍ | 42/50 [00:04<00:00, 10.68it/s, Saved at =inf, TrLoss=0.1818]
 Training FV-alpha-s1-t5:  88%|████████▊ | 44/50 [00:04<00:00, 10.68it/s, Saved at =inf, TrLoss=0.1818]
 Training FV-alpha-s1-t5:  88%|████████▊ | 44/50 [00:04<00:00, 10.68it/s, Saved at =inf, TrLoss=0.1808]
 Training FV-alpha-s1-t5:  88%|████████▊ | 44/50 [00:04<00:00, 10.68it/s, Saved at =inf, TrLoss=0.1830]
 Training FV-alpha-s1-t5:  92%|█████████▏| 46/50 [00:04<00:00, 10.68it/s, Saved at =inf, TrLoss=0.1830]
 Training FV-alpha-s1-t5:  92%|█████████▏| 46/50 [00:04<00:00, 10.68it/s, Saved at =inf, TrLoss=0.1818]
 Training FV-alpha-s1-t5:  92%|█████████▏| 46/50 [00:04<00:00, 10.68it/s, Saved at =inf, TrLoss=0.1872]
 Training FV-alpha-s1-t5:  96%|█████████▌| 48/50 [00:04<00:00, 10.69it/s, Saved at =inf, TrLoss=0.1872]
 Training FV-alpha-s1-t5:  96%|█████████▌| 48/50 [00:04<00:00, 10.69it/s, Saved at =inf, TrLoss=0.1784]
 Training FV-alpha-s1-t5:  96%|█████████▌| 48/50 [00:04<00:00, 10.69it/s, Saved at =inf, TrLoss=0.1817]
 Training FV-alpha-s1-t5: 100%|██████████| 50/50 [00:04<00:00, 10.68it/s, Saved at =inf, TrLoss=0.1817]
 Training FV-alpha-s1-t5: 100%|██████████| 50/50 [00:04<00:00, 10.67it/s, Saved at =inf, TrLoss=0.1817]

 Training FV-alpha-s1-t6:   0%|          | 0/50 [00:00<?, ?it/s]
 Training FV-alpha-s1-t6:   0%|          | 0/50 [00:00<?, ?it/s, Saved at =inf, TrLoss=0.7075]
 Training FV-alpha-s1-t6:   2%|▏         | 1/50 [00:00<00:05,  8.36it/s, Saved at =inf, TrLoss=0.7075]
 Training FV-alpha-s1-t6:   2%|▏         | 1/50 [00:00<00:05,  8.36it/s, Saved at =inf, TrLoss=0.6745]
 Training FV-alpha-s1-t6:   4%|▍         | 2/50 [00:00<00:05,  8.81it/s, Saved at =inf, TrLoss=0.6745]
 Training FV-alpha-s1-t6:   4%|▍         | 2/50 [00:00<00:05,  8.81it/s, Saved at =inf, TrLoss=0.6213]
 Training FV-alpha-s1-t6:   6%|▌         | 3/50 [00:00<00:05,  8.89it/s, Saved at =inf, TrLoss=0.6213]
 Training FV-alpha-s1-t6:   6%|▌         | 3/50 [00:00<00:05,  8.89it/s, Saved at =inf, TrLoss=0.4923]
 Training FV-alpha-s1-t6:   8%|▊         | 4/50 [00:00<00:05,  9.05it/s, Saved at =inf, TrLoss=0.4923]
 Training FV-alpha-s1-t6:   8%|▊         | 4/50 [00:00<00:05,  9.05it/s, Saved at =inf, TrLoss=0.4987]
 Training FV-alpha-s1-t6:  10%|█         | 5/50 [00:00<00:04,  9.10it/s, Saved at =inf, TrLoss=0.4987]
 Training FV-alpha-s1-t6:  10%|█         | 5/50 [00:00<00:04,  9.10it/s, Saved at =inf, TrLoss=0.4439]
 Training FV-alpha-s1-t6:  12%|█▏        | 6/50 [00:00<00:05,  8.51it/s, Saved at =inf, TrLoss=0.4439]
 Training FV-alpha-s1-t6:  12%|█▏        | 6/50 [00:00<00:05,  8.51it/s, Saved at =inf, TrLoss=0.4217]
 Training FV-alpha-s1-t6:  14%|█▍        | 7/50 [00:00<00:05,  7.95it/s, Saved at =inf, TrLoss=0.4217]
 Training FV-alpha-s1-t6:  14%|█▍        | 7/50 [00:00<00:05,  7.95it/s, Saved at =inf, TrLoss=0.4120]
 Training FV-alpha-s1-t6:  16%|█▌        | 8/50 [00:00<00:05,  8.26it/s, Saved at =inf, TrLoss=0.4120]
 Training FV-alpha-s1-t6:  16%|█▌        | 8/50 [00:01<00:05,  8.26it/s, Saved at =inf, TrLoss=0.3656]
 Training FV-alpha-s1-t6:  18%|█▊        | 9/50 [00:01<00:04,  8.48it/s, Saved at =inf, TrLoss=0.3656]
 Training FV-alpha-s1-t6:  18%|█▊        | 9/50 [00:01<00:04,  8.48it/s, Saved at =inf, TrLoss=0.3393]
 Training FV-alpha-s1-t6:  20%|██        | 10/50 [00:01<00:04,  8.66it/s, Saved at =inf, TrLoss=0.3393]
 Training FV-alpha-s1-t6:  20%|██        | 10/50 [00:01<00:04,  8.66it/s, Saved at =inf, TrLoss=0.3216]
 Training FV-alpha-s1-t6:  22%|██▏       | 11/50 [00:01<00:04,  8.90it/s, Saved at =inf, TrLoss=0.3216]
 Training FV-alpha-s1-t6:  22%|██▏       | 11/50 [00:01<00:04,  8.90it/s, Saved at =inf, TrLoss=0.3089]
 Training FV-alpha-s1-t6:  24%|██▍       | 12/50 [00:01<00:04,  8.98it/s, Saved at =inf, TrLoss=0.3089]
 Training FV-alpha-s1-t6:  24%|██▍       | 12/50 [00:01<00:04,  8.98it/s, Saved at =inf, TrLoss=0.3065]
 Training FV-alpha-s1-t6:  26%|██▌       | 13/50 [00:01<00:04,  9.02it/s, Saved at =inf, TrLoss=0.3065]
 Training FV-alpha-s1-t6:  26%|██▌       | 13/50 [00:01<00:04,  9.02it/s, Saved at =inf, TrLoss=0.3038]
 Training FV-alpha-s1-t6:  28%|██▊       | 14/50 [00:01<00:03,  9.06it/s, Saved at =inf, TrLoss=0.3038]
 Training FV-alpha-s1-t6:  28%|██▊       | 14/50 [00:01<00:03,  9.06it/s, Saved at =inf, TrLoss=0.2805]
 Training FV-alpha-s1-t6:  30%|███       | 15/50 [00:01<00:03,  9.07it/s, Saved at =inf, TrLoss=0.2805]
 Training FV-alpha-s1-t6:  30%|███       | 15/50 [00:01<00:03,  9.07it/s, Saved at =inf, TrLoss=0.2910]
 Training FV-alpha-s1-t6:  32%|███▏      | 16/50 [00:01<00:03,  9.05it/s, Saved at =inf, TrLoss=0.2910]
 Training FV-alpha-s1-t6:  32%|███▏      | 16/50 [00:01<00:03,  9.05it/s, Saved at =inf, TrLoss=0.2772]
 Training FV-alpha-s1-t6:  34%|███▍      | 17/50 [00:01<00:03,  9.01it/s, Saved at =inf, TrLoss=0.2772]
 Training FV-alpha-s1-t6:  34%|███▍      | 17/50 [00:02<00:03,  9.01it/s, Saved at =inf, TrLoss=0.2614]
 Training FV-alpha-s1-t6:  36%|███▌      | 18/50 [00:02<00:03,  8.98it/s, Saved at =inf, TrLoss=0.2614]
 Training FV-alpha-s1-t6:  36%|███▌      | 18/50 [00:02<00:03,  8.98it/s, Saved at =inf, TrLoss=0.2584]
 Training FV-alpha-s1-t6:  38%|███▊      | 19/50 [00:02<00:03,  8.98it/s, Saved at =inf, TrLoss=0.2584]
 Training FV-alpha-s1-t6:  38%|███▊      | 19/50 [00:02<00:03,  8.98it/s, Saved at =inf, TrLoss=0.2558]
 Training FV-alpha-s1-t6:  40%|████      | 20/50 [00:02<00:03,  8.98it/s, Saved at =inf, TrLoss=0.2558]
 Training FV-alpha-s1-t6:  40%|████      | 20/50 [00:02<00:03,  8.98it/s, Saved at =inf, TrLoss=0.2487]
 Training FV-alpha-s1-t6:  42%|████▏     | 21/50 [00:02<00:03,  9.04it/s, Saved at =inf, TrLoss=0.2487]
 Training FV-alpha-s1-t6:  42%|████▏     | 21/50 [00:02<00:03,  9.04it/s, Saved at =inf, TrLoss=0.2445]
 Training FV-alpha-s1-t6:  44%|████▍     | 22/50 [00:02<00:03,  9.03it/s, Saved at =inf, TrLoss=0.2445]
 Training FV-alpha-s1-t6:  44%|████▍     | 22/50 [00:02<00:03,  9.03it/s, Saved at =inf, TrLoss=0.2361]
 Training FV-alpha-s1-t6:  46%|████▌     | 23/50 [00:02<00:02,  9.06it/s, Saved at =inf, TrLoss=0.2361]
 Training FV-alpha-s1-t6:  46%|████▌     | 23/50 [00:02<00:02,  9.06it/s, Saved at =inf, TrLoss=0.2404]
 Training FV-alpha-s1-t6:  48%|████▊     | 24/50 [00:02<00:02,  9.03it/s, Saved at =inf, TrLoss=0.2404]
 Training FV-alpha-s1-t6:  48%|████▊     | 24/50 [00:02<00:02,  9.03it/s, Saved at =inf, TrLoss=0.2344]
 Training FV-alpha-s1-t6:  50%|█████     | 25/50 [00:02<00:02,  9.01it/s, Saved at =inf, TrLoss=0.2344]
 Training FV-alpha-s1-t6:  50%|█████     | 25/50 [00:02<00:02,  9.01it/s, Saved at =inf, TrLoss=0.2295]
 Training FV-alpha-s1-t6:  52%|█████▏    | 26/50 [00:02<00:02,  9.01it/s, Saved at =inf, TrLoss=0.2295]
 Training FV-alpha-s1-t6:  52%|█████▏    | 26/50 [00:03<00:02,  9.01it/s, Saved at =inf, TrLoss=0.2261]
 Training FV-alpha-s1-t6:  54%|█████▍    | 27/50 [00:03<00:02,  9.02it/s, Saved at =inf, TrLoss=0.2261]
 Training FV-alpha-s1-t6:  54%|█████▍    | 27/50 [00:03<00:02,  9.02it/s, Saved at =inf, TrLoss=0.2109]
 Training FV-alpha-s1-t6:  56%|█████▌    | 28/50 [00:03<00:02,  9.02it/s, Saved at =inf, TrLoss=0.2109]
 Training FV-alpha-s1-t6:  56%|█████▌    | 28/50 [00:03<00:02,  9.02it/s, Saved at =inf, TrLoss=0.2168]
 Training FV-alpha-s1-t6:  58%|█████▊    | 29/50 [00:03<00:02,  9.02it/s, Saved at =inf, TrLoss=0.2168]
 Training FV-alpha-s1-t6:  58%|█████▊    | 29/50 [00:03<00:02,  9.02it/s, Saved at =inf, TrLoss=0.2171]
 Training FV-alpha-s1-t6:  60%|██████    | 30/50 [00:03<00:02,  9.01it/s, Saved at =inf, TrLoss=0.2171]
 Training FV-alpha-s1-t6:  60%|██████    | 30/50 [00:03<00:02,  9.01it/s, Saved at =inf, TrLoss=0.2353]
 Training FV-alpha-s1-t6:  62%|██████▏   | 31/50 [00:03<00:02,  9.02it/s, Saved at =inf, TrLoss=0.2353]
 Training FV-alpha-s1-t6:  62%|██████▏   | 31/50 [00:03<00:02,  9.02it/s, Saved at =inf, TrLoss=0.2117]
 Training FV-alpha-s1-t6:  64%|██████▍   | 32/50 [00:03<00:01,  9.02it/s, Saved at =inf, TrLoss=0.2117]
 Training FV-alpha-s1-t6:  64%|██████▍   | 32/50 [00:03<00:01,  9.02it/s, Saved at =inf, TrLoss=0.2011]
 Training FV-alpha-s1-t6:  66%|██████▌   | 33/50 [00:03<00:01,  9.02it/s, Saved at =inf, TrLoss=0.2011]
 Training FV-alpha-s1-t6:  66%|██████▌   | 33/50 [00:03<00:01,  9.02it/s, Saved at =inf, TrLoss=0.2038]
 Training FV-alpha-s1-t6:  68%|██████▊   | 34/50 [00:03<00:01,  9.02it/s, Saved at =inf, TrLoss=0.2038]
 Training FV-alpha-s1-t6:  68%|██████▊   | 34/50 [00:03<00:01,  9.02it/s, Saved at =inf, TrLoss=0.1981]
 Training FV-alpha-s1-t6:  70%|███████   | 35/50 [00:03<00:01,  9.02it/s, Saved at =inf, TrLoss=0.1981]
 Training FV-alpha-s1-t6:  70%|███████   | 35/50 [00:04<00:01,  9.02it/s, Saved at =inf, TrLoss=0.1964]
 Training FV-alpha-s1-t6:  72%|███████▏  | 36/50 [00:04<00:01,  9.01it/s, Saved at =inf, TrLoss=0.1964]
 Training FV-alpha-s1-t6:  72%|███████▏  | 36/50 [00:04<00:01,  9.01it/s, Saved at =inf, TrLoss=0.1927]
 Training FV-alpha-s1-t6:  74%|███████▍  | 37/50 [00:04<00:01,  9.01it/s, Saved at =inf, TrLoss=0.1927]
 Training FV-alpha-s1-t6:  74%|███████▍  | 37/50 [00:04<00:01,  9.01it/s, Saved at =inf, TrLoss=0.1861]
 Training FV-alpha-s1-t6:  76%|███████▌  | 38/50 [00:04<00:01,  9.01it/s, Saved at =inf, TrLoss=0.1861]
 Training FV-alpha-s1-t6:  76%|███████▌  | 38/50 [00:04<00:01,  9.01it/s, Saved at =inf, TrLoss=0.1825]
 Training FV-alpha-s1-t6:  78%|███████▊  | 39/50 [00:04<00:01,  9.00it/s, Saved at =inf, TrLoss=0.1825]
 Training FV-alpha-s1-t6:  78%|███████▊  | 39/50 [00:04<00:01,  9.00it/s, Saved at =inf, TrLoss=0.1839]
 Training FV-alpha-s1-t6:  80%|████████  | 40/50 [00:04<00:01,  9.00it/s, Saved at =inf, TrLoss=0.1839]
 Training FV-alpha-s1-t6:  80%|████████  | 40/50 [00:04<00:01,  9.00it/s, Saved at =inf, TrLoss=0.1836]
 Training FV-alpha-s1-t6:  82%|████████▏ | 41/50 [00:04<00:00,  9.01it/s, Saved at =inf, TrLoss=0.1836]
 Training FV-alpha-s1-t6:  82%|████████▏ | 41/50 [00:04<00:00,  9.01it/s, Saved at =inf, TrLoss=0.1716]
 Training FV-alpha-s1-t6:  84%|████████▍ | 42/50 [00:04<00:00,  9.01it/s, Saved at =inf, TrLoss=0.1716]
 Training FV-alpha-s1-t6:  84%|████████▍ | 42/50 [00:04<00:00,  9.01it/s, Saved at =inf, TrLoss=0.1789]
 Training FV-alpha-s1-t6:  86%|████████▌ | 43/50 [00:04<00:00,  9.02it/s, Saved at =inf, TrLoss=0.1789]
 Training FV-alpha-s1-t6:  86%|████████▌ | 43/50 [00:04<00:00,  9.02it/s, Saved at =inf, TrLoss=0.1773]
 Training FV-alpha-s1-t6:  88%|████████▊ | 44/50 [00:04<00:00,  9.02it/s, Saved at =inf, TrLoss=0.1773]
 Training FV-alpha-s1-t6:  88%|████████▊ | 44/50 [00:04<00:00,  9.02it/s, Saved at =inf, TrLoss=0.1666]
 Training FV-alpha-s1-t6:  90%|█████████ | 45/50 [00:05<00:00,  9.03it/s, Saved at =inf, TrLoss=0.1666]
 Training FV-alpha-s1-t6:  90%|█████████ | 45/50 [00:05<00:00,  9.03it/s, Saved at =inf, TrLoss=0.1700]
 Training FV-alpha-s1-t6:  92%|█████████▏| 46/50 [00:05<00:00,  9.02it/s, Saved at =inf, TrLoss=0.1700]
 Training FV-alpha-s1-t6:  92%|█████████▏| 46/50 [00:05<00:00,  9.02it/s, Saved at =inf, TrLoss=0.1741]
 Training FV-alpha-s1-t6:  94%|█████████▍| 47/50 [00:05<00:00,  9.03it/s, Saved at =inf, TrLoss=0.1741]
 Training FV-alpha-s1-t6:  94%|█████████▍| 47/50 [00:05<00:00,  9.03it/s, Saved at =inf, TrLoss=0.1759]
 Training FV-alpha-s1-t6:  96%|█████████▌| 48/50 [00:05<00:00,  9.03it/s, Saved at =inf, TrLoss=0.1759]
 Training FV-alpha-s1-t6:  96%|█████████▌| 48/50 [00:05<00:00,  9.03it/s, Saved at =inf, TrLoss=0.1682]
 Training FV-alpha-s1-t6:  98%|█████████▊| 49/50 [00:05<00:00,  9.03it/s, Saved at =inf, TrLoss=0.1682]
 Training FV-alpha-s1-t6:  98%|█████████▊| 49/50 [00:05<00:00,  9.03it/s, Saved at =inf, TrLoss=0.1734]
 Training FV-alpha-s1-t6: 100%|██████████| 50/50 [00:05<00:00,  9.02it/s, Saved at =inf, TrLoss=0.1734]
 Training FV-alpha-s1-t6: 100%|██████████| 50/50 [00:05<00:00,  8.95it/s, Saved at =inf, TrLoss=0.1734]

 Training FV-alpha-s1-t7:   0%|          | 0/50 [00:00<?, ?it/s]
 Training FV-alpha-s1-t7:   0%|          | 0/50 [00:00<?, ?it/s, Saved at =inf, TrLoss=0.7281]
 Training FV-alpha-s1-t7:   2%|▏         | 1/50 [00:00<00:06,  7.01it/s, Saved at =inf, TrLoss=0.7281]
 Training FV-alpha-s1-t7:   2%|▏         | 1/50 [00:00<00:06,  7.01it/s, Saved at =inf, TrLoss=0.7181]
 Training FV-alpha-s1-t7:   4%|▍         | 2/50 [00:00<00:06,  7.43it/s, Saved at =inf, TrLoss=0.7181]
 Training FV-alpha-s1-t7:   4%|▍         | 2/50 [00:00<00:06,  7.43it/s, Saved at =inf, TrLoss=0.6812]
 Training FV-alpha-s1-t7:   6%|▌         | 3/50 [00:00<00:06,  7.60it/s, Saved at =inf, TrLoss=0.6812]
 Training FV-alpha-s1-t7:   6%|▌         | 3/50 [00:00<00:06,  7.60it/s, Saved at =inf, TrLoss=0.5856]
 Training FV-alpha-s1-t7:   8%|▊         | 4/50 [00:00<00:06,  7.66it/s, Saved at =inf, TrLoss=0.5856]
 Training FV-alpha-s1-t7:   8%|▊         | 4/50 [00:00<00:06,  7.66it/s, Saved at =inf, TrLoss=0.5417]
 Training FV-alpha-s1-t7:  10%|█         | 5/50 [00:00<00:05,  7.71it/s, Saved at =inf, TrLoss=0.5417]
 Training FV-alpha-s1-t7:  10%|█         | 5/50 [00:00<00:05,  7.71it/s, Saved at =inf, TrLoss=0.5252]
 Training FV-alpha-s1-t7:  12%|█▏        | 6/50 [00:00<00:05,  7.73it/s, Saved at =inf, TrLoss=0.5252]
 Training FV-alpha-s1-t7:  12%|█▏        | 6/50 [00:00<00:05,  7.73it/s, Saved at =inf, TrLoss=0.5040]
 Training FV-alpha-s1-t7:  14%|█▍        | 7/50 [00:00<00:05,  7.73it/s, Saved at =inf, TrLoss=0.5040]
 Training FV-alpha-s1-t7:  14%|█▍        | 7/50 [00:01<00:05,  7.73it/s, Saved at =inf, TrLoss=0.4702]
 Training FV-alpha-s1-t7:  16%|█▌        | 8/50 [00:01<00:05,  7.74it/s, Saved at =inf, TrLoss=0.4702]
 Training FV-alpha-s1-t7:  16%|█▌        | 8/50 [00:01<00:05,  7.74it/s, Saved at =inf, TrLoss=0.4616]
 Training FV-alpha-s1-t7:  18%|█▊        | 9/50 [00:01<00:05,  7.75it/s, Saved at =inf, TrLoss=0.4616]
 Training FV-alpha-s1-t7:  18%|█▊        | 9/50 [00:01<00:05,  7.75it/s, Saved at =inf, TrLoss=0.3980]
 Training FV-alpha-s1-t7:  20%|██        | 10/50 [00:01<00:05,  7.76it/s, Saved at =inf, TrLoss=0.3980]
 Training FV-alpha-s1-t7:  20%|██        | 10/50 [00:01<00:05,  7.76it/s, Saved at =inf, TrLoss=0.3705]
 Training FV-alpha-s1-t7:  22%|██▏       | 11/50 [00:01<00:05,  7.77it/s, Saved at =inf, TrLoss=0.3705]
 Training FV-alpha-s1-t7:  22%|██▏       | 11/50 [00:01<00:05,  7.77it/s, Saved at =inf, TrLoss=0.3444]
 Training FV-alpha-s1-t7:  24%|██▍       | 12/50 [00:01<00:04,  7.78it/s, Saved at =inf, TrLoss=0.3444]
 Training FV-alpha-s1-t7:  24%|██▍       | 12/50 [00:01<00:04,  7.78it/s, Saved at =inf, TrLoss=0.3400]
 Training FV-alpha-s1-t7:  26%|██▌       | 13/50 [00:01<00:04,  7.78it/s, Saved at =inf, TrLoss=0.3400]
 Training FV-alpha-s1-t7:  26%|██▌       | 13/50 [00:01<00:04,  7.78it/s, Saved at =inf, TrLoss=0.3415]
 Training FV-alpha-s1-t7:  28%|██▊       | 14/50 [00:01<00:04,  7.78it/s, Saved at =inf, TrLoss=0.3415]
 Training FV-alpha-s1-t7:  28%|██▊       | 14/50 [00:01<00:04,  7.78it/s, Saved at =inf, TrLoss=0.3415]
 Training FV-alpha-s1-t7:  30%|███       | 15/50 [00:01<00:04,  7.78it/s, Saved at =inf, TrLoss=0.3415]
 Training FV-alpha-s1-t7:  30%|███       | 15/50 [00:02<00:04,  7.78it/s, Saved at =inf, TrLoss=0.3061]
 Training FV-alpha-s1-t7:  32%|███▏      | 16/50 [00:02<00:04,  7.77it/s, Saved at =inf, TrLoss=0.3061]
 Training FV-alpha-s1-t7:  32%|███▏      | 16/50 [00:02<00:04,  7.77it/s, Saved at =inf, TrLoss=0.3079]
 Training FV-alpha-s1-t7:  34%|███▍      | 17/50 [00:02<00:04,  7.77it/s, Saved at =inf, TrLoss=0.3079]
 Training FV-alpha-s1-t7:  34%|███▍      | 17/50 [00:02<00:04,  7.77it/s, Saved at =inf, TrLoss=0.3210]
 Training FV-alpha-s1-t7:  36%|███▌      | 18/50 [00:02<00:04,  7.78it/s, Saved at =inf, TrLoss=0.3210]
 Training FV-alpha-s1-t7:  36%|███▌      | 18/50 [00:02<00:04,  7.78it/s, Saved at =inf, TrLoss=0.2898]
 Training FV-alpha-s1-t7:  38%|███▊      | 19/50 [00:02<00:03,  7.79it/s, Saved at =inf, TrLoss=0.2898]
 Training FV-alpha-s1-t7:  38%|███▊      | 19/50 [00:02<00:03,  7.79it/s, Saved at =inf, TrLoss=0.2857]
 Training FV-alpha-s1-t7:  40%|████      | 20/50 [00:02<00:03,  7.78it/s, Saved at =inf, TrLoss=0.2857]
 Training FV-alpha-s1-t7:  40%|████      | 20/50 [00:02<00:03,  7.78it/s, Saved at =inf, TrLoss=0.3107]
 Training FV-alpha-s1-t7:  42%|████▏     | 21/50 [00:02<00:03,  7.75it/s, Saved at =inf, TrLoss=0.3107]
 Training FV-alpha-s1-t7:  42%|████▏     | 21/50 [00:02<00:03,  7.75it/s, Saved at =inf, TrLoss=0.2697]
 Training FV-alpha-s1-t7:  44%|████▍     | 22/50 [00:02<00:03,  7.76it/s, Saved at =inf, TrLoss=0.2697]
 Training FV-alpha-s1-t7:  44%|████▍     | 22/50 [00:02<00:03,  7.76it/s, Saved at =inf, TrLoss=0.2823]
 Training FV-alpha-s1-t7:  46%|████▌     | 23/50 [00:02<00:03,  7.77it/s, Saved at =inf, TrLoss=0.2823]
 Training FV-alpha-s1-t7:  46%|████▌     | 23/50 [00:03<00:03,  7.77it/s, Saved at =inf, TrLoss=0.2746]
 Training FV-alpha-s1-t7:  48%|████▊     | 24/50 [00:03<00:03,  7.77it/s, Saved at =inf, TrLoss=0.2746]
 Training FV-alpha-s1-t7:  48%|████▊     | 24/50 [00:03<00:03,  7.77it/s, Saved at =inf, TrLoss=0.2656]
 Training FV-alpha-s1-t7:  50%|█████     | 25/50 [00:03<00:03,  7.78it/s, Saved at =inf, TrLoss=0.2656]
 Training FV-alpha-s1-t7:  50%|█████     | 25/50 [00:03<00:03,  7.78it/s, Saved at =inf, TrLoss=0.2665]
 Training FV-alpha-s1-t7:  52%|█████▏    | 26/50 [00:03<00:03,  7.78it/s, Saved at =inf, TrLoss=0.2665]
 Training FV-alpha-s1-t7:  52%|█████▏    | 26/50 [00:03<00:03,  7.78it/s, Saved at =inf, TrLoss=0.2555]
 Training FV-alpha-s1-t7:  54%|█████▍    | 27/50 [00:03<00:02,  7.78it/s, Saved at =inf, TrLoss=0.2555]
 Training FV-alpha-s1-t7:  54%|█████▍    | 27/50 [00:03<00:02,  7.78it/s, Saved at =inf, TrLoss=0.2514]
 Training FV-alpha-s1-t7:  56%|█████▌    | 28/50 [00:03<00:02,  7.77it/s, Saved at =inf, TrLoss=0.2514]
 Training FV-alpha-s1-t7:  56%|█████▌    | 28/50 [00:03<00:02,  7.77it/s, Saved at =inf, TrLoss=0.2482]
 Training FV-alpha-s1-t7:  58%|█████▊    | 29/50 [00:03<00:02,  7.77it/s, Saved at =inf, TrLoss=0.2482]
 Training FV-alpha-s1-t7:  58%|█████▊    | 29/50 [00:03<00:02,  7.77it/s, Saved at =inf, TrLoss=0.2483]
 Training FV-alpha-s1-t7:  60%|██████    | 30/50 [00:03<00:02,  7.76it/s, Saved at =inf, TrLoss=0.2483]
 Training FV-alpha-s1-t7:  60%|██████    | 30/50 [00:03<00:02,  7.76it/s, Saved at =inf, TrLoss=0.2554]
 Training FV-alpha-s1-t7:  62%|██████▏   | 31/50 [00:04<00:02,  7.76it/s, Saved at =inf, TrLoss=0.2554]
 Training FV-alpha-s1-t7:  62%|██████▏   | 31/50 [00:04<00:02,  7.76it/s, Saved at =inf, TrLoss=0.2330]
 Training FV-alpha-s1-t7:  64%|██████▍   | 32/50 [00:04<00:02,  7.77it/s, Saved at =inf, TrLoss=0.2330]
 Training FV-alpha-s1-t7:  64%|██████▍   | 32/50 [00:04<00:02,  7.77it/s, Saved at =inf, TrLoss=0.2455]
 Training FV-alpha-s1-t7:  66%|██████▌   | 33/50 [00:04<00:02,  7.77it/s, Saved at =inf, TrLoss=0.2455]
 Training FV-alpha-s1-t7:  66%|██████▌   | 33/50 [00:04<00:02,  7.77it/s, Saved at =inf, TrLoss=0.2348]
 Training FV-alpha-s1-t7:  68%|██████▊   | 34/50 [00:04<00:02,  7.78it/s, Saved at =inf, TrLoss=0.2348]
 Training FV-alpha-s1-t7:  68%|██████▊   | 34/50 [00:04<00:02,  7.78it/s, Saved at =inf, TrLoss=0.2314]
 Training FV-alpha-s1-t7:  70%|███████   | 35/50 [00:04<00:01,  7.77it/s, Saved at =inf, TrLoss=0.2314]
 Training FV-alpha-s1-t7:  70%|███████   | 35/50 [00:04<00:01,  7.77it/s, Saved at =inf, TrLoss=0.2288]
 Training FV-alpha-s1-t7:  72%|███████▏  | 36/50 [00:04<00:01,  7.77it/s, Saved at =inf, TrLoss=0.2288]
 Training FV-alpha-s1-t7:  72%|███████▏  | 36/50 [00:04<00:01,  7.77it/s, Saved at =inf, TrLoss=0.2248]
 Training FV-alpha-s1-t7:  74%|███████▍  | 37/50 [00:04<00:01,  7.77it/s, Saved at =inf, TrLoss=0.2248]
 Training FV-alpha-s1-t7:  74%|███████▍  | 37/50 [00:04<00:01,  7.77it/s, Saved at =inf, TrLoss=0.2287]
 Training FV-alpha-s1-t7:  76%|███████▌  | 38/50 [00:04<00:01,  7.76it/s, Saved at =inf, TrLoss=0.2287]
 Training FV-alpha-s1-t7:  76%|███████▌  | 38/50 [00:04<00:01,  7.76it/s, Saved at =inf, TrLoss=0.2196]
 Training FV-alpha-s1-t7:  78%|███████▊  | 39/50 [00:05<00:01,  7.86it/s, Saved at =inf, TrLoss=0.2196]
 Training FV-alpha-s1-t7:  78%|███████▊  | 39/50 [00:05<00:01,  7.86it/s, Saved at =inf, TrLoss=0.2166]
 Training FV-alpha-s1-t7:  80%|████████  | 40/50 [00:05<00:01,  7.98it/s, Saved at =inf, TrLoss=0.2166]
 Training FV-alpha-s1-t7:  80%|████████  | 40/50 [00:05<00:01,  7.98it/s, Saved at =inf, TrLoss=0.2203]
 Training FV-alpha-s1-t7:  82%|████████▏ | 41/50 [00:05<00:01,  8.06it/s, Saved at =inf, TrLoss=0.2203]
 Training FV-alpha-s1-t7:  82%|████████▏ | 41/50 [00:05<00:01,  8.06it/s, Saved at =inf, TrLoss=0.2104]
 Training FV-alpha-s1-t7:  84%|████████▍ | 42/50 [00:05<00:00,  8.11it/s, Saved at =inf, TrLoss=0.2104]
 Training FV-alpha-s1-t7:  84%|████████▍ | 42/50 [00:05<00:00,  8.11it/s, Saved at =inf, TrLoss=0.2082]
 Training FV-alpha-s1-t7:  86%|████████▌ | 43/50 [00:05<00:00,  8.14it/s, Saved at =inf, TrLoss=0.2082]
 Training FV-alpha-s1-t7:  86%|████████▌ | 43/50 [00:05<00:00,  8.14it/s, Saved at =inf, TrLoss=0.2127]
 Training FV-alpha-s1-t7:  88%|████████▊ | 44/50 [00:05<00:00,  8.16it/s, Saved at =inf, TrLoss=0.2127]
 Training FV-alpha-s1-t7:  88%|████████▊ | 44/50 [00:05<00:00,  8.16it/s, Saved at =inf, TrLoss=0.1986]
 Training FV-alpha-s1-t7:  90%|█████████ | 45/50 [00:05<00:00,  8.19it/s, Saved at =inf, TrLoss=0.1986]
 Training FV-alpha-s1-t7:  90%|█████████ | 45/50 [00:05<00:00,  8.19it/s, Saved at =inf, TrLoss=0.2022]
 Training FV-alpha-s1-t7:  92%|█████████▏| 46/50 [00:05<00:00,  8.22it/s, Saved at =inf, TrLoss=0.2022]
 Training FV-alpha-s1-t7:  92%|█████████▏| 46/50 [00:05<00:00,  8.22it/s, Saved at =inf, TrLoss=0.2047]
 Training FV-alpha-s1-t7:  94%|█████████▍| 47/50 [00:05<00:00,  8.26it/s, Saved at =inf, TrLoss=0.2047]
 Training FV-alpha-s1-t7:  94%|█████████▍| 47/50 [00:06<00:00,  8.26it/s, Saved at =inf, TrLoss=0.2011]
 Training FV-alpha-s1-t7:  96%|█████████▌| 48/50 [00:06<00:00,  8.24it/s, Saved at =inf, TrLoss=0.2011]
 Training FV-alpha-s1-t7:  96%|█████████▌| 48/50 [00:06<00:00,  8.24it/s, Saved at =inf, TrLoss=0.1918]
 Training FV-alpha-s1-t7:  98%|█████████▊| 49/50 [00:06<00:00,  8.27it/s, Saved at =inf, TrLoss=0.1918]
 Training FV-alpha-s1-t7:  98%|█████████▊| 49/50 [00:06<00:00,  8.27it/s, Saved at =inf, TrLoss=0.1951]
 Training FV-alpha-s1-t7: 100%|██████████| 50/50 [00:06<00:00,  8.28it/s, Saved at =inf, TrLoss=0.1951]
 Training FV-alpha-s1-t7: 100%|██████████| 50/50 [00:06<00:00,  7.86it/s, Saved at =inf, TrLoss=0.1951]

 Training FV-alpha-s1-t8:   0%|          | 0/50 [00:00<?, ?it/s]
 Training FV-alpha-s1-t8:   0%|          | 0/50 [00:00<?, ?it/s, Saved at =inf, TrLoss=0.7107]
 Training FV-alpha-s1-t8:   2%|▏         | 1/50 [00:00<00:07,  6.77it/s, Saved at =inf, TrLoss=0.7107]
 Training FV-alpha-s1-t8:   2%|▏         | 1/50 [00:00<00:07,  6.77it/s, Saved at =inf, TrLoss=0.6521]
 Training FV-alpha-s1-t8:   4%|▍         | 2/50 [00:00<00:06,  7.07it/s, Saved at =inf, TrLoss=0.6521]
 Training FV-alpha-s1-t8:   4%|▍         | 2/50 [00:00<00:06,  7.07it/s, Saved at =inf, TrLoss=0.5922]
 Training FV-alpha-s1-t8:   6%|▌         | 3/50 [00:00<00:06,  7.17it/s, Saved at =inf, TrLoss=0.5922]
 Training FV-alpha-s1-t8:   6%|▌         | 3/50 [00:00<00:06,  7.17it/s, Saved at =inf, TrLoss=0.5687]
 Training FV-alpha-s1-t8:   8%|▊         | 4/50 [00:00<00:06,  7.22it/s, Saved at =inf, TrLoss=0.5687]
 Training FV-alpha-s1-t8:   8%|▊         | 4/50 [00:00<00:06,  7.22it/s, Saved at =inf, TrLoss=0.5301]
 Training FV-alpha-s1-t8:  10%|█         | 5/50 [00:00<00:06,  7.25it/s, Saved at =inf, TrLoss=0.5301]
 Training FV-alpha-s1-t8:  10%|█         | 5/50 [00:00<00:06,  7.25it/s, Saved at =inf, TrLoss=0.4965]
 Training FV-alpha-s1-t8:  12%|█▏        | 6/50 [00:00<00:06,  7.26it/s, Saved at =inf, TrLoss=0.4965]
 Training FV-alpha-s1-t8:  12%|█▏        | 6/50 [00:00<00:06,  7.26it/s, Saved at =inf, TrLoss=0.4674]
 Training FV-alpha-s1-t8:  14%|█▍        | 7/50 [00:00<00:05,  7.27it/s, Saved at =inf, TrLoss=0.4674]
 Training FV-alpha-s1-t8:  14%|█▍        | 7/50 [00:01<00:05,  7.27it/s, Saved at =inf, TrLoss=0.4338]
 Training FV-alpha-s1-t8:  16%|█▌        | 8/50 [00:01<00:05,  7.28it/s, Saved at =inf, TrLoss=0.4338]
 Training FV-alpha-s1-t8:  16%|█▌        | 8/50 [00:01<00:05,  7.28it/s, Saved at =inf, TrLoss=0.4065]
 Training FV-alpha-s1-t8:  18%|█▊        | 9/50 [00:01<00:05,  7.29it/s, Saved at =inf, TrLoss=0.4065]
 Training FV-alpha-s1-t8:  18%|█▊        | 9/50 [00:01<00:05,  7.29it/s, Saved at =inf, TrLoss=0.3671]
 Training FV-alpha-s1-t8:  20%|██        | 10/50 [00:01<00:05,  7.29it/s, Saved at =inf, TrLoss=0.3671]
 Training FV-alpha-s1-t8:  20%|██        | 10/50 [00:01<00:05,  7.29it/s, Saved at =inf, TrLoss=0.3440]
 Training FV-alpha-s1-t8:  22%|██▏       | 11/50 [00:01<00:05,  7.29it/s, Saved at =inf, TrLoss=0.3440]
 Training FV-alpha-s1-t8:  22%|██▏       | 11/50 [00:01<00:05,  7.29it/s, Saved at =inf, TrLoss=0.3631]
 Training FV-alpha-s1-t8:  24%|██▍       | 12/50 [00:01<00:05,  7.29it/s, Saved at =inf, TrLoss=0.3631]
 Training FV-alpha-s1-t8:  24%|██▍       | 12/50 [00:01<00:05,  7.29it/s, Saved at =inf, TrLoss=0.4350]
 Training FV-alpha-s1-t8:  26%|██▌       | 13/50 [00:01<00:05,  7.28it/s, Saved at =inf, TrLoss=0.4350]
 Training FV-alpha-s1-t8:  26%|██▌       | 13/50 [00:01<00:05,  7.28it/s, Saved at =inf, TrLoss=0.3473]
 Training FV-alpha-s1-t8:  28%|██▊       | 14/50 [00:01<00:04,  7.28it/s, Saved at =inf, TrLoss=0.3473]
 Training FV-alpha-s1-t8:  28%|██▊       | 14/50 [00:02<00:04,  7.28it/s, Saved at =inf, TrLoss=0.3356]
 Training FV-alpha-s1-t8:  30%|███       | 15/50 [00:02<00:04,  7.29it/s, Saved at =inf, TrLoss=0.3356]
 Training FV-alpha-s1-t8:  30%|███       | 15/50 [00:02<00:04,  7.29it/s, Saved at =inf, TrLoss=0.3141]
 Training FV-alpha-s1-t8:  32%|███▏      | 16/50 [00:02<00:04,  7.29it/s, Saved at =inf, TrLoss=0.3141]
 Training FV-alpha-s1-t8:  32%|███▏      | 16/50 [00:02<00:04,  7.29it/s, Saved at =inf, TrLoss=0.3443]
 Training FV-alpha-s1-t8:  34%|███▍      | 17/50 [00:02<00:04,  7.29it/s, Saved at =inf, TrLoss=0.3443]
 Training FV-alpha-s1-t8:  34%|███▍      | 17/50 [00:02<00:04,  7.29it/s, Saved at =inf, TrLoss=0.3018]
 Training FV-alpha-s1-t8:  36%|███▌      | 18/50 [00:02<00:04,  7.30it/s, Saved at =inf, TrLoss=0.3018]
 Training FV-alpha-s1-t8:  36%|███▌      | 18/50 [00:02<00:04,  7.30it/s, Saved at =inf, TrLoss=0.3130]
 Training FV-alpha-s1-t8:  38%|███▊      | 19/50 [00:02<00:04,  7.30it/s, Saved at =inf, TrLoss=0.3130]
 Training FV-alpha-s1-t8:  38%|███▊      | 19/50 [00:02<00:04,  7.30it/s, Saved at =inf, TrLoss=0.3056]
 Training FV-alpha-s1-t8:  40%|████      | 20/50 [00:02<00:04,  7.30it/s, Saved at =inf, TrLoss=0.3056]
 Training FV-alpha-s1-t8:  40%|████      | 20/50 [00:02<00:04,  7.30it/s, Saved at =inf, TrLoss=0.2924]
 Training FV-alpha-s1-t8:  42%|████▏     | 21/50 [00:02<00:03,  7.27it/s, Saved at =inf, TrLoss=0.2924]
 Training FV-alpha-s1-t8:  42%|████▏     | 21/50 [00:02<00:03,  7.27it/s, Saved at =inf, TrLoss=0.3014]
 Training FV-alpha-s1-t8:  44%|████▍     | 22/50 [00:03<00:03,  7.28it/s, Saved at =inf, TrLoss=0.3014]
 Training FV-alpha-s1-t8:  44%|████▍     | 22/50 [00:03<00:03,  7.28it/s, Saved at =inf, TrLoss=0.2858]
 Training FV-alpha-s1-t8:  46%|████▌     | 23/50 [00:03<00:03,  7.28it/s, Saved at =inf, TrLoss=0.2858]
 Training FV-alpha-s1-t8:  46%|████▌     | 23/50 [00:03<00:03,  7.28it/s, Saved at =inf, TrLoss=0.2787]
 Training FV-alpha-s1-t8:  48%|████▊     | 24/50 [00:03<00:03,  7.29it/s, Saved at =inf, TrLoss=0.2787]
 Training FV-alpha-s1-t8:  48%|████▊     | 24/50 [00:03<00:03,  7.29it/s, Saved at =inf, TrLoss=0.2845]
 Training FV-alpha-s1-t8:  50%|█████     | 25/50 [00:03<00:03,  7.29it/s, Saved at =inf, TrLoss=0.2845]
 Training FV-alpha-s1-t8:  50%|█████     | 25/50 [00:03<00:03,  7.29it/s, Saved at =inf, TrLoss=0.2673]
 Training FV-alpha-s1-t8:  52%|█████▏    | 26/50 [00:03<00:03,  7.29it/s, Saved at =inf, TrLoss=0.2673]
 Training FV-alpha-s1-t8:  52%|█████▏    | 26/50 [00:03<00:03,  7.29it/s, Saved at =inf, TrLoss=0.2702]
 Training FV-alpha-s1-t8:  54%|█████▍    | 27/50 [00:03<00:03,  7.29it/s, Saved at =inf, TrLoss=0.2702]
 Training FV-alpha-s1-t8:  54%|█████▍    | 27/50 [00:03<00:03,  7.29it/s, Saved at =inf, TrLoss=0.2580]
 Training FV-alpha-s1-t8:  56%|█████▌    | 28/50 [00:03<00:03,  7.29it/s, Saved at =inf, TrLoss=0.2580]
 Training FV-alpha-s1-t8:  56%|█████▌    | 28/50 [00:03<00:03,  7.29it/s, Saved at =inf, TrLoss=0.2633]
 Training FV-alpha-s1-t8:  58%|█████▊    | 29/50 [00:03<00:02,  7.28it/s, Saved at =inf, TrLoss=0.2633]
 Training FV-alpha-s1-t8:  58%|█████▊    | 29/50 [00:04<00:02,  7.28it/s, Saved at =inf, TrLoss=0.2488]
 Training FV-alpha-s1-t8:  60%|██████    | 30/50 [00:04<00:02,  7.29it/s, Saved at =inf, TrLoss=0.2488]
 Training FV-alpha-s1-t8:  60%|██████    | 30/50 [00:04<00:02,  7.29it/s, Saved at =inf, TrLoss=0.2468]
 Training FV-alpha-s1-t8:  62%|██████▏   | 31/50 [00:04<00:02,  7.29it/s, Saved at =inf, TrLoss=0.2468]
 Training FV-alpha-s1-t8:  62%|██████▏   | 31/50 [00:04<00:02,  7.29it/s, Saved at =inf, TrLoss=0.2453]
 Training FV-alpha-s1-t8:  64%|██████▍   | 32/50 [00:04<00:02,  7.29it/s, Saved at =inf, TrLoss=0.2453]
 Training FV-alpha-s1-t8:  64%|██████▍   | 32/50 [00:04<00:02,  7.29it/s, Saved at =inf, TrLoss=0.2468]
 Training FV-alpha-s1-t8:  66%|██████▌   | 33/50 [00:04<00:02,  7.30it/s, Saved at =inf, TrLoss=0.2468]
 Training FV-alpha-s1-t8:  66%|██████▌   | 33/50 [00:04<00:02,  7.30it/s, Saved at =inf, TrLoss=0.2449]
 Training FV-alpha-s1-t8:  68%|██████▊   | 34/50 [00:04<00:02,  7.30it/s, Saved at =inf, TrLoss=0.2449]
 Training FV-alpha-s1-t8:  68%|██████▊   | 34/50 [00:04<00:02,  7.30it/s, Saved at =inf, TrLoss=0.2362]
 Training FV-alpha-s1-t8:  70%|███████   | 35/50 [00:04<00:02,  7.30it/s, Saved at =inf, TrLoss=0.2362]
 Training FV-alpha-s1-t8:  70%|███████   | 35/50 [00:04<00:02,  7.30it/s, Saved at =inf, TrLoss=0.2388]
 Training FV-alpha-s1-t8:  72%|███████▏  | 36/50 [00:04<00:01,  7.30it/s, Saved at =inf, TrLoss=0.2388]
 Training FV-alpha-s1-t8:  72%|███████▏  | 36/50 [00:05<00:01,  7.30it/s, Saved at =inf, TrLoss=0.2352]
 Training FV-alpha-s1-t8:  74%|███████▍  | 37/50 [00:05<00:01,  7.30it/s, Saved at =inf, TrLoss=0.2352]
 Training FV-alpha-s1-t8:  74%|███████▍  | 37/50 [00:05<00:01,  7.30it/s, Saved at =inf, TrLoss=0.2316]
 Training FV-alpha-s1-t8:  76%|███████▌  | 38/50 [00:05<00:01,  7.30it/s, Saved at =inf, TrLoss=0.2316]
 Training FV-alpha-s1-t8:  76%|███████▌  | 38/50 [00:05<00:01,  7.30it/s, Saved at =inf, TrLoss=0.2286]
 Training FV-alpha-s1-t8:  78%|███████▊  | 39/50 [00:05<00:01,  7.29it/s, Saved at =inf, TrLoss=0.2286]
 Training FV-alpha-s1-t8:  78%|███████▊  | 39/50 [00:05<00:01,  7.29it/s, Saved at =inf, TrLoss=0.2216]
 Training FV-alpha-s1-t8:  80%|████████  | 40/50 [00:05<00:01,  7.30it/s, Saved at =inf, TrLoss=0.2216]
 Training FV-alpha-s1-t8:  80%|████████  | 40/50 [00:05<00:01,  7.30it/s, Saved at =inf, TrLoss=0.2235]
 Training FV-alpha-s1-t8:  82%|████████▏ | 41/50 [00:05<00:01,  7.30it/s, Saved at =inf, TrLoss=0.2235]
 Training FV-alpha-s1-t8:  82%|████████▏ | 41/50 [00:05<00:01,  7.30it/s, Saved at =inf, TrLoss=0.2124]
 Training FV-alpha-s1-t8:  84%|████████▍ | 42/50 [00:05<00:01,  7.30it/s, Saved at =inf, TrLoss=0.2124]
 Training FV-alpha-s1-t8:  84%|████████▍ | 42/50 [00:05<00:01,  7.30it/s, Saved at =inf, TrLoss=0.2174]
 Training FV-alpha-s1-t8:  86%|████████▌ | 43/50 [00:05<00:00,  7.30it/s, Saved at =inf, TrLoss=0.2174]
 Training FV-alpha-s1-t8:  86%|████████▌ | 43/50 [00:06<00:00,  7.30it/s, Saved at =inf, TrLoss=0.2127]
 Training FV-alpha-s1-t8:  88%|████████▊ | 44/50 [00:06<00:00,  7.29it/s, Saved at =inf, TrLoss=0.2127]
 Training FV-alpha-s1-t8:  88%|████████▊ | 44/50 [00:06<00:00,  7.29it/s, Saved at =inf, TrLoss=0.2048]
 Training FV-alpha-s1-t8:  90%|█████████ | 45/50 [00:06<00:00,  7.27it/s, Saved at =inf, TrLoss=0.2048]
 Training FV-alpha-s1-t8:  90%|█████████ | 45/50 [00:06<00:00,  7.27it/s, Saved at =inf, TrLoss=0.2044]
 Training FV-alpha-s1-t8:  92%|█████████▏| 46/50 [00:06<00:00,  7.26it/s, Saved at =inf, TrLoss=0.2044]
 Training FV-alpha-s1-t8:  92%|█████████▏| 46/50 [00:06<00:00,  7.26it/s, Saved at =inf, TrLoss=0.2089]
 Training FV-alpha-s1-t8:  94%|█████████▍| 47/50 [00:06<00:00,  7.27it/s, Saved at =inf, TrLoss=0.2089]
 Training FV-alpha-s1-t8:  94%|█████████▍| 47/50 [00:06<00:00,  7.27it/s, Saved at =inf, TrLoss=0.2133]
 Training FV-alpha-s1-t8:  96%|█████████▌| 48/50 [00:06<00:00,  7.27it/s, Saved at =inf, TrLoss=0.2133]
 Training FV-alpha-s1-t8:  96%|█████████▌| 48/50 [00:06<00:00,  7.27it/s, Saved at =inf, TrLoss=0.2001]
 Training FV-alpha-s1-t8:  98%|█████████▊| 49/50 [00:06<00:00,  7.27it/s, Saved at =inf, TrLoss=0.2001]
 Training FV-alpha-s1-t8:  98%|█████████▊| 49/50 [00:06<00:00,  7.27it/s, Saved at =inf, TrLoss=0.2061]
 Training FV-alpha-s1-t8: 100%|██████████| 50/50 [00:06<00:00,  7.27it/s, Saved at =inf, TrLoss=0.2061]
 Training FV-alpha-s1-t8: 100%|██████████| 50/50 [00:06<00:00,  7.28it/s, Saved at =inf, TrLoss=0.2061]

 Training FV-alpha-s1-t9:   0%|          | 0/50 [00:00<?, ?it/s]
 Training FV-alpha-s1-t9:   0%|          | 0/50 [00:00<?, ?it/s, Saved at =inf, TrLoss=0.7400]
 Training FV-alpha-s1-t9:   2%|▏         | 1/50 [00:00<00:08,  5.87it/s, Saved at =inf, TrLoss=0.7400]
 Training FV-alpha-s1-t9:   2%|▏         | 1/50 [00:00<00:08,  5.87it/s, Saved at =inf, TrLoss=0.6801]
 Training FV-alpha-s1-t9:   4%|▍         | 2/50 [00:00<00:07,  6.08it/s, Saved at =inf, TrLoss=0.6801]
 Training FV-alpha-s1-t9:   4%|▍         | 2/50 [00:00<00:07,  6.08it/s, Saved at =inf, TrLoss=0.6178]
 Training FV-alpha-s1-t9:   6%|▌         | 3/50 [00:00<00:07,  6.16it/s, Saved at =inf, TrLoss=0.6178]
 Training FV-alpha-s1-t9:   6%|▌         | 3/50 [00:00<00:07,  6.16it/s, Saved at =inf, TrLoss=0.5607]
 Training FV-alpha-s1-t9:   8%|▊         | 4/50 [00:00<00:07,  6.19it/s, Saved at =inf, TrLoss=0.5607]
 Training FV-alpha-s1-t9:   8%|▊         | 4/50 [00:00<00:07,  6.19it/s, Saved at =inf, TrLoss=0.4841]
 Training FV-alpha-s1-t9:  10%|█         | 5/50 [00:00<00:07,  6.22it/s, Saved at =inf, TrLoss=0.4841]
 Training FV-alpha-s1-t9:  10%|█         | 5/50 [00:00<00:07,  6.22it/s, Saved at =inf, TrLoss=0.4405]
 Training FV-alpha-s1-t9:  12%|█▏        | 6/50 [00:00<00:07,  6.24it/s, Saved at =inf, TrLoss=0.4405]
 Training FV-alpha-s1-t9:  12%|█▏        | 6/50 [00:01<00:07,  6.24it/s, Saved at =inf, TrLoss=0.4319]
 Training FV-alpha-s1-t9:  14%|█▍        | 7/50 [00:01<00:06,  6.25it/s, Saved at =inf, TrLoss=0.4319]
 Training FV-alpha-s1-t9:  14%|█▍        | 7/50 [00:01<00:06,  6.25it/s, Saved at =inf, TrLoss=0.3984]
 Training FV-alpha-s1-t9:  16%|█▌        | 8/50 [00:01<00:06,  6.26it/s, Saved at =inf, TrLoss=0.3984]
 Training FV-alpha-s1-t9:  16%|█▌        | 8/50 [00:01<00:06,  6.26it/s, Saved at =inf, TrLoss=0.3594]
 Training FV-alpha-s1-t9:  18%|█▊        | 9/50 [00:01<00:06,  6.26it/s, Saved at =inf, TrLoss=0.3594]
 Training FV-alpha-s1-t9:  18%|█▊        | 9/50 [00:01<00:06,  6.26it/s, Saved at =inf, TrLoss=0.3667]
 Training FV-alpha-s1-t9:  20%|██        | 10/50 [00:01<00:06,  6.26it/s, Saved at =inf, TrLoss=0.3667]
 Training FV-alpha-s1-t9:  20%|██        | 10/50 [00:01<00:06,  6.26it/s, Saved at =inf, TrLoss=0.4996]
 Training FV-alpha-s1-t9:  22%|██▏       | 11/50 [00:01<00:06,  6.25it/s, Saved at =inf, TrLoss=0.4996]
 Training FV-alpha-s1-t9:  22%|██▏       | 11/50 [00:01<00:06,  6.25it/s, Saved at =inf, TrLoss=0.3270]
 Training FV-alpha-s1-t9:  24%|██▍       | 12/50 [00:01<00:06,  6.25it/s, Saved at =inf, TrLoss=0.3270]
 Training FV-alpha-s1-t9:  24%|██▍       | 12/50 [00:02<00:06,  6.25it/s, Saved at =inf, TrLoss=0.4375]
 Training FV-alpha-s1-t9:  26%|██▌       | 13/50 [00:02<00:05,  6.25it/s, Saved at =inf, TrLoss=0.4375]
 Training FV-alpha-s1-t9:  26%|██▌       | 13/50 [00:02<00:05,  6.25it/s, Saved at =inf, TrLoss=0.3230]
 Training FV-alpha-s1-t9:  28%|██▊       | 14/50 [00:02<00:05,  6.25it/s, Saved at =inf, TrLoss=0.3230]
 Training FV-alpha-s1-t9:  28%|██▊       | 14/50 [00:02<00:05,  6.25it/s, Saved at =inf, TrLoss=0.3616]
 Training FV-alpha-s1-t9:  30%|███       | 15/50 [00:02<00:05,  6.26it/s, Saved at =inf, TrLoss=0.3616]
 Training FV-alpha-s1-t9:  30%|███       | 15/50 [00:02<00:05,  6.26it/s, Saved at =inf, TrLoss=0.3679]
 Training FV-alpha-s1-t9:  32%|███▏      | 16/50 [00:02<00:05,  6.27it/s, Saved at =inf, TrLoss=0.3679]
 Training FV-alpha-s1-t9:  32%|███▏      | 16/50 [00:02<00:05,  6.27it/s, Saved at =inf, TrLoss=0.3255]
 Training FV-alpha-s1-t9:  34%|███▍      | 17/50 [00:02<00:05,  6.26it/s, Saved at =inf, TrLoss=0.3255]
 Training FV-alpha-s1-t9:  34%|███▍      | 17/50 [00:02<00:05,  6.26it/s, Saved at =inf, TrLoss=0.3330]
 Training FV-alpha-s1-t9:  36%|███▌      | 18/50 [00:02<00:05,  6.27it/s, Saved at =inf, TrLoss=0.3330]
 Training FV-alpha-s1-t9:  36%|███▌      | 18/50 [00:03<00:05,  6.27it/s, Saved at =inf, TrLoss=0.3460]
 Training FV-alpha-s1-t9:  38%|███▊      | 19/50 [00:03<00:04,  6.27it/s, Saved at =inf, TrLoss=0.3460]
 Training FV-alpha-s1-t9:  38%|███▊      | 19/50 [00:03<00:04,  6.27it/s, Saved at =inf, TrLoss=0.3242]
 Training FV-alpha-s1-t9:  40%|████      | 20/50 [00:03<00:04,  6.27it/s, Saved at =inf, TrLoss=0.3242]
 Training FV-alpha-s1-t9:  40%|████      | 20/50 [00:03<00:04,  6.27it/s, Saved at =inf, TrLoss=0.3016]
 Training FV-alpha-s1-t9:  42%|████▏     | 21/50 [00:03<00:04,  6.27it/s, Saved at =inf, TrLoss=0.3016]
 Training FV-alpha-s1-t9:  42%|████▏     | 21/50 [00:03<00:04,  6.27it/s, Saved at =inf, TrLoss=0.3109]
 Training FV-alpha-s1-t9:  44%|████▍     | 22/50 [00:03<00:04,  6.27it/s, Saved at =inf, TrLoss=0.3109]
 Training FV-alpha-s1-t9:  44%|████▍     | 22/50 [00:03<00:04,  6.27it/s, Saved at =inf, TrLoss=0.3141]
 Training FV-alpha-s1-t9:  46%|████▌     | 23/50 [00:03<00:04,  6.26it/s, Saved at =inf, TrLoss=0.3141]
 Training FV-alpha-s1-t9:  46%|████▌     | 23/50 [00:03<00:04,  6.26it/s, Saved at =inf, TrLoss=0.2937]
 Training FV-alpha-s1-t9:  48%|████▊     | 24/50 [00:03<00:04,  6.26it/s, Saved at =inf, TrLoss=0.2937]
 Training FV-alpha-s1-t9:  48%|████▊     | 24/50 [00:03<00:04,  6.26it/s, Saved at =inf, TrLoss=0.2939]
 Training FV-alpha-s1-t9:  50%|█████     | 25/50 [00:04<00:03,  6.26it/s, Saved at =inf, TrLoss=0.2939]
 Training FV-alpha-s1-t9:  50%|█████     | 25/50 [00:04<00:03,  6.26it/s, Saved at =inf, TrLoss=0.3058]
 Training FV-alpha-s1-t9:  52%|█████▏    | 26/50 [00:04<00:03,  6.27it/s, Saved at =inf, TrLoss=0.3058]
 Training FV-alpha-s1-t9:  52%|█████▏    | 26/50 [00:04<00:03,  6.27it/s, Saved at =inf, TrLoss=0.2875]
 Training FV-alpha-s1-t9:  54%|█████▍    | 27/50 [00:04<00:03,  6.27it/s, Saved at =inf, TrLoss=0.2875]
 Training FV-alpha-s1-t9:  54%|█████▍    | 27/50 [00:04<00:03,  6.27it/s, Saved at =inf, TrLoss=0.2711]
 Training FV-alpha-s1-t9:  56%|█████▌    | 28/50 [00:04<00:03,  6.27it/s, Saved at =inf, TrLoss=0.2711]
 Training FV-alpha-s1-t9:  56%|█████▌    | 28/50 [00:04<00:03,  6.27it/s, Saved at =inf, TrLoss=0.2844]
 Training FV-alpha-s1-t9:  58%|█████▊    | 29/50 [00:04<00:03,  6.27it/s, Saved at =inf, TrLoss=0.2844]
 Training FV-alpha-s1-t9:  58%|█████▊    | 29/50 [00:04<00:03,  6.27it/s, Saved at =inf, TrLoss=0.2693]
 Training FV-alpha-s1-t9:  60%|██████    | 30/50 [00:04<00:03,  6.27it/s, Saved at =inf, TrLoss=0.2693]
 Training FV-alpha-s1-t9:  60%|██████    | 30/50 [00:04<00:03,  6.27it/s, Saved at =inf, TrLoss=0.2672]
 Training FV-alpha-s1-t9:  62%|██████▏   | 31/50 [00:04<00:03,  6.27it/s, Saved at =inf, TrLoss=0.2672]
 Training FV-alpha-s1-t9:  62%|██████▏   | 31/50 [00:05<00:03,  6.27it/s, Saved at =inf, TrLoss=0.2648]
 Training FV-alpha-s1-t9:  64%|██████▍   | 32/50 [00:05<00:02,  6.26it/s, Saved at =inf, TrLoss=0.2648]
 Training FV-alpha-s1-t9:  64%|██████▍   | 32/50 [00:05<00:02,  6.26it/s, Saved at =inf, TrLoss=0.2635]
 Training FV-alpha-s1-t9:  66%|██████▌   | 33/50 [00:05<00:02,  6.26it/s, Saved at =inf, TrLoss=0.2635]
 Training FV-alpha-s1-t9:  66%|██████▌   | 33/50 [00:05<00:02,  6.26it/s, Saved at =inf, TrLoss=0.2565]
 Training FV-alpha-s1-t9:  68%|██████▊   | 34/50 [00:05<00:02,  6.26it/s, Saved at =inf, TrLoss=0.2565]
 Training FV-alpha-s1-t9:  68%|██████▊   | 34/50 [00:05<00:02,  6.26it/s, Saved at =inf, TrLoss=0.2568]
 Training FV-alpha-s1-t9:  70%|███████   | 35/50 [00:05<00:02,  6.25it/s, Saved at =inf, TrLoss=0.2568]
 Training FV-alpha-s1-t9:  70%|███████   | 35/50 [00:05<00:02,  6.25it/s, Saved at =inf, TrLoss=0.2487]
 Training FV-alpha-s1-t9:  72%|███████▏  | 36/50 [00:05<00:02,  6.26it/s, Saved at =inf, TrLoss=0.2487]
 Training FV-alpha-s1-t9:  72%|███████▏  | 36/50 [00:05<00:02,  6.26it/s, Saved at =inf, TrLoss=0.2634]
 Training FV-alpha-s1-t9:  74%|███████▍  | 37/50 [00:05<00:02,  6.27it/s, Saved at =inf, TrLoss=0.2634]
 Training FV-alpha-s1-t9:  74%|███████▍  | 37/50 [00:06<00:02,  6.27it/s, Saved at =inf, TrLoss=0.2462]
 Training FV-alpha-s1-t9:  76%|███████▌  | 38/50 [00:06<00:01,  6.27it/s, Saved at =inf, TrLoss=0.2462]
 Training FV-alpha-s1-t9:  76%|███████▌  | 38/50 [00:06<00:01,  6.27it/s, Saved at =inf, TrLoss=0.2460]
 Training FV-alpha-s1-t9:  78%|███████▊  | 39/50 [00:06<00:01,  6.27it/s, Saved at =inf, TrLoss=0.2460]
 Training FV-alpha-s1-t9:  78%|███████▊  | 39/50 [00:06<00:01,  6.27it/s, Saved at =inf, TrLoss=0.2449]
 Training FV-alpha-s1-t9:  80%|████████  | 40/50 [00:06<00:01,  6.27it/s, Saved at =inf, TrLoss=0.2449]
 Training FV-alpha-s1-t9:  80%|████████  | 40/50 [00:06<00:01,  6.27it/s, Saved at =inf, TrLoss=0.2378]
 Training FV-alpha-s1-t9:  82%|████████▏ | 41/50 [00:06<00:01,  6.24it/s, Saved at =inf, TrLoss=0.2378]
 Training FV-alpha-s1-t9:  82%|████████▏ | 41/50 [00:06<00:01,  6.24it/s, Saved at =inf, TrLoss=0.2377]
 Training FV-alpha-s1-t9:  84%|████████▍ | 42/50 [00:06<00:01,  6.24it/s, Saved at =inf, TrLoss=0.2377]
 Training FV-alpha-s1-t9:  84%|████████▍ | 42/50 [00:06<00:01,  6.24it/s, Saved at =inf, TrLoss=0.2324]
 Training FV-alpha-s1-t9:  86%|████████▌ | 43/50 [00:06<00:01,  6.22it/s, Saved at =inf, TrLoss=0.2324]
 Training FV-alpha-s1-t9:  86%|████████▌ | 43/50 [00:06<00:01,  6.22it/s, Saved at =inf, TrLoss=0.2330]
 Training FV-alpha-s1-t9:  88%|████████▊ | 44/50 [00:07<00:00,  6.23it/s, Saved at =inf, TrLoss=0.2330]
 Training FV-alpha-s1-t9:  88%|████████▊ | 44/50 [00:07<00:00,  6.23it/s, Saved at =inf, TrLoss=0.2205]
 Training FV-alpha-s1-t9:  90%|█████████ | 45/50 [00:07<00:00,  6.23it/s, Saved at =inf, TrLoss=0.2205]
 Training FV-alpha-s1-t9:  90%|█████████ | 45/50 [00:07<00:00,  6.23it/s, Saved at =inf, TrLoss=0.2267]
 Training FV-alpha-s1-t9:  92%|█████████▏| 46/50 [00:07<00:00,  6.23it/s, Saved at =inf, TrLoss=0.2267]
 Training FV-alpha-s1-t9:  92%|█████████▏| 46/50 [00:07<00:00,  6.23it/s, Saved at =inf, TrLoss=0.2256]
 Training FV-alpha-s1-t9:  94%|█████████▍| 47/50 [00:07<00:00,  6.23it/s, Saved at =inf, TrLoss=0.2256]
 Training FV-alpha-s1-t9:  94%|█████████▍| 47/50 [00:07<00:00,  6.23it/s, Saved at =inf, TrLoss=0.2251]
 Training FV-alpha-s1-t9:  96%|█████████▌| 48/50 [00:07<00:00,  6.22it/s, Saved at =inf, TrLoss=0.2251]
 Training FV-alpha-s1-t9:  96%|█████████▌| 48/50 [00:07<00:00,  6.22it/s, Saved at =inf, TrLoss=0.2150]
 Training FV-alpha-s1-t9:  98%|█████████▊| 49/50 [00:07<00:00,  6.22it/s, Saved at =inf, TrLoss=0.2150]
 Training FV-alpha-s1-t9:  98%|█████████▊| 49/50 [00:07<00:00,  6.22it/s, Saved at =inf, TrLoss=0.2147]
 Training FV-alpha-s1-t9: 100%|██████████| 50/50 [00:08<00:00,  6.22it/s, Saved at =inf, TrLoss=0.2147]
 Training FV-alpha-s1-t9: 100%|██████████| 50/50 [00:08<00:00,  6.25it/s, Saved at =inf, TrLoss=0.2147]

 Training ATK-alpha-s1-t7:   0%|          | 0/50 [00:00<?, ?it/s]
 Training ATK-alpha-s1-t7:   0%|          | 0/50 [00:00<?, ?it/s, Saved at =inf, TrLoss=0.7281]
 Training ATK-alpha-s1-t7:   2%|▏         | 1/50 [00:00<00:06,  7.62it/s, Saved at =inf, TrLoss=0.7281]
 Training ATK-alpha-s1-t7:   2%|▏         | 1/50 [00:00<00:06,  7.62it/s, Saved at =inf, TrLoss=0.7181]
 Training ATK-alpha-s1-t7:   4%|▍         | 2/50 [00:00<00:06,  7.96it/s, Saved at =inf, TrLoss=0.7181]
 Training ATK-alpha-s1-t7:   4%|▍         | 2/50 [00:00<00:06,  7.96it/s, Saved at =inf, TrLoss=0.6812]
 Training ATK-alpha-s1-t7:   6%|▌         | 3/50 [00:00<00:05,  8.06it/s, Saved at =inf, TrLoss=0.6812]
 Training ATK-alpha-s1-t7:   6%|▌         | 3/50 [00:00<00:05,  8.06it/s, Saved at =inf, TrLoss=0.5856]
 Training ATK-alpha-s1-t7:   8%|▊         | 4/50 [00:00<00:05,  8.13it/s, Saved at =inf, TrLoss=0.5856]
 Training ATK-alpha-s1-t7:   8%|▊         | 4/50 [00:00<00:05,  8.13it/s, Saved at =inf, TrLoss=0.5417]
 Training ATK-alpha-s1-t7:  10%|█         | 5/50 [00:00<00:05,  8.16it/s, Saved at =inf, TrLoss=0.5417]
 Training ATK-alpha-s1-t7:  10%|█         | 5/50 [00:00<00:05,  8.16it/s, Saved at =inf, TrLoss=0.5252]
 Training ATK-alpha-s1-t7:  12%|█▏        | 6/50 [00:00<00:05,  8.18it/s, Saved at =inf, TrLoss=0.5252]
 Training ATK-alpha-s1-t7:  12%|█▏        | 6/50 [00:00<00:05,  8.18it/s, Saved at =inf, TrLoss=0.5040]
 Training ATK-alpha-s1-t7:  14%|█▍        | 7/50 [00:00<00:05,  8.20it/s, Saved at =inf, TrLoss=0.5040]
 Training ATK-alpha-s1-t7:  14%|█▍        | 7/50 [00:00<00:05,  8.20it/s, Saved at =inf, TrLoss=0.4702]
 Training ATK-alpha-s1-t7:  16%|█▌        | 8/50 [00:00<00:05,  8.20it/s, Saved at =inf, TrLoss=0.4702]
 Training ATK-alpha-s1-t7:  16%|█▌        | 8/50 [00:01<00:05,  8.20it/s, Saved at =inf, TrLoss=0.4616]
 Training ATK-alpha-s1-t7:  18%|█▊        | 9/50 [00:01<00:05,  8.19it/s, Saved at =inf, TrLoss=0.4616]
 Training ATK-alpha-s1-t7:  18%|█▊        | 9/50 [00:01<00:05,  8.19it/s, Saved at =inf, TrLoss=0.3980]
 Training ATK-alpha-s1-t7:  20%|██        | 10/50 [00:01<00:04,  8.18it/s, Saved at =inf, TrLoss=0.3980]
 Training ATK-alpha-s1-t7:  20%|██        | 10/50 [00:01<00:04,  8.18it/s, Saved at =inf, TrLoss=0.3705]
 Training ATK-alpha-s1-t7:  22%|██▏       | 11/50 [00:01<00:04,  8.19it/s, Saved at =inf, TrLoss=0.3705]
 Training ATK-alpha-s1-t7:  22%|██▏       | 11/50 [00:01<00:04,  8.19it/s, Saved at =inf, TrLoss=0.3444]
 Training ATK-alpha-s1-t7:  24%|██▍       | 12/50 [00:01<00:04,  8.20it/s, Saved at =inf, TrLoss=0.3444]
 Training ATK-alpha-s1-t7:  24%|██▍       | 12/50 [00:01<00:04,  8.20it/s, Saved at =inf, TrLoss=0.3400]
 Training ATK-alpha-s1-t7:  26%|██▌       | 13/50 [00:01<00:04,  8.21it/s, Saved at =inf, TrLoss=0.3400]
 Training ATK-alpha-s1-t7:  26%|██▌       | 13/50 [00:01<00:04,  8.21it/s, Saved at =inf, TrLoss=0.3415]
 Training ATK-alpha-s1-t7:  28%|██▊       | 14/50 [00:01<00:04,  8.21it/s, Saved at =inf, TrLoss=0.3415]
 Training ATK-alpha-s1-t7:  28%|██▊       | 14/50 [00:01<00:04,  8.21it/s, Saved at =inf, TrLoss=0.3415]
 Training ATK-alpha-s1-t7:  30%|███       | 15/50 [00:01<00:04,  8.22it/s, Saved at =inf, TrLoss=0.3415]
 Training ATK-alpha-s1-t7:  30%|███       | 15/50 [00:01<00:04,  8.22it/s, Saved at =inf, TrLoss=0.3061]
 Training ATK-alpha-s1-t7:  32%|███▏      | 16/50 [00:01<00:04,  8.22it/s, Saved at =inf, TrLoss=0.3061]
 Training ATK-alpha-s1-t7:  32%|███▏      | 16/50 [00:02<00:04,  8.22it/s, Saved at =inf, TrLoss=0.3079]
 Training ATK-alpha-s1-t7:  34%|███▍      | 17/50 [00:02<00:04,  8.22it/s, Saved at =inf, TrLoss=0.3079]
 Training ATK-alpha-s1-t7:  34%|███▍      | 17/50 [00:02<00:04,  8.22it/s, Saved at =inf, TrLoss=0.3210]
 Training ATK-alpha-s1-t7:  36%|███▌      | 18/50 [00:02<00:03,  8.22it/s, Saved at =inf, TrLoss=0.3210]
 Training ATK-alpha-s1-t7:  36%|███▌      | 18/50 [00:02<00:03,  8.22it/s, Saved at =inf, TrLoss=0.2898]
 Training ATK-alpha-s1-t7:  38%|███▊      | 19/50 [00:02<00:03,  8.20it/s, Saved at =inf, TrLoss=0.2898]
 Training ATK-alpha-s1-t7:  38%|███▊      | 19/50 [00:02<00:03,  8.20it/s, Saved at =inf, TrLoss=0.2857]
 Training ATK-alpha-s1-t7:  40%|████      | 20/50 [00:02<00:03,  8.20it/s, Saved at =inf, TrLoss=0.2857]
 Training ATK-alpha-s1-t7:  40%|████      | 20/50 [00:02<00:03,  8.20it/s, Saved at =inf, TrLoss=0.3107]
 Training ATK-alpha-s1-t7:  42%|████▏     | 21/50 [00:02<00:03,  8.23it/s, Saved at =inf, TrLoss=0.3107]
 Training ATK-alpha-s1-t7:  42%|████▏     | 21/50 [00:02<00:03,  8.23it/s, Saved at =inf, TrLoss=0.2697]
 Training ATK-alpha-s1-t7:  44%|████▍     | 22/50 [00:02<00:03,  8.26it/s, Saved at =inf, TrLoss=0.2697]
 Training ATK-alpha-s1-t7:  44%|████▍     | 22/50 [00:02<00:03,  8.26it/s, Saved at =inf, TrLoss=0.2823]
 Training ATK-alpha-s1-t7:  46%|████▌     | 23/50 [00:02<00:03,  8.28it/s, Saved at =inf, TrLoss=0.2823]
 Training ATK-alpha-s1-t7:  46%|████▌     | 23/50 [00:02<00:03,  8.28it/s, Saved at =inf, TrLoss=0.2746]
 Training ATK-alpha-s1-t7:  48%|████▊     | 24/50 [00:02<00:03,  8.28it/s, Saved at =inf, TrLoss=0.2746]
 Training ATK-alpha-s1-t7:  48%|████▊     | 24/50 [00:03<00:03,  8.28it/s, Saved at =inf, TrLoss=0.2656]
 Training ATK-alpha-s1-t7:  50%|█████     | 25/50 [00:03<00:03,  8.29it/s, Saved at =inf, TrLoss=0.2656]
 Training ATK-alpha-s1-t7:  50%|█████     | 25/50 [00:03<00:03,  8.29it/s, Saved at =inf, TrLoss=0.2665]
 Training ATK-alpha-s1-t7:  52%|█████▏    | 26/50 [00:03<00:02,  8.30it/s, Saved at =inf, TrLoss=0.2665]
 Training ATK-alpha-s1-t7:  52%|█████▏    | 26/50 [00:03<00:02,  8.30it/s, Saved at =inf, TrLoss=0.2555]
 Training ATK-alpha-s1-t7:  54%|█████▍    | 27/50 [00:03<00:02,  8.30it/s, Saved at =inf, TrLoss=0.2555]
 Training ATK-alpha-s1-t7:  54%|█████▍    | 27/50 [00:03<00:02,  8.30it/s, Saved at =inf, TrLoss=0.2514]
 Training ATK-alpha-s1-t7:  56%|█████▌    | 28/50 [00:03<00:02,  8.31it/s, Saved at =inf, TrLoss=0.2514]
 Training ATK-alpha-s1-t7:  56%|█████▌    | 28/50 [00:03<00:02,  8.31it/s, Saved at =inf, TrLoss=0.2482]
 Training ATK-alpha-s1-t7:  58%|█████▊    | 29/50 [00:03<00:02,  8.29it/s, Saved at =inf, TrLoss=0.2482]
 Training ATK-alpha-s1-t7:  58%|█████▊    | 29/50 [00:03<00:02,  8.29it/s, Saved at =inf, TrLoss=0.2483]
 Training ATK-alpha-s1-t7:  60%|██████    | 30/50 [00:03<00:02,  8.30it/s, Saved at =inf, TrLoss=0.2483]
 Training ATK-alpha-s1-t7:  60%|██████    | 30/50 [00:03<00:02,  8.30it/s, Saved at =inf, TrLoss=0.2554]
 Training ATK-alpha-s1-t7:  62%|██████▏   | 31/50 [00:03<00:02,  8.30it/s, Saved at =inf, TrLoss=0.2554]
 Training ATK-alpha-s1-t7:  62%|██████▏   | 31/50 [00:03<00:02,  8.30it/s, Saved at =inf, TrLoss=0.2330]
 Training ATK-alpha-s1-t7:  64%|██████▍   | 32/50 [00:03<00:02,  8.31it/s, Saved at =inf, TrLoss=0.2330]
 Training ATK-alpha-s1-t7:  64%|██████▍   | 32/50 [00:03<00:02,  8.31it/s, Saved at =inf, TrLoss=0.2455]
 Training ATK-alpha-s1-t7:  66%|██████▌   | 33/50 [00:04<00:02,  8.32it/s, Saved at =inf, TrLoss=0.2455]
 Training ATK-alpha-s1-t7:  66%|██████▌   | 33/50 [00:04<00:02,  8.32it/s, Saved at =inf, TrLoss=0.2348]
 Training ATK-alpha-s1-t7:  68%|██████▊   | 34/50 [00:04<00:01,  8.32it/s, Saved at =inf, TrLoss=0.2348]
 Training ATK-alpha-s1-t7:  68%|██████▊   | 34/50 [00:04<00:01,  8.32it/s, Saved at =inf, TrLoss=0.2314]
 Training ATK-alpha-s1-t7:  70%|███████   | 35/50 [00:04<00:01,  8.32it/s, Saved at =inf, TrLoss=0.2314]
 Training ATK-alpha-s1-t7:  70%|███████   | 35/50 [00:04<00:01,  8.32it/s, Saved at =inf, TrLoss=0.2288]
 Training ATK-alpha-s1-t7:  72%|███████▏  | 36/50 [00:04<00:01,  8.32it/s, Saved at =inf, TrLoss=0.2288]
 Training ATK-alpha-s1-t7:  72%|███████▏  | 36/50 [00:04<00:01,  8.32it/s, Saved at =inf, TrLoss=0.2248]
 Training ATK-alpha-s1-t7:  74%|███████▍  | 37/50 [00:04<00:01,  8.32it/s, Saved at =inf, TrLoss=0.2248]
 Training ATK-alpha-s1-t7:  74%|███████▍  | 37/50 [00:04<00:01,  8.32it/s, Saved at =inf, TrLoss=0.2287]
 Training ATK-alpha-s1-t7:  76%|███████▌  | 38/50 [00:04<00:01,  8.33it/s, Saved at =inf, TrLoss=0.2287]
 Training ATK-alpha-s1-t7:  76%|███████▌  | 38/50 [00:04<00:01,  8.33it/s, Saved at =inf, TrLoss=0.2196]
 Training ATK-alpha-s1-t7:  78%|███████▊  | 39/50 [00:04<00:01,  8.33it/s, Saved at =inf, TrLoss=0.2196]
 Training ATK-alpha-s1-t7:  78%|███████▊  | 39/50 [00:04<00:01,  8.33it/s, Saved at =inf, TrLoss=0.2166]
 Training ATK-alpha-s1-t7:  80%|████████  | 40/50 [00:04<00:01,  8.33it/s, Saved at =inf, TrLoss=0.2166]
 Training ATK-alpha-s1-t7:  80%|████████  | 40/50 [00:04<00:01,  8.33it/s, Saved at =inf, TrLoss=0.2203]
 Training ATK-alpha-s1-t7:  82%|████████▏ | 41/50 [00:04<00:01,  8.33it/s, Saved at =inf, TrLoss=0.2203]
 Training ATK-alpha-s1-t7:  82%|████████▏ | 41/50 [00:05<00:01,  8.33it/s, Saved at =inf, TrLoss=0.2105]
 Training ATK-alpha-s1-t7:  84%|████████▍ | 42/50 [00:05<00:00,  8.33it/s, Saved at =inf, TrLoss=0.2105]
 Training ATK-alpha-s1-t7:  84%|████████▍ | 42/50 [00:05<00:00,  8.33it/s, Saved at =inf, TrLoss=0.2082]
 Training ATK-alpha-s1-t7:  86%|████████▌ | 43/50 [00:05<00:00,  8.33it/s, Saved at =inf, TrLoss=0.2082]
 Training ATK-alpha-s1-t7:  86%|████████▌ | 43/50 [00:05<00:00,  8.33it/s, Saved at =inf, TrLoss=0.2127]
 Training ATK-alpha-s1-t7:  88%|████████▊ | 44/50 [00:05<00:00,  8.33it/s, Saved at =inf, TrLoss=0.2127]
 Training ATK-alpha-s1-t7:  88%|████████▊ | 44/50 [00:05<00:00,  8.33it/s, Saved at =inf, TrLoss=0.1986]
 Training ATK-alpha-s1-t7:  90%|█████████ | 45/50 [00:05<00:00,  8.33it/s, Saved at =inf, TrLoss=0.1986]
 Training ATK-alpha-s1-t7:  90%|█████████ | 45/50 [00:05<00:00,  8.33it/s, Saved at =inf, TrLoss=0.2022]
 Training ATK-alpha-s1-t7:  92%|█████████▏| 46/50 [00:05<00:00,  8.33it/s, Saved at =inf, TrLoss=0.2022]
 Training ATK-alpha-s1-t7:  92%|█████████▏| 46/50 [00:05<00:00,  8.33it/s, Saved at =inf, TrLoss=0.2047]
 Training ATK-alpha-s1-t7:  94%|█████████▍| 47/50 [00:05<00:00,  8.33it/s, Saved at =inf, TrLoss=0.2047]
 Training ATK-alpha-s1-t7:  94%|█████████▍| 47/50 [00:05<00:00,  8.33it/s, Saved at =inf, TrLoss=0.2011]
 Training ATK-alpha-s1-t7:  96%|█████████▌| 48/50 [00:05<00:00,  8.33it/s, Saved at =inf, TrLoss=0.2011]
 Training ATK-alpha-s1-t7:  96%|█████████▌| 48/50 [00:05<00:00,  8.33it/s, Saved at =inf, TrLoss=0.1917]
 Training ATK-alpha-s1-t7:  98%|█████████▊| 49/50 [00:05<00:00,  8.34it/s, Saved at =inf, TrLoss=0.1917]
 Training ATK-alpha-s1-t7:  98%|█████████▊| 49/50 [00:06<00:00,  8.34it/s, Saved at =inf, TrLoss=0.1950]
 Training ATK-alpha-s1-t7: 100%|██████████| 50/50 [00:06<00:00,  8.34it/s, Saved at =inf, TrLoss=0.1950]
 Training ATK-alpha-s1-t7: 100%|██████████| 50/50 [00:06<00:00,  8.26it/s, Saved at =inf, TrLoss=0.1950]
[15:10:47]   MCC=0.388±0.073, AUC=0.757±0.064, BAcc=0.685±0.072
[15:13:09]   [alpha s1] 500/2182 candidates scanned, 491 eligible
[15:15:54]   [alpha s1] 1000/2182 candidates scanned, 982 eligible
[15:18:25]   [alpha s1] 1500/2182 candidates scanned, 1478 eligible
[15:20:52]   [alpha s1] 2000/2182 candidates scanned, 1960 eligible
[15:20:59]   alpha seed 1: n=1983 AUC=0.757 | flip% random total/prop 13.8/6.4 | optimized 26.7/12.2 | 11.0 min
[15:20:59] Training GDTE on alpha (seed=2)...

 Training FV-alpha-s2-t2:   0%|          | 0/50 [00:00<?, ?it/s]
 Training FV-alpha-s2-t2:   0%|          | 0/50 [00:00<?, ?it/s, Saved at =inf, TrLoss=0.7211]
 Training FV-alpha-s2-t2:   2%|▏         | 1/50 [00:00<00:05,  9.12it/s, Saved at =inf, TrLoss=0.7211]
 Training FV-alpha-s2-t2:   2%|▏         | 1/50 [00:00<00:05,  9.12it/s, Saved at =inf, TrLoss=0.6550]
 Training FV-alpha-s2-t2:   2%|▏         | 1/50 [00:00<00:05,  9.12it/s, Saved at =inf, TrLoss=0.5046]
 Training FV-alpha-s2-t2:   2%|▏         | 1/50 [00:00<00:05,  9.12it/s, Saved at =inf, TrLoss=0.3626]
 Training FV-alpha-s2-t2:   8%|▊         | 4/50 [00:00<00:02, 17.65it/s, Saved at =inf, TrLoss=0.3626]
 Training FV-alpha-s2-t2:   8%|▊         | 4/50 [00:00<00:02, 17.65it/s, Saved at =inf, TrLoss=0.4176]
 Training FV-alpha-s2-t2:   8%|▊         | 4/50 [00:00<00:02, 17.65it/s, Saved at =inf, TrLoss=0.3311]
 Training FV-alpha-s2-t2:   8%|▊         | 4/50 [00:00<00:02, 17.65it/s, Saved at =inf, TrLoss=0.2923]
 Training FV-alpha-s2-t2:  14%|█▍        | 7/50 [00:00<00:02, 19.92it/s, Saved at =inf, TrLoss=0.2923]
 Training FV-alpha-s2-t2:  14%|█▍        | 7/50 [00:00<00:02, 19.92it/s, Saved at =inf, TrLoss=0.3151]
 Training FV-alpha-s2-t2:  14%|█▍        | 7/50 [00:00<00:02, 19.92it/s, Saved at =inf, TrLoss=0.2277]
 Training FV-alpha-s2-t2:  14%|█▍        | 7/50 [00:00<00:02, 19.92it/s, Saved at =inf, TrLoss=0.2402]
 Training FV-alpha-s2-t2:  20%|██        | 10/50 [00:00<00:01, 21.05it/s, Saved at =inf, TrLoss=0.2402]
 Training FV-alpha-s2-t2:  20%|██        | 10/50 [00:00<00:01, 21.05it/s, Saved at =inf, TrLoss=0.2327]
 Training FV-alpha-s2-t2:  20%|██        | 10/50 [00:00<00:01, 21.05it/s, Saved at =inf, TrLoss=0.2649]
 Training FV-alpha-s2-t2:  20%|██        | 10/50 [00:00<00:01, 21.05it/s, Saved at =inf, TrLoss=0.1903]
 Training FV-alpha-s2-t2:  26%|██▌       | 13/50 [00:00<00:01, 21.55it/s, Saved at =inf, TrLoss=0.1903]
 Training FV-alpha-s2-t2:  26%|██▌       | 13/50 [00:00<00:01, 21.55it/s, Saved at =inf, TrLoss=0.2063]
 Training FV-alpha-s2-t2:  26%|██▌       | 13/50 [00:00<00:01, 21.55it/s, Saved at =inf, TrLoss=0.1822]
 Training FV-alpha-s2-t2:  26%|██▌       | 13/50 [00:00<00:01, 21.55it/s, Saved at =inf, TrLoss=0.1396]
 Training FV-alpha-s2-t2:  32%|███▏      | 16/50 [00:00<00:01, 21.93it/s, Saved at =inf, TrLoss=0.1396]
 Training FV-alpha-s2-t2:  32%|███▏      | 16/50 [00:00<00:01, 21.93it/s, Saved at =inf, TrLoss=0.1670]
 Training FV-alpha-s2-t2:  32%|███▏      | 16/50 [00:00<00:01, 21.93it/s, Saved at =inf, TrLoss=0.1558]
 Training FV-alpha-s2-t2:  32%|███▏      | 16/50 [00:00<00:01, 21.93it/s, Saved at =inf, TrLoss=0.1447]
 Training FV-alpha-s2-t2:  38%|███▊      | 19/50 [00:00<00:01, 22.26it/s, Saved at =inf, TrLoss=0.1447]
 Training FV-alpha-s2-t2:  38%|███▊      | 19/50 [00:00<00:01, 22.26it/s, Saved at =inf, TrLoss=0.1272]
 Training FV-alpha-s2-t2:  38%|███▊      | 19/50 [00:00<00:01, 22.26it/s, Saved at =inf, TrLoss=0.1627]
 Training FV-alpha-s2-t2:  38%|███▊      | 19/50 [00:01<00:01, 22.26it/s, Saved at =inf, TrLoss=0.1499]
 Training FV-alpha-s2-t2:  44%|████▍     | 22/50 [00:01<00:01, 22.41it/s, Saved at =inf, TrLoss=0.1499]
 Training FV-alpha-s2-t2:  44%|████▍     | 22/50 [00:01<00:01, 22.41it/s, Saved at =inf, TrLoss=0.1174]
 Training FV-alpha-s2-t2:  44%|████▍     | 22/50 [00:01<00:01, 22.41it/s, Saved at =inf, TrLoss=0.1202]
 Training FV-alpha-s2-t2:  44%|████▍     | 22/50 [00:01<00:01, 22.41it/s, Saved at =inf, TrLoss=0.1536]
 Training FV-alpha-s2-t2:  50%|█████     | 25/50 [00:01<00:01, 22.44it/s, Saved at =inf, TrLoss=0.1536]
 Training FV-alpha-s2-t2:  50%|█████     | 25/50 [00:01<00:01, 22.44it/s, Saved at =inf, TrLoss=0.1173]
 Training FV-alpha-s2-t2:  50%|█████     | 25/50 [00:01<00:01, 22.44it/s, Saved at =inf, TrLoss=0.1246]
 Training FV-alpha-s2-t2:  50%|█████     | 25/50 [00:01<00:01, 22.44it/s, Saved at =inf, TrLoss=0.1180]
 Training FV-alpha-s2-t2:  56%|█████▌    | 28/50 [00:01<00:00, 22.50it/s, Saved at =inf, TrLoss=0.1180]
 Training FV-alpha-s2-t2:  56%|█████▌    | 28/50 [00:01<00:00, 22.50it/s, Saved at =inf, TrLoss=0.1253]
 Training FV-alpha-s2-t2:  56%|█████▌    | 28/50 [00:01<00:00, 22.50it/s, Saved at =inf, TrLoss=0.0937]
 Training FV-alpha-s2-t2:  56%|█████▌    | 28/50 [00:01<00:00, 22.50it/s, Saved at =inf, TrLoss=0.1120]
 Training FV-alpha-s2-t2:  62%|██████▏   | 31/50 [00:01<00:00, 22.57it/s, Saved at =inf, TrLoss=0.1120]
 Training FV-alpha-s2-t2:  62%|██████▏   | 31/50 [00:01<00:00, 22.57it/s, Saved at =inf, TrLoss=0.0988]
 Training FV-alpha-s2-t2:  62%|██████▏   | 31/50 [00:01<00:00, 22.57it/s, Saved at =inf, TrLoss=0.0879]
 Training FV-alpha-s2-t2:  62%|██████▏   | 31/50 [00:01<00:00, 22.57it/s, Saved at =inf, TrLoss=0.0926]
 Training FV-alpha-s2-t2:  68%|██████▊   | 34/50 [00:01<00:00, 22.71it/s, Saved at =inf, TrLoss=0.0926]
 Training FV-alpha-s2-t2:  68%|██████▊   | 34/50 [00:01<00:00, 22.71it/s, Saved at =inf, TrLoss=0.1525]
 Training FV-alpha-s2-t2:  68%|██████▊   | 34/50 [00:01<00:00, 22.71it/s, Saved at =inf, TrLoss=0.0906]
 Training FV-alpha-s2-t2:  68%|██████▊   | 34/50 [00:01<00:00, 22.71it/s, Saved at =inf, TrLoss=0.1006]
 Training FV-alpha-s2-t2:  74%|███████▍  | 37/50 [00:01<00:00, 22.71it/s, Saved at =inf, TrLoss=0.1006]
 Training FV-alpha-s2-t2:  74%|███████▍  | 37/50 [00:01<00:00, 22.71it/s, Saved at =inf, TrLoss=0.0821]
 Training FV-alpha-s2-t2:  74%|███████▍  | 37/50 [00:01<00:00, 22.71it/s, Saved at =inf, TrLoss=0.0846]
 Training FV-alpha-s2-t2:  74%|███████▍  | 37/50 [00:01<00:00, 22.71it/s, Saved at =inf, TrLoss=0.0873]
 Training FV-alpha-s2-t2:  80%|████████  | 40/50 [00:01<00:00, 22.66it/s, Saved at =inf, TrLoss=0.0873]
 Training FV-alpha-s2-t2:  80%|████████  | 40/50 [00:01<00:00, 22.66it/s, Saved at =inf, TrLoss=0.0881]
 Training FV-alpha-s2-t2:  80%|████████  | 40/50 [00:01<00:00, 22.66it/s, Saved at =inf, TrLoss=0.0901]
 Training FV-alpha-s2-t2:  80%|████████  | 40/50 [00:01<00:00, 22.66it/s, Saved at =inf, TrLoss=0.1421]
 Training FV-alpha-s2-t2:  86%|████████▌ | 43/50 [00:01<00:00, 22.64it/s, Saved at =inf, TrLoss=0.1421]
 Training FV-alpha-s2-t2:  86%|████████▌ | 43/50 [00:01<00:00, 22.64it/s, Saved at =inf, TrLoss=0.0982]
 Training FV-alpha-s2-t2:  86%|████████▌ | 43/50 [00:02<00:00, 22.64it/s, Saved at =inf, TrLoss=0.1189]
 Training FV-alpha-s2-t2:  86%|████████▌ | 43/50 [00:02<00:00, 22.64it/s, Saved at =inf, TrLoss=0.0805]
 Training FV-alpha-s2-t2:  92%|█████████▏| 46/50 [00:02<00:00, 22.57it/s, Saved at =inf, TrLoss=0.0805]
 Training FV-alpha-s2-t2:  92%|█████████▏| 46/50 [00:02<00:00, 22.57it/s, Saved at =inf, TrLoss=0.0819]
 Training FV-alpha-s2-t2:  92%|█████████▏| 46/50 [00:02<00:00, 22.57it/s, Saved at =inf, TrLoss=0.1093]
 Training FV-alpha-s2-t2:  92%|█████████▏| 46/50 [00:02<00:00, 22.57it/s, Saved at =inf, TrLoss=0.0717]
 Training FV-alpha-s2-t2:  98%|█████████▊| 49/50 [00:02<00:00, 22.61it/s, Saved at =inf, TrLoss=0.0717]
 Training FV-alpha-s2-t2:  98%|█████████▊| 49/50 [00:02<00:00, 22.61it/s, Saved at =inf, TrLoss=0.0850]
 Training FV-alpha-s2-t2: 100%|██████████| 50/50 [00:02<00:00, 21.99it/s, Saved at =inf, TrLoss=0.0850]

 Training FV-alpha-s2-t3:   0%|          | 0/50 [00:00<?, ?it/s]
 Training FV-alpha-s2-t3:   0%|          | 0/50 [00:00<?, ?it/s, Saved at =inf, TrLoss=1.0334]
 Training FV-alpha-s2-t3:   0%|          | 0/50 [00:00<?, ?it/s, Saved at =inf, TrLoss=1.0006]
 Training FV-alpha-s2-t3:   4%|▍         | 2/50 [00:00<00:02, 16.13it/s, Saved at =inf, TrLoss=1.0006]
 Training FV-alpha-s2-t3:   4%|▍         | 2/50 [00:00<00:02, 16.13it/s, Saved at =inf, TrLoss=0.6316]
 Training FV-alpha-s2-t3:   4%|▍         | 2/50 [00:00<00:02, 16.13it/s, Saved at =inf, TrLoss=0.6116]
 Training FV-alpha-s2-t3:   8%|▊         | 4/50 [00:00<00:02, 16.43it/s, Saved at =inf, TrLoss=0.6116]
 Training FV-alpha-s2-t3:   8%|▊         | 4/50 [00:00<00:02, 16.43it/s, Saved at =inf, TrLoss=0.5407]
 Training FV-alpha-s2-t3:   8%|▊         | 4/50 [00:00<00:02, 16.43it/s, Saved at =inf, TrLoss=0.5056]
 Training FV-alpha-s2-t3:  12%|█▏        | 6/50 [00:00<00:02, 16.55it/s, Saved at =inf, TrLoss=0.5056]
 Training FV-alpha-s2-t3:  12%|█▏        | 6/50 [00:00<00:02, 16.55it/s, Saved at =inf, TrLoss=0.4475]
 Training FV-alpha-s2-t3:  12%|█▏        | 6/50 [00:00<00:02, 16.55it/s, Saved at =inf, TrLoss=0.3820]
 Training FV-alpha-s2-t3:  16%|█▌        | 8/50 [00:00<00:02, 16.58it/s, Saved at =inf, TrLoss=0.3820]
 Training FV-alpha-s2-t3:  16%|█▌        | 8/50 [00:00<00:02, 16.58it/s, Saved at =inf, TrLoss=0.3324]
 Training FV-alpha-s2-t3:  16%|█▌        | 8/50 [00:00<00:02, 16.58it/s, Saved at =inf, TrLoss=0.2892]
 Training FV-alpha-s2-t3:  20%|██        | 10/50 [00:00<00:02, 16.59it/s, Saved at =inf, TrLoss=0.2892]
 Training FV-alpha-s2-t3:  20%|██        | 10/50 [00:00<00:02, 16.59it/s, Saved at =inf, TrLoss=0.2437]
 Training FV-alpha-s2-t3:  20%|██        | 10/50 [00:00<00:02, 16.59it/s, Saved at =inf, TrLoss=0.2380]
 Training FV-alpha-s2-t3:  24%|██▍       | 12/50 [00:00<00:02, 16.62it/s, Saved at =inf, TrLoss=0.2380]
 Training FV-alpha-s2-t3:  24%|██▍       | 12/50 [00:00<00:02, 16.62it/s, Saved at =inf, TrLoss=0.2320]
 Training FV-alpha-s2-t3:  24%|██▍       | 12/50 [00:00<00:02, 16.62it/s, Saved at =inf, TrLoss=0.2232]
 Training FV-alpha-s2-t3:  28%|██▊       | 14/50 [00:00<00:02, 16.64it/s, Saved at =inf, TrLoss=0.2232]
 Training FV-alpha-s2-t3:  28%|██▊       | 14/50 [00:00<00:02, 16.64it/s, Saved at =inf, TrLoss=0.2872]
 Training FV-alpha-s2-t3:  28%|██▊       | 14/50 [00:00<00:02, 16.64it/s, Saved at =inf, TrLoss=0.2853]
 Training FV-alpha-s2-t3:  32%|███▏      | 16/50 [00:00<00:02, 16.63it/s, Saved at =inf, TrLoss=0.2853]
 Training FV-alpha-s2-t3:  32%|███▏      | 16/50 [00:01<00:02, 16.63it/s, Saved at =inf, TrLoss=0.2283]
 Training FV-alpha-s2-t3:  32%|███▏      | 16/50 [00:01<00:02, 16.63it/s, Saved at =inf, TrLoss=0.2167]
 Training FV-alpha-s2-t3:  36%|███▌      | 18/50 [00:01<00:01, 16.64it/s, Saved at =inf, TrLoss=0.2167]
 Training FV-alpha-s2-t3:  36%|███▌      | 18/50 [00:01<00:01, 16.64it/s, Saved at =inf, TrLoss=0.1949]
 Training FV-alpha-s2-t3:  36%|███▌      | 18/50 [00:01<00:01, 16.64it/s, Saved at =inf, TrLoss=0.1746]
 Training FV-alpha-s2-t3:  40%|████      | 20/50 [00:01<00:01, 16.65it/s, Saved at =inf, TrLoss=0.1746]
 Training FV-alpha-s2-t3:  40%|████      | 20/50 [00:01<00:01, 16.65it/s, Saved at =inf, TrLoss=0.1892]
 Training FV-alpha-s2-t3:  40%|████      | 20/50 [00:01<00:01, 16.65it/s, Saved at =inf, TrLoss=0.1589]
 Training FV-alpha-s2-t3:  44%|████▍     | 22/50 [00:01<00:01, 16.67it/s, Saved at =inf, TrLoss=0.1589]
 Training FV-alpha-s2-t3:  44%|████▍     | 22/50 [00:01<00:01, 16.67it/s, Saved at =inf, TrLoss=0.1846]
 Training FV-alpha-s2-t3:  44%|████▍     | 22/50 [00:01<00:01, 16.67it/s, Saved at =inf, TrLoss=0.1875]
 Training FV-alpha-s2-t3:  48%|████▊     | 24/50 [00:01<00:01, 16.68it/s, Saved at =inf, TrLoss=0.1875]
 Training FV-alpha-s2-t3:  48%|████▊     | 24/50 [00:01<00:01, 16.68it/s, Saved at =inf, TrLoss=0.1690]
 Training FV-alpha-s2-t3:  48%|████▊     | 24/50 [00:01<00:01, 16.68it/s, Saved at =inf, TrLoss=0.1979]
 Training FV-alpha-s2-t3:  52%|█████▏    | 26/50 [00:01<00:01, 16.65it/s, Saved at =inf, TrLoss=0.1979]
 Training FV-alpha-s2-t3:  52%|█████▏    | 26/50 [00:01<00:01, 16.65it/s, Saved at =inf, TrLoss=0.1329]
 Training FV-alpha-s2-t3:  52%|█████▏    | 26/50 [00:01<00:01, 16.65it/s, Saved at =inf, TrLoss=0.1559]
 Training FV-alpha-s2-t3:  56%|█████▌    | 28/50 [00:01<00:01, 16.22it/s, Saved at =inf, TrLoss=0.1559]
 Training FV-alpha-s2-t3:  56%|█████▌    | 28/50 [00:01<00:01, 16.22it/s, Saved at =inf, TrLoss=0.1658]
 Training FV-alpha-s2-t3:  56%|█████▌    | 28/50 [00:01<00:01, 16.22it/s, Saved at =inf, TrLoss=0.1834]
 Training FV-alpha-s2-t3:  60%|██████    | 30/50 [00:01<00:01, 12.21it/s, Saved at =inf, TrLoss=0.1834]
 Training FV-alpha-s2-t3:  60%|██████    | 30/50 [00:01<00:01, 12.21it/s, Saved at =inf, TrLoss=0.1349]
 Training FV-alpha-s2-t3:  60%|██████    | 30/50 [00:02<00:01, 12.21it/s, Saved at =inf, TrLoss=0.1246]
 Training FV-alpha-s2-t3:  64%|██████▍   | 32/50 [00:02<00:01, 13.23it/s, Saved at =inf, TrLoss=0.1246]
 Training FV-alpha-s2-t3:  64%|██████▍   | 32/50 [00:02<00:01, 13.23it/s, Saved at =inf, TrLoss=0.1694]
 Training FV-alpha-s2-t3:  64%|██████▍   | 32/50 [00:02<00:01, 13.23it/s, Saved at =inf, TrLoss=0.1389]
 Training FV-alpha-s2-t3:  68%|██████▊   | 34/50 [00:02<00:01, 14.13it/s, Saved at =inf, TrLoss=0.1389]
 Training FV-alpha-s2-t3:  68%|██████▊   | 34/50 [00:02<00:01, 14.13it/s, Saved at =inf, TrLoss=0.1430]
 Training FV-alpha-s2-t3:  68%|██████▊   | 34/50 [00:02<00:01, 14.13it/s, Saved at =inf, TrLoss=0.1637]
 Training FV-alpha-s2-t3:  72%|███████▏  | 36/50 [00:02<00:00, 14.95it/s, Saved at =inf, TrLoss=0.1637]
 Training FV-alpha-s2-t3:  72%|███████▏  | 36/50 [00:02<00:00, 14.95it/s, Saved at =inf, TrLoss=0.1338]
 Training FV-alpha-s2-t3:  72%|███████▏  | 36/50 [00:02<00:00, 14.95it/s, Saved at =inf, TrLoss=0.1196]
 Training FV-alpha-s2-t3:  76%|███████▌  | 38/50 [00:02<00:00, 15.43it/s, Saved at =inf, TrLoss=0.1196]
 Training FV-alpha-s2-t3:  76%|███████▌  | 38/50 [00:02<00:00, 15.43it/s, Saved at =inf, TrLoss=0.1244]
 Training FV-alpha-s2-t3:  76%|███████▌  | 38/50 [00:02<00:00, 15.43it/s, Saved at =inf, TrLoss=0.1428]
 Training FV-alpha-s2-t3:  80%|████████  | 40/50 [00:02<00:00, 15.78it/s, Saved at =inf, TrLoss=0.1428]
 Training FV-alpha-s2-t3:  80%|████████  | 40/50 [00:02<00:00, 15.78it/s, Saved at =inf, TrLoss=0.1264]
 Training FV-alpha-s2-t3:  80%|████████  | 40/50 [00:02<00:00, 15.78it/s, Saved at =inf, TrLoss=0.1296]
 Training FV-alpha-s2-t3:  84%|████████▍ | 42/50 [00:02<00:00, 16.05it/s, Saved at =inf, TrLoss=0.1296]
 Training FV-alpha-s2-t3:  84%|████████▍ | 42/50 [00:02<00:00, 16.05it/s, Saved at =inf, TrLoss=0.1469]
 Training FV-alpha-s2-t3:  84%|████████▍ | 42/50 [00:02<00:00, 16.05it/s, Saved at =inf, TrLoss=0.1308]
 Training FV-alpha-s2-t3:  88%|████████▊ | 44/50 [00:02<00:00, 16.21it/s, Saved at =inf, TrLoss=0.1308]
 Training FV-alpha-s2-t3:  88%|████████▊ | 44/50 [00:02<00:00, 16.21it/s, Saved at =inf, TrLoss=0.1380]
 Training FV-alpha-s2-t3:  88%|████████▊ | 44/50 [00:02<00:00, 16.21it/s, Saved at =inf, TrLoss=0.1260]
 Training FV-alpha-s2-t3:  92%|█████████▏| 46/50 [00:02<00:00, 16.33it/s, Saved at =inf, TrLoss=0.1260]
 Training FV-alpha-s2-t3:  92%|█████████▏| 46/50 [00:02<00:00, 16.33it/s, Saved at =inf, TrLoss=0.1122]
 Training FV-alpha-s2-t3:  92%|█████████▏| 46/50 [00:03<00:00, 16.33it/s, Saved at =inf, TrLoss=0.1344]
 Training FV-alpha-s2-t3:  96%|█████████▌| 48/50 [00:03<00:00, 16.45it/s, Saved at =inf, TrLoss=0.1344]
 Training FV-alpha-s2-t3:  96%|█████████▌| 48/50 [00:03<00:00, 16.45it/s, Saved at =inf, TrLoss=0.1161]
 Training FV-alpha-s2-t3:  96%|█████████▌| 48/50 [00:03<00:00, 16.45it/s, Saved at =inf, TrLoss=0.1158]
 Training FV-alpha-s2-t3: 100%|██████████| 50/50 [00:03<00:00, 16.56it/s, Saved at =inf, TrLoss=0.1158]
 Training FV-alpha-s2-t3: 100%|██████████| 50/50 [00:03<00:00, 15.88it/s, Saved at =inf, TrLoss=0.1158]

 Training FV-alpha-s2-t4:   0%|          | 0/50 [00:00<?, ?it/s]
 Training FV-alpha-s2-t4:   0%|          | 0/50 [00:00<?, ?it/s, Saved at =inf, TrLoss=0.9883]
 Training FV-alpha-s2-t4:   0%|          | 0/50 [00:00<?, ?it/s, Saved at =inf, TrLoss=1.0795]
 Training FV-alpha-s2-t4:   4%|▍         | 2/50 [00:00<00:03, 12.68it/s, Saved at =inf, TrLoss=1.0795]
 Training FV-alpha-s2-t4:   4%|▍         | 2/50 [00:00<00:03, 12.68it/s, Saved at =inf, TrLoss=0.5613]
 Training FV-alpha-s2-t4:   4%|▍         | 2/50 [00:00<00:03, 12.68it/s, Saved at =inf, TrLoss=0.5426]
 Training FV-alpha-s2-t4:   8%|▊         | 4/50 [00:00<00:03, 13.03it/s, Saved at =inf, TrLoss=0.5426]
 Training FV-alpha-s2-t4:   8%|▊         | 4/50 [00:00<00:03, 13.03it/s, Saved at =inf, TrLoss=0.5161]
 Training FV-alpha-s2-t4:   8%|▊         | 4/50 [00:00<00:03, 13.03it/s, Saved at =inf, TrLoss=0.4786]
 Training FV-alpha-s2-t4:  12%|█▏        | 6/50 [00:00<00:03, 13.05it/s, Saved at =inf, TrLoss=0.4786]
 Training FV-alpha-s2-t4:  12%|█▏        | 6/50 [00:00<00:03, 13.05it/s, Saved at =inf, TrLoss=0.4453]
 Training FV-alpha-s2-t4:  12%|█▏        | 6/50 [00:00<00:03, 13.05it/s, Saved at =inf, TrLoss=0.4283]
 Training FV-alpha-s2-t4:  16%|█▌        | 8/50 [00:00<00:03, 13.12it/s, Saved at =inf, TrLoss=0.4283]
 Training FV-alpha-s2-t4:  16%|█▌        | 8/50 [00:00<00:03, 13.12it/s, Saved at =inf, TrLoss=0.3746]
 Training FV-alpha-s2-t4:  16%|█▌        | 8/50 [00:00<00:03, 13.12it/s, Saved at =inf, TrLoss=0.3294]
 Training FV-alpha-s2-t4:  20%|██        | 10/50 [00:00<00:03, 13.18it/s, Saved at =inf, TrLoss=0.3294]
 Training FV-alpha-s2-t4:  20%|██        | 10/50 [00:00<00:03, 13.18it/s, Saved at =inf, TrLoss=0.3442]
 Training FV-alpha-s2-t4:  20%|██        | 10/50 [00:00<00:03, 13.18it/s, Saved at =inf, TrLoss=0.2784]
 Training FV-alpha-s2-t4:  24%|██▍       | 12/50 [00:00<00:02, 13.21it/s, Saved at =inf, TrLoss=0.2784]
 Training FV-alpha-s2-t4:  24%|██▍       | 12/50 [00:00<00:02, 13.21it/s, Saved at =inf, TrLoss=0.2921]
 Training FV-alpha-s2-t4:  24%|██▍       | 12/50 [00:01<00:02, 13.21it/s, Saved at =inf, TrLoss=0.2539]
 Training FV-alpha-s2-t4:  28%|██▊       | 14/50 [00:01<00:02, 13.17it/s, Saved at =inf, TrLoss=0.2539]
 Training FV-alpha-s2-t4:  28%|██▊       | 14/50 [00:01<00:02, 13.17it/s, Saved at =inf, TrLoss=0.2737]
 Training FV-alpha-s2-t4:  28%|██▊       | 14/50 [00:01<00:02, 13.17it/s, Saved at =inf, TrLoss=0.2385]
 Training FV-alpha-s2-t4:  32%|███▏      | 16/50 [00:01<00:02, 13.14it/s, Saved at =inf, TrLoss=0.2385]
 Training FV-alpha-s2-t4:  32%|███▏      | 16/50 [00:01<00:02, 13.14it/s, Saved at =inf, TrLoss=0.2494]
 Training FV-alpha-s2-t4:  32%|███▏      | 16/50 [00:01<00:02, 13.14it/s, Saved at =inf, TrLoss=0.2611]
 Training FV-alpha-s2-t4:  36%|███▌      | 18/50 [00:01<00:02, 13.13it/s, Saved at =inf, TrLoss=0.2611]
 Training FV-alpha-s2-t4:  36%|███▌      | 18/50 [00:01<00:02, 13.13it/s, Saved at =inf, TrLoss=0.2087]
 Training FV-alpha-s2-t4:  36%|███▌      | 18/50 [00:01<00:02, 13.13it/s, Saved at =inf, TrLoss=0.2228]
 Training FV-alpha-s2-t4:  40%|████      | 20/50 [00:01<00:02, 13.10it/s, Saved at =inf, TrLoss=0.2228]
 Training FV-alpha-s2-t4:  40%|████      | 20/50 [00:01<00:02, 13.10it/s, Saved at =inf, TrLoss=0.2182]
 Training FV-alpha-s2-t4:  40%|████      | 20/50 [00:01<00:02, 13.10it/s, Saved at =inf, TrLoss=0.2150]
 Training FV-alpha-s2-t4:  44%|████▍     | 22/50 [00:01<00:02, 12.38it/s, Saved at =inf, TrLoss=0.2150]
 Training FV-alpha-s2-t4:  44%|████▍     | 22/50 [00:01<00:02, 12.38it/s, Saved at =inf, TrLoss=0.2117]
 Training FV-alpha-s2-t4:  44%|████▍     | 22/50 [00:01<00:02, 12.38it/s, Saved at =inf, TrLoss=0.1979]
 Training FV-alpha-s2-t4:  48%|████▊     | 24/50 [00:01<00:02, 11.77it/s, Saved at =inf, TrLoss=0.1979]
 Training FV-alpha-s2-t4:  48%|████▊     | 24/50 [00:01<00:02, 11.77it/s, Saved at =inf, TrLoss=0.2167]
 Training FV-alpha-s2-t4:  48%|████▊     | 24/50 [00:02<00:02, 11.77it/s, Saved at =inf, TrLoss=0.1983]
 Training FV-alpha-s2-t4:  52%|█████▏    | 26/50 [00:02<00:01, 12.14it/s, Saved at =inf, TrLoss=0.1983]
 Training FV-alpha-s2-t4:  52%|█████▏    | 26/50 [00:02<00:01, 12.14it/s, Saved at =inf, TrLoss=0.1871]
 Training FV-alpha-s2-t4:  52%|█████▏    | 26/50 [00:02<00:01, 12.14it/s, Saved at =inf, TrLoss=0.2082]
 Training FV-alpha-s2-t4:  56%|█████▌    | 28/50 [00:02<00:01, 12.45it/s, Saved at =inf, TrLoss=0.2082]
 Training FV-alpha-s2-t4:  56%|█████▌    | 28/50 [00:02<00:01, 12.45it/s, Saved at =inf, TrLoss=0.1870]
 Training FV-alpha-s2-t4:  56%|█████▌    | 28/50 [00:02<00:01, 12.45it/s, Saved at =inf, TrLoss=0.1948]
 Training FV-alpha-s2-t4:  60%|██████    | 30/50 [00:02<00:01, 12.68it/s, Saved at =inf, TrLoss=0.1948]
 Training FV-alpha-s2-t4:  60%|██████    | 30/50 [00:02<00:01, 12.68it/s, Saved at =inf, TrLoss=0.1749]
 Training FV-alpha-s2-t4:  60%|██████    | 30/50 [00:02<00:01, 12.68it/s, Saved at =inf, TrLoss=0.1691]
 Training FV-alpha-s2-t4:  64%|██████▍   | 32/50 [00:02<00:01, 12.81it/s, Saved at =inf, TrLoss=0.1691]
 Training FV-alpha-s2-t4:  64%|██████▍   | 32/50 [00:02<00:01, 12.81it/s, Saved at =inf, TrLoss=0.1705]
 Training FV-alpha-s2-t4:  64%|██████▍   | 32/50 [00:02<00:01, 12.81it/s, Saved at =inf, TrLoss=0.1765]
 Training FV-alpha-s2-t4:  68%|██████▊   | 34/50 [00:02<00:01, 12.91it/s, Saved at =inf, TrLoss=0.1765]
 Training FV-alpha-s2-t4:  68%|██████▊   | 34/50 [00:02<00:01, 12.91it/s, Saved at =inf, TrLoss=0.1816]
 Training FV-alpha-s2-t4:  68%|██████▊   | 34/50 [00:02<00:01, 12.91it/s, Saved at =inf, TrLoss=0.1736]
 Training FV-alpha-s2-t4:  72%|███████▏  | 36/50 [00:02<00:01, 12.99it/s, Saved at =inf, TrLoss=0.1736]
 Training FV-alpha-s2-t4:  72%|███████▏  | 36/50 [00:02<00:01, 12.99it/s, Saved at =inf, TrLoss=0.1717]
 Training FV-alpha-s2-t4:  72%|███████▏  | 36/50 [00:02<00:01, 12.99it/s, Saved at =inf, TrLoss=0.1732]
 Training FV-alpha-s2-t4:  76%|███████▌  | 38/50 [00:02<00:00, 12.90it/s, Saved at =inf, TrLoss=0.1732]
 Training FV-alpha-s2-t4:  76%|███████▌  | 38/50 [00:03<00:00, 12.90it/s, Saved at =inf, TrLoss=0.1651]
 Training FV-alpha-s2-t4:  76%|███████▌  | 38/50 [00:03<00:00, 12.90it/s, Saved at =inf, TrLoss=0.1666]
 Training FV-alpha-s2-t4:  80%|████████  | 40/50 [00:03<00:00, 11.70it/s, Saved at =inf, TrLoss=0.1666]
 Training FV-alpha-s2-t4:  80%|████████  | 40/50 [00:03<00:00, 11.70it/s, Saved at =inf, TrLoss=0.1571]
 Training FV-alpha-s2-t4:  80%|████████  | 40/50 [00:03<00:00, 11.70it/s, Saved at =inf, TrLoss=0.1499]
 Training FV-alpha-s2-t4:  84%|████████▍ | 42/50 [00:03<00:00, 12.06it/s, Saved at =inf, TrLoss=0.1499]
 Training FV-alpha-s2-t4:  84%|████████▍ | 42/50 [00:03<00:00, 12.06it/s, Saved at =inf, TrLoss=0.1618]
 Training FV-alpha-s2-t4:  84%|████████▍ | 42/50 [00:03<00:00, 12.06it/s, Saved at =inf, TrLoss=0.1520]
 Training FV-alpha-s2-t4:  88%|████████▊ | 44/50 [00:03<00:00, 12.32it/s, Saved at =inf, TrLoss=0.1520]
 Training FV-alpha-s2-t4:  88%|████████▊ | 44/50 [00:03<00:00, 12.32it/s, Saved at =inf, TrLoss=0.1710]
 Training FV-alpha-s2-t4:  88%|████████▊ | 44/50 [00:03<00:00, 12.32it/s, Saved at =inf, TrLoss=0.1605]
 Training FV-alpha-s2-t4:  92%|█████████▏| 46/50 [00:03<00:00, 12.53it/s, Saved at =inf, TrLoss=0.1605]
 Training FV-alpha-s2-t4:  92%|█████████▏| 46/50 [00:03<00:00, 12.53it/s, Saved at =inf, TrLoss=0.1515]
 Training FV-alpha-s2-t4:  92%|█████████▏| 46/50 [00:03<00:00, 12.53it/s, Saved at =inf, TrLoss=0.1527]
 Training FV-alpha-s2-t4:  96%|█████████▌| 48/50 [00:03<00:00, 12.69it/s, Saved at =inf, TrLoss=0.1527]
 Training FV-alpha-s2-t4:  96%|█████████▌| 48/50 [00:03<00:00, 12.69it/s, Saved at =inf, TrLoss=0.1443]
 Training FV-alpha-s2-t4:  96%|█████████▌| 48/50 [00:03<00:00, 12.69it/s, Saved at =inf, TrLoss=0.1496]
 Training FV-alpha-s2-t4: 100%|██████████| 50/50 [00:03<00:00, 12.81it/s, Saved at =inf, TrLoss=0.1496]
 Training FV-alpha-s2-t4: 100%|██████████| 50/50 [00:03<00:00, 12.69it/s, Saved at =inf, TrLoss=0.1496]

 Training FV-alpha-s2-t5:   0%|          | 0/50 [00:00<?, ?it/s]
 Training FV-alpha-s2-t5:   0%|          | 0/50 [00:00<?, ?it/s, Saved at =inf, TrLoss=1.0078]
 Training FV-alpha-s2-t5:   0%|          | 0/50 [00:00<?, ?it/s, Saved at =inf, TrLoss=1.2426]
 Training FV-alpha-s2-t5:   4%|▍         | 2/50 [00:00<00:04, 10.46it/s, Saved at =inf, TrLoss=1.2426]
 Training FV-alpha-s2-t5:   4%|▍         | 2/50 [00:00<00:04, 10.46it/s, Saved at =inf, TrLoss=0.6210]
 Training FV-alpha-s2-t5:   4%|▍         | 2/50 [00:00<00:04, 10.46it/s, Saved at =inf, TrLoss=0.6633]
 Training FV-alpha-s2-t5:   8%|▊         | 4/50 [00:00<00:04, 10.62it/s, Saved at =inf, TrLoss=0.6633]
 Training FV-alpha-s2-t5:   8%|▊         | 4/50 [00:00<00:04, 10.62it/s, Saved at =inf, TrLoss=0.5394]
 Training FV-alpha-s2-t5:   8%|▊         | 4/50 [00:00<00:04, 10.62it/s, Saved at =inf, TrLoss=0.4964]
 Training FV-alpha-s2-t5:  12%|█▏        | 6/50 [00:00<00:04, 10.74it/s, Saved at =inf, TrLoss=0.4964]
 Training FV-alpha-s2-t5:  12%|█▏        | 6/50 [00:00<00:04, 10.74it/s, Saved at =inf, TrLoss=0.5138]
 Training FV-alpha-s2-t5:  12%|█▏        | 6/50 [00:00<00:04, 10.74it/s, Saved at =inf, TrLoss=0.4868]
 Training FV-alpha-s2-t5:  16%|█▌        | 8/50 [00:00<00:03, 10.70it/s, Saved at =inf, TrLoss=0.4868]
 Training FV-alpha-s2-t5:  16%|█▌        | 8/50 [00:00<00:03, 10.70it/s, Saved at =inf, TrLoss=0.4553]
 Training FV-alpha-s2-t5:  16%|█▌        | 8/50 [00:00<00:03, 10.70it/s, Saved at =inf, TrLoss=0.4305]
 Training FV-alpha-s2-t5:  20%|██        | 10/50 [00:00<00:03, 10.73it/s, Saved at =inf, TrLoss=0.4305]
 Training FV-alpha-s2-t5:  20%|██        | 10/50 [00:00<00:03, 10.73it/s, Saved at =inf, TrLoss=0.4260]
 Training FV-alpha-s2-t5:  20%|██        | 10/50 [00:01<00:03, 10.73it/s, Saved at =inf, TrLoss=0.4107]
 Training FV-alpha-s2-t5:  24%|██▍       | 12/50 [00:01<00:03, 10.74it/s, Saved at =inf, TrLoss=0.4107]
 Training FV-alpha-s2-t5:  24%|██▍       | 12/50 [00:01<00:03, 10.74it/s, Saved at =inf, TrLoss=0.3837]
 Training FV-alpha-s2-t5:  24%|██▍       | 12/50 [00:01<00:03, 10.74it/s, Saved at =inf, TrLoss=0.3643]
 Training FV-alpha-s2-t5:  28%|██▊       | 14/50 [00:01<00:03, 10.74it/s, Saved at =inf, TrLoss=0.3643]
 Training FV-alpha-s2-t5:  28%|██▊       | 14/50 [00:01<00:03, 10.74it/s, Saved at =inf, TrLoss=0.3676]
 Training FV-alpha-s2-t5:  28%|██▊       | 14/50 [00:01<00:03, 10.74it/s, Saved at =inf, TrLoss=0.3514]
 Training FV-alpha-s2-t5:  32%|███▏      | 16/50 [00:01<00:03, 10.74it/s, Saved at =inf, TrLoss=0.3514]
 Training FV-alpha-s2-t5:  32%|███▏      | 16/50 [00:01<00:03, 10.74it/s, Saved at =inf, TrLoss=0.3200]
 Training FV-alpha-s2-t5:  32%|███▏      | 16/50 [00:01<00:03, 10.74it/s, Saved at =inf, TrLoss=0.3068]
 Training FV-alpha-s2-t5:  36%|███▌      | 18/50 [00:01<00:02, 10.78it/s, Saved at =inf, TrLoss=0.3068]
 Training FV-alpha-s2-t5:  36%|███▌      | 18/50 [00:01<00:02, 10.78it/s, Saved at =inf, TrLoss=0.3011]
 Training FV-alpha-s2-t5:  36%|███▌      | 18/50 [00:01<00:02, 10.78it/s, Saved at =inf, TrLoss=0.2961]
 Training FV-alpha-s2-t5:  40%|████      | 20/50 [00:01<00:02, 10.78it/s, Saved at =inf, TrLoss=0.2961]
 Training FV-alpha-s2-t5:  40%|████      | 20/50 [00:01<00:02, 10.78it/s, Saved at =inf, TrLoss=0.2741]
 Training FV-alpha-s2-t5:  40%|████      | 20/50 [00:02<00:02, 10.78it/s, Saved at =inf, TrLoss=0.2756]
 Training FV-alpha-s2-t5:  44%|████▍     | 22/50 [00:02<00:02, 10.78it/s, Saved at =inf, TrLoss=0.2756]
 Training FV-alpha-s2-t5:  44%|████▍     | 22/50 [00:02<00:02, 10.78it/s, Saved at =inf, TrLoss=0.2661]
 Training FV-alpha-s2-t5:  44%|████▍     | 22/50 [00:02<00:02, 10.78it/s, Saved at =inf, TrLoss=0.2595]
 Training FV-alpha-s2-t5:  48%|████▊     | 24/50 [00:02<00:02, 10.81it/s, Saved at =inf, TrLoss=0.2595]
 Training FV-alpha-s2-t5:  48%|████▊     | 24/50 [00:02<00:02, 10.81it/s, Saved at =inf, TrLoss=0.2608]
 Training FV-alpha-s2-t5:  48%|████▊     | 24/50 [00:02<00:02, 10.81it/s, Saved at =inf, TrLoss=0.2509]
 Training FV-alpha-s2-t5:  52%|█████▏    | 26/50 [00:02<00:02, 10.85it/s, Saved at =inf, TrLoss=0.2509]
 Training FV-alpha-s2-t5:  52%|█████▏    | 26/50 [00:02<00:02, 10.85it/s, Saved at =inf, TrLoss=0.2465]
 Training FV-alpha-s2-t5:  52%|█████▏    | 26/50 [00:02<00:02, 10.85it/s, Saved at =inf, TrLoss=0.2705]
 Training FV-alpha-s2-t5:  56%|█████▌    | 28/50 [00:02<00:02, 10.82it/s, Saved at =inf, TrLoss=0.2705]
 Training FV-alpha-s2-t5:  56%|█████▌    | 28/50 [00:02<00:02, 10.82it/s, Saved at =inf, TrLoss=0.3267]
 Training FV-alpha-s2-t5:  56%|█████▌    | 28/50 [00:02<00:02, 10.82it/s, Saved at =inf, TrLoss=0.2501]
 Training FV-alpha-s2-t5:  60%|██████    | 30/50 [00:02<00:01, 10.82it/s, Saved at =inf, TrLoss=0.2501]
 Training FV-alpha-s2-t5:  60%|██████    | 30/50 [00:02<00:01, 10.82it/s, Saved at =inf, TrLoss=0.2923]
 Training FV-alpha-s2-t5:  60%|██████    | 30/50 [00:02<00:01, 10.82it/s, Saved at =inf, TrLoss=0.2322]
 Training FV-alpha-s2-t5:  64%|██████▍   | 32/50 [00:02<00:01, 10.78it/s, Saved at =inf, TrLoss=0.2322]
 Training FV-alpha-s2-t5:  64%|██████▍   | 32/50 [00:03<00:01, 10.78it/s, Saved at =inf, TrLoss=0.2826]
 Training FV-alpha-s2-t5:  64%|██████▍   | 32/50 [00:03<00:01, 10.78it/s, Saved at =inf, TrLoss=0.2353]
 Training FV-alpha-s2-t5:  68%|██████▊   | 34/50 [00:03<00:01, 10.79it/s, Saved at =inf, TrLoss=0.2353]
 Training FV-alpha-s2-t5:  68%|██████▊   | 34/50 [00:03<00:01, 10.79it/s, Saved at =inf, TrLoss=0.2572]
 Training FV-alpha-s2-t5:  68%|██████▊   | 34/50 [00:03<00:01, 10.79it/s, Saved at =inf, TrLoss=0.2288]
 Training FV-alpha-s2-t5:  72%|███████▏  | 36/50 [00:03<00:01, 10.75it/s, Saved at =inf, TrLoss=0.2288]
 Training FV-alpha-s2-t5:  72%|███████▏  | 36/50 [00:03<00:01, 10.75it/s, Saved at =inf, TrLoss=0.2226]
 Training FV-alpha-s2-t5:  72%|███████▏  | 36/50 [00:03<00:01, 10.75it/s, Saved at =inf, TrLoss=0.2305]
 Training FV-alpha-s2-t5:  76%|███████▌  | 38/50 [00:03<00:01, 10.77it/s, Saved at =inf, TrLoss=0.2305]
 Training FV-alpha-s2-t5:  76%|███████▌  | 38/50 [00:03<00:01, 10.77it/s, Saved at =inf, TrLoss=0.2043]
 Training FV-alpha-s2-t5:  76%|███████▌  | 38/50 [00:03<00:01, 10.77it/s, Saved at =inf, TrLoss=0.2257]
 Training FV-alpha-s2-t5:  80%|████████  | 40/50 [00:03<00:00, 10.73it/s, Saved at =inf, TrLoss=0.2257]
 Training FV-alpha-s2-t5:  80%|████████  | 40/50 [00:03<00:00, 10.73it/s, Saved at =inf, TrLoss=0.2243]
 Training FV-alpha-s2-t5:  80%|████████  | 40/50 [00:03<00:00, 10.73it/s, Saved at =inf, TrLoss=0.2037]
 Training FV-alpha-s2-t5:  84%|████████▍ | 42/50 [00:03<00:00, 10.76it/s, Saved at =inf, TrLoss=0.2037]
 Training FV-alpha-s2-t5:  84%|████████▍ | 42/50 [00:03<00:00, 10.76it/s, Saved at =inf, TrLoss=0.2131]
 Training FV-alpha-s2-t5:  84%|████████▍ | 42/50 [00:04<00:00, 10.76it/s, Saved at =inf, TrLoss=0.2038]
 Training FV-alpha-s2-t5:  88%|████████▊ | 44/50 [00:04<00:00, 10.75it/s, Saved at =inf, TrLoss=0.2038]
 Training FV-alpha-s2-t5:  88%|████████▊ | 44/50 [00:04<00:00, 10.75it/s, Saved at =inf, TrLoss=0.2147]
 Training FV-alpha-s2-t5:  88%|████████▊ | 44/50 [00:04<00:00, 10.75it/s, Saved at =inf, TrLoss=0.2020]
 Training FV-alpha-s2-t5:  92%|█████████▏| 46/50 [00:04<00:00, 10.78it/s, Saved at =inf, TrLoss=0.2020]
 Training FV-alpha-s2-t5:  92%|█████████▏| 46/50 [00:04<00:00, 10.78it/s, Saved at =inf, TrLoss=0.2015]
 Training FV-alpha-s2-t5:  92%|█████████▏| 46/50 [00:04<00:00, 10.78it/s, Saved at =inf, TrLoss=0.1894]
 Training FV-alpha-s2-t5:  96%|█████████▌| 48/50 [00:04<00:00, 10.76it/s, Saved at =inf, TrLoss=0.1894]
 Training FV-alpha-s2-t5:  96%|█████████▌| 48/50 [00:04<00:00, 10.76it/s, Saved at =inf, TrLoss=0.1886]
 Training FV-alpha-s2-t5:  96%|█████████▌| 48/50 [00:04<00:00, 10.76it/s, Saved at =inf, TrLoss=0.1875]
 Training FV-alpha-s2-t5: 100%|██████████| 50/50 [00:04<00:00, 10.73it/s, Saved at =inf, TrLoss=0.1875]
 Training FV-alpha-s2-t5: 100%|██████████| 50/50 [00:04<00:00, 10.76it/s, Saved at =inf, TrLoss=0.1875]

 Training FV-alpha-s2-t6:   0%|          | 0/50 [00:00<?, ?it/s]
 Training FV-alpha-s2-t6:   0%|          | 0/50 [00:00<?, ?it/s, Saved at =inf, TrLoss=0.7455]
 Training FV-alpha-s2-t6:   2%|▏         | 1/50 [00:00<00:05,  8.68it/s, Saved at =inf, TrLoss=0.7455]
 Training FV-alpha-s2-t6:   2%|▏         | 1/50 [00:00<00:05,  8.68it/s, Saved at =inf, TrLoss=0.7882]
 Training FV-alpha-s2-t6:   4%|▍         | 2/50 [00:00<00:05,  8.89it/s, Saved at =inf, TrLoss=0.7882]
 Training FV-alpha-s2-t6:   4%|▍         | 2/50 [00:00<00:05,  8.89it/s, Saved at =inf, TrLoss=0.5695]
 Training FV-alpha-s2-t6:   6%|▌         | 3/50 [00:00<00:05,  8.97it/s, Saved at =inf, TrLoss=0.5695]
 Training FV-alpha-s2-t6:   6%|▌         | 3/50 [00:00<00:05,  8.97it/s, Saved at =inf, TrLoss=0.5630]
 Training FV-alpha-s2-t6:   8%|▊         | 4/50 [00:00<00:05,  9.00it/s, Saved at =inf, TrLoss=0.5630]
 Training FV-alpha-s2-t6:   8%|▊         | 4/50 [00:00<00:05,  9.00it/s, Saved at =inf, TrLoss=0.4985]
 Training FV-alpha-s2-t6:  10%|█         | 5/50 [00:00<00:04,  9.01it/s, Saved at =inf, TrLoss=0.4985]
 Training FV-alpha-s2-t6:  10%|█         | 5/50 [00:00<00:04,  9.01it/s, Saved at =inf, TrLoss=0.5076]
 Training FV-alpha-s2-t6:  12%|█▏        | 6/50 [00:00<00:04,  9.09it/s, Saved at =inf, TrLoss=0.5076]
 Training FV-alpha-s2-t6:  12%|█▏        | 6/50 [00:00<00:04,  9.09it/s, Saved at =inf, TrLoss=0.4752]
 Training FV-alpha-s2-t6:  14%|█▍        | 7/50 [00:00<00:04,  9.30it/s, Saved at =inf, TrLoss=0.4752]
 Training FV-alpha-s2-t6:  14%|█▍        | 7/50 [00:00<00:04,  9.30it/s, Saved at =inf, TrLoss=0.4474]
 Training FV-alpha-s2-t6:  16%|█▌        | 8/50 [00:00<00:05,  7.44it/s, Saved at =inf, TrLoss=0.4474]
 Training FV-alpha-s2-t6:  16%|█▌        | 8/50 [00:01<00:05,  7.44it/s, Saved at =inf, TrLoss=0.4367]
 Training FV-alpha-s2-t6:  18%|█▊        | 9/50 [00:01<00:05,  7.92it/s, Saved at =inf, TrLoss=0.4367]
 Training FV-alpha-s2-t6:  18%|█▊        | 9/50 [00:01<00:05,  7.92it/s, Saved at =inf, TrLoss=0.4058]
 Training FV-alpha-s2-t6:  20%|██        | 10/50 [00:01<00:04,  8.21it/s, Saved at =inf, TrLoss=0.4058]
 Training FV-alpha-s2-t6:  20%|██        | 10/50 [00:01<00:04,  8.21it/s, Saved at =inf, TrLoss=0.3787]
 Training FV-alpha-s2-t6:  22%|██▏       | 11/50 [00:01<00:04,  8.49it/s, Saved at =inf, TrLoss=0.3787]
 Training FV-alpha-s2-t6:  22%|██▏       | 11/50 [00:01<00:04,  8.49it/s, Saved at =inf, TrLoss=0.3814]
 Training FV-alpha-s2-t6:  24%|██▍       | 12/50 [00:01<00:04,  8.70it/s, Saved at =inf, TrLoss=0.3814]
 Training FV-alpha-s2-t6:  24%|██▍       | 12/50 [00:01<00:04,  8.70it/s, Saved at =inf, TrLoss=0.3431]
 Training FV-alpha-s2-t6:  26%|██▌       | 13/50 [00:01<00:04,  8.90it/s, Saved at =inf, TrLoss=0.3431]
 Training FV-alpha-s2-t6:  26%|██▌       | 13/50 [00:01<00:04,  8.90it/s, Saved at =inf, TrLoss=0.3443]
 Training FV-alpha-s2-t6:  28%|██▊       | 14/50 [00:01<00:04,  8.94it/s, Saved at =inf, TrLoss=0.3443]
 Training FV-alpha-s2-t6:  28%|██▊       | 14/50 [00:01<00:04,  8.94it/s, Saved at =inf, TrLoss=0.3254]
 Training FV-alpha-s2-t6:  30%|███       | 15/50 [00:01<00:03,  8.99it/s, Saved at =inf, TrLoss=0.3254]
 Training FV-alpha-s2-t6:  30%|███       | 15/50 [00:01<00:03,  8.99it/s, Saved at =inf, TrLoss=0.3266]
 Training FV-alpha-s2-t6:  32%|███▏      | 16/50 [00:01<00:03,  9.01it/s, Saved at =inf, TrLoss=0.3266]
 Training FV-alpha-s2-t6:  32%|███▏      | 16/50 [00:01<00:03,  9.01it/s, Saved at =inf, TrLoss=0.2982]
 Training FV-alpha-s2-t6:  34%|███▍      | 17/50 [00:01<00:03,  9.02it/s, Saved at =inf, TrLoss=0.2982]
 Training FV-alpha-s2-t6:  34%|███▍      | 17/50 [00:02<00:03,  9.02it/s, Saved at =inf, TrLoss=0.2963]
 Training FV-alpha-s2-t6:  36%|███▌      | 18/50 [00:02<00:03,  9.06it/s, Saved at =inf, TrLoss=0.2963]
 Training FV-alpha-s2-t6:  36%|███▌      | 18/50 [00:02<00:03,  9.06it/s, Saved at =inf, TrLoss=0.2768]
 Training FV-alpha-s2-t6:  38%|███▊      | 19/50 [00:02<00:03,  9.06it/s, Saved at =inf, TrLoss=0.2768]
 Training FV-alpha-s2-t6:  38%|███▊      | 19/50 [00:02<00:03,  9.06it/s, Saved at =inf, TrLoss=0.2834]
 Training FV-alpha-s2-t6:  40%|████      | 20/50 [00:02<00:03,  9.07it/s, Saved at =inf, TrLoss=0.2834]
 Training FV-alpha-s2-t6:  40%|████      | 20/50 [00:02<00:03,  9.07it/s, Saved at =inf, TrLoss=0.2729]
 Training FV-alpha-s2-t6:  42%|████▏     | 21/50 [00:02<00:03,  9.17it/s, Saved at =inf, TrLoss=0.2729]
 Training FV-alpha-s2-t6:  42%|████▏     | 21/50 [00:02<00:03,  9.17it/s, Saved at =inf, TrLoss=0.2535]
 Training FV-alpha-s2-t6:  44%|████▍     | 22/50 [00:02<00:03,  9.01it/s, Saved at =inf, TrLoss=0.2535]
 Training FV-alpha-s2-t6:  44%|████▍     | 22/50 [00:02<00:03,  9.01it/s, Saved at =inf, TrLoss=0.2405]
 Training FV-alpha-s2-t6:  46%|████▌     | 23/50 [00:02<00:02,  9.23it/s, Saved at =inf, TrLoss=0.2405]
 Training FV-alpha-s2-t6:  46%|████▌     | 23/50 [00:02<00:02,  9.23it/s, Saved at =inf, TrLoss=0.2521]
 Training FV-alpha-s2-t6:  48%|████▊     | 24/50 [00:02<00:02,  9.32it/s, Saved at =inf, TrLoss=0.2521]
 Training FV-alpha-s2-t6:  48%|████▊     | 24/50 [00:02<00:02,  9.32it/s, Saved at =inf, TrLoss=0.2447]
 Training FV-alpha-s2-t6:  50%|█████     | 25/50 [00:02<00:02,  9.27it/s, Saved at =inf, TrLoss=0.2447]
 Training FV-alpha-s2-t6:  50%|█████     | 25/50 [00:02<00:02,  9.27it/s, Saved at =inf, TrLoss=0.2358]
 Training FV-alpha-s2-t6:  52%|█████▏    | 26/50 [00:02<00:02,  9.30it/s, Saved at =inf, TrLoss=0.2358]
 Training FV-alpha-s2-t6:  52%|█████▏    | 26/50 [00:02<00:02,  9.30it/s, Saved at =inf, TrLoss=0.2271]
 Training FV-alpha-s2-t6:  54%|█████▍    | 27/50 [00:03<00:02,  9.20it/s, Saved at =inf, TrLoss=0.2271]
 Training FV-alpha-s2-t6:  54%|█████▍    | 27/50 [00:03<00:02,  9.20it/s, Saved at =inf, TrLoss=0.2302]
 Training FV-alpha-s2-t6:  56%|█████▌    | 28/50 [00:03<00:02,  9.12it/s, Saved at =inf, TrLoss=0.2302]
 Training FV-alpha-s2-t6:  56%|█████▌    | 28/50 [00:03<00:02,  9.12it/s, Saved at =inf, TrLoss=0.2148]
 Training FV-alpha-s2-t6:  58%|█████▊    | 29/50 [00:03<00:02,  9.07it/s, Saved at =inf, TrLoss=0.2148]
 Training FV-alpha-s2-t6:  58%|█████▊    | 29/50 [00:03<00:02,  9.07it/s, Saved at =inf, TrLoss=0.2199]
 Training FV-alpha-s2-t6:  60%|██████    | 30/50 [00:03<00:02,  9.12it/s, Saved at =inf, TrLoss=0.2199]
 Training FV-alpha-s2-t6:  60%|██████    | 30/50 [00:03<00:02,  9.12it/s, Saved at =inf, TrLoss=0.2227]
 Training FV-alpha-s2-t6:  62%|██████▏   | 31/50 [00:03<00:02,  9.08it/s, Saved at =inf, TrLoss=0.2227]
 Training FV-alpha-s2-t6:  62%|██████▏   | 31/50 [00:03<00:02,  9.08it/s, Saved at =inf, TrLoss=0.2100]
 Training FV-alpha-s2-t6:  64%|██████▍   | 32/50 [00:03<00:01,  9.09it/s, Saved at =inf, TrLoss=0.2100]
 Training FV-alpha-s2-t6:  64%|██████▍   | 32/50 [00:03<00:01,  9.09it/s, Saved at =inf, TrLoss=0.2091]
 Training FV-alpha-s2-t6:  66%|██████▌   | 33/50 [00:03<00:02,  8.05it/s, Saved at =inf, TrLoss=0.2091]
 Training FV-alpha-s2-t6:  66%|██████▌   | 33/50 [00:03<00:02,  8.05it/s, Saved at =inf, TrLoss=0.2220]
 Training FV-alpha-s2-t6:  68%|██████▊   | 34/50 [00:03<00:02,  7.82it/s, Saved at =inf, TrLoss=0.2220]
 Training FV-alpha-s2-t6:  68%|██████▊   | 34/50 [00:03<00:02,  7.82it/s, Saved at =inf, TrLoss=0.2090]
 Training FV-alpha-s2-t6:  70%|███████   | 35/50 [00:03<00:01,  8.16it/s, Saved at =inf, TrLoss=0.2090]
 Training FV-alpha-s2-t6:  70%|███████   | 35/50 [00:04<00:01,  8.16it/s, Saved at =inf, TrLoss=0.2116]
 Training FV-alpha-s2-t6:  72%|███████▏  | 36/50 [00:04<00:01,  8.39it/s, Saved at =inf, TrLoss=0.2116]
 Training FV-alpha-s2-t6:  72%|███████▏  | 36/50 [00:04<00:01,  8.39it/s, Saved at =inf, TrLoss=0.2197]
 Training FV-alpha-s2-t6:  74%|███████▍  | 37/50 [00:04<00:01,  8.57it/s, Saved at =inf, TrLoss=0.2197]
 Training FV-alpha-s2-t6:  74%|███████▍  | 37/50 [00:04<00:01,  8.57it/s, Saved at =inf, TrLoss=0.1949]
 Training FV-alpha-s2-t6:  76%|███████▌  | 38/50 [00:04<00:01,  8.66it/s, Saved at =inf, TrLoss=0.1949]
 Training FV-alpha-s2-t6:  76%|███████▌  | 38/50 [00:04<00:01,  8.66it/s, Saved at =inf, TrLoss=0.2002]
 Training FV-alpha-s2-t6:  78%|███████▊  | 39/50 [00:04<00:01,  8.75it/s, Saved at =inf, TrLoss=0.2002]
 Training FV-alpha-s2-t6:  78%|███████▊  | 39/50 [00:04<00:01,  8.75it/s, Saved at =inf, TrLoss=0.2106]
 Training FV-alpha-s2-t6:  80%|████████  | 40/50 [00:04<00:01,  8.81it/s, Saved at =inf, TrLoss=0.2106]
 Training FV-alpha-s2-t6:  80%|████████  | 40/50 [00:04<00:01,  8.81it/s, Saved at =inf, TrLoss=0.1954]
 Training FV-alpha-s2-t6:  82%|████████▏ | 41/50 [00:04<00:01,  8.88it/s, Saved at =inf, TrLoss=0.1954]
 Training FV-alpha-s2-t6:  82%|████████▏ | 41/50 [00:04<00:01,  8.88it/s, Saved at =inf, TrLoss=0.2069]
 Training FV-alpha-s2-t6:  84%|████████▍ | 42/50 [00:04<00:00,  8.08it/s, Saved at =inf, TrLoss=0.2069]
 Training FV-alpha-s2-t6:  84%|████████▍ | 42/50 [00:04<00:00,  8.08it/s, Saved at =inf, TrLoss=0.1943]
 Training FV-alpha-s2-t6:  86%|████████▌ | 43/50 [00:04<00:00,  7.60it/s, Saved at =inf, TrLoss=0.1943]
 Training FV-alpha-s2-t6:  86%|████████▌ | 43/50 [00:05<00:00,  7.60it/s, Saved at =inf, TrLoss=0.1847]
 Training FV-alpha-s2-t6:  88%|████████▊ | 44/50 [00:05<00:00,  7.51it/s, Saved at =inf, TrLoss=0.1847]
 Training FV-alpha-s2-t6:  88%|████████▊ | 44/50 [00:05<00:00,  7.51it/s, Saved at =inf, TrLoss=0.1869]
 Training FV-alpha-s2-t6:  90%|█████████ | 45/50 [00:05<00:00,  7.92it/s, Saved at =inf, TrLoss=0.1869]
 Training FV-alpha-s2-t6:  90%|█████████ | 45/50 [00:05<00:00,  7.92it/s, Saved at =inf, TrLoss=0.1965]
 Training FV-alpha-s2-t6:  92%|█████████▏| 46/50 [00:05<00:00,  8.24it/s, Saved at =inf, TrLoss=0.1965]
 Training FV-alpha-s2-t6:  92%|█████████▏| 46/50 [00:05<00:00,  8.24it/s, Saved at =inf, TrLoss=0.1865]
 Training FV-alpha-s2-t6:  94%|█████████▍| 47/50 [00:05<00:00,  8.46it/s, Saved at =inf, TrLoss=0.1865]
 Training FV-alpha-s2-t6:  94%|█████████▍| 47/50 [00:05<00:00,  8.46it/s, Saved at =inf, TrLoss=0.1788]
 Training FV-alpha-s2-t6:  96%|█████████▌| 48/50 [00:05<00:00,  8.62it/s, Saved at =inf, TrLoss=0.1788]
 Training FV-alpha-s2-t6:  96%|█████████▌| 48/50 [00:05<00:00,  8.62it/s, Saved at =inf, TrLoss=0.1805]
 Training FV-alpha-s2-t6:  98%|█████████▊| 49/50 [00:05<00:00,  8.74it/s, Saved at =inf, TrLoss=0.1805]
 Training FV-alpha-s2-t6:  98%|█████████▊| 49/50 [00:05<00:00,  8.74it/s, Saved at =inf, TrLoss=0.1900]
 Training FV-alpha-s2-t6: 100%|██████████| 50/50 [00:05<00:00,  8.81it/s, Saved at =inf, TrLoss=0.1900]
 Training FV-alpha-s2-t6: 100%|██████████| 50/50 [00:05<00:00,  8.69it/s, Saved at =inf, TrLoss=0.1900]

 Training FV-alpha-s2-t7:   0%|          | 0/50 [00:00<?, ?it/s]
 Training FV-alpha-s2-t7:   0%|          | 0/50 [00:00<?, ?it/s, Saved at =inf, TrLoss=0.7377]
 Training FV-alpha-s2-t7:   2%|▏         | 1/50 [00:00<00:06,  7.29it/s, Saved at =inf, TrLoss=0.7377]
 Training FV-alpha-s2-t7:   2%|▏         | 1/50 [00:00<00:06,  7.29it/s, Saved at =inf, TrLoss=0.7980]
 Training FV-alpha-s2-t7:   4%|▍         | 2/50 [00:00<00:06,  7.53it/s, Saved at =inf, TrLoss=0.7980]
 Training FV-alpha-s2-t7:   4%|▍         | 2/50 [00:00<00:06,  7.53it/s, Saved at =inf, TrLoss=0.5868]
 Training FV-alpha-s2-t7:   6%|▌         | 3/50 [00:00<00:06,  7.63it/s, Saved at =inf, TrLoss=0.5868]
 Training FV-alpha-s2-t7:   6%|▌         | 3/50 [00:00<00:06,  7.63it/s, Saved at =inf, TrLoss=0.5909]
 Training FV-alpha-s2-t7:   8%|▊         | 4/50 [00:00<00:05,  7.68it/s, Saved at =inf, TrLoss=0.5909]
 Training FV-alpha-s2-t7:   8%|▊         | 4/50 [00:00<00:05,  7.68it/s, Saved at =inf, TrLoss=0.5578]
 Training FV-alpha-s2-t7:  10%|█         | 5/50 [00:00<00:05,  7.72it/s, Saved at =inf, TrLoss=0.5578]
 Training FV-alpha-s2-t7:  10%|█         | 5/50 [00:00<00:05,  7.72it/s, Saved at =inf, TrLoss=0.5224]
 Training FV-alpha-s2-t7:  12%|█▏        | 6/50 [00:00<00:05,  7.73it/s, Saved at =inf, TrLoss=0.5224]
 Training FV-alpha-s2-t7:  12%|█▏        | 6/50 [00:00<00:05,  7.73it/s, Saved at =inf, TrLoss=0.5107]
 Training FV-alpha-s2-t7:  14%|█▍        | 7/50 [00:00<00:05,  7.73it/s, Saved at =inf, TrLoss=0.5107]
 Training FV-alpha-s2-t7:  14%|█▍        | 7/50 [00:01<00:05,  7.73it/s, Saved at =inf, TrLoss=0.4755]
 Training FV-alpha-s2-t7:  16%|█▌        | 8/50 [00:01<00:05,  7.72it/s, Saved at =inf, TrLoss=0.4755]
 Training FV-alpha-s2-t7:  16%|█▌        | 8/50 [00:01<00:05,  7.72it/s, Saved at =inf, TrLoss=0.4254]
 Training FV-alpha-s2-t7:  18%|█▊        | 9/50 [00:01<00:05,  7.72it/s, Saved at =inf, TrLoss=0.4254]
 Training FV-alpha-s2-t7:  18%|█▊        | 9/50 [00:01<00:05,  7.72it/s, Saved at =inf, TrLoss=0.3966]
 Training FV-alpha-s2-t7:  20%|██        | 10/50 [00:01<00:05,  7.72it/s, Saved at =inf, TrLoss=0.3966]
 Training FV-alpha-s2-t7:  20%|██        | 10/50 [00:01<00:05,  7.72it/s, Saved at =inf, TrLoss=0.3767]
 Training FV-alpha-s2-t7:  22%|██▏       | 11/50 [00:01<00:05,  7.71it/s, Saved at =inf, TrLoss=0.3767]
 Training FV-alpha-s2-t7:  22%|██▏       | 11/50 [00:01<00:05,  7.71it/s, Saved at =inf, TrLoss=0.3452]
 Training FV-alpha-s2-t7:  24%|██▍       | 12/50 [00:01<00:04,  7.71it/s, Saved at =inf, TrLoss=0.3452]
 Training FV-alpha-s2-t7:  24%|██▍       | 12/50 [00:01<00:04,  7.71it/s, Saved at =inf, TrLoss=0.3147]
 Training FV-alpha-s2-t7:  26%|██▌       | 13/50 [00:01<00:04,  7.73it/s, Saved at =inf, TrLoss=0.3147]
 Training FV-alpha-s2-t7:  26%|██▌       | 13/50 [00:01<00:04,  7.73it/s, Saved at =inf, TrLoss=0.3478]
 Training FV-alpha-s2-t7:  28%|██▊       | 14/50 [00:01<00:04,  7.74it/s, Saved at =inf, TrLoss=0.3478]
 Training FV-alpha-s2-t7:  28%|██▊       | 14/50 [00:01<00:04,  7.74it/s, Saved at =inf, TrLoss=0.4462]
 Training FV-alpha-s2-t7:  30%|███       | 15/50 [00:01<00:04,  7.74it/s, Saved at =inf, TrLoss=0.4462]
 Training FV-alpha-s2-t7:  30%|███       | 15/50 [00:02<00:04,  7.74it/s, Saved at =inf, TrLoss=0.3070]
 Training FV-alpha-s2-t7:  32%|███▏      | 16/50 [00:02<00:04,  7.74it/s, Saved at =inf, TrLoss=0.3070]
 Training FV-alpha-s2-t7:  32%|███▏      | 16/50 [00:02<00:04,  7.74it/s, Saved at =inf, TrLoss=0.3841]
 Training FV-alpha-s2-t7:  34%|███▍      | 17/50 [00:02<00:04,  7.74it/s, Saved at =inf, TrLoss=0.3841]
 Training FV-alpha-s2-t7:  34%|███▍      | 17/50 [00:02<00:04,  7.74it/s, Saved at =inf, TrLoss=0.2892]
 Training FV-alpha-s2-t7:  36%|███▌      | 18/50 [00:02<00:04,  6.89it/s, Saved at =inf, TrLoss=0.2892]
 Training FV-alpha-s2-t7:  36%|███▌      | 18/50 [00:02<00:04,  6.89it/s, Saved at =inf, TrLoss=0.3462]
 Training FV-alpha-s2-t7:  38%|███▊      | 19/50 [00:02<00:04,  7.11it/s, Saved at =inf, TrLoss=0.3462]
 Training FV-alpha-s2-t7:  38%|███▊      | 19/50 [00:02<00:04,  7.11it/s, Saved at =inf, TrLoss=0.2950]
 Training FV-alpha-s2-t7:  40%|████      | 20/50 [00:02<00:04,  7.30it/s, Saved at =inf, TrLoss=0.2950]
 Training FV-alpha-s2-t7:  40%|████      | 20/50 [00:02<00:04,  7.30it/s, Saved at =inf, TrLoss=0.2925]
 Training FV-alpha-s2-t7:  42%|████▏     | 21/50 [00:02<00:03,  7.42it/s, Saved at =inf, TrLoss=0.2925]
 Training FV-alpha-s2-t7:  42%|████▏     | 21/50 [00:02<00:03,  7.42it/s, Saved at =inf, TrLoss=0.3110]
 Training FV-alpha-s2-t7:  44%|████▍     | 22/50 [00:02<00:03,  7.51it/s, Saved at =inf, TrLoss=0.3110]
 Training FV-alpha-s2-t7:  44%|████▍     | 22/50 [00:02<00:03,  7.51it/s, Saved at =inf, TrLoss=0.2630]
 Training FV-alpha-s2-t7:  46%|████▌     | 23/50 [00:03<00:03,  7.58it/s, Saved at =inf, TrLoss=0.2630]
 Training FV-alpha-s2-t7:  46%|████▌     | 23/50 [00:03<00:03,  7.58it/s, Saved at =inf, TrLoss=0.2810]
 Training FV-alpha-s2-t7:  48%|████▊     | 24/50 [00:03<00:03,  7.64it/s, Saved at =inf, TrLoss=0.2810]
 Training FV-alpha-s2-t7:  48%|████▊     | 24/50 [00:03<00:03,  7.64it/s, Saved at =inf, TrLoss=0.2800]
 Training FV-alpha-s2-t7:  50%|█████     | 25/50 [00:03<00:03,  7.69it/s, Saved at =inf, TrLoss=0.2800]
 Training FV-alpha-s2-t7:  50%|█████     | 25/50 [00:03<00:03,  7.69it/s, Saved at =inf, TrLoss=0.2594]
 Training FV-alpha-s2-t7:  52%|█████▏    | 26/50 [00:03<00:03,  7.71it/s, Saved at =inf, TrLoss=0.2594]
 Training FV-alpha-s2-t7:  52%|█████▏    | 26/50 [00:03<00:03,  7.71it/s, Saved at =inf, TrLoss=0.2618]
 Training FV-alpha-s2-t7:  54%|█████▍    | 27/50 [00:03<00:02,  7.73it/s, Saved at =inf, TrLoss=0.2618]
 Training FV-alpha-s2-t7:  54%|█████▍    | 27/50 [00:03<00:02,  7.73it/s, Saved at =inf, TrLoss=0.2682]
 Training FV-alpha-s2-t7:  56%|█████▌    | 28/50 [00:03<00:02,  7.74it/s, Saved at =inf, TrLoss=0.2682]
 Training FV-alpha-s2-t7:  56%|█████▌    | 28/50 [00:03<00:02,  7.74it/s, Saved at =inf, TrLoss=0.2483]
 Training FV-alpha-s2-t7:  58%|█████▊    | 29/50 [00:03<00:02,  7.75it/s, Saved at =inf, TrLoss=0.2483]
 Training FV-alpha-s2-t7:  58%|█████▊    | 29/50 [00:03<00:02,  7.75it/s, Saved at =inf, TrLoss=0.2641]
 Training FV-alpha-s2-t7:  60%|██████    | 30/50 [00:03<00:02,  7.75it/s, Saved at =inf, TrLoss=0.2641]
 Training FV-alpha-s2-t7:  60%|██████    | 30/50 [00:04<00:02,  7.75it/s, Saved at =inf, TrLoss=0.2468]
 Training FV-alpha-s2-t7:  62%|██████▏   | 31/50 [00:04<00:02,  7.76it/s, Saved at =inf, TrLoss=0.2468]
 Training FV-alpha-s2-t7:  62%|██████▏   | 31/50 [00:04<00:02,  7.76it/s, Saved at =inf, TrLoss=0.2381]
 Training FV-alpha-s2-t7:  64%|██████▍   | 32/50 [00:04<00:02,  7.75it/s, Saved at =inf, TrLoss=0.2381]
 Training FV-alpha-s2-t7:  64%|██████▍   | 32/50 [00:04<00:02,  7.75it/s, Saved at =inf, TrLoss=0.2455]
 Training FV-alpha-s2-t7:  66%|██████▌   | 33/50 [00:04<00:02,  7.77it/s, Saved at =inf, TrLoss=0.2455]
 Training FV-alpha-s2-t7:  66%|██████▌   | 33/50 [00:04<00:02,  7.77it/s, Saved at =inf, TrLoss=0.2421]
 Training FV-alpha-s2-t7:  68%|██████▊   | 34/50 [00:04<00:02,  7.74it/s, Saved at =inf, TrLoss=0.2421]
 Training FV-alpha-s2-t7:  68%|██████▊   | 34/50 [00:04<00:02,  7.74it/s, Saved at =inf, TrLoss=0.2386]
 Training FV-alpha-s2-t7:  70%|███████   | 35/50 [00:04<00:01,  7.76it/s, Saved at =inf, TrLoss=0.2386]
 Training FV-alpha-s2-t7:  70%|███████   | 35/50 [00:04<00:01,  7.76it/s, Saved at =inf, TrLoss=0.2488]
 Training FV-alpha-s2-t7:  72%|███████▏  | 36/50 [00:04<00:01,  7.76it/s, Saved at =inf, TrLoss=0.2488]
 Training FV-alpha-s2-t7:  72%|███████▏  | 36/50 [00:04<00:01,  7.76it/s, Saved at =inf, TrLoss=0.2366]
 Training FV-alpha-s2-t7:  74%|███████▍  | 37/50 [00:04<00:01,  7.78it/s, Saved at =inf, TrLoss=0.2366]
 Training FV-alpha-s2-t7:  74%|███████▍  | 37/50 [00:04<00:01,  7.78it/s, Saved at =inf, TrLoss=0.2259]
 Training FV-alpha-s2-t7:  76%|███████▌  | 38/50 [00:04<00:01,  7.77it/s, Saved at =inf, TrLoss=0.2259]
 Training FV-alpha-s2-t7:  76%|███████▌  | 38/50 [00:05<00:01,  7.77it/s, Saved at =inf, TrLoss=0.2317]
 Training FV-alpha-s2-t7:  78%|███████▊  | 39/50 [00:05<00:01,  7.76it/s, Saved at =inf, TrLoss=0.2317]
 Training FV-alpha-s2-t7:  78%|███████▊  | 39/50 [00:05<00:01,  7.76it/s, Saved at =inf, TrLoss=0.2272]
 Training FV-alpha-s2-t7:  80%|████████  | 40/50 [00:05<00:01,  7.77it/s, Saved at =inf, TrLoss=0.2272]
 Training FV-alpha-s2-t7:  80%|████████  | 40/50 [00:05<00:01,  7.77it/s, Saved at =inf, TrLoss=0.2297]
 Training FV-alpha-s2-t7:  82%|████████▏ | 41/50 [00:05<00:01,  7.78it/s, Saved at =inf, TrLoss=0.2297]
 Training FV-alpha-s2-t7:  82%|████████▏ | 41/50 [00:05<00:01,  7.78it/s, Saved at =inf, TrLoss=0.2361]
 Training FV-alpha-s2-t7:  84%|████████▍ | 42/50 [00:05<00:01,  7.78it/s, Saved at =inf, TrLoss=0.2361]
 Training FV-alpha-s2-t7:  84%|████████▍ | 42/50 [00:05<00:01,  7.78it/s, Saved at =inf, TrLoss=0.2212]
 Training FV-alpha-s2-t7:  86%|████████▌ | 43/50 [00:05<00:00,  7.79it/s, Saved at =inf, TrLoss=0.2212]
 Training FV-alpha-s2-t7:  86%|████████▌ | 43/50 [00:05<00:00,  7.79it/s, Saved at =inf, TrLoss=0.2191]
 Training FV-alpha-s2-t7:  88%|████████▊ | 44/50 [00:05<00:00,  7.78it/s, Saved at =inf, TrLoss=0.2191]
 Training FV-alpha-s2-t7:  88%|████████▊ | 44/50 [00:05<00:00,  7.78it/s, Saved at =inf, TrLoss=0.2183]
 Training FV-alpha-s2-t7:  90%|█████████ | 45/50 [00:05<00:00,  7.79it/s, Saved at =inf, TrLoss=0.2183]
 Training FV-alpha-s2-t7:  90%|█████████ | 45/50 [00:05<00:00,  7.79it/s, Saved at =inf, TrLoss=0.2167]
 Training FV-alpha-s2-t7:  92%|█████████▏| 46/50 [00:05<00:00,  7.78it/s, Saved at =inf, TrLoss=0.2167]
 Training FV-alpha-s2-t7:  92%|█████████▏| 46/50 [00:06<00:00,  7.78it/s, Saved at =inf, TrLoss=0.2165]
 Training FV-alpha-s2-t7:  94%|█████████▍| 47/50 [00:06<00:00,  7.76it/s, Saved at =inf, TrLoss=0.2165]
 Training FV-alpha-s2-t7:  94%|█████████▍| 47/50 [00:06<00:00,  7.76it/s, Saved at =inf, TrLoss=0.2075]
 Training FV-alpha-s2-t7:  96%|█████████▌| 48/50 [00:06<00:00,  7.76it/s, Saved at =inf, TrLoss=0.2075]
 Training FV-alpha-s2-t7:  96%|█████████▌| 48/50 [00:06<00:00,  7.76it/s, Saved at =inf, TrLoss=0.2117]
 Training FV-alpha-s2-t7:  98%|█████████▊| 49/50 [00:06<00:00,  7.77it/s, Saved at =inf, TrLoss=0.2117]
 Training FV-alpha-s2-t7:  98%|█████████▊| 49/50 [00:06<00:00,  7.77it/s, Saved at =inf, TrLoss=0.2142]
 Training FV-alpha-s2-t7: 100%|██████████| 50/50 [00:06<00:00,  7.78it/s, Saved at =inf, TrLoss=0.2142]
 Training FV-alpha-s2-t7: 100%|██████████| 50/50 [00:06<00:00,  7.68it/s, Saved at =inf, TrLoss=0.2142]

 Training FV-alpha-s2-t8:   0%|          | 0/50 [00:00<?, ?it/s]
 Training FV-alpha-s2-t8:   0%|          | 0/50 [00:00<?, ?it/s, Saved at =inf, TrLoss=0.7472]
 Training FV-alpha-s2-t8:   2%|▏         | 1/50 [00:00<00:08,  5.79it/s, Saved at =inf, TrLoss=0.7472]
 Training FV-alpha-s2-t8:   2%|▏         | 1/50 [00:00<00:08,  5.79it/s, Saved at =inf, TrLoss=0.9022]
 Training FV-alpha-s2-t8:   4%|▍         | 2/50 [00:00<00:07,  6.11it/s, Saved at =inf, TrLoss=0.9022]
 Training FV-alpha-s2-t8:   4%|▍         | 2/50 [00:00<00:07,  6.11it/s, Saved at =inf, TrLoss=0.6255]
 Training FV-alpha-s2-t8:   6%|▌         | 3/50 [00:00<00:07,  6.37it/s, Saved at =inf, TrLoss=0.6255]
 Training FV-alpha-s2-t8:   6%|▌         | 3/50 [00:00<00:07,  6.37it/s, Saved at =inf, TrLoss=0.5943]
 Training FV-alpha-s2-t8:   8%|▊         | 4/50 [00:00<00:07,  6.52it/s, Saved at =inf, TrLoss=0.5943]
 Training FV-alpha-s2-t8:   8%|▊         | 4/50 [00:00<00:07,  6.52it/s, Saved at =inf, TrLoss=0.5852]
 Training FV-alpha-s2-t8:  10%|█         | 5/50 [00:00<00:06,  6.60it/s, Saved at =inf, TrLoss=0.5852]
 Training FV-alpha-s2-t8:  10%|█         | 5/50 [00:00<00:06,  6.60it/s, Saved at =inf, TrLoss=0.5552]
 Training FV-alpha-s2-t8:  12%|█▏        | 6/50 [00:00<00:06,  6.76it/s, Saved at =inf, TrLoss=0.5552]
 Training FV-alpha-s2-t8:  12%|█▏        | 6/50 [00:01<00:06,  6.76it/s, Saved at =inf, TrLoss=0.5317]
 Training FV-alpha-s2-t8:  14%|█▍        | 7/50 [00:01<00:06,  6.77it/s, Saved at =inf, TrLoss=0.5317]
 Training FV-alpha-s2-t8:  14%|█▍        | 7/50 [00:01<00:06,  6.77it/s, Saved at =inf, TrLoss=0.5118]
 Training FV-alpha-s2-t8:  16%|█▌        | 8/50 [00:01<00:06,  6.77it/s, Saved at =inf, TrLoss=0.5118]
 Training FV-alpha-s2-t8:  16%|█▌        | 8/50 [00:01<00:06,  6.77it/s, Saved at =inf, TrLoss=0.4777]
 Training FV-alpha-s2-t8:  18%|█▊        | 9/50 [00:01<00:06,  6.78it/s, Saved at =inf, TrLoss=0.4777]
 Training FV-alpha-s2-t8:  18%|█▊        | 9/50 [00:01<00:06,  6.78it/s, Saved at =inf, TrLoss=0.4538]
 Training FV-alpha-s2-t8:  20%|██        | 10/50 [00:01<00:05,  6.78it/s, Saved at =inf, TrLoss=0.4538]
 Training FV-alpha-s2-t8:  20%|██        | 10/50 [00:01<00:05,  6.78it/s, Saved at =inf, TrLoss=0.4264]
 Training FV-alpha-s2-t8:  22%|██▏       | 11/50 [00:01<00:05,  6.76it/s, Saved at =inf, TrLoss=0.4264]
 Training FV-alpha-s2-t8:  22%|██▏       | 11/50 [00:01<00:05,  6.76it/s, Saved at =inf, TrLoss=0.3964]
 Training FV-alpha-s2-t8:  24%|██▍       | 12/50 [00:01<00:05,  6.76it/s, Saved at =inf, TrLoss=0.3964]
 Training FV-alpha-s2-t8:  24%|██▍       | 12/50 [00:01<00:05,  6.76it/s, Saved at =inf, TrLoss=0.3630]
 Training FV-alpha-s2-t8:  26%|██▌       | 13/50 [00:01<00:05,  6.76it/s, Saved at =inf, TrLoss=0.3630]
 Training FV-alpha-s2-t8:  26%|██▌       | 13/50 [00:02<00:05,  6.76it/s, Saved at =inf, TrLoss=0.3286]
 Training FV-alpha-s2-t8:  28%|██▊       | 14/50 [00:02<00:05,  6.86it/s, Saved at =inf, TrLoss=0.3286]
 Training FV-alpha-s2-t8:  28%|██▊       | 14/50 [00:02<00:05,  6.86it/s, Saved at =inf, TrLoss=0.3175]
 Training FV-alpha-s2-t8:  30%|███       | 15/50 [00:02<00:05,  6.86it/s, Saved at =inf, TrLoss=0.3175]
 Training FV-alpha-s2-t8:  30%|███       | 15/50 [00:02<00:05,  6.86it/s, Saved at =inf, TrLoss=0.3219]
 Training FV-alpha-s2-t8:  32%|███▏      | 16/50 [00:02<00:05,  6.04it/s, Saved at =inf, TrLoss=0.3219]
 Training FV-alpha-s2-t8:  32%|███▏      | 16/50 [00:02<00:05,  6.04it/s, Saved at =inf, TrLoss=0.4400]
 Training FV-alpha-s2-t8:  34%|███▍      | 17/50 [00:02<00:05,  6.25it/s, Saved at =inf, TrLoss=0.4400]
 Training FV-alpha-s2-t8:  34%|███▍      | 17/50 [00:02<00:05,  6.25it/s, Saved at =inf, TrLoss=0.3781]
 Training FV-alpha-s2-t8:  36%|███▌      | 18/50 [00:02<00:05,  6.40it/s, Saved at =inf, TrLoss=0.3781]
 Training FV-alpha-s2-t8:  36%|███▌      | 18/50 [00:02<00:05,  6.40it/s, Saved at =inf, TrLoss=0.3529]
 Training FV-alpha-s2-t8:  38%|███▊      | 19/50 [00:02<00:04,  6.49it/s, Saved at =inf, TrLoss=0.3529]
 Training FV-alpha-s2-t8:  38%|███▊      | 19/50 [00:02<00:04,  6.49it/s, Saved at =inf, TrLoss=0.3124]
 Training FV-alpha-s2-t8:  40%|████      | 20/50 [00:03<00:04,  6.65it/s, Saved at =inf, TrLoss=0.3124]
 Training FV-alpha-s2-t8:  40%|████      | 20/50 [00:03<00:04,  6.65it/s, Saved at =inf, TrLoss=0.3543]
 Training FV-alpha-s2-t8:  42%|████▏     | 21/50 [00:03<00:04,  6.67it/s, Saved at =inf, TrLoss=0.3543]
 Training FV-alpha-s2-t8:  42%|████▏     | 21/50 [00:03<00:04,  6.67it/s, Saved at =inf, TrLoss=0.2979]
 Training FV-alpha-s2-t8:  44%|████▍     | 22/50 [00:03<00:04,  6.70it/s, Saved at =inf, TrLoss=0.2979]
 Training FV-alpha-s2-t8:  44%|████▍     | 22/50 [00:03<00:04,  6.70it/s, Saved at =inf, TrLoss=0.3082]
 Training FV-alpha-s2-t8:  46%|████▌     | 23/50 [00:03<00:04,  6.74it/s, Saved at =inf, TrLoss=0.3082]
 Training FV-alpha-s2-t8:  46%|████▌     | 23/50 [00:03<00:04,  6.74it/s, Saved at =inf, TrLoss=0.3237]
 Training FV-alpha-s2-t8:  48%|████▊     | 24/50 [00:03<00:03,  6.74it/s, Saved at =inf, TrLoss=0.3237]
 Training FV-alpha-s2-t8:  48%|████▊     | 24/50 [00:03<00:03,  6.74it/s, Saved at =inf, TrLoss=0.2987]
 Training FV-alpha-s2-t8:  50%|█████     | 25/50 [00:03<00:03,  6.74it/s, Saved at =inf, TrLoss=0.2987]
 Training FV-alpha-s2-t8:  50%|█████     | 25/50 [00:03<00:03,  6.74it/s, Saved at =inf, TrLoss=0.2938]
 Training FV-alpha-s2-t8:  52%|█████▏    | 26/50 [00:03<00:03,  6.74it/s, Saved at =inf, TrLoss=0.2938]
 Training FV-alpha-s2-t8:  52%|█████▏    | 26/50 [00:04<00:03,  6.74it/s, Saved at =inf, TrLoss=0.3108]
 Training FV-alpha-s2-t8:  54%|█████▍    | 27/50 [00:04<00:03,  6.73it/s, Saved at =inf, TrLoss=0.3108]
 Training FV-alpha-s2-t8:  54%|█████▍    | 27/50 [00:04<00:03,  6.73it/s, Saved at =inf, TrLoss=0.2961]
 Training FV-alpha-s2-t8:  56%|█████▌    | 28/50 [00:04<00:03,  6.79it/s, Saved at =inf, TrLoss=0.2961]
 Training FV-alpha-s2-t8:  56%|█████▌    | 28/50 [00:04<00:03,  6.79it/s, Saved at =inf, TrLoss=0.2823]
 Training FV-alpha-s2-t8:  58%|█████▊    | 29/50 [00:04<00:03,  6.77it/s, Saved at =inf, TrLoss=0.2823]
 Training FV-alpha-s2-t8:  58%|█████▊    | 29/50 [00:04<00:03,  6.77it/s, Saved at =inf, TrLoss=0.2951]
 Training FV-alpha-s2-t8:  60%|██████    | 30/50 [00:04<00:02,  6.76it/s, Saved at =inf, TrLoss=0.2951]
 Training FV-alpha-s2-t8:  60%|██████    | 30/50 [00:04<00:02,  6.76it/s, Saved at =inf, TrLoss=0.2828]
 Training FV-alpha-s2-t8:  62%|██████▏   | 31/50 [00:04<00:02,  6.79it/s, Saved at =inf, TrLoss=0.2828]
 Training FV-alpha-s2-t8:  62%|██████▏   | 31/50 [00:04<00:02,  6.79it/s, Saved at =inf, TrLoss=0.2719]
 Training FV-alpha-s2-t8:  64%|██████▍   | 32/50 [00:04<00:02,  6.78it/s, Saved at =inf, TrLoss=0.2719]
 Training FV-alpha-s2-t8:  64%|██████▍   | 32/50 [00:04<00:02,  6.78it/s, Saved at =inf, TrLoss=0.2796]
 Training FV-alpha-s2-t8:  66%|██████▌   | 33/50 [00:04<00:02,  6.77it/s, Saved at =inf, TrLoss=0.2796]
 Training FV-alpha-s2-t8:  66%|██████▌   | 33/50 [00:05<00:02,  6.77it/s, Saved at =inf, TrLoss=0.2820]
 Training FV-alpha-s2-t8:  68%|██████▊   | 34/50 [00:05<00:02,  6.80it/s, Saved at =inf, TrLoss=0.2820]
 Training FV-alpha-s2-t8:  68%|██████▊   | 34/50 [00:05<00:02,  6.80it/s, Saved at =inf, TrLoss=0.2684]
 Training FV-alpha-s2-t8:  70%|███████   | 35/50 [00:05<00:02,  6.80it/s, Saved at =inf, TrLoss=0.2684]
 Training FV-alpha-s2-t8:  70%|███████   | 35/50 [00:05<00:02,  6.80it/s, Saved at =inf, TrLoss=0.2861]
 Training FV-alpha-s2-t8:  72%|███████▏  | 36/50 [00:05<00:02,  6.82it/s, Saved at =inf, TrLoss=0.2861]
 Training FV-alpha-s2-t8:  72%|███████▏  | 36/50 [00:05<00:02,  6.82it/s, Saved at =inf, TrLoss=0.2646]
 Training FV-alpha-s2-t8:  74%|███████▍  | 37/50 [00:05<00:01,  6.82it/s, Saved at =inf, TrLoss=0.2646]
 Training FV-alpha-s2-t8:  74%|███████▍  | 37/50 [00:05<00:01,  6.82it/s, Saved at =inf, TrLoss=0.2612]
 Training FV-alpha-s2-t8:  76%|███████▌  | 38/50 [00:05<00:01,  6.82it/s, Saved at =inf, TrLoss=0.2612]
 Training FV-alpha-s2-t8:  76%|███████▌  | 38/50 [00:05<00:01,  6.82it/s, Saved at =inf, TrLoss=0.2622]
 Training FV-alpha-s2-t8:  78%|███████▊  | 39/50 [00:05<00:01,  6.82it/s, Saved at =inf, TrLoss=0.2622]
 Training FV-alpha-s2-t8:  78%|███████▊  | 39/50 [00:05<00:01,  6.82it/s, Saved at =inf, TrLoss=0.2591]
 Training FV-alpha-s2-t8:  80%|████████  | 40/50 [00:05<00:01,  6.83it/s, Saved at =inf, TrLoss=0.2591]
 Training FV-alpha-s2-t8:  80%|████████  | 40/50 [00:06<00:01,  6.83it/s, Saved at =inf, TrLoss=0.2588]
 Training FV-alpha-s2-t8:  82%|████████▏ | 41/50 [00:06<00:01,  6.82it/s, Saved at =inf, TrLoss=0.2588]
 Training FV-alpha-s2-t8:  82%|████████▏ | 41/50 [00:06<00:01,  6.82it/s, Saved at =inf, TrLoss=0.2651]
 Training FV-alpha-s2-t8:  84%|████████▍ | 42/50 [00:06<00:01,  6.84it/s, Saved at =inf, TrLoss=0.2651]
 Training FV-alpha-s2-t8:  84%|████████▍ | 42/50 [00:06<00:01,  6.84it/s, Saved at =inf, TrLoss=0.2570]
 Training FV-alpha-s2-t8:  86%|████████▌ | 43/50 [00:06<00:01,  6.83it/s, Saved at =inf, TrLoss=0.2570]
 Training FV-alpha-s2-t8:  86%|████████▌ | 43/50 [00:06<00:01,  6.83it/s, Saved at =inf, TrLoss=0.2542]
 Training FV-alpha-s2-t8:  88%|████████▊ | 44/50 [00:06<00:00,  6.69it/s, Saved at =inf, TrLoss=0.2542]
 Training FV-alpha-s2-t8:  88%|████████▊ | 44/50 [00:06<00:00,  6.69it/s, Saved at =inf, TrLoss=0.2443]
 Training FV-alpha-s2-t8:  90%|█████████ | 45/50 [00:06<00:00,  6.42it/s, Saved at =inf, TrLoss=0.2443]
 Training FV-alpha-s2-t8:  90%|█████████ | 45/50 [00:06<00:00,  6.42it/s, Saved at =inf, TrLoss=0.2503]
 Training FV-alpha-s2-t8:  92%|█████████▏| 46/50 [00:06<00:00,  6.50it/s, Saved at =inf, TrLoss=0.2503]
 Training FV-alpha-s2-t8:  92%|█████████▏| 46/50 [00:06<00:00,  6.50it/s, Saved at =inf, TrLoss=0.2413]
 Training FV-alpha-s2-t8:  94%|█████████▍| 47/50 [00:07<00:00,  6.57it/s, Saved at =inf, TrLoss=0.2413]
 Training FV-alpha-s2-t8:  94%|█████████▍| 47/50 [00:07<00:00,  6.57it/s, Saved at =inf, TrLoss=0.2394]
 Training FV-alpha-s2-t8:  96%|█████████▌| 48/50 [00:07<00:00,  6.64it/s, Saved at =inf, TrLoss=0.2394]
 Training FV-alpha-s2-t8:  96%|█████████▌| 48/50 [00:07<00:00,  6.64it/s, Saved at =inf, TrLoss=0.2394]
 Training FV-alpha-s2-t8:  98%|█████████▊| 49/50 [00:07<00:00,  6.69it/s, Saved at =inf, TrLoss=0.2394]
 Training FV-alpha-s2-t8:  98%|█████████▊| 49/50 [00:07<00:00,  6.69it/s, Saved at =inf, TrLoss=0.2462]
 Training FV-alpha-s2-t8: 100%|██████████| 50/50 [00:07<00:00,  6.73it/s, Saved at =inf, TrLoss=0.2462]
 Training FV-alpha-s2-t8: 100%|██████████| 50/50 [00:07<00:00,  6.68it/s, Saved at =inf, TrLoss=0.2462]

 Training FV-alpha-s2-t9:   0%|          | 0/50 [00:00<?, ?it/s]
 Training FV-alpha-s2-t9:   0%|          | 0/50 [00:00<?, ?it/s, Saved at =inf, TrLoss=0.7092]
 Training FV-alpha-s2-t9:   2%|▏         | 1/50 [00:00<00:08,  5.59it/s, Saved at =inf, TrLoss=0.7092]
 Training FV-alpha-s2-t9:   2%|▏         | 1/50 [00:00<00:08,  5.59it/s, Saved at =inf, TrLoss=0.7553]
 Training FV-alpha-s2-t9:   4%|▍         | 2/50 [00:00<00:08,  5.74it/s, Saved at =inf, TrLoss=0.7553]
 Training FV-alpha-s2-t9:   4%|▍         | 2/50 [00:00<00:08,  5.74it/s, Saved at =inf, TrLoss=0.5999]
 Training FV-alpha-s2-t9:   6%|▌         | 3/50 [00:00<00:08,  5.84it/s, Saved at =inf, TrLoss=0.5999]
 Training FV-alpha-s2-t9:   6%|▌         | 3/50 [00:00<00:08,  5.84it/s, Saved at =inf, TrLoss=0.5824]
 Training FV-alpha-s2-t9:   8%|▊         | 4/50 [00:00<00:08,  5.71it/s, Saved at =inf, TrLoss=0.5824]
 Training FV-alpha-s2-t9:   8%|▊         | 4/50 [00:00<00:08,  5.71it/s, Saved at =inf, TrLoss=0.5340]
 Training FV-alpha-s2-t9:  10%|█         | 5/50 [00:00<00:07,  5.74it/s, Saved at =inf, TrLoss=0.5340]
 Training FV-alpha-s2-t9:  10%|█         | 5/50 [00:00<00:07,  5.74it/s, Saved at =inf, TrLoss=0.5025]
 Training FV-alpha-s2-t9:  12%|█▏        | 6/50 [00:01<00:07,  5.77it/s, Saved at =inf, TrLoss=0.5025]
 Training FV-alpha-s2-t9:  12%|█▏        | 6/50 [00:01<00:07,  5.77it/s, Saved at =inf, TrLoss=0.4587]
 Training FV-alpha-s2-t9:  14%|█▍        | 7/50 [00:01<00:07,  5.78it/s, Saved at =inf, TrLoss=0.4587]
 Training FV-alpha-s2-t9:  14%|█▍        | 7/50 [00:01<00:07,  5.78it/s, Saved at =inf, TrLoss=0.4296]
 Training FV-alpha-s2-t9:  16%|█▌        | 8/50 [00:01<00:07,  5.77it/s, Saved at =inf, TrLoss=0.4296]
 Training FV-alpha-s2-t9:  16%|█▌        | 8/50 [00:01<00:07,  5.77it/s, Saved at =inf, TrLoss=0.4189]
 Training FV-alpha-s2-t9:  18%|█▊        | 9/50 [00:01<00:07,  5.78it/s, Saved at =inf, TrLoss=0.4189]
 Training FV-alpha-s2-t9:  18%|█▊        | 9/50 [00:01<00:07,  5.78it/s, Saved at =inf, TrLoss=0.4174]
 Training FV-alpha-s2-t9:  20%|██        | 10/50 [00:01<00:06,  5.79it/s, Saved at =inf, TrLoss=0.4174]
 Training FV-alpha-s2-t9:  20%|██        | 10/50 [00:01<00:06,  5.79it/s, Saved at =inf, TrLoss=0.3701]
 Training FV-alpha-s2-t9:  22%|██▏       | 11/50 [00:01<00:06,  5.80it/s, Saved at =inf, TrLoss=0.3701]
 Training FV-alpha-s2-t9:  22%|██▏       | 11/50 [00:02<00:06,  5.80it/s, Saved at =inf, TrLoss=0.3675]
 Training FV-alpha-s2-t9:  24%|██▍       | 12/50 [00:02<00:06,  5.81it/s, Saved at =inf, TrLoss=0.3675]
 Training FV-alpha-s2-t9:  24%|██▍       | 12/50 [00:02<00:06,  5.81it/s, Saved at =inf, TrLoss=0.3308]
 Training FV-alpha-s2-t9:  26%|██▌       | 13/50 [00:02<00:06,  5.81it/s, Saved at =inf, TrLoss=0.3308]
 Training FV-alpha-s2-t9:  26%|██▌       | 13/50 [00:02<00:06,  5.81it/s, Saved at =inf, TrLoss=0.3454]
 Training FV-alpha-s2-t9:  28%|██▊       | 14/50 [00:02<00:06,  5.81it/s, Saved at =inf, TrLoss=0.3454]
 Training FV-alpha-s2-t9:  28%|██▊       | 14/50 [00:02<00:06,  5.81it/s, Saved at =inf, TrLoss=0.3286]
 Training FV-alpha-s2-t9:  30%|███       | 15/50 [00:02<00:06,  5.81it/s, Saved at =inf, TrLoss=0.3286]
 Training FV-alpha-s2-t9:  30%|███       | 15/50 [00:02<00:06,  5.81it/s, Saved at =inf, TrLoss=0.3495]
 Training FV-alpha-s2-t9:  32%|███▏      | 16/50 [00:02<00:05,  5.81it/s, Saved at =inf, TrLoss=0.3495]
 Training FV-alpha-s2-t9:  32%|███▏      | 16/50 [00:02<00:05,  5.81it/s, Saved at =inf, TrLoss=0.3080]
 Training FV-alpha-s2-t9:  34%|███▍      | 17/50 [00:02<00:05,  5.81it/s, Saved at =inf, TrLoss=0.3080]
 Training FV-alpha-s2-t9:  34%|███▍      | 17/50 [00:03<00:05,  5.81it/s, Saved at =inf, TrLoss=0.3323]
 Training FV-alpha-s2-t9:  36%|███▌      | 18/50 [00:03<00:05,  5.81it/s, Saved at =inf, TrLoss=0.3323]
 Training FV-alpha-s2-t9:  36%|███▌      | 18/50 [00:03<00:05,  5.81it/s, Saved at =inf, TrLoss=0.3077]
 Training FV-alpha-s2-t9:  38%|███▊      | 19/50 [00:03<00:05,  5.82it/s, Saved at =inf, TrLoss=0.3077]
 Training FV-alpha-s2-t9:  38%|███▊      | 19/50 [00:03<00:05,  5.82it/s, Saved at =inf, TrLoss=0.3109]
 Training FV-alpha-s2-t9:  40%|████      | 20/50 [00:03<00:05,  5.82it/s, Saved at =inf, TrLoss=0.3109]
 Training FV-alpha-s2-t9:  40%|████      | 20/50 [00:03<00:05,  5.82it/s, Saved at =inf, TrLoss=0.3016]
 Training FV-alpha-s2-t9:  42%|████▏     | 21/50 [00:03<00:04,  5.83it/s, Saved at =inf, TrLoss=0.3016]
 Training FV-alpha-s2-t9:  42%|████▏     | 21/50 [00:03<00:04,  5.83it/s, Saved at =inf, TrLoss=0.2840]
 Training FV-alpha-s2-t9:  44%|████▍     | 22/50 [00:03<00:04,  5.81it/s, Saved at =inf, TrLoss=0.2840]
 Training FV-alpha-s2-t9:  44%|████▍     | 22/50 [00:03<00:04,  5.81it/s, Saved at =inf, TrLoss=0.2938]
 Training FV-alpha-s2-t9:  46%|████▌     | 23/50 [00:03<00:04,  5.80it/s, Saved at =inf, TrLoss=0.2938]
 Training FV-alpha-s2-t9:  46%|████▌     | 23/50 [00:04<00:04,  5.80it/s, Saved at =inf, TrLoss=0.2699]
 Training FV-alpha-s2-t9:  48%|████▊     | 24/50 [00:04<00:04,  5.80it/s, Saved at =inf, TrLoss=0.2699]
 Training FV-alpha-s2-t9:  48%|████▊     | 24/50 [00:04<00:04,  5.80it/s, Saved at =inf, TrLoss=0.2767]
 Training FV-alpha-s2-t9:  50%|█████     | 25/50 [00:04<00:04,  5.80it/s, Saved at =inf, TrLoss=0.2767]
 Training FV-alpha-s2-t9:  50%|█████     | 25/50 [00:04<00:04,  5.80it/s, Saved at =inf, TrLoss=0.2578]
 Training FV-alpha-s2-t9:  52%|█████▏    | 26/50 [00:04<00:04,  5.79it/s, Saved at =inf, TrLoss=0.2578]
 Training FV-alpha-s2-t9:  52%|█████▏    | 26/50 [00:04<00:04,  5.79it/s, Saved at =inf, TrLoss=0.2666]
 Training FV-alpha-s2-t9:  54%|█████▍    | 27/50 [00:04<00:03,  5.79it/s, Saved at =inf, TrLoss=0.2666]
 Training FV-alpha-s2-t9:  54%|█████▍    | 27/50 [00:04<00:03,  5.79it/s, Saved at =inf, TrLoss=0.2500]
 Training FV-alpha-s2-t9:  56%|█████▌    | 28/50 [00:04<00:03,  5.80it/s, Saved at =inf, TrLoss=0.2500]
 Training FV-alpha-s2-t9:  56%|█████▌    | 28/50 [00:04<00:03,  5.80it/s, Saved at =inf, TrLoss=0.2611]
 Training FV-alpha-s2-t9:  58%|█████▊    | 29/50 [00:05<00:03,  5.80it/s, Saved at =inf, TrLoss=0.2611]
 Training FV-alpha-s2-t9:  58%|█████▊    | 29/50 [00:05<00:03,  5.80it/s, Saved at =inf, TrLoss=0.2477]
 Training FV-alpha-s2-t9:  60%|██████    | 30/50 [00:05<00:03,  5.79it/s, Saved at =inf, TrLoss=0.2477]
 Training FV-alpha-s2-t9:  60%|██████    | 30/50 [00:05<00:03,  5.79it/s, Saved at =inf, TrLoss=0.2500]
 Training FV-alpha-s2-t9:  62%|██████▏   | 31/50 [00:05<00:03,  5.79it/s, Saved at =inf, TrLoss=0.2500]
 Training FV-alpha-s2-t9:  62%|██████▏   | 31/50 [00:05<00:03,  5.79it/s, Saved at =inf, TrLoss=0.2668]
 Training FV-alpha-s2-t9:  64%|██████▍   | 32/50 [00:05<00:03,  5.79it/s, Saved at =inf, TrLoss=0.2668]
 Training FV-alpha-s2-t9:  64%|██████▍   | 32/50 [00:05<00:03,  5.79it/s, Saved at =inf, TrLoss=0.2518]
 Training FV-alpha-s2-t9:  66%|██████▌   | 33/50 [00:05<00:02,  5.79it/s, Saved at =inf, TrLoss=0.2518]
 Training FV-alpha-s2-t9:  66%|██████▌   | 33/50 [00:05<00:02,  5.79it/s, Saved at =inf, TrLoss=0.2507]
 Training FV-alpha-s2-t9:  68%|██████▊   | 34/50 [00:05<00:02,  5.79it/s, Saved at =inf, TrLoss=0.2507]
 Training FV-alpha-s2-t9:  68%|██████▊   | 34/50 [00:05<00:02,  5.79it/s, Saved at =inf, TrLoss=0.2521]
 Training FV-alpha-s2-t9:  70%|███████   | 35/50 [00:06<00:02,  5.79it/s, Saved at =inf, TrLoss=0.2521]
 Training FV-alpha-s2-t9:  70%|███████   | 35/50 [00:06<00:02,  5.79it/s, Saved at =inf, TrLoss=0.2487]
 Training FV-alpha-s2-t9:  72%|███████▏  | 36/50 [00:06<00:02,  5.79it/s, Saved at =inf, TrLoss=0.2487]
 Training FV-alpha-s2-t9:  72%|███████▏  | 36/50 [00:06<00:02,  5.79it/s, Saved at =inf, TrLoss=0.2470]
 Training FV-alpha-s2-t9:  74%|███████▍  | 37/50 [00:06<00:02,  5.79it/s, Saved at =inf, TrLoss=0.2470]
 Training FV-alpha-s2-t9:  74%|███████▍  | 37/50 [00:06<00:02,  5.79it/s, Saved at =inf, TrLoss=0.2280]
 Training FV-alpha-s2-t9:  76%|███████▌  | 38/50 [00:06<00:02,  5.79it/s, Saved at =inf, TrLoss=0.2280]
 Training FV-alpha-s2-t9:  76%|███████▌  | 38/50 [00:06<00:02,  5.79it/s, Saved at =inf, TrLoss=0.2442]
 Training FV-alpha-s2-t9:  78%|███████▊  | 39/50 [00:06<00:01,  5.78it/s, Saved at =inf, TrLoss=0.2442]
 Training FV-alpha-s2-t9:  78%|███████▊  | 39/50 [00:06<00:01,  5.78it/s, Saved at =inf, TrLoss=0.2290]
 Training FV-alpha-s2-t9:  80%|████████  | 40/50 [00:06<00:01,  5.79it/s, Saved at =inf, TrLoss=0.2290]
 Training FV-alpha-s2-t9:  80%|████████  | 40/50 [00:07<00:01,  5.79it/s, Saved at =inf, TrLoss=0.2344]
 Training FV-alpha-s2-t9:  82%|████████▏ | 41/50 [00:07<00:01,  5.78it/s, Saved at =inf, TrLoss=0.2344]
 Training FV-alpha-s2-t9:  82%|████████▏ | 41/50 [00:07<00:01,  5.78it/s, Saved at =inf, TrLoss=0.2313]
 Training FV-alpha-s2-t9:  84%|████████▍ | 42/50 [00:07<00:01,  5.78it/s, Saved at =inf, TrLoss=0.2313]
 Training FV-alpha-s2-t9:  84%|████████▍ | 42/50 [00:07<00:01,  5.78it/s, Saved at =inf, TrLoss=0.2429]
 Training FV-alpha-s2-t9:  86%|████████▌ | 43/50 [00:07<00:01,  5.78it/s, Saved at =inf, TrLoss=0.2429]
 Training FV-alpha-s2-t9:  86%|████████▌ | 43/50 [00:07<00:01,  5.78it/s, Saved at =inf, TrLoss=0.2153]
 Training FV-alpha-s2-t9:  88%|████████▊ | 44/50 [00:07<00:01,  5.77it/s, Saved at =inf, TrLoss=0.2153]
 Training FV-alpha-s2-t9:  88%|████████▊ | 44/50 [00:07<00:01,  5.77it/s, Saved at =inf, TrLoss=0.2186]
 Training FV-alpha-s2-t9:  90%|█████████ | 45/50 [00:07<00:00,  5.77it/s, Saved at =inf, TrLoss=0.2186]
 Training FV-alpha-s2-t9:  90%|█████████ | 45/50 [00:07<00:00,  5.77it/s, Saved at =inf, TrLoss=0.2184]
 Training FV-alpha-s2-t9:  92%|█████████▏| 46/50 [00:07<00:00,  5.78it/s, Saved at =inf, TrLoss=0.2184]
 Training FV-alpha-s2-t9:  92%|█████████▏| 46/50 [00:08<00:00,  5.78it/s, Saved at =inf, TrLoss=0.2142]
 Training FV-alpha-s2-t9:  94%|█████████▍| 47/50 [00:08<00:00,  5.86it/s, Saved at =inf, TrLoss=0.2142]
 Training FV-alpha-s2-t9:  94%|█████████▍| 47/50 [00:08<00:00,  5.86it/s, Saved at =inf, TrLoss=0.2090]
 Training FV-alpha-s2-t9:  96%|█████████▌| 48/50 [00:08<00:00,  5.11it/s, Saved at =inf, TrLoss=0.2090]
 Training FV-alpha-s2-t9:  96%|█████████▌| 48/50 [00:08<00:00,  5.11it/s, Saved at =inf, TrLoss=0.2036]
 Training FV-alpha-s2-t9:  98%|█████████▊| 49/50 [00:08<00:00,  5.32it/s, Saved at =inf, TrLoss=0.2036]
 Training FV-alpha-s2-t9:  98%|█████████▊| 49/50 [00:08<00:00,  5.32it/s, Saved at =inf, TrLoss=0.2139]
 Training FV-alpha-s2-t9: 100%|██████████| 50/50 [00:08<00:00,  5.49it/s, Saved at =inf, TrLoss=0.2139]
 Training FV-alpha-s2-t9: 100%|██████████| 50/50 [00:08<00:00,  5.74it/s, Saved at =inf, TrLoss=0.2139]

 Training ATK-alpha-s2-t7:   0%|          | 0/50 [00:00<?, ?it/s]
 Training ATK-alpha-s2-t7:   0%|          | 0/50 [00:00<?, ?it/s, Saved at =inf, TrLoss=0.7377]
 Training ATK-alpha-s2-t7:   2%|▏         | 1/50 [00:00<00:06,  7.30it/s, Saved at =inf, TrLoss=0.7377]
 Training ATK-alpha-s2-t7:   2%|▏         | 1/50 [00:00<00:06,  7.30it/s, Saved at =inf, TrLoss=0.7980]
 Training ATK-alpha-s2-t7:   4%|▍         | 2/50 [00:00<00:06,  7.72it/s, Saved at =inf, TrLoss=0.7980]
 Training ATK-alpha-s2-t7:   4%|▍         | 2/50 [00:00<00:06,  7.72it/s, Saved at =inf, TrLoss=0.5868]
 Training ATK-alpha-s2-t7:   6%|▌         | 3/50 [00:00<00:05,  7.99it/s, Saved at =inf, TrLoss=0.5868]
 Training ATK-alpha-s2-t7:   6%|▌         | 3/50 [00:00<00:05,  7.99it/s, Saved at =inf, TrLoss=0.5909]
 Training ATK-alpha-s2-t7:   8%|▊         | 4/50 [00:00<00:05,  7.69it/s, Saved at =inf, TrLoss=0.5909]
 Training ATK-alpha-s2-t7:   8%|▊         | 4/50 [00:00<00:05,  7.69it/s, Saved at =inf, TrLoss=0.5578]
 Training ATK-alpha-s2-t7:  10%|█         | 5/50 [00:00<00:06,  6.99it/s, Saved at =inf, TrLoss=0.5578]
 Training ATK-alpha-s2-t7:  10%|█         | 5/50 [00:00<00:06,  6.99it/s, Saved at =inf, TrLoss=0.5224]
 Training ATK-alpha-s2-t7:  12%|█▏        | 6/50 [00:00<00:06,  7.20it/s, Saved at =inf, TrLoss=0.5224]
 Training ATK-alpha-s2-t7:  12%|█▏        | 6/50 [00:00<00:06,  7.20it/s, Saved at =inf, TrLoss=0.5107]
 Training ATK-alpha-s2-t7:  14%|█▍        | 7/50 [00:00<00:05,  7.34it/s, Saved at =inf, TrLoss=0.5107]
 Training ATK-alpha-s2-t7:  14%|█▍        | 7/50 [00:01<00:05,  7.34it/s, Saved at =inf, TrLoss=0.4755]
 Training ATK-alpha-s2-t7:  16%|█▌        | 8/50 [00:01<00:05,  7.57it/s, Saved at =inf, TrLoss=0.4755]
 Training ATK-alpha-s2-t7:  16%|█▌        | 8/50 [00:01<00:05,  7.57it/s, Saved at =inf, TrLoss=0.4254]
 Training ATK-alpha-s2-t7:  18%|█▊        | 9/50 [00:01<00:05,  7.60it/s, Saved at =inf, TrLoss=0.4254]
 Training ATK-alpha-s2-t7:  18%|█▊        | 9/50 [00:01<00:05,  7.60it/s, Saved at =inf, TrLoss=0.3966]
 Training ATK-alpha-s2-t7:  20%|██        | 10/50 [00:01<00:05,  7.63it/s, Saved at =inf, TrLoss=0.3966]
 Training ATK-alpha-s2-t7:  20%|██        | 10/50 [00:01<00:05,  7.63it/s, Saved at =inf, TrLoss=0.3767]
 Training ATK-alpha-s2-t7:  22%|██▏       | 11/50 [00:01<00:05,  7.75it/s, Saved at =inf, TrLoss=0.3767]
 Training ATK-alpha-s2-t7:  22%|██▏       | 11/50 [00:01<00:05,  7.75it/s, Saved at =inf, TrLoss=0.3451]
 Training ATK-alpha-s2-t7:  24%|██▍       | 12/50 [00:01<00:04,  7.72it/s, Saved at =inf, TrLoss=0.3451]
 Training ATK-alpha-s2-t7:  24%|██▍       | 12/50 [00:01<00:04,  7.72it/s, Saved at =inf, TrLoss=0.3147]
 Training ATK-alpha-s2-t7:  26%|██▌       | 13/50 [00:01<00:04,  7.73it/s, Saved at =inf, TrLoss=0.3147]
 Training ATK-alpha-s2-t7:  26%|██▌       | 13/50 [00:01<00:04,  7.73it/s, Saved at =inf, TrLoss=0.3468]
 Training ATK-alpha-s2-t7:  28%|██▊       | 14/50 [00:01<00:04,  7.73it/s, Saved at =inf, TrLoss=0.3468]
 Training ATK-alpha-s2-t7:  28%|██▊       | 14/50 [00:01<00:04,  7.73it/s, Saved at =inf, TrLoss=0.4461]
 Training ATK-alpha-s2-t7:  30%|███       | 15/50 [00:01<00:04,  7.72it/s, Saved at =inf, TrLoss=0.4461]
 Training ATK-alpha-s2-t7:  30%|███       | 15/50 [00:02<00:04,  7.72it/s, Saved at =inf, TrLoss=0.3080]
 Training ATK-alpha-s2-t7:  32%|███▏      | 16/50 [00:02<00:04,  7.72it/s, Saved at =inf, TrLoss=0.3080]
 Training ATK-alpha-s2-t7:  32%|███▏      | 16/50 [00:02<00:04,  7.72it/s, Saved at =inf, TrLoss=0.3828]
 Training ATK-alpha-s2-t7:  34%|███▍      | 17/50 [00:02<00:04,  7.72it/s, Saved at =inf, TrLoss=0.3828]
 Training ATK-alpha-s2-t7:  34%|███▍      | 17/50 [00:02<00:04,  7.72it/s, Saved at =inf, TrLoss=0.2896]
 Training ATK-alpha-s2-t7:  36%|███▌      | 18/50 [00:02<00:04,  7.73it/s, Saved at =inf, TrLoss=0.2896]
 Training ATK-alpha-s2-t7:  36%|███▌      | 18/50 [00:02<00:04,  7.73it/s, Saved at =inf, TrLoss=0.3463]
 Training ATK-alpha-s2-t7:  38%|███▊      | 19/50 [00:02<00:03,  7.81it/s, Saved at =inf, TrLoss=0.3463]
 Training ATK-alpha-s2-t7:  38%|███▊      | 19/50 [00:02<00:03,  7.81it/s, Saved at =inf, TrLoss=0.2941]
 Training ATK-alpha-s2-t7:  40%|████      | 20/50 [00:02<00:03,  7.78it/s, Saved at =inf, TrLoss=0.2941]
 Training ATK-alpha-s2-t7:  40%|████      | 20/50 [00:02<00:03,  7.78it/s, Saved at =inf, TrLoss=0.2934]
 Training ATK-alpha-s2-t7:  42%|████▏     | 21/50 [00:02<00:03,  7.76it/s, Saved at =inf, TrLoss=0.2934]
 Training ATK-alpha-s2-t7:  42%|████▏     | 21/50 [00:02<00:03,  7.76it/s, Saved at =inf, TrLoss=0.3104]
 Training ATK-alpha-s2-t7:  44%|████▍     | 22/50 [00:02<00:03,  7.75it/s, Saved at =inf, TrLoss=0.3104]
 Training ATK-alpha-s2-t7:  44%|████▍     | 22/50 [00:02<00:03,  7.75it/s, Saved at =inf, TrLoss=0.2630]
 Training ATK-alpha-s2-t7:  46%|████▌     | 23/50 [00:03<00:03,  7.74it/s, Saved at =inf, TrLoss=0.2630]
 Training ATK-alpha-s2-t7:  46%|████▌     | 23/50 [00:03<00:03,  7.74it/s, Saved at =inf, TrLoss=0.2817]
 Training ATK-alpha-s2-t7:  48%|████▊     | 24/50 [00:03<00:03,  7.76it/s, Saved at =inf, TrLoss=0.2817]
 Training ATK-alpha-s2-t7:  48%|████▊     | 24/50 [00:03<00:03,  7.76it/s, Saved at =inf, TrLoss=0.2799]
 Training ATK-alpha-s2-t7:  50%|█████     | 25/50 [00:03<00:03,  7.76it/s, Saved at =inf, TrLoss=0.2799]
 Training ATK-alpha-s2-t7:  50%|█████     | 25/50 [00:03<00:03,  7.76it/s, Saved at =inf, TrLoss=0.2593]
 Training ATK-alpha-s2-t7:  52%|█████▏    | 26/50 [00:03<00:03,  7.76it/s, Saved at =inf, TrLoss=0.2593]
 Training ATK-alpha-s2-t7:  52%|█████▏    | 26/50 [00:03<00:03,  7.76it/s, Saved at =inf, TrLoss=0.2622]
 Training ATK-alpha-s2-t7:  54%|█████▍    | 27/50 [00:03<00:02,  7.76it/s, Saved at =inf, TrLoss=0.2622]
 Training ATK-alpha-s2-t7:  54%|█████▍    | 27/50 [00:03<00:02,  7.76it/s, Saved at =inf, TrLoss=0.2677]
 Training ATK-alpha-s2-t7:  56%|█████▌    | 28/50 [00:03<00:02,  7.76it/s, Saved at =inf, TrLoss=0.2677]
 Training ATK-alpha-s2-t7:  56%|█████▌    | 28/50 [00:03<00:02,  7.76it/s, Saved at =inf, TrLoss=0.2482]
 Training ATK-alpha-s2-t7:  58%|█████▊    | 29/50 [00:03<00:02,  7.75it/s, Saved at =inf, TrLoss=0.2482]
 Training ATK-alpha-s2-t7:  58%|█████▊    | 29/50 [00:03<00:02,  7.75it/s, Saved at =inf, TrLoss=0.2645]
 Training ATK-alpha-s2-t7:  60%|██████    | 30/50 [00:03<00:02,  7.75it/s, Saved at =inf, TrLoss=0.2645]
 Training ATK-alpha-s2-t7:  60%|██████    | 30/50 [00:03<00:02,  7.75it/s, Saved at =inf, TrLoss=0.2466]
 Training ATK-alpha-s2-t7:  62%|██████▏   | 31/50 [00:04<00:02,  7.74it/s, Saved at =inf, TrLoss=0.2466]
 Training ATK-alpha-s2-t7:  62%|██████▏   | 31/50 [00:04<00:02,  7.74it/s, Saved at =inf, TrLoss=0.2384]
 Training ATK-alpha-s2-t7:  64%|██████▍   | 32/50 [00:04<00:02,  7.73it/s, Saved at =inf, TrLoss=0.2384]
 Training ATK-alpha-s2-t7:  64%|██████▍   | 32/50 [00:04<00:02,  7.73it/s, Saved at =inf, TrLoss=0.2459]
 Training ATK-alpha-s2-t7:  66%|██████▌   | 33/50 [00:04<00:02,  7.73it/s, Saved at =inf, TrLoss=0.2459]
 Training ATK-alpha-s2-t7:  66%|██████▌   | 33/50 [00:04<00:02,  7.73it/s, Saved at =inf, TrLoss=0.2421]
 Training ATK-alpha-s2-t7:  68%|██████▊   | 34/50 [00:04<00:02,  7.73it/s, Saved at =inf, TrLoss=0.2421]
 Training ATK-alpha-s2-t7:  68%|██████▊   | 34/50 [00:04<00:02,  7.73it/s, Saved at =inf, TrLoss=0.2393]
 Training ATK-alpha-s2-t7:  70%|███████   | 35/50 [00:04<00:01,  7.73it/s, Saved at =inf, TrLoss=0.2393]
 Training ATK-alpha-s2-t7:  70%|███████   | 35/50 [00:04<00:01,  7.73it/s, Saved at =inf, TrLoss=0.2491]
 Training ATK-alpha-s2-t7:  72%|███████▏  | 36/50 [00:04<00:01,  7.73it/s, Saved at =inf, TrLoss=0.2491]
 Training ATK-alpha-s2-t7:  72%|███████▏  | 36/50 [00:04<00:01,  7.73it/s, Saved at =inf, TrLoss=0.2365]
 Training ATK-alpha-s2-t7:  74%|███████▍  | 37/50 [00:04<00:01,  7.46it/s, Saved at =inf, TrLoss=0.2365]
 Training ATK-alpha-s2-t7:  74%|███████▍  | 37/50 [00:04<00:01,  7.46it/s, Saved at =inf, TrLoss=0.2260]
 Training ATK-alpha-s2-t7:  76%|███████▌  | 38/50 [00:04<00:01,  7.38it/s, Saved at =inf, TrLoss=0.2260]
 Training ATK-alpha-s2-t7:  76%|███████▌  | 38/50 [00:05<00:01,  7.38it/s, Saved at =inf, TrLoss=0.2315]
 Training ATK-alpha-s2-t7:  78%|███████▊  | 39/50 [00:05<00:01,  7.46it/s, Saved at =inf, TrLoss=0.2315]
 Training ATK-alpha-s2-t7:  78%|███████▊  | 39/50 [00:05<00:01,  7.46it/s, Saved at =inf, TrLoss=0.2275]
 Training ATK-alpha-s2-t7:  80%|████████  | 40/50 [00:05<00:01,  7.55it/s, Saved at =inf, TrLoss=0.2275]
 Training ATK-alpha-s2-t7:  80%|████████  | 40/50 [00:05<00:01,  7.55it/s, Saved at =inf, TrLoss=0.2303]
 Training ATK-alpha-s2-t7:  82%|████████▏ | 41/50 [00:05<00:01,  7.61it/s, Saved at =inf, TrLoss=0.2303]
 Training ATK-alpha-s2-t7:  82%|████████▏ | 41/50 [00:05<00:01,  7.61it/s, Saved at =inf, TrLoss=0.2355]
 Training ATK-alpha-s2-t7:  84%|████████▍ | 42/50 [00:05<00:01,  7.64it/s, Saved at =inf, TrLoss=0.2355]
 Training ATK-alpha-s2-t7:  84%|████████▍ | 42/50 [00:05<00:01,  7.64it/s, Saved at =inf, TrLoss=0.2216]
 Training ATK-alpha-s2-t7:  86%|████████▌ | 43/50 [00:05<00:00,  7.67it/s, Saved at =inf, TrLoss=0.2216]
 Training ATK-alpha-s2-t7:  86%|████████▌ | 43/50 [00:05<00:00,  7.67it/s, Saved at =inf, TrLoss=0.2192]
 Training ATK-alpha-s2-t7:  88%|████████▊ | 44/50 [00:05<00:00,  7.69it/s, Saved at =inf, TrLoss=0.2192]
 Training ATK-alpha-s2-t7:  88%|████████▊ | 44/50 [00:05<00:00,  7.69it/s, Saved at =inf, TrLoss=0.2176]
 Training ATK-alpha-s2-t7:  90%|█████████ | 45/50 [00:05<00:00,  7.72it/s, Saved at =inf, TrLoss=0.2176]
 Training ATK-alpha-s2-t7:  90%|█████████ | 45/50 [00:05<00:00,  7.72it/s, Saved at =inf, TrLoss=0.2179]
 Training ATK-alpha-s2-t7:  92%|█████████▏| 46/50 [00:06<00:00,  7.48it/s, Saved at =inf, TrLoss=0.2179]
 Training ATK-alpha-s2-t7:  92%|█████████▏| 46/50 [00:06<00:00,  7.48it/s, Saved at =inf, TrLoss=0.2160]
 Training ATK-alpha-s2-t7:  94%|█████████▍| 47/50 [00:06<00:00,  7.08it/s, Saved at =inf, TrLoss=0.2160]
 Training ATK-alpha-s2-t7:  94%|█████████▍| 47/50 [00:06<00:00,  7.08it/s, Saved at =inf, TrLoss=0.2076]
 Training ATK-alpha-s2-t7:  96%|█████████▌| 48/50 [00:06<00:00,  7.13it/s, Saved at =inf, TrLoss=0.2076]
 Training ATK-alpha-s2-t7:  96%|█████████▌| 48/50 [00:06<00:00,  7.13it/s, Saved at =inf, TrLoss=0.2113]
 Training ATK-alpha-s2-t7:  98%|█████████▊| 49/50 [00:06<00:00,  7.31it/s, Saved at =inf, TrLoss=0.2113]
 Training ATK-alpha-s2-t7:  98%|█████████▊| 49/50 [00:06<00:00,  7.31it/s, Saved at =inf, TrLoss=0.2124]
 Training ATK-alpha-s2-t7: 100%|██████████| 50/50 [00:06<00:00,  7.43it/s, Saved at =inf, TrLoss=0.2124]
 Training ATK-alpha-s2-t7: 100%|██████████| 50/50 [00:06<00:00,  7.61it/s, Saved at =inf, TrLoss=0.2124]
[15:21:51]   MCC=0.374±0.084, AUC=0.742±0.063, BAcc=0.674±0.067
[15:24:21]   [alpha s2] 500/2182 candidates scanned, 491 eligible
[15:26:50]   [alpha s2] 1000/2182 candidates scanned, 979 eligible
[15:29:41]   [alpha s2] 1500/2182 candidates scanned, 1473 eligible
[15:31:58]   [alpha s2] 2000/2182 candidates scanned, 1952 eligible
[15:32:03]   alpha seed 2: n=1970 AUC=0.742 | flip% random total/prop 11.3/5.8 | optimized 37.5/18.5 | 11.1 min
[15:32:03] Training GDTE on alpha (seed=3)...

 Training FV-alpha-s3-t2:   0%|          | 0/50 [00:00<?, ?it/s]
 Training FV-alpha-s3-t2:   0%|          | 0/50 [00:00<?, ?it/s, Saved at =inf, TrLoss=0.6894]
 Training FV-alpha-s3-t2:   0%|          | 0/50 [00:00<?, ?it/s, Saved at =inf, TrLoss=0.9211]
 Training FV-alpha-s3-t2:   4%|▍         | 2/50 [00:00<00:03, 14.97it/s, Saved at =inf, TrLoss=0.9211]
 Training FV-alpha-s3-t2:   4%|▍         | 2/50 [00:00<00:03, 14.97it/s, Saved at =inf, TrLoss=0.4779]
 Training FV-alpha-s3-t2:   4%|▍         | 2/50 [00:00<00:03, 14.97it/s, Saved at =inf, TrLoss=0.6044]
 Training FV-alpha-s3-t2:   4%|▍         | 2/50 [00:00<00:03, 14.97it/s, Saved at =inf, TrLoss=0.3865]
 Training FV-alpha-s3-t2:  10%|█         | 5/50 [00:00<00:02, 19.49it/s, Saved at =inf, TrLoss=0.3865]
 Training FV-alpha-s3-t2:  10%|█         | 5/50 [00:00<00:02, 19.49it/s, Saved at =inf, TrLoss=0.3191]
 Training FV-alpha-s3-t2:  10%|█         | 5/50 [00:00<00:02, 19.49it/s, Saved at =inf, TrLoss=0.3018]
 Training FV-alpha-s3-t2:  10%|█         | 5/50 [00:00<00:02, 19.49it/s, Saved at =inf, TrLoss=0.2805]
 Training FV-alpha-s3-t2:  16%|█▌        | 8/50 [00:00<00:01, 21.72it/s, Saved at =inf, TrLoss=0.2805]
 Training FV-alpha-s3-t2:  16%|█▌        | 8/50 [00:00<00:01, 21.72it/s, Saved at =inf, TrLoss=0.2478]
 Training FV-alpha-s3-t2:  16%|█▌        | 8/50 [00:00<00:01, 21.72it/s, Saved at =inf, TrLoss=0.2321]
 Training FV-alpha-s3-t2:  16%|█▌        | 8/50 [00:00<00:01, 21.72it/s, Saved at =inf, TrLoss=0.2522]
 Training FV-alpha-s3-t2:  22%|██▏       | 11/50 [00:00<00:01, 22.86it/s, Saved at =inf, TrLoss=0.2522]
 Training FV-alpha-s3-t2:  22%|██▏       | 11/50 [00:00<00:01, 22.86it/s, Saved at =inf, TrLoss=0.1830]
 Training FV-alpha-s3-t2:  22%|██▏       | 11/50 [00:00<00:01, 22.86it/s, Saved at =inf, TrLoss=0.1539]
 Training FV-alpha-s3-t2:  22%|██▏       | 11/50 [00:00<00:01, 22.86it/s, Saved at =inf, TrLoss=0.1550]
 Training FV-alpha-s3-t2:  28%|██▊       | 14/50 [00:00<00:01, 23.51it/s, Saved at =inf, TrLoss=0.1550]
 Training FV-alpha-s3-t2:  28%|██▊       | 14/50 [00:00<00:01, 23.51it/s, Saved at =inf, TrLoss=0.1600]
 Training FV-alpha-s3-t2:  28%|██▊       | 14/50 [00:00<00:01, 23.51it/s, Saved at =inf, TrLoss=0.1118]
 Training FV-alpha-s3-t2:  28%|██▊       | 14/50 [00:00<00:01, 23.51it/s, Saved at =inf, TrLoss=0.1365]
 Training FV-alpha-s3-t2:  34%|███▍      | 17/50 [00:00<00:01, 23.91it/s, Saved at =inf, TrLoss=0.1365]
 Training FV-alpha-s3-t2:  34%|███▍      | 17/50 [00:00<00:01, 23.91it/s, Saved at =inf, TrLoss=0.1578]
 Training FV-alpha-s3-t2:  34%|███▍      | 17/50 [00:00<00:01, 23.91it/s, Saved at =inf, TrLoss=0.1276]
 Training FV-alpha-s3-t2:  34%|███▍      | 17/50 [00:00<00:01, 23.91it/s, Saved at =inf, TrLoss=0.1168]
 Training FV-alpha-s3-t2:  40%|████      | 20/50 [00:00<00:01, 24.13it/s, Saved at =inf, TrLoss=0.1168]
 Training FV-alpha-s3-t2:  40%|████      | 20/50 [00:00<00:01, 24.13it/s, Saved at =inf, TrLoss=0.1284]
 Training FV-alpha-s3-t2:  40%|████      | 20/50 [00:00<00:01, 24.13it/s, Saved at =inf, TrLoss=0.1209]
 Training FV-alpha-s3-t2:  40%|████      | 20/50 [00:00<00:01, 24.13it/s, Saved at =inf, TrLoss=0.1819]
 Training FV-alpha-s3-t2:  46%|████▌     | 23/50 [00:00<00:01, 24.32it/s, Saved at =inf, TrLoss=0.1819]
 Training FV-alpha-s3-t2:  46%|████▌     | 23/50 [00:01<00:01, 24.32it/s, Saved at =inf, TrLoss=0.1192]
 Training FV-alpha-s3-t2:  46%|████▌     | 23/50 [00:01<00:01, 24.32it/s, Saved at =inf, TrLoss=0.1413]
 Training FV-alpha-s3-t2:  46%|████▌     | 23/50 [00:01<00:01, 24.32it/s, Saved at =inf, TrLoss=0.1714]
 Training FV-alpha-s3-t2:  52%|█████▏    | 26/50 [00:01<00:00, 24.42it/s, Saved at =inf, TrLoss=0.1714]
 Training FV-alpha-s3-t2:  52%|█████▏    | 26/50 [00:01<00:00, 24.42it/s, Saved at =inf, TrLoss=0.0972]
 Training FV-alpha-s3-t2:  52%|█████▏    | 26/50 [00:01<00:00, 24.42it/s, Saved at =inf, TrLoss=0.0978]
 Training FV-alpha-s3-t2:  52%|█████▏    | 26/50 [00:01<00:00, 24.42it/s, Saved at =inf, TrLoss=0.0975]
 Training FV-alpha-s3-t2:  58%|█████▊    | 29/50 [00:01<00:00, 22.72it/s, Saved at =inf, TrLoss=0.0975]
 Training FV-alpha-s3-t2:  58%|█████▊    | 29/50 [00:01<00:00, 22.72it/s, Saved at =inf, TrLoss=0.1162]
 Training FV-alpha-s3-t2:  58%|█████▊    | 29/50 [00:01<00:00, 22.72it/s, Saved at =inf, TrLoss=0.1061]
 Training FV-alpha-s3-t2:  58%|█████▊    | 29/50 [00:01<00:00, 22.72it/s, Saved at =inf, TrLoss=0.1004]
 Training FV-alpha-s3-t2:  64%|██████▍   | 32/50 [00:01<00:00, 22.36it/s, Saved at =inf, TrLoss=0.1004]
 Training FV-alpha-s3-t2:  64%|██████▍   | 32/50 [00:01<00:00, 22.36it/s, Saved at =inf, TrLoss=0.1096]
 Training FV-alpha-s3-t2:  64%|██████▍   | 32/50 [00:01<00:00, 22.36it/s, Saved at =inf, TrLoss=0.0854]
 Training FV-alpha-s3-t2:  64%|██████▍   | 32/50 [00:01<00:00, 22.36it/s, Saved at =inf, TrLoss=0.0993]
 Training FV-alpha-s3-t2:  70%|███████   | 35/50 [00:01<00:00, 22.93it/s, Saved at =inf, TrLoss=0.0993]
 Training FV-alpha-s3-t2:  70%|███████   | 35/50 [00:01<00:00, 22.93it/s, Saved at =inf, TrLoss=0.0820]
 Training FV-alpha-s3-t2:  70%|███████   | 35/50 [00:01<00:00, 22.93it/s, Saved at =inf, TrLoss=0.0842]
 Training FV-alpha-s3-t2:  70%|███████   | 35/50 [00:01<00:00, 22.93it/s, Saved at =inf, TrLoss=0.0726]
 Training FV-alpha-s3-t2:  76%|███████▌  | 38/50 [00:01<00:00, 23.34it/s, Saved at =inf, TrLoss=0.0726]
 Training FV-alpha-s3-t2:  76%|███████▌  | 38/50 [00:01<00:00, 23.34it/s, Saved at =inf, TrLoss=0.0704]
 Training FV-alpha-s3-t2:  76%|███████▌  | 38/50 [00:01<00:00, 23.34it/s, Saved at =inf, TrLoss=0.0657]
 Training FV-alpha-s3-t2:  76%|███████▌  | 38/50 [00:01<00:00, 23.34it/s, Saved at =inf, TrLoss=0.0655]
 Training FV-alpha-s3-t2:  82%|████████▏ | 41/50 [00:01<00:00, 23.68it/s, Saved at =inf, TrLoss=0.0655]
 Training FV-alpha-s3-t2:  82%|████████▏ | 41/50 [00:01<00:00, 23.68it/s, Saved at =inf, TrLoss=0.0638]
 Training FV-alpha-s3-t2:  82%|████████▏ | 41/50 [00:01<00:00, 23.68it/s, Saved at =inf, TrLoss=0.1096]
 Training FV-alpha-s3-t2:  82%|████████▏ | 41/50 [00:01<00:00, 23.68it/s, Saved at =inf, TrLoss=0.0677]
 Training FV-alpha-s3-t2:  88%|████████▊ | 44/50 [00:01<00:00, 23.92it/s, Saved at =inf, TrLoss=0.0677]
 Training FV-alpha-s3-t2:  88%|████████▊ | 44/50 [00:01<00:00, 23.92it/s, Saved at =inf, TrLoss=0.0628]
 Training FV-alpha-s3-t2:  88%|████████▊ | 44/50 [00:01<00:00, 23.92it/s, Saved at =inf, TrLoss=0.1778]
 Training FV-alpha-s3-t2:  88%|████████▊ | 44/50 [00:02<00:00, 23.92it/s, Saved at =inf, TrLoss=0.1246]
 Training FV-alpha-s3-t2:  94%|█████████▍| 47/50 [00:02<00:00, 24.14it/s, Saved at =inf, TrLoss=0.1246]
 Training FV-alpha-s3-t2:  94%|█████████▍| 47/50 [00:02<00:00, 24.14it/s, Saved at =inf, TrLoss=0.0906]
 Training FV-alpha-s3-t2:  94%|█████████▍| 47/50 [00:02<00:00, 24.14it/s, Saved at =inf, TrLoss=0.1260]
 Training FV-alpha-s3-t2:  94%|█████████▍| 47/50 [00:02<00:00, 24.14it/s, Saved at =inf, TrLoss=0.0643]
 Training FV-alpha-s3-t2: 100%|██████████| 50/50 [00:02<00:00, 24.30it/s, Saved at =inf, TrLoss=0.0643]
 Training FV-alpha-s3-t2: 100%|██████████| 50/50 [00:02<00:00, 23.33it/s, Saved at =inf, TrLoss=0.0643]

 Training FV-alpha-s3-t3:   0%|          | 0/50 [00:00<?, ?it/s]
 Training FV-alpha-s3-t3:   0%|          | 0/50 [00:00<?, ?it/s, Saved at =inf, TrLoss=0.7723]
 Training FV-alpha-s3-t3:   0%|          | 0/50 [00:00<?, ?it/s, Saved at =inf, TrLoss=0.6528]
 Training FV-alpha-s3-t3:   4%|▍         | 2/50 [00:00<00:02, 17.54it/s, Saved at =inf, TrLoss=0.6528]
 Training FV-alpha-s3-t3:   4%|▍         | 2/50 [00:00<00:02, 17.54it/s, Saved at =inf, TrLoss=0.7282]
 Training FV-alpha-s3-t3:   4%|▍         | 2/50 [00:00<00:02, 17.54it/s, Saved at =inf, TrLoss=0.6515]
 Training FV-alpha-s3-t3:   8%|▊         | 4/50 [00:00<00:02, 17.74it/s, Saved at =inf, TrLoss=0.6515]
 Training FV-alpha-s3-t3:   8%|▊         | 4/50 [00:00<00:02, 17.74it/s, Saved at =inf, TrLoss=0.5502]
 Training FV-alpha-s3-t3:   8%|▊         | 4/50 [00:00<00:02, 17.74it/s, Saved at =inf, TrLoss=0.4457]
 Training FV-alpha-s3-t3:  12%|█▏        | 6/50 [00:00<00:02, 17.79it/s, Saved at =inf, TrLoss=0.4457]
 Training FV-alpha-s3-t3:  12%|█▏        | 6/50 [00:00<00:02, 17.79it/s, Saved at =inf, TrLoss=0.3683]
 Training FV-alpha-s3-t3:  12%|█▏        | 6/50 [00:00<00:02, 17.79it/s, Saved at =inf, TrLoss=0.3081]
 Training FV-alpha-s3-t3:  16%|█▌        | 8/50 [00:00<00:02, 17.84it/s, Saved at =inf, TrLoss=0.3081]
 Training FV-alpha-s3-t3:  16%|█▌        | 8/50 [00:00<00:02, 17.84it/s, Saved at =inf, TrLoss=0.2717]
 Training FV-alpha-s3-t3:  16%|█▌        | 8/50 [00:00<00:02, 17.84it/s, Saved at =inf, TrLoss=0.2414]
 Training FV-alpha-s3-t3:  20%|██        | 10/50 [00:00<00:02, 17.87it/s, Saved at =inf, TrLoss=0.2414]
 Training FV-alpha-s3-t3:  20%|██        | 10/50 [00:00<00:02, 17.87it/s, Saved at =inf, TrLoss=0.2648]
 Training FV-alpha-s3-t3:  20%|██        | 10/50 [00:00<00:02, 17.87it/s, Saved at =inf, TrLoss=0.2130]
 Training FV-alpha-s3-t3:  24%|██▍       | 12/50 [00:00<00:02, 17.89it/s, Saved at =inf, TrLoss=0.2130]
 Training FV-alpha-s3-t3:  24%|██▍       | 12/50 [00:00<00:02, 17.89it/s, Saved at =inf, TrLoss=0.1869]
 Training FV-alpha-s3-t3:  24%|██▍       | 12/50 [00:00<00:02, 17.89it/s, Saved at =inf, TrLoss=0.1936]
 Training FV-alpha-s3-t3:  28%|██▊       | 14/50 [00:00<00:02, 17.87it/s, Saved at =inf, TrLoss=0.1936]
 Training FV-alpha-s3-t3:  28%|██▊       | 14/50 [00:00<00:02, 17.87it/s, Saved at =inf, TrLoss=0.1920]
 Training FV-alpha-s3-t3:  28%|██▊       | 14/50 [00:00<00:02, 17.87it/s, Saved at =inf, TrLoss=0.1726]
 Training FV-alpha-s3-t3:  32%|███▏      | 16/50 [00:00<00:01, 17.88it/s, Saved at =inf, TrLoss=0.1726]
 Training FV-alpha-s3-t3:  32%|███▏      | 16/50 [00:00<00:01, 17.88it/s, Saved at =inf, TrLoss=0.1841]
 Training FV-alpha-s3-t3:  32%|███▏      | 16/50 [00:00<00:01, 17.88it/s, Saved at =inf, TrLoss=0.2094]
 Training FV-alpha-s3-t3:  36%|███▌      | 18/50 [00:01<00:01, 17.89it/s, Saved at =inf, TrLoss=0.2094]
 Training FV-alpha-s3-t3:  36%|███▌      | 18/50 [00:01<00:01, 17.89it/s, Saved at =inf, TrLoss=0.1962]
 Training FV-alpha-s3-t3:  36%|███▌      | 18/50 [00:01<00:01, 17.89it/s, Saved at =inf, TrLoss=0.1750]
 Training FV-alpha-s3-t3:  40%|████      | 20/50 [00:01<00:01, 17.91it/s, Saved at =inf, TrLoss=0.1750]
 Training FV-alpha-s3-t3:  40%|████      | 20/50 [00:01<00:01, 17.91it/s, Saved at =inf, TrLoss=0.1612]
 Training FV-alpha-s3-t3:  40%|████      | 20/50 [00:01<00:01, 17.91it/s, Saved at =inf, TrLoss=0.1561]
 Training FV-alpha-s3-t3:  44%|████▍     | 22/50 [00:01<00:01, 17.90it/s, Saved at =inf, TrLoss=0.1561]
 Training FV-alpha-s3-t3:  44%|████▍     | 22/50 [00:01<00:01, 17.90it/s, Saved at =inf, TrLoss=0.1512]
 Training FV-alpha-s3-t3:  44%|████▍     | 22/50 [00:01<00:01, 17.90it/s, Saved at =inf, TrLoss=0.1479]
 Training FV-alpha-s3-t3:  48%|████▊     | 24/50 [00:01<00:01, 17.90it/s, Saved at =inf, TrLoss=0.1479]
 Training FV-alpha-s3-t3:  48%|████▊     | 24/50 [00:01<00:01, 17.90it/s, Saved at =inf, TrLoss=0.1574]
 Training FV-alpha-s3-t3:  48%|████▊     | 24/50 [00:01<00:01, 17.90it/s, Saved at =inf, TrLoss=0.1581]
 Training FV-alpha-s3-t3:  52%|█████▏    | 26/50 [00:01<00:01, 17.90it/s, Saved at =inf, TrLoss=0.1581]
 Training FV-alpha-s3-t3:  52%|█████▏    | 26/50 [00:01<00:01, 17.90it/s, Saved at =inf, TrLoss=0.1560]
 Training FV-alpha-s3-t3:  52%|█████▏    | 26/50 [00:01<00:01, 17.90it/s, Saved at =inf, TrLoss=0.1359]
 Training FV-alpha-s3-t3:  56%|█████▌    | 28/50 [00:01<00:01, 17.91it/s, Saved at =inf, TrLoss=0.1359]
 Training FV-alpha-s3-t3:  56%|█████▌    | 28/50 [00:01<00:01, 17.91it/s, Saved at =inf, TrLoss=0.1437]
 Training FV-alpha-s3-t3:  56%|█████▌    | 28/50 [00:01<00:01, 17.91it/s, Saved at =inf, TrLoss=0.1576]
 Training FV-alpha-s3-t3:  60%|██████    | 30/50 [00:01<00:01, 17.91it/s, Saved at =inf, TrLoss=0.1576]
 Training FV-alpha-s3-t3:  60%|██████    | 30/50 [00:01<00:01, 17.91it/s, Saved at =inf, TrLoss=0.1416]
 Training FV-alpha-s3-t3:  60%|██████    | 30/50 [00:01<00:01, 17.91it/s, Saved at =inf, TrLoss=0.1360]
 Training FV-alpha-s3-t3:  64%|██████▍   | 32/50 [00:01<00:01, 17.91it/s, Saved at =inf, TrLoss=0.1360]
 Training FV-alpha-s3-t3:  64%|██████▍   | 32/50 [00:01<00:01, 17.91it/s, Saved at =inf, TrLoss=0.1382]
 Training FV-alpha-s3-t3:  64%|██████▍   | 32/50 [00:01<00:01, 17.91it/s, Saved at =inf, TrLoss=0.1219]
 Training FV-alpha-s3-t3:  68%|██████▊   | 34/50 [00:01<00:00, 17.90it/s, Saved at =inf, TrLoss=0.1219]
 Training FV-alpha-s3-t3:  68%|██████▊   | 34/50 [00:01<00:00, 17.90it/s, Saved at =inf, TrLoss=0.1527]
 Training FV-alpha-s3-t3:  68%|██████▊   | 34/50 [00:01<00:00, 17.90it/s, Saved at =inf, TrLoss=0.1384]
 Training FV-alpha-s3-t3:  72%|███████▏  | 36/50 [00:02<00:00, 17.91it/s, Saved at =inf, TrLoss=0.1384]
 Training FV-alpha-s3-t3:  72%|███████▏  | 36/50 [00:02<00:00, 17.91it/s, Saved at =inf, TrLoss=0.1359]
 Training FV-alpha-s3-t3:  72%|███████▏  | 36/50 [00:02<00:00, 17.91it/s, Saved at =inf, TrLoss=0.1291]
 Training FV-alpha-s3-t3:  76%|███████▌  | 38/50 [00:02<00:00, 17.91it/s, Saved at =inf, TrLoss=0.1291]
 Training FV-alpha-s3-t3:  76%|███████▌  | 38/50 [00:02<00:00, 17.91it/s, Saved at =inf, TrLoss=0.1197]
 Training FV-alpha-s3-t3:  76%|███████▌  | 38/50 [00:02<00:00, 17.91it/s, Saved at =inf, TrLoss=0.1287]
 Training FV-alpha-s3-t3:  80%|████████  | 40/50 [00:02<00:00, 17.91it/s, Saved at =inf, TrLoss=0.1287]
 Training FV-alpha-s3-t3:  80%|████████  | 40/50 [00:02<00:00, 17.91it/s, Saved at =inf, TrLoss=0.1094]
 Training FV-alpha-s3-t3:  80%|████████  | 40/50 [00:02<00:00, 17.91it/s, Saved at =inf, TrLoss=0.1273]
 Training FV-alpha-s3-t3:  84%|████████▍ | 42/50 [00:02<00:00, 17.91it/s, Saved at =inf, TrLoss=0.1273]
 Training FV-alpha-s3-t3:  84%|████████▍ | 42/50 [00:02<00:00, 17.91it/s, Saved at =inf, TrLoss=0.1475]
 Training FV-alpha-s3-t3:  84%|████████▍ | 42/50 [00:02<00:00, 17.91it/s, Saved at =inf, TrLoss=0.1376]
 Training FV-alpha-s3-t3:  88%|████████▊ | 44/50 [00:02<00:00, 17.92it/s, Saved at =inf, TrLoss=0.1376]
 Training FV-alpha-s3-t3:  88%|████████▊ | 44/50 [00:02<00:00, 17.92it/s, Saved at =inf, TrLoss=0.1167]
 Training FV-alpha-s3-t3:  88%|████████▊ | 44/50 [00:02<00:00, 17.92it/s, Saved at =inf, TrLoss=0.1138]
 Training FV-alpha-s3-t3:  92%|█████████▏| 46/50 [00:02<00:00, 17.91it/s, Saved at =inf, TrLoss=0.1138]
 Training FV-alpha-s3-t3:  92%|█████████▏| 46/50 [00:02<00:00, 17.91it/s, Saved at =inf, TrLoss=0.1487]
 Training FV-alpha-s3-t3:  92%|█████████▏| 46/50 [00:02<00:00, 17.91it/s, Saved at =inf, TrLoss=0.1158]
 Training FV-alpha-s3-t3:  96%|█████████▌| 48/50 [00:02<00:00, 17.91it/s, Saved at =inf, TrLoss=0.1158]
 Training FV-alpha-s3-t3:  96%|█████████▌| 48/50 [00:02<00:00, 17.91it/s, Saved at =inf, TrLoss=0.1377]
 Training FV-alpha-s3-t3:  96%|█████████▌| 48/50 [00:02<00:00, 17.91it/s, Saved at =inf, TrLoss=0.1174]
 Training FV-alpha-s3-t3: 100%|██████████| 50/50 [00:02<00:00, 17.91it/s, Saved at =inf, TrLoss=0.1174]
 Training FV-alpha-s3-t3: 100%|██████████| 50/50 [00:02<00:00, 17.89it/s, Saved at =inf, TrLoss=0.1174]

 Training FV-alpha-s3-t4:   0%|          | 0/50 [00:00<?, ?it/s]
 Training FV-alpha-s3-t4:   0%|          | 0/50 [00:00<?, ?it/s, Saved at =inf, TrLoss=0.8365]
 Training FV-alpha-s3-t4:   0%|          | 0/50 [00:00<?, ?it/s, Saved at =inf, TrLoss=0.9297]
 Training FV-alpha-s3-t4:   4%|▍         | 2/50 [00:00<00:03, 13.93it/s, Saved at =inf, TrLoss=0.9297]
 Training FV-alpha-s3-t4:   4%|▍         | 2/50 [00:00<00:03, 13.93it/s, Saved at =inf, TrLoss=0.6058]
 Training FV-alpha-s3-t4:   4%|▍         | 2/50 [00:00<00:03, 13.93it/s, Saved at =inf, TrLoss=0.6674]
 Training FV-alpha-s3-t4:   8%|▊         | 4/50 [00:00<00:03, 14.07it/s, Saved at =inf, TrLoss=0.6674]
 Training FV-alpha-s3-t4:   8%|▊         | 4/50 [00:00<00:03, 14.07it/s, Saved at =inf, TrLoss=0.5702]
 Training FV-alpha-s3-t4:   8%|▊         | 4/50 [00:00<00:03, 14.07it/s, Saved at =inf, TrLoss=0.4977]
 Training FV-alpha-s3-t4:  12%|█▏        | 6/50 [00:00<00:03, 14.11it/s, Saved at =inf, TrLoss=0.4977]
 Training FV-alpha-s3-t4:  12%|█▏        | 6/50 [00:00<00:03, 14.11it/s, Saved at =inf, TrLoss=0.4879]
 Training FV-alpha-s3-t4:  12%|█▏        | 6/50 [00:00<00:03, 14.11it/s, Saved at =inf, TrLoss=0.4944]
 Training FV-alpha-s3-t4:  16%|█▌        | 8/50 [00:00<00:02, 14.14it/s, Saved at =inf, TrLoss=0.4944]
 Training FV-alpha-s3-t4:  16%|█▌        | 8/50 [00:00<00:02, 14.14it/s, Saved at =inf, TrLoss=0.4569]
 Training FV-alpha-s3-t4:  16%|█▌        | 8/50 [00:00<00:02, 14.14it/s, Saved at =inf, TrLoss=0.4106]
 Training FV-alpha-s3-t4:  20%|██        | 10/50 [00:00<00:02, 14.15it/s, Saved at =inf, TrLoss=0.4106]
 Training FV-alpha-s3-t4:  20%|██        | 10/50 [00:00<00:02, 14.15it/s, Saved at =inf, TrLoss=0.3882]
 Training FV-alpha-s3-t4:  20%|██        | 10/50 [00:00<00:02, 14.15it/s, Saved at =inf, TrLoss=0.3786]
 Training FV-alpha-s3-t4:  24%|██▍       | 12/50 [00:00<00:02, 14.16it/s, Saved at =inf, TrLoss=0.3786]
 Training FV-alpha-s3-t4:  24%|██▍       | 12/50 [00:00<00:02, 14.16it/s, Saved at =inf, TrLoss=0.3425]
 Training FV-alpha-s3-t4:  24%|██▍       | 12/50 [00:00<00:02, 14.16it/s, Saved at =inf, TrLoss=0.3207]
 Training FV-alpha-s3-t4:  28%|██▊       | 14/50 [00:00<00:02, 14.17it/s, Saved at =inf, TrLoss=0.3207]
 Training FV-alpha-s3-t4:  28%|██▊       | 14/50 [00:01<00:02, 14.17it/s, Saved at =inf, TrLoss=0.3074]
 Training FV-alpha-s3-t4:  28%|██▊       | 14/50 [00:01<00:02, 14.17it/s, Saved at =inf, TrLoss=0.2548]
 Training FV-alpha-s3-t4:  32%|███▏      | 16/50 [00:01<00:02, 14.17it/s, Saved at =inf, TrLoss=0.2548]
 Training FV-alpha-s3-t4:  32%|███▏      | 16/50 [00:01<00:02, 14.17it/s, Saved at =inf, TrLoss=0.2641]
 Training FV-alpha-s3-t4:  32%|███▏      | 16/50 [00:01<00:02, 14.17it/s, Saved at =inf, TrLoss=0.2739]
 Training FV-alpha-s3-t4:  36%|███▌      | 18/50 [00:01<00:02, 14.17it/s, Saved at =inf, TrLoss=0.2739]
 Training FV-alpha-s3-t4:  36%|███▌      | 18/50 [00:01<00:02, 14.17it/s, Saved at =inf, TrLoss=0.2448]
 Training FV-alpha-s3-t4:  36%|███▌      | 18/50 [00:01<00:02, 14.17it/s, Saved at =inf, TrLoss=0.2182]
 Training FV-alpha-s3-t4:  40%|████      | 20/50 [00:01<00:02, 14.18it/s, Saved at =inf, TrLoss=0.2182]
 Training FV-alpha-s3-t4:  40%|████      | 20/50 [00:01<00:02, 14.18it/s, Saved at =inf, TrLoss=0.2204]
 Training FV-alpha-s3-t4:  40%|████      | 20/50 [00:01<00:02, 14.18it/s, Saved at =inf, TrLoss=0.2027]
 Training FV-alpha-s3-t4:  44%|████▍     | 22/50 [00:01<00:01, 14.18it/s, Saved at =inf, TrLoss=0.2027]
 Training FV-alpha-s3-t4:  44%|████▍     | 22/50 [00:01<00:01, 14.18it/s, Saved at =inf, TrLoss=0.2153]
 Training FV-alpha-s3-t4:  44%|████▍     | 22/50 [00:01<00:01, 14.18it/s, Saved at =inf, TrLoss=0.1884]
 Training FV-alpha-s3-t4:  48%|████▊     | 24/50 [00:01<00:01, 14.18it/s, Saved at =inf, TrLoss=0.1884]
 Training FV-alpha-s3-t4:  48%|████▊     | 24/50 [00:01<00:01, 14.18it/s, Saved at =inf, TrLoss=0.1819]
 Training FV-alpha-s3-t4:  48%|████▊     | 24/50 [00:01<00:01, 14.18it/s, Saved at =inf, TrLoss=0.1976]
 Training FV-alpha-s3-t4:  52%|█████▏    | 26/50 [00:01<00:01, 14.18it/s, Saved at =inf, TrLoss=0.1976]
 Training FV-alpha-s3-t4:  52%|█████▏    | 26/50 [00:01<00:01, 14.18it/s, Saved at =inf, TrLoss=0.1899]
 Training FV-alpha-s3-t4:  52%|█████▏    | 26/50 [00:01<00:01, 14.18it/s, Saved at =inf, TrLoss=0.1836]
 Training FV-alpha-s3-t4:  56%|█████▌    | 28/50 [00:01<00:01, 14.18it/s, Saved at =inf, TrLoss=0.1836]
 Training FV-alpha-s3-t4:  56%|█████▌    | 28/50 [00:02<00:01, 14.18it/s, Saved at =inf, TrLoss=0.1712]
 Training FV-alpha-s3-t4:  56%|█████▌    | 28/50 [00:02<00:01, 14.18it/s, Saved at =inf, TrLoss=0.1887]
 Training FV-alpha-s3-t4:  60%|██████    | 30/50 [00:02<00:01, 14.18it/s, Saved at =inf, TrLoss=0.1887]
 Training FV-alpha-s3-t4:  60%|██████    | 30/50 [00:02<00:01, 14.18it/s, Saved at =inf, TrLoss=0.1976]
 Training FV-alpha-s3-t4:  60%|██████    | 30/50 [00:02<00:01, 14.18it/s, Saved at =inf, TrLoss=0.1678]
 Training FV-alpha-s3-t4:  64%|██████▍   | 32/50 [00:02<00:01, 14.18it/s, Saved at =inf, TrLoss=0.1678]
 Training FV-alpha-s3-t4:  64%|██████▍   | 32/50 [00:02<00:01, 14.18it/s, Saved at =inf, TrLoss=0.1771]
 Training FV-alpha-s3-t4:  64%|██████▍   | 32/50 [00:02<00:01, 14.18it/s, Saved at =inf, TrLoss=0.1795]
 Training FV-alpha-s3-t4:  68%|██████▊   | 34/50 [00:02<00:01, 14.17it/s, Saved at =inf, TrLoss=0.1795]
 Training FV-alpha-s3-t4:  68%|██████▊   | 34/50 [00:02<00:01, 14.17it/s, Saved at =inf, TrLoss=0.1676]
 Training FV-alpha-s3-t4:  68%|██████▊   | 34/50 [00:02<00:01, 14.17it/s, Saved at =inf, TrLoss=0.1746]
 Training FV-alpha-s3-t4:  72%|███████▏  | 36/50 [00:02<00:00, 14.17it/s, Saved at =inf, TrLoss=0.1746]
 Training FV-alpha-s3-t4:  72%|███████▏  | 36/50 [00:02<00:00, 14.17it/s, Saved at =inf, TrLoss=0.1619]
 Training FV-alpha-s3-t4:  72%|███████▏  | 36/50 [00:02<00:00, 14.17it/s, Saved at =inf, TrLoss=0.1556]
 Training FV-alpha-s3-t4:  76%|███████▌  | 38/50 [00:02<00:00, 14.17it/s, Saved at =inf, TrLoss=0.1556]
 Training FV-alpha-s3-t4:  76%|███████▌  | 38/50 [00:02<00:00, 14.17it/s, Saved at =inf, TrLoss=0.1611]
 Training FV-alpha-s3-t4:  76%|███████▌  | 38/50 [00:02<00:00, 14.17it/s, Saved at =inf, TrLoss=0.1868]
 Training FV-alpha-s3-t4:  80%|████████  | 40/50 [00:02<00:00, 14.17it/s, Saved at =inf, TrLoss=0.1868]
 Training FV-alpha-s3-t4:  80%|████████  | 40/50 [00:02<00:00, 14.17it/s, Saved at =inf, TrLoss=0.1530]
 Training FV-alpha-s3-t4:  80%|████████  | 40/50 [00:02<00:00, 14.17it/s, Saved at =inf, TrLoss=0.1765]
 Training FV-alpha-s3-t4:  84%|████████▍ | 42/50 [00:02<00:00, 14.17it/s, Saved at =inf, TrLoss=0.1765]
 Training FV-alpha-s3-t4:  84%|████████▍ | 42/50 [00:03<00:00, 14.17it/s, Saved at =inf, TrLoss=0.1535]
 Training FV-alpha-s3-t4:  84%|████████▍ | 42/50 [00:03<00:00, 14.17it/s, Saved at =inf, TrLoss=0.1641]
 Training FV-alpha-s3-t4:  88%|████████▊ | 44/50 [00:03<00:00, 14.18it/s, Saved at =inf, TrLoss=0.1641]
 Training FV-alpha-s3-t4:  88%|████████▊ | 44/50 [00:03<00:00, 14.18it/s, Saved at =inf, TrLoss=0.1454]
 Training FV-alpha-s3-t4:  88%|████████▊ | 44/50 [00:03<00:00, 14.18it/s, Saved at =inf, TrLoss=0.1419]
 Training FV-alpha-s3-t4:  92%|█████████▏| 46/50 [00:03<00:00, 14.13it/s, Saved at =inf, TrLoss=0.1419]
 Training FV-alpha-s3-t4:  92%|█████████▏| 46/50 [00:03<00:00, 14.13it/s, Saved at =inf, TrLoss=0.1584]
 Training FV-alpha-s3-t4:  92%|█████████▏| 46/50 [00:03<00:00, 14.13it/s, Saved at =inf, TrLoss=0.1336]
 Training FV-alpha-s3-t4:  96%|█████████▌| 48/50 [00:03<00:00, 12.35it/s, Saved at =inf, TrLoss=0.1336]
 Training FV-alpha-s3-t4:  96%|█████████▌| 48/50 [00:03<00:00, 12.35it/s, Saved at =inf, TrLoss=0.1521]
 Training FV-alpha-s3-t4:  96%|█████████▌| 48/50 [00:03<00:00, 12.35it/s, Saved at =inf, TrLoss=0.1483]
 Training FV-alpha-s3-t4: 100%|██████████| 50/50 [00:03<00:00, 12.30it/s, Saved at =inf, TrLoss=0.1483]
 Training FV-alpha-s3-t4: 100%|██████████| 50/50 [00:03<00:00, 13.80it/s, Saved at =inf, TrLoss=0.1483]

 Training FV-alpha-s3-t5:   0%|          | 0/50 [00:00<?, ?it/s]
 Training FV-alpha-s3-t5:   0%|          | 0/50 [00:00<?, ?it/s, Saved at =inf, TrLoss=0.6835]
 Training FV-alpha-s3-t5:   0%|          | 0/50 [00:00<?, ?it/s, Saved at =inf, TrLoss=0.7929]
 Training FV-alpha-s3-t5:   4%|▍         | 2/50 [00:00<00:04, 11.46it/s, Saved at =inf, TrLoss=0.7929]
 Training FV-alpha-s3-t5:   4%|▍         | 2/50 [00:00<00:04, 11.46it/s, Saved at =inf, TrLoss=0.5445]
 Training FV-alpha-s3-t5:   4%|▍         | 2/50 [00:00<00:04, 11.46it/s, Saved at =inf, TrLoss=0.5775]
 Training FV-alpha-s3-t5:   8%|▊         | 4/50 [00:00<00:03, 11.60it/s, Saved at =inf, TrLoss=0.5775]
 Training FV-alpha-s3-t5:   8%|▊         | 4/50 [00:00<00:03, 11.60it/s, Saved at =inf, TrLoss=0.4934]
 Training FV-alpha-s3-t5:   8%|▊         | 4/50 [00:00<00:03, 11.60it/s, Saved at =inf, TrLoss=0.4762]
 Training FV-alpha-s3-t5:  12%|█▏        | 6/50 [00:00<00:03, 11.64it/s, Saved at =inf, TrLoss=0.4762]
 Training FV-alpha-s3-t5:  12%|█▏        | 6/50 [00:00<00:03, 11.64it/s, Saved at =inf, TrLoss=0.4382]
 Training FV-alpha-s3-t5:  12%|█▏        | 6/50 [00:00<00:03, 11.64it/s, Saved at =inf, TrLoss=0.3952]
 Training FV-alpha-s3-t5:  16%|█▌        | 8/50 [00:00<00:03, 11.64it/s, Saved at =inf, TrLoss=0.3952]
 Training FV-alpha-s3-t5:  16%|█▌        | 8/50 [00:00<00:03, 11.64it/s, Saved at =inf, TrLoss=0.3753]
 Training FV-alpha-s3-t5:  16%|█▌        | 8/50 [00:00<00:03, 11.64it/s, Saved at =inf, TrLoss=0.3433]
 Training FV-alpha-s3-t5:  20%|██        | 10/50 [00:00<00:04,  9.41it/s, Saved at =inf, TrLoss=0.3433]
 Training FV-alpha-s3-t5:  20%|██        | 10/50 [00:01<00:04,  9.41it/s, Saved at =inf, TrLoss=0.3405]
 Training FV-alpha-s3-t5:  20%|██        | 10/50 [00:01<00:04,  9.41it/s, Saved at =inf, TrLoss=0.3193]
 Training FV-alpha-s3-t5:  24%|██▍       | 12/50 [00:01<00:03, 10.05it/s, Saved at =inf, TrLoss=0.3193]
 Training FV-alpha-s3-t5:  24%|██▍       | 12/50 [00:01<00:03, 10.05it/s, Saved at =inf, TrLoss=0.3287]
 Training FV-alpha-s3-t5:  24%|██▍       | 12/50 [00:01<00:03, 10.05it/s, Saved at =inf, TrLoss=0.3071]
 Training FV-alpha-s3-t5:  28%|██▊       | 14/50 [00:01<00:03, 10.50it/s, Saved at =inf, TrLoss=0.3071]
 Training FV-alpha-s3-t5:  28%|██▊       | 14/50 [00:01<00:03, 10.50it/s, Saved at =inf, TrLoss=0.2953]
 Training FV-alpha-s3-t5:  28%|██▊       | 14/50 [00:01<00:03, 10.50it/s, Saved at =inf, TrLoss=0.2707]
 Training FV-alpha-s3-t5:  32%|███▏      | 16/50 [00:01<00:03, 10.83it/s, Saved at =inf, TrLoss=0.2707]
 Training FV-alpha-s3-t5:  32%|███▏      | 16/50 [00:01<00:03, 10.83it/s, Saved at =inf, TrLoss=0.2642]
 Training FV-alpha-s3-t5:  32%|███▏      | 16/50 [00:01<00:03, 10.83it/s, Saved at =inf, TrLoss=0.2583]
 Training FV-alpha-s3-t5:  36%|███▌      | 18/50 [00:01<00:02, 11.06it/s, Saved at =inf, TrLoss=0.2583]
 Training FV-alpha-s3-t5:  36%|███▌      | 18/50 [00:01<00:02, 11.06it/s, Saved at =inf, TrLoss=0.2528]
 Training FV-alpha-s3-t5:  36%|███▌      | 18/50 [00:01<00:02, 11.06it/s, Saved at =inf, TrLoss=0.2632]
 Training FV-alpha-s3-t5:  40%|████      | 20/50 [00:01<00:02, 11.22it/s, Saved at =inf, TrLoss=0.2632]
 Training FV-alpha-s3-t5:  40%|████      | 20/50 [00:01<00:02, 11.22it/s, Saved at =inf, TrLoss=0.2391]
 Training FV-alpha-s3-t5:  40%|████      | 20/50 [00:01<00:02, 11.22it/s, Saved at =inf, TrLoss=0.2216]
 Training FV-alpha-s3-t5:  44%|████▍     | 22/50 [00:02<00:02, 11.34it/s, Saved at =inf, TrLoss=0.2216]
 Training FV-alpha-s3-t5:  44%|████▍     | 22/50 [00:02<00:02, 11.34it/s, Saved at =inf, TrLoss=0.2565]
 Training FV-alpha-s3-t5:  44%|████▍     | 22/50 [00:02<00:02, 11.34it/s, Saved at =inf, TrLoss=0.2415]
 Training FV-alpha-s3-t5:  48%|████▊     | 24/50 [00:02<00:02, 11.42it/s, Saved at =inf, TrLoss=0.2415]
 Training FV-alpha-s3-t5:  48%|████▊     | 24/50 [00:02<00:02, 11.42it/s, Saved at =inf, TrLoss=0.2076]
 Training FV-alpha-s3-t5:  48%|████▊     | 24/50 [00:02<00:02, 11.42it/s, Saved at =inf, TrLoss=0.2245]
 Training FV-alpha-s3-t5:  52%|█████▏    | 26/50 [00:02<00:02, 11.47it/s, Saved at =inf, TrLoss=0.2245]
 Training FV-alpha-s3-t5:  52%|█████▏    | 26/50 [00:02<00:02, 11.47it/s, Saved at =inf, TrLoss=0.2000]
 Training FV-alpha-s3-t5:  52%|█████▏    | 26/50 [00:02<00:02, 11.47it/s, Saved at =inf, TrLoss=0.2122]
 Training FV-alpha-s3-t5:  56%|█████▌    | 28/50 [00:02<00:01, 11.51it/s, Saved at =inf, TrLoss=0.2122]
 Training FV-alpha-s3-t5:  56%|█████▌    | 28/50 [00:02<00:01, 11.51it/s, Saved at =inf, TrLoss=0.1939]
 Training FV-alpha-s3-t5:  56%|█████▌    | 28/50 [00:02<00:01, 11.51it/s, Saved at =inf, TrLoss=0.2090]
 Training FV-alpha-s3-t5:  60%|██████    | 30/50 [00:02<00:01, 11.54it/s, Saved at =inf, TrLoss=0.2090]
 Training FV-alpha-s3-t5:  60%|██████    | 30/50 [00:02<00:01, 11.54it/s, Saved at =inf, TrLoss=0.1996]
 Training FV-alpha-s3-t5:  60%|██████    | 30/50 [00:02<00:01, 11.54it/s, Saved at =inf, TrLoss=0.2064]
 Training FV-alpha-s3-t5:  64%|██████▍   | 32/50 [00:02<00:01, 11.56it/s, Saved at =inf, TrLoss=0.2064]
 Training FV-alpha-s3-t5:  64%|██████▍   | 32/50 [00:02<00:01, 11.56it/s, Saved at =inf, TrLoss=0.1903]
 Training FV-alpha-s3-t5:  64%|██████▍   | 32/50 [00:03<00:01, 11.56it/s, Saved at =inf, TrLoss=0.2031]
 Training FV-alpha-s3-t5:  68%|██████▊   | 34/50 [00:03<00:01, 11.57it/s, Saved at =inf, TrLoss=0.2031]
 Training FV-alpha-s3-t5:  68%|██████▊   | 34/50 [00:03<00:01, 11.57it/s, Saved at =inf, TrLoss=0.1899]
 Training FV-alpha-s3-t5:  68%|██████▊   | 34/50 [00:03<00:01, 11.57it/s, Saved at =inf, TrLoss=0.1768]
 Training FV-alpha-s3-t5:  72%|███████▏  | 36/50 [00:03<00:01, 11.58it/s, Saved at =inf, TrLoss=0.1768]
 Training FV-alpha-s3-t5:  72%|███████▏  | 36/50 [00:03<00:01, 11.58it/s, Saved at =inf, TrLoss=0.1757]
 Training FV-alpha-s3-t5:  72%|███████▏  | 36/50 [00:03<00:01, 11.58it/s, Saved at =inf, TrLoss=0.1740]
 Training FV-alpha-s3-t5:  76%|███████▌  | 38/50 [00:03<00:01, 11.59it/s, Saved at =inf, TrLoss=0.1740]
 Training FV-alpha-s3-t5:  76%|███████▌  | 38/50 [00:03<00:01, 11.59it/s, Saved at =inf, TrLoss=0.1782]
 Training FV-alpha-s3-t5:  76%|███████▌  | 38/50 [00:03<00:01, 11.59it/s, Saved at =inf, TrLoss=0.1741]
 Training FV-alpha-s3-t5:  80%|████████  | 40/50 [00:03<00:00, 11.59it/s, Saved at =inf, TrLoss=0.1741]
 Training FV-alpha-s3-t5:  80%|████████  | 40/50 [00:03<00:00, 11.59it/s, Saved at =inf, TrLoss=0.1676]
 Training FV-alpha-s3-t5:  80%|████████  | 40/50 [00:03<00:00, 11.59it/s, Saved at =inf, TrLoss=0.1695]
 Training FV-alpha-s3-t5:  84%|████████▍ | 42/50 [00:03<00:00, 11.60it/s, Saved at =inf, TrLoss=0.1695]
 Training FV-alpha-s3-t5:  84%|████████▍ | 42/50 [00:03<00:00, 11.60it/s, Saved at =inf, TrLoss=0.1782]
 Training FV-alpha-s3-t5:  84%|████████▍ | 42/50 [00:03<00:00, 11.60it/s, Saved at =inf, TrLoss=0.1741]
 Training FV-alpha-s3-t5:  88%|████████▊ | 44/50 [00:03<00:00, 11.60it/s, Saved at =inf, TrLoss=0.1741]
 Training FV-alpha-s3-t5:  88%|████████▊ | 44/50 [00:03<00:00, 11.60it/s, Saved at =inf, TrLoss=0.1543]
 Training FV-alpha-s3-t5:  88%|████████▊ | 44/50 [00:04<00:00, 11.60it/s, Saved at =inf, TrLoss=0.1640]
 Training FV-alpha-s3-t5:  92%|█████████▏| 46/50 [00:04<00:00, 11.60it/s, Saved at =inf, TrLoss=0.1640]
 Training FV-alpha-s3-t5:  92%|█████████▏| 46/50 [00:04<00:00, 11.60it/s, Saved at =inf, TrLoss=0.1585]
 Training FV-alpha-s3-t5:  92%|█████████▏| 46/50 [00:04<00:00, 11.60it/s, Saved at =inf, TrLoss=0.1651]
 Training FV-alpha-s3-t5:  96%|█████████▌| 48/50 [00:04<00:00, 11.61it/s, Saved at =inf, TrLoss=0.1651]
 Training FV-alpha-s3-t5:  96%|█████████▌| 48/50 [00:04<00:00, 11.61it/s, Saved at =inf, TrLoss=0.1589]
 Training FV-alpha-s3-t5:  96%|█████████▌| 48/50 [00:04<00:00, 11.61it/s, Saved at =inf, TrLoss=0.1513]
 Training FV-alpha-s3-t5: 100%|██████████| 50/50 [00:04<00:00, 11.61it/s, Saved at =inf, TrLoss=0.1513]
 Training FV-alpha-s3-t5: 100%|██████████| 50/50 [00:04<00:00, 11.31it/s, Saved at =inf, TrLoss=0.1513]

 Training FV-alpha-s3-t6:   0%|          | 0/50 [00:00<?, ?it/s]
 Training FV-alpha-s3-t6:   0%|          | 0/50 [00:00<?, ?it/s, Saved at =inf, TrLoss=0.6742]
 Training FV-alpha-s3-t6:   2%|▏         | 1/50 [00:00<00:05,  9.27it/s, Saved at =inf, TrLoss=0.6742]
 Training FV-alpha-s3-t6:   2%|▏         | 1/50 [00:00<00:05,  9.27it/s, Saved at =inf, TrLoss=0.9984]
 Training FV-alpha-s3-t6:   4%|▍         | 2/50 [00:00<00:05,  9.53it/s, Saved at =inf, TrLoss=0.9984]
 Training FV-alpha-s3-t6:   4%|▍         | 2/50 [00:00<00:05,  9.53it/s, Saved at =inf, TrLoss=0.5725]
 Training FV-alpha-s3-t6:   6%|▌         | 3/50 [00:00<00:04,  9.62it/s, Saved at =inf, TrLoss=0.5725]
 Training FV-alpha-s3-t6:   6%|▌         | 3/50 [00:00<00:04,  9.62it/s, Saved at =inf, TrLoss=0.5894]
 Training FV-alpha-s3-t6:   8%|▊         | 4/50 [00:00<00:04,  9.67it/s, Saved at =inf, TrLoss=0.5894]
 Training FV-alpha-s3-t6:   8%|▊         | 4/50 [00:00<00:04,  9.67it/s, Saved at =inf, TrLoss=0.4914]
 Training FV-alpha-s3-t6:  10%|█         | 5/50 [00:00<00:04,  9.69it/s, Saved at =inf, TrLoss=0.4914]
 Training FV-alpha-s3-t6:  10%|█         | 5/50 [00:00<00:04,  9.69it/s, Saved at =inf, TrLoss=0.5308]
 Training FV-alpha-s3-t6:  12%|█▏        | 6/50 [00:00<00:04,  9.70it/s, Saved at =inf, TrLoss=0.5308]
 Training FV-alpha-s3-t6:  12%|█▏        | 6/50 [00:00<00:04,  9.70it/s, Saved at =inf, TrLoss=0.4541]
 Training FV-alpha-s3-t6:  14%|█▍        | 7/50 [00:00<00:04,  9.71it/s, Saved at =inf, TrLoss=0.4541]
 Training FV-alpha-s3-t6:  14%|█▍        | 7/50 [00:00<00:04,  9.71it/s, Saved at =inf, TrLoss=0.4317]
 Training FV-alpha-s3-t6:  16%|█▌        | 8/50 [00:00<00:04,  9.71it/s, Saved at =inf, TrLoss=0.4317]
 Training FV-alpha-s3-t6:  16%|█▌        | 8/50 [00:00<00:04,  9.71it/s, Saved at =inf, TrLoss=0.4501]
 Training FV-alpha-s3-t6:  18%|█▊        | 9/50 [00:00<00:04,  9.72it/s, Saved at =inf, TrLoss=0.4501]
 Training FV-alpha-s3-t6:  18%|█▊        | 9/50 [00:00<00:04,  9.72it/s, Saved at =inf, TrLoss=0.4187]
 Training FV-alpha-s3-t6:  20%|██        | 10/50 [00:01<00:04,  9.72it/s, Saved at =inf, TrLoss=0.4187]
 Training FV-alpha-s3-t6:  20%|██        | 10/50 [00:01<00:04,  9.72it/s, Saved at =inf, TrLoss=0.3967]
 Training FV-alpha-s3-t6:  22%|██▏       | 11/50 [00:01<00:04,  9.72it/s, Saved at =inf, TrLoss=0.3967]
 Training FV-alpha-s3-t6:  22%|██▏       | 11/50 [00:01<00:04,  9.72it/s, Saved at =inf, TrLoss=0.3944]
 Training FV-alpha-s3-t6:  24%|██▍       | 12/50 [00:01<00:03,  9.73it/s, Saved at =inf, TrLoss=0.3944]
 Training FV-alpha-s3-t6:  24%|██▍       | 12/50 [00:01<00:03,  9.73it/s, Saved at =inf, TrLoss=0.3541]
 Training FV-alpha-s3-t6:  26%|██▌       | 13/50 [00:01<00:03,  9.73it/s, Saved at =inf, TrLoss=0.3541]
 Training FV-alpha-s3-t6:  26%|██▌       | 13/50 [00:01<00:03,  9.73it/s, Saved at =inf, TrLoss=0.3311]
 Training FV-alpha-s3-t6:  28%|██▊       | 14/50 [00:01<00:03,  9.73it/s, Saved at =inf, TrLoss=0.3311]
 Training FV-alpha-s3-t6:  28%|██▊       | 14/50 [00:01<00:03,  9.73it/s, Saved at =inf, TrLoss=0.3327]
 Training FV-alpha-s3-t6:  30%|███       | 15/50 [00:01<00:03,  9.73it/s, Saved at =inf, TrLoss=0.3327]
 Training FV-alpha-s3-t6:  30%|███       | 15/50 [00:01<00:03,  9.73it/s, Saved at =inf, TrLoss=0.3034]
 Training FV-alpha-s3-t6:  32%|███▏      | 16/50 [00:01<00:03,  9.72it/s, Saved at =inf, TrLoss=0.3034]
 Training FV-alpha-s3-t6:  32%|███▏      | 16/50 [00:01<00:03,  9.72it/s, Saved at =inf, TrLoss=0.3088]
 Training FV-alpha-s3-t6:  34%|███▍      | 17/50 [00:01<00:03,  9.73it/s, Saved at =inf, TrLoss=0.3088]
 Training FV-alpha-s3-t6:  34%|███▍      | 17/50 [00:01<00:03,  9.73it/s, Saved at =inf, TrLoss=0.3139]
 Training FV-alpha-s3-t6:  36%|███▌      | 18/50 [00:01<00:03,  9.73it/s, Saved at =inf, TrLoss=0.3139]
 Training FV-alpha-s3-t6:  36%|███▌      | 18/50 [00:01<00:03,  9.73it/s, Saved at =inf, TrLoss=0.3016]
 Training FV-alpha-s3-t6:  38%|███▊      | 19/50 [00:01<00:03,  9.73it/s, Saved at =inf, TrLoss=0.3016]
 Training FV-alpha-s3-t6:  38%|███▊      | 19/50 [00:02<00:03,  9.73it/s, Saved at =inf, TrLoss=0.2994]
 Training FV-alpha-s3-t6:  40%|████      | 20/50 [00:02<00:03,  9.73it/s, Saved at =inf, TrLoss=0.2994]
 Training FV-alpha-s3-t6:  40%|████      | 20/50 [00:02<00:03,  9.73it/s, Saved at =inf, TrLoss=0.2801]
 Training FV-alpha-s3-t6:  42%|████▏     | 21/50 [00:02<00:02,  9.73it/s, Saved at =inf, TrLoss=0.2801]
 Training FV-alpha-s3-t6:  42%|████▏     | 21/50 [00:02<00:02,  9.73it/s, Saved at =inf, TrLoss=0.2877]
 Training FV-alpha-s3-t6:  44%|████▍     | 22/50 [00:02<00:02,  9.73it/s, Saved at =inf, TrLoss=0.2877]
 Training FV-alpha-s3-t6:  44%|████▍     | 22/50 [00:02<00:02,  9.73it/s, Saved at =inf, TrLoss=0.2772]
 Training FV-alpha-s3-t6:  46%|████▌     | 23/50 [00:02<00:02,  9.73it/s, Saved at =inf, TrLoss=0.2772]
 Training FV-alpha-s3-t6:  46%|████▌     | 23/50 [00:02<00:02,  9.73it/s, Saved at =inf, TrLoss=0.2805]
 Training FV-alpha-s3-t6:  48%|████▊     | 24/50 [00:02<00:02,  9.73it/s, Saved at =inf, TrLoss=0.2805]
 Training FV-alpha-s3-t6:  48%|████▊     | 24/50 [00:02<00:02,  9.73it/s, Saved at =inf, TrLoss=0.2691]
 Training FV-alpha-s3-t6:  50%|█████     | 25/50 [00:02<00:02,  9.73it/s, Saved at =inf, TrLoss=0.2691]
 Training FV-alpha-s3-t6:  50%|█████     | 25/50 [00:02<00:02,  9.73it/s, Saved at =inf, TrLoss=0.2629]
 Training FV-alpha-s3-t6:  52%|█████▏    | 26/50 [00:02<00:02,  9.73it/s, Saved at =inf, TrLoss=0.2629]
 Training FV-alpha-s3-t6:  52%|█████▏    | 26/50 [00:02<00:02,  9.73it/s, Saved at =inf, TrLoss=0.2776]
 Training FV-alpha-s3-t6:  54%|█████▍    | 27/50 [00:02<00:02,  9.73it/s, Saved at =inf, TrLoss=0.2776]
 Training FV-alpha-s3-t6:  54%|█████▍    | 27/50 [00:02<00:02,  9.73it/s, Saved at =inf, TrLoss=0.2565]
 Training FV-alpha-s3-t6:  56%|█████▌    | 28/50 [00:02<00:02,  9.72it/s, Saved at =inf, TrLoss=0.2565]
 Training FV-alpha-s3-t6:  56%|█████▌    | 28/50 [00:02<00:02,  9.72it/s, Saved at =inf, TrLoss=0.2546]
 Training FV-alpha-s3-t6:  58%|█████▊    | 29/50 [00:02<00:02,  9.72it/s, Saved at =inf, TrLoss=0.2546]
 Training FV-alpha-s3-t6:  58%|█████▊    | 29/50 [00:03<00:02,  9.72it/s, Saved at =inf, TrLoss=0.2652]
 Training FV-alpha-s3-t6:  60%|██████    | 30/50 [00:03<00:02,  9.72it/s, Saved at =inf, TrLoss=0.2652]
 Training FV-alpha-s3-t6:  60%|██████    | 30/50 [00:03<00:02,  9.72it/s, Saved at =inf, TrLoss=0.2431]
 Training FV-alpha-s3-t6:  62%|██████▏   | 31/50 [00:03<00:01,  9.72it/s, Saved at =inf, TrLoss=0.2431]
 Training FV-alpha-s3-t6:  62%|██████▏   | 31/50 [00:03<00:01,  9.72it/s, Saved at =inf, TrLoss=0.2590]
 Training FV-alpha-s3-t6:  64%|██████▍   | 32/50 [00:03<00:01,  9.73it/s, Saved at =inf, TrLoss=0.2590]
 Training FV-alpha-s3-t6:  64%|██████▍   | 32/50 [00:03<00:01,  9.73it/s, Saved at =inf, TrLoss=0.2386]
 Training FV-alpha-s3-t6:  66%|██████▌   | 33/50 [00:03<00:01,  9.73it/s, Saved at =inf, TrLoss=0.2386]
 Training FV-alpha-s3-t6:  66%|██████▌   | 33/50 [00:03<00:01,  9.73it/s, Saved at =inf, TrLoss=0.2612]
 Training FV-alpha-s3-t6:  68%|██████▊   | 34/50 [00:03<00:01,  9.72it/s, Saved at =inf, TrLoss=0.2612]
 Training FV-alpha-s3-t6:  68%|██████▊   | 34/50 [00:03<00:01,  9.72it/s, Saved at =inf, TrLoss=0.2506]
 Training FV-alpha-s3-t6:  70%|███████   | 35/50 [00:03<00:01,  9.69it/s, Saved at =inf, TrLoss=0.2506]
 Training FV-alpha-s3-t6:  70%|███████   | 35/50 [00:03<00:01,  9.69it/s, Saved at =inf, TrLoss=0.2257]
 Training FV-alpha-s3-t6:  72%|███████▏  | 36/50 [00:03<00:01,  7.71it/s, Saved at =inf, TrLoss=0.2257]
 Training FV-alpha-s3-t6:  72%|███████▏  | 36/50 [00:03<00:01,  7.71it/s, Saved at =inf, TrLoss=0.2443]
 Training FV-alpha-s3-t6:  74%|███████▍  | 37/50 [00:03<00:01,  8.21it/s, Saved at =inf, TrLoss=0.2443]
 Training FV-alpha-s3-t6:  74%|███████▍  | 37/50 [00:03<00:01,  8.21it/s, Saved at =inf, TrLoss=0.2245]
 Training FV-alpha-s3-t6:  76%|███████▌  | 38/50 [00:04<00:01,  8.59it/s, Saved at =inf, TrLoss=0.2245]
 Training FV-alpha-s3-t6:  76%|███████▌  | 38/50 [00:04<00:01,  8.59it/s, Saved at =inf, TrLoss=0.2309]
 Training FV-alpha-s3-t6:  78%|███████▊  | 39/50 [00:04<00:01,  8.88it/s, Saved at =inf, TrLoss=0.2309]
 Training FV-alpha-s3-t6:  78%|███████▊  | 39/50 [00:04<00:01,  8.88it/s, Saved at =inf, TrLoss=0.2613]
 Training FV-alpha-s3-t6:  80%|████████  | 40/50 [00:04<00:01,  9.11it/s, Saved at =inf, TrLoss=0.2613]
 Training FV-alpha-s3-t6:  80%|████████  | 40/50 [00:04<00:01,  9.11it/s, Saved at =inf, TrLoss=0.2133]
 Training FV-alpha-s3-t6:  82%|████████▏ | 41/50 [00:04<00:00,  9.28it/s, Saved at =inf, TrLoss=0.2133]
 Training FV-alpha-s3-t6:  82%|████████▏ | 41/50 [00:04<00:00,  9.28it/s, Saved at =inf, TrLoss=0.2530]
 Training FV-alpha-s3-t6:  84%|████████▍ | 42/50 [00:04<00:00,  9.42it/s, Saved at =inf, TrLoss=0.2530]
 Training FV-alpha-s3-t6:  84%|████████▍ | 42/50 [00:04<00:00,  9.42it/s, Saved at =inf, TrLoss=0.2262]
 Training FV-alpha-s3-t6:  86%|████████▌ | 43/50 [00:04<00:00,  9.51it/s, Saved at =inf, TrLoss=0.2262]
 Training FV-alpha-s3-t6:  86%|████████▌ | 43/50 [00:04<00:00,  9.51it/s, Saved at =inf, TrLoss=0.2521]
 Training FV-alpha-s3-t6:  88%|████████▊ | 44/50 [00:04<00:00,  9.57it/s, Saved at =inf, TrLoss=0.2521]
 Training FV-alpha-s3-t6:  88%|████████▊ | 44/50 [00:04<00:00,  9.57it/s, Saved at =inf, TrLoss=0.2112]
 Training FV-alpha-s3-t6:  90%|█████████ | 45/50 [00:04<00:00,  9.33it/s, Saved at =inf, TrLoss=0.2112]
 Training FV-alpha-s3-t6:  90%|█████████ | 45/50 [00:04<00:00,  9.33it/s, Saved at =inf, TrLoss=0.2303]
 Training FV-alpha-s3-t6:  92%|█████████▏| 46/50 [00:04<00:00,  8.25it/s, Saved at =inf, TrLoss=0.2303]
 Training FV-alpha-s3-t6:  92%|█████████▏| 46/50 [00:04<00:00,  8.25it/s, Saved at =inf, TrLoss=0.2020]
 Training FV-alpha-s3-t6:  94%|█████████▍| 47/50 [00:04<00:00,  8.63it/s, Saved at =inf, TrLoss=0.2020]
 Training FV-alpha-s3-t6:  94%|█████████▍| 47/50 [00:05<00:00,  8.63it/s, Saved at =inf, TrLoss=0.2339]
 Training FV-alpha-s3-t6:  96%|█████████▌| 48/50 [00:05<00:00,  8.91it/s, Saved at =inf, TrLoss=0.2339]
 Training FV-alpha-s3-t6:  96%|█████████▌| 48/50 [00:05<00:00,  8.91it/s, Saved at =inf, TrLoss=0.2070]
 Training FV-alpha-s3-t6:  98%|█████████▊| 49/50 [00:05<00:00,  9.12it/s, Saved at =inf, TrLoss=0.2070]
 Training FV-alpha-s3-t6:  98%|█████████▊| 49/50 [00:05<00:00,  9.12it/s, Saved at =inf, TrLoss=0.2081]
 Training FV-alpha-s3-t6: 100%|██████████| 50/50 [00:05<00:00,  9.28it/s, Saved at =inf, TrLoss=0.2081]
 Training FV-alpha-s3-t6: 100%|██████████| 50/50 [00:05<00:00,  9.43it/s, Saved at =inf, TrLoss=0.2081]

 Training FV-alpha-s3-t7:   0%|          | 0/50 [00:00<?, ?it/s]
 Training FV-alpha-s3-t7:   0%|          | 0/50 [00:00<?, ?it/s, Saved at =inf, TrLoss=0.8055]
 Training FV-alpha-s3-t7:   2%|▏         | 1/50 [00:00<00:06,  7.89it/s, Saved at =inf, TrLoss=0.8055]
 Training FV-alpha-s3-t7:   2%|▏         | 1/50 [00:00<00:06,  7.89it/s, Saved at =inf, TrLoss=0.9069]
 Training FV-alpha-s3-t7:   4%|▍         | 2/50 [00:00<00:05,  8.13it/s, Saved at =inf, TrLoss=0.9069]
 Training FV-alpha-s3-t7:   4%|▍         | 2/50 [00:00<00:05,  8.13it/s, Saved at =inf, TrLoss=0.6068]
 Training FV-alpha-s3-t7:   6%|▌         | 3/50 [00:00<00:05,  8.21it/s, Saved at =inf, TrLoss=0.6068]
 Training FV-alpha-s3-t7:   6%|▌         | 3/50 [00:00<00:05,  8.21it/s, Saved at =inf, TrLoss=0.6387]
 Training FV-alpha-s3-t7:   8%|▊         | 4/50 [00:00<00:05,  8.24it/s, Saved at =inf, TrLoss=0.6387]
 Training FV-alpha-s3-t7:   8%|▊         | 4/50 [00:00<00:05,  8.24it/s, Saved at =inf, TrLoss=0.5821]
 Training FV-alpha-s3-t7:  10%|█         | 5/50 [00:00<00:05,  8.27it/s, Saved at =inf, TrLoss=0.5821]
 Training FV-alpha-s3-t7:  10%|█         | 5/50 [00:00<00:05,  8.27it/s, Saved at =inf, TrLoss=0.5705]
 Training FV-alpha-s3-t7:  12%|█▏        | 6/50 [00:00<00:05,  8.28it/s, Saved at =inf, TrLoss=0.5705]
 Training FV-alpha-s3-t7:  12%|█▏        | 6/50 [00:00<00:05,  8.28it/s, Saved at =inf, TrLoss=0.5513]
 Training FV-alpha-s3-t7:  14%|█▍        | 7/50 [00:00<00:05,  8.29it/s, Saved at =inf, TrLoss=0.5513]
 Training FV-alpha-s3-t7:  14%|█▍        | 7/50 [00:00<00:05,  8.29it/s, Saved at =inf, TrLoss=0.5259]
 Training FV-alpha-s3-t7:  16%|█▌        | 8/50 [00:00<00:05,  8.29it/s, Saved at =inf, TrLoss=0.5259]
 Training FV-alpha-s3-t7:  16%|█▌        | 8/50 [00:01<00:05,  8.29it/s, Saved at =inf, TrLoss=0.5258]
 Training FV-alpha-s3-t7:  18%|█▊        | 9/50 [00:01<00:04,  8.30it/s, Saved at =inf, TrLoss=0.5258]
 Training FV-alpha-s3-t7:  18%|█▊        | 9/50 [00:01<00:04,  8.30it/s, Saved at =inf, TrLoss=0.5027]
 Training FV-alpha-s3-t7:  20%|██        | 10/50 [00:01<00:04,  8.30it/s, Saved at =inf, TrLoss=0.5027]
 Training FV-alpha-s3-t7:  20%|██        | 10/50 [00:01<00:04,  8.30it/s, Saved at =inf, TrLoss=0.4903]
 Training FV-alpha-s3-t7:  22%|██▏       | 11/50 [00:01<00:04,  8.30it/s, Saved at =inf, TrLoss=0.4903]
 Training FV-alpha-s3-t7:  22%|██▏       | 11/50 [00:01<00:04,  8.30it/s, Saved at =inf, TrLoss=0.4657]
 Training FV-alpha-s3-t7:  24%|██▍       | 12/50 [00:01<00:04,  8.31it/s, Saved at =inf, TrLoss=0.4657]
 Training FV-alpha-s3-t7:  24%|██▍       | 12/50 [00:01<00:04,  8.31it/s, Saved at =inf, TrLoss=0.4485]
 Training FV-alpha-s3-t7:  26%|██▌       | 13/50 [00:01<00:04,  8.31it/s, Saved at =inf, TrLoss=0.4485]
 Training FV-alpha-s3-t7:  26%|██▌       | 13/50 [00:01<00:04,  8.31it/s, Saved at =inf, TrLoss=0.4256]
 Training FV-alpha-s3-t7:  28%|██▊       | 14/50 [00:01<00:04,  8.31it/s, Saved at =inf, TrLoss=0.4256]
 Training FV-alpha-s3-t7:  28%|██▊       | 14/50 [00:01<00:04,  8.31it/s, Saved at =inf, TrLoss=0.3988]
 Training FV-alpha-s3-t7:  30%|███       | 15/50 [00:01<00:04,  8.32it/s, Saved at =inf, TrLoss=0.3988]
 Training FV-alpha-s3-t7:  30%|███       | 15/50 [00:01<00:04,  8.32it/s, Saved at =inf, TrLoss=0.3827]
 Training FV-alpha-s3-t7:  32%|███▏      | 16/50 [00:01<00:04,  8.32it/s, Saved at =inf, TrLoss=0.3827]
 Training FV-alpha-s3-t7:  32%|███▏      | 16/50 [00:02<00:04,  8.32it/s, Saved at =inf, TrLoss=0.3586]
 Training FV-alpha-s3-t7:  34%|███▍      | 17/50 [00:02<00:03,  8.30it/s, Saved at =inf, TrLoss=0.3586]
 Training FV-alpha-s3-t7:  34%|███▍      | 17/50 [00:02<00:03,  8.30it/s, Saved at =inf, TrLoss=0.3418]
 Training FV-alpha-s3-t7:  36%|███▌      | 18/50 [00:02<00:03,  8.30it/s, Saved at =inf, TrLoss=0.3418]
 Training FV-alpha-s3-t7:  36%|███▌      | 18/50 [00:02<00:03,  8.30it/s, Saved at =inf, TrLoss=0.3488]
 Training FV-alpha-s3-t7:  38%|███▊      | 19/50 [00:02<00:03,  8.30it/s, Saved at =inf, TrLoss=0.3488]
 Training FV-alpha-s3-t7:  38%|███▊      | 19/50 [00:02<00:03,  8.30it/s, Saved at =inf, TrLoss=0.3451]
 Training FV-alpha-s3-t7:  40%|████      | 20/50 [00:02<00:03,  8.31it/s, Saved at =inf, TrLoss=0.3451]
 Training FV-alpha-s3-t7:  40%|████      | 20/50 [00:02<00:03,  8.31it/s, Saved at =inf, TrLoss=0.3056]
 Training FV-alpha-s3-t7:  42%|████▏     | 21/50 [00:02<00:03,  8.31it/s, Saved at =inf, TrLoss=0.3056]
 Training FV-alpha-s3-t7:  42%|████▏     | 21/50 [00:02<00:03,  8.31it/s, Saved at =inf, TrLoss=0.3077]
 Training FV-alpha-s3-t7:  44%|████▍     | 22/50 [00:02<00:03,  8.31it/s, Saved at =inf, TrLoss=0.3077]
 Training FV-alpha-s3-t7:  44%|████▍     | 22/50 [00:02<00:03,  8.31it/s, Saved at =inf, TrLoss=0.3243]
 Training FV-alpha-s3-t7:  46%|████▌     | 23/50 [00:02<00:03,  8.31it/s, Saved at =inf, TrLoss=0.3243]
 Training FV-alpha-s3-t7:  46%|████▌     | 23/50 [00:02<00:03,  8.31it/s, Saved at =inf, TrLoss=0.2851]
 Training FV-alpha-s3-t7:  48%|████▊     | 24/50 [00:02<00:03,  8.30it/s, Saved at =inf, TrLoss=0.2851]
 Training FV-alpha-s3-t7:  48%|████▊     | 24/50 [00:02<00:03,  8.30it/s, Saved at =inf, TrLoss=0.2658]
 Training FV-alpha-s3-t7:  50%|█████     | 25/50 [00:03<00:03,  8.31it/s, Saved at =inf, TrLoss=0.2658]
 Training FV-alpha-s3-t7:  50%|█████     | 25/50 [00:03<00:03,  8.31it/s, Saved at =inf, TrLoss=0.2721]
 Training FV-alpha-s3-t7:  52%|█████▏    | 26/50 [00:03<00:02,  8.31it/s, Saved at =inf, TrLoss=0.2721]
 Training FV-alpha-s3-t7:  52%|█████▏    | 26/50 [00:03<00:02,  8.31it/s, Saved at =inf, TrLoss=0.2572]
 Training FV-alpha-s3-t7:  54%|█████▍    | 27/50 [00:03<00:02,  8.31it/s, Saved at =inf, TrLoss=0.2572]
 Training FV-alpha-s3-t7:  54%|█████▍    | 27/50 [00:03<00:02,  8.31it/s, Saved at =inf, TrLoss=0.2512]
 Training FV-alpha-s3-t7:  56%|█████▌    | 28/50 [00:03<00:02,  8.31it/s, Saved at =inf, TrLoss=0.2512]
 Training FV-alpha-s3-t7:  56%|█████▌    | 28/50 [00:03<00:02,  8.31it/s, Saved at =inf, TrLoss=0.2562]
 Training FV-alpha-s3-t7:  58%|█████▊    | 29/50 [00:03<00:02,  8.31it/s, Saved at =inf, TrLoss=0.2562]
 Training FV-alpha-s3-t7:  58%|█████▊    | 29/50 [00:03<00:02,  8.31it/s, Saved at =inf, TrLoss=0.2550]
 Training FV-alpha-s3-t7:  60%|██████    | 30/50 [00:03<00:02,  8.31it/s, Saved at =inf, TrLoss=0.2550]
 Training FV-alpha-s3-t7:  60%|██████    | 30/50 [00:03<00:02,  8.31it/s, Saved at =inf, TrLoss=0.2445]
 Training FV-alpha-s3-t7:  62%|██████▏   | 31/50 [00:03<00:02,  8.31it/s, Saved at =inf, TrLoss=0.2445]
 Training FV-alpha-s3-t7:  62%|██████▏   | 31/50 [00:03<00:02,  8.31it/s, Saved at =inf, TrLoss=0.2547]
 Training FV-alpha-s3-t7:  64%|██████▍   | 32/50 [00:03<00:02,  8.31it/s, Saved at =inf, TrLoss=0.2547]
 Training FV-alpha-s3-t7:  64%|██████▍   | 32/50 [00:03<00:02,  8.31it/s, Saved at =inf, TrLoss=0.2528]
 Training FV-alpha-s3-t7:  66%|██████▌   | 33/50 [00:03<00:02,  8.31it/s, Saved at =inf, TrLoss=0.2528]
 Training FV-alpha-s3-t7:  66%|██████▌   | 33/50 [00:04<00:02,  8.31it/s, Saved at =inf, TrLoss=0.2477]
 Training FV-alpha-s3-t7:  68%|██████▊   | 34/50 [00:04<00:01,  8.29it/s, Saved at =inf, TrLoss=0.2477]
 Training FV-alpha-s3-t7:  68%|██████▊   | 34/50 [00:04<00:01,  8.29it/s, Saved at =inf, TrLoss=0.2422]
 Training FV-alpha-s3-t7:  70%|███████   | 35/50 [00:04<00:01,  8.30it/s, Saved at =inf, TrLoss=0.2422]
 Training FV-alpha-s3-t7:  70%|███████   | 35/50 [00:04<00:01,  8.30it/s, Saved at =inf, TrLoss=0.2363]
 Training FV-alpha-s3-t7:  72%|███████▏  | 36/50 [00:04<00:01,  8.30it/s, Saved at =inf, TrLoss=0.2363]
 Training FV-alpha-s3-t7:  72%|███████▏  | 36/50 [00:04<00:01,  8.30it/s, Saved at =inf, TrLoss=0.2297]
 Training FV-alpha-s3-t7:  74%|███████▍  | 37/50 [00:04<00:01,  8.29it/s, Saved at =inf, TrLoss=0.2297]
 Training FV-alpha-s3-t7:  74%|███████▍  | 37/50 [00:04<00:01,  8.29it/s, Saved at =inf, TrLoss=0.2334]
 Training FV-alpha-s3-t7:  76%|███████▌  | 38/50 [00:04<00:01,  8.30it/s, Saved at =inf, TrLoss=0.2334]
 Training FV-alpha-s3-t7:  76%|███████▌  | 38/50 [00:04<00:01,  8.30it/s, Saved at =inf, TrLoss=0.2294]
 Training FV-alpha-s3-t7:  78%|███████▊  | 39/50 [00:04<00:01,  8.30it/s, Saved at =inf, TrLoss=0.2294]
 Training FV-alpha-s3-t7:  78%|███████▊  | 39/50 [00:04<00:01,  8.30it/s, Saved at =inf, TrLoss=0.2385]
 Training FV-alpha-s3-t7:  80%|████████  | 40/50 [00:04<00:01,  8.30it/s, Saved at =inf, TrLoss=0.2385]
 Training FV-alpha-s3-t7:  80%|████████  | 40/50 [00:04<00:01,  8.30it/s, Saved at =inf, TrLoss=0.2276]
 Training FV-alpha-s3-t7:  82%|████████▏ | 41/50 [00:04<00:01,  8.31it/s, Saved at =inf, TrLoss=0.2276]
 Training FV-alpha-s3-t7:  82%|████████▏ | 41/50 [00:05<00:01,  8.31it/s, Saved at =inf, TrLoss=0.2264]
 Training FV-alpha-s3-t7:  84%|████████▍ | 42/50 [00:05<00:00,  8.31it/s, Saved at =inf, TrLoss=0.2264]
 Training FV-alpha-s3-t7:  84%|████████▍ | 42/50 [00:05<00:00,  8.31it/s, Saved at =inf, TrLoss=0.2382]
 Training FV-alpha-s3-t7:  86%|████████▌ | 43/50 [00:05<00:00,  8.31it/s, Saved at =inf, TrLoss=0.2382]
 Training FV-alpha-s3-t7:  86%|████████▌ | 43/50 [00:05<00:00,  8.31it/s, Saved at =inf, TrLoss=0.2261]
 Training FV-alpha-s3-t7:  88%|████████▊ | 44/50 [00:05<00:00,  8.31it/s, Saved at =inf, TrLoss=0.2261]
 Training FV-alpha-s3-t7:  88%|████████▊ | 44/50 [00:05<00:00,  8.31it/s, Saved at =inf, TrLoss=0.2251]
 Training FV-alpha-s3-t7:  90%|█████████ | 45/50 [00:05<00:00,  8.29it/s, Saved at =inf, TrLoss=0.2251]
 Training FV-alpha-s3-t7:  90%|█████████ | 45/50 [00:05<00:00,  8.29it/s, Saved at =inf, TrLoss=0.2192]
 Training FV-alpha-s3-t7:  92%|█████████▏| 46/50 [00:05<00:00,  8.29it/s, Saved at =inf, TrLoss=0.2192]
 Training FV-alpha-s3-t7:  92%|█████████▏| 46/50 [00:05<00:00,  8.29it/s, Saved at =inf, TrLoss=0.2184]
 Training FV-alpha-s3-t7:  94%|█████████▍| 47/50 [00:05<00:00,  8.29it/s, Saved at =inf, TrLoss=0.2184]
 Training FV-alpha-s3-t7:  94%|█████████▍| 47/50 [00:05<00:00,  8.29it/s, Saved at =inf, TrLoss=0.2204]
 Training FV-alpha-s3-t7:  96%|█████████▌| 48/50 [00:05<00:00,  8.30it/s, Saved at =inf, TrLoss=0.2204]
 Training FV-alpha-s3-t7:  96%|█████████▌| 48/50 [00:05<00:00,  8.30it/s, Saved at =inf, TrLoss=0.2140]
 Training FV-alpha-s3-t7:  98%|█████████▊| 49/50 [00:05<00:00,  8.30it/s, Saved at =inf, TrLoss=0.2140]
 Training FV-alpha-s3-t7:  98%|█████████▊| 49/50 [00:05<00:00,  8.30it/s, Saved at =inf, TrLoss=0.2133]
 Training FV-alpha-s3-t7: 100%|██████████| 50/50 [00:06<00:00,  8.31it/s, Saved at =inf, TrLoss=0.2133]
 Training FV-alpha-s3-t7: 100%|██████████| 50/50 [00:06<00:00,  8.30it/s, Saved at =inf, TrLoss=0.2133]

 Training FV-alpha-s3-t8:   0%|          | 0/50 [00:00<?, ?it/s]
 Training FV-alpha-s3-t8:   0%|          | 0/50 [00:00<?, ?it/s, Saved at =inf, TrLoss=0.7245]
 Training FV-alpha-s3-t8:   2%|▏         | 1/50 [00:00<00:07,  6.88it/s, Saved at =inf, TrLoss=0.7245]
 Training FV-alpha-s3-t8:   2%|▏         | 1/50 [00:00<00:07,  6.88it/s, Saved at =inf, TrLoss=0.8241]
 Training FV-alpha-s3-t8:   4%|▍         | 2/50 [00:00<00:06,  7.06it/s, Saved at =inf, TrLoss=0.8241]
 Training FV-alpha-s3-t8:   4%|▍         | 2/50 [00:00<00:06,  7.06it/s, Saved at =inf, TrLoss=0.6085]
 Training FV-alpha-s3-t8:   6%|▌         | 3/50 [00:00<00:07,  6.20it/s, Saved at =inf, TrLoss=0.6085]
 Training FV-alpha-s3-t8:   6%|▌         | 3/50 [00:00<00:07,  6.20it/s, Saved at =inf, TrLoss=0.6199]
 Training FV-alpha-s3-t8:   8%|▊         | 4/50 [00:00<00:07,  6.17it/s, Saved at =inf, TrLoss=0.6199]
 Training FV-alpha-s3-t8:   8%|▊         | 4/50 [00:00<00:07,  6.17it/s, Saved at =inf, TrLoss=0.5395]
 Training FV-alpha-s3-t8:  10%|█         | 5/50 [00:00<00:06,  6.51it/s, Saved at =inf, TrLoss=0.5395]
 Training FV-alpha-s3-t8:  10%|█         | 5/50 [00:00<00:06,  6.51it/s, Saved at =inf, TrLoss=0.5272]
 Training FV-alpha-s3-t8:  12%|█▏        | 6/50 [00:00<00:06,  6.73it/s, Saved at =inf, TrLoss=0.5272]
 Training FV-alpha-s3-t8:  12%|█▏        | 6/50 [00:01<00:06,  6.73it/s, Saved at =inf, TrLoss=0.5048]
 Training FV-alpha-s3-t8:  14%|█▍        | 7/50 [00:01<00:06,  6.88it/s, Saved at =inf, TrLoss=0.5048]
 Training FV-alpha-s3-t8:  14%|█▍        | 7/50 [00:01<00:06,  6.88it/s, Saved at =inf, TrLoss=0.4541]
 Training FV-alpha-s3-t8:  16%|█▌        | 8/50 [00:01<00:06,  6.99it/s, Saved at =inf, TrLoss=0.4541]
 Training FV-alpha-s3-t8:  16%|█▌        | 8/50 [00:01<00:06,  6.99it/s, Saved at =inf, TrLoss=0.4269]
 Training FV-alpha-s3-t8:  18%|█▊        | 9/50 [00:01<00:05,  7.06it/s, Saved at =inf, TrLoss=0.4269]
 Training FV-alpha-s3-t8:  18%|█▊        | 9/50 [00:01<00:05,  7.06it/s, Saved at =inf, TrLoss=0.4046]
 Training FV-alpha-s3-t8:  20%|██        | 10/50 [00:01<00:05,  6.91it/s, Saved at =inf, TrLoss=0.4046]
 Training FV-alpha-s3-t8:  20%|██        | 10/50 [00:01<00:05,  6.91it/s, Saved at =inf, TrLoss=0.3901]
 Training FV-alpha-s3-t8:  22%|██▏       | 11/50 [00:01<00:05,  6.57it/s, Saved at =inf, TrLoss=0.3901]
 Training FV-alpha-s3-t8:  22%|██▏       | 11/50 [00:01<00:05,  6.57it/s, Saved at =inf, TrLoss=0.3554]
 Training FV-alpha-s3-t8:  24%|██▍       | 12/50 [00:01<00:05,  6.74it/s, Saved at =inf, TrLoss=0.3554]
 Training FV-alpha-s3-t8:  24%|██▍       | 12/50 [00:01<00:05,  6.74it/s, Saved at =inf, TrLoss=0.3582]
 Training FV-alpha-s3-t8:  26%|██▌       | 13/50 [00:01<00:05,  6.88it/s, Saved at =inf, TrLoss=0.3582]
 Training FV-alpha-s3-t8:  26%|██▌       | 13/50 [00:02<00:05,  6.88it/s, Saved at =inf, TrLoss=0.3306]
 Training FV-alpha-s3-t8:  28%|██▊       | 14/50 [00:02<00:05,  6.98it/s, Saved at =inf, TrLoss=0.3306]
 Training FV-alpha-s3-t8:  28%|██▊       | 14/50 [00:02<00:05,  6.98it/s, Saved at =inf, TrLoss=0.3222]
 Training FV-alpha-s3-t8:  30%|███       | 15/50 [00:02<00:04,  7.05it/s, Saved at =inf, TrLoss=0.3222]
 Training FV-alpha-s3-t8:  30%|███       | 15/50 [00:02<00:04,  7.05it/s, Saved at =inf, TrLoss=0.3319]
 Training FV-alpha-s3-t8:  32%|███▏      | 16/50 [00:02<00:04,  7.10it/s, Saved at =inf, TrLoss=0.3319]
 Training FV-alpha-s3-t8:  32%|███▏      | 16/50 [00:02<00:04,  7.10it/s, Saved at =inf, TrLoss=0.3217]
 Training FV-alpha-s3-t8:  34%|███▍      | 17/50 [00:02<00:04,  7.14it/s, Saved at =inf, TrLoss=0.3217]
 Training FV-alpha-s3-t8:  34%|███▍      | 17/50 [00:02<00:04,  7.14it/s, Saved at =inf, TrLoss=0.3133]
 Training FV-alpha-s3-t8:  36%|███▌      | 18/50 [00:02<00:04,  7.16it/s, Saved at =inf, TrLoss=0.3133]
 Training FV-alpha-s3-t8:  36%|███▌      | 18/50 [00:02<00:04,  7.16it/s, Saved at =inf, TrLoss=0.3210]
 Training FV-alpha-s3-t8:  38%|███▊      | 19/50 [00:02<00:04,  7.17it/s, Saved at =inf, TrLoss=0.3210]
 Training FV-alpha-s3-t8:  38%|███▊      | 19/50 [00:02<00:04,  7.17it/s, Saved at =inf, TrLoss=0.2901]
 Training FV-alpha-s3-t8:  40%|████      | 20/50 [00:02<00:04,  7.18it/s, Saved at =inf, TrLoss=0.2901]
 Training FV-alpha-s3-t8:  40%|████      | 20/50 [00:02<00:04,  7.18it/s, Saved at =inf, TrLoss=0.2986]
 Training FV-alpha-s3-t8:  42%|████▏     | 21/50 [00:03<00:04,  7.19it/s, Saved at =inf, TrLoss=0.2986]
 Training FV-alpha-s3-t8:  42%|████▏     | 21/50 [00:03<00:04,  7.19it/s, Saved at =inf, TrLoss=0.2807]
 Training FV-alpha-s3-t8:  44%|████▍     | 22/50 [00:03<00:03,  7.20it/s, Saved at =inf, TrLoss=0.2807]
 Training FV-alpha-s3-t8:  44%|████▍     | 22/50 [00:03<00:03,  7.20it/s, Saved at =inf, TrLoss=0.2827]
 Training FV-alpha-s3-t8:  46%|████▌     | 23/50 [00:03<00:03,  7.21it/s, Saved at =inf, TrLoss=0.2827]
 Training FV-alpha-s3-t8:  46%|████▌     | 23/50 [00:03<00:03,  7.21it/s, Saved at =inf, TrLoss=0.2730]
 Training FV-alpha-s3-t8:  48%|████▊     | 24/50 [00:03<00:03,  7.21it/s, Saved at =inf, TrLoss=0.2730]
 Training FV-alpha-s3-t8:  48%|████▊     | 24/50 [00:03<00:03,  7.21it/s, Saved at =inf, TrLoss=0.2787]
 Training FV-alpha-s3-t8:  50%|█████     | 25/50 [00:03<00:03,  7.23it/s, Saved at =inf, TrLoss=0.2787]
 Training FV-alpha-s3-t8:  50%|█████     | 25/50 [00:03<00:03,  7.23it/s, Saved at =inf, TrLoss=0.2761]
 Training FV-alpha-s3-t8:  52%|█████▏    | 26/50 [00:03<00:03,  7.26it/s, Saved at =inf, TrLoss=0.2761]
 Training FV-alpha-s3-t8:  52%|█████▏    | 26/50 [00:03<00:03,  7.26it/s, Saved at =inf, TrLoss=0.2602]
 Training FV-alpha-s3-t8:  54%|█████▍    | 27/50 [00:03<00:03,  7.27it/s, Saved at =inf, TrLoss=0.2602]
 Training FV-alpha-s3-t8:  54%|█████▍    | 27/50 [00:03<00:03,  7.27it/s, Saved at =inf, TrLoss=0.2759]
 Training FV-alpha-s3-t8:  56%|█████▌    | 28/50 [00:03<00:03,  7.29it/s, Saved at =inf, TrLoss=0.2759]
 Training FV-alpha-s3-t8:  56%|█████▌    | 28/50 [00:04<00:03,  7.29it/s, Saved at =inf, TrLoss=0.2625]
 Training FV-alpha-s3-t8:  58%|█████▊    | 29/50 [00:04<00:02,  7.29it/s, Saved at =inf, TrLoss=0.2625]
 Training FV-alpha-s3-t8:  58%|█████▊    | 29/50 [00:04<00:02,  7.29it/s, Saved at =inf, TrLoss=0.2700]
 Training FV-alpha-s3-t8:  60%|██████    | 30/50 [00:04<00:02,  7.30it/s, Saved at =inf, TrLoss=0.2700]
 Training FV-alpha-s3-t8:  60%|██████    | 30/50 [00:04<00:02,  7.30it/s, Saved at =inf, TrLoss=0.2651]
 Training FV-alpha-s3-t8:  62%|██████▏   | 31/50 [00:04<00:02,  7.30it/s, Saved at =inf, TrLoss=0.2651]
 Training FV-alpha-s3-t8:  62%|██████▏   | 31/50 [00:04<00:02,  7.30it/s, Saved at =inf, TrLoss=0.2518]
 Training FV-alpha-s3-t8:  64%|██████▍   | 32/50 [00:04<00:02,  7.31it/s, Saved at =inf, TrLoss=0.2518]
 Training FV-alpha-s3-t8:  64%|██████▍   | 32/50 [00:04<00:02,  7.31it/s, Saved at =inf, TrLoss=0.2724]
 Training FV-alpha-s3-t8:  66%|██████▌   | 33/50 [00:04<00:02,  7.31it/s, Saved at =inf, TrLoss=0.2724]
 Training FV-alpha-s3-t8:  66%|██████▌   | 33/50 [00:04<00:02,  7.31it/s, Saved at =inf, TrLoss=0.2518]
 Training FV-alpha-s3-t8:  68%|██████▊   | 34/50 [00:04<00:02,  7.31it/s, Saved at =inf, TrLoss=0.2518]
 Training FV-alpha-s3-t8:  68%|██████▊   | 34/50 [00:04<00:02,  7.31it/s, Saved at =inf, TrLoss=0.2619]
 Training FV-alpha-s3-t8:  70%|███████   | 35/50 [00:04<00:02,  7.31it/s, Saved at =inf, TrLoss=0.2619]
 Training FV-alpha-s3-t8:  70%|███████   | 35/50 [00:05<00:02,  7.31it/s, Saved at =inf, TrLoss=0.2403]
 Training FV-alpha-s3-t8:  72%|███████▏  | 36/50 [00:05<00:01,  7.31it/s, Saved at =inf, TrLoss=0.2403]
 Training FV-alpha-s3-t8:  72%|███████▏  | 36/50 [00:05<00:01,  7.31it/s, Saved at =inf, TrLoss=0.2535]
 Training FV-alpha-s3-t8:  74%|███████▍  | 37/50 [00:05<00:01,  7.31it/s, Saved at =inf, TrLoss=0.2535]
 Training FV-alpha-s3-t8:  74%|███████▍  | 37/50 [00:05<00:01,  7.31it/s, Saved at =inf, TrLoss=0.2361]
 Training FV-alpha-s3-t8:  76%|███████▌  | 38/50 [00:05<00:01,  7.31it/s, Saved at =inf, TrLoss=0.2361]
 Training FV-alpha-s3-t8:  76%|███████▌  | 38/50 [00:05<00:01,  7.31it/s, Saved at =inf, TrLoss=0.2500]
 Training FV-alpha-s3-t8:  78%|███████▊  | 39/50 [00:05<00:01,  7.31it/s, Saved at =inf, TrLoss=0.2500]
 Training FV-alpha-s3-t8:  78%|███████▊  | 39/50 [00:05<00:01,  7.31it/s, Saved at =inf, TrLoss=0.2345]
 Training FV-alpha-s3-t8:  80%|████████  | 40/50 [00:05<00:01,  7.31it/s, Saved at =inf, TrLoss=0.2345]
 Training FV-alpha-s3-t8:  80%|████████  | 40/50 [00:05<00:01,  7.31it/s, Saved at =inf, TrLoss=0.2347]
 Training FV-alpha-s3-t8:  82%|████████▏ | 41/50 [00:05<00:01,  7.31it/s, Saved at =inf, TrLoss=0.2347]
 Training FV-alpha-s3-t8:  82%|████████▏ | 41/50 [00:05<00:01,  7.31it/s, Saved at =inf, TrLoss=0.2276]
 Training FV-alpha-s3-t8:  84%|████████▍ | 42/50 [00:05<00:01,  7.31it/s, Saved at =inf, TrLoss=0.2276]
 Training FV-alpha-s3-t8:  84%|████████▍ | 42/50 [00:06<00:01,  7.31it/s, Saved at =inf, TrLoss=0.2374]
 Training FV-alpha-s3-t8:  86%|████████▌ | 43/50 [00:06<00:00,  7.32it/s, Saved at =inf, TrLoss=0.2374]
 Training FV-alpha-s3-t8:  86%|████████▌ | 43/50 [00:06<00:00,  7.32it/s, Saved at =inf, TrLoss=0.2439]
 Training FV-alpha-s3-t8:  88%|████████▊ | 44/50 [00:06<00:00,  7.32it/s, Saved at =inf, TrLoss=0.2439]
 Training FV-alpha-s3-t8:  88%|████████▊ | 44/50 [00:06<00:00,  7.32it/s, Saved at =inf, TrLoss=0.2189]
 Training FV-alpha-s3-t8:  90%|█████████ | 45/50 [00:06<00:00,  7.32it/s, Saved at =inf, TrLoss=0.2189]
 Training FV-alpha-s3-t8:  90%|█████████ | 45/50 [00:06<00:00,  7.32it/s, Saved at =inf, TrLoss=0.2384]
 Training FV-alpha-s3-t8:  92%|█████████▏| 46/50 [00:06<00:00,  7.31it/s, Saved at =inf, TrLoss=0.2384]
 Training FV-alpha-s3-t8:  92%|█████████▏| 46/50 [00:06<00:00,  7.31it/s, Saved at =inf, TrLoss=0.2173]
 Training FV-alpha-s3-t8:  94%|█████████▍| 47/50 [00:06<00:00,  7.31it/s, Saved at =inf, TrLoss=0.2173]
 Training FV-alpha-s3-t8:  94%|█████████▍| 47/50 [00:06<00:00,  7.31it/s, Saved at =inf, TrLoss=0.2351]
 Training FV-alpha-s3-t8:  96%|█████████▌| 48/50 [00:06<00:00,  7.32it/s, Saved at =inf, TrLoss=0.2351]
 Training FV-alpha-s3-t8:  96%|█████████▌| 48/50 [00:06<00:00,  7.32it/s, Saved at =inf, TrLoss=0.2140]
 Training FV-alpha-s3-t8:  98%|█████████▊| 49/50 [00:06<00:00,  7.31it/s, Saved at =inf, TrLoss=0.2140]
 Training FV-alpha-s3-t8:  98%|█████████▊| 49/50 [00:06<00:00,  7.31it/s, Saved at =inf, TrLoss=0.2214]
 Training FV-alpha-s3-t8: 100%|██████████| 50/50 [00:07<00:00,  7.31it/s, Saved at =inf, TrLoss=0.2214]
 Training FV-alpha-s3-t8: 100%|██████████| 50/50 [00:07<00:00,  7.14it/s, Saved at =inf, TrLoss=0.2214]

 Training FV-alpha-s3-t9:   0%|          | 0/50 [00:00<?, ?it/s]
 Training FV-alpha-s3-t9:   0%|          | 0/50 [00:00<?, ?it/s, Saved at =inf, TrLoss=0.8637]
 Training FV-alpha-s3-t9:   2%|▏         | 1/50 [00:00<00:08,  5.99it/s, Saved at =inf, TrLoss=0.8637]
 Training FV-alpha-s3-t9:   2%|▏         | 1/50 [00:00<00:08,  5.99it/s, Saved at =inf, TrLoss=0.6701]
 Training FV-alpha-s3-t9:   4%|▍         | 2/50 [00:00<00:07,  6.17it/s, Saved at =inf, TrLoss=0.6701]
 Training FV-alpha-s3-t9:   4%|▍         | 2/50 [00:00<00:07,  6.17it/s, Saved at =inf, TrLoss=0.7044]
 Training FV-alpha-s3-t9:   6%|▌         | 3/50 [00:00<00:07,  6.23it/s, Saved at =inf, TrLoss=0.7044]
 Training FV-alpha-s3-t9:   6%|▌         | 3/50 [00:00<00:07,  6.23it/s, Saved at =inf, TrLoss=0.6319]
 Training FV-alpha-s3-t9:   8%|▊         | 4/50 [00:00<00:07,  6.25it/s, Saved at =inf, TrLoss=0.6319]
 Training FV-alpha-s3-t9:   8%|▊         | 4/50 [00:00<00:07,  6.25it/s, Saved at =inf, TrLoss=0.5814]
 Training FV-alpha-s3-t9:  10%|█         | 5/50 [00:00<00:07,  6.27it/s, Saved at =inf, TrLoss=0.5814]
 Training FV-alpha-s3-t9:  10%|█         | 5/50 [00:00<00:07,  6.27it/s, Saved at =inf, TrLoss=0.5308]
 Training FV-alpha-s3-t9:  12%|█▏        | 6/50 [00:00<00:07,  6.28it/s, Saved at =inf, TrLoss=0.5308]
 Training FV-alpha-s3-t9:  12%|█▏        | 6/50 [00:01<00:07,  6.28it/s, Saved at =inf, TrLoss=0.4793]
 Training FV-alpha-s3-t9:  14%|█▍        | 7/50 [00:01<00:06,  6.28it/s, Saved at =inf, TrLoss=0.4793]
 Training FV-alpha-s3-t9:  14%|█▍        | 7/50 [00:01<00:06,  6.28it/s, Saved at =inf, TrLoss=0.4445]
 Training FV-alpha-s3-t9:  16%|█▌        | 8/50 [00:01<00:06,  6.29it/s, Saved at =inf, TrLoss=0.4445]
 Training FV-alpha-s3-t9:  16%|█▌        | 8/50 [00:01<00:06,  6.29it/s, Saved at =inf, TrLoss=0.4161]
 Training FV-alpha-s3-t9:  18%|█▊        | 9/50 [00:01<00:06,  6.29it/s, Saved at =inf, TrLoss=0.4161]
 Training FV-alpha-s3-t9:  18%|█▊        | 9/50 [00:01<00:06,  6.29it/s, Saved at =inf, TrLoss=0.3904]
 Training FV-alpha-s3-t9:  20%|██        | 10/50 [00:01<00:06,  6.30it/s, Saved at =inf, TrLoss=0.3904]
 Training FV-alpha-s3-t9:  20%|██        | 10/50 [00:01<00:06,  6.30it/s, Saved at =inf, TrLoss=0.4019]
 Training FV-alpha-s3-t9:  22%|██▏       | 11/50 [00:01<00:06,  6.28it/s, Saved at =inf, TrLoss=0.4019]
 Training FV-alpha-s3-t9:  22%|██▏       | 11/50 [00:01<00:06,  6.28it/s, Saved at =inf, TrLoss=0.4322]
 Training FV-alpha-s3-t9:  24%|██▍       | 12/50 [00:01<00:06,  6.21it/s, Saved at =inf, TrLoss=0.4322]
 Training FV-alpha-s3-t9:  24%|██▍       | 12/50 [00:02<00:06,  6.21it/s, Saved at =inf, TrLoss=0.3461]
 Training FV-alpha-s3-t9:  26%|██▌       | 13/50 [00:02<00:05,  6.21it/s, Saved at =inf, TrLoss=0.3461]
 Training FV-alpha-s3-t9:  26%|██▌       | 13/50 [00:02<00:05,  6.21it/s, Saved at =inf, TrLoss=0.3920]
 Training FV-alpha-s3-t9:  28%|██▊       | 14/50 [00:02<00:05,  6.23it/s, Saved at =inf, TrLoss=0.3920]
 Training FV-alpha-s3-t9:  28%|██▊       | 14/50 [00:02<00:05,  6.23it/s, Saved at =inf, TrLoss=0.3404]
 Training FV-alpha-s3-t9:  30%|███       | 15/50 [00:02<00:05,  6.25it/s, Saved at =inf, TrLoss=0.3404]
 Training FV-alpha-s3-t9:  30%|███       | 15/50 [00:02<00:05,  6.25it/s, Saved at =inf, TrLoss=0.3789]
 Training FV-alpha-s3-t9:  32%|███▏      | 16/50 [00:02<00:05,  6.26it/s, Saved at =inf, TrLoss=0.3789]
 Training FV-alpha-s3-t9:  32%|███▏      | 16/50 [00:02<00:05,  6.26it/s, Saved at =inf, TrLoss=0.3243]
 Training FV-alpha-s3-t9:  34%|███▍      | 17/50 [00:02<00:05,  6.28it/s, Saved at =inf, TrLoss=0.3243]
 Training FV-alpha-s3-t9:  34%|███▍      | 17/50 [00:02<00:05,  6.28it/s, Saved at =inf, TrLoss=0.3704]
 Training FV-alpha-s3-t9:  36%|███▌      | 18/50 [00:02<00:05,  6.27it/s, Saved at =inf, TrLoss=0.3704]
 Training FV-alpha-s3-t9:  36%|███▌      | 18/50 [00:03<00:05,  6.27it/s, Saved at =inf, TrLoss=0.3245]
 Training FV-alpha-s3-t9:  38%|███▊      | 19/50 [00:03<00:05,  5.81it/s, Saved at =inf, TrLoss=0.3245]
 Training FV-alpha-s3-t9:  38%|███▊      | 19/50 [00:03<00:05,  5.81it/s, Saved at =inf, TrLoss=0.3330]
 Training FV-alpha-s3-t9:  40%|████      | 20/50 [00:03<00:05,  5.93it/s, Saved at =inf, TrLoss=0.3330]
 Training FV-alpha-s3-t9:  40%|████      | 20/50 [00:03<00:05,  5.93it/s, Saved at =inf, TrLoss=0.3315]
 Training FV-alpha-s3-t9:  42%|████▏     | 21/50 [00:03<00:04,  6.02it/s, Saved at =inf, TrLoss=0.3315]
 Training FV-alpha-s3-t9:  42%|████▏     | 21/50 [00:03<00:04,  6.02it/s, Saved at =inf, TrLoss=0.3003]
 Training FV-alpha-s3-t9:  44%|████▍     | 22/50 [00:03<00:04,  6.09it/s, Saved at =inf, TrLoss=0.3003]
 Training FV-alpha-s3-t9:  44%|████▍     | 22/50 [00:03<00:04,  6.09it/s, Saved at =inf, TrLoss=0.3228]
 Training FV-alpha-s3-t9:  46%|████▌     | 23/50 [00:03<00:04,  6.14it/s, Saved at =inf, TrLoss=0.3228]
 Training FV-alpha-s3-t9:  46%|████▌     | 23/50 [00:03<00:04,  6.14it/s, Saved at =inf, TrLoss=0.3000]
 Training FV-alpha-s3-t9:  48%|████▊     | 24/50 [00:03<00:04,  6.17it/s, Saved at =inf, TrLoss=0.3000]
 Training FV-alpha-s3-t9:  48%|████▊     | 24/50 [00:03<00:04,  6.17it/s, Saved at =inf, TrLoss=0.2872]
 Training FV-alpha-s3-t9:  50%|█████     | 25/50 [00:04<00:04,  6.20it/s, Saved at =inf, TrLoss=0.2872]
 Training FV-alpha-s3-t9:  50%|█████     | 25/50 [00:04<00:04,  6.20it/s, Saved at =inf, TrLoss=0.2962]
 Training FV-alpha-s3-t9:  52%|█████▏    | 26/50 [00:04<00:03,  6.21it/s, Saved at =inf, TrLoss=0.2962]
 Training FV-alpha-s3-t9:  52%|█████▏    | 26/50 [00:04<00:03,  6.21it/s, Saved at =inf, TrLoss=0.2767]
 Training FV-alpha-s3-t9:  54%|█████▍    | 27/50 [00:04<00:03,  6.23it/s, Saved at =inf, TrLoss=0.2767]
 Training FV-alpha-s3-t9:  54%|█████▍    | 27/50 [00:04<00:03,  6.23it/s, Saved at =inf, TrLoss=0.2967]
 Training FV-alpha-s3-t9:  56%|█████▌    | 28/50 [00:04<00:03,  6.23it/s, Saved at =inf, TrLoss=0.2967]
 Training FV-alpha-s3-t9:  56%|█████▌    | 28/50 [00:04<00:03,  6.23it/s, Saved at =inf, TrLoss=0.2779]
 Training FV-alpha-s3-t9:  58%|█████▊    | 29/50 [00:04<00:03,  6.24it/s, Saved at =inf, TrLoss=0.2779]
 Training FV-alpha-s3-t9:  58%|█████▊    | 29/50 [00:04<00:03,  6.24it/s, Saved at =inf, TrLoss=0.2884]
 Training FV-alpha-s3-t9:  60%|██████    | 30/50 [00:04<00:03,  6.25it/s, Saved at =inf, TrLoss=0.2884]
 Training FV-alpha-s3-t9:  60%|██████    | 30/50 [00:04<00:03,  6.25it/s, Saved at =inf, TrLoss=0.2670]
 Training FV-alpha-s3-t9:  62%|██████▏   | 31/50 [00:04<00:03,  6.25it/s, Saved at =inf, TrLoss=0.2670]
 Training FV-alpha-s3-t9:  62%|██████▏   | 31/50 [00:05<00:03,  6.25it/s, Saved at =inf, TrLoss=0.2778]
 Training FV-alpha-s3-t9:  64%|██████▍   | 32/50 [00:05<00:02,  6.25it/s, Saved at =inf, TrLoss=0.2778]
 Training FV-alpha-s3-t9:  64%|██████▍   | 32/50 [00:05<00:02,  6.25it/s, Saved at =inf, TrLoss=0.2656]
 Training FV-alpha-s3-t9:  66%|██████▌   | 33/50 [00:05<00:02,  6.25it/s, Saved at =inf, TrLoss=0.2656]
 Training FV-alpha-s3-t9:  66%|██████▌   | 33/50 [00:05<00:02,  6.25it/s, Saved at =inf, TrLoss=0.2691]
 Training FV-alpha-s3-t9:  68%|██████▊   | 34/50 [00:05<00:02,  6.25it/s, Saved at =inf, TrLoss=0.2691]
 Training FV-alpha-s3-t9:  68%|██████▊   | 34/50 [00:05<00:02,  6.25it/s, Saved at =inf, TrLoss=0.2713]
 Training FV-alpha-s3-t9:  70%|███████   | 35/50 [00:05<00:02,  6.25it/s, Saved at =inf, TrLoss=0.2713]
 Training FV-alpha-s3-t9:  70%|███████   | 35/50 [00:05<00:02,  6.25it/s, Saved at =inf, TrLoss=0.2523]
 Training FV-alpha-s3-t9:  72%|███████▏  | 36/50 [00:05<00:02,  6.25it/s, Saved at =inf, TrLoss=0.2523]
 Training FV-alpha-s3-t9:  72%|███████▏  | 36/50 [00:05<00:02,  6.25it/s, Saved at =inf, TrLoss=0.2524]
 Training FV-alpha-s3-t9:  74%|███████▍  | 37/50 [00:05<00:02,  6.24it/s, Saved at =inf, TrLoss=0.2524]
 Training FV-alpha-s3-t9:  74%|███████▍  | 37/50 [00:06<00:02,  6.24it/s, Saved at =inf, TrLoss=0.2446]
 Training FV-alpha-s3-t9:  76%|███████▌  | 38/50 [00:06<00:01,  6.24it/s, Saved at =inf, TrLoss=0.2446]
 Training FV-alpha-s3-t9:  76%|███████▌  | 38/50 [00:06<00:01,  6.24it/s, Saved at =inf, TrLoss=0.2467]
 Training FV-alpha-s3-t9:  78%|███████▊  | 39/50 [00:06<00:01,  6.25it/s, Saved at =inf, TrLoss=0.2467]
 Training FV-alpha-s3-t9:  78%|███████▊  | 39/50 [00:06<00:01,  6.25it/s, Saved at =inf, TrLoss=0.2431]
 Training FV-alpha-s3-t9:  80%|████████  | 40/50 [00:06<00:01,  6.25it/s, Saved at =inf, TrLoss=0.2431]
 Training FV-alpha-s3-t9:  80%|████████  | 40/50 [00:06<00:01,  6.25it/s, Saved at =inf, TrLoss=0.2364]
 Training FV-alpha-s3-t9:  82%|████████▏ | 41/50 [00:06<00:01,  6.22it/s, Saved at =inf, TrLoss=0.2364]
 Training FV-alpha-s3-t9:  82%|████████▏ | 41/50 [00:06<00:01,  6.22it/s, Saved at =inf, TrLoss=0.2360]
 Training FV-alpha-s3-t9:  84%|████████▍ | 42/50 [00:06<00:01,  6.23it/s, Saved at =inf, TrLoss=0.2360]
 Training FV-alpha-s3-t9:  84%|████████▍ | 42/50 [00:06<00:01,  6.23it/s, Saved at =inf, TrLoss=0.2434]
 Training FV-alpha-s3-t9:  86%|████████▌ | 43/50 [00:06<00:01,  6.24it/s, Saved at =inf, TrLoss=0.2434]
 Training FV-alpha-s3-t9:  86%|████████▌ | 43/50 [00:07<00:01,  6.24it/s, Saved at =inf, TrLoss=0.2500]
 Training FV-alpha-s3-t9:  88%|████████▊ | 44/50 [00:07<00:00,  6.23it/s, Saved at =inf, TrLoss=0.2500]
 Training FV-alpha-s3-t9:  88%|████████▊ | 44/50 [00:07<00:00,  6.23it/s, Saved at =inf, TrLoss=0.2315]
 Training FV-alpha-s3-t9:  90%|█████████ | 45/50 [00:07<00:00,  6.23it/s, Saved at =inf, TrLoss=0.2315]
 Training FV-alpha-s3-t9:  90%|█████████ | 45/50 [00:07<00:00,  6.23it/s, Saved at =inf, TrLoss=0.2419]
 Training FV-alpha-s3-t9:  92%|█████████▏| 46/50 [00:07<00:00,  6.24it/s, Saved at =inf, TrLoss=0.2419]
 Training FV-alpha-s3-t9:  92%|█████████▏| 46/50 [00:07<00:00,  6.24it/s, Saved at =inf, TrLoss=0.2319]
 Training FV-alpha-s3-t9:  94%|█████████▍| 47/50 [00:07<00:00,  6.26it/s, Saved at =inf, TrLoss=0.2319]
 Training FV-alpha-s3-t9:  94%|█████████▍| 47/50 [00:07<00:00,  6.26it/s, Saved at =inf, TrLoss=0.2351]
 Training FV-alpha-s3-t9:  96%|█████████▌| 48/50 [00:07<00:00,  6.27it/s, Saved at =inf, TrLoss=0.2351]
 Training FV-alpha-s3-t9:  96%|█████████▌| 48/50 [00:07<00:00,  6.27it/s, Saved at =inf, TrLoss=0.2286]
 Training FV-alpha-s3-t9:  98%|█████████▊| 49/50 [00:07<00:00,  6.27it/s, Saved at =inf, TrLoss=0.2286]
 Training FV-alpha-s3-t9:  98%|█████████▊| 49/50 [00:07<00:00,  6.27it/s, Saved at =inf, TrLoss=0.2225]
 Training FV-alpha-s3-t9: 100%|██████████| 50/50 [00:08<00:00,  6.28it/s, Saved at =inf, TrLoss=0.2225]
 Training FV-alpha-s3-t9: 100%|██████████| 50/50 [00:08<00:00,  6.22it/s, Saved at =inf, TrLoss=0.2225]

 Training ATK-alpha-s3-t7:   0%|          | 0/50 [00:00<?, ?it/s]
 Training ATK-alpha-s3-t7:   0%|          | 0/50 [00:00<?, ?it/s, Saved at =inf, TrLoss=0.8055]
 Training ATK-alpha-s3-t7:   2%|▏         | 1/50 [00:00<00:06,  7.92it/s, Saved at =inf, TrLoss=0.8055]
 Training ATK-alpha-s3-t7:   2%|▏         | 1/50 [00:00<00:06,  7.92it/s, Saved at =inf, TrLoss=0.9069]
 Training ATK-alpha-s3-t7:   4%|▍         | 2/50 [00:00<00:05,  8.15it/s, Saved at =inf, TrLoss=0.9069]
 Training ATK-alpha-s3-t7:   4%|▍         | 2/50 [00:00<00:05,  8.15it/s, Saved at =inf, TrLoss=0.6068]
 Training ATK-alpha-s3-t7:   6%|▌         | 3/50 [00:00<00:05,  8.24it/s, Saved at =inf, TrLoss=0.6068]
 Training ATK-alpha-s3-t7:   6%|▌         | 3/50 [00:00<00:05,  8.24it/s, Saved at =inf, TrLoss=0.6387]
 Training ATK-alpha-s3-t7:   8%|▊         | 4/50 [00:00<00:05,  8.28it/s, Saved at =inf, TrLoss=0.6387]
 Training ATK-alpha-s3-t7:   8%|▊         | 4/50 [00:00<00:05,  8.28it/s, Saved at =inf, TrLoss=0.5821]
 Training ATK-alpha-s3-t7:  10%|█         | 5/50 [00:00<00:05,  8.31it/s, Saved at =inf, TrLoss=0.5821]
 Training ATK-alpha-s3-t7:  10%|█         | 5/50 [00:00<00:05,  8.31it/s, Saved at =inf, TrLoss=0.5705]
 Training ATK-alpha-s3-t7:  12%|█▏        | 6/50 [00:00<00:05,  8.33it/s, Saved at =inf, TrLoss=0.5705]
 Training ATK-alpha-s3-t7:  12%|█▏        | 6/50 [00:00<00:05,  8.33it/s, Saved at =inf, TrLoss=0.5513]
 Training ATK-alpha-s3-t7:  14%|█▍        | 7/50 [00:00<00:05,  8.34it/s, Saved at =inf, TrLoss=0.5513]
 Training ATK-alpha-s3-t7:  14%|█▍        | 7/50 [00:00<00:05,  8.34it/s, Saved at =inf, TrLoss=0.5259]
 Training ATK-alpha-s3-t7:  16%|█▌        | 8/50 [00:00<00:05,  8.35it/s, Saved at =inf, TrLoss=0.5259]
 Training ATK-alpha-s3-t7:  16%|█▌        | 8/50 [00:01<00:05,  8.35it/s, Saved at =inf, TrLoss=0.5258]
 Training ATK-alpha-s3-t7:  18%|█▊        | 9/50 [00:01<00:04,  8.35it/s, Saved at =inf, TrLoss=0.5258]
 Training ATK-alpha-s3-t7:  18%|█▊        | 9/50 [00:01<00:04,  8.35it/s, Saved at =inf, TrLoss=0.5027]
 Training ATK-alpha-s3-t7:  20%|██        | 10/50 [00:01<00:04,  8.35it/s, Saved at =inf, TrLoss=0.5027]
 Training ATK-alpha-s3-t7:  20%|██        | 10/50 [00:01<00:04,  8.35it/s, Saved at =inf, TrLoss=0.4903]
 Training ATK-alpha-s3-t7:  22%|██▏       | 11/50 [00:01<00:04,  8.34it/s, Saved at =inf, TrLoss=0.4903]
 Training ATK-alpha-s3-t7:  22%|██▏       | 11/50 [00:01<00:04,  8.34it/s, Saved at =inf, TrLoss=0.4657]
 Training ATK-alpha-s3-t7:  24%|██▍       | 12/50 [00:01<00:04,  8.35it/s, Saved at =inf, TrLoss=0.4657]
 Training ATK-alpha-s3-t7:  24%|██▍       | 12/50 [00:01<00:04,  8.35it/s, Saved at =inf, TrLoss=0.4485]
 Training ATK-alpha-s3-t7:  26%|██▌       | 13/50 [00:01<00:04,  8.35it/s, Saved at =inf, TrLoss=0.4485]
 Training ATK-alpha-s3-t7:  26%|██▌       | 13/50 [00:01<00:04,  8.35it/s, Saved at =inf, TrLoss=0.4256]
 Training ATK-alpha-s3-t7:  28%|██▊       | 14/50 [00:01<00:04,  8.35it/s, Saved at =inf, TrLoss=0.4256]
 Training ATK-alpha-s3-t7:  28%|██▊       | 14/50 [00:01<00:04,  8.35it/s, Saved at =inf, TrLoss=0.3988]
 Training ATK-alpha-s3-t7:  30%|███       | 15/50 [00:01<00:04,  8.36it/s, Saved at =inf, TrLoss=0.3988]
 Training ATK-alpha-s3-t7:  30%|███       | 15/50 [00:01<00:04,  8.36it/s, Saved at =inf, TrLoss=0.3827]
 Training ATK-alpha-s3-t7:  32%|███▏      | 16/50 [00:01<00:04,  8.36it/s, Saved at =inf, TrLoss=0.3827]
 Training ATK-alpha-s3-t7:  32%|███▏      | 16/50 [00:02<00:04,  8.36it/s, Saved at =inf, TrLoss=0.3586]
 Training ATK-alpha-s3-t7:  34%|███▍      | 17/50 [00:02<00:03,  8.35it/s, Saved at =inf, TrLoss=0.3586]
 Training ATK-alpha-s3-t7:  34%|███▍      | 17/50 [00:02<00:03,  8.35it/s, Saved at =inf, TrLoss=0.3418]
 Training ATK-alpha-s3-t7:  36%|███▌      | 18/50 [00:02<00:04,  7.23it/s, Saved at =inf, TrLoss=0.3418]
 Training ATK-alpha-s3-t7:  36%|███▌      | 18/50 [00:02<00:04,  7.23it/s, Saved at =inf, TrLoss=0.3488]
 Training ATK-alpha-s3-t7:  38%|███▊      | 19/50 [00:02<00:04,  7.33it/s, Saved at =inf, TrLoss=0.3488]
 Training ATK-alpha-s3-t7:  38%|███▊      | 19/50 [00:02<00:04,  7.33it/s, Saved at =inf, TrLoss=0.3451]
 Training ATK-alpha-s3-t7:  40%|████      | 20/50 [00:02<00:03,  7.58it/s, Saved at =inf, TrLoss=0.3451]
 Training ATK-alpha-s3-t7:  40%|████      | 20/50 [00:02<00:03,  7.58it/s, Saved at =inf, TrLoss=0.3056]
 Training ATK-alpha-s3-t7:  42%|████▏     | 21/50 [00:02<00:03,  7.77it/s, Saved at =inf, TrLoss=0.3056]
 Training ATK-alpha-s3-t7:  42%|████▏     | 21/50 [00:02<00:03,  7.77it/s, Saved at =inf, TrLoss=0.3077]
 Training ATK-alpha-s3-t7:  44%|████▍     | 22/50 [00:02<00:03,  7.92it/s, Saved at =inf, TrLoss=0.3077]
 Training ATK-alpha-s3-t7:  44%|████▍     | 22/50 [00:02<00:03,  7.92it/s, Saved at =inf, TrLoss=0.3243]
 Training ATK-alpha-s3-t7:  46%|████▌     | 23/50 [00:02<00:03,  8.03it/s, Saved at =inf, TrLoss=0.3243]
 Training ATK-alpha-s3-t7:  46%|████▌     | 23/50 [00:02<00:03,  8.03it/s, Saved at =inf, TrLoss=0.2851]
 Training ATK-alpha-s3-t7:  48%|████▊     | 24/50 [00:02<00:03,  8.09it/s, Saved at =inf, TrLoss=0.2851]
 Training ATK-alpha-s3-t7:  48%|████▊     | 24/50 [00:03<00:03,  8.09it/s, Saved at =inf, TrLoss=0.2658]
 Training ATK-alpha-s3-t7:  50%|█████     | 25/50 [00:03<00:03,  8.14it/s, Saved at =inf, TrLoss=0.2658]
 Training ATK-alpha-s3-t7:  50%|█████     | 25/50 [00:03<00:03,  8.14it/s, Saved at =inf, TrLoss=0.2721]
 Training ATK-alpha-s3-t7:  52%|█████▏    | 26/50 [00:03<00:02,  8.17it/s, Saved at =inf, TrLoss=0.2721]
 Training ATK-alpha-s3-t7:  52%|█████▏    | 26/50 [00:03<00:02,  8.17it/s, Saved at =inf, TrLoss=0.2572]
 Training ATK-alpha-s3-t7:  54%|█████▍    | 27/50 [00:03<00:02,  7.87it/s, Saved at =inf, TrLoss=0.2572]
 Training ATK-alpha-s3-t7:  54%|█████▍    | 27/50 [00:03<00:02,  7.87it/s, Saved at =inf, TrLoss=0.2512]
 Training ATK-alpha-s3-t7:  56%|█████▌    | 28/50 [00:03<00:03,  7.00it/s, Saved at =inf, TrLoss=0.2512]
 Training ATK-alpha-s3-t7:  56%|█████▌    | 28/50 [00:03<00:03,  7.00it/s, Saved at =inf, TrLoss=0.2562]
 Training ATK-alpha-s3-t7:  58%|█████▊    | 29/50 [00:03<00:02,  7.34it/s, Saved at =inf, TrLoss=0.2562]
 Training ATK-alpha-s3-t7:  58%|█████▊    | 29/50 [00:03<00:02,  7.34it/s, Saved at =inf, TrLoss=0.2550]
 Training ATK-alpha-s3-t7:  60%|██████    | 30/50 [00:03<00:02,  7.60it/s, Saved at =inf, TrLoss=0.2550]
 Training ATK-alpha-s3-t7:  60%|██████    | 30/50 [00:03<00:02,  7.60it/s, Saved at =inf, TrLoss=0.2445]
 Training ATK-alpha-s3-t7:  62%|██████▏   | 31/50 [00:03<00:02,  7.81it/s, Saved at =inf, TrLoss=0.2445]
 Training ATK-alpha-s3-t7:  62%|██████▏   | 31/50 [00:03<00:02,  7.81it/s, Saved at =inf, TrLoss=0.2547]
 Training ATK-alpha-s3-t7:  64%|██████▍   | 32/50 [00:04<00:02,  7.96it/s, Saved at =inf, TrLoss=0.2547]
 Training ATK-alpha-s3-t7:  64%|██████▍   | 32/50 [00:04<00:02,  7.96it/s, Saved at =inf, TrLoss=0.2528]
 Training ATK-alpha-s3-t7:  66%|██████▌   | 33/50 [00:04<00:02,  8.08it/s, Saved at =inf, TrLoss=0.2528]
 Training ATK-alpha-s3-t7:  66%|██████▌   | 33/50 [00:04<00:02,  8.08it/s, Saved at =inf, TrLoss=0.2477]
 Training ATK-alpha-s3-t7:  68%|██████▊   | 34/50 [00:04<00:01,  8.16it/s, Saved at =inf, TrLoss=0.2477]
 Training ATK-alpha-s3-t7:  68%|██████▊   | 34/50 [00:04<00:01,  8.16it/s, Saved at =inf, TrLoss=0.2422]
 Training ATK-alpha-s3-t7:  70%|███████   | 35/50 [00:04<00:01,  8.21it/s, Saved at =inf, TrLoss=0.2422]
 Training ATK-alpha-s3-t7:  70%|███████   | 35/50 [00:04<00:01,  8.21it/s, Saved at =inf, TrLoss=0.2363]
 Training ATK-alpha-s3-t7:  72%|███████▏  | 36/50 [00:04<00:01,  8.25it/s, Saved at =inf, TrLoss=0.2363]
 Training ATK-alpha-s3-t7:  72%|███████▏  | 36/50 [00:04<00:01,  8.25it/s, Saved at =inf, TrLoss=0.2297]
 Training ATK-alpha-s3-t7:  74%|███████▍  | 37/50 [00:04<00:01,  8.28it/s, Saved at =inf, TrLoss=0.2297]
 Training ATK-alpha-s3-t7:  74%|███████▍  | 37/50 [00:04<00:01,  8.28it/s, Saved at =inf, TrLoss=0.2334]
 Training ATK-alpha-s3-t7:  76%|███████▌  | 38/50 [00:04<00:01,  8.30it/s, Saved at =inf, TrLoss=0.2334]
 Training ATK-alpha-s3-t7:  76%|███████▌  | 38/50 [00:04<00:01,  8.30it/s, Saved at =inf, TrLoss=0.2294]
 Training ATK-alpha-s3-t7:  78%|███████▊  | 39/50 [00:04<00:01,  8.32it/s, Saved at =inf, TrLoss=0.2294]
 Training ATK-alpha-s3-t7:  78%|███████▊  | 39/50 [00:04<00:01,  8.32it/s, Saved at =inf, TrLoss=0.2385]
 Training ATK-alpha-s3-t7:  80%|████████  | 40/50 [00:04<00:01,  8.33it/s, Saved at =inf, TrLoss=0.2385]
 Training ATK-alpha-s3-t7:  80%|████████  | 40/50 [00:05<00:01,  8.33it/s, Saved at =inf, TrLoss=0.2276]
 Training ATK-alpha-s3-t7:  82%|████████▏ | 41/50 [00:05<00:01,  8.34it/s, Saved at =inf, TrLoss=0.2276]
 Training ATK-alpha-s3-t7:  82%|████████▏ | 41/50 [00:05<00:01,  8.34it/s, Saved at =inf, TrLoss=0.2264]
 Training ATK-alpha-s3-t7:  84%|████████▍ | 42/50 [00:05<00:00,  8.34it/s, Saved at =inf, TrLoss=0.2264]
 Training ATK-alpha-s3-t7:  84%|████████▍ | 42/50 [00:05<00:00,  8.34it/s, Saved at =inf, TrLoss=0.2382]
 Training ATK-alpha-s3-t7:  86%|████████▌ | 43/50 [00:05<00:00,  8.35it/s, Saved at =inf, TrLoss=0.2382]
 Training ATK-alpha-s3-t7:  86%|████████▌ | 43/50 [00:05<00:00,  8.35it/s, Saved at =inf, TrLoss=0.2261]
 Training ATK-alpha-s3-t7:  88%|████████▊ | 44/50 [00:05<00:00,  8.35it/s, Saved at =inf, TrLoss=0.2261]
 Training ATK-alpha-s3-t7:  88%|████████▊ | 44/50 [00:05<00:00,  8.35it/s, Saved at =inf, TrLoss=0.2251]
 Training ATK-alpha-s3-t7:  90%|█████████ | 45/50 [00:05<00:00,  8.35it/s, Saved at =inf, TrLoss=0.2251]
 Training ATK-alpha-s3-t7:  90%|█████████ | 45/50 [00:05<00:00,  8.35it/s, Saved at =inf, TrLoss=0.2191]
 Training ATK-alpha-s3-t7:  92%|█████████▏| 46/50 [00:05<00:00,  8.36it/s, Saved at =inf, TrLoss=0.2191]
 Training ATK-alpha-s3-t7:  92%|█████████▏| 46/50 [00:05<00:00,  8.36it/s, Saved at =inf, TrLoss=0.2184]
 Training ATK-alpha-s3-t7:  94%|█████████▍| 47/50 [00:05<00:00,  8.36it/s, Saved at =inf, TrLoss=0.2184]
 Training ATK-alpha-s3-t7:  94%|█████████▍| 47/50 [00:05<00:00,  8.36it/s, Saved at =inf, TrLoss=0.2205]
 Training ATK-alpha-s3-t7:  96%|█████████▌| 48/50 [00:05<00:00,  8.36it/s, Saved at =inf, TrLoss=0.2205]
 Training ATK-alpha-s3-t7:  96%|█████████▌| 48/50 [00:05<00:00,  8.36it/s, Saved at =inf, TrLoss=0.2139]
 Training ATK-alpha-s3-t7:  98%|█████████▊| 49/50 [00:06<00:00,  8.36it/s, Saved at =inf, TrLoss=0.2139]
 Training ATK-alpha-s3-t7:  98%|█████████▊| 49/50 [00:06<00:00,  8.36it/s, Saved at =inf, TrLoss=0.2132]
 Training ATK-alpha-s3-t7: 100%|██████████| 50/50 [00:06<00:00,  8.36it/s, Saved at =inf, TrLoss=0.2132]
 Training ATK-alpha-s3-t7: 100%|██████████| 50/50 [00:06<00:00,  8.12it/s, Saved at =inf, TrLoss=0.2132]
[15:32:51]   MCC=0.359±0.067, AUC=0.757±0.068, BAcc=0.664±0.047
[15:35:03]   [alpha s3] 500/2182 candidates scanned, 491 eligible
[15:37:15]   [alpha s3] 1000/2182 candidates scanned, 978 eligible
[15:39:31]   [alpha s3] 1500/2182 candidates scanned, 1470 eligible
[15:41:54]   [alpha s3] 2000/2182 candidates scanned, 1949 eligible
[15:41:59]   alpha seed 3: n=1965 AUC=0.757 | flip% random total/prop 6.7/4.0 | optimized 31.4/17.3 | 9.9 min
[15:42:00] Training GDTE on alpha (seed=4)...

 Training FV-alpha-s4-t2:   0%|          | 0/50 [00:00<?, ?it/s]
 Training FV-alpha-s4-t2:   0%|          | 0/50 [00:00<?, ?it/s, Saved at =inf, TrLoss=0.6595]
 Training FV-alpha-s4-t2:   0%|          | 0/50 [00:00<?, ?it/s, Saved at =inf, TrLoss=0.5492]
 Training FV-alpha-s4-t2:   0%|          | 0/50 [00:00<?, ?it/s, Saved at =inf, TrLoss=0.6609]
 Training FV-alpha-s4-t2:   6%|▌         | 3/50 [00:00<00:02, 21.89it/s, Saved at =inf, TrLoss=0.6609]
 Training FV-alpha-s4-t2:   6%|▌         | 3/50 [00:00<00:02, 21.89it/s, Saved at =inf, TrLoss=0.3250]
 Training FV-alpha-s4-t2:   6%|▌         | 3/50 [00:00<00:02, 21.89it/s, Saved at =inf, TrLoss=0.2787]
 Training FV-alpha-s4-t2:   6%|▌         | 3/50 [00:00<00:02, 21.89it/s, Saved at =inf, TrLoss=0.3250]
 Training FV-alpha-s4-t2:  12%|█▏        | 6/50 [00:00<00:02, 20.37it/s, Saved at =inf, TrLoss=0.3250]
 Training FV-alpha-s4-t2:  12%|█▏        | 6/50 [00:00<00:02, 20.37it/s, Saved at =inf, TrLoss=0.2514]
 Training FV-alpha-s4-t2:  12%|█▏        | 6/50 [00:00<00:02, 20.37it/s, Saved at =inf, TrLoss=0.2496]
 Training FV-alpha-s4-t2:  12%|█▏        | 6/50 [00:00<00:02, 20.37it/s, Saved at =inf, TrLoss=0.2672]
 Training FV-alpha-s4-t2:  18%|█▊        | 9/50 [00:00<00:02, 18.80it/s, Saved at =inf, TrLoss=0.2672]
 Training FV-alpha-s4-t2:  18%|█▊        | 9/50 [00:00<00:02, 18.80it/s, Saved at =inf, TrLoss=0.2328]
 Training FV-alpha-s4-t2:  18%|█▊        | 9/50 [00:00<00:02, 18.80it/s, Saved at =inf, TrLoss=0.1912]
 Training FV-alpha-s4-t2:  22%|██▏       | 11/50 [00:00<00:02, 16.55it/s, Saved at =inf, TrLoss=0.1912]
 Training FV-alpha-s4-t2:  22%|██▏       | 11/50 [00:00<00:02, 16.55it/s, Saved at =inf, TrLoss=0.1688]
 Training FV-alpha-s4-t2:  22%|██▏       | 11/50 [00:00<00:02, 16.55it/s, Saved at =inf, TrLoss=0.1469]
 Training FV-alpha-s4-t2:  26%|██▌       | 13/50 [00:00<00:02, 15.72it/s, Saved at =inf, TrLoss=0.1469]
 Training FV-alpha-s4-t2:  26%|██▌       | 13/50 [00:00<00:02, 15.72it/s, Saved at =inf, TrLoss=0.1607]
 Training FV-alpha-s4-t2:  26%|██▌       | 13/50 [00:00<00:02, 15.72it/s, Saved at =inf, TrLoss=0.1468]
 Training FV-alpha-s4-t2:  30%|███       | 15/50 [00:00<00:02, 15.00it/s, Saved at =inf, TrLoss=0.1468]
 Training FV-alpha-s4-t2:  30%|███       | 15/50 [00:00<00:02, 15.00it/s, Saved at =inf, TrLoss=0.1635]
 Training FV-alpha-s4-t2:  30%|███       | 15/50 [00:00<00:02, 15.00it/s, Saved at =inf, TrLoss=0.1337]
 Training FV-alpha-s4-t2:  34%|███▍      | 17/50 [00:01<00:02, 16.16it/s, Saved at =inf, TrLoss=0.1337]
 Training FV-alpha-s4-t2:  34%|███▍      | 17/50 [00:01<00:02, 16.16it/s, Saved at =inf, TrLoss=0.1391]
 Training FV-alpha-s4-t2:  34%|███▍      | 17/50 [00:01<00:02, 16.16it/s, Saved at =inf, TrLoss=0.1489]
 Training FV-alpha-s4-t2:  34%|███▍      | 17/50 [00:01<00:02, 16.16it/s, Saved at =inf, TrLoss=0.1465]
 Training FV-alpha-s4-t2:  40%|████      | 20/50 [00:01<00:01, 18.13it/s, Saved at =inf, TrLoss=0.1465]
 Training FV-alpha-s4-t2:  40%|████      | 20/50 [00:01<00:01, 18.13it/s, Saved at =inf, TrLoss=0.1321]
 Training FV-alpha-s4-t2:  40%|████      | 20/50 [00:01<00:01, 18.13it/s, Saved at =inf, TrLoss=0.1277]
 Training FV-alpha-s4-t2:  40%|████      | 20/50 [00:01<00:01, 18.13it/s, Saved at =inf, TrLoss=0.1146]
 Training FV-alpha-s4-t2:  46%|████▌     | 23/50 [00:01<00:01, 19.45it/s, Saved at =inf, TrLoss=0.1146]
 Training FV-alpha-s4-t2:  46%|████▌     | 23/50 [00:01<00:01, 19.45it/s, Saved at =inf, TrLoss=0.1058]
 Training FV-alpha-s4-t2:  46%|████▌     | 23/50 [00:01<00:01, 19.45it/s, Saved at =inf, TrLoss=0.1205]
 Training FV-alpha-s4-t2:  50%|█████     | 25/50 [00:01<00:01, 19.49it/s, Saved at =inf, TrLoss=0.1205]
 Training FV-alpha-s4-t2:  50%|█████     | 25/50 [00:01<00:01, 19.49it/s, Saved at =inf, TrLoss=0.1323]
 Training FV-alpha-s4-t2:  50%|█████     | 25/50 [00:01<00:01, 19.49it/s, Saved at =inf, TrLoss=0.1153]
 Training FV-alpha-s4-t2:  54%|█████▍    | 27/50 [00:01<00:01, 19.34it/s, Saved at =inf, TrLoss=0.1153]
 Training FV-alpha-s4-t2:  54%|█████▍    | 27/50 [00:01<00:01, 19.34it/s, Saved at =inf, TrLoss=0.1115]
 Training FV-alpha-s4-t2:  54%|█████▍    | 27/50 [00:01<00:01, 19.34it/s, Saved at =inf, TrLoss=0.1201]
 Training FV-alpha-s4-t2:  54%|█████▍    | 27/50 [00:01<00:01, 19.34it/s, Saved at =inf, TrLoss=0.1242]
 Training FV-alpha-s4-t2:  60%|██████    | 30/50 [00:01<00:00, 20.05it/s, Saved at =inf, TrLoss=0.1242]
 Training FV-alpha-s4-t2:  60%|██████    | 30/50 [00:01<00:00, 20.05it/s, Saved at =inf, TrLoss=0.1136]
 Training FV-alpha-s4-t2:  60%|██████    | 30/50 [00:01<00:00, 20.05it/s, Saved at =inf, TrLoss=0.1081]
 Training FV-alpha-s4-t2:  60%|██████    | 30/50 [00:01<00:00, 20.05it/s, Saved at =inf, TrLoss=0.0904]
 Training FV-alpha-s4-t2:  66%|██████▌   | 33/50 [00:01<00:00, 20.84it/s, Saved at =inf, TrLoss=0.0904]
 Training FV-alpha-s4-t2:  66%|██████▌   | 33/50 [00:01<00:00, 20.84it/s, Saved at =inf, TrLoss=0.1020]
 Training FV-alpha-s4-t2:  66%|██████▌   | 33/50 [00:01<00:00, 20.84it/s, Saved at =inf, TrLoss=0.1248]
 Training FV-alpha-s4-t2:  66%|██████▌   | 33/50 [00:01<00:00, 20.84it/s, Saved at =inf, TrLoss=0.1010]
 Training FV-alpha-s4-t2:  72%|███████▏  | 36/50 [00:01<00:00, 20.79it/s, Saved at =inf, TrLoss=0.1010]
 Training FV-alpha-s4-t2:  72%|███████▏  | 36/50 [00:01<00:00, 20.79it/s, Saved at =inf, TrLoss=0.0877]
 Training FV-alpha-s4-t2:  72%|███████▏  | 36/50 [00:02<00:00, 20.79it/s, Saved at =inf, TrLoss=0.0923]
 Training FV-alpha-s4-t2:  72%|███████▏  | 36/50 [00:02<00:00, 20.79it/s, Saved at =inf, TrLoss=0.0844]
 Training FV-alpha-s4-t2:  78%|███████▊  | 39/50 [00:02<00:00, 18.99it/s, Saved at =inf, TrLoss=0.0844]
 Training FV-alpha-s4-t2:  78%|███████▊  | 39/50 [00:02<00:00, 18.99it/s, Saved at =inf, TrLoss=0.1059]
 Training FV-alpha-s4-t2:  78%|███████▊  | 39/50 [00:02<00:00, 18.99it/s, Saved at =inf, TrLoss=0.1004]
 Training FV-alpha-s4-t2:  78%|███████▊  | 39/50 [00:02<00:00, 18.99it/s, Saved at =inf, TrLoss=0.1302]
 Training FV-alpha-s4-t2:  84%|████████▍ | 42/50 [00:02<00:00, 19.78it/s, Saved at =inf, TrLoss=0.1302]
 Training FV-alpha-s4-t2:  84%|████████▍ | 42/50 [00:02<00:00, 19.78it/s, Saved at =inf, TrLoss=0.0893]
 Training FV-alpha-s4-t2:  84%|████████▍ | 42/50 [00:02<00:00, 19.78it/s, Saved at =inf, TrLoss=0.0817]
 Training FV-alpha-s4-t2:  84%|████████▍ | 42/50 [00:02<00:00, 19.78it/s, Saved at =inf, TrLoss=0.0978]
 Training FV-alpha-s4-t2:  90%|█████████ | 45/50 [00:02<00:00, 19.94it/s, Saved at =inf, TrLoss=0.0978]
 Training FV-alpha-s4-t2:  90%|█████████ | 45/50 [00:02<00:00, 19.94it/s, Saved at =inf, TrLoss=0.1001]
 Training FV-alpha-s4-t2:  90%|█████████ | 45/50 [00:02<00:00, 19.94it/s, Saved at =inf, TrLoss=0.1170]
 Training FV-alpha-s4-t2:  90%|█████████ | 45/50 [00:02<00:00, 19.94it/s, Saved at =inf, TrLoss=0.0871]
 Training FV-alpha-s4-t2:  96%|█████████▌| 48/50 [00:02<00:00, 19.74it/s, Saved at =inf, TrLoss=0.0871]
 Training FV-alpha-s4-t2:  96%|█████████▌| 48/50 [00:02<00:00, 19.74it/s, Saved at =inf, TrLoss=0.1008]
 Training FV-alpha-s4-t2:  96%|█████████▌| 48/50 [00:02<00:00, 19.74it/s, Saved at =inf, TrLoss=0.1061]
 Training FV-alpha-s4-t2: 100%|██████████| 50/50 [00:02<00:00, 19.10it/s, Saved at =inf, TrLoss=0.1061]
 Training FV-alpha-s4-t2: 100%|██████████| 50/50 [00:02<00:00, 18.87it/s, Saved at =inf, TrLoss=0.1061]

 Training FV-alpha-s4-t3:   0%|          | 0/50 [00:00<?, ?it/s]
 Training FV-alpha-s4-t3:   0%|          | 0/50 [00:00<?, ?it/s, Saved at =inf, TrLoss=0.8486]
 Training FV-alpha-s4-t3:   0%|          | 0/50 [00:00<?, ?it/s, Saved at =inf, TrLoss=0.6808]
 Training FV-alpha-s4-t3:   4%|▍         | 2/50 [00:00<00:03, 12.94it/s, Saved at =inf, TrLoss=0.6808]
 Training FV-alpha-s4-t3:   4%|▍         | 2/50 [00:00<00:03, 12.94it/s, Saved at =inf, TrLoss=0.6076]
 Training FV-alpha-s4-t3:   4%|▍         | 2/50 [00:00<00:03, 12.94it/s, Saved at =inf, TrLoss=0.4987]
 Training FV-alpha-s4-t3:   8%|▊         | 4/50 [00:00<00:04, 10.32it/s, Saved at =inf, TrLoss=0.4987]
 Training FV-alpha-s4-t3:   8%|▊         | 4/50 [00:00<00:04, 10.32it/s, Saved at =inf, TrLoss=0.4080]
 Training FV-alpha-s4-t3:   8%|▊         | 4/50 [00:00<00:04, 10.32it/s, Saved at =inf, TrLoss=0.3566]
 Training FV-alpha-s4-t3:  12%|█▏        | 6/50 [00:00<00:03, 11.23it/s, Saved at =inf, TrLoss=0.3566]
 Training FV-alpha-s4-t3:  12%|█▏        | 6/50 [00:00<00:03, 11.23it/s, Saved at =inf, TrLoss=0.2985]
 Training FV-alpha-s4-t3:  12%|█▏        | 6/50 [00:00<00:03, 11.23it/s, Saved at =inf, TrLoss=0.2953]
 Training FV-alpha-s4-t3:  16%|█▌        | 8/50 [00:00<00:03, 12.89it/s, Saved at =inf, TrLoss=0.2953]
 Training FV-alpha-s4-t3:  16%|█▌        | 8/50 [00:00<00:03, 12.89it/s, Saved at =inf, TrLoss=0.2741]
 Training FV-alpha-s4-t3:  16%|█▌        | 8/50 [00:00<00:03, 12.89it/s, Saved at =inf, TrLoss=0.2817]
 Training FV-alpha-s4-t3:  20%|██        | 10/50 [00:00<00:02, 13.94it/s, Saved at =inf, TrLoss=0.2817]
 Training FV-alpha-s4-t3:  20%|██        | 10/50 [00:00<00:02, 13.94it/s, Saved at =inf, TrLoss=0.2961]
 Training FV-alpha-s4-t3:  20%|██        | 10/50 [00:00<00:02, 13.94it/s, Saved at =inf, TrLoss=0.1968]
 Training FV-alpha-s4-t3:  24%|██▍       | 12/50 [00:00<00:02, 14.35it/s, Saved at =inf, TrLoss=0.1968]
 Training FV-alpha-s4-t3:  24%|██▍       | 12/50 [00:00<00:02, 14.35it/s, Saved at =inf, TrLoss=0.2228]
 Training FV-alpha-s4-t3:  24%|██▍       | 12/50 [00:01<00:02, 14.35it/s, Saved at =inf, TrLoss=0.2188]
 Training FV-alpha-s4-t3:  28%|██▊       | 14/50 [00:01<00:02, 14.59it/s, Saved at =inf, TrLoss=0.2188]
 Training FV-alpha-s4-t3:  28%|██▊       | 14/50 [00:01<00:02, 14.59it/s, Saved at =inf, TrLoss=0.1931]
 Training FV-alpha-s4-t3:  28%|██▊       | 14/50 [00:01<00:02, 14.59it/s, Saved at =inf, TrLoss=0.1967]
 Training FV-alpha-s4-t3:  32%|███▏      | 16/50 [00:01<00:02, 14.74it/s, Saved at =inf, TrLoss=0.1967]
 Training FV-alpha-s4-t3:  32%|███▏      | 16/50 [00:01<00:02, 14.74it/s, Saved at =inf, TrLoss=0.1985]
 Training FV-alpha-s4-t3:  32%|███▏      | 16/50 [00:01<00:02, 14.74it/s, Saved at =inf, TrLoss=0.1731]
 Training FV-alpha-s4-t3:  36%|███▌      | 18/50 [00:01<00:02, 15.02it/s, Saved at =inf, TrLoss=0.1731]
 Training FV-alpha-s4-t3:  36%|███▌      | 18/50 [00:01<00:02, 15.02it/s, Saved at =inf, TrLoss=0.1832]
 Training FV-alpha-s4-t3:  36%|███▌      | 18/50 [00:01<00:02, 15.02it/s, Saved at =inf, TrLoss=0.1636]
 Training FV-alpha-s4-t3:  40%|████      | 20/50 [00:01<00:02, 14.60it/s, Saved at =inf, TrLoss=0.1636]
 Training FV-alpha-s4-t3:  40%|████      | 20/50 [00:01<00:02, 14.60it/s, Saved at =inf, TrLoss=0.1586]
 Training FV-alpha-s4-t3:  40%|████      | 20/50 [00:01<00:02, 14.60it/s, Saved at =inf, TrLoss=0.1813]
 Training FV-alpha-s4-t3:  44%|████▍     | 22/50 [00:01<00:01, 14.91it/s, Saved at =inf, TrLoss=0.1813]
 Training FV-alpha-s4-t3:  44%|████▍     | 22/50 [00:01<00:01, 14.91it/s, Saved at =inf, TrLoss=0.1599]
 Training FV-alpha-s4-t3:  44%|████▍     | 22/50 [00:01<00:01, 14.91it/s, Saved at =inf, TrLoss=0.1738]
 Training FV-alpha-s4-t3:  48%|████▊     | 24/50 [00:01<00:01, 15.39it/s, Saved at =inf, TrLoss=0.1738]
 Training FV-alpha-s4-t3:  48%|████▊     | 24/50 [00:01<00:01, 15.39it/s, Saved at =inf, TrLoss=0.1744]
 Training FV-alpha-s4-t3:  48%|████▊     | 24/50 [00:01<00:01, 15.39it/s, Saved at =inf, TrLoss=0.1684]
 Training FV-alpha-s4-t3:  52%|█████▏    | 26/50 [00:01<00:01, 15.54it/s, Saved at =inf, TrLoss=0.1684]
 Training FV-alpha-s4-t3:  52%|█████▏    | 26/50 [00:01<00:01, 15.54it/s, Saved at =inf, TrLoss=0.1544]
 Training FV-alpha-s4-t3:  52%|█████▏    | 26/50 [00:01<00:01, 15.54it/s, Saved at =inf, TrLoss=0.1418]
 Training FV-alpha-s4-t3:  56%|█████▌    | 28/50 [00:01<00:01, 15.22it/s, Saved at =inf, TrLoss=0.1418]
 Training FV-alpha-s4-t3:  56%|█████▌    | 28/50 [00:01<00:01, 15.22it/s, Saved at =inf, TrLoss=0.1469]
 Training FV-alpha-s4-t3:  56%|█████▌    | 28/50 [00:02<00:01, 15.22it/s, Saved at =inf, TrLoss=0.1486]
 Training FV-alpha-s4-t3:  60%|██████    | 30/50 [00:02<00:01, 15.17it/s, Saved at =inf, TrLoss=0.1486]
 Training FV-alpha-s4-t3:  60%|██████    | 30/50 [00:02<00:01, 15.17it/s, Saved at =inf, TrLoss=0.1561]
 Training FV-alpha-s4-t3:  60%|██████    | 30/50 [00:02<00:01, 15.17it/s, Saved at =inf, TrLoss=0.1602]
 Training FV-alpha-s4-t3:  64%|██████▍   | 32/50 [00:02<00:01, 15.53it/s, Saved at =inf, TrLoss=0.1602]
 Training FV-alpha-s4-t3:  64%|██████▍   | 32/50 [00:02<00:01, 15.53it/s, Saved at =inf, TrLoss=0.1485]
 Training FV-alpha-s4-t3:  64%|██████▍   | 32/50 [00:02<00:01, 15.53it/s, Saved at =inf, TrLoss=0.1414]
 Training FV-alpha-s4-t3:  68%|██████▊   | 34/50 [00:02<00:01, 15.70it/s, Saved at =inf, TrLoss=0.1414]
 Training FV-alpha-s4-t3:  68%|██████▊   | 34/50 [00:02<00:01, 15.70it/s, Saved at =inf, TrLoss=0.1464]
 Training FV-alpha-s4-t3:  68%|██████▊   | 34/50 [00:02<00:01, 15.70it/s, Saved at =inf, TrLoss=0.1312]
 Training FV-alpha-s4-t3:  72%|███████▏  | 36/50 [00:02<00:00, 15.50it/s, Saved at =inf, TrLoss=0.1312]
 Training FV-alpha-s4-t3:  72%|███████▏  | 36/50 [00:02<00:00, 15.50it/s, Saved at =inf, TrLoss=0.1194]
 Training FV-alpha-s4-t3:  72%|███████▏  | 36/50 [00:02<00:00, 15.50it/s, Saved at =inf, TrLoss=0.1242]
 Training FV-alpha-s4-t3:  76%|███████▌  | 38/50 [00:02<00:00, 15.76it/s, Saved at =inf, TrLoss=0.1242]
 Training FV-alpha-s4-t3:  76%|███████▌  | 38/50 [00:02<00:00, 15.76it/s, Saved at =inf, TrLoss=0.1354]
 Training FV-alpha-s4-t3:  76%|███████▌  | 38/50 [00:02<00:00, 15.76it/s, Saved at =inf, TrLoss=0.1362]
 Training FV-alpha-s4-t3:  80%|████████  | 40/50 [00:02<00:00, 15.44it/s, Saved at =inf, TrLoss=0.1362]
 Training FV-alpha-s4-t3:  80%|████████  | 40/50 [00:02<00:00, 15.44it/s, Saved at =inf, TrLoss=0.1288]
 Training FV-alpha-s4-t3:  80%|████████  | 40/50 [00:02<00:00, 15.44it/s, Saved at =inf, TrLoss=0.1637]
 Training FV-alpha-s4-t3:  84%|████████▍ | 42/50 [00:02<00:00, 15.16it/s, Saved at =inf, TrLoss=0.1637]
 Training FV-alpha-s4-t3:  84%|████████▍ | 42/50 [00:02<00:00, 15.16it/s, Saved at =inf, TrLoss=0.1149]
 Training FV-alpha-s4-t3:  84%|████████▍ | 42/50 [00:02<00:00, 15.16it/s, Saved at =inf, TrLoss=0.1285]
 Training FV-alpha-s4-t3:  88%|████████▊ | 44/50 [00:03<00:00, 14.95it/s, Saved at =inf, TrLoss=0.1285]
 Training FV-alpha-s4-t3:  88%|████████▊ | 44/50 [00:03<00:00, 14.95it/s, Saved at =inf, TrLoss=0.1139]
 Training FV-alpha-s4-t3:  88%|████████▊ | 44/50 [00:03<00:00, 14.95it/s, Saved at =inf, TrLoss=0.1376]
 Training FV-alpha-s4-t3:  92%|█████████▏| 46/50 [00:03<00:00, 15.35it/s, Saved at =inf, TrLoss=0.1376]
 Training FV-alpha-s4-t3:  92%|█████████▏| 46/50 [00:03<00:00, 15.35it/s, Saved at =inf, TrLoss=0.1221]
 Training FV-alpha-s4-t3:  92%|█████████▏| 46/50 [00:03<00:00, 15.35it/s, Saved at =inf, TrLoss=0.1222]
 Training FV-alpha-s4-t3:  96%|█████████▌| 48/50 [00:03<00:00, 15.68it/s, Saved at =inf, TrLoss=0.1222]
 Training FV-alpha-s4-t3:  96%|█████████▌| 48/50 [00:03<00:00, 15.68it/s, Saved at =inf, TrLoss=0.1107]
 Training FV-alpha-s4-t3:  96%|█████████▌| 48/50 [00:03<00:00, 15.68it/s, Saved at =inf, TrLoss=0.1136]
 Training FV-alpha-s4-t3: 100%|██████████| 50/50 [00:03<00:00, 15.54it/s, Saved at =inf, TrLoss=0.1136]
 Training FV-alpha-s4-t3: 100%|██████████| 50/50 [00:03<00:00, 14.80it/s, Saved at =inf, TrLoss=0.1136]

 Training FV-alpha-s4-t4:   0%|          | 0/50 [00:00<?, ?it/s]
 Training FV-alpha-s4-t4:   0%|          | 0/50 [00:00<?, ?it/s, Saved at =inf, TrLoss=0.7145]
 Training FV-alpha-s4-t4:   0%|          | 0/50 [00:00<?, ?it/s, Saved at =inf, TrLoss=0.7619]
 Training FV-alpha-s4-t4:   4%|▍         | 2/50 [00:00<00:03, 12.38it/s, Saved at =inf, TrLoss=0.7619]
 Training FV-alpha-s4-t4:   4%|▍         | 2/50 [00:00<00:03, 12.38it/s, Saved at =inf, TrLoss=0.5656]
 Training FV-alpha-s4-t4:   4%|▍         | 2/50 [00:00<00:03, 12.38it/s, Saved at =inf, TrLoss=0.5195]
 Training FV-alpha-s4-t4:   8%|▊         | 4/50 [00:00<00:03, 12.05it/s, Saved at =inf, TrLoss=0.5195]
 Training FV-alpha-s4-t4:   8%|▊         | 4/50 [00:00<00:03, 12.05it/s, Saved at =inf, TrLoss=0.4526]
 Training FV-alpha-s4-t4:   8%|▊         | 4/50 [00:00<00:03, 12.05it/s, Saved at =inf, TrLoss=0.4307]
 Training FV-alpha-s4-t4:  12%|█▏        | 6/50 [00:00<00:03, 11.85it/s, Saved at =inf, TrLoss=0.4307]
 Training FV-alpha-s4-t4:  12%|█▏        | 6/50 [00:00<00:03, 11.85it/s, Saved at =inf, TrLoss=0.3855]
 Training FV-alpha-s4-t4:  12%|█▏        | 6/50 [00:00<00:03, 11.85it/s, Saved at =inf, TrLoss=0.3443]
 Training FV-alpha-s4-t4:  16%|█▌        | 8/50 [00:00<00:03, 11.94it/s, Saved at =inf, TrLoss=0.3443]
 Training FV-alpha-s4-t4:  16%|█▌        | 8/50 [00:00<00:03, 11.94it/s, Saved at =inf, TrLoss=0.3021]
 Training FV-alpha-s4-t4:  16%|█▌        | 8/50 [00:00<00:03, 11.94it/s, Saved at =inf, TrLoss=0.2828]
 Training FV-alpha-s4-t4:  20%|██        | 10/50 [00:00<00:03, 12.00it/s, Saved at =inf, TrLoss=0.2828]
 Training FV-alpha-s4-t4:  20%|██        | 10/50 [00:00<00:03, 12.00it/s, Saved at =inf, TrLoss=0.3946]
 Training FV-alpha-s4-t4:  20%|██        | 10/50 [00:00<00:03, 12.00it/s, Saved at =inf, TrLoss=0.3017]
 Training FV-alpha-s4-t4:  24%|██▍       | 12/50 [00:00<00:03, 12.36it/s, Saved at =inf, TrLoss=0.3017]
 Training FV-alpha-s4-t4:  24%|██▍       | 12/50 [00:01<00:03, 12.36it/s, Saved at =inf, TrLoss=0.2629]
 Training FV-alpha-s4-t4:  24%|██▍       | 12/50 [00:01<00:03, 12.36it/s, Saved at =inf, TrLoss=0.2895]
 Training FV-alpha-s4-t4:  28%|██▊       | 14/50 [00:01<00:03, 11.97it/s, Saved at =inf, TrLoss=0.2895]
 Training FV-alpha-s4-t4:  28%|██▊       | 14/50 [00:01<00:03, 11.97it/s, Saved at =inf, TrLoss=0.2490]
 Training FV-alpha-s4-t4:  28%|██▊       | 14/50 [00:01<00:03, 11.97it/s, Saved at =inf, TrLoss=0.2271]
 Training FV-alpha-s4-t4:  32%|███▏      | 16/50 [00:01<00:02, 11.78it/s, Saved at =inf, TrLoss=0.2271]
 Training FV-alpha-s4-t4:  32%|███▏      | 16/50 [00:01<00:02, 11.78it/s, Saved at =inf, TrLoss=0.2301]
 Training FV-alpha-s4-t4:  32%|███▏      | 16/50 [00:01<00:02, 11.78it/s, Saved at =inf, TrLoss=0.2247]
 Training FV-alpha-s4-t4:  36%|███▌      | 18/50 [00:01<00:02, 12.11it/s, Saved at =inf, TrLoss=0.2247]
 Training FV-alpha-s4-t4:  36%|███▌      | 18/50 [00:01<00:02, 12.11it/s, Saved at =inf, TrLoss=0.2087]
 Training FV-alpha-s4-t4:  36%|███▌      | 18/50 [00:01<00:02, 12.11it/s, Saved at =inf, TrLoss=0.2214]
 Training FV-alpha-s4-t4:  40%|████      | 20/50 [00:01<00:02, 12.25it/s, Saved at =inf, TrLoss=0.2214]
 Training FV-alpha-s4-t4:  40%|████      | 20/50 [00:01<00:02, 12.25it/s, Saved at =inf, TrLoss=0.1975]
 Training FV-alpha-s4-t4:  40%|████      | 20/50 [00:01<00:02, 12.25it/s, Saved at =inf, TrLoss=0.1958]
 Training FV-alpha-s4-t4:  44%|████▍     | 22/50 [00:01<00:02, 12.03it/s, Saved at =inf, TrLoss=0.1958]
 Training FV-alpha-s4-t4:  44%|████▍     | 22/50 [00:01<00:02, 12.03it/s, Saved at =inf, TrLoss=0.1950]
 Training FV-alpha-s4-t4:  44%|████▍     | 22/50 [00:01<00:02, 12.03it/s, Saved at =inf, TrLoss=0.1974]
 Training FV-alpha-s4-t4:  48%|████▊     | 24/50 [00:01<00:02, 11.99it/s, Saved at =inf, TrLoss=0.1974]
 Training FV-alpha-s4-t4:  48%|████▊     | 24/50 [00:02<00:02, 11.99it/s, Saved at =inf, TrLoss=0.1966]
 Training FV-alpha-s4-t4:  48%|████▊     | 24/50 [00:02<00:02, 11.99it/s, Saved at =inf, TrLoss=0.1940]
 Training FV-alpha-s4-t4:  52%|█████▏    | 26/50 [00:02<00:01, 12.13it/s, Saved at =inf, TrLoss=0.1940]
 Training FV-alpha-s4-t4:  52%|█████▏    | 26/50 [00:02<00:01, 12.13it/s, Saved at =inf, TrLoss=0.1909]
 Training FV-alpha-s4-t4:  52%|█████▏    | 26/50 [00:02<00:01, 12.13it/s, Saved at =inf, TrLoss=0.1739]
 Training FV-alpha-s4-t4:  56%|█████▌    | 28/50 [00:02<00:01, 11.96it/s, Saved at =inf, TrLoss=0.1739]
 Training FV-alpha-s4-t4:  56%|█████▌    | 28/50 [00:02<00:01, 11.96it/s, Saved at =inf, TrLoss=0.1853]
 Training FV-alpha-s4-t4:  56%|█████▌    | 28/50 [00:02<00:01, 11.96it/s, Saved at =inf, TrLoss=0.1708]
 Training FV-alpha-s4-t4:  60%|██████    | 30/50 [00:02<00:01, 12.02it/s, Saved at =inf, TrLoss=0.1708]
 Training FV-alpha-s4-t4:  60%|██████    | 30/50 [00:02<00:01, 12.02it/s, Saved at =inf, TrLoss=0.1765]
 Training FV-alpha-s4-t4:  60%|██████    | 30/50 [00:02<00:01, 12.02it/s, Saved at =inf, TrLoss=0.1735]
 Training FV-alpha-s4-t4:  64%|██████▍   | 32/50 [00:02<00:01, 11.77it/s, Saved at =inf, TrLoss=0.1735]
 Training FV-alpha-s4-t4:  64%|██████▍   | 32/50 [00:02<00:01, 11.77it/s, Saved at =inf, TrLoss=0.1688]
 Training FV-alpha-s4-t4:  64%|██████▍   | 32/50 [00:02<00:01, 11.77it/s, Saved at =inf, TrLoss=0.1689]
 Training FV-alpha-s4-t4:  68%|██████▊   | 34/50 [00:02<00:01, 11.69it/s, Saved at =inf, TrLoss=0.1689]
 Training FV-alpha-s4-t4:  68%|██████▊   | 34/50 [00:02<00:01, 11.69it/s, Saved at =inf, TrLoss=0.1548]
 Training FV-alpha-s4-t4:  68%|██████▊   | 34/50 [00:02<00:01, 11.69it/s, Saved at =inf, TrLoss=0.1570]
 Training FV-alpha-s4-t4:  72%|███████▏  | 36/50 [00:03<00:01, 11.64it/s, Saved at =inf, TrLoss=0.1570]
 Training FV-alpha-s4-t4:  72%|███████▏  | 36/50 [00:03<00:01, 11.64it/s, Saved at =inf, TrLoss=0.1353]
 Training FV-alpha-s4-t4:  72%|███████▏  | 36/50 [00:03<00:01, 11.64it/s, Saved at =inf, TrLoss=0.1512]
 Training FV-alpha-s4-t4:  76%|███████▌  | 38/50 [00:03<00:00, 12.04it/s, Saved at =inf, TrLoss=0.1512]
 Training FV-alpha-s4-t4:  76%|███████▌  | 38/50 [00:03<00:00, 12.04it/s, Saved at =inf, TrLoss=0.1509]
 Training FV-alpha-s4-t4:  76%|███████▌  | 38/50 [00:03<00:00, 12.04it/s, Saved at =inf, TrLoss=0.1419]
 Training FV-alpha-s4-t4:  80%|████████  | 40/50 [00:03<00:01,  9.78it/s, Saved at =inf, TrLoss=0.1419]
 Training FV-alpha-s4-t4:  80%|████████  | 40/50 [00:03<00:01,  9.78it/s, Saved at =inf, TrLoss=0.1599]
 Training FV-alpha-s4-t4:  80%|████████  | 40/50 [00:03<00:01,  9.78it/s, Saved at =inf, TrLoss=0.1693]
 Training FV-alpha-s4-t4:  84%|████████▍ | 42/50 [00:03<00:00,  9.87it/s, Saved at =inf, TrLoss=0.1693]
 Training FV-alpha-s4-t4:  84%|████████▍ | 42/50 [00:03<00:00,  9.87it/s, Saved at =inf, TrLoss=0.1399]
 Training FV-alpha-s4-t4:  84%|████████▍ | 42/50 [00:03<00:00,  9.87it/s, Saved at =inf, TrLoss=0.1382]
 Training FV-alpha-s4-t4:  88%|████████▊ | 44/50 [00:03<00:00,  9.33it/s, Saved at =inf, TrLoss=0.1382]
 Training FV-alpha-s4-t4:  88%|████████▊ | 44/50 [00:03<00:00,  9.33it/s, Saved at =inf, TrLoss=0.1500]
 Training FV-alpha-s4-t4:  90%|█████████ | 45/50 [00:04<00:00,  9.39it/s, Saved at =inf, TrLoss=0.1500]
 Training FV-alpha-s4-t4:  90%|█████████ | 45/50 [00:04<00:00,  9.39it/s, Saved at =inf, TrLoss=0.1407]
 Training FV-alpha-s4-t4:  90%|█████████ | 45/50 [00:04<00:00,  9.39it/s, Saved at =inf, TrLoss=0.1488]
 Training FV-alpha-s4-t4:  94%|█████████▍| 47/50 [00:04<00:00, 10.37it/s, Saved at =inf, TrLoss=0.1488]
 Training FV-alpha-s4-t4:  94%|█████████▍| 47/50 [00:04<00:00, 10.37it/s, Saved at =inf, TrLoss=0.1422]
 Training FV-alpha-s4-t4:  94%|█████████▍| 47/50 [00:04<00:00, 10.37it/s, Saved at =inf, TrLoss=0.1534]
 Training FV-alpha-s4-t4:  98%|█████████▊| 49/50 [00:04<00:00, 11.05it/s, Saved at =inf, TrLoss=0.1534]
 Training FV-alpha-s4-t4:  98%|█████████▊| 49/50 [00:04<00:00, 11.05it/s, Saved at =inf, TrLoss=0.1359]
 Training FV-alpha-s4-t4: 100%|██████████| 50/50 [00:04<00:00, 11.38it/s, Saved at =inf, TrLoss=0.1359]

 Training FV-alpha-s4-t5:   0%|          | 0/50 [00:00<?, ?it/s]
 Training FV-alpha-s4-t5:   0%|          | 0/50 [00:00<?, ?it/s, Saved at =inf, TrLoss=0.8838]
 Training FV-alpha-s4-t5:   0%|          | 0/50 [00:00<?, ?it/s, Saved at =inf, TrLoss=0.6807]
 Training FV-alpha-s4-t5:   4%|▍         | 2/50 [00:00<00:04,  9.81it/s, Saved at =inf, TrLoss=0.6807]
 Training FV-alpha-s4-t5:   4%|▍         | 2/50 [00:00<00:04,  9.81it/s, Saved at =inf, TrLoss=0.5539]
 Training FV-alpha-s4-t5:   6%|▌         | 3/50 [00:00<00:04,  9.89it/s, Saved at =inf, TrLoss=0.5539]
 Training FV-alpha-s4-t5:   6%|▌         | 3/50 [00:00<00:04,  9.89it/s, Saved at =inf, TrLoss=0.5224]
 Training FV-alpha-s4-t5:   8%|▊         | 4/50 [00:00<00:05,  8.58it/s, Saved at =inf, TrLoss=0.5224]
 Training FV-alpha-s4-t5:   8%|▊         | 4/50 [00:00<00:05,  8.58it/s, Saved at =inf, TrLoss=0.4765]
 Training FV-alpha-s4-t5:  10%|█         | 5/50 [00:00<00:05,  7.91it/s, Saved at =inf, TrLoss=0.4765]
 Training FV-alpha-s4-t5:  10%|█         | 5/50 [00:00<00:05,  7.91it/s, Saved at =inf, TrLoss=0.4245]
 Training FV-alpha-s4-t5:  10%|█         | 5/50 [00:00<00:05,  7.91it/s, Saved at =inf, TrLoss=0.3913]
 Training FV-alpha-s4-t5:  14%|█▍        | 7/50 [00:00<00:04,  9.09it/s, Saved at =inf, TrLoss=0.3913]
 Training FV-alpha-s4-t5:  14%|█▍        | 7/50 [00:00<00:04,  9.09it/s, Saved at =inf, TrLoss=0.3811]
 Training FV-alpha-s4-t5:  14%|█▍        | 7/50 [00:00<00:04,  9.09it/s, Saved at =inf, TrLoss=0.3615]
 Training FV-alpha-s4-t5:  18%|█▊        | 9/50 [00:00<00:04,  9.75it/s, Saved at =inf, TrLoss=0.3615]
 Training FV-alpha-s4-t5:  18%|█▊        | 9/50 [00:01<00:04,  9.75it/s, Saved at =inf, TrLoss=0.3945]
 Training FV-alpha-s4-t5:  18%|█▊        | 9/50 [00:01<00:04,  9.75it/s, Saved at =inf, TrLoss=0.3218]
 Training FV-alpha-s4-t5:  22%|██▏       | 11/50 [00:01<00:03,  9.77it/s, Saved at =inf, TrLoss=0.3218]
 Training FV-alpha-s4-t5:  22%|██▏       | 11/50 [00:01<00:03,  9.77it/s, Saved at =inf, TrLoss=0.3150]
 Training FV-alpha-s4-t5:  22%|██▏       | 11/50 [00:01<00:03,  9.77it/s, Saved at =inf, TrLoss=0.3164]
 Training FV-alpha-s4-t5:  26%|██▌       | 13/50 [00:01<00:03,  9.60it/s, Saved at =inf, TrLoss=0.3164]
 Training FV-alpha-s4-t5:  26%|██▌       | 13/50 [00:01<00:03,  9.60it/s, Saved at =inf, TrLoss=0.2785]
 Training FV-alpha-s4-t5:  28%|██▊       | 14/50 [00:01<00:03,  9.37it/s, Saved at =inf, TrLoss=0.2785]
 Training FV-alpha-s4-t5:  28%|██▊       | 14/50 [00:01<00:03,  9.37it/s, Saved at =inf, TrLoss=0.3279]
 Training FV-alpha-s4-t5:  28%|██▊       | 14/50 [00:01<00:03,  9.37it/s, Saved at =inf, TrLoss=0.2786]
 Training FV-alpha-s4-t5:  32%|███▏      | 16/50 [00:01<00:03,  9.84it/s, Saved at =inf, TrLoss=0.2786]
 Training FV-alpha-s4-t5:  32%|███▏      | 16/50 [00:01<00:03,  9.84it/s, Saved at =inf, TrLoss=0.3123]
 Training FV-alpha-s4-t5:  32%|███▏      | 16/50 [00:01<00:03,  9.84it/s, Saved at =inf, TrLoss=0.2528]
 Training FV-alpha-s4-t5:  36%|███▌      | 18/50 [00:01<00:03, 10.06it/s, Saved at =inf, TrLoss=0.2528]
 Training FV-alpha-s4-t5:  36%|███▌      | 18/50 [00:01<00:03, 10.06it/s, Saved at =inf, TrLoss=0.2936]
 Training FV-alpha-s4-t5:  36%|███▌      | 18/50 [00:02<00:03, 10.06it/s, Saved at =inf, TrLoss=0.2512]
 Training FV-alpha-s4-t5:  40%|████      | 20/50 [00:02<00:03,  9.58it/s, Saved at =inf, TrLoss=0.2512]
 Training FV-alpha-s4-t5:  40%|████      | 20/50 [00:02<00:03,  9.58it/s, Saved at =inf, TrLoss=0.2667]
 Training FV-alpha-s4-t5:  40%|████      | 20/50 [00:02<00:03,  9.58it/s, Saved at =inf, TrLoss=0.2330]
 Training FV-alpha-s4-t5:  44%|████▍     | 22/50 [00:02<00:02,  9.86it/s, Saved at =inf, TrLoss=0.2330]
 Training FV-alpha-s4-t5:  44%|████▍     | 22/50 [00:02<00:02,  9.86it/s, Saved at =inf, TrLoss=0.2389]
 Training FV-alpha-s4-t5:  44%|████▍     | 22/50 [00:02<00:02,  9.86it/s, Saved at =inf, TrLoss=0.2312]
 Training FV-alpha-s4-t5:  48%|████▊     | 24/50 [00:02<00:02, 10.10it/s, Saved at =inf, TrLoss=0.2312]
 Training FV-alpha-s4-t5:  48%|████▊     | 24/50 [00:02<00:02, 10.10it/s, Saved at =inf, TrLoss=0.2268]
 Training FV-alpha-s4-t5:  48%|████▊     | 24/50 [00:02<00:02, 10.10it/s, Saved at =inf, TrLoss=0.2266]
 Training FV-alpha-s4-t5:  52%|█████▏    | 26/50 [00:02<00:02, 10.40it/s, Saved at =inf, TrLoss=0.2266]
 Training FV-alpha-s4-t5:  52%|█████▏    | 26/50 [00:02<00:02, 10.40it/s, Saved at =inf, TrLoss=0.2167]
 Training FV-alpha-s4-t5:  52%|█████▏    | 26/50 [00:02<00:02, 10.40it/s, Saved at =inf, TrLoss=0.2154]
 Training FV-alpha-s4-t5:  56%|█████▌    | 28/50 [00:02<00:02,  9.58it/s, Saved at =inf, TrLoss=0.2154]
 Training FV-alpha-s4-t5:  56%|█████▌    | 28/50 [00:03<00:02,  9.58it/s, Saved at =inf, TrLoss=0.2251]
 Training FV-alpha-s4-t5:  58%|█████▊    | 29/50 [00:03<00:02,  8.02it/s, Saved at =inf, TrLoss=0.2251]
 Training FV-alpha-s4-t5:  58%|█████▊    | 29/50 [00:03<00:02,  8.02it/s, Saved at =inf, TrLoss=0.2099]
 Training FV-alpha-s4-t5:  58%|█████▊    | 29/50 [00:03<00:02,  8.02it/s, Saved at =inf, TrLoss=0.1987]
 Training FV-alpha-s4-t5:  62%|██████▏   | 31/50 [00:03<00:02,  8.76it/s, Saved at =inf, TrLoss=0.1987]
 Training FV-alpha-s4-t5:  62%|██████▏   | 31/50 [00:03<00:02,  8.76it/s, Saved at =inf, TrLoss=0.2116]
 Training FV-alpha-s4-t5:  62%|██████▏   | 31/50 [00:03<00:02,  8.76it/s, Saved at =inf, TrLoss=0.1990]
 Training FV-alpha-s4-t5:  66%|██████▌   | 33/50 [00:03<00:01,  9.36it/s, Saved at =inf, TrLoss=0.1990]
 Training FV-alpha-s4-t5:  66%|██████▌   | 33/50 [00:03<00:01,  9.36it/s, Saved at =inf, TrLoss=0.1999]
 Training FV-alpha-s4-t5:  66%|██████▌   | 33/50 [00:03<00:01,  9.36it/s, Saved at =inf, TrLoss=0.1966]
 Training FV-alpha-s4-t5:  70%|███████   | 35/50 [00:03<00:01,  9.53it/s, Saved at =inf, TrLoss=0.1966]
 Training FV-alpha-s4-t5:  70%|███████   | 35/50 [00:03<00:01,  9.53it/s, Saved at =inf, TrLoss=0.1992]
 Training FV-alpha-s4-t5:  72%|███████▏  | 36/50 [00:03<00:01,  9.23it/s, Saved at =inf, TrLoss=0.1992]
 Training FV-alpha-s4-t5:  72%|███████▏  | 36/50 [00:03<00:01,  9.23it/s, Saved at =inf, TrLoss=0.1830]
 Training FV-alpha-s4-t5:  74%|███████▍  | 37/50 [00:03<00:01,  9.36it/s, Saved at =inf, TrLoss=0.1830]
 Training FV-alpha-s4-t5:  74%|███████▍  | 37/50 [00:04<00:01,  9.36it/s, Saved at =inf, TrLoss=0.1882]
 Training FV-alpha-s4-t5:  76%|███████▌  | 38/50 [00:04<00:01,  8.43it/s, Saved at =inf, TrLoss=0.1882]
 Training FV-alpha-s4-t5:  76%|███████▌  | 38/50 [00:04<00:01,  8.43it/s, Saved at =inf, TrLoss=0.1902]
 Training FV-alpha-s4-t5:  78%|███████▊  | 39/50 [00:04<00:01,  8.14it/s, Saved at =inf, TrLoss=0.1902]
 Training FV-alpha-s4-t5:  78%|███████▊  | 39/50 [00:04<00:01,  8.14it/s, Saved at =inf, TrLoss=0.1799]
 Training FV-alpha-s4-t5:  78%|███████▊  | 39/50 [00:04<00:01,  8.14it/s, Saved at =inf, TrLoss=0.1922]
 Training FV-alpha-s4-t5:  82%|████████▏ | 41/50 [00:04<00:00,  9.06it/s, Saved at =inf, TrLoss=0.1922]
 Training FV-alpha-s4-t5:  82%|████████▏ | 41/50 [00:04<00:00,  9.06it/s, Saved at =inf, TrLoss=0.1934]
 Training FV-alpha-s4-t5:  84%|████████▍ | 42/50 [00:04<00:00,  9.17it/s, Saved at =inf, TrLoss=0.1934]
 Training FV-alpha-s4-t5:  84%|████████▍ | 42/50 [00:04<00:00,  9.17it/s, Saved at =inf, TrLoss=0.1769]
 Training FV-alpha-s4-t5:  86%|████████▌ | 43/50 [00:04<00:00,  9.19it/s, Saved at =inf, TrLoss=0.1769]
 Training FV-alpha-s4-t5:  86%|████████▌ | 43/50 [00:04<00:00,  9.19it/s, Saved at =inf, TrLoss=0.1761]
 Training FV-alpha-s4-t5:  86%|████████▌ | 43/50 [00:04<00:00,  9.19it/s, Saved at =inf, TrLoss=0.1765]
 Training FV-alpha-s4-t5:  90%|█████████ | 45/50 [00:04<00:00,  9.78it/s, Saved at =inf, TrLoss=0.1765]
 Training FV-alpha-s4-t5:  90%|█████████ | 45/50 [00:04<00:00,  9.78it/s, Saved at =inf, TrLoss=0.1811]
 Training FV-alpha-s4-t5:  90%|█████████ | 45/50 [00:04<00:00,  9.78it/s, Saved at =inf, TrLoss=0.1824]
 Training FV-alpha-s4-t5:  94%|█████████▍| 47/50 [00:04<00:00, 10.28it/s, Saved at =inf, TrLoss=0.1824]
 Training FV-alpha-s4-t5:  94%|█████████▍| 47/50 [00:05<00:00, 10.28it/s, Saved at =inf, TrLoss=0.1701]
 Training FV-alpha-s4-t5:  94%|█████████▍| 47/50 [00:05<00:00, 10.28it/s, Saved at =inf, TrLoss=0.1650]
 Training FV-alpha-s4-t5:  98%|█████████▊| 49/50 [00:05<00:00, 10.43it/s, Saved at =inf, TrLoss=0.1650]
 Training FV-alpha-s4-t5:  98%|█████████▊| 49/50 [00:05<00:00, 10.43it/s, Saved at =inf, TrLoss=0.1660]
 Training FV-alpha-s4-t5: 100%|██████████| 50/50 [00:05<00:00,  9.51it/s, Saved at =inf, TrLoss=0.1660]

 Training FV-alpha-s4-t6:   0%|          | 0/50 [00:00<?, ?it/s]
 Training FV-alpha-s4-t6:   0%|          | 0/50 [00:00<?, ?it/s, Saved at =inf, TrLoss=0.7134]
 Training FV-alpha-s4-t6:   2%|▏         | 1/50 [00:00<00:05,  9.04it/s, Saved at =inf, TrLoss=0.7134]
 Training FV-alpha-s4-t6:   2%|▏         | 1/50 [00:00<00:05,  9.04it/s, Saved at =inf, TrLoss=0.5705]
 Training FV-alpha-s4-t6:   4%|▍         | 2/50 [00:00<00:05,  8.42it/s, Saved at =inf, TrLoss=0.5705]
 Training FV-alpha-s4-t6:   4%|▍         | 2/50 [00:00<00:05,  8.42it/s, Saved at =inf, TrLoss=0.6114]
 Training FV-alpha-s4-t6:   6%|▌         | 3/50 [00:00<00:05,  8.48it/s, Saved at =inf, TrLoss=0.6114]
 Training FV-alpha-s4-t6:   6%|▌         | 3/50 [00:00<00:05,  8.48it/s, Saved at =inf, TrLoss=0.4825]
 Training FV-alpha-s4-t6:   8%|▊         | 4/50 [00:00<00:05,  8.67it/s, Saved at =inf, TrLoss=0.4825]
 Training FV-alpha-s4-t6:   8%|▊         | 4/50 [00:00<00:05,  8.67it/s, Saved at =inf, TrLoss=0.5194]
 Training FV-alpha-s4-t6:  10%|█         | 5/50 [00:00<00:05,  8.83it/s, Saved at =inf, TrLoss=0.5194]
 Training FV-alpha-s4-t6:  10%|█         | 5/50 [00:00<00:05,  8.83it/s, Saved at =inf, TrLoss=0.4549]
 Training FV-alpha-s4-t6:  12%|█▏        | 6/50 [00:00<00:04,  8.99it/s, Saved at =inf, TrLoss=0.4549]
 Training FV-alpha-s4-t6:  12%|█▏        | 6/50 [00:00<00:04,  8.99it/s, Saved at =inf, TrLoss=0.4139]
 Training FV-alpha-s4-t6:  14%|█▍        | 7/50 [00:00<00:04,  9.00it/s, Saved at =inf, TrLoss=0.4139]
 Training FV-alpha-s4-t6:  14%|█▍        | 7/50 [00:00<00:04,  9.00it/s, Saved at =inf, TrLoss=0.4145]
 Training FV-alpha-s4-t6:  16%|█▌        | 8/50 [00:00<00:04,  9.07it/s, Saved at =inf, TrLoss=0.4145]
 Training FV-alpha-s4-t6:  16%|█▌        | 8/50 [00:00<00:04,  9.07it/s, Saved at =inf, TrLoss=0.3673]
 Training FV-alpha-s4-t6:  18%|█▊        | 9/50 [00:01<00:04,  9.06it/s, Saved at =inf, TrLoss=0.3673]
 Training FV-alpha-s4-t6:  18%|█▊        | 9/50 [00:01<00:04,  9.06it/s, Saved at =inf, TrLoss=0.3602]
 Training FV-alpha-s4-t6:  20%|██        | 10/50 [00:01<00:04,  9.02it/s, Saved at =inf, TrLoss=0.3602]
 Training FV-alpha-s4-t6:  20%|██        | 10/50 [00:01<00:04,  9.02it/s, Saved at =inf, TrLoss=0.3511]
 Training FV-alpha-s4-t6:  22%|██▏       | 11/50 [00:01<00:04,  9.03it/s, Saved at =inf, TrLoss=0.3511]
 Training FV-alpha-s4-t6:  22%|██▏       | 11/50 [00:01<00:04,  9.03it/s, Saved at =inf, TrLoss=0.3359]
 Training FV-alpha-s4-t6:  24%|██▍       | 12/50 [00:01<00:04,  9.02it/s, Saved at =inf, TrLoss=0.3359]
 Training FV-alpha-s4-t6:  24%|██▍       | 12/50 [00:01<00:04,  9.02it/s, Saved at =inf, TrLoss=0.3139]
 Training FV-alpha-s4-t6:  26%|██▌       | 13/50 [00:01<00:04,  9.05it/s, Saved at =inf, TrLoss=0.3139]
 Training FV-alpha-s4-t6:  26%|██▌       | 13/50 [00:01<00:04,  9.05it/s, Saved at =inf, TrLoss=0.3042]
 Training FV-alpha-s4-t6:  28%|██▊       | 14/50 [00:01<00:04,  8.98it/s, Saved at =inf, TrLoss=0.3042]
 Training FV-alpha-s4-t6:  28%|██▊       | 14/50 [00:01<00:04,  8.98it/s, Saved at =inf, TrLoss=0.2857]
 Training FV-alpha-s4-t6:  30%|███       | 15/50 [00:01<00:03,  9.10it/s, Saved at =inf, TrLoss=0.2857]
 Training FV-alpha-s4-t6:  30%|███       | 15/50 [00:01<00:03,  9.10it/s, Saved at =inf, TrLoss=0.2983]
 Training FV-alpha-s4-t6:  32%|███▏      | 16/50 [00:01<00:03,  9.14it/s, Saved at =inf, TrLoss=0.2983]
 Training FV-alpha-s4-t6:  32%|███▏      | 16/50 [00:01<00:03,  9.14it/s, Saved at =inf, TrLoss=0.2826]
 Training FV-alpha-s4-t6:  34%|███▍      | 17/50 [00:01<00:03,  9.17it/s, Saved at =inf, TrLoss=0.2826]
 Training FV-alpha-s4-t6:  34%|███▍      | 17/50 [00:01<00:03,  9.17it/s, Saved at =inf, TrLoss=0.2966]
 Training FV-alpha-s4-t6:  36%|███▌      | 18/50 [00:01<00:03,  9.18it/s, Saved at =inf, TrLoss=0.2966]
 Training FV-alpha-s4-t6:  36%|███▌      | 18/50 [00:02<00:03,  9.18it/s, Saved at =inf, TrLoss=0.2799]
 Training FV-alpha-s4-t6:  38%|███▊      | 19/50 [00:02<00:03,  9.25it/s, Saved at =inf, TrLoss=0.2799]
 Training FV-alpha-s4-t6:  38%|███▊      | 19/50 [00:02<00:03,  9.25it/s, Saved at =inf, TrLoss=0.2725]
 Training FV-alpha-s4-t6:  40%|████      | 20/50 [00:02<00:03,  9.24it/s, Saved at =inf, TrLoss=0.2725]
 Training FV-alpha-s4-t6:  40%|████      | 20/50 [00:02<00:03,  9.24it/s, Saved at =inf, TrLoss=0.2889]
 Training FV-alpha-s4-t6:  42%|████▏     | 21/50 [00:02<00:03,  9.21it/s, Saved at =inf, TrLoss=0.2889]
 Training FV-alpha-s4-t6:  42%|████▏     | 21/50 [00:02<00:03,  9.21it/s, Saved at =inf, TrLoss=0.2608]
 Training FV-alpha-s4-t6:  44%|████▍     | 22/50 [00:02<00:03,  9.21it/s, Saved at =inf, TrLoss=0.2608]
 Training FV-alpha-s4-t6:  44%|████▍     | 22/50 [00:02<00:03,  9.21it/s, Saved at =inf, TrLoss=0.2546]
 Training FV-alpha-s4-t6:  46%|████▌     | 23/50 [00:02<00:02,  9.16it/s, Saved at =inf, TrLoss=0.2546]
 Training FV-alpha-s4-t6:  46%|████▌     | 23/50 [00:02<00:02,  9.16it/s, Saved at =inf, TrLoss=0.2441]
 Training FV-alpha-s4-t6:  48%|████▊     | 24/50 [00:02<00:02,  9.13it/s, Saved at =inf, TrLoss=0.2441]
 Training FV-alpha-s4-t6:  48%|████▊     | 24/50 [00:02<00:02,  9.13it/s, Saved at =inf, TrLoss=0.2505]
 Training FV-alpha-s4-t6:  50%|█████     | 25/50 [00:02<00:02,  9.11it/s, Saved at =inf, TrLoss=0.2505]
 Training FV-alpha-s4-t6:  50%|█████     | 25/50 [00:02<00:02,  9.11it/s, Saved at =inf, TrLoss=0.2412]
 Training FV-alpha-s4-t6:  52%|█████▏    | 26/50 [00:02<00:02,  9.16it/s, Saved at =inf, TrLoss=0.2412]
 Training FV-alpha-s4-t6:  52%|█████▏    | 26/50 [00:02<00:02,  9.16it/s, Saved at =inf, TrLoss=0.2577]
 Training FV-alpha-s4-t6:  54%|█████▍    | 27/50 [00:02<00:02,  9.20it/s, Saved at =inf, TrLoss=0.2577]
 Training FV-alpha-s4-t6:  54%|█████▍    | 27/50 [00:03<00:02,  9.20it/s, Saved at =inf, TrLoss=0.2301]
 Training FV-alpha-s4-t6:  56%|█████▌    | 28/50 [00:03<00:02,  8.77it/s, Saved at =inf, TrLoss=0.2301]
 Training FV-alpha-s4-t6:  56%|█████▌    | 28/50 [00:03<00:02,  8.77it/s, Saved at =inf, TrLoss=0.2525]
 Training FV-alpha-s4-t6:  58%|█████▊    | 29/50 [00:03<00:02,  8.40it/s, Saved at =inf, TrLoss=0.2525]
 Training FV-alpha-s4-t6:  58%|█████▊    | 29/50 [00:03<00:02,  8.40it/s, Saved at =inf, TrLoss=0.2348]
 Training FV-alpha-s4-t6:  60%|██████    | 30/50 [00:03<00:02,  7.62it/s, Saved at =inf, TrLoss=0.2348]
 Training FV-alpha-s4-t6:  60%|██████    | 30/50 [00:03<00:02,  7.62it/s, Saved at =inf, TrLoss=0.2288]
 Training FV-alpha-s4-t6:  62%|██████▏   | 31/50 [00:03<00:02,  7.33it/s, Saved at =inf, TrLoss=0.2288]
 Training FV-alpha-s4-t6:  62%|██████▏   | 31/50 [00:03<00:02,  7.33it/s, Saved at =inf, TrLoss=0.2300]
 Training FV-alpha-s4-t6:  64%|██████▍   | 32/50 [00:03<00:02,  6.20it/s, Saved at =inf, TrLoss=0.2300]
 Training FV-alpha-s4-t6:  64%|██████▍   | 32/50 [00:03<00:02,  6.20it/s, Saved at =inf, TrLoss=0.2248]
 Training FV-alpha-s4-t6:  66%|██████▌   | 33/50 [00:03<00:02,  6.02it/s, Saved at =inf, TrLoss=0.2248]
 Training FV-alpha-s4-t6:  66%|██████▌   | 33/50 [00:04<00:02,  6.02it/s, Saved at =inf, TrLoss=0.2267]
 Training FV-alpha-s4-t6:  68%|██████▊   | 34/50 [00:04<00:02,  6.11it/s, Saved at =inf, TrLoss=0.2267]
 Training FV-alpha-s4-t6:  68%|██████▊   | 34/50 [00:04<00:02,  6.11it/s, Saved at =inf, TrLoss=0.2262]
 Training FV-alpha-s4-t6:  70%|███████   | 35/50 [00:04<00:02,  6.25it/s, Saved at =inf, TrLoss=0.2262]
 Training FV-alpha-s4-t6:  70%|███████   | 35/50 [00:04<00:02,  6.25it/s, Saved at =inf, TrLoss=0.2118]
 Training FV-alpha-s4-t6:  72%|███████▏  | 36/50 [00:04<00:02,  6.71it/s, Saved at =inf, TrLoss=0.2118]
 Training FV-alpha-s4-t6:  72%|███████▏  | 36/50 [00:04<00:02,  6.71it/s, Saved at =inf, TrLoss=0.2162]
 Training FV-alpha-s4-t6:  74%|███████▍  | 37/50 [00:04<00:01,  6.92it/s, Saved at =inf, TrLoss=0.2162]
 Training FV-alpha-s4-t6:  74%|███████▍  | 37/50 [00:04<00:01,  6.92it/s, Saved at =inf, TrLoss=0.2056]
 Training FV-alpha-s4-t6:  76%|███████▌  | 38/50 [00:04<00:01,  7.22it/s, Saved at =inf, TrLoss=0.2056]
 Training FV-alpha-s4-t6:  76%|███████▌  | 38/50 [00:04<00:01,  7.22it/s, Saved at =inf, TrLoss=0.2254]
 Training FV-alpha-s4-t6:  78%|███████▊  | 39/50 [00:04<00:01,  7.52it/s, Saved at =inf, TrLoss=0.2254]
 Training FV-alpha-s4-t6:  78%|███████▊  | 39/50 [00:04<00:01,  7.52it/s, Saved at =inf, TrLoss=0.2037]
 Training FV-alpha-s4-t6:  80%|████████  | 40/50 [00:04<00:01,  7.49it/s, Saved at =inf, TrLoss=0.2037]
 Training FV-alpha-s4-t6:  80%|████████  | 40/50 [00:04<00:01,  7.49it/s, Saved at =inf, TrLoss=0.2287]
 Training FV-alpha-s4-t6:  82%|████████▏ | 41/50 [00:05<00:01,  7.67it/s, Saved at =inf, TrLoss=0.2287]
 Training FV-alpha-s4-t6:  82%|████████▏ | 41/50 [00:05<00:01,  7.67it/s, Saved at =inf, TrLoss=0.2126]
 Training FV-alpha-s4-t6:  84%|████████▍ | 42/50 [00:05<00:01,  7.51it/s, Saved at =inf, TrLoss=0.2126]
 Training FV-alpha-s4-t6:  84%|████████▍ | 42/50 [00:05<00:01,  7.51it/s, Saved at =inf, TrLoss=0.1963]
 Training FV-alpha-s4-t6:  86%|████████▌ | 43/50 [00:05<00:00,  8.02it/s, Saved at =inf, TrLoss=0.1963]
 Training FV-alpha-s4-t6:  86%|████████▌ | 43/50 [00:05<00:00,  8.02it/s, Saved at =inf, TrLoss=0.1979]
 Training FV-alpha-s4-t6:  88%|████████▊ | 44/50 [00:05<00:00,  8.36it/s, Saved at =inf, TrLoss=0.1979]
 Training FV-alpha-s4-t6:  88%|████████▊ | 44/50 [00:05<00:00,  8.36it/s, Saved at =inf, TrLoss=0.1917]
 Training FV-alpha-s4-t6:  90%|█████████ | 45/50 [00:05<00:00,  8.62it/s, Saved at =inf, TrLoss=0.1917]
 Training FV-alpha-s4-t6:  90%|█████████ | 45/50 [00:05<00:00,  8.62it/s, Saved at =inf, TrLoss=0.1888]
 Training FV-alpha-s4-t6:  92%|█████████▏| 46/50 [00:05<00:00,  8.75it/s, Saved at =inf, TrLoss=0.1888]
 Training FV-alpha-s4-t6:  92%|█████████▏| 46/50 [00:05<00:00,  8.75it/s, Saved at =inf, TrLoss=0.1924]
 Training FV-alpha-s4-t6:  94%|█████████▍| 47/50 [00:05<00:00,  8.89it/s, Saved at =inf, TrLoss=0.1924]
 Training FV-alpha-s4-t6:  94%|█████████▍| 47/50 [00:05<00:00,  8.89it/s, Saved at =inf, TrLoss=0.1875]
 Training FV-alpha-s4-t6:  96%|█████████▌| 48/50 [00:05<00:00,  8.90it/s, Saved at =inf, TrLoss=0.1875]
 Training FV-alpha-s4-t6:  96%|█████████▌| 48/50 [00:05<00:00,  8.90it/s, Saved at =inf, TrLoss=0.1880]
 Training FV-alpha-s4-t6:  98%|█████████▊| 49/50 [00:05<00:00,  9.01it/s, Saved at =inf, TrLoss=0.1880]
 Training FV-alpha-s4-t6:  98%|█████████▊| 49/50 [00:05<00:00,  9.01it/s, Saved at =inf, TrLoss=0.1808]
 Training FV-alpha-s4-t6: 100%|██████████| 50/50 [00:06<00:00,  9.11it/s, Saved at =inf, TrLoss=0.1808]
 Training FV-alpha-s4-t6: 100%|██████████| 50/50 [00:06<00:00,  8.31it/s, Saved at =inf, TrLoss=0.1808]

 Training FV-alpha-s4-t7:   0%|          | 0/50 [00:00<?, ?it/s]
 Training FV-alpha-s4-t7:   0%|          | 0/50 [00:00<?, ?it/s, Saved at =inf, TrLoss=0.8183]
 Training FV-alpha-s4-t7:   2%|▏         | 1/50 [00:00<00:07,  6.95it/s, Saved at =inf, TrLoss=0.8183]
 Training FV-alpha-s4-t7:   2%|▏         | 1/50 [00:00<00:07,  6.95it/s, Saved at =inf, TrLoss=0.6454]
 Training FV-alpha-s4-t7:   4%|▍         | 2/50 [00:00<00:07,  6.12it/s, Saved at =inf, TrLoss=0.6454]
 Training FV-alpha-s4-t7:   4%|▍         | 2/50 [00:00<00:07,  6.12it/s, Saved at =inf, TrLoss=0.5800]
 Training FV-alpha-s4-t7:   6%|▌         | 3/50 [00:00<00:08,  5.74it/s, Saved at =inf, TrLoss=0.5800]
 Training FV-alpha-s4-t7:   6%|▌         | 3/50 [00:00<00:08,  5.74it/s, Saved at =inf, TrLoss=0.5554]
 Training FV-alpha-s4-t7:   8%|▊         | 4/50 [00:00<00:07,  5.92it/s, Saved at =inf, TrLoss=0.5554]
 Training FV-alpha-s4-t7:   8%|▊         | 4/50 [00:00<00:07,  5.92it/s, Saved at =inf, TrLoss=0.5266]
 Training FV-alpha-s4-t7:  10%|█         | 5/50 [00:00<00:07,  6.05it/s, Saved at =inf, TrLoss=0.5266]
 Training FV-alpha-s4-t7:  10%|█         | 5/50 [00:00<00:07,  6.05it/s, Saved at =inf, TrLoss=0.4982]
 Training FV-alpha-s4-t7:  12%|█▏        | 6/50 [00:00<00:07,  6.00it/s, Saved at =inf, TrLoss=0.4982]
 Training FV-alpha-s4-t7:  12%|█▏        | 6/50 [00:01<00:07,  6.00it/s, Saved at =inf, TrLoss=0.4603]
 Training FV-alpha-s4-t7:  14%|█▍        | 7/50 [00:01<00:07,  5.41it/s, Saved at =inf, TrLoss=0.4603]
 Training FV-alpha-s4-t7:  14%|█▍        | 7/50 [00:01<00:07,  5.41it/s, Saved at =inf, TrLoss=0.4319]
 Training FV-alpha-s4-t7:  16%|█▌        | 8/50 [00:01<00:07,  5.33it/s, Saved at =inf, TrLoss=0.4319]
 Training FV-alpha-s4-t7:  16%|█▌        | 8/50 [00:01<00:07,  5.33it/s, Saved at =inf, TrLoss=0.3927]
 Training FV-alpha-s4-t7:  18%|█▊        | 9/50 [00:01<00:07,  5.61it/s, Saved at =inf, TrLoss=0.3927]
 Training FV-alpha-s4-t7:  18%|█▊        | 9/50 [00:01<00:07,  5.61it/s, Saved at =inf, TrLoss=0.3715]
 Training FV-alpha-s4-t7:  20%|██        | 10/50 [00:01<00:06,  6.10it/s, Saved at =inf, TrLoss=0.3715]
 Training FV-alpha-s4-t7:  20%|██        | 10/50 [00:01<00:06,  6.10it/s, Saved at =inf, TrLoss=0.3488]
 Training FV-alpha-s4-t7:  22%|██▏       | 11/50 [00:01<00:06,  6.50it/s, Saved at =inf, TrLoss=0.3488]
 Training FV-alpha-s4-t7:  22%|██▏       | 11/50 [00:01<00:06,  6.50it/s, Saved at =inf, TrLoss=0.3229]
 Training FV-alpha-s4-t7:  24%|██▍       | 12/50 [00:01<00:05,  6.67it/s, Saved at =inf, TrLoss=0.3229]
 Training FV-alpha-s4-t7:  24%|██▍       | 12/50 [00:02<00:05,  6.67it/s, Saved at =inf, TrLoss=0.3299]
 Training FV-alpha-s4-t7:  26%|██▌       | 13/50 [00:02<00:05,  6.98it/s, Saved at =inf, TrLoss=0.3299]
 Training FV-alpha-s4-t7:  26%|██▌       | 13/50 [00:02<00:05,  6.98it/s, Saved at =inf, TrLoss=0.3187]
 Training FV-alpha-s4-t7:  28%|██▊       | 14/50 [00:02<00:05,  7.15it/s, Saved at =inf, TrLoss=0.3187]
 Training FV-alpha-s4-t7:  28%|██▊       | 14/50 [00:02<00:05,  7.15it/s, Saved at =inf, TrLoss=0.2973]
 Training FV-alpha-s4-t7:  30%|███       | 15/50 [00:02<00:04,  7.38it/s, Saved at =inf, TrLoss=0.2973]
 Training FV-alpha-s4-t7:  30%|███       | 15/50 [00:02<00:04,  7.38it/s, Saved at =inf, TrLoss=0.2997]
 Training FV-alpha-s4-t7:  32%|███▏      | 16/50 [00:02<00:04,  7.50it/s, Saved at =inf, TrLoss=0.2997]
 Training FV-alpha-s4-t7:  32%|███▏      | 16/50 [00:02<00:04,  7.50it/s, Saved at =inf, TrLoss=0.2813]
 Training FV-alpha-s4-t7:  34%|███▍      | 17/50 [00:02<00:04,  7.47it/s, Saved at =inf, TrLoss=0.2813]
 Training FV-alpha-s4-t7:  34%|███▍      | 17/50 [00:02<00:04,  7.47it/s, Saved at =inf, TrLoss=0.2635]
 Training FV-alpha-s4-t7:  36%|███▌      | 18/50 [00:02<00:04,  7.22it/s, Saved at =inf, TrLoss=0.2635]
 Training FV-alpha-s4-t7:  36%|███▌      | 18/50 [00:02<00:04,  7.22it/s, Saved at =inf, TrLoss=0.2643]
 Training FV-alpha-s4-t7:  38%|███▊      | 19/50 [00:02<00:04,  7.35it/s, Saved at =inf, TrLoss=0.2643]
 Training FV-alpha-s4-t7:  38%|███▊      | 19/50 [00:02<00:04,  7.35it/s, Saved at =inf, TrLoss=0.2611]
 Training FV-alpha-s4-t7:  40%|████      | 20/50 [00:03<00:04,  7.41it/s, Saved at =inf, TrLoss=0.2611]
 Training FV-alpha-s4-t7:  40%|████      | 20/50 [00:03<00:04,  7.41it/s, Saved at =inf, TrLoss=0.2618]
 Training FV-alpha-s4-t7:  42%|████▏     | 21/50 [00:03<00:03,  7.62it/s, Saved at =inf, TrLoss=0.2618]
 Training FV-alpha-s4-t7:  42%|████▏     | 21/50 [00:03<00:03,  7.62it/s, Saved at =inf, TrLoss=0.2726]
 Training FV-alpha-s4-t7:  44%|████▍     | 22/50 [00:03<00:03,  7.65it/s, Saved at =inf, TrLoss=0.2726]
 Training FV-alpha-s4-t7:  44%|████▍     | 22/50 [00:03<00:03,  7.65it/s, Saved at =inf, TrLoss=0.2546]
 Training FV-alpha-s4-t7:  46%|████▌     | 23/50 [00:03<00:03,  7.58it/s, Saved at =inf, TrLoss=0.2546]
 Training FV-alpha-s4-t7:  46%|████▌     | 23/50 [00:03<00:03,  7.58it/s, Saved at =inf, TrLoss=0.2498]
 Training FV-alpha-s4-t7:  48%|████▊     | 24/50 [00:03<00:03,  7.66it/s, Saved at =inf, TrLoss=0.2498]
 Training FV-alpha-s4-t7:  48%|████▊     | 24/50 [00:03<00:03,  7.66it/s, Saved at =inf, TrLoss=0.2705]
 Training FV-alpha-s4-t7:  50%|█████     | 25/50 [00:03<00:03,  7.64it/s, Saved at =inf, TrLoss=0.2705]
 Training FV-alpha-s4-t7:  50%|█████     | 25/50 [00:03<00:03,  7.64it/s, Saved at =inf, TrLoss=0.2416]
 Training FV-alpha-s4-t7:  52%|█████▏    | 26/50 [00:03<00:03,  7.54it/s, Saved at =inf, TrLoss=0.2416]
 Training FV-alpha-s4-t7:  52%|█████▏    | 26/50 [00:03<00:03,  7.54it/s, Saved at =inf, TrLoss=0.2631]
 Training FV-alpha-s4-t7:  54%|█████▍    | 27/50 [00:03<00:03,  7.39it/s, Saved at =inf, TrLoss=0.2631]
 Training FV-alpha-s4-t7:  54%|█████▍    | 27/50 [00:04<00:03,  7.39it/s, Saved at =inf, TrLoss=0.2320]
 Training FV-alpha-s4-t7:  56%|█████▌    | 28/50 [00:04<00:02,  7.59it/s, Saved at =inf, TrLoss=0.2320]
 Training FV-alpha-s4-t7:  56%|█████▌    | 28/50 [00:04<00:02,  7.59it/s, Saved at =inf, TrLoss=0.2617]
 Training FV-alpha-s4-t7:  58%|█████▊    | 29/50 [00:04<00:02,  7.64it/s, Saved at =inf, TrLoss=0.2617]
 Training FV-alpha-s4-t7:  58%|█████▊    | 29/50 [00:04<00:02,  7.64it/s, Saved at =inf, TrLoss=0.2351]
 Training FV-alpha-s4-t7:  60%|██████    | 30/50 [00:04<00:02,  7.73it/s, Saved at =inf, TrLoss=0.2351]
 Training FV-alpha-s4-t7:  60%|██████    | 30/50 [00:04<00:02,  7.73it/s, Saved at =inf, TrLoss=0.2400]
 Training FV-alpha-s4-t7:  62%|██████▏   | 31/50 [00:04<00:02,  7.83it/s, Saved at =inf, TrLoss=0.2400]
 Training FV-alpha-s4-t7:  62%|██████▏   | 31/50 [00:04<00:02,  7.83it/s, Saved at =inf, TrLoss=0.2327]
 Training FV-alpha-s4-t7:  64%|██████▍   | 32/50 [00:04<00:02,  7.75it/s, Saved at =inf, TrLoss=0.2327]
 Training FV-alpha-s4-t7:  64%|██████▍   | 32/50 [00:04<00:02,  7.75it/s, Saved at =inf, TrLoss=0.2222]
 Training FV-alpha-s4-t7:  66%|██████▌   | 33/50 [00:04<00:02,  7.82it/s, Saved at =inf, TrLoss=0.2222]
 Training FV-alpha-s4-t7:  66%|██████▌   | 33/50 [00:04<00:02,  7.82it/s, Saved at =inf, TrLoss=0.2381]
 Training FV-alpha-s4-t7:  68%|██████▊   | 34/50 [00:04<00:02,  7.75it/s, Saved at =inf, TrLoss=0.2381]
 Training FV-alpha-s4-t7:  68%|██████▊   | 34/50 [00:04<00:02,  7.75it/s, Saved at =inf, TrLoss=0.2198]
 Training FV-alpha-s4-t7:  70%|███████   | 35/50 [00:04<00:01,  7.75it/s, Saved at =inf, TrLoss=0.2198]
 Training FV-alpha-s4-t7:  70%|███████   | 35/50 [00:05<00:01,  7.75it/s, Saved at =inf, TrLoss=0.2218]
 Training FV-alpha-s4-t7:  72%|███████▏  | 36/50 [00:05<00:01,  7.68it/s, Saved at =inf, TrLoss=0.2218]
 Training FV-alpha-s4-t7:  72%|███████▏  | 36/50 [00:05<00:01,  7.68it/s, Saved at =inf, TrLoss=0.2118]
 Training FV-alpha-s4-t7:  74%|███████▍  | 37/50 [00:05<00:01,  7.73it/s, Saved at =inf, TrLoss=0.2118]
 Training FV-alpha-s4-t7:  74%|███████▍  | 37/50 [00:05<00:01,  7.73it/s, Saved at =inf, TrLoss=0.2149]
 Training FV-alpha-s4-t7:  76%|███████▌  | 38/50 [00:05<00:01,  7.78it/s, Saved at =inf, TrLoss=0.2149]
 Training FV-alpha-s4-t7:  76%|███████▌  | 38/50 [00:05<00:01,  7.78it/s, Saved at =inf, TrLoss=0.2219]
 Training FV-alpha-s4-t7:  78%|███████▊  | 39/50 [00:05<00:01,  7.75it/s, Saved at =inf, TrLoss=0.2219]
 Training FV-alpha-s4-t7:  78%|███████▊  | 39/50 [00:05<00:01,  7.75it/s, Saved at =inf, TrLoss=0.2100]
 Training FV-alpha-s4-t7:  80%|████████  | 40/50 [00:05<00:01,  7.80it/s, Saved at =inf, TrLoss=0.2100]
 Training FV-alpha-s4-t7:  80%|████████  | 40/50 [00:05<00:01,  7.80it/s, Saved at =inf, TrLoss=0.2259]
 Training FV-alpha-s4-t7:  82%|████████▏ | 41/50 [00:05<00:01,  7.74it/s, Saved at =inf, TrLoss=0.2259]
 Training FV-alpha-s4-t7:  82%|████████▏ | 41/50 [00:05<00:01,  7.74it/s, Saved at =inf, TrLoss=0.2256]
 Training FV-alpha-s4-t7:  84%|████████▍ | 42/50 [00:05<00:01,  7.57it/s, Saved at =inf, TrLoss=0.2256]
 Training FV-alpha-s4-t7:  84%|████████▍ | 42/50 [00:06<00:01,  7.57it/s, Saved at =inf, TrLoss=0.2059]
 Training FV-alpha-s4-t7:  86%|████████▌ | 43/50 [00:06<00:01,  6.71it/s, Saved at =inf, TrLoss=0.2059]
 Training FV-alpha-s4-t7:  86%|████████▌ | 43/50 [00:06<00:01,  6.71it/s, Saved at =inf, TrLoss=0.2131]
 Training FV-alpha-s4-t7:  88%|████████▊ | 44/50 [00:06<00:00,  6.29it/s, Saved at =inf, TrLoss=0.2131]
 Training FV-alpha-s4-t7:  88%|████████▊ | 44/50 [00:06<00:00,  6.29it/s, Saved at =inf, TrLoss=0.2091]
 Training FV-alpha-s4-t7:  90%|█████████ | 45/50 [00:06<00:00,  6.09it/s, Saved at =inf, TrLoss=0.2091]
 Training FV-alpha-s4-t7:  90%|█████████ | 45/50 [00:06<00:00,  6.09it/s, Saved at =inf, TrLoss=0.2157]
 Training FV-alpha-s4-t7:  92%|█████████▏| 46/50 [00:06<00:00,  6.07it/s, Saved at =inf, TrLoss=0.2157]
 Training FV-alpha-s4-t7:  92%|█████████▏| 46/50 [00:06<00:00,  6.07it/s, Saved at =inf, TrLoss=0.2164]
 Training FV-alpha-s4-t7:  94%|█████████▍| 47/50 [00:06<00:00,  5.47it/s, Saved at =inf, TrLoss=0.2164]
 Training FV-alpha-s4-t7:  94%|█████████▍| 47/50 [00:06<00:00,  5.47it/s, Saved at =inf, TrLoss=0.2077]
 Training FV-alpha-s4-t7:  96%|█████████▌| 48/50 [00:06<00:00,  5.65it/s, Saved at =inf, TrLoss=0.2077]
 Training FV-alpha-s4-t7:  96%|█████████▌| 48/50 [00:07<00:00,  5.65it/s, Saved at =inf, TrLoss=0.2093]
 Training FV-alpha-s4-t7:  98%|█████████▊| 49/50 [00:07<00:00,  6.15it/s, Saved at =inf, TrLoss=0.2093]
 Training FV-alpha-s4-t7:  98%|█████████▊| 49/50 [00:07<00:00,  6.15it/s, Saved at =inf, TrLoss=0.1955]
 Training FV-alpha-s4-t7: 100%|██████████| 50/50 [00:07<00:00,  6.58it/s, Saved at =inf, TrLoss=0.1955]
 Training FV-alpha-s4-t7: 100%|██████████| 50/50 [00:07<00:00,  6.89it/s, Saved at =inf, TrLoss=0.1955]

 Training FV-alpha-s4-t8:   0%|          | 0/50 [00:00<?, ?it/s]
 Training FV-alpha-s4-t8:   0%|          | 0/50 [00:00<?, ?it/s, Saved at =inf, TrLoss=0.7797]
 Training FV-alpha-s4-t8:   2%|▏         | 1/50 [00:00<00:07,  6.75it/s, Saved at =inf, TrLoss=0.7797]
 Training FV-alpha-s4-t8:   2%|▏         | 1/50 [00:00<00:07,  6.75it/s, Saved at =inf, TrLoss=0.6754]
 Training FV-alpha-s4-t8:   4%|▍         | 2/50 [00:00<00:07,  6.78it/s, Saved at =inf, TrLoss=0.6754]
 Training FV-alpha-s4-t8:   4%|▍         | 2/50 [00:00<00:07,  6.78it/s, Saved at =inf, TrLoss=0.5963]
 Training FV-alpha-s4-t8:   6%|▌         | 3/50 [00:00<00:07,  6.67it/s, Saved at =inf, TrLoss=0.5963]
 Training FV-alpha-s4-t8:   6%|▌         | 3/50 [00:00<00:07,  6.67it/s, Saved at =inf, TrLoss=0.5728]
 Training FV-alpha-s4-t8:   8%|▊         | 4/50 [00:00<00:07,  5.93it/s, Saved at =inf, TrLoss=0.5728]
 Training FV-alpha-s4-t8:   8%|▊         | 4/50 [00:00<00:07,  5.93it/s, Saved at =inf, TrLoss=0.5345]
 Training FV-alpha-s4-t8:  10%|█         | 5/50 [00:00<00:08,  5.54it/s, Saved at =inf, TrLoss=0.5345]
 Training FV-alpha-s4-t8:  10%|█         | 5/50 [00:01<00:08,  5.54it/s, Saved at =inf, TrLoss=0.5029]
 Training FV-alpha-s4-t8:  12%|█▏        | 6/50 [00:01<00:08,  5.25it/s, Saved at =inf, TrLoss=0.5029]
 Training FV-alpha-s4-t8:  12%|█▏        | 6/50 [00:01<00:08,  5.25it/s, Saved at =inf, TrLoss=0.4634]
 Training FV-alpha-s4-t8:  14%|█▍        | 7/50 [00:01<00:08,  5.25it/s, Saved at =inf, TrLoss=0.4634]
 Training FV-alpha-s4-t8:  14%|█▍        | 7/50 [00:01<00:08,  5.25it/s, Saved at =inf, TrLoss=0.4402]
 Training FV-alpha-s4-t8:  16%|█▌        | 8/50 [00:01<00:07,  5.51it/s, Saved at =inf, TrLoss=0.4402]
 Training FV-alpha-s4-t8:  16%|█▌        | 8/50 [00:01<00:07,  5.51it/s, Saved at =inf, TrLoss=0.3909]
 Training FV-alpha-s4-t8:  18%|█▊        | 9/50 [00:01<00:07,  5.65it/s, Saved at =inf, TrLoss=0.3909]
 Training FV-alpha-s4-t8:  18%|█▊        | 9/50 [00:01<00:07,  5.65it/s, Saved at =inf, TrLoss=0.4051]
 Training FV-alpha-s4-t8:  20%|██        | 10/50 [00:01<00:07,  5.54it/s, Saved at =inf, TrLoss=0.4051]
 Training FV-alpha-s4-t8:  20%|██        | 10/50 [00:01<00:07,  5.54it/s, Saved at =inf, TrLoss=0.4471]
 Training FV-alpha-s4-t8:  22%|██▏       | 11/50 [00:01<00:06,  5.70it/s, Saved at =inf, TrLoss=0.4471]
 Training FV-alpha-s4-t8:  22%|██▏       | 11/50 [00:02<00:06,  5.70it/s, Saved at =inf, TrLoss=0.3469]
 Training FV-alpha-s4-t8:  24%|██▍       | 12/50 [00:02<00:06,  5.97it/s, Saved at =inf, TrLoss=0.3469]
 Training FV-alpha-s4-t8:  24%|██▍       | 12/50 [00:02<00:06,  5.97it/s, Saved at =inf, TrLoss=0.3900]
 Training FV-alpha-s4-t8:  26%|██▌       | 13/50 [00:02<00:06,  5.60it/s, Saved at =inf, TrLoss=0.3900]
 Training FV-alpha-s4-t8:  26%|██▌       | 13/50 [00:02<00:06,  5.60it/s, Saved at =inf, TrLoss=0.3305]
 Training FV-alpha-s4-t8:  28%|██▊       | 14/50 [00:02<00:06,  5.70it/s, Saved at =inf, TrLoss=0.3305]
 Training FV-alpha-s4-t8:  28%|██▊       | 14/50 [00:02<00:06,  5.70it/s, Saved at =inf, TrLoss=0.3594]
 Training FV-alpha-s4-t8:  30%|███       | 15/50 [00:02<00:05,  5.94it/s, Saved at =inf, TrLoss=0.3594]
 Training FV-alpha-s4-t8:  30%|███       | 15/50 [00:02<00:05,  5.94it/s, Saved at =inf, TrLoss=0.3397]
 Training FV-alpha-s4-t8:  32%|███▏      | 16/50 [00:02<00:05,  6.16it/s, Saved at =inf, TrLoss=0.3397]
 Training FV-alpha-s4-t8:  32%|███▏      | 16/50 [00:02<00:05,  6.16it/s, Saved at =inf, TrLoss=0.3297]
 Training FV-alpha-s4-t8:  34%|███▍      | 17/50 [00:02<00:05,  6.30it/s, Saved at =inf, TrLoss=0.3297]
 Training FV-alpha-s4-t8:  34%|███▍      | 17/50 [00:03<00:05,  6.30it/s, Saved at =inf, TrLoss=0.3345]
 Training FV-alpha-s4-t8:  36%|███▌      | 18/50 [00:03<00:04,  6.43it/s, Saved at =inf, TrLoss=0.3345]
 Training FV-alpha-s4-t8:  36%|███▌      | 18/50 [00:03<00:04,  6.43it/s, Saved at =inf, TrLoss=0.3178]
 Training FV-alpha-s4-t8:  38%|███▊      | 19/50 [00:03<00:04,  6.33it/s, Saved at =inf, TrLoss=0.3178]
 Training FV-alpha-s4-t8:  38%|███▊      | 19/50 [00:03<00:04,  6.33it/s, Saved at =inf, TrLoss=0.3165]
 Training FV-alpha-s4-t8:  40%|████      | 20/50 [00:03<00:04,  6.37it/s, Saved at =inf, TrLoss=0.3165]
 Training FV-alpha-s4-t8:  40%|████      | 20/50 [00:03<00:04,  6.37it/s, Saved at =inf, TrLoss=0.3179]
 Training FV-alpha-s4-t8:  42%|████▏     | 21/50 [00:03<00:04,  6.10it/s, Saved at =inf, TrLoss=0.3179]
 Training FV-alpha-s4-t8:  42%|████▏     | 21/50 [00:03<00:04,  6.10it/s, Saved at =inf, TrLoss=0.2990]
 Training FV-alpha-s4-t8:  44%|████▍     | 22/50 [00:03<00:04,  6.32it/s, Saved at =inf, TrLoss=0.2990]
 Training FV-alpha-s4-t8:  44%|████▍     | 22/50 [00:03<00:04,  6.32it/s, Saved at =inf, TrLoss=0.3080]
 Training FV-alpha-s4-t8:  46%|████▌     | 23/50 [00:03<00:04,  6.33it/s, Saved at =inf, TrLoss=0.3080]
 Training FV-alpha-s4-t8:  46%|████▌     | 23/50 [00:03<00:04,  6.33it/s, Saved at =inf, TrLoss=0.2924]
 Training FV-alpha-s4-t8:  48%|████▊     | 24/50 [00:04<00:04,  6.39it/s, Saved at =inf, TrLoss=0.2924]
 Training FV-alpha-s4-t8:  48%|████▊     | 24/50 [00:04<00:04,  6.39it/s, Saved at =inf, TrLoss=0.2986]
 Training FV-alpha-s4-t8:  50%|█████     | 25/50 [00:04<00:03,  6.45it/s, Saved at =inf, TrLoss=0.2986]
 Training FV-alpha-s4-t8:  50%|█████     | 25/50 [00:04<00:03,  6.45it/s, Saved at =inf, TrLoss=0.2861]
 Training FV-alpha-s4-t8:  52%|█████▏    | 26/50 [00:04<00:03,  6.53it/s, Saved at =inf, TrLoss=0.2861]
 Training FV-alpha-s4-t8:  52%|█████▏    | 26/50 [00:04<00:03,  6.53it/s, Saved at =inf, TrLoss=0.2973]
 Training FV-alpha-s4-t8:  54%|█████▍    | 27/50 [00:04<00:03,  6.57it/s, Saved at =inf, TrLoss=0.2973]
 Training FV-alpha-s4-t8:  54%|█████▍    | 27/50 [00:04<00:03,  6.57it/s, Saved at =inf, TrLoss=0.2652]
 Training FV-alpha-s4-t8:  56%|█████▌    | 28/50 [00:04<00:03,  6.61it/s, Saved at =inf, TrLoss=0.2652]
 Training FV-alpha-s4-t8:  56%|█████▌    | 28/50 [00:04<00:03,  6.61it/s, Saved at =inf, TrLoss=0.2913]
 Training FV-alpha-s4-t8:  58%|█████▊    | 29/50 [00:04<00:03,  6.36it/s, Saved at =inf, TrLoss=0.2913]
 Training FV-alpha-s4-t8:  58%|█████▊    | 29/50 [00:04<00:03,  6.36it/s, Saved at =inf, TrLoss=0.2636]
 Training FV-alpha-s4-t8:  60%|██████    | 30/50 [00:04<00:03,  6.37it/s, Saved at =inf, TrLoss=0.2636]
 Training FV-alpha-s4-t8:  60%|██████    | 30/50 [00:05<00:03,  6.37it/s, Saved at =inf, TrLoss=0.2724]
 Training FV-alpha-s4-t8:  62%|██████▏   | 31/50 [00:05<00:03,  5.30it/s, Saved at =inf, TrLoss=0.2724]
 Training FV-alpha-s4-t8:  62%|██████▏   | 31/50 [00:05<00:03,  5.30it/s, Saved at =inf, TrLoss=0.2637]
 Training FV-alpha-s4-t8:  64%|██████▍   | 32/50 [00:05<00:03,  5.66it/s, Saved at =inf, TrLoss=0.2637]
 Training FV-alpha-s4-t8:  64%|██████▍   | 32/50 [00:05<00:03,  5.66it/s, Saved at =inf, TrLoss=0.2718]
 Training FV-alpha-s4-t8:  66%|██████▌   | 33/50 [00:05<00:02,  5.74it/s, Saved at =inf, TrLoss=0.2718]
 Training FV-alpha-s4-t8:  66%|██████▌   | 33/50 [00:05<00:02,  5.74it/s, Saved at =inf, TrLoss=0.2631]
 Training FV-alpha-s4-t8:  68%|██████▊   | 34/50 [00:05<00:02,  5.99it/s, Saved at =inf, TrLoss=0.2631]
 Training FV-alpha-s4-t8:  68%|██████▊   | 34/50 [00:05<00:02,  5.99it/s, Saved at =inf, TrLoss=0.2667]
 Training FV-alpha-s4-t8:  70%|███████   | 35/50 [00:05<00:02,  5.98it/s, Saved at =inf, TrLoss=0.2667]
 Training FV-alpha-s4-t8:  70%|███████   | 35/50 [00:05<00:02,  5.98it/s, Saved at =inf, TrLoss=0.2486]
 Training FV-alpha-s4-t8:  72%|███████▏  | 36/50 [00:05<00:02,  6.12it/s, Saved at =inf, TrLoss=0.2486]
 Training FV-alpha-s4-t8:  72%|███████▏  | 36/50 [00:06<00:02,  6.12it/s, Saved at =inf, TrLoss=0.2603]
 Training FV-alpha-s4-t8:  74%|███████▍  | 37/50 [00:06<00:02,  6.10it/s, Saved at =inf, TrLoss=0.2603]
 Training FV-alpha-s4-t8:  74%|███████▍  | 37/50 [00:06<00:02,  6.10it/s, Saved at =inf, TrLoss=0.2443]
 Training FV-alpha-s4-t8:  76%|███████▌  | 38/50 [00:06<00:01,  6.25it/s, Saved at =inf, TrLoss=0.2443]
 Training FV-alpha-s4-t8:  76%|███████▌  | 38/50 [00:06<00:01,  6.25it/s, Saved at =inf, TrLoss=0.2587]
 Training FV-alpha-s4-t8:  78%|███████▊  | 39/50 [00:06<00:01,  6.39it/s, Saved at =inf, TrLoss=0.2587]
 Training FV-alpha-s4-t8:  78%|███████▊  | 39/50 [00:06<00:01,  6.39it/s, Saved at =inf, TrLoss=0.2429]
 Training FV-alpha-s4-t8:  80%|████████  | 40/50 [00:06<00:01,  6.54it/s, Saved at =inf, TrLoss=0.2429]
 Training FV-alpha-s4-t8:  80%|████████  | 40/50 [00:06<00:01,  6.54it/s, Saved at =inf, TrLoss=0.2575]
 Training FV-alpha-s4-t8:  82%|████████▏ | 41/50 [00:06<00:01,  6.72it/s, Saved at =inf, TrLoss=0.2575]
 Training FV-alpha-s4-t8:  82%|████████▏ | 41/50 [00:06<00:01,  6.72it/s, Saved at =inf, TrLoss=0.2428]
 Training FV-alpha-s4-t8:  84%|████████▍ | 42/50 [00:06<00:01,  6.26it/s, Saved at =inf, TrLoss=0.2428]
 Training FV-alpha-s4-t8:  84%|████████▍ | 42/50 [00:07<00:01,  6.26it/s, Saved at =inf, TrLoss=0.2363]
 Training FV-alpha-s4-t8:  86%|████████▌ | 43/50 [00:07<00:01,  6.46it/s, Saved at =inf, TrLoss=0.2363]
 Training FV-alpha-s4-t8:  86%|████████▌ | 43/50 [00:07<00:01,  6.46it/s, Saved at =inf, TrLoss=0.2370]
 Training FV-alpha-s4-t8:  88%|████████▊ | 44/50 [00:07<00:00,  6.40it/s, Saved at =inf, TrLoss=0.2370]
 Training FV-alpha-s4-t8:  88%|████████▊ | 44/50 [00:07<00:00,  6.40it/s, Saved at =inf, TrLoss=0.2283]
 Training FV-alpha-s4-t8:  90%|█████████ | 45/50 [00:07<00:00,  6.45it/s, Saved at =inf, TrLoss=0.2283]
 Training FV-alpha-s4-t8:  90%|█████████ | 45/50 [00:07<00:00,  6.45it/s, Saved at =inf, TrLoss=0.2343]
 Training FV-alpha-s4-t8:  92%|█████████▏| 46/50 [00:07<00:00,  6.52it/s, Saved at =inf, TrLoss=0.2343]
 Training FV-alpha-s4-t8:  92%|█████████▏| 46/50 [00:07<00:00,  6.52it/s, Saved at =inf, TrLoss=0.2303]
 Training FV-alpha-s4-t8:  94%|█████████▍| 47/50 [00:07<00:00,  6.60it/s, Saved at =inf, TrLoss=0.2303]
 Training FV-alpha-s4-t8:  94%|█████████▍| 47/50 [00:07<00:00,  6.60it/s, Saved at =inf, TrLoss=0.2301]
 Training FV-alpha-s4-t8:  96%|█████████▌| 48/50 [00:07<00:00,  6.42it/s, Saved at =inf, TrLoss=0.2301]
 Training FV-alpha-s4-t8:  96%|█████████▌| 48/50 [00:07<00:00,  6.42it/s, Saved at =inf, TrLoss=0.2215]
 Training FV-alpha-s4-t8:  98%|█████████▊| 49/50 [00:07<00:00,  6.34it/s, Saved at =inf, TrLoss=0.2215]
 Training FV-alpha-s4-t8:  98%|█████████▊| 49/50 [00:08<00:00,  6.34it/s, Saved at =inf, TrLoss=0.2214]
 Training FV-alpha-s4-t8: 100%|██████████| 50/50 [00:08<00:00,  5.68it/s, Saved at =inf, TrLoss=0.2214]
 Training FV-alpha-s4-t8: 100%|██████████| 50/50 [00:08<00:00,  6.09it/s, Saved at =inf, TrLoss=0.2214]

 Training FV-alpha-s4-t9:   0%|          | 0/50 [00:00<?, ?it/s]
 Training FV-alpha-s4-t9:   0%|          | 0/50 [00:00<?, ?it/s, Saved at =inf, TrLoss=0.7376]
 Training FV-alpha-s4-t9:   2%|▏         | 1/50 [00:00<00:12,  4.00it/s, Saved at =inf, TrLoss=0.7376]
 Training FV-alpha-s4-t9:   2%|▏         | 1/50 [00:00<00:12,  4.00it/s, Saved at =inf, TrLoss=0.6777]
 Training FV-alpha-s4-t9:   4%|▍         | 2/50 [00:00<00:11,  4.24it/s, Saved at =inf, TrLoss=0.6777]
 Training FV-alpha-s4-t9:   4%|▍         | 2/50 [00:00<00:11,  4.24it/s, Saved at =inf, TrLoss=0.6085]
 Training FV-alpha-s4-t9:   6%|▌         | 3/50 [00:00<00:12,  3.83it/s, Saved at =inf, TrLoss=0.6085]
 Training FV-alpha-s4-t9:   6%|▌         | 3/50 [00:00<00:12,  3.83it/s, Saved at =inf, TrLoss=0.5942]
 Training FV-alpha-s4-t9:   8%|▊         | 4/50 [00:01<00:13,  3.49it/s, Saved at =inf, TrLoss=0.5942]
 Training FV-alpha-s4-t9:   8%|▊         | 4/50 [00:01<00:13,  3.49it/s, Saved at =inf, TrLoss=0.5198]
 Training FV-alpha-s4-t9:  10%|█         | 5/50 [00:01<00:14,  3.18it/s, Saved at =inf, TrLoss=0.5198]
 Training FV-alpha-s4-t9:  10%|█         | 5/50 [00:01<00:14,  3.18it/s, Saved at =inf, TrLoss=0.5293]
 Training FV-alpha-s4-t9:  12%|█▏        | 6/50 [00:01<00:13,  3.28it/s, Saved at =inf, TrLoss=0.5293]
 Training FV-alpha-s4-t9:  12%|█▏        | 6/50 [00:01<00:13,  3.28it/s, Saved at =inf, TrLoss=0.4375]
 Training FV-alpha-s4-t9:  14%|█▍        | 7/50 [00:01<00:11,  3.82it/s, Saved at =inf, TrLoss=0.4375]
 Training FV-alpha-s4-t9:  14%|█▍        | 7/50 [00:02<00:11,  3.82it/s, Saved at =inf, TrLoss=0.4247]
 Training FV-alpha-s4-t9:  16%|█▌        | 8/50 [00:02<00:10,  3.83it/s, Saved at =inf, TrLoss=0.4247]
 Training FV-alpha-s4-t9:  16%|█▌        | 8/50 [00:02<00:10,  3.83it/s, Saved at =inf, TrLoss=0.3759]
 Training FV-alpha-s4-t9:  18%|█▊        | 9/50 [00:02<00:10,  3.98it/s, Saved at =inf, TrLoss=0.3759]
 Training FV-alpha-s4-t9:  18%|█▊        | 9/50 [00:02<00:10,  3.98it/s, Saved at =inf, TrLoss=0.4041]
 Training FV-alpha-s4-t9:  20%|██        | 10/50 [00:02<00:10,  3.78it/s, Saved at =inf, TrLoss=0.4041]
 Training FV-alpha-s4-t9:  20%|██        | 10/50 [00:02<00:10,  3.78it/s, Saved at =inf, TrLoss=0.3581]
 Training FV-alpha-s4-t9:  22%|██▏       | 11/50 [00:02<00:10,  3.84it/s, Saved at =inf, TrLoss=0.3581]
 Training FV-alpha-s4-t9:  22%|██▏       | 11/50 [00:03<00:10,  3.84it/s, Saved at =inf, TrLoss=0.3779]
 Training FV-alpha-s4-t9:  24%|██▍       | 12/50 [00:03<00:11,  3.44it/s, Saved at =inf, TrLoss=0.3779]
 Training FV-alpha-s4-t9:  24%|██▍       | 12/50 [00:03<00:11,  3.44it/s, Saved at =inf, TrLoss=0.3346]
 Training FV-alpha-s4-t9:  26%|██▌       | 13/50 [00:03<00:10,  3.42it/s, Saved at =inf, TrLoss=0.3346]
 Training FV-alpha-s4-t9:  26%|██▌       | 13/50 [00:03<00:10,  3.42it/s, Saved at =inf, TrLoss=0.3467]
 Training FV-alpha-s4-t9:  28%|██▊       | 14/50 [00:03<00:11,  3.21it/s, Saved at =inf, TrLoss=0.3467]
 Training FV-alpha-s4-t9:  28%|██▊       | 14/50 [00:04<00:11,  3.21it/s, Saved at =inf, TrLoss=0.3179]
 Training FV-alpha-s4-t9:  30%|███       | 15/50 [00:04<00:10,  3.45it/s, Saved at =inf, TrLoss=0.3179]
 Training FV-alpha-s4-t9:  30%|███       | 15/50 [00:04<00:10,  3.45it/s, Saved at =inf, TrLoss=0.3259]
 Training FV-alpha-s4-t9:  32%|███▏      | 16/50 [00:04<00:08,  3.93it/s, Saved at =inf, TrLoss=0.3259]
 Training FV-alpha-s4-t9:  32%|███▏      | 16/50 [00:04<00:08,  3.93it/s, Saved at =inf, TrLoss=0.3125]
 Training FV-alpha-s4-t9:  34%|███▍      | 17/50 [00:04<00:07,  4.38it/s, Saved at =inf, TrLoss=0.3125]
 Training FV-alpha-s4-t9:  34%|███▍      | 17/50 [00:04<00:07,  4.38it/s, Saved at =inf, TrLoss=0.3241]
 Training FV-alpha-s4-t9:  36%|███▌      | 18/50 [00:04<00:06,  4.76it/s, Saved at =inf, TrLoss=0.3241]
 Training FV-alpha-s4-t9:  36%|███▌      | 18/50 [00:04<00:06,  4.76it/s, Saved at =inf, TrLoss=0.2914]
 Training FV-alpha-s4-t9:  38%|███▊      | 19/50 [00:04<00:06,  5.04it/s, Saved at =inf, TrLoss=0.2914]
 Training FV-alpha-s4-t9:  38%|███▊      | 19/50 [00:05<00:06,  5.04it/s, Saved at =inf, TrLoss=0.3186]
 Training FV-alpha-s4-t9:  40%|████      | 20/50 [00:05<00:06,  4.84it/s, Saved at =inf, TrLoss=0.3186]
 Training FV-alpha-s4-t9:  40%|████      | 20/50 [00:05<00:06,  4.84it/s, Saved at =inf, TrLoss=0.3058]
 Training FV-alpha-s4-t9:  42%|████▏     | 21/50 [00:05<00:06,  4.22it/s, Saved at =inf, TrLoss=0.3058]
 Training FV-alpha-s4-t9:  42%|████▏     | 21/50 [00:05<00:06,  4.22it/s, Saved at =inf, TrLoss=0.2830]
 Training FV-alpha-s4-t9:  44%|████▍     | 22/50 [00:05<00:06,  4.24it/s, Saved at =inf, TrLoss=0.2830]
 Training FV-alpha-s4-t9:  44%|████▍     | 22/50 [00:05<00:06,  4.24it/s, Saved at =inf, TrLoss=0.2802]
 Training FV-alpha-s4-t9:  46%|████▌     | 23/50 [00:05<00:06,  4.47it/s, Saved at =inf, TrLoss=0.2802]
 Training FV-alpha-s4-t9:  46%|████▌     | 23/50 [00:06<00:06,  4.47it/s, Saved at =inf, TrLoss=0.2758]
 Training FV-alpha-s4-t9:  48%|████▊     | 24/50 [00:06<00:05,  4.43it/s, Saved at =inf, TrLoss=0.2758]
 Training FV-alpha-s4-t9:  48%|████▊     | 24/50 [00:06<00:05,  4.43it/s, Saved at =inf, TrLoss=0.2853]
 Training FV-alpha-s4-t9:  50%|█████     | 25/50 [00:06<00:05,  4.44it/s, Saved at =inf, TrLoss=0.2853]
 Training FV-alpha-s4-t9:  50%|█████     | 25/50 [00:06<00:05,  4.44it/s, Saved at =inf, TrLoss=0.2688]
 Training FV-alpha-s4-t9:  52%|█████▏    | 26/50 [00:06<00:05,  4.25it/s, Saved at =inf, TrLoss=0.2688]
 Training FV-alpha-s4-t9:  52%|█████▏    | 26/50 [00:06<00:05,  4.25it/s, Saved at =inf, TrLoss=0.2911]
 Training FV-alpha-s4-t9:  54%|█████▍    | 27/50 [00:06<00:05,  4.36it/s, Saved at =inf, TrLoss=0.2911]
 Training FV-alpha-s4-t9:  54%|█████▍    | 27/50 [00:06<00:05,  4.36it/s, Saved at =inf, TrLoss=0.2601]
 Training FV-alpha-s4-t9:  56%|█████▌    | 28/50 [00:07<00:05,  4.35it/s, Saved at =inf, TrLoss=0.2601]
 Training FV-alpha-s4-t9:  56%|█████▌    | 28/50 [00:07<00:05,  4.35it/s, Saved at =inf, TrLoss=0.2798]
 Training FV-alpha-s4-t9:  58%|█████▊    | 29/50 [00:07<00:05,  4.07it/s, Saved at =inf, TrLoss=0.2798]
 Training FV-alpha-s4-t9:  58%|█████▊    | 29/50 [00:07<00:05,  4.07it/s, Saved at =inf, TrLoss=0.2582]
 Training FV-alpha-s4-t9:  60%|██████    | 30/50 [00:07<00:04,  4.44it/s, Saved at =inf, TrLoss=0.2582]
 Training FV-alpha-s4-t9:  60%|██████    | 30/50 [00:07<00:04,  4.44it/s, Saved at =inf, TrLoss=0.2568]
 Training FV-alpha-s4-t9:  62%|██████▏   | 31/50 [00:07<00:04,  4.40it/s, Saved at =inf, TrLoss=0.2568]
 Training FV-alpha-s4-t9:  62%|██████▏   | 31/50 [00:07<00:04,  4.40it/s, Saved at =inf, TrLoss=0.2535]
 Training FV-alpha-s4-t9:  64%|██████▍   | 32/50 [00:07<00:04,  4.24it/s, Saved at =inf, TrLoss=0.2535]
 Training FV-alpha-s4-t9:  64%|██████▍   | 32/50 [00:08<00:04,  4.24it/s, Saved at =inf, TrLoss=0.2469]
 Training FV-alpha-s4-t9:  66%|██████▌   | 33/50 [00:08<00:04,  3.90it/s, Saved at =inf, TrLoss=0.2469]
 Training FV-alpha-s4-t9:  66%|██████▌   | 33/50 [00:08<00:04,  3.90it/s, Saved at =inf, TrLoss=0.2552]
 Training FV-alpha-s4-t9:  68%|██████▊   | 34/50 [00:08<00:04,  3.58it/s, Saved at =inf, TrLoss=0.2552]
 Training FV-alpha-s4-t9:  68%|██████▊   | 34/50 [00:08<00:04,  3.58it/s, Saved at =inf, TrLoss=0.2356]
 Training FV-alpha-s4-t9:  70%|███████   | 35/50 [00:08<00:04,  3.46it/s, Saved at =inf, TrLoss=0.2356]
 Training FV-alpha-s4-t9:  70%|███████   | 35/50 [00:09<00:04,  3.46it/s, Saved at =inf, TrLoss=0.2395]
 Training FV-alpha-s4-t9:  72%|███████▏  | 36/50 [00:09<00:04,  3.30it/s, Saved at =inf, TrLoss=0.2395]
 Training FV-alpha-s4-t9:  72%|███████▏  | 36/50 [00:09<00:04,  3.30it/s, Saved at =inf, TrLoss=0.2293]
 Training FV-alpha-s4-t9:  74%|███████▍  | 37/50 [00:09<00:04,  3.24it/s, Saved at =inf, TrLoss=0.2293]
 Training FV-alpha-s4-t9:  74%|███████▍  | 37/50 [00:09<00:04,  3.24it/s, Saved at =inf, TrLoss=0.2334]
 Training FV-alpha-s4-t9:  76%|███████▌  | 38/50 [00:09<00:03,  3.20it/s, Saved at =inf, TrLoss=0.2334]
 Training FV-alpha-s4-t9:  76%|███████▌  | 38/50 [00:10<00:03,  3.20it/s, Saved at =inf, TrLoss=0.2342]
 Training FV-alpha-s4-t9:  78%|███████▊  | 39/50 [00:10<00:03,  3.18it/s, Saved at =inf, TrLoss=0.2342]
 Training FV-alpha-s4-t9:  78%|███████▊  | 39/50 [00:10<00:03,  3.18it/s, Saved at =inf, TrLoss=0.2250]
 Training FV-alpha-s4-t9:  80%|████████  | 40/50 [00:10<00:03,  3.18it/s, Saved at =inf, TrLoss=0.2250]
 Training FV-alpha-s4-t9:  80%|████████  | 40/50 [00:10<00:03,  3.18it/s, Saved at =inf, TrLoss=0.2320]
 Training FV-alpha-s4-t9:  82%|████████▏ | 41/50 [00:10<00:02,  3.12it/s, Saved at =inf, TrLoss=0.2320]
 Training FV-alpha-s4-t9:  82%|████████▏ | 41/50 [00:11<00:02,  3.12it/s, Saved at =inf, TrLoss=0.2286]
 Training FV-alpha-s4-t9:  84%|████████▍ | 42/50 [00:11<00:02,  3.35it/s, Saved at =inf, TrLoss=0.2286]
 Training FV-alpha-s4-t9:  84%|████████▍ | 42/50 [00:11<00:02,  3.35it/s, Saved at =inf, TrLoss=0.2156]
 Training FV-alpha-s4-t9:  86%|████████▌ | 43/50 [00:11<00:02,  3.44it/s, Saved at =inf, TrLoss=0.2156]
 Training FV-alpha-s4-t9:  86%|████████▌ | 43/50 [00:11<00:02,  3.44it/s, Saved at =inf, TrLoss=0.2223]
 Training FV-alpha-s4-t9:  88%|████████▊ | 44/50 [00:11<00:01,  3.02it/s, Saved at =inf, TrLoss=0.2223]
 Training FV-alpha-s4-t9:  88%|████████▊ | 44/50 [00:12<00:01,  3.02it/s, Saved at =inf, TrLoss=0.2094]
 Training FV-alpha-s4-t9:  90%|█████████ | 45/50 [00:12<00:01,  3.01it/s, Saved at =inf, TrLoss=0.2094]
 Training FV-alpha-s4-t9:  90%|█████████ | 45/50 [00:12<00:01,  3.01it/s, Saved at =inf, TrLoss=0.2140]
 Training FV-alpha-s4-t9:  92%|█████████▏| 46/50 [00:12<00:01,  3.37it/s, Saved at =inf, TrLoss=0.2140]
 Training FV-alpha-s4-t9:  92%|█████████▏| 46/50 [00:12<00:01,  3.37it/s, Saved at =inf, TrLoss=0.2123]
 Training FV-alpha-s4-t9:  94%|█████████▍| 47/50 [00:12<00:00,  3.59it/s, Saved at =inf, TrLoss=0.2123]
 Training FV-alpha-s4-t9:  94%|█████████▍| 47/50 [00:12<00:00,  3.59it/s, Saved at =inf, TrLoss=0.2157]
 Training FV-alpha-s4-t9:  96%|█████████▌| 48/50 [00:12<00:00,  3.61it/s, Saved at =inf, TrLoss=0.2157]
 Training FV-alpha-s4-t9:  96%|█████████▌| 48/50 [00:13<00:00,  3.61it/s, Saved at =inf, TrLoss=0.2293]
 Training FV-alpha-s4-t9:  98%|█████████▊| 49/50 [00:13<00:00,  3.61it/s, Saved at =inf, TrLoss=0.2293]
 Training FV-alpha-s4-t9:  98%|█████████▊| 49/50 [00:13<00:00,  3.61it/s, Saved at =inf, TrLoss=0.2329]
 Training FV-alpha-s4-t9: 100%|██████████| 50/50 [00:13<00:00,  3.66it/s, Saved at =inf, TrLoss=0.2329]
 Training FV-alpha-s4-t9: 100%|██████████| 50/50 [00:13<00:00,  3.73it/s, Saved at =inf, TrLoss=0.2329]

 Training ATK-alpha-s4-t7:   0%|          | 0/50 [00:00<?, ?it/s]
 Training ATK-alpha-s4-t7:   0%|          | 0/50 [00:00<?, ?it/s, Saved at =inf, TrLoss=0.8183]
 Training ATK-alpha-s4-t7:   2%|▏         | 1/50 [00:00<00:10,  4.67it/s, Saved at =inf, TrLoss=0.8183]
 Training ATK-alpha-s4-t7:   2%|▏         | 1/50 [00:00<00:10,  4.67it/s, Saved at =inf, TrLoss=0.6454]
 Training ATK-alpha-s4-t7:   4%|▍         | 2/50 [00:00<00:12,  3.98it/s, Saved at =inf, TrLoss=0.6454]
 Training ATK-alpha-s4-t7:   4%|▍         | 2/50 [00:00<00:12,  3.98it/s, Saved at =inf, TrLoss=0.5800]
 Training ATK-alpha-s4-t7:   6%|▌         | 3/50 [00:00<00:10,  4.36it/s, Saved at =inf, TrLoss=0.5800]
 Training ATK-alpha-s4-t7:   6%|▌         | 3/50 [00:00<00:10,  4.36it/s, Saved at =inf, TrLoss=0.5554]
 Training ATK-alpha-s4-t7:   8%|▊         | 4/50 [00:00<00:09,  4.61it/s, Saved at =inf, TrLoss=0.5554]
 Training ATK-alpha-s4-t7:   8%|▊         | 4/50 [00:01<00:09,  4.61it/s, Saved at =inf, TrLoss=0.5266]
 Training ATK-alpha-s4-t7:  10%|█         | 5/50 [00:01<00:09,  4.50it/s, Saved at =inf, TrLoss=0.5266]
 Training ATK-alpha-s4-t7:  10%|█         | 5/50 [00:01<00:09,  4.50it/s, Saved at =inf, TrLoss=0.4982]
 Training ATK-alpha-s4-t7:  12%|█▏        | 6/50 [00:01<00:10,  4.26it/s, Saved at =inf, TrLoss=0.4982]
 Training ATK-alpha-s4-t7:  12%|█▏        | 6/50 [00:01<00:10,  4.26it/s, Saved at =inf, TrLoss=0.4603]
 Training ATK-alpha-s4-t7:  14%|█▍        | 7/50 [00:01<00:09,  4.43it/s, Saved at =inf, TrLoss=0.4603]
 Training ATK-alpha-s4-t7:  14%|█▍        | 7/50 [00:01<00:09,  4.43it/s, Saved at =inf, TrLoss=0.4319]
 Training ATK-alpha-s4-t7:  16%|█▌        | 8/50 [00:01<00:10,  3.88it/s, Saved at =inf, TrLoss=0.4319]
 Training ATK-alpha-s4-t7:  16%|█▌        | 8/50 [00:02<00:10,  3.88it/s, Saved at =inf, TrLoss=0.3927]
 Training ATK-alpha-s4-t7:  18%|█▊        | 9/50 [00:02<00:10,  3.82it/s, Saved at =inf, TrLoss=0.3927]
 Training ATK-alpha-s4-t7:  18%|█▊        | 9/50 [00:02<00:10,  3.82it/s, Saved at =inf, TrLoss=0.3715]
 Training ATK-alpha-s4-t7:  20%|██        | 10/50 [00:02<00:10,  3.98it/s, Saved at =inf, TrLoss=0.3715]
 Training ATK-alpha-s4-t7:  20%|██        | 10/50 [00:02<00:10,  3.98it/s, Saved at =inf, TrLoss=0.3488]
 Training ATK-alpha-s4-t7:  22%|██▏       | 11/50 [00:02<00:08,  4.37it/s, Saved at =inf, TrLoss=0.3488]
 Training ATK-alpha-s4-t7:  22%|██▏       | 11/50 [00:02<00:08,  4.37it/s, Saved at =inf, TrLoss=0.3229]
 Training ATK-alpha-s4-t7:  24%|██▍       | 12/50 [00:02<00:08,  4.74it/s, Saved at =inf, TrLoss=0.3229]
 Training ATK-alpha-s4-t7:  24%|██▍       | 12/50 [00:02<00:08,  4.74it/s, Saved at =inf, TrLoss=0.3299]
 Training ATK-alpha-s4-t7:  26%|██▌       | 13/50 [00:02<00:07,  4.94it/s, Saved at =inf, TrLoss=0.3299]
 Training ATK-alpha-s4-t7:  26%|██▌       | 13/50 [00:03<00:07,  4.94it/s, Saved at =inf, TrLoss=0.3187]
 Training ATK-alpha-s4-t7:  28%|██▊       | 14/50 [00:03<00:07,  5.12it/s, Saved at =inf, TrLoss=0.3187]
 Training ATK-alpha-s4-t7:  28%|██▊       | 14/50 [00:03<00:07,  5.12it/s, Saved at =inf, TrLoss=0.2973]
 Training ATK-alpha-s4-t7:  30%|███       | 15/50 [00:03<00:06,  5.33it/s, Saved at =inf, TrLoss=0.2973]
 Training ATK-alpha-s4-t7:  30%|███       | 15/50 [00:03<00:06,  5.33it/s, Saved at =inf, TrLoss=0.2997]
 Training ATK-alpha-s4-t7:  32%|███▏      | 16/50 [00:03<00:06,  5.41it/s, Saved at =inf, TrLoss=0.2997]
 Training ATK-alpha-s4-t7:  32%|███▏      | 16/50 [00:03<00:06,  5.41it/s, Saved at =inf, TrLoss=0.2813]
 Training ATK-alpha-s4-t7:  34%|███▍      | 17/50 [00:03<00:06,  5.44it/s, Saved at =inf, TrLoss=0.2813]
 Training ATK-alpha-s4-t7:  34%|███▍      | 17/50 [00:03<00:06,  5.44it/s, Saved at =inf, TrLoss=0.2635]
 Training ATK-alpha-s4-t7:  36%|███▌      | 18/50 [00:03<00:06,  5.33it/s, Saved at =inf, TrLoss=0.2635]
 Training ATK-alpha-s4-t7:  36%|███▌      | 18/50 [00:03<00:06,  5.33it/s, Saved at =inf, TrLoss=0.2643]
 Training ATK-alpha-s4-t7:  38%|███▊      | 19/50 [00:04<00:05,  5.43it/s, Saved at =inf, TrLoss=0.2643]
 Training ATK-alpha-s4-t7:  38%|███▊      | 19/50 [00:04<00:05,  5.43it/s, Saved at =inf, TrLoss=0.2611]
 Training ATK-alpha-s4-t7:  40%|████      | 20/50 [00:04<00:05,  5.48it/s, Saved at =inf, TrLoss=0.2611]
 Training ATK-alpha-s4-t7:  40%|████      | 20/50 [00:04<00:05,  5.48it/s, Saved at =inf, TrLoss=0.2618]
 Training ATK-alpha-s4-t7:  42%|████▏     | 21/50 [00:04<00:05,  5.12it/s, Saved at =inf, TrLoss=0.2618]
 Training ATK-alpha-s4-t7:  42%|████▏     | 21/50 [00:04<00:05,  5.12it/s, Saved at =inf, TrLoss=0.2726]
 Training ATK-alpha-s4-t7:  44%|████▍     | 22/50 [00:04<00:05,  5.06it/s, Saved at =inf, TrLoss=0.2726]
 Training ATK-alpha-s4-t7:  44%|████▍     | 22/50 [00:04<00:05,  5.06it/s, Saved at =inf, TrLoss=0.2546]
 Training ATK-alpha-s4-t7:  46%|████▌     | 23/50 [00:04<00:05,  4.68it/s, Saved at =inf, TrLoss=0.2546]
 Training ATK-alpha-s4-t7:  46%|████▌     | 23/50 [00:05<00:05,  4.68it/s, Saved at =inf, TrLoss=0.2498]
 Training ATK-alpha-s4-t7:  48%|████▊     | 24/50 [00:05<00:05,  4.36it/s, Saved at =inf, TrLoss=0.2498]
 Training ATK-alpha-s4-t7:  48%|████▊     | 24/50 [00:05<00:05,  4.36it/s, Saved at =inf, TrLoss=0.2705]
 Training ATK-alpha-s4-t7:  50%|█████     | 25/50 [00:05<00:05,  4.68it/s, Saved at =inf, TrLoss=0.2705]
 Training ATK-alpha-s4-t7:  50%|█████     | 25/50 [00:05<00:05,  4.68it/s, Saved at =inf, TrLoss=0.2416]
 Training ATK-alpha-s4-t7:  52%|█████▏    | 26/50 [00:05<00:04,  5.01it/s, Saved at =inf, TrLoss=0.2416]
 Training ATK-alpha-s4-t7:  52%|█████▏    | 26/50 [00:05<00:04,  5.01it/s, Saved at =inf, TrLoss=0.2631]
 Training ATK-alpha-s4-t7:  54%|█████▍    | 27/50 [00:05<00:04,  5.18it/s, Saved at =inf, TrLoss=0.2631]
 Training ATK-alpha-s4-t7:  54%|█████▍    | 27/50 [00:05<00:04,  5.18it/s, Saved at =inf, TrLoss=0.2320]
 Training ATK-alpha-s4-t7:  56%|█████▌    | 28/50 [00:05<00:03,  5.66it/s, Saved at =inf, TrLoss=0.2320]
 Training ATK-alpha-s4-t7:  56%|█████▌    | 28/50 [00:05<00:03,  5.66it/s, Saved at =inf, TrLoss=0.2617]
 Training ATK-alpha-s4-t7:  58%|█████▊    | 29/50 [00:05<00:03,  5.63it/s, Saved at =inf, TrLoss=0.2617]
 Training ATK-alpha-s4-t7:  58%|█████▊    | 29/50 [00:06<00:03,  5.63it/s, Saved at =inf, TrLoss=0.2351]
 Training ATK-alpha-s4-t7:  60%|██████    | 30/50 [00:06<00:04,  4.39it/s, Saved at =inf, TrLoss=0.2351]
 Training ATK-alpha-s4-t7:  60%|██████    | 30/50 [00:06<00:04,  4.39it/s, Saved at =inf, TrLoss=0.2400]
 Training ATK-alpha-s4-t7:  62%|██████▏   | 31/50 [00:06<00:04,  4.69it/s, Saved at =inf, TrLoss=0.2400]
 Training ATK-alpha-s4-t7:  62%|██████▏   | 31/50 [00:06<00:04,  4.69it/s, Saved at =inf, TrLoss=0.2327]
 Training ATK-alpha-s4-t7:  64%|██████▍   | 32/50 [00:06<00:03,  4.80it/s, Saved at =inf, TrLoss=0.2327]
 Training ATK-alpha-s4-t7:  64%|██████▍   | 32/50 [00:06<00:03,  4.80it/s, Saved at =inf, TrLoss=0.2222]
 Training ATK-alpha-s4-t7:  66%|██████▌   | 33/50 [00:06<00:03,  4.84it/s, Saved at =inf, TrLoss=0.2222]
 Training ATK-alpha-s4-t7:  66%|██████▌   | 33/50 [00:06<00:03,  4.84it/s, Saved at =inf, TrLoss=0.2381]
 Training ATK-alpha-s4-t7:  68%|██████▊   | 34/50 [00:07<00:03,  5.11it/s, Saved at =inf, TrLoss=0.2381]
 Training ATK-alpha-s4-t7:  68%|██████▊   | 34/50 [00:07<00:03,  5.11it/s, Saved at =inf, TrLoss=0.2198]
 Training ATK-alpha-s4-t7:  70%|███████   | 35/50 [00:07<00:02,  5.27it/s, Saved at =inf, TrLoss=0.2198]
 Training ATK-alpha-s4-t7:  70%|███████   | 35/50 [00:07<00:02,  5.27it/s, Saved at =inf, TrLoss=0.2218]
 Training ATK-alpha-s4-t7:  72%|███████▏  | 36/50 [00:07<00:02,  5.16it/s, Saved at =inf, TrLoss=0.2218]
 Training ATK-alpha-s4-t7:  72%|███████▏  | 36/50 [00:07<00:02,  5.16it/s, Saved at =inf, TrLoss=0.2118]
 Training ATK-alpha-s4-t7:  74%|███████▍  | 37/50 [00:07<00:02,  5.62it/s, Saved at =inf, TrLoss=0.2118]
 Training ATK-alpha-s4-t7:  74%|███████▍  | 37/50 [00:07<00:02,  5.62it/s, Saved at =inf, TrLoss=0.2149]
 Training ATK-alpha-s4-t7:  76%|███████▌  | 38/50 [00:07<00:02,  5.51it/s, Saved at =inf, TrLoss=0.2149]
 Training ATK-alpha-s4-t7:  76%|███████▌  | 38/50 [00:07<00:02,  5.51it/s, Saved at =inf, TrLoss=0.2219]
 Training ATK-alpha-s4-t7:  78%|███████▊  | 39/50 [00:07<00:01,  5.98it/s, Saved at =inf, TrLoss=0.2219]
 Training ATK-alpha-s4-t7:  78%|███████▊  | 39/50 [00:08<00:01,  5.98it/s, Saved at =inf, TrLoss=0.2100]
 Training ATK-alpha-s4-t7:  80%|████████  | 40/50 [00:08<00:01,  6.41it/s, Saved at =inf, TrLoss=0.2100]
 Training ATK-alpha-s4-t7:  80%|████████  | 40/50 [00:08<00:01,  6.41it/s, Saved at =inf, TrLoss=0.2259]
 Training ATK-alpha-s4-t7:  82%|████████▏ | 41/50 [00:08<00:01,  6.07it/s, Saved at =inf, TrLoss=0.2259]
 Training ATK-alpha-s4-t7:  82%|████████▏ | 41/50 [00:08<00:01,  6.07it/s, Saved at =inf, TrLoss=0.2256]
 Training ATK-alpha-s4-t7:  84%|████████▍ | 42/50 [00:08<00:01,  5.90it/s, Saved at =inf, TrLoss=0.2256]
 Training ATK-alpha-s4-t7:  84%|████████▍ | 42/50 [00:08<00:01,  5.90it/s, Saved at =inf, TrLoss=0.2058]
 Training ATK-alpha-s4-t7:  86%|████████▌ | 43/50 [00:08<00:01,  6.13it/s, Saved at =inf, TrLoss=0.2058]
 Training ATK-alpha-s4-t7:  86%|████████▌ | 43/50 [00:08<00:01,  6.13it/s, Saved at =inf, TrLoss=0.2131]
 Training ATK-alpha-s4-t7:  88%|████████▊ | 44/50 [00:08<00:00,  6.25it/s, Saved at =inf, TrLoss=0.2131]
 Training ATK-alpha-s4-t7:  88%|████████▊ | 44/50 [00:08<00:00,  6.25it/s, Saved at =inf, TrLoss=0.2091]
 Training ATK-alpha-s4-t7:  90%|█████████ | 45/50 [00:08<00:00,  5.91it/s, Saved at =inf, TrLoss=0.2091]
 Training ATK-alpha-s4-t7:  90%|█████████ | 45/50 [00:09<00:00,  5.91it/s, Saved at =inf, TrLoss=0.2157]
 Training ATK-alpha-s4-t7:  92%|█████████▏| 46/50 [00:09<00:00,  6.18it/s, Saved at =inf, TrLoss=0.2157]
 Training ATK-alpha-s4-t7:  92%|█████████▏| 46/50 [00:09<00:00,  6.18it/s, Saved at =inf, TrLoss=0.2164]
 Training ATK-alpha-s4-t7:  94%|█████████▍| 47/50 [00:09<00:00,  6.22it/s, Saved at =inf, TrLoss=0.2164]
 Training ATK-alpha-s4-t7:  94%|█████████▍| 47/50 [00:09<00:00,  6.22it/s, Saved at =inf, TrLoss=0.2077]
 Training ATK-alpha-s4-t7:  96%|█████████▌| 48/50 [00:09<00:00,  5.51it/s, Saved at =inf, TrLoss=0.2077]
 Training ATK-alpha-s4-t7:  96%|█████████▌| 48/50 [00:09<00:00,  5.51it/s, Saved at =inf, TrLoss=0.2092]
 Training ATK-alpha-s4-t7:  98%|█████████▊| 49/50 [00:09<00:00,  4.87it/s, Saved at =inf, TrLoss=0.2092]
 Training ATK-alpha-s4-t7:  98%|█████████▊| 49/50 [00:09<00:00,  4.87it/s, Saved at =inf, TrLoss=0.1955]
 Training ATK-alpha-s4-t7: 100%|██████████| 50/50 [00:09<00:00,  5.44it/s, Saved at =inf, TrLoss=0.1955]
 Training ATK-alpha-s4-t7: 100%|██████████| 50/50 [00:09<00:00,  5.08it/s, Saved at =inf, TrLoss=0.1955]
[15:43:03]   MCC=0.375±0.073, AUC=0.759±0.066, BAcc=0.679±0.070
[15:47:37]   [alpha s4] 500/2182 candidates scanned, 500 eligible
[15:52:19]   [alpha s4] 1000/2182 candidates scanned, 995 eligible
[15:56:44]   [alpha s4] 1500/2182 candidates scanned, 1492 eligible
[16:01:19]   [alpha s4] 2000/2182 candidates scanned, 1978 eligible
[16:01:41]   alpha seed 4: n=2016 AUC=0.759 | flip% random total/prop 5.3/2.7 | optimized 18.8/8.0 | 19.7 min
