<ps-env>/lib/python3.10/site-packages/networkx/utils/backends.py:563: RuntimeWarning: Error encountered when loading info for backend cugraph: No module named '_nx_cugraph'
  backend_info.update(_get_backends("networkx.backend_info", load_and_call=True))
[18:00:39] Training GDTE on edg60000 (seed=6)...

 Training FV-edg60000-s6-t2:   0%|          | 0/50 [00:00<?, ?it/s]
 Training FV-edg60000-s6-t2:   0%|          | 0/50 [00:00<?, ?it/s, Saved at =inf, TrLoss=0.6553]
 Training FV-edg60000-s6-t2:   2%|▏         | 1/50 [00:00<00:30,  1.61it/s, Saved at =inf, TrLoss=0.6553]
 Training FV-edg60000-s6-t2:   2%|▏         | 1/50 [00:00<00:30,  1.61it/s, Saved at =inf, TrLoss=0.9261]
 Training FV-edg60000-s6-t2:   4%|▍         | 2/50 [00:00<00:21,  2.27it/s, Saved at =inf, TrLoss=0.9261]
 Training FV-edg60000-s6-t2:   4%|▍         | 2/50 [00:01<00:21,  2.27it/s, Saved at =inf, TrLoss=0.3408]
 Training FV-edg60000-s6-t2:   6%|▌         | 3/50 [00:01<00:18,  2.61it/s, Saved at =inf, TrLoss=0.3408]
 Training FV-edg60000-s6-t2:   6%|▌         | 3/50 [00:01<00:18,  2.61it/s, Saved at =inf, TrLoss=0.3767]
 Training FV-edg60000-s6-t2:   8%|▊         | 4/50 [00:01<00:16,  2.81it/s, Saved at =inf, TrLoss=0.3767]
 Training FV-edg60000-s6-t2:   8%|▊         | 4/50 [00:01<00:16,  2.81it/s, Saved at =inf, TrLoss=0.2870]
 Training FV-edg60000-s6-t2:  10%|█         | 5/50 [00:01<00:15,  2.93it/s, Saved at =inf, TrLoss=0.2870]
 Training FV-edg60000-s6-t2:  10%|█         | 5/50 [00:02<00:15,  2.93it/s, Saved at =inf, TrLoss=0.2775]
 Training FV-edg60000-s6-t2:  12%|█▏        | 6/50 [00:02<00:14,  3.01it/s, Saved at =inf, TrLoss=0.2775]
 Training FV-edg60000-s6-t2:  12%|█▏        | 6/50 [00:02<00:14,  3.01it/s, Saved at =inf, TrLoss=0.2784]
 Training FV-edg60000-s6-t2:  14%|█▍        | 7/50 [00:02<00:14,  3.06it/s, Saved at =inf, TrLoss=0.2784]
 Training FV-edg60000-s6-t2:  14%|█▍        | 7/50 [00:02<00:14,  3.06it/s, Saved at =inf, TrLoss=0.2457]
 Training FV-edg60000-s6-t2:  16%|█▌        | 8/50 [00:02<00:13,  3.10it/s, Saved at =inf, TrLoss=0.2457]
 Training FV-edg60000-s6-t2:  16%|█▌        | 8/50 [00:03<00:13,  3.10it/s, Saved at =inf, TrLoss=0.2182]
 Training FV-edg60000-s6-t2:  18%|█▊        | 9/50 [00:03<00:13,  3.13it/s, Saved at =inf, TrLoss=0.2182]
 Training FV-edg60000-s6-t2:  18%|█▊        | 9/50 [00:03<00:13,  3.13it/s, Saved at =inf, TrLoss=0.2303]
 Training FV-edg60000-s6-t2:  20%|██        | 10/50 [00:03<00:12,  3.14it/s, Saved at =inf, TrLoss=0.2303]
 Training FV-edg60000-s6-t2:  20%|██        | 10/50 [00:03<00:12,  3.14it/s, Saved at =inf, TrLoss=0.2276]
 Training FV-edg60000-s6-t2:  22%|██▏       | 11/50 [00:03<00:12,  3.15it/s, Saved at =inf, TrLoss=0.2276]
 Training FV-edg60000-s6-t2:  22%|██▏       | 11/50 [00:03<00:12,  3.15it/s, Saved at =inf, TrLoss=0.2085]
 Training FV-edg60000-s6-t2:  24%|██▍       | 12/50 [00:04<00:12,  3.16it/s, Saved at =inf, TrLoss=0.2085]
 Training FV-edg60000-s6-t2:  24%|██▍       | 12/50 [00:04<00:12,  3.16it/s, Saved at =inf, TrLoss=0.2138]
 Training FV-edg60000-s6-t2:  26%|██▌       | 13/50 [00:04<00:11,  3.16it/s, Saved at =inf, TrLoss=0.2138]
 Training FV-edg60000-s6-t2:  26%|██▌       | 13/50 [00:04<00:11,  3.16it/s, Saved at =inf, TrLoss=0.2089]
 Training FV-edg60000-s6-t2:  28%|██▊       | 14/50 [00:04<00:11,  3.16it/s, Saved at =inf, TrLoss=0.2089]
 Training FV-edg60000-s6-t2:  28%|██▊       | 14/50 [00:04<00:11,  3.16it/s, Saved at =inf, TrLoss=0.1893]
 Training FV-edg60000-s6-t2:  30%|███       | 15/50 [00:05<00:11,  3.16it/s, Saved at =inf, TrLoss=0.1893]
 Training FV-edg60000-s6-t2:  30%|███       | 15/50 [00:05<00:11,  3.16it/s, Saved at =inf, TrLoss=0.1919]
 Training FV-edg60000-s6-t2:  32%|███▏      | 16/50 [00:05<00:10,  3.16it/s, Saved at =inf, TrLoss=0.1919]
 Training FV-edg60000-s6-t2:  32%|███▏      | 16/50 [00:05<00:10,  3.16it/s, Saved at =inf, TrLoss=0.1930]
 Training FV-edg60000-s6-t2:  34%|███▍      | 17/50 [00:05<00:10,  3.16it/s, Saved at =inf, TrLoss=0.1930]
 Training FV-edg60000-s6-t2:  34%|███▍      | 17/50 [00:05<00:10,  3.16it/s, Saved at =inf, TrLoss=0.1854]
 Training FV-edg60000-s6-t2:  36%|███▌      | 18/50 [00:05<00:10,  3.16it/s, Saved at =inf, TrLoss=0.1854]
 Training FV-edg60000-s6-t2:  36%|███▌      | 18/50 [00:06<00:10,  3.16it/s, Saved at =inf, TrLoss=0.1803]
 Training FV-edg60000-s6-t2:  38%|███▊      | 19/50 [00:06<00:09,  3.16it/s, Saved at =inf, TrLoss=0.1803]
 Training FV-edg60000-s6-t2:  38%|███▊      | 19/50 [00:06<00:09,  3.16it/s, Saved at =inf, TrLoss=0.1828]
 Training FV-edg60000-s6-t2:  40%|████      | 20/50 [00:06<00:09,  3.16it/s, Saved at =inf, TrLoss=0.1828]
 Training FV-edg60000-s6-t2:  40%|████      | 20/50 [00:06<00:09,  3.16it/s, Saved at =inf, TrLoss=0.1780]
 Training FV-edg60000-s6-t2:  42%|████▏     | 21/50 [00:06<00:09,  3.16it/s, Saved at =inf, TrLoss=0.1780]
 Training FV-edg60000-s6-t2:  42%|████▏     | 21/50 [00:07<00:09,  3.16it/s, Saved at =inf, TrLoss=0.1745]
 Training FV-edg60000-s6-t2:  44%|████▍     | 22/50 [00:07<00:08,  3.16it/s, Saved at =inf, TrLoss=0.1745]
 Training FV-edg60000-s6-t2:  44%|████▍     | 22/50 [00:07<00:08,  3.16it/s, Saved at =inf, TrLoss=0.1707]
 Training FV-edg60000-s6-t2:  46%|████▌     | 23/50 [00:07<00:08,  3.17it/s, Saved at =inf, TrLoss=0.1707]
 Training FV-edg60000-s6-t2:  46%|████▌     | 23/50 [00:07<00:08,  3.17it/s, Saved at =inf, TrLoss=0.1700]
 Training FV-edg60000-s6-t2:  48%|████▊     | 24/50 [00:07<00:08,  3.17it/s, Saved at =inf, TrLoss=0.1700]
 Training FV-edg60000-s6-t2:  48%|████▊     | 24/50 [00:08<00:08,  3.17it/s, Saved at =inf, TrLoss=0.1648]
 Training FV-edg60000-s6-t2:  50%|█████     | 25/50 [00:08<00:07,  3.17it/s, Saved at =inf, TrLoss=0.1648]
 Training FV-edg60000-s6-t2:  50%|█████     | 25/50 [00:08<00:07,  3.17it/s, Saved at =inf, TrLoss=0.1647]
 Training FV-edg60000-s6-t2:  52%|█████▏    | 26/50 [00:08<00:07,  3.17it/s, Saved at =inf, TrLoss=0.1647]
 Training FV-edg60000-s6-t2:  52%|█████▏    | 26/50 [00:08<00:07,  3.17it/s, Saved at =inf, TrLoss=0.1647]
 Training FV-edg60000-s6-t2:  54%|█████▍    | 27/50 [00:08<00:07,  3.17it/s, Saved at =inf, TrLoss=0.1647]
 Training FV-edg60000-s6-t2:  54%|█████▍    | 27/50 [00:09<00:07,  3.17it/s, Saved at =inf, TrLoss=0.1615]
 Training FV-edg60000-s6-t2:  56%|█████▌    | 28/50 [00:09<00:06,  3.17it/s, Saved at =inf, TrLoss=0.1615]
 Training FV-edg60000-s6-t2:  56%|█████▌    | 28/50 [00:09<00:06,  3.17it/s, Saved at =inf, TrLoss=0.1598]
 Training FV-edg60000-s6-t2:  58%|█████▊    | 29/50 [00:09<00:06,  3.17it/s, Saved at =inf, TrLoss=0.1598]
 Training FV-edg60000-s6-t2:  58%|█████▊    | 29/50 [00:09<00:06,  3.17it/s, Saved at =inf, TrLoss=0.1620]
 Training FV-edg60000-s6-t2:  60%|██████    | 30/50 [00:09<00:06,  3.17it/s, Saved at =inf, TrLoss=0.1620]
 Training FV-edg60000-s6-t2:  60%|██████    | 30/50 [00:09<00:06,  3.17it/s, Saved at =inf, TrLoss=0.1544]
 Training FV-edg60000-s6-t2:  62%|██████▏   | 31/50 [00:10<00:05,  3.17it/s, Saved at =inf, TrLoss=0.1544]
 Training FV-edg60000-s6-t2:  62%|██████▏   | 31/50 [00:10<00:05,  3.17it/s, Saved at =inf, TrLoss=0.1543]
 Training FV-edg60000-s6-t2:  64%|██████▍   | 32/50 [00:10<00:05,  3.17it/s, Saved at =inf, TrLoss=0.1543]
 Training FV-edg60000-s6-t2:  64%|██████▍   | 32/50 [00:10<00:05,  3.17it/s, Saved at =inf, TrLoss=0.1533]
 Training FV-edg60000-s6-t2:  66%|██████▌   | 33/50 [00:10<00:05,  3.17it/s, Saved at =inf, TrLoss=0.1533]
 Training FV-edg60000-s6-t2:  66%|██████▌   | 33/50 [00:10<00:05,  3.17it/s, Saved at =inf, TrLoss=0.1544]
 Training FV-edg60000-s6-t2:  68%|██████▊   | 34/50 [00:11<00:05,  3.18it/s, Saved at =inf, TrLoss=0.1544]
 Training FV-edg60000-s6-t2:  68%|██████▊   | 34/50 [00:11<00:05,  3.18it/s, Saved at =inf, TrLoss=0.1540]
 Training FV-edg60000-s6-t2:  70%|███████   | 35/50 [00:11<00:04,  3.18it/s, Saved at =inf, TrLoss=0.1540]
 Training FV-edg60000-s6-t2:  70%|███████   | 35/50 [00:11<00:04,  3.18it/s, Saved at =inf, TrLoss=0.1494]
 Training FV-edg60000-s6-t2:  72%|███████▏  | 36/50 [00:11<00:04,  3.18it/s, Saved at =inf, TrLoss=0.1494]
 Training FV-edg60000-s6-t2:  72%|███████▏  | 36/50 [00:11<00:04,  3.18it/s, Saved at =inf, TrLoss=0.1485]
 Training FV-edg60000-s6-t2:  74%|███████▍  | 37/50 [00:11<00:04,  3.19it/s, Saved at =inf, TrLoss=0.1485]
 Training FV-edg60000-s6-t2:  74%|███████▍  | 37/50 [00:12<00:04,  3.19it/s, Saved at =inf, TrLoss=0.1463]
 Training FV-edg60000-s6-t2:  76%|███████▌  | 38/50 [00:12<00:03,  3.19it/s, Saved at =inf, TrLoss=0.1463]
 Training FV-edg60000-s6-t2:  76%|███████▌  | 38/50 [00:12<00:03,  3.19it/s, Saved at =inf, TrLoss=0.1454]
 Training FV-edg60000-s6-t2:  78%|███████▊  | 39/50 [00:12<00:03,  3.19it/s, Saved at =inf, TrLoss=0.1454]
 Training FV-edg60000-s6-t2:  78%|███████▊  | 39/50 [00:12<00:03,  3.19it/s, Saved at =inf, TrLoss=0.1432]
 Training FV-edg60000-s6-t2:  80%|████████  | 40/50 [00:12<00:03,  3.19it/s, Saved at =inf, TrLoss=0.1432]
 Training FV-edg60000-s6-t2:  80%|████████  | 40/50 [00:13<00:03,  3.19it/s, Saved at =inf, TrLoss=0.1430]
 Training FV-edg60000-s6-t2:  82%|████████▏ | 41/50 [00:13<00:02,  3.19it/s, Saved at =inf, TrLoss=0.1430]
 Training FV-edg60000-s6-t2:  82%|████████▏ | 41/50 [00:13<00:02,  3.19it/s, Saved at =inf, TrLoss=0.1435]
 Training FV-edg60000-s6-t2:  84%|████████▍ | 42/50 [00:13<00:02,  3.19it/s, Saved at =inf, TrLoss=0.1435]
 Training FV-edg60000-s6-t2:  84%|████████▍ | 42/50 [00:13<00:02,  3.19it/s, Saved at =inf, TrLoss=0.1411]
 Training FV-edg60000-s6-t2:  86%|████████▌ | 43/50 [00:13<00:02,  3.19it/s, Saved at =inf, TrLoss=0.1411]
 Training FV-edg60000-s6-t2:  86%|████████▌ | 43/50 [00:14<00:02,  3.19it/s, Saved at =inf, TrLoss=0.1399]
 Training FV-edg60000-s6-t2:  88%|████████▊ | 44/50 [00:14<00:01,  3.19it/s, Saved at =inf, TrLoss=0.1399]
 Training FV-edg60000-s6-t2:  88%|████████▊ | 44/50 [00:14<00:01,  3.19it/s, Saved at =inf, TrLoss=0.1393]
 Training FV-edg60000-s6-t2:  90%|█████████ | 45/50 [00:14<00:01,  3.19it/s, Saved at =inf, TrLoss=0.1393]
 Training FV-edg60000-s6-t2:  90%|█████████ | 45/50 [00:14<00:01,  3.19it/s, Saved at =inf, TrLoss=0.1399]
 Training FV-edg60000-s6-t2:  92%|█████████▏| 46/50 [00:14<00:01,  3.20it/s, Saved at =inf, TrLoss=0.1399]
 Training FV-edg60000-s6-t2:  92%|█████████▏| 46/50 [00:14<00:01,  3.20it/s, Saved at =inf, TrLoss=0.1406]
 Training FV-edg60000-s6-t2:  94%|█████████▍| 47/50 [00:15<00:00,  3.20it/s, Saved at =inf, TrLoss=0.1406]
 Training FV-edg60000-s6-t2:  94%|█████████▍| 47/50 [00:15<00:00,  3.20it/s, Saved at =inf, TrLoss=0.1368]
 Training FV-edg60000-s6-t2:  96%|█████████▌| 48/50 [00:15<00:00,  3.20it/s, Saved at =inf, TrLoss=0.1368]
 Training FV-edg60000-s6-t2:  96%|█████████▌| 48/50 [00:15<00:00,  3.20it/s, Saved at =inf, TrLoss=0.1394]
 Training FV-edg60000-s6-t2:  98%|█████████▊| 49/50 [00:15<00:00,  3.19it/s, Saved at =inf, TrLoss=0.1394]
 Training FV-edg60000-s6-t2:  98%|█████████▊| 49/50 [00:15<00:00,  3.19it/s, Saved at =inf, TrLoss=0.1361]
 Training FV-edg60000-s6-t2: 100%|██████████| 50/50 [00:16<00:00,  3.19it/s, Saved at =inf, TrLoss=0.1361]
 Training FV-edg60000-s6-t2: 100%|██████████| 50/50 [00:16<00:00,  3.12it/s, Saved at =inf, TrLoss=0.1361]

 Training FV-edg60000-s6-t3:   0%|          | 0/50 [00:00<?, ?it/s]
 Training FV-edg60000-s6-t3:   0%|          | 0/50 [00:00<?, ?it/s, Saved at =inf, TrLoss=0.6565]
 Training FV-edg60000-s6-t3:   2%|▏         | 1/50 [00:00<00:21,  2.32it/s, Saved at =inf, TrLoss=0.6565]
 Training FV-edg60000-s6-t3:   2%|▏         | 1/50 [00:00<00:21,  2.32it/s, Saved at =inf, TrLoss=0.4484]
 Training FV-edg60000-s6-t3:   4%|▍         | 2/50 [00:00<00:20,  2.35it/s, Saved at =inf, TrLoss=0.4484]
 Training FV-edg60000-s6-t3:   4%|▍         | 2/50 [00:01<00:20,  2.35it/s, Saved at =inf, TrLoss=0.8269]
 Training FV-edg60000-s6-t3:   6%|▌         | 3/50 [00:01<00:19,  2.36it/s, Saved at =inf, TrLoss=0.8269]
 Training FV-edg60000-s6-t3:   6%|▌         | 3/50 [00:01<00:19,  2.36it/s, Saved at =inf, TrLoss=0.3878]
 Training FV-edg60000-s6-t3:   8%|▊         | 4/50 [00:01<00:19,  2.36it/s, Saved at =inf, TrLoss=0.3878]
 Training FV-edg60000-s6-t3:   8%|▊         | 4/50 [00:02<00:19,  2.36it/s, Saved at =inf, TrLoss=0.2751]
 Training FV-edg60000-s6-t3:  10%|█         | 5/50 [00:02<00:19,  2.37it/s, Saved at =inf, TrLoss=0.2751]
 Training FV-edg60000-s6-t3:  10%|█         | 5/50 [00:02<00:19,  2.37it/s, Saved at =inf, TrLoss=0.3385]
 Training FV-edg60000-s6-t3:  12%|█▏        | 6/50 [00:02<00:18,  2.37it/s, Saved at =inf, TrLoss=0.3385]
 Training FV-edg60000-s6-t3:  12%|█▏        | 6/50 [00:02<00:18,  2.37it/s, Saved at =inf, TrLoss=0.3313]
 Training FV-edg60000-s6-t3:  14%|█▍        | 7/50 [00:02<00:18,  2.37it/s, Saved at =inf, TrLoss=0.3313]
 Training FV-edg60000-s6-t3:  14%|█▍        | 7/50 [00:03<00:18,  2.37it/s, Saved at =inf, TrLoss=0.2900]
 Training FV-edg60000-s6-t3:  16%|█▌        | 8/50 [00:03<00:17,  2.37it/s, Saved at =inf, TrLoss=0.2900]
 Training FV-edg60000-s6-t3:  16%|█▌        | 8/50 [00:03<00:17,  2.37it/s, Saved at =inf, TrLoss=0.2667]
 Training FV-edg60000-s6-t3:  18%|█▊        | 9/50 [00:03<00:17,  2.37it/s, Saved at =inf, TrLoss=0.2667]
 Training FV-edg60000-s6-t3:  18%|█▊        | 9/50 [00:04<00:17,  2.37it/s, Saved at =inf, TrLoss=0.2676]
 Training FV-edg60000-s6-t3:  20%|██        | 10/50 [00:04<00:16,  2.37it/s, Saved at =inf, TrLoss=0.2676]
 Training FV-edg60000-s6-t3:  20%|██        | 10/50 [00:04<00:16,  2.37it/s, Saved at =inf, TrLoss=0.2568]
 Training FV-edg60000-s6-t3:  22%|██▏       | 11/50 [00:04<00:16,  2.37it/s, Saved at =inf, TrLoss=0.2568]
 Training FV-edg60000-s6-t3:  22%|██▏       | 11/50 [00:04<00:16,  2.37it/s, Saved at =inf, TrLoss=0.2321]
 Training FV-edg60000-s6-t3:  24%|██▍       | 12/50 [00:05<00:16,  2.37it/s, Saved at =inf, TrLoss=0.2321]
 Training FV-edg60000-s6-t3:  24%|██▍       | 12/50 [00:05<00:16,  2.37it/s, Saved at =inf, TrLoss=0.2236]
 Training FV-edg60000-s6-t3:  26%|██▌       | 13/50 [00:05<00:15,  2.37it/s, Saved at =inf, TrLoss=0.2236]
 Training FV-edg60000-s6-t3:  26%|██▌       | 13/50 [00:05<00:15,  2.37it/s, Saved at =inf, TrLoss=0.2305]
 Training FV-edg60000-s6-t3:  28%|██▊       | 14/50 [00:05<00:15,  2.37it/s, Saved at =inf, TrLoss=0.2305]
 Training FV-edg60000-s6-t3:  28%|██▊       | 14/50 [00:06<00:15,  2.37it/s, Saved at =inf, TrLoss=0.2205]
 Training FV-edg60000-s6-t3:  30%|███       | 15/50 [00:06<00:14,  2.37it/s, Saved at =inf, TrLoss=0.2205]
 Training FV-edg60000-s6-t3:  30%|███       | 15/50 [00:06<00:14,  2.37it/s, Saved at =inf, TrLoss=0.2088]
 Training FV-edg60000-s6-t3:  32%|███▏      | 16/50 [00:06<00:14,  2.38it/s, Saved at =inf, TrLoss=0.2088]
 Training FV-edg60000-s6-t3:  32%|███▏      | 16/50 [00:07<00:14,  2.38it/s, Saved at =inf, TrLoss=0.2075]
 Training FV-edg60000-s6-t3:  34%|███▍      | 17/50 [00:07<00:13,  2.38it/s, Saved at =inf, TrLoss=0.2075]
 Training FV-edg60000-s6-t3:  34%|███▍      | 17/50 [00:07<00:13,  2.38it/s, Saved at =inf, TrLoss=0.2098]
 Training FV-edg60000-s6-t3:  36%|███▌      | 18/50 [00:07<00:13,  2.38it/s, Saved at =inf, TrLoss=0.2098]
 Training FV-edg60000-s6-t3:  36%|███▌      | 18/50 [00:07<00:13,  2.38it/s, Saved at =inf, TrLoss=0.2029]
 Training FV-edg60000-s6-t3:  38%|███▊      | 19/50 [00:08<00:13,  2.37it/s, Saved at =inf, TrLoss=0.2029]
 Training FV-edg60000-s6-t3:  38%|███▊      | 19/50 [00:08<00:13,  2.37it/s, Saved at =inf, TrLoss=0.1955]
 Training FV-edg60000-s6-t3:  40%|████      | 20/50 [00:08<00:12,  2.37it/s, Saved at =inf, TrLoss=0.1955]
 Training FV-edg60000-s6-t3:  40%|████      | 20/50 [00:08<00:12,  2.37it/s, Saved at =inf, TrLoss=0.1958]
 Training FV-edg60000-s6-t3:  42%|████▏     | 21/50 [00:08<00:12,  2.37it/s, Saved at =inf, TrLoss=0.1958]
 Training FV-edg60000-s6-t3:  42%|████▏     | 21/50 [00:09<00:12,  2.37it/s, Saved at =inf, TrLoss=0.1959]
 Training FV-edg60000-s6-t3:  44%|████▍     | 22/50 [00:09<00:11,  2.37it/s, Saved at =inf, TrLoss=0.1959]
 Training FV-edg60000-s6-t3:  44%|████▍     | 22/50 [00:09<00:11,  2.37it/s, Saved at =inf, TrLoss=0.1900]
 Training FV-edg60000-s6-t3:  46%|████▌     | 23/50 [00:09<00:11,  2.37it/s, Saved at =inf, TrLoss=0.1900]
 Training FV-edg60000-s6-t3:  46%|████▌     | 23/50 [00:10<00:11,  2.37it/s, Saved at =inf, TrLoss=0.1856]
 Training FV-edg60000-s6-t3:  48%|████▊     | 24/50 [00:10<00:10,  2.37it/s, Saved at =inf, TrLoss=0.1856]
 Training FV-edg60000-s6-t3:  48%|████▊     | 24/50 [00:10<00:10,  2.37it/s, Saved at =inf, TrLoss=0.1850]
 Training FV-edg60000-s6-t3:  50%|█████     | 25/50 [00:10<00:10,  2.37it/s, Saved at =inf, TrLoss=0.1850]
 Training FV-edg60000-s6-t3:  50%|█████     | 25/50 [00:10<00:10,  2.37it/s, Saved at =inf, TrLoss=0.1841]
 Training FV-edg60000-s6-t3:  52%|█████▏    | 26/50 [00:10<00:10,  2.37it/s, Saved at =inf, TrLoss=0.1841]
 Training FV-edg60000-s6-t3:  52%|█████▏    | 26/50 [00:11<00:10,  2.37it/s, Saved at =inf, TrLoss=0.1784]
 Training FV-edg60000-s6-t3:  54%|█████▍    | 27/50 [00:11<00:09,  2.37it/s, Saved at =inf, TrLoss=0.1784]
 Training FV-edg60000-s6-t3:  54%|█████▍    | 27/50 [00:11<00:09,  2.37it/s, Saved at =inf, TrLoss=0.1764]
 Training FV-edg60000-s6-t3:  56%|█████▌    | 28/50 [00:11<00:09,  2.37it/s, Saved at =inf, TrLoss=0.1764]
 Training FV-edg60000-s6-t3:  56%|█████▌    | 28/50 [00:12<00:09,  2.37it/s, Saved at =inf, TrLoss=0.1761]
 Training FV-edg60000-s6-t3:  58%|█████▊    | 29/50 [00:12<00:08,  2.37it/s, Saved at =inf, TrLoss=0.1761]
 Training FV-edg60000-s6-t3:  58%|█████▊    | 29/50 [00:12<00:08,  2.37it/s, Saved at =inf, TrLoss=0.1786]
 Training FV-edg60000-s6-t3:  60%|██████    | 30/50 [00:12<00:08,  2.37it/s, Saved at =inf, TrLoss=0.1786]
 Training FV-edg60000-s6-t3:  60%|██████    | 30/50 [00:12<00:08,  2.37it/s, Saved at =inf, TrLoss=0.1719]
 Training FV-edg60000-s6-t3:  62%|██████▏   | 31/50 [00:13<00:08,  2.37it/s, Saved at =inf, TrLoss=0.1719]
 Training FV-edg60000-s6-t3:  62%|██████▏   | 31/50 [00:13<00:08,  2.37it/s, Saved at =inf, TrLoss=0.1693]
 Training FV-edg60000-s6-t3:  64%|██████▍   | 32/50 [00:13<00:07,  2.37it/s, Saved at =inf, TrLoss=0.1693]
 Training FV-edg60000-s6-t3:  64%|██████▍   | 32/50 [00:13<00:07,  2.37it/s, Saved at =inf, TrLoss=0.1680]
 Training FV-edg60000-s6-t3:  66%|██████▌   | 33/50 [00:13<00:07,  2.37it/s, Saved at =inf, TrLoss=0.1680]
 Training FV-edg60000-s6-t3:  66%|██████▌   | 33/50 [00:14<00:07,  2.37it/s, Saved at =inf, TrLoss=0.1691]
 Training FV-edg60000-s6-t3:  68%|██████▊   | 34/50 [00:14<00:06,  2.37it/s, Saved at =inf, TrLoss=0.1691]
 Training FV-edg60000-s6-t3:  68%|██████▊   | 34/50 [00:14<00:06,  2.37it/s, Saved at =inf, TrLoss=0.1679]
 Training FV-edg60000-s6-t3:  70%|███████   | 35/50 [00:14<00:06,  2.37it/s, Saved at =inf, TrLoss=0.1679]
 Training FV-edg60000-s6-t3:  70%|███████   | 35/50 [00:15<00:06,  2.37it/s, Saved at =inf, TrLoss=0.1625]
 Training FV-edg60000-s6-t3:  72%|███████▏  | 36/50 [00:15<00:05,  2.37it/s, Saved at =inf, TrLoss=0.1625]
 Training FV-edg60000-s6-t3:  72%|███████▏  | 36/50 [00:15<00:05,  2.37it/s, Saved at =inf, TrLoss=0.1637]
 Training FV-edg60000-s6-t3:  74%|███████▍  | 37/50 [00:15<00:05,  2.37it/s, Saved at =inf, TrLoss=0.1637]
 Training FV-edg60000-s6-t3:  74%|███████▍  | 37/50 [00:15<00:05,  2.37it/s, Saved at =inf, TrLoss=0.1593]
 Training FV-edg60000-s6-t3:  76%|███████▌  | 38/50 [00:16<00:05,  2.37it/s, Saved at =inf, TrLoss=0.1593]
 Training FV-edg60000-s6-t3:  76%|███████▌  | 38/50 [00:16<00:05,  2.37it/s, Saved at =inf, TrLoss=0.1587]
 Training FV-edg60000-s6-t3:  78%|███████▊  | 39/50 [00:16<00:04,  2.37it/s, Saved at =inf, TrLoss=0.1587]
 Training FV-edg60000-s6-t3:  78%|███████▊  | 39/50 [00:16<00:04,  2.37it/s, Saved at =inf, TrLoss=0.1569]
 Training FV-edg60000-s6-t3:  80%|████████  | 40/50 [00:16<00:04,  2.37it/s, Saved at =inf, TrLoss=0.1569]
 Training FV-edg60000-s6-t3:  80%|████████  | 40/50 [00:17<00:04,  2.37it/s, Saved at =inf, TrLoss=0.1567]
 Training FV-edg60000-s6-t3:  82%|████████▏ | 41/50 [00:17<00:03,  2.37it/s, Saved at =inf, TrLoss=0.1567]
 Training FV-edg60000-s6-t3:  82%|████████▏ | 41/50 [00:17<00:03,  2.37it/s, Saved at =inf, TrLoss=0.1583]
 Training FV-edg60000-s6-t3:  84%|████████▍ | 42/50 [00:17<00:03,  2.37it/s, Saved at =inf, TrLoss=0.1583]
 Training FV-edg60000-s6-t3:  84%|████████▍ | 42/50 [00:18<00:03,  2.37it/s, Saved at =inf, TrLoss=0.1548]
 Training FV-edg60000-s6-t3:  86%|████████▌ | 43/50 [00:18<00:02,  2.37it/s, Saved at =inf, TrLoss=0.1548]
 Training FV-edg60000-s6-t3:  86%|████████▌ | 43/50 [00:18<00:02,  2.37it/s, Saved at =inf, TrLoss=0.1556]
 Training FV-edg60000-s6-t3:  88%|████████▊ | 44/50 [00:18<00:02,  2.37it/s, Saved at =inf, TrLoss=0.1556]
 Training FV-edg60000-s6-t3:  88%|████████▊ | 44/50 [00:18<00:02,  2.37it/s, Saved at =inf, TrLoss=0.1536]
 Training FV-edg60000-s6-t3:  90%|█████████ | 45/50 [00:18<00:02,  2.37it/s, Saved at =inf, TrLoss=0.1536]
 Training FV-edg60000-s6-t3:  90%|█████████ | 45/50 [00:19<00:02,  2.37it/s, Saved at =inf, TrLoss=0.1527]
 Training FV-edg60000-s6-t3:  92%|█████████▏| 46/50 [00:19<00:01,  2.37it/s, Saved at =inf, TrLoss=0.1527]
 Training FV-edg60000-s6-t3:  92%|█████████▏| 46/50 [00:19<00:01,  2.37it/s, Saved at =inf, TrLoss=0.1508]
 Training FV-edg60000-s6-t3:  94%|█████████▍| 47/50 [00:19<00:01,  2.37it/s, Saved at =inf, TrLoss=0.1508]
 Training FV-edg60000-s6-t3:  94%|█████████▍| 47/50 [00:20<00:01,  2.37it/s, Saved at =inf, TrLoss=0.1499]
 Training FV-edg60000-s6-t3:  96%|█████████▌| 48/50 [00:20<00:00,  2.37it/s, Saved at =inf, TrLoss=0.1499]
 Training FV-edg60000-s6-t3:  96%|█████████▌| 48/50 [00:20<00:00,  2.37it/s, Saved at =inf, TrLoss=0.1496]
 Training FV-edg60000-s6-t3:  98%|█████████▊| 49/50 [00:20<00:00,  2.37it/s, Saved at =inf, TrLoss=0.1496]
 Training FV-edg60000-s6-t3:  98%|█████████▊| 49/50 [00:20<00:00,  2.37it/s, Saved at =inf, TrLoss=0.1482]
 Training FV-edg60000-s6-t3: 100%|██████████| 50/50 [00:21<00:00,  2.37it/s, Saved at =inf, TrLoss=0.1482]
 Training FV-edg60000-s6-t3: 100%|██████████| 50/50 [00:21<00:00,  2.37it/s, Saved at =inf, TrLoss=0.1482]

 Training FV-edg60000-s6-t4:   0%|          | 0/50 [00:00<?, ?it/s]
 Training FV-edg60000-s6-t4:   0%|          | 0/50 [00:00<?, ?it/s, Saved at =inf, TrLoss=1.1205]
 Training FV-edg60000-s6-t4:   2%|▏         | 1/50 [00:00<00:27,  1.76it/s, Saved at =inf, TrLoss=1.1205]
 Training FV-edg60000-s6-t4:   2%|▏         | 1/50 [00:00<00:27,  1.76it/s, Saved at =inf, TrLoss=0.4826]
 Training FV-edg60000-s6-t4:   4%|▍         | 2/50 [00:01<00:26,  1.79it/s, Saved at =inf, TrLoss=0.4826]
 Training FV-edg60000-s6-t4:   4%|▍         | 2/50 [00:01<00:26,  1.79it/s, Saved at =inf, TrLoss=0.4090]
 Training FV-edg60000-s6-t4:   6%|▌         | 3/50 [00:01<00:26,  1.79it/s, Saved at =inf, TrLoss=0.4090]
 Training FV-edg60000-s6-t4:   6%|▌         | 3/50 [00:02<00:26,  1.79it/s, Saved at =inf, TrLoss=0.4324]
 Training FV-edg60000-s6-t4:   8%|▊         | 4/50 [00:02<00:25,  1.80it/s, Saved at =inf, TrLoss=0.4324]
 Training FV-edg60000-s6-t4:   8%|▊         | 4/50 [00:02<00:25,  1.80it/s, Saved at =inf, TrLoss=0.2882]
 Training FV-edg60000-s6-t4:  10%|█         | 5/50 [00:02<00:24,  1.80it/s, Saved at =inf, TrLoss=0.2882]
 Training FV-edg60000-s6-t4:  10%|█         | 5/50 [00:03<00:24,  1.80it/s, Saved at =inf, TrLoss=0.3387]
 Training FV-edg60000-s6-t4:  12%|█▏        | 6/50 [00:03<00:24,  1.80it/s, Saved at =inf, TrLoss=0.3387]
 Training FV-edg60000-s6-t4:  12%|█▏        | 6/50 [00:03<00:24,  1.80it/s, Saved at =inf, TrLoss=0.2955]
 Training FV-edg60000-s6-t4:  14%|█▍        | 7/50 [00:03<00:23,  1.80it/s, Saved at =inf, TrLoss=0.2955]
 Training FV-edg60000-s6-t4:  14%|█▍        | 7/50 [00:04<00:23,  1.80it/s, Saved at =inf, TrLoss=0.2498]
 Training FV-edg60000-s6-t4:  16%|█▌        | 8/50 [00:04<00:23,  1.81it/s, Saved at =inf, TrLoss=0.2498]
 Training FV-edg60000-s6-t4:  16%|█▌        | 8/50 [00:04<00:23,  1.81it/s, Saved at =inf, TrLoss=0.2554]
 Training FV-edg60000-s6-t4:  18%|█▊        | 9/50 [00:04<00:22,  1.81it/s, Saved at =inf, TrLoss=0.2554]
 Training FV-edg60000-s6-t4:  18%|█▊        | 9/50 [00:05<00:22,  1.81it/s, Saved at =inf, TrLoss=0.2541]
 Training FV-edg60000-s6-t4:  20%|██        | 10/50 [00:05<00:22,  1.81it/s, Saved at =inf, TrLoss=0.2541]
 Training FV-edg60000-s6-t4:  20%|██        | 10/50 [00:05<00:22,  1.81it/s, Saved at =inf, TrLoss=0.2360]
 Training FV-edg60000-s6-t4:  22%|██▏       | 11/50 [00:06<00:21,  1.81it/s, Saved at =inf, TrLoss=0.2360]
 Training FV-edg60000-s6-t4:  22%|██▏       | 11/50 [00:06<00:21,  1.81it/s, Saved at =inf, TrLoss=0.2327]
 Training FV-edg60000-s6-t4:  24%|██▍       | 12/50 [00:06<00:21,  1.81it/s, Saved at =inf, TrLoss=0.2327]
 Training FV-edg60000-s6-t4:  24%|██▍       | 12/50 [00:07<00:21,  1.81it/s, Saved at =inf, TrLoss=0.2304]
 Training FV-edg60000-s6-t4:  26%|██▌       | 13/50 [00:07<00:20,  1.81it/s, Saved at =inf, TrLoss=0.2304]
 Training FV-edg60000-s6-t4:  26%|██▌       | 13/50 [00:07<00:20,  1.81it/s, Saved at =inf, TrLoss=0.2213]
 Training FV-edg60000-s6-t4:  28%|██▊       | 14/50 [00:07<00:19,  1.81it/s, Saved at =inf, TrLoss=0.2213]
 Training FV-edg60000-s6-t4:  28%|██▊       | 14/50 [00:08<00:19,  1.81it/s, Saved at =inf, TrLoss=0.2193]
 Training FV-edg60000-s6-t4:  30%|███       | 15/50 [00:08<00:19,  1.81it/s, Saved at =inf, TrLoss=0.2193]
 Training FV-edg60000-s6-t4:  30%|███       | 15/50 [00:08<00:19,  1.81it/s, Saved at =inf, TrLoss=0.2192]
 Training FV-edg60000-s6-t4:  32%|███▏      | 16/50 [00:08<00:18,  1.81it/s, Saved at =inf, TrLoss=0.2192]
 Training FV-edg60000-s6-t4:  32%|███▏      | 16/50 [00:09<00:18,  1.81it/s, Saved at =inf, TrLoss=0.2080]
 Training FV-edg60000-s6-t4:  34%|███▍      | 17/50 [00:09<00:18,  1.81it/s, Saved at =inf, TrLoss=0.2080]
 Training FV-edg60000-s6-t4:  34%|███▍      | 17/50 [00:09<00:18,  1.81it/s, Saved at =inf, TrLoss=0.2062]
 Training FV-edg60000-s6-t4:  36%|███▌      | 18/50 [00:09<00:17,  1.81it/s, Saved at =inf, TrLoss=0.2062]
 Training FV-edg60000-s6-t4:  36%|███▌      | 18/50 [00:10<00:17,  1.81it/s, Saved at =inf, TrLoss=0.2093]
 Training FV-edg60000-s6-t4:  38%|███▊      | 19/50 [00:10<00:17,  1.81it/s, Saved at =inf, TrLoss=0.2093]
 Training FV-edg60000-s6-t4:  38%|███▊      | 19/50 [00:10<00:17,  1.81it/s, Saved at =inf, TrLoss=0.1996]
 Training FV-edg60000-s6-t4:  40%|████      | 20/50 [00:11<00:16,  1.81it/s, Saved at =inf, TrLoss=0.1996]
 Training FV-edg60000-s6-t4:  40%|████      | 20/50 [00:11<00:16,  1.81it/s, Saved at =inf, TrLoss=0.2029]
 Training FV-edg60000-s6-t4:  42%|████▏     | 21/50 [00:11<00:16,  1.81it/s, Saved at =inf, TrLoss=0.2029]
 Training FV-edg60000-s6-t4:  42%|████▏     | 21/50 [00:12<00:16,  1.81it/s, Saved at =inf, TrLoss=0.1966]
 Training FV-edg60000-s6-t4:  44%|████▍     | 22/50 [00:12<00:15,  1.81it/s, Saved at =inf, TrLoss=0.1966]
 Training FV-edg60000-s6-t4:  44%|████▍     | 22/50 [00:12<00:15,  1.81it/s, Saved at =inf, TrLoss=0.1913]
 Training FV-edg60000-s6-t4:  46%|████▌     | 23/50 [00:12<00:14,  1.81it/s, Saved at =inf, TrLoss=0.1913]
 Training FV-edg60000-s6-t4:  46%|████▌     | 23/50 [00:13<00:14,  1.81it/s, Saved at =inf, TrLoss=0.1913]
 Training FV-edg60000-s6-t4:  48%|████▊     | 24/50 [00:13<00:14,  1.81it/s, Saved at =inf, TrLoss=0.1913]
 Training FV-edg60000-s6-t4:  48%|████▊     | 24/50 [00:13<00:14,  1.81it/s, Saved at =inf, TrLoss=0.1870]
 Training FV-edg60000-s6-t4:  50%|█████     | 25/50 [00:13<00:13,  1.81it/s, Saved at =inf, TrLoss=0.1870]
 Training FV-edg60000-s6-t4:  50%|█████     | 25/50 [00:14<00:13,  1.81it/s, Saved at =inf, TrLoss=0.1848]
 Training FV-edg60000-s6-t4:  52%|█████▏    | 26/50 [00:14<00:13,  1.81it/s, Saved at =inf, TrLoss=0.1848]
 Training FV-edg60000-s6-t4:  52%|█████▏    | 26/50 [00:14<00:13,  1.81it/s, Saved at =inf, TrLoss=0.1826]
 Training FV-edg60000-s6-t4:  54%|█████▍    | 27/50 [00:14<00:12,  1.81it/s, Saved at =inf, TrLoss=0.1826]
 Training FV-edg60000-s6-t4:  54%|█████▍    | 27/50 [00:15<00:12,  1.81it/s, Saved at =inf, TrLoss=0.1782]
 Training FV-edg60000-s6-t4:  56%|█████▌    | 28/50 [00:15<00:12,  1.81it/s, Saved at =inf, TrLoss=0.1782]
 Training FV-edg60000-s6-t4:  56%|█████▌    | 28/50 [00:15<00:12,  1.81it/s, Saved at =inf, TrLoss=0.1790]
 Training FV-edg60000-s6-t4:  58%|█████▊    | 29/50 [00:16<00:11,  1.81it/s, Saved at =inf, TrLoss=0.1790]
 Training FV-edg60000-s6-t4:  58%|█████▊    | 29/50 [00:16<00:11,  1.81it/s, Saved at =inf, TrLoss=0.1764]
 Training FV-edg60000-s6-t4:  60%|██████    | 30/50 [00:16<00:11,  1.81it/s, Saved at =inf, TrLoss=0.1764]
 Training FV-edg60000-s6-t4:  60%|██████    | 30/50 [00:17<00:11,  1.81it/s, Saved at =inf, TrLoss=0.1711]
 Training FV-edg60000-s6-t4:  62%|██████▏   | 31/50 [00:17<00:10,  1.81it/s, Saved at =inf, TrLoss=0.1711]
 Training FV-edg60000-s6-t4:  62%|██████▏   | 31/50 [00:17<00:10,  1.81it/s, Saved at =inf, TrLoss=0.1695]
 Training FV-edg60000-s6-t4:  64%|██████▍   | 32/50 [00:17<00:09,  1.81it/s, Saved at =inf, TrLoss=0.1695]
 Training FV-edg60000-s6-t4:  64%|██████▍   | 32/50 [00:18<00:09,  1.81it/s, Saved at =inf, TrLoss=0.1692]
 Training FV-edg60000-s6-t4:  66%|██████▌   | 33/50 [00:18<00:09,  1.81it/s, Saved at =inf, TrLoss=0.1692]
 Training FV-edg60000-s6-t4:  66%|██████▌   | 33/50 [00:18<00:09,  1.81it/s, Saved at =inf, TrLoss=0.1683]
 Training FV-edg60000-s6-t4:  68%|██████▊   | 34/50 [00:18<00:08,  1.81it/s, Saved at =inf, TrLoss=0.1683]
 Training FV-edg60000-s6-t4:  68%|██████▊   | 34/50 [00:19<00:08,  1.81it/s, Saved at =inf, TrLoss=0.1676]
 Training FV-edg60000-s6-t4:  70%|███████   | 35/50 [00:19<00:08,  1.81it/s, Saved at =inf, TrLoss=0.1676]
 Training FV-edg60000-s6-t4:  70%|███████   | 35/50 [00:19<00:08,  1.81it/s, Saved at =inf, TrLoss=0.1631]
 Training FV-edg60000-s6-t4:  72%|███████▏  | 36/50 [00:19<00:07,  1.81it/s, Saved at =inf, TrLoss=0.1631]
 Training FV-edg60000-s6-t4:  72%|███████▏  | 36/50 [00:20<00:07,  1.81it/s, Saved at =inf, TrLoss=0.1641]
 Training FV-edg60000-s6-t4:  74%|███████▍  | 37/50 [00:20<00:07,  1.80it/s, Saved at =inf, TrLoss=0.1641]
 Training FV-edg60000-s6-t4:  74%|███████▍  | 37/50 [00:20<00:07,  1.80it/s, Saved at =inf, TrLoss=0.1612]
 Training FV-edg60000-s6-t4:  76%|███████▌  | 38/50 [00:21<00:06,  1.80it/s, Saved at =inf, TrLoss=0.1612]
 Training FV-edg60000-s6-t4:  76%|███████▌  | 38/50 [00:21<00:06,  1.80it/s, Saved at =inf, TrLoss=0.1588]
 Training FV-edg60000-s6-t4:  78%|███████▊  | 39/50 [00:21<00:06,  1.81it/s, Saved at =inf, TrLoss=0.1588]
 Training FV-edg60000-s6-t4:  78%|███████▊  | 39/50 [00:22<00:06,  1.81it/s, Saved at =inf, TrLoss=0.1590]
 Training FV-edg60000-s6-t4:  80%|████████  | 40/50 [00:22<00:05,  1.81it/s, Saved at =inf, TrLoss=0.1590]
 Training FV-edg60000-s6-t4:  80%|████████  | 40/50 [00:22<00:05,  1.81it/s, Saved at =inf, TrLoss=0.1576]
 Training FV-edg60000-s6-t4:  82%|████████▏ | 41/50 [00:22<00:04,  1.81it/s, Saved at =inf, TrLoss=0.1576]
 Training FV-edg60000-s6-t4:  82%|████████▏ | 41/50 [00:23<00:04,  1.81it/s, Saved at =inf, TrLoss=0.1578]
 Training FV-edg60000-s6-t4:  84%|████████▍ | 42/50 [00:23<00:04,  1.81it/s, Saved at =inf, TrLoss=0.1578]
 Training FV-edg60000-s6-t4:  84%|████████▍ | 42/50 [00:23<00:04,  1.81it/s, Saved at =inf, TrLoss=0.1579]
 Training FV-edg60000-s6-t4:  86%|████████▌ | 43/50 [00:23<00:03,  1.81it/s, Saved at =inf, TrLoss=0.1579]
 Training FV-edg60000-s6-t4:  86%|████████▌ | 43/50 [00:24<00:03,  1.81it/s, Saved at =inf, TrLoss=0.1553]
 Training FV-edg60000-s6-t4:  88%|████████▊ | 44/50 [00:24<00:03,  1.81it/s, Saved at =inf, TrLoss=0.1553]
 Training FV-edg60000-s6-t4:  88%|████████▊ | 44/50 [00:24<00:03,  1.81it/s, Saved at =inf, TrLoss=0.1553]
 Training FV-edg60000-s6-t4:  90%|█████████ | 45/50 [00:24<00:02,  1.81it/s, Saved at =inf, TrLoss=0.1553]
 Training FV-edg60000-s6-t4:  90%|█████████ | 45/50 [00:25<00:02,  1.81it/s, Saved at =inf, TrLoss=0.1558]
 Training FV-edg60000-s6-t4:  92%|█████████▏| 46/50 [00:25<00:02,  1.81it/s, Saved at =inf, TrLoss=0.1558]
 Training FV-edg60000-s6-t4:  92%|█████████▏| 46/50 [00:25<00:02,  1.81it/s, Saved at =inf, TrLoss=0.1544]
 Training FV-edg60000-s6-t4:  94%|█████████▍| 47/50 [00:26<00:01,  1.81it/s, Saved at =inf, TrLoss=0.1544]
 Training FV-edg60000-s6-t4:  94%|█████████▍| 47/50 [00:26<00:01,  1.81it/s, Saved at =inf, TrLoss=0.1532]
 Training FV-edg60000-s6-t4:  96%|█████████▌| 48/50 [00:26<00:01,  1.81it/s, Saved at =inf, TrLoss=0.1532]
 Training FV-edg60000-s6-t4:  96%|█████████▌| 48/50 [00:27<00:01,  1.81it/s, Saved at =inf, TrLoss=0.1515]
 Training FV-edg60000-s6-t4:  98%|█████████▊| 49/50 [00:27<00:00,  1.81it/s, Saved at =inf, TrLoss=0.1515]
 Training FV-edg60000-s6-t4:  98%|█████████▊| 49/50 [00:27<00:00,  1.81it/s, Saved at =inf, TrLoss=0.1523]
 Training FV-edg60000-s6-t4: 100%|██████████| 50/50 [00:27<00:00,  1.81it/s, Saved at =inf, TrLoss=0.1523]
 Training FV-edg60000-s6-t4: 100%|██████████| 50/50 [00:27<00:00,  1.81it/s, Saved at =inf, TrLoss=0.1523]

 Training FV-edg60000-s6-t5:   0%|          | 0/50 [00:00<?, ?it/s]
 Training FV-edg60000-s6-t5:   0%|          | 0/50 [00:00<?, ?it/s, Saved at =inf, TrLoss=0.9330]
 Training FV-edg60000-s6-t5:   2%|▏         | 1/50 [00:00<00:34,  1.40it/s, Saved at =inf, TrLoss=0.9330]
 Training FV-edg60000-s6-t5:   2%|▏         | 1/50 [00:01<00:34,  1.40it/s, Saved at =inf, TrLoss=0.5455]
 Training FV-edg60000-s6-t5:   4%|▍         | 2/50 [00:01<00:33,  1.42it/s, Saved at =inf, TrLoss=0.5455]
 Training FV-edg60000-s6-t5:   4%|▍         | 2/50 [00:01<00:33,  1.42it/s, Saved at =inf, TrLoss=0.4494]
 Training FV-edg60000-s6-t5:   6%|▌         | 3/50 [00:02<00:33,  1.42it/s, Saved at =inf, TrLoss=0.4494]
 Training FV-edg60000-s6-t5:   6%|▌         | 3/50 [00:02<00:33,  1.42it/s, Saved at =inf, TrLoss=0.3758]
 Training FV-edg60000-s6-t5:   8%|▊         | 4/50 [00:02<00:32,  1.43it/s, Saved at =inf, TrLoss=0.3758]
 Training FV-edg60000-s6-t5:   8%|▊         | 4/50 [00:03<00:32,  1.43it/s, Saved at =inf, TrLoss=0.3539]
 Training FV-edg60000-s6-t5:  10%|█         | 5/50 [00:03<00:31,  1.43it/s, Saved at =inf, TrLoss=0.3539]
 Training FV-edg60000-s6-t5:  10%|█         | 5/50 [00:04<00:31,  1.43it/s, Saved at =inf, TrLoss=0.3000]
 Training FV-edg60000-s6-t5:  12%|█▏        | 6/50 [00:04<00:30,  1.43it/s, Saved at =inf, TrLoss=0.3000]
 Training FV-edg60000-s6-t5:  12%|█▏        | 6/50 [00:04<00:30,  1.43it/s, Saved at =inf, TrLoss=0.3226]
 Training FV-edg60000-s6-t5:  14%|█▍        | 7/50 [00:04<00:30,  1.43it/s, Saved at =inf, TrLoss=0.3226]
 Training FV-edg60000-s6-t5:  14%|█▍        | 7/50 [00:05<00:30,  1.43it/s, Saved at =inf, TrLoss=0.2916]
 Training FV-edg60000-s6-t5:  16%|█▌        | 8/50 [00:05<00:29,  1.43it/s, Saved at =inf, TrLoss=0.2916]
 Training FV-edg60000-s6-t5:  16%|█▌        | 8/50 [00:06<00:29,  1.43it/s, Saved at =inf, TrLoss=0.2818]
 Training FV-edg60000-s6-t5:  18%|█▊        | 9/50 [00:06<00:28,  1.43it/s, Saved at =inf, TrLoss=0.2818]
 Training FV-edg60000-s6-t5:  18%|█▊        | 9/50 [00:06<00:28,  1.43it/s, Saved at =inf, TrLoss=0.2552]
 Training FV-edg60000-s6-t5:  20%|██        | 10/50 [00:07<00:27,  1.43it/s, Saved at =inf, TrLoss=0.2552]
 Training FV-edg60000-s6-t5:  20%|██        | 10/50 [00:07<00:27,  1.43it/s, Saved at =inf, TrLoss=0.2596]
 Training FV-edg60000-s6-t5:  22%|██▏       | 11/50 [00:07<00:27,  1.43it/s, Saved at =inf, TrLoss=0.2596]
 Training FV-edg60000-s6-t5:  22%|██▏       | 11/50 [00:08<00:27,  1.43it/s, Saved at =inf, TrLoss=0.2402]
 Training FV-edg60000-s6-t5:  24%|██▍       | 12/50 [00:08<00:26,  1.43it/s, Saved at =inf, TrLoss=0.2402]
 Training FV-edg60000-s6-t5:  24%|██▍       | 12/50 [00:08<00:26,  1.43it/s, Saved at =inf, TrLoss=0.2432]
 Training FV-edg60000-s6-t5:  26%|██▌       | 13/50 [00:09<00:25,  1.43it/s, Saved at =inf, TrLoss=0.2432]
 Training FV-edg60000-s6-t5:  26%|██▌       | 13/50 [00:09<00:25,  1.43it/s, Saved at =inf, TrLoss=0.2334]
 Training FV-edg60000-s6-t5:  28%|██▊       | 14/50 [00:09<00:25,  1.43it/s, Saved at =inf, TrLoss=0.2334]
 Training FV-edg60000-s6-t5:  28%|██▊       | 14/50 [00:10<00:25,  1.43it/s, Saved at =inf, TrLoss=0.2344]
 Training FV-edg60000-s6-t5:  30%|███       | 15/50 [00:10<00:24,  1.43it/s, Saved at =inf, TrLoss=0.2344]
 Training FV-edg60000-s6-t5:  30%|███       | 15/50 [00:11<00:24,  1.43it/s, Saved at =inf, TrLoss=0.2281]
 Training FV-edg60000-s6-t5:  32%|███▏      | 16/50 [00:11<00:23,  1.43it/s, Saved at =inf, TrLoss=0.2281]
 Training FV-edg60000-s6-t5:  32%|███▏      | 16/50 [00:11<00:23,  1.43it/s, Saved at =inf, TrLoss=0.2203]
 Training FV-edg60000-s6-t5:  34%|███▍      | 17/50 [00:11<00:23,  1.43it/s, Saved at =inf, TrLoss=0.2203]
 Training FV-edg60000-s6-t5:  34%|███▍      | 17/50 [00:12<00:23,  1.43it/s, Saved at =inf, TrLoss=0.2189]
 Training FV-edg60000-s6-t5:  36%|███▌      | 18/50 [00:12<00:22,  1.43it/s, Saved at =inf, TrLoss=0.2189]
 Training FV-edg60000-s6-t5:  36%|███▌      | 18/50 [00:13<00:22,  1.43it/s, Saved at =inf, TrLoss=0.2105]
 Training FV-edg60000-s6-t5:  38%|███▊      | 19/50 [00:13<00:21,  1.43it/s, Saved at =inf, TrLoss=0.2105]
 Training FV-edg60000-s6-t5:  38%|███▊      | 19/50 [00:13<00:21,  1.43it/s, Saved at =inf, TrLoss=0.2133]
 Training FV-edg60000-s6-t5:  40%|████      | 20/50 [00:13<00:20,  1.43it/s, Saved at =inf, TrLoss=0.2133]
 Training FV-edg60000-s6-t5:  40%|████      | 20/50 [00:14<00:20,  1.43it/s, Saved at =inf, TrLoss=0.2054]
 Training FV-edg60000-s6-t5:  42%|████▏     | 21/50 [00:14<00:20,  1.43it/s, Saved at =inf, TrLoss=0.2054]
 Training FV-edg60000-s6-t5:  42%|████▏     | 21/50 [00:15<00:20,  1.43it/s, Saved at =inf, TrLoss=0.2045]
 Training FV-edg60000-s6-t5:  44%|████▍     | 22/50 [00:15<00:19,  1.43it/s, Saved at =inf, TrLoss=0.2045]
 Training FV-edg60000-s6-t5:  44%|████▍     | 22/50 [00:15<00:19,  1.43it/s, Saved at =inf, TrLoss=0.1967]
 Training FV-edg60000-s6-t5:  46%|████▌     | 23/50 [00:16<00:18,  1.43it/s, Saved at =inf, TrLoss=0.1967]
 Training FV-edg60000-s6-t5:  46%|████▌     | 23/50 [00:16<00:18,  1.43it/s, Saved at =inf, TrLoss=0.1952]
 Training FV-edg60000-s6-t5:  48%|████▊     | 24/50 [00:16<00:18,  1.43it/s, Saved at =inf, TrLoss=0.1952]
 Training FV-edg60000-s6-t5:  48%|████▊     | 24/50 [00:17<00:18,  1.43it/s, Saved at =inf, TrLoss=0.1886]
 Training FV-edg60000-s6-t5:  50%|█████     | 25/50 [00:17<00:17,  1.43it/s, Saved at =inf, TrLoss=0.1886]
 Training FV-edg60000-s6-t5:  50%|█████     | 25/50 [00:18<00:17,  1.43it/s, Saved at =inf, TrLoss=0.1911]
 Training FV-edg60000-s6-t5:  52%|█████▏    | 26/50 [00:18<00:16,  1.43it/s, Saved at =inf, TrLoss=0.1911]
 Training FV-edg60000-s6-t5:  52%|█████▏    | 26/50 [00:18<00:16,  1.43it/s, Saved at =inf, TrLoss=0.1845]
 Training FV-edg60000-s6-t5:  54%|█████▍    | 27/50 [00:18<00:16,  1.43it/s, Saved at =inf, TrLoss=0.1845]
 Training FV-edg60000-s6-t5:  54%|█████▍    | 27/50 [00:19<00:16,  1.43it/s, Saved at =inf, TrLoss=0.1839]
 Training FV-edg60000-s6-t5:  56%|█████▌    | 28/50 [00:19<00:15,  1.43it/s, Saved at =inf, TrLoss=0.1839]
 Training FV-edg60000-s6-t5:  56%|█████▌    | 28/50 [00:20<00:15,  1.43it/s, Saved at =inf, TrLoss=0.1815]
 Training FV-edg60000-s6-t5:  58%|█████▊    | 29/50 [00:20<00:14,  1.43it/s, Saved at =inf, TrLoss=0.1815]
 Training FV-edg60000-s6-t5:  58%|█████▊    | 29/50 [00:20<00:14,  1.43it/s, Saved at =inf, TrLoss=0.1820]
 Training FV-edg60000-s6-t5:  60%|██████    | 30/50 [00:20<00:13,  1.43it/s, Saved at =inf, TrLoss=0.1820]
 Training FV-edg60000-s6-t5:  60%|██████    | 30/50 [00:21<00:13,  1.43it/s, Saved at =inf, TrLoss=0.1748]
 Training FV-edg60000-s6-t5:  62%|██████▏   | 31/50 [00:21<00:13,  1.43it/s, Saved at =inf, TrLoss=0.1748]
 Training FV-edg60000-s6-t5:  62%|██████▏   | 31/50 [00:22<00:13,  1.43it/s, Saved at =inf, TrLoss=0.1724]
 Training FV-edg60000-s6-t5:  64%|██████▍   | 32/50 [00:22<00:12,  1.43it/s, Saved at =inf, TrLoss=0.1724]
 Training FV-edg60000-s6-t5:  64%|██████▍   | 32/50 [00:22<00:12,  1.43it/s, Saved at =inf, TrLoss=0.1745]
 Training FV-edg60000-s6-t5:  66%|██████▌   | 33/50 [00:23<00:11,  1.43it/s, Saved at =inf, TrLoss=0.1745]
 Training FV-edg60000-s6-t5:  66%|██████▌   | 33/50 [00:23<00:11,  1.43it/s, Saved at =inf, TrLoss=0.1706]
 Training FV-edg60000-s6-t5:  68%|██████▊   | 34/50 [00:23<00:11,  1.43it/s, Saved at =inf, TrLoss=0.1706]
 Training FV-edg60000-s6-t5:  68%|██████▊   | 34/50 [00:24<00:11,  1.43it/s, Saved at =inf, TrLoss=0.1709]
 Training FV-edg60000-s6-t5:  70%|███████   | 35/50 [00:24<00:10,  1.43it/s, Saved at =inf, TrLoss=0.1709]
 Training FV-edg60000-s6-t5:  70%|███████   | 35/50 [00:25<00:10,  1.43it/s, Saved at =inf, TrLoss=0.1683]
 Training FV-edg60000-s6-t5:  72%|███████▏  | 36/50 [00:25<00:09,  1.43it/s, Saved at =inf, TrLoss=0.1683]
 Training FV-edg60000-s6-t5:  72%|███████▏  | 36/50 [00:25<00:09,  1.43it/s, Saved at =inf, TrLoss=0.1662]
 Training FV-edg60000-s6-t5:  74%|███████▍  | 37/50 [00:25<00:09,  1.43it/s, Saved at =inf, TrLoss=0.1662]
 Training FV-edg60000-s6-t5:  74%|███████▍  | 37/50 [00:26<00:09,  1.43it/s, Saved at =inf, TrLoss=0.1655]
 Training FV-edg60000-s6-t5:  76%|███████▌  | 38/50 [00:26<00:08,  1.43it/s, Saved at =inf, TrLoss=0.1655]
 Training FV-edg60000-s6-t5:  76%|███████▌  | 38/50 [00:27<00:08,  1.43it/s, Saved at =inf, TrLoss=0.1628]
 Training FV-edg60000-s6-t5:  78%|███████▊  | 39/50 [00:27<00:07,  1.43it/s, Saved at =inf, TrLoss=0.1628]
 Training FV-edg60000-s6-t5:  78%|███████▊  | 39/50 [00:27<00:07,  1.43it/s, Saved at =inf, TrLoss=0.1643]
 Training FV-edg60000-s6-t5:  80%|████████  | 40/50 [00:27<00:06,  1.43it/s, Saved at =inf, TrLoss=0.1643]
 Training FV-edg60000-s6-t5:  80%|████████  | 40/50 [00:28<00:06,  1.43it/s, Saved at =inf, TrLoss=0.1624]
 Training FV-edg60000-s6-t5:  82%|████████▏ | 41/50 [00:28<00:06,  1.43it/s, Saved at =inf, TrLoss=0.1624]
 Training FV-edg60000-s6-t5:  82%|████████▏ | 41/50 [00:29<00:06,  1.43it/s, Saved at =inf, TrLoss=0.1637]
 Training FV-edg60000-s6-t5:  84%|████████▍ | 42/50 [00:29<00:05,  1.43it/s, Saved at =inf, TrLoss=0.1637]
 Training FV-edg60000-s6-t5:  84%|████████▍ | 42/50 [00:29<00:05,  1.43it/s, Saved at =inf, TrLoss=0.1606]
 Training FV-edg60000-s6-t5:  86%|████████▌ | 43/50 [00:30<00:04,  1.43it/s, Saved at =inf, TrLoss=0.1606]
 Training FV-edg60000-s6-t5:  86%|████████▌ | 43/50 [00:30<00:04,  1.43it/s, Saved at =inf, TrLoss=0.1599]
 Training FV-edg60000-s6-t5:  88%|████████▊ | 44/50 [00:30<00:04,  1.43it/s, Saved at =inf, TrLoss=0.1599]
 Training FV-edg60000-s6-t5:  88%|████████▊ | 44/50 [00:31<00:04,  1.43it/s, Saved at =inf, TrLoss=0.1598]
 Training FV-edg60000-s6-t5:  90%|█████████ | 45/50 [00:31<00:03,  1.43it/s, Saved at =inf, TrLoss=0.1598]
 Training FV-edg60000-s6-t5:  90%|█████████ | 45/50 [00:32<00:03,  1.43it/s, Saved at =inf, TrLoss=0.1614]
 Training FV-edg60000-s6-t5:  92%|█████████▏| 46/50 [00:32<00:02,  1.43it/s, Saved at =inf, TrLoss=0.1614]
 Training FV-edg60000-s6-t5:  92%|█████████▏| 46/50 [00:32<00:02,  1.43it/s, Saved at =inf, TrLoss=0.1584]
 Training FV-edg60000-s6-t5:  94%|█████████▍| 47/50 [00:32<00:02,  1.43it/s, Saved at =inf, TrLoss=0.1584]
 Training FV-edg60000-s6-t5:  94%|█████████▍| 47/50 [00:33<00:02,  1.43it/s, Saved at =inf, TrLoss=0.1562]
 Training FV-edg60000-s6-t5:  96%|█████████▌| 48/50 [00:33<00:01,  1.43it/s, Saved at =inf, TrLoss=0.1562]
 Training FV-edg60000-s6-t5:  96%|█████████▌| 48/50 [00:34<00:01,  1.43it/s, Saved at =inf, TrLoss=0.1563]
 Training FV-edg60000-s6-t5:  98%|█████████▊| 49/50 [00:34<00:00,  1.43it/s, Saved at =inf, TrLoss=0.1563]
 Training FV-edg60000-s6-t5:  98%|█████████▊| 49/50 [00:34<00:00,  1.43it/s, Saved at =inf, TrLoss=0.1592]
 Training FV-edg60000-s6-t5: 100%|██████████| 50/50 [00:34<00:00,  1.43it/s, Saved at =inf, TrLoss=0.1592]
 Training FV-edg60000-s6-t5: 100%|██████████| 50/50 [00:34<00:00,  1.43it/s, Saved at =inf, TrLoss=0.1592]

 Training FV-edg60000-s6-t6:   0%|          | 0/50 [00:00<?, ?it/s]
 Training FV-edg60000-s6-t6:   0%|          | 0/50 [00:00<?, ?it/s, Saved at =inf, TrLoss=0.5615]
 Training FV-edg60000-s6-t6:   2%|▏         | 1/50 [00:00<00:43,  1.14it/s, Saved at =inf, TrLoss=0.5615]
 Training FV-edg60000-s6-t6:   2%|▏         | 1/50 [00:01<00:43,  1.14it/s, Saved at =inf, TrLoss=1.2982]
 Training FV-edg60000-s6-t6:   4%|▍         | 2/50 [00:01<00:41,  1.15it/s, Saved at =inf, TrLoss=1.2982]
 Training FV-edg60000-s6-t6:   4%|▍         | 2/50 [00:02<00:41,  1.15it/s, Saved at =inf, TrLoss=0.4680]
 Training FV-edg60000-s6-t6:   6%|▌         | 3/50 [00:02<00:40,  1.16it/s, Saved at =inf, TrLoss=0.4680]
 Training FV-edg60000-s6-t6:   6%|▌         | 3/50 [00:03<00:40,  1.16it/s, Saved at =inf, TrLoss=0.4466]
 Training FV-edg60000-s6-t6:   8%|▊         | 4/50 [00:03<00:39,  1.16it/s, Saved at =inf, TrLoss=0.4466]
 Training FV-edg60000-s6-t6:   8%|▊         | 4/50 [00:04<00:39,  1.16it/s, Saved at =inf, TrLoss=0.4259]
 Training FV-edg60000-s6-t6:  10%|█         | 5/50 [00:04<00:38,  1.16it/s, Saved at =inf, TrLoss=0.4259]
 Training FV-edg60000-s6-t6:  10%|█         | 5/50 [00:05<00:38,  1.16it/s, Saved at =inf, TrLoss=0.3373]
 Training FV-edg60000-s6-t6:  12%|█▏        | 6/50 [00:05<00:37,  1.16it/s, Saved at =inf, TrLoss=0.3373]
 Training FV-edg60000-s6-t6:  12%|█▏        | 6/50 [00:05<00:37,  1.16it/s, Saved at =inf, TrLoss=0.3406]
 Training FV-edg60000-s6-t6:  14%|█▍        | 7/50 [00:06<00:37,  1.16it/s, Saved at =inf, TrLoss=0.3406]
 Training FV-edg60000-s6-t6:  14%|█▍        | 7/50 [00:06<00:37,  1.16it/s, Saved at =inf, TrLoss=0.3638]
 Training FV-edg60000-s6-t6:  16%|█▌        | 8/50 [00:06<00:36,  1.16it/s, Saved at =inf, TrLoss=0.3638]
 Training FV-edg60000-s6-t6:  16%|█▌        | 8/50 [00:07<00:36,  1.16it/s, Saved at =inf, TrLoss=0.3162]
 Training FV-edg60000-s6-t6:  18%|█▊        | 9/50 [00:07<00:35,  1.16it/s, Saved at =inf, TrLoss=0.3162]
 Training FV-edg60000-s6-t6:  18%|█▊        | 9/50 [00:08<00:35,  1.16it/s, Saved at =inf, TrLoss=0.2685]
 Training FV-edg60000-s6-t6:  20%|██        | 10/50 [00:08<00:34,  1.16it/s, Saved at =inf, TrLoss=0.2685]
 Training FV-edg60000-s6-t6:  20%|██        | 10/50 [00:09<00:34,  1.16it/s, Saved at =inf, TrLoss=0.2781]
 Training FV-edg60000-s6-t6:  22%|██▏       | 11/50 [00:09<00:33,  1.16it/s, Saved at =inf, TrLoss=0.2781]
 Training FV-edg60000-s6-t6:  22%|██▏       | 11/50 [00:10<00:33,  1.16it/s, Saved at =inf, TrLoss=0.2912]
 Training FV-edg60000-s6-t6:  24%|██▍       | 12/50 [00:10<00:32,  1.16it/s, Saved at =inf, TrLoss=0.2912]
 Training FV-edg60000-s6-t6:  24%|██▍       | 12/50 [00:11<00:32,  1.16it/s, Saved at =inf, TrLoss=0.2702]
 Training FV-edg60000-s6-t6:  26%|██▌       | 13/50 [00:11<00:31,  1.16it/s, Saved at =inf, TrLoss=0.2702]
 Training FV-edg60000-s6-t6:  26%|██▌       | 13/50 [00:11<00:31,  1.16it/s, Saved at =inf, TrLoss=0.2550]
 Training FV-edg60000-s6-t6:  28%|██▊       | 14/50 [00:12<00:30,  1.16it/s, Saved at =inf, TrLoss=0.2550]
 Training FV-edg60000-s6-t6:  28%|██▊       | 14/50 [00:12<00:30,  1.16it/s, Saved at =inf, TrLoss=0.2675]
 Training FV-edg60000-s6-t6:  30%|███       | 15/50 [00:12<00:30,  1.16it/s, Saved at =inf, TrLoss=0.2675]
 Training FV-edg60000-s6-t6:  30%|███       | 15/50 [00:13<00:30,  1.16it/s, Saved at =inf, TrLoss=0.2621]
 Training FV-edg60000-s6-t6:  32%|███▏      | 16/50 [00:13<00:29,  1.16it/s, Saved at =inf, TrLoss=0.2621]
 Training FV-edg60000-s6-t6:  32%|███▏      | 16/50 [00:14<00:29,  1.16it/s, Saved at =inf, TrLoss=0.2397]
 Training FV-edg60000-s6-t6:  34%|███▍      | 17/50 [00:14<00:28,  1.16it/s, Saved at =inf, TrLoss=0.2397]
 Training FV-edg60000-s6-t6:  34%|███▍      | 17/50 [00:15<00:28,  1.16it/s, Saved at =inf, TrLoss=0.2358]
 Training FV-edg60000-s6-t6:  36%|███▌      | 18/50 [00:15<00:27,  1.16it/s, Saved at =inf, TrLoss=0.2358]
 Training FV-edg60000-s6-t6:  36%|███▌      | 18/50 [00:16<00:27,  1.16it/s, Saved at =inf, TrLoss=0.2397]
 Training FV-edg60000-s6-t6:  38%|███▊      | 19/50 [00:16<00:26,  1.16it/s, Saved at =inf, TrLoss=0.2397]
 Training FV-edg60000-s6-t6:  38%|███▊      | 19/50 [00:17<00:26,  1.16it/s, Saved at =inf, TrLoss=0.2308]
 Training FV-edg60000-s6-t6:  40%|████      | 20/50 [00:17<00:25,  1.16it/s, Saved at =inf, TrLoss=0.2308]
 Training FV-edg60000-s6-t6:  40%|████      | 20/50 [00:17<00:25,  1.16it/s, Saved at =inf, TrLoss=0.2208]
 Training FV-edg60000-s6-t6:  42%|████▏     | 21/50 [00:18<00:24,  1.16it/s, Saved at =inf, TrLoss=0.2208]
 Training FV-edg60000-s6-t6:  42%|████▏     | 21/50 [00:18<00:24,  1.16it/s, Saved at =inf, TrLoss=0.2194]
 Training FV-edg60000-s6-t6:  44%|████▍     | 22/50 [00:18<00:24,  1.16it/s, Saved at =inf, TrLoss=0.2194]
 Training FV-edg60000-s6-t6:  44%|████▍     | 22/50 [00:19<00:24,  1.16it/s, Saved at =inf, TrLoss=0.2182]
 Training FV-edg60000-s6-t6:  46%|████▌     | 23/50 [00:19<00:23,  1.16it/s, Saved at =inf, TrLoss=0.2182]
 Training FV-edg60000-s6-t6:  46%|████▌     | 23/50 [00:20<00:23,  1.16it/s, Saved at =inf, TrLoss=0.2124]
 Training FV-edg60000-s6-t6:  48%|████▊     | 24/50 [00:20<00:22,  1.16it/s, Saved at =inf, TrLoss=0.2124]
 Training FV-edg60000-s6-t6:  48%|████▊     | 24/50 [00:21<00:22,  1.16it/s, Saved at =inf, TrLoss=0.2066]
 Training FV-edg60000-s6-t6:  50%|█████     | 25/50 [00:21<00:21,  1.16it/s, Saved at =inf, TrLoss=0.2066]
 Training FV-edg60000-s6-t6:  50%|█████     | 25/50 [00:22<00:21,  1.16it/s, Saved at =inf, TrLoss=0.2051]
 Training FV-edg60000-s6-t6:  52%|█████▏    | 26/50 [00:22<00:20,  1.16it/s, Saved at =inf, TrLoss=0.2051]
 Training FV-edg60000-s6-t6:  52%|█████▏    | 26/50 [00:23<00:20,  1.16it/s, Saved at =inf, TrLoss=0.2008]
 Training FV-edg60000-s6-t6:  54%|█████▍    | 27/50 [00:23<00:19,  1.16it/s, Saved at =inf, TrLoss=0.2008]
 Training FV-edg60000-s6-t6:  54%|█████▍    | 27/50 [00:23<00:19,  1.16it/s, Saved at =inf, TrLoss=0.2002]
 Training FV-edg60000-s6-t6:  56%|█████▌    | 28/50 [00:24<00:18,  1.16it/s, Saved at =inf, TrLoss=0.2002]
 Training FV-edg60000-s6-t6:  56%|█████▌    | 28/50 [00:24<00:18,  1.16it/s, Saved at =inf, TrLoss=0.1969]
 Training FV-edg60000-s6-t6:  58%|█████▊    | 29/50 [00:24<00:18,  1.16it/s, Saved at =inf, TrLoss=0.1969]
 Training FV-edg60000-s6-t6:  58%|█████▊    | 29/50 [00:25<00:18,  1.16it/s, Saved at =inf, TrLoss=0.1995]
 Training FV-edg60000-s6-t6:  60%|██████    | 30/50 [00:25<00:17,  1.16it/s, Saved at =inf, TrLoss=0.1995]
 Training FV-edg60000-s6-t6:  60%|██████    | 30/50 [00:26<00:17,  1.16it/s, Saved at =inf, TrLoss=0.1933]
 Training FV-edg60000-s6-t6:  62%|██████▏   | 31/50 [00:26<00:16,  1.16it/s, Saved at =inf, TrLoss=0.1933]
 Training FV-edg60000-s6-t6:  62%|██████▏   | 31/50 [00:27<00:16,  1.16it/s, Saved at =inf, TrLoss=0.1867]
 Training FV-edg60000-s6-t6:  64%|██████▍   | 32/50 [00:27<00:15,  1.16it/s, Saved at =inf, TrLoss=0.1867]
 Training FV-edg60000-s6-t6:  64%|██████▍   | 32/50 [00:28<00:15,  1.16it/s, Saved at =inf, TrLoss=0.1917]
 Training FV-edg60000-s6-t6:  66%|██████▌   | 33/50 [00:28<00:14,  1.16it/s, Saved at =inf, TrLoss=0.1917]
 Training FV-edg60000-s6-t6:  66%|██████▌   | 33/50 [00:29<00:14,  1.16it/s, Saved at =inf, TrLoss=0.1884]
 Training FV-edg60000-s6-t6:  68%|██████▊   | 34/50 [00:29<00:13,  1.16it/s, Saved at =inf, TrLoss=0.1884]
 Training FV-edg60000-s6-t6:  68%|██████▊   | 34/50 [00:29<00:13,  1.16it/s, Saved at =inf, TrLoss=0.1858]
 Training FV-edg60000-s6-t6:  70%|███████   | 35/50 [00:30<00:12,  1.16it/s, Saved at =inf, TrLoss=0.1858]
 Training FV-edg60000-s6-t6:  70%|███████   | 35/50 [00:30<00:12,  1.16it/s, Saved at =inf, TrLoss=0.1819]
 Training FV-edg60000-s6-t6:  72%|███████▏  | 36/50 [00:30<00:12,  1.16it/s, Saved at =inf, TrLoss=0.1819]
 Training FV-edg60000-s6-t6:  72%|███████▏  | 36/50 [00:31<00:12,  1.16it/s, Saved at =inf, TrLoss=0.1831]
 Training FV-edg60000-s6-t6:  74%|███████▍  | 37/50 [00:31<00:11,  1.16it/s, Saved at =inf, TrLoss=0.1831]
 Training FV-edg60000-s6-t6:  74%|███████▍  | 37/50 [00:32<00:11,  1.16it/s, Saved at =inf, TrLoss=0.1805]
 Training FV-edg60000-s6-t6:  76%|███████▌  | 38/50 [00:32<00:10,  1.16it/s, Saved at =inf, TrLoss=0.1805]
 Training FV-edg60000-s6-t6:  76%|███████▌  | 38/50 [00:33<00:10,  1.16it/s, Saved at =inf, TrLoss=0.1775]
 Training FV-edg60000-s6-t6:  78%|███████▊  | 39/50 [00:33<00:09,  1.16it/s, Saved at =inf, TrLoss=0.1775]
 Training FV-edg60000-s6-t6:  78%|███████▊  | 39/50 [00:34<00:09,  1.16it/s, Saved at =inf, TrLoss=0.1767]
 Training FV-edg60000-s6-t6:  80%|████████  | 40/50 [00:34<00:08,  1.16it/s, Saved at =inf, TrLoss=0.1767]
 Training FV-edg60000-s6-t6:  80%|████████  | 40/50 [00:35<00:08,  1.16it/s, Saved at =inf, TrLoss=0.1739]
 Training FV-edg60000-s6-t6:  82%|████████▏ | 41/50 [00:35<00:07,  1.16it/s, Saved at =inf, TrLoss=0.1739]
 Training FV-edg60000-s6-t6:  82%|████████▏ | 41/50 [00:35<00:07,  1.16it/s, Saved at =inf, TrLoss=0.1741]
 Training FV-edg60000-s6-t6:  84%|████████▍ | 42/50 [00:36<00:06,  1.16it/s, Saved at =inf, TrLoss=0.1741]
 Training FV-edg60000-s6-t6:  84%|████████▍ | 42/50 [00:36<00:06,  1.16it/s, Saved at =inf, TrLoss=0.1729]
 Training FV-edg60000-s6-t6:  86%|████████▌ | 43/50 [00:36<00:06,  1.16it/s, Saved at =inf, TrLoss=0.1729]
 Training FV-edg60000-s6-t6:  86%|████████▌ | 43/50 [00:37<00:06,  1.16it/s, Saved at =inf, TrLoss=0.1701]
 Training FV-edg60000-s6-t6:  88%|████████▊ | 44/50 [00:37<00:05,  1.16it/s, Saved at =inf, TrLoss=0.1701]
 Training FV-edg60000-s6-t6:  88%|████████▊ | 44/50 [00:38<00:05,  1.16it/s, Saved at =inf, TrLoss=0.1692]
 Training FV-edg60000-s6-t6:  90%|█████████ | 45/50 [00:38<00:04,  1.16it/s, Saved at =inf, TrLoss=0.1692]
 Training FV-edg60000-s6-t6:  90%|█████████ | 45/50 [00:39<00:04,  1.16it/s, Saved at =inf, TrLoss=0.1692]
 Training FV-edg60000-s6-t6:  92%|█████████▏| 46/50 [00:39<00:03,  1.16it/s, Saved at =inf, TrLoss=0.1692]
 Training FV-edg60000-s6-t6:  92%|█████████▏| 46/50 [00:40<00:03,  1.16it/s, Saved at =inf, TrLoss=0.1699]
 Training FV-edg60000-s6-t6:  94%|█████████▍| 47/50 [00:40<00:02,  1.16it/s, Saved at =inf, TrLoss=0.1699]
 Training FV-edg60000-s6-t6:  94%|█████████▍| 47/50 [00:41<00:02,  1.16it/s, Saved at =inf, TrLoss=0.1669]
 Training FV-edg60000-s6-t6:  96%|█████████▌| 48/50 [00:41<00:01,  1.16it/s, Saved at =inf, TrLoss=0.1669]
 Training FV-edg60000-s6-t6:  96%|█████████▌| 48/50 [00:41<00:01,  1.16it/s, Saved at =inf, TrLoss=0.1650]
 Training FV-edg60000-s6-t6:  98%|█████████▊| 49/50 [00:42<00:00,  1.16it/s, Saved at =inf, TrLoss=0.1650]
 Training FV-edg60000-s6-t6:  98%|█████████▊| 49/50 [00:42<00:00,  1.16it/s, Saved at =inf, TrLoss=0.1657]
 Training FV-edg60000-s6-t6: 100%|██████████| 50/50 [00:42<00:00,  1.16it/s, Saved at =inf, TrLoss=0.1657]
 Training FV-edg60000-s6-t6: 100%|██████████| 50/50 [00:42<00:00,  1.16it/s, Saved at =inf, TrLoss=0.1657]

 Training FV-edg60000-s6-t7:   0%|          | 0/50 [00:00<?, ?it/s]
 Training FV-edg60000-s6-t7:   0%|          | 0/50 [00:00<?, ?it/s, Saved at =inf, TrLoss=0.8451]
 Training FV-edg60000-s6-t7:   2%|▏         | 1/50 [00:01<00:51,  1.05s/it, Saved at =inf, TrLoss=0.8451]
 Training FV-edg60000-s6-t7:   2%|▏         | 1/50 [00:01<00:51,  1.05s/it, Saved at =inf, TrLoss=0.4868]
 Training FV-edg60000-s6-t7:   4%|▍         | 2/50 [00:02<00:49,  1.04s/it, Saved at =inf, TrLoss=0.4868]
 Training FV-edg60000-s6-t7:   4%|▍         | 2/50 [00:02<00:49,  1.04s/it, Saved at =inf, TrLoss=0.4348]
 Training FV-edg60000-s6-t7:   6%|▌         | 3/50 [00:03<00:48,  1.04s/it, Saved at =inf, TrLoss=0.4348]
 Training FV-edg60000-s6-t7:   6%|▌         | 3/50 [00:03<00:48,  1.04s/it, Saved at =inf, TrLoss=0.4467]
 Training FV-edg60000-s6-t7:   8%|▊         | 4/50 [00:04<00:47,  1.03s/it, Saved at =inf, TrLoss=0.4467]
 Training FV-edg60000-s6-t7:   8%|▊         | 4/50 [00:04<00:47,  1.03s/it, Saved at =inf, TrLoss=0.5442]
 Training FV-edg60000-s6-t7:  10%|█         | 5/50 [00:05<00:46,  1.03s/it, Saved at =inf, TrLoss=0.5442]
 Training FV-edg60000-s6-t7:  10%|█         | 5/50 [00:06<00:46,  1.03s/it, Saved at =inf, TrLoss=0.3530]
 Training FV-edg60000-s6-t7:  12%|█▏        | 6/50 [00:06<00:45,  1.03s/it, Saved at =inf, TrLoss=0.3530]
 Training FV-edg60000-s6-t7:  12%|█▏        | 6/50 [00:07<00:45,  1.03s/it, Saved at =inf, TrLoss=0.3586]
 Training FV-edg60000-s6-t7:  14%|█▍        | 7/50 [00:07<00:44,  1.03s/it, Saved at =inf, TrLoss=0.3586]
 Training FV-edg60000-s6-t7:  14%|█▍        | 7/50 [00:08<00:44,  1.03s/it, Saved at =inf, TrLoss=0.3487]
 Training FV-edg60000-s6-t7:  16%|█▌        | 8/50 [00:08<00:43,  1.03s/it, Saved at =inf, TrLoss=0.3487]
 Training FV-edg60000-s6-t7:  16%|█▌        | 8/50 [00:09<00:43,  1.03s/it, Saved at =inf, TrLoss=0.2871]
 Training FV-edg60000-s6-t7:  18%|█▊        | 9/50 [00:09<00:42,  1.03s/it, Saved at =inf, TrLoss=0.2871]
 Training FV-edg60000-s6-t7:  18%|█▊        | 9/50 [00:10<00:42,  1.03s/it, Saved at =inf, TrLoss=0.2936]
 Training FV-edg60000-s6-t7:  20%|██        | 10/50 [00:10<00:41,  1.03s/it, Saved at =inf, TrLoss=0.2936]
 Training FV-edg60000-s6-t7:  20%|██        | 10/50 [00:11<00:41,  1.03s/it, Saved at =inf, TrLoss=0.2919]
 Training FV-edg60000-s6-t7:  22%|██▏       | 11/50 [00:11<00:40,  1.03s/it, Saved at =inf, TrLoss=0.2919]
 Training FV-edg60000-s6-t7:  22%|██▏       | 11/50 [00:12<00:40,  1.03s/it, Saved at =inf, TrLoss=0.2587]
 Training FV-edg60000-s6-t7:  24%|██▍       | 12/50 [00:12<00:39,  1.03s/it, Saved at =inf, TrLoss=0.2587]
 Training FV-edg60000-s6-t7:  24%|██▍       | 12/50 [00:13<00:39,  1.03s/it, Saved at =inf, TrLoss=0.2731]
 Training FV-edg60000-s6-t7:  26%|██▌       | 13/50 [00:13<00:38,  1.03s/it, Saved at =inf, TrLoss=0.2731]
 Training FV-edg60000-s6-t7:  26%|██▌       | 13/50 [00:14<00:38,  1.03s/it, Saved at =inf, TrLoss=0.2524]
 Training FV-edg60000-s6-t7:  28%|██▊       | 14/50 [00:14<00:37,  1.03s/it, Saved at =inf, TrLoss=0.2524]
 Training FV-edg60000-s6-t7:  28%|██▊       | 14/50 [00:15<00:37,  1.03s/it, Saved at =inf, TrLoss=0.2290]
 Training FV-edg60000-s6-t7:  30%|███       | 15/50 [00:15<00:36,  1.03s/it, Saved at =inf, TrLoss=0.2290]
 Training FV-edg60000-s6-t7:  30%|███       | 15/50 [00:16<00:36,  1.03s/it, Saved at =inf, TrLoss=0.2426]
 Training FV-edg60000-s6-t7:  32%|███▏      | 16/50 [00:16<00:35,  1.03s/it, Saved at =inf, TrLoss=0.2426]
 Training FV-edg60000-s6-t7:  32%|███▏      | 16/50 [00:17<00:35,  1.03s/it, Saved at =inf, TrLoss=0.2293]
 Training FV-edg60000-s6-t7:  34%|███▍      | 17/50 [00:17<00:34,  1.03s/it, Saved at =inf, TrLoss=0.2293]
 Training FV-edg60000-s6-t7:  34%|███▍      | 17/50 [00:18<00:34,  1.03s/it, Saved at =inf, TrLoss=0.2196]
 Training FV-edg60000-s6-t7:  36%|███▌      | 18/50 [00:18<00:32,  1.03s/it, Saved at =inf, TrLoss=0.2196]
 Training FV-edg60000-s6-t7:  36%|███▌      | 18/50 [00:19<00:32,  1.03s/it, Saved at =inf, TrLoss=0.2238]
 Training FV-edg60000-s6-t7:  38%|███▊      | 19/50 [00:19<00:31,  1.03s/it, Saved at =inf, TrLoss=0.2238]
 Training FV-edg60000-s6-t7:  38%|███▊      | 19/50 [00:20<00:31,  1.03s/it, Saved at =inf, TrLoss=0.2063]
 Training FV-edg60000-s6-t7:  40%|████      | 20/50 [00:20<00:30,  1.03s/it, Saved at =inf, TrLoss=0.2063]
 Training FV-edg60000-s6-t7:  40%|████      | 20/50 [00:21<00:30,  1.03s/it, Saved at =inf, TrLoss=0.2136]
 Training FV-edg60000-s6-t7:  42%|████▏     | 21/50 [00:21<00:29,  1.03s/it, Saved at =inf, TrLoss=0.2136]
 Training FV-edg60000-s6-t7:  42%|████▏     | 21/50 [00:22<00:29,  1.03s/it, Saved at =inf, TrLoss=0.2097]
 Training FV-edg60000-s6-t7:  44%|████▍     | 22/50 [00:22<00:28,  1.03s/it, Saved at =inf, TrLoss=0.2097]
 Training FV-edg60000-s6-t7:  44%|████▍     | 22/50 [00:23<00:28,  1.03s/it, Saved at =inf, TrLoss=0.2035]
 Training FV-edg60000-s6-t7:  46%|████▌     | 23/50 [00:23<00:27,  1.03s/it, Saved at =inf, TrLoss=0.2035]
 Training FV-edg60000-s6-t7:  46%|████▌     | 23/50 [00:24<00:27,  1.03s/it, Saved at =inf, TrLoss=0.2046]
 Training FV-edg60000-s6-t7:  48%|████▊     | 24/50 [00:24<00:26,  1.03s/it, Saved at =inf, TrLoss=0.2046]
 Training FV-edg60000-s6-t7:  48%|████▊     | 24/50 [00:25<00:26,  1.03s/it, Saved at =inf, TrLoss=0.1956]
 Training FV-edg60000-s6-t7:  50%|█████     | 25/50 [00:25<00:25,  1.03s/it, Saved at =inf, TrLoss=0.1956]
 Training FV-edg60000-s6-t7:  50%|█████     | 25/50 [00:26<00:25,  1.03s/it, Saved at =inf, TrLoss=0.2003]
 Training FV-edg60000-s6-t7:  52%|█████▏    | 26/50 [00:26<00:24,  1.03s/it, Saved at =inf, TrLoss=0.2003]
 Training FV-edg60000-s6-t7:  52%|█████▏    | 26/50 [00:27<00:24,  1.03s/it, Saved at =inf, TrLoss=0.1945]
 Training FV-edg60000-s6-t7:  54%|█████▍    | 27/50 [00:27<00:23,  1.03s/it, Saved at =inf, TrLoss=0.1945]
 Training FV-edg60000-s6-t7:  54%|█████▍    | 27/50 [00:28<00:23,  1.03s/it, Saved at =inf, TrLoss=0.1920]
 Training FV-edg60000-s6-t7:  56%|█████▌    | 28/50 [00:28<00:22,  1.03s/it, Saved at =inf, TrLoss=0.1920]
 Training FV-edg60000-s6-t7:  56%|█████▌    | 28/50 [00:29<00:22,  1.03s/it, Saved at =inf, TrLoss=0.1929]
 Training FV-edg60000-s6-t7:  58%|█████▊    | 29/50 [00:29<00:21,  1.03s/it, Saved at =inf, TrLoss=0.1929]
 Training FV-edg60000-s6-t7:  58%|█████▊    | 29/50 [00:30<00:21,  1.03s/it, Saved at =inf, TrLoss=0.1909]
 Training FV-edg60000-s6-t7:  60%|██████    | 30/50 [00:30<00:20,  1.03s/it, Saved at =inf, TrLoss=0.1909]
 Training FV-edg60000-s6-t7:  60%|██████    | 30/50 [00:31<00:20,  1.03s/it, Saved at =inf, TrLoss=0.1855]
 Training FV-edg60000-s6-t7:  62%|██████▏   | 31/50 [00:31<00:19,  1.03s/it, Saved at =inf, TrLoss=0.1855]
 Training FV-edg60000-s6-t7:  62%|██████▏   | 31/50 [00:32<00:19,  1.03s/it, Saved at =inf, TrLoss=0.1848]
 Training FV-edg60000-s6-t7:  64%|██████▍   | 32/50 [00:33<00:18,  1.03s/it, Saved at =inf, TrLoss=0.1848]
 Training FV-edg60000-s6-t7:  64%|██████▍   | 32/50 [00:33<00:18,  1.03s/it, Saved at =inf, TrLoss=0.1818]
 Training FV-edg60000-s6-t7:  66%|██████▌   | 33/50 [00:34<00:17,  1.03s/it, Saved at =inf, TrLoss=0.1818]
 Training FV-edg60000-s6-t7:  66%|██████▌   | 33/50 [00:34<00:17,  1.03s/it, Saved at =inf, TrLoss=0.1839]
 Training FV-edg60000-s6-t7:  68%|██████▊   | 34/50 [00:35<00:16,  1.03s/it, Saved at =inf, TrLoss=0.1839]
 Training FV-edg60000-s6-t7:  68%|██████▊   | 34/50 [00:35<00:16,  1.03s/it, Saved at =inf, TrLoss=0.1806]
 Training FV-edg60000-s6-t7:  70%|███████   | 35/50 [00:36<00:15,  1.03s/it, Saved at =inf, TrLoss=0.1806]
 Training FV-edg60000-s6-t7:  70%|███████   | 35/50 [00:36<00:15,  1.03s/it, Saved at =inf, TrLoss=0.1783]
 Training FV-edg60000-s6-t7:  72%|███████▏  | 36/50 [00:37<00:14,  1.03s/it, Saved at =inf, TrLoss=0.1783]
 Training FV-edg60000-s6-t7:  72%|███████▏  | 36/50 [00:37<00:14,  1.03s/it, Saved at =inf, TrLoss=0.1781]
 Training FV-edg60000-s6-t7:  74%|███████▍  | 37/50 [00:38<00:13,  1.03s/it, Saved at =inf, TrLoss=0.1781]
 Training FV-edg60000-s6-t7:  74%|███████▍  | 37/50 [00:39<00:13,  1.03s/it, Saved at =inf, TrLoss=0.1768]
 Training FV-edg60000-s6-t7:  76%|███████▌  | 38/50 [00:39<00:12,  1.03s/it, Saved at =inf, TrLoss=0.1768]
 Training FV-edg60000-s6-t7:  76%|███████▌  | 38/50 [00:40<00:12,  1.03s/it, Saved at =inf, TrLoss=0.1753]
 Training FV-edg60000-s6-t7:  78%|███████▊  | 39/50 [00:40<00:11,  1.03s/it, Saved at =inf, TrLoss=0.1753]
 Training FV-edg60000-s6-t7:  78%|███████▊  | 39/50 [00:41<00:11,  1.03s/it, Saved at =inf, TrLoss=0.1745]
 Training FV-edg60000-s6-t7:  80%|████████  | 40/50 [00:41<00:10,  1.03s/it, Saved at =inf, TrLoss=0.1745]
 Training FV-edg60000-s6-t7:  80%|████████  | 40/50 [00:42<00:10,  1.03s/it, Saved at =inf, TrLoss=0.1730]
 Training FV-edg60000-s6-t7:  82%|████████▏ | 41/50 [00:42<00:09,  1.03s/it, Saved at =inf, TrLoss=0.1730]
 Training FV-edg60000-s6-t7:  82%|████████▏ | 41/50 [00:43<00:09,  1.03s/it, Saved at =inf, TrLoss=0.1736]
 Training FV-edg60000-s6-t7:  84%|████████▍ | 42/50 [00:43<00:08,  1.03s/it, Saved at =inf, TrLoss=0.1736]
 Training FV-edg60000-s6-t7:  84%|████████▍ | 42/50 [00:44<00:08,  1.03s/it, Saved at =inf, TrLoss=0.1726]
 Training FV-edg60000-s6-t7:  86%|████████▌ | 43/50 [00:44<00:07,  1.03s/it, Saved at =inf, TrLoss=0.1726]
 Training FV-edg60000-s6-t7:  86%|████████▌ | 43/50 [00:45<00:07,  1.03s/it, Saved at =inf, TrLoss=0.1699]
 Training FV-edg60000-s6-t7:  88%|████████▊ | 44/50 [00:45<00:06,  1.03s/it, Saved at =inf, TrLoss=0.1699]
 Training FV-edg60000-s6-t7:  88%|████████▊ | 44/50 [00:46<00:06,  1.03s/it, Saved at =inf, TrLoss=0.1700]
 Training FV-edg60000-s6-t7:  90%|█████████ | 45/50 [00:46<00:05,  1.03s/it, Saved at =inf, TrLoss=0.1700]
 Training FV-edg60000-s6-t7:  90%|█████████ | 45/50 [00:47<00:05,  1.03s/it, Saved at =inf, TrLoss=0.1701]
 Training FV-edg60000-s6-t7:  92%|█████████▏| 46/50 [00:47<00:04,  1.03s/it, Saved at =inf, TrLoss=0.1701]
 Training FV-edg60000-s6-t7:  92%|█████████▏| 46/50 [00:48<00:04,  1.03s/it, Saved at =inf, TrLoss=0.1685]
 Training FV-edg60000-s6-t7:  94%|█████████▍| 47/50 [00:48<00:03,  1.03s/it, Saved at =inf, TrLoss=0.1685]
 Training FV-edg60000-s6-t7:  94%|█████████▍| 47/50 [00:49<00:03,  1.03s/it, Saved at =inf, TrLoss=0.1684]
 Training FV-edg60000-s6-t7:  96%|█████████▌| 48/50 [00:49<00:02,  1.03s/it, Saved at =inf, TrLoss=0.1684]
 Training FV-edg60000-s6-t7:  96%|█████████▌| 48/50 [00:50<00:02,  1.03s/it, Saved at =inf, TrLoss=0.1664]
 Training FV-edg60000-s6-t7:  98%|█████████▊| 49/50 [00:50<00:01,  1.03s/it, Saved at =inf, TrLoss=0.1664]
 Training FV-edg60000-s6-t7:  98%|█████████▊| 49/50 [00:51<00:01,  1.03s/it, Saved at =inf, TrLoss=0.1666]
 Training FV-edg60000-s6-t7: 100%|██████████| 50/50 [00:51<00:00,  1.03s/it, Saved at =inf, TrLoss=0.1666]
 Training FV-edg60000-s6-t7: 100%|██████████| 50/50 [00:51<00:00,  1.03s/it, Saved at =inf, TrLoss=0.1666]

 Training FV-edg60000-s6-t8:   0%|          | 0/50 [00:00<?, ?it/s]
 Training FV-edg60000-s6-t8:   0%|          | 0/50 [00:01<?, ?it/s, Saved at =inf, TrLoss=1.1531]
 Training FV-edg60000-s6-t8:   2%|▏         | 1/50 [00:01<01:00,  1.23s/it, Saved at =inf, TrLoss=1.1531]
 Training FV-edg60000-s6-t8:   2%|▏         | 1/50 [00:02<01:00,  1.23s/it, Saved at =inf, TrLoss=0.8325]
 Training FV-edg60000-s6-t8:   4%|▍         | 2/50 [00:02<00:58,  1.22s/it, Saved at =inf, TrLoss=0.8325]
 Training FV-edg60000-s6-t8:   4%|▍         | 2/50 [00:03<00:58,  1.22s/it, Saved at =inf, TrLoss=0.5442]
 Training FV-edg60000-s6-t8:   6%|▌         | 3/50 [00:03<00:57,  1.22s/it, Saved at =inf, TrLoss=0.5442]
 Training FV-edg60000-s6-t8:   6%|▌         | 3/50 [00:04<00:57,  1.22s/it, Saved at =inf, TrLoss=0.5315]
 Training FV-edg60000-s6-t8:   8%|▊         | 4/50 [00:04<00:55,  1.22s/it, Saved at =inf, TrLoss=0.5315]
 Training FV-edg60000-s6-t8:   8%|▊         | 4/50 [00:05<00:55,  1.22s/it, Saved at =inf, TrLoss=0.5113]
 Training FV-edg60000-s6-t8:  10%|█         | 5/50 [00:06<00:54,  1.21s/it, Saved at =inf, TrLoss=0.5113]
 Training FV-edg60000-s6-t8:  10%|█         | 5/50 [00:07<00:54,  1.21s/it, Saved at =inf, TrLoss=0.4638]
 Training FV-edg60000-s6-t8:  12%|█▏        | 6/50 [00:07<00:53,  1.21s/it, Saved at =inf, TrLoss=0.4638]
 Training FV-edg60000-s6-t8:  12%|█▏        | 6/50 [00:08<00:53,  1.21s/it, Saved at =inf, TrLoss=0.4498]
 Training FV-edg60000-s6-t8:  14%|█▍        | 7/50 [00:08<00:52,  1.21s/it, Saved at =inf, TrLoss=0.4498]
 Training FV-edg60000-s6-t8:  14%|█▍        | 7/50 [00:09<00:52,  1.21s/it, Saved at =inf, TrLoss=0.4371]
 Training FV-edg60000-s6-t8:  16%|█▌        | 8/50 [00:09<00:50,  1.21s/it, Saved at =inf, TrLoss=0.4371]
 Training FV-edg60000-s6-t8:  16%|█▌        | 8/50 [00:10<00:50,  1.21s/it, Saved at =inf, TrLoss=0.3929]
 Training FV-edg60000-s6-t8:  18%|█▊        | 9/50 [00:10<00:49,  1.21s/it, Saved at =inf, TrLoss=0.3929]
 Training FV-edg60000-s6-t8:  18%|█▊        | 9/50 [00:11<00:49,  1.21s/it, Saved at =inf, TrLoss=0.3718]
 Training FV-edg60000-s6-t8:  20%|██        | 10/50 [00:12<00:48,  1.21s/it, Saved at =inf, TrLoss=0.3718]
 Training FV-edg60000-s6-t8:  20%|██        | 10/50 [00:13<00:48,  1.21s/it, Saved at =inf, TrLoss=0.3782]
 Training FV-edg60000-s6-t8:  22%|██▏       | 11/50 [00:13<00:47,  1.21s/it, Saved at =inf, TrLoss=0.3782]
 Training FV-edg60000-s6-t8:  22%|██▏       | 11/50 [00:14<00:47,  1.21s/it, Saved at =inf, TrLoss=0.3361]
 Training FV-edg60000-s6-t8:  24%|██▍       | 12/50 [00:14<00:46,  1.21s/it, Saved at =inf, TrLoss=0.3361]
 Training FV-edg60000-s6-t8:  24%|██▍       | 12/50 [00:15<00:46,  1.21s/it, Saved at =inf, TrLoss=0.3157]
 Training FV-edg60000-s6-t8:  26%|██▌       | 13/50 [00:15<00:44,  1.21s/it, Saved at =inf, TrLoss=0.3157]
 Training FV-edg60000-s6-t8:  26%|██▌       | 13/50 [00:16<00:44,  1.21s/it, Saved at =inf, TrLoss=0.3170]
 Training FV-edg60000-s6-t8:  28%|██▊       | 14/50 [00:16<00:43,  1.21s/it, Saved at =inf, TrLoss=0.3170]
 Training FV-edg60000-s6-t8:  28%|██▊       | 14/50 [00:17<00:43,  1.21s/it, Saved at =inf, TrLoss=0.2832]
 Training FV-edg60000-s6-t8:  30%|███       | 15/50 [00:18<00:42,  1.21s/it, Saved at =inf, TrLoss=0.2832]
 Training FV-edg60000-s6-t8:  30%|███       | 15/50 [00:19<00:42,  1.21s/it, Saved at =inf, TrLoss=0.2930]
 Training FV-edg60000-s6-t8:  32%|███▏      | 16/50 [00:19<00:41,  1.21s/it, Saved at =inf, TrLoss=0.2930]
 Training FV-edg60000-s6-t8:  32%|███▏      | 16/50 [00:20<00:41,  1.21s/it, Saved at =inf, TrLoss=0.2812]
 Training FV-edg60000-s6-t8:  34%|███▍      | 17/50 [00:20<00:40,  1.21s/it, Saved at =inf, TrLoss=0.2812]
 Training FV-edg60000-s6-t8:  34%|███▍      | 17/50 [00:21<00:40,  1.21s/it, Saved at =inf, TrLoss=0.2724]
 Training FV-edg60000-s6-t8:  36%|███▌      | 18/50 [00:21<00:38,  1.21s/it, Saved at =inf, TrLoss=0.2724]
 Training FV-edg60000-s6-t8:  36%|███▌      | 18/50 [00:22<00:38,  1.21s/it, Saved at =inf, TrLoss=0.2646]
 Training FV-edg60000-s6-t8:  38%|███▊      | 19/50 [00:23<00:37,  1.21s/it, Saved at =inf, TrLoss=0.2646]
 Training FV-edg60000-s6-t8:  38%|███▊      | 19/50 [00:24<00:37,  1.21s/it, Saved at =inf, TrLoss=0.2485]
 Training FV-edg60000-s6-t8:  40%|████      | 20/50 [00:24<00:36,  1.21s/it, Saved at =inf, TrLoss=0.2485]
 Training FV-edg60000-s6-t8:  40%|████      | 20/50 [00:25<00:36,  1.21s/it, Saved at =inf, TrLoss=0.2528]
 Training FV-edg60000-s6-t8:  42%|████▏     | 21/50 [00:25<00:35,  1.21s/it, Saved at =inf, TrLoss=0.2528]
 Training FV-edg60000-s6-t8:  42%|████▏     | 21/50 [00:26<00:35,  1.21s/it, Saved at =inf, TrLoss=0.2377]
 Training FV-edg60000-s6-t8:  44%|████▍     | 22/50 [00:26<00:33,  1.21s/it, Saved at =inf, TrLoss=0.2377]
 Training FV-edg60000-s6-t8:  44%|████▍     | 22/50 [00:27<00:33,  1.21s/it, Saved at =inf, TrLoss=0.2340]
 Training FV-edg60000-s6-t8:  46%|████▌     | 23/50 [00:27<00:32,  1.21s/it, Saved at =inf, TrLoss=0.2340]
 Training FV-edg60000-s6-t8:  46%|████▌     | 23/50 [00:28<00:32,  1.21s/it, Saved at =inf, TrLoss=0.2253]
 Training FV-edg60000-s6-t8:  48%|████▊     | 24/50 [00:29<00:31,  1.21s/it, Saved at =inf, TrLoss=0.2253]
 Training FV-edg60000-s6-t8:  48%|████▊     | 24/50 [00:30<00:31,  1.21s/it, Saved at =inf, TrLoss=0.2218]
 Training FV-edg60000-s6-t8:  50%|█████     | 25/50 [00:30<00:30,  1.21s/it, Saved at =inf, TrLoss=0.2218]
 Training FV-edg60000-s6-t8:  50%|█████     | 25/50 [00:31<00:30,  1.21s/it, Saved at =inf, TrLoss=0.2259]
 Training FV-edg60000-s6-t8:  52%|█████▏    | 26/50 [00:31<00:29,  1.21s/it, Saved at =inf, TrLoss=0.2259]
 Training FV-edg60000-s6-t8:  52%|█████▏    | 26/50 [00:32<00:29,  1.21s/it, Saved at =inf, TrLoss=0.2181]
 Training FV-edg60000-s6-t8:  54%|█████▍    | 27/50 [00:32<00:27,  1.21s/it, Saved at =inf, TrLoss=0.2181]
 Training FV-edg60000-s6-t8:  54%|█████▍    | 27/50 [00:33<00:27,  1.21s/it, Saved at =inf, TrLoss=0.2190]
 Training FV-edg60000-s6-t8:  56%|█████▌    | 28/50 [00:33<00:26,  1.21s/it, Saved at =inf, TrLoss=0.2190]
 Training FV-edg60000-s6-t8:  56%|█████▌    | 28/50 [00:34<00:26,  1.21s/it, Saved at =inf, TrLoss=0.2115]
 Training FV-edg60000-s6-t8:  58%|█████▊    | 29/50 [00:35<00:25,  1.21s/it, Saved at =inf, TrLoss=0.2115]
 Training FV-edg60000-s6-t8:  58%|█████▊    | 29/50 [00:36<00:25,  1.21s/it, Saved at =inf, TrLoss=0.2144]
 Training FV-edg60000-s6-t8:  60%|██████    | 30/50 [00:36<00:24,  1.21s/it, Saved at =inf, TrLoss=0.2144]
 Training FV-edg60000-s6-t8:  60%|██████    | 30/50 [00:37<00:24,  1.21s/it, Saved at =inf, TrLoss=0.2079]
 Training FV-edg60000-s6-t8:  62%|██████▏   | 31/50 [00:37<00:23,  1.21s/it, Saved at =inf, TrLoss=0.2079]
 Training FV-edg60000-s6-t8:  62%|██████▏   | 31/50 [00:38<00:23,  1.21s/it, Saved at =inf, TrLoss=0.2066]
 Training FV-edg60000-s6-t8:  64%|██████▍   | 32/50 [00:38<00:21,  1.21s/it, Saved at =inf, TrLoss=0.2066]
 Training FV-edg60000-s6-t8:  64%|██████▍   | 32/50 [00:39<00:21,  1.21s/it, Saved at =inf, TrLoss=0.2023]
 Training FV-edg60000-s6-t8:  66%|██████▌   | 33/50 [00:40<00:20,  1.21s/it, Saved at =inf, TrLoss=0.2023]
 Training FV-edg60000-s6-t8:  66%|██████▌   | 33/50 [00:41<00:20,  1.21s/it, Saved at =inf, TrLoss=0.2013]
 Training FV-edg60000-s6-t8:  68%|██████▊   | 34/50 [00:41<00:19,  1.21s/it, Saved at =inf, TrLoss=0.2013]
 Training FV-edg60000-s6-t8:  68%|██████▊   | 34/50 [00:42<00:19,  1.21s/it, Saved at =inf, TrLoss=0.1982]
 Training FV-edg60000-s6-t8:  70%|███████   | 35/50 [00:42<00:18,  1.21s/it, Saved at =inf, TrLoss=0.1982]
 Training FV-edg60000-s6-t8:  70%|███████   | 35/50 [00:43<00:18,  1.21s/it, Saved at =inf, TrLoss=0.1977]
 Training FV-edg60000-s6-t8:  72%|███████▏  | 36/50 [00:43<00:16,  1.21s/it, Saved at =inf, TrLoss=0.1977]
 Training FV-edg60000-s6-t8:  72%|███████▏  | 36/50 [00:44<00:16,  1.21s/it, Saved at =inf, TrLoss=0.1971]
 Training FV-edg60000-s6-t8:  74%|███████▍  | 37/50 [00:44<00:15,  1.21s/it, Saved at =inf, TrLoss=0.1971]
 Training FV-edg60000-s6-t8:  74%|███████▍  | 37/50 [00:45<00:15,  1.21s/it, Saved at =inf, TrLoss=0.1920]
 Training FV-edg60000-s6-t8:  76%|███████▌  | 38/50 [00:46<00:14,  1.21s/it, Saved at =inf, TrLoss=0.1920]
 Training FV-edg60000-s6-t8:  76%|███████▌  | 38/50 [00:47<00:14,  1.21s/it, Saved at =inf, TrLoss=0.1930]
 Training FV-edg60000-s6-t8:  78%|███████▊  | 39/50 [00:47<00:13,  1.21s/it, Saved at =inf, TrLoss=0.1930]
 Training FV-edg60000-s6-t8:  78%|███████▊  | 39/50 [00:48<00:13,  1.21s/it, Saved at =inf, TrLoss=0.1914]
 Training FV-edg60000-s6-t8:  80%|████████  | 40/50 [00:48<00:12,  1.21s/it, Saved at =inf, TrLoss=0.1914]
 Training FV-edg60000-s6-t8:  80%|████████  | 40/50 [00:49<00:12,  1.21s/it, Saved at =inf, TrLoss=0.1879]
 Training FV-edg60000-s6-t8:  82%|████████▏ | 41/50 [00:49<00:10,  1.21s/it, Saved at =inf, TrLoss=0.1879]
 Training FV-edg60000-s6-t8:  82%|████████▏ | 41/50 [00:50<00:10,  1.21s/it, Saved at =inf, TrLoss=0.1899]
 Training FV-edg60000-s6-t8:  84%|████████▍ | 42/50 [00:50<00:09,  1.21s/it, Saved at =inf, TrLoss=0.1899]
 Training FV-edg60000-s6-t8:  84%|████████▍ | 42/50 [00:51<00:09,  1.21s/it, Saved at =inf, TrLoss=0.1886]
 Training FV-edg60000-s6-t8:  86%|████████▌ | 43/50 [00:52<00:08,  1.21s/it, Saved at =inf, TrLoss=0.1886]
 Training FV-edg60000-s6-t8:  86%|████████▌ | 43/50 [00:53<00:08,  1.21s/it, Saved at =inf, TrLoss=0.1835]
 Training FV-edg60000-s6-t8:  88%|████████▊ | 44/50 [00:53<00:07,  1.21s/it, Saved at =inf, TrLoss=0.1835]
 Training FV-edg60000-s6-t8:  88%|████████▊ | 44/50 [00:54<00:07,  1.21s/it, Saved at =inf, TrLoss=0.1853]
 Training FV-edg60000-s6-t8:  90%|█████████ | 45/50 [00:54<00:06,  1.21s/it, Saved at =inf, TrLoss=0.1853]
 Training FV-edg60000-s6-t8:  90%|█████████ | 45/50 [00:55<00:06,  1.21s/it, Saved at =inf, TrLoss=0.1843]
 Training FV-edg60000-s6-t8:  92%|█████████▏| 46/50 [00:55<00:04,  1.21s/it, Saved at =inf, TrLoss=0.1843]
 Training FV-edg60000-s6-t8:  92%|█████████▏| 46/50 [00:56<00:04,  1.21s/it, Saved at =inf, TrLoss=0.1797]
 Training FV-edg60000-s6-t8:  94%|█████████▍| 47/50 [00:56<00:03,  1.21s/it, Saved at =inf, TrLoss=0.1797]
 Training FV-edg60000-s6-t8:  94%|█████████▍| 47/50 [00:58<00:03,  1.21s/it, Saved at =inf, TrLoss=0.1801]
 Training FV-edg60000-s6-t8:  96%|█████████▌| 48/50 [00:58<00:02,  1.21s/it, Saved at =inf, TrLoss=0.1801]
 Training FV-edg60000-s6-t8:  96%|█████████▌| 48/50 [00:59<00:02,  1.21s/it, Saved at =inf, TrLoss=0.1797]
 Training FV-edg60000-s6-t8:  98%|█████████▊| 49/50 [00:59<00:01,  1.21s/it, Saved at =inf, TrLoss=0.1797]
 Training FV-edg60000-s6-t8:  98%|█████████▊| 49/50 [01:00<00:01,  1.21s/it, Saved at =inf, TrLoss=0.1773]
 Training FV-edg60000-s6-t8: 100%|██████████| 50/50 [01:00<00:00,  1.21s/it, Saved at =inf, TrLoss=0.1773]
 Training FV-edg60000-s6-t8: 100%|██████████| 50/50 [01:00<00:00,  1.21s/it, Saved at =inf, TrLoss=0.1773]

 Training FV-edg60000-s6-t9:   0%|          | 0/50 [00:00<?, ?it/s]
 Training FV-edg60000-s6-t9:   0%|          | 0/50 [00:01<?, ?it/s, Saved at =inf, TrLoss=1.0363]
 Training FV-edg60000-s6-t9:   2%|▏         | 1/50 [00:01<01:11,  1.45s/it, Saved at =inf, TrLoss=1.0363]
 Training FV-edg60000-s6-t9:   2%|▏         | 1/50 [00:02<01:11,  1.45s/it, Saved at =inf, TrLoss=0.8978]
 Training FV-edg60000-s6-t9:   4%|▍         | 2/50 [00:02<01:08,  1.44s/it, Saved at =inf, TrLoss=0.8978]
 Training FV-edg60000-s6-t9:   4%|▍         | 2/50 [00:04<01:08,  1.44s/it, Saved at =inf, TrLoss=0.5339]
 Training FV-edg60000-s6-t9:   6%|▌         | 3/50 [00:04<01:07,  1.43s/it, Saved at =inf, TrLoss=0.5339]
 Training FV-edg60000-s6-t9:   6%|▌         | 3/50 [00:05<01:07,  1.43s/it, Saved at =inf, TrLoss=0.5700]
 Training FV-edg60000-s6-t9:   8%|▊         | 4/50 [00:05<01:05,  1.43s/it, Saved at =inf, TrLoss=0.5700]
 Training FV-edg60000-s6-t9:   8%|▊         | 4/50 [00:06<01:05,  1.43s/it, Saved at =inf, TrLoss=0.4728]
 Training FV-edg60000-s6-t9:  10%|█         | 5/50 [00:07<01:04,  1.43s/it, Saved at =inf, TrLoss=0.4728]
 Training FV-edg60000-s6-t9:  10%|█         | 5/50 [00:08<01:04,  1.43s/it, Saved at =inf, TrLoss=0.4514]
 Training FV-edg60000-s6-t9:  12%|█▏        | 6/50 [00:08<01:02,  1.43s/it, Saved at =inf, TrLoss=0.4514]
 Training FV-edg60000-s6-t9:  12%|█▏        | 6/50 [00:09<01:02,  1.43s/it, Saved at =inf, TrLoss=0.4632]
 Training FV-edg60000-s6-t9:  14%|█▍        | 7/50 [00:10<01:01,  1.43s/it, Saved at =inf, TrLoss=0.4632]
 Training FV-edg60000-s6-t9:  14%|█▍        | 7/50 [00:11<01:01,  1.43s/it, Saved at =inf, TrLoss=0.4550]
 Training FV-edg60000-s6-t9:  16%|█▌        | 8/50 [00:11<01:00,  1.43s/it, Saved at =inf, TrLoss=0.4550]
 Training FV-edg60000-s6-t9:  16%|█▌        | 8/50 [00:12<01:00,  1.43s/it, Saved at =inf, TrLoss=0.4164]
 Training FV-edg60000-s6-t9:  18%|█▊        | 9/50 [00:12<00:58,  1.43s/it, Saved at =inf, TrLoss=0.4164]
 Training FV-edg60000-s6-t9:  18%|█▊        | 9/50 [00:14<00:58,  1.43s/it, Saved at =inf, TrLoss=0.3748]
 Training FV-edg60000-s6-t9:  20%|██        | 10/50 [00:14<00:57,  1.43s/it, Saved at =inf, TrLoss=0.3748]
 Training FV-edg60000-s6-t9:  20%|██        | 10/50 [00:15<00:57,  1.43s/it, Saved at =inf, TrLoss=0.3641]
 Training FV-edg60000-s6-t9:  22%|██▏       | 11/50 [00:15<00:55,  1.43s/it, Saved at =inf, TrLoss=0.3641]
 Training FV-edg60000-s6-t9:  22%|██▏       | 11/50 [00:16<00:55,  1.43s/it, Saved at =inf, TrLoss=0.3539]
 Training FV-edg60000-s6-t9:  24%|██▍       | 12/50 [00:17<00:54,  1.43s/it, Saved at =inf, TrLoss=0.3539]
 Training FV-edg60000-s6-t9:  24%|██▍       | 12/50 [00:18<00:54,  1.43s/it, Saved at =inf, TrLoss=0.3284]
 Training FV-edg60000-s6-t9:  26%|██▌       | 13/50 [00:18<00:52,  1.43s/it, Saved at =inf, TrLoss=0.3284]
 Training FV-edg60000-s6-t9:  26%|██▌       | 13/50 [00:19<00:52,  1.43s/it, Saved at =inf, TrLoss=0.3306]
 Training FV-edg60000-s6-t9:  28%|██▊       | 14/50 [00:20<00:51,  1.43s/it, Saved at =inf, TrLoss=0.3306]
 Training FV-edg60000-s6-t9:  28%|██▊       | 14/50 [00:21<00:51,  1.43s/it, Saved at =inf, TrLoss=0.2998]
 Training FV-edg60000-s6-t9:  30%|███       | 15/50 [00:21<00:49,  1.43s/it, Saved at =inf, TrLoss=0.2998]
 Training FV-edg60000-s6-t9:  30%|███       | 15/50 [00:22<00:49,  1.43s/it, Saved at =inf, TrLoss=0.2922]
 Training FV-edg60000-s6-t9:  32%|███▏      | 16/50 [00:22<00:48,  1.43s/it, Saved at =inf, TrLoss=0.2922]
 Training FV-edg60000-s6-t9:  32%|███▏      | 16/50 [00:24<00:48,  1.43s/it, Saved at =inf, TrLoss=0.2774]
 Training FV-edg60000-s6-t9:  34%|███▍      | 17/50 [00:24<00:47,  1.43s/it, Saved at =inf, TrLoss=0.2774]
 Training FV-edg60000-s6-t9:  34%|███▍      | 17/50 [00:25<00:47,  1.43s/it, Saved at =inf, TrLoss=0.2761]
 Training FV-edg60000-s6-t9:  36%|███▌      | 18/50 [00:25<00:45,  1.43s/it, Saved at =inf, TrLoss=0.2761]
 Training FV-edg60000-s6-t9:  36%|███▌      | 18/50 [00:26<00:45,  1.43s/it, Saved at =inf, TrLoss=0.2711]
 Training FV-edg60000-s6-t9:  38%|███▊      | 19/50 [00:27<00:44,  1.43s/it, Saved at =inf, TrLoss=0.2711]
 Training FV-edg60000-s6-t9:  38%|███▊      | 19/50 [00:28<00:44,  1.43s/it, Saved at =inf, TrLoss=0.2596]
 Training FV-edg60000-s6-t9:  40%|████      | 20/50 [00:28<00:42,  1.43s/it, Saved at =inf, TrLoss=0.2596]
 Training FV-edg60000-s6-t9:  40%|████      | 20/50 [00:29<00:42,  1.43s/it, Saved at =inf, TrLoss=0.2517]
 Training FV-edg60000-s6-t9:  42%|████▏     | 21/50 [00:30<00:41,  1.43s/it, Saved at =inf, TrLoss=0.2517]
 Training FV-edg60000-s6-t9:  42%|████▏     | 21/50 [00:31<00:41,  1.43s/it, Saved at =inf, TrLoss=0.2394]
 Training FV-edg60000-s6-t9:  44%|████▍     | 22/50 [00:31<00:39,  1.43s/it, Saved at =inf, TrLoss=0.2394]
 Training FV-edg60000-s6-t9:  44%|████▍     | 22/50 [00:32<00:39,  1.43s/it, Saved at =inf, TrLoss=0.2355]
 Training FV-edg60000-s6-t9:  46%|████▌     | 23/50 [00:32<00:38,  1.43s/it, Saved at =inf, TrLoss=0.2355]
 Training FV-edg60000-s6-t9:  46%|████▌     | 23/50 [00:34<00:38,  1.43s/it, Saved at =inf, TrLoss=0.2257]
 Training FV-edg60000-s6-t9:  48%|████▊     | 24/50 [00:34<00:37,  1.43s/it, Saved at =inf, TrLoss=0.2257]
 Training FV-edg60000-s6-t9:  48%|████▊     | 24/50 [00:35<00:37,  1.43s/it, Saved at =inf, TrLoss=0.2244]
 Training FV-edg60000-s6-t9:  50%|█████     | 25/50 [00:35<00:35,  1.43s/it, Saved at =inf, TrLoss=0.2244]
 Training FV-edg60000-s6-t9:  50%|█████     | 25/50 [00:36<00:35,  1.43s/it, Saved at =inf, TrLoss=0.2202]
 Training FV-edg60000-s6-t9:  52%|█████▏    | 26/50 [00:37<00:34,  1.43s/it, Saved at =inf, TrLoss=0.2202]
 Training FV-edg60000-s6-t9:  52%|█████▏    | 26/50 [00:38<00:34,  1.43s/it, Saved at =inf, TrLoss=0.2163]
 Training FV-edg60000-s6-t9:  54%|█████▍    | 27/50 [00:38<00:32,  1.43s/it, Saved at =inf, TrLoss=0.2163]
 Training FV-edg60000-s6-t9:  54%|█████▍    | 27/50 [00:39<00:32,  1.43s/it, Saved at =inf, TrLoss=0.2151]
 Training FV-edg60000-s6-t9:  56%|█████▌    | 28/50 [00:40<00:31,  1.43s/it, Saved at =inf, TrLoss=0.2151]
 Training FV-edg60000-s6-t9:  56%|█████▌    | 28/50 [00:41<00:31,  1.43s/it, Saved at =inf, TrLoss=0.2119]
 Training FV-edg60000-s6-t9:  58%|█████▊    | 29/50 [00:41<00:29,  1.43s/it, Saved at =inf, TrLoss=0.2119]
 Training FV-edg60000-s6-t9:  58%|█████▊    | 29/50 [00:42<00:29,  1.43s/it, Saved at =inf, TrLoss=0.2126]
 Training FV-edg60000-s6-t9:  60%|██████    | 30/50 [00:42<00:28,  1.43s/it, Saved at =inf, TrLoss=0.2126]
 Training FV-edg60000-s6-t9:  60%|██████    | 30/50 [00:44<00:28,  1.43s/it, Saved at =inf, TrLoss=0.2072]
 Training FV-edg60000-s6-t9:  62%|██████▏   | 31/50 [00:44<00:27,  1.43s/it, Saved at =inf, TrLoss=0.2072]
 Training FV-edg60000-s6-t9:  62%|██████▏   | 31/50 [00:45<00:27,  1.43s/it, Saved at =inf, TrLoss=0.2050]
 Training FV-edg60000-s6-t9:  64%|██████▍   | 32/50 [00:45<00:25,  1.43s/it, Saved at =inf, TrLoss=0.2050]
 Training FV-edg60000-s6-t9:  64%|██████▍   | 32/50 [00:46<00:25,  1.43s/it, Saved at =inf, TrLoss=0.2022]
 Training FV-edg60000-s6-t9:  66%|██████▌   | 33/50 [00:47<00:24,  1.43s/it, Saved at =inf, TrLoss=0.2022]
 Training FV-edg60000-s6-t9:  66%|██████▌   | 33/50 [00:48<00:24,  1.43s/it, Saved at =inf, TrLoss=0.2029]
 Training FV-edg60000-s6-t9:  68%|██████▊   | 34/50 [00:48<00:22,  1.43s/it, Saved at =inf, TrLoss=0.2029]
 Training FV-edg60000-s6-t9:  68%|██████▊   | 34/50 [00:49<00:22,  1.43s/it, Saved at =inf, TrLoss=0.2000]
 Training FV-edg60000-s6-t9:  70%|███████   | 35/50 [00:50<00:21,  1.43s/it, Saved at =inf, TrLoss=0.2000]
 Training FV-edg60000-s6-t9:  70%|███████   | 35/50 [00:51<00:21,  1.43s/it, Saved at =inf, TrLoss=0.1966]
 Training FV-edg60000-s6-t9:  72%|███████▏  | 36/50 [00:51<00:19,  1.43s/it, Saved at =inf, TrLoss=0.1966]
 Training FV-edg60000-s6-t9:  72%|███████▏  | 36/50 [00:52<00:19,  1.43s/it, Saved at =inf, TrLoss=0.1964]
 Training FV-edg60000-s6-t9:  74%|███████▍  | 37/50 [00:52<00:18,  1.43s/it, Saved at =inf, TrLoss=0.1964]
 Training FV-edg60000-s6-t9:  74%|███████▍  | 37/50 [00:54<00:18,  1.43s/it, Saved at =inf, TrLoss=0.1918]
 Training FV-edg60000-s6-t9:  76%|███████▌  | 38/50 [00:54<00:17,  1.43s/it, Saved at =inf, TrLoss=0.1918]
 Training FV-edg60000-s6-t9:  76%|███████▌  | 38/50 [00:55<00:17,  1.43s/it, Saved at =inf, TrLoss=0.1895]
 Training FV-edg60000-s6-t9:  78%|███████▊  | 39/50 [00:55<00:15,  1.43s/it, Saved at =inf, TrLoss=0.1895]
 Training FV-edg60000-s6-t9:  78%|███████▊  | 39/50 [00:56<00:15,  1.43s/it, Saved at =inf, TrLoss=0.1906]
 Training FV-edg60000-s6-t9:  80%|████████  | 40/50 [00:57<00:14,  1.43s/it, Saved at =inf, TrLoss=0.1906]
 Training FV-edg60000-s6-t9:  80%|████████  | 40/50 [00:58<00:14,  1.43s/it, Saved at =inf, TrLoss=0.1883]
 Training FV-edg60000-s6-t9:  82%|████████▏ | 41/50 [00:58<00:12,  1.43s/it, Saved at =inf, TrLoss=0.1883]
 Training FV-edg60000-s6-t9:  82%|████████▏ | 41/50 [00:59<00:12,  1.43s/it, Saved at =inf, TrLoss=0.1880]
 Training FV-edg60000-s6-t9:  84%|████████▍ | 42/50 [00:59<00:11,  1.43s/it, Saved at =inf, TrLoss=0.1880]
 Training FV-edg60000-s6-t9:  84%|████████▍ | 42/50 [01:01<00:11,  1.43s/it, Saved at =inf, TrLoss=0.1881]
 Training FV-edg60000-s6-t9:  86%|████████▌ | 43/50 [01:01<00:09,  1.43s/it, Saved at =inf, TrLoss=0.1881]
 Training FV-edg60000-s6-t9:  86%|████████▌ | 43/50 [01:02<00:09,  1.43s/it, Saved at =inf, TrLoss=0.1867]
 Training FV-edg60000-s6-t9:  88%|████████▊ | 44/50 [01:02<00:08,  1.43s/it, Saved at =inf, TrLoss=0.1867]
 Training FV-edg60000-s6-t9:  88%|████████▊ | 44/50 [01:04<00:08,  1.43s/it, Saved at =inf, TrLoss=0.1865]
 Training FV-edg60000-s6-t9:  90%|█████████ | 45/50 [01:04<00:07,  1.43s/it, Saved at =inf, TrLoss=0.1865]
 Training FV-edg60000-s6-t9:  90%|█████████ | 45/50 [01:05<00:07,  1.43s/it, Saved at =inf, TrLoss=0.1842]
 Training FV-edg60000-s6-t9:  92%|█████████▏| 46/50 [01:05<00:05,  1.43s/it, Saved at =inf, TrLoss=0.1842]
 Training FV-edg60000-s6-t9:  92%|█████████▏| 46/50 [01:06<00:05,  1.43s/it, Saved at =inf, TrLoss=0.1834]
 Training FV-edg60000-s6-t9:  94%|█████████▍| 47/50 [01:07<00:04,  1.43s/it, Saved at =inf, TrLoss=0.1834]
 Training FV-edg60000-s6-t9:  94%|█████████▍| 47/50 [01:08<00:04,  1.43s/it, Saved at =inf, TrLoss=0.1839]
 Training FV-edg60000-s6-t9:  96%|█████████▌| 48/50 [01:08<00:02,  1.43s/it, Saved at =inf, TrLoss=0.1839]
 Training FV-edg60000-s6-t9:  96%|█████████▌| 48/50 [01:09<00:02,  1.43s/it, Saved at =inf, TrLoss=0.1832]
 Training FV-edg60000-s6-t9:  98%|█████████▊| 49/50 [01:09<00:01,  1.43s/it, Saved at =inf, TrLoss=0.1832]
 Training FV-edg60000-s6-t9:  98%|█████████▊| 49/50 [01:11<00:01,  1.43s/it, Saved at =inf, TrLoss=0.1823]
 Training FV-edg60000-s6-t9: 100%|██████████| 50/50 [01:11<00:00,  1.43s/it, Saved at =inf, TrLoss=0.1823]
 Training FV-edg60000-s6-t9: 100%|██████████| 50/50 [01:11<00:00,  1.43s/it, Saved at =inf, TrLoss=0.1823]

 Training ATK-edg60000-s6-t7:   0%|          | 0/50 [00:00<?, ?it/s]
 Training ATK-edg60000-s6-t7:   0%|          | 0/50 [00:00<?, ?it/s, Saved at =inf, TrLoss=0.8451]
 Training ATK-edg60000-s6-t7:   2%|▏         | 1/50 [00:01<00:51,  1.05s/it, Saved at =inf, TrLoss=0.8451]
 Training ATK-edg60000-s6-t7:   2%|▏         | 1/50 [00:01<00:51,  1.05s/it, Saved at =inf, TrLoss=0.4868]
 Training ATK-edg60000-s6-t7:   4%|▍         | 2/50 [00:02<00:49,  1.04s/it, Saved at =inf, TrLoss=0.4868]
 Training ATK-edg60000-s6-t7:   4%|▍         | 2/50 [00:02<00:49,  1.04s/it, Saved at =inf, TrLoss=0.4348]
 Training ATK-edg60000-s6-t7:   6%|▌         | 3/50 [00:03<00:48,  1.03s/it, Saved at =inf, TrLoss=0.4348]
 Training ATK-edg60000-s6-t7:   6%|▌         | 3/50 [00:03<00:48,  1.03s/it, Saved at =inf, TrLoss=0.4467]
 Training ATK-edg60000-s6-t7:   8%|▊         | 4/50 [00:04<00:47,  1.03s/it, Saved at =inf, TrLoss=0.4467]
 Training ATK-edg60000-s6-t7:   8%|▊         | 4/50 [00:04<00:47,  1.03s/it, Saved at =inf, TrLoss=0.5442]
 Training ATK-edg60000-s6-t7:  10%|█         | 5/50 [00:05<00:46,  1.03s/it, Saved at =inf, TrLoss=0.5442]
 Training ATK-edg60000-s6-t7:  10%|█         | 5/50 [00:06<00:46,  1.03s/it, Saved at =inf, TrLoss=0.3530]
 Training ATK-edg60000-s6-t7:  12%|█▏        | 6/50 [00:06<00:45,  1.03s/it, Saved at =inf, TrLoss=0.3530]
 Training ATK-edg60000-s6-t7:  12%|█▏        | 6/50 [00:07<00:45,  1.03s/it, Saved at =inf, TrLoss=0.3586]
 Training ATK-edg60000-s6-t7:  14%|█▍        | 7/50 [00:07<00:44,  1.03s/it, Saved at =inf, TrLoss=0.3586]
 Training ATK-edg60000-s6-t7:  14%|█▍        | 7/50 [00:08<00:44,  1.03s/it, Saved at =inf, TrLoss=0.3487]
 Training ATK-edg60000-s6-t7:  16%|█▌        | 8/50 [00:08<00:43,  1.03s/it, Saved at =inf, TrLoss=0.3487]
 Training ATK-edg60000-s6-t7:  16%|█▌        | 8/50 [00:09<00:43,  1.03s/it, Saved at =inf, TrLoss=0.2871]
 Training ATK-edg60000-s6-t7:  18%|█▊        | 9/50 [00:09<00:42,  1.03s/it, Saved at =inf, TrLoss=0.2871]
 Training ATK-edg60000-s6-t7:  18%|█▊        | 9/50 [00:10<00:42,  1.03s/it, Saved at =inf, TrLoss=0.2936]
 Training ATK-edg60000-s6-t7:  20%|██        | 10/50 [00:10<00:41,  1.03s/it, Saved at =inf, TrLoss=0.2936]
 Training ATK-edg60000-s6-t7:  20%|██        | 10/50 [00:11<00:41,  1.03s/it, Saved at =inf, TrLoss=0.2919]
 Training ATK-edg60000-s6-t7:  22%|██▏       | 11/50 [00:11<00:40,  1.03s/it, Saved at =inf, TrLoss=0.2919]
 Training ATK-edg60000-s6-t7:  22%|██▏       | 11/50 [00:12<00:40,  1.03s/it, Saved at =inf, TrLoss=0.2587]
 Training ATK-edg60000-s6-t7:  24%|██▍       | 12/50 [00:12<00:39,  1.03s/it, Saved at =inf, TrLoss=0.2587]
 Training ATK-edg60000-s6-t7:  24%|██▍       | 12/50 [00:13<00:39,  1.03s/it, Saved at =inf, TrLoss=0.2731]
 Training ATK-edg60000-s6-t7:  26%|██▌       | 13/50 [00:13<00:38,  1.03s/it, Saved at =inf, TrLoss=0.2731]
 Training ATK-edg60000-s6-t7:  26%|██▌       | 13/50 [00:14<00:38,  1.03s/it, Saved at =inf, TrLoss=0.2524]
 Training ATK-edg60000-s6-t7:  28%|██▊       | 14/50 [00:14<00:37,  1.03s/it, Saved at =inf, TrLoss=0.2524]
 Training ATK-edg60000-s6-t7:  28%|██▊       | 14/50 [00:15<00:37,  1.03s/it, Saved at =inf, TrLoss=0.2290]
 Training ATK-edg60000-s6-t7:  30%|███       | 15/50 [00:15<00:36,  1.03s/it, Saved at =inf, TrLoss=0.2290]
 Training ATK-edg60000-s6-t7:  30%|███       | 15/50 [00:16<00:36,  1.03s/it, Saved at =inf, TrLoss=0.2426]
 Training ATK-edg60000-s6-t7:  32%|███▏      | 16/50 [00:16<00:35,  1.03s/it, Saved at =inf, TrLoss=0.2426]
 Training ATK-edg60000-s6-t7:  32%|███▏      | 16/50 [00:17<00:35,  1.03s/it, Saved at =inf, TrLoss=0.2293]
 Training ATK-edg60000-s6-t7:  34%|███▍      | 17/50 [00:17<00:33,  1.03s/it, Saved at =inf, TrLoss=0.2293]
 Training ATK-edg60000-s6-t7:  34%|███▍      | 17/50 [00:18<00:33,  1.03s/it, Saved at =inf, TrLoss=0.2196]
 Training ATK-edg60000-s6-t7:  36%|███▌      | 18/50 [00:18<00:32,  1.03s/it, Saved at =inf, TrLoss=0.2196]
 Training ATK-edg60000-s6-t7:  36%|███▌      | 18/50 [00:19<00:32,  1.03s/it, Saved at =inf, TrLoss=0.2238]
 Training ATK-edg60000-s6-t7:  38%|███▊      | 19/50 [00:19<00:31,  1.03s/it, Saved at =inf, TrLoss=0.2238]
 Training ATK-edg60000-s6-t7:  38%|███▊      | 19/50 [00:20<00:31,  1.03s/it, Saved at =inf, TrLoss=0.2063]
 Training ATK-edg60000-s6-t7:  40%|████      | 20/50 [00:20<00:30,  1.03s/it, Saved at =inf, TrLoss=0.2063]
 Training ATK-edg60000-s6-t7:  40%|████      | 20/50 [00:21<00:30,  1.03s/it, Saved at =inf, TrLoss=0.2136]
 Training ATK-edg60000-s6-t7:  42%|████▏     | 21/50 [00:21<00:29,  1.03s/it, Saved at =inf, TrLoss=0.2136]
 Training ATK-edg60000-s6-t7:  42%|████▏     | 21/50 [00:22<00:29,  1.03s/it, Saved at =inf, TrLoss=0.2097]
 Training ATK-edg60000-s6-t7:  44%|████▍     | 22/50 [00:22<00:28,  1.03s/it, Saved at =inf, TrLoss=0.2097]
 Training ATK-edg60000-s6-t7:  44%|████▍     | 22/50 [00:23<00:28,  1.03s/it, Saved at =inf, TrLoss=0.2035]
 Training ATK-edg60000-s6-t7:  46%|████▌     | 23/50 [00:23<00:27,  1.03s/it, Saved at =inf, TrLoss=0.2035]
 Training ATK-edg60000-s6-t7:  46%|████▌     | 23/50 [00:24<00:27,  1.03s/it, Saved at =inf, TrLoss=0.2046]
 Training ATK-edg60000-s6-t7:  48%|████▊     | 24/50 [00:24<00:26,  1.03s/it, Saved at =inf, TrLoss=0.2046]
 Training ATK-edg60000-s6-t7:  48%|████▊     | 24/50 [00:25<00:26,  1.03s/it, Saved at =inf, TrLoss=0.1956]
 Training ATK-edg60000-s6-t7:  50%|█████     | 25/50 [00:25<00:25,  1.03s/it, Saved at =inf, TrLoss=0.1956]
 Training ATK-edg60000-s6-t7:  50%|█████     | 25/50 [00:26<00:25,  1.03s/it, Saved at =inf, TrLoss=0.2003]
 Training ATK-edg60000-s6-t7:  52%|█████▏    | 26/50 [00:26<00:24,  1.03s/it, Saved at =inf, TrLoss=0.2003]
 Training ATK-edg60000-s6-t7:  52%|█████▏    | 26/50 [00:27<00:24,  1.03s/it, Saved at =inf, TrLoss=0.1945]
 Training ATK-edg60000-s6-t7:  54%|█████▍    | 27/50 [00:27<00:23,  1.03s/it, Saved at =inf, TrLoss=0.1945]
 Training ATK-edg60000-s6-t7:  54%|█████▍    | 27/50 [00:28<00:23,  1.03s/it, Saved at =inf, TrLoss=0.1920]
 Training ATK-edg60000-s6-t7:  56%|█████▌    | 28/50 [00:28<00:22,  1.03s/it, Saved at =inf, TrLoss=0.1920]
 Training ATK-edg60000-s6-t7:  56%|█████▌    | 28/50 [00:29<00:22,  1.03s/it, Saved at =inf, TrLoss=0.1929]
 Training ATK-edg60000-s6-t7:  58%|█████▊    | 29/50 [00:29<00:21,  1.03s/it, Saved at =inf, TrLoss=0.1929]
 Training ATK-edg60000-s6-t7:  58%|█████▊    | 29/50 [00:30<00:21,  1.03s/it, Saved at =inf, TrLoss=0.1909]
 Training ATK-edg60000-s6-t7:  60%|██████    | 30/50 [00:30<00:20,  1.03s/it, Saved at =inf, TrLoss=0.1909]
 Training ATK-edg60000-s6-t7:  60%|██████    | 30/50 [00:31<00:20,  1.03s/it, Saved at =inf, TrLoss=0.1855]
 Training ATK-edg60000-s6-t7:  62%|██████▏   | 31/50 [00:31<00:19,  1.03s/it, Saved at =inf, TrLoss=0.1855]
 Training ATK-edg60000-s6-t7:  62%|██████▏   | 31/50 [00:32<00:19,  1.03s/it, Saved at =inf, TrLoss=0.1848]
 Training ATK-edg60000-s6-t7:  64%|██████▍   | 32/50 [00:33<00:18,  1.03s/it, Saved at =inf, TrLoss=0.1848]
 Training ATK-edg60000-s6-t7:  64%|██████▍   | 32/50 [00:33<00:18,  1.03s/it, Saved at =inf, TrLoss=0.1818]
 Training ATK-edg60000-s6-t7:  66%|██████▌   | 33/50 [00:34<00:17,  1.03s/it, Saved at =inf, TrLoss=0.1818]
 Training ATK-edg60000-s6-t7:  66%|██████▌   | 33/50 [00:34<00:17,  1.03s/it, Saved at =inf, TrLoss=0.1839]
 Training ATK-edg60000-s6-t7:  68%|██████▊   | 34/50 [00:35<00:16,  1.03s/it, Saved at =inf, TrLoss=0.1839]
 Training ATK-edg60000-s6-t7:  68%|██████▊   | 34/50 [00:35<00:16,  1.03s/it, Saved at =inf, TrLoss=0.1806]
 Training ATK-edg60000-s6-t7:  70%|███████   | 35/50 [00:36<00:15,  1.03s/it, Saved at =inf, TrLoss=0.1806]
 Training ATK-edg60000-s6-t7:  70%|███████   | 35/50 [00:36<00:15,  1.03s/it, Saved at =inf, TrLoss=0.1783]
 Training ATK-edg60000-s6-t7:  72%|███████▏  | 36/50 [00:37<00:14,  1.03s/it, Saved at =inf, TrLoss=0.1783]
 Training ATK-edg60000-s6-t7:  72%|███████▏  | 36/50 [00:37<00:14,  1.03s/it, Saved at =inf, TrLoss=0.1781]
 Training ATK-edg60000-s6-t7:  74%|███████▍  | 37/50 [00:38<00:13,  1.03s/it, Saved at =inf, TrLoss=0.1781]
 Training ATK-edg60000-s6-t7:  74%|███████▍  | 37/50 [00:39<00:13,  1.03s/it, Saved at =inf, TrLoss=0.1768]
 Training ATK-edg60000-s6-t7:  76%|███████▌  | 38/50 [00:39<00:12,  1.03s/it, Saved at =inf, TrLoss=0.1768]
 Training ATK-edg60000-s6-t7:  76%|███████▌  | 38/50 [00:40<00:12,  1.03s/it, Saved at =inf, TrLoss=0.1753]
 Training ATK-edg60000-s6-t7:  78%|███████▊  | 39/50 [00:40<00:11,  1.03s/it, Saved at =inf, TrLoss=0.1753]
 Training ATK-edg60000-s6-t7:  78%|███████▊  | 39/50 [00:41<00:11,  1.03s/it, Saved at =inf, TrLoss=0.1745]
 Training ATK-edg60000-s6-t7:  80%|████████  | 40/50 [00:41<00:10,  1.03s/it, Saved at =inf, TrLoss=0.1745]
 Training ATK-edg60000-s6-t7:  80%|████████  | 40/50 [00:42<00:10,  1.03s/it, Saved at =inf, TrLoss=0.1730]
 Training ATK-edg60000-s6-t7:  82%|████████▏ | 41/50 [00:42<00:09,  1.03s/it, Saved at =inf, TrLoss=0.1730]
 Training ATK-edg60000-s6-t7:  82%|████████▏ | 41/50 [00:43<00:09,  1.03s/it, Saved at =inf, TrLoss=0.1736]
 Training ATK-edg60000-s6-t7:  84%|████████▍ | 42/50 [00:43<00:08,  1.03s/it, Saved at =inf, TrLoss=0.1736]
 Training ATK-edg60000-s6-t7:  84%|████████▍ | 42/50 [00:44<00:08,  1.03s/it, Saved at =inf, TrLoss=0.1725]
 Training ATK-edg60000-s6-t7:  86%|████████▌ | 43/50 [00:44<00:07,  1.03s/it, Saved at =inf, TrLoss=0.1725]
 Training ATK-edg60000-s6-t7:  86%|████████▌ | 43/50 [00:45<00:07,  1.03s/it, Saved at =inf, TrLoss=0.1699]
 Training ATK-edg60000-s6-t7:  88%|████████▊ | 44/50 [00:45<00:06,  1.03s/it, Saved at =inf, TrLoss=0.1699]
 Training ATK-edg60000-s6-t7:  88%|████████▊ | 44/50 [00:46<00:06,  1.03s/it, Saved at =inf, TrLoss=0.1700]
 Training ATK-edg60000-s6-t7:  90%|█████████ | 45/50 [00:46<00:05,  1.03s/it, Saved at =inf, TrLoss=0.1700]
 Training ATK-edg60000-s6-t7:  90%|█████████ | 45/50 [00:47<00:05,  1.03s/it, Saved at =inf, TrLoss=0.1701]
 Training ATK-edg60000-s6-t7:  92%|█████████▏| 46/50 [00:47<00:04,  1.03s/it, Saved at =inf, TrLoss=0.1701]
 Training ATK-edg60000-s6-t7:  92%|█████████▏| 46/50 [00:48<00:04,  1.03s/it, Saved at =inf, TrLoss=0.1686]
 Training ATK-edg60000-s6-t7:  94%|█████████▍| 47/50 [00:48<00:03,  1.03s/it, Saved at =inf, TrLoss=0.1686]
 Training ATK-edg60000-s6-t7:  94%|█████████▍| 47/50 [00:49<00:03,  1.03s/it, Saved at =inf, TrLoss=0.1684]
 Training ATK-edg60000-s6-t7:  96%|█████████▌| 48/50 [00:49<00:02,  1.03s/it, Saved at =inf, TrLoss=0.1684]
 Training ATK-edg60000-s6-t7:  96%|█████████▌| 48/50 [00:50<00:02,  1.03s/it, Saved at =inf, TrLoss=0.1664]
 Training ATK-edg60000-s6-t7:  98%|█████████▊| 49/50 [00:50<00:01,  1.03s/it, Saved at =inf, TrLoss=0.1664]
 Training ATK-edg60000-s6-t7:  98%|█████████▊| 49/50 [00:51<00:01,  1.03s/it, Saved at =inf, TrLoss=0.1666]
 Training ATK-edg60000-s6-t7: 100%|██████████| 50/50 [00:51<00:00,  1.03s/it, Saved at =inf, TrLoss=0.1666]
 Training ATK-edg60000-s6-t7: 100%|██████████| 50/50 [00:51<00:00,  1.03s/it, Saved at =inf, TrLoss=0.1666]
[18:07:16]   MCC=0.607±0.070, AUC=0.902±0.030, BAcc=0.814±0.043
[18:13:55]   [edg60000 s6] 1500/13278 candidates scanned, 1363 eligible
[18:18:10]   [edg60000 s6] 2500/13278 candidates scanned, 2236 eligible
[18:20:14]   [edg60000 s6] 3000/13278 candidates scanned, 2659 eligible
[18:24:14]   [edg60000 s6] 4000/13278 candidates scanned, 3483 eligible
[18:26:06]   [edg60000 s6] 4500/13278 candidates scanned, 3864 eligible
[18:27:55]   [edg60000 s6] 5000/13278 candidates scanned, 4236 eligible
[18:29:48]   [edg60000 s6] 5500/13278 candidates scanned, 4625 eligible
[18:31:37]   [edg60000 s6] 6000/13278 candidates scanned, 4996 eligible
[18:33:28]   [edg60000 s6] 6500/13278 candidates scanned, 5375 eligible
[18:35:12]   [edg60000 s6] 7000/13278 candidates scanned, 5732 eligible
[18:38:23]   [edg60000 s6] 8000/13278 candidates scanned, 6386 eligible
[18:39:47]   [edg60000 s6] 8500/13278 candidates scanned, 6671 eligible
[18:41:33]   [edg60000 s6] 9000/13278 candidates scanned, 7034 eligible
[18:43:21]   [edg60000 s6] 9500/13278 candidates scanned, 7402 eligible
[18:45:03]   [edg60000 s6] 10000/13278 candidates scanned, 7753 eligible
[18:52:41]   [edg60000 s6] 13000/13278 candidates scanned, 9325 eligible
[18:53:05]   edg60000 seed 6: n=9407 AUC=0.902 | flip% random total/prop 8.2/3.6 | optimized 12.6/5.1 | 52.4 min
[18:53:05] Training GDTE on edg60000 (seed=7)...

 Training FV-edg60000-s7-t2:   0%|          | 0/50 [00:00<?, ?it/s]
 Training FV-edg60000-s7-t2:   0%|          | 0/50 [00:00<?, ?it/s, Saved at =inf, TrLoss=0.8181]
 Training FV-edg60000-s7-t2:   2%|▏         | 1/50 [00:00<00:16,  3.01it/s, Saved at =inf, TrLoss=0.8181]
 Training FV-edg60000-s7-t2:   2%|▏         | 1/50 [00:00<00:16,  3.01it/s, Saved at =inf, TrLoss=0.6306]
 Training FV-edg60000-s7-t2:   4%|▍         | 2/50 [00:00<00:15,  3.11it/s, Saved at =inf, TrLoss=0.6306]
 Training FV-edg60000-s7-t2:   4%|▍         | 2/50 [00:00<00:15,  3.11it/s, Saved at =inf, TrLoss=0.4561]
 Training FV-edg60000-s7-t2:   6%|▌         | 3/50 [00:00<00:15,  3.13it/s, Saved at =inf, TrLoss=0.4561]
 Training FV-edg60000-s7-t2:   6%|▌         | 3/50 [00:01<00:15,  3.13it/s, Saved at =inf, TrLoss=0.3740]
 Training FV-edg60000-s7-t2:   8%|▊         | 4/50 [00:01<00:14,  3.15it/s, Saved at =inf, TrLoss=0.3740]
 Training FV-edg60000-s7-t2:   8%|▊         | 4/50 [00:01<00:14,  3.15it/s, Saved at =inf, TrLoss=0.3312]
 Training FV-edg60000-s7-t2:  10%|█         | 5/50 [00:01<00:14,  3.16it/s, Saved at =inf, TrLoss=0.3312]
 Training FV-edg60000-s7-t2:  10%|█         | 5/50 [00:01<00:14,  3.16it/s, Saved at =inf, TrLoss=0.3173]
 Training FV-edg60000-s7-t2:  12%|█▏        | 6/50 [00:01<00:13,  3.17it/s, Saved at =inf, TrLoss=0.3173]
 Training FV-edg60000-s7-t2:  12%|█▏        | 6/50 [00:02<00:13,  3.17it/s, Saved at =inf, TrLoss=0.2769]
 Training FV-edg60000-s7-t2:  14%|█▍        | 7/50 [00:02<00:13,  3.17it/s, Saved at =inf, TrLoss=0.2769]
 Training FV-edg60000-s7-t2:  14%|█▍        | 7/50 [00:02<00:13,  3.17it/s, Saved at =inf, TrLoss=0.2450]
 Training FV-edg60000-s7-t2:  16%|█▌        | 8/50 [00:02<00:13,  3.17it/s, Saved at =inf, TrLoss=0.2450]
 Training FV-edg60000-s7-t2:  16%|█▌        | 8/50 [00:02<00:13,  3.17it/s, Saved at =inf, TrLoss=0.2258]
 Training FV-edg60000-s7-t2:  18%|█▊        | 9/50 [00:02<00:12,  3.18it/s, Saved at =inf, TrLoss=0.2258]
 Training FV-edg60000-s7-t2:  18%|█▊        | 9/50 [00:03<00:12,  3.18it/s, Saved at =inf, TrLoss=0.2318]
 Training FV-edg60000-s7-t2:  20%|██        | 10/50 [00:03<00:12,  3.18it/s, Saved at =inf, TrLoss=0.2318]
 Training FV-edg60000-s7-t2:  20%|██        | 10/50 [00:03<00:12,  3.18it/s, Saved at =inf, TrLoss=0.2270]
 Training FV-edg60000-s7-t2:  22%|██▏       | 11/50 [00:03<00:12,  3.18it/s, Saved at =inf, TrLoss=0.2270]
 Training FV-edg60000-s7-t2:  22%|██▏       | 11/50 [00:03<00:12,  3.18it/s, Saved at =inf, TrLoss=0.2092]
 Training FV-edg60000-s7-t2:  24%|██▍       | 12/50 [00:03<00:11,  3.18it/s, Saved at =inf, TrLoss=0.2092]
 Training FV-edg60000-s7-t2:  24%|██▍       | 12/50 [00:03<00:11,  3.18it/s, Saved at =inf, TrLoss=0.1984]
 Training FV-edg60000-s7-t2:  26%|██▌       | 13/50 [00:04<00:11,  3.18it/s, Saved at =inf, TrLoss=0.1984]
 Training FV-edg60000-s7-t2:  26%|██▌       | 13/50 [00:04<00:11,  3.18it/s, Saved at =inf, TrLoss=0.1853]
 Training FV-edg60000-s7-t2:  28%|██▊       | 14/50 [00:04<00:11,  3.18it/s, Saved at =inf, TrLoss=0.1853]
 Training FV-edg60000-s7-t2:  28%|██▊       | 14/50 [00:04<00:11,  3.18it/s, Saved at =inf, TrLoss=0.1782]
 Training FV-edg60000-s7-t2:  30%|███       | 15/50 [00:04<00:11,  3.18it/s, Saved at =inf, TrLoss=0.1782]
 Training FV-edg60000-s7-t2:  30%|███       | 15/50 [00:04<00:11,  3.18it/s, Saved at =inf, TrLoss=0.1770]
 Training FV-edg60000-s7-t2:  32%|███▏      | 16/50 [00:05<00:10,  3.18it/s, Saved at =inf, TrLoss=0.1770]
 Training FV-edg60000-s7-t2:  32%|███▏      | 16/50 [00:05<00:10,  3.18it/s, Saved at =inf, TrLoss=0.1767]
 Training FV-edg60000-s7-t2:  34%|███▍      | 17/50 [00:05<00:10,  3.18it/s, Saved at =inf, TrLoss=0.1767]
 Training FV-edg60000-s7-t2:  34%|███▍      | 17/50 [00:05<00:10,  3.18it/s, Saved at =inf, TrLoss=0.1727]
 Training FV-edg60000-s7-t2:  36%|███▌      | 18/50 [00:05<00:10,  3.18it/s, Saved at =inf, TrLoss=0.1727]
 Training FV-edg60000-s7-t2:  36%|███▌      | 18/50 [00:05<00:10,  3.18it/s, Saved at =inf, TrLoss=0.1680]
 Training FV-edg60000-s7-t2:  38%|███▊      | 19/50 [00:05<00:09,  3.18it/s, Saved at =inf, TrLoss=0.1680]
 Training FV-edg60000-s7-t2:  38%|███▊      | 19/50 [00:06<00:09,  3.18it/s, Saved at =inf, TrLoss=0.1674]
 Training FV-edg60000-s7-t2:  40%|████      | 20/50 [00:06<00:09,  3.18it/s, Saved at =inf, TrLoss=0.1674]
 Training FV-edg60000-s7-t2:  40%|████      | 20/50 [00:06<00:09,  3.18it/s, Saved at =inf, TrLoss=0.1621]
 Training FV-edg60000-s7-t2:  42%|████▏     | 21/50 [00:06<00:09,  3.18it/s, Saved at =inf, TrLoss=0.1621]
 Training FV-edg60000-s7-t2:  42%|████▏     | 21/50 [00:06<00:09,  3.18it/s, Saved at =inf, TrLoss=0.1635]
 Training FV-edg60000-s7-t2:  44%|████▍     | 22/50 [00:06<00:08,  3.18it/s, Saved at =inf, TrLoss=0.1635]
 Training FV-edg60000-s7-t2:  44%|████▍     | 22/50 [00:07<00:08,  3.18it/s, Saved at =inf, TrLoss=0.1660]
 Training FV-edg60000-s7-t2:  46%|████▌     | 23/50 [00:07<00:08,  3.18it/s, Saved at =inf, TrLoss=0.1660]
 Training FV-edg60000-s7-t2:  46%|████▌     | 23/50 [00:07<00:08,  3.18it/s, Saved at =inf, TrLoss=0.1722]
 Training FV-edg60000-s7-t2:  48%|████▊     | 24/50 [00:07<00:08,  3.18it/s, Saved at =inf, TrLoss=0.1722]
 Training FV-edg60000-s7-t2:  48%|████▊     | 24/50 [00:07<00:08,  3.18it/s, Saved at =inf, TrLoss=0.1636]
 Training FV-edg60000-s7-t2:  50%|█████     | 25/50 [00:07<00:07,  3.18it/s, Saved at =inf, TrLoss=0.1636]
 Training FV-edg60000-s7-t2:  50%|█████     | 25/50 [00:08<00:07,  3.18it/s, Saved at =inf, TrLoss=0.1582]
 Training FV-edg60000-s7-t2:  52%|█████▏    | 26/50 [00:08<00:07,  3.18it/s, Saved at =inf, TrLoss=0.1582]
 Training FV-edg60000-s7-t2:  52%|█████▏    | 26/50 [00:08<00:07,  3.18it/s, Saved at =inf, TrLoss=0.1660]
 Training FV-edg60000-s7-t2:  54%|█████▍    | 27/50 [00:08<00:07,  3.18it/s, Saved at =inf, TrLoss=0.1660]
 Training FV-edg60000-s7-t2:  54%|█████▍    | 27/50 [00:08<00:07,  3.18it/s, Saved at =inf, TrLoss=0.1546]
 Training FV-edg60000-s7-t2:  56%|█████▌    | 28/50 [00:08<00:06,  3.17it/s, Saved at =inf, TrLoss=0.1546]
 Training FV-edg60000-s7-t2:  56%|█████▌    | 28/50 [00:09<00:06,  3.17it/s, Saved at =inf, TrLoss=0.1586]
 Training FV-edg60000-s7-t2:  58%|█████▊    | 29/50 [00:09<00:06,  3.17it/s, Saved at =inf, TrLoss=0.1586]
 Training FV-edg60000-s7-t2:  58%|█████▊    | 29/50 [00:09<00:06,  3.17it/s, Saved at =inf, TrLoss=0.1553]
 Training FV-edg60000-s7-t2:  60%|██████    | 30/50 [00:09<00:06,  3.16it/s, Saved at =inf, TrLoss=0.1553]
 Training FV-edg60000-s7-t2:  60%|██████    | 30/50 [00:09<00:06,  3.16it/s, Saved at =inf, TrLoss=0.1508]
 Training FV-edg60000-s7-t2:  62%|██████▏   | 31/50 [00:09<00:06,  3.16it/s, Saved at =inf, TrLoss=0.1508]
 Training FV-edg60000-s7-t2:  62%|██████▏   | 31/50 [00:09<00:06,  3.16it/s, Saved at =inf, TrLoss=0.1517]
 Training FV-edg60000-s7-t2:  64%|██████▍   | 32/50 [00:10<00:05,  3.15it/s, Saved at =inf, TrLoss=0.1517]
 Training FV-edg60000-s7-t2:  64%|██████▍   | 32/50 [00:10<00:05,  3.15it/s, Saved at =inf, TrLoss=0.1456]
 Training FV-edg60000-s7-t2:  66%|██████▌   | 33/50 [00:10<00:05,  3.16it/s, Saved at =inf, TrLoss=0.1456]
 Training FV-edg60000-s7-t2:  66%|██████▌   | 33/50 [00:10<00:05,  3.16it/s, Saved at =inf, TrLoss=0.1496]
 Training FV-edg60000-s7-t2:  68%|██████▊   | 34/50 [00:10<00:05,  3.16it/s, Saved at =inf, TrLoss=0.1496]
 Training FV-edg60000-s7-t2:  68%|██████▊   | 34/50 [00:10<00:05,  3.16it/s, Saved at =inf, TrLoss=0.1470]
 Training FV-edg60000-s7-t2:  70%|███████   | 35/50 [00:11<00:04,  3.17it/s, Saved at =inf, TrLoss=0.1470]
 Training FV-edg60000-s7-t2:  70%|███████   | 35/50 [00:11<00:04,  3.17it/s, Saved at =inf, TrLoss=0.1452]
 Training FV-edg60000-s7-t2:  72%|███████▏  | 36/50 [00:11<00:04,  3.17it/s, Saved at =inf, TrLoss=0.1452]
 Training FV-edg60000-s7-t2:  72%|███████▏  | 36/50 [00:11<00:04,  3.17it/s, Saved at =inf, TrLoss=0.1474]
 Training FV-edg60000-s7-t2:  74%|███████▍  | 37/50 [00:11<00:04,  3.17it/s, Saved at =inf, TrLoss=0.1474]
 Training FV-edg60000-s7-t2:  74%|███████▍  | 37/50 [00:11<00:04,  3.17it/s, Saved at =inf, TrLoss=0.1450]
 Training FV-edg60000-s7-t2:  76%|███████▌  | 38/50 [00:11<00:03,  3.17it/s, Saved at =inf, TrLoss=0.1450]
 Training FV-edg60000-s7-t2:  76%|███████▌  | 38/50 [00:12<00:03,  3.17it/s, Saved at =inf, TrLoss=0.1457]
 Training FV-edg60000-s7-t2:  78%|███████▊  | 39/50 [00:12<00:03,  3.18it/s, Saved at =inf, TrLoss=0.1457]
 Training FV-edg60000-s7-t2:  78%|███████▊  | 39/50 [00:12<00:03,  3.18it/s, Saved at =inf, TrLoss=0.1402]
 Training FV-edg60000-s7-t2:  80%|████████  | 40/50 [00:12<00:03,  3.18it/s, Saved at =inf, TrLoss=0.1402]
 Training FV-edg60000-s7-t2:  80%|████████  | 40/50 [00:12<00:03,  3.18it/s, Saved at =inf, TrLoss=0.1417]
 Training FV-edg60000-s7-t2:  82%|████████▏ | 41/50 [00:12<00:02,  3.18it/s, Saved at =inf, TrLoss=0.1417]
 Training FV-edg60000-s7-t2:  82%|████████▏ | 41/50 [00:13<00:02,  3.18it/s, Saved at =inf, TrLoss=0.1403]
 Training FV-edg60000-s7-t2:  84%|████████▍ | 42/50 [00:13<00:02,  3.18it/s, Saved at =inf, TrLoss=0.1403]
 Training FV-edg60000-s7-t2:  84%|████████▍ | 42/50 [00:13<00:02,  3.18it/s, Saved at =inf, TrLoss=0.1404]
 Training FV-edg60000-s7-t2:  86%|████████▌ | 43/50 [00:13<00:02,  3.18it/s, Saved at =inf, TrLoss=0.1404]
 Training FV-edg60000-s7-t2:  86%|████████▌ | 43/50 [00:13<00:02,  3.18it/s, Saved at =inf, TrLoss=0.1405]
 Training FV-edg60000-s7-t2:  88%|████████▊ | 44/50 [00:13<00:01,  3.18it/s, Saved at =inf, TrLoss=0.1405]
 Training FV-edg60000-s7-t2:  88%|████████▊ | 44/50 [00:14<00:01,  3.18it/s, Saved at =inf, TrLoss=0.1378]
 Training FV-edg60000-s7-t2:  90%|█████████ | 45/50 [00:14<00:01,  3.18it/s, Saved at =inf, TrLoss=0.1378]
 Training FV-edg60000-s7-t2:  90%|█████████ | 45/50 [00:14<00:01,  3.18it/s, Saved at =inf, TrLoss=0.1387]
 Training FV-edg60000-s7-t2:  92%|█████████▏| 46/50 [00:14<00:01,  3.18it/s, Saved at =inf, TrLoss=0.1387]
 Training FV-edg60000-s7-t2:  92%|█████████▏| 46/50 [00:14<00:01,  3.18it/s, Saved at =inf, TrLoss=0.1383]
 Training FV-edg60000-s7-t2:  94%|█████████▍| 47/50 [00:14<00:00,  3.18it/s, Saved at =inf, TrLoss=0.1383]
 Training FV-edg60000-s7-t2:  94%|█████████▍| 47/50 [00:15<00:00,  3.18it/s, Saved at =inf, TrLoss=0.1368]
 Training FV-edg60000-s7-t2:  96%|█████████▌| 48/50 [00:15<00:00,  3.18it/s, Saved at =inf, TrLoss=0.1368]
 Training FV-edg60000-s7-t2:  96%|█████████▌| 48/50 [00:15<00:00,  3.18it/s, Saved at =inf, TrLoss=0.1373]
 Training FV-edg60000-s7-t2:  98%|█████████▊| 49/50 [00:15<00:00,  3.18it/s, Saved at =inf, TrLoss=0.1373]
 Training FV-edg60000-s7-t2:  98%|█████████▊| 49/50 [00:15<00:00,  3.18it/s, Saved at =inf, TrLoss=0.1371]
 Training FV-edg60000-s7-t2: 100%|██████████| 50/50 [00:15<00:00,  3.18it/s, Saved at =inf, TrLoss=0.1371]
 Training FV-edg60000-s7-t2: 100%|██████████| 50/50 [00:15<00:00,  3.17it/s, Saved at =inf, TrLoss=0.1371]

 Training FV-edg60000-s7-t3:   0%|          | 0/50 [00:00<?, ?it/s]
 Training FV-edg60000-s7-t3:   0%|          | 0/50 [00:00<?, ?it/s, Saved at =inf, TrLoss=0.7485]
 Training FV-edg60000-s7-t3:   2%|▏         | 1/50 [00:00<00:21,  2.31it/s, Saved at =inf, TrLoss=0.7485]
 Training FV-edg60000-s7-t3:   2%|▏         | 1/50 [00:00<00:21,  2.31it/s, Saved at =inf, TrLoss=0.4717]
 Training FV-edg60000-s7-t3:   4%|▍         | 2/50 [00:00<00:20,  2.35it/s, Saved at =inf, TrLoss=0.4717]
 Training FV-edg60000-s7-t3:   4%|▍         | 2/50 [00:01<00:20,  2.35it/s, Saved at =inf, TrLoss=0.7200]
 Training FV-edg60000-s7-t3:   6%|▌         | 3/50 [00:01<00:19,  2.36it/s, Saved at =inf, TrLoss=0.7200]
 Training FV-edg60000-s7-t3:   6%|▌         | 3/50 [00:01<00:19,  2.36it/s, Saved at =inf, TrLoss=0.3369]
 Training FV-edg60000-s7-t3:   8%|▊         | 4/50 [00:01<00:19,  2.36it/s, Saved at =inf, TrLoss=0.3369]
 Training FV-edg60000-s7-t3:   8%|▊         | 4/50 [00:02<00:19,  2.36it/s, Saved at =inf, TrLoss=0.5219]
 Training FV-edg60000-s7-t3:  10%|█         | 5/50 [00:02<00:19,  2.36it/s, Saved at =inf, TrLoss=0.5219]
 Training FV-edg60000-s7-t3:  10%|█         | 5/50 [00:02<00:19,  2.36it/s, Saved at =inf, TrLoss=0.3540]
 Training FV-edg60000-s7-t3:  12%|█▏        | 6/50 [00:02<00:18,  2.36it/s, Saved at =inf, TrLoss=0.3540]
 Training FV-edg60000-s7-t3:  12%|█▏        | 6/50 [00:02<00:18,  2.36it/s, Saved at =inf, TrLoss=0.2888]
 Training FV-edg60000-s7-t3:  14%|█▍        | 7/50 [00:02<00:18,  2.36it/s, Saved at =inf, TrLoss=0.2888]
 Training FV-edg60000-s7-t3:  14%|█▍        | 7/50 [00:03<00:18,  2.36it/s, Saved at =inf, TrLoss=0.3056]
 Training FV-edg60000-s7-t3:  16%|█▌        | 8/50 [00:03<00:17,  2.36it/s, Saved at =inf, TrLoss=0.3056]
 Training FV-edg60000-s7-t3:  16%|█▌        | 8/50 [00:03<00:17,  2.36it/s, Saved at =inf, TrLoss=0.3015]
 Training FV-edg60000-s7-t3:  18%|█▊        | 9/50 [00:03<00:17,  2.36it/s, Saved at =inf, TrLoss=0.3015]
 Training FV-edg60000-s7-t3:  18%|█▊        | 9/50 [00:04<00:17,  2.36it/s, Saved at =inf, TrLoss=0.2710]
 Training FV-edg60000-s7-t3:  20%|██        | 10/50 [00:04<00:16,  2.37it/s, Saved at =inf, TrLoss=0.2710]
 Training FV-edg60000-s7-t3:  20%|██        | 10/50 [00:04<00:16,  2.37it/s, Saved at =inf, TrLoss=0.2603]
 Training FV-edg60000-s7-t3:  22%|██▏       | 11/50 [00:04<00:16,  2.37it/s, Saved at =inf, TrLoss=0.2603]
 Training FV-edg60000-s7-t3:  22%|██▏       | 11/50 [00:04<00:16,  2.37it/s, Saved at =inf, TrLoss=0.2630]
 Training FV-edg60000-s7-t3:  24%|██▍       | 12/50 [00:05<00:16,  2.37it/s, Saved at =inf, TrLoss=0.2630]
 Training FV-edg60000-s7-t3:  24%|██▍       | 12/50 [00:05<00:16,  2.37it/s, Saved at =inf, TrLoss=0.2583]
 Training FV-edg60000-s7-t3:  26%|██▌       | 13/50 [00:05<00:15,  2.37it/s, Saved at =inf, TrLoss=0.2583]
 Training FV-edg60000-s7-t3:  26%|██▌       | 13/50 [00:05<00:15,  2.37it/s, Saved at =inf, TrLoss=0.2441]
 Training FV-edg60000-s7-t3:  28%|██▊       | 14/50 [00:05<00:15,  2.37it/s, Saved at =inf, TrLoss=0.2441]
 Training FV-edg60000-s7-t3:  28%|██▊       | 14/50 [00:06<00:15,  2.37it/s, Saved at =inf, TrLoss=0.2347]
 Training FV-edg60000-s7-t3:  30%|███       | 15/50 [00:06<00:14,  2.37it/s, Saved at =inf, TrLoss=0.2347]
 Training FV-edg60000-s7-t3:  30%|███       | 15/50 [00:06<00:14,  2.37it/s, Saved at =inf, TrLoss=0.2374]
 Training FV-edg60000-s7-t3:  32%|███▏      | 16/50 [00:06<00:14,  2.37it/s, Saved at =inf, TrLoss=0.2374]
 Training FV-edg60000-s7-t3:  32%|███▏      | 16/50 [00:07<00:14,  2.37it/s, Saved at =inf, TrLoss=0.2299]
 Training FV-edg60000-s7-t3:  34%|███▍      | 17/50 [00:07<00:13,  2.37it/s, Saved at =inf, TrLoss=0.2299]
 Training FV-edg60000-s7-t3:  34%|███▍      | 17/50 [00:07<00:13,  2.37it/s, Saved at =inf, TrLoss=0.2190]
 Training FV-edg60000-s7-t3:  36%|███▌      | 18/50 [00:07<00:13,  2.37it/s, Saved at =inf, TrLoss=0.2190]
 Training FV-edg60000-s7-t3:  36%|███▌      | 18/50 [00:07<00:13,  2.37it/s, Saved at =inf, TrLoss=0.2137]
 Training FV-edg60000-s7-t3:  38%|███▊      | 19/50 [00:08<00:13,  2.37it/s, Saved at =inf, TrLoss=0.2137]
 Training FV-edg60000-s7-t3:  38%|███▊      | 19/50 [00:08<00:13,  2.37it/s, Saved at =inf, TrLoss=0.2128]
 Training FV-edg60000-s7-t3:  40%|████      | 20/50 [00:08<00:12,  2.37it/s, Saved at =inf, TrLoss=0.2128]
 Training FV-edg60000-s7-t3:  40%|████      | 20/50 [00:08<00:12,  2.37it/s, Saved at =inf, TrLoss=0.2063]
 Training FV-edg60000-s7-t3:  42%|████▏     | 21/50 [00:08<00:12,  2.37it/s, Saved at =inf, TrLoss=0.2063]
 Training FV-edg60000-s7-t3:  42%|████▏     | 21/50 [00:09<00:12,  2.37it/s, Saved at =inf, TrLoss=0.2014]
 Training FV-edg60000-s7-t3:  44%|████▍     | 22/50 [00:09<00:11,  2.37it/s, Saved at =inf, TrLoss=0.2014]
 Training FV-edg60000-s7-t3:  44%|████▍     | 22/50 [00:09<00:11,  2.37it/s, Saved at =inf, TrLoss=0.1969]
 Training FV-edg60000-s7-t3:  46%|████▌     | 23/50 [00:09<00:11,  2.37it/s, Saved at =inf, TrLoss=0.1969]
 Training FV-edg60000-s7-t3:  46%|████▌     | 23/50 [00:10<00:11,  2.37it/s, Saved at =inf, TrLoss=0.1986]
 Training FV-edg60000-s7-t3:  48%|████▊     | 24/50 [00:10<00:10,  2.37it/s, Saved at =inf, TrLoss=0.1986]
 Training FV-edg60000-s7-t3:  48%|████▊     | 24/50 [00:10<00:10,  2.37it/s, Saved at =inf, TrLoss=0.2003]
 Training FV-edg60000-s7-t3:  50%|█████     | 25/50 [00:10<00:10,  2.37it/s, Saved at =inf, TrLoss=0.2003]
 Training FV-edg60000-s7-t3:  50%|█████     | 25/50 [00:10<00:10,  2.37it/s, Saved at =inf, TrLoss=0.1937]
 Training FV-edg60000-s7-t3:  52%|█████▏    | 26/50 [00:10<00:10,  2.37it/s, Saved at =inf, TrLoss=0.1937]
 Training FV-edg60000-s7-t3:  52%|█████▏    | 26/50 [00:11<00:10,  2.37it/s, Saved at =inf, TrLoss=0.1931]
 Training FV-edg60000-s7-t3:  54%|█████▍    | 27/50 [00:11<00:09,  2.37it/s, Saved at =inf, TrLoss=0.1931]
 Training FV-edg60000-s7-t3:  54%|█████▍    | 27/50 [00:11<00:09,  2.37it/s, Saved at =inf, TrLoss=0.1904]
 Training FV-edg60000-s7-t3:  56%|█████▌    | 28/50 [00:11<00:09,  2.37it/s, Saved at =inf, TrLoss=0.1904]
 Training FV-edg60000-s7-t3:  56%|█████▌    | 28/50 [00:12<00:09,  2.37it/s, Saved at =inf, TrLoss=0.1860]
 Training FV-edg60000-s7-t3:  58%|█████▊    | 29/50 [00:12<00:08,  2.37it/s, Saved at =inf, TrLoss=0.1860]
 Training FV-edg60000-s7-t3:  58%|█████▊    | 29/50 [00:12<00:08,  2.37it/s, Saved at =inf, TrLoss=0.1830]
 Training FV-edg60000-s7-t3:  60%|██████    | 30/50 [00:12<00:08,  2.37it/s, Saved at =inf, TrLoss=0.1830]
 Training FV-edg60000-s7-t3:  60%|██████    | 30/50 [00:12<00:08,  2.37it/s, Saved at =inf, TrLoss=0.1814]
 Training FV-edg60000-s7-t3:  62%|██████▏   | 31/50 [00:13<00:08,  2.37it/s, Saved at =inf, TrLoss=0.1814]
 Training FV-edg60000-s7-t3:  62%|██████▏   | 31/50 [00:13<00:08,  2.37it/s, Saved at =inf, TrLoss=0.1791]
 Training FV-edg60000-s7-t3:  64%|██████▍   | 32/50 [00:13<00:07,  2.37it/s, Saved at =inf, TrLoss=0.1791]
 Training FV-edg60000-s7-t3:  64%|██████▍   | 32/50 [00:13<00:07,  2.37it/s, Saved at =inf, TrLoss=0.1754]
 Training FV-edg60000-s7-t3:  66%|██████▌   | 33/50 [00:13<00:07,  2.37it/s, Saved at =inf, TrLoss=0.1754]
 Training FV-edg60000-s7-t3:  66%|██████▌   | 33/50 [00:14<00:07,  2.37it/s, Saved at =inf, TrLoss=0.1763]
 Training FV-edg60000-s7-t3:  68%|██████▊   | 34/50 [00:14<00:06,  2.37it/s, Saved at =inf, TrLoss=0.1763]
 Training FV-edg60000-s7-t3:  68%|██████▊   | 34/50 [00:14<00:06,  2.37it/s, Saved at =inf, TrLoss=0.1738]
 Training FV-edg60000-s7-t3:  70%|███████   | 35/50 [00:14<00:06,  2.37it/s, Saved at =inf, TrLoss=0.1738]
 Training FV-edg60000-s7-t3:  70%|███████   | 35/50 [00:15<00:06,  2.37it/s, Saved at =inf, TrLoss=0.1703]
 Training FV-edg60000-s7-t3:  72%|███████▏  | 36/50 [00:15<00:05,  2.37it/s, Saved at =inf, TrLoss=0.1703]
 Training FV-edg60000-s7-t3:  72%|███████▏  | 36/50 [00:15<00:05,  2.37it/s, Saved at =inf, TrLoss=0.1691]
 Training FV-edg60000-s7-t3:  74%|███████▍  | 37/50 [00:15<00:05,  2.37it/s, Saved at =inf, TrLoss=0.1691]
 Training FV-edg60000-s7-t3:  74%|███████▍  | 37/50 [00:15<00:05,  2.37it/s, Saved at =inf, TrLoss=0.1664]
 Training FV-edg60000-s7-t3:  76%|███████▌  | 38/50 [00:16<00:05,  2.37it/s, Saved at =inf, TrLoss=0.1664]
 Training FV-edg60000-s7-t3:  76%|███████▌  | 38/50 [00:16<00:05,  2.37it/s, Saved at =inf, TrLoss=0.1677]
 Training FV-edg60000-s7-t3:  78%|███████▊  | 39/50 [00:16<00:04,  2.37it/s, Saved at =inf, TrLoss=0.1677]
 Training FV-edg60000-s7-t3:  78%|███████▊  | 39/50 [00:16<00:04,  2.37it/s, Saved at =inf, TrLoss=0.1652]
 Training FV-edg60000-s7-t3:  80%|████████  | 40/50 [00:16<00:04,  2.37it/s, Saved at =inf, TrLoss=0.1652]
 Training FV-edg60000-s7-t3:  80%|████████  | 40/50 [00:17<00:04,  2.37it/s, Saved at =inf, TrLoss=0.1604]
 Training FV-edg60000-s7-t3:  82%|████████▏ | 41/50 [00:17<00:03,  2.37it/s, Saved at =inf, TrLoss=0.1604]
 Training FV-edg60000-s7-t3:  82%|████████▏ | 41/50 [00:17<00:03,  2.37it/s, Saved at =inf, TrLoss=0.1603]
 Training FV-edg60000-s7-t3:  84%|████████▍ | 42/50 [00:17<00:03,  2.37it/s, Saved at =inf, TrLoss=0.1603]
 Training FV-edg60000-s7-t3:  84%|████████▍ | 42/50 [00:18<00:03,  2.37it/s, Saved at =inf, TrLoss=0.1587]
 Training FV-edg60000-s7-t3:  86%|████████▌ | 43/50 [00:18<00:02,  2.37it/s, Saved at =inf, TrLoss=0.1587]
 Training FV-edg60000-s7-t3:  86%|████████▌ | 43/50 [00:18<00:02,  2.37it/s, Saved at =inf, TrLoss=0.1576]
 Training FV-edg60000-s7-t3:  88%|████████▊ | 44/50 [00:18<00:02,  2.37it/s, Saved at =inf, TrLoss=0.1576]
 Training FV-edg60000-s7-t3:  88%|████████▊ | 44/50 [00:18<00:02,  2.37it/s, Saved at =inf, TrLoss=0.1548]
 Training FV-edg60000-s7-t3:  90%|█████████ | 45/50 [00:18<00:02,  2.37it/s, Saved at =inf, TrLoss=0.1548]
 Training FV-edg60000-s7-t3:  90%|█████████ | 45/50 [00:19<00:02,  2.37it/s, Saved at =inf, TrLoss=0.1570]
 Training FV-edg60000-s7-t3:  92%|█████████▏| 46/50 [00:19<00:01,  2.37it/s, Saved at =inf, TrLoss=0.1570]
 Training FV-edg60000-s7-t3:  92%|█████████▏| 46/50 [00:19<00:01,  2.37it/s, Saved at =inf, TrLoss=0.1547]
 Training FV-edg60000-s7-t3:  94%|█████████▍| 47/50 [00:19<00:01,  2.37it/s, Saved at =inf, TrLoss=0.1547]
 Training FV-edg60000-s7-t3:  94%|█████████▍| 47/50 [00:20<00:01,  2.37it/s, Saved at =inf, TrLoss=0.1533]
 Training FV-edg60000-s7-t3:  96%|█████████▌| 48/50 [00:20<00:00,  2.37it/s, Saved at =inf, TrLoss=0.1533]
 Training FV-edg60000-s7-t3:  96%|█████████▌| 48/50 [00:20<00:00,  2.37it/s, Saved at =inf, TrLoss=0.1529]
 Training FV-edg60000-s7-t3:  98%|█████████▊| 49/50 [00:20<00:00,  2.37it/s, Saved at =inf, TrLoss=0.1529]
 Training FV-edg60000-s7-t3:  98%|█████████▊| 49/50 [00:20<00:00,  2.37it/s, Saved at =inf, TrLoss=0.1510]
 Training FV-edg60000-s7-t3: 100%|██████████| 50/50 [00:21<00:00,  2.37it/s, Saved at =inf, TrLoss=0.1510]
 Training FV-edg60000-s7-t3: 100%|██████████| 50/50 [00:21<00:00,  2.37it/s, Saved at =inf, TrLoss=0.1510]

 Training FV-edg60000-s7-t4:   0%|          | 0/50 [00:00<?, ?it/s]
 Training FV-edg60000-s7-t4:   0%|          | 0/50 [00:00<?, ?it/s, Saved at =inf, TrLoss=0.8400]
 Training FV-edg60000-s7-t4:   2%|▏         | 1/50 [00:00<00:28,  1.72it/s, Saved at =inf, TrLoss=0.8400]
 Training FV-edg60000-s7-t4:   2%|▏         | 1/50 [00:01<00:28,  1.72it/s, Saved at =inf, TrLoss=0.9979]
 Training FV-edg60000-s7-t4:   4%|▍         | 2/50 [00:01<00:27,  1.77it/s, Saved at =inf, TrLoss=0.9979]
 Training FV-edg60000-s7-t4:   4%|▍         | 2/50 [00:01<00:27,  1.77it/s, Saved at =inf, TrLoss=0.5306]
 Training FV-edg60000-s7-t4:   6%|▌         | 3/50 [00:01<00:26,  1.78it/s, Saved at =inf, TrLoss=0.5306]
 Training FV-edg60000-s7-t4:   6%|▌         | 3/50 [00:02<00:26,  1.78it/s, Saved at =inf, TrLoss=0.5627]
 Training FV-edg60000-s7-t4:   8%|▊         | 4/50 [00:02<00:25,  1.79it/s, Saved at =inf, TrLoss=0.5627]
 Training FV-edg60000-s7-t4:   8%|▊         | 4/50 [00:02<00:25,  1.79it/s, Saved at =inf, TrLoss=0.5042]
 Training FV-edg60000-s7-t4:  10%|█         | 5/50 [00:02<00:25,  1.80it/s, Saved at =inf, TrLoss=0.5042]
 Training FV-edg60000-s7-t4:  10%|█         | 5/50 [00:03<00:25,  1.80it/s, Saved at =inf, TrLoss=0.4062]
 Training FV-edg60000-s7-t4:  12%|█▏        | 6/50 [00:03<00:24,  1.80it/s, Saved at =inf, TrLoss=0.4062]
 Training FV-edg60000-s7-t4:  12%|█▏        | 6/50 [00:03<00:24,  1.80it/s, Saved at =inf, TrLoss=0.3347]
 Training FV-edg60000-s7-t4:  14%|█▍        | 7/50 [00:03<00:23,  1.80it/s, Saved at =inf, TrLoss=0.3347]
 Training FV-edg60000-s7-t4:  14%|█▍        | 7/50 [00:04<00:23,  1.80it/s, Saved at =inf, TrLoss=0.3219]
 Training FV-edg60000-s7-t4:  16%|█▌        | 8/50 [00:04<00:23,  1.80it/s, Saved at =inf, TrLoss=0.3219]
 Training FV-edg60000-s7-t4:  16%|█▌        | 8/50 [00:04<00:23,  1.80it/s, Saved at =inf, TrLoss=0.3378]
 Training FV-edg60000-s7-t4:  18%|█▊        | 9/50 [00:05<00:22,  1.80it/s, Saved at =inf, TrLoss=0.3378]
 Training FV-edg60000-s7-t4:  18%|█▊        | 9/50 [00:05<00:22,  1.80it/s, Saved at =inf, TrLoss=0.3182]
 Training FV-edg60000-s7-t4:  20%|██        | 10/50 [00:05<00:22,  1.80it/s, Saved at =inf, TrLoss=0.3182]
 Training FV-edg60000-s7-t4:  20%|██        | 10/50 [00:05<00:22,  1.80it/s, Saved at =inf, TrLoss=0.2969]
 Training FV-edg60000-s7-t4:  22%|██▏       | 11/50 [00:06<00:21,  1.80it/s, Saved at =inf, TrLoss=0.2969]
 Training FV-edg60000-s7-t4:  22%|██▏       | 11/50 [00:06<00:21,  1.80it/s, Saved at =inf, TrLoss=0.2773]
 Training FV-edg60000-s7-t4:  24%|██▍       | 12/50 [00:06<00:21,  1.80it/s, Saved at =inf, TrLoss=0.2773]
 Training FV-edg60000-s7-t4:  24%|██▍       | 12/50 [00:07<00:21,  1.80it/s, Saved at =inf, TrLoss=0.2543]
 Training FV-edg60000-s7-t4:  26%|██▌       | 13/50 [00:07<00:20,  1.80it/s, Saved at =inf, TrLoss=0.2543]
 Training FV-edg60000-s7-t4:  26%|██▌       | 13/50 [00:07<00:20,  1.80it/s, Saved at =inf, TrLoss=0.2354]
 Training FV-edg60000-s7-t4:  28%|██▊       | 14/50 [00:07<00:19,  1.81it/s, Saved at =inf, TrLoss=0.2354]
 Training FV-edg60000-s7-t4:  28%|██▊       | 14/50 [00:08<00:19,  1.81it/s, Saved at =inf, TrLoss=0.2462]
 Training FV-edg60000-s7-t4:  30%|███       | 15/50 [00:08<00:19,  1.81it/s, Saved at =inf, TrLoss=0.2462]
 Training FV-edg60000-s7-t4:  30%|███       | 15/50 [00:08<00:19,  1.81it/s, Saved at =inf, TrLoss=0.2561]
 Training FV-edg60000-s7-t4:  32%|███▏      | 16/50 [00:08<00:18,  1.81it/s, Saved at =inf, TrLoss=0.2561]
 Training FV-edg60000-s7-t4:  32%|███▏      | 16/50 [00:09<00:18,  1.81it/s, Saved at =inf, TrLoss=0.2334]
 Training FV-edg60000-s7-t4:  34%|███▍      | 17/50 [00:09<00:18,  1.81it/s, Saved at =inf, TrLoss=0.2334]
 Training FV-edg60000-s7-t4:  34%|███▍      | 17/50 [00:09<00:18,  1.81it/s, Saved at =inf, TrLoss=0.2195]
 Training FV-edg60000-s7-t4:  36%|███▌      | 18/50 [00:10<00:17,  1.81it/s, Saved at =inf, TrLoss=0.2195]
 Training FV-edg60000-s7-t4:  36%|███▌      | 18/50 [00:10<00:17,  1.81it/s, Saved at =inf, TrLoss=0.2163]
 Training FV-edg60000-s7-t4:  38%|███▊      | 19/50 [00:10<00:17,  1.80it/s, Saved at =inf, TrLoss=0.2163]
 Training FV-edg60000-s7-t4:  38%|███▊      | 19/50 [00:10<00:17,  1.80it/s, Saved at =inf, TrLoss=0.2135]
 Training FV-edg60000-s7-t4:  40%|████      | 20/50 [00:11<00:16,  1.80it/s, Saved at =inf, TrLoss=0.2135]
 Training FV-edg60000-s7-t4:  40%|████      | 20/50 [00:11<00:16,  1.80it/s, Saved at =inf, TrLoss=0.2145]
 Training FV-edg60000-s7-t4:  42%|████▏     | 21/50 [00:11<00:16,  1.80it/s, Saved at =inf, TrLoss=0.2145]
 Training FV-edg60000-s7-t4:  42%|████▏     | 21/50 [00:12<00:16,  1.80it/s, Saved at =inf, TrLoss=0.2167]
 Training FV-edg60000-s7-t4:  44%|████▍     | 22/50 [00:12<00:15,  1.81it/s, Saved at =inf, TrLoss=0.2167]
 Training FV-edg60000-s7-t4:  44%|████▍     | 22/50 [00:12<00:15,  1.81it/s, Saved at =inf, TrLoss=0.2100]
 Training FV-edg60000-s7-t4:  46%|████▌     | 23/50 [00:12<00:14,  1.81it/s, Saved at =inf, TrLoss=0.2100]
 Training FV-edg60000-s7-t4:  46%|████▌     | 23/50 [00:13<00:14,  1.81it/s, Saved at =inf, TrLoss=0.2040]
 Training FV-edg60000-s7-t4:  48%|████▊     | 24/50 [00:13<00:14,  1.81it/s, Saved at =inf, TrLoss=0.2040]
 Training FV-edg60000-s7-t4:  48%|████▊     | 24/50 [00:13<00:14,  1.81it/s, Saved at =inf, TrLoss=0.2021]
 Training FV-edg60000-s7-t4:  50%|█████     | 25/50 [00:13<00:13,  1.81it/s, Saved at =inf, TrLoss=0.2021]
 Training FV-edg60000-s7-t4:  50%|█████     | 25/50 [00:14<00:13,  1.81it/s, Saved at =inf, TrLoss=0.1989]
 Training FV-edg60000-s7-t4:  52%|█████▏    | 26/50 [00:14<00:13,  1.81it/s, Saved at =inf, TrLoss=0.1989]
 Training FV-edg60000-s7-t4:  52%|█████▏    | 26/50 [00:14<00:13,  1.81it/s, Saved at =inf, TrLoss=0.1950]
 Training FV-edg60000-s7-t4:  54%|█████▍    | 27/50 [00:14<00:12,  1.81it/s, Saved at =inf, TrLoss=0.1950]
 Training FV-edg60000-s7-t4:  54%|█████▍    | 27/50 [00:15<00:12,  1.81it/s, Saved at =inf, TrLoss=0.1943]
 Training FV-edg60000-s7-t4:  56%|█████▌    | 28/50 [00:15<00:12,  1.81it/s, Saved at =inf, TrLoss=0.1943]
 Training FV-edg60000-s7-t4:  56%|█████▌    | 28/50 [00:15<00:12,  1.81it/s, Saved at =inf, TrLoss=0.1929]
 Training FV-edg60000-s7-t4:  58%|█████▊    | 29/50 [00:16<00:11,  1.81it/s, Saved at =inf, TrLoss=0.1929]
 Training FV-edg60000-s7-t4:  58%|█████▊    | 29/50 [00:16<00:11,  1.81it/s, Saved at =inf, TrLoss=0.1894]
 Training FV-edg60000-s7-t4:  60%|██████    | 30/50 [00:16<00:11,  1.81it/s, Saved at =inf, TrLoss=0.1894]
 Training FV-edg60000-s7-t4:  60%|██████    | 30/50 [00:17<00:11,  1.81it/s, Saved at =inf, TrLoss=0.1878]
 Training FV-edg60000-s7-t4:  62%|██████▏   | 31/50 [00:17<00:10,  1.81it/s, Saved at =inf, TrLoss=0.1878]
 Training FV-edg60000-s7-t4:  62%|██████▏   | 31/50 [00:17<00:10,  1.81it/s, Saved at =inf, TrLoss=0.1833]
 Training FV-edg60000-s7-t4:  64%|██████▍   | 32/50 [00:17<00:09,  1.81it/s, Saved at =inf, TrLoss=0.1833]
 Training FV-edg60000-s7-t4:  64%|██████▍   | 32/50 [00:18<00:09,  1.81it/s, Saved at =inf, TrLoss=0.1806]
 Training FV-edg60000-s7-t4:  66%|██████▌   | 33/50 [00:18<00:09,  1.81it/s, Saved at =inf, TrLoss=0.1806]
 Training FV-edg60000-s7-t4:  66%|██████▌   | 33/50 [00:18<00:09,  1.81it/s, Saved at =inf, TrLoss=0.1801]
 Training FV-edg60000-s7-t4:  68%|██████▊   | 34/50 [00:18<00:08,  1.81it/s, Saved at =inf, TrLoss=0.1801]
 Training FV-edg60000-s7-t4:  68%|██████▊   | 34/50 [00:19<00:08,  1.81it/s, Saved at =inf, TrLoss=0.1800]
 Training FV-edg60000-s7-t4:  70%|███████   | 35/50 [00:19<00:08,  1.81it/s, Saved at =inf, TrLoss=0.1800]
 Training FV-edg60000-s7-t4:  70%|███████   | 35/50 [00:19<00:08,  1.81it/s, Saved at =inf, TrLoss=0.1802]
 Training FV-edg60000-s7-t4:  72%|███████▏  | 36/50 [00:19<00:07,  1.80it/s, Saved at =inf, TrLoss=0.1802]
 Training FV-edg60000-s7-t4:  72%|███████▏  | 36/50 [00:20<00:07,  1.80it/s, Saved at =inf, TrLoss=0.1760]
 Training FV-edg60000-s7-t4:  74%|███████▍  | 37/50 [00:20<00:07,  1.80it/s, Saved at =inf, TrLoss=0.1760]
 Training FV-edg60000-s7-t4:  74%|███████▍  | 37/50 [00:20<00:07,  1.80it/s, Saved at =inf, TrLoss=0.1752]
 Training FV-edg60000-s7-t4:  76%|███████▌  | 38/50 [00:21<00:06,  1.80it/s, Saved at =inf, TrLoss=0.1752]
 Training FV-edg60000-s7-t4:  76%|███████▌  | 38/50 [00:21<00:06,  1.80it/s, Saved at =inf, TrLoss=0.1738]
 Training FV-edg60000-s7-t4:  78%|███████▊  | 39/50 [00:21<00:06,  1.80it/s, Saved at =inf, TrLoss=0.1738]
 Training FV-edg60000-s7-t4:  78%|███████▊  | 39/50 [00:22<00:06,  1.80it/s, Saved at =inf, TrLoss=0.1717]
 Training FV-edg60000-s7-t4:  80%|████████  | 40/50 [00:22<00:05,  1.81it/s, Saved at =inf, TrLoss=0.1717]
 Training FV-edg60000-s7-t4:  80%|████████  | 40/50 [00:22<00:05,  1.81it/s, Saved at =inf, TrLoss=0.1711]
 Training FV-edg60000-s7-t4:  82%|████████▏ | 41/50 [00:22<00:04,  1.81it/s, Saved at =inf, TrLoss=0.1711]
 Training FV-edg60000-s7-t4:  82%|████████▏ | 41/50 [00:23<00:04,  1.81it/s, Saved at =inf, TrLoss=0.1701]
 Training FV-edg60000-s7-t4:  84%|████████▍ | 42/50 [00:23<00:04,  1.81it/s, Saved at =inf, TrLoss=0.1701]
 Training FV-edg60000-s7-t4:  84%|████████▍ | 42/50 [00:23<00:04,  1.81it/s, Saved at =inf, TrLoss=0.1689]
 Training FV-edg60000-s7-t4:  86%|████████▌ | 43/50 [00:23<00:03,  1.81it/s, Saved at =inf, TrLoss=0.1689]
 Training FV-edg60000-s7-t4:  86%|████████▌ | 43/50 [00:24<00:03,  1.81it/s, Saved at =inf, TrLoss=0.1661]
 Training FV-edg60000-s7-t4:  88%|████████▊ | 44/50 [00:24<00:03,  1.81it/s, Saved at =inf, TrLoss=0.1661]
 Training FV-edg60000-s7-t4:  88%|████████▊ | 44/50 [00:24<00:03,  1.81it/s, Saved at =inf, TrLoss=0.1652]
 Training FV-edg60000-s7-t4:  90%|█████████ | 45/50 [00:24<00:02,  1.81it/s, Saved at =inf, TrLoss=0.1652]
 Training FV-edg60000-s7-t4:  90%|█████████ | 45/50 [00:25<00:02,  1.81it/s, Saved at =inf, TrLoss=0.1666]
 Training FV-edg60000-s7-t4:  92%|█████████▏| 46/50 [00:25<00:02,  1.81it/s, Saved at =inf, TrLoss=0.1666]
 Training FV-edg60000-s7-t4:  92%|█████████▏| 46/50 [00:25<00:02,  1.81it/s, Saved at =inf, TrLoss=0.1617]
 Training FV-edg60000-s7-t4:  94%|█████████▍| 47/50 [00:26<00:01,  1.81it/s, Saved at =inf, TrLoss=0.1617]
 Training FV-edg60000-s7-t4:  94%|█████████▍| 47/50 [00:26<00:01,  1.81it/s, Saved at =inf, TrLoss=0.1622]
 Training FV-edg60000-s7-t4:  96%|█████████▌| 48/50 [00:26<00:01,  1.81it/s, Saved at =inf, TrLoss=0.1622]
 Training FV-edg60000-s7-t4:  96%|█████████▌| 48/50 [00:27<00:01,  1.81it/s, Saved at =inf, TrLoss=0.1630]
 Training FV-edg60000-s7-t4:  98%|█████████▊| 49/50 [00:27<00:00,  1.81it/s, Saved at =inf, TrLoss=0.1630]
 Training FV-edg60000-s7-t4:  98%|█████████▊| 49/50 [00:27<00:00,  1.81it/s, Saved at =inf, TrLoss=0.1592]
 Training FV-edg60000-s7-t4: 100%|██████████| 50/50 [00:27<00:00,  1.81it/s, Saved at =inf, TrLoss=0.1592]
 Training FV-edg60000-s7-t4: 100%|██████████| 50/50 [00:27<00:00,  1.80it/s, Saved at =inf, TrLoss=0.1592]

 Training FV-edg60000-s7-t5:   0%|          | 0/50 [00:00<?, ?it/s]
 Training FV-edg60000-s7-t5:   0%|          | 0/50 [00:00<?, ?it/s, Saved at =inf, TrLoss=0.7561]
 Training FV-edg60000-s7-t5:   2%|▏         | 1/50 [00:00<00:35,  1.40it/s, Saved at =inf, TrLoss=0.7561]
 Training FV-edg60000-s7-t5:   2%|▏         | 1/50 [00:01<00:35,  1.40it/s, Saved at =inf, TrLoss=0.5028]
 Training FV-edg60000-s7-t5:   4%|▍         | 2/50 [00:01<00:33,  1.42it/s, Saved at =inf, TrLoss=0.5028]
 Training FV-edg60000-s7-t5:   4%|▍         | 2/50 [00:01<00:33,  1.42it/s, Saved at =inf, TrLoss=0.4101]
 Training FV-edg60000-s7-t5:   6%|▌         | 3/50 [00:02<00:33,  1.42it/s, Saved at =inf, TrLoss=0.4101]
 Training FV-edg60000-s7-t5:   6%|▌         | 3/50 [00:02<00:33,  1.42it/s, Saved at =inf, TrLoss=0.3756]
 Training FV-edg60000-s7-t5:   8%|▊         | 4/50 [00:02<00:32,  1.43it/s, Saved at =inf, TrLoss=0.3756]
 Training FV-edg60000-s7-t5:   8%|▊         | 4/50 [00:03<00:32,  1.43it/s, Saved at =inf, TrLoss=0.3465]
 Training FV-edg60000-s7-t5:  10%|█         | 5/50 [00:03<00:31,  1.43it/s, Saved at =inf, TrLoss=0.3465]
 Training FV-edg60000-s7-t5:  10%|█         | 5/50 [00:04<00:31,  1.43it/s, Saved at =inf, TrLoss=0.3335]
 Training FV-edg60000-s7-t5:  12%|█▏        | 6/50 [00:04<00:30,  1.43it/s, Saved at =inf, TrLoss=0.3335]
 Training FV-edg60000-s7-t5:  12%|█▏        | 6/50 [00:04<00:30,  1.43it/s, Saved at =inf, TrLoss=0.3149]
 Training FV-edg60000-s7-t5:  14%|█▍        | 7/50 [00:04<00:30,  1.43it/s, Saved at =inf, TrLoss=0.3149]
 Training FV-edg60000-s7-t5:  14%|█▍        | 7/50 [00:05<00:30,  1.43it/s, Saved at =inf, TrLoss=0.2757]
 Training FV-edg60000-s7-t5:  16%|█▌        | 8/50 [00:05<00:29,  1.43it/s, Saved at =inf, TrLoss=0.2757]
 Training FV-edg60000-s7-t5:  16%|█▌        | 8/50 [00:06<00:29,  1.43it/s, Saved at =inf, TrLoss=0.2480]
 Training FV-edg60000-s7-t5:  18%|█▊        | 9/50 [00:06<00:28,  1.43it/s, Saved at =inf, TrLoss=0.2480]
 Training FV-edg60000-s7-t5:  18%|█▊        | 9/50 [00:06<00:28,  1.43it/s, Saved at =inf, TrLoss=0.2468]
 Training FV-edg60000-s7-t5:  20%|██        | 10/50 [00:07<00:27,  1.43it/s, Saved at =inf, TrLoss=0.2468]
 Training FV-edg60000-s7-t5:  20%|██        | 10/50 [00:07<00:27,  1.43it/s, Saved at =inf, TrLoss=0.2461]
 Training FV-edg60000-s7-t5:  22%|██▏       | 11/50 [00:07<00:27,  1.43it/s, Saved at =inf, TrLoss=0.2461]
 Training FV-edg60000-s7-t5:  22%|██▏       | 11/50 [00:08<00:27,  1.43it/s, Saved at =inf, TrLoss=0.2347]
 Training FV-edg60000-s7-t5:  24%|██▍       | 12/50 [00:08<00:26,  1.43it/s, Saved at =inf, TrLoss=0.2347]
 Training FV-edg60000-s7-t5:  24%|██▍       | 12/50 [00:08<00:26,  1.43it/s, Saved at =inf, TrLoss=0.2287]
 Training FV-edg60000-s7-t5:  26%|██▌       | 13/50 [00:09<00:25,  1.43it/s, Saved at =inf, TrLoss=0.2287]
 Training FV-edg60000-s7-t5:  26%|██▌       | 13/50 [00:09<00:25,  1.43it/s, Saved at =inf, TrLoss=0.2209]
 Training FV-edg60000-s7-t5:  28%|██▊       | 14/50 [00:09<00:25,  1.43it/s, Saved at =inf, TrLoss=0.2209]
 Training FV-edg60000-s7-t5:  28%|██▊       | 14/50 [00:10<00:25,  1.43it/s, Saved at =inf, TrLoss=0.2144]
 Training FV-edg60000-s7-t5:  30%|███       | 15/50 [00:10<00:24,  1.43it/s, Saved at =inf, TrLoss=0.2144]
 Training FV-edg60000-s7-t5:  30%|███       | 15/50 [00:11<00:24,  1.43it/s, Saved at =inf, TrLoss=0.2164]
 Training FV-edg60000-s7-t5:  32%|███▏      | 16/50 [00:11<00:23,  1.43it/s, Saved at =inf, TrLoss=0.2164]
 Training FV-edg60000-s7-t5:  32%|███▏      | 16/50 [00:11<00:23,  1.43it/s, Saved at =inf, TrLoss=0.2108]
 Training FV-edg60000-s7-t5:  34%|███▍      | 17/50 [00:11<00:23,  1.43it/s, Saved at =inf, TrLoss=0.2108]
 Training FV-edg60000-s7-t5:  34%|███▍      | 17/50 [00:12<00:23,  1.43it/s, Saved at =inf, TrLoss=0.2044]
 Training FV-edg60000-s7-t5:  36%|███▌      | 18/50 [00:12<00:22,  1.43it/s, Saved at =inf, TrLoss=0.2044]
 Training FV-edg60000-s7-t5:  36%|███▌      | 18/50 [00:13<00:22,  1.43it/s, Saved at =inf, TrLoss=0.2002]
 Training FV-edg60000-s7-t5:  38%|███▊      | 19/50 [00:13<00:21,  1.43it/s, Saved at =inf, TrLoss=0.2002]
 Training FV-edg60000-s7-t5:  38%|███▊      | 19/50 [00:13<00:21,  1.43it/s, Saved at =inf, TrLoss=0.1966]
 Training FV-edg60000-s7-t5:  40%|████      | 20/50 [00:13<00:20,  1.43it/s, Saved at =inf, TrLoss=0.1966]
 Training FV-edg60000-s7-t5:  40%|████      | 20/50 [00:14<00:20,  1.43it/s, Saved at =inf, TrLoss=0.1918]
 Training FV-edg60000-s7-t5:  42%|████▏     | 21/50 [00:14<00:20,  1.43it/s, Saved at =inf, TrLoss=0.1918]
 Training FV-edg60000-s7-t5:  42%|████▏     | 21/50 [00:15<00:20,  1.43it/s, Saved at =inf, TrLoss=0.1894]
 Training FV-edg60000-s7-t5:  44%|████▍     | 22/50 [00:15<00:19,  1.43it/s, Saved at =inf, TrLoss=0.1894]
 Training FV-edg60000-s7-t5:  44%|████▍     | 22/50 [00:15<00:19,  1.43it/s, Saved at =inf, TrLoss=0.1877]
 Training FV-edg60000-s7-t5:  46%|████▌     | 23/50 [00:16<00:18,  1.43it/s, Saved at =inf, TrLoss=0.1877]
 Training FV-edg60000-s7-t5:  46%|████▌     | 23/50 [00:16<00:18,  1.43it/s, Saved at =inf, TrLoss=0.1929]
 Training FV-edg60000-s7-t5:  48%|████▊     | 24/50 [00:16<00:18,  1.43it/s, Saved at =inf, TrLoss=0.1929]
 Training FV-edg60000-s7-t5:  48%|████▊     | 24/50 [00:17<00:18,  1.43it/s, Saved at =inf, TrLoss=0.2051]
 Training FV-edg60000-s7-t5:  50%|█████     | 25/50 [00:17<00:17,  1.43it/s, Saved at =inf, TrLoss=0.2051]
 Training FV-edg60000-s7-t5:  50%|█████     | 25/50 [00:18<00:17,  1.43it/s, Saved at =inf, TrLoss=0.2053]
 Training FV-edg60000-s7-t5:  52%|█████▏    | 26/50 [00:18<00:16,  1.43it/s, Saved at =inf, TrLoss=0.2053]
 Training FV-edg60000-s7-t5:  52%|█████▏    | 26/50 [00:18<00:16,  1.43it/s, Saved at =inf, TrLoss=0.1795]
 Training FV-edg60000-s7-t5:  54%|█████▍    | 27/50 [00:18<00:16,  1.43it/s, Saved at =inf, TrLoss=0.1795]
 Training FV-edg60000-s7-t5:  54%|█████▍    | 27/50 [00:19<00:16,  1.43it/s, Saved at =inf, TrLoss=0.1821]
 Training FV-edg60000-s7-t5:  56%|█████▌    | 28/50 [00:19<00:15,  1.43it/s, Saved at =inf, TrLoss=0.1821]
 Training FV-edg60000-s7-t5:  56%|█████▌    | 28/50 [00:20<00:15,  1.43it/s, Saved at =inf, TrLoss=0.1857]
 Training FV-edg60000-s7-t5:  58%|█████▊    | 29/50 [00:20<00:14,  1.43it/s, Saved at =inf, TrLoss=0.1857]
 Training FV-edg60000-s7-t5:  58%|█████▊    | 29/50 [00:20<00:14,  1.43it/s, Saved at =inf, TrLoss=0.1722]
 Training FV-edg60000-s7-t5:  60%|██████    | 30/50 [00:20<00:13,  1.43it/s, Saved at =inf, TrLoss=0.1722]
 Training FV-edg60000-s7-t5:  60%|██████    | 30/50 [00:21<00:13,  1.43it/s, Saved at =inf, TrLoss=0.1836]
 Training FV-edg60000-s7-t5:  62%|██████▏   | 31/50 [00:21<00:13,  1.43it/s, Saved at =inf, TrLoss=0.1836]
 Training FV-edg60000-s7-t5:  62%|██████▏   | 31/50 [00:22<00:13,  1.43it/s, Saved at =inf, TrLoss=0.1697]
 Training FV-edg60000-s7-t5:  64%|██████▍   | 32/50 [00:22<00:12,  1.43it/s, Saved at =inf, TrLoss=0.1697]
 Training FV-edg60000-s7-t5:  64%|██████▍   | 32/50 [00:22<00:12,  1.43it/s, Saved at =inf, TrLoss=0.1754]
 Training FV-edg60000-s7-t5:  66%|██████▌   | 33/50 [00:23<00:11,  1.43it/s, Saved at =inf, TrLoss=0.1754]
 Training FV-edg60000-s7-t5:  66%|██████▌   | 33/50 [00:23<00:11,  1.43it/s, Saved at =inf, TrLoss=0.1717]
 Training FV-edg60000-s7-t5:  68%|██████▊   | 34/50 [00:23<00:11,  1.43it/s, Saved at =inf, TrLoss=0.1717]
 Training FV-edg60000-s7-t5:  68%|██████▊   | 34/50 [00:24<00:11,  1.43it/s, Saved at =inf, TrLoss=0.1691]
 Training FV-edg60000-s7-t5:  70%|███████   | 35/50 [00:24<00:10,  1.43it/s, Saved at =inf, TrLoss=0.1691]
 Training FV-edg60000-s7-t5:  70%|███████   | 35/50 [00:25<00:10,  1.43it/s, Saved at =inf, TrLoss=0.1695]
 Training FV-edg60000-s7-t5:  72%|███████▏  | 36/50 [00:25<00:09,  1.43it/s, Saved at =inf, TrLoss=0.1695]
 Training FV-edg60000-s7-t5:  72%|███████▏  | 36/50 [00:25<00:09,  1.43it/s, Saved at =inf, TrLoss=0.1665]
 Training FV-edg60000-s7-t5:  74%|███████▍  | 37/50 [00:25<00:09,  1.43it/s, Saved at =inf, TrLoss=0.1665]
 Training FV-edg60000-s7-t5:  74%|███████▍  | 37/50 [00:26<00:09,  1.43it/s, Saved at =inf, TrLoss=0.1670]
 Training FV-edg60000-s7-t5:  76%|███████▌  | 38/50 [00:26<00:08,  1.43it/s, Saved at =inf, TrLoss=0.1670]
 Training FV-edg60000-s7-t5:  76%|███████▌  | 38/50 [00:27<00:08,  1.43it/s, Saved at =inf, TrLoss=0.1643]
 Training FV-edg60000-s7-t5:  78%|███████▊  | 39/50 [00:27<00:07,  1.43it/s, Saved at =inf, TrLoss=0.1643]
 Training FV-edg60000-s7-t5:  78%|███████▊  | 39/50 [00:27<00:07,  1.43it/s, Saved at =inf, TrLoss=0.1653]
 Training FV-edg60000-s7-t5:  80%|████████  | 40/50 [00:27<00:06,  1.43it/s, Saved at =inf, TrLoss=0.1653]
 Training FV-edg60000-s7-t5:  80%|████████  | 40/50 [00:28<00:06,  1.43it/s, Saved at =inf, TrLoss=0.1610]
 Training FV-edg60000-s7-t5:  82%|████████▏ | 41/50 [00:28<00:06,  1.43it/s, Saved at =inf, TrLoss=0.1610]
 Training FV-edg60000-s7-t5:  82%|████████▏ | 41/50 [00:29<00:06,  1.43it/s, Saved at =inf, TrLoss=0.1634]
 Training FV-edg60000-s7-t5:  84%|████████▍ | 42/50 [00:29<00:05,  1.43it/s, Saved at =inf, TrLoss=0.1634]
 Training FV-edg60000-s7-t5:  84%|████████▍ | 42/50 [00:29<00:05,  1.43it/s, Saved at =inf, TrLoss=0.1607]
 Training FV-edg60000-s7-t5:  86%|████████▌ | 43/50 [00:30<00:04,  1.43it/s, Saved at =inf, TrLoss=0.1607]
 Training FV-edg60000-s7-t5:  86%|████████▌ | 43/50 [00:30<00:04,  1.43it/s, Saved at =inf, TrLoss=0.1590]
 Training FV-edg60000-s7-t5:  88%|████████▊ | 44/50 [00:30<00:04,  1.43it/s, Saved at =inf, TrLoss=0.1590]
 Training FV-edg60000-s7-t5:  88%|████████▊ | 44/50 [00:31<00:04,  1.43it/s, Saved at =inf, TrLoss=0.1589]
 Training FV-edg60000-s7-t5:  90%|█████████ | 45/50 [00:31<00:03,  1.43it/s, Saved at =inf, TrLoss=0.1589]
 Training FV-edg60000-s7-t5:  90%|█████████ | 45/50 [00:31<00:03,  1.43it/s, Saved at =inf, TrLoss=0.1590]
 Training FV-edg60000-s7-t5:  92%|█████████▏| 46/50 [00:32<00:02,  1.43it/s, Saved at =inf, TrLoss=0.1590]
 Training FV-edg60000-s7-t5:  92%|█████████▏| 46/50 [00:32<00:02,  1.43it/s, Saved at =inf, TrLoss=0.1573]
 Training FV-edg60000-s7-t5:  94%|█████████▍| 47/50 [00:32<00:02,  1.43it/s, Saved at =inf, TrLoss=0.1573]
 Training FV-edg60000-s7-t5:  94%|█████████▍| 47/50 [00:33<00:02,  1.43it/s, Saved at =inf, TrLoss=0.1567]
 Training FV-edg60000-s7-t5:  96%|█████████▌| 48/50 [00:33<00:01,  1.43it/s, Saved at =inf, TrLoss=0.1567]
 Training FV-edg60000-s7-t5:  96%|█████████▌| 48/50 [00:34<00:01,  1.43it/s, Saved at =inf, TrLoss=0.1564]
 Training FV-edg60000-s7-t5:  98%|█████████▊| 49/50 [00:34<00:00,  1.43it/s, Saved at =inf, TrLoss=0.1564]
 Training FV-edg60000-s7-t5:  98%|█████████▊| 49/50 [00:34<00:00,  1.43it/s, Saved at =inf, TrLoss=0.1562]
 Training FV-edg60000-s7-t5: 100%|██████████| 50/50 [00:34<00:00,  1.43it/s, Saved at =inf, TrLoss=0.1562]
 Training FV-edg60000-s7-t5: 100%|██████████| 50/50 [00:34<00:00,  1.43it/s, Saved at =inf, TrLoss=0.1562]

 Training FV-edg60000-s7-t6:   0%|          | 0/50 [00:00<?, ?it/s]
 Training FV-edg60000-s7-t6:   0%|          | 0/50 [00:00<?, ?it/s, Saved at =inf, TrLoss=0.7969]
 Training FV-edg60000-s7-t6:   2%|▏         | 1/50 [00:00<00:43,  1.13it/s, Saved at =inf, TrLoss=0.7969]
 Training FV-edg60000-s7-t6:   2%|▏         | 1/50 [00:01<00:43,  1.13it/s, Saved at =inf, TrLoss=0.5712]
 Training FV-edg60000-s7-t6:   4%|▍         | 2/50 [00:01<00:41,  1.15it/s, Saved at =inf, TrLoss=0.5712]
 Training FV-edg60000-s7-t6:   4%|▍         | 2/50 [00:02<00:41,  1.15it/s, Saved at =inf, TrLoss=0.4600]
 Training FV-edg60000-s7-t6:   6%|▌         | 3/50 [00:02<00:40,  1.16it/s, Saved at =inf, TrLoss=0.4600]
 Training FV-edg60000-s7-t6:   6%|▌         | 3/50 [00:03<00:40,  1.16it/s, Saved at =inf, TrLoss=0.4363]
 Training FV-edg60000-s7-t6:   8%|▊         | 4/50 [00:03<00:39,  1.16it/s, Saved at =inf, TrLoss=0.4363]
 Training FV-edg60000-s7-t6:   8%|▊         | 4/50 [00:04<00:39,  1.16it/s, Saved at =inf, TrLoss=0.3987]
 Training FV-edg60000-s7-t6:  10%|█         | 5/50 [00:04<00:38,  1.16it/s, Saved at =inf, TrLoss=0.3987]
 Training FV-edg60000-s7-t6:  10%|█         | 5/50 [00:05<00:38,  1.16it/s, Saved at =inf, TrLoss=0.3416]
 Training FV-edg60000-s7-t6:  12%|█▏        | 6/50 [00:05<00:37,  1.16it/s, Saved at =inf, TrLoss=0.3416]
 Training FV-edg60000-s7-t6:  12%|█▏        | 6/50 [00:05<00:37,  1.16it/s, Saved at =inf, TrLoss=0.2807]
 Training FV-edg60000-s7-t6:  14%|█▍        | 7/50 [00:06<00:36,  1.16it/s, Saved at =inf, TrLoss=0.2807]
 Training FV-edg60000-s7-t6:  14%|█▍        | 7/50 [00:06<00:36,  1.16it/s, Saved at =inf, TrLoss=0.2668]
 Training FV-edg60000-s7-t6:  16%|█▌        | 8/50 [00:06<00:36,  1.16it/s, Saved at =inf, TrLoss=0.2668]
 Training FV-edg60000-s7-t6:  16%|█▌        | 8/50 [00:07<00:36,  1.16it/s, Saved at =inf, TrLoss=0.2855]
 Training FV-edg60000-s7-t6:  18%|█▊        | 9/50 [00:07<00:35,  1.16it/s, Saved at =inf, TrLoss=0.2855]
 Training FV-edg60000-s7-t6:  18%|█▊        | 9/50 [00:08<00:35,  1.16it/s, Saved at =inf, TrLoss=0.3383]
 Training FV-edg60000-s7-t6:  20%|██        | 10/50 [00:08<00:34,  1.16it/s, Saved at =inf, TrLoss=0.3383]
 Training FV-edg60000-s7-t6:  20%|██        | 10/50 [00:09<00:34,  1.16it/s, Saved at =inf, TrLoss=0.3040]
 Training FV-edg60000-s7-t6:  22%|██▏       | 11/50 [00:09<00:33,  1.16it/s, Saved at =inf, TrLoss=0.3040]
 Training FV-edg60000-s7-t6:  22%|██▏       | 11/50 [00:10<00:33,  1.16it/s, Saved at =inf, TrLoss=0.2784]
 Training FV-edg60000-s7-t6:  24%|██▍       | 12/50 [00:10<00:32,  1.16it/s, Saved at =inf, TrLoss=0.2784]
 Training FV-edg60000-s7-t6:  24%|██▍       | 12/50 [00:11<00:32,  1.16it/s, Saved at =inf, TrLoss=0.2580]
 Training FV-edg60000-s7-t6:  26%|██▌       | 13/50 [00:11<00:31,  1.16it/s, Saved at =inf, TrLoss=0.2580]
 Training FV-edg60000-s7-t6:  26%|██▌       | 13/50 [00:11<00:31,  1.16it/s, Saved at =inf, TrLoss=0.2761]
 Training FV-edg60000-s7-t6:  28%|██▊       | 14/50 [00:12<00:30,  1.16it/s, Saved at =inf, TrLoss=0.2761]
 Training FV-edg60000-s7-t6:  28%|██▊       | 14/50 [00:12<00:30,  1.16it/s, Saved at =inf, TrLoss=0.2459]
 Training FV-edg60000-s7-t6:  30%|███       | 15/50 [00:12<00:30,  1.16it/s, Saved at =inf, TrLoss=0.2459]
 Training FV-edg60000-s7-t6:  30%|███       | 15/50 [00:13<00:30,  1.16it/s, Saved at =inf, TrLoss=0.2447]
 Training FV-edg60000-s7-t6:  32%|███▏      | 16/50 [00:13<00:29,  1.16it/s, Saved at =inf, TrLoss=0.2447]
 Training FV-edg60000-s7-t6:  32%|███▏      | 16/50 [00:14<00:29,  1.16it/s, Saved at =inf, TrLoss=0.2497]
 Training FV-edg60000-s7-t6:  34%|███▍      | 17/50 [00:14<00:28,  1.16it/s, Saved at =inf, TrLoss=0.2497]
 Training FV-edg60000-s7-t6:  34%|███▍      | 17/50 [00:15<00:28,  1.16it/s, Saved at =inf, TrLoss=0.2315]
 Training FV-edg60000-s7-t6:  36%|███▌      | 18/50 [00:15<00:27,  1.16it/s, Saved at =inf, TrLoss=0.2315]
 Training FV-edg60000-s7-t6:  36%|███▌      | 18/50 [00:16<00:27,  1.16it/s, Saved at =inf, TrLoss=0.2339]
 Training FV-edg60000-s7-t6:  38%|███▊      | 19/50 [00:16<00:26,  1.16it/s, Saved at =inf, TrLoss=0.2339]
 Training FV-edg60000-s7-t6:  38%|███▊      | 19/50 [00:17<00:26,  1.16it/s, Saved at =inf, TrLoss=0.2383]
 Training FV-edg60000-s7-t6:  40%|████      | 20/50 [00:17<00:25,  1.16it/s, Saved at =inf, TrLoss=0.2383]
 Training FV-edg60000-s7-t6:  40%|████      | 20/50 [00:17<00:25,  1.16it/s, Saved at =inf, TrLoss=0.2226]
 Training FV-edg60000-s7-t6:  42%|████▏     | 21/50 [00:18<00:24,  1.16it/s, Saved at =inf, TrLoss=0.2226]
 Training FV-edg60000-s7-t6:  42%|████▏     | 21/50 [00:18<00:24,  1.16it/s, Saved at =inf, TrLoss=0.2204]
 Training FV-edg60000-s7-t6:  44%|████▍     | 22/50 [00:18<00:24,  1.16it/s, Saved at =inf, TrLoss=0.2204]
 Training FV-edg60000-s7-t6:  44%|████▍     | 22/50 [00:19<00:24,  1.16it/s, Saved at =inf, TrLoss=0.2196]
 Training FV-edg60000-s7-t6:  46%|████▌     | 23/50 [00:19<00:23,  1.16it/s, Saved at =inf, TrLoss=0.2196]
 Training FV-edg60000-s7-t6:  46%|████▌     | 23/50 [00:20<00:23,  1.16it/s, Saved at =inf, TrLoss=0.2055]
 Training FV-edg60000-s7-t6:  48%|████▊     | 24/50 [00:20<00:22,  1.16it/s, Saved at =inf, TrLoss=0.2055]
 Training FV-edg60000-s7-t6:  48%|████▊     | 24/50 [00:21<00:22,  1.16it/s, Saved at =inf, TrLoss=0.2116]
 Training FV-edg60000-s7-t6:  50%|█████     | 25/50 [00:21<00:21,  1.16it/s, Saved at =inf, TrLoss=0.2116]
 Training FV-edg60000-s7-t6:  50%|█████     | 25/50 [00:22<00:21,  1.16it/s, Saved at =inf, TrLoss=0.2055]
 Training FV-edg60000-s7-t6:  52%|█████▏    | 26/50 [00:22<00:20,  1.16it/s, Saved at =inf, TrLoss=0.2055]
 Training FV-edg60000-s7-t6:  52%|█████▏    | 26/50 [00:23<00:20,  1.16it/s, Saved at =inf, TrLoss=0.1995]
 Training FV-edg60000-s7-t6:  54%|█████▍    | 27/50 [00:23<00:19,  1.16it/s, Saved at =inf, TrLoss=0.1995]
 Training FV-edg60000-s7-t6:  54%|█████▍    | 27/50 [00:23<00:19,  1.16it/s, Saved at =inf, TrLoss=0.2035]
 Training FV-edg60000-s7-t6:  56%|█████▌    | 28/50 [00:24<00:18,  1.16it/s, Saved at =inf, TrLoss=0.2035]
 Training FV-edg60000-s7-t6:  56%|█████▌    | 28/50 [00:24<00:18,  1.16it/s, Saved at =inf, TrLoss=0.1940]
 Training FV-edg60000-s7-t6:  58%|█████▊    | 29/50 [00:24<00:18,  1.16it/s, Saved at =inf, TrLoss=0.1940]
 Training FV-edg60000-s7-t6:  58%|█████▊    | 29/50 [00:25<00:18,  1.16it/s, Saved at =inf, TrLoss=0.1980]
 Training FV-edg60000-s7-t6:  60%|██████    | 30/50 [00:25<00:17,  1.16it/s, Saved at =inf, TrLoss=0.1980]
 Training FV-edg60000-s7-t6:  60%|██████    | 30/50 [00:26<00:17,  1.16it/s, Saved at =inf, TrLoss=0.1892]
 Training FV-edg60000-s7-t6:  62%|██████▏   | 31/50 [00:26<00:16,  1.16it/s, Saved at =inf, TrLoss=0.1892]
 Training FV-edg60000-s7-t6:  62%|██████▏   | 31/50 [00:27<00:16,  1.16it/s, Saved at =inf, TrLoss=0.1921]
 Training FV-edg60000-s7-t6:  64%|██████▍   | 32/50 [00:27<00:15,  1.16it/s, Saved at =inf, TrLoss=0.1921]
 Training FV-edg60000-s7-t6:  64%|██████▍   | 32/50 [00:28<00:15,  1.16it/s, Saved at =inf, TrLoss=0.1852]
 Training FV-edg60000-s7-t6:  66%|██████▌   | 33/50 [00:28<00:14,  1.16it/s, Saved at =inf, TrLoss=0.1852]
 Training FV-edg60000-s7-t6:  66%|██████▌   | 33/50 [00:29<00:14,  1.16it/s, Saved at =inf, TrLoss=0.1884]
 Training FV-edg60000-s7-t6:  68%|██████▊   | 34/50 [00:29<00:13,  1.16it/s, Saved at =inf, TrLoss=0.1884]
 Training FV-edg60000-s7-t6:  68%|██████▊   | 34/50 [00:29<00:13,  1.16it/s, Saved at =inf, TrLoss=0.1824]
 Training FV-edg60000-s7-t6:  70%|███████   | 35/50 [00:30<00:12,  1.16it/s, Saved at =inf, TrLoss=0.1824]
 Training FV-edg60000-s7-t6:  70%|███████   | 35/50 [00:30<00:12,  1.16it/s, Saved at =inf, TrLoss=0.1860]
 Training FV-edg60000-s7-t6:  72%|███████▏  | 36/50 [00:30<00:12,  1.16it/s, Saved at =inf, TrLoss=0.1860]
 Training FV-edg60000-s7-t6:  72%|███████▏  | 36/50 [00:31<00:12,  1.16it/s, Saved at =inf, TrLoss=0.1794]
 Training FV-edg60000-s7-t6:  74%|███████▍  | 37/50 [00:31<00:11,  1.16it/s, Saved at =inf, TrLoss=0.1794]
 Training FV-edg60000-s7-t6:  74%|███████▍  | 37/50 [00:32<00:11,  1.16it/s, Saved at =inf, TrLoss=0.1818]
 Training FV-edg60000-s7-t6:  76%|███████▌  | 38/50 [00:32<00:10,  1.16it/s, Saved at =inf, TrLoss=0.1818]
 Training FV-edg60000-s7-t6:  76%|███████▌  | 38/50 [00:33<00:10,  1.16it/s, Saved at =inf, TrLoss=0.1790]
 Training FV-edg60000-s7-t6:  78%|███████▊  | 39/50 [00:33<00:09,  1.16it/s, Saved at =inf, TrLoss=0.1790]
 Training FV-edg60000-s7-t6:  78%|███████▊  | 39/50 [00:34<00:09,  1.16it/s, Saved at =inf, TrLoss=0.1803]
 Training FV-edg60000-s7-t6:  80%|████████  | 40/50 [00:34<00:08,  1.16it/s, Saved at =inf, TrLoss=0.1803]
 Training FV-edg60000-s7-t6:  80%|████████  | 40/50 [00:35<00:08,  1.16it/s, Saved at =inf, TrLoss=0.1755]
 Training FV-edg60000-s7-t6:  82%|████████▏ | 41/50 [00:35<00:07,  1.16it/s, Saved at =inf, TrLoss=0.1755]
 Training FV-edg60000-s7-t6:  82%|████████▏ | 41/50 [00:35<00:07,  1.16it/s, Saved at =inf, TrLoss=0.1778]
 Training FV-edg60000-s7-t6:  84%|████████▍ | 42/50 [00:36<00:06,  1.16it/s, Saved at =inf, TrLoss=0.1778]
 Training FV-edg60000-s7-t6:  84%|████████▍ | 42/50 [00:36<00:06,  1.16it/s, Saved at =inf, TrLoss=0.1728]
 Training FV-edg60000-s7-t6:  86%|████████▌ | 43/50 [00:36<00:06,  1.16it/s, Saved at =inf, TrLoss=0.1728]
 Training FV-edg60000-s7-t6:  86%|████████▌ | 43/50 [00:37<00:06,  1.16it/s, Saved at =inf, TrLoss=0.1747]
 Training FV-edg60000-s7-t6:  88%|████████▊ | 44/50 [00:37<00:05,  1.16it/s, Saved at =inf, TrLoss=0.1747]
 Training FV-edg60000-s7-t6:  88%|████████▊ | 44/50 [00:38<00:05,  1.16it/s, Saved at =inf, TrLoss=0.1707]
 Training FV-edg60000-s7-t6:  90%|█████████ | 45/50 [00:38<00:04,  1.16it/s, Saved at =inf, TrLoss=0.1707]
 Training FV-edg60000-s7-t6:  90%|█████████ | 45/50 [00:39<00:04,  1.16it/s, Saved at =inf, TrLoss=0.1728]
 Training FV-edg60000-s7-t6:  92%|█████████▏| 46/50 [00:39<00:03,  1.16it/s, Saved at =inf, TrLoss=0.1728]
 Training FV-edg60000-s7-t6:  92%|█████████▏| 46/50 [00:40<00:03,  1.16it/s, Saved at =inf, TrLoss=0.1707]
 Training FV-edg60000-s7-t6:  94%|█████████▍| 47/50 [00:40<00:02,  1.16it/s, Saved at =inf, TrLoss=0.1707]
 Training FV-edg60000-s7-t6:  94%|█████████▍| 47/50 [00:41<00:02,  1.16it/s, Saved at =inf, TrLoss=0.1668]
 Training FV-edg60000-s7-t6:  96%|█████████▌| 48/50 [00:41<00:01,  1.16it/s, Saved at =inf, TrLoss=0.1668]
 Training FV-edg60000-s7-t6:  96%|█████████▌| 48/50 [00:41<00:01,  1.16it/s, Saved at =inf, TrLoss=0.1690]
 Training FV-edg60000-s7-t6:  98%|█████████▊| 49/50 [00:42<00:00,  1.16it/s, Saved at =inf, TrLoss=0.1690]
 Training FV-edg60000-s7-t6:  98%|█████████▊| 49/50 [00:42<00:00,  1.16it/s, Saved at =inf, TrLoss=0.1654]
 Training FV-edg60000-s7-t6: 100%|██████████| 50/50 [00:42<00:00,  1.16it/s, Saved at =inf, TrLoss=0.1654]
 Training FV-edg60000-s7-t6: 100%|██████████| 50/50 [00:42<00:00,  1.16it/s, Saved at =inf, TrLoss=0.1654]

 Training FV-edg60000-s7-t7:   0%|          | 0/50 [00:00<?, ?it/s]
 Training FV-edg60000-s7-t7:   0%|          | 0/50 [00:00<?, ?it/s, Saved at =inf, TrLoss=0.7481]
 Training FV-edg60000-s7-t7:   2%|▏         | 1/50 [00:01<00:51,  1.06s/it, Saved at =inf, TrLoss=0.7481]
 Training FV-edg60000-s7-t7:   2%|▏         | 1/50 [00:01<00:51,  1.06s/it, Saved at =inf, TrLoss=0.5622]
 Training FV-edg60000-s7-t7:   4%|▍         | 2/50 [00:02<00:50,  1.04s/it, Saved at =inf, TrLoss=0.5622]
 Training FV-edg60000-s7-t7:   4%|▍         | 2/50 [00:02<00:50,  1.04s/it, Saved at =inf, TrLoss=0.4606]
 Training FV-edg60000-s7-t7:   6%|▌         | 3/50 [00:03<00:48,  1.04s/it, Saved at =inf, TrLoss=0.4606]
 Training FV-edg60000-s7-t7:   6%|▌         | 3/50 [00:03<00:48,  1.04s/it, Saved at =inf, TrLoss=0.4192]
 Training FV-edg60000-s7-t7:   8%|▊         | 4/50 [00:04<00:47,  1.03s/it, Saved at =inf, TrLoss=0.4192]
 Training FV-edg60000-s7-t7:   8%|▊         | 4/50 [00:04<00:47,  1.03s/it, Saved at =inf, TrLoss=0.3588]
 Training FV-edg60000-s7-t7:  10%|█         | 5/50 [00:05<00:46,  1.03s/it, Saved at =inf, TrLoss=0.3588]
 Training FV-edg60000-s7-t7:  10%|█         | 5/50 [00:06<00:46,  1.03s/it, Saved at =inf, TrLoss=0.3575]
 Training FV-edg60000-s7-t7:  12%|█▏        | 6/50 [00:06<00:45,  1.03s/it, Saved at =inf, TrLoss=0.3575]
 Training FV-edg60000-s7-t7:  12%|█▏        | 6/50 [00:07<00:45,  1.03s/it, Saved at =inf, TrLoss=0.3040]
 Training FV-edg60000-s7-t7:  14%|█▍        | 7/50 [00:07<00:44,  1.03s/it, Saved at =inf, TrLoss=0.3040]
 Training FV-edg60000-s7-t7:  14%|█▍        | 7/50 [00:08<00:44,  1.03s/it, Saved at =inf, TrLoss=0.3211]
 Training FV-edg60000-s7-t7:  16%|█▌        | 8/50 [00:08<00:43,  1.03s/it, Saved at =inf, TrLoss=0.3211]
 Training FV-edg60000-s7-t7:  16%|█▌        | 8/50 [00:09<00:43,  1.03s/it, Saved at =inf, TrLoss=0.2797]
 Training FV-edg60000-s7-t7:  18%|█▊        | 9/50 [00:09<00:42,  1.03s/it, Saved at =inf, TrLoss=0.2797]
 Training FV-edg60000-s7-t7:  18%|█▊        | 9/50 [00:10<00:42,  1.03s/it, Saved at =inf, TrLoss=0.3064]
 Training FV-edg60000-s7-t7:  20%|██        | 10/50 [00:10<00:41,  1.03s/it, Saved at =inf, TrLoss=0.3064]
 Training FV-edg60000-s7-t7:  20%|██        | 10/50 [00:11<00:41,  1.03s/it, Saved at =inf, TrLoss=0.2715]
 Training FV-edg60000-s7-t7:  22%|██▏       | 11/50 [00:11<00:40,  1.03s/it, Saved at =inf, TrLoss=0.2715]
 Training FV-edg60000-s7-t7:  22%|██▏       | 11/50 [00:12<00:40,  1.03s/it, Saved at =inf, TrLoss=0.2695]
 Training FV-edg60000-s7-t7:  24%|██▍       | 12/50 [00:12<00:39,  1.03s/it, Saved at =inf, TrLoss=0.2695]
 Training FV-edg60000-s7-t7:  24%|██▍       | 12/50 [00:13<00:39,  1.03s/it, Saved at =inf, TrLoss=0.2687]
 Training FV-edg60000-s7-t7:  26%|██▌       | 13/50 [00:13<00:38,  1.03s/it, Saved at =inf, TrLoss=0.2687]
 Training FV-edg60000-s7-t7:  26%|██▌       | 13/50 [00:14<00:38,  1.03s/it, Saved at =inf, TrLoss=0.2477]
 Training FV-edg60000-s7-t7:  28%|██▊       | 14/50 [00:14<00:37,  1.03s/it, Saved at =inf, TrLoss=0.2477]
 Training FV-edg60000-s7-t7:  28%|██▊       | 14/50 [00:15<00:37,  1.03s/it, Saved at =inf, TrLoss=0.2598]
 Training FV-edg60000-s7-t7:  30%|███       | 15/50 [00:15<00:36,  1.03s/it, Saved at =inf, TrLoss=0.2598]
 Training FV-edg60000-s7-t7:  30%|███       | 15/50 [00:16<00:36,  1.03s/it, Saved at =inf, TrLoss=0.2372]
 Training FV-edg60000-s7-t7:  32%|███▏      | 16/50 [00:16<00:35,  1.03s/it, Saved at =inf, TrLoss=0.2372]
 Training FV-edg60000-s7-t7:  32%|███▏      | 16/50 [00:17<00:35,  1.03s/it, Saved at =inf, TrLoss=0.2333]
 Training FV-edg60000-s7-t7:  34%|███▍      | 17/50 [00:17<00:34,  1.03s/it, Saved at =inf, TrLoss=0.2333]
 Training FV-edg60000-s7-t7:  34%|███▍      | 17/50 [00:18<00:34,  1.03s/it, Saved at =inf, TrLoss=0.2316]
 Training FV-edg60000-s7-t7:  36%|███▌      | 18/50 [00:18<00:32,  1.03s/it, Saved at =inf, TrLoss=0.2316]
 Training FV-edg60000-s7-t7:  36%|███▌      | 18/50 [00:19<00:32,  1.03s/it, Saved at =inf, TrLoss=0.2171]
 Training FV-edg60000-s7-t7:  38%|███▊      | 19/50 [00:19<00:31,  1.03s/it, Saved at =inf, TrLoss=0.2171]
 Training FV-edg60000-s7-t7:  38%|███▊      | 19/50 [00:20<00:31,  1.03s/it, Saved at =inf, TrLoss=0.2238]
 Training FV-edg60000-s7-t7:  40%|████      | 20/50 [00:20<00:30,  1.03s/it, Saved at =inf, TrLoss=0.2238]
 Training FV-edg60000-s7-t7:  40%|████      | 20/50 [00:21<00:30,  1.03s/it, Saved at =inf, TrLoss=0.2065]
 Training FV-edg60000-s7-t7:  42%|████▏     | 21/50 [00:21<00:29,  1.03s/it, Saved at =inf, TrLoss=0.2065]
 Training FV-edg60000-s7-t7:  42%|████▏     | 21/50 [00:22<00:29,  1.03s/it, Saved at =inf, TrLoss=0.2137]
 Training FV-edg60000-s7-t7:  44%|████▍     | 22/50 [00:22<00:28,  1.03s/it, Saved at =inf, TrLoss=0.2137]
 Training FV-edg60000-s7-t7:  44%|████▍     | 22/50 [00:23<00:28,  1.03s/it, Saved at =inf, TrLoss=0.1998]
 Training FV-edg60000-s7-t7:  46%|████▌     | 23/50 [00:23<00:27,  1.03s/it, Saved at =inf, TrLoss=0.1998]
 Training FV-edg60000-s7-t7:  46%|████▌     | 23/50 [00:24<00:27,  1.03s/it, Saved at =inf, TrLoss=0.2062]
 Training FV-edg60000-s7-t7:  48%|████▊     | 24/50 [00:24<00:26,  1.03s/it, Saved at =inf, TrLoss=0.2062]
 Training FV-edg60000-s7-t7:  48%|████▊     | 24/50 [00:25<00:26,  1.03s/it, Saved at =inf, TrLoss=0.1929]
 Training FV-edg60000-s7-t7:  50%|█████     | 25/50 [00:25<00:25,  1.03s/it, Saved at =inf, TrLoss=0.1929]
 Training FV-edg60000-s7-t7:  50%|█████     | 25/50 [00:26<00:25,  1.03s/it, Saved at =inf, TrLoss=0.1965]
 Training FV-edg60000-s7-t7:  52%|█████▏    | 26/50 [00:26<00:24,  1.03s/it, Saved at =inf, TrLoss=0.1965]
 Training FV-edg60000-s7-t7:  52%|█████▏    | 26/50 [00:27<00:24,  1.03s/it, Saved at =inf, TrLoss=0.1877]
 Training FV-edg60000-s7-t7:  54%|█████▍    | 27/50 [00:27<00:23,  1.03s/it, Saved at =inf, TrLoss=0.1877]
 Training FV-edg60000-s7-t7:  54%|█████▍    | 27/50 [00:28<00:23,  1.03s/it, Saved at =inf, TrLoss=0.1940]
 Training FV-edg60000-s7-t7:  56%|█████▌    | 28/50 [00:28<00:22,  1.03s/it, Saved at =inf, TrLoss=0.1940]
 Training FV-edg60000-s7-t7:  56%|█████▌    | 28/50 [00:29<00:22,  1.03s/it, Saved at =inf, TrLoss=0.1833]
 Training FV-edg60000-s7-t7:  58%|█████▊    | 29/50 [00:29<00:21,  1.03s/it, Saved at =inf, TrLoss=0.1833]
 Training FV-edg60000-s7-t7:  58%|█████▊    | 29/50 [00:30<00:21,  1.03s/it, Saved at =inf, TrLoss=0.1854]
 Training FV-edg60000-s7-t7:  60%|██████    | 30/50 [00:30<00:20,  1.03s/it, Saved at =inf, TrLoss=0.1854]
 Training FV-edg60000-s7-t7:  60%|██████    | 30/50 [00:31<00:20,  1.03s/it, Saved at =inf, TrLoss=0.1785]
 Training FV-edg60000-s7-t7:  62%|██████▏   | 31/50 [00:31<00:19,  1.03s/it, Saved at =inf, TrLoss=0.1785]
 Training FV-edg60000-s7-t7:  62%|██████▏   | 31/50 [00:32<00:19,  1.03s/it, Saved at =inf, TrLoss=0.1817]
 Training FV-edg60000-s7-t7:  64%|██████▍   | 32/50 [00:32<00:18,  1.03s/it, Saved at =inf, TrLoss=0.1817]
 Training FV-edg60000-s7-t7:  64%|██████▍   | 32/50 [00:33<00:18,  1.03s/it, Saved at =inf, TrLoss=0.1748]
 Training FV-edg60000-s7-t7:  66%|██████▌   | 33/50 [00:34<00:17,  1.03s/it, Saved at =inf, TrLoss=0.1748]
 Training FV-edg60000-s7-t7:  66%|██████▌   | 33/50 [00:34<00:17,  1.03s/it, Saved at =inf, TrLoss=0.1785]
 Training FV-edg60000-s7-t7:  68%|██████▊   | 34/50 [00:35<00:16,  1.03s/it, Saved at =inf, TrLoss=0.1785]
 Training FV-edg60000-s7-t7:  68%|██████▊   | 34/50 [00:35<00:16,  1.03s/it, Saved at =inf, TrLoss=0.1737]
 Training FV-edg60000-s7-t7:  70%|███████   | 35/50 [00:36<00:15,  1.03s/it, Saved at =inf, TrLoss=0.1737]
 Training FV-edg60000-s7-t7:  70%|███████   | 35/50 [00:36<00:15,  1.03s/it, Saved at =inf, TrLoss=0.1731]
 Training FV-edg60000-s7-t7:  72%|███████▏  | 36/50 [00:37<00:14,  1.03s/it, Saved at =inf, TrLoss=0.1731]
 Training FV-edg60000-s7-t7:  72%|███████▏  | 36/50 [00:37<00:14,  1.03s/it, Saved at =inf, TrLoss=0.1731]
 Training FV-edg60000-s7-t7:  74%|███████▍  | 37/50 [00:38<00:13,  1.03s/it, Saved at =inf, TrLoss=0.1731]
 Training FV-edg60000-s7-t7:  74%|███████▍  | 37/50 [00:38<00:13,  1.03s/it, Saved at =inf, TrLoss=0.1702]
 Training FV-edg60000-s7-t7:  76%|███████▌  | 38/50 [00:39<00:12,  1.03s/it, Saved at =inf, TrLoss=0.1702]
 Training FV-edg60000-s7-t7:  76%|███████▌  | 38/50 [00:40<00:12,  1.03s/it, Saved at =inf, TrLoss=0.1724]
 Training FV-edg60000-s7-t7:  78%|███████▊  | 39/50 [00:40<00:11,  1.03s/it, Saved at =inf, TrLoss=0.1724]
 Training FV-edg60000-s7-t7:  78%|███████▊  | 39/50 [00:41<00:11,  1.03s/it, Saved at =inf, TrLoss=0.1681]
 Training FV-edg60000-s7-t7:  80%|████████  | 40/50 [00:41<00:10,  1.03s/it, Saved at =inf, TrLoss=0.1681]
 Training FV-edg60000-s7-t7:  80%|████████  | 40/50 [00:42<00:10,  1.03s/it, Saved at =inf, TrLoss=0.1698]
 Training FV-edg60000-s7-t7:  82%|████████▏ | 41/50 [00:42<00:09,  1.03s/it, Saved at =inf, TrLoss=0.1698]
 Training FV-edg60000-s7-t7:  82%|████████▏ | 41/50 [00:43<00:09,  1.03s/it, Saved at =inf, TrLoss=0.1664]
 Training FV-edg60000-s7-t7:  84%|████████▍ | 42/50 [00:43<00:08,  1.03s/it, Saved at =inf, TrLoss=0.1664]
 Training FV-edg60000-s7-t7:  84%|████████▍ | 42/50 [00:44<00:08,  1.03s/it, Saved at =inf, TrLoss=0.1680]
 Training FV-edg60000-s7-t7:  86%|████████▌ | 43/50 [00:44<00:07,  1.03s/it, Saved at =inf, TrLoss=0.1680]
 Training FV-edg60000-s7-t7:  86%|████████▌ | 43/50 [00:45<00:07,  1.03s/it, Saved at =inf, TrLoss=0.1639]
 Training FV-edg60000-s7-t7:  88%|████████▊ | 44/50 [00:45<00:06,  1.03s/it, Saved at =inf, TrLoss=0.1639]
 Training FV-edg60000-s7-t7:  88%|████████▊ | 44/50 [00:46<00:06,  1.03s/it, Saved at =inf, TrLoss=0.1650]
 Training FV-edg60000-s7-t7:  90%|█████████ | 45/50 [00:46<00:05,  1.03s/it, Saved at =inf, TrLoss=0.1650]
 Training FV-edg60000-s7-t7:  90%|█████████ | 45/50 [00:47<00:05,  1.03s/it, Saved at =inf, TrLoss=0.1650]
 Training FV-edg60000-s7-t7:  92%|█████████▏| 46/50 [00:47<00:04,  1.03s/it, Saved at =inf, TrLoss=0.1650]
 Training FV-edg60000-s7-t7:  92%|█████████▏| 46/50 [00:48<00:04,  1.03s/it, Saved at =inf, TrLoss=0.1629]
 Training FV-edg60000-s7-t7:  94%|█████████▍| 47/50 [00:48<00:03,  1.03s/it, Saved at =inf, TrLoss=0.1629]
 Training FV-edg60000-s7-t7:  94%|█████████▍| 47/50 [00:49<00:03,  1.03s/it, Saved at =inf, TrLoss=0.1625]
 Training FV-edg60000-s7-t7:  96%|█████████▌| 48/50 [00:49<00:02,  1.03s/it, Saved at =inf, TrLoss=0.1625]
 Training FV-edg60000-s7-t7:  96%|█████████▌| 48/50 [00:50<00:02,  1.03s/it, Saved at =inf, TrLoss=0.1617]
 Training FV-edg60000-s7-t7:  98%|█████████▊| 49/50 [00:50<00:01,  1.03s/it, Saved at =inf, TrLoss=0.1617]
 Training FV-edg60000-s7-t7:  98%|█████████▊| 49/50 [00:51<00:01,  1.03s/it, Saved at =inf, TrLoss=0.1605]
 Training FV-edg60000-s7-t7: 100%|██████████| 50/50 [00:51<00:00,  1.03s/it, Saved at =inf, TrLoss=0.1605]
 Training FV-edg60000-s7-t7: 100%|██████████| 50/50 [00:51<00:00,  1.03s/it, Saved at =inf, TrLoss=0.1605]

 Training FV-edg60000-s7-t8:   0%|          | 0/50 [00:00<?, ?it/s]
 Training FV-edg60000-s7-t8:   0%|          | 0/50 [00:01<?, ?it/s, Saved at =inf, TrLoss=0.6598]
 Training FV-edg60000-s7-t8:   2%|▏         | 1/50 [00:01<01:00,  1.24s/it, Saved at =inf, TrLoss=0.6598]
 Training FV-edg60000-s7-t8:   2%|▏         | 1/50 [00:02<01:00,  1.24s/it, Saved at =inf, TrLoss=0.6510]
 Training FV-edg60000-s7-t8:   4%|▍         | 2/50 [00:02<00:58,  1.22s/it, Saved at =inf, TrLoss=0.6510]
 Training FV-edg60000-s7-t8:   4%|▍         | 2/50 [00:03<00:58,  1.22s/it, Saved at =inf, TrLoss=0.4826]
 Training FV-edg60000-s7-t8:   6%|▌         | 3/50 [00:03<00:57,  1.22s/it, Saved at =inf, TrLoss=0.4826]
 Training FV-edg60000-s7-t8:   6%|▌         | 3/50 [00:04<00:57,  1.22s/it, Saved at =inf, TrLoss=0.4528]
 Training FV-edg60000-s7-t8:   8%|▊         | 4/50 [00:04<00:55,  1.22s/it, Saved at =inf, TrLoss=0.4528]
 Training FV-edg60000-s7-t8:   8%|▊         | 4/50 [00:05<00:55,  1.22s/it, Saved at =inf, TrLoss=0.4038]
 Training FV-edg60000-s7-t8:  10%|█         | 5/50 [00:06<00:54,  1.22s/it, Saved at =inf, TrLoss=0.4038]
 Training FV-edg60000-s7-t8:  10%|█         | 5/50 [00:07<00:54,  1.22s/it, Saved at =inf, TrLoss=0.4051]
 Training FV-edg60000-s7-t8:  12%|█▏        | 6/50 [00:07<00:53,  1.21s/it, Saved at =inf, TrLoss=0.4051]
 Training FV-edg60000-s7-t8:  12%|█▏        | 6/50 [00:08<00:53,  1.21s/it, Saved at =inf, TrLoss=0.3701]
 Training FV-edg60000-s7-t8:  14%|█▍        | 7/50 [00:08<00:52,  1.21s/it, Saved at =inf, TrLoss=0.3701]
 Training FV-edg60000-s7-t8:  14%|█▍        | 7/50 [00:09<00:52,  1.21s/it, Saved at =inf, TrLoss=0.3430]
 Training FV-edg60000-s7-t8:  16%|█▌        | 8/50 [00:09<00:50,  1.21s/it, Saved at =inf, TrLoss=0.3430]
 Training FV-edg60000-s7-t8:  16%|█▌        | 8/50 [00:10<00:50,  1.21s/it, Saved at =inf, TrLoss=0.3278]
 Training FV-edg60000-s7-t8:  18%|█▊        | 9/50 [00:10<00:49,  1.21s/it, Saved at =inf, TrLoss=0.3278]
 Training FV-edg60000-s7-t8:  18%|█▊        | 9/50 [00:11<00:49,  1.21s/it, Saved at =inf, TrLoss=0.3024]
 Training FV-edg60000-s7-t8:  20%|██        | 10/50 [00:12<00:48,  1.21s/it, Saved at =inf, TrLoss=0.3024]
 Training FV-edg60000-s7-t8:  20%|██        | 10/50 [00:13<00:48,  1.21s/it, Saved at =inf, TrLoss=0.3133]
 Training FV-edg60000-s7-t8:  22%|██▏       | 11/50 [00:13<00:47,  1.21s/it, Saved at =inf, TrLoss=0.3133]
 Training FV-edg60000-s7-t8:  22%|██▏       | 11/50 [00:14<00:47,  1.21s/it, Saved at =inf, TrLoss=0.2797]
 Training FV-edg60000-s7-t8:  24%|██▍       | 12/50 [00:14<00:46,  1.21s/it, Saved at =inf, TrLoss=0.2797]
 Training FV-edg60000-s7-t8:  24%|██▍       | 12/50 [00:15<00:46,  1.21s/it, Saved at =inf, TrLoss=0.2728]
 Training FV-edg60000-s7-t8:  26%|██▌       | 13/50 [00:15<00:44,  1.21s/it, Saved at =inf, TrLoss=0.2728]
 Training FV-edg60000-s7-t8:  26%|██▌       | 13/50 [00:16<00:44,  1.21s/it, Saved at =inf, TrLoss=0.2575]
 Training FV-edg60000-s7-t8:  28%|██▊       | 14/50 [00:16<00:43,  1.21s/it, Saved at =inf, TrLoss=0.2575]
 Training FV-edg60000-s7-t8:  28%|██▊       | 14/50 [00:18<00:43,  1.21s/it, Saved at =inf, TrLoss=0.2542]
 Training FV-edg60000-s7-t8:  30%|███       | 15/50 [00:18<00:42,  1.21s/it, Saved at =inf, TrLoss=0.2542]
 Training FV-edg60000-s7-t8:  30%|███       | 15/50 [00:19<00:42,  1.21s/it, Saved at =inf, TrLoss=0.2424]
 Training FV-edg60000-s7-t8:  32%|███▏      | 16/50 [00:19<00:41,  1.21s/it, Saved at =inf, TrLoss=0.2424]
 Training FV-edg60000-s7-t8:  32%|███▏      | 16/50 [00:20<00:41,  1.21s/it, Saved at =inf, TrLoss=0.2392]
 Training FV-edg60000-s7-t8:  34%|███▍      | 17/50 [00:20<00:39,  1.21s/it, Saved at =inf, TrLoss=0.2392]
 Training FV-edg60000-s7-t8:  34%|███▍      | 17/50 [00:21<00:39,  1.21s/it, Saved at =inf, TrLoss=0.2314]
 Training FV-edg60000-s7-t8:  36%|███▌      | 18/50 [00:21<00:38,  1.21s/it, Saved at =inf, TrLoss=0.2314]
 Training FV-edg60000-s7-t8:  36%|███▌      | 18/50 [00:22<00:38,  1.21s/it, Saved at =inf, TrLoss=0.2303]
 Training FV-edg60000-s7-t8:  38%|███▊      | 19/50 [00:23<00:37,  1.21s/it, Saved at =inf, TrLoss=0.2303]
 Training FV-edg60000-s7-t8:  38%|███▊      | 19/50 [00:24<00:37,  1.21s/it, Saved at =inf, TrLoss=0.2191]
 Training FV-edg60000-s7-t8:  40%|████      | 20/50 [00:24<00:36,  1.21s/it, Saved at =inf, TrLoss=0.2191]
 Training FV-edg60000-s7-t8:  40%|████      | 20/50 [00:25<00:36,  1.21s/it, Saved at =inf, TrLoss=0.2165]
 Training FV-edg60000-s7-t8:  42%|████▏     | 21/50 [00:25<00:35,  1.21s/it, Saved at =inf, TrLoss=0.2165]
 Training FV-edg60000-s7-t8:  42%|████▏     | 21/50 [00:26<00:35,  1.21s/it, Saved at =inf, TrLoss=0.2151]
 Training FV-edg60000-s7-t8:  44%|████▍     | 22/50 [00:26<00:33,  1.21s/it, Saved at =inf, TrLoss=0.2151]
 Training FV-edg60000-s7-t8:  44%|████▍     | 22/50 [00:27<00:33,  1.21s/it, Saved at =inf, TrLoss=0.2066]
 Training FV-edg60000-s7-t8:  46%|████▌     | 23/50 [00:27<00:32,  1.21s/it, Saved at =inf, TrLoss=0.2066]
 Training FV-edg60000-s7-t8:  46%|████▌     | 23/50 [00:28<00:32,  1.21s/it, Saved at =inf, TrLoss=0.2107]
 Training FV-edg60000-s7-t8:  48%|████▊     | 24/50 [00:29<00:31,  1.21s/it, Saved at =inf, TrLoss=0.2107]
 Training FV-edg60000-s7-t8:  48%|████▊     | 24/50 [00:30<00:31,  1.21s/it, Saved at =inf, TrLoss=0.2085]
 Training FV-edg60000-s7-t8:  50%|█████     | 25/50 [00:30<00:30,  1.21s/it, Saved at =inf, TrLoss=0.2085]
 Training FV-edg60000-s7-t8:  50%|█████     | 25/50 [00:31<00:30,  1.21s/it, Saved at =inf, TrLoss=0.1991]
 Training FV-edg60000-s7-t8:  52%|█████▏    | 26/50 [00:31<00:29,  1.21s/it, Saved at =inf, TrLoss=0.1991]
 Training FV-edg60000-s7-t8:  52%|█████▏    | 26/50 [00:32<00:29,  1.21s/it, Saved at =inf, TrLoss=0.1996]
 Training FV-edg60000-s7-t8:  54%|█████▍    | 27/50 [00:32<00:27,  1.21s/it, Saved at =inf, TrLoss=0.1996]
 Training FV-edg60000-s7-t8:  54%|█████▍    | 27/50 [00:33<00:27,  1.21s/it, Saved at =inf, TrLoss=0.1981]
 Training FV-edg60000-s7-t8:  56%|█████▌    | 28/50 [00:33<00:26,  1.21s/it, Saved at =inf, TrLoss=0.1981]
 Training FV-edg60000-s7-t8:  56%|█████▌    | 28/50 [00:34<00:26,  1.21s/it, Saved at =inf, TrLoss=0.1927]
 Training FV-edg60000-s7-t8:  58%|█████▊    | 29/50 [00:35<00:25,  1.21s/it, Saved at =inf, TrLoss=0.1927]
 Training FV-edg60000-s7-t8:  58%|█████▊    | 29/50 [00:36<00:25,  1.21s/it, Saved at =inf, TrLoss=0.1909]
 Training FV-edg60000-s7-t8:  60%|██████    | 30/50 [00:36<00:24,  1.21s/it, Saved at =inf, TrLoss=0.1909]
 Training FV-edg60000-s7-t8:  60%|██████    | 30/50 [00:37<00:24,  1.21s/it, Saved at =inf, TrLoss=0.1892]
 Training FV-edg60000-s7-t8:  62%|██████▏   | 31/50 [00:37<00:23,  1.21s/it, Saved at =inf, TrLoss=0.1892]
 Training FV-edg60000-s7-t8:  62%|██████▏   | 31/50 [00:38<00:23,  1.21s/it, Saved at =inf, TrLoss=0.1856]
 Training FV-edg60000-s7-t8:  64%|██████▍   | 32/50 [00:38<00:21,  1.21s/it, Saved at =inf, TrLoss=0.1856]
 Training FV-edg60000-s7-t8:  64%|██████▍   | 32/50 [00:39<00:21,  1.21s/it, Saved at =inf, TrLoss=0.1857]
 Training FV-edg60000-s7-t8:  66%|██████▌   | 33/50 [00:40<00:20,  1.21s/it, Saved at =inf, TrLoss=0.1857]
 Training FV-edg60000-s7-t8:  66%|██████▌   | 33/50 [00:41<00:20,  1.21s/it, Saved at =inf, TrLoss=0.1843]
 Training FV-edg60000-s7-t8:  68%|██████▊   | 34/50 [00:41<00:19,  1.21s/it, Saved at =inf, TrLoss=0.1843]
 Training FV-edg60000-s7-t8:  68%|██████▊   | 34/50 [00:42<00:19,  1.21s/it, Saved at =inf, TrLoss=0.1822]
 Training FV-edg60000-s7-t8:  70%|███████   | 35/50 [00:42<00:18,  1.21s/it, Saved at =inf, TrLoss=0.1822]
 Training FV-edg60000-s7-t8:  70%|███████   | 35/50 [00:43<00:18,  1.21s/it, Saved at =inf, TrLoss=0.1829]
 Training FV-edg60000-s7-t8:  72%|███████▏  | 36/50 [00:43<00:16,  1.21s/it, Saved at =inf, TrLoss=0.1829]
 Training FV-edg60000-s7-t8:  72%|███████▏  | 36/50 [00:44<00:16,  1.21s/it, Saved at =inf, TrLoss=0.1802]
 Training FV-edg60000-s7-t8:  74%|███████▍  | 37/50 [00:44<00:15,  1.21s/it, Saved at =inf, TrLoss=0.1802]
 Training FV-edg60000-s7-t8:  74%|███████▍  | 37/50 [00:45<00:15,  1.21s/it, Saved at =inf, TrLoss=0.1794]
 Training FV-edg60000-s7-t8:  76%|███████▌  | 38/50 [00:46<00:14,  1.21s/it, Saved at =inf, TrLoss=0.1794]
 Training FV-edg60000-s7-t8:  76%|███████▌  | 38/50 [00:47<00:14,  1.21s/it, Saved at =inf, TrLoss=0.1790]
 Training FV-edg60000-s7-t8:  78%|███████▊  | 39/50 [00:47<00:13,  1.21s/it, Saved at =inf, TrLoss=0.1790]
 Training FV-edg60000-s7-t8:  78%|███████▊  | 39/50 [00:48<00:13,  1.21s/it, Saved at =inf, TrLoss=0.1775]
 Training FV-edg60000-s7-t8:  80%|████████  | 40/50 [00:48<00:12,  1.21s/it, Saved at =inf, TrLoss=0.1775]
 Training FV-edg60000-s7-t8:  80%|████████  | 40/50 [00:49<00:12,  1.21s/it, Saved at =inf, TrLoss=0.1762]
 Training FV-edg60000-s7-t8:  82%|████████▏ | 41/50 [00:49<00:10,  1.21s/it, Saved at =inf, TrLoss=0.1762]
 Training FV-edg60000-s7-t8:  82%|████████▏ | 41/50 [00:50<00:10,  1.21s/it, Saved at =inf, TrLoss=0.1757]
 Training FV-edg60000-s7-t8:  84%|████████▍ | 42/50 [00:50<00:09,  1.21s/it, Saved at =inf, TrLoss=0.1757]
 Training FV-edg60000-s7-t8:  84%|████████▍ | 42/50 [00:51<00:09,  1.21s/it, Saved at =inf, TrLoss=0.1736]
 Training FV-edg60000-s7-t8:  86%|████████▌ | 43/50 [00:52<00:08,  1.21s/it, Saved at =inf, TrLoss=0.1736]
 Training FV-edg60000-s7-t8:  86%|████████▌ | 43/50 [00:53<00:08,  1.21s/it, Saved at =inf, TrLoss=0.1732]
 Training FV-edg60000-s7-t8:  88%|████████▊ | 44/50 [00:53<00:07,  1.21s/it, Saved at =inf, TrLoss=0.1732]
 Training FV-edg60000-s7-t8:  88%|████████▊ | 44/50 [00:54<00:07,  1.21s/it, Saved at =inf, TrLoss=0.1749]
 Training FV-edg60000-s7-t8:  90%|█████████ | 45/50 [00:54<00:06,  1.21s/it, Saved at =inf, TrLoss=0.1749]
 Training FV-edg60000-s7-t8:  90%|█████████ | 45/50 [00:55<00:06,  1.21s/it, Saved at =inf, TrLoss=0.1798]
 Training FV-edg60000-s7-t8:  92%|█████████▏| 46/50 [00:55<00:04,  1.21s/it, Saved at =inf, TrLoss=0.1798]
 Training FV-edg60000-s7-t8:  92%|█████████▏| 46/50 [00:56<00:04,  1.21s/it, Saved at =inf, TrLoss=0.1808]
 Training FV-edg60000-s7-t8:  94%|█████████▍| 47/50 [00:56<00:03,  1.21s/it, Saved at =inf, TrLoss=0.1808]
 Training FV-edg60000-s7-t8:  94%|█████████▍| 47/50 [00:57<00:03,  1.21s/it, Saved at =inf, TrLoss=0.1755]
 Training FV-edg60000-s7-t8:  96%|█████████▌| 48/50 [00:58<00:02,  1.21s/it, Saved at =inf, TrLoss=0.1755]
 Training FV-edg60000-s7-t8:  96%|█████████▌| 48/50 [00:59<00:02,  1.21s/it, Saved at =inf, TrLoss=0.1701]
 Training FV-edg60000-s7-t8:  98%|█████████▊| 49/50 [00:59<00:01,  1.21s/it, Saved at =inf, TrLoss=0.1701]
 Training FV-edg60000-s7-t8:  98%|█████████▊| 49/50 [01:00<00:01,  1.21s/it, Saved at =inf, TrLoss=0.1752]
 Training FV-edg60000-s7-t8: 100%|██████████| 50/50 [01:00<00:00,  1.21s/it, Saved at =inf, TrLoss=0.1752]
 Training FV-edg60000-s7-t8: 100%|██████████| 50/50 [01:00<00:00,  1.21s/it, Saved at =inf, TrLoss=0.1752]

 Training FV-edg60000-s7-t9:   0%|          | 0/50 [00:00<?, ?it/s]
 Training FV-edg60000-s7-t9:   0%|          | 0/50 [00:01<?, ?it/s, Saved at =inf, TrLoss=0.7705]
 Training FV-edg60000-s7-t9:   2%|▏         | 1/50 [00:01<01:11,  1.46s/it, Saved at =inf, TrLoss=0.7705]
 Training FV-edg60000-s7-t9:   2%|▏         | 1/50 [00:02<01:11,  1.46s/it, Saved at =inf, TrLoss=0.8214]
 Training FV-edg60000-s7-t9:   4%|▍         | 2/50 [00:02<01:09,  1.44s/it, Saved at =inf, TrLoss=0.8214]
 Training FV-edg60000-s7-t9:   4%|▍         | 2/50 [00:04<01:09,  1.44s/it, Saved at =inf, TrLoss=0.5771]
 Training FV-edg60000-s7-t9:   6%|▌         | 3/50 [00:04<01:07,  1.43s/it, Saved at =inf, TrLoss=0.5771]
 Training FV-edg60000-s7-t9:   6%|▌         | 3/50 [00:05<01:07,  1.43s/it, Saved at =inf, TrLoss=0.5303]
 Training FV-edg60000-s7-t9:   8%|▊         | 4/50 [00:05<01:05,  1.43s/it, Saved at =inf, TrLoss=0.5303]
 Training FV-edg60000-s7-t9:   8%|▊         | 4/50 [00:06<01:05,  1.43s/it, Saved at =inf, TrLoss=0.5128]
 Training FV-edg60000-s7-t9:  10%|█         | 5/50 [00:07<01:04,  1.43s/it, Saved at =inf, TrLoss=0.5128]
 Training FV-edg60000-s7-t9:  10%|█         | 5/50 [00:08<01:04,  1.43s/it, Saved at =inf, TrLoss=0.4706]
 Training FV-edg60000-s7-t9:  12%|█▏        | 6/50 [00:08<01:02,  1.43s/it, Saved at =inf, TrLoss=0.4706]
 Training FV-edg60000-s7-t9:  12%|█▏        | 6/50 [00:09<01:02,  1.43s/it, Saved at =inf, TrLoss=0.4521]
 Training FV-edg60000-s7-t9:  14%|█▍        | 7/50 [00:10<01:01,  1.43s/it, Saved at =inf, TrLoss=0.4521]
 Training FV-edg60000-s7-t9:  14%|█▍        | 7/50 [00:11<01:01,  1.43s/it, Saved at =inf, TrLoss=0.4210]
 Training FV-edg60000-s7-t9:  16%|█▌        | 8/50 [00:11<01:00,  1.43s/it, Saved at =inf, TrLoss=0.4210]
 Training FV-edg60000-s7-t9:  16%|█▌        | 8/50 [00:12<01:00,  1.43s/it, Saved at =inf, TrLoss=0.3734]
 Training FV-edg60000-s7-t9:  18%|█▊        | 9/50 [00:12<00:58,  1.43s/it, Saved at =inf, TrLoss=0.3734]
 Training FV-edg60000-s7-t9:  18%|█▊        | 9/50 [00:14<00:58,  1.43s/it, Saved at =inf, TrLoss=0.3623]
 Training FV-edg60000-s7-t9:  20%|██        | 10/50 [00:14<00:57,  1.43s/it, Saved at =inf, TrLoss=0.3623]
 Training FV-edg60000-s7-t9:  20%|██        | 10/50 [00:15<00:57,  1.43s/it, Saved at =inf, TrLoss=0.3374]
 Training FV-edg60000-s7-t9:  22%|██▏       | 11/50 [00:15<00:55,  1.43s/it, Saved at =inf, TrLoss=0.3374]
 Training FV-edg60000-s7-t9:  22%|██▏       | 11/50 [00:16<00:55,  1.43s/it, Saved at =inf, TrLoss=0.3247]
 Training FV-edg60000-s7-t9:  24%|██▍       | 12/50 [00:17<00:54,  1.43s/it, Saved at =inf, TrLoss=0.3247]
 Training FV-edg60000-s7-t9:  24%|██▍       | 12/50 [00:18<00:54,  1.43s/it, Saved at =inf, TrLoss=0.3011]
 Training FV-edg60000-s7-t9:  26%|██▌       | 13/50 [00:18<00:52,  1.43s/it, Saved at =inf, TrLoss=0.3011]
 Training FV-edg60000-s7-t9:  26%|██▌       | 13/50 [00:19<00:52,  1.43s/it, Saved at =inf, TrLoss=0.3041]
 Training FV-edg60000-s7-t9:  28%|██▊       | 14/50 [00:20<00:51,  1.43s/it, Saved at =inf, TrLoss=0.3041]
 Training FV-edg60000-s7-t9:  28%|██▊       | 14/50 [00:21<00:51,  1.43s/it, Saved at =inf, TrLoss=0.2889]
 Training FV-edg60000-s7-t9:  30%|███       | 15/50 [00:21<00:49,  1.43s/it, Saved at =inf, TrLoss=0.2889]
 Training FV-edg60000-s7-t9:  30%|███       | 15/50 [00:22<00:49,  1.43s/it, Saved at =inf, TrLoss=0.2904]
 Training FV-edg60000-s7-t9:  32%|███▏      | 16/50 [00:22<00:48,  1.43s/it, Saved at =inf, TrLoss=0.2904]
 Training FV-edg60000-s7-t9:  32%|███▏      | 16/50 [00:24<00:48,  1.43s/it, Saved at =inf, TrLoss=0.2644]
 Training FV-edg60000-s7-t9:  34%|███▍      | 17/50 [00:24<00:47,  1.43s/it, Saved at =inf, TrLoss=0.2644]
 Training FV-edg60000-s7-t9:  34%|███▍      | 17/50 [00:25<00:47,  1.43s/it, Saved at =inf, TrLoss=0.2604]
 Training FV-edg60000-s7-t9:  36%|███▌      | 18/50 [00:25<00:45,  1.43s/it, Saved at =inf, TrLoss=0.2604]
 Training FV-edg60000-s7-t9:  36%|███▌      | 18/50 [00:26<00:45,  1.43s/it, Saved at =inf, TrLoss=0.2416]
 Training FV-edg60000-s7-t9:  38%|███▊      | 19/50 [00:27<00:44,  1.43s/it, Saved at =inf, TrLoss=0.2416]
 Training FV-edg60000-s7-t9:  38%|███▊      | 19/50 [00:28<00:44,  1.43s/it, Saved at =inf, TrLoss=0.2499]
 Training FV-edg60000-s7-t9:  40%|████      | 20/50 [00:28<00:42,  1.43s/it, Saved at =inf, TrLoss=0.2499]
 Training FV-edg60000-s7-t9:  40%|████      | 20/50 [00:29<00:42,  1.43s/it, Saved at =inf, TrLoss=0.2370]
 Training FV-edg60000-s7-t9:  42%|████▏     | 21/50 [00:30<00:41,  1.43s/it, Saved at =inf, TrLoss=0.2370]
 Training FV-edg60000-s7-t9:  42%|████▏     | 21/50 [00:31<00:41,  1.43s/it, Saved at =inf, TrLoss=0.2339]
 Training FV-edg60000-s7-t9:  44%|████▍     | 22/50 [00:31<00:39,  1.43s/it, Saved at =inf, TrLoss=0.2339]
 Training FV-edg60000-s7-t9:  44%|████▍     | 22/50 [00:32<00:39,  1.43s/it, Saved at =inf, TrLoss=0.2258]
 Training FV-edg60000-s7-t9:  46%|████▌     | 23/50 [00:32<00:38,  1.43s/it, Saved at =inf, TrLoss=0.2258]
 Training FV-edg60000-s7-t9:  46%|████▌     | 23/50 [00:34<00:38,  1.43s/it, Saved at =inf, TrLoss=0.2218]
 Training FV-edg60000-s7-t9:  48%|████▊     | 24/50 [00:34<00:37,  1.43s/it, Saved at =inf, TrLoss=0.2218]
 Training FV-edg60000-s7-t9:  48%|████▊     | 24/50 [00:35<00:37,  1.43s/it, Saved at =inf, TrLoss=0.2208]
 Training FV-edg60000-s7-t9:  50%|█████     | 25/50 [00:35<00:35,  1.43s/it, Saved at =inf, TrLoss=0.2208]
 Training FV-edg60000-s7-t9:  50%|█████     | 25/50 [00:36<00:35,  1.43s/it, Saved at =inf, TrLoss=0.2147]
 Training FV-edg60000-s7-t9:  52%|█████▏    | 26/50 [00:37<00:34,  1.43s/it, Saved at =inf, TrLoss=0.2147]
 Training FV-edg60000-s7-t9:  52%|█████▏    | 26/50 [00:38<00:34,  1.43s/it, Saved at =inf, TrLoss=0.2149]
 Training FV-edg60000-s7-t9:  54%|█████▍    | 27/50 [00:38<00:32,  1.43s/it, Saved at =inf, TrLoss=0.2149]
 Training FV-edg60000-s7-t9:  54%|█████▍    | 27/50 [00:39<00:32,  1.43s/it, Saved at =inf, TrLoss=0.2098]
 Training FV-edg60000-s7-t9:  56%|█████▌    | 28/50 [00:40<00:31,  1.43s/it, Saved at =inf, TrLoss=0.2098]
 Training FV-edg60000-s7-t9:  56%|█████▌    | 28/50 [00:41<00:31,  1.43s/it, Saved at =inf, TrLoss=0.2076]
 Training FV-edg60000-s7-t9:  58%|█████▊    | 29/50 [00:41<00:29,  1.43s/it, Saved at =inf, TrLoss=0.2076]
 Training FV-edg60000-s7-t9:  58%|█████▊    | 29/50 [00:42<00:29,  1.43s/it, Saved at =inf, TrLoss=0.2088]
 Training FV-edg60000-s7-t9:  60%|██████    | 30/50 [00:42<00:28,  1.43s/it, Saved at =inf, TrLoss=0.2088]
 Training FV-edg60000-s7-t9:  60%|██████    | 30/50 [00:44<00:28,  1.43s/it, Saved at =inf, TrLoss=0.2032]
 Training FV-edg60000-s7-t9:  62%|██████▏   | 31/50 [00:44<00:27,  1.43s/it, Saved at =inf, TrLoss=0.2032]
 Training FV-edg60000-s7-t9:  62%|██████▏   | 31/50 [00:45<00:27,  1.43s/it, Saved at =inf, TrLoss=0.1999]
 Training FV-edg60000-s7-t9:  64%|██████▍   | 32/50 [00:45<00:25,  1.43s/it, Saved at =inf, TrLoss=0.1999]
 Training FV-edg60000-s7-t9:  64%|██████▍   | 32/50 [00:46<00:25,  1.43s/it, Saved at =inf, TrLoss=0.2001]
 Training FV-edg60000-s7-t9:  66%|██████▌   | 33/50 [00:47<00:24,  1.43s/it, Saved at =inf, TrLoss=0.2001]
 Training FV-edg60000-s7-t9:  66%|██████▌   | 33/50 [00:48<00:24,  1.43s/it, Saved at =inf, TrLoss=0.1965]
 Training FV-edg60000-s7-t9:  68%|██████▊   | 34/50 [00:48<00:22,  1.43s/it, Saved at =inf, TrLoss=0.1965]
 Training FV-edg60000-s7-t9:  68%|██████▊   | 34/50 [00:49<00:22,  1.43s/it, Saved at =inf, TrLoss=0.1948]
 Training FV-edg60000-s7-t9:  70%|███████   | 35/50 [00:49<00:21,  1.43s/it, Saved at =inf, TrLoss=0.1948]
 Training FV-edg60000-s7-t9:  70%|███████   | 35/50 [00:51<00:21,  1.43s/it, Saved at =inf, TrLoss=0.1939]
 Training FV-edg60000-s7-t9:  72%|███████▏  | 36/50 [00:51<00:19,  1.43s/it, Saved at =inf, TrLoss=0.1939]
 Training FV-edg60000-s7-t9:  72%|███████▏  | 36/50 [00:52<00:19,  1.43s/it, Saved at =inf, TrLoss=0.1924]
 Training FV-edg60000-s7-t9:  74%|███████▍  | 37/50 [00:52<00:18,  1.43s/it, Saved at =inf, TrLoss=0.1924]
 Training FV-edg60000-s7-t9:  74%|███████▍  | 37/50 [00:54<00:18,  1.43s/it, Saved at =inf, TrLoss=0.1905]
 Training FV-edg60000-s7-t9:  76%|███████▌  | 38/50 [00:54<00:17,  1.43s/it, Saved at =inf, TrLoss=0.1905]
 Training FV-edg60000-s7-t9:  76%|███████▌  | 38/50 [00:55<00:17,  1.43s/it, Saved at =inf, TrLoss=0.1894]
 Training FV-edg60000-s7-t9:  78%|███████▊  | 39/50 [00:55<00:15,  1.43s/it, Saved at =inf, TrLoss=0.1894]
 Training FV-edg60000-s7-t9:  78%|███████▊  | 39/50 [00:56<00:15,  1.43s/it, Saved at =inf, TrLoss=0.1878]
 Training FV-edg60000-s7-t9:  80%|████████  | 40/50 [00:57<00:14,  1.43s/it, Saved at =inf, TrLoss=0.1878]
 Training FV-edg60000-s7-t9:  80%|████████  | 40/50 [00:58<00:14,  1.43s/it, Saved at =inf, TrLoss=0.1859]
 Training FV-edg60000-s7-t9:  82%|████████▏ | 41/50 [00:58<00:12,  1.43s/it, Saved at =inf, TrLoss=0.1859]
 Training FV-edg60000-s7-t9:  82%|████████▏ | 41/50 [00:59<00:12,  1.43s/it, Saved at =inf, TrLoss=0.1851]
 Training FV-edg60000-s7-t9:  84%|████████▍ | 42/50 [00:59<00:11,  1.43s/it, Saved at =inf, TrLoss=0.1851]
 Training FV-edg60000-s7-t9:  84%|████████▍ | 42/50 [01:01<00:11,  1.43s/it, Saved at =inf, TrLoss=0.1840]
 Training FV-edg60000-s7-t9:  86%|████████▌ | 43/50 [01:01<00:09,  1.43s/it, Saved at =inf, TrLoss=0.1840]
 Training FV-edg60000-s7-t9:  86%|████████▌ | 43/50 [01:02<00:09,  1.43s/it, Saved at =inf, TrLoss=0.1828]
 Training FV-edg60000-s7-t9:  88%|████████▊ | 44/50 [01:02<00:08,  1.43s/it, Saved at =inf, TrLoss=0.1828]
 Training FV-edg60000-s7-t9:  88%|████████▊ | 44/50 [01:04<00:08,  1.43s/it, Saved at =inf, TrLoss=0.1809]
 Training FV-edg60000-s7-t9:  90%|█████████ | 45/50 [01:04<00:07,  1.43s/it, Saved at =inf, TrLoss=0.1809]
 Training FV-edg60000-s7-t9:  90%|█████████ | 45/50 [01:05<00:07,  1.43s/it, Saved at =inf, TrLoss=0.1809]
 Training FV-edg60000-s7-t9:  92%|█████████▏| 46/50 [01:05<00:05,  1.43s/it, Saved at =inf, TrLoss=0.1809]
 Training FV-edg60000-s7-t9:  92%|█████████▏| 46/50 [01:06<00:05,  1.43s/it, Saved at =inf, TrLoss=0.1796]
 Training FV-edg60000-s7-t9:  94%|█████████▍| 47/50 [01:07<00:04,  1.43s/it, Saved at =inf, TrLoss=0.1796]
 Training FV-edg60000-s7-t9:  94%|█████████▍| 47/50 [01:08<00:04,  1.43s/it, Saved at =inf, TrLoss=0.1791]
 Training FV-edg60000-s7-t9:  96%|█████████▌| 48/50 [01:08<00:02,  1.43s/it, Saved at =inf, TrLoss=0.1791]
 Training FV-edg60000-s7-t9:  96%|█████████▌| 48/50 [01:09<00:02,  1.43s/it, Saved at =inf, TrLoss=0.1786]
 Training FV-edg60000-s7-t9:  98%|█████████▊| 49/50 [01:09<00:01,  1.43s/it, Saved at =inf, TrLoss=0.1786]
 Training FV-edg60000-s7-t9:  98%|█████████▊| 49/50 [01:11<00:01,  1.43s/it, Saved at =inf, TrLoss=0.1765]
 Training FV-edg60000-s7-t9: 100%|██████████| 50/50 [01:11<00:00,  1.43s/it, Saved at =inf, TrLoss=0.1765]
 Training FV-edg60000-s7-t9: 100%|██████████| 50/50 [01:11<00:00,  1.43s/it, Saved at =inf, TrLoss=0.1765]

 Training ATK-edg60000-s7-t7:   0%|          | 0/50 [00:00<?, ?it/s]
 Training ATK-edg60000-s7-t7:   0%|          | 0/50 [00:00<?, ?it/s, Saved at =inf, TrLoss=0.7481]
 Training ATK-edg60000-s7-t7:   2%|▏         | 1/50 [00:01<00:52,  1.06s/it, Saved at =inf, TrLoss=0.7481]
 Training ATK-edg60000-s7-t7:   2%|▏         | 1/50 [00:01<00:52,  1.06s/it, Saved at =inf, TrLoss=0.5622]
 Training ATK-edg60000-s7-t7:   4%|▍         | 2/50 [00:02<00:50,  1.04s/it, Saved at =inf, TrLoss=0.5622]
 Training ATK-edg60000-s7-t7:   4%|▍         | 2/50 [00:02<00:50,  1.04s/it, Saved at =inf, TrLoss=0.4606]
 Training ATK-edg60000-s7-t7:   6%|▌         | 3/50 [00:03<00:48,  1.04s/it, Saved at =inf, TrLoss=0.4606]
 Training ATK-edg60000-s7-t7:   6%|▌         | 3/50 [00:03<00:48,  1.04s/it, Saved at =inf, TrLoss=0.4192]
 Training ATK-edg60000-s7-t7:   8%|▊         | 4/50 [00:04<00:47,  1.03s/it, Saved at =inf, TrLoss=0.4192]
 Training ATK-edg60000-s7-t7:   8%|▊         | 4/50 [00:04<00:47,  1.03s/it, Saved at =inf, TrLoss=0.3588]
 Training ATK-edg60000-s7-t7:  10%|█         | 5/50 [00:05<00:46,  1.03s/it, Saved at =inf, TrLoss=0.3588]
 Training ATK-edg60000-s7-t7:  10%|█         | 5/50 [00:06<00:46,  1.03s/it, Saved at =inf, TrLoss=0.3575]
 Training ATK-edg60000-s7-t7:  12%|█▏        | 6/50 [00:06<00:45,  1.03s/it, Saved at =inf, TrLoss=0.3575]
 Training ATK-edg60000-s7-t7:  12%|█▏        | 6/50 [00:07<00:45,  1.03s/it, Saved at =inf, TrLoss=0.3040]
 Training ATK-edg60000-s7-t7:  14%|█▍        | 7/50 [00:07<00:44,  1.03s/it, Saved at =inf, TrLoss=0.3040]
 Training ATK-edg60000-s7-t7:  14%|█▍        | 7/50 [00:08<00:44,  1.03s/it, Saved at =inf, TrLoss=0.3211]
 Training ATK-edg60000-s7-t7:  16%|█▌        | 8/50 [00:08<00:43,  1.03s/it, Saved at =inf, TrLoss=0.3211]
 Training ATK-edg60000-s7-t7:  16%|█▌        | 8/50 [00:09<00:43,  1.03s/it, Saved at =inf, TrLoss=0.2797]
 Training ATK-edg60000-s7-t7:  18%|█▊        | 9/50 [00:09<00:42,  1.03s/it, Saved at =inf, TrLoss=0.2797]
 Training ATK-edg60000-s7-t7:  18%|█▊        | 9/50 [00:10<00:42,  1.03s/it, Saved at =inf, TrLoss=0.3064]
 Training ATK-edg60000-s7-t7:  20%|██        | 10/50 [00:10<00:41,  1.03s/it, Saved at =inf, TrLoss=0.3064]
 Training ATK-edg60000-s7-t7:  20%|██        | 10/50 [00:11<00:41,  1.03s/it, Saved at =inf, TrLoss=0.2715]
 Training ATK-edg60000-s7-t7:  22%|██▏       | 11/50 [00:11<00:40,  1.03s/it, Saved at =inf, TrLoss=0.2715]
 Training ATK-edg60000-s7-t7:  22%|██▏       | 11/50 [00:12<00:40,  1.03s/it, Saved at =inf, TrLoss=0.2695]
 Training ATK-edg60000-s7-t7:  24%|██▍       | 12/50 [00:12<00:39,  1.03s/it, Saved at =inf, TrLoss=0.2695]
 Training ATK-edg60000-s7-t7:  24%|██▍       | 12/50 [00:13<00:39,  1.03s/it, Saved at =inf, TrLoss=0.2687]
 Training ATK-edg60000-s7-t7:  26%|██▌       | 13/50 [00:13<00:38,  1.03s/it, Saved at =inf, TrLoss=0.2687]
 Training ATK-edg60000-s7-t7:  26%|██▌       | 13/50 [00:14<00:38,  1.03s/it, Saved at =inf, TrLoss=0.2477]
 Training ATK-edg60000-s7-t7:  28%|██▊       | 14/50 [00:14<00:37,  1.03s/it, Saved at =inf, TrLoss=0.2477]
 Training ATK-edg60000-s7-t7:  28%|██▊       | 14/50 [00:15<00:37,  1.03s/it, Saved at =inf, TrLoss=0.2598]
 Training ATK-edg60000-s7-t7:  30%|███       | 15/50 [00:15<00:36,  1.03s/it, Saved at =inf, TrLoss=0.2598]
 Training ATK-edg60000-s7-t7:  30%|███       | 15/50 [00:16<00:36,  1.03s/it, Saved at =inf, TrLoss=0.2372]
 Training ATK-edg60000-s7-t7:  32%|███▏      | 16/50 [00:16<00:35,  1.03s/it, Saved at =inf, TrLoss=0.2372]
 Training ATK-edg60000-s7-t7:  32%|███▏      | 16/50 [00:17<00:35,  1.03s/it, Saved at =inf, TrLoss=0.2333]
 Training ATK-edg60000-s7-t7:  34%|███▍      | 17/50 [00:17<00:34,  1.03s/it, Saved at =inf, TrLoss=0.2333]
 Training ATK-edg60000-s7-t7:  34%|███▍      | 17/50 [00:18<00:34,  1.03s/it, Saved at =inf, TrLoss=0.2316]
 Training ATK-edg60000-s7-t7:  36%|███▌      | 18/50 [00:18<00:32,  1.03s/it, Saved at =inf, TrLoss=0.2316]
 Training ATK-edg60000-s7-t7:  36%|███▌      | 18/50 [00:19<00:32,  1.03s/it, Saved at =inf, TrLoss=0.2171]
 Training ATK-edg60000-s7-t7:  38%|███▊      | 19/50 [00:19<00:31,  1.03s/it, Saved at =inf, TrLoss=0.2171]
 Training ATK-edg60000-s7-t7:  38%|███▊      | 19/50 [00:20<00:31,  1.03s/it, Saved at =inf, TrLoss=0.2238]
 Training ATK-edg60000-s7-t7:  40%|████      | 20/50 [00:20<00:30,  1.03s/it, Saved at =inf, TrLoss=0.2238]
 Training ATK-edg60000-s7-t7:  40%|████      | 20/50 [00:21<00:30,  1.03s/it, Saved at =inf, TrLoss=0.2065]
 Training ATK-edg60000-s7-t7:  42%|████▏     | 21/50 [00:21<00:29,  1.03s/it, Saved at =inf, TrLoss=0.2065]
 Training ATK-edg60000-s7-t7:  42%|████▏     | 21/50 [00:22<00:29,  1.03s/it, Saved at =inf, TrLoss=0.2137]
 Training ATK-edg60000-s7-t7:  44%|████▍     | 22/50 [00:22<00:28,  1.03s/it, Saved at =inf, TrLoss=0.2137]
 Training ATK-edg60000-s7-t7:  44%|████▍     | 22/50 [00:23<00:28,  1.03s/it, Saved at =inf, TrLoss=0.1998]
 Training ATK-edg60000-s7-t7:  46%|████▌     | 23/50 [00:23<00:27,  1.03s/it, Saved at =inf, TrLoss=0.1998]
 Training ATK-edg60000-s7-t7:  46%|████▌     | 23/50 [00:24<00:27,  1.03s/it, Saved at =inf, TrLoss=0.2062]
 Training ATK-edg60000-s7-t7:  48%|████▊     | 24/50 [00:24<00:26,  1.03s/it, Saved at =inf, TrLoss=0.2062]
 Training ATK-edg60000-s7-t7:  48%|████▊     | 24/50 [00:25<00:26,  1.03s/it, Saved at =inf, TrLoss=0.1929]
 Training ATK-edg60000-s7-t7:  50%|█████     | 25/50 [00:25<00:25,  1.03s/it, Saved at =inf, TrLoss=0.1929]
 Training ATK-edg60000-s7-t7:  50%|█████     | 25/50 [00:26<00:25,  1.03s/it, Saved at =inf, TrLoss=0.1965]
 Training ATK-edg60000-s7-t7:  52%|█████▏    | 26/50 [00:26<00:24,  1.03s/it, Saved at =inf, TrLoss=0.1965]
 Training ATK-edg60000-s7-t7:  52%|█████▏    | 26/50 [00:27<00:24,  1.03s/it, Saved at =inf, TrLoss=0.1877]
 Training ATK-edg60000-s7-t7:  54%|█████▍    | 27/50 [00:27<00:23,  1.03s/it, Saved at =inf, TrLoss=0.1877]
 Training ATK-edg60000-s7-t7:  54%|█████▍    | 27/50 [00:28<00:23,  1.03s/it, Saved at =inf, TrLoss=0.1940]
 Training ATK-edg60000-s7-t7:  56%|█████▌    | 28/50 [00:28<00:22,  1.03s/it, Saved at =inf, TrLoss=0.1940]
 Training ATK-edg60000-s7-t7:  56%|█████▌    | 28/50 [00:29<00:22,  1.03s/it, Saved at =inf, TrLoss=0.1833]
 Training ATK-edg60000-s7-t7:  58%|█████▊    | 29/50 [00:29<00:21,  1.03s/it, Saved at =inf, TrLoss=0.1833]
 Training ATK-edg60000-s7-t7:  58%|█████▊    | 29/50 [00:30<00:21,  1.03s/it, Saved at =inf, TrLoss=0.1854]
 Training ATK-edg60000-s7-t7:  60%|██████    | 30/50 [00:30<00:20,  1.03s/it, Saved at =inf, TrLoss=0.1854]
 Training ATK-edg60000-s7-t7:  60%|██████    | 30/50 [00:31<00:20,  1.03s/it, Saved at =inf, TrLoss=0.1785]
 Training ATK-edg60000-s7-t7:  62%|██████▏   | 31/50 [00:31<00:19,  1.03s/it, Saved at =inf, TrLoss=0.1785]
 Training ATK-edg60000-s7-t7:  62%|██████▏   | 31/50 [00:32<00:19,  1.03s/it, Saved at =inf, TrLoss=0.1817]
 Training ATK-edg60000-s7-t7:  64%|██████▍   | 32/50 [00:33<00:18,  1.03s/it, Saved at =inf, TrLoss=0.1817]
 Training ATK-edg60000-s7-t7:  64%|██████▍   | 32/50 [00:33<00:18,  1.03s/it, Saved at =inf, TrLoss=0.1748]
 Training ATK-edg60000-s7-t7:  66%|██████▌   | 33/50 [00:34<00:17,  1.03s/it, Saved at =inf, TrLoss=0.1748]
 Training ATK-edg60000-s7-t7:  66%|██████▌   | 33/50 [00:34<00:17,  1.03s/it, Saved at =inf, TrLoss=0.1785]
 Training ATK-edg60000-s7-t7:  68%|██████▊   | 34/50 [00:35<00:16,  1.03s/it, Saved at =inf, TrLoss=0.1785]
 Training ATK-edg60000-s7-t7:  68%|██████▊   | 34/50 [00:35<00:16,  1.03s/it, Saved at =inf, TrLoss=0.1737]
 Training ATK-edg60000-s7-t7:  70%|███████   | 35/50 [00:36<00:15,  1.03s/it, Saved at =inf, TrLoss=0.1737]
 Training ATK-edg60000-s7-t7:  70%|███████   | 35/50 [00:36<00:15,  1.03s/it, Saved at =inf, TrLoss=0.1731]
 Training ATK-edg60000-s7-t7:  72%|███████▏  | 36/50 [00:37<00:14,  1.03s/it, Saved at =inf, TrLoss=0.1731]
 Training ATK-edg60000-s7-t7:  72%|███████▏  | 36/50 [00:37<00:14,  1.03s/it, Saved at =inf, TrLoss=0.1731]
 Training ATK-edg60000-s7-t7:  74%|███████▍  | 37/50 [00:38<00:13,  1.03s/it, Saved at =inf, TrLoss=0.1731]
 Training ATK-edg60000-s7-t7:  74%|███████▍  | 37/50 [00:38<00:13,  1.03s/it, Saved at =inf, TrLoss=0.1702]
 Training ATK-edg60000-s7-t7:  76%|███████▌  | 38/50 [00:39<00:12,  1.03s/it, Saved at =inf, TrLoss=0.1702]
 Training ATK-edg60000-s7-t7:  76%|███████▌  | 38/50 [00:40<00:12,  1.03s/it, Saved at =inf, TrLoss=0.1724]
 Training ATK-edg60000-s7-t7:  78%|███████▊  | 39/50 [00:40<00:11,  1.03s/it, Saved at =inf, TrLoss=0.1724]
 Training ATK-edg60000-s7-t7:  78%|███████▊  | 39/50 [00:41<00:11,  1.03s/it, Saved at =inf, TrLoss=0.1681]
 Training ATK-edg60000-s7-t7:  80%|████████  | 40/50 [00:41<00:10,  1.03s/it, Saved at =inf, TrLoss=0.1681]
 Training ATK-edg60000-s7-t7:  80%|████████  | 40/50 [00:42<00:10,  1.03s/it, Saved at =inf, TrLoss=0.1698]
 Training ATK-edg60000-s7-t7:  82%|████████▏ | 41/50 [00:42<00:09,  1.03s/it, Saved at =inf, TrLoss=0.1698]
 Training ATK-edg60000-s7-t7:  82%|████████▏ | 41/50 [00:43<00:09,  1.03s/it, Saved at =inf, TrLoss=0.1664]
 Training ATK-edg60000-s7-t7:  84%|████████▍ | 42/50 [00:43<00:08,  1.03s/it, Saved at =inf, TrLoss=0.1664]
 Training ATK-edg60000-s7-t7:  84%|████████▍ | 42/50 [00:44<00:08,  1.03s/it, Saved at =inf, TrLoss=0.1680]
 Training ATK-edg60000-s7-t7:  86%|████████▌ | 43/50 [00:44<00:07,  1.03s/it, Saved at =inf, TrLoss=0.1680]
 Training ATK-edg60000-s7-t7:  86%|████████▌ | 43/50 [00:45<00:07,  1.03s/it, Saved at =inf, TrLoss=0.1639]
 Training ATK-edg60000-s7-t7:  88%|████████▊ | 44/50 [00:45<00:06,  1.03s/it, Saved at =inf, TrLoss=0.1639]
 Training ATK-edg60000-s7-t7:  88%|████████▊ | 44/50 [00:46<00:06,  1.03s/it, Saved at =inf, TrLoss=0.1650]
 Training ATK-edg60000-s7-t7:  90%|█████████ | 45/50 [00:46<00:05,  1.03s/it, Saved at =inf, TrLoss=0.1650]
 Training ATK-edg60000-s7-t7:  90%|█████████ | 45/50 [00:47<00:05,  1.03s/it, Saved at =inf, TrLoss=0.1650]
 Training ATK-edg60000-s7-t7:  92%|█████████▏| 46/50 [00:47<00:04,  1.03s/it, Saved at =inf, TrLoss=0.1650]
 Training ATK-edg60000-s7-t7:  92%|█████████▏| 46/50 [00:48<00:04,  1.03s/it, Saved at =inf, TrLoss=0.1629]
 Training ATK-edg60000-s7-t7:  94%|█████████▍| 47/50 [00:48<00:03,  1.03s/it, Saved at =inf, TrLoss=0.1629]
 Training ATK-edg60000-s7-t7:  94%|█████████▍| 47/50 [00:49<00:03,  1.03s/it, Saved at =inf, TrLoss=0.1625]
 Training ATK-edg60000-s7-t7:  96%|█████████▌| 48/50 [00:49<00:02,  1.03s/it, Saved at =inf, TrLoss=0.1625]
 Training ATK-edg60000-s7-t7:  96%|█████████▌| 48/50 [00:50<00:02,  1.03s/it, Saved at =inf, TrLoss=0.1617]
 Training ATK-edg60000-s7-t7:  98%|█████████▊| 49/50 [00:50<00:01,  1.03s/it, Saved at =inf, TrLoss=0.1617]
 Training ATK-edg60000-s7-t7:  98%|█████████▊| 49/50 [00:51<00:01,  1.03s/it, Saved at =inf, TrLoss=0.1605]
 Training ATK-edg60000-s7-t7: 100%|██████████| 50/50 [00:51<00:00,  1.03s/it, Saved at =inf, TrLoss=0.1605]
 Training ATK-edg60000-s7-t7: 100%|██████████| 50/50 [00:51<00:00,  1.03s/it, Saved at =inf, TrLoss=0.1605]
[18:59:41]   MCC=0.604±0.063, AUC=0.896±0.029, BAcc=0.810±0.038
[19:06:21]   [edg60000 s7] 1500/13278 candidates scanned, 1365 eligible
[19:08:30]   [edg60000 s7] 2000/13278 candidates scanned, 1810 eligible
[19:10:35]   [edg60000 s7] 2500/13278 candidates scanned, 2238 eligible
[19:12:38]   [edg60000 s7] 3000/13278 candidates scanned, 2662 eligible
[19:16:38]   [edg60000 s7] 4000/13278 candidates scanned, 3489 eligible
[19:18:31]   [edg60000 s7] 4500/13278 candidates scanned, 3877 eligible
[19:20:19]   [edg60000 s7] 5000/13278 candidates scanned, 4249 eligible
[19:22:13]   [edg60000 s7] 5500/13278 candidates scanned, 4639 eligible
[19:24:02]   [edg60000 s7] 6000/13278 candidates scanned, 5014 eligible
[19:25:53]   [edg60000 s7] 6500/13278 candidates scanned, 5395 eligible
[19:27:36]   [edg60000 s7] 7000/13278 candidates scanned, 5749 eligible
[19:30:45]   [edg60000 s7] 8000/13278 candidates scanned, 6400 eligible
[19:32:08]   [edg60000 s7] 8500/13278 candidates scanned, 6685 eligible
[19:33:52]   [edg60000 s7] 9000/13278 candidates scanned, 7041 eligible
[19:35:39]   [edg60000 s7] 9500/13278 candidates scanned, 7409 eligible
[19:37:20]   [edg60000 s7] 10000/13278 candidates scanned, 7757 eligible
[19:44:48]   [edg60000 s7] 13000/13278 candidates scanned, 9294 eligible
[19:45:10]   edg60000 seed 7: n=9369 AUC=0.896 | flip% random total/prop 8.1/1.8 | optimized 11.8/3.5 | 52.1 min
