<ps-env>/lib/python3.10/site-packages/networkx/utils/backends.py:563: RuntimeWarning: Error encountered when loading info for backend cugraph: No module named '_nx_cugraph'
  backend_info.update(_get_backends("networkx.backend_info", load_and_call=True))
[18:21:19] Training GDTE on edg60000 (seed=1)...

 Training FV-edg60000-s1-t2:   0%|          | 0/50 [00:00<?, ?it/s]
 Training FV-edg60000-s1-t2:   0%|          | 0/50 [00:00<?, ?it/s, Saved at =inf, TrLoss=0.7340]
 Training FV-edg60000-s1-t2:   2%|▏         | 1/50 [00:00<00:30,  1.61it/s, Saved at =inf, TrLoss=0.7340]
 Training FV-edg60000-s1-t2:   2%|▏         | 1/50 [00:00<00:30,  1.61it/s, Saved at =inf, TrLoss=0.9622]
 Training FV-edg60000-s1-t2:   4%|▍         | 2/50 [00:00<00:21,  2.26it/s, Saved at =inf, TrLoss=0.9622]
 Training FV-edg60000-s1-t2:   4%|▍         | 2/50 [00:01<00:21,  2.26it/s, Saved at =inf, TrLoss=0.4037]
 Training FV-edg60000-s1-t2:   6%|▌         | 3/50 [00:01<00:18,  2.60it/s, Saved at =inf, TrLoss=0.4037]
 Training FV-edg60000-s1-t2:   6%|▌         | 3/50 [00:01<00:18,  2.60it/s, Saved at =inf, TrLoss=0.4642]
 Training FV-edg60000-s1-t2:   8%|▊         | 4/50 [00:01<00:16,  2.80it/s, Saved at =inf, TrLoss=0.4642]
 Training FV-edg60000-s1-t2:   8%|▊         | 4/50 [00:01<00:16,  2.80it/s, Saved at =inf, TrLoss=0.3428]
 Training FV-edg60000-s1-t2:  10%|█         | 5/50 [00:01<00:15,  2.93it/s, Saved at =inf, TrLoss=0.3428]
 Training FV-edg60000-s1-t2:  10%|█         | 5/50 [00:02<00:15,  2.93it/s, Saved at =inf, TrLoss=0.2685]
 Training FV-edg60000-s1-t2:  12%|█▏        | 6/50 [00:02<00:14,  3.01it/s, Saved at =inf, TrLoss=0.2685]
 Training FV-edg60000-s1-t2:  12%|█▏        | 6/50 [00:02<00:14,  3.01it/s, Saved at =inf, TrLoss=0.2732]
 Training FV-edg60000-s1-t2:  14%|█▍        | 7/50 [00:02<00:14,  3.07it/s, Saved at =inf, TrLoss=0.2732]
 Training FV-edg60000-s1-t2:  14%|█▍        | 7/50 [00:02<00:14,  3.07it/s, Saved at =inf, TrLoss=0.2581]
 Training FV-edg60000-s1-t2:  16%|█▌        | 8/50 [00:02<00:13,  3.10it/s, Saved at =inf, TrLoss=0.2581]
 Training FV-edg60000-s1-t2:  16%|█▌        | 8/50 [00:03<00:13,  3.10it/s, Saved at =inf, TrLoss=0.2256]
 Training FV-edg60000-s1-t2:  18%|█▊        | 9/50 [00:03<00:13,  3.13it/s, Saved at =inf, TrLoss=0.2256]
 Training FV-edg60000-s1-t2:  18%|█▊        | 9/50 [00:03<00:13,  3.13it/s, Saved at =inf, TrLoss=0.2408]
 Training FV-edg60000-s1-t2:  20%|██        | 10/50 [00:03<00:12,  3.14it/s, Saved at =inf, TrLoss=0.2408]
 Training FV-edg60000-s1-t2:  20%|██        | 10/50 [00:03<00:12,  3.14it/s, Saved at =inf, TrLoss=0.2253]
 Training FV-edg60000-s1-t2:  22%|██▏       | 11/50 [00:03<00:12,  3.16it/s, Saved at =inf, TrLoss=0.2253]
 Training FV-edg60000-s1-t2:  22%|██▏       | 11/50 [00:03<00:12,  3.16it/s, Saved at =inf, TrLoss=0.2360]
 Training FV-edg60000-s1-t2:  24%|██▍       | 12/50 [00:04<00:11,  3.17it/s, Saved at =inf, TrLoss=0.2360]
 Training FV-edg60000-s1-t2:  24%|██▍       | 12/50 [00:04<00:11,  3.17it/s, Saved at =inf, TrLoss=0.2242]
 Training FV-edg60000-s1-t2:  26%|██▌       | 13/50 [00:04<00:11,  3.18it/s, Saved at =inf, TrLoss=0.2242]
 Training FV-edg60000-s1-t2:  26%|██▌       | 13/50 [00:04<00:11,  3.18it/s, Saved at =inf, TrLoss=0.2041]
 Training FV-edg60000-s1-t2:  28%|██▊       | 14/50 [00:04<00:11,  3.18it/s, Saved at =inf, TrLoss=0.2041]
 Training FV-edg60000-s1-t2:  28%|██▊       | 14/50 [00:04<00:11,  3.18it/s, Saved at =inf, TrLoss=0.2123]
 Training FV-edg60000-s1-t2:  30%|███       | 15/50 [00:05<00:10,  3.18it/s, Saved at =inf, TrLoss=0.2123]
 Training FV-edg60000-s1-t2:  30%|███       | 15/50 [00:05<00:10,  3.18it/s, Saved at =inf, TrLoss=0.1935]
 Training FV-edg60000-s1-t2:  32%|███▏      | 16/50 [00:05<00:10,  3.19it/s, Saved at =inf, TrLoss=0.1935]
 Training FV-edg60000-s1-t2:  32%|███▏      | 16/50 [00:05<00:10,  3.19it/s, Saved at =inf, TrLoss=0.1975]
 Training FV-edg60000-s1-t2:  34%|███▍      | 17/50 [00:05<00:10,  3.19it/s, Saved at =inf, TrLoss=0.1975]
 Training FV-edg60000-s1-t2:  34%|███▍      | 17/50 [00:05<00:10,  3.19it/s, Saved at =inf, TrLoss=0.1947]
 Training FV-edg60000-s1-t2:  36%|███▌      | 18/50 [00:05<00:10,  3.19it/s, Saved at =inf, TrLoss=0.1947]
 Training FV-edg60000-s1-t2:  36%|███▌      | 18/50 [00:06<00:10,  3.19it/s, Saved at =inf, TrLoss=0.1859]
 Training FV-edg60000-s1-t2:  38%|███▊      | 19/50 [00:06<00:09,  3.19it/s, Saved at =inf, TrLoss=0.1859]
 Training FV-edg60000-s1-t2:  38%|███▊      | 19/50 [00:06<00:09,  3.19it/s, Saved at =inf, TrLoss=0.1882]
 Training FV-edg60000-s1-t2:  40%|████      | 20/50 [00:06<00:09,  3.19it/s, Saved at =inf, TrLoss=0.1882]
 Training FV-edg60000-s1-t2:  40%|████      | 20/50 [00:06<00:09,  3.19it/s, Saved at =inf, TrLoss=0.1824]
 Training FV-edg60000-s1-t2:  42%|████▏     | 21/50 [00:06<00:09,  3.19it/s, Saved at =inf, TrLoss=0.1824]
 Training FV-edg60000-s1-t2:  42%|████▏     | 21/50 [00:07<00:09,  3.19it/s, Saved at =inf, TrLoss=0.1765]
 Training FV-edg60000-s1-t2:  44%|████▍     | 22/50 [00:07<00:08,  3.19it/s, Saved at =inf, TrLoss=0.1765]
 Training FV-edg60000-s1-t2:  44%|████▍     | 22/50 [00:07<00:08,  3.19it/s, Saved at =inf, TrLoss=0.1787]
 Training FV-edg60000-s1-t2:  46%|████▌     | 23/50 [00:07<00:08,  3.19it/s, Saved at =inf, TrLoss=0.1787]
 Training FV-edg60000-s1-t2:  46%|████▌     | 23/50 [00:07<00:08,  3.19it/s, Saved at =inf, TrLoss=0.1721]
 Training FV-edg60000-s1-t2:  48%|████▊     | 24/50 [00:07<00:08,  3.19it/s, Saved at =inf, TrLoss=0.1721]
 Training FV-edg60000-s1-t2:  48%|████▊     | 24/50 [00:08<00:08,  3.19it/s, Saved at =inf, TrLoss=0.1703]
 Training FV-edg60000-s1-t2:  50%|█████     | 25/50 [00:08<00:07,  3.19it/s, Saved at =inf, TrLoss=0.1703]
 Training FV-edg60000-s1-t2:  50%|█████     | 25/50 [00:08<00:07,  3.19it/s, Saved at =inf, TrLoss=0.1706]
 Training FV-edg60000-s1-t2:  52%|█████▏    | 26/50 [00:08<00:07,  3.19it/s, Saved at =inf, TrLoss=0.1706]
 Training FV-edg60000-s1-t2:  52%|█████▏    | 26/50 [00:08<00:07,  3.19it/s, Saved at =inf, TrLoss=0.1648]
 Training FV-edg60000-s1-t2:  54%|█████▍    | 27/50 [00:08<00:07,  3.19it/s, Saved at =inf, TrLoss=0.1648]
 Training FV-edg60000-s1-t2:  54%|█████▍    | 27/50 [00:08<00:07,  3.19it/s, Saved at =inf, TrLoss=0.1659]
 Training FV-edg60000-s1-t2:  56%|█████▌    | 28/50 [00:09<00:06,  3.19it/s, Saved at =inf, TrLoss=0.1659]
 Training FV-edg60000-s1-t2:  56%|█████▌    | 28/50 [00:09<00:06,  3.19it/s, Saved at =inf, TrLoss=0.1606]
 Training FV-edg60000-s1-t2:  58%|█████▊    | 29/50 [00:09<00:06,  3.19it/s, Saved at =inf, TrLoss=0.1606]
 Training FV-edg60000-s1-t2:  58%|█████▊    | 29/50 [00:09<00:06,  3.19it/s, Saved at =inf, TrLoss=0.1583]
 Training FV-edg60000-s1-t2:  60%|██████    | 30/50 [00:09<00:06,  3.19it/s, Saved at =inf, TrLoss=0.1583]
 Training FV-edg60000-s1-t2:  60%|██████    | 30/50 [00:09<00:06,  3.19it/s, Saved at =inf, TrLoss=0.1604]
 Training FV-edg60000-s1-t2:  62%|██████▏   | 31/50 [00:10<00:05,  3.19it/s, Saved at =inf, TrLoss=0.1604]
 Training FV-edg60000-s1-t2:  62%|██████▏   | 31/50 [00:10<00:05,  3.19it/s, Saved at =inf, TrLoss=0.1528]
 Training FV-edg60000-s1-t2:  64%|██████▍   | 32/50 [00:10<00:05,  3.19it/s, Saved at =inf, TrLoss=0.1528]
 Training FV-edg60000-s1-t2:  64%|██████▍   | 32/50 [00:10<00:05,  3.19it/s, Saved at =inf, TrLoss=0.1546]
 Training FV-edg60000-s1-t2:  66%|██████▌   | 33/50 [00:10<00:05,  3.19it/s, Saved at =inf, TrLoss=0.1546]
 Training FV-edg60000-s1-t2:  66%|██████▌   | 33/50 [00:10<00:05,  3.19it/s, Saved at =inf, TrLoss=0.1506]
 Training FV-edg60000-s1-t2:  68%|██████▊   | 34/50 [00:10<00:05,  3.19it/s, Saved at =inf, TrLoss=0.1506]
 Training FV-edg60000-s1-t2:  68%|██████▊   | 34/50 [00:11<00:05,  3.19it/s, Saved at =inf, TrLoss=0.1521]
 Training FV-edg60000-s1-t2:  70%|███████   | 35/50 [00:11<00:04,  3.19it/s, Saved at =inf, TrLoss=0.1521]
 Training FV-edg60000-s1-t2:  70%|███████   | 35/50 [00:11<00:04,  3.19it/s, Saved at =inf, TrLoss=0.1459]
 Training FV-edg60000-s1-t2:  72%|███████▏  | 36/50 [00:11<00:04,  3.19it/s, Saved at =inf, TrLoss=0.1459]
 Training FV-edg60000-s1-t2:  72%|███████▏  | 36/50 [00:11<00:04,  3.19it/s, Saved at =inf, TrLoss=0.1481]
 Training FV-edg60000-s1-t2:  74%|███████▍  | 37/50 [00:11<00:04,  3.19it/s, Saved at =inf, TrLoss=0.1481]
 Training FV-edg60000-s1-t2:  74%|███████▍  | 37/50 [00:12<00:04,  3.19it/s, Saved at =inf, TrLoss=0.1419]
 Training FV-edg60000-s1-t2:  76%|███████▌  | 38/50 [00:12<00:03,  3.19it/s, Saved at =inf, TrLoss=0.1419]
 Training FV-edg60000-s1-t2:  76%|███████▌  | 38/50 [00:12<00:03,  3.19it/s, Saved at =inf, TrLoss=0.1476]
 Training FV-edg60000-s1-t2:  78%|███████▊  | 39/50 [00:12<00:03,  3.18it/s, Saved at =inf, TrLoss=0.1476]
 Training FV-edg60000-s1-t2:  78%|███████▊  | 39/50 [00:12<00:03,  3.18it/s, Saved at =inf, TrLoss=0.1444]
 Training FV-edg60000-s1-t2:  80%|████████  | 40/50 [00:12<00:03,  3.19it/s, Saved at =inf, TrLoss=0.1444]
 Training FV-edg60000-s1-t2:  80%|████████  | 40/50 [00:13<00:03,  3.19it/s, Saved at =inf, TrLoss=0.1400]
 Training FV-edg60000-s1-t2:  82%|████████▏ | 41/50 [00:13<00:02,  3.19it/s, Saved at =inf, TrLoss=0.1400]
 Training FV-edg60000-s1-t2:  82%|████████▏ | 41/50 [00:13<00:02,  3.19it/s, Saved at =inf, TrLoss=0.1412]
 Training FV-edg60000-s1-t2:  84%|████████▍ | 42/50 [00:13<00:02,  3.19it/s, Saved at =inf, TrLoss=0.1412]
 Training FV-edg60000-s1-t2:  84%|████████▍ | 42/50 [00:13<00:02,  3.19it/s, Saved at =inf, TrLoss=0.1400]
 Training FV-edg60000-s1-t2:  86%|████████▌ | 43/50 [00:13<00:02,  3.19it/s, Saved at =inf, TrLoss=0.1400]
 Training FV-edg60000-s1-t2:  86%|████████▌ | 43/50 [00:14<00:02,  3.19it/s, Saved at =inf, TrLoss=0.1370]
 Training FV-edg60000-s1-t2:  88%|████████▊ | 44/50 [00:14<00:01,  3.19it/s, Saved at =inf, TrLoss=0.1370]
 Training FV-edg60000-s1-t2:  88%|████████▊ | 44/50 [00:14<00:01,  3.19it/s, Saved at =inf, TrLoss=0.1408]
 Training FV-edg60000-s1-t2:  90%|█████████ | 45/50 [00:14<00:01,  3.19it/s, Saved at =inf, TrLoss=0.1408]
 Training FV-edg60000-s1-t2:  90%|█████████ | 45/50 [00:14<00:01,  3.19it/s, Saved at =inf, TrLoss=0.1377]
 Training FV-edg60000-s1-t2:  92%|█████████▏| 46/50 [00:14<00:01,  3.19it/s, Saved at =inf, TrLoss=0.1377]
 Training FV-edg60000-s1-t2:  92%|█████████▏| 46/50 [00:14<00:01,  3.19it/s, Saved at =inf, TrLoss=0.1334]
 Training FV-edg60000-s1-t2:  94%|█████████▍| 47/50 [00:15<00:00,  3.19it/s, Saved at =inf, TrLoss=0.1334]
 Training FV-edg60000-s1-t2:  94%|█████████▍| 47/50 [00:15<00:00,  3.19it/s, Saved at =inf, TrLoss=0.1380]
 Training FV-edg60000-s1-t2:  96%|█████████▌| 48/50 [00:15<00:00,  3.19it/s, Saved at =inf, TrLoss=0.1380]
 Training FV-edg60000-s1-t2:  96%|█████████▌| 48/50 [00:15<00:00,  3.19it/s, Saved at =inf, TrLoss=0.1364]
 Training FV-edg60000-s1-t2:  98%|█████████▊| 49/50 [00:15<00:00,  3.19it/s, Saved at =inf, TrLoss=0.1364]
 Training FV-edg60000-s1-t2:  98%|█████████▊| 49/50 [00:15<00:00,  3.19it/s, Saved at =inf, TrLoss=0.1367]
 Training FV-edg60000-s1-t2: 100%|██████████| 50/50 [00:15<00:00,  3.19it/s, Saved at =inf, TrLoss=0.1367]
 Training FV-edg60000-s1-t2: 100%|██████████| 50/50 [00:15<00:00,  3.13it/s, Saved at =inf, TrLoss=0.1367]

 Training FV-edg60000-s1-t3:   0%|          | 0/50 [00:00<?, ?it/s]
 Training FV-edg60000-s1-t3:   0%|          | 0/50 [00:00<?, ?it/s, Saved at =inf, TrLoss=1.1058]
 Training FV-edg60000-s1-t3:   2%|▏         | 1/50 [00:00<00:21,  2.31it/s, Saved at =inf, TrLoss=1.1058]
 Training FV-edg60000-s1-t3:   2%|▏         | 1/50 [00:00<00:21,  2.31it/s, Saved at =inf, TrLoss=0.6391]
 Training FV-edg60000-s1-t3:   4%|▍         | 2/50 [00:00<00:20,  2.34it/s, Saved at =inf, TrLoss=0.6391]
 Training FV-edg60000-s1-t3:   4%|▍         | 2/50 [00:01<00:20,  2.34it/s, Saved at =inf, TrLoss=0.5081]
 Training FV-edg60000-s1-t3:   6%|▌         | 3/50 [00:01<00:19,  2.35it/s, Saved at =inf, TrLoss=0.5081]
 Training FV-edg60000-s1-t3:   6%|▌         | 3/50 [00:01<00:19,  2.35it/s, Saved at =inf, TrLoss=0.4223]
 Training FV-edg60000-s1-t3:   8%|▊         | 4/50 [00:01<00:19,  2.36it/s, Saved at =inf, TrLoss=0.4223]
 Training FV-edg60000-s1-t3:   8%|▊         | 4/50 [00:02<00:19,  2.36it/s, Saved at =inf, TrLoss=0.3528]
 Training FV-edg60000-s1-t3:  10%|█         | 5/50 [00:02<00:19,  2.36it/s, Saved at =inf, TrLoss=0.3528]
 Training FV-edg60000-s1-t3:  10%|█         | 5/50 [00:02<00:19,  2.36it/s, Saved at =inf, TrLoss=0.3156]
 Training FV-edg60000-s1-t3:  12%|█▏        | 6/50 [00:02<00:18,  2.36it/s, Saved at =inf, TrLoss=0.3156]
 Training FV-edg60000-s1-t3:  12%|█▏        | 6/50 [00:02<00:18,  2.36it/s, Saved at =inf, TrLoss=0.2886]
 Training FV-edg60000-s1-t3:  14%|█▍        | 7/50 [00:02<00:18,  2.37it/s, Saved at =inf, TrLoss=0.2886]
 Training FV-edg60000-s1-t3:  14%|█▍        | 7/50 [00:03<00:18,  2.37it/s, Saved at =inf, TrLoss=0.2895]
 Training FV-edg60000-s1-t3:  16%|█▌        | 8/50 [00:03<00:17,  2.37it/s, Saved at =inf, TrLoss=0.2895]
 Training FV-edg60000-s1-t3:  16%|█▌        | 8/50 [00:03<00:17,  2.37it/s, Saved at =inf, TrLoss=0.2890]
 Training FV-edg60000-s1-t3:  18%|█▊        | 9/50 [00:03<00:17,  2.37it/s, Saved at =inf, TrLoss=0.2890]
 Training FV-edg60000-s1-t3:  18%|█▊        | 9/50 [00:04<00:17,  2.37it/s, Saved at =inf, TrLoss=0.2676]
 Training FV-edg60000-s1-t3:  20%|██        | 10/50 [00:04<00:16,  2.37it/s, Saved at =inf, TrLoss=0.2676]
 Training FV-edg60000-s1-t3:  20%|██        | 10/50 [00:04<00:16,  2.37it/s, Saved at =inf, TrLoss=0.2457]
 Training FV-edg60000-s1-t3:  22%|██▏       | 11/50 [00:04<00:16,  2.37it/s, Saved at =inf, TrLoss=0.2457]
 Training FV-edg60000-s1-t3:  22%|██▏       | 11/50 [00:04<00:16,  2.37it/s, Saved at =inf, TrLoss=0.2493]
 Training FV-edg60000-s1-t3:  24%|██▍       | 12/50 [00:05<00:16,  2.37it/s, Saved at =inf, TrLoss=0.2493]
 Training FV-edg60000-s1-t3:  24%|██▍       | 12/50 [00:05<00:16,  2.37it/s, Saved at =inf, TrLoss=0.2307]
 Training FV-edg60000-s1-t3:  26%|██▌       | 13/50 [00:05<00:15,  2.37it/s, Saved at =inf, TrLoss=0.2307]
 Training FV-edg60000-s1-t3:  26%|██▌       | 13/50 [00:05<00:15,  2.37it/s, Saved at =inf, TrLoss=0.2240]
 Training FV-edg60000-s1-t3:  28%|██▊       | 14/50 [00:05<00:15,  2.37it/s, Saved at =inf, TrLoss=0.2240]
 Training FV-edg60000-s1-t3:  28%|██▊       | 14/50 [00:06<00:15,  2.37it/s, Saved at =inf, TrLoss=0.2249]
 Training FV-edg60000-s1-t3:  30%|███       | 15/50 [00:06<00:14,  2.37it/s, Saved at =inf, TrLoss=0.2249]
 Training FV-edg60000-s1-t3:  30%|███       | 15/50 [00:06<00:14,  2.37it/s, Saved at =inf, TrLoss=0.2085]
 Training FV-edg60000-s1-t3:  32%|███▏      | 16/50 [00:06<00:14,  2.37it/s, Saved at =inf, TrLoss=0.2085]
 Training FV-edg60000-s1-t3:  32%|███▏      | 16/50 [00:07<00:14,  2.37it/s, Saved at =inf, TrLoss=0.2118]
 Training FV-edg60000-s1-t3:  34%|███▍      | 17/50 [00:07<00:13,  2.37it/s, Saved at =inf, TrLoss=0.2118]
 Training FV-edg60000-s1-t3:  34%|███▍      | 17/50 [00:07<00:13,  2.37it/s, Saved at =inf, TrLoss=0.2034]
 Training FV-edg60000-s1-t3:  36%|███▌      | 18/50 [00:07<00:13,  2.37it/s, Saved at =inf, TrLoss=0.2034]
 Training FV-edg60000-s1-t3:  36%|███▌      | 18/50 [00:07<00:13,  2.37it/s, Saved at =inf, TrLoss=0.2007]
 Training FV-edg60000-s1-t3:  38%|███▊      | 19/50 [00:08<00:13,  2.37it/s, Saved at =inf, TrLoss=0.2007]
 Training FV-edg60000-s1-t3:  38%|███▊      | 19/50 [00:08<00:13,  2.37it/s, Saved at =inf, TrLoss=0.1990]
 Training FV-edg60000-s1-t3:  40%|████      | 20/50 [00:08<00:12,  2.37it/s, Saved at =inf, TrLoss=0.1990]
 Training FV-edg60000-s1-t3:  40%|████      | 20/50 [00:08<00:12,  2.37it/s, Saved at =inf, TrLoss=0.1924]
 Training FV-edg60000-s1-t3:  42%|████▏     | 21/50 [00:08<00:12,  2.37it/s, Saved at =inf, TrLoss=0.1924]
 Training FV-edg60000-s1-t3:  42%|████▏     | 21/50 [00:09<00:12,  2.37it/s, Saved at =inf, TrLoss=0.1937]
 Training FV-edg60000-s1-t3:  44%|████▍     | 22/50 [00:09<00:11,  2.37it/s, Saved at =inf, TrLoss=0.1937]
 Training FV-edg60000-s1-t3:  44%|████▍     | 22/50 [00:09<00:11,  2.37it/s, Saved at =inf, TrLoss=0.1899]
 Training FV-edg60000-s1-t3:  46%|████▌     | 23/50 [00:09<00:11,  2.37it/s, Saved at =inf, TrLoss=0.1899]
 Training FV-edg60000-s1-t3:  46%|████▌     | 23/50 [00:10<00:11,  2.37it/s, Saved at =inf, TrLoss=0.1897]
 Training FV-edg60000-s1-t3:  48%|████▊     | 24/50 [00:10<00:10,  2.37it/s, Saved at =inf, TrLoss=0.1897]
 Training FV-edg60000-s1-t3:  48%|████▊     | 24/50 [00:10<00:10,  2.37it/s, Saved at =inf, TrLoss=0.1823]
 Training FV-edg60000-s1-t3:  50%|█████     | 25/50 [00:10<00:10,  2.37it/s, Saved at =inf, TrLoss=0.1823]
 Training FV-edg60000-s1-t3:  50%|█████     | 25/50 [00:10<00:10,  2.37it/s, Saved at =inf, TrLoss=0.1812]
 Training FV-edg60000-s1-t3:  52%|█████▏    | 26/50 [00:10<00:10,  2.37it/s, Saved at =inf, TrLoss=0.1812]
 Training FV-edg60000-s1-t3:  52%|█████▏    | 26/50 [00:11<00:10,  2.37it/s, Saved at =inf, TrLoss=0.1775]
 Training FV-edg60000-s1-t3:  54%|█████▍    | 27/50 [00:11<00:09,  2.37it/s, Saved at =inf, TrLoss=0.1775]
 Training FV-edg60000-s1-t3:  54%|█████▍    | 27/50 [00:11<00:09,  2.37it/s, Saved at =inf, TrLoss=0.1785]
 Training FV-edg60000-s1-t3:  56%|█████▌    | 28/50 [00:11<00:09,  2.37it/s, Saved at =inf, TrLoss=0.1785]
 Training FV-edg60000-s1-t3:  56%|█████▌    | 28/50 [00:12<00:09,  2.37it/s, Saved at =inf, TrLoss=0.1765]
 Training FV-edg60000-s1-t3:  58%|█████▊    | 29/50 [00:12<00:08,  2.37it/s, Saved at =inf, TrLoss=0.1765]
 Training FV-edg60000-s1-t3:  58%|█████▊    | 29/50 [00:12<00:08,  2.37it/s, Saved at =inf, TrLoss=0.1719]
 Training FV-edg60000-s1-t3:  60%|██████    | 30/50 [00:12<00:08,  2.37it/s, Saved at =inf, TrLoss=0.1719]
 Training FV-edg60000-s1-t3:  60%|██████    | 30/50 [00:12<00:08,  2.37it/s, Saved at =inf, TrLoss=0.1713]
 Training FV-edg60000-s1-t3:  62%|██████▏   | 31/50 [00:13<00:08,  2.37it/s, Saved at =inf, TrLoss=0.1713]
 Training FV-edg60000-s1-t3:  62%|██████▏   | 31/50 [00:13<00:08,  2.37it/s, Saved at =inf, TrLoss=0.1689]
 Training FV-edg60000-s1-t3:  64%|██████▍   | 32/50 [00:13<00:07,  2.37it/s, Saved at =inf, TrLoss=0.1689]
 Training FV-edg60000-s1-t3:  64%|██████▍   | 32/50 [00:13<00:07,  2.37it/s, Saved at =inf, TrLoss=0.1655]
 Training FV-edg60000-s1-t3:  66%|██████▌   | 33/50 [00:13<00:07,  2.37it/s, Saved at =inf, TrLoss=0.1655]
 Training FV-edg60000-s1-t3:  66%|██████▌   | 33/50 [00:14<00:07,  2.37it/s, Saved at =inf, TrLoss=0.1659]
 Training FV-edg60000-s1-t3:  68%|██████▊   | 34/50 [00:14<00:06,  2.37it/s, Saved at =inf, TrLoss=0.1659]
 Training FV-edg60000-s1-t3:  68%|██████▊   | 34/50 [00:14<00:06,  2.37it/s, Saved at =inf, TrLoss=0.1652]
 Training FV-edg60000-s1-t3:  70%|███████   | 35/50 [00:14<00:06,  2.37it/s, Saved at =inf, TrLoss=0.1652]
 Training FV-edg60000-s1-t3:  70%|███████   | 35/50 [00:15<00:06,  2.37it/s, Saved at =inf, TrLoss=0.1620]
 Training FV-edg60000-s1-t3:  72%|███████▏  | 36/50 [00:15<00:05,  2.37it/s, Saved at =inf, TrLoss=0.1620]
 Training FV-edg60000-s1-t3:  72%|███████▏  | 36/50 [00:15<00:05,  2.37it/s, Saved at =inf, TrLoss=0.1620]
 Training FV-edg60000-s1-t3:  74%|███████▍  | 37/50 [00:15<00:05,  2.37it/s, Saved at =inf, TrLoss=0.1620]
 Training FV-edg60000-s1-t3:  74%|███████▍  | 37/50 [00:15<00:05,  2.37it/s, Saved at =inf, TrLoss=0.1603]
 Training FV-edg60000-s1-t3:  76%|███████▌  | 38/50 [00:16<00:05,  2.37it/s, Saved at =inf, TrLoss=0.1603]
 Training FV-edg60000-s1-t3:  76%|███████▌  | 38/50 [00:16<00:05,  2.37it/s, Saved at =inf, TrLoss=0.1613]
 Training FV-edg60000-s1-t3:  78%|███████▊  | 39/50 [00:16<00:04,  2.37it/s, Saved at =inf, TrLoss=0.1613]
 Training FV-edg60000-s1-t3:  78%|███████▊  | 39/50 [00:16<00:04,  2.37it/s, Saved at =inf, TrLoss=0.1673]
 Training FV-edg60000-s1-t3:  80%|████████  | 40/50 [00:16<00:04,  2.37it/s, Saved at =inf, TrLoss=0.1673]
 Training FV-edg60000-s1-t3:  80%|████████  | 40/50 [00:17<00:04,  2.37it/s, Saved at =inf, TrLoss=0.1868]
 Training FV-edg60000-s1-t3:  82%|████████▏ | 41/50 [00:17<00:03,  2.37it/s, Saved at =inf, TrLoss=0.1868]
 Training FV-edg60000-s1-t3:  82%|████████▏ | 41/50 [00:17<00:03,  2.37it/s, Saved at =inf, TrLoss=0.1849]
 Training FV-edg60000-s1-t3:  84%|████████▍ | 42/50 [00:17<00:03,  2.37it/s, Saved at =inf, TrLoss=0.1849]
 Training FV-edg60000-s1-t3:  84%|████████▍ | 42/50 [00:18<00:03,  2.37it/s, Saved at =inf, TrLoss=0.1581]
 Training FV-edg60000-s1-t3:  86%|████████▌ | 43/50 [00:18<00:02,  2.37it/s, Saved at =inf, TrLoss=0.1581]
 Training FV-edg60000-s1-t3:  86%|████████▌ | 43/50 [00:18<00:02,  2.37it/s, Saved at =inf, TrLoss=0.1697]
 Training FV-edg60000-s1-t3:  88%|████████▊ | 44/50 [00:18<00:02,  2.37it/s, Saved at =inf, TrLoss=0.1697]
 Training FV-edg60000-s1-t3:  88%|████████▊ | 44/50 [00:18<00:02,  2.37it/s, Saved at =inf, TrLoss=0.1667]
 Training FV-edg60000-s1-t3:  90%|█████████ | 45/50 [00:19<00:02,  2.37it/s, Saved at =inf, TrLoss=0.1667]
 Training FV-edg60000-s1-t3:  90%|█████████ | 45/50 [00:19<00:02,  2.37it/s, Saved at =inf, TrLoss=0.1563]
 Training FV-edg60000-s1-t3:  92%|█████████▏| 46/50 [00:19<00:01,  2.37it/s, Saved at =inf, TrLoss=0.1563]
 Training FV-edg60000-s1-t3:  92%|█████████▏| 46/50 [00:19<00:01,  2.37it/s, Saved at =inf, TrLoss=0.1640]
 Training FV-edg60000-s1-t3:  94%|█████████▍| 47/50 [00:19<00:01,  2.37it/s, Saved at =inf, TrLoss=0.1640]
 Training FV-edg60000-s1-t3:  94%|█████████▍| 47/50 [00:20<00:01,  2.37it/s, Saved at =inf, TrLoss=0.1544]
 Training FV-edg60000-s1-t3:  96%|█████████▌| 48/50 [00:20<00:00,  2.37it/s, Saved at =inf, TrLoss=0.1544]
 Training FV-edg60000-s1-t3:  96%|█████████▌| 48/50 [00:20<00:00,  2.37it/s, Saved at =inf, TrLoss=0.1622]
 Training FV-edg60000-s1-t3:  98%|█████████▊| 49/50 [00:20<00:00,  2.37it/s, Saved at =inf, TrLoss=0.1622]
 Training FV-edg60000-s1-t3:  98%|█████████▊| 49/50 [00:21<00:00,  2.37it/s, Saved at =inf, TrLoss=0.1537]
 Training FV-edg60000-s1-t3: 100%|██████████| 50/50 [00:21<00:00,  2.37it/s, Saved at =inf, TrLoss=0.1537]
 Training FV-edg60000-s1-t3: 100%|██████████| 50/50 [00:21<00:00,  2.37it/s, Saved at =inf, TrLoss=0.1537]

 Training FV-edg60000-s1-t4:   0%|          | 0/50 [00:00<?, ?it/s]
 Training FV-edg60000-s1-t4:   0%|          | 0/50 [00:00<?, ?it/s, Saved at =inf, TrLoss=0.7218]
 Training FV-edg60000-s1-t4:   2%|▏         | 1/50 [00:00<00:27,  1.76it/s, Saved at =inf, TrLoss=0.7218]
 Training FV-edg60000-s1-t4:   2%|▏         | 1/50 [00:00<00:27,  1.76it/s, Saved at =inf, TrLoss=0.7267]
 Training FV-edg60000-s1-t4:   4%|▍         | 2/50 [00:01<00:26,  1.78it/s, Saved at =inf, TrLoss=0.7267]
 Training FV-edg60000-s1-t4:   4%|▍         | 2/50 [00:01<00:26,  1.78it/s, Saved at =inf, TrLoss=0.6530]
 Training FV-edg60000-s1-t4:   6%|▌         | 3/50 [00:01<00:26,  1.79it/s, Saved at =inf, TrLoss=0.6530]
 Training FV-edg60000-s1-t4:   6%|▌         | 3/50 [00:02<00:26,  1.79it/s, Saved at =inf, TrLoss=0.4367]
 Training FV-edg60000-s1-t4:   8%|▊         | 4/50 [00:02<00:25,  1.79it/s, Saved at =inf, TrLoss=0.4367]
 Training FV-edg60000-s1-t4:   8%|▊         | 4/50 [00:02<00:25,  1.79it/s, Saved at =inf, TrLoss=0.3737]
 Training FV-edg60000-s1-t4:  10%|█         | 5/50 [00:02<00:25,  1.80it/s, Saved at =inf, TrLoss=0.3737]
 Training FV-edg60000-s1-t4:  10%|█         | 5/50 [00:03<00:25,  1.80it/s, Saved at =inf, TrLoss=0.4195]
 Training FV-edg60000-s1-t4:  12%|█▏        | 6/50 [00:03<00:24,  1.80it/s, Saved at =inf, TrLoss=0.4195]
 Training FV-edg60000-s1-t4:  12%|█▏        | 6/50 [00:03<00:24,  1.80it/s, Saved at =inf, TrLoss=0.3723]
 Training FV-edg60000-s1-t4:  14%|█▍        | 7/50 [00:03<00:23,  1.80it/s, Saved at =inf, TrLoss=0.3723]
 Training FV-edg60000-s1-t4:  14%|█▍        | 7/50 [00:04<00:23,  1.80it/s, Saved at =inf, TrLoss=0.3243]
 Training FV-edg60000-s1-t4:  16%|█▌        | 8/50 [00:04<00:23,  1.80it/s, Saved at =inf, TrLoss=0.3243]
 Training FV-edg60000-s1-t4:  16%|█▌        | 8/50 [00:04<00:23,  1.80it/s, Saved at =inf, TrLoss=0.3219]
 Training FV-edg60000-s1-t4:  18%|█▊        | 9/50 [00:05<00:22,  1.80it/s, Saved at =inf, TrLoss=0.3219]
 Training FV-edg60000-s1-t4:  18%|█▊        | 9/50 [00:05<00:22,  1.80it/s, Saved at =inf, TrLoss=0.3256]
 Training FV-edg60000-s1-t4:  20%|██        | 10/50 [00:05<00:22,  1.80it/s, Saved at =inf, TrLoss=0.3256]
 Training FV-edg60000-s1-t4:  20%|██        | 10/50 [00:05<00:22,  1.80it/s, Saved at =inf, TrLoss=0.2850]
 Training FV-edg60000-s1-t4:  22%|██▏       | 11/50 [00:06<00:21,  1.80it/s, Saved at =inf, TrLoss=0.2850]
 Training FV-edg60000-s1-t4:  22%|██▏       | 11/50 [00:06<00:21,  1.80it/s, Saved at =inf, TrLoss=0.2427]
 Training FV-edg60000-s1-t4:  24%|██▍       | 12/50 [00:06<00:21,  1.80it/s, Saved at =inf, TrLoss=0.2427]
 Training FV-edg60000-s1-t4:  24%|██▍       | 12/50 [00:07<00:21,  1.80it/s, Saved at =inf, TrLoss=0.2633]
 Training FV-edg60000-s1-t4:  26%|██▌       | 13/50 [00:07<00:20,  1.80it/s, Saved at =inf, TrLoss=0.2633]
 Training FV-edg60000-s1-t4:  26%|██▌       | 13/50 [00:07<00:20,  1.80it/s, Saved at =inf, TrLoss=0.2586]
 Training FV-edg60000-s1-t4:  28%|██▊       | 14/50 [00:07<00:19,  1.80it/s, Saved at =inf, TrLoss=0.2586]
 Training FV-edg60000-s1-t4:  28%|██▊       | 14/50 [00:08<00:19,  1.80it/s, Saved at =inf, TrLoss=0.2285]
 Training FV-edg60000-s1-t4:  30%|███       | 15/50 [00:08<00:19,  1.80it/s, Saved at =inf, TrLoss=0.2285]
 Training FV-edg60000-s1-t4:  30%|███       | 15/50 [00:08<00:19,  1.80it/s, Saved at =inf, TrLoss=0.2402]
 Training FV-edg60000-s1-t4:  32%|███▏      | 16/50 [00:08<00:18,  1.81it/s, Saved at =inf, TrLoss=0.2402]
 Training FV-edg60000-s1-t4:  32%|███▏      | 16/50 [00:09<00:18,  1.81it/s, Saved at =inf, TrLoss=0.2408]
 Training FV-edg60000-s1-t4:  34%|███▍      | 17/50 [00:09<00:18,  1.81it/s, Saved at =inf, TrLoss=0.2408]
 Training FV-edg60000-s1-t4:  34%|███▍      | 17/50 [00:09<00:18,  1.81it/s, Saved at =inf, TrLoss=0.2160]
 Training FV-edg60000-s1-t4:  36%|███▌      | 18/50 [00:09<00:17,  1.81it/s, Saved at =inf, TrLoss=0.2160]
 Training FV-edg60000-s1-t4:  36%|███▌      | 18/50 [00:10<00:17,  1.81it/s, Saved at =inf, TrLoss=0.2123]
 Training FV-edg60000-s1-t4:  38%|███▊      | 19/50 [00:10<00:17,  1.81it/s, Saved at =inf, TrLoss=0.2123]
 Training FV-edg60000-s1-t4:  38%|███▊      | 19/50 [00:10<00:17,  1.81it/s, Saved at =inf, TrLoss=0.2207]
 Training FV-edg60000-s1-t4:  40%|████      | 20/50 [00:11<00:16,  1.81it/s, Saved at =inf, TrLoss=0.2207]
 Training FV-edg60000-s1-t4:  40%|████      | 20/50 [00:11<00:16,  1.81it/s, Saved at =inf, TrLoss=0.2181]
 Training FV-edg60000-s1-t4:  42%|████▏     | 21/50 [00:11<00:16,  1.81it/s, Saved at =inf, TrLoss=0.2181]
 Training FV-edg60000-s1-t4:  42%|████▏     | 21/50 [00:12<00:16,  1.81it/s, Saved at =inf, TrLoss=0.2055]
 Training FV-edg60000-s1-t4:  44%|████▍     | 22/50 [00:12<00:15,  1.81it/s, Saved at =inf, TrLoss=0.2055]
 Training FV-edg60000-s1-t4:  44%|████▍     | 22/50 [00:12<00:15,  1.81it/s, Saved at =inf, TrLoss=0.2048]
 Training FV-edg60000-s1-t4:  46%|████▌     | 23/50 [00:12<00:14,  1.81it/s, Saved at =inf, TrLoss=0.2048]
 Training FV-edg60000-s1-t4:  46%|████▌     | 23/50 [00:13<00:14,  1.81it/s, Saved at =inf, TrLoss=0.2081]
 Training FV-edg60000-s1-t4:  48%|████▊     | 24/50 [00:13<00:14,  1.81it/s, Saved at =inf, TrLoss=0.2081]
 Training FV-edg60000-s1-t4:  48%|████▊     | 24/50 [00:13<00:14,  1.81it/s, Saved at =inf, TrLoss=0.2022]
 Training FV-edg60000-s1-t4:  50%|█████     | 25/50 [00:13<00:13,  1.81it/s, Saved at =inf, TrLoss=0.2022]
 Training FV-edg60000-s1-t4:  50%|█████     | 25/50 [00:14<00:13,  1.81it/s, Saved at =inf, TrLoss=0.1943]
 Training FV-edg60000-s1-t4:  52%|█████▏    | 26/50 [00:14<00:13,  1.81it/s, Saved at =inf, TrLoss=0.1943]
 Training FV-edg60000-s1-t4:  52%|█████▏    | 26/50 [00:14<00:13,  1.81it/s, Saved at =inf, TrLoss=0.2019]
 Training FV-edg60000-s1-t4:  54%|█████▍    | 27/50 [00:14<00:12,  1.81it/s, Saved at =inf, TrLoss=0.2019]
 Training FV-edg60000-s1-t4:  54%|█████▍    | 27/50 [00:15<00:12,  1.81it/s, Saved at =inf, TrLoss=0.1990]
 Training FV-edg60000-s1-t4:  56%|█████▌    | 28/50 [00:15<00:12,  1.81it/s, Saved at =inf, TrLoss=0.1990]
 Training FV-edg60000-s1-t4:  56%|█████▌    | 28/50 [00:15<00:12,  1.81it/s, Saved at =inf, TrLoss=0.1894]
 Training FV-edg60000-s1-t4:  58%|█████▊    | 29/50 [00:16<00:11,  1.81it/s, Saved at =inf, TrLoss=0.1894]
 Training FV-edg60000-s1-t4:  58%|█████▊    | 29/50 [00:16<00:11,  1.81it/s, Saved at =inf, TrLoss=0.1899]
 Training FV-edg60000-s1-t4:  60%|██████    | 30/50 [00:16<00:11,  1.81it/s, Saved at =inf, TrLoss=0.1899]
 Training FV-edg60000-s1-t4:  60%|██████    | 30/50 [00:17<00:11,  1.81it/s, Saved at =inf, TrLoss=0.1891]
 Training FV-edg60000-s1-t4:  62%|██████▏   | 31/50 [00:17<00:10,  1.81it/s, Saved at =inf, TrLoss=0.1891]
 Training FV-edg60000-s1-t4:  62%|██████▏   | 31/50 [00:17<00:10,  1.81it/s, Saved at =inf, TrLoss=0.1823]
 Training FV-edg60000-s1-t4:  64%|██████▍   | 32/50 [00:17<00:09,  1.81it/s, Saved at =inf, TrLoss=0.1823]
 Training FV-edg60000-s1-t4:  64%|██████▍   | 32/50 [00:18<00:09,  1.81it/s, Saved at =inf, TrLoss=0.1814]
 Training FV-edg60000-s1-t4:  66%|██████▌   | 33/50 [00:18<00:09,  1.81it/s, Saved at =inf, TrLoss=0.1814]
 Training FV-edg60000-s1-t4:  66%|██████▌   | 33/50 [00:18<00:09,  1.81it/s, Saved at =inf, TrLoss=0.1817]
 Training FV-edg60000-s1-t4:  68%|██████▊   | 34/50 [00:18<00:08,  1.81it/s, Saved at =inf, TrLoss=0.1817]
 Training FV-edg60000-s1-t4:  68%|██████▊   | 34/50 [00:19<00:08,  1.81it/s, Saved at =inf, TrLoss=0.1781]
 Training FV-edg60000-s1-t4:  70%|███████   | 35/50 [00:19<00:08,  1.81it/s, Saved at =inf, TrLoss=0.1781]
 Training FV-edg60000-s1-t4:  70%|███████   | 35/50 [00:19<00:08,  1.81it/s, Saved at =inf, TrLoss=0.1765]
 Training FV-edg60000-s1-t4:  72%|███████▏  | 36/50 [00:19<00:07,  1.81it/s, Saved at =inf, TrLoss=0.1765]
 Training FV-edg60000-s1-t4:  72%|███████▏  | 36/50 [00:20<00:07,  1.81it/s, Saved at =inf, TrLoss=0.1765]
 Training FV-edg60000-s1-t4:  74%|███████▍  | 37/50 [00:20<00:07,  1.81it/s, Saved at =inf, TrLoss=0.1765]
 Training FV-edg60000-s1-t4:  74%|███████▍  | 37/50 [00:20<00:07,  1.81it/s, Saved at =inf, TrLoss=0.1708]
 Training FV-edg60000-s1-t4:  76%|███████▌  | 38/50 [00:21<00:06,  1.81it/s, Saved at =inf, TrLoss=0.1708]
 Training FV-edg60000-s1-t4:  76%|███████▌  | 38/50 [00:21<00:06,  1.81it/s, Saved at =inf, TrLoss=0.1724]
 Training FV-edg60000-s1-t4:  78%|███████▊  | 39/50 [00:21<00:06,  1.81it/s, Saved at =inf, TrLoss=0.1724]
 Training FV-edg60000-s1-t4:  78%|███████▊  | 39/50 [00:22<00:06,  1.81it/s, Saved at =inf, TrLoss=0.1698]
 Training FV-edg60000-s1-t4:  80%|████████  | 40/50 [00:22<00:05,  1.81it/s, Saved at =inf, TrLoss=0.1698]
 Training FV-edg60000-s1-t4:  80%|████████  | 40/50 [00:22<00:05,  1.81it/s, Saved at =inf, TrLoss=0.1682]
 Training FV-edg60000-s1-t4:  82%|████████▏ | 41/50 [00:22<00:04,  1.81it/s, Saved at =inf, TrLoss=0.1682]
 Training FV-edg60000-s1-t4:  82%|████████▏ | 41/50 [00:23<00:04,  1.81it/s, Saved at =inf, TrLoss=0.1674]
 Training FV-edg60000-s1-t4:  84%|████████▍ | 42/50 [00:23<00:04,  1.81it/s, Saved at =inf, TrLoss=0.1674]
 Training FV-edg60000-s1-t4:  84%|████████▍ | 42/50 [00:23<00:04,  1.81it/s, Saved at =inf, TrLoss=0.1647]
 Training FV-edg60000-s1-t4:  86%|████████▌ | 43/50 [00:23<00:03,  1.81it/s, Saved at =inf, TrLoss=0.1647]
 Training FV-edg60000-s1-t4:  86%|████████▌ | 43/50 [00:24<00:03,  1.81it/s, Saved at =inf, TrLoss=0.1633]
 Training FV-edg60000-s1-t4:  88%|████████▊ | 44/50 [00:24<00:03,  1.81it/s, Saved at =inf, TrLoss=0.1633]
 Training FV-edg60000-s1-t4:  88%|████████▊ | 44/50 [00:24<00:03,  1.81it/s, Saved at =inf, TrLoss=0.1620]
 Training FV-edg60000-s1-t4:  90%|█████████ | 45/50 [00:24<00:02,  1.81it/s, Saved at =inf, TrLoss=0.1620]
 Training FV-edg60000-s1-t4:  90%|█████████ | 45/50 [00:25<00:02,  1.81it/s, Saved at =inf, TrLoss=0.1620]
 Training FV-edg60000-s1-t4:  92%|█████████▏| 46/50 [00:25<00:02,  1.81it/s, Saved at =inf, TrLoss=0.1620]
 Training FV-edg60000-s1-t4:  92%|█████████▏| 46/50 [00:25<00:02,  1.81it/s, Saved at =inf, TrLoss=0.1577]
 Training FV-edg60000-s1-t4:  94%|█████████▍| 47/50 [00:26<00:01,  1.81it/s, Saved at =inf, TrLoss=0.1577]
 Training FV-edg60000-s1-t4:  94%|█████████▍| 47/50 [00:26<00:01,  1.81it/s, Saved at =inf, TrLoss=0.1611]
 Training FV-edg60000-s1-t4:  96%|█████████▌| 48/50 [00:26<00:01,  1.81it/s, Saved at =inf, TrLoss=0.1611]
 Training FV-edg60000-s1-t4:  96%|█████████▌| 48/50 [00:27<00:01,  1.81it/s, Saved at =inf, TrLoss=0.1585]
 Training FV-edg60000-s1-t4:  98%|█████████▊| 49/50 [00:27<00:00,  1.81it/s, Saved at =inf, TrLoss=0.1585]
 Training FV-edg60000-s1-t4:  98%|█████████▊| 49/50 [00:27<00:00,  1.81it/s, Saved at =inf, TrLoss=0.1591]
 Training FV-edg60000-s1-t4: 100%|██████████| 50/50 [00:27<00:00,  1.81it/s, Saved at =inf, TrLoss=0.1591]
 Training FV-edg60000-s1-t4: 100%|██████████| 50/50 [00:27<00:00,  1.81it/s, Saved at =inf, TrLoss=0.1591]

 Training FV-edg60000-s1-t5:   0%|          | 0/50 [00:00<?, ?it/s]
 Training FV-edg60000-s1-t5:   0%|          | 0/50 [00:00<?, ?it/s, Saved at =inf, TrLoss=0.7774]
 Training FV-edg60000-s1-t5:   2%|▏         | 1/50 [00:00<00:34,  1.40it/s, Saved at =inf, TrLoss=0.7774]
 Training FV-edg60000-s1-t5:   2%|▏         | 1/50 [00:01<00:34,  1.40it/s, Saved at =inf, TrLoss=0.6455]
 Training FV-edg60000-s1-t5:   4%|▍         | 2/50 [00:01<00:33,  1.42it/s, Saved at =inf, TrLoss=0.6455]
 Training FV-edg60000-s1-t5:   4%|▍         | 2/50 [00:01<00:33,  1.42it/s, Saved at =inf, TrLoss=0.4677]
 Training FV-edg60000-s1-t5:   6%|▌         | 3/50 [00:02<00:33,  1.42it/s, Saved at =inf, TrLoss=0.4677]
 Training FV-edg60000-s1-t5:   6%|▌         | 3/50 [00:02<00:33,  1.42it/s, Saved at =inf, TrLoss=0.4595]
 Training FV-edg60000-s1-t5:   8%|▊         | 4/50 [00:02<00:32,  1.43it/s, Saved at =inf, TrLoss=0.4595]
 Training FV-edg60000-s1-t5:   8%|▊         | 4/50 [00:03<00:32,  1.43it/s, Saved at =inf, TrLoss=0.4302]
 Training FV-edg60000-s1-t5:  10%|█         | 5/50 [00:03<00:31,  1.43it/s, Saved at =inf, TrLoss=0.4302]
 Training FV-edg60000-s1-t5:  10%|█         | 5/50 [00:04<00:31,  1.43it/s, Saved at =inf, TrLoss=0.3976]
 Training FV-edg60000-s1-t5:  12%|█▏        | 6/50 [00:04<00:30,  1.43it/s, Saved at =inf, TrLoss=0.3976]
 Training FV-edg60000-s1-t5:  12%|█▏        | 6/50 [00:04<00:30,  1.43it/s, Saved at =inf, TrLoss=0.3874]
 Training FV-edg60000-s1-t5:  14%|█▍        | 7/50 [00:04<00:30,  1.43it/s, Saved at =inf, TrLoss=0.3874]
 Training FV-edg60000-s1-t5:  14%|█▍        | 7/50 [00:05<00:30,  1.43it/s, Saved at =inf, TrLoss=0.3369]
 Training FV-edg60000-s1-t5:  16%|█▌        | 8/50 [00:05<00:29,  1.43it/s, Saved at =inf, TrLoss=0.3369]
 Training FV-edg60000-s1-t5:  16%|█▌        | 8/50 [00:06<00:29,  1.43it/s, Saved at =inf, TrLoss=0.3054]
 Training FV-edg60000-s1-t5:  18%|█▊        | 9/50 [00:06<00:28,  1.43it/s, Saved at =inf, TrLoss=0.3054]
 Training FV-edg60000-s1-t5:  18%|█▊        | 9/50 [00:06<00:28,  1.43it/s, Saved at =inf, TrLoss=0.3058]
 Training FV-edg60000-s1-t5:  20%|██        | 10/50 [00:07<00:27,  1.43it/s, Saved at =inf, TrLoss=0.3058]
 Training FV-edg60000-s1-t5:  20%|██        | 10/50 [00:07<00:27,  1.43it/s, Saved at =inf, TrLoss=0.2750]
 Training FV-edg60000-s1-t5:  22%|██▏       | 11/50 [00:07<00:27,  1.43it/s, Saved at =inf, TrLoss=0.2750]
 Training FV-edg60000-s1-t5:  22%|██▏       | 11/50 [00:08<00:27,  1.43it/s, Saved at =inf, TrLoss=0.2801]
 Training FV-edg60000-s1-t5:  24%|██▍       | 12/50 [00:08<00:26,  1.43it/s, Saved at =inf, TrLoss=0.2801]
 Training FV-edg60000-s1-t5:  24%|██▍       | 12/50 [00:08<00:26,  1.43it/s, Saved at =inf, TrLoss=0.2712]
 Training FV-edg60000-s1-t5:  26%|██▌       | 13/50 [00:09<00:25,  1.43it/s, Saved at =inf, TrLoss=0.2712]
 Training FV-edg60000-s1-t5:  26%|██▌       | 13/50 [00:09<00:25,  1.43it/s, Saved at =inf, TrLoss=0.2488]
 Training FV-edg60000-s1-t5:  28%|██▊       | 14/50 [00:09<00:25,  1.43it/s, Saved at =inf, TrLoss=0.2488]
 Training FV-edg60000-s1-t5:  28%|██▊       | 14/50 [00:10<00:25,  1.43it/s, Saved at =inf, TrLoss=0.2542]
 Training FV-edg60000-s1-t5:  30%|███       | 15/50 [00:10<00:24,  1.43it/s, Saved at =inf, TrLoss=0.2542]
 Training FV-edg60000-s1-t5:  30%|███       | 15/50 [00:11<00:24,  1.43it/s, Saved at =inf, TrLoss=0.2385]
 Training FV-edg60000-s1-t5:  32%|███▏      | 16/50 [00:11<00:23,  1.43it/s, Saved at =inf, TrLoss=0.2385]
 Training FV-edg60000-s1-t5:  32%|███▏      | 16/50 [00:11<00:23,  1.43it/s, Saved at =inf, TrLoss=0.2265]
 Training FV-edg60000-s1-t5:  34%|███▍      | 17/50 [00:11<00:23,  1.43it/s, Saved at =inf, TrLoss=0.2265]
 Training FV-edg60000-s1-t5:  34%|███▍      | 17/50 [00:12<00:23,  1.43it/s, Saved at =inf, TrLoss=0.2258]
 Training FV-edg60000-s1-t5:  36%|███▌      | 18/50 [00:12<00:22,  1.43it/s, Saved at =inf, TrLoss=0.2258]
 Training FV-edg60000-s1-t5:  36%|███▌      | 18/50 [00:13<00:22,  1.43it/s, Saved at =inf, TrLoss=0.2166]
 Training FV-edg60000-s1-t5:  38%|███▊      | 19/50 [00:13<00:21,  1.43it/s, Saved at =inf, TrLoss=0.2166]
 Training FV-edg60000-s1-t5:  38%|███▊      | 19/50 [00:13<00:21,  1.43it/s, Saved at =inf, TrLoss=0.2177]
 Training FV-edg60000-s1-t5:  40%|████      | 20/50 [00:13<00:20,  1.43it/s, Saved at =inf, TrLoss=0.2177]
 Training FV-edg60000-s1-t5:  40%|████      | 20/50 [00:14<00:20,  1.43it/s, Saved at =inf, TrLoss=0.2161]
 Training FV-edg60000-s1-t5:  42%|████▏     | 21/50 [00:14<00:20,  1.43it/s, Saved at =inf, TrLoss=0.2161]
 Training FV-edg60000-s1-t5:  42%|████▏     | 21/50 [00:15<00:20,  1.43it/s, Saved at =inf, TrLoss=0.2080]
 Training FV-edg60000-s1-t5:  44%|████▍     | 22/50 [00:15<00:19,  1.43it/s, Saved at =inf, TrLoss=0.2080]
 Training FV-edg60000-s1-t5:  44%|████▍     | 22/50 [00:15<00:19,  1.43it/s, Saved at =inf, TrLoss=0.2125]
 Training FV-edg60000-s1-t5:  46%|████▌     | 23/50 [00:16<00:18,  1.43it/s, Saved at =inf, TrLoss=0.2125]
 Training FV-edg60000-s1-t5:  46%|████▌     | 23/50 [00:16<00:18,  1.43it/s, Saved at =inf, TrLoss=0.1998]
 Training FV-edg60000-s1-t5:  48%|████▊     | 24/50 [00:16<00:18,  1.43it/s, Saved at =inf, TrLoss=0.1998]
 Training FV-edg60000-s1-t5:  48%|████▊     | 24/50 [00:17<00:18,  1.43it/s, Saved at =inf, TrLoss=0.2027]
 Training FV-edg60000-s1-t5:  50%|█████     | 25/50 [00:17<00:17,  1.43it/s, Saved at =inf, TrLoss=0.2027]
 Training FV-edg60000-s1-t5:  50%|█████     | 25/50 [00:18<00:17,  1.43it/s, Saved at =inf, TrLoss=0.1984]
 Training FV-edg60000-s1-t5:  52%|█████▏    | 26/50 [00:18<00:16,  1.43it/s, Saved at =inf, TrLoss=0.1984]
 Training FV-edg60000-s1-t5:  52%|█████▏    | 26/50 [00:18<00:16,  1.43it/s, Saved at =inf, TrLoss=0.1964]
 Training FV-edg60000-s1-t5:  54%|█████▍    | 27/50 [00:18<00:16,  1.43it/s, Saved at =inf, TrLoss=0.1964]
 Training FV-edg60000-s1-t5:  54%|█████▍    | 27/50 [00:19<00:16,  1.43it/s, Saved at =inf, TrLoss=0.2003]
 Training FV-edg60000-s1-t5:  56%|█████▌    | 28/50 [00:19<00:15,  1.43it/s, Saved at =inf, TrLoss=0.2003]
 Training FV-edg60000-s1-t5:  56%|█████▌    | 28/50 [00:20<00:15,  1.43it/s, Saved at =inf, TrLoss=0.1903]
 Training FV-edg60000-s1-t5:  58%|█████▊    | 29/50 [00:20<00:14,  1.43it/s, Saved at =inf, TrLoss=0.1903]
 Training FV-edg60000-s1-t5:  58%|█████▊    | 29/50 [00:20<00:14,  1.43it/s, Saved at =inf, TrLoss=0.1942]
 Training FV-edg60000-s1-t5:  60%|██████    | 30/50 [00:20<00:13,  1.43it/s, Saved at =inf, TrLoss=0.1942]
 Training FV-edg60000-s1-t5:  60%|██████    | 30/50 [00:21<00:13,  1.43it/s, Saved at =inf, TrLoss=0.1883]
 Training FV-edg60000-s1-t5:  62%|██████▏   | 31/50 [00:21<00:13,  1.43it/s, Saved at =inf, TrLoss=0.1883]
 Training FV-edg60000-s1-t5:  62%|██████▏   | 31/50 [00:22<00:13,  1.43it/s, Saved at =inf, TrLoss=0.1887]
 Training FV-edg60000-s1-t5:  64%|██████▍   | 32/50 [00:22<00:12,  1.43it/s, Saved at =inf, TrLoss=0.1887]
 Training FV-edg60000-s1-t5:  64%|██████▍   | 32/50 [00:22<00:12,  1.43it/s, Saved at =inf, TrLoss=0.1836]
 Training FV-edg60000-s1-t5:  66%|██████▌   | 33/50 [00:23<00:11,  1.43it/s, Saved at =inf, TrLoss=0.1836]
 Training FV-edg60000-s1-t5:  66%|██████▌   | 33/50 [00:23<00:11,  1.43it/s, Saved at =inf, TrLoss=0.1834]
 Training FV-edg60000-s1-t5:  68%|██████▊   | 34/50 [00:23<00:11,  1.43it/s, Saved at =inf, TrLoss=0.1834]
 Training FV-edg60000-s1-t5:  68%|██████▊   | 34/50 [00:24<00:11,  1.43it/s, Saved at =inf, TrLoss=0.1841]
 Training FV-edg60000-s1-t5:  70%|███████   | 35/50 [00:24<00:10,  1.43it/s, Saved at =inf, TrLoss=0.1841]
 Training FV-edg60000-s1-t5:  70%|███████   | 35/50 [00:25<00:10,  1.43it/s, Saved at =inf, TrLoss=0.1799]
 Training FV-edg60000-s1-t5:  72%|███████▏  | 36/50 [00:25<00:09,  1.43it/s, Saved at =inf, TrLoss=0.1799]
 Training FV-edg60000-s1-t5:  72%|███████▏  | 36/50 [00:25<00:09,  1.43it/s, Saved at =inf, TrLoss=0.1805]
 Training FV-edg60000-s1-t5:  74%|███████▍  | 37/50 [00:25<00:09,  1.43it/s, Saved at =inf, TrLoss=0.1805]
 Training FV-edg60000-s1-t5:  74%|███████▍  | 37/50 [00:26<00:09,  1.43it/s, Saved at =inf, TrLoss=0.1765]
 Training FV-edg60000-s1-t5:  76%|███████▌  | 38/50 [00:26<00:08,  1.43it/s, Saved at =inf, TrLoss=0.1765]
 Training FV-edg60000-s1-t5:  76%|███████▌  | 38/50 [00:27<00:08,  1.43it/s, Saved at =inf, TrLoss=0.1755]
 Training FV-edg60000-s1-t5:  78%|███████▊  | 39/50 [00:27<00:07,  1.43it/s, Saved at =inf, TrLoss=0.1755]
 Training FV-edg60000-s1-t5:  78%|███████▊  | 39/50 [00:27<00:07,  1.43it/s, Saved at =inf, TrLoss=0.1746]
 Training FV-edg60000-s1-t5:  80%|████████  | 40/50 [00:27<00:06,  1.43it/s, Saved at =inf, TrLoss=0.1746]
 Training FV-edg60000-s1-t5:  80%|████████  | 40/50 [00:28<00:06,  1.43it/s, Saved at =inf, TrLoss=0.1716]
 Training FV-edg60000-s1-t5:  82%|████████▏ | 41/50 [00:28<00:06,  1.43it/s, Saved at =inf, TrLoss=0.1716]
 Training FV-edg60000-s1-t5:  82%|████████▏ | 41/50 [00:29<00:06,  1.43it/s, Saved at =inf, TrLoss=0.1726]
 Training FV-edg60000-s1-t5:  84%|████████▍ | 42/50 [00:29<00:05,  1.43it/s, Saved at =inf, TrLoss=0.1726]
 Training FV-edg60000-s1-t5:  84%|████████▍ | 42/50 [00:29<00:05,  1.43it/s, Saved at =inf, TrLoss=0.1696]
 Training FV-edg60000-s1-t5:  86%|████████▌ | 43/50 [00:30<00:04,  1.43it/s, Saved at =inf, TrLoss=0.1696]
 Training FV-edg60000-s1-t5:  86%|████████▌ | 43/50 [00:30<00:04,  1.43it/s, Saved at =inf, TrLoss=0.1699]
 Training FV-edg60000-s1-t5:  88%|████████▊ | 44/50 [00:30<00:04,  1.43it/s, Saved at =inf, TrLoss=0.1699]
 Training FV-edg60000-s1-t5:  88%|████████▊ | 44/50 [00:31<00:04,  1.43it/s, Saved at =inf, TrLoss=0.1677]
 Training FV-edg60000-s1-t5:  90%|█████████ | 45/50 [00:31<00:03,  1.43it/s, Saved at =inf, TrLoss=0.1677]
 Training FV-edg60000-s1-t5:  90%|█████████ | 45/50 [00:31<00:03,  1.43it/s, Saved at =inf, TrLoss=0.1672]
 Training FV-edg60000-s1-t5:  92%|█████████▏| 46/50 [00:32<00:02,  1.43it/s, Saved at =inf, TrLoss=0.1672]
 Training FV-edg60000-s1-t5:  92%|█████████▏| 46/50 [00:32<00:02,  1.43it/s, Saved at =inf, TrLoss=0.1656]
 Training FV-edg60000-s1-t5:  94%|█████████▍| 47/50 [00:32<00:02,  1.43it/s, Saved at =inf, TrLoss=0.1656]
 Training FV-edg60000-s1-t5:  94%|█████████▍| 47/50 [00:33<00:02,  1.43it/s, Saved at =inf, TrLoss=0.1641]
 Training FV-edg60000-s1-t5:  96%|█████████▌| 48/50 [00:33<00:01,  1.43it/s, Saved at =inf, TrLoss=0.1641]
 Training FV-edg60000-s1-t5:  96%|█████████▌| 48/50 [00:34<00:01,  1.43it/s, Saved at =inf, TrLoss=0.1644]
 Training FV-edg60000-s1-t5:  98%|█████████▊| 49/50 [00:34<00:00,  1.43it/s, Saved at =inf, TrLoss=0.1644]
 Training FV-edg60000-s1-t5:  98%|█████████▊| 49/50 [00:34<00:00,  1.43it/s, Saved at =inf, TrLoss=0.1625]
 Training FV-edg60000-s1-t5: 100%|██████████| 50/50 [00:34<00:00,  1.43it/s, Saved at =inf, TrLoss=0.1625]
 Training FV-edg60000-s1-t5: 100%|██████████| 50/50 [00:34<00:00,  1.43it/s, Saved at =inf, TrLoss=0.1625]

 Training FV-edg60000-s1-t6:   0%|          | 0/50 [00:00<?, ?it/s]
 Training FV-edg60000-s1-t6:   0%|          | 0/50 [00:00<?, ?it/s, Saved at =inf, TrLoss=0.8364]
 Training FV-edg60000-s1-t6:   2%|▏         | 1/50 [00:00<00:42,  1.14it/s, Saved at =inf, TrLoss=0.8364]
 Training FV-edg60000-s1-t6:   2%|▏         | 1/50 [00:01<00:42,  1.14it/s, Saved at =inf, TrLoss=0.6991]
 Training FV-edg60000-s1-t6:   4%|▍         | 2/50 [00:01<00:41,  1.15it/s, Saved at =inf, TrLoss=0.6991]
 Training FV-edg60000-s1-t6:   4%|▍         | 2/50 [00:02<00:41,  1.15it/s, Saved at =inf, TrLoss=0.4967]
 Training FV-edg60000-s1-t6:   6%|▌         | 3/50 [00:02<00:40,  1.16it/s, Saved at =inf, TrLoss=0.4967]
 Training FV-edg60000-s1-t6:   6%|▌         | 3/50 [00:03<00:40,  1.16it/s, Saved at =inf, TrLoss=0.4725]
 Training FV-edg60000-s1-t6:   8%|▊         | 4/50 [00:03<00:39,  1.16it/s, Saved at =inf, TrLoss=0.4725]
 Training FV-edg60000-s1-t6:   8%|▊         | 4/50 [00:04<00:39,  1.16it/s, Saved at =inf, TrLoss=0.3860]
 Training FV-edg60000-s1-t6:  10%|█         | 5/50 [00:04<00:38,  1.16it/s, Saved at =inf, TrLoss=0.3860]
 Training FV-edg60000-s1-t6:  10%|█         | 5/50 [00:05<00:38,  1.16it/s, Saved at =inf, TrLoss=0.3925]
 Training FV-edg60000-s1-t6:  12%|█▏        | 6/50 [00:05<00:37,  1.16it/s, Saved at =inf, TrLoss=0.3925]
 Training FV-edg60000-s1-t6:  12%|█▏        | 6/50 [00:05<00:37,  1.16it/s, Saved at =inf, TrLoss=0.3327]
 Training FV-edg60000-s1-t6:  14%|█▍        | 7/50 [00:06<00:36,  1.16it/s, Saved at =inf, TrLoss=0.3327]
 Training FV-edg60000-s1-t6:  14%|█▍        | 7/50 [00:06<00:36,  1.16it/s, Saved at =inf, TrLoss=0.3207]
 Training FV-edg60000-s1-t6:  16%|█▌        | 8/50 [00:06<00:36,  1.16it/s, Saved at =inf, TrLoss=0.3207]
 Training FV-edg60000-s1-t6:  16%|█▌        | 8/50 [00:07<00:36,  1.16it/s, Saved at =inf, TrLoss=0.3183]
 Training FV-edg60000-s1-t6:  18%|█▊        | 9/50 [00:07<00:35,  1.16it/s, Saved at =inf, TrLoss=0.3183]
 Training FV-edg60000-s1-t6:  18%|█▊        | 9/50 [00:08<00:35,  1.16it/s, Saved at =inf, TrLoss=0.2960]
 Training FV-edg60000-s1-t6:  20%|██        | 10/50 [00:08<00:34,  1.16it/s, Saved at =inf, TrLoss=0.2960]
 Training FV-edg60000-s1-t6:  20%|██        | 10/50 [00:09<00:34,  1.16it/s, Saved at =inf, TrLoss=0.3013]
 Training FV-edg60000-s1-t6:  22%|██▏       | 11/50 [00:09<00:33,  1.16it/s, Saved at =inf, TrLoss=0.3013]
 Training FV-edg60000-s1-t6:  22%|██▏       | 11/50 [00:10<00:33,  1.16it/s, Saved at =inf, TrLoss=0.2712]
 Training FV-edg60000-s1-t6:  24%|██▍       | 12/50 [00:10<00:32,  1.16it/s, Saved at =inf, TrLoss=0.2712]
 Training FV-edg60000-s1-t6:  24%|██▍       | 12/50 [00:11<00:32,  1.16it/s, Saved at =inf, TrLoss=0.2664]
 Training FV-edg60000-s1-t6:  26%|██▌       | 13/50 [00:11<00:31,  1.16it/s, Saved at =inf, TrLoss=0.2664]
 Training FV-edg60000-s1-t6:  26%|██▌       | 13/50 [00:11<00:31,  1.16it/s, Saved at =inf, TrLoss=0.2570]
 Training FV-edg60000-s1-t6:  28%|██▊       | 14/50 [00:12<00:30,  1.16it/s, Saved at =inf, TrLoss=0.2570]
 Training FV-edg60000-s1-t6:  28%|██▊       | 14/50 [00:12<00:30,  1.16it/s, Saved at =inf, TrLoss=0.2495]
 Training FV-edg60000-s1-t6:  30%|███       | 15/50 [00:12<00:30,  1.16it/s, Saved at =inf, TrLoss=0.2495]
 Training FV-edg60000-s1-t6:  30%|███       | 15/50 [00:13<00:30,  1.16it/s, Saved at =inf, TrLoss=0.2492]
 Training FV-edg60000-s1-t6:  32%|███▏      | 16/50 [00:13<00:29,  1.16it/s, Saved at =inf, TrLoss=0.2492]
 Training FV-edg60000-s1-t6:  32%|███▏      | 16/50 [00:14<00:29,  1.16it/s, Saved at =inf, TrLoss=0.2348]
 Training FV-edg60000-s1-t6:  34%|███▍      | 17/50 [00:14<00:28,  1.16it/s, Saved at =inf, TrLoss=0.2348]
 Training FV-edg60000-s1-t6:  34%|███▍      | 17/50 [00:15<00:28,  1.16it/s, Saved at =inf, TrLoss=0.2361]
 Training FV-edg60000-s1-t6:  36%|███▌      | 18/50 [00:15<00:27,  1.16it/s, Saved at =inf, TrLoss=0.2361]
 Training FV-edg60000-s1-t6:  36%|███▌      | 18/50 [00:16<00:27,  1.16it/s, Saved at =inf, TrLoss=0.2264]
 Training FV-edg60000-s1-t6:  38%|███▊      | 19/50 [00:16<00:26,  1.16it/s, Saved at =inf, TrLoss=0.2264]
 Training FV-edg60000-s1-t6:  38%|███▊      | 19/50 [00:17<00:26,  1.16it/s, Saved at =inf, TrLoss=0.2256]
 Training FV-edg60000-s1-t6:  40%|████      | 20/50 [00:17<00:25,  1.16it/s, Saved at =inf, TrLoss=0.2256]
 Training FV-edg60000-s1-t6:  40%|████      | 20/50 [00:17<00:25,  1.16it/s, Saved at =inf, TrLoss=0.2166]
 Training FV-edg60000-s1-t6:  42%|████▏     | 21/50 [00:18<00:24,  1.16it/s, Saved at =inf, TrLoss=0.2166]
 Training FV-edg60000-s1-t6:  42%|████▏     | 21/50 [00:18<00:24,  1.16it/s, Saved at =inf, TrLoss=0.2155]
 Training FV-edg60000-s1-t6:  44%|████▍     | 22/50 [00:18<00:24,  1.16it/s, Saved at =inf, TrLoss=0.2155]
 Training FV-edg60000-s1-t6:  44%|████▍     | 22/50 [00:19<00:24,  1.16it/s, Saved at =inf, TrLoss=0.2063]
 Training FV-edg60000-s1-t6:  46%|████▌     | 23/50 [00:19<00:23,  1.16it/s, Saved at =inf, TrLoss=0.2063]
 Training FV-edg60000-s1-t6:  46%|████▌     | 23/50 [00:20<00:23,  1.16it/s, Saved at =inf, TrLoss=0.2066]
 Training FV-edg60000-s1-t6:  48%|████▊     | 24/50 [00:20<00:22,  1.16it/s, Saved at =inf, TrLoss=0.2066]
 Training FV-edg60000-s1-t6:  48%|████▊     | 24/50 [00:21<00:22,  1.16it/s, Saved at =inf, TrLoss=0.1969]
 Training FV-edg60000-s1-t6:  50%|█████     | 25/50 [00:21<00:21,  1.16it/s, Saved at =inf, TrLoss=0.1969]
 Training FV-edg60000-s1-t6:  50%|█████     | 25/50 [00:22<00:21,  1.16it/s, Saved at =inf, TrLoss=0.1990]
 Training FV-edg60000-s1-t6:  52%|█████▏    | 26/50 [00:22<00:20,  1.16it/s, Saved at =inf, TrLoss=0.1990]
 Training FV-edg60000-s1-t6:  52%|█████▏    | 26/50 [00:23<00:20,  1.16it/s, Saved at =inf, TrLoss=0.1978]
 Training FV-edg60000-s1-t6:  54%|█████▍    | 27/50 [00:23<00:19,  1.16it/s, Saved at =inf, TrLoss=0.1978]
 Training FV-edg60000-s1-t6:  54%|█████▍    | 27/50 [00:23<00:19,  1.16it/s, Saved at =inf, TrLoss=0.1899]
 Training FV-edg60000-s1-t6:  56%|█████▌    | 28/50 [00:24<00:18,  1.16it/s, Saved at =inf, TrLoss=0.1899]
 Training FV-edg60000-s1-t6:  56%|█████▌    | 28/50 [00:24<00:18,  1.16it/s, Saved at =inf, TrLoss=0.1899]
 Training FV-edg60000-s1-t6:  58%|█████▊    | 29/50 [00:24<00:18,  1.16it/s, Saved at =inf, TrLoss=0.1899]
 Training FV-edg60000-s1-t6:  58%|█████▊    | 29/50 [00:25<00:18,  1.16it/s, Saved at =inf, TrLoss=0.1949]
 Training FV-edg60000-s1-t6:  60%|██████    | 30/50 [00:25<00:17,  1.16it/s, Saved at =inf, TrLoss=0.1949]
 Training FV-edg60000-s1-t6:  60%|██████    | 30/50 [00:26<00:17,  1.16it/s, Saved at =inf, TrLoss=0.1881]
 Training FV-edg60000-s1-t6:  62%|██████▏   | 31/50 [00:26<00:16,  1.16it/s, Saved at =inf, TrLoss=0.1881]
 Training FV-edg60000-s1-t6:  62%|██████▏   | 31/50 [00:27<00:16,  1.16it/s, Saved at =inf, TrLoss=0.1823]
 Training FV-edg60000-s1-t6:  64%|██████▍   | 32/50 [00:27<00:15,  1.16it/s, Saved at =inf, TrLoss=0.1823]
 Training FV-edg60000-s1-t6:  64%|██████▍   | 32/50 [00:28<00:15,  1.16it/s, Saved at =inf, TrLoss=0.1852]
 Training FV-edg60000-s1-t6:  66%|██████▌   | 33/50 [00:28<00:14,  1.16it/s, Saved at =inf, TrLoss=0.1852]
 Training FV-edg60000-s1-t6:  66%|██████▌   | 33/50 [00:29<00:14,  1.16it/s, Saved at =inf, TrLoss=0.1804]
 Training FV-edg60000-s1-t6:  68%|██████▊   | 34/50 [00:29<00:13,  1.16it/s, Saved at =inf, TrLoss=0.1804]
 Training FV-edg60000-s1-t6:  68%|██████▊   | 34/50 [00:29<00:13,  1.16it/s, Saved at =inf, TrLoss=0.1829]
 Training FV-edg60000-s1-t6:  70%|███████   | 35/50 [00:30<00:12,  1.16it/s, Saved at =inf, TrLoss=0.1829]
 Training FV-edg60000-s1-t6:  70%|███████   | 35/50 [00:30<00:12,  1.16it/s, Saved at =inf, TrLoss=0.1783]
 Training FV-edg60000-s1-t6:  72%|███████▏  | 36/50 [00:30<00:12,  1.16it/s, Saved at =inf, TrLoss=0.1783]
 Training FV-edg60000-s1-t6:  72%|███████▏  | 36/50 [00:31<00:12,  1.16it/s, Saved at =inf, TrLoss=0.1793]
 Training FV-edg60000-s1-t6:  74%|███████▍  | 37/50 [00:31<00:11,  1.16it/s, Saved at =inf, TrLoss=0.1793]
 Training FV-edg60000-s1-t6:  74%|███████▍  | 37/50 [00:32<00:11,  1.16it/s, Saved at =inf, TrLoss=0.1781]
 Training FV-edg60000-s1-t6:  76%|███████▌  | 38/50 [00:32<00:10,  1.16it/s, Saved at =inf, TrLoss=0.1781]
 Training FV-edg60000-s1-t6:  76%|███████▌  | 38/50 [00:33<00:10,  1.16it/s, Saved at =inf, TrLoss=0.1745]
 Training FV-edg60000-s1-t6:  78%|███████▊  | 39/50 [00:33<00:09,  1.16it/s, Saved at =inf, TrLoss=0.1745]
 Training FV-edg60000-s1-t6:  78%|███████▊  | 39/50 [00:34<00:09,  1.16it/s, Saved at =inf, TrLoss=0.1770]
 Training FV-edg60000-s1-t6:  80%|████████  | 40/50 [00:34<00:08,  1.16it/s, Saved at =inf, TrLoss=0.1770]
 Training FV-edg60000-s1-t6:  80%|████████  | 40/50 [00:35<00:08,  1.16it/s, Saved at =inf, TrLoss=0.1717]
 Training FV-edg60000-s1-t6:  82%|████████▏ | 41/50 [00:35<00:07,  1.16it/s, Saved at =inf, TrLoss=0.1717]
 Training FV-edg60000-s1-t6:  82%|████████▏ | 41/50 [00:35<00:07,  1.16it/s, Saved at =inf, TrLoss=0.1744]
 Training FV-edg60000-s1-t6:  84%|████████▍ | 42/50 [00:36<00:06,  1.16it/s, Saved at =inf, TrLoss=0.1744]
 Training FV-edg60000-s1-t6:  84%|████████▍ | 42/50 [00:36<00:06,  1.16it/s, Saved at =inf, TrLoss=0.1723]
 Training FV-edg60000-s1-t6:  86%|████████▌ | 43/50 [00:36<00:06,  1.16it/s, Saved at =inf, TrLoss=0.1723]
 Training FV-edg60000-s1-t6:  86%|████████▌ | 43/50 [00:37<00:06,  1.16it/s, Saved at =inf, TrLoss=0.1705]
 Training FV-edg60000-s1-t6:  88%|████████▊ | 44/50 [00:37<00:05,  1.16it/s, Saved at =inf, TrLoss=0.1705]
 Training FV-edg60000-s1-t6:  88%|████████▊ | 44/50 [00:38<00:05,  1.16it/s, Saved at =inf, TrLoss=0.1744]
 Training FV-edg60000-s1-t6:  90%|█████████ | 45/50 [00:38<00:04,  1.16it/s, Saved at =inf, TrLoss=0.1744]
 Training FV-edg60000-s1-t6:  90%|█████████ | 45/50 [00:39<00:04,  1.16it/s, Saved at =inf, TrLoss=0.1699]
 Training FV-edg60000-s1-t6:  92%|█████████▏| 46/50 [00:39<00:03,  1.16it/s, Saved at =inf, TrLoss=0.1699]
 Training FV-edg60000-s1-t6:  92%|█████████▏| 46/50 [00:40<00:03,  1.16it/s, Saved at =inf, TrLoss=0.1697]
 Training FV-edg60000-s1-t6:  94%|█████████▍| 47/50 [00:40<00:02,  1.16it/s, Saved at =inf, TrLoss=0.1697]
 Training FV-edg60000-s1-t6:  94%|█████████▍| 47/50 [00:41<00:02,  1.16it/s, Saved at =inf, TrLoss=0.1705]
 Training FV-edg60000-s1-t6:  96%|█████████▌| 48/50 [00:41<00:01,  1.16it/s, Saved at =inf, TrLoss=0.1705]
 Training FV-edg60000-s1-t6:  96%|█████████▌| 48/50 [00:41<00:01,  1.16it/s, Saved at =inf, TrLoss=0.1683]
 Training FV-edg60000-s1-t6:  98%|█████████▊| 49/50 [00:42<00:00,  1.16it/s, Saved at =inf, TrLoss=0.1683]
 Training FV-edg60000-s1-t6:  98%|█████████▊| 49/50 [00:42<00:00,  1.16it/s, Saved at =inf, TrLoss=0.1692]
 Training FV-edg60000-s1-t6: 100%|██████████| 50/50 [00:42<00:00,  1.16it/s, Saved at =inf, TrLoss=0.1692]
 Training FV-edg60000-s1-t6: 100%|██████████| 50/50 [00:42<00:00,  1.16it/s, Saved at =inf, TrLoss=0.1692]

 Training FV-edg60000-s1-t7:   0%|          | 0/50 [00:00<?, ?it/s]
 Training FV-edg60000-s1-t7:   0%|          | 0/50 [00:00<?, ?it/s, Saved at =inf, TrLoss=0.6837]
 Training FV-edg60000-s1-t7:   2%|▏         | 1/50 [00:01<00:51,  1.05s/it, Saved at =inf, TrLoss=0.6837]
 Training FV-edg60000-s1-t7:   2%|▏         | 1/50 [00:01<00:51,  1.05s/it, Saved at =inf, TrLoss=0.6368]
 Training FV-edg60000-s1-t7:   4%|▍         | 2/50 [00:02<00:49,  1.04s/it, Saved at =inf, TrLoss=0.6368]
 Training FV-edg60000-s1-t7:   4%|▍         | 2/50 [00:02<00:49,  1.04s/it, Saved at =inf, TrLoss=0.5722]
 Training FV-edg60000-s1-t7:   6%|▌         | 3/50 [00:03<00:48,  1.03s/it, Saved at =inf, TrLoss=0.5722]
 Training FV-edg60000-s1-t7:   6%|▌         | 3/50 [00:03<00:48,  1.03s/it, Saved at =inf, TrLoss=0.5109]
 Training FV-edg60000-s1-t7:   8%|▊         | 4/50 [00:04<00:47,  1.03s/it, Saved at =inf, TrLoss=0.5109]
 Training FV-edg60000-s1-t7:   8%|▊         | 4/50 [00:04<00:47,  1.03s/it, Saved at =inf, TrLoss=0.4373]
 Training FV-edg60000-s1-t7:  10%|█         | 5/50 [00:05<00:46,  1.03s/it, Saved at =inf, TrLoss=0.4373]
 Training FV-edg60000-s1-t7:  10%|█         | 5/50 [00:06<00:46,  1.03s/it, Saved at =inf, TrLoss=0.3974]
 Training FV-edg60000-s1-t7:  12%|█▏        | 6/50 [00:06<00:45,  1.03s/it, Saved at =inf, TrLoss=0.3974]
 Training FV-edg60000-s1-t7:  12%|█▏        | 6/50 [00:07<00:45,  1.03s/it, Saved at =inf, TrLoss=0.3461]
 Training FV-edg60000-s1-t7:  14%|█▍        | 7/50 [00:07<00:44,  1.03s/it, Saved at =inf, TrLoss=0.3461]
 Training FV-edg60000-s1-t7:  14%|█▍        | 7/50 [00:08<00:44,  1.03s/it, Saved at =inf, TrLoss=0.3236]
 Training FV-edg60000-s1-t7:  16%|█▌        | 8/50 [00:08<00:43,  1.03s/it, Saved at =inf, TrLoss=0.3236]
 Training FV-edg60000-s1-t7:  16%|█▌        | 8/50 [00:09<00:43,  1.03s/it, Saved at =inf, TrLoss=0.3075]
 Training FV-edg60000-s1-t7:  18%|█▊        | 9/50 [00:09<00:42,  1.03s/it, Saved at =inf, TrLoss=0.3075]
 Training FV-edg60000-s1-t7:  18%|█▊        | 9/50 [00:10<00:42,  1.03s/it, Saved at =inf, TrLoss=0.3166]
 Training FV-edg60000-s1-t7:  20%|██        | 10/50 [00:10<00:41,  1.03s/it, Saved at =inf, TrLoss=0.3166]
 Training FV-edg60000-s1-t7:  20%|██        | 10/50 [00:11<00:41,  1.03s/it, Saved at =inf, TrLoss=0.3044]
 Training FV-edg60000-s1-t7:  22%|██▏       | 11/50 [00:11<00:40,  1.03s/it, Saved at =inf, TrLoss=0.3044]
 Training FV-edg60000-s1-t7:  22%|██▏       | 11/50 [00:12<00:40,  1.03s/it, Saved at =inf, TrLoss=0.2803]
 Training FV-edg60000-s1-t7:  24%|██▍       | 12/50 [00:12<00:39,  1.03s/it, Saved at =inf, TrLoss=0.2803]
 Training FV-edg60000-s1-t7:  24%|██▍       | 12/50 [00:13<00:39,  1.03s/it, Saved at =inf, TrLoss=0.2721]
 Training FV-edg60000-s1-t7:  26%|██▌       | 13/50 [00:13<00:38,  1.03s/it, Saved at =inf, TrLoss=0.2721]
 Training FV-edg60000-s1-t7:  26%|██▌       | 13/50 [00:14<00:38,  1.03s/it, Saved at =inf, TrLoss=0.2495]
 Training FV-edg60000-s1-t7:  28%|██▊       | 14/50 [00:14<00:37,  1.03s/it, Saved at =inf, TrLoss=0.2495]
 Training FV-edg60000-s1-t7:  28%|██▊       | 14/50 [00:15<00:37,  1.03s/it, Saved at =inf, TrLoss=0.2465]
 Training FV-edg60000-s1-t7:  30%|███       | 15/50 [00:15<00:36,  1.03s/it, Saved at =inf, TrLoss=0.2465]
 Training FV-edg60000-s1-t7:  30%|███       | 15/50 [00:16<00:36,  1.03s/it, Saved at =inf, TrLoss=0.2399]
 Training FV-edg60000-s1-t7:  32%|███▏      | 16/50 [00:16<00:35,  1.03s/it, Saved at =inf, TrLoss=0.2399]
 Training FV-edg60000-s1-t7:  32%|███▏      | 16/50 [00:17<00:35,  1.03s/it, Saved at =inf, TrLoss=0.2260]
 Training FV-edg60000-s1-t7:  34%|███▍      | 17/50 [00:17<00:33,  1.03s/it, Saved at =inf, TrLoss=0.2260]
 Training FV-edg60000-s1-t7:  34%|███▍      | 17/50 [00:18<00:33,  1.03s/it, Saved at =inf, TrLoss=0.2279]
 Training FV-edg60000-s1-t7:  36%|███▌      | 18/50 [00:18<00:32,  1.03s/it, Saved at =inf, TrLoss=0.2279]
 Training FV-edg60000-s1-t7:  36%|███▌      | 18/50 [00:19<00:32,  1.03s/it, Saved at =inf, TrLoss=0.2245]
 Training FV-edg60000-s1-t7:  38%|███▊      | 19/50 [00:19<00:31,  1.03s/it, Saved at =inf, TrLoss=0.2245]
 Training FV-edg60000-s1-t7:  38%|███▊      | 19/50 [00:20<00:31,  1.03s/it, Saved at =inf, TrLoss=0.2117]
 Training FV-edg60000-s1-t7:  40%|████      | 20/50 [00:20<00:30,  1.03s/it, Saved at =inf, TrLoss=0.2117]
 Training FV-edg60000-s1-t7:  40%|████      | 20/50 [00:21<00:30,  1.03s/it, Saved at =inf, TrLoss=0.2140]
 Training FV-edg60000-s1-t7:  42%|████▏     | 21/50 [00:21<00:29,  1.03s/it, Saved at =inf, TrLoss=0.2140]
 Training FV-edg60000-s1-t7:  42%|████▏     | 21/50 [00:22<00:29,  1.03s/it, Saved at =inf, TrLoss=0.2130]
 Training FV-edg60000-s1-t7:  44%|████▍     | 22/50 [00:22<00:28,  1.03s/it, Saved at =inf, TrLoss=0.2130]
 Training FV-edg60000-s1-t7:  44%|████▍     | 22/50 [00:23<00:28,  1.03s/it, Saved at =inf, TrLoss=0.2013]
 Training FV-edg60000-s1-t7:  46%|████▌     | 23/50 [00:23<00:27,  1.03s/it, Saved at =inf, TrLoss=0.2013]
 Training FV-edg60000-s1-t7:  46%|████▌     | 23/50 [00:24<00:27,  1.03s/it, Saved at =inf, TrLoss=0.2011]
 Training FV-edg60000-s1-t7:  48%|████▊     | 24/50 [00:24<00:26,  1.03s/it, Saved at =inf, TrLoss=0.2011]
 Training FV-edg60000-s1-t7:  48%|████▊     | 24/50 [00:25<00:26,  1.03s/it, Saved at =inf, TrLoss=0.2031]
 Training FV-edg60000-s1-t7:  50%|█████     | 25/50 [00:25<00:25,  1.03s/it, Saved at =inf, TrLoss=0.2031]
 Training FV-edg60000-s1-t7:  50%|█████     | 25/50 [00:26<00:25,  1.03s/it, Saved at =inf, TrLoss=0.1955]
 Training FV-edg60000-s1-t7:  52%|█████▏    | 26/50 [00:26<00:24,  1.03s/it, Saved at =inf, TrLoss=0.1955]
 Training FV-edg60000-s1-t7:  52%|█████▏    | 26/50 [00:27<00:24,  1.03s/it, Saved at =inf, TrLoss=0.1917]
 Training FV-edg60000-s1-t7:  54%|█████▍    | 27/50 [00:27<00:23,  1.03s/it, Saved at =inf, TrLoss=0.1917]
 Training FV-edg60000-s1-t7:  54%|█████▍    | 27/50 [00:28<00:23,  1.03s/it, Saved at =inf, TrLoss=0.1945]
 Training FV-edg60000-s1-t7:  56%|█████▌    | 28/50 [00:28<00:22,  1.03s/it, Saved at =inf, TrLoss=0.1945]
 Training FV-edg60000-s1-t7:  56%|█████▌    | 28/50 [00:29<00:22,  1.03s/it, Saved at =inf, TrLoss=0.1911]
 Training FV-edg60000-s1-t7:  58%|█████▊    | 29/50 [00:29<00:21,  1.03s/it, Saved at =inf, TrLoss=0.1911]
 Training FV-edg60000-s1-t7:  58%|█████▊    | 29/50 [00:30<00:21,  1.03s/it, Saved at =inf, TrLoss=0.1859]
 Training FV-edg60000-s1-t7:  60%|██████    | 30/50 [00:30<00:20,  1.03s/it, Saved at =inf, TrLoss=0.1859]
 Training FV-edg60000-s1-t7:  60%|██████    | 30/50 [00:31<00:20,  1.03s/it, Saved at =inf, TrLoss=0.1866]
 Training FV-edg60000-s1-t7:  62%|██████▏   | 31/50 [00:31<00:19,  1.03s/it, Saved at =inf, TrLoss=0.1866]
 Training FV-edg60000-s1-t7:  62%|██████▏   | 31/50 [00:32<00:19,  1.03s/it, Saved at =inf, TrLoss=0.1869]
 Training FV-edg60000-s1-t7:  64%|██████▍   | 32/50 [00:32<00:18,  1.03s/it, Saved at =inf, TrLoss=0.1869]
 Training FV-edg60000-s1-t7:  64%|██████▍   | 32/50 [00:33<00:18,  1.03s/it, Saved at =inf, TrLoss=0.1819]
 Training FV-edg60000-s1-t7:  66%|██████▌   | 33/50 [00:34<00:17,  1.03s/it, Saved at =inf, TrLoss=0.1819]
 Training FV-edg60000-s1-t7:  66%|██████▌   | 33/50 [00:34<00:17,  1.03s/it, Saved at =inf, TrLoss=0.1801]
 Training FV-edg60000-s1-t7:  68%|██████▊   | 34/50 [00:35<00:16,  1.03s/it, Saved at =inf, TrLoss=0.1801]
 Training FV-edg60000-s1-t7:  68%|██████▊   | 34/50 [00:35<00:16,  1.03s/it, Saved at =inf, TrLoss=0.1828]
 Training FV-edg60000-s1-t7:  70%|███████   | 35/50 [00:36<00:15,  1.03s/it, Saved at =inf, TrLoss=0.1828]
 Training FV-edg60000-s1-t7:  70%|███████   | 35/50 [00:36<00:15,  1.03s/it, Saved at =inf, TrLoss=0.1811]
 Training FV-edg60000-s1-t7:  72%|███████▏  | 36/50 [00:37<00:14,  1.03s/it, Saved at =inf, TrLoss=0.1811]
 Training FV-edg60000-s1-t7:  72%|███████▏  | 36/50 [00:37<00:14,  1.03s/it, Saved at =inf, TrLoss=0.1783]
 Training FV-edg60000-s1-t7:  74%|███████▍  | 37/50 [00:38<00:13,  1.03s/it, Saved at =inf, TrLoss=0.1783]
 Training FV-edg60000-s1-t7:  74%|███████▍  | 37/50 [00:38<00:13,  1.03s/it, Saved at =inf, TrLoss=0.1741]
 Training FV-edg60000-s1-t7:  76%|███████▌  | 38/50 [00:39<00:12,  1.03s/it, Saved at =inf, TrLoss=0.1741]
 Training FV-edg60000-s1-t7:  76%|███████▌  | 38/50 [00:39<00:12,  1.03s/it, Saved at =inf, TrLoss=0.1740]
 Training FV-edg60000-s1-t7:  78%|███████▊  | 39/50 [00:40<00:11,  1.03s/it, Saved at =inf, TrLoss=0.1740]
 Training FV-edg60000-s1-t7:  78%|███████▊  | 39/50 [00:41<00:11,  1.03s/it, Saved at =inf, TrLoss=0.1745]
 Training FV-edg60000-s1-t7:  80%|████████  | 40/50 [00:41<00:10,  1.03s/it, Saved at =inf, TrLoss=0.1745]
 Training FV-edg60000-s1-t7:  80%|████████  | 40/50 [00:42<00:10,  1.03s/it, Saved at =inf, TrLoss=0.1704]
 Training FV-edg60000-s1-t7:  82%|████████▏ | 41/50 [00:42<00:09,  1.03s/it, Saved at =inf, TrLoss=0.1704]
 Training FV-edg60000-s1-t7:  82%|████████▏ | 41/50 [00:43<00:09,  1.03s/it, Saved at =inf, TrLoss=0.1710]
 Training FV-edg60000-s1-t7:  84%|████████▍ | 42/50 [00:43<00:08,  1.03s/it, Saved at =inf, TrLoss=0.1710]
 Training FV-edg60000-s1-t7:  84%|████████▍ | 42/50 [00:44<00:08,  1.03s/it, Saved at =inf, TrLoss=0.1699]
 Training FV-edg60000-s1-t7:  86%|████████▌ | 43/50 [00:44<00:07,  1.03s/it, Saved at =inf, TrLoss=0.1699]
 Training FV-edg60000-s1-t7:  86%|████████▌ | 43/50 [00:45<00:07,  1.03s/it, Saved at =inf, TrLoss=0.1681]
 Training FV-edg60000-s1-t7:  88%|████████▊ | 44/50 [00:45<00:06,  1.03s/it, Saved at =inf, TrLoss=0.1681]
 Training FV-edg60000-s1-t7:  88%|████████▊ | 44/50 [00:46<00:06,  1.03s/it, Saved at =inf, TrLoss=0.1701]
 Training FV-edg60000-s1-t7:  90%|█████████ | 45/50 [00:46<00:05,  1.03s/it, Saved at =inf, TrLoss=0.1701]
 Training FV-edg60000-s1-t7:  90%|█████████ | 45/50 [00:47<00:05,  1.03s/it, Saved at =inf, TrLoss=0.1685]
 Training FV-edg60000-s1-t7:  92%|█████████▏| 46/50 [00:47<00:04,  1.03s/it, Saved at =inf, TrLoss=0.1685]
 Training FV-edg60000-s1-t7:  92%|█████████▏| 46/50 [00:48<00:04,  1.03s/it, Saved at =inf, TrLoss=0.1676]
 Training FV-edg60000-s1-t7:  94%|█████████▍| 47/50 [00:48<00:03,  1.03s/it, Saved at =inf, TrLoss=0.1676]
 Training FV-edg60000-s1-t7:  94%|█████████▍| 47/50 [00:49<00:03,  1.03s/it, Saved at =inf, TrLoss=0.1719]
 Training FV-edg60000-s1-t7:  96%|█████████▌| 48/50 [00:49<00:02,  1.03s/it, Saved at =inf, TrLoss=0.1719]
 Training FV-edg60000-s1-t7:  96%|█████████▌| 48/50 [00:50<00:02,  1.03s/it, Saved at =inf, TrLoss=0.1806]
 Training FV-edg60000-s1-t7:  98%|█████████▊| 49/50 [00:50<00:01,  1.03s/it, Saved at =inf, TrLoss=0.1806]
 Training FV-edg60000-s1-t7:  98%|█████████▊| 49/50 [00:51<00:01,  1.03s/it, Saved at =inf, TrLoss=0.1821]
 Training FV-edg60000-s1-t7: 100%|██████████| 50/50 [00:51<00:00,  1.03s/it, Saved at =inf, TrLoss=0.1821]
 Training FV-edg60000-s1-t7: 100%|██████████| 50/50 [00:51<00:00,  1.03s/it, Saved at =inf, TrLoss=0.1821]

 Training FV-edg60000-s1-t8:   0%|          | 0/50 [00:00<?, ?it/s]
 Training FV-edg60000-s1-t8:   0%|          | 0/50 [00:01<?, ?it/s, Saved at =inf, TrLoss=0.8168]
 Training FV-edg60000-s1-t8:   2%|▏         | 1/50 [00:01<01:00,  1.23s/it, Saved at =inf, TrLoss=0.8168]
 Training FV-edg60000-s1-t8:   2%|▏         | 1/50 [00:02<01:00,  1.23s/it, Saved at =inf, TrLoss=0.7604]
 Training FV-edg60000-s1-t8:   4%|▍         | 2/50 [00:02<00:58,  1.22s/it, Saved at =inf, TrLoss=0.7604]
 Training FV-edg60000-s1-t8:   4%|▍         | 2/50 [00:03<00:58,  1.22s/it, Saved at =inf, TrLoss=0.5272]
 Training FV-edg60000-s1-t8:   6%|▌         | 3/50 [00:03<00:57,  1.22s/it, Saved at =inf, TrLoss=0.5272]
 Training FV-edg60000-s1-t8:   6%|▌         | 3/50 [00:04<00:57,  1.22s/it, Saved at =inf, TrLoss=0.4966]
 Training FV-edg60000-s1-t8:   8%|▊         | 4/50 [00:04<00:55,  1.22s/it, Saved at =inf, TrLoss=0.4966]
 Training FV-edg60000-s1-t8:   8%|▊         | 4/50 [00:05<00:55,  1.22s/it, Saved at =inf, TrLoss=0.4808]
 Training FV-edg60000-s1-t8:  10%|█         | 5/50 [00:06<00:54,  1.21s/it, Saved at =inf, TrLoss=0.4808]
 Training FV-edg60000-s1-t8:  10%|█         | 5/50 [00:07<00:54,  1.21s/it, Saved at =inf, TrLoss=0.4628]
 Training FV-edg60000-s1-t8:  12%|█▏        | 6/50 [00:07<00:53,  1.21s/it, Saved at =inf, TrLoss=0.4628]
 Training FV-edg60000-s1-t8:  12%|█▏        | 6/50 [00:08<00:53,  1.21s/it, Saved at =inf, TrLoss=0.4317]
 Training FV-edg60000-s1-t8:  14%|█▍        | 7/50 [00:08<00:52,  1.21s/it, Saved at =inf, TrLoss=0.4317]
 Training FV-edg60000-s1-t8:  14%|█▍        | 7/50 [00:09<00:52,  1.21s/it, Saved at =inf, TrLoss=0.3933]
 Training FV-edg60000-s1-t8:  16%|█▌        | 8/50 [00:09<00:50,  1.21s/it, Saved at =inf, TrLoss=0.3933]
 Training FV-edg60000-s1-t8:  16%|█▌        | 8/50 [00:10<00:50,  1.21s/it, Saved at =inf, TrLoss=0.3569]
 Training FV-edg60000-s1-t8:  18%|█▊        | 9/50 [00:10<00:49,  1.21s/it, Saved at =inf, TrLoss=0.3569]
 Training FV-edg60000-s1-t8:  18%|█▊        | 9/50 [00:11<00:49,  1.21s/it, Saved at =inf, TrLoss=0.3426]
 Training FV-edg60000-s1-t8:  20%|██        | 10/50 [00:12<00:48,  1.21s/it, Saved at =inf, TrLoss=0.3426]
 Training FV-edg60000-s1-t8:  20%|██        | 10/50 [00:13<00:48,  1.21s/it, Saved at =inf, TrLoss=0.3120]
 Training FV-edg60000-s1-t8:  22%|██▏       | 11/50 [00:13<00:47,  1.21s/it, Saved at =inf, TrLoss=0.3120]
 Training FV-edg60000-s1-t8:  22%|██▏       | 11/50 [00:14<00:47,  1.21s/it, Saved at =inf, TrLoss=0.3078]
 Training FV-edg60000-s1-t8:  24%|██▍       | 12/50 [00:14<00:46,  1.21s/it, Saved at =inf, TrLoss=0.3078]
 Training FV-edg60000-s1-t8:  24%|██▍       | 12/50 [00:15<00:46,  1.21s/it, Saved at =inf, TrLoss=0.3054]
 Training FV-edg60000-s1-t8:  26%|██▌       | 13/50 [00:15<00:44,  1.21s/it, Saved at =inf, TrLoss=0.3054]
 Training FV-edg60000-s1-t8:  26%|██▌       | 13/50 [00:16<00:44,  1.21s/it, Saved at =inf, TrLoss=0.3010]
 Training FV-edg60000-s1-t8:  28%|██▊       | 14/50 [00:16<00:43,  1.21s/it, Saved at =inf, TrLoss=0.3010]
 Training FV-edg60000-s1-t8:  28%|██▊       | 14/50 [00:17<00:43,  1.21s/it, Saved at =inf, TrLoss=0.2911]
 Training FV-edg60000-s1-t8:  30%|███       | 15/50 [00:18<00:42,  1.21s/it, Saved at =inf, TrLoss=0.2911]
 Training FV-edg60000-s1-t8:  30%|███       | 15/50 [00:19<00:42,  1.21s/it, Saved at =inf, TrLoss=0.2659]
 Training FV-edg60000-s1-t8:  32%|███▏      | 16/50 [00:19<00:41,  1.21s/it, Saved at =inf, TrLoss=0.2659]
 Training FV-edg60000-s1-t8:  32%|███▏      | 16/50 [00:20<00:41,  1.21s/it, Saved at =inf, TrLoss=0.2743]
 Training FV-edg60000-s1-t8:  34%|███▍      | 17/50 [00:20<00:39,  1.21s/it, Saved at =inf, TrLoss=0.2743]
 Training FV-edg60000-s1-t8:  34%|███▍      | 17/50 [00:21<00:39,  1.21s/it, Saved at =inf, TrLoss=0.2648]
 Training FV-edg60000-s1-t8:  36%|███▌      | 18/50 [00:21<00:38,  1.21s/it, Saved at =inf, TrLoss=0.2648]
 Training FV-edg60000-s1-t8:  36%|███▌      | 18/50 [00:22<00:38,  1.21s/it, Saved at =inf, TrLoss=0.2627]
 Training FV-edg60000-s1-t8:  38%|███▊      | 19/50 [00:23<00:37,  1.21s/it, Saved at =inf, TrLoss=0.2627]
 Training FV-edg60000-s1-t8:  38%|███▊      | 19/50 [00:24<00:37,  1.21s/it, Saved at =inf, TrLoss=0.2642]
 Training FV-edg60000-s1-t8:  40%|████      | 20/50 [00:24<00:36,  1.21s/it, Saved at =inf, TrLoss=0.2642]
 Training FV-edg60000-s1-t8:  40%|████      | 20/50 [00:25<00:36,  1.21s/it, Saved at =inf, TrLoss=0.2431]
 Training FV-edg60000-s1-t8:  42%|████▏     | 21/50 [00:25<00:35,  1.21s/it, Saved at =inf, TrLoss=0.2431]
 Training FV-edg60000-s1-t8:  42%|████▏     | 21/50 [00:26<00:35,  1.21s/it, Saved at =inf, TrLoss=0.2489]
 Training FV-edg60000-s1-t8:  44%|████▍     | 22/50 [00:26<00:33,  1.21s/it, Saved at =inf, TrLoss=0.2489]
 Training FV-edg60000-s1-t8:  44%|████▍     | 22/50 [00:27<00:33,  1.21s/it, Saved at =inf, TrLoss=0.2373]
 Training FV-edg60000-s1-t8:  46%|████▌     | 23/50 [00:27<00:32,  1.21s/it, Saved at =inf, TrLoss=0.2373]
 Training FV-edg60000-s1-t8:  46%|████▌     | 23/50 [00:28<00:32,  1.21s/it, Saved at =inf, TrLoss=0.2423]
 Training FV-edg60000-s1-t8:  48%|████▊     | 24/50 [00:29<00:31,  1.21s/it, Saved at =inf, TrLoss=0.2423]
 Training FV-edg60000-s1-t8:  48%|████▊     | 24/50 [00:30<00:31,  1.21s/it, Saved at =inf, TrLoss=0.2309]
 Training FV-edg60000-s1-t8:  50%|█████     | 25/50 [00:30<00:30,  1.21s/it, Saved at =inf, TrLoss=0.2309]
 Training FV-edg60000-s1-t8:  50%|█████     | 25/50 [00:31<00:30,  1.21s/it, Saved at =inf, TrLoss=0.2338]
 Training FV-edg60000-s1-t8:  52%|█████▏    | 26/50 [00:31<00:29,  1.21s/it, Saved at =inf, TrLoss=0.2338]
 Training FV-edg60000-s1-t8:  52%|█████▏    | 26/50 [00:32<00:29,  1.21s/it, Saved at =inf, TrLoss=0.2242]
 Training FV-edg60000-s1-t8:  54%|█████▍    | 27/50 [00:32<00:27,  1.21s/it, Saved at =inf, TrLoss=0.2242]
 Training FV-edg60000-s1-t8:  54%|█████▍    | 27/50 [00:33<00:27,  1.21s/it, Saved at =inf, TrLoss=0.2234]
 Training FV-edg60000-s1-t8:  56%|█████▌    | 28/50 [00:33<00:26,  1.21s/it, Saved at =inf, TrLoss=0.2234]
 Training FV-edg60000-s1-t8:  56%|█████▌    | 28/50 [00:34<00:26,  1.21s/it, Saved at =inf, TrLoss=0.2164]
 Training FV-edg60000-s1-t8:  58%|█████▊    | 29/50 [00:35<00:25,  1.21s/it, Saved at =inf, TrLoss=0.2164]
 Training FV-edg60000-s1-t8:  58%|█████▊    | 29/50 [00:36<00:25,  1.21s/it, Saved at =inf, TrLoss=0.2138]
 Training FV-edg60000-s1-t8:  60%|██████    | 30/50 [00:36<00:24,  1.21s/it, Saved at =inf, TrLoss=0.2138]
 Training FV-edg60000-s1-t8:  60%|██████    | 30/50 [00:37<00:24,  1.21s/it, Saved at =inf, TrLoss=0.2126]
 Training FV-edg60000-s1-t8:  62%|██████▏   | 31/50 [00:37<00:23,  1.21s/it, Saved at =inf, TrLoss=0.2126]
 Training FV-edg60000-s1-t8:  62%|██████▏   | 31/50 [00:38<00:23,  1.21s/it, Saved at =inf, TrLoss=0.2067]
 Training FV-edg60000-s1-t8:  64%|██████▍   | 32/50 [00:38<00:21,  1.21s/it, Saved at =inf, TrLoss=0.2067]
 Training FV-edg60000-s1-t8:  64%|██████▍   | 32/50 [00:39<00:21,  1.21s/it, Saved at =inf, TrLoss=0.2014]
 Training FV-edg60000-s1-t8:  66%|██████▌   | 33/50 [00:39<00:20,  1.21s/it, Saved at =inf, TrLoss=0.2014]
 Training FV-edg60000-s1-t8:  66%|██████▌   | 33/50 [00:40<00:20,  1.21s/it, Saved at =inf, TrLoss=0.2017]
 Training FV-edg60000-s1-t8:  68%|██████▊   | 34/50 [00:41<00:19,  1.21s/it, Saved at =inf, TrLoss=0.2017]
 Training FV-edg60000-s1-t8:  68%|██████▊   | 34/50 [00:42<00:19,  1.21s/it, Saved at =inf, TrLoss=0.1989]
 Training FV-edg60000-s1-t8:  70%|███████   | 35/50 [00:42<00:18,  1.21s/it, Saved at =inf, TrLoss=0.1989]
 Training FV-edg60000-s1-t8:  70%|███████   | 35/50 [00:43<00:18,  1.21s/it, Saved at =inf, TrLoss=0.1965]
 Training FV-edg60000-s1-t8:  72%|███████▏  | 36/50 [00:43<00:16,  1.21s/it, Saved at =inf, TrLoss=0.1965]
 Training FV-edg60000-s1-t8:  72%|███████▏  | 36/50 [00:44<00:16,  1.21s/it, Saved at =inf, TrLoss=0.1941]
 Training FV-edg60000-s1-t8:  74%|███████▍  | 37/50 [00:44<00:15,  1.21s/it, Saved at =inf, TrLoss=0.1941]
 Training FV-edg60000-s1-t8:  74%|███████▍  | 37/50 [00:45<00:15,  1.21s/it, Saved at =inf, TrLoss=0.1893]
 Training FV-edg60000-s1-t8:  76%|███████▌  | 38/50 [00:46<00:14,  1.21s/it, Saved at =inf, TrLoss=0.1893]
 Training FV-edg60000-s1-t8:  76%|███████▌  | 38/50 [00:47<00:14,  1.21s/it, Saved at =inf, TrLoss=0.1878]
 Training FV-edg60000-s1-t8:  78%|███████▊  | 39/50 [00:47<00:13,  1.21s/it, Saved at =inf, TrLoss=0.1878]
 Training FV-edg60000-s1-t8:  78%|███████▊  | 39/50 [00:48<00:13,  1.21s/it, Saved at =inf, TrLoss=0.1882]
 Training FV-edg60000-s1-t8:  80%|████████  | 40/50 [00:48<00:12,  1.21s/it, Saved at =inf, TrLoss=0.1882]
 Training FV-edg60000-s1-t8:  80%|████████  | 40/50 [00:49<00:12,  1.21s/it, Saved at =inf, TrLoss=0.1861]
 Training FV-edg60000-s1-t8:  82%|████████▏ | 41/50 [00:49<00:10,  1.21s/it, Saved at =inf, TrLoss=0.1861]
 Training FV-edg60000-s1-t8:  82%|████████▏ | 41/50 [00:50<00:10,  1.21s/it, Saved at =inf, TrLoss=0.1930]
 Training FV-edg60000-s1-t8:  84%|████████▍ | 42/50 [00:50<00:09,  1.21s/it, Saved at =inf, TrLoss=0.1930]
 Training FV-edg60000-s1-t8:  84%|████████▍ | 42/50 [00:51<00:09,  1.21s/it, Saved at =inf, TrLoss=0.2101]
 Training FV-edg60000-s1-t8:  86%|████████▌ | 43/50 [00:52<00:08,  1.21s/it, Saved at =inf, TrLoss=0.2101]
 Training FV-edg60000-s1-t8:  86%|████████▌ | 43/50 [00:53<00:08,  1.21s/it, Saved at =inf, TrLoss=0.2039]
 Training FV-edg60000-s1-t8:  88%|████████▊ | 44/50 [00:53<00:07,  1.21s/it, Saved at =inf, TrLoss=0.2039]
 Training FV-edg60000-s1-t8:  88%|████████▊ | 44/50 [00:54<00:07,  1.21s/it, Saved at =inf, TrLoss=0.1851]
 Training FV-edg60000-s1-t8:  90%|█████████ | 45/50 [00:54<00:06,  1.21s/it, Saved at =inf, TrLoss=0.1851]
 Training FV-edg60000-s1-t8:  90%|█████████ | 45/50 [00:55<00:06,  1.21s/it, Saved at =inf, TrLoss=0.1932]
 Training FV-edg60000-s1-t8:  92%|█████████▏| 46/50 [00:55<00:04,  1.21s/it, Saved at =inf, TrLoss=0.1932]
 Training FV-edg60000-s1-t8:  92%|█████████▏| 46/50 [00:56<00:04,  1.21s/it, Saved at =inf, TrLoss=0.1840]
 Training FV-edg60000-s1-t8:  94%|█████████▍| 47/50 [00:56<00:03,  1.21s/it, Saved at =inf, TrLoss=0.1840]
 Training FV-edg60000-s1-t8:  94%|█████████▍| 47/50 [00:57<00:03,  1.21s/it, Saved at =inf, TrLoss=0.1854]
 Training FV-edg60000-s1-t8:  96%|█████████▌| 48/50 [00:58<00:02,  1.21s/it, Saved at =inf, TrLoss=0.1854]
 Training FV-edg60000-s1-t8:  96%|█████████▌| 48/50 [00:59<00:02,  1.21s/it, Saved at =inf, TrLoss=0.1857]
 Training FV-edg60000-s1-t8:  98%|█████████▊| 49/50 [00:59<00:01,  1.21s/it, Saved at =inf, TrLoss=0.1857]
 Training FV-edg60000-s1-t8:  98%|█████████▊| 49/50 [01:00<00:01,  1.21s/it, Saved at =inf, TrLoss=0.1810]
 Training FV-edg60000-s1-t8: 100%|██████████| 50/50 [01:00<00:00,  1.21s/it, Saved at =inf, TrLoss=0.1810]
 Training FV-edg60000-s1-t8: 100%|██████████| 50/50 [01:00<00:00,  1.21s/it, Saved at =inf, TrLoss=0.1810]

 Training FV-edg60000-s1-t9:   0%|          | 0/50 [00:00<?, ?it/s]
 Training FV-edg60000-s1-t9:   0%|          | 0/50 [00:01<?, ?it/s, Saved at =inf, TrLoss=0.7343]
 Training FV-edg60000-s1-t9:   2%|▏         | 1/50 [00:01<01:11,  1.45s/it, Saved at =inf, TrLoss=0.7343]
 Training FV-edg60000-s1-t9:   2%|▏         | 1/50 [00:02<01:11,  1.45s/it, Saved at =inf, TrLoss=0.7270]
 Training FV-edg60000-s1-t9:   4%|▍         | 2/50 [00:02<01:08,  1.44s/it, Saved at =inf, TrLoss=0.7270]
 Training FV-edg60000-s1-t9:   4%|▍         | 2/50 [00:04<01:08,  1.44s/it, Saved at =inf, TrLoss=0.5329]
 Training FV-edg60000-s1-t9:   6%|▌         | 3/50 [00:04<01:07,  1.43s/it, Saved at =inf, TrLoss=0.5329]
 Training FV-edg60000-s1-t9:   6%|▌         | 3/50 [00:05<01:07,  1.43s/it, Saved at =inf, TrLoss=0.5286]
 Training FV-edg60000-s1-t9:   8%|▊         | 4/50 [00:05<01:05,  1.43s/it, Saved at =inf, TrLoss=0.5286]
 Training FV-edg60000-s1-t9:   8%|▊         | 4/50 [00:06<01:05,  1.43s/it, Saved at =inf, TrLoss=0.4272]
 Training FV-edg60000-s1-t9:  10%|█         | 5/50 [00:07<01:04,  1.43s/it, Saved at =inf, TrLoss=0.4272]
 Training FV-edg60000-s1-t9:  10%|█         | 5/50 [00:08<01:04,  1.43s/it, Saved at =inf, TrLoss=0.4509]
 Training FV-edg60000-s1-t9:  12%|█▏        | 6/50 [00:08<01:02,  1.43s/it, Saved at =inf, TrLoss=0.4509]
 Training FV-edg60000-s1-t9:  12%|█▏        | 6/50 [00:09<01:02,  1.43s/it, Saved at =inf, TrLoss=0.4247]
 Training FV-edg60000-s1-t9:  14%|█▍        | 7/50 [00:10<01:01,  1.43s/it, Saved at =inf, TrLoss=0.4247]
 Training FV-edg60000-s1-t9:  14%|█▍        | 7/50 [00:11<01:01,  1.43s/it, Saved at =inf, TrLoss=0.3747]
 Training FV-edg60000-s1-t9:  16%|█▌        | 8/50 [00:11<00:59,  1.43s/it, Saved at =inf, TrLoss=0.3747]
 Training FV-edg60000-s1-t9:  16%|█▌        | 8/50 [00:12<00:59,  1.43s/it, Saved at =inf, TrLoss=0.3586]
 Training FV-edg60000-s1-t9:  18%|█▊        | 9/50 [00:12<00:58,  1.43s/it, Saved at =inf, TrLoss=0.3586]
 Training FV-edg60000-s1-t9:  18%|█▊        | 9/50 [00:14<00:58,  1.43s/it, Saved at =inf, TrLoss=0.3559]
 Training FV-edg60000-s1-t9:  20%|██        | 10/50 [00:14<00:57,  1.43s/it, Saved at =inf, TrLoss=0.3559]
 Training FV-edg60000-s1-t9:  20%|██        | 10/50 [00:15<00:57,  1.43s/it, Saved at =inf, TrLoss=0.3238]
 Training FV-edg60000-s1-t9:  22%|██▏       | 11/50 [00:15<00:55,  1.43s/it, Saved at =inf, TrLoss=0.3238]
 Training FV-edg60000-s1-t9:  22%|██▏       | 11/50 [00:16<00:55,  1.43s/it, Saved at =inf, TrLoss=0.3167]
 Training FV-edg60000-s1-t9:  24%|██▍       | 12/50 [00:17<00:54,  1.43s/it, Saved at =inf, TrLoss=0.3167]
 Training FV-edg60000-s1-t9:  24%|██▍       | 12/50 [00:18<00:54,  1.43s/it, Saved at =inf, TrLoss=0.3106]
 Training FV-edg60000-s1-t9:  26%|██▌       | 13/50 [00:18<00:52,  1.43s/it, Saved at =inf, TrLoss=0.3106]
 Training FV-edg60000-s1-t9:  26%|██▌       | 13/50 [00:19<00:52,  1.43s/it, Saved at =inf, TrLoss=0.2918]
 Training FV-edg60000-s1-t9:  28%|██▊       | 14/50 [00:19<00:51,  1.43s/it, Saved at =inf, TrLoss=0.2918]
 Training FV-edg60000-s1-t9:  28%|██▊       | 14/50 [00:21<00:51,  1.43s/it, Saved at =inf, TrLoss=0.2938]
 Training FV-edg60000-s1-t9:  30%|███       | 15/50 [00:21<00:49,  1.43s/it, Saved at =inf, TrLoss=0.2938]
 Training FV-edg60000-s1-t9:  30%|███       | 15/50 [00:22<00:49,  1.43s/it, Saved at =inf, TrLoss=0.2789]
 Training FV-edg60000-s1-t9:  32%|███▏      | 16/50 [00:22<00:48,  1.43s/it, Saved at =inf, TrLoss=0.2789]
 Training FV-edg60000-s1-t9:  32%|███▏      | 16/50 [00:24<00:48,  1.43s/it, Saved at =inf, TrLoss=0.2773]
 Training FV-edg60000-s1-t9:  34%|███▍      | 17/50 [00:24<00:47,  1.43s/it, Saved at =inf, TrLoss=0.2773]
 Training FV-edg60000-s1-t9:  34%|███▍      | 17/50 [00:25<00:47,  1.43s/it, Saved at =inf, TrLoss=0.2652]
 Training FV-edg60000-s1-t9:  36%|███▌      | 18/50 [00:25<00:45,  1.43s/it, Saved at =inf, TrLoss=0.2652]
 Training FV-edg60000-s1-t9:  36%|███▌      | 18/50 [00:26<00:45,  1.43s/it, Saved at =inf, TrLoss=0.2643]
 Training FV-edg60000-s1-t9:  38%|███▊      | 19/50 [00:27<00:44,  1.43s/it, Saved at =inf, TrLoss=0.2643]
 Training FV-edg60000-s1-t9:  38%|███▊      | 19/50 [00:28<00:44,  1.43s/it, Saved at =inf, TrLoss=0.2576]
 Training FV-edg60000-s1-t9:  40%|████      | 20/50 [00:28<00:42,  1.43s/it, Saved at =inf, TrLoss=0.2576]
 Training FV-edg60000-s1-t9:  40%|████      | 20/50 [00:29<00:42,  1.43s/it, Saved at =inf, TrLoss=0.2549]
 Training FV-edg60000-s1-t9:  42%|████▏     | 21/50 [00:29<00:41,  1.43s/it, Saved at =inf, TrLoss=0.2549]
 Training FV-edg60000-s1-t9:  42%|████▏     | 21/50 [00:31<00:41,  1.43s/it, Saved at =inf, TrLoss=0.2387]
 Training FV-edg60000-s1-t9:  44%|████▍     | 22/50 [00:31<00:39,  1.43s/it, Saved at =inf, TrLoss=0.2387]
 Training FV-edg60000-s1-t9:  44%|████▍     | 22/50 [00:32<00:39,  1.43s/it, Saved at =inf, TrLoss=0.2405]
 Training FV-edg60000-s1-t9:  46%|████▌     | 23/50 [00:32<00:38,  1.43s/it, Saved at =inf, TrLoss=0.2405]
 Training FV-edg60000-s1-t9:  46%|████▌     | 23/50 [00:34<00:38,  1.43s/it, Saved at =inf, TrLoss=0.2331]
 Training FV-edg60000-s1-t9:  48%|████▊     | 24/50 [00:34<00:37,  1.43s/it, Saved at =inf, TrLoss=0.2331]
 Training FV-edg60000-s1-t9:  48%|████▊     | 24/50 [00:35<00:37,  1.43s/it, Saved at =inf, TrLoss=0.2318]
 Training FV-edg60000-s1-t9:  50%|█████     | 25/50 [00:35<00:35,  1.43s/it, Saved at =inf, TrLoss=0.2318]
 Training FV-edg60000-s1-t9:  50%|█████     | 25/50 [00:36<00:35,  1.43s/it, Saved at =inf, TrLoss=0.2264]
 Training FV-edg60000-s1-t9:  52%|█████▏    | 26/50 [00:37<00:34,  1.43s/it, Saved at =inf, TrLoss=0.2264]
 Training FV-edg60000-s1-t9:  52%|█████▏    | 26/50 [00:38<00:34,  1.43s/it, Saved at =inf, TrLoss=0.2226]
 Training FV-edg60000-s1-t9:  54%|█████▍    | 27/50 [00:38<00:32,  1.43s/it, Saved at =inf, TrLoss=0.2226]
 Training FV-edg60000-s1-t9:  54%|█████▍    | 27/50 [00:39<00:32,  1.43s/it, Saved at =inf, TrLoss=0.2187]
 Training FV-edg60000-s1-t9:  56%|█████▌    | 28/50 [00:39<00:31,  1.43s/it, Saved at =inf, TrLoss=0.2187]
 Training FV-edg60000-s1-t9:  56%|█████▌    | 28/50 [00:41<00:31,  1.43s/it, Saved at =inf, TrLoss=0.2161]
 Training FV-edg60000-s1-t9:  58%|█████▊    | 29/50 [00:41<00:29,  1.43s/it, Saved at =inf, TrLoss=0.2161]
 Training FV-edg60000-s1-t9:  58%|█████▊    | 29/50 [00:42<00:29,  1.43s/it, Saved at =inf, TrLoss=0.2107]
 Training FV-edg60000-s1-t9:  60%|██████    | 30/50 [00:42<00:28,  1.43s/it, Saved at =inf, TrLoss=0.2107]
 Training FV-edg60000-s1-t9:  60%|██████    | 30/50 [00:44<00:28,  1.43s/it, Saved at =inf, TrLoss=0.2078]
 Training FV-edg60000-s1-t9:  62%|██████▏   | 31/50 [00:44<00:27,  1.43s/it, Saved at =inf, TrLoss=0.2078]
 Training FV-edg60000-s1-t9:  62%|██████▏   | 31/50 [00:45<00:27,  1.43s/it, Saved at =inf, TrLoss=0.2068]
 Training FV-edg60000-s1-t9:  64%|██████▍   | 32/50 [00:45<00:25,  1.43s/it, Saved at =inf, TrLoss=0.2068]
 Training FV-edg60000-s1-t9:  64%|██████▍   | 32/50 [00:46<00:25,  1.43s/it, Saved at =inf, TrLoss=0.2072]
 Training FV-edg60000-s1-t9:  66%|██████▌   | 33/50 [00:47<00:24,  1.43s/it, Saved at =inf, TrLoss=0.2072]
 Training FV-edg60000-s1-t9:  66%|██████▌   | 33/50 [00:48<00:24,  1.43s/it, Saved at =inf, TrLoss=0.2048]
 Training FV-edg60000-s1-t9:  68%|██████▊   | 34/50 [00:48<00:22,  1.43s/it, Saved at =inf, TrLoss=0.2048]
 Training FV-edg60000-s1-t9:  68%|██████▊   | 34/50 [00:49<00:22,  1.43s/it, Saved at =inf, TrLoss=0.2019]
 Training FV-edg60000-s1-t9:  70%|███████   | 35/50 [00:49<00:21,  1.43s/it, Saved at =inf, TrLoss=0.2019]
 Training FV-edg60000-s1-t9:  70%|███████   | 35/50 [00:51<00:21,  1.43s/it, Saved at =inf, TrLoss=0.1971]
 Training FV-edg60000-s1-t9:  72%|███████▏  | 36/50 [00:51<00:19,  1.43s/it, Saved at =inf, TrLoss=0.1971]
 Training FV-edg60000-s1-t9:  72%|███████▏  | 36/50 [00:52<00:19,  1.43s/it, Saved at =inf, TrLoss=0.1971]
 Training FV-edg60000-s1-t9:  74%|███████▍  | 37/50 [00:52<00:18,  1.43s/it, Saved at =inf, TrLoss=0.1971]
 Training FV-edg60000-s1-t9:  74%|███████▍  | 37/50 [00:53<00:18,  1.43s/it, Saved at =inf, TrLoss=0.1975]
 Training FV-edg60000-s1-t9:  76%|███████▌  | 38/50 [00:54<00:17,  1.43s/it, Saved at =inf, TrLoss=0.1975]
 Training FV-edg60000-s1-t9:  76%|███████▌  | 38/50 [00:55<00:17,  1.43s/it, Saved at =inf, TrLoss=0.1999]
 Training FV-edg60000-s1-t9:  78%|███████▊  | 39/50 [00:55<00:15,  1.43s/it, Saved at =inf, TrLoss=0.1999]
 Training FV-edg60000-s1-t9:  78%|███████▊  | 39/50 [00:56<00:15,  1.43s/it, Saved at =inf, TrLoss=0.1997]
 Training FV-edg60000-s1-t9:  80%|████████  | 40/50 [00:57<00:14,  1.43s/it, Saved at =inf, TrLoss=0.1997]
 Training FV-edg60000-s1-t9:  80%|████████  | 40/50 [00:58<00:14,  1.43s/it, Saved at =inf, TrLoss=0.1862]
 Training FV-edg60000-s1-t9:  82%|████████▏ | 41/50 [00:58<00:12,  1.43s/it, Saved at =inf, TrLoss=0.1862]
 Training FV-edg60000-s1-t9:  82%|████████▏ | 41/50 [00:59<00:12,  1.43s/it, Saved at =inf, TrLoss=0.1936]
 Training FV-edg60000-s1-t9:  84%|████████▍ | 42/50 [00:59<00:11,  1.43s/it, Saved at =inf, TrLoss=0.1936]
 Training FV-edg60000-s1-t9:  84%|████████▍ | 42/50 [01:01<00:11,  1.43s/it, Saved at =inf, TrLoss=0.1897]
 Training FV-edg60000-s1-t9:  86%|████████▌ | 43/50 [01:01<00:09,  1.43s/it, Saved at =inf, TrLoss=0.1897]
 Training FV-edg60000-s1-t9:  86%|████████▌ | 43/50 [01:02<00:09,  1.43s/it, Saved at =inf, TrLoss=0.1818]
 Training FV-edg60000-s1-t9:  88%|████████▊ | 44/50 [01:02<00:08,  1.43s/it, Saved at =inf, TrLoss=0.1818]
 Training FV-edg60000-s1-t9:  88%|████████▊ | 44/50 [01:03<00:08,  1.43s/it, Saved at =inf, TrLoss=0.1888]
 Training FV-edg60000-s1-t9:  90%|█████████ | 45/50 [01:04<00:07,  1.43s/it, Saved at =inf, TrLoss=0.1888]
 Training FV-edg60000-s1-t9:  90%|█████████ | 45/50 [01:05<00:07,  1.43s/it, Saved at =inf, TrLoss=0.1856]
 Training FV-edg60000-s1-t9:  92%|█████████▏| 46/50 [01:05<00:05,  1.43s/it, Saved at =inf, TrLoss=0.1856]
 Training FV-edg60000-s1-t9:  92%|█████████▏| 46/50 [01:06<00:05,  1.43s/it, Saved at =inf, TrLoss=0.1790]
 Training FV-edg60000-s1-t9:  94%|█████████▍| 47/50 [01:07<00:04,  1.43s/it, Saved at =inf, TrLoss=0.1790]
 Training FV-edg60000-s1-t9:  94%|█████████▍| 47/50 [01:08<00:04,  1.43s/it, Saved at =inf, TrLoss=0.1825]
 Training FV-edg60000-s1-t9:  96%|█████████▌| 48/50 [01:08<00:02,  1.43s/it, Saved at =inf, TrLoss=0.1825]
 Training FV-edg60000-s1-t9:  96%|█████████▌| 48/50 [01:09<00:02,  1.43s/it, Saved at =inf, TrLoss=0.1786]
 Training FV-edg60000-s1-t9:  98%|█████████▊| 49/50 [01:09<00:01,  1.43s/it, Saved at =inf, TrLoss=0.1786]
 Training FV-edg60000-s1-t9:  98%|█████████▊| 49/50 [01:11<00:01,  1.43s/it, Saved at =inf, TrLoss=0.1770]
 Training FV-edg60000-s1-t9: 100%|██████████| 50/50 [01:11<00:00,  1.43s/it, Saved at =inf, TrLoss=0.1770]
 Training FV-edg60000-s1-t9: 100%|██████████| 50/50 [01:11<00:00,  1.43s/it, Saved at =inf, TrLoss=0.1770]

 Training ATK-edg60000-s1-t7:   0%|          | 0/50 [00:00<?, ?it/s]
 Training ATK-edg60000-s1-t7:   0%|          | 0/50 [00:00<?, ?it/s, Saved at =inf, TrLoss=0.6837]
 Training ATK-edg60000-s1-t7:   2%|▏         | 1/50 [00:01<00:52,  1.08s/it, Saved at =inf, TrLoss=0.6837]
 Training ATK-edg60000-s1-t7:   2%|▏         | 1/50 [00:01<00:52,  1.08s/it, Saved at =inf, TrLoss=0.6368]
 Training ATK-edg60000-s1-t7:   4%|▍         | 2/50 [00:02<00:50,  1.05s/it, Saved at =inf, TrLoss=0.6368]
 Training ATK-edg60000-s1-t7:   4%|▍         | 2/50 [00:02<00:50,  1.05s/it, Saved at =inf, TrLoss=0.5722]
 Training ATK-edg60000-s1-t7:   6%|▌         | 3/50 [00:03<00:48,  1.04s/it, Saved at =inf, TrLoss=0.5722]
 Training ATK-edg60000-s1-t7:   6%|▌         | 3/50 [00:03<00:48,  1.04s/it, Saved at =inf, TrLoss=0.5109]
 Training ATK-edg60000-s1-t7:   8%|▊         | 4/50 [00:04<00:47,  1.04s/it, Saved at =inf, TrLoss=0.5109]
 Training ATK-edg60000-s1-t7:   8%|▊         | 4/50 [00:05<00:47,  1.04s/it, Saved at =inf, TrLoss=0.4373]
 Training ATK-edg60000-s1-t7:  10%|█         | 5/50 [00:05<00:46,  1.03s/it, Saved at =inf, TrLoss=0.4373]
 Training ATK-edg60000-s1-t7:  10%|█         | 5/50 [00:06<00:46,  1.03s/it, Saved at =inf, TrLoss=0.3974]
 Training ATK-edg60000-s1-t7:  12%|█▏        | 6/50 [00:06<00:45,  1.03s/it, Saved at =inf, TrLoss=0.3974]
 Training ATK-edg60000-s1-t7:  12%|█▏        | 6/50 [00:07<00:45,  1.03s/it, Saved at =inf, TrLoss=0.3461]
 Training ATK-edg60000-s1-t7:  14%|█▍        | 7/50 [00:07<00:44,  1.03s/it, Saved at =inf, TrLoss=0.3461]
 Training ATK-edg60000-s1-t7:  14%|█▍        | 7/50 [00:08<00:44,  1.03s/it, Saved at =inf, TrLoss=0.3236]
 Training ATK-edg60000-s1-t7:  16%|█▌        | 8/50 [00:08<00:43,  1.03s/it, Saved at =inf, TrLoss=0.3236]
 Training ATK-edg60000-s1-t7:  16%|█▌        | 8/50 [00:09<00:43,  1.03s/it, Saved at =inf, TrLoss=0.3075]
 Training ATK-edg60000-s1-t7:  18%|█▊        | 9/50 [00:09<00:42,  1.03s/it, Saved at =inf, TrLoss=0.3075]
 Training ATK-edg60000-s1-t7:  18%|█▊        | 9/50 [00:10<00:42,  1.03s/it, Saved at =inf, TrLoss=0.3166]
 Training ATK-edg60000-s1-t7:  20%|██        | 10/50 [00:10<00:41,  1.03s/it, Saved at =inf, TrLoss=0.3166]
 Training ATK-edg60000-s1-t7:  20%|██        | 10/50 [00:11<00:41,  1.03s/it, Saved at =inf, TrLoss=0.3044]
 Training ATK-edg60000-s1-t7:  22%|██▏       | 11/50 [00:11<00:40,  1.03s/it, Saved at =inf, TrLoss=0.3044]
 Training ATK-edg60000-s1-t7:  22%|██▏       | 11/50 [00:12<00:40,  1.03s/it, Saved at =inf, TrLoss=0.2803]
 Training ATK-edg60000-s1-t7:  24%|██▍       | 12/50 [00:12<00:39,  1.03s/it, Saved at =inf, TrLoss=0.2803]
 Training ATK-edg60000-s1-t7:  24%|██▍       | 12/50 [00:13<00:39,  1.03s/it, Saved at =inf, TrLoss=0.2721]
 Training ATK-edg60000-s1-t7:  26%|██▌       | 13/50 [00:13<00:38,  1.03s/it, Saved at =inf, TrLoss=0.2721]
 Training ATK-edg60000-s1-t7:  26%|██▌       | 13/50 [00:14<00:38,  1.03s/it, Saved at =inf, TrLoss=0.2495]
 Training ATK-edg60000-s1-t7:  28%|██▊       | 14/50 [00:14<00:37,  1.03s/it, Saved at =inf, TrLoss=0.2495]
 Training ATK-edg60000-s1-t7:  28%|██▊       | 14/50 [00:15<00:37,  1.03s/it, Saved at =inf, TrLoss=0.2465]
 Training ATK-edg60000-s1-t7:  30%|███       | 15/50 [00:15<00:36,  1.03s/it, Saved at =inf, TrLoss=0.2465]
 Training ATK-edg60000-s1-t7:  30%|███       | 15/50 [00:16<00:36,  1.03s/it, Saved at =inf, TrLoss=0.2399]
 Training ATK-edg60000-s1-t7:  32%|███▏      | 16/50 [00:16<00:35,  1.03s/it, Saved at =inf, TrLoss=0.2399]
 Training ATK-edg60000-s1-t7:  32%|███▏      | 16/50 [00:17<00:35,  1.03s/it, Saved at =inf, TrLoss=0.2260]
 Training ATK-edg60000-s1-t7:  34%|███▍      | 17/50 [00:17<00:33,  1.03s/it, Saved at =inf, TrLoss=0.2260]
 Training ATK-edg60000-s1-t7:  34%|███▍      | 17/50 [00:18<00:33,  1.03s/it, Saved at =inf, TrLoss=0.2279]
 Training ATK-edg60000-s1-t7:  36%|███▌      | 18/50 [00:18<00:32,  1.03s/it, Saved at =inf, TrLoss=0.2279]
 Training ATK-edg60000-s1-t7:  36%|███▌      | 18/50 [00:19<00:32,  1.03s/it, Saved at =inf, TrLoss=0.2245]
 Training ATK-edg60000-s1-t7:  38%|███▊      | 19/50 [00:19<00:31,  1.03s/it, Saved at =inf, TrLoss=0.2245]
 Training ATK-edg60000-s1-t7:  38%|███▊      | 19/50 [00:20<00:31,  1.03s/it, Saved at =inf, TrLoss=0.2117]
 Training ATK-edg60000-s1-t7:  40%|████      | 20/50 [00:20<00:30,  1.03s/it, Saved at =inf, TrLoss=0.2117]
 Training ATK-edg60000-s1-t7:  40%|████      | 20/50 [00:21<00:30,  1.03s/it, Saved at =inf, TrLoss=0.2140]
 Training ATK-edg60000-s1-t7:  42%|████▏     | 21/50 [00:21<00:29,  1.03s/it, Saved at =inf, TrLoss=0.2140]
 Training ATK-edg60000-s1-t7:  42%|████▏     | 21/50 [00:22<00:29,  1.03s/it, Saved at =inf, TrLoss=0.2130]
 Training ATK-edg60000-s1-t7:  44%|████▍     | 22/50 [00:22<00:28,  1.03s/it, Saved at =inf, TrLoss=0.2130]
 Training ATK-edg60000-s1-t7:  44%|████▍     | 22/50 [00:23<00:28,  1.03s/it, Saved at =inf, TrLoss=0.2012]
 Training ATK-edg60000-s1-t7:  46%|████▌     | 23/50 [00:23<00:27,  1.03s/it, Saved at =inf, TrLoss=0.2012]
 Training ATK-edg60000-s1-t7:  46%|████▌     | 23/50 [00:24<00:27,  1.03s/it, Saved at =inf, TrLoss=0.2011]
 Training ATK-edg60000-s1-t7:  48%|████▊     | 24/50 [00:24<00:26,  1.03s/it, Saved at =inf, TrLoss=0.2011]
 Training ATK-edg60000-s1-t7:  48%|████▊     | 24/50 [00:25<00:26,  1.03s/it, Saved at =inf, TrLoss=0.2031]
 Training ATK-edg60000-s1-t7:  50%|█████     | 25/50 [00:25<00:25,  1.03s/it, Saved at =inf, TrLoss=0.2031]
 Training ATK-edg60000-s1-t7:  50%|█████     | 25/50 [00:26<00:25,  1.03s/it, Saved at =inf, TrLoss=0.1955]
 Training ATK-edg60000-s1-t7:  52%|█████▏    | 26/50 [00:26<00:24,  1.03s/it, Saved at =inf, TrLoss=0.1955]
 Training ATK-edg60000-s1-t7:  52%|█████▏    | 26/50 [00:27<00:24,  1.03s/it, Saved at =inf, TrLoss=0.1917]
 Training ATK-edg60000-s1-t7:  54%|█████▍    | 27/50 [00:27<00:23,  1.03s/it, Saved at =inf, TrLoss=0.1917]
 Training ATK-edg60000-s1-t7:  54%|█████▍    | 27/50 [00:28<00:23,  1.03s/it, Saved at =inf, TrLoss=0.1944]
 Training ATK-edg60000-s1-t7:  56%|█████▌    | 28/50 [00:28<00:22,  1.03s/it, Saved at =inf, TrLoss=0.1944]
 Training ATK-edg60000-s1-t7:  56%|█████▌    | 28/50 [00:29<00:22,  1.03s/it, Saved at =inf, TrLoss=0.1911]
 Training ATK-edg60000-s1-t7:  58%|█████▊    | 29/50 [00:29<00:21,  1.03s/it, Saved at =inf, TrLoss=0.1911]
 Training ATK-edg60000-s1-t7:  58%|█████▊    | 29/50 [00:30<00:21,  1.03s/it, Saved at =inf, TrLoss=0.1859]
 Training ATK-edg60000-s1-t7:  60%|██████    | 30/50 [00:30<00:20,  1.03s/it, Saved at =inf, TrLoss=0.1859]
 Training ATK-edg60000-s1-t7:  60%|██████    | 30/50 [00:31<00:20,  1.03s/it, Saved at =inf, TrLoss=0.1866]
 Training ATK-edg60000-s1-t7:  62%|██████▏   | 31/50 [00:31<00:19,  1.03s/it, Saved at =inf, TrLoss=0.1866]
 Training ATK-edg60000-s1-t7:  62%|██████▏   | 31/50 [00:32<00:19,  1.03s/it, Saved at =inf, TrLoss=0.1869]
 Training ATK-edg60000-s1-t7:  64%|██████▍   | 32/50 [00:32<00:18,  1.03s/it, Saved at =inf, TrLoss=0.1869]
 Training ATK-edg60000-s1-t7:  64%|██████▍   | 32/50 [00:33<00:18,  1.03s/it, Saved at =inf, TrLoss=0.1819]
 Training ATK-edg60000-s1-t7:  66%|██████▌   | 33/50 [00:34<00:17,  1.03s/it, Saved at =inf, TrLoss=0.1819]
 Training ATK-edg60000-s1-t7:  66%|██████▌   | 33/50 [00:34<00:17,  1.03s/it, Saved at =inf, TrLoss=0.1800]
 Training ATK-edg60000-s1-t7:  68%|██████▊   | 34/50 [00:35<00:16,  1.03s/it, Saved at =inf, TrLoss=0.1800]
 Training ATK-edg60000-s1-t7:  68%|██████▊   | 34/50 [00:35<00:16,  1.03s/it, Saved at =inf, TrLoss=0.1827]
 Training ATK-edg60000-s1-t7:  70%|███████   | 35/50 [00:36<00:15,  1.03s/it, Saved at =inf, TrLoss=0.1827]
 Training ATK-edg60000-s1-t7:  70%|███████   | 35/50 [00:36<00:15,  1.03s/it, Saved at =inf, TrLoss=0.1812]
 Training ATK-edg60000-s1-t7:  72%|███████▏  | 36/50 [00:37<00:14,  1.03s/it, Saved at =inf, TrLoss=0.1812]
 Training ATK-edg60000-s1-t7:  72%|███████▏  | 36/50 [00:37<00:14,  1.03s/it, Saved at =inf, TrLoss=0.1785]
 Training ATK-edg60000-s1-t7:  74%|███████▍  | 37/50 [00:38<00:13,  1.03s/it, Saved at =inf, TrLoss=0.1785]
 Training ATK-edg60000-s1-t7:  74%|███████▍  | 37/50 [00:38<00:13,  1.03s/it, Saved at =inf, TrLoss=0.1741]
 Training ATK-edg60000-s1-t7:  76%|███████▌  | 38/50 [00:39<00:12,  1.03s/it, Saved at =inf, TrLoss=0.1741]
 Training ATK-edg60000-s1-t7:  76%|███████▌  | 38/50 [00:40<00:12,  1.03s/it, Saved at =inf, TrLoss=0.1740]
 Training ATK-edg60000-s1-t7:  78%|███████▊  | 39/50 [00:40<00:11,  1.03s/it, Saved at =inf, TrLoss=0.1740]
 Training ATK-edg60000-s1-t7:  78%|███████▊  | 39/50 [00:41<00:11,  1.03s/it, Saved at =inf, TrLoss=0.1745]
 Training ATK-edg60000-s1-t7:  80%|████████  | 40/50 [00:41<00:10,  1.03s/it, Saved at =inf, TrLoss=0.1745]
 Training ATK-edg60000-s1-t7:  80%|████████  | 40/50 [00:42<00:10,  1.03s/it, Saved at =inf, TrLoss=0.1705]
 Training ATK-edg60000-s1-t7:  82%|████████▏ | 41/50 [00:42<00:09,  1.03s/it, Saved at =inf, TrLoss=0.1705]
 Training ATK-edg60000-s1-t7:  82%|████████▏ | 41/50 [00:43<00:09,  1.03s/it, Saved at =inf, TrLoss=0.1709]
 Training ATK-edg60000-s1-t7:  84%|████████▍ | 42/50 [00:43<00:08,  1.03s/it, Saved at =inf, TrLoss=0.1709]
 Training ATK-edg60000-s1-t7:  84%|████████▍ | 42/50 [00:44<00:08,  1.03s/it, Saved at =inf, TrLoss=0.1698]
 Training ATK-edg60000-s1-t7:  86%|████████▌ | 43/50 [00:44<00:07,  1.03s/it, Saved at =inf, TrLoss=0.1698]
 Training ATK-edg60000-s1-t7:  86%|████████▌ | 43/50 [00:45<00:07,  1.03s/it, Saved at =inf, TrLoss=0.1680]
 Training ATK-edg60000-s1-t7:  88%|████████▊ | 44/50 [00:45<00:06,  1.03s/it, Saved at =inf, TrLoss=0.1680]
 Training ATK-edg60000-s1-t7:  88%|████████▊ | 44/50 [00:46<00:06,  1.03s/it, Saved at =inf, TrLoss=0.1700]
 Training ATK-edg60000-s1-t7:  90%|█████████ | 45/50 [00:46<00:05,  1.03s/it, Saved at =inf, TrLoss=0.1700]
 Training ATK-edg60000-s1-t7:  90%|█████████ | 45/50 [00:47<00:05,  1.03s/it, Saved at =inf, TrLoss=0.1686]
 Training ATK-edg60000-s1-t7:  92%|█████████▏| 46/50 [00:47<00:04,  1.03s/it, Saved at =inf, TrLoss=0.1686]
 Training ATK-edg60000-s1-t7:  92%|█████████▏| 46/50 [00:48<00:04,  1.03s/it, Saved at =inf, TrLoss=0.1683]
 Training ATK-edg60000-s1-t7:  94%|█████████▍| 47/50 [00:48<00:03,  1.03s/it, Saved at =inf, TrLoss=0.1683]
 Training ATK-edg60000-s1-t7:  94%|█████████▍| 47/50 [00:49<00:03,  1.03s/it, Saved at =inf, TrLoss=0.1738]
 Training ATK-edg60000-s1-t7:  96%|█████████▌| 48/50 [00:49<00:02,  1.03s/it, Saved at =inf, TrLoss=0.1738]
 Training ATK-edg60000-s1-t7:  96%|█████████▌| 48/50 [00:50<00:02,  1.03s/it, Saved at =inf, TrLoss=0.1845]
 Training ATK-edg60000-s1-t7:  98%|█████████▊| 49/50 [00:50<00:01,  1.03s/it, Saved at =inf, TrLoss=0.1845]
 Training ATK-edg60000-s1-t7:  98%|█████████▊| 49/50 [00:51<00:01,  1.03s/it, Saved at =inf, TrLoss=0.1818]
 Training ATK-edg60000-s1-t7: 100%|██████████| 50/50 [00:51<00:00,  1.03s/it, Saved at =inf, TrLoss=0.1818]
 Training ATK-edg60000-s1-t7: 100%|██████████| 50/50 [00:51<00:00,  1.03s/it, Saved at =inf, TrLoss=0.1818]
[18:27:56]   MCC=0.603±0.065, AUC=0.898±0.028, BAcc=0.810±0.037
[18:34:29]   [edg60000 s1] 1500/13278 candidates scanned, 1373 eligible
[18:36:38]   [edg60000 s1] 2000/13278 candidates scanned, 1821 eligible
[18:38:43]   [edg60000 s1] 2500/13278 candidates scanned, 2255 eligible
[18:40:45]   [edg60000 s1] 3000/13278 candidates scanned, 2682 eligible
[18:44:43]   [edg60000 s1] 4000/13278 candidates scanned, 3511 eligible
[18:46:32]   [edg60000 s1] 4500/13278 candidates scanned, 3895 eligible
[18:48:20]   [edg60000 s1] 5000/13278 candidates scanned, 4271 eligible
[18:50:13]   [edg60000 s1] 5500/13278 candidates scanned, 4667 eligible
[18:52:02]   [edg60000 s1] 6000/13278 candidates scanned, 5046 eligible
[18:53:52]   [edg60000 s1] 6500/13278 candidates scanned, 5431 eligible
[18:55:35]   [edg60000 s1] 7000/13278 candidates scanned, 5789 eligible
[18:58:48]   [edg60000 s1] 8000/13278 candidates scanned, 6456 eligible
[19:00:12]   [edg60000 s1] 8500/13278 candidates scanned, 6748 eligible
[19:02:01]   [edg60000 s1] 9000/13278 candidates scanned, 7122 eligible
[19:03:47]   [edg60000 s1] 9500/13278 candidates scanned, 7492 eligible
[19:05:29]   [edg60000 s1] 10000/13278 candidates scanned, 7843 eligible
[19:13:23]   [edg60000 s1] 13000/13278 candidates scanned, 9483 eligible
[19:13:48]   edg60000 seed 1: n=9569 AUC=0.898 | flip% random total/prop 9.0/2.6 | optimized 11.8/3.9 | 52.5 min
[19:13:48] Training GDTE on edg60000 (seed=2)...

 Training FV-edg60000-s2-t2:   0%|          | 0/50 [00:00<?, ?it/s]
 Training FV-edg60000-s2-t2:   0%|          | 0/50 [00:00<?, ?it/s, Saved at =inf, TrLoss=0.5778]
 Training FV-edg60000-s2-t2:   2%|▏         | 1/50 [00:00<00:16,  3.02it/s, Saved at =inf, TrLoss=0.5778]
 Training FV-edg60000-s2-t2:   2%|▏         | 1/50 [00:00<00:16,  3.02it/s, Saved at =inf, TrLoss=0.6299]
 Training FV-edg60000-s2-t2:   4%|▍         | 2/50 [00:00<00:15,  3.11it/s, Saved at =inf, TrLoss=0.6299]
 Training FV-edg60000-s2-t2:   4%|▍         | 2/50 [00:00<00:15,  3.11it/s, Saved at =inf, TrLoss=0.3686]
 Training FV-edg60000-s2-t2:   6%|▌         | 3/50 [00:00<00:14,  3.14it/s, Saved at =inf, TrLoss=0.3686]
 Training FV-edg60000-s2-t2:   6%|▌         | 3/50 [00:01<00:14,  3.14it/s, Saved at =inf, TrLoss=0.4004]
 Training FV-edg60000-s2-t2:   8%|▊         | 4/50 [00:01<00:14,  3.15it/s, Saved at =inf, TrLoss=0.4004]
 Training FV-edg60000-s2-t2:   8%|▊         | 4/50 [00:01<00:14,  3.15it/s, Saved at =inf, TrLoss=0.3268]
 Training FV-edg60000-s2-t2:  10%|█         | 5/50 [00:01<00:14,  3.16it/s, Saved at =inf, TrLoss=0.3268]
 Training FV-edg60000-s2-t2:  10%|█         | 5/50 [00:01<00:14,  3.16it/s, Saved at =inf, TrLoss=0.2820]
 Training FV-edg60000-s2-t2:  12%|█▏        | 6/50 [00:01<00:13,  3.17it/s, Saved at =inf, TrLoss=0.2820]
 Training FV-edg60000-s2-t2:  12%|█▏        | 6/50 [00:02<00:13,  3.17it/s, Saved at =inf, TrLoss=0.2776]
 Training FV-edg60000-s2-t2:  14%|█▍        | 7/50 [00:02<00:13,  3.17it/s, Saved at =inf, TrLoss=0.2776]
 Training FV-edg60000-s2-t2:  14%|█▍        | 7/50 [00:02<00:13,  3.17it/s, Saved at =inf, TrLoss=0.2672]
 Training FV-edg60000-s2-t2:  16%|█▌        | 8/50 [00:02<00:13,  3.18it/s, Saved at =inf, TrLoss=0.2672]
 Training FV-edg60000-s2-t2:  16%|█▌        | 8/50 [00:02<00:13,  3.18it/s, Saved at =inf, TrLoss=0.2306]
 Training FV-edg60000-s2-t2:  18%|█▊        | 9/50 [00:02<00:12,  3.18it/s, Saved at =inf, TrLoss=0.2306]
 Training FV-edg60000-s2-t2:  18%|█▊        | 9/50 [00:03<00:12,  3.18it/s, Saved at =inf, TrLoss=0.2169]
 Training FV-edg60000-s2-t2:  20%|██        | 10/50 [00:03<00:12,  3.18it/s, Saved at =inf, TrLoss=0.2169]
 Training FV-edg60000-s2-t2:  20%|██        | 10/50 [00:03<00:12,  3.18it/s, Saved at =inf, TrLoss=0.2306]
 Training FV-edg60000-s2-t2:  22%|██▏       | 11/50 [00:03<00:12,  3.18it/s, Saved at =inf, TrLoss=0.2306]
 Training FV-edg60000-s2-t2:  22%|██▏       | 11/50 [00:03<00:12,  3.18it/s, Saved at =inf, TrLoss=0.2269]
 Training FV-edg60000-s2-t2:  24%|██▍       | 12/50 [00:03<00:11,  3.18it/s, Saved at =inf, TrLoss=0.2269]
 Training FV-edg60000-s2-t2:  24%|██▍       | 12/50 [00:03<00:11,  3.18it/s, Saved at =inf, TrLoss=0.2061]
 Training FV-edg60000-s2-t2:  26%|██▌       | 13/50 [00:04<00:11,  3.18it/s, Saved at =inf, TrLoss=0.2061]
 Training FV-edg60000-s2-t2:  26%|██▌       | 13/50 [00:04<00:11,  3.18it/s, Saved at =inf, TrLoss=0.2054]
 Training FV-edg60000-s2-t2:  28%|██▊       | 14/50 [00:04<00:11,  3.18it/s, Saved at =inf, TrLoss=0.2054]
 Training FV-edg60000-s2-t2:  28%|██▊       | 14/50 [00:04<00:11,  3.18it/s, Saved at =inf, TrLoss=0.2106]
 Training FV-edg60000-s2-t2:  30%|███       | 15/50 [00:04<00:10,  3.19it/s, Saved at =inf, TrLoss=0.2106]
 Training FV-edg60000-s2-t2:  30%|███       | 15/50 [00:04<00:10,  3.19it/s, Saved at =inf, TrLoss=0.1962]
 Training FV-edg60000-s2-t2:  32%|███▏      | 16/50 [00:05<00:10,  3.19it/s, Saved at =inf, TrLoss=0.1962]
 Training FV-edg60000-s2-t2:  32%|███▏      | 16/50 [00:05<00:10,  3.19it/s, Saved at =inf, TrLoss=0.1887]
 Training FV-edg60000-s2-t2:  34%|███▍      | 17/50 [00:05<00:10,  3.19it/s, Saved at =inf, TrLoss=0.1887]
 Training FV-edg60000-s2-t2:  34%|███▍      | 17/50 [00:05<00:10,  3.19it/s, Saved at =inf, TrLoss=0.1894]
 Training FV-edg60000-s2-t2:  36%|███▌      | 18/50 [00:05<00:10,  3.18it/s, Saved at =inf, TrLoss=0.1894]
 Training FV-edg60000-s2-t2:  36%|███▌      | 18/50 [00:05<00:10,  3.18it/s, Saved at =inf, TrLoss=0.1920]
 Training FV-edg60000-s2-t2:  38%|███▊      | 19/50 [00:05<00:09,  3.18it/s, Saved at =inf, TrLoss=0.1920]
 Training FV-edg60000-s2-t2:  38%|███▊      | 19/50 [00:06<00:09,  3.18it/s, Saved at =inf, TrLoss=0.1857]
 Training FV-edg60000-s2-t2:  40%|████      | 20/50 [00:06<00:09,  3.18it/s, Saved at =inf, TrLoss=0.1857]
 Training FV-edg60000-s2-t2:  40%|████      | 20/50 [00:06<00:09,  3.18it/s, Saved at =inf, TrLoss=0.1792]
 Training FV-edg60000-s2-t2:  42%|████▏     | 21/50 [00:06<00:09,  3.18it/s, Saved at =inf, TrLoss=0.1792]
 Training FV-edg60000-s2-t2:  42%|████▏     | 21/50 [00:06<00:09,  3.18it/s, Saved at =inf, TrLoss=0.1790]
 Training FV-edg60000-s2-t2:  44%|████▍     | 22/50 [00:06<00:08,  3.16it/s, Saved at =inf, TrLoss=0.1790]
 Training FV-edg60000-s2-t2:  44%|████▍     | 22/50 [00:07<00:08,  3.16it/s, Saved at =inf, TrLoss=0.1773]
 Training FV-edg60000-s2-t2:  46%|████▌     | 23/50 [00:07<00:08,  3.16it/s, Saved at =inf, TrLoss=0.1773]
 Training FV-edg60000-s2-t2:  46%|████▌     | 23/50 [00:07<00:08,  3.16it/s, Saved at =inf, TrLoss=0.1724]
 Training FV-edg60000-s2-t2:  48%|████▊     | 24/50 [00:07<00:08,  3.16it/s, Saved at =inf, TrLoss=0.1724]
 Training FV-edg60000-s2-t2:  48%|████▊     | 24/50 [00:07<00:08,  3.16it/s, Saved at =inf, TrLoss=0.1705]
 Training FV-edg60000-s2-t2:  50%|█████     | 25/50 [00:07<00:07,  3.17it/s, Saved at =inf, TrLoss=0.1705]
 Training FV-edg60000-s2-t2:  50%|█████     | 25/50 [00:08<00:07,  3.17it/s, Saved at =inf, TrLoss=0.1707]
 Training FV-edg60000-s2-t2:  52%|█████▏    | 26/50 [00:08<00:07,  3.18it/s, Saved at =inf, TrLoss=0.1707]
 Training FV-edg60000-s2-t2:  52%|█████▏    | 26/50 [00:08<00:07,  3.18it/s, Saved at =inf, TrLoss=0.1667]
 Training FV-edg60000-s2-t2:  54%|█████▍    | 27/50 [00:08<00:07,  3.18it/s, Saved at =inf, TrLoss=0.1667]
 Training FV-edg60000-s2-t2:  54%|█████▍    | 27/50 [00:08<00:07,  3.18it/s, Saved at =inf, TrLoss=0.1649]
 Training FV-edg60000-s2-t2:  56%|█████▌    | 28/50 [00:08<00:06,  3.18it/s, Saved at =inf, TrLoss=0.1649]
 Training FV-edg60000-s2-t2:  56%|█████▌    | 28/50 [00:09<00:06,  3.18it/s, Saved at =inf, TrLoss=0.1631]
 Training FV-edg60000-s2-t2:  58%|█████▊    | 29/50 [00:09<00:06,  3.18it/s, Saved at =inf, TrLoss=0.1631]
 Training FV-edg60000-s2-t2:  58%|█████▊    | 29/50 [00:09<00:06,  3.18it/s, Saved at =inf, TrLoss=0.1601]
 Training FV-edg60000-s2-t2:  60%|██████    | 30/50 [00:09<00:06,  3.18it/s, Saved at =inf, TrLoss=0.1601]
 Training FV-edg60000-s2-t2:  60%|██████    | 30/50 [00:09<00:06,  3.18it/s, Saved at =inf, TrLoss=0.1569]
 Training FV-edg60000-s2-t2:  62%|██████▏   | 31/50 [00:09<00:05,  3.18it/s, Saved at =inf, TrLoss=0.1569]
 Training FV-edg60000-s2-t2:  62%|██████▏   | 31/50 [00:09<00:05,  3.18it/s, Saved at =inf, TrLoss=0.1561]
 Training FV-edg60000-s2-t2:  64%|██████▍   | 32/50 [00:10<00:05,  3.18it/s, Saved at =inf, TrLoss=0.1561]
 Training FV-edg60000-s2-t2:  64%|██████▍   | 32/50 [00:10<00:05,  3.18it/s, Saved at =inf, TrLoss=0.1551]
 Training FV-edg60000-s2-t2:  66%|██████▌   | 33/50 [00:10<00:05,  3.18it/s, Saved at =inf, TrLoss=0.1551]
 Training FV-edg60000-s2-t2:  66%|██████▌   | 33/50 [00:10<00:05,  3.18it/s, Saved at =inf, TrLoss=0.1535]
 Training FV-edg60000-s2-t2:  68%|██████▊   | 34/50 [00:10<00:05,  3.18it/s, Saved at =inf, TrLoss=0.1535]
 Training FV-edg60000-s2-t2:  68%|██████▊   | 34/50 [00:10<00:05,  3.18it/s, Saved at =inf, TrLoss=0.1533]
 Training FV-edg60000-s2-t2:  70%|███████   | 35/50 [00:11<00:04,  3.18it/s, Saved at =inf, TrLoss=0.1533]
 Training FV-edg60000-s2-t2:  70%|███████   | 35/50 [00:11<00:04,  3.18it/s, Saved at =inf, TrLoss=0.1512]
 Training FV-edg60000-s2-t2:  72%|███████▏  | 36/50 [00:11<00:04,  3.18it/s, Saved at =inf, TrLoss=0.1512]
 Training FV-edg60000-s2-t2:  72%|███████▏  | 36/50 [00:11<00:04,  3.18it/s, Saved at =inf, TrLoss=0.1478]
 Training FV-edg60000-s2-t2:  74%|███████▍  | 37/50 [00:11<00:04,  3.18it/s, Saved at =inf, TrLoss=0.1478]
 Training FV-edg60000-s2-t2:  74%|███████▍  | 37/50 [00:11<00:04,  3.18it/s, Saved at =inf, TrLoss=0.1482]
 Training FV-edg60000-s2-t2:  76%|███████▌  | 38/50 [00:11<00:03,  3.18it/s, Saved at =inf, TrLoss=0.1482]
 Training FV-edg60000-s2-t2:  76%|███████▌  | 38/50 [00:12<00:03,  3.18it/s, Saved at =inf, TrLoss=0.1448]
 Training FV-edg60000-s2-t2:  78%|███████▊  | 39/50 [00:12<00:03,  3.18it/s, Saved at =inf, TrLoss=0.1448]
 Training FV-edg60000-s2-t2:  78%|███████▊  | 39/50 [00:12<00:03,  3.18it/s, Saved at =inf, TrLoss=0.1453]
 Training FV-edg60000-s2-t2:  80%|████████  | 40/50 [00:12<00:03,  3.18it/s, Saved at =inf, TrLoss=0.1453]
 Training FV-edg60000-s2-t2:  80%|████████  | 40/50 [00:12<00:03,  3.18it/s, Saved at =inf, TrLoss=0.1463]
 Training FV-edg60000-s2-t2:  82%|████████▏ | 41/50 [00:12<00:02,  3.18it/s, Saved at =inf, TrLoss=0.1463]
 Training FV-edg60000-s2-t2:  82%|████████▏ | 41/50 [00:13<00:02,  3.18it/s, Saved at =inf, TrLoss=0.1398]
 Training FV-edg60000-s2-t2:  84%|████████▍ | 42/50 [00:13<00:02,  3.18it/s, Saved at =inf, TrLoss=0.1398]
 Training FV-edg60000-s2-t2:  84%|████████▍ | 42/50 [00:13<00:02,  3.18it/s, Saved at =inf, TrLoss=0.1402]
 Training FV-edg60000-s2-t2:  86%|████████▌ | 43/50 [00:13<00:02,  3.18it/s, Saved at =inf, TrLoss=0.1402]
 Training FV-edg60000-s2-t2:  86%|████████▌ | 43/50 [00:13<00:02,  3.18it/s, Saved at =inf, TrLoss=0.1382]
 Training FV-edg60000-s2-t2:  88%|████████▊ | 44/50 [00:13<00:01,  3.18it/s, Saved at =inf, TrLoss=0.1382]
 Training FV-edg60000-s2-t2:  88%|████████▊ | 44/50 [00:14<00:01,  3.18it/s, Saved at =inf, TrLoss=0.1412]
 Training FV-edg60000-s2-t2:  90%|█████████ | 45/50 [00:14<00:01,  3.18it/s, Saved at =inf, TrLoss=0.1412]
 Training FV-edg60000-s2-t2:  90%|█████████ | 45/50 [00:14<00:01,  3.18it/s, Saved at =inf, TrLoss=0.1373]
 Training FV-edg60000-s2-t2:  92%|█████████▏| 46/50 [00:14<00:01,  3.18it/s, Saved at =inf, TrLoss=0.1373]
 Training FV-edg60000-s2-t2:  92%|█████████▏| 46/50 [00:14<00:01,  3.18it/s, Saved at =inf, TrLoss=0.1382]
 Training FV-edg60000-s2-t2:  94%|█████████▍| 47/50 [00:14<00:00,  3.18it/s, Saved at =inf, TrLoss=0.1382]
 Training FV-edg60000-s2-t2:  94%|█████████▍| 47/50 [00:15<00:00,  3.18it/s, Saved at =inf, TrLoss=0.1371]
 Training FV-edg60000-s2-t2:  96%|█████████▌| 48/50 [00:15<00:00,  3.18it/s, Saved at =inf, TrLoss=0.1371]
 Training FV-edg60000-s2-t2:  96%|█████████▌| 48/50 [00:15<00:00,  3.18it/s, Saved at =inf, TrLoss=0.1387]
 Training FV-edg60000-s2-t2:  98%|█████████▊| 49/50 [00:15<00:00,  3.18it/s, Saved at =inf, TrLoss=0.1387]
 Training FV-edg60000-s2-t2:  98%|█████████▊| 49/50 [00:15<00:00,  3.18it/s, Saved at =inf, TrLoss=0.1392]
 Training FV-edg60000-s2-t2: 100%|██████████| 50/50 [00:15<00:00,  3.18it/s, Saved at =inf, TrLoss=0.1392]
 Training FV-edg60000-s2-t2: 100%|██████████| 50/50 [00:15<00:00,  3.18it/s, Saved at =inf, TrLoss=0.1392]

 Training FV-edg60000-s2-t3:   0%|          | 0/50 [00:00<?, ?it/s]
 Training FV-edg60000-s2-t3:   0%|          | 0/50 [00:00<?, ?it/s, Saved at =inf, TrLoss=0.8057]
 Training FV-edg60000-s2-t3:   2%|▏         | 1/50 [00:00<00:21,  2.29it/s, Saved at =inf, TrLoss=0.8057]
 Training FV-edg60000-s2-t3:   2%|▏         | 1/50 [00:00<00:21,  2.29it/s, Saved at =inf, TrLoss=1.4462]
 Training FV-edg60000-s2-t3:   4%|▍         | 2/50 [00:00<00:20,  2.33it/s, Saved at =inf, TrLoss=1.4462]
 Training FV-edg60000-s2-t3:   4%|▍         | 2/50 [00:01<00:20,  2.33it/s, Saved at =inf, TrLoss=0.6722]
 Training FV-edg60000-s2-t3:   6%|▌         | 3/50 [00:01<00:20,  2.34it/s, Saved at =inf, TrLoss=0.6722]
 Training FV-edg60000-s2-t3:   6%|▌         | 3/50 [00:01<00:20,  2.34it/s, Saved at =inf, TrLoss=0.4334]
 Training FV-edg60000-s2-t3:   8%|▊         | 4/50 [00:01<00:19,  2.35it/s, Saved at =inf, TrLoss=0.4334]
 Training FV-edg60000-s2-t3:   8%|▊         | 4/50 [00:02<00:19,  2.35it/s, Saved at =inf, TrLoss=0.4335]
 Training FV-edg60000-s2-t3:  10%|█         | 5/50 [00:02<00:19,  2.35it/s, Saved at =inf, TrLoss=0.4335]
 Training FV-edg60000-s2-t3:  10%|█         | 5/50 [00:02<00:19,  2.35it/s, Saved at =inf, TrLoss=0.4424]
 Training FV-edg60000-s2-t3:  12%|█▏        | 6/50 [00:02<00:18,  2.35it/s, Saved at =inf, TrLoss=0.4424]
 Training FV-edg60000-s2-t3:  12%|█▏        | 6/50 [00:02<00:18,  2.35it/s, Saved at =inf, TrLoss=0.4357]
 Training FV-edg60000-s2-t3:  14%|█▍        | 7/50 [00:02<00:18,  2.36it/s, Saved at =inf, TrLoss=0.4357]
 Training FV-edg60000-s2-t3:  14%|█▍        | 7/50 [00:03<00:18,  2.36it/s, Saved at =inf, TrLoss=0.4128]
 Training FV-edg60000-s2-t3:  16%|█▌        | 8/50 [00:03<00:17,  2.36it/s, Saved at =inf, TrLoss=0.4128]
 Training FV-edg60000-s2-t3:  16%|█▌        | 8/50 [00:03<00:17,  2.36it/s, Saved at =inf, TrLoss=0.3821]
 Training FV-edg60000-s2-t3:  18%|█▊        | 9/50 [00:03<00:17,  2.36it/s, Saved at =inf, TrLoss=0.3821]
 Training FV-edg60000-s2-t3:  18%|█▊        | 9/50 [00:04<00:17,  2.36it/s, Saved at =inf, TrLoss=0.3458]
 Training FV-edg60000-s2-t3:  20%|██        | 10/50 [00:04<00:16,  2.36it/s, Saved at =inf, TrLoss=0.3458]
 Training FV-edg60000-s2-t3:  20%|██        | 10/50 [00:04<00:16,  2.36it/s, Saved at =inf, TrLoss=0.3070]
 Training FV-edg60000-s2-t3:  22%|██▏       | 11/50 [00:04<00:16,  2.36it/s, Saved at =inf, TrLoss=0.3070]
 Training FV-edg60000-s2-t3:  22%|██▏       | 11/50 [00:04<00:16,  2.36it/s, Saved at =inf, TrLoss=0.2786]
 Training FV-edg60000-s2-t3:  24%|██▍       | 12/50 [00:05<00:16,  2.36it/s, Saved at =inf, TrLoss=0.2786]
 Training FV-edg60000-s2-t3:  24%|██▍       | 12/50 [00:05<00:16,  2.36it/s, Saved at =inf, TrLoss=0.2534]
 Training FV-edg60000-s2-t3:  26%|██▌       | 13/50 [00:05<00:15,  2.36it/s, Saved at =inf, TrLoss=0.2534]
 Training FV-edg60000-s2-t3:  26%|██▌       | 13/50 [00:05<00:15,  2.36it/s, Saved at =inf, TrLoss=0.2442]
 Training FV-edg60000-s2-t3:  28%|██▊       | 14/50 [00:05<00:15,  2.36it/s, Saved at =inf, TrLoss=0.2442]
 Training FV-edg60000-s2-t3:  28%|██▊       | 14/50 [00:06<00:15,  2.36it/s, Saved at =inf, TrLoss=0.2378]
 Training FV-edg60000-s2-t3:  30%|███       | 15/50 [00:06<00:14,  2.36it/s, Saved at =inf, TrLoss=0.2378]
 Training FV-edg60000-s2-t3:  30%|███       | 15/50 [00:06<00:14,  2.36it/s, Saved at =inf, TrLoss=0.2304]
 Training FV-edg60000-s2-t3:  32%|███▏      | 16/50 [00:06<00:14,  2.36it/s, Saved at =inf, TrLoss=0.2304]
 Training FV-edg60000-s2-t3:  32%|███▏      | 16/50 [00:07<00:14,  2.36it/s, Saved at =inf, TrLoss=0.2254]
 Training FV-edg60000-s2-t3:  34%|███▍      | 17/50 [00:07<00:13,  2.36it/s, Saved at =inf, TrLoss=0.2254]
 Training FV-edg60000-s2-t3:  34%|███▍      | 17/50 [00:07<00:13,  2.36it/s, Saved at =inf, TrLoss=0.2221]
 Training FV-edg60000-s2-t3:  36%|███▌      | 18/50 [00:07<00:13,  2.36it/s, Saved at =inf, TrLoss=0.2221]
 Training FV-edg60000-s2-t3:  36%|███▌      | 18/50 [00:07<00:13,  2.36it/s, Saved at =inf, TrLoss=0.2235]
 Training FV-edg60000-s2-t3:  38%|███▊      | 19/50 [00:08<00:13,  2.35it/s, Saved at =inf, TrLoss=0.2235]
 Training FV-edg60000-s2-t3:  38%|███▊      | 19/50 [00:08<00:13,  2.35it/s, Saved at =inf, TrLoss=0.2219]
 Training FV-edg60000-s2-t3:  40%|████      | 20/50 [00:08<00:12,  2.35it/s, Saved at =inf, TrLoss=0.2219]
 Training FV-edg60000-s2-t3:  40%|████      | 20/50 [00:08<00:12,  2.35it/s, Saved at =inf, TrLoss=0.2011]
 Training FV-edg60000-s2-t3:  42%|████▏     | 21/50 [00:08<00:12,  2.35it/s, Saved at =inf, TrLoss=0.2011]
 Training FV-edg60000-s2-t3:  42%|████▏     | 21/50 [00:09<00:12,  2.35it/s, Saved at =inf, TrLoss=0.1956]
 Training FV-edg60000-s2-t3:  44%|████▍     | 22/50 [00:09<00:11,  2.35it/s, Saved at =inf, TrLoss=0.1956]
 Training FV-edg60000-s2-t3:  44%|████▍     | 22/50 [00:09<00:11,  2.35it/s, Saved at =inf, TrLoss=0.2024]
 Training FV-edg60000-s2-t3:  46%|████▌     | 23/50 [00:09<00:11,  2.36it/s, Saved at =inf, TrLoss=0.2024]
 Training FV-edg60000-s2-t3:  46%|████▌     | 23/50 [00:10<00:11,  2.36it/s, Saved at =inf, TrLoss=0.1939]
 Training FV-edg60000-s2-t3:  48%|████▊     | 24/50 [00:10<00:11,  2.36it/s, Saved at =inf, TrLoss=0.1939]
 Training FV-edg60000-s2-t3:  48%|████▊     | 24/50 [00:10<00:11,  2.36it/s, Saved at =inf, TrLoss=0.1858]
 Training FV-edg60000-s2-t3:  50%|█████     | 25/50 [00:10<00:10,  2.36it/s, Saved at =inf, TrLoss=0.1858]
 Training FV-edg60000-s2-t3:  50%|█████     | 25/50 [00:10<00:10,  2.36it/s, Saved at =inf, TrLoss=0.1920]
 Training FV-edg60000-s2-t3:  52%|█████▏    | 26/50 [00:11<00:10,  2.36it/s, Saved at =inf, TrLoss=0.1920]
 Training FV-edg60000-s2-t3:  52%|█████▏    | 26/50 [00:11<00:10,  2.36it/s, Saved at =inf, TrLoss=0.1791]
 Training FV-edg60000-s2-t3:  54%|█████▍    | 27/50 [00:11<00:09,  2.36it/s, Saved at =inf, TrLoss=0.1791]
 Training FV-edg60000-s2-t3:  54%|█████▍    | 27/50 [00:11<00:09,  2.36it/s, Saved at =inf, TrLoss=0.1792]
 Training FV-edg60000-s2-t3:  56%|█████▌    | 28/50 [00:11<00:09,  2.36it/s, Saved at =inf, TrLoss=0.1792]
 Training FV-edg60000-s2-t3:  56%|█████▌    | 28/50 [00:12<00:09,  2.36it/s, Saved at =inf, TrLoss=0.1786]
 Training FV-edg60000-s2-t3:  58%|█████▊    | 29/50 [00:12<00:08,  2.36it/s, Saved at =inf, TrLoss=0.1786]
 Training FV-edg60000-s2-t3:  58%|█████▊    | 29/50 [00:12<00:08,  2.36it/s, Saved at =inf, TrLoss=0.1687]
 Training FV-edg60000-s2-t3:  60%|██████    | 30/50 [00:12<00:08,  2.37it/s, Saved at =inf, TrLoss=0.1687]
 Training FV-edg60000-s2-t3:  60%|██████    | 30/50 [00:13<00:08,  2.37it/s, Saved at =inf, TrLoss=0.1714]
 Training FV-edg60000-s2-t3:  62%|██████▏   | 31/50 [00:13<00:08,  2.37it/s, Saved at =inf, TrLoss=0.1714]
 Training FV-edg60000-s2-t3:  62%|██████▏   | 31/50 [00:13<00:08,  2.37it/s, Saved at =inf, TrLoss=0.1657]
 Training FV-edg60000-s2-t3:  64%|██████▍   | 32/50 [00:13<00:07,  2.37it/s, Saved at =inf, TrLoss=0.1657]
 Training FV-edg60000-s2-t3:  64%|██████▍   | 32/50 [00:13<00:07,  2.37it/s, Saved at =inf, TrLoss=0.1688]
 Training FV-edg60000-s2-t3:  66%|██████▌   | 33/50 [00:13<00:07,  2.37it/s, Saved at =inf, TrLoss=0.1688]
 Training FV-edg60000-s2-t3:  66%|██████▌   | 33/50 [00:14<00:07,  2.37it/s, Saved at =inf, TrLoss=0.1634]
 Training FV-edg60000-s2-t3:  68%|██████▊   | 34/50 [00:14<00:06,  2.37it/s, Saved at =inf, TrLoss=0.1634]
 Training FV-edg60000-s2-t3:  68%|██████▊   | 34/50 [00:14<00:06,  2.37it/s, Saved at =inf, TrLoss=0.1614]
 Training FV-edg60000-s2-t3:  70%|███████   | 35/50 [00:14<00:06,  2.37it/s, Saved at =inf, TrLoss=0.1614]
 Training FV-edg60000-s2-t3:  70%|███████   | 35/50 [00:15<00:06,  2.37it/s, Saved at =inf, TrLoss=0.1621]
 Training FV-edg60000-s2-t3:  72%|███████▏  | 36/50 [00:15<00:05,  2.37it/s, Saved at =inf, TrLoss=0.1621]
 Training FV-edg60000-s2-t3:  72%|███████▏  | 36/50 [00:15<00:05,  2.37it/s, Saved at =inf, TrLoss=0.1569]
 Training FV-edg60000-s2-t3:  74%|███████▍  | 37/50 [00:15<00:05,  2.37it/s, Saved at =inf, TrLoss=0.1569]
 Training FV-edg60000-s2-t3:  74%|███████▍  | 37/50 [00:15<00:05,  2.37it/s, Saved at =inf, TrLoss=0.1576]
 Training FV-edg60000-s2-t3:  76%|███████▌  | 38/50 [00:16<00:05,  2.37it/s, Saved at =inf, TrLoss=0.1576]
 Training FV-edg60000-s2-t3:  76%|███████▌  | 38/50 [00:16<00:05,  2.37it/s, Saved at =inf, TrLoss=0.1571]
 Training FV-edg60000-s2-t3:  78%|███████▊  | 39/50 [00:16<00:04,  2.37it/s, Saved at =inf, TrLoss=0.1571]
 Training FV-edg60000-s2-t3:  78%|███████▊  | 39/50 [00:16<00:04,  2.37it/s, Saved at =inf, TrLoss=0.1525]
 Training FV-edg60000-s2-t3:  80%|████████  | 40/50 [00:16<00:04,  2.37it/s, Saved at =inf, TrLoss=0.1525]
 Training FV-edg60000-s2-t3:  80%|████████  | 40/50 [00:17<00:04,  2.37it/s, Saved at =inf, TrLoss=0.1542]
 Training FV-edg60000-s2-t3:  82%|████████▏ | 41/50 [00:17<00:03,  2.37it/s, Saved at =inf, TrLoss=0.1542]
 Training FV-edg60000-s2-t3:  82%|████████▏ | 41/50 [00:17<00:03,  2.37it/s, Saved at =inf, TrLoss=0.1512]
 Training FV-edg60000-s2-t3:  84%|████████▍ | 42/50 [00:17<00:03,  2.37it/s, Saved at =inf, TrLoss=0.1512]
 Training FV-edg60000-s2-t3:  84%|████████▍ | 42/50 [00:18<00:03,  2.37it/s, Saved at =inf, TrLoss=0.1498]
 Training FV-edg60000-s2-t3:  86%|████████▌ | 43/50 [00:18<00:02,  2.37it/s, Saved at =inf, TrLoss=0.1498]
 Training FV-edg60000-s2-t3:  86%|████████▌ | 43/50 [00:18<00:02,  2.37it/s, Saved at =inf, TrLoss=0.1490]
 Training FV-edg60000-s2-t3:  88%|████████▊ | 44/50 [00:18<00:02,  2.37it/s, Saved at =inf, TrLoss=0.1490]
 Training FV-edg60000-s2-t3:  88%|████████▊ | 44/50 [00:18<00:02,  2.37it/s, Saved at =inf, TrLoss=0.1492]
 Training FV-edg60000-s2-t3:  90%|█████████ | 45/50 [00:19<00:02,  2.37it/s, Saved at =inf, TrLoss=0.1492]
 Training FV-edg60000-s2-t3:  90%|█████████ | 45/50 [00:19<00:02,  2.37it/s, Saved at =inf, TrLoss=0.1478]
 Training FV-edg60000-s2-t3:  92%|█████████▏| 46/50 [00:19<00:01,  2.37it/s, Saved at =inf, TrLoss=0.1478]
 Training FV-edg60000-s2-t3:  92%|█████████▏| 46/50 [00:19<00:01,  2.37it/s, Saved at =inf, TrLoss=0.1473]
 Training FV-edg60000-s2-t3:  94%|█████████▍| 47/50 [00:19<00:01,  2.37it/s, Saved at =inf, TrLoss=0.1473]
 Training FV-edg60000-s2-t3:  94%|█████████▍| 47/50 [00:20<00:01,  2.37it/s, Saved at =inf, TrLoss=0.1453]
 Training FV-edg60000-s2-t3:  96%|█████████▌| 48/50 [00:20<00:00,  2.37it/s, Saved at =inf, TrLoss=0.1453]
 Training FV-edg60000-s2-t3:  96%|█████████▌| 48/50 [00:20<00:00,  2.37it/s, Saved at =inf, TrLoss=0.1444]
 Training FV-edg60000-s2-t3:  98%|█████████▊| 49/50 [00:20<00:00,  2.37it/s, Saved at =inf, TrLoss=0.1444]
 Training FV-edg60000-s2-t3:  98%|█████████▊| 49/50 [00:21<00:00,  2.37it/s, Saved at =inf, TrLoss=0.1445]
 Training FV-edg60000-s2-t3: 100%|██████████| 50/50 [00:21<00:00,  2.37it/s, Saved at =inf, TrLoss=0.1445]
 Training FV-edg60000-s2-t3: 100%|██████████| 50/50 [00:21<00:00,  2.36it/s, Saved at =inf, TrLoss=0.1445]

 Training FV-edg60000-s2-t4:   0%|          | 0/50 [00:00<?, ?it/s]
 Training FV-edg60000-s2-t4:   0%|          | 0/50 [00:00<?, ?it/s, Saved at =inf, TrLoss=0.7606]
 Training FV-edg60000-s2-t4:   2%|▏         | 1/50 [00:00<00:27,  1.76it/s, Saved at =inf, TrLoss=0.7606]
 Training FV-edg60000-s2-t4:   2%|▏         | 1/50 [00:00<00:27,  1.76it/s, Saved at =inf, TrLoss=1.0786]
 Training FV-edg60000-s2-t4:   4%|▍         | 2/50 [00:01<00:26,  1.78it/s, Saved at =inf, TrLoss=1.0786]
 Training FV-edg60000-s2-t4:   4%|▍         | 2/50 [00:01<00:26,  1.78it/s, Saved at =inf, TrLoss=0.4746]
 Training FV-edg60000-s2-t4:   6%|▌         | 3/50 [00:01<00:26,  1.79it/s, Saved at =inf, TrLoss=0.4746]
 Training FV-edg60000-s2-t4:   6%|▌         | 3/50 [00:02<00:26,  1.79it/s, Saved at =inf, TrLoss=0.4533]
 Training FV-edg60000-s2-t4:   8%|▊         | 4/50 [00:02<00:25,  1.79it/s, Saved at =inf, TrLoss=0.4533]
 Training FV-edg60000-s2-t4:   8%|▊         | 4/50 [00:02<00:25,  1.79it/s, Saved at =inf, TrLoss=0.4584]
 Training FV-edg60000-s2-t4:  10%|█         | 5/50 [00:02<00:25,  1.80it/s, Saved at =inf, TrLoss=0.4584]
 Training FV-edg60000-s2-t4:  10%|█         | 5/50 [00:03<00:25,  1.80it/s, Saved at =inf, TrLoss=0.4083]
 Training FV-edg60000-s2-t4:  12%|█▏        | 6/50 [00:03<00:24,  1.80it/s, Saved at =inf, TrLoss=0.4083]
 Training FV-edg60000-s2-t4:  12%|█▏        | 6/50 [00:03<00:24,  1.80it/s, Saved at =inf, TrLoss=0.3716]
 Training FV-edg60000-s2-t4:  14%|█▍        | 7/50 [00:03<00:23,  1.80it/s, Saved at =inf, TrLoss=0.3716]
 Training FV-edg60000-s2-t4:  14%|█▍        | 7/50 [00:04<00:23,  1.80it/s, Saved at =inf, TrLoss=0.3487]
 Training FV-edg60000-s2-t4:  16%|█▌        | 8/50 [00:04<00:23,  1.80it/s, Saved at =inf, TrLoss=0.3487]
 Training FV-edg60000-s2-t4:  16%|█▌        | 8/50 [00:04<00:23,  1.80it/s, Saved at =inf, TrLoss=0.3375]
 Training FV-edg60000-s2-t4:  18%|█▊        | 9/50 [00:05<00:22,  1.80it/s, Saved at =inf, TrLoss=0.3375]
 Training FV-edg60000-s2-t4:  18%|█▊        | 9/50 [00:05<00:22,  1.80it/s, Saved at =inf, TrLoss=0.3097]
 Training FV-edg60000-s2-t4:  20%|██        | 10/50 [00:05<00:22,  1.80it/s, Saved at =inf, TrLoss=0.3097]
 Training FV-edg60000-s2-t4:  20%|██        | 10/50 [00:05<00:22,  1.80it/s, Saved at =inf, TrLoss=0.2723]
 Training FV-edg60000-s2-t4:  22%|██▏       | 11/50 [00:06<00:21,  1.80it/s, Saved at =inf, TrLoss=0.2723]
 Training FV-edg60000-s2-t4:  22%|██▏       | 11/50 [00:06<00:21,  1.80it/s, Saved at =inf, TrLoss=0.2542]
 Training FV-edg60000-s2-t4:  24%|██▍       | 12/50 [00:06<00:21,  1.80it/s, Saved at =inf, TrLoss=0.2542]
 Training FV-edg60000-s2-t4:  24%|██▍       | 12/50 [00:07<00:21,  1.80it/s, Saved at =inf, TrLoss=0.2604]
 Training FV-edg60000-s2-t4:  26%|██▌       | 13/50 [00:07<00:20,  1.80it/s, Saved at =inf, TrLoss=0.2604]
 Training FV-edg60000-s2-t4:  26%|██▌       | 13/50 [00:07<00:20,  1.80it/s, Saved at =inf, TrLoss=0.2456]
 Training FV-edg60000-s2-t4:  28%|██▊       | 14/50 [00:07<00:19,  1.80it/s, Saved at =inf, TrLoss=0.2456]
 Training FV-edg60000-s2-t4:  28%|██▊       | 14/50 [00:08<00:19,  1.80it/s, Saved at =inf, TrLoss=0.2225]
 Training FV-edg60000-s2-t4:  30%|███       | 15/50 [00:08<00:19,  1.80it/s, Saved at =inf, TrLoss=0.2225]
 Training FV-edg60000-s2-t4:  30%|███       | 15/50 [00:08<00:19,  1.80it/s, Saved at =inf, TrLoss=0.2286]
 Training FV-edg60000-s2-t4:  32%|███▏      | 16/50 [00:08<00:18,  1.80it/s, Saved at =inf, TrLoss=0.2286]
 Training FV-edg60000-s2-t4:  32%|███▏      | 16/50 [00:09<00:18,  1.80it/s, Saved at =inf, TrLoss=0.2333]
 Training FV-edg60000-s2-t4:  34%|███▍      | 17/50 [00:09<00:18,  1.80it/s, Saved at =inf, TrLoss=0.2333]
 Training FV-edg60000-s2-t4:  34%|███▍      | 17/50 [00:09<00:18,  1.80it/s, Saved at =inf, TrLoss=0.2208]
 Training FV-edg60000-s2-t4:  36%|███▌      | 18/50 [00:10<00:17,  1.80it/s, Saved at =inf, TrLoss=0.2208]
 Training FV-edg60000-s2-t4:  36%|███▌      | 18/50 [00:10<00:17,  1.80it/s, Saved at =inf, TrLoss=0.2211]
 Training FV-edg60000-s2-t4:  38%|███▊      | 19/50 [00:10<00:17,  1.80it/s, Saved at =inf, TrLoss=0.2211]
 Training FV-edg60000-s2-t4:  38%|███▊      | 19/50 [00:10<00:17,  1.80it/s, Saved at =inf, TrLoss=0.2205]
 Training FV-edg60000-s2-t4:  40%|████      | 20/50 [00:11<00:16,  1.80it/s, Saved at =inf, TrLoss=0.2205]
 Training FV-edg60000-s2-t4:  40%|████      | 20/50 [00:11<00:16,  1.80it/s, Saved at =inf, TrLoss=0.2084]
 Training FV-edg60000-s2-t4:  42%|████▏     | 21/50 [00:11<00:16,  1.80it/s, Saved at =inf, TrLoss=0.2084]
 Training FV-edg60000-s2-t4:  42%|████▏     | 21/50 [00:12<00:16,  1.80it/s, Saved at =inf, TrLoss=0.2069]
 Training FV-edg60000-s2-t4:  44%|████▍     | 22/50 [00:12<00:15,  1.80it/s, Saved at =inf, TrLoss=0.2069]
 Training FV-edg60000-s2-t4:  44%|████▍     | 22/50 [00:12<00:15,  1.80it/s, Saved at =inf, TrLoss=0.2080]
 Training FV-edg60000-s2-t4:  46%|████▌     | 23/50 [00:12<00:14,  1.80it/s, Saved at =inf, TrLoss=0.2080]
 Training FV-edg60000-s2-t4:  46%|████▌     | 23/50 [00:13<00:14,  1.80it/s, Saved at =inf, TrLoss=0.2071]
 Training FV-edg60000-s2-t4:  48%|████▊     | 24/50 [00:13<00:14,  1.80it/s, Saved at =inf, TrLoss=0.2071]
 Training FV-edg60000-s2-t4:  48%|████▊     | 24/50 [00:13<00:14,  1.80it/s, Saved at =inf, TrLoss=0.1983]
 Training FV-edg60000-s2-t4:  50%|█████     | 25/50 [00:13<00:13,  1.80it/s, Saved at =inf, TrLoss=0.1983]
 Training FV-edg60000-s2-t4:  50%|█████     | 25/50 [00:14<00:13,  1.80it/s, Saved at =inf, TrLoss=0.2008]
 Training FV-edg60000-s2-t4:  52%|█████▏    | 26/50 [00:14<00:13,  1.80it/s, Saved at =inf, TrLoss=0.2008]
 Training FV-edg60000-s2-t4:  52%|█████▏    | 26/50 [00:14<00:13,  1.80it/s, Saved at =inf, TrLoss=0.1973]
 Training FV-edg60000-s2-t4:  54%|█████▍    | 27/50 [00:14<00:12,  1.80it/s, Saved at =inf, TrLoss=0.1973]
 Training FV-edg60000-s2-t4:  54%|█████▍    | 27/50 [00:15<00:12,  1.80it/s, Saved at =inf, TrLoss=0.1953]
 Training FV-edg60000-s2-t4:  56%|█████▌    | 28/50 [00:15<00:12,  1.80it/s, Saved at =inf, TrLoss=0.1953]
 Training FV-edg60000-s2-t4:  56%|█████▌    | 28/50 [00:15<00:12,  1.80it/s, Saved at =inf, TrLoss=0.1949]
 Training FV-edg60000-s2-t4:  58%|█████▊    | 29/50 [00:16<00:11,  1.80it/s, Saved at =inf, TrLoss=0.1949]
 Training FV-edg60000-s2-t4:  58%|█████▊    | 29/50 [00:16<00:11,  1.80it/s, Saved at =inf, TrLoss=0.1916]
 Training FV-edg60000-s2-t4:  60%|██████    | 30/50 [00:16<00:11,  1.80it/s, Saved at =inf, TrLoss=0.1916]
 Training FV-edg60000-s2-t4:  60%|██████    | 30/50 [00:17<00:11,  1.80it/s, Saved at =inf, TrLoss=0.1862]
 Training FV-edg60000-s2-t4:  62%|██████▏   | 31/50 [00:17<00:10,  1.80it/s, Saved at =inf, TrLoss=0.1862]
 Training FV-edg60000-s2-t4:  62%|██████▏   | 31/50 [00:17<00:10,  1.80it/s, Saved at =inf, TrLoss=0.1892]
 Training FV-edg60000-s2-t4:  64%|██████▍   | 32/50 [00:17<00:09,  1.80it/s, Saved at =inf, TrLoss=0.1892]
 Training FV-edg60000-s2-t4:  64%|██████▍   | 32/50 [00:18<00:09,  1.80it/s, Saved at =inf, TrLoss=0.1870]
 Training FV-edg60000-s2-t4:  66%|██████▌   | 33/50 [00:18<00:09,  1.80it/s, Saved at =inf, TrLoss=0.1870]
 Training FV-edg60000-s2-t4:  66%|██████▌   | 33/50 [00:18<00:09,  1.80it/s, Saved at =inf, TrLoss=0.1834]
 Training FV-edg60000-s2-t4:  68%|██████▊   | 34/50 [00:18<00:08,  1.81it/s, Saved at =inf, TrLoss=0.1834]
 Training FV-edg60000-s2-t4:  68%|██████▊   | 34/50 [00:19<00:08,  1.81it/s, Saved at =inf, TrLoss=0.1839]
 Training FV-edg60000-s2-t4:  70%|███████   | 35/50 [00:19<00:08,  1.81it/s, Saved at =inf, TrLoss=0.1839]
 Training FV-edg60000-s2-t4:  70%|███████   | 35/50 [00:19<00:08,  1.81it/s, Saved at =inf, TrLoss=0.1803]
 Training FV-edg60000-s2-t4:  72%|███████▏  | 36/50 [00:19<00:07,  1.81it/s, Saved at =inf, TrLoss=0.1803]
 Training FV-edg60000-s2-t4:  72%|███████▏  | 36/50 [00:20<00:07,  1.81it/s, Saved at =inf, TrLoss=0.1795]
 Training FV-edg60000-s2-t4:  74%|███████▍  | 37/50 [00:20<00:07,  1.81it/s, Saved at =inf, TrLoss=0.1795]
 Training FV-edg60000-s2-t4:  74%|███████▍  | 37/50 [00:20<00:07,  1.81it/s, Saved at =inf, TrLoss=0.1767]
 Training FV-edg60000-s2-t4:  76%|███████▌  | 38/50 [00:21<00:06,  1.81it/s, Saved at =inf, TrLoss=0.1767]
 Training FV-edg60000-s2-t4:  76%|███████▌  | 38/50 [00:21<00:06,  1.81it/s, Saved at =inf, TrLoss=0.1759]
 Training FV-edg60000-s2-t4:  78%|███████▊  | 39/50 [00:21<00:06,  1.81it/s, Saved at =inf, TrLoss=0.1759]
 Training FV-edg60000-s2-t4:  78%|███████▊  | 39/50 [00:22<00:06,  1.81it/s, Saved at =inf, TrLoss=0.1744]
 Training FV-edg60000-s2-t4:  80%|████████  | 40/50 [00:22<00:05,  1.81it/s, Saved at =inf, TrLoss=0.1744]
 Training FV-edg60000-s2-t4:  80%|████████  | 40/50 [00:22<00:05,  1.81it/s, Saved at =inf, TrLoss=0.1724]
 Training FV-edg60000-s2-t4:  82%|████████▏ | 41/50 [00:22<00:04,  1.81it/s, Saved at =inf, TrLoss=0.1724]
 Training FV-edg60000-s2-t4:  82%|████████▏ | 41/50 [00:23<00:04,  1.81it/s, Saved at =inf, TrLoss=0.1703]
 Training FV-edg60000-s2-t4:  84%|████████▍ | 42/50 [00:23<00:04,  1.81it/s, Saved at =inf, TrLoss=0.1703]
 Training FV-edg60000-s2-t4:  84%|████████▍ | 42/50 [00:23<00:04,  1.81it/s, Saved at =inf, TrLoss=0.1676]
 Training FV-edg60000-s2-t4:  86%|████████▌ | 43/50 [00:23<00:03,  1.81it/s, Saved at =inf, TrLoss=0.1676]
 Training FV-edg60000-s2-t4:  86%|████████▌ | 43/50 [00:24<00:03,  1.81it/s, Saved at =inf, TrLoss=0.1679]
 Training FV-edg60000-s2-t4:  88%|████████▊ | 44/50 [00:24<00:03,  1.81it/s, Saved at =inf, TrLoss=0.1679]
 Training FV-edg60000-s2-t4:  88%|████████▊ | 44/50 [00:24<00:03,  1.81it/s, Saved at =inf, TrLoss=0.1652]
 Training FV-edg60000-s2-t4:  90%|█████████ | 45/50 [00:24<00:02,  1.81it/s, Saved at =inf, TrLoss=0.1652]
 Training FV-edg60000-s2-t4:  90%|█████████ | 45/50 [00:25<00:02,  1.81it/s, Saved at =inf, TrLoss=0.1645]
 Training FV-edg60000-s2-t4:  92%|█████████▏| 46/50 [00:25<00:02,  1.81it/s, Saved at =inf, TrLoss=0.1645]
 Training FV-edg60000-s2-t4:  92%|█████████▏| 46/50 [00:25<00:02,  1.81it/s, Saved at =inf, TrLoss=0.1632]
 Training FV-edg60000-s2-t4:  94%|█████████▍| 47/50 [00:26<00:01,  1.81it/s, Saved at =inf, TrLoss=0.1632]
 Training FV-edg60000-s2-t4:  94%|█████████▍| 47/50 [00:26<00:01,  1.81it/s, Saved at =inf, TrLoss=0.1612]
 Training FV-edg60000-s2-t4:  96%|█████████▌| 48/50 [00:26<00:01,  1.81it/s, Saved at =inf, TrLoss=0.1612]
 Training FV-edg60000-s2-t4:  96%|█████████▌| 48/50 [00:27<00:01,  1.81it/s, Saved at =inf, TrLoss=0.1627]
 Training FV-edg60000-s2-t4:  98%|█████████▊| 49/50 [00:27<00:00,  1.81it/s, Saved at =inf, TrLoss=0.1627]
 Training FV-edg60000-s2-t4:  98%|█████████▊| 49/50 [00:27<00:00,  1.81it/s, Saved at =inf, TrLoss=0.1592]
 Training FV-edg60000-s2-t4: 100%|██████████| 50/50 [00:27<00:00,  1.81it/s, Saved at =inf, TrLoss=0.1592]
 Training FV-edg60000-s2-t4: 100%|██████████| 50/50 [00:27<00:00,  1.80it/s, Saved at =inf, TrLoss=0.1592]

 Training FV-edg60000-s2-t5:   0%|          | 0/50 [00:00<?, ?it/s]
 Training FV-edg60000-s2-t5:   0%|          | 0/50 [00:00<?, ?it/s, Saved at =inf, TrLoss=0.7168]
 Training FV-edg60000-s2-t5:   2%|▏         | 1/50 [00:00<00:35,  1.40it/s, Saved at =inf, TrLoss=0.7168]
 Training FV-edg60000-s2-t5:   2%|▏         | 1/50 [00:01<00:35,  1.40it/s, Saved at =inf, TrLoss=0.5557]
 Training FV-edg60000-s2-t5:   4%|▍         | 2/50 [00:01<00:33,  1.42it/s, Saved at =inf, TrLoss=0.5557]
 Training FV-edg60000-s2-t5:   4%|▍         | 2/50 [00:01<00:33,  1.42it/s, Saved at =inf, TrLoss=0.4890]
 Training FV-edg60000-s2-t5:   6%|▌         | 3/50 [00:02<00:33,  1.42it/s, Saved at =inf, TrLoss=0.4890]
 Training FV-edg60000-s2-t5:   6%|▌         | 3/50 [00:02<00:33,  1.42it/s, Saved at =inf, TrLoss=0.3940]
 Training FV-edg60000-s2-t5:   8%|▊         | 4/50 [00:02<00:32,  1.43it/s, Saved at =inf, TrLoss=0.3940]
 Training FV-edg60000-s2-t5:   8%|▊         | 4/50 [00:03<00:32,  1.43it/s, Saved at =inf, TrLoss=0.3809]
 Training FV-edg60000-s2-t5:  10%|█         | 5/50 [00:03<00:31,  1.43it/s, Saved at =inf, TrLoss=0.3809]
 Training FV-edg60000-s2-t5:  10%|█         | 5/50 [00:04<00:31,  1.43it/s, Saved at =inf, TrLoss=0.3409]
 Training FV-edg60000-s2-t5:  12%|█▏        | 6/50 [00:04<00:30,  1.43it/s, Saved at =inf, TrLoss=0.3409]
 Training FV-edg60000-s2-t5:  12%|█▏        | 6/50 [00:04<00:30,  1.43it/s, Saved at =inf, TrLoss=0.3125]
 Training FV-edg60000-s2-t5:  14%|█▍        | 7/50 [00:04<00:30,  1.43it/s, Saved at =inf, TrLoss=0.3125]
 Training FV-edg60000-s2-t5:  14%|█▍        | 7/50 [00:05<00:30,  1.43it/s, Saved at =inf, TrLoss=0.2957]
 Training FV-edg60000-s2-t5:  16%|█▌        | 8/50 [00:05<00:29,  1.43it/s, Saved at =inf, TrLoss=0.2957]
 Training FV-edg60000-s2-t5:  16%|█▌        | 8/50 [00:06<00:29,  1.43it/s, Saved at =inf, TrLoss=0.2802]
 Training FV-edg60000-s2-t5:  18%|█▊        | 9/50 [00:06<00:28,  1.43it/s, Saved at =inf, TrLoss=0.2802]
 Training FV-edg60000-s2-t5:  18%|█▊        | 9/50 [00:06<00:28,  1.43it/s, Saved at =inf, TrLoss=0.2617]
 Training FV-edg60000-s2-t5:  20%|██        | 10/50 [00:07<00:27,  1.43it/s, Saved at =inf, TrLoss=0.2617]
 Training FV-edg60000-s2-t5:  20%|██        | 10/50 [00:07<00:27,  1.43it/s, Saved at =inf, TrLoss=0.2545]
 Training FV-edg60000-s2-t5:  22%|██▏       | 11/50 [00:07<00:27,  1.43it/s, Saved at =inf, TrLoss=0.2545]
 Training FV-edg60000-s2-t5:  22%|██▏       | 11/50 [00:08<00:27,  1.43it/s, Saved at =inf, TrLoss=0.2434]
 Training FV-edg60000-s2-t5:  24%|██▍       | 12/50 [00:08<00:26,  1.43it/s, Saved at =inf, TrLoss=0.2434]
 Training FV-edg60000-s2-t5:  24%|██▍       | 12/50 [00:08<00:26,  1.43it/s, Saved at =inf, TrLoss=0.2399]
 Training FV-edg60000-s2-t5:  26%|██▌       | 13/50 [00:09<00:25,  1.43it/s, Saved at =inf, TrLoss=0.2399]
 Training FV-edg60000-s2-t5:  26%|██▌       | 13/50 [00:09<00:25,  1.43it/s, Saved at =inf, TrLoss=0.2370]
 Training FV-edg60000-s2-t5:  28%|██▊       | 14/50 [00:09<00:25,  1.43it/s, Saved at =inf, TrLoss=0.2370]
 Training FV-edg60000-s2-t5:  28%|██▊       | 14/50 [00:10<00:25,  1.43it/s, Saved at =inf, TrLoss=0.2269]
 Training FV-edg60000-s2-t5:  30%|███       | 15/50 [00:10<00:24,  1.43it/s, Saved at =inf, TrLoss=0.2269]
 Training FV-edg60000-s2-t5:  30%|███       | 15/50 [00:11<00:24,  1.43it/s, Saved at =inf, TrLoss=0.2192]
 Training FV-edg60000-s2-t5:  32%|███▏      | 16/50 [00:11<00:23,  1.43it/s, Saved at =inf, TrLoss=0.2192]
 Training FV-edg60000-s2-t5:  32%|███▏      | 16/50 [00:11<00:23,  1.43it/s, Saved at =inf, TrLoss=0.2102]
 Training FV-edg60000-s2-t5:  34%|███▍      | 17/50 [00:11<00:23,  1.43it/s, Saved at =inf, TrLoss=0.2102]
 Training FV-edg60000-s2-t5:  34%|███▍      | 17/50 [00:12<00:23,  1.43it/s, Saved at =inf, TrLoss=0.2101]
 Training FV-edg60000-s2-t5:  36%|███▌      | 18/50 [00:12<00:22,  1.43it/s, Saved at =inf, TrLoss=0.2101]
 Training FV-edg60000-s2-t5:  36%|███▌      | 18/50 [00:13<00:22,  1.43it/s, Saved at =inf, TrLoss=0.2025]
 Training FV-edg60000-s2-t5:  38%|███▊      | 19/50 [00:13<00:21,  1.43it/s, Saved at =inf, TrLoss=0.2025]
 Training FV-edg60000-s2-t5:  38%|███▊      | 19/50 [00:13<00:21,  1.43it/s, Saved at =inf, TrLoss=0.1990]
 Training FV-edg60000-s2-t5:  40%|████      | 20/50 [00:13<00:20,  1.43it/s, Saved at =inf, TrLoss=0.1990]
 Training FV-edg60000-s2-t5:  40%|████      | 20/50 [00:14<00:20,  1.43it/s, Saved at =inf, TrLoss=0.1918]
 Training FV-edg60000-s2-t5:  42%|████▏     | 21/50 [00:14<00:20,  1.43it/s, Saved at =inf, TrLoss=0.1918]
 Training FV-edg60000-s2-t5:  42%|████▏     | 21/50 [00:15<00:20,  1.43it/s, Saved at =inf, TrLoss=0.1906]
 Training FV-edg60000-s2-t5:  44%|████▍     | 22/50 [00:15<00:19,  1.43it/s, Saved at =inf, TrLoss=0.1906]
 Training FV-edg60000-s2-t5:  44%|████▍     | 22/50 [00:15<00:19,  1.43it/s, Saved at =inf, TrLoss=0.1880]
 Training FV-edg60000-s2-t5:  46%|████▌     | 23/50 [00:16<00:18,  1.43it/s, Saved at =inf, TrLoss=0.1880]
 Training FV-edg60000-s2-t5:  46%|████▌     | 23/50 [00:16<00:18,  1.43it/s, Saved at =inf, TrLoss=0.1847]
 Training FV-edg60000-s2-t5:  48%|████▊     | 24/50 [00:16<00:18,  1.43it/s, Saved at =inf, TrLoss=0.1847]
 Training FV-edg60000-s2-t5:  48%|████▊     | 24/50 [00:17<00:18,  1.43it/s, Saved at =inf, TrLoss=0.1805]
 Training FV-edg60000-s2-t5:  50%|█████     | 25/50 [00:17<00:17,  1.43it/s, Saved at =inf, TrLoss=0.1805]
 Training FV-edg60000-s2-t5:  50%|█████     | 25/50 [00:18<00:17,  1.43it/s, Saved at =inf, TrLoss=0.1781]
 Training FV-edg60000-s2-t5:  52%|█████▏    | 26/50 [00:18<00:16,  1.43it/s, Saved at =inf, TrLoss=0.1781]
 Training FV-edg60000-s2-t5:  52%|█████▏    | 26/50 [00:18<00:16,  1.43it/s, Saved at =inf, TrLoss=0.1767]
 Training FV-edg60000-s2-t5:  54%|█████▍    | 27/50 [00:18<00:16,  1.43it/s, Saved at =inf, TrLoss=0.1767]
 Training FV-edg60000-s2-t5:  54%|█████▍    | 27/50 [00:19<00:16,  1.43it/s, Saved at =inf, TrLoss=0.1806]
 Training FV-edg60000-s2-t5:  56%|█████▌    | 28/50 [00:19<00:15,  1.43it/s, Saved at =inf, TrLoss=0.1806]
 Training FV-edg60000-s2-t5:  56%|█████▌    | 28/50 [00:20<00:15,  1.43it/s, Saved at =inf, TrLoss=0.1826]
 Training FV-edg60000-s2-t5:  58%|█████▊    | 29/50 [00:20<00:14,  1.43it/s, Saved at =inf, TrLoss=0.1826]
 Training FV-edg60000-s2-t5:  58%|█████▊    | 29/50 [00:20<00:14,  1.43it/s, Saved at =inf, TrLoss=0.1739]
 Training FV-edg60000-s2-t5:  60%|██████    | 30/50 [00:20<00:13,  1.43it/s, Saved at =inf, TrLoss=0.1739]
 Training FV-edg60000-s2-t5:  60%|██████    | 30/50 [00:21<00:13,  1.43it/s, Saved at =inf, TrLoss=0.1669]
 Training FV-edg60000-s2-t5:  62%|██████▏   | 31/50 [00:21<00:13,  1.43it/s, Saved at =inf, TrLoss=0.1669]
 Training FV-edg60000-s2-t5:  62%|██████▏   | 31/50 [00:22<00:13,  1.43it/s, Saved at =inf, TrLoss=0.1704]
 Training FV-edg60000-s2-t5:  64%|██████▍   | 32/50 [00:22<00:12,  1.43it/s, Saved at =inf, TrLoss=0.1704]
 Training FV-edg60000-s2-t5:  64%|██████▍   | 32/50 [00:22<00:12,  1.43it/s, Saved at =inf, TrLoss=0.1681]
 Training FV-edg60000-s2-t5:  66%|██████▌   | 33/50 [00:23<00:11,  1.43it/s, Saved at =inf, TrLoss=0.1681]
 Training FV-edg60000-s2-t5:  66%|██████▌   | 33/50 [00:23<00:11,  1.43it/s, Saved at =inf, TrLoss=0.1619]
 Training FV-edg60000-s2-t5:  68%|██████▊   | 34/50 [00:23<00:11,  1.43it/s, Saved at =inf, TrLoss=0.1619]
 Training FV-edg60000-s2-t5:  68%|██████▊   | 34/50 [00:24<00:11,  1.43it/s, Saved at =inf, TrLoss=0.1648]
 Training FV-edg60000-s2-t5:  70%|███████   | 35/50 [00:24<00:10,  1.43it/s, Saved at =inf, TrLoss=0.1648]
 Training FV-edg60000-s2-t5:  70%|███████   | 35/50 [00:25<00:10,  1.43it/s, Saved at =inf, TrLoss=0.1643]
 Training FV-edg60000-s2-t5:  72%|███████▏  | 36/50 [00:25<00:09,  1.43it/s, Saved at =inf, TrLoss=0.1643]
 Training FV-edg60000-s2-t5:  72%|███████▏  | 36/50 [00:25<00:09,  1.43it/s, Saved at =inf, TrLoss=0.1612]
 Training FV-edg60000-s2-t5:  74%|███████▍  | 37/50 [00:25<00:09,  1.43it/s, Saved at =inf, TrLoss=0.1612]
 Training FV-edg60000-s2-t5:  74%|███████▍  | 37/50 [00:26<00:09,  1.43it/s, Saved at =inf, TrLoss=0.1594]
 Training FV-edg60000-s2-t5:  76%|███████▌  | 38/50 [00:26<00:08,  1.43it/s, Saved at =inf, TrLoss=0.1594]
 Training FV-edg60000-s2-t5:  76%|███████▌  | 38/50 [00:27<00:08,  1.43it/s, Saved at =inf, TrLoss=0.1599]
 Training FV-edg60000-s2-t5:  78%|███████▊  | 39/50 [00:27<00:07,  1.43it/s, Saved at =inf, TrLoss=0.1599]
 Training FV-edg60000-s2-t5:  78%|███████▊  | 39/50 [00:27<00:07,  1.43it/s, Saved at =inf, TrLoss=0.1580]
 Training FV-edg60000-s2-t5:  80%|████████  | 40/50 [00:27<00:06,  1.43it/s, Saved at =inf, TrLoss=0.1580]
 Training FV-edg60000-s2-t5:  80%|████████  | 40/50 [00:28<00:06,  1.43it/s, Saved at =inf, TrLoss=0.1589]
 Training FV-edg60000-s2-t5:  82%|████████▏ | 41/50 [00:28<00:06,  1.43it/s, Saved at =inf, TrLoss=0.1589]
 Training FV-edg60000-s2-t5:  82%|████████▏ | 41/50 [00:29<00:06,  1.43it/s, Saved at =inf, TrLoss=0.1570]
 Training FV-edg60000-s2-t5:  84%|████████▍ | 42/50 [00:29<00:05,  1.43it/s, Saved at =inf, TrLoss=0.1570]
 Training FV-edg60000-s2-t5:  84%|████████▍ | 42/50 [00:29<00:05,  1.43it/s, Saved at =inf, TrLoss=0.1549]
 Training FV-edg60000-s2-t5:  86%|████████▌ | 43/50 [00:30<00:04,  1.43it/s, Saved at =inf, TrLoss=0.1549]
 Training FV-edg60000-s2-t5:  86%|████████▌ | 43/50 [00:30<00:04,  1.43it/s, Saved at =inf, TrLoss=0.1551]
 Training FV-edg60000-s2-t5:  88%|████████▊ | 44/50 [00:30<00:04,  1.43it/s, Saved at =inf, TrLoss=0.1551]
 Training FV-edg60000-s2-t5:  88%|████████▊ | 44/50 [00:31<00:04,  1.43it/s, Saved at =inf, TrLoss=0.1567]
 Training FV-edg60000-s2-t5:  90%|█████████ | 45/50 [00:31<00:03,  1.43it/s, Saved at =inf, TrLoss=0.1567]
 Training FV-edg60000-s2-t5:  90%|█████████ | 45/50 [00:31<00:03,  1.43it/s, Saved at =inf, TrLoss=0.1557]
 Training FV-edg60000-s2-t5:  92%|█████████▏| 46/50 [00:32<00:02,  1.43it/s, Saved at =inf, TrLoss=0.1557]
 Training FV-edg60000-s2-t5:  92%|█████████▏| 46/50 [00:32<00:02,  1.43it/s, Saved at =inf, TrLoss=0.1543]
 Training FV-edg60000-s2-t5:  94%|█████████▍| 47/50 [00:32<00:02,  1.43it/s, Saved at =inf, TrLoss=0.1543]
 Training FV-edg60000-s2-t5:  94%|█████████▍| 47/50 [00:33<00:02,  1.43it/s, Saved at =inf, TrLoss=0.1530]
 Training FV-edg60000-s2-t5:  96%|█████████▌| 48/50 [00:33<00:01,  1.43it/s, Saved at =inf, TrLoss=0.1530]
 Training FV-edg60000-s2-t5:  96%|█████████▌| 48/50 [00:34<00:01,  1.43it/s, Saved at =inf, TrLoss=0.1539]
 Training FV-edg60000-s2-t5:  98%|█████████▊| 49/50 [00:34<00:00,  1.43it/s, Saved at =inf, TrLoss=0.1539]
 Training FV-edg60000-s2-t5:  98%|█████████▊| 49/50 [00:34<00:00,  1.43it/s, Saved at =inf, TrLoss=0.1531]
 Training FV-edg60000-s2-t5: 100%|██████████| 50/50 [00:34<00:00,  1.43it/s, Saved at =inf, TrLoss=0.1531]
 Training FV-edg60000-s2-t5: 100%|██████████| 50/50 [00:34<00:00,  1.43it/s, Saved at =inf, TrLoss=0.1531]

 Training FV-edg60000-s2-t6:   0%|          | 0/50 [00:00<?, ?it/s]
 Training FV-edg60000-s2-t6:   0%|          | 0/50 [00:00<?, ?it/s, Saved at =inf, TrLoss=0.7653]
 Training FV-edg60000-s2-t6:   2%|▏         | 1/50 [00:00<00:43,  1.14it/s, Saved at =inf, TrLoss=0.7653]
 Training FV-edg60000-s2-t6:   2%|▏         | 1/50 [00:01<00:43,  1.14it/s, Saved at =inf, TrLoss=0.6464]
 Training FV-edg60000-s2-t6:   4%|▍         | 2/50 [00:01<00:41,  1.15it/s, Saved at =inf, TrLoss=0.6464]
 Training FV-edg60000-s2-t6:   4%|▍         | 2/50 [00:02<00:41,  1.15it/s, Saved at =inf, TrLoss=0.4389]
 Training FV-edg60000-s2-t6:   6%|▌         | 3/50 [00:02<00:40,  1.16it/s, Saved at =inf, TrLoss=0.4389]
 Training FV-edg60000-s2-t6:   6%|▌         | 3/50 [00:03<00:40,  1.16it/s, Saved at =inf, TrLoss=0.4476]
 Training FV-edg60000-s2-t6:   8%|▊         | 4/50 [00:03<00:39,  1.16it/s, Saved at =inf, TrLoss=0.4476]
 Training FV-edg60000-s2-t6:   8%|▊         | 4/50 [00:04<00:39,  1.16it/s, Saved at =inf, TrLoss=0.3809]
 Training FV-edg60000-s2-t6:  10%|█         | 5/50 [00:04<00:38,  1.16it/s, Saved at =inf, TrLoss=0.3809]
 Training FV-edg60000-s2-t6:  10%|█         | 5/50 [00:05<00:38,  1.16it/s, Saved at =inf, TrLoss=0.3813]
 Training FV-edg60000-s2-t6:  12%|█▏        | 6/50 [00:05<00:37,  1.16it/s, Saved at =inf, TrLoss=0.3813]
 Training FV-edg60000-s2-t6:  12%|█▏        | 6/50 [00:05<00:37,  1.16it/s, Saved at =inf, TrLoss=0.3559]
 Training FV-edg60000-s2-t6:  14%|█▍        | 7/50 [00:06<00:36,  1.16it/s, Saved at =inf, TrLoss=0.3559]
 Training FV-edg60000-s2-t6:  14%|█▍        | 7/50 [00:06<00:36,  1.16it/s, Saved at =inf, TrLoss=0.3268]
 Training FV-edg60000-s2-t6:  16%|█▌        | 8/50 [00:06<00:36,  1.16it/s, Saved at =inf, TrLoss=0.3268]
 Training FV-edg60000-s2-t6:  16%|█▌        | 8/50 [00:07<00:36,  1.16it/s, Saved at =inf, TrLoss=0.3168]
 Training FV-edg60000-s2-t6:  18%|█▊        | 9/50 [00:07<00:35,  1.16it/s, Saved at =inf, TrLoss=0.3168]
 Training FV-edg60000-s2-t6:  18%|█▊        | 9/50 [00:08<00:35,  1.16it/s, Saved at =inf, TrLoss=0.3022]
 Training FV-edg60000-s2-t6:  20%|██        | 10/50 [00:08<00:34,  1.16it/s, Saved at =inf, TrLoss=0.3022]
 Training FV-edg60000-s2-t6:  20%|██        | 10/50 [00:09<00:34,  1.16it/s, Saved at =inf, TrLoss=0.2955]
 Training FV-edg60000-s2-t6:  22%|██▏       | 11/50 [00:09<00:33,  1.16it/s, Saved at =inf, TrLoss=0.2955]
 Training FV-edg60000-s2-t6:  22%|██▏       | 11/50 [00:10<00:33,  1.16it/s, Saved at =inf, TrLoss=0.2973]
 Training FV-edg60000-s2-t6:  24%|██▍       | 12/50 [00:10<00:32,  1.16it/s, Saved at =inf, TrLoss=0.2973]
 Training FV-edg60000-s2-t6:  24%|██▍       | 12/50 [00:11<00:32,  1.16it/s, Saved at =inf, TrLoss=0.2734]
 Training FV-edg60000-s2-t6:  26%|██▌       | 13/50 [00:11<00:31,  1.16it/s, Saved at =inf, TrLoss=0.2734]
 Training FV-edg60000-s2-t6:  26%|██▌       | 13/50 [00:11<00:31,  1.16it/s, Saved at =inf, TrLoss=0.2717]
 Training FV-edg60000-s2-t6:  28%|██▊       | 14/50 [00:12<00:30,  1.16it/s, Saved at =inf, TrLoss=0.2717]
 Training FV-edg60000-s2-t6:  28%|██▊       | 14/50 [00:12<00:30,  1.16it/s, Saved at =inf, TrLoss=0.2625]
 Training FV-edg60000-s2-t6:  30%|███       | 15/50 [00:12<00:30,  1.16it/s, Saved at =inf, TrLoss=0.2625]
 Training FV-edg60000-s2-t6:  30%|███       | 15/50 [00:13<00:30,  1.16it/s, Saved at =inf, TrLoss=0.2523]
 Training FV-edg60000-s2-t6:  32%|███▏      | 16/50 [00:13<00:29,  1.16it/s, Saved at =inf, TrLoss=0.2523]
 Training FV-edg60000-s2-t6:  32%|███▏      | 16/50 [00:14<00:29,  1.16it/s, Saved at =inf, TrLoss=0.2433]
 Training FV-edg60000-s2-t6:  34%|███▍      | 17/50 [00:14<00:28,  1.16it/s, Saved at =inf, TrLoss=0.2433]
 Training FV-edg60000-s2-t6:  34%|███▍      | 17/50 [00:15<00:28,  1.16it/s, Saved at =inf, TrLoss=0.2318]
 Training FV-edg60000-s2-t6:  36%|███▌      | 18/50 [00:15<00:27,  1.16it/s, Saved at =inf, TrLoss=0.2318]
 Training FV-edg60000-s2-t6:  36%|███▌      | 18/50 [00:16<00:27,  1.16it/s, Saved at =inf, TrLoss=0.2301]
 Training FV-edg60000-s2-t6:  38%|███▊      | 19/50 [00:16<00:26,  1.16it/s, Saved at =inf, TrLoss=0.2301]
 Training FV-edg60000-s2-t6:  38%|███▊      | 19/50 [00:17<00:26,  1.16it/s, Saved at =inf, TrLoss=0.2173]
 Training FV-edg60000-s2-t6:  40%|████      | 20/50 [00:17<00:25,  1.16it/s, Saved at =inf, TrLoss=0.2173]
 Training FV-edg60000-s2-t6:  40%|████      | 20/50 [00:17<00:25,  1.16it/s, Saved at =inf, TrLoss=0.2179]
 Training FV-edg60000-s2-t6:  42%|████▏     | 21/50 [00:18<00:24,  1.16it/s, Saved at =inf, TrLoss=0.2179]
 Training FV-edg60000-s2-t6:  42%|████▏     | 21/50 [00:18<00:24,  1.16it/s, Saved at =inf, TrLoss=0.2114]
 Training FV-edg60000-s2-t6:  44%|████▍     | 22/50 [00:18<00:24,  1.16it/s, Saved at =inf, TrLoss=0.2114]
 Training FV-edg60000-s2-t6:  44%|████▍     | 22/50 [00:19<00:24,  1.16it/s, Saved at =inf, TrLoss=0.2134]
 Training FV-edg60000-s2-t6:  46%|████▌     | 23/50 [00:19<00:23,  1.16it/s, Saved at =inf, TrLoss=0.2134]
 Training FV-edg60000-s2-t6:  46%|████▌     | 23/50 [00:20<00:23,  1.16it/s, Saved at =inf, TrLoss=0.2051]
 Training FV-edg60000-s2-t6:  48%|████▊     | 24/50 [00:20<00:22,  1.16it/s, Saved at =inf, TrLoss=0.2051]
 Training FV-edg60000-s2-t6:  48%|████▊     | 24/50 [00:21<00:22,  1.16it/s, Saved at =inf, TrLoss=0.2015]
 Training FV-edg60000-s2-t6:  50%|█████     | 25/50 [00:21<00:21,  1.16it/s, Saved at =inf, TrLoss=0.2015]
 Training FV-edg60000-s2-t6:  50%|█████     | 25/50 [00:22<00:21,  1.16it/s, Saved at =inf, TrLoss=0.1996]
 Training FV-edg60000-s2-t6:  52%|█████▏    | 26/50 [00:22<00:20,  1.16it/s, Saved at =inf, TrLoss=0.1996]
 Training FV-edg60000-s2-t6:  52%|█████▏    | 26/50 [00:23<00:20,  1.16it/s, Saved at =inf, TrLoss=0.1945]
 Training FV-edg60000-s2-t6:  54%|█████▍    | 27/50 [00:23<00:19,  1.16it/s, Saved at =inf, TrLoss=0.1945]
 Training FV-edg60000-s2-t6:  54%|█████▍    | 27/50 [00:23<00:19,  1.16it/s, Saved at =inf, TrLoss=0.1938]
 Training FV-edg60000-s2-t6:  56%|█████▌    | 28/50 [00:24<00:18,  1.16it/s, Saved at =inf, TrLoss=0.1938]
 Training FV-edg60000-s2-t6:  56%|█████▌    | 28/50 [00:24<00:18,  1.16it/s, Saved at =inf, TrLoss=0.1869]
 Training FV-edg60000-s2-t6:  58%|█████▊    | 29/50 [00:24<00:18,  1.16it/s, Saved at =inf, TrLoss=0.1869]
 Training FV-edg60000-s2-t6:  58%|█████▊    | 29/50 [00:25<00:18,  1.16it/s, Saved at =inf, TrLoss=0.1876]
 Training FV-edg60000-s2-t6:  60%|██████    | 30/50 [00:25<00:17,  1.16it/s, Saved at =inf, TrLoss=0.1876]
 Training FV-edg60000-s2-t6:  60%|██████    | 30/50 [00:26<00:17,  1.16it/s, Saved at =inf, TrLoss=0.1810]
 Training FV-edg60000-s2-t6:  62%|██████▏   | 31/50 [00:26<00:16,  1.16it/s, Saved at =inf, TrLoss=0.1810]
 Training FV-edg60000-s2-t6:  62%|██████▏   | 31/50 [00:27<00:16,  1.16it/s, Saved at =inf, TrLoss=0.1828]
 Training FV-edg60000-s2-t6:  64%|██████▍   | 32/50 [00:27<00:15,  1.16it/s, Saved at =inf, TrLoss=0.1828]
 Training FV-edg60000-s2-t6:  64%|██████▍   | 32/50 [00:28<00:15,  1.16it/s, Saved at =inf, TrLoss=0.1834]
 Training FV-edg60000-s2-t6:  66%|██████▌   | 33/50 [00:28<00:14,  1.16it/s, Saved at =inf, TrLoss=0.1834]
 Training FV-edg60000-s2-t6:  66%|██████▌   | 33/50 [00:29<00:14,  1.16it/s, Saved at =inf, TrLoss=0.1759]
 Training FV-edg60000-s2-t6:  68%|██████▊   | 34/50 [00:29<00:13,  1.16it/s, Saved at =inf, TrLoss=0.1759]
 Training FV-edg60000-s2-t6:  68%|██████▊   | 34/50 [00:29<00:13,  1.16it/s, Saved at =inf, TrLoss=0.1785]
 Training FV-edg60000-s2-t6:  70%|███████   | 35/50 [00:30<00:12,  1.16it/s, Saved at =inf, TrLoss=0.1785]
 Training FV-edg60000-s2-t6:  70%|███████   | 35/50 [00:30<00:12,  1.16it/s, Saved at =inf, TrLoss=0.1749]
 Training FV-edg60000-s2-t6:  72%|███████▏  | 36/50 [00:30<00:12,  1.16it/s, Saved at =inf, TrLoss=0.1749]
 Training FV-edg60000-s2-t6:  72%|███████▏  | 36/50 [00:31<00:12,  1.16it/s, Saved at =inf, TrLoss=0.1754]
 Training FV-edg60000-s2-t6:  74%|███████▍  | 37/50 [00:31<00:11,  1.16it/s, Saved at =inf, TrLoss=0.1754]
 Training FV-edg60000-s2-t6:  74%|███████▍  | 37/50 [00:32<00:11,  1.16it/s, Saved at =inf, TrLoss=0.1720]
 Training FV-edg60000-s2-t6:  76%|███████▌  | 38/50 [00:32<00:10,  1.16it/s, Saved at =inf, TrLoss=0.1720]
 Training FV-edg60000-s2-t6:  76%|███████▌  | 38/50 [00:33<00:10,  1.16it/s, Saved at =inf, TrLoss=0.1719]
 Training FV-edg60000-s2-t6:  78%|███████▊  | 39/50 [00:33<00:09,  1.16it/s, Saved at =inf, TrLoss=0.1719]
 Training FV-edg60000-s2-t6:  78%|███████▊  | 39/50 [00:34<00:09,  1.16it/s, Saved at =inf, TrLoss=0.1703]
 Training FV-edg60000-s2-t6:  80%|████████  | 40/50 [00:34<00:08,  1.16it/s, Saved at =inf, TrLoss=0.1703]
 Training FV-edg60000-s2-t6:  80%|████████  | 40/50 [00:35<00:08,  1.16it/s, Saved at =inf, TrLoss=0.1705]
 Training FV-edg60000-s2-t6:  82%|████████▏ | 41/50 [00:35<00:07,  1.16it/s, Saved at =inf, TrLoss=0.1705]
 Training FV-edg60000-s2-t6:  82%|████████▏ | 41/50 [00:35<00:07,  1.16it/s, Saved at =inf, TrLoss=0.1681]
 Training FV-edg60000-s2-t6:  84%|████████▍ | 42/50 [00:36<00:06,  1.16it/s, Saved at =inf, TrLoss=0.1681]
 Training FV-edg60000-s2-t6:  84%|████████▍ | 42/50 [00:36<00:06,  1.16it/s, Saved at =inf, TrLoss=0.1672]
 Training FV-edg60000-s2-t6:  86%|████████▌ | 43/50 [00:36<00:06,  1.16it/s, Saved at =inf, TrLoss=0.1672]
 Training FV-edg60000-s2-t6:  86%|████████▌ | 43/50 [00:37<00:06,  1.16it/s, Saved at =inf, TrLoss=0.1657]
 Training FV-edg60000-s2-t6:  88%|████████▊ | 44/50 [00:37<00:05,  1.16it/s, Saved at =inf, TrLoss=0.1657]
 Training FV-edg60000-s2-t6:  88%|████████▊ | 44/50 [00:38<00:05,  1.16it/s, Saved at =inf, TrLoss=0.1668]
 Training FV-edg60000-s2-t6:  90%|█████████ | 45/50 [00:38<00:04,  1.16it/s, Saved at =inf, TrLoss=0.1668]
 Training FV-edg60000-s2-t6:  90%|█████████ | 45/50 [00:39<00:04,  1.16it/s, Saved at =inf, TrLoss=0.1649]
 Training FV-edg60000-s2-t6:  92%|█████████▏| 46/50 [00:39<00:03,  1.16it/s, Saved at =inf, TrLoss=0.1649]
 Training FV-edg60000-s2-t6:  92%|█████████▏| 46/50 [00:40<00:03,  1.16it/s, Saved at =inf, TrLoss=0.1648]
 Training FV-edg60000-s2-t6:  94%|█████████▍| 47/50 [00:40<00:02,  1.16it/s, Saved at =inf, TrLoss=0.1648]
 Training FV-edg60000-s2-t6:  94%|█████████▍| 47/50 [00:41<00:02,  1.16it/s, Saved at =inf, TrLoss=0.1637]
 Training FV-edg60000-s2-t6:  96%|█████████▌| 48/50 [00:41<00:01,  1.16it/s, Saved at =inf, TrLoss=0.1637]
 Training FV-edg60000-s2-t6:  96%|█████████▌| 48/50 [00:41<00:01,  1.16it/s, Saved at =inf, TrLoss=0.1632]
 Training FV-edg60000-s2-t6:  98%|█████████▊| 49/50 [00:42<00:00,  1.16it/s, Saved at =inf, TrLoss=0.1632]
 Training FV-edg60000-s2-t6:  98%|█████████▊| 49/50 [00:42<00:00,  1.16it/s, Saved at =inf, TrLoss=0.1614]
 Training FV-edg60000-s2-t6: 100%|██████████| 50/50 [00:42<00:00,  1.16it/s, Saved at =inf, TrLoss=0.1614]
 Training FV-edg60000-s2-t6: 100%|██████████| 50/50 [00:42<00:00,  1.16it/s, Saved at =inf, TrLoss=0.1614]

 Training FV-edg60000-s2-t7:   0%|          | 0/50 [00:00<?, ?it/s]
 Training FV-edg60000-s2-t7:   0%|          | 0/50 [00:00<?, ?it/s, Saved at =inf, TrLoss=0.7515]
 Training FV-edg60000-s2-t7:   2%|▏         | 1/50 [00:01<00:51,  1.06s/it, Saved at =inf, TrLoss=0.7515]
 Training FV-edg60000-s2-t7:   2%|▏         | 1/50 [00:01<00:51,  1.06s/it, Saved at =inf, TrLoss=0.5065]
 Training FV-edg60000-s2-t7:   4%|▍         | 2/50 [00:02<00:49,  1.04s/it, Saved at =inf, TrLoss=0.5065]
 Training FV-edg60000-s2-t7:   4%|▍         | 2/50 [00:02<00:49,  1.04s/it, Saved at =inf, TrLoss=0.5137]
 Training FV-edg60000-s2-t7:   6%|▌         | 3/50 [00:03<00:48,  1.04s/it, Saved at =inf, TrLoss=0.5137]
 Training FV-edg60000-s2-t7:   6%|▌         | 3/50 [00:03<00:48,  1.04s/it, Saved at =inf, TrLoss=0.4062]
 Training FV-edg60000-s2-t7:   8%|▊         | 4/50 [00:04<00:47,  1.03s/it, Saved at =inf, TrLoss=0.4062]
 Training FV-edg60000-s2-t7:   8%|▊         | 4/50 [00:04<00:47,  1.03s/it, Saved at =inf, TrLoss=0.3931]
 Training FV-edg60000-s2-t7:  10%|█         | 5/50 [00:05<00:46,  1.03s/it, Saved at =inf, TrLoss=0.3931]
 Training FV-edg60000-s2-t7:  10%|█         | 5/50 [00:06<00:46,  1.03s/it, Saved at =inf, TrLoss=0.3550]
 Training FV-edg60000-s2-t7:  12%|█▏        | 6/50 [00:06<00:45,  1.03s/it, Saved at =inf, TrLoss=0.3550]
 Training FV-edg60000-s2-t7:  12%|█▏        | 6/50 [00:07<00:45,  1.03s/it, Saved at =inf, TrLoss=0.3515]
 Training FV-edg60000-s2-t7:  14%|█▍        | 7/50 [00:07<00:44,  1.03s/it, Saved at =inf, TrLoss=0.3515]
 Training FV-edg60000-s2-t7:  14%|█▍        | 7/50 [00:08<00:44,  1.03s/it, Saved at =inf, TrLoss=0.3197]
 Training FV-edg60000-s2-t7:  16%|█▌        | 8/50 [00:08<00:43,  1.03s/it, Saved at =inf, TrLoss=0.3197]
 Training FV-edg60000-s2-t7:  16%|█▌        | 8/50 [00:09<00:43,  1.03s/it, Saved at =inf, TrLoss=0.2911]
 Training FV-edg60000-s2-t7:  18%|█▊        | 9/50 [00:09<00:42,  1.03s/it, Saved at =inf, TrLoss=0.2911]
 Training FV-edg60000-s2-t7:  18%|█▊        | 9/50 [00:10<00:42,  1.03s/it, Saved at =inf, TrLoss=0.2969]
 Training FV-edg60000-s2-t7:  20%|██        | 10/50 [00:10<00:41,  1.03s/it, Saved at =inf, TrLoss=0.2969]
 Training FV-edg60000-s2-t7:  20%|██        | 10/50 [00:11<00:41,  1.03s/it, Saved at =inf, TrLoss=0.2796]
 Training FV-edg60000-s2-t7:  22%|██▏       | 11/50 [00:11<00:40,  1.03s/it, Saved at =inf, TrLoss=0.2796]
 Training FV-edg60000-s2-t7:  22%|██▏       | 11/50 [00:12<00:40,  1.03s/it, Saved at =inf, TrLoss=0.2836]
 Training FV-edg60000-s2-t7:  24%|██▍       | 12/50 [00:12<00:39,  1.03s/it, Saved at =inf, TrLoss=0.2836]
 Training FV-edg60000-s2-t7:  24%|██▍       | 12/50 [00:13<00:39,  1.03s/it, Saved at =inf, TrLoss=0.2546]
 Training FV-edg60000-s2-t7:  26%|██▌       | 13/50 [00:13<00:38,  1.03s/it, Saved at =inf, TrLoss=0.2546]
 Training FV-edg60000-s2-t7:  26%|██▌       | 13/50 [00:14<00:38,  1.03s/it, Saved at =inf, TrLoss=0.2535]
 Training FV-edg60000-s2-t7:  28%|██▊       | 14/50 [00:14<00:37,  1.03s/it, Saved at =inf, TrLoss=0.2535]
 Training FV-edg60000-s2-t7:  28%|██▊       | 14/50 [00:15<00:37,  1.03s/it, Saved at =inf, TrLoss=0.2402]
 Training FV-edg60000-s2-t7:  30%|███       | 15/50 [00:15<00:36,  1.03s/it, Saved at =inf, TrLoss=0.2402]
 Training FV-edg60000-s2-t7:  30%|███       | 15/50 [00:16<00:36,  1.03s/it, Saved at =inf, TrLoss=0.2405]
 Training FV-edg60000-s2-t7:  32%|███▏      | 16/50 [00:16<00:34,  1.03s/it, Saved at =inf, TrLoss=0.2405]
 Training FV-edg60000-s2-t7:  32%|███▏      | 16/50 [00:17<00:34,  1.03s/it, Saved at =inf, TrLoss=0.2303]
 Training FV-edg60000-s2-t7:  34%|███▍      | 17/50 [00:17<00:33,  1.03s/it, Saved at =inf, TrLoss=0.2303]
 Training FV-edg60000-s2-t7:  34%|███▍      | 17/50 [00:18<00:33,  1.03s/it, Saved at =inf, TrLoss=0.2220]
 Training FV-edg60000-s2-t7:  36%|███▌      | 18/50 [00:18<00:32,  1.03s/it, Saved at =inf, TrLoss=0.2220]
 Training FV-edg60000-s2-t7:  36%|███▌      | 18/50 [00:19<00:32,  1.03s/it, Saved at =inf, TrLoss=0.2153]
 Training FV-edg60000-s2-t7:  38%|███▊      | 19/50 [00:19<00:31,  1.03s/it, Saved at =inf, TrLoss=0.2153]
 Training FV-edg60000-s2-t7:  38%|███▊      | 19/50 [00:20<00:31,  1.03s/it, Saved at =inf, TrLoss=0.2121]
 Training FV-edg60000-s2-t7:  40%|████      | 20/50 [00:20<00:30,  1.03s/it, Saved at =inf, TrLoss=0.2121]
 Training FV-edg60000-s2-t7:  40%|████      | 20/50 [00:21<00:30,  1.03s/it, Saved at =inf, TrLoss=0.2061]
 Training FV-edg60000-s2-t7:  42%|████▏     | 21/50 [00:21<00:29,  1.03s/it, Saved at =inf, TrLoss=0.2061]
 Training FV-edg60000-s2-t7:  42%|████▏     | 21/50 [00:22<00:29,  1.03s/it, Saved at =inf, TrLoss=0.2062]
 Training FV-edg60000-s2-t7:  44%|████▍     | 22/50 [00:22<00:28,  1.03s/it, Saved at =inf, TrLoss=0.2062]
 Training FV-edg60000-s2-t7:  44%|████▍     | 22/50 [00:23<00:28,  1.03s/it, Saved at =inf, TrLoss=0.1988]
 Training FV-edg60000-s2-t7:  46%|████▌     | 23/50 [00:23<00:27,  1.03s/it, Saved at =inf, TrLoss=0.1988]
 Training FV-edg60000-s2-t7:  46%|████▌     | 23/50 [00:24<00:27,  1.03s/it, Saved at =inf, TrLoss=0.2021]
 Training FV-edg60000-s2-t7:  48%|████▊     | 24/50 [00:24<00:26,  1.03s/it, Saved at =inf, TrLoss=0.2021]
 Training FV-edg60000-s2-t7:  48%|████▊     | 24/50 [00:25<00:26,  1.03s/it, Saved at =inf, TrLoss=0.1951]
 Training FV-edg60000-s2-t7:  50%|█████     | 25/50 [00:25<00:25,  1.03s/it, Saved at =inf, TrLoss=0.1951]
 Training FV-edg60000-s2-t7:  50%|█████     | 25/50 [00:26<00:25,  1.03s/it, Saved at =inf, TrLoss=0.1950]
 Training FV-edg60000-s2-t7:  52%|█████▏    | 26/50 [00:26<00:24,  1.03s/it, Saved at =inf, TrLoss=0.1950]
 Training FV-edg60000-s2-t7:  52%|█████▏    | 26/50 [00:27<00:24,  1.03s/it, Saved at =inf, TrLoss=0.1903]
 Training FV-edg60000-s2-t7:  54%|█████▍    | 27/50 [00:27<00:23,  1.03s/it, Saved at =inf, TrLoss=0.1903]
 Training FV-edg60000-s2-t7:  54%|█████▍    | 27/50 [00:28<00:23,  1.03s/it, Saved at =inf, TrLoss=0.1862]
 Training FV-edg60000-s2-t7:  56%|█████▌    | 28/50 [00:28<00:22,  1.03s/it, Saved at =inf, TrLoss=0.1862]
 Training FV-edg60000-s2-t7:  56%|█████▌    | 28/50 [00:29<00:22,  1.03s/it, Saved at =inf, TrLoss=0.1894]
 Training FV-edg60000-s2-t7:  58%|█████▊    | 29/50 [00:29<00:21,  1.03s/it, Saved at =inf, TrLoss=0.1894]
 Training FV-edg60000-s2-t7:  58%|█████▊    | 29/50 [00:30<00:21,  1.03s/it, Saved at =inf, TrLoss=0.1823]
 Training FV-edg60000-s2-t7:  60%|██████    | 30/50 [00:30<00:20,  1.03s/it, Saved at =inf, TrLoss=0.1823]
 Training FV-edg60000-s2-t7:  60%|██████    | 30/50 [00:31<00:20,  1.03s/it, Saved at =inf, TrLoss=0.1785]
 Training FV-edg60000-s2-t7:  62%|██████▏   | 31/50 [00:31<00:19,  1.03s/it, Saved at =inf, TrLoss=0.1785]
 Training FV-edg60000-s2-t7:  62%|██████▏   | 31/50 [00:32<00:19,  1.03s/it, Saved at =inf, TrLoss=0.1804]
 Training FV-edg60000-s2-t7:  64%|██████▍   | 32/50 [00:32<00:18,  1.03s/it, Saved at =inf, TrLoss=0.1804]
 Training FV-edg60000-s2-t7:  64%|██████▍   | 32/50 [00:33<00:18,  1.03s/it, Saved at =inf, TrLoss=0.1758]
 Training FV-edg60000-s2-t7:  66%|██████▌   | 33/50 [00:34<00:17,  1.03s/it, Saved at =inf, TrLoss=0.1758]
 Training FV-edg60000-s2-t7:  66%|██████▌   | 33/50 [00:34<00:17,  1.03s/it, Saved at =inf, TrLoss=0.1750]
 Training FV-edg60000-s2-t7:  68%|██████▊   | 34/50 [00:35<00:16,  1.03s/it, Saved at =inf, TrLoss=0.1750]
 Training FV-edg60000-s2-t7:  68%|██████▊   | 34/50 [00:35<00:16,  1.03s/it, Saved at =inf, TrLoss=0.1736]
 Training FV-edg60000-s2-t7:  70%|███████   | 35/50 [00:36<00:15,  1.03s/it, Saved at =inf, TrLoss=0.1736]
 Training FV-edg60000-s2-t7:  70%|███████   | 35/50 [00:36<00:15,  1.03s/it, Saved at =inf, TrLoss=0.1695]
 Training FV-edg60000-s2-t7:  72%|███████▏  | 36/50 [00:37<00:14,  1.03s/it, Saved at =inf, TrLoss=0.1695]
 Training FV-edg60000-s2-t7:  72%|███████▏  | 36/50 [00:37<00:14,  1.03s/it, Saved at =inf, TrLoss=0.1716]
 Training FV-edg60000-s2-t7:  74%|███████▍  | 37/50 [00:38<00:13,  1.03s/it, Saved at =inf, TrLoss=0.1716]
 Training FV-edg60000-s2-t7:  74%|███████▍  | 37/50 [00:38<00:13,  1.03s/it, Saved at =inf, TrLoss=0.1691]
 Training FV-edg60000-s2-t7:  76%|███████▌  | 38/50 [00:39<00:12,  1.03s/it, Saved at =inf, TrLoss=0.1691]
 Training FV-edg60000-s2-t7:  76%|███████▌  | 38/50 [00:39<00:12,  1.03s/it, Saved at =inf, TrLoss=0.1658]
 Training FV-edg60000-s2-t7:  78%|███████▊  | 39/50 [00:40<00:11,  1.03s/it, Saved at =inf, TrLoss=0.1658]
 Training FV-edg60000-s2-t7:  78%|███████▊  | 39/50 [00:41<00:11,  1.03s/it, Saved at =inf, TrLoss=0.1656]
 Training FV-edg60000-s2-t7:  80%|████████  | 40/50 [00:41<00:10,  1.03s/it, Saved at =inf, TrLoss=0.1656]
 Training FV-edg60000-s2-t7:  80%|████████  | 40/50 [00:42<00:10,  1.03s/it, Saved at =inf, TrLoss=0.1676]
 Training FV-edg60000-s2-t7:  82%|████████▏ | 41/50 [00:42<00:09,  1.03s/it, Saved at =inf, TrLoss=0.1676]
 Training FV-edg60000-s2-t7:  82%|████████▏ | 41/50 [00:43<00:09,  1.03s/it, Saved at =inf, TrLoss=0.1644]
 Training FV-edg60000-s2-t7:  84%|████████▍ | 42/50 [00:43<00:08,  1.03s/it, Saved at =inf, TrLoss=0.1644]
 Training FV-edg60000-s2-t7:  84%|████████▍ | 42/50 [00:44<00:08,  1.03s/it, Saved at =inf, TrLoss=0.1635]
 Training FV-edg60000-s2-t7:  86%|████████▌ | 43/50 [00:44<00:07,  1.03s/it, Saved at =inf, TrLoss=0.1635]
 Training FV-edg60000-s2-t7:  86%|████████▌ | 43/50 [00:45<00:07,  1.03s/it, Saved at =inf, TrLoss=0.1621]
 Training FV-edg60000-s2-t7:  88%|████████▊ | 44/50 [00:45<00:06,  1.03s/it, Saved at =inf, TrLoss=0.1621]
 Training FV-edg60000-s2-t7:  88%|████████▊ | 44/50 [00:46<00:06,  1.03s/it, Saved at =inf, TrLoss=0.1626]
 Training FV-edg60000-s2-t7:  90%|█████████ | 45/50 [00:46<00:05,  1.03s/it, Saved at =inf, TrLoss=0.1626]
 Training FV-edg60000-s2-t7:  90%|█████████ | 45/50 [00:47<00:05,  1.03s/it, Saved at =inf, TrLoss=0.1627]
 Training FV-edg60000-s2-t7:  92%|█████████▏| 46/50 [00:47<00:04,  1.03s/it, Saved at =inf, TrLoss=0.1627]
 Training FV-edg60000-s2-t7:  92%|█████████▏| 46/50 [00:48<00:04,  1.03s/it, Saved at =inf, TrLoss=0.1623]
 Training FV-edg60000-s2-t7:  94%|█████████▍| 47/50 [00:48<00:03,  1.03s/it, Saved at =inf, TrLoss=0.1623]
 Training FV-edg60000-s2-t7:  94%|█████████▍| 47/50 [00:49<00:03,  1.03s/it, Saved at =inf, TrLoss=0.1612]
 Training FV-edg60000-s2-t7:  96%|█████████▌| 48/50 [00:49<00:02,  1.03s/it, Saved at =inf, TrLoss=0.1612]
 Training FV-edg60000-s2-t7:  96%|█████████▌| 48/50 [00:50<00:02,  1.03s/it, Saved at =inf, TrLoss=0.1607]
 Training FV-edg60000-s2-t7:  98%|█████████▊| 49/50 [00:50<00:01,  1.03s/it, Saved at =inf, TrLoss=0.1607]
 Training FV-edg60000-s2-t7:  98%|█████████▊| 49/50 [00:51<00:01,  1.03s/it, Saved at =inf, TrLoss=0.1588]
 Training FV-edg60000-s2-t7: 100%|██████████| 50/50 [00:51<00:00,  1.03s/it, Saved at =inf, TrLoss=0.1588]
 Training FV-edg60000-s2-t7: 100%|██████████| 50/50 [00:51<00:00,  1.03s/it, Saved at =inf, TrLoss=0.1588]

 Training FV-edg60000-s2-t8:   0%|          | 0/50 [00:00<?, ?it/s]
 Training FV-edg60000-s2-t8:   0%|          | 0/50 [00:01<?, ?it/s, Saved at =inf, TrLoss=0.8111]
 Training FV-edg60000-s2-t8:   2%|▏         | 1/50 [00:01<01:00,  1.24s/it, Saved at =inf, TrLoss=0.8111]
 Training FV-edg60000-s2-t8:   2%|▏         | 1/50 [00:02<01:00,  1.24s/it, Saved at =inf, TrLoss=0.8064]
 Training FV-edg60000-s2-t8:   4%|▍         | 2/50 [00:02<00:58,  1.22s/it, Saved at =inf, TrLoss=0.8064]
 Training FV-edg60000-s2-t8:   4%|▍         | 2/50 [00:03<00:58,  1.22s/it, Saved at =inf, TrLoss=0.4885]
 Training FV-edg60000-s2-t8:   6%|▌         | 3/50 [00:03<00:57,  1.22s/it, Saved at =inf, TrLoss=0.4885]
 Training FV-edg60000-s2-t8:   6%|▌         | 3/50 [00:04<00:57,  1.22s/it, Saved at =inf, TrLoss=0.5310]
 Training FV-edg60000-s2-t8:   8%|▊         | 4/50 [00:04<00:55,  1.22s/it, Saved at =inf, TrLoss=0.5310]
 Training FV-edg60000-s2-t8:   8%|▊         | 4/50 [00:05<00:55,  1.22s/it, Saved at =inf, TrLoss=0.5025]
 Training FV-edg60000-s2-t8:  10%|█         | 5/50 [00:06<00:54,  1.21s/it, Saved at =inf, TrLoss=0.5025]
 Training FV-edg60000-s2-t8:  10%|█         | 5/50 [00:07<00:54,  1.21s/it, Saved at =inf, TrLoss=0.4517]
 Training FV-edg60000-s2-t8:  12%|█▏        | 6/50 [00:07<00:53,  1.21s/it, Saved at =inf, TrLoss=0.4517]
 Training FV-edg60000-s2-t8:  12%|█▏        | 6/50 [00:08<00:53,  1.21s/it, Saved at =inf, TrLoss=0.4219]
 Training FV-edg60000-s2-t8:  14%|█▍        | 7/50 [00:08<00:52,  1.21s/it, Saved at =inf, TrLoss=0.4219]
 Training FV-edg60000-s2-t8:  14%|█▍        | 7/50 [00:09<00:52,  1.21s/it, Saved at =inf, TrLoss=0.4175]
 Training FV-edg60000-s2-t8:  16%|█▌        | 8/50 [00:09<00:50,  1.21s/it, Saved at =inf, TrLoss=0.4175]
 Training FV-edg60000-s2-t8:  16%|█▌        | 8/50 [00:10<00:50,  1.21s/it, Saved at =inf, TrLoss=0.4045]
 Training FV-edg60000-s2-t8:  18%|█▊        | 9/50 [00:10<00:49,  1.21s/it, Saved at =inf, TrLoss=0.4045]
 Training FV-edg60000-s2-t8:  18%|█▊        | 9/50 [00:11<00:49,  1.21s/it, Saved at =inf, TrLoss=0.3871]
 Training FV-edg60000-s2-t8:  20%|██        | 10/50 [00:12<00:48,  1.21s/it, Saved at =inf, TrLoss=0.3871]
 Training FV-edg60000-s2-t8:  20%|██        | 10/50 [00:13<00:48,  1.21s/it, Saved at =inf, TrLoss=0.3669]
 Training FV-edg60000-s2-t8:  22%|██▏       | 11/50 [00:13<00:47,  1.21s/it, Saved at =inf, TrLoss=0.3669]
 Training FV-edg60000-s2-t8:  22%|██▏       | 11/50 [00:14<00:47,  1.21s/it, Saved at =inf, TrLoss=0.3444]
 Training FV-edg60000-s2-t8:  24%|██▍       | 12/50 [00:14<00:46,  1.21s/it, Saved at =inf, TrLoss=0.3444]
 Training FV-edg60000-s2-t8:  24%|██▍       | 12/50 [00:15<00:46,  1.21s/it, Saved at =inf, TrLoss=0.3247]
 Training FV-edg60000-s2-t8:  26%|██▌       | 13/50 [00:15<00:44,  1.21s/it, Saved at =inf, TrLoss=0.3247]
 Training FV-edg60000-s2-t8:  26%|██▌       | 13/50 [00:16<00:44,  1.21s/it, Saved at =inf, TrLoss=0.3043]
 Training FV-edg60000-s2-t8:  28%|██▊       | 14/50 [00:16<00:43,  1.21s/it, Saved at =inf, TrLoss=0.3043]
 Training FV-edg60000-s2-t8:  28%|██▊       | 14/50 [00:17<00:43,  1.21s/it, Saved at =inf, TrLoss=0.3040]
 Training FV-edg60000-s2-t8:  30%|███       | 15/50 [00:18<00:42,  1.21s/it, Saved at =inf, TrLoss=0.3040]
 Training FV-edg60000-s2-t8:  30%|███       | 15/50 [00:19<00:42,  1.21s/it, Saved at =inf, TrLoss=0.2887]
 Training FV-edg60000-s2-t8:  32%|███▏      | 16/50 [00:19<00:41,  1.21s/it, Saved at =inf, TrLoss=0.2887]
 Training FV-edg60000-s2-t8:  32%|███▏      | 16/50 [00:20<00:41,  1.21s/it, Saved at =inf, TrLoss=0.2811]
 Training FV-edg60000-s2-t8:  34%|███▍      | 17/50 [00:20<00:39,  1.21s/it, Saved at =inf, TrLoss=0.2811]
 Training FV-edg60000-s2-t8:  34%|███▍      | 17/50 [00:21<00:39,  1.21s/it, Saved at =inf, TrLoss=0.2593]
 Training FV-edg60000-s2-t8:  36%|███▌      | 18/50 [00:21<00:38,  1.21s/it, Saved at =inf, TrLoss=0.2593]
 Training FV-edg60000-s2-t8:  36%|███▌      | 18/50 [00:22<00:38,  1.21s/it, Saved at =inf, TrLoss=0.2569]
 Training FV-edg60000-s2-t8:  38%|███▊      | 19/50 [00:23<00:37,  1.21s/it, Saved at =inf, TrLoss=0.2569]
 Training FV-edg60000-s2-t8:  38%|███▊      | 19/50 [00:24<00:37,  1.21s/it, Saved at =inf, TrLoss=0.2440]
 Training FV-edg60000-s2-t8:  40%|████      | 20/50 [00:24<00:36,  1.21s/it, Saved at =inf, TrLoss=0.2440]
 Training FV-edg60000-s2-t8:  40%|████      | 20/50 [00:25<00:36,  1.21s/it, Saved at =inf, TrLoss=0.2399]
 Training FV-edg60000-s2-t8:  42%|████▏     | 21/50 [00:25<00:35,  1.21s/it, Saved at =inf, TrLoss=0.2399]
 Training FV-edg60000-s2-t8:  42%|████▏     | 21/50 [00:26<00:35,  1.21s/it, Saved at =inf, TrLoss=0.2255]
 Training FV-edg60000-s2-t8:  44%|████▍     | 22/50 [00:26<00:33,  1.21s/it, Saved at =inf, TrLoss=0.2255]
 Training FV-edg60000-s2-t8:  44%|████▍     | 22/50 [00:27<00:33,  1.21s/it, Saved at =inf, TrLoss=0.2224]
 Training FV-edg60000-s2-t8:  46%|████▌     | 23/50 [00:27<00:32,  1.21s/it, Saved at =inf, TrLoss=0.2224]
 Training FV-edg60000-s2-t8:  46%|████▌     | 23/50 [00:28<00:32,  1.21s/it, Saved at =inf, TrLoss=0.2202]
 Training FV-edg60000-s2-t8:  48%|████▊     | 24/50 [00:29<00:31,  1.21s/it, Saved at =inf, TrLoss=0.2202]
 Training FV-edg60000-s2-t8:  48%|████▊     | 24/50 [00:30<00:31,  1.21s/it, Saved at =inf, TrLoss=0.2105]
 Training FV-edg60000-s2-t8:  50%|█████     | 25/50 [00:30<00:30,  1.21s/it, Saved at =inf, TrLoss=0.2105]
 Training FV-edg60000-s2-t8:  50%|█████     | 25/50 [00:31<00:30,  1.21s/it, Saved at =inf, TrLoss=0.2117]
 Training FV-edg60000-s2-t8:  52%|█████▏    | 26/50 [00:31<00:29,  1.21s/it, Saved at =inf, TrLoss=0.2117]
 Training FV-edg60000-s2-t8:  52%|█████▏    | 26/50 [00:32<00:29,  1.21s/it, Saved at =inf, TrLoss=0.2091]
 Training FV-edg60000-s2-t8:  54%|█████▍    | 27/50 [00:32<00:27,  1.21s/it, Saved at =inf, TrLoss=0.2091]
 Training FV-edg60000-s2-t8:  54%|█████▍    | 27/50 [00:33<00:27,  1.21s/it, Saved at =inf, TrLoss=0.2033]
 Training FV-edg60000-s2-t8:  56%|█████▌    | 28/50 [00:33<00:26,  1.21s/it, Saved at =inf, TrLoss=0.2033]
 Training FV-edg60000-s2-t8:  56%|█████▌    | 28/50 [00:34<00:26,  1.21s/it, Saved at =inf, TrLoss=0.2040]
 Training FV-edg60000-s2-t8:  58%|█████▊    | 29/50 [00:35<00:25,  1.21s/it, Saved at =inf, TrLoss=0.2040]
 Training FV-edg60000-s2-t8:  58%|█████▊    | 29/50 [00:36<00:25,  1.21s/it, Saved at =inf, TrLoss=0.2047]
 Training FV-edg60000-s2-t8:  60%|██████    | 30/50 [00:36<00:24,  1.21s/it, Saved at =inf, TrLoss=0.2047]
 Training FV-edg60000-s2-t8:  60%|██████    | 30/50 [00:37<00:24,  1.21s/it, Saved at =inf, TrLoss=0.2015]
 Training FV-edg60000-s2-t8:  62%|██████▏   | 31/50 [00:37<00:23,  1.21s/it, Saved at =inf, TrLoss=0.2015]
 Training FV-edg60000-s2-t8:  62%|██████▏   | 31/50 [00:38<00:23,  1.21s/it, Saved at =inf, TrLoss=0.2025]
 Training FV-edg60000-s2-t8:  64%|██████▍   | 32/50 [00:38<00:21,  1.21s/it, Saved at =inf, TrLoss=0.2025]
 Training FV-edg60000-s2-t8:  64%|██████▍   | 32/50 [00:39<00:21,  1.21s/it, Saved at =inf, TrLoss=0.2008]
 Training FV-edg60000-s2-t8:  66%|██████▌   | 33/50 [00:40<00:20,  1.21s/it, Saved at =inf, TrLoss=0.2008]
 Training FV-edg60000-s2-t8:  66%|██████▌   | 33/50 [00:41<00:20,  1.21s/it, Saved at =inf, TrLoss=0.1943]
 Training FV-edg60000-s2-t8:  68%|██████▊   | 34/50 [00:41<00:19,  1.21s/it, Saved at =inf, TrLoss=0.1943]
 Training FV-edg60000-s2-t8:  68%|██████▊   | 34/50 [00:42<00:19,  1.21s/it, Saved at =inf, TrLoss=0.1960]
 Training FV-edg60000-s2-t8:  70%|███████   | 35/50 [00:42<00:18,  1.21s/it, Saved at =inf, TrLoss=0.1960]
 Training FV-edg60000-s2-t8:  70%|███████   | 35/50 [00:43<00:18,  1.21s/it, Saved at =inf, TrLoss=0.1929]
 Training FV-edg60000-s2-t8:  72%|███████▏  | 36/50 [00:43<00:16,  1.21s/it, Saved at =inf, TrLoss=0.1929]
 Training FV-edg60000-s2-t8:  72%|███████▏  | 36/50 [00:44<00:16,  1.21s/it, Saved at =inf, TrLoss=0.1902]
 Training FV-edg60000-s2-t8:  74%|███████▍  | 37/50 [00:44<00:15,  1.21s/it, Saved at =inf, TrLoss=0.1902]
 Training FV-edg60000-s2-t8:  74%|███████▍  | 37/50 [00:45<00:15,  1.21s/it, Saved at =inf, TrLoss=0.1896]
 Training FV-edg60000-s2-t8:  76%|███████▌  | 38/50 [00:46<00:14,  1.21s/it, Saved at =inf, TrLoss=0.1896]
 Training FV-edg60000-s2-t8:  76%|███████▌  | 38/50 [00:47<00:14,  1.21s/it, Saved at =inf, TrLoss=0.1869]
 Training FV-edg60000-s2-t8:  78%|███████▊  | 39/50 [00:47<00:13,  1.21s/it, Saved at =inf, TrLoss=0.1869]
 Training FV-edg60000-s2-t8:  78%|███████▊  | 39/50 [00:48<00:13,  1.21s/it, Saved at =inf, TrLoss=0.1842]
 Training FV-edg60000-s2-t8:  80%|████████  | 40/50 [00:48<00:12,  1.21s/it, Saved at =inf, TrLoss=0.1842]
 Training FV-edg60000-s2-t8:  80%|████████  | 40/50 [00:49<00:12,  1.21s/it, Saved at =inf, TrLoss=0.1835]
 Training FV-edg60000-s2-t8:  82%|████████▏ | 41/50 [00:49<00:10,  1.21s/it, Saved at =inf, TrLoss=0.1835]
 Training FV-edg60000-s2-t8:  82%|████████▏ | 41/50 [00:50<00:10,  1.21s/it, Saved at =inf, TrLoss=0.1820]
 Training FV-edg60000-s2-t8:  84%|████████▍ | 42/50 [00:50<00:09,  1.21s/it, Saved at =inf, TrLoss=0.1820]
 Training FV-edg60000-s2-t8:  84%|████████▍ | 42/50 [00:51<00:09,  1.21s/it, Saved at =inf, TrLoss=0.1823]
 Training FV-edg60000-s2-t8:  86%|████████▌ | 43/50 [00:52<00:08,  1.21s/it, Saved at =inf, TrLoss=0.1823]
 Training FV-edg60000-s2-t8:  86%|████████▌ | 43/50 [00:53<00:08,  1.21s/it, Saved at =inf, TrLoss=0.1802]
 Training FV-edg60000-s2-t8:  88%|████████▊ | 44/50 [00:53<00:07,  1.21s/it, Saved at =inf, TrLoss=0.1802]
 Training FV-edg60000-s2-t8:  88%|████████▊ | 44/50 [00:54<00:07,  1.21s/it, Saved at =inf, TrLoss=0.1811]
 Training FV-edg60000-s2-t8:  90%|█████████ | 45/50 [00:54<00:06,  1.21s/it, Saved at =inf, TrLoss=0.1811]
 Training FV-edg60000-s2-t8:  90%|█████████ | 45/50 [00:55<00:06,  1.21s/it, Saved at =inf, TrLoss=0.1795]
 Training FV-edg60000-s2-t8:  92%|█████████▏| 46/50 [00:55<00:04,  1.21s/it, Saved at =inf, TrLoss=0.1795]
 Training FV-edg60000-s2-t8:  92%|█████████▏| 46/50 [00:56<00:04,  1.21s/it, Saved at =inf, TrLoss=0.1805]
 Training FV-edg60000-s2-t8:  94%|█████████▍| 47/50 [00:56<00:03,  1.21s/it, Saved at =inf, TrLoss=0.1805]
 Training FV-edg60000-s2-t8:  94%|█████████▍| 47/50 [00:57<00:03,  1.21s/it, Saved at =inf, TrLoss=0.1761]
 Training FV-edg60000-s2-t8:  96%|█████████▌| 48/50 [00:58<00:02,  1.21s/it, Saved at =inf, TrLoss=0.1761]
 Training FV-edg60000-s2-t8:  96%|█████████▌| 48/50 [00:59<00:02,  1.21s/it, Saved at =inf, TrLoss=0.1764]
 Training FV-edg60000-s2-t8:  98%|█████████▊| 49/50 [00:59<00:01,  1.21s/it, Saved at =inf, TrLoss=0.1764]
 Training FV-edg60000-s2-t8:  98%|█████████▊| 49/50 [01:00<00:01,  1.21s/it, Saved at =inf, TrLoss=0.1747]
 Training FV-edg60000-s2-t8: 100%|██████████| 50/50 [01:00<00:00,  1.21s/it, Saved at =inf, TrLoss=0.1747]
 Training FV-edg60000-s2-t8: 100%|██████████| 50/50 [01:00<00:00,  1.21s/it, Saved at =inf, TrLoss=0.1747]

 Training FV-edg60000-s2-t9:   0%|          | 0/50 [00:00<?, ?it/s]
 Training FV-edg60000-s2-t9:   0%|          | 0/50 [00:01<?, ?it/s, Saved at =inf, TrLoss=0.6829]
 Training FV-edg60000-s2-t9:   2%|▏         | 1/50 [00:01<01:11,  1.46s/it, Saved at =inf, TrLoss=0.6829]
 Training FV-edg60000-s2-t9:   2%|▏         | 1/50 [00:02<01:11,  1.46s/it, Saved at =inf, TrLoss=0.8376]
 Training FV-edg60000-s2-t9:   4%|▍         | 2/50 [00:02<01:09,  1.44s/it, Saved at =inf, TrLoss=0.8376]
 Training FV-edg60000-s2-t9:   4%|▍         | 2/50 [00:04<01:09,  1.44s/it, Saved at =inf, TrLoss=0.5342]
 Training FV-edg60000-s2-t9:   6%|▌         | 3/50 [00:04<01:07,  1.43s/it, Saved at =inf, TrLoss=0.5342]
 Training FV-edg60000-s2-t9:   6%|▌         | 3/50 [00:05<01:07,  1.43s/it, Saved at =inf, TrLoss=0.5231]
 Training FV-edg60000-s2-t9:   8%|▊         | 4/50 [00:05<01:05,  1.43s/it, Saved at =inf, TrLoss=0.5231]
 Training FV-edg60000-s2-t9:   8%|▊         | 4/50 [00:06<01:05,  1.43s/it, Saved at =inf, TrLoss=0.4558]
 Training FV-edg60000-s2-t9:  10%|█         | 5/50 [00:07<01:04,  1.43s/it, Saved at =inf, TrLoss=0.4558]
 Training FV-edg60000-s2-t9:  10%|█         | 5/50 [00:08<01:04,  1.43s/it, Saved at =inf, TrLoss=0.4427]
 Training FV-edg60000-s2-t9:  12%|█▏        | 6/50 [00:08<01:02,  1.43s/it, Saved at =inf, TrLoss=0.4427]
 Training FV-edg60000-s2-t9:  12%|█▏        | 6/50 [00:09<01:02,  1.43s/it, Saved at =inf, TrLoss=0.4155]
 Training FV-edg60000-s2-t9:  14%|█▍        | 7/50 [00:10<01:01,  1.43s/it, Saved at =inf, TrLoss=0.4155]
 Training FV-edg60000-s2-t9:  14%|█▍        | 7/50 [00:11<01:01,  1.43s/it, Saved at =inf, TrLoss=0.3828]
 Training FV-edg60000-s2-t9:  16%|█▌        | 8/50 [00:11<00:59,  1.43s/it, Saved at =inf, TrLoss=0.3828]
 Training FV-edg60000-s2-t9:  16%|█▌        | 8/50 [00:12<00:59,  1.43s/it, Saved at =inf, TrLoss=0.3903]
 Training FV-edg60000-s2-t9:  18%|█▊        | 9/50 [00:12<00:58,  1.43s/it, Saved at =inf, TrLoss=0.3903]
 Training FV-edg60000-s2-t9:  18%|█▊        | 9/50 [00:14<00:58,  1.43s/it, Saved at =inf, TrLoss=0.3518]
 Training FV-edg60000-s2-t9:  20%|██        | 10/50 [00:14<00:57,  1.43s/it, Saved at =inf, TrLoss=0.3518]
 Training FV-edg60000-s2-t9:  20%|██        | 10/50 [00:15<00:57,  1.43s/it, Saved at =inf, TrLoss=0.3402]
 Training FV-edg60000-s2-t9:  22%|██▏       | 11/50 [00:15<00:55,  1.43s/it, Saved at =inf, TrLoss=0.3402]
 Training FV-edg60000-s2-t9:  22%|██▏       | 11/50 [00:16<00:55,  1.43s/it, Saved at =inf, TrLoss=0.3255]
 Training FV-edg60000-s2-t9:  24%|██▍       | 12/50 [00:17<00:54,  1.43s/it, Saved at =inf, TrLoss=0.3255]
 Training FV-edg60000-s2-t9:  24%|██▍       | 12/50 [00:18<00:54,  1.43s/it, Saved at =inf, TrLoss=0.3124]
 Training FV-edg60000-s2-t9:  26%|██▌       | 13/50 [00:18<00:52,  1.43s/it, Saved at =inf, TrLoss=0.3124]
 Training FV-edg60000-s2-t9:  26%|██▌       | 13/50 [00:19<00:52,  1.43s/it, Saved at =inf, TrLoss=0.3102]
 Training FV-edg60000-s2-t9:  28%|██▊       | 14/50 [00:20<00:51,  1.43s/it, Saved at =inf, TrLoss=0.3102]
 Training FV-edg60000-s2-t9:  28%|██▊       | 14/50 [00:21<00:51,  1.43s/it, Saved at =inf, TrLoss=0.2888]
 Training FV-edg60000-s2-t9:  30%|███       | 15/50 [00:21<00:49,  1.43s/it, Saved at =inf, TrLoss=0.2888]
 Training FV-edg60000-s2-t9:  30%|███       | 15/50 [00:22<00:49,  1.43s/it, Saved at =inf, TrLoss=0.2892]
 Training FV-edg60000-s2-t9:  32%|███▏      | 16/50 [00:22<00:48,  1.43s/it, Saved at =inf, TrLoss=0.2892]
 Training FV-edg60000-s2-t9:  32%|███▏      | 16/50 [00:24<00:48,  1.43s/it, Saved at =inf, TrLoss=0.2778]
 Training FV-edg60000-s2-t9:  34%|███▍      | 17/50 [00:24<00:47,  1.43s/it, Saved at =inf, TrLoss=0.2778]
 Training FV-edg60000-s2-t9:  34%|███▍      | 17/50 [00:25<00:47,  1.43s/it, Saved at =inf, TrLoss=0.2707]
 Training FV-edg60000-s2-t9:  36%|███▌      | 18/50 [00:25<00:45,  1.43s/it, Saved at =inf, TrLoss=0.2707]
 Training FV-edg60000-s2-t9:  36%|███▌      | 18/50 [00:26<00:45,  1.43s/it, Saved at =inf, TrLoss=0.2680]
 Training FV-edg60000-s2-t9:  38%|███▊      | 19/50 [00:27<00:44,  1.43s/it, Saved at =inf, TrLoss=0.2680]
 Training FV-edg60000-s2-t9:  38%|███▊      | 19/50 [00:28<00:44,  1.43s/it, Saved at =inf, TrLoss=0.2585]
 Training FV-edg60000-s2-t9:  40%|████      | 20/50 [00:28<00:42,  1.43s/it, Saved at =inf, TrLoss=0.2585]
 Training FV-edg60000-s2-t9:  40%|████      | 20/50 [00:29<00:42,  1.43s/it, Saved at =inf, TrLoss=0.2564]
 Training FV-edg60000-s2-t9:  42%|████▏     | 21/50 [00:29<00:41,  1.43s/it, Saved at =inf, TrLoss=0.2564]
 Training FV-edg60000-s2-t9:  42%|████▏     | 21/50 [00:31<00:41,  1.43s/it, Saved at =inf, TrLoss=0.2459]
 Training FV-edg60000-s2-t9:  44%|████▍     | 22/50 [00:31<00:39,  1.43s/it, Saved at =inf, TrLoss=0.2459]
 Training FV-edg60000-s2-t9:  44%|████▍     | 22/50 [00:32<00:39,  1.43s/it, Saved at =inf, TrLoss=0.2477]
 Training FV-edg60000-s2-t9:  46%|████▌     | 23/50 [00:32<00:38,  1.43s/it, Saved at =inf, TrLoss=0.2477]
 Training FV-edg60000-s2-t9:  46%|████▌     | 23/50 [00:34<00:38,  1.43s/it, Saved at =inf, TrLoss=0.2364]
 Training FV-edg60000-s2-t9:  48%|████▊     | 24/50 [00:34<00:37,  1.43s/it, Saved at =inf, TrLoss=0.2364]
 Training FV-edg60000-s2-t9:  48%|████▊     | 24/50 [00:35<00:37,  1.43s/it, Saved at =inf, TrLoss=0.2354]
 Training FV-edg60000-s2-t9:  50%|█████     | 25/50 [00:35<00:35,  1.43s/it, Saved at =inf, TrLoss=0.2354]
 Training FV-edg60000-s2-t9:  50%|█████     | 25/50 [00:36<00:35,  1.43s/it, Saved at =inf, TrLoss=0.2268]
 Training FV-edg60000-s2-t9:  52%|█████▏    | 26/50 [00:37<00:34,  1.43s/it, Saved at =inf, TrLoss=0.2268]
 Training FV-edg60000-s2-t9:  52%|█████▏    | 26/50 [00:38<00:34,  1.43s/it, Saved at =inf, TrLoss=0.2248]
 Training FV-edg60000-s2-t9:  54%|█████▍    | 27/50 [00:38<00:32,  1.43s/it, Saved at =inf, TrLoss=0.2248]
 Training FV-edg60000-s2-t9:  54%|█████▍    | 27/50 [00:39<00:32,  1.43s/it, Saved at =inf, TrLoss=0.2205]
 Training FV-edg60000-s2-t9:  56%|█████▌    | 28/50 [00:39<00:31,  1.43s/it, Saved at =inf, TrLoss=0.2205]
 Training FV-edg60000-s2-t9:  56%|█████▌    | 28/50 [00:41<00:31,  1.43s/it, Saved at =inf, TrLoss=0.2151]
 Training FV-edg60000-s2-t9:  58%|█████▊    | 29/50 [00:41<00:29,  1.43s/it, Saved at =inf, TrLoss=0.2151]
 Training FV-edg60000-s2-t9:  58%|█████▊    | 29/50 [00:42<00:29,  1.43s/it, Saved at =inf, TrLoss=0.2163]
 Training FV-edg60000-s2-t9:  60%|██████    | 30/50 [00:42<00:28,  1.43s/it, Saved at =inf, TrLoss=0.2163]
 Training FV-edg60000-s2-t9:  60%|██████    | 30/50 [00:44<00:28,  1.43s/it, Saved at =inf, TrLoss=0.2067]
 Training FV-edg60000-s2-t9:  62%|██████▏   | 31/50 [00:44<00:27,  1.43s/it, Saved at =inf, TrLoss=0.2067]
 Training FV-edg60000-s2-t9:  62%|██████▏   | 31/50 [00:45<00:27,  1.43s/it, Saved at =inf, TrLoss=0.2040]
 Training FV-edg60000-s2-t9:  64%|██████▍   | 32/50 [00:45<00:25,  1.43s/it, Saved at =inf, TrLoss=0.2040]
 Training FV-edg60000-s2-t9:  64%|██████▍   | 32/50 [00:46<00:25,  1.43s/it, Saved at =inf, TrLoss=0.2079]
 Training FV-edg60000-s2-t9:  66%|██████▌   | 33/50 [00:47<00:24,  1.43s/it, Saved at =inf, TrLoss=0.2079]
 Training FV-edg60000-s2-t9:  66%|██████▌   | 33/50 [00:48<00:24,  1.43s/it, Saved at =inf, TrLoss=0.2006]
 Training FV-edg60000-s2-t9:  68%|██████▊   | 34/50 [00:48<00:22,  1.43s/it, Saved at =inf, TrLoss=0.2006]
 Training FV-edg60000-s2-t9:  68%|██████▊   | 34/50 [00:49<00:22,  1.43s/it, Saved at =inf, TrLoss=0.1962]
 Training FV-edg60000-s2-t9:  70%|███████   | 35/50 [00:49<00:21,  1.43s/it, Saved at =inf, TrLoss=0.1962]
 Training FV-edg60000-s2-t9:  70%|███████   | 35/50 [00:51<00:21,  1.43s/it, Saved at =inf, TrLoss=0.1979]
 Training FV-edg60000-s2-t9:  72%|███████▏  | 36/50 [00:51<00:19,  1.43s/it, Saved at =inf, TrLoss=0.1979]
 Training FV-edg60000-s2-t9:  72%|███████▏  | 36/50 [00:52<00:19,  1.43s/it, Saved at =inf, TrLoss=0.1997]
 Training FV-edg60000-s2-t9:  74%|███████▍  | 37/50 [00:52<00:18,  1.43s/it, Saved at =inf, TrLoss=0.1997]
 Training FV-edg60000-s2-t9:  74%|███████▍  | 37/50 [00:54<00:18,  1.43s/it, Saved at =inf, TrLoss=0.1975]
 Training FV-edg60000-s2-t9:  76%|███████▌  | 38/50 [00:54<00:17,  1.43s/it, Saved at =inf, TrLoss=0.1975]
 Training FV-edg60000-s2-t9:  76%|███████▌  | 38/50 [00:55<00:17,  1.43s/it, Saved at =inf, TrLoss=0.1891]
 Training FV-edg60000-s2-t9:  78%|███████▊  | 39/50 [00:55<00:15,  1.43s/it, Saved at =inf, TrLoss=0.1891]
 Training FV-edg60000-s2-t9:  78%|███████▊  | 39/50 [00:56<00:15,  1.43s/it, Saved at =inf, TrLoss=0.1880]
 Training FV-edg60000-s2-t9:  80%|████████  | 40/50 [00:57<00:14,  1.43s/it, Saved at =inf, TrLoss=0.1880]
 Training FV-edg60000-s2-t9:  80%|████████  | 40/50 [00:58<00:14,  1.43s/it, Saved at =inf, TrLoss=0.1908]
 Training FV-edg60000-s2-t9:  82%|████████▏ | 41/50 [00:58<00:12,  1.43s/it, Saved at =inf, TrLoss=0.1908]
 Training FV-edg60000-s2-t9:  82%|████████▏ | 41/50 [00:59<00:12,  1.43s/it, Saved at =inf, TrLoss=0.1872]
 Training FV-edg60000-s2-t9:  84%|████████▍ | 42/50 [00:59<00:11,  1.43s/it, Saved at =inf, TrLoss=0.1872]
 Training FV-edg60000-s2-t9:  84%|████████▍ | 42/50 [01:01<00:11,  1.43s/it, Saved at =inf, TrLoss=0.1843]
 Training FV-edg60000-s2-t9:  86%|████████▌ | 43/50 [01:01<00:09,  1.43s/it, Saved at =inf, TrLoss=0.1843]
 Training FV-edg60000-s2-t9:  86%|████████▌ | 43/50 [01:02<00:09,  1.43s/it, Saved at =inf, TrLoss=0.1843]
 Training FV-edg60000-s2-t9:  88%|████████▊ | 44/50 [01:02<00:08,  1.43s/it, Saved at =inf, TrLoss=0.1843]
 Training FV-edg60000-s2-t9:  88%|████████▊ | 44/50 [01:04<00:08,  1.43s/it, Saved at =inf, TrLoss=0.1864]
 Training FV-edg60000-s2-t9:  90%|█████████ | 45/50 [01:04<00:07,  1.43s/it, Saved at =inf, TrLoss=0.1864]
 Training FV-edg60000-s2-t9:  90%|█████████ | 45/50 [01:05<00:07,  1.43s/it, Saved at =inf, TrLoss=0.1809]
 Training FV-edg60000-s2-t9:  92%|█████████▏| 46/50 [01:05<00:05,  1.43s/it, Saved at =inf, TrLoss=0.1809]
 Training FV-edg60000-s2-t9:  92%|█████████▏| 46/50 [01:06<00:05,  1.43s/it, Saved at =inf, TrLoss=0.1808]
 Training FV-edg60000-s2-t9:  94%|█████████▍| 47/50 [01:07<00:04,  1.43s/it, Saved at =inf, TrLoss=0.1808]
 Training FV-edg60000-s2-t9:  94%|█████████▍| 47/50 [01:08<00:04,  1.43s/it, Saved at =inf, TrLoss=0.1791]
 Training FV-edg60000-s2-t9:  96%|█████████▌| 48/50 [01:08<00:02,  1.43s/it, Saved at =inf, TrLoss=0.1791]
 Training FV-edg60000-s2-t9:  96%|█████████▌| 48/50 [01:09<00:02,  1.43s/it, Saved at =inf, TrLoss=0.1794]
 Training FV-edg60000-s2-t9:  98%|█████████▊| 49/50 [01:09<00:01,  1.43s/it, Saved at =inf, TrLoss=0.1794]
 Training FV-edg60000-s2-t9:  98%|█████████▊| 49/50 [01:11<00:01,  1.43s/it, Saved at =inf, TrLoss=0.1753]
 Training FV-edg60000-s2-t9: 100%|██████████| 50/50 [01:11<00:00,  1.43s/it, Saved at =inf, TrLoss=0.1753]
 Training FV-edg60000-s2-t9: 100%|██████████| 50/50 [01:11<00:00,  1.43s/it, Saved at =inf, TrLoss=0.1753]

 Training ATK-edg60000-s2-t7:   0%|          | 0/50 [00:00<?, ?it/s]
 Training ATK-edg60000-s2-t7:   0%|          | 0/50 [00:00<?, ?it/s, Saved at =inf, TrLoss=0.7515]
 Training ATK-edg60000-s2-t7:   2%|▏         | 1/50 [00:01<00:51,  1.06s/it, Saved at =inf, TrLoss=0.7515]
 Training ATK-edg60000-s2-t7:   2%|▏         | 1/50 [00:01<00:51,  1.06s/it, Saved at =inf, TrLoss=0.5065]
 Training ATK-edg60000-s2-t7:   4%|▍         | 2/50 [00:02<00:50,  1.04s/it, Saved at =inf, TrLoss=0.5065]
 Training ATK-edg60000-s2-t7:   4%|▍         | 2/50 [00:02<00:50,  1.04s/it, Saved at =inf, TrLoss=0.5137]
 Training ATK-edg60000-s2-t7:   6%|▌         | 3/50 [00:03<00:48,  1.04s/it, Saved at =inf, TrLoss=0.5137]
 Training ATK-edg60000-s2-t7:   6%|▌         | 3/50 [00:03<00:48,  1.04s/it, Saved at =inf, TrLoss=0.4062]
 Training ATK-edg60000-s2-t7:   8%|▊         | 4/50 [00:04<00:47,  1.03s/it, Saved at =inf, TrLoss=0.4062]
 Training ATK-edg60000-s2-t7:   8%|▊         | 4/50 [00:04<00:47,  1.03s/it, Saved at =inf, TrLoss=0.3931]
 Training ATK-edg60000-s2-t7:  10%|█         | 5/50 [00:05<00:46,  1.03s/it, Saved at =inf, TrLoss=0.3931]
 Training ATK-edg60000-s2-t7:  10%|█         | 5/50 [00:06<00:46,  1.03s/it, Saved at =inf, TrLoss=0.3550]
 Training ATK-edg60000-s2-t7:  12%|█▏        | 6/50 [00:06<00:45,  1.03s/it, Saved at =inf, TrLoss=0.3550]
 Training ATK-edg60000-s2-t7:  12%|█▏        | 6/50 [00:07<00:45,  1.03s/it, Saved at =inf, TrLoss=0.3515]
 Training ATK-edg60000-s2-t7:  14%|█▍        | 7/50 [00:07<00:44,  1.03s/it, Saved at =inf, TrLoss=0.3515]
 Training ATK-edg60000-s2-t7:  14%|█▍        | 7/50 [00:08<00:44,  1.03s/it, Saved at =inf, TrLoss=0.3197]
 Training ATK-edg60000-s2-t7:  16%|█▌        | 8/50 [00:08<00:43,  1.03s/it, Saved at =inf, TrLoss=0.3197]
 Training ATK-edg60000-s2-t7:  16%|█▌        | 8/50 [00:09<00:43,  1.03s/it, Saved at =inf, TrLoss=0.2911]
 Training ATK-edg60000-s2-t7:  18%|█▊        | 9/50 [00:09<00:42,  1.03s/it, Saved at =inf, TrLoss=0.2911]
 Training ATK-edg60000-s2-t7:  18%|█▊        | 9/50 [00:10<00:42,  1.03s/it, Saved at =inf, TrLoss=0.2969]
 Training ATK-edg60000-s2-t7:  20%|██        | 10/50 [00:10<00:41,  1.03s/it, Saved at =inf, TrLoss=0.2969]
 Training ATK-edg60000-s2-t7:  20%|██        | 10/50 [00:11<00:41,  1.03s/it, Saved at =inf, TrLoss=0.2796]
 Training ATK-edg60000-s2-t7:  22%|██▏       | 11/50 [00:11<00:40,  1.03s/it, Saved at =inf, TrLoss=0.2796]
 Training ATK-edg60000-s2-t7:  22%|██▏       | 11/50 [00:12<00:40,  1.03s/it, Saved at =inf, TrLoss=0.2836]
 Training ATK-edg60000-s2-t7:  24%|██▍       | 12/50 [00:12<00:39,  1.03s/it, Saved at =inf, TrLoss=0.2836]
 Training ATK-edg60000-s2-t7:  24%|██▍       | 12/50 [00:13<00:39,  1.03s/it, Saved at =inf, TrLoss=0.2546]
 Training ATK-edg60000-s2-t7:  26%|██▌       | 13/50 [00:13<00:38,  1.03s/it, Saved at =inf, TrLoss=0.2546]
 Training ATK-edg60000-s2-t7:  26%|██▌       | 13/50 [00:14<00:38,  1.03s/it, Saved at =inf, TrLoss=0.2535]
 Training ATK-edg60000-s2-t7:  28%|██▊       | 14/50 [00:14<00:37,  1.03s/it, Saved at =inf, TrLoss=0.2535]
 Training ATK-edg60000-s2-t7:  28%|██▊       | 14/50 [00:15<00:37,  1.03s/it, Saved at =inf, TrLoss=0.2402]
 Training ATK-edg60000-s2-t7:  30%|███       | 15/50 [00:15<00:36,  1.03s/it, Saved at =inf, TrLoss=0.2402]
 Training ATK-edg60000-s2-t7:  30%|███       | 15/50 [00:16<00:36,  1.03s/it, Saved at =inf, TrLoss=0.2405]
 Training ATK-edg60000-s2-t7:  32%|███▏      | 16/50 [00:16<00:35,  1.03s/it, Saved at =inf, TrLoss=0.2405]
 Training ATK-edg60000-s2-t7:  32%|███▏      | 16/50 [00:17<00:35,  1.03s/it, Saved at =inf, TrLoss=0.2303]
 Training ATK-edg60000-s2-t7:  34%|███▍      | 17/50 [00:17<00:33,  1.03s/it, Saved at =inf, TrLoss=0.2303]
 Training ATK-edg60000-s2-t7:  34%|███▍      | 17/50 [00:18<00:33,  1.03s/it, Saved at =inf, TrLoss=0.2220]
 Training ATK-edg60000-s2-t7:  36%|███▌      | 18/50 [00:18<00:32,  1.03s/it, Saved at =inf, TrLoss=0.2220]
 Training ATK-edg60000-s2-t7:  36%|███▌      | 18/50 [00:19<00:32,  1.03s/it, Saved at =inf, TrLoss=0.2153]
 Training ATK-edg60000-s2-t7:  38%|███▊      | 19/50 [00:19<00:31,  1.03s/it, Saved at =inf, TrLoss=0.2153]
 Training ATK-edg60000-s2-t7:  38%|███▊      | 19/50 [00:20<00:31,  1.03s/it, Saved at =inf, TrLoss=0.2121]
 Training ATK-edg60000-s2-t7:  40%|████      | 20/50 [00:20<00:30,  1.03s/it, Saved at =inf, TrLoss=0.2121]
 Training ATK-edg60000-s2-t7:  40%|████      | 20/50 [00:21<00:30,  1.03s/it, Saved at =inf, TrLoss=0.2061]
 Training ATK-edg60000-s2-t7:  42%|████▏     | 21/50 [00:21<00:29,  1.03s/it, Saved at =inf, TrLoss=0.2061]
 Training ATK-edg60000-s2-t7:  42%|████▏     | 21/50 [00:22<00:29,  1.03s/it, Saved at =inf, TrLoss=0.2062]
 Training ATK-edg60000-s2-t7:  44%|████▍     | 22/50 [00:22<00:28,  1.03s/it, Saved at =inf, TrLoss=0.2062]
 Training ATK-edg60000-s2-t7:  44%|████▍     | 22/50 [00:23<00:28,  1.03s/it, Saved at =inf, TrLoss=0.1988]
 Training ATK-edg60000-s2-t7:  46%|████▌     | 23/50 [00:23<00:27,  1.03s/it, Saved at =inf, TrLoss=0.1988]
 Training ATK-edg60000-s2-t7:  46%|████▌     | 23/50 [00:24<00:27,  1.03s/it, Saved at =inf, TrLoss=0.2021]
 Training ATK-edg60000-s2-t7:  48%|████▊     | 24/50 [00:24<00:26,  1.03s/it, Saved at =inf, TrLoss=0.2021]
 Training ATK-edg60000-s2-t7:  48%|████▊     | 24/50 [00:25<00:26,  1.03s/it, Saved at =inf, TrLoss=0.1951]
 Training ATK-edg60000-s2-t7:  50%|█████     | 25/50 [00:25<00:25,  1.03s/it, Saved at =inf, TrLoss=0.1951]
 Training ATK-edg60000-s2-t7:  50%|█████     | 25/50 [00:26<00:25,  1.03s/it, Saved at =inf, TrLoss=0.1950]
 Training ATK-edg60000-s2-t7:  52%|█████▏    | 26/50 [00:26<00:24,  1.03s/it, Saved at =inf, TrLoss=0.1950]
 Training ATK-edg60000-s2-t7:  52%|█████▏    | 26/50 [00:27<00:24,  1.03s/it, Saved at =inf, TrLoss=0.1903]
 Training ATK-edg60000-s2-t7:  54%|█████▍    | 27/50 [00:27<00:23,  1.03s/it, Saved at =inf, TrLoss=0.1903]
 Training ATK-edg60000-s2-t7:  54%|█████▍    | 27/50 [00:28<00:23,  1.03s/it, Saved at =inf, TrLoss=0.1862]
 Training ATK-edg60000-s2-t7:  56%|█████▌    | 28/50 [00:28<00:22,  1.03s/it, Saved at =inf, TrLoss=0.1862]
 Training ATK-edg60000-s2-t7:  56%|█████▌    | 28/50 [00:29<00:22,  1.03s/it, Saved at =inf, TrLoss=0.1894]
 Training ATK-edg60000-s2-t7:  58%|█████▊    | 29/50 [00:29<00:21,  1.03s/it, Saved at =inf, TrLoss=0.1894]
 Training ATK-edg60000-s2-t7:  58%|█████▊    | 29/50 [00:30<00:21,  1.03s/it, Saved at =inf, TrLoss=0.1823]
 Training ATK-edg60000-s2-t7:  60%|██████    | 30/50 [00:30<00:20,  1.03s/it, Saved at =inf, TrLoss=0.1823]
 Training ATK-edg60000-s2-t7:  60%|██████    | 30/50 [00:31<00:20,  1.03s/it, Saved at =inf, TrLoss=0.1785]
 Training ATK-edg60000-s2-t7:  62%|██████▏   | 31/50 [00:31<00:19,  1.03s/it, Saved at =inf, TrLoss=0.1785]
 Training ATK-edg60000-s2-t7:  62%|██████▏   | 31/50 [00:32<00:19,  1.03s/it, Saved at =inf, TrLoss=0.1804]
 Training ATK-edg60000-s2-t7:  64%|██████▍   | 32/50 [00:32<00:18,  1.03s/it, Saved at =inf, TrLoss=0.1804]
 Training ATK-edg60000-s2-t7:  64%|██████▍   | 32/50 [00:33<00:18,  1.03s/it, Saved at =inf, TrLoss=0.1758]
 Training ATK-edg60000-s2-t7:  66%|██████▌   | 33/50 [00:34<00:17,  1.03s/it, Saved at =inf, TrLoss=0.1758]
 Training ATK-edg60000-s2-t7:  66%|██████▌   | 33/50 [00:34<00:17,  1.03s/it, Saved at =inf, TrLoss=0.1750]
 Training ATK-edg60000-s2-t7:  68%|██████▊   | 34/50 [00:35<00:16,  1.03s/it, Saved at =inf, TrLoss=0.1750]
 Training ATK-edg60000-s2-t7:  68%|██████▊   | 34/50 [00:35<00:16,  1.03s/it, Saved at =inf, TrLoss=0.1736]
 Training ATK-edg60000-s2-t7:  70%|███████   | 35/50 [00:36<00:15,  1.03s/it, Saved at =inf, TrLoss=0.1736]
 Training ATK-edg60000-s2-t7:  70%|███████   | 35/50 [00:36<00:15,  1.03s/it, Saved at =inf, TrLoss=0.1695]
 Training ATK-edg60000-s2-t7:  72%|███████▏  | 36/50 [00:37<00:14,  1.03s/it, Saved at =inf, TrLoss=0.1695]
 Training ATK-edg60000-s2-t7:  72%|███████▏  | 36/50 [00:37<00:14,  1.03s/it, Saved at =inf, TrLoss=0.1716]
 Training ATK-edg60000-s2-t7:  74%|███████▍  | 37/50 [00:38<00:13,  1.03s/it, Saved at =inf, TrLoss=0.1716]
 Training ATK-edg60000-s2-t7:  74%|███████▍  | 37/50 [00:38<00:13,  1.03s/it, Saved at =inf, TrLoss=0.1692]
 Training ATK-edg60000-s2-t7:  76%|███████▌  | 38/50 [00:39<00:12,  1.03s/it, Saved at =inf, TrLoss=0.1692]
 Training ATK-edg60000-s2-t7:  76%|███████▌  | 38/50 [00:39<00:12,  1.03s/it, Saved at =inf, TrLoss=0.1658]
 Training ATK-edg60000-s2-t7:  78%|███████▊  | 39/50 [00:40<00:11,  1.03s/it, Saved at =inf, TrLoss=0.1658]
 Training ATK-edg60000-s2-t7:  78%|███████▊  | 39/50 [00:41<00:11,  1.03s/it, Saved at =inf, TrLoss=0.1656]
 Training ATK-edg60000-s2-t7:  80%|████████  | 40/50 [00:41<00:10,  1.03s/it, Saved at =inf, TrLoss=0.1656]
 Training ATK-edg60000-s2-t7:  80%|████████  | 40/50 [00:42<00:10,  1.03s/it, Saved at =inf, TrLoss=0.1676]
 Training ATK-edg60000-s2-t7:  82%|████████▏ | 41/50 [00:42<00:09,  1.03s/it, Saved at =inf, TrLoss=0.1676]
 Training ATK-edg60000-s2-t7:  82%|████████▏ | 41/50 [00:43<00:09,  1.03s/it, Saved at =inf, TrLoss=0.1644]
 Training ATK-edg60000-s2-t7:  84%|████████▍ | 42/50 [00:43<00:08,  1.03s/it, Saved at =inf, TrLoss=0.1644]
 Training ATK-edg60000-s2-t7:  84%|████████▍ | 42/50 [00:44<00:08,  1.03s/it, Saved at =inf, TrLoss=0.1635]
 Training ATK-edg60000-s2-t7:  86%|████████▌ | 43/50 [00:44<00:07,  1.03s/it, Saved at =inf, TrLoss=0.1635]
 Training ATK-edg60000-s2-t7:  86%|████████▌ | 43/50 [00:45<00:07,  1.03s/it, Saved at =inf, TrLoss=0.1621]
 Training ATK-edg60000-s2-t7:  88%|████████▊ | 44/50 [00:45<00:06,  1.03s/it, Saved at =inf, TrLoss=0.1621]
 Training ATK-edg60000-s2-t7:  88%|████████▊ | 44/50 [00:46<00:06,  1.03s/it, Saved at =inf, TrLoss=0.1626]
 Training ATK-edg60000-s2-t7:  90%|█████████ | 45/50 [00:46<00:05,  1.03s/it, Saved at =inf, TrLoss=0.1626]
 Training ATK-edg60000-s2-t7:  90%|█████████ | 45/50 [00:47<00:05,  1.03s/it, Saved at =inf, TrLoss=0.1626]
 Training ATK-edg60000-s2-t7:  92%|█████████▏| 46/50 [00:47<00:04,  1.03s/it, Saved at =inf, TrLoss=0.1626]
 Training ATK-edg60000-s2-t7:  92%|█████████▏| 46/50 [00:48<00:04,  1.03s/it, Saved at =inf, TrLoss=0.1623]
 Training ATK-edg60000-s2-t7:  94%|█████████▍| 47/50 [00:48<00:03,  1.03s/it, Saved at =inf, TrLoss=0.1623]
 Training ATK-edg60000-s2-t7:  94%|█████████▍| 47/50 [00:49<00:03,  1.03s/it, Saved at =inf, TrLoss=0.1611]
 Training ATK-edg60000-s2-t7:  96%|█████████▌| 48/50 [00:49<00:02,  1.03s/it, Saved at =inf, TrLoss=0.1611]
 Training ATK-edg60000-s2-t7:  96%|█████████▌| 48/50 [00:50<00:02,  1.03s/it, Saved at =inf, TrLoss=0.1606]
 Training ATK-edg60000-s2-t7:  98%|█████████▊| 49/50 [00:50<00:01,  1.03s/it, Saved at =inf, TrLoss=0.1606]
 Training ATK-edg60000-s2-t7:  98%|█████████▊| 49/50 [00:51<00:01,  1.03s/it, Saved at =inf, TrLoss=0.1587]
 Training ATK-edg60000-s2-t7: 100%|██████████| 50/50 [00:51<00:00,  1.03s/it, Saved at =inf, TrLoss=0.1587]
 Training ATK-edg60000-s2-t7: 100%|██████████| 50/50 [00:51<00:00,  1.03s/it, Saved at =inf, TrLoss=0.1587]
[19:20:24]   MCC=0.615±0.065, AUC=0.902±0.025, BAcc=0.814±0.037
[19:26:57]   [edg60000 s2] 1500/13278 candidates scanned, 1369 eligible
[19:29:07]   [edg60000 s2] 2000/13278 candidates scanned, 1818 eligible
[19:31:13]   [edg60000 s2] 2500/13278 candidates scanned, 2257 eligible
[19:33:14]   [edg60000 s2] 3000/13278 candidates scanned, 2681 eligible
[19:35:13]   [edg60000 s2] 3500/13278 candidates scanned, 3097 eligible
[19:37:11]   [edg60000 s2] 4000/13278 candidates scanned, 3509 eligible
[19:39:02]   [edg60000 s2] 4500/13278 candidates scanned, 3896 eligible
[19:40:49]   [edg60000 s2] 5000/13278 candidates scanned, 4271 eligible
[19:42:40]   [edg60000 s2] 5500/13278 candidates scanned, 4662 eligible
[19:44:27]   [edg60000 s2] 6000/13278 candidates scanned, 5038 eligible
[19:46:18]   [edg60000 s2] 6500/13278 candidates scanned, 5426 eligible
[19:48:01]   [edg60000 s2] 7000/13278 candidates scanned, 5787 eligible
[19:51:13]   [edg60000 s2] 8000/13278 candidates scanned, 6460 eligible
[19:52:36]   [edg60000 s2] 8500/13278 candidates scanned, 6749 eligible
[19:54:19]   [edg60000 s2] 9000/13278 candidates scanned, 7112 eligible
[19:56:04]   [edg60000 s2] 9500/13278 candidates scanned, 7480 eligible
[19:57:44]   [edg60000 s2] 10000/13278 candidates scanned, 7830 eligible
[20:05:09]   [edg60000 s2] 13000/13278 candidates scanned, 9391 eligible
[20:05:33]   edg60000 seed 2: n=9473 AUC=0.902 | flip% random total/prop 9.3/2.7 | optimized 12.7/4.1 | 51.7 min
