<ps-env>/lib/python3.10/site-packages/networkx/utils/backends.py:563: RuntimeWarning: Error encountered when loading info for backend cugraph: No module named '_nx_cugraph'
  backend_info.update(_get_backends("networkx.backend_info", load_and_call=True))
[17:49:21] Training GDTE on edg60000 (seed=8)...

 Training FV-edg60000-s8-t2:   0%|          | 0/50 [00:00<?, ?it/s]
 Training FV-edg60000-s8-t2:   0%|          | 0/50 [00:00<?, ?it/s, Saved at =inf, TrLoss=0.7825]
 Training FV-edg60000-s8-t2:   2%|▏         | 1/50 [00:00<00:29,  1.65it/s, Saved at =inf, TrLoss=0.7825]
 Training FV-edg60000-s8-t2:   2%|▏         | 1/50 [00:00<00:29,  1.65it/s, Saved at =inf, TrLoss=0.4017]
 Training FV-edg60000-s8-t2:   4%|▍         | 2/50 [00:00<00:20,  2.30it/s, Saved at =inf, TrLoss=0.4017]
 Training FV-edg60000-s8-t2:   4%|▍         | 2/50 [00:01<00:20,  2.30it/s, Saved at =inf, TrLoss=0.3608]
 Training FV-edg60000-s8-t2:   6%|▌         | 3/50 [00:01<00:17,  2.64it/s, Saved at =inf, TrLoss=0.3608]
 Training FV-edg60000-s8-t2:   6%|▌         | 3/50 [00:01<00:17,  2.64it/s, Saved at =inf, TrLoss=0.6465]
 Training FV-edg60000-s8-t2:   8%|▊         | 4/50 [00:01<00:16,  2.83it/s, Saved at =inf, TrLoss=0.6465]
 Training FV-edg60000-s8-t2:   8%|▊         | 4/50 [00:01<00:16,  2.83it/s, Saved at =inf, TrLoss=0.2585]
 Training FV-edg60000-s8-t2:  10%|█         | 5/50 [00:01<00:15,  2.96it/s, Saved at =inf, TrLoss=0.2585]
 Training FV-edg60000-s8-t2:  10%|█         | 5/50 [00:02<00:15,  2.96it/s, Saved at =inf, TrLoss=0.3087]
 Training FV-edg60000-s8-t2:  12%|█▏        | 6/50 [00:02<00:14,  3.03it/s, Saved at =inf, TrLoss=0.3087]
 Training FV-edg60000-s8-t2:  12%|█▏        | 6/50 [00:02<00:14,  3.03it/s, Saved at =inf, TrLoss=0.2968]
 Training FV-edg60000-s8-t2:  14%|█▍        | 7/50 [00:02<00:13,  3.08it/s, Saved at =inf, TrLoss=0.2968]
 Training FV-edg60000-s8-t2:  14%|█▍        | 7/50 [00:02<00:13,  3.08it/s, Saved at =inf, TrLoss=0.2499]
 Training FV-edg60000-s8-t2:  16%|█▌        | 8/50 [00:02<00:13,  3.11it/s, Saved at =inf, TrLoss=0.2499]
 Training FV-edg60000-s8-t2:  16%|█▌        | 8/50 [00:03<00:13,  3.11it/s, Saved at =inf, TrLoss=0.2441]
 Training FV-edg60000-s8-t2:  18%|█▊        | 9/50 [00:03<00:13,  3.12it/s, Saved at =inf, TrLoss=0.2441]
 Training FV-edg60000-s8-t2:  18%|█▊        | 9/50 [00:03<00:13,  3.12it/s, Saved at =inf, TrLoss=0.2535]
 Training FV-edg60000-s8-t2:  20%|██        | 10/50 [00:03<00:12,  3.14it/s, Saved at =inf, TrLoss=0.2535]
 Training FV-edg60000-s8-t2:  20%|██        | 10/50 [00:03<00:12,  3.14it/s, Saved at =inf, TrLoss=0.2245]
 Training FV-edg60000-s8-t2:  22%|██▏       | 11/50 [00:03<00:12,  3.16it/s, Saved at =inf, TrLoss=0.2245]
 Training FV-edg60000-s8-t2:  22%|██▏       | 11/50 [00:03<00:12,  3.16it/s, Saved at =inf, TrLoss=0.2000]
 Training FV-edg60000-s8-t2:  24%|██▍       | 12/50 [00:04<00:11,  3.17it/s, Saved at =inf, TrLoss=0.2000]
 Training FV-edg60000-s8-t2:  24%|██▍       | 12/50 [00:04<00:11,  3.17it/s, Saved at =inf, TrLoss=0.2144]
 Training FV-edg60000-s8-t2:  26%|██▌       | 13/50 [00:04<00:11,  3.18it/s, Saved at =inf, TrLoss=0.2144]
 Training FV-edg60000-s8-t2:  26%|██▌       | 13/50 [00:04<00:11,  3.18it/s, Saved at =inf, TrLoss=0.2236]
 Training FV-edg60000-s8-t2:  28%|██▊       | 14/50 [00:04<00:11,  3.18it/s, Saved at =inf, TrLoss=0.2236]
 Training FV-edg60000-s8-t2:  28%|██▊       | 14/50 [00:04<00:11,  3.18it/s, Saved at =inf, TrLoss=0.1995]
 Training FV-edg60000-s8-t2:  30%|███       | 15/50 [00:04<00:10,  3.19it/s, Saved at =inf, TrLoss=0.1995]
 Training FV-edg60000-s8-t2:  30%|███       | 15/50 [00:05<00:10,  3.19it/s, Saved at =inf, TrLoss=0.1884]
 Training FV-edg60000-s8-t2:  32%|███▏      | 16/50 [00:05<00:10,  3.18it/s, Saved at =inf, TrLoss=0.1884]
 Training FV-edg60000-s8-t2:  32%|███▏      | 16/50 [00:05<00:10,  3.18it/s, Saved at =inf, TrLoss=0.1976]
 Training FV-edg60000-s8-t2:  34%|███▍      | 17/50 [00:05<00:10,  3.18it/s, Saved at =inf, TrLoss=0.1976]
 Training FV-edg60000-s8-t2:  34%|███▍      | 17/50 [00:05<00:10,  3.18it/s, Saved at =inf, TrLoss=0.2001]
 Training FV-edg60000-s8-t2:  36%|███▌      | 18/50 [00:05<00:10,  3.19it/s, Saved at =inf, TrLoss=0.2001]
 Training FV-edg60000-s8-t2:  36%|███▌      | 18/50 [00:06<00:10,  3.19it/s, Saved at =inf, TrLoss=0.1904]
 Training FV-edg60000-s8-t2:  38%|███▊      | 19/50 [00:06<00:09,  3.19it/s, Saved at =inf, TrLoss=0.1904]
 Training FV-edg60000-s8-t2:  38%|███▊      | 19/50 [00:06<00:09,  3.19it/s, Saved at =inf, TrLoss=0.1836]
 Training FV-edg60000-s8-t2:  40%|████      | 20/50 [00:06<00:09,  3.19it/s, Saved at =inf, TrLoss=0.1836]
 Training FV-edg60000-s8-t2:  40%|████      | 20/50 [00:06<00:09,  3.19it/s, Saved at =inf, TrLoss=0.1843]
 Training FV-edg60000-s8-t2:  42%|████▏     | 21/50 [00:06<00:09,  3.19it/s, Saved at =inf, TrLoss=0.1843]
 Training FV-edg60000-s8-t2:  42%|████▏     | 21/50 [00:07<00:09,  3.19it/s, Saved at =inf, TrLoss=0.1853]
 Training FV-edg60000-s8-t2:  44%|████▍     | 22/50 [00:07<00:08,  3.19it/s, Saved at =inf, TrLoss=0.1853]
 Training FV-edg60000-s8-t2:  44%|████▍     | 22/50 [00:07<00:08,  3.19it/s, Saved at =inf, TrLoss=0.1777]
 Training FV-edg60000-s8-t2:  46%|████▌     | 23/50 [00:07<00:08,  3.20it/s, Saved at =inf, TrLoss=0.1777]
 Training FV-edg60000-s8-t2:  46%|████▌     | 23/50 [00:07<00:08,  3.20it/s, Saved at =inf, TrLoss=0.1717]
 Training FV-edg60000-s8-t2:  48%|████▊     | 24/50 [00:07<00:08,  3.20it/s, Saved at =inf, TrLoss=0.1717]
 Training FV-edg60000-s8-t2:  48%|████▊     | 24/50 [00:08<00:08,  3.20it/s, Saved at =inf, TrLoss=0.1755]
 Training FV-edg60000-s8-t2:  50%|█████     | 25/50 [00:08<00:07,  3.20it/s, Saved at =inf, TrLoss=0.1755]
 Training FV-edg60000-s8-t2:  50%|█████     | 25/50 [00:08<00:07,  3.20it/s, Saved at =inf, TrLoss=0.1775]
 Training FV-edg60000-s8-t2:  52%|█████▏    | 26/50 [00:08<00:07,  3.20it/s, Saved at =inf, TrLoss=0.1775]
 Training FV-edg60000-s8-t2:  52%|█████▏    | 26/50 [00:08<00:07,  3.20it/s, Saved at =inf, TrLoss=0.1713]
 Training FV-edg60000-s8-t2:  54%|█████▍    | 27/50 [00:08<00:07,  3.19it/s, Saved at =inf, TrLoss=0.1713]
 Training FV-edg60000-s8-t2:  54%|█████▍    | 27/50 [00:08<00:07,  3.19it/s, Saved at =inf, TrLoss=0.1689]
 Training FV-edg60000-s8-t2:  56%|█████▌    | 28/50 [00:09<00:06,  3.19it/s, Saved at =inf, TrLoss=0.1689]
 Training FV-edg60000-s8-t2:  56%|█████▌    | 28/50 [00:09<00:06,  3.19it/s, Saved at =inf, TrLoss=0.1677]
 Training FV-edg60000-s8-t2:  58%|█████▊    | 29/50 [00:09<00:06,  3.19it/s, Saved at =inf, TrLoss=0.1677]
 Training FV-edg60000-s8-t2:  58%|█████▊    | 29/50 [00:09<00:06,  3.19it/s, Saved at =inf, TrLoss=0.1692]
 Training FV-edg60000-s8-t2:  60%|██████    | 30/50 [00:09<00:06,  3.19it/s, Saved at =inf, TrLoss=0.1692]
 Training FV-edg60000-s8-t2:  60%|██████    | 30/50 [00:09<00:06,  3.19it/s, Saved at =inf, TrLoss=0.1631]
 Training FV-edg60000-s8-t2:  62%|██████▏   | 31/50 [00:10<00:05,  3.19it/s, Saved at =inf, TrLoss=0.1631]
 Training FV-edg60000-s8-t2:  62%|██████▏   | 31/50 [00:10<00:05,  3.19it/s, Saved at =inf, TrLoss=0.1640]
 Training FV-edg60000-s8-t2:  64%|██████▍   | 32/50 [00:10<00:05,  3.19it/s, Saved at =inf, TrLoss=0.1640]
 Training FV-edg60000-s8-t2:  64%|██████▍   | 32/50 [00:10<00:05,  3.19it/s, Saved at =inf, TrLoss=0.1639]
 Training FV-edg60000-s8-t2:  66%|██████▌   | 33/50 [00:10<00:05,  3.19it/s, Saved at =inf, TrLoss=0.1639]
 Training FV-edg60000-s8-t2:  66%|██████▌   | 33/50 [00:10<00:05,  3.19it/s, Saved at =inf, TrLoss=0.1604]
 Training FV-edg60000-s8-t2:  68%|██████▊   | 34/50 [00:10<00:05,  3.19it/s, Saved at =inf, TrLoss=0.1604]
 Training FV-edg60000-s8-t2:  68%|██████▊   | 34/50 [00:11<00:05,  3.19it/s, Saved at =inf, TrLoss=0.1591]
 Training FV-edg60000-s8-t2:  70%|███████   | 35/50 [00:11<00:04,  3.20it/s, Saved at =inf, TrLoss=0.1591]
 Training FV-edg60000-s8-t2:  70%|███████   | 35/50 [00:11<00:04,  3.20it/s, Saved at =inf, TrLoss=0.1574]
 Training FV-edg60000-s8-t2:  72%|███████▏  | 36/50 [00:11<00:04,  3.20it/s, Saved at =inf, TrLoss=0.1574]
 Training FV-edg60000-s8-t2:  72%|███████▏  | 36/50 [00:11<00:04,  3.20it/s, Saved at =inf, TrLoss=0.1559]
 Training FV-edg60000-s8-t2:  74%|███████▍  | 37/50 [00:11<00:04,  3.20it/s, Saved at =inf, TrLoss=0.1559]
 Training FV-edg60000-s8-t2:  74%|███████▍  | 37/50 [00:12<00:04,  3.20it/s, Saved at =inf, TrLoss=0.1551]
 Training FV-edg60000-s8-t2:  76%|███████▌  | 38/50 [00:12<00:03,  3.20it/s, Saved at =inf, TrLoss=0.1551]
 Training FV-edg60000-s8-t2:  76%|███████▌  | 38/50 [00:12<00:03,  3.20it/s, Saved at =inf, TrLoss=0.1550]
 Training FV-edg60000-s8-t2:  78%|███████▊  | 39/50 [00:12<00:03,  3.20it/s, Saved at =inf, TrLoss=0.1550]
 Training FV-edg60000-s8-t2:  78%|███████▊  | 39/50 [00:12<00:03,  3.20it/s, Saved at =inf, TrLoss=0.1531]
 Training FV-edg60000-s8-t2:  80%|████████  | 40/50 [00:12<00:03,  3.19it/s, Saved at =inf, TrLoss=0.1531]
 Training FV-edg60000-s8-t2:  80%|████████  | 40/50 [00:13<00:03,  3.19it/s, Saved at =inf, TrLoss=0.1492]
 Training FV-edg60000-s8-t2:  82%|████████▏ | 41/50 [00:13<00:02,  3.19it/s, Saved at =inf, TrLoss=0.1492]
 Training FV-edg60000-s8-t2:  82%|████████▏ | 41/50 [00:13<00:02,  3.19it/s, Saved at =inf, TrLoss=0.1515]
 Training FV-edg60000-s8-t2:  84%|████████▍ | 42/50 [00:13<00:02,  3.19it/s, Saved at =inf, TrLoss=0.1515]
 Training FV-edg60000-s8-t2:  84%|████████▍ | 42/50 [00:13<00:02,  3.19it/s, Saved at =inf, TrLoss=0.1475]
 Training FV-edg60000-s8-t2:  86%|████████▌ | 43/50 [00:13<00:02,  3.19it/s, Saved at =inf, TrLoss=0.1475]
 Training FV-edg60000-s8-t2:  86%|████████▌ | 43/50 [00:13<00:02,  3.19it/s, Saved at =inf, TrLoss=0.1492]
 Training FV-edg60000-s8-t2:  88%|████████▊ | 44/50 [00:14<00:01,  3.19it/s, Saved at =inf, TrLoss=0.1492]
 Training FV-edg60000-s8-t2:  88%|████████▊ | 44/50 [00:14<00:01,  3.19it/s, Saved at =inf, TrLoss=0.1496]
 Training FV-edg60000-s8-t2:  90%|█████████ | 45/50 [00:14<00:01,  3.19it/s, Saved at =inf, TrLoss=0.1496]
 Training FV-edg60000-s8-t2:  90%|█████████ | 45/50 [00:14<00:01,  3.19it/s, Saved at =inf, TrLoss=0.1457]
 Training FV-edg60000-s8-t2:  92%|█████████▏| 46/50 [00:14<00:01,  3.19it/s, Saved at =inf, TrLoss=0.1457]
 Training FV-edg60000-s8-t2:  92%|█████████▏| 46/50 [00:14<00:01,  3.19it/s, Saved at =inf, TrLoss=0.1452]
 Training FV-edg60000-s8-t2:  94%|█████████▍| 47/50 [00:15<00:00,  3.19it/s, Saved at =inf, TrLoss=0.1452]
 Training FV-edg60000-s8-t2:  94%|█████████▍| 47/50 [00:15<00:00,  3.19it/s, Saved at =inf, TrLoss=0.1431]
 Training FV-edg60000-s8-t2:  96%|█████████▌| 48/50 [00:15<00:00,  3.19it/s, Saved at =inf, TrLoss=0.1431]
 Training FV-edg60000-s8-t2:  96%|█████████▌| 48/50 [00:15<00:00,  3.19it/s, Saved at =inf, TrLoss=0.1425]
 Training FV-edg60000-s8-t2:  98%|█████████▊| 49/50 [00:15<00:00,  3.19it/s, Saved at =inf, TrLoss=0.1425]
 Training FV-edg60000-s8-t2:  98%|█████████▊| 49/50 [00:15<00:00,  3.19it/s, Saved at =inf, TrLoss=0.1419]
 Training FV-edg60000-s8-t2: 100%|██████████| 50/50 [00:15<00:00,  3.19it/s, Saved at =inf, TrLoss=0.1419]
 Training FV-edg60000-s8-t2: 100%|██████████| 50/50 [00:15<00:00,  3.13it/s, Saved at =inf, TrLoss=0.1419]

 Training FV-edg60000-s8-t3:   0%|          | 0/50 [00:00<?, ?it/s]
 Training FV-edg60000-s8-t3:   0%|          | 0/50 [00:00<?, ?it/s, Saved at =inf, TrLoss=0.9903]
 Training FV-edg60000-s8-t3:   2%|▏         | 1/50 [00:00<00:21,  2.32it/s, Saved at =inf, TrLoss=0.9903]
 Training FV-edg60000-s8-t3:   2%|▏         | 1/50 [00:00<00:21,  2.32it/s, Saved at =inf, TrLoss=0.6864]
 Training FV-edg60000-s8-t3:   4%|▍         | 2/50 [00:00<00:20,  2.35it/s, Saved at =inf, TrLoss=0.6864]
 Training FV-edg60000-s8-t3:   4%|▍         | 2/50 [00:01<00:20,  2.35it/s, Saved at =inf, TrLoss=0.4682]
 Training FV-edg60000-s8-t3:   6%|▌         | 3/50 [00:01<00:19,  2.36it/s, Saved at =inf, TrLoss=0.4682]
 Training FV-edg60000-s8-t3:   6%|▌         | 3/50 [00:01<00:19,  2.36it/s, Saved at =inf, TrLoss=0.4004]
 Training FV-edg60000-s8-t3:   8%|▊         | 4/50 [00:01<00:19,  2.36it/s, Saved at =inf, TrLoss=0.4004]
 Training FV-edg60000-s8-t3:   8%|▊         | 4/50 [00:02<00:19,  2.36it/s, Saved at =inf, TrLoss=0.3911]
 Training FV-edg60000-s8-t3:  10%|█         | 5/50 [00:02<00:19,  2.36it/s, Saved at =inf, TrLoss=0.3911]
 Training FV-edg60000-s8-t3:  10%|█         | 5/50 [00:02<00:19,  2.36it/s, Saved at =inf, TrLoss=0.3601]
 Training FV-edg60000-s8-t3:  12%|█▏        | 6/50 [00:02<00:18,  2.37it/s, Saved at =inf, TrLoss=0.3601]
 Training FV-edg60000-s8-t3:  12%|█▏        | 6/50 [00:02<00:18,  2.37it/s, Saved at =inf, TrLoss=0.3218]
 Training FV-edg60000-s8-t3:  14%|█▍        | 7/50 [00:02<00:18,  2.37it/s, Saved at =inf, TrLoss=0.3218]
 Training FV-edg60000-s8-t3:  14%|█▍        | 7/50 [00:03<00:18,  2.37it/s, Saved at =inf, TrLoss=0.2797]
 Training FV-edg60000-s8-t3:  16%|█▌        | 8/50 [00:03<00:17,  2.37it/s, Saved at =inf, TrLoss=0.2797]
 Training FV-edg60000-s8-t3:  16%|█▌        | 8/50 [00:03<00:17,  2.37it/s, Saved at =inf, TrLoss=0.2666]
 Training FV-edg60000-s8-t3:  18%|█▊        | 9/50 [00:03<00:17,  2.37it/s, Saved at =inf, TrLoss=0.2666]
 Training FV-edg60000-s8-t3:  18%|█▊        | 9/50 [00:04<00:17,  2.37it/s, Saved at =inf, TrLoss=0.2602]
 Training FV-edg60000-s8-t3:  20%|██        | 10/50 [00:04<00:16,  2.37it/s, Saved at =inf, TrLoss=0.2602]
 Training FV-edg60000-s8-t3:  20%|██        | 10/50 [00:04<00:16,  2.37it/s, Saved at =inf, TrLoss=0.2517]
 Training FV-edg60000-s8-t3:  22%|██▏       | 11/50 [00:04<00:16,  2.37it/s, Saved at =inf, TrLoss=0.2517]
 Training FV-edg60000-s8-t3:  22%|██▏       | 11/50 [00:04<00:16,  2.37it/s, Saved at =inf, TrLoss=0.2412]
 Training FV-edg60000-s8-t3:  24%|██▍       | 12/50 [00:05<00:16,  2.37it/s, Saved at =inf, TrLoss=0.2412]
 Training FV-edg60000-s8-t3:  24%|██▍       | 12/50 [00:05<00:16,  2.37it/s, Saved at =inf, TrLoss=0.2293]
 Training FV-edg60000-s8-t3:  26%|██▌       | 13/50 [00:05<00:15,  2.37it/s, Saved at =inf, TrLoss=0.2293]
 Training FV-edg60000-s8-t3:  26%|██▌       | 13/50 [00:05<00:15,  2.37it/s, Saved at =inf, TrLoss=0.2237]
 Training FV-edg60000-s8-t3:  28%|██▊       | 14/50 [00:05<00:15,  2.36it/s, Saved at =inf, TrLoss=0.2237]
 Training FV-edg60000-s8-t3:  28%|██▊       | 14/50 [00:06<00:15,  2.36it/s, Saved at =inf, TrLoss=0.2225]
 Training FV-edg60000-s8-t3:  30%|███       | 15/50 [00:06<00:14,  2.36it/s, Saved at =inf, TrLoss=0.2225]
 Training FV-edg60000-s8-t3:  30%|███       | 15/50 [00:06<00:14,  2.36it/s, Saved at =inf, TrLoss=0.2165]
 Training FV-edg60000-s8-t3:  32%|███▏      | 16/50 [00:06<00:14,  2.37it/s, Saved at =inf, TrLoss=0.2165]
 Training FV-edg60000-s8-t3:  32%|███▏      | 16/50 [00:07<00:14,  2.37it/s, Saved at =inf, TrLoss=0.2107]
 Training FV-edg60000-s8-t3:  34%|███▍      | 17/50 [00:07<00:13,  2.37it/s, Saved at =inf, TrLoss=0.2107]
 Training FV-edg60000-s8-t3:  34%|███▍      | 17/50 [00:07<00:13,  2.37it/s, Saved at =inf, TrLoss=0.2047]
 Training FV-edg60000-s8-t3:  36%|███▌      | 18/50 [00:07<00:13,  2.37it/s, Saved at =inf, TrLoss=0.2047]
 Training FV-edg60000-s8-t3:  36%|███▌      | 18/50 [00:07<00:13,  2.37it/s, Saved at =inf, TrLoss=0.2019]
 Training FV-edg60000-s8-t3:  38%|███▊      | 19/50 [00:08<00:13,  2.37it/s, Saved at =inf, TrLoss=0.2019]
 Training FV-edg60000-s8-t3:  38%|███▊      | 19/50 [00:08<00:13,  2.37it/s, Saved at =inf, TrLoss=0.1974]
 Training FV-edg60000-s8-t3:  40%|████      | 20/50 [00:08<00:12,  2.37it/s, Saved at =inf, TrLoss=0.1974]
 Training FV-edg60000-s8-t3:  40%|████      | 20/50 [00:08<00:12,  2.37it/s, Saved at =inf, TrLoss=0.1967]
 Training FV-edg60000-s8-t3:  42%|████▏     | 21/50 [00:08<00:12,  2.37it/s, Saved at =inf, TrLoss=0.1967]
 Training FV-edg60000-s8-t3:  42%|████▏     | 21/50 [00:09<00:12,  2.37it/s, Saved at =inf, TrLoss=0.1935]
 Training FV-edg60000-s8-t3:  44%|████▍     | 22/50 [00:09<00:11,  2.37it/s, Saved at =inf, TrLoss=0.1935]
 Training FV-edg60000-s8-t3:  44%|████▍     | 22/50 [00:09<00:11,  2.37it/s, Saved at =inf, TrLoss=0.1880]
 Training FV-edg60000-s8-t3:  46%|████▌     | 23/50 [00:09<00:11,  2.37it/s, Saved at =inf, TrLoss=0.1880]
 Training FV-edg60000-s8-t3:  46%|████▌     | 23/50 [00:10<00:11,  2.37it/s, Saved at =inf, TrLoss=0.1845]
 Training FV-edg60000-s8-t3:  48%|████▊     | 24/50 [00:10<00:10,  2.37it/s, Saved at =inf, TrLoss=0.1845]
 Training FV-edg60000-s8-t3:  48%|████▊     | 24/50 [00:10<00:10,  2.37it/s, Saved at =inf, TrLoss=0.1834]
 Training FV-edg60000-s8-t3:  50%|█████     | 25/50 [00:10<00:10,  2.37it/s, Saved at =inf, TrLoss=0.1834]
 Training FV-edg60000-s8-t3:  50%|█████     | 25/50 [00:10<00:10,  2.37it/s, Saved at =inf, TrLoss=0.1805]
 Training FV-edg60000-s8-t3:  52%|█████▏    | 26/50 [00:10<00:10,  2.37it/s, Saved at =inf, TrLoss=0.1805]
 Training FV-edg60000-s8-t3:  52%|█████▏    | 26/50 [00:11<00:10,  2.37it/s, Saved at =inf, TrLoss=0.1789]
 Training FV-edg60000-s8-t3:  54%|█████▍    | 27/50 [00:11<00:09,  2.37it/s, Saved at =inf, TrLoss=0.1789]
 Training FV-edg60000-s8-t3:  54%|█████▍    | 27/50 [00:11<00:09,  2.37it/s, Saved at =inf, TrLoss=0.1795]
 Training FV-edg60000-s8-t3:  56%|█████▌    | 28/50 [00:11<00:09,  2.37it/s, Saved at =inf, TrLoss=0.1795]
 Training FV-edg60000-s8-t3:  56%|█████▌    | 28/50 [00:12<00:09,  2.37it/s, Saved at =inf, TrLoss=0.1734]
 Training FV-edg60000-s8-t3:  58%|█████▊    | 29/50 [00:12<00:08,  2.37it/s, Saved at =inf, TrLoss=0.1734]
 Training FV-edg60000-s8-t3:  58%|█████▊    | 29/50 [00:12<00:08,  2.37it/s, Saved at =inf, TrLoss=0.1732]
 Training FV-edg60000-s8-t3:  60%|██████    | 30/50 [00:12<00:08,  2.37it/s, Saved at =inf, TrLoss=0.1732]
 Training FV-edg60000-s8-t3:  60%|██████    | 30/50 [00:12<00:08,  2.37it/s, Saved at =inf, TrLoss=0.1704]
 Training FV-edg60000-s8-t3:  62%|██████▏   | 31/50 [00:13<00:08,  2.37it/s, Saved at =inf, TrLoss=0.1704]
 Training FV-edg60000-s8-t3:  62%|██████▏   | 31/50 [00:13<00:08,  2.37it/s, Saved at =inf, TrLoss=0.1696]
 Training FV-edg60000-s8-t3:  64%|██████▍   | 32/50 [00:13<00:07,  2.37it/s, Saved at =inf, TrLoss=0.1696]
 Training FV-edg60000-s8-t3:  64%|██████▍   | 32/50 [00:13<00:07,  2.37it/s, Saved at =inf, TrLoss=0.1663]
 Training FV-edg60000-s8-t3:  66%|██████▌   | 33/50 [00:13<00:07,  2.37it/s, Saved at =inf, TrLoss=0.1663]
 Training FV-edg60000-s8-t3:  66%|██████▌   | 33/50 [00:14<00:07,  2.37it/s, Saved at =inf, TrLoss=0.1650]
 Training FV-edg60000-s8-t3:  68%|██████▊   | 34/50 [00:14<00:06,  2.37it/s, Saved at =inf, TrLoss=0.1650]
 Training FV-edg60000-s8-t3:  68%|██████▊   | 34/50 [00:14<00:06,  2.37it/s, Saved at =inf, TrLoss=0.1639]
 Training FV-edg60000-s8-t3:  70%|███████   | 35/50 [00:14<00:06,  2.37it/s, Saved at =inf, TrLoss=0.1639]
 Training FV-edg60000-s8-t3:  70%|███████   | 35/50 [00:15<00:06,  2.37it/s, Saved at =inf, TrLoss=0.1595]
 Training FV-edg60000-s8-t3:  72%|███████▏  | 36/50 [00:15<00:05,  2.37it/s, Saved at =inf, TrLoss=0.1595]
 Training FV-edg60000-s8-t3:  72%|███████▏  | 36/50 [00:15<00:05,  2.37it/s, Saved at =inf, TrLoss=0.1562]
 Training FV-edg60000-s8-t3:  74%|███████▍  | 37/50 [00:15<00:05,  2.37it/s, Saved at =inf, TrLoss=0.1562]
 Training FV-edg60000-s8-t3:  74%|███████▍  | 37/50 [00:15<00:05,  2.37it/s, Saved at =inf, TrLoss=0.1574]
 Training FV-edg60000-s8-t3:  76%|███████▌  | 38/50 [00:16<00:05,  2.37it/s, Saved at =inf, TrLoss=0.1574]
 Training FV-edg60000-s8-t3:  76%|███████▌  | 38/50 [00:16<00:05,  2.37it/s, Saved at =inf, TrLoss=0.1579]
 Training FV-edg60000-s8-t3:  78%|███████▊  | 39/50 [00:16<00:04,  2.37it/s, Saved at =inf, TrLoss=0.1579]
 Training FV-edg60000-s8-t3:  78%|███████▊  | 39/50 [00:16<00:04,  2.37it/s, Saved at =inf, TrLoss=0.1685]
 Training FV-edg60000-s8-t3:  80%|████████  | 40/50 [00:16<00:04,  2.37it/s, Saved at =inf, TrLoss=0.1685]
 Training FV-edg60000-s8-t3:  80%|████████  | 40/50 [00:17<00:04,  2.37it/s, Saved at =inf, TrLoss=0.1770]
 Training FV-edg60000-s8-t3:  82%|████████▏ | 41/50 [00:17<00:03,  2.37it/s, Saved at =inf, TrLoss=0.1770]
 Training FV-edg60000-s8-t3:  82%|████████▏ | 41/50 [00:17<00:03,  2.37it/s, Saved at =inf, TrLoss=0.1576]
 Training FV-edg60000-s8-t3:  84%|████████▍ | 42/50 [00:17<00:03,  2.37it/s, Saved at =inf, TrLoss=0.1576]
 Training FV-edg60000-s8-t3:  84%|████████▍ | 42/50 [00:18<00:03,  2.37it/s, Saved at =inf, TrLoss=0.1567]
 Training FV-edg60000-s8-t3:  86%|████████▌ | 43/50 [00:18<00:02,  2.37it/s, Saved at =inf, TrLoss=0.1567]
 Training FV-edg60000-s8-t3:  86%|████████▌ | 43/50 [00:18<00:02,  2.37it/s, Saved at =inf, TrLoss=0.1649]
 Training FV-edg60000-s8-t3:  88%|████████▊ | 44/50 [00:18<00:02,  2.37it/s, Saved at =inf, TrLoss=0.1649]
 Training FV-edg60000-s8-t3:  88%|████████▊ | 44/50 [00:18<00:02,  2.37it/s, Saved at =inf, TrLoss=0.1499]
 Training FV-edg60000-s8-t3:  90%|█████████ | 45/50 [00:19<00:02,  2.37it/s, Saved at =inf, TrLoss=0.1499]
 Training FV-edg60000-s8-t3:  90%|█████████ | 45/50 [00:19<00:02,  2.37it/s, Saved at =inf, TrLoss=0.1603]
 Training FV-edg60000-s8-t3:  92%|█████████▏| 46/50 [00:19<00:01,  2.37it/s, Saved at =inf, TrLoss=0.1603]
 Training FV-edg60000-s8-t3:  92%|█████████▏| 46/50 [00:19<00:01,  2.37it/s, Saved at =inf, TrLoss=0.1495]
 Training FV-edg60000-s8-t3:  94%|█████████▍| 47/50 [00:19<00:01,  2.37it/s, Saved at =inf, TrLoss=0.1495]
 Training FV-edg60000-s8-t3:  94%|█████████▍| 47/50 [00:20<00:01,  2.37it/s, Saved at =inf, TrLoss=0.1552]
 Training FV-edg60000-s8-t3:  96%|█████████▌| 48/50 [00:20<00:00,  2.36it/s, Saved at =inf, TrLoss=0.1552]
 Training FV-edg60000-s8-t3:  96%|█████████▌| 48/50 [00:20<00:00,  2.36it/s, Saved at =inf, TrLoss=0.1476]
 Training FV-edg60000-s8-t3:  98%|█████████▊| 49/50 [00:20<00:00,  2.36it/s, Saved at =inf, TrLoss=0.1476]
 Training FV-edg60000-s8-t3:  98%|█████████▊| 49/50 [00:21<00:00,  2.36it/s, Saved at =inf, TrLoss=0.1551]
 Training FV-edg60000-s8-t3: 100%|██████████| 50/50 [00:21<00:00,  2.36it/s, Saved at =inf, TrLoss=0.1551]
 Training FV-edg60000-s8-t3: 100%|██████████| 50/50 [00:21<00:00,  2.37it/s, Saved at =inf, TrLoss=0.1551]

 Training FV-edg60000-s8-t4:   0%|          | 0/50 [00:00<?, ?it/s]
 Training FV-edg60000-s8-t4:   0%|          | 0/50 [00:00<?, ?it/s, Saved at =inf, TrLoss=0.7422]
 Training FV-edg60000-s8-t4:   2%|▏         | 1/50 [00:00<00:27,  1.77it/s, Saved at =inf, TrLoss=0.7422]
 Training FV-edg60000-s8-t4:   2%|▏         | 1/50 [00:00<00:27,  1.77it/s, Saved at =inf, TrLoss=0.7792]
 Training FV-edg60000-s8-t4:   4%|▍         | 2/50 [00:01<00:26,  1.79it/s, Saved at =inf, TrLoss=0.7792]
 Training FV-edg60000-s8-t4:   4%|▍         | 2/50 [00:01<00:26,  1.79it/s, Saved at =inf, TrLoss=0.4323]
 Training FV-edg60000-s8-t4:   6%|▌         | 3/50 [00:01<00:26,  1.80it/s, Saved at =inf, TrLoss=0.4323]
 Training FV-edg60000-s8-t4:   6%|▌         | 3/50 [00:02<00:26,  1.80it/s, Saved at =inf, TrLoss=0.5013]
 Training FV-edg60000-s8-t4:   8%|▊         | 4/50 [00:02<00:25,  1.80it/s, Saved at =inf, TrLoss=0.5013]
 Training FV-edg60000-s8-t4:   8%|▊         | 4/50 [00:02<00:25,  1.80it/s, Saved at =inf, TrLoss=0.4328]
 Training FV-edg60000-s8-t4:  10%|█         | 5/50 [00:02<00:24,  1.80it/s, Saved at =inf, TrLoss=0.4328]
 Training FV-edg60000-s8-t4:  10%|█         | 5/50 [00:03<00:24,  1.80it/s, Saved at =inf, TrLoss=0.3673]
 Training FV-edg60000-s8-t4:  12%|█▏        | 6/50 [00:03<00:24,  1.80it/s, Saved at =inf, TrLoss=0.3673]
 Training FV-edg60000-s8-t4:  12%|█▏        | 6/50 [00:03<00:24,  1.80it/s, Saved at =inf, TrLoss=0.3276]
 Training FV-edg60000-s8-t4:  14%|█▍        | 7/50 [00:03<00:23,  1.80it/s, Saved at =inf, TrLoss=0.3276]
 Training FV-edg60000-s8-t4:  14%|█▍        | 7/50 [00:04<00:23,  1.80it/s, Saved at =inf, TrLoss=0.3061]
 Training FV-edg60000-s8-t4:  16%|█▌        | 8/50 [00:04<00:23,  1.80it/s, Saved at =inf, TrLoss=0.3061]
 Training FV-edg60000-s8-t4:  16%|█▌        | 8/50 [00:04<00:23,  1.80it/s, Saved at =inf, TrLoss=0.2845]
 Training FV-edg60000-s8-t4:  18%|█▊        | 9/50 [00:04<00:22,  1.80it/s, Saved at =inf, TrLoss=0.2845]
 Training FV-edg60000-s8-t4:  18%|█▊        | 9/50 [00:05<00:22,  1.80it/s, Saved at =inf, TrLoss=0.2621]
 Training FV-edg60000-s8-t4:  20%|██        | 10/50 [00:05<00:22,  1.80it/s, Saved at =inf, TrLoss=0.2621]
 Training FV-edg60000-s8-t4:  20%|██        | 10/50 [00:05<00:22,  1.80it/s, Saved at =inf, TrLoss=0.2635]
 Training FV-edg60000-s8-t4:  22%|██▏       | 11/50 [00:06<00:21,  1.80it/s, Saved at =inf, TrLoss=0.2635]
 Training FV-edg60000-s8-t4:  22%|██▏       | 11/50 [00:06<00:21,  1.80it/s, Saved at =inf, TrLoss=0.2493]
 Training FV-edg60000-s8-t4:  24%|██▍       | 12/50 [00:06<00:21,  1.80it/s, Saved at =inf, TrLoss=0.2493]
 Training FV-edg60000-s8-t4:  24%|██▍       | 12/50 [00:07<00:21,  1.80it/s, Saved at =inf, TrLoss=0.2365]
 Training FV-edg60000-s8-t4:  26%|██▌       | 13/50 [00:07<00:20,  1.80it/s, Saved at =inf, TrLoss=0.2365]
 Training FV-edg60000-s8-t4:  26%|██▌       | 13/50 [00:07<00:20,  1.80it/s, Saved at =inf, TrLoss=0.2455]
 Training FV-edg60000-s8-t4:  28%|██▊       | 14/50 [00:07<00:19,  1.80it/s, Saved at =inf, TrLoss=0.2455]
 Training FV-edg60000-s8-t4:  28%|██▊       | 14/50 [00:08<00:19,  1.80it/s, Saved at =inf, TrLoss=0.2390]
 Training FV-edg60000-s8-t4:  30%|███       | 15/50 [00:08<00:19,  1.80it/s, Saved at =inf, TrLoss=0.2390]
 Training FV-edg60000-s8-t4:  30%|███       | 15/50 [00:08<00:19,  1.80it/s, Saved at =inf, TrLoss=0.2309]
 Training FV-edg60000-s8-t4:  32%|███▏      | 16/50 [00:08<00:18,  1.80it/s, Saved at =inf, TrLoss=0.2309]
 Training FV-edg60000-s8-t4:  32%|███▏      | 16/50 [00:09<00:18,  1.80it/s, Saved at =inf, TrLoss=0.2250]
 Training FV-edg60000-s8-t4:  34%|███▍      | 17/50 [00:09<00:18,  1.80it/s, Saved at =inf, TrLoss=0.2250]
 Training FV-edg60000-s8-t4:  34%|███▍      | 17/50 [00:09<00:18,  1.80it/s, Saved at =inf, TrLoss=0.2150]
 Training FV-edg60000-s8-t4:  36%|███▌      | 18/50 [00:09<00:17,  1.80it/s, Saved at =inf, TrLoss=0.2150]
 Training FV-edg60000-s8-t4:  36%|███▌      | 18/50 [00:10<00:17,  1.80it/s, Saved at =inf, TrLoss=0.2122]
 Training FV-edg60000-s8-t4:  38%|███▊      | 19/50 [00:10<00:17,  1.80it/s, Saved at =inf, TrLoss=0.2122]
 Training FV-edg60000-s8-t4:  38%|███▊      | 19/50 [00:10<00:17,  1.80it/s, Saved at =inf, TrLoss=0.2066]
 Training FV-edg60000-s8-t4:  40%|████      | 20/50 [00:11<00:16,  1.80it/s, Saved at =inf, TrLoss=0.2066]
 Training FV-edg60000-s8-t4:  40%|████      | 20/50 [00:11<00:16,  1.80it/s, Saved at =inf, TrLoss=0.2046]
 Training FV-edg60000-s8-t4:  42%|████▏     | 21/50 [00:11<00:16,  1.80it/s, Saved at =inf, TrLoss=0.2046]
 Training FV-edg60000-s8-t4:  42%|████▏     | 21/50 [00:12<00:16,  1.80it/s, Saved at =inf, TrLoss=0.2027]
 Training FV-edg60000-s8-t4:  44%|████▍     | 22/50 [00:12<00:15,  1.80it/s, Saved at =inf, TrLoss=0.2027]
 Training FV-edg60000-s8-t4:  44%|████▍     | 22/50 [00:12<00:15,  1.80it/s, Saved at =inf, TrLoss=0.2006]
 Training FV-edg60000-s8-t4:  46%|████▌     | 23/50 [00:12<00:14,  1.80it/s, Saved at =inf, TrLoss=0.2006]
 Training FV-edg60000-s8-t4:  46%|████▌     | 23/50 [00:13<00:14,  1.80it/s, Saved at =inf, TrLoss=0.1981]
 Training FV-edg60000-s8-t4:  48%|████▊     | 24/50 [00:13<00:14,  1.80it/s, Saved at =inf, TrLoss=0.1981]
 Training FV-edg60000-s8-t4:  48%|████▊     | 24/50 [00:13<00:14,  1.80it/s, Saved at =inf, TrLoss=0.1930]
 Training FV-edg60000-s8-t4:  50%|█████     | 25/50 [00:13<00:13,  1.80it/s, Saved at =inf, TrLoss=0.1930]
 Training FV-edg60000-s8-t4:  50%|█████     | 25/50 [00:14<00:13,  1.80it/s, Saved at =inf, TrLoss=0.1888]
 Training FV-edg60000-s8-t4:  52%|█████▏    | 26/50 [00:14<00:13,  1.80it/s, Saved at =inf, TrLoss=0.1888]
 Training FV-edg60000-s8-t4:  52%|█████▏    | 26/50 [00:14<00:13,  1.80it/s, Saved at =inf, TrLoss=0.1860]
 Training FV-edg60000-s8-t4:  54%|█████▍    | 27/50 [00:14<00:12,  1.80it/s, Saved at =inf, TrLoss=0.1860]
 Training FV-edg60000-s8-t4:  54%|█████▍    | 27/50 [00:15<00:12,  1.80it/s, Saved at =inf, TrLoss=0.1854]
 Training FV-edg60000-s8-t4:  56%|█████▌    | 28/50 [00:15<00:12,  1.80it/s, Saved at =inf, TrLoss=0.1854]
 Training FV-edg60000-s8-t4:  56%|█████▌    | 28/50 [00:15<00:12,  1.80it/s, Saved at =inf, TrLoss=0.1816]
 Training FV-edg60000-s8-t4:  58%|█████▊    | 29/50 [00:16<00:11,  1.80it/s, Saved at =inf, TrLoss=0.1816]
 Training FV-edg60000-s8-t4:  58%|█████▊    | 29/50 [00:16<00:11,  1.80it/s, Saved at =inf, TrLoss=0.1806]
 Training FV-edg60000-s8-t4:  60%|██████    | 30/50 [00:16<00:11,  1.80it/s, Saved at =inf, TrLoss=0.1806]
 Training FV-edg60000-s8-t4:  60%|██████    | 30/50 [00:17<00:11,  1.80it/s, Saved at =inf, TrLoss=0.1779]
 Training FV-edg60000-s8-t4:  62%|██████▏   | 31/50 [00:17<00:10,  1.80it/s, Saved at =inf, TrLoss=0.1779]
 Training FV-edg60000-s8-t4:  62%|██████▏   | 31/50 [00:17<00:10,  1.80it/s, Saved at =inf, TrLoss=0.1778]
 Training FV-edg60000-s8-t4:  64%|██████▍   | 32/50 [00:17<00:09,  1.80it/s, Saved at =inf, TrLoss=0.1778]
 Training FV-edg60000-s8-t4:  64%|██████▍   | 32/50 [00:18<00:09,  1.80it/s, Saved at =inf, TrLoss=0.1735]
 Training FV-edg60000-s8-t4:  66%|██████▌   | 33/50 [00:18<00:09,  1.80it/s, Saved at =inf, TrLoss=0.1735]
 Training FV-edg60000-s8-t4:  66%|██████▌   | 33/50 [00:18<00:09,  1.80it/s, Saved at =inf, TrLoss=0.1718]
 Training FV-edg60000-s8-t4:  68%|██████▊   | 34/50 [00:18<00:08,  1.80it/s, Saved at =inf, TrLoss=0.1718]
 Training FV-edg60000-s8-t4:  68%|██████▊   | 34/50 [00:19<00:08,  1.80it/s, Saved at =inf, TrLoss=0.1707]
 Training FV-edg60000-s8-t4:  70%|███████   | 35/50 [00:19<00:08,  1.80it/s, Saved at =inf, TrLoss=0.1707]
 Training FV-edg60000-s8-t4:  70%|███████   | 35/50 [00:19<00:08,  1.80it/s, Saved at =inf, TrLoss=0.1680]
 Training FV-edg60000-s8-t4:  72%|███████▏  | 36/50 [00:19<00:07,  1.80it/s, Saved at =inf, TrLoss=0.1680]
 Training FV-edg60000-s8-t4:  72%|███████▏  | 36/50 [00:20<00:07,  1.80it/s, Saved at =inf, TrLoss=0.1654]
 Training FV-edg60000-s8-t4:  74%|███████▍  | 37/50 [00:20<00:07,  1.80it/s, Saved at =inf, TrLoss=0.1654]
 Training FV-edg60000-s8-t4:  74%|███████▍  | 37/50 [00:20<00:07,  1.80it/s, Saved at =inf, TrLoss=0.1649]
 Training FV-edg60000-s8-t4:  76%|███████▌  | 38/50 [00:21<00:06,  1.80it/s, Saved at =inf, TrLoss=0.1649]
 Training FV-edg60000-s8-t4:  76%|███████▌  | 38/50 [00:21<00:06,  1.80it/s, Saved at =inf, TrLoss=0.1619]
 Training FV-edg60000-s8-t4:  78%|███████▊  | 39/50 [00:21<00:06,  1.80it/s, Saved at =inf, TrLoss=0.1619]
 Training FV-edg60000-s8-t4:  78%|███████▊  | 39/50 [00:22<00:06,  1.80it/s, Saved at =inf, TrLoss=0.1608]
 Training FV-edg60000-s8-t4:  80%|████████  | 40/50 [00:22<00:05,  1.80it/s, Saved at =inf, TrLoss=0.1608]
 Training FV-edg60000-s8-t4:  80%|████████  | 40/50 [00:22<00:05,  1.80it/s, Saved at =inf, TrLoss=0.1598]
 Training FV-edg60000-s8-t4:  82%|████████▏ | 41/50 [00:22<00:04,  1.80it/s, Saved at =inf, TrLoss=0.1598]
 Training FV-edg60000-s8-t4:  82%|████████▏ | 41/50 [00:23<00:04,  1.80it/s, Saved at =inf, TrLoss=0.1623]
 Training FV-edg60000-s8-t4:  84%|████████▍ | 42/50 [00:23<00:04,  1.80it/s, Saved at =inf, TrLoss=0.1623]
 Training FV-edg60000-s8-t4:  84%|████████▍ | 42/50 [00:23<00:04,  1.80it/s, Saved at =inf, TrLoss=0.1637]
 Training FV-edg60000-s8-t4:  86%|████████▌ | 43/50 [00:23<00:03,  1.80it/s, Saved at =inf, TrLoss=0.1637]
 Training FV-edg60000-s8-t4:  86%|████████▌ | 43/50 [00:24<00:03,  1.80it/s, Saved at =inf, TrLoss=0.1596]
 Training FV-edg60000-s8-t4:  88%|████████▊ | 44/50 [00:24<00:03,  1.80it/s, Saved at =inf, TrLoss=0.1596]
 Training FV-edg60000-s8-t4:  88%|████████▊ | 44/50 [00:24<00:03,  1.80it/s, Saved at =inf, TrLoss=0.1550]
 Training FV-edg60000-s8-t4:  90%|█████████ | 45/50 [00:24<00:02,  1.80it/s, Saved at =inf, TrLoss=0.1550]
 Training FV-edg60000-s8-t4:  90%|█████████ | 45/50 [00:25<00:02,  1.80it/s, Saved at =inf, TrLoss=0.1573]
 Training FV-edg60000-s8-t4:  92%|█████████▏| 46/50 [00:25<00:02,  1.80it/s, Saved at =inf, TrLoss=0.1573]
 Training FV-edg60000-s8-t4:  92%|█████████▏| 46/50 [00:25<00:02,  1.80it/s, Saved at =inf, TrLoss=0.1623]
 Training FV-edg60000-s8-t4:  94%|█████████▍| 47/50 [00:26<00:01,  1.80it/s, Saved at =inf, TrLoss=0.1623]
 Training FV-edg60000-s8-t4:  94%|█████████▍| 47/50 [00:26<00:01,  1.80it/s, Saved at =inf, TrLoss=0.1589]
 Training FV-edg60000-s8-t4:  96%|█████████▌| 48/50 [00:26<00:01,  1.80it/s, Saved at =inf, TrLoss=0.1589]
 Training FV-edg60000-s8-t4:  96%|█████████▌| 48/50 [00:27<00:01,  1.80it/s, Saved at =inf, TrLoss=0.1531]
 Training FV-edg60000-s8-t4:  98%|█████████▊| 49/50 [00:27<00:00,  1.80it/s, Saved at =inf, TrLoss=0.1531]
 Training FV-edg60000-s8-t4:  98%|█████████▊| 49/50 [00:27<00:00,  1.80it/s, Saved at =inf, TrLoss=0.1550]
 Training FV-edg60000-s8-t4: 100%|██████████| 50/50 [00:27<00:00,  1.80it/s, Saved at =inf, TrLoss=0.1550]
 Training FV-edg60000-s8-t4: 100%|██████████| 50/50 [00:27<00:00,  1.80it/s, Saved at =inf, TrLoss=0.1550]

 Training FV-edg60000-s8-t5:   0%|          | 0/50 [00:00<?, ?it/s]
 Training FV-edg60000-s8-t5:   0%|          | 0/50 [00:00<?, ?it/s, Saved at =inf, TrLoss=0.6683]
 Training FV-edg60000-s8-t5:   2%|▏         | 1/50 [00:00<00:34,  1.40it/s, Saved at =inf, TrLoss=0.6683]
 Training FV-edg60000-s8-t5:   2%|▏         | 1/50 [00:01<00:34,  1.40it/s, Saved at =inf, TrLoss=0.4489]
 Training FV-edg60000-s8-t5:   4%|▍         | 2/50 [00:01<00:33,  1.42it/s, Saved at =inf, TrLoss=0.4489]
 Training FV-edg60000-s8-t5:   4%|▍         | 2/50 [00:01<00:33,  1.42it/s, Saved at =inf, TrLoss=0.8655]
 Training FV-edg60000-s8-t5:   6%|▌         | 3/50 [00:02<00:33,  1.42it/s, Saved at =inf, TrLoss=0.8655]
 Training FV-edg60000-s8-t5:   6%|▌         | 3/50 [00:02<00:33,  1.42it/s, Saved at =inf, TrLoss=0.3632]
 Training FV-edg60000-s8-t5:   8%|▊         | 4/50 [00:02<00:32,  1.43it/s, Saved at =inf, TrLoss=0.3632]
 Training FV-edg60000-s8-t5:   8%|▊         | 4/50 [00:03<00:32,  1.43it/s, Saved at =inf, TrLoss=0.4817]
 Training FV-edg60000-s8-t5:  10%|█         | 5/50 [00:03<00:31,  1.43it/s, Saved at =inf, TrLoss=0.4817]
 Training FV-edg60000-s8-t5:  10%|█         | 5/50 [00:04<00:31,  1.43it/s, Saved at =inf, TrLoss=0.3887]
 Training FV-edg60000-s8-t5:  12%|█▏        | 6/50 [00:04<00:30,  1.43it/s, Saved at =inf, TrLoss=0.3887]
 Training FV-edg60000-s8-t5:  12%|█▏        | 6/50 [00:04<00:30,  1.43it/s, Saved at =inf, TrLoss=0.3554]
 Training FV-edg60000-s8-t5:  14%|█▍        | 7/50 [00:04<00:30,  1.43it/s, Saved at =inf, TrLoss=0.3554]
 Training FV-edg60000-s8-t5:  14%|█▍        | 7/50 [00:05<00:30,  1.43it/s, Saved at =inf, TrLoss=0.3633]
 Training FV-edg60000-s8-t5:  16%|█▌        | 8/50 [00:05<00:29,  1.43it/s, Saved at =inf, TrLoss=0.3633]
 Training FV-edg60000-s8-t5:  16%|█▌        | 8/50 [00:06<00:29,  1.43it/s, Saved at =inf, TrLoss=0.3558]
 Training FV-edg60000-s8-t5:  18%|█▊        | 9/50 [00:06<00:28,  1.43it/s, Saved at =inf, TrLoss=0.3558]
 Training FV-edg60000-s8-t5:  18%|█▊        | 9/50 [00:06<00:28,  1.43it/s, Saved at =inf, TrLoss=0.3220]
 Training FV-edg60000-s8-t5:  20%|██        | 10/50 [00:07<00:27,  1.43it/s, Saved at =inf, TrLoss=0.3220]
 Training FV-edg60000-s8-t5:  20%|██        | 10/50 [00:07<00:27,  1.43it/s, Saved at =inf, TrLoss=0.2831]
 Training FV-edg60000-s8-t5:  22%|██▏       | 11/50 [00:07<00:27,  1.43it/s, Saved at =inf, TrLoss=0.2831]
 Training FV-edg60000-s8-t5:  22%|██▏       | 11/50 [00:08<00:27,  1.43it/s, Saved at =inf, TrLoss=0.2740]
 Training FV-edg60000-s8-t5:  24%|██▍       | 12/50 [00:08<00:26,  1.43it/s, Saved at =inf, TrLoss=0.2740]
 Training FV-edg60000-s8-t5:  24%|██▍       | 12/50 [00:08<00:26,  1.43it/s, Saved at =inf, TrLoss=0.2828]
 Training FV-edg60000-s8-t5:  26%|██▌       | 13/50 [00:09<00:25,  1.43it/s, Saved at =inf, TrLoss=0.2828]
 Training FV-edg60000-s8-t5:  26%|██▌       | 13/50 [00:09<00:25,  1.43it/s, Saved at =inf, TrLoss=0.2569]
 Training FV-edg60000-s8-t5:  28%|██▊       | 14/50 [00:09<00:25,  1.43it/s, Saved at =inf, TrLoss=0.2569]
 Training FV-edg60000-s8-t5:  28%|██▊       | 14/50 [00:10<00:25,  1.43it/s, Saved at =inf, TrLoss=0.2398]
 Training FV-edg60000-s8-t5:  30%|███       | 15/50 [00:10<00:24,  1.43it/s, Saved at =inf, TrLoss=0.2398]
 Training FV-edg60000-s8-t5:  30%|███       | 15/50 [00:11<00:24,  1.43it/s, Saved at =inf, TrLoss=0.2471]
 Training FV-edg60000-s8-t5:  32%|███▏      | 16/50 [00:11<00:23,  1.43it/s, Saved at =inf, TrLoss=0.2471]
 Training FV-edg60000-s8-t5:  32%|███▏      | 16/50 [00:11<00:23,  1.43it/s, Saved at =inf, TrLoss=0.2332]
 Training FV-edg60000-s8-t5:  34%|███▍      | 17/50 [00:11<00:23,  1.43it/s, Saved at =inf, TrLoss=0.2332]
 Training FV-edg60000-s8-t5:  34%|███▍      | 17/50 [00:12<00:23,  1.43it/s, Saved at =inf, TrLoss=0.2277]
 Training FV-edg60000-s8-t5:  36%|███▌      | 18/50 [00:12<00:22,  1.43it/s, Saved at =inf, TrLoss=0.2277]
 Training FV-edg60000-s8-t5:  36%|███▌      | 18/50 [00:13<00:22,  1.43it/s, Saved at =inf, TrLoss=0.2368]
 Training FV-edg60000-s8-t5:  38%|███▊      | 19/50 [00:13<00:21,  1.43it/s, Saved at =inf, TrLoss=0.2368]
 Training FV-edg60000-s8-t5:  38%|███▊      | 19/50 [00:13<00:21,  1.43it/s, Saved at =inf, TrLoss=0.2244]
 Training FV-edg60000-s8-t5:  40%|████      | 20/50 [00:14<00:21,  1.43it/s, Saved at =inf, TrLoss=0.2244]
 Training FV-edg60000-s8-t5:  40%|████      | 20/50 [00:14<00:21,  1.43it/s, Saved at =inf, TrLoss=0.2156]
 Training FV-edg60000-s8-t5:  42%|████▏     | 21/50 [00:14<00:20,  1.43it/s, Saved at =inf, TrLoss=0.2156]
 Training FV-edg60000-s8-t5:  42%|████▏     | 21/50 [00:15<00:20,  1.43it/s, Saved at =inf, TrLoss=0.2205]
 Training FV-edg60000-s8-t5:  44%|████▍     | 22/50 [00:15<00:19,  1.43it/s, Saved at =inf, TrLoss=0.2205]
 Training FV-edg60000-s8-t5:  44%|████▍     | 22/50 [00:15<00:19,  1.43it/s, Saved at =inf, TrLoss=0.2160]
 Training FV-edg60000-s8-t5:  46%|████▌     | 23/50 [00:16<00:18,  1.43it/s, Saved at =inf, TrLoss=0.2160]
 Training FV-edg60000-s8-t5:  46%|████▌     | 23/50 [00:16<00:18,  1.43it/s, Saved at =inf, TrLoss=0.2071]
 Training FV-edg60000-s8-t5:  48%|████▊     | 24/50 [00:16<00:18,  1.43it/s, Saved at =inf, TrLoss=0.2071]
 Training FV-edg60000-s8-t5:  48%|████▊     | 24/50 [00:17<00:18,  1.43it/s, Saved at =inf, TrLoss=0.2129]
 Training FV-edg60000-s8-t5:  50%|█████     | 25/50 [00:17<00:17,  1.43it/s, Saved at =inf, TrLoss=0.2129]
 Training FV-edg60000-s8-t5:  50%|█████     | 25/50 [00:18<00:17,  1.43it/s, Saved at =inf, TrLoss=0.2084]
 Training FV-edg60000-s8-t5:  52%|█████▏    | 26/50 [00:18<00:16,  1.43it/s, Saved at =inf, TrLoss=0.2084]
 Training FV-edg60000-s8-t5:  52%|█████▏    | 26/50 [00:18<00:16,  1.43it/s, Saved at =inf, TrLoss=0.2003]
 Training FV-edg60000-s8-t5:  54%|█████▍    | 27/50 [00:18<00:16,  1.43it/s, Saved at =inf, TrLoss=0.2003]
 Training FV-edg60000-s8-t5:  54%|█████▍    | 27/50 [00:19<00:16,  1.43it/s, Saved at =inf, TrLoss=0.2034]
 Training FV-edg60000-s8-t5:  56%|█████▌    | 28/50 [00:19<00:15,  1.43it/s, Saved at =inf, TrLoss=0.2034]
 Training FV-edg60000-s8-t5:  56%|█████▌    | 28/50 [00:20<00:15,  1.43it/s, Saved at =inf, TrLoss=0.2005]
 Training FV-edg60000-s8-t5:  58%|█████▊    | 29/50 [00:20<00:14,  1.43it/s, Saved at =inf, TrLoss=0.2005]
 Training FV-edg60000-s8-t5:  58%|█████▊    | 29/50 [00:20<00:14,  1.43it/s, Saved at =inf, TrLoss=0.1965]
 Training FV-edg60000-s8-t5:  60%|██████    | 30/50 [00:21<00:13,  1.43it/s, Saved at =inf, TrLoss=0.1965]
 Training FV-edg60000-s8-t5:  60%|██████    | 30/50 [00:21<00:13,  1.43it/s, Saved at =inf, TrLoss=0.1936]
 Training FV-edg60000-s8-t5:  62%|██████▏   | 31/50 [00:21<00:13,  1.43it/s, Saved at =inf, TrLoss=0.1936]
 Training FV-edg60000-s8-t5:  62%|██████▏   | 31/50 [00:22<00:13,  1.43it/s, Saved at =inf, TrLoss=0.1973]
 Training FV-edg60000-s8-t5:  64%|██████▍   | 32/50 [00:22<00:12,  1.43it/s, Saved at =inf, TrLoss=0.1973]
 Training FV-edg60000-s8-t5:  64%|██████▍   | 32/50 [00:22<00:12,  1.43it/s, Saved at =inf, TrLoss=0.1916]
 Training FV-edg60000-s8-t5:  66%|██████▌   | 33/50 [00:23<00:11,  1.43it/s, Saved at =inf, TrLoss=0.1916]
 Training FV-edg60000-s8-t5:  66%|██████▌   | 33/50 [00:23<00:11,  1.43it/s, Saved at =inf, TrLoss=0.1881]
 Training FV-edg60000-s8-t5:  68%|██████▊   | 34/50 [00:23<00:11,  1.43it/s, Saved at =inf, TrLoss=0.1881]
 Training FV-edg60000-s8-t5:  68%|██████▊   | 34/50 [00:24<00:11,  1.43it/s, Saved at =inf, TrLoss=0.1920]
 Training FV-edg60000-s8-t5:  70%|███████   | 35/50 [00:24<00:10,  1.43it/s, Saved at =inf, TrLoss=0.1920]
 Training FV-edg60000-s8-t5:  70%|███████   | 35/50 [00:25<00:10,  1.43it/s, Saved at =inf, TrLoss=0.1854]
 Training FV-edg60000-s8-t5:  72%|███████▏  | 36/50 [00:25<00:09,  1.43it/s, Saved at =inf, TrLoss=0.1854]
 Training FV-edg60000-s8-t5:  72%|███████▏  | 36/50 [00:25<00:09,  1.43it/s, Saved at =inf, TrLoss=0.1842]
 Training FV-edg60000-s8-t5:  74%|███████▍  | 37/50 [00:25<00:09,  1.43it/s, Saved at =inf, TrLoss=0.1842]
 Training FV-edg60000-s8-t5:  74%|███████▍  | 37/50 [00:26<00:09,  1.43it/s, Saved at =inf, TrLoss=0.1842]
 Training FV-edg60000-s8-t5:  76%|███████▌  | 38/50 [00:26<00:08,  1.43it/s, Saved at =inf, TrLoss=0.1842]
 Training FV-edg60000-s8-t5:  76%|███████▌  | 38/50 [00:27<00:08,  1.43it/s, Saved at =inf, TrLoss=0.1806]
 Training FV-edg60000-s8-t5:  78%|███████▊  | 39/50 [00:27<00:07,  1.43it/s, Saved at =inf, TrLoss=0.1806]
 Training FV-edg60000-s8-t5:  78%|███████▊  | 39/50 [00:27<00:07,  1.43it/s, Saved at =inf, TrLoss=0.1809]
 Training FV-edg60000-s8-t5:  80%|████████  | 40/50 [00:27<00:06,  1.43it/s, Saved at =inf, TrLoss=0.1809]
 Training FV-edg60000-s8-t5:  80%|████████  | 40/50 [00:28<00:06,  1.43it/s, Saved at =inf, TrLoss=0.1773]
 Training FV-edg60000-s8-t5:  82%|████████▏ | 41/50 [00:28<00:06,  1.43it/s, Saved at =inf, TrLoss=0.1773]
 Training FV-edg60000-s8-t5:  82%|████████▏ | 41/50 [00:29<00:06,  1.43it/s, Saved at =inf, TrLoss=0.1775]
 Training FV-edg60000-s8-t5:  84%|████████▍ | 42/50 [00:29<00:05,  1.43it/s, Saved at =inf, TrLoss=0.1775]
 Training FV-edg60000-s8-t5:  84%|████████▍ | 42/50 [00:29<00:05,  1.43it/s, Saved at =inf, TrLoss=0.1743]
 Training FV-edg60000-s8-t5:  86%|████████▌ | 43/50 [00:30<00:04,  1.43it/s, Saved at =inf, TrLoss=0.1743]
 Training FV-edg60000-s8-t5:  86%|████████▌ | 43/50 [00:30<00:04,  1.43it/s, Saved at =inf, TrLoss=0.1737]
 Training FV-edg60000-s8-t5:  88%|████████▊ | 44/50 [00:30<00:04,  1.43it/s, Saved at =inf, TrLoss=0.1737]
 Training FV-edg60000-s8-t5:  88%|████████▊ | 44/50 [00:31<00:04,  1.43it/s, Saved at =inf, TrLoss=0.1709]
 Training FV-edg60000-s8-t5:  90%|█████████ | 45/50 [00:31<00:03,  1.43it/s, Saved at =inf, TrLoss=0.1709]
 Training FV-edg60000-s8-t5:  90%|█████████ | 45/50 [00:32<00:03,  1.43it/s, Saved at =inf, TrLoss=0.1699]
 Training FV-edg60000-s8-t5:  92%|█████████▏| 46/50 [00:32<00:02,  1.43it/s, Saved at =inf, TrLoss=0.1699]
 Training FV-edg60000-s8-t5:  92%|█████████▏| 46/50 [00:32<00:02,  1.43it/s, Saved at =inf, TrLoss=0.1679]
 Training FV-edg60000-s8-t5:  94%|█████████▍| 47/50 [00:32<00:02,  1.43it/s, Saved at =inf, TrLoss=0.1679]
 Training FV-edg60000-s8-t5:  94%|█████████▍| 47/50 [00:33<00:02,  1.43it/s, Saved at =inf, TrLoss=0.1655]
 Training FV-edg60000-s8-t5:  96%|█████████▌| 48/50 [00:33<00:01,  1.43it/s, Saved at =inf, TrLoss=0.1655]
 Training FV-edg60000-s8-t5:  96%|█████████▌| 48/50 [00:34<00:01,  1.43it/s, Saved at =inf, TrLoss=0.1669]
 Training FV-edg60000-s8-t5:  98%|█████████▊| 49/50 [00:34<00:00,  1.43it/s, Saved at =inf, TrLoss=0.1669]
 Training FV-edg60000-s8-t5:  98%|█████████▊| 49/50 [00:34<00:00,  1.43it/s, Saved at =inf, TrLoss=0.1639]
 Training FV-edg60000-s8-t5: 100%|██████████| 50/50 [00:34<00:00,  1.43it/s, Saved at =inf, TrLoss=0.1639]
 Training FV-edg60000-s8-t5: 100%|██████████| 50/50 [00:34<00:00,  1.43it/s, Saved at =inf, TrLoss=0.1639]

 Training FV-edg60000-s8-t6:   0%|          | 0/50 [00:00<?, ?it/s]
 Training FV-edg60000-s8-t6:   0%|          | 0/50 [00:00<?, ?it/s, Saved at =inf, TrLoss=0.7714]
 Training FV-edg60000-s8-t6:   2%|▏         | 1/50 [00:00<00:42,  1.14it/s, Saved at =inf, TrLoss=0.7714]
 Training FV-edg60000-s8-t6:   2%|▏         | 1/50 [00:01<00:42,  1.14it/s, Saved at =inf, TrLoss=1.2066]
 Training FV-edg60000-s8-t6:   4%|▍         | 2/50 [00:01<00:41,  1.15it/s, Saved at =inf, TrLoss=1.2066]
 Training FV-edg60000-s8-t6:   4%|▍         | 2/50 [00:02<00:41,  1.15it/s, Saved at =inf, TrLoss=0.4940]
 Training FV-edg60000-s8-t6:   6%|▌         | 3/50 [00:02<00:40,  1.16it/s, Saved at =inf, TrLoss=0.4940]
 Training FV-edg60000-s8-t6:   6%|▌         | 3/50 [00:03<00:40,  1.16it/s, Saved at =inf, TrLoss=0.5877]
 Training FV-edg60000-s8-t6:   8%|▊         | 4/50 [00:03<00:39,  1.16it/s, Saved at =inf, TrLoss=0.5877]
 Training FV-edg60000-s8-t6:   8%|▊         | 4/50 [00:04<00:39,  1.16it/s, Saved at =inf, TrLoss=0.4678]
 Training FV-edg60000-s8-t6:  10%|█         | 5/50 [00:04<00:38,  1.16it/s, Saved at =inf, TrLoss=0.4678]
 Training FV-edg60000-s8-t6:  10%|█         | 5/50 [00:05<00:38,  1.16it/s, Saved at =inf, TrLoss=0.4076]
 Training FV-edg60000-s8-t6:  12%|█▏        | 6/50 [00:05<00:37,  1.16it/s, Saved at =inf, TrLoss=0.4076]
 Training FV-edg60000-s8-t6:  12%|█▏        | 6/50 [00:05<00:37,  1.16it/s, Saved at =inf, TrLoss=0.4299]
 Training FV-edg60000-s8-t6:  14%|█▍        | 7/50 [00:06<00:37,  1.16it/s, Saved at =inf, TrLoss=0.4299]
 Training FV-edg60000-s8-t6:  14%|█▍        | 7/50 [00:06<00:37,  1.16it/s, Saved at =inf, TrLoss=0.4472]
 Training FV-edg60000-s8-t6:  16%|█▌        | 8/50 [00:06<00:36,  1.16it/s, Saved at =inf, TrLoss=0.4472]
 Training FV-edg60000-s8-t6:  16%|█▌        | 8/50 [00:07<00:36,  1.16it/s, Saved at =inf, TrLoss=0.4359]
 Training FV-edg60000-s8-t6:  18%|█▊        | 9/50 [00:07<00:35,  1.16it/s, Saved at =inf, TrLoss=0.4359]
 Training FV-edg60000-s8-t6:  18%|█▊        | 9/50 [00:08<00:35,  1.16it/s, Saved at =inf, TrLoss=0.3994]
 Training FV-edg60000-s8-t6:  20%|██        | 10/50 [00:08<00:34,  1.16it/s, Saved at =inf, TrLoss=0.3994]
 Training FV-edg60000-s8-t6:  20%|██        | 10/50 [00:09<00:34,  1.16it/s, Saved at =inf, TrLoss=0.3701]
 Training FV-edg60000-s8-t6:  22%|██▏       | 11/50 [00:09<00:33,  1.16it/s, Saved at =inf, TrLoss=0.3701]
 Training FV-edg60000-s8-t6:  22%|██▏       | 11/50 [00:10<00:33,  1.16it/s, Saved at =inf, TrLoss=0.3464]
 Training FV-edg60000-s8-t6:  24%|██▍       | 12/50 [00:10<00:32,  1.16it/s, Saved at =inf, TrLoss=0.3464]
 Training FV-edg60000-s8-t6:  24%|██▍       | 12/50 [00:11<00:32,  1.16it/s, Saved at =inf, TrLoss=0.3429]
 Training FV-edg60000-s8-t6:  26%|██▌       | 13/50 [00:11<00:31,  1.16it/s, Saved at =inf, TrLoss=0.3429]
 Training FV-edg60000-s8-t6:  26%|██▌       | 13/50 [00:11<00:31,  1.16it/s, Saved at =inf, TrLoss=0.3391]
 Training FV-edg60000-s8-t6:  28%|██▊       | 14/50 [00:12<00:30,  1.16it/s, Saved at =inf, TrLoss=0.3391]
 Training FV-edg60000-s8-t6:  28%|██▊       | 14/50 [00:12<00:30,  1.16it/s, Saved at =inf, TrLoss=0.3166]
 Training FV-edg60000-s8-t6:  30%|███       | 15/50 [00:12<00:30,  1.16it/s, Saved at =inf, TrLoss=0.3166]
 Training FV-edg60000-s8-t6:  30%|███       | 15/50 [00:13<00:30,  1.16it/s, Saved at =inf, TrLoss=0.2930]
 Training FV-edg60000-s8-t6:  32%|███▏      | 16/50 [00:13<00:29,  1.16it/s, Saved at =inf, TrLoss=0.2930]
 Training FV-edg60000-s8-t6:  32%|███▏      | 16/50 [00:14<00:29,  1.16it/s, Saved at =inf, TrLoss=0.2873]
 Training FV-edg60000-s8-t6:  34%|███▍      | 17/50 [00:14<00:28,  1.16it/s, Saved at =inf, TrLoss=0.2873]
 Training FV-edg60000-s8-t6:  34%|███▍      | 17/50 [00:15<00:28,  1.16it/s, Saved at =inf, TrLoss=0.2941]
 Training FV-edg60000-s8-t6:  36%|███▌      | 18/50 [00:15<00:27,  1.16it/s, Saved at =inf, TrLoss=0.2941]
 Training FV-edg60000-s8-t6:  36%|███▌      | 18/50 [00:16<00:27,  1.16it/s, Saved at =inf, TrLoss=0.2805]
 Training FV-edg60000-s8-t6:  38%|███▊      | 19/50 [00:16<00:26,  1.16it/s, Saved at =inf, TrLoss=0.2805]
 Training FV-edg60000-s8-t6:  38%|███▊      | 19/50 [00:17<00:26,  1.16it/s, Saved at =inf, TrLoss=0.2669]
 Training FV-edg60000-s8-t6:  40%|████      | 20/50 [00:17<00:25,  1.16it/s, Saved at =inf, TrLoss=0.2669]
 Training FV-edg60000-s8-t6:  40%|████      | 20/50 [00:17<00:25,  1.16it/s, Saved at =inf, TrLoss=0.2774]
 Training FV-edg60000-s8-t6:  42%|████▏     | 21/50 [00:18<00:24,  1.16it/s, Saved at =inf, TrLoss=0.2774]
 Training FV-edg60000-s8-t6:  42%|████▏     | 21/50 [00:18<00:24,  1.16it/s, Saved at =inf, TrLoss=0.2629]
 Training FV-edg60000-s8-t6:  44%|████▍     | 22/50 [00:18<00:24,  1.16it/s, Saved at =inf, TrLoss=0.2629]
 Training FV-edg60000-s8-t6:  44%|████▍     | 22/50 [00:19<00:24,  1.16it/s, Saved at =inf, TrLoss=0.2459]
 Training FV-edg60000-s8-t6:  46%|████▌     | 23/50 [00:19<00:23,  1.16it/s, Saved at =inf, TrLoss=0.2459]
 Training FV-edg60000-s8-t6:  46%|████▌     | 23/50 [00:20<00:23,  1.16it/s, Saved at =inf, TrLoss=0.2469]
 Training FV-edg60000-s8-t6:  48%|████▊     | 24/50 [00:20<00:22,  1.16it/s, Saved at =inf, TrLoss=0.2469]
 Training FV-edg60000-s8-t6:  48%|████▊     | 24/50 [00:21<00:22,  1.16it/s, Saved at =inf, TrLoss=0.2403]
 Training FV-edg60000-s8-t6:  50%|█████     | 25/50 [00:21<00:21,  1.16it/s, Saved at =inf, TrLoss=0.2403]
 Training FV-edg60000-s8-t6:  50%|█████     | 25/50 [00:22<00:21,  1.16it/s, Saved at =inf, TrLoss=0.2295]
 Training FV-edg60000-s8-t6:  52%|█████▏    | 26/50 [00:22<00:20,  1.16it/s, Saved at =inf, TrLoss=0.2295]
 Training FV-edg60000-s8-t6:  52%|█████▏    | 26/50 [00:23<00:20,  1.16it/s, Saved at =inf, TrLoss=0.2308]
 Training FV-edg60000-s8-t6:  54%|█████▍    | 27/50 [00:23<00:19,  1.16it/s, Saved at =inf, TrLoss=0.2308]
 Training FV-edg60000-s8-t6:  54%|█████▍    | 27/50 [00:23<00:19,  1.16it/s, Saved at =inf, TrLoss=0.2286]
 Training FV-edg60000-s8-t6:  56%|█████▌    | 28/50 [00:24<00:18,  1.16it/s, Saved at =inf, TrLoss=0.2286]
 Training FV-edg60000-s8-t6:  56%|█████▌    | 28/50 [00:24<00:18,  1.16it/s, Saved at =inf, TrLoss=0.2195]
 Training FV-edg60000-s8-t6:  58%|█████▊    | 29/50 [00:24<00:18,  1.16it/s, Saved at =inf, TrLoss=0.2195]
 Training FV-edg60000-s8-t6:  58%|█████▊    | 29/50 [00:25<00:18,  1.16it/s, Saved at =inf, TrLoss=0.2219]
 Training FV-edg60000-s8-t6:  60%|██████    | 30/50 [00:25<00:17,  1.16it/s, Saved at =inf, TrLoss=0.2219]
 Training FV-edg60000-s8-t6:  60%|██████    | 30/50 [00:26<00:17,  1.16it/s, Saved at =inf, TrLoss=0.2174]
 Training FV-edg60000-s8-t6:  62%|██████▏   | 31/50 [00:26<00:16,  1.16it/s, Saved at =inf, TrLoss=0.2174]
 Training FV-edg60000-s8-t6:  62%|██████▏   | 31/50 [00:27<00:16,  1.16it/s, Saved at =inf, TrLoss=0.2124]
 Training FV-edg60000-s8-t6:  64%|██████▍   | 32/50 [00:27<00:15,  1.16it/s, Saved at =inf, TrLoss=0.2124]
 Training FV-edg60000-s8-t6:  64%|██████▍   | 32/50 [00:28<00:15,  1.16it/s, Saved at =inf, TrLoss=0.2118]
 Training FV-edg60000-s8-t6:  66%|██████▌   | 33/50 [00:28<00:14,  1.16it/s, Saved at =inf, TrLoss=0.2118]
 Training FV-edg60000-s8-t6:  66%|██████▌   | 33/50 [00:29<00:14,  1.16it/s, Saved at =inf, TrLoss=0.2087]
 Training FV-edg60000-s8-t6:  68%|██████▊   | 34/50 [00:29<00:13,  1.16it/s, Saved at =inf, TrLoss=0.2087]
 Training FV-edg60000-s8-t6:  68%|██████▊   | 34/50 [00:29<00:13,  1.16it/s, Saved at =inf, TrLoss=0.2047]
 Training FV-edg60000-s8-t6:  70%|███████   | 35/50 [00:30<00:12,  1.16it/s, Saved at =inf, TrLoss=0.2047]
 Training FV-edg60000-s8-t6:  70%|███████   | 35/50 [00:30<00:12,  1.16it/s, Saved at =inf, TrLoss=0.2031]
 Training FV-edg60000-s8-t6:  72%|███████▏  | 36/50 [00:31<00:12,  1.16it/s, Saved at =inf, TrLoss=0.2031]
 Training FV-edg60000-s8-t6:  72%|███████▏  | 36/50 [00:31<00:12,  1.16it/s, Saved at =inf, TrLoss=0.1981]
 Training FV-edg60000-s8-t6:  74%|███████▍  | 37/50 [00:31<00:11,  1.16it/s, Saved at =inf, TrLoss=0.1981]
 Training FV-edg60000-s8-t6:  74%|███████▍  | 37/50 [00:32<00:11,  1.16it/s, Saved at =inf, TrLoss=0.1955]
 Training FV-edg60000-s8-t6:  76%|███████▌  | 38/50 [00:32<00:10,  1.16it/s, Saved at =inf, TrLoss=0.1955]
 Training FV-edg60000-s8-t6:  76%|███████▌  | 38/50 [00:33<00:10,  1.16it/s, Saved at =inf, TrLoss=0.1963]
 Training FV-edg60000-s8-t6:  78%|███████▊  | 39/50 [00:33<00:09,  1.16it/s, Saved at =inf, TrLoss=0.1963]
 Training FV-edg60000-s8-t6:  78%|███████▊  | 39/50 [00:34<00:09,  1.16it/s, Saved at =inf, TrLoss=0.1904]
 Training FV-edg60000-s8-t6:  80%|████████  | 40/50 [00:34<00:08,  1.16it/s, Saved at =inf, TrLoss=0.1904]
 Training FV-edg60000-s8-t6:  80%|████████  | 40/50 [00:35<00:08,  1.16it/s, Saved at =inf, TrLoss=0.1887]
 Training FV-edg60000-s8-t6:  82%|████████▏ | 41/50 [00:35<00:07,  1.16it/s, Saved at =inf, TrLoss=0.1887]
 Training FV-edg60000-s8-t6:  82%|████████▏ | 41/50 [00:35<00:07,  1.16it/s, Saved at =inf, TrLoss=0.1867]
 Training FV-edg60000-s8-t6:  84%|████████▍ | 42/50 [00:36<00:06,  1.16it/s, Saved at =inf, TrLoss=0.1867]
 Training FV-edg60000-s8-t6:  84%|████████▍ | 42/50 [00:36<00:06,  1.16it/s, Saved at =inf, TrLoss=0.1866]
 Training FV-edg60000-s8-t6:  86%|████████▌ | 43/50 [00:37<00:06,  1.16it/s, Saved at =inf, TrLoss=0.1866]
 Training FV-edg60000-s8-t6:  86%|████████▌ | 43/50 [00:37<00:06,  1.16it/s, Saved at =inf, TrLoss=0.1838]
 Training FV-edg60000-s8-t6:  88%|████████▊ | 44/50 [00:37<00:05,  1.16it/s, Saved at =inf, TrLoss=0.1838]
 Training FV-edg60000-s8-t6:  88%|████████▊ | 44/50 [00:38<00:05,  1.16it/s, Saved at =inf, TrLoss=0.1811]
 Training FV-edg60000-s8-t6:  90%|█████████ | 45/50 [00:38<00:04,  1.16it/s, Saved at =inf, TrLoss=0.1811]
 Training FV-edg60000-s8-t6:  90%|█████████ | 45/50 [00:39<00:04,  1.16it/s, Saved at =inf, TrLoss=0.1795]
 Training FV-edg60000-s8-t6:  92%|█████████▏| 46/50 [00:39<00:03,  1.16it/s, Saved at =inf, TrLoss=0.1795]
 Training FV-edg60000-s8-t6:  92%|█████████▏| 46/50 [00:40<00:03,  1.16it/s, Saved at =inf, TrLoss=0.1754]
 Training FV-edg60000-s8-t6:  94%|█████████▍| 47/50 [00:40<00:02,  1.16it/s, Saved at =inf, TrLoss=0.1754]
 Training FV-edg60000-s8-t6:  94%|█████████▍| 47/50 [00:41<00:02,  1.16it/s, Saved at =inf, TrLoss=0.1748]
 Training FV-edg60000-s8-t6:  96%|█████████▌| 48/50 [00:41<00:01,  1.16it/s, Saved at =inf, TrLoss=0.1748]
 Training FV-edg60000-s8-t6:  96%|█████████▌| 48/50 [00:42<00:01,  1.16it/s, Saved at =inf, TrLoss=0.1746]
 Training FV-edg60000-s8-t6:  98%|█████████▊| 49/50 [00:42<00:00,  1.16it/s, Saved at =inf, TrLoss=0.1746]
 Training FV-edg60000-s8-t6:  98%|█████████▊| 49/50 [00:42<00:00,  1.16it/s, Saved at =inf, TrLoss=0.1720]
 Training FV-edg60000-s8-t6: 100%|██████████| 50/50 [00:43<00:00,  1.16it/s, Saved at =inf, TrLoss=0.1720]
 Training FV-edg60000-s8-t6: 100%|██████████| 50/50 [00:43<00:00,  1.16it/s, Saved at =inf, TrLoss=0.1720]

 Training FV-edg60000-s8-t7:   0%|          | 0/50 [00:00<?, ?it/s]
 Training FV-edg60000-s8-t7:   0%|          | 0/50 [00:00<?, ?it/s, Saved at =inf, TrLoss=0.6843]
 Training FV-edg60000-s8-t7:   2%|▏         | 1/50 [00:01<00:51,  1.05s/it, Saved at =inf, TrLoss=0.6843]
 Training FV-edg60000-s8-t7:   2%|▏         | 1/50 [00:01<00:51,  1.05s/it, Saved at =inf, TrLoss=1.0470]
 Training FV-edg60000-s8-t7:   4%|▍         | 2/50 [00:02<00:49,  1.04s/it, Saved at =inf, TrLoss=1.0470]
 Training FV-edg60000-s8-t7:   4%|▍         | 2/50 [00:02<00:49,  1.04s/it, Saved at =inf, TrLoss=0.4795]
 Training FV-edg60000-s8-t7:   6%|▌         | 3/50 [00:03<00:48,  1.04s/it, Saved at =inf, TrLoss=0.4795]
 Training FV-edg60000-s8-t7:   6%|▌         | 3/50 [00:03<00:48,  1.04s/it, Saved at =inf, TrLoss=0.5365]
 Training FV-edg60000-s8-t7:   8%|▊         | 4/50 [00:04<00:47,  1.03s/it, Saved at =inf, TrLoss=0.5365]
 Training FV-edg60000-s8-t7:   8%|▊         | 4/50 [00:04<00:47,  1.03s/it, Saved at =inf, TrLoss=0.5063]
 Training FV-edg60000-s8-t7:  10%|█         | 5/50 [00:05<00:46,  1.03s/it, Saved at =inf, TrLoss=0.5063]
 Training FV-edg60000-s8-t7:  10%|█         | 5/50 [00:06<00:46,  1.03s/it, Saved at =inf, TrLoss=0.4321]
 Training FV-edg60000-s8-t7:  12%|█▏        | 6/50 [00:06<00:45,  1.03s/it, Saved at =inf, TrLoss=0.4321]
 Training FV-edg60000-s8-t7:  12%|█▏        | 6/50 [00:07<00:45,  1.03s/it, Saved at =inf, TrLoss=0.4280]
 Training FV-edg60000-s8-t7:  14%|█▍        | 7/50 [00:07<00:44,  1.03s/it, Saved at =inf, TrLoss=0.4280]
 Training FV-edg60000-s8-t7:  14%|█▍        | 7/50 [00:08<00:44,  1.03s/it, Saved at =inf, TrLoss=0.4286]
 Training FV-edg60000-s8-t7:  16%|█▌        | 8/50 [00:08<00:43,  1.03s/it, Saved at =inf, TrLoss=0.4286]
 Training FV-edg60000-s8-t7:  16%|█▌        | 8/50 [00:09<00:43,  1.03s/it, Saved at =inf, TrLoss=0.4005]
 Training FV-edg60000-s8-t7:  18%|█▊        | 9/50 [00:09<00:42,  1.03s/it, Saved at =inf, TrLoss=0.4005]
 Training FV-edg60000-s8-t7:  18%|█▊        | 9/50 [00:10<00:42,  1.03s/it, Saved at =inf, TrLoss=0.3546]
 Training FV-edg60000-s8-t7:  20%|██        | 10/50 [00:10<00:41,  1.03s/it, Saved at =inf, TrLoss=0.3546]
 Training FV-edg60000-s8-t7:  20%|██        | 10/50 [00:11<00:41,  1.03s/it, Saved at =inf, TrLoss=0.3186]
 Training FV-edg60000-s8-t7:  22%|██▏       | 11/50 [00:11<00:40,  1.03s/it, Saved at =inf, TrLoss=0.3186]
 Training FV-edg60000-s8-t7:  22%|██▏       | 11/50 [00:12<00:40,  1.03s/it, Saved at =inf, TrLoss=0.3071]
 Training FV-edg60000-s8-t7:  24%|██▍       | 12/50 [00:12<00:39,  1.03s/it, Saved at =inf, TrLoss=0.3071]
 Training FV-edg60000-s8-t7:  24%|██▍       | 12/50 [00:13<00:39,  1.03s/it, Saved at =inf, TrLoss=0.2836]
 Training FV-edg60000-s8-t7:  26%|██▌       | 13/50 [00:13<00:38,  1.03s/it, Saved at =inf, TrLoss=0.2836]
 Training FV-edg60000-s8-t7:  26%|██▌       | 13/50 [00:14<00:38,  1.03s/it, Saved at =inf, TrLoss=0.2764]
 Training FV-edg60000-s8-t7:  28%|██▊       | 14/50 [00:14<00:37,  1.03s/it, Saved at =inf, TrLoss=0.2764]
 Training FV-edg60000-s8-t7:  28%|██▊       | 14/50 [00:15<00:37,  1.03s/it, Saved at =inf, TrLoss=0.2736]
 Training FV-edg60000-s8-t7:  30%|███       | 15/50 [00:15<00:36,  1.03s/it, Saved at =inf, TrLoss=0.2736]
 Training FV-edg60000-s8-t7:  30%|███       | 15/50 [00:16<00:36,  1.03s/it, Saved at =inf, TrLoss=0.2582]
 Training FV-edg60000-s8-t7:  32%|███▏      | 16/50 [00:16<00:35,  1.03s/it, Saved at =inf, TrLoss=0.2582]
 Training FV-edg60000-s8-t7:  32%|███▏      | 16/50 [00:17<00:35,  1.03s/it, Saved at =inf, TrLoss=0.2579]
 Training FV-edg60000-s8-t7:  34%|███▍      | 17/50 [00:17<00:34,  1.03s/it, Saved at =inf, TrLoss=0.2579]
 Training FV-edg60000-s8-t7:  34%|███▍      | 17/50 [00:18<00:34,  1.03s/it, Saved at =inf, TrLoss=0.2449]
 Training FV-edg60000-s8-t7:  36%|███▌      | 18/50 [00:18<00:33,  1.03s/it, Saved at =inf, TrLoss=0.2449]
 Training FV-edg60000-s8-t7:  36%|███▌      | 18/50 [00:19<00:33,  1.03s/it, Saved at =inf, TrLoss=0.2419]
 Training FV-edg60000-s8-t7:  38%|███▊      | 19/50 [00:19<00:31,  1.03s/it, Saved at =inf, TrLoss=0.2419]
 Training FV-edg60000-s8-t7:  38%|███▊      | 19/50 [00:20<00:31,  1.03s/it, Saved at =inf, TrLoss=0.2241]
 Training FV-edg60000-s8-t7:  40%|████      | 20/50 [00:20<00:30,  1.03s/it, Saved at =inf, TrLoss=0.2241]
 Training FV-edg60000-s8-t7:  40%|████      | 20/50 [00:21<00:30,  1.03s/it, Saved at =inf, TrLoss=0.2223]
 Training FV-edg60000-s8-t7:  42%|████▏     | 21/50 [00:21<00:29,  1.03s/it, Saved at =inf, TrLoss=0.2223]
 Training FV-edg60000-s8-t7:  42%|████▏     | 21/50 [00:22<00:29,  1.03s/it, Saved at =inf, TrLoss=0.2122]
 Training FV-edg60000-s8-t7:  44%|████▍     | 22/50 [00:22<00:28,  1.03s/it, Saved at =inf, TrLoss=0.2122]
 Training FV-edg60000-s8-t7:  44%|████▍     | 22/50 [00:23<00:28,  1.03s/it, Saved at =inf, TrLoss=0.2123]
 Training FV-edg60000-s8-t7:  46%|████▌     | 23/50 [00:23<00:27,  1.03s/it, Saved at =inf, TrLoss=0.2123]
 Training FV-edg60000-s8-t7:  46%|████▌     | 23/50 [00:24<00:27,  1.03s/it, Saved at =inf, TrLoss=0.2071]
 Training FV-edg60000-s8-t7:  48%|████▊     | 24/50 [00:24<00:26,  1.03s/it, Saved at =inf, TrLoss=0.2071]
 Training FV-edg60000-s8-t7:  48%|████▊     | 24/50 [00:25<00:26,  1.03s/it, Saved at =inf, TrLoss=0.2024]
 Training FV-edg60000-s8-t7:  50%|█████     | 25/50 [00:25<00:25,  1.03s/it, Saved at =inf, TrLoss=0.2024]
 Training FV-edg60000-s8-t7:  50%|█████     | 25/50 [00:26<00:25,  1.03s/it, Saved at =inf, TrLoss=0.2028]
 Training FV-edg60000-s8-t7:  52%|█████▏    | 26/50 [00:26<00:24,  1.03s/it, Saved at =inf, TrLoss=0.2028]
 Training FV-edg60000-s8-t7:  52%|█████▏    | 26/50 [00:27<00:24,  1.03s/it, Saved at =inf, TrLoss=0.1948]
 Training FV-edg60000-s8-t7:  54%|█████▍    | 27/50 [00:27<00:23,  1.03s/it, Saved at =inf, TrLoss=0.1948]
 Training FV-edg60000-s8-t7:  54%|█████▍    | 27/50 [00:28<00:23,  1.03s/it, Saved at =inf, TrLoss=0.2005]
 Training FV-edg60000-s8-t7:  56%|█████▌    | 28/50 [00:28<00:22,  1.03s/it, Saved at =inf, TrLoss=0.2005]
 Training FV-edg60000-s8-t7:  56%|█████▌    | 28/50 [00:29<00:22,  1.03s/it, Saved at =inf, TrLoss=0.1917]
 Training FV-edg60000-s8-t7:  58%|█████▊    | 29/50 [00:29<00:21,  1.03s/it, Saved at =inf, TrLoss=0.1917]
 Training FV-edg60000-s8-t7:  58%|█████▊    | 29/50 [00:30<00:21,  1.03s/it, Saved at =inf, TrLoss=0.1922]
 Training FV-edg60000-s8-t7:  60%|██████    | 30/50 [00:30<00:20,  1.03s/it, Saved at =inf, TrLoss=0.1922]
 Training FV-edg60000-s8-t7:  60%|██████    | 30/50 [00:31<00:20,  1.03s/it, Saved at =inf, TrLoss=0.1935]
 Training FV-edg60000-s8-t7:  62%|██████▏   | 31/50 [00:31<00:19,  1.03s/it, Saved at =inf, TrLoss=0.1935]
 Training FV-edg60000-s8-t7:  62%|██████▏   | 31/50 [00:32<00:19,  1.03s/it, Saved at =inf, TrLoss=0.1861]
 Training FV-edg60000-s8-t7:  64%|██████▍   | 32/50 [00:33<00:18,  1.03s/it, Saved at =inf, TrLoss=0.1861]
 Training FV-edg60000-s8-t7:  64%|██████▍   | 32/50 [00:33<00:18,  1.03s/it, Saved at =inf, TrLoss=0.1888]
 Training FV-edg60000-s8-t7:  66%|██████▌   | 33/50 [00:34<00:17,  1.03s/it, Saved at =inf, TrLoss=0.1888]
 Training FV-edg60000-s8-t7:  66%|██████▌   | 33/50 [00:34<00:17,  1.03s/it, Saved at =inf, TrLoss=0.1868]
 Training FV-edg60000-s8-t7:  68%|██████▊   | 34/50 [00:35<00:16,  1.03s/it, Saved at =inf, TrLoss=0.1868]
 Training FV-edg60000-s8-t7:  68%|██████▊   | 34/50 [00:35<00:16,  1.03s/it, Saved at =inf, TrLoss=0.1811]
 Training FV-edg60000-s8-t7:  70%|███████   | 35/50 [00:36<00:15,  1.03s/it, Saved at =inf, TrLoss=0.1811]
 Training FV-edg60000-s8-t7:  70%|███████   | 35/50 [00:36<00:15,  1.03s/it, Saved at =inf, TrLoss=0.1832]
 Training FV-edg60000-s8-t7:  72%|███████▏  | 36/50 [00:37<00:14,  1.03s/it, Saved at =inf, TrLoss=0.1832]
 Training FV-edg60000-s8-t7:  72%|███████▏  | 36/50 [00:37<00:14,  1.03s/it, Saved at =inf, TrLoss=0.1794]
 Training FV-edg60000-s8-t7:  74%|███████▍  | 37/50 [00:38<00:13,  1.03s/it, Saved at =inf, TrLoss=0.1794]
 Training FV-edg60000-s8-t7:  74%|███████▍  | 37/50 [00:38<00:13,  1.03s/it, Saved at =inf, TrLoss=0.1770]
 Training FV-edg60000-s8-t7:  76%|███████▌  | 38/50 [00:39<00:12,  1.03s/it, Saved at =inf, TrLoss=0.1770]
 Training FV-edg60000-s8-t7:  76%|███████▌  | 38/50 [00:40<00:12,  1.03s/it, Saved at =inf, TrLoss=0.1803]
 Training FV-edg60000-s8-t7:  78%|███████▊  | 39/50 [00:40<00:11,  1.03s/it, Saved at =inf, TrLoss=0.1803]
 Training FV-edg60000-s8-t7:  78%|███████▊  | 39/50 [00:41<00:11,  1.03s/it, Saved at =inf, TrLoss=0.1750]
 Training FV-edg60000-s8-t7:  80%|████████  | 40/50 [00:41<00:10,  1.03s/it, Saved at =inf, TrLoss=0.1750]
 Training FV-edg60000-s8-t7:  80%|████████  | 40/50 [00:42<00:10,  1.03s/it, Saved at =inf, TrLoss=0.1749]
 Training FV-edg60000-s8-t7:  82%|████████▏ | 41/50 [00:42<00:09,  1.03s/it, Saved at =inf, TrLoss=0.1749]
 Training FV-edg60000-s8-t7:  82%|████████▏ | 41/50 [00:43<00:09,  1.03s/it, Saved at =inf, TrLoss=0.1747]
 Training FV-edg60000-s8-t7:  84%|████████▍ | 42/50 [00:43<00:08,  1.03s/it, Saved at =inf, TrLoss=0.1747]
 Training FV-edg60000-s8-t7:  84%|████████▍ | 42/50 [00:44<00:08,  1.03s/it, Saved at =inf, TrLoss=0.1711]
 Training FV-edg60000-s8-t7:  86%|████████▌ | 43/50 [00:44<00:07,  1.03s/it, Saved at =inf, TrLoss=0.1711]
 Training FV-edg60000-s8-t7:  86%|████████▌ | 43/50 [00:45<00:07,  1.03s/it, Saved at =inf, TrLoss=0.1743]
 Training FV-edg60000-s8-t7:  88%|████████▊ | 44/50 [00:45<00:06,  1.03s/it, Saved at =inf, TrLoss=0.1743]
 Training FV-edg60000-s8-t7:  88%|████████▊ | 44/50 [00:46<00:06,  1.03s/it, Saved at =inf, TrLoss=0.1719]
 Training FV-edg60000-s8-t7:  90%|█████████ | 45/50 [00:46<00:05,  1.03s/it, Saved at =inf, TrLoss=0.1719]
 Training FV-edg60000-s8-t7:  90%|█████████ | 45/50 [00:47<00:05,  1.03s/it, Saved at =inf, TrLoss=0.1697]
 Training FV-edg60000-s8-t7:  92%|█████████▏| 46/50 [00:47<00:04,  1.03s/it, Saved at =inf, TrLoss=0.1697]
 Training FV-edg60000-s8-t7:  92%|█████████▏| 46/50 [00:48<00:04,  1.03s/it, Saved at =inf, TrLoss=0.1713]
 Training FV-edg60000-s8-t7:  94%|█████████▍| 47/50 [00:48<00:03,  1.03s/it, Saved at =inf, TrLoss=0.1713]
 Training FV-edg60000-s8-t7:  94%|█████████▍| 47/50 [00:49<00:03,  1.03s/it, Saved at =inf, TrLoss=0.1670]
 Training FV-edg60000-s8-t7:  96%|█████████▌| 48/50 [00:49<00:02,  1.03s/it, Saved at =inf, TrLoss=0.1670]
 Training FV-edg60000-s8-t7:  96%|█████████▌| 48/50 [00:50<00:02,  1.03s/it, Saved at =inf, TrLoss=0.1685]
 Training FV-edg60000-s8-t7:  98%|█████████▊| 49/50 [00:50<00:01,  1.03s/it, Saved at =inf, TrLoss=0.1685]
 Training FV-edg60000-s8-t7:  98%|█████████▊| 49/50 [00:51<00:01,  1.03s/it, Saved at =inf, TrLoss=0.1681]
 Training FV-edg60000-s8-t7: 100%|██████████| 50/50 [00:51<00:00,  1.03s/it, Saved at =inf, TrLoss=0.1681]
 Training FV-edg60000-s8-t7: 100%|██████████| 50/50 [00:51<00:00,  1.03s/it, Saved at =inf, TrLoss=0.1681]

 Training FV-edg60000-s8-t8:   0%|          | 0/50 [00:00<?, ?it/s]
 Training FV-edg60000-s8-t8:   0%|          | 0/50 [00:01<?, ?it/s, Saved at =inf, TrLoss=1.0352]
 Training FV-edg60000-s8-t8:   2%|▏         | 1/50 [00:01<01:00,  1.24s/it, Saved at =inf, TrLoss=1.0352]
 Training FV-edg60000-s8-t8:   2%|▏         | 1/50 [00:02<01:00,  1.24s/it, Saved at =inf, TrLoss=0.7471]
 Training FV-edg60000-s8-t8:   4%|▍         | 2/50 [00:02<00:58,  1.22s/it, Saved at =inf, TrLoss=0.7471]
 Training FV-edg60000-s8-t8:   4%|▍         | 2/50 [00:03<00:58,  1.22s/it, Saved at =inf, TrLoss=0.5653]
 Training FV-edg60000-s8-t8:   6%|▌         | 3/50 [00:03<00:57,  1.22s/it, Saved at =inf, TrLoss=0.5653]
 Training FV-edg60000-s8-t8:   6%|▌         | 3/50 [00:04<00:57,  1.22s/it, Saved at =inf, TrLoss=0.5334]
 Training FV-edg60000-s8-t8:   8%|▊         | 4/50 [00:04<00:55,  1.22s/it, Saved at =inf, TrLoss=0.5334]
 Training FV-edg60000-s8-t8:   8%|▊         | 4/50 [00:05<00:55,  1.22s/it, Saved at =inf, TrLoss=0.4744]
 Training FV-edg60000-s8-t8:  10%|█         | 5/50 [00:06<00:54,  1.21s/it, Saved at =inf, TrLoss=0.4744]
 Training FV-edg60000-s8-t8:  10%|█         | 5/50 [00:07<00:54,  1.21s/it, Saved at =inf, TrLoss=0.4166]
 Training FV-edg60000-s8-t8:  12%|█▏        | 6/50 [00:07<00:53,  1.21s/it, Saved at =inf, TrLoss=0.4166]
 Training FV-edg60000-s8-t8:  12%|█▏        | 6/50 [00:08<00:53,  1.21s/it, Saved at =inf, TrLoss=0.4073]
 Training FV-edg60000-s8-t8:  14%|█▍        | 7/50 [00:08<00:52,  1.21s/it, Saved at =inf, TrLoss=0.4073]
 Training FV-edg60000-s8-t8:  14%|█▍        | 7/50 [00:09<00:52,  1.21s/it, Saved at =inf, TrLoss=0.3736]
 Training FV-edg60000-s8-t8:  16%|█▌        | 8/50 [00:09<00:50,  1.21s/it, Saved at =inf, TrLoss=0.3736]
 Training FV-edg60000-s8-t8:  16%|█▌        | 8/50 [00:10<00:50,  1.21s/it, Saved at =inf, TrLoss=0.3587]
 Training FV-edg60000-s8-t8:  18%|█▊        | 9/50 [00:10<00:49,  1.21s/it, Saved at =inf, TrLoss=0.3587]
 Training FV-edg60000-s8-t8:  18%|█▊        | 9/50 [00:11<00:49,  1.21s/it, Saved at =inf, TrLoss=0.3514]
 Training FV-edg60000-s8-t8:  20%|██        | 10/50 [00:12<00:48,  1.21s/it, Saved at =inf, TrLoss=0.3514]
 Training FV-edg60000-s8-t8:  20%|██        | 10/50 [00:13<00:48,  1.21s/it, Saved at =inf, TrLoss=0.3182]
 Training FV-edg60000-s8-t8:  22%|██▏       | 11/50 [00:13<00:47,  1.21s/it, Saved at =inf, TrLoss=0.3182]
 Training FV-edg60000-s8-t8:  22%|██▏       | 11/50 [00:14<00:47,  1.21s/it, Saved at =inf, TrLoss=0.3146]
 Training FV-edg60000-s8-t8:  24%|██▍       | 12/50 [00:14<00:46,  1.21s/it, Saved at =inf, TrLoss=0.3146]
 Training FV-edg60000-s8-t8:  24%|██▍       | 12/50 [00:15<00:46,  1.21s/it, Saved at =inf, TrLoss=0.2846]
 Training FV-edg60000-s8-t8:  26%|██▌       | 13/50 [00:15<00:44,  1.21s/it, Saved at =inf, TrLoss=0.2846]
 Training FV-edg60000-s8-t8:  26%|██▌       | 13/50 [00:16<00:44,  1.21s/it, Saved at =inf, TrLoss=0.2846]
 Training FV-edg60000-s8-t8:  28%|██▊       | 14/50 [00:16<00:43,  1.21s/it, Saved at =inf, TrLoss=0.2846]
 Training FV-edg60000-s8-t8:  28%|██▊       | 14/50 [00:17<00:43,  1.21s/it, Saved at =inf, TrLoss=0.2719]
 Training FV-edg60000-s8-t8:  30%|███       | 15/50 [00:18<00:42,  1.21s/it, Saved at =inf, TrLoss=0.2719]
 Training FV-edg60000-s8-t8:  30%|███       | 15/50 [00:19<00:42,  1.21s/it, Saved at =inf, TrLoss=0.2733]
 Training FV-edg60000-s8-t8:  32%|███▏      | 16/50 [00:19<00:41,  1.21s/it, Saved at =inf, TrLoss=0.2733]
 Training FV-edg60000-s8-t8:  32%|███▏      | 16/50 [00:20<00:41,  1.21s/it, Saved at =inf, TrLoss=0.2580]
 Training FV-edg60000-s8-t8:  34%|███▍      | 17/50 [00:20<00:39,  1.21s/it, Saved at =inf, TrLoss=0.2580]
 Training FV-edg60000-s8-t8:  34%|███▍      | 17/50 [00:21<00:39,  1.21s/it, Saved at =inf, TrLoss=0.2555]
 Training FV-edg60000-s8-t8:  36%|███▌      | 18/50 [00:21<00:38,  1.21s/it, Saved at =inf, TrLoss=0.2555]
 Training FV-edg60000-s8-t8:  36%|███▌      | 18/50 [00:22<00:38,  1.21s/it, Saved at =inf, TrLoss=0.2426]
 Training FV-edg60000-s8-t8:  38%|███▊      | 19/50 [00:23<00:37,  1.21s/it, Saved at =inf, TrLoss=0.2426]
 Training FV-edg60000-s8-t8:  38%|███▊      | 19/50 [00:24<00:37,  1.21s/it, Saved at =inf, TrLoss=0.2367]
 Training FV-edg60000-s8-t8:  40%|████      | 20/50 [00:24<00:36,  1.21s/it, Saved at =inf, TrLoss=0.2367]
 Training FV-edg60000-s8-t8:  40%|████      | 20/50 [00:25<00:36,  1.21s/it, Saved at =inf, TrLoss=0.2328]
 Training FV-edg60000-s8-t8:  42%|████▏     | 21/50 [00:25<00:35,  1.21s/it, Saved at =inf, TrLoss=0.2328]
 Training FV-edg60000-s8-t8:  42%|████▏     | 21/50 [00:26<00:35,  1.21s/it, Saved at =inf, TrLoss=0.2234]
 Training FV-edg60000-s8-t8:  44%|████▍     | 22/50 [00:26<00:33,  1.21s/it, Saved at =inf, TrLoss=0.2234]
 Training FV-edg60000-s8-t8:  44%|████▍     | 22/50 [00:27<00:33,  1.21s/it, Saved at =inf, TrLoss=0.2216]
 Training FV-edg60000-s8-t8:  46%|████▌     | 23/50 [00:27<00:32,  1.21s/it, Saved at =inf, TrLoss=0.2216]
 Training FV-edg60000-s8-t8:  46%|████▌     | 23/50 [00:28<00:32,  1.21s/it, Saved at =inf, TrLoss=0.2181]
 Training FV-edg60000-s8-t8:  48%|████▊     | 24/50 [00:29<00:31,  1.21s/it, Saved at =inf, TrLoss=0.2181]
 Training FV-edg60000-s8-t8:  48%|████▊     | 24/50 [00:30<00:31,  1.21s/it, Saved at =inf, TrLoss=0.2148]
 Training FV-edg60000-s8-t8:  50%|█████     | 25/50 [00:30<00:30,  1.21s/it, Saved at =inf, TrLoss=0.2148]
 Training FV-edg60000-s8-t8:  50%|█████     | 25/50 [00:31<00:30,  1.21s/it, Saved at =inf, TrLoss=0.2140]
 Training FV-edg60000-s8-t8:  52%|█████▏    | 26/50 [00:31<00:29,  1.21s/it, Saved at =inf, TrLoss=0.2140]
 Training FV-edg60000-s8-t8:  52%|█████▏    | 26/50 [00:32<00:29,  1.21s/it, Saved at =inf, TrLoss=0.2067]
 Training FV-edg60000-s8-t8:  54%|█████▍    | 27/50 [00:32<00:27,  1.21s/it, Saved at =inf, TrLoss=0.2067]
 Training FV-edg60000-s8-t8:  54%|█████▍    | 27/50 [00:33<00:27,  1.21s/it, Saved at =inf, TrLoss=0.2110]
 Training FV-edg60000-s8-t8:  56%|█████▌    | 28/50 [00:33<00:26,  1.21s/it, Saved at =inf, TrLoss=0.2110]
 Training FV-edg60000-s8-t8:  56%|█████▌    | 28/50 [00:34<00:26,  1.21s/it, Saved at =inf, TrLoss=0.2047]
 Training FV-edg60000-s8-t8:  58%|█████▊    | 29/50 [00:35<00:25,  1.21s/it, Saved at =inf, TrLoss=0.2047]
 Training FV-edg60000-s8-t8:  58%|█████▊    | 29/50 [00:36<00:25,  1.21s/it, Saved at =inf, TrLoss=0.2019]
 Training FV-edg60000-s8-t8:  60%|██████    | 30/50 [00:36<00:24,  1.21s/it, Saved at =inf, TrLoss=0.2019]
 Training FV-edg60000-s8-t8:  60%|██████    | 30/50 [00:37<00:24,  1.21s/it, Saved at =inf, TrLoss=0.2005]
 Training FV-edg60000-s8-t8:  62%|██████▏   | 31/50 [00:37<00:23,  1.21s/it, Saved at =inf, TrLoss=0.2005]
 Training FV-edg60000-s8-t8:  62%|██████▏   | 31/50 [00:38<00:23,  1.21s/it, Saved at =inf, TrLoss=0.1975]
 Training FV-edg60000-s8-t8:  64%|██████▍   | 32/50 [00:38<00:21,  1.21s/it, Saved at =inf, TrLoss=0.1975]
 Training FV-edg60000-s8-t8:  64%|██████▍   | 32/50 [00:39<00:21,  1.21s/it, Saved at =inf, TrLoss=0.1970]
 Training FV-edg60000-s8-t8:  66%|██████▌   | 33/50 [00:40<00:20,  1.21s/it, Saved at =inf, TrLoss=0.1970]
 Training FV-edg60000-s8-t8:  66%|██████▌   | 33/50 [00:41<00:20,  1.21s/it, Saved at =inf, TrLoss=0.1952]
 Training FV-edg60000-s8-t8:  68%|██████▊   | 34/50 [00:41<00:19,  1.21s/it, Saved at =inf, TrLoss=0.1952]
 Training FV-edg60000-s8-t8:  68%|██████▊   | 34/50 [00:42<00:19,  1.21s/it, Saved at =inf, TrLoss=0.1903]
 Training FV-edg60000-s8-t8:  70%|███████   | 35/50 [00:42<00:18,  1.21s/it, Saved at =inf, TrLoss=0.1903]
 Training FV-edg60000-s8-t8:  70%|███████   | 35/50 [00:43<00:18,  1.21s/it, Saved at =inf, TrLoss=0.1902]
 Training FV-edg60000-s8-t8:  72%|███████▏  | 36/50 [00:43<00:16,  1.21s/it, Saved at =inf, TrLoss=0.1902]
 Training FV-edg60000-s8-t8:  72%|███████▏  | 36/50 [00:44<00:16,  1.21s/it, Saved at =inf, TrLoss=0.1882]
 Training FV-edg60000-s8-t8:  74%|███████▍  | 37/50 [00:44<00:15,  1.21s/it, Saved at =inf, TrLoss=0.1882]
 Training FV-edg60000-s8-t8:  74%|███████▍  | 37/50 [00:45<00:15,  1.21s/it, Saved at =inf, TrLoss=0.1850]
 Training FV-edg60000-s8-t8:  76%|███████▌  | 38/50 [00:46<00:14,  1.21s/it, Saved at =inf, TrLoss=0.1850]
 Training FV-edg60000-s8-t8:  76%|███████▌  | 38/50 [00:47<00:14,  1.21s/it, Saved at =inf, TrLoss=0.1861]
 Training FV-edg60000-s8-t8:  78%|███████▊  | 39/50 [00:47<00:13,  1.21s/it, Saved at =inf, TrLoss=0.1861]
 Training FV-edg60000-s8-t8:  78%|███████▊  | 39/50 [00:48<00:13,  1.21s/it, Saved at =inf, TrLoss=0.1831]
 Training FV-edg60000-s8-t8:  80%|████████  | 40/50 [00:48<00:12,  1.21s/it, Saved at =inf, TrLoss=0.1831]
 Training FV-edg60000-s8-t8:  80%|████████  | 40/50 [00:49<00:12,  1.21s/it, Saved at =inf, TrLoss=0.1805]
 Training FV-edg60000-s8-t8:  82%|████████▏ | 41/50 [00:49<00:10,  1.21s/it, Saved at =inf, TrLoss=0.1805]
 Training FV-edg60000-s8-t8:  82%|████████▏ | 41/50 [00:50<00:10,  1.21s/it, Saved at =inf, TrLoss=0.1824]
 Training FV-edg60000-s8-t8:  84%|████████▍ | 42/50 [00:50<00:09,  1.21s/it, Saved at =inf, TrLoss=0.1824]
 Training FV-edg60000-s8-t8:  84%|████████▍ | 42/50 [00:51<00:09,  1.21s/it, Saved at =inf, TrLoss=0.1806]
 Training FV-edg60000-s8-t8:  86%|████████▌ | 43/50 [00:52<00:08,  1.21s/it, Saved at =inf, TrLoss=0.1806]
 Training FV-edg60000-s8-t8:  86%|████████▌ | 43/50 [00:53<00:08,  1.21s/it, Saved at =inf, TrLoss=0.1778]
 Training FV-edg60000-s8-t8:  88%|████████▊ | 44/50 [00:53<00:07,  1.21s/it, Saved at =inf, TrLoss=0.1778]
 Training FV-edg60000-s8-t8:  88%|████████▊ | 44/50 [00:54<00:07,  1.21s/it, Saved at =inf, TrLoss=0.1801]
 Training FV-edg60000-s8-t8:  90%|█████████ | 45/50 [00:54<00:06,  1.21s/it, Saved at =inf, TrLoss=0.1801]
 Training FV-edg60000-s8-t8:  90%|█████████ | 45/50 [00:55<00:06,  1.21s/it, Saved at =inf, TrLoss=0.1766]
 Training FV-edg60000-s8-t8:  92%|█████████▏| 46/50 [00:55<00:04,  1.21s/it, Saved at =inf, TrLoss=0.1766]
 Training FV-edg60000-s8-t8:  92%|█████████▏| 46/50 [00:56<00:04,  1.21s/it, Saved at =inf, TrLoss=0.1744]
 Training FV-edg60000-s8-t8:  94%|█████████▍| 47/50 [00:56<00:03,  1.21s/it, Saved at =inf, TrLoss=0.1744]
 Training FV-edg60000-s8-t8:  94%|█████████▍| 47/50 [00:57<00:03,  1.21s/it, Saved at =inf, TrLoss=0.1746]
 Training FV-edg60000-s8-t8:  96%|█████████▌| 48/50 [00:58<00:02,  1.21s/it, Saved at =inf, TrLoss=0.1746]
 Training FV-edg60000-s8-t8:  96%|█████████▌| 48/50 [00:59<00:02,  1.21s/it, Saved at =inf, TrLoss=0.1752]
 Training FV-edg60000-s8-t8:  98%|█████████▊| 49/50 [00:59<00:01,  1.21s/it, Saved at =inf, TrLoss=0.1752]
 Training FV-edg60000-s8-t8:  98%|█████████▊| 49/50 [01:00<00:01,  1.21s/it, Saved at =inf, TrLoss=0.1717]
 Training FV-edg60000-s8-t8: 100%|██████████| 50/50 [01:00<00:00,  1.21s/it, Saved at =inf, TrLoss=0.1717]
 Training FV-edg60000-s8-t8: 100%|██████████| 50/50 [01:00<00:00,  1.21s/it, Saved at =inf, TrLoss=0.1717]

 Training FV-edg60000-s8-t9:   0%|          | 0/50 [00:00<?, ?it/s]
 Training FV-edg60000-s8-t9:   0%|          | 0/50 [00:01<?, ?it/s, Saved at =inf, TrLoss=0.6966]
 Training FV-edg60000-s8-t9:   2%|▏         | 1/50 [00:01<01:11,  1.45s/it, Saved at =inf, TrLoss=0.6966]
 Training FV-edg60000-s8-t9:   2%|▏         | 1/50 [00:02<01:11,  1.45s/it, Saved at =inf, TrLoss=0.8792]
 Training FV-edg60000-s8-t9:   4%|▍         | 2/50 [00:02<01:09,  1.44s/it, Saved at =inf, TrLoss=0.8792]
 Training FV-edg60000-s8-t9:   4%|▍         | 2/50 [00:04<01:09,  1.44s/it, Saved at =inf, TrLoss=0.5618]
 Training FV-edg60000-s8-t9:   6%|▌         | 3/50 [00:04<01:07,  1.43s/it, Saved at =inf, TrLoss=0.5618]
 Training FV-edg60000-s8-t9:   6%|▌         | 3/50 [00:05<01:07,  1.43s/it, Saved at =inf, TrLoss=0.5504]
 Training FV-edg60000-s8-t9:   8%|▊         | 4/50 [00:05<01:05,  1.43s/it, Saved at =inf, TrLoss=0.5504]
 Training FV-edg60000-s8-t9:   8%|▊         | 4/50 [00:06<01:05,  1.43s/it, Saved at =inf, TrLoss=0.4422]
 Training FV-edg60000-s8-t9:  10%|█         | 5/50 [00:07<01:04,  1.43s/it, Saved at =inf, TrLoss=0.4422]
 Training FV-edg60000-s8-t9:  10%|█         | 5/50 [00:08<01:04,  1.43s/it, Saved at =inf, TrLoss=0.4480]
 Training FV-edg60000-s8-t9:  12%|█▏        | 6/50 [00:08<01:02,  1.43s/it, Saved at =inf, TrLoss=0.4480]
 Training FV-edg60000-s8-t9:  12%|█▏        | 6/50 [00:09<01:02,  1.43s/it, Saved at =inf, TrLoss=0.4688]
 Training FV-edg60000-s8-t9:  14%|█▍        | 7/50 [00:10<01:01,  1.43s/it, Saved at =inf, TrLoss=0.4688]
 Training FV-edg60000-s8-t9:  14%|█▍        | 7/50 [00:11<01:01,  1.43s/it, Saved at =inf, TrLoss=0.4341]
 Training FV-edg60000-s8-t9:  16%|█▌        | 8/50 [00:11<01:00,  1.43s/it, Saved at =inf, TrLoss=0.4341]
 Training FV-edg60000-s8-t9:  16%|█▌        | 8/50 [00:12<01:00,  1.43s/it, Saved at =inf, TrLoss=0.3935]
 Training FV-edg60000-s8-t9:  18%|█▊        | 9/50 [00:12<00:58,  1.43s/it, Saved at =inf, TrLoss=0.3935]
 Training FV-edg60000-s8-t9:  18%|█▊        | 9/50 [00:14<00:58,  1.43s/it, Saved at =inf, TrLoss=0.3703]
 Training FV-edg60000-s8-t9:  20%|██        | 10/50 [00:14<00:57,  1.43s/it, Saved at =inf, TrLoss=0.3703]
 Training FV-edg60000-s8-t9:  20%|██        | 10/50 [00:15<00:57,  1.43s/it, Saved at =inf, TrLoss=0.3724]
 Training FV-edg60000-s8-t9:  22%|██▏       | 11/50 [00:15<00:55,  1.43s/it, Saved at =inf, TrLoss=0.3724]
 Training FV-edg60000-s8-t9:  22%|██▏       | 11/50 [00:16<00:55,  1.43s/it, Saved at =inf, TrLoss=0.3631]
 Training FV-edg60000-s8-t9:  24%|██▍       | 12/50 [00:17<00:54,  1.43s/it, Saved at =inf, TrLoss=0.3631]
 Training FV-edg60000-s8-t9:  24%|██▍       | 12/50 [00:18<00:54,  1.43s/it, Saved at =inf, TrLoss=0.3408]
 Training FV-edg60000-s8-t9:  26%|██▌       | 13/50 [00:18<00:52,  1.43s/it, Saved at =inf, TrLoss=0.3408]
 Training FV-edg60000-s8-t9:  26%|██▌       | 13/50 [00:19<00:52,  1.43s/it, Saved at =inf, TrLoss=0.3272]
 Training FV-edg60000-s8-t9:  28%|██▊       | 14/50 [00:20<00:51,  1.43s/it, Saved at =inf, TrLoss=0.3272]
 Training FV-edg60000-s8-t9:  28%|██▊       | 14/50 [00:21<00:51,  1.43s/it, Saved at =inf, TrLoss=0.3379]
 Training FV-edg60000-s8-t9:  30%|███       | 15/50 [00:21<00:49,  1.43s/it, Saved at =inf, TrLoss=0.3379]
 Training FV-edg60000-s8-t9:  30%|███       | 15/50 [00:22<00:49,  1.43s/it, Saved at =inf, TrLoss=0.3225]
 Training FV-edg60000-s8-t9:  32%|███▏      | 16/50 [00:22<00:48,  1.43s/it, Saved at =inf, TrLoss=0.3225]
 Training FV-edg60000-s8-t9:  32%|███▏      | 16/50 [00:24<00:48,  1.43s/it, Saved at =inf, TrLoss=0.3044]
 Training FV-edg60000-s8-t9:  34%|███▍      | 17/50 [00:24<00:47,  1.43s/it, Saved at =inf, TrLoss=0.3044]
 Training FV-edg60000-s8-t9:  34%|███▍      | 17/50 [00:25<00:47,  1.43s/it, Saved at =inf, TrLoss=0.3122]
 Training FV-edg60000-s8-t9:  36%|███▌      | 18/50 [00:25<00:45,  1.43s/it, Saved at =inf, TrLoss=0.3122]
 Training FV-edg60000-s8-t9:  36%|███▌      | 18/50 [00:26<00:45,  1.43s/it, Saved at =inf, TrLoss=0.3011]
 Training FV-edg60000-s8-t9:  38%|███▊      | 19/50 [00:27<00:44,  1.43s/it, Saved at =inf, TrLoss=0.3011]
 Training FV-edg60000-s8-t9:  38%|███▊      | 19/50 [00:28<00:44,  1.43s/it, Saved at =inf, TrLoss=0.2838]
 Training FV-edg60000-s8-t9:  40%|████      | 20/50 [00:28<00:42,  1.43s/it, Saved at =inf, TrLoss=0.2838]
 Training FV-edg60000-s8-t9:  40%|████      | 20/50 [00:29<00:42,  1.43s/it, Saved at =inf, TrLoss=0.2870]
 Training FV-edg60000-s8-t9:  42%|████▏     | 21/50 [00:29<00:41,  1.43s/it, Saved at =inf, TrLoss=0.2870]
 Training FV-edg60000-s8-t9:  42%|████▏     | 21/50 [00:31<00:41,  1.43s/it, Saved at =inf, TrLoss=0.2736]
 Training FV-edg60000-s8-t9:  44%|████▍     | 22/50 [00:31<00:39,  1.43s/it, Saved at =inf, TrLoss=0.2736]
 Training FV-edg60000-s8-t9:  44%|████▍     | 22/50 [00:32<00:39,  1.43s/it, Saved at =inf, TrLoss=0.2648]
 Training FV-edg60000-s8-t9:  46%|████▌     | 23/50 [00:32<00:38,  1.43s/it, Saved at =inf, TrLoss=0.2648]
 Training FV-edg60000-s8-t9:  46%|████▌     | 23/50 [00:34<00:38,  1.43s/it, Saved at =inf, TrLoss=0.2666]
 Training FV-edg60000-s8-t9:  48%|████▊     | 24/50 [00:34<00:37,  1.43s/it, Saved at =inf, TrLoss=0.2666]
 Training FV-edg60000-s8-t9:  48%|████▊     | 24/50 [00:35<00:37,  1.43s/it, Saved at =inf, TrLoss=0.2590]
 Training FV-edg60000-s8-t9:  50%|█████     | 25/50 [00:35<00:35,  1.43s/it, Saved at =inf, TrLoss=0.2590]
 Training FV-edg60000-s8-t9:  50%|█████     | 25/50 [00:36<00:35,  1.43s/it, Saved at =inf, TrLoss=0.2537]
 Training FV-edg60000-s8-t9:  52%|█████▏    | 26/50 [00:37<00:34,  1.43s/it, Saved at =inf, TrLoss=0.2537]
 Training FV-edg60000-s8-t9:  52%|█████▏    | 26/50 [00:38<00:34,  1.43s/it, Saved at =inf, TrLoss=0.2524]
 Training FV-edg60000-s8-t9:  54%|█████▍    | 27/50 [00:38<00:32,  1.43s/it, Saved at =inf, TrLoss=0.2524]
 Training FV-edg60000-s8-t9:  54%|█████▍    | 27/50 [00:39<00:32,  1.43s/it, Saved at =inf, TrLoss=0.2436]
 Training FV-edg60000-s8-t9:  56%|█████▌    | 28/50 [00:39<00:31,  1.43s/it, Saved at =inf, TrLoss=0.2436]
 Training FV-edg60000-s8-t9:  56%|█████▌    | 28/50 [00:41<00:31,  1.43s/it, Saved at =inf, TrLoss=0.2436]
 Training FV-edg60000-s8-t9:  58%|█████▊    | 29/50 [00:41<00:29,  1.43s/it, Saved at =inf, TrLoss=0.2436]
 Training FV-edg60000-s8-t9:  58%|█████▊    | 29/50 [00:42<00:29,  1.43s/it, Saved at =inf, TrLoss=0.2370]
 Training FV-edg60000-s8-t9:  60%|██████    | 30/50 [00:42<00:28,  1.43s/it, Saved at =inf, TrLoss=0.2370]
 Training FV-edg60000-s8-t9:  60%|██████    | 30/50 [00:44<00:28,  1.43s/it, Saved at =inf, TrLoss=0.2316]
 Training FV-edg60000-s8-t9:  62%|██████▏   | 31/50 [00:44<00:27,  1.43s/it, Saved at =inf, TrLoss=0.2316]
 Training FV-edg60000-s8-t9:  62%|██████▏   | 31/50 [00:45<00:27,  1.43s/it, Saved at =inf, TrLoss=0.2311]
 Training FV-edg60000-s8-t9:  64%|██████▍   | 32/50 [00:45<00:25,  1.43s/it, Saved at =inf, TrLoss=0.2311]
 Training FV-edg60000-s8-t9:  64%|██████▍   | 32/50 [00:46<00:25,  1.43s/it, Saved at =inf, TrLoss=0.2238]
 Training FV-edg60000-s8-t9:  66%|██████▌   | 33/50 [00:47<00:24,  1.43s/it, Saved at =inf, TrLoss=0.2238]
 Training FV-edg60000-s8-t9:  66%|██████▌   | 33/50 [00:48<00:24,  1.43s/it, Saved at =inf, TrLoss=0.2228]
 Training FV-edg60000-s8-t9:  68%|██████▊   | 34/50 [00:48<00:22,  1.43s/it, Saved at =inf, TrLoss=0.2228]
 Training FV-edg60000-s8-t9:  68%|██████▊   | 34/50 [00:49<00:22,  1.43s/it, Saved at =inf, TrLoss=0.2185]
 Training FV-edg60000-s8-t9:  70%|███████   | 35/50 [00:49<00:21,  1.43s/it, Saved at =inf, TrLoss=0.2185]
 Training FV-edg60000-s8-t9:  70%|███████   | 35/50 [00:51<00:21,  1.43s/it, Saved at =inf, TrLoss=0.2158]
 Training FV-edg60000-s8-t9:  72%|███████▏  | 36/50 [00:51<00:19,  1.43s/it, Saved at =inf, TrLoss=0.2158]
 Training FV-edg60000-s8-t9:  72%|███████▏  | 36/50 [00:52<00:19,  1.43s/it, Saved at =inf, TrLoss=0.2109]
 Training FV-edg60000-s8-t9:  74%|███████▍  | 37/50 [00:52<00:18,  1.43s/it, Saved at =inf, TrLoss=0.2109]
 Training FV-edg60000-s8-t9:  74%|███████▍  | 37/50 [00:54<00:18,  1.43s/it, Saved at =inf, TrLoss=0.2106]
 Training FV-edg60000-s8-t9:  76%|███████▌  | 38/50 [00:54<00:17,  1.43s/it, Saved at =inf, TrLoss=0.2106]
 Training FV-edg60000-s8-t9:  76%|███████▌  | 38/50 [00:55<00:17,  1.43s/it, Saved at =inf, TrLoss=0.2073]
 Training FV-edg60000-s8-t9:  78%|███████▊  | 39/50 [00:55<00:15,  1.43s/it, Saved at =inf, TrLoss=0.2073]
 Training FV-edg60000-s8-t9:  78%|███████▊  | 39/50 [00:56<00:15,  1.43s/it, Saved at =inf, TrLoss=0.2048]
 Training FV-edg60000-s8-t9:  80%|████████  | 40/50 [00:57<00:14,  1.43s/it, Saved at =inf, TrLoss=0.2048]
 Training FV-edg60000-s8-t9:  80%|████████  | 40/50 [00:58<00:14,  1.43s/it, Saved at =inf, TrLoss=0.2030]
 Training FV-edg60000-s8-t9:  82%|████████▏ | 41/50 [00:58<00:12,  1.43s/it, Saved at =inf, TrLoss=0.2030]
 Training FV-edg60000-s8-t9:  82%|████████▏ | 41/50 [00:59<00:12,  1.43s/it, Saved at =inf, TrLoss=0.2031]
 Training FV-edg60000-s8-t9:  84%|████████▍ | 42/50 [00:59<00:11,  1.43s/it, Saved at =inf, TrLoss=0.2031]
 Training FV-edg60000-s8-t9:  84%|████████▍ | 42/50 [01:01<00:11,  1.43s/it, Saved at =inf, TrLoss=0.2001]
 Training FV-edg60000-s8-t9:  86%|████████▌ | 43/50 [01:01<00:09,  1.43s/it, Saved at =inf, TrLoss=0.2001]
 Training FV-edg60000-s8-t9:  86%|████████▌ | 43/50 [01:02<00:09,  1.43s/it, Saved at =inf, TrLoss=0.1986]
 Training FV-edg60000-s8-t9:  88%|████████▊ | 44/50 [01:02<00:08,  1.43s/it, Saved at =inf, TrLoss=0.1986]
 Training FV-edg60000-s8-t9:  88%|████████▊ | 44/50 [01:04<00:08,  1.43s/it, Saved at =inf, TrLoss=0.1961]
 Training FV-edg60000-s8-t9:  90%|█████████ | 45/50 [01:04<00:07,  1.43s/it, Saved at =inf, TrLoss=0.1961]
 Training FV-edg60000-s8-t9:  90%|█████████ | 45/50 [01:05<00:07,  1.43s/it, Saved at =inf, TrLoss=0.1922]
 Training FV-edg60000-s8-t9:  92%|█████████▏| 46/50 [01:05<00:05,  1.43s/it, Saved at =inf, TrLoss=0.1922]
 Training FV-edg60000-s8-t9:  92%|█████████▏| 46/50 [01:06<00:05,  1.43s/it, Saved at =inf, TrLoss=0.1927]
 Training FV-edg60000-s8-t9:  94%|█████████▍| 47/50 [01:07<00:04,  1.43s/it, Saved at =inf, TrLoss=0.1927]
 Training FV-edg60000-s8-t9:  94%|█████████▍| 47/50 [01:08<00:04,  1.43s/it, Saved at =inf, TrLoss=0.1911]
 Training FV-edg60000-s8-t9:  96%|█████████▌| 48/50 [01:08<00:02,  1.43s/it, Saved at =inf, TrLoss=0.1911]
 Training FV-edg60000-s8-t9:  96%|█████████▌| 48/50 [01:09<00:02,  1.43s/it, Saved at =inf, TrLoss=0.1906]
 Training FV-edg60000-s8-t9:  98%|█████████▊| 49/50 [01:09<00:01,  1.43s/it, Saved at =inf, TrLoss=0.1906]
 Training FV-edg60000-s8-t9:  98%|█████████▊| 49/50 [01:11<00:01,  1.43s/it, Saved at =inf, TrLoss=0.1903]
 Training FV-edg60000-s8-t9: 100%|██████████| 50/50 [01:11<00:00,  1.43s/it, Saved at =inf, TrLoss=0.1903]
 Training FV-edg60000-s8-t9: 100%|██████████| 50/50 [01:11<00:00,  1.43s/it, Saved at =inf, TrLoss=0.1903]

 Training ATK-edg60000-s8-t7:   0%|          | 0/50 [00:00<?, ?it/s]
 Training ATK-edg60000-s8-t7:   0%|          | 0/50 [00:00<?, ?it/s, Saved at =inf, TrLoss=0.6843]
 Training ATK-edg60000-s8-t7:   2%|▏         | 1/50 [00:01<00:51,  1.05s/it, Saved at =inf, TrLoss=0.6843]
 Training ATK-edg60000-s8-t7:   2%|▏         | 1/50 [00:01<00:51,  1.05s/it, Saved at =inf, TrLoss=1.0470]
 Training ATK-edg60000-s8-t7:   4%|▍         | 2/50 [00:02<00:49,  1.04s/it, Saved at =inf, TrLoss=1.0470]
 Training ATK-edg60000-s8-t7:   4%|▍         | 2/50 [00:02<00:49,  1.04s/it, Saved at =inf, TrLoss=0.4795]
 Training ATK-edg60000-s8-t7:   6%|▌         | 3/50 [00:03<00:48,  1.03s/it, Saved at =inf, TrLoss=0.4795]
 Training ATK-edg60000-s8-t7:   6%|▌         | 3/50 [00:03<00:48,  1.03s/it, Saved at =inf, TrLoss=0.5365]
 Training ATK-edg60000-s8-t7:   8%|▊         | 4/50 [00:04<00:47,  1.03s/it, Saved at =inf, TrLoss=0.5365]
 Training ATK-edg60000-s8-t7:   8%|▊         | 4/50 [00:04<00:47,  1.03s/it, Saved at =inf, TrLoss=0.5063]
 Training ATK-edg60000-s8-t7:  10%|█         | 5/50 [00:05<00:46,  1.03s/it, Saved at =inf, TrLoss=0.5063]
 Training ATK-edg60000-s8-t7:  10%|█         | 5/50 [00:06<00:46,  1.03s/it, Saved at =inf, TrLoss=0.4321]
 Training ATK-edg60000-s8-t7:  12%|█▏        | 6/50 [00:06<00:45,  1.03s/it, Saved at =inf, TrLoss=0.4321]
 Training ATK-edg60000-s8-t7:  12%|█▏        | 6/50 [00:07<00:45,  1.03s/it, Saved at =inf, TrLoss=0.4280]
 Training ATK-edg60000-s8-t7:  14%|█▍        | 7/50 [00:07<00:44,  1.03s/it, Saved at =inf, TrLoss=0.4280]
 Training ATK-edg60000-s8-t7:  14%|█▍        | 7/50 [00:08<00:44,  1.03s/it, Saved at =inf, TrLoss=0.4286]
 Training ATK-edg60000-s8-t7:  16%|█▌        | 8/50 [00:08<00:43,  1.03s/it, Saved at =inf, TrLoss=0.4286]
 Training ATK-edg60000-s8-t7:  16%|█▌        | 8/50 [00:09<00:43,  1.03s/it, Saved at =inf, TrLoss=0.4005]
 Training ATK-edg60000-s8-t7:  18%|█▊        | 9/50 [00:09<00:42,  1.03s/it, Saved at =inf, TrLoss=0.4005]
 Training ATK-edg60000-s8-t7:  18%|█▊        | 9/50 [00:10<00:42,  1.03s/it, Saved at =inf, TrLoss=0.3546]
 Training ATK-edg60000-s8-t7:  20%|██        | 10/50 [00:10<00:41,  1.03s/it, Saved at =inf, TrLoss=0.3546]
 Training ATK-edg60000-s8-t7:  20%|██        | 10/50 [00:11<00:41,  1.03s/it, Saved at =inf, TrLoss=0.3186]
 Training ATK-edg60000-s8-t7:  22%|██▏       | 11/50 [00:11<00:40,  1.03s/it, Saved at =inf, TrLoss=0.3186]
 Training ATK-edg60000-s8-t7:  22%|██▏       | 11/50 [00:12<00:40,  1.03s/it, Saved at =inf, TrLoss=0.3071]
 Training ATK-edg60000-s8-t7:  24%|██▍       | 12/50 [00:12<00:39,  1.03s/it, Saved at =inf, TrLoss=0.3071]
 Training ATK-edg60000-s8-t7:  24%|██▍       | 12/50 [00:13<00:39,  1.03s/it, Saved at =inf, TrLoss=0.2836]
 Training ATK-edg60000-s8-t7:  26%|██▌       | 13/50 [00:13<00:38,  1.03s/it, Saved at =inf, TrLoss=0.2836]
 Training ATK-edg60000-s8-t7:  26%|██▌       | 13/50 [00:14<00:38,  1.03s/it, Saved at =inf, TrLoss=0.2764]
 Training ATK-edg60000-s8-t7:  28%|██▊       | 14/50 [00:14<00:37,  1.03s/it, Saved at =inf, TrLoss=0.2764]
 Training ATK-edg60000-s8-t7:  28%|██▊       | 14/50 [00:15<00:37,  1.03s/it, Saved at =inf, TrLoss=0.2736]
 Training ATK-edg60000-s8-t7:  30%|███       | 15/50 [00:15<00:36,  1.03s/it, Saved at =inf, TrLoss=0.2736]
 Training ATK-edg60000-s8-t7:  30%|███       | 15/50 [00:16<00:36,  1.03s/it, Saved at =inf, TrLoss=0.2582]
 Training ATK-edg60000-s8-t7:  32%|███▏      | 16/50 [00:16<00:35,  1.03s/it, Saved at =inf, TrLoss=0.2582]
 Training ATK-edg60000-s8-t7:  32%|███▏      | 16/50 [00:17<00:35,  1.03s/it, Saved at =inf, TrLoss=0.2579]
 Training ATK-edg60000-s8-t7:  34%|███▍      | 17/50 [00:17<00:33,  1.03s/it, Saved at =inf, TrLoss=0.2579]
 Training ATK-edg60000-s8-t7:  34%|███▍      | 17/50 [00:18<00:33,  1.03s/it, Saved at =inf, TrLoss=0.2449]
 Training ATK-edg60000-s8-t7:  36%|███▌      | 18/50 [00:18<00:32,  1.03s/it, Saved at =inf, TrLoss=0.2449]
 Training ATK-edg60000-s8-t7:  36%|███▌      | 18/50 [00:19<00:32,  1.03s/it, Saved at =inf, TrLoss=0.2419]
 Training ATK-edg60000-s8-t7:  38%|███▊      | 19/50 [00:19<00:31,  1.03s/it, Saved at =inf, TrLoss=0.2419]
 Training ATK-edg60000-s8-t7:  38%|███▊      | 19/50 [00:20<00:31,  1.03s/it, Saved at =inf, TrLoss=0.2241]
 Training ATK-edg60000-s8-t7:  40%|████      | 20/50 [00:20<00:30,  1.03s/it, Saved at =inf, TrLoss=0.2241]
 Training ATK-edg60000-s8-t7:  40%|████      | 20/50 [00:21<00:30,  1.03s/it, Saved at =inf, TrLoss=0.2223]
 Training ATK-edg60000-s8-t7:  42%|████▏     | 21/50 [00:21<00:29,  1.03s/it, Saved at =inf, TrLoss=0.2223]
 Training ATK-edg60000-s8-t7:  42%|████▏     | 21/50 [00:22<00:29,  1.03s/it, Saved at =inf, TrLoss=0.2122]
 Training ATK-edg60000-s8-t7:  44%|████▍     | 22/50 [00:22<00:28,  1.03s/it, Saved at =inf, TrLoss=0.2122]
 Training ATK-edg60000-s8-t7:  44%|████▍     | 22/50 [00:23<00:28,  1.03s/it, Saved at =inf, TrLoss=0.2123]
 Training ATK-edg60000-s8-t7:  46%|████▌     | 23/50 [00:23<00:27,  1.03s/it, Saved at =inf, TrLoss=0.2123]
 Training ATK-edg60000-s8-t7:  46%|████▌     | 23/50 [00:24<00:27,  1.03s/it, Saved at =inf, TrLoss=0.2071]
 Training ATK-edg60000-s8-t7:  48%|████▊     | 24/50 [00:24<00:26,  1.03s/it, Saved at =inf, TrLoss=0.2071]
 Training ATK-edg60000-s8-t7:  48%|████▊     | 24/50 [00:25<00:26,  1.03s/it, Saved at =inf, TrLoss=0.2024]
 Training ATK-edg60000-s8-t7:  50%|█████     | 25/50 [00:25<00:25,  1.03s/it, Saved at =inf, TrLoss=0.2024]
 Training ATK-edg60000-s8-t7:  50%|█████     | 25/50 [00:26<00:25,  1.03s/it, Saved at =inf, TrLoss=0.2028]
 Training ATK-edg60000-s8-t7:  52%|█████▏    | 26/50 [00:26<00:24,  1.03s/it, Saved at =inf, TrLoss=0.2028]
 Training ATK-edg60000-s8-t7:  52%|█████▏    | 26/50 [00:27<00:24,  1.03s/it, Saved at =inf, TrLoss=0.1948]
 Training ATK-edg60000-s8-t7:  54%|█████▍    | 27/50 [00:27<00:23,  1.03s/it, Saved at =inf, TrLoss=0.1948]
 Training ATK-edg60000-s8-t7:  54%|█████▍    | 27/50 [00:28<00:23,  1.03s/it, Saved at =inf, TrLoss=0.2005]
 Training ATK-edg60000-s8-t7:  56%|█████▌    | 28/50 [00:28<00:22,  1.03s/it, Saved at =inf, TrLoss=0.2005]
 Training ATK-edg60000-s8-t7:  56%|█████▌    | 28/50 [00:29<00:22,  1.03s/it, Saved at =inf, TrLoss=0.1917]
 Training ATK-edg60000-s8-t7:  58%|█████▊    | 29/50 [00:29<00:21,  1.03s/it, Saved at =inf, TrLoss=0.1917]
 Training ATK-edg60000-s8-t7:  58%|█████▊    | 29/50 [00:30<00:21,  1.03s/it, Saved at =inf, TrLoss=0.1921]
 Training ATK-edg60000-s8-t7:  60%|██████    | 30/50 [00:30<00:20,  1.03s/it, Saved at =inf, TrLoss=0.1921]
 Training ATK-edg60000-s8-t7:  60%|██████    | 30/50 [00:31<00:20,  1.03s/it, Saved at =inf, TrLoss=0.1935]
 Training ATK-edg60000-s8-t7:  62%|██████▏   | 31/50 [00:31<00:19,  1.03s/it, Saved at =inf, TrLoss=0.1935]
 Training ATK-edg60000-s8-t7:  62%|██████▏   | 31/50 [00:32<00:19,  1.03s/it, Saved at =inf, TrLoss=0.1861]
 Training ATK-edg60000-s8-t7:  64%|██████▍   | 32/50 [00:32<00:18,  1.03s/it, Saved at =inf, TrLoss=0.1861]
 Training ATK-edg60000-s8-t7:  64%|██████▍   | 32/50 [00:33<00:18,  1.03s/it, Saved at =inf, TrLoss=0.1888]
 Training ATK-edg60000-s8-t7:  66%|██████▌   | 33/50 [00:33<00:17,  1.03s/it, Saved at =inf, TrLoss=0.1888]
 Training ATK-edg60000-s8-t7:  66%|██████▌   | 33/50 [00:34<00:17,  1.03s/it, Saved at =inf, TrLoss=0.1868]
 Training ATK-edg60000-s8-t7:  68%|██████▊   | 34/50 [00:35<00:16,  1.03s/it, Saved at =inf, TrLoss=0.1868]
 Training ATK-edg60000-s8-t7:  68%|██████▊   | 34/50 [00:35<00:16,  1.03s/it, Saved at =inf, TrLoss=0.1811]
 Training ATK-edg60000-s8-t7:  70%|███████   | 35/50 [00:36<00:15,  1.03s/it, Saved at =inf, TrLoss=0.1811]
 Training ATK-edg60000-s8-t7:  70%|███████   | 35/50 [00:36<00:15,  1.03s/it, Saved at =inf, TrLoss=0.1831]
 Training ATK-edg60000-s8-t7:  72%|███████▏  | 36/50 [00:37<00:14,  1.03s/it, Saved at =inf, TrLoss=0.1831]
 Training ATK-edg60000-s8-t7:  72%|███████▏  | 36/50 [00:37<00:14,  1.03s/it, Saved at =inf, TrLoss=0.1795]
 Training ATK-edg60000-s8-t7:  74%|███████▍  | 37/50 [00:38<00:13,  1.03s/it, Saved at =inf, TrLoss=0.1795]
 Training ATK-edg60000-s8-t7:  74%|███████▍  | 37/50 [00:38<00:13,  1.03s/it, Saved at =inf, TrLoss=0.1770]
 Training ATK-edg60000-s8-t7:  76%|███████▌  | 38/50 [00:39<00:12,  1.03s/it, Saved at =inf, TrLoss=0.1770]
 Training ATK-edg60000-s8-t7:  76%|███████▌  | 38/50 [00:39<00:12,  1.03s/it, Saved at =inf, TrLoss=0.1803]
 Training ATK-edg60000-s8-t7:  78%|███████▊  | 39/50 [00:40<00:11,  1.03s/it, Saved at =inf, TrLoss=0.1803]
 Training ATK-edg60000-s8-t7:  78%|███████▊  | 39/50 [00:41<00:11,  1.03s/it, Saved at =inf, TrLoss=0.1751]
 Training ATK-edg60000-s8-t7:  80%|████████  | 40/50 [00:41<00:10,  1.03s/it, Saved at =inf, TrLoss=0.1751]
 Training ATK-edg60000-s8-t7:  80%|████████  | 40/50 [00:42<00:10,  1.03s/it, Saved at =inf, TrLoss=0.1747]
 Training ATK-edg60000-s8-t7:  82%|████████▏ | 41/50 [00:42<00:09,  1.03s/it, Saved at =inf, TrLoss=0.1747]
 Training ATK-edg60000-s8-t7:  82%|████████▏ | 41/50 [00:43<00:09,  1.03s/it, Saved at =inf, TrLoss=0.1748]
 Training ATK-edg60000-s8-t7:  84%|████████▍ | 42/50 [00:43<00:08,  1.03s/it, Saved at =inf, TrLoss=0.1748]
 Training ATK-edg60000-s8-t7:  84%|████████▍ | 42/50 [00:44<00:08,  1.03s/it, Saved at =inf, TrLoss=0.1710]
 Training ATK-edg60000-s8-t7:  86%|████████▌ | 43/50 [00:44<00:07,  1.03s/it, Saved at =inf, TrLoss=0.1710]
 Training ATK-edg60000-s8-t7:  86%|████████▌ | 43/50 [00:45<00:07,  1.03s/it, Saved at =inf, TrLoss=0.1741]
 Training ATK-edg60000-s8-t7:  88%|████████▊ | 44/50 [00:45<00:06,  1.03s/it, Saved at =inf, TrLoss=0.1741]
 Training ATK-edg60000-s8-t7:  88%|████████▊ | 44/50 [00:46<00:06,  1.03s/it, Saved at =inf, TrLoss=0.1720]
 Training ATK-edg60000-s8-t7:  90%|█████████ | 45/50 [00:46<00:05,  1.03s/it, Saved at =inf, TrLoss=0.1720]
 Training ATK-edg60000-s8-t7:  90%|█████████ | 45/50 [00:47<00:05,  1.03s/it, Saved at =inf, TrLoss=0.1696]
 Training ATK-edg60000-s8-t7:  92%|█████████▏| 46/50 [00:47<00:04,  1.03s/it, Saved at =inf, TrLoss=0.1696]
 Training ATK-edg60000-s8-t7:  92%|█████████▏| 46/50 [00:48<00:04,  1.03s/it, Saved at =inf, TrLoss=0.1712]
 Training ATK-edg60000-s8-t7:  94%|█████████▍| 47/50 [00:48<00:03,  1.03s/it, Saved at =inf, TrLoss=0.1712]
 Training ATK-edg60000-s8-t7:  94%|█████████▍| 47/50 [00:49<00:03,  1.03s/it, Saved at =inf, TrLoss=0.1672]
 Training ATK-edg60000-s8-t7:  96%|█████████▌| 48/50 [00:49<00:02,  1.03s/it, Saved at =inf, TrLoss=0.1672]
 Training ATK-edg60000-s8-t7:  96%|█████████▌| 48/50 [00:50<00:02,  1.03s/it, Saved at =inf, TrLoss=0.1684]
 Training ATK-edg60000-s8-t7:  98%|█████████▊| 49/50 [00:50<00:01,  1.03s/it, Saved at =inf, TrLoss=0.1684]
 Training ATK-edg60000-s8-t7:  98%|█████████▊| 49/50 [00:51<00:01,  1.03s/it, Saved at =inf, TrLoss=0.1681]
 Training ATK-edg60000-s8-t7: 100%|██████████| 50/50 [00:51<00:00,  1.03s/it, Saved at =inf, TrLoss=0.1681]
 Training ATK-edg60000-s8-t7: 100%|██████████| 50/50 [00:51<00:00,  1.03s/it, Saved at =inf, TrLoss=0.1681]
[17:55:58]   MCC=0.608±0.063, AUC=0.899±0.026, BAcc=0.813±0.041
[18:02:28]   [edg60000 s8] 1500/13278 candidates scanned, 1365 eligible
[18:04:35]   [edg60000 s8] 2000/13278 candidates scanned, 1811 eligible
[18:06:39]   [edg60000 s8] 2500/13278 candidates scanned, 2246 eligible
[18:08:39]   [edg60000 s8] 3000/13278 candidates scanned, 2668 eligible
[18:10:37]   [edg60000 s8] 3500/13278 candidates scanned, 3081 eligible
[18:12:35]   [edg60000 s8] 4000/13278 candidates scanned, 3495 eligible
[18:14:24]   [edg60000 s8] 4500/13278 candidates scanned, 3875 eligible
[18:16:10]   [edg60000 s8] 5000/13278 candidates scanned, 4246 eligible
[18:18:00]   [edg60000 s8] 5500/13278 candidates scanned, 4633 eligible
[18:19:47]   [edg60000 s8] 6000/13278 candidates scanned, 5006 eligible
[18:21:35]   [edg60000 s8] 6500/13278 candidates scanned, 5387 eligible
[18:23:17]   [edg60000 s8] 7000/13278 candidates scanned, 5739 eligible
[18:26:23]   [edg60000 s8] 8000/13278 candidates scanned, 6385 eligible
[18:27:45]   [edg60000 s8] 8500/13278 candidates scanned, 6671 eligible
[18:29:29]   [edg60000 s8] 9000/13278 candidates scanned, 7033 eligible
[18:31:15]   [edg60000 s8] 9500/13278 candidates scanned, 7400 eligible
[18:32:56]   [edg60000 s8] 10000/13278 candidates scanned, 7751 eligible
[18:40:20]   [edg60000 s8] 13000/13278 candidates scanned, 9302 eligible
[18:40:42]   edg60000 seed 8: n=9377 AUC=0.899 | flip% random total/prop 6.3/1.8 | optimized 10.1/3.0 | 51.3 min
[18:40:42] Training GDTE on edg60000 (seed=9)...

 Training FV-edg60000-s9-t2:   0%|          | 0/50 [00:00<?, ?it/s]
 Training FV-edg60000-s9-t2:   0%|          | 0/50 [00:00<?, ?it/s, Saved at =inf, TrLoss=0.6864]
 Training FV-edg60000-s9-t2:   2%|▏         | 1/50 [00:00<00:16,  3.00it/s, Saved at =inf, TrLoss=0.6864]
 Training FV-edg60000-s9-t2:   2%|▏         | 1/50 [00:00<00:16,  3.00it/s, Saved at =inf, TrLoss=0.4556]
 Training FV-edg60000-s9-t2:   4%|▍         | 2/50 [00:00<00:15,  3.10it/s, Saved at =inf, TrLoss=0.4556]
 Training FV-edg60000-s9-t2:   4%|▍         | 2/50 [00:00<00:15,  3.10it/s, Saved at =inf, TrLoss=0.7606]
 Training FV-edg60000-s9-t2:   6%|▌         | 3/50 [00:00<00:14,  3.14it/s, Saved at =inf, TrLoss=0.7606]
 Training FV-edg60000-s9-t2:   6%|▌         | 3/50 [00:01<00:14,  3.14it/s, Saved at =inf, TrLoss=0.3236]
 Training FV-edg60000-s9-t2:   8%|▊         | 4/50 [00:01<00:14,  3.15it/s, Saved at =inf, TrLoss=0.3236]
 Training FV-edg60000-s9-t2:   8%|▊         | 4/50 [00:01<00:14,  3.15it/s, Saved at =inf, TrLoss=0.2784]
 Training FV-edg60000-s9-t2:  10%|█         | 5/50 [00:01<00:14,  3.16it/s, Saved at =inf, TrLoss=0.2784]
 Training FV-edg60000-s9-t2:  10%|█         | 5/50 [00:01<00:14,  3.16it/s, Saved at =inf, TrLoss=0.3075]
 Training FV-edg60000-s9-t2:  12%|█▏        | 6/50 [00:01<00:13,  3.17it/s, Saved at =inf, TrLoss=0.3075]
 Training FV-edg60000-s9-t2:  12%|█▏        | 6/50 [00:02<00:13,  3.17it/s, Saved at =inf, TrLoss=0.2821]
 Training FV-edg60000-s9-t2:  14%|█▍        | 7/50 [00:02<00:13,  3.17it/s, Saved at =inf, TrLoss=0.2821]
 Training FV-edg60000-s9-t2:  14%|█▍        | 7/50 [00:02<00:13,  3.17it/s, Saved at =inf, TrLoss=0.2591]
 Training FV-edg60000-s9-t2:  16%|█▌        | 8/50 [00:02<00:13,  3.17it/s, Saved at =inf, TrLoss=0.2591]
 Training FV-edg60000-s9-t2:  16%|█▌        | 8/50 [00:02<00:13,  3.17it/s, Saved at =inf, TrLoss=0.2522]
 Training FV-edg60000-s9-t2:  18%|█▊        | 9/50 [00:02<00:13,  3.15it/s, Saved at =inf, TrLoss=0.2522]
 Training FV-edg60000-s9-t2:  18%|█▊        | 9/50 [00:03<00:13,  3.15it/s, Saved at =inf, TrLoss=0.2443]
 Training FV-edg60000-s9-t2:  20%|██        | 10/50 [00:03<00:12,  3.16it/s, Saved at =inf, TrLoss=0.2443]
 Training FV-edg60000-s9-t2:  20%|██        | 10/50 [00:03<00:12,  3.16it/s, Saved at =inf, TrLoss=0.2252]
 Training FV-edg60000-s9-t2:  22%|██▏       | 11/50 [00:03<00:12,  3.16it/s, Saved at =inf, TrLoss=0.2252]
 Training FV-edg60000-s9-t2:  22%|██▏       | 11/50 [00:03<00:12,  3.16it/s, Saved at =inf, TrLoss=0.2058]
 Training FV-edg60000-s9-t2:  24%|██▍       | 12/50 [00:03<00:11,  3.17it/s, Saved at =inf, TrLoss=0.2058]
 Training FV-edg60000-s9-t2:  24%|██▍       | 12/50 [00:04<00:11,  3.17it/s, Saved at =inf, TrLoss=0.2059]
 Training FV-edg60000-s9-t2:  26%|██▌       | 13/50 [00:04<00:11,  3.18it/s, Saved at =inf, TrLoss=0.2059]
 Training FV-edg60000-s9-t2:  26%|██▌       | 13/50 [00:04<00:11,  3.18it/s, Saved at =inf, TrLoss=0.2099]
 Training FV-edg60000-s9-t2:  28%|██▊       | 14/50 [00:04<00:11,  3.18it/s, Saved at =inf, TrLoss=0.2099]
 Training FV-edg60000-s9-t2:  28%|██▊       | 14/50 [00:04<00:11,  3.18it/s, Saved at =inf, TrLoss=0.2041]
 Training FV-edg60000-s9-t2:  30%|███       | 15/50 [00:04<00:11,  3.18it/s, Saved at =inf, TrLoss=0.2041]
 Training FV-edg60000-s9-t2:  30%|███       | 15/50 [00:04<00:11,  3.18it/s, Saved at =inf, TrLoss=0.2020]
 Training FV-edg60000-s9-t2:  32%|███▏      | 16/50 [00:05<00:10,  3.18it/s, Saved at =inf, TrLoss=0.2020]
 Training FV-edg60000-s9-t2:  32%|███▏      | 16/50 [00:05<00:10,  3.18it/s, Saved at =inf, TrLoss=0.1967]
 Training FV-edg60000-s9-t2:  34%|███▍      | 17/50 [00:05<00:10,  3.18it/s, Saved at =inf, TrLoss=0.1967]
 Training FV-edg60000-s9-t2:  34%|███▍      | 17/50 [00:05<00:10,  3.18it/s, Saved at =inf, TrLoss=0.1871]
 Training FV-edg60000-s9-t2:  36%|███▌      | 18/50 [00:05<00:10,  3.18it/s, Saved at =inf, TrLoss=0.1871]
 Training FV-edg60000-s9-t2:  36%|███▌      | 18/50 [00:05<00:10,  3.18it/s, Saved at =inf, TrLoss=0.1821]
 Training FV-edg60000-s9-t2:  38%|███▊      | 19/50 [00:06<00:09,  3.18it/s, Saved at =inf, TrLoss=0.1821]
 Training FV-edg60000-s9-t2:  38%|███▊      | 19/50 [00:06<00:09,  3.18it/s, Saved at =inf, TrLoss=0.1820]
 Training FV-edg60000-s9-t2:  40%|████      | 20/50 [00:06<00:09,  3.18it/s, Saved at =inf, TrLoss=0.1820]
 Training FV-edg60000-s9-t2:  40%|████      | 20/50 [00:06<00:09,  3.18it/s, Saved at =inf, TrLoss=0.1791]
 Training FV-edg60000-s9-t2:  42%|████▏     | 21/50 [00:06<00:09,  3.18it/s, Saved at =inf, TrLoss=0.1791]
 Training FV-edg60000-s9-t2:  42%|████▏     | 21/50 [00:06<00:09,  3.18it/s, Saved at =inf, TrLoss=0.1788]
 Training FV-edg60000-s9-t2:  44%|████▍     | 22/50 [00:06<00:08,  3.18it/s, Saved at =inf, TrLoss=0.1788]
 Training FV-edg60000-s9-t2:  44%|████▍     | 22/50 [00:07<00:08,  3.18it/s, Saved at =inf, TrLoss=0.1808]
 Training FV-edg60000-s9-t2:  46%|████▌     | 23/50 [00:07<00:08,  3.18it/s, Saved at =inf, TrLoss=0.1808]
 Training FV-edg60000-s9-t2:  46%|████▌     | 23/50 [00:07<00:08,  3.18it/s, Saved at =inf, TrLoss=0.1722]
 Training FV-edg60000-s9-t2:  48%|████▊     | 24/50 [00:07<00:08,  3.18it/s, Saved at =inf, TrLoss=0.1722]
 Training FV-edg60000-s9-t2:  48%|████▊     | 24/50 [00:07<00:08,  3.18it/s, Saved at =inf, TrLoss=0.1689]
 Training FV-edg60000-s9-t2:  50%|█████     | 25/50 [00:07<00:07,  3.18it/s, Saved at =inf, TrLoss=0.1689]
 Training FV-edg60000-s9-t2:  50%|█████     | 25/50 [00:08<00:07,  3.18it/s, Saved at =inf, TrLoss=0.1689]
 Training FV-edg60000-s9-t2:  52%|█████▏    | 26/50 [00:08<00:07,  3.18it/s, Saved at =inf, TrLoss=0.1689]
 Training FV-edg60000-s9-t2:  52%|█████▏    | 26/50 [00:08<00:07,  3.18it/s, Saved at =inf, TrLoss=0.1656]
 Training FV-edg60000-s9-t2:  54%|█████▍    | 27/50 [00:08<00:07,  3.18it/s, Saved at =inf, TrLoss=0.1656]
 Training FV-edg60000-s9-t2:  54%|█████▍    | 27/50 [00:08<00:07,  3.18it/s, Saved at =inf, TrLoss=0.1660]
 Training FV-edg60000-s9-t2:  56%|█████▌    | 28/50 [00:08<00:06,  3.18it/s, Saved at =inf, TrLoss=0.1660]
 Training FV-edg60000-s9-t2:  56%|█████▌    | 28/50 [00:09<00:06,  3.18it/s, Saved at =inf, TrLoss=0.1643]
 Training FV-edg60000-s9-t2:  58%|█████▊    | 29/50 [00:09<00:06,  3.18it/s, Saved at =inf, TrLoss=0.1643]
 Training FV-edg60000-s9-t2:  58%|█████▊    | 29/50 [00:09<00:06,  3.18it/s, Saved at =inf, TrLoss=0.1635]
 Training FV-edg60000-s9-t2:  60%|██████    | 30/50 [00:09<00:06,  3.18it/s, Saved at =inf, TrLoss=0.1635]
 Training FV-edg60000-s9-t2:  60%|██████    | 30/50 [00:09<00:06,  3.18it/s, Saved at =inf, TrLoss=0.1608]
 Training FV-edg60000-s9-t2:  62%|██████▏   | 31/50 [00:09<00:05,  3.18it/s, Saved at =inf, TrLoss=0.1608]
 Training FV-edg60000-s9-t2:  62%|██████▏   | 31/50 [00:09<00:05,  3.18it/s, Saved at =inf, TrLoss=0.1574]
 Training FV-edg60000-s9-t2:  64%|██████▍   | 32/50 [00:10<00:05,  3.18it/s, Saved at =inf, TrLoss=0.1574]
 Training FV-edg60000-s9-t2:  64%|██████▍   | 32/50 [00:10<00:05,  3.18it/s, Saved at =inf, TrLoss=0.1559]
 Training FV-edg60000-s9-t2:  66%|██████▌   | 33/50 [00:10<00:05,  3.18it/s, Saved at =inf, TrLoss=0.1559]
 Training FV-edg60000-s9-t2:  66%|██████▌   | 33/50 [00:10<00:05,  3.18it/s, Saved at =inf, TrLoss=0.1541]
 Training FV-edg60000-s9-t2:  68%|██████▊   | 34/50 [00:10<00:05,  3.18it/s, Saved at =inf, TrLoss=0.1541]
 Training FV-edg60000-s9-t2:  68%|██████▊   | 34/50 [00:10<00:05,  3.18it/s, Saved at =inf, TrLoss=0.1532]
 Training FV-edg60000-s9-t2:  70%|███████   | 35/50 [00:11<00:04,  3.18it/s, Saved at =inf, TrLoss=0.1532]
 Training FV-edg60000-s9-t2:  70%|███████   | 35/50 [00:11<00:04,  3.18it/s, Saved at =inf, TrLoss=0.1538]
 Training FV-edg60000-s9-t2:  72%|███████▏  | 36/50 [00:11<00:04,  3.18it/s, Saved at =inf, TrLoss=0.1538]
 Training FV-edg60000-s9-t2:  72%|███████▏  | 36/50 [00:11<00:04,  3.18it/s, Saved at =inf, TrLoss=0.1491]
 Training FV-edg60000-s9-t2:  74%|███████▍  | 37/50 [00:11<00:04,  3.18it/s, Saved at =inf, TrLoss=0.1491]
 Training FV-edg60000-s9-t2:  74%|███████▍  | 37/50 [00:11<00:04,  3.18it/s, Saved at =inf, TrLoss=0.1481]
 Training FV-edg60000-s9-t2:  76%|███████▌  | 38/50 [00:11<00:03,  3.18it/s, Saved at =inf, TrLoss=0.1481]
 Training FV-edg60000-s9-t2:  76%|███████▌  | 38/50 [00:12<00:03,  3.18it/s, Saved at =inf, TrLoss=0.1479]
 Training FV-edg60000-s9-t2:  78%|███████▊  | 39/50 [00:12<00:03,  3.18it/s, Saved at =inf, TrLoss=0.1479]
 Training FV-edg60000-s9-t2:  78%|███████▊  | 39/50 [00:12<00:03,  3.18it/s, Saved at =inf, TrLoss=0.1455]
 Training FV-edg60000-s9-t2:  80%|████████  | 40/50 [00:12<00:03,  3.18it/s, Saved at =inf, TrLoss=0.1455]
 Training FV-edg60000-s9-t2:  80%|████████  | 40/50 [00:12<00:03,  3.18it/s, Saved at =inf, TrLoss=0.1454]
 Training FV-edg60000-s9-t2:  82%|████████▏ | 41/50 [00:12<00:02,  3.18it/s, Saved at =inf, TrLoss=0.1454]
 Training FV-edg60000-s9-t2:  82%|████████▏ | 41/50 [00:13<00:02,  3.18it/s, Saved at =inf, TrLoss=0.1448]
 Training FV-edg60000-s9-t2:  84%|████████▍ | 42/50 [00:13<00:02,  3.18it/s, Saved at =inf, TrLoss=0.1448]
 Training FV-edg60000-s9-t2:  84%|████████▍ | 42/50 [00:13<00:02,  3.18it/s, Saved at =inf, TrLoss=0.1435]
 Training FV-edg60000-s9-t2:  86%|████████▌ | 43/50 [00:13<00:02,  3.18it/s, Saved at =inf, TrLoss=0.1435]
 Training FV-edg60000-s9-t2:  86%|████████▌ | 43/50 [00:13<00:02,  3.18it/s, Saved at =inf, TrLoss=0.1421]
 Training FV-edg60000-s9-t2:  88%|████████▊ | 44/50 [00:13<00:01,  3.18it/s, Saved at =inf, TrLoss=0.1421]
 Training FV-edg60000-s9-t2:  88%|████████▊ | 44/50 [00:14<00:01,  3.18it/s, Saved at =inf, TrLoss=0.1416]
 Training FV-edg60000-s9-t2:  90%|█████████ | 45/50 [00:14<00:01,  3.18it/s, Saved at =inf, TrLoss=0.1416]
 Training FV-edg60000-s9-t2:  90%|█████████ | 45/50 [00:14<00:01,  3.18it/s, Saved at =inf, TrLoss=0.1397]
 Training FV-edg60000-s9-t2:  92%|█████████▏| 46/50 [00:14<00:01,  3.19it/s, Saved at =inf, TrLoss=0.1397]
 Training FV-edg60000-s9-t2:  92%|█████████▏| 46/50 [00:14<00:01,  3.19it/s, Saved at =inf, TrLoss=0.1406]
 Training FV-edg60000-s9-t2:  94%|█████████▍| 47/50 [00:14<00:00,  3.19it/s, Saved at =inf, TrLoss=0.1406]
 Training FV-edg60000-s9-t2:  94%|█████████▍| 47/50 [00:15<00:00,  3.19it/s, Saved at =inf, TrLoss=0.1370]
 Training FV-edg60000-s9-t2:  96%|█████████▌| 48/50 [00:15<00:00,  3.18it/s, Saved at =inf, TrLoss=0.1370]
 Training FV-edg60000-s9-t2:  96%|█████████▌| 48/50 [00:15<00:00,  3.18it/s, Saved at =inf, TrLoss=0.1381]
 Training FV-edg60000-s9-t2:  98%|█████████▊| 49/50 [00:15<00:00,  3.18it/s, Saved at =inf, TrLoss=0.1381]
 Training FV-edg60000-s9-t2:  98%|█████████▊| 49/50 [00:15<00:00,  3.18it/s, Saved at =inf, TrLoss=0.1370]
 Training FV-edg60000-s9-t2: 100%|██████████| 50/50 [00:15<00:00,  3.17it/s, Saved at =inf, TrLoss=0.1370]
 Training FV-edg60000-s9-t2: 100%|██████████| 50/50 [00:15<00:00,  3.18it/s, Saved at =inf, TrLoss=0.1370]

 Training FV-edg60000-s9-t3:   0%|          | 0/50 [00:00<?, ?it/s]
 Training FV-edg60000-s9-t3:   0%|          | 0/50 [00:00<?, ?it/s, Saved at =inf, TrLoss=0.6172]
 Training FV-edg60000-s9-t3:   2%|▏         | 1/50 [00:00<00:21,  2.30it/s, Saved at =inf, TrLoss=0.6172]
 Training FV-edg60000-s9-t3:   2%|▏         | 1/50 [00:00<00:21,  2.30it/s, Saved at =inf, TrLoss=0.4938]
 Training FV-edg60000-s9-t3:   4%|▍         | 2/50 [00:00<00:20,  2.34it/s, Saved at =inf, TrLoss=0.4938]
 Training FV-edg60000-s9-t3:   4%|▍         | 2/50 [00:01<00:20,  2.34it/s, Saved at =inf, TrLoss=0.5457]
 Training FV-edg60000-s9-t3:   6%|▌         | 3/50 [00:01<00:19,  2.36it/s, Saved at =inf, TrLoss=0.5457]
 Training FV-edg60000-s9-t3:   6%|▌         | 3/50 [00:01<00:19,  2.36it/s, Saved at =inf, TrLoss=0.3035]
 Training FV-edg60000-s9-t3:   8%|▊         | 4/50 [00:01<00:19,  2.36it/s, Saved at =inf, TrLoss=0.3035]
 Training FV-edg60000-s9-t3:   8%|▊         | 4/50 [00:02<00:19,  2.36it/s, Saved at =inf, TrLoss=0.3297]
 Training FV-edg60000-s9-t3:  10%|█         | 5/50 [00:02<00:19,  2.37it/s, Saved at =inf, TrLoss=0.3297]
 Training FV-edg60000-s9-t3:  10%|█         | 5/50 [00:02<00:19,  2.37it/s, Saved at =inf, TrLoss=0.3553]
 Training FV-edg60000-s9-t3:  12%|█▏        | 6/50 [00:02<00:18,  2.37it/s, Saved at =inf, TrLoss=0.3553]
 Training FV-edg60000-s9-t3:  12%|█▏        | 6/50 [00:02<00:18,  2.37it/s, Saved at =inf, TrLoss=0.3086]
 Training FV-edg60000-s9-t3:  14%|█▍        | 7/50 [00:02<00:18,  2.37it/s, Saved at =inf, TrLoss=0.3086]
 Training FV-edg60000-s9-t3:  14%|█▍        | 7/50 [00:03<00:18,  2.37it/s, Saved at =inf, TrLoss=0.2665]
 Training FV-edg60000-s9-t3:  16%|█▌        | 8/50 [00:03<00:17,  2.37it/s, Saved at =inf, TrLoss=0.2665]
 Training FV-edg60000-s9-t3:  16%|█▌        | 8/50 [00:03<00:17,  2.37it/s, Saved at =inf, TrLoss=0.2596]
 Training FV-edg60000-s9-t3:  18%|█▊        | 9/50 [00:03<00:17,  2.37it/s, Saved at =inf, TrLoss=0.2596]
 Training FV-edg60000-s9-t3:  18%|█▊        | 9/50 [00:04<00:17,  2.37it/s, Saved at =inf, TrLoss=0.2648]
 Training FV-edg60000-s9-t3:  20%|██        | 10/50 [00:04<00:16,  2.37it/s, Saved at =inf, TrLoss=0.2648]
 Training FV-edg60000-s9-t3:  20%|██        | 10/50 [00:04<00:16,  2.37it/s, Saved at =inf, TrLoss=0.2501]
 Training FV-edg60000-s9-t3:  22%|██▏       | 11/50 [00:04<00:16,  2.38it/s, Saved at =inf, TrLoss=0.2501]
 Training FV-edg60000-s9-t3:  22%|██▏       | 11/50 [00:04<00:16,  2.38it/s, Saved at =inf, TrLoss=0.2361]
 Training FV-edg60000-s9-t3:  24%|██▍       | 12/50 [00:05<00:15,  2.38it/s, Saved at =inf, TrLoss=0.2361]
 Training FV-edg60000-s9-t3:  24%|██▍       | 12/50 [00:05<00:15,  2.38it/s, Saved at =inf, TrLoss=0.2427]
 Training FV-edg60000-s9-t3:  26%|██▌       | 13/50 [00:05<00:15,  2.38it/s, Saved at =inf, TrLoss=0.2427]
 Training FV-edg60000-s9-t3:  26%|██▌       | 13/50 [00:05<00:15,  2.38it/s, Saved at =inf, TrLoss=0.2341]
 Training FV-edg60000-s9-t3:  28%|██▊       | 14/50 [00:05<00:15,  2.38it/s, Saved at =inf, TrLoss=0.2341]
 Training FV-edg60000-s9-t3:  28%|██▊       | 14/50 [00:06<00:15,  2.38it/s, Saved at =inf, TrLoss=0.2210]
 Training FV-edg60000-s9-t3:  30%|███       | 15/50 [00:06<00:14,  2.38it/s, Saved at =inf, TrLoss=0.2210]
 Training FV-edg60000-s9-t3:  30%|███       | 15/50 [00:06<00:14,  2.38it/s, Saved at =inf, TrLoss=0.2214]
 Training FV-edg60000-s9-t3:  32%|███▏      | 16/50 [00:06<00:14,  2.37it/s, Saved at =inf, TrLoss=0.2214]
 Training FV-edg60000-s9-t3:  32%|███▏      | 16/50 [00:07<00:14,  2.37it/s, Saved at =inf, TrLoss=0.2203]
 Training FV-edg60000-s9-t3:  34%|███▍      | 17/50 [00:07<00:13,  2.37it/s, Saved at =inf, TrLoss=0.2203]
 Training FV-edg60000-s9-t3:  34%|███▍      | 17/50 [00:07<00:13,  2.37it/s, Saved at =inf, TrLoss=0.2141]
 Training FV-edg60000-s9-t3:  36%|███▌      | 18/50 [00:07<00:13,  2.37it/s, Saved at =inf, TrLoss=0.2141]
 Training FV-edg60000-s9-t3:  36%|███▌      | 18/50 [00:07<00:13,  2.37it/s, Saved at =inf, TrLoss=0.2072]
 Training FV-edg60000-s9-t3:  38%|███▊      | 19/50 [00:08<00:13,  2.37it/s, Saved at =inf, TrLoss=0.2072]
 Training FV-edg60000-s9-t3:  38%|███▊      | 19/50 [00:08<00:13,  2.37it/s, Saved at =inf, TrLoss=0.2047]
 Training FV-edg60000-s9-t3:  40%|████      | 20/50 [00:08<00:12,  2.37it/s, Saved at =inf, TrLoss=0.2047]
 Training FV-edg60000-s9-t3:  40%|████      | 20/50 [00:08<00:12,  2.37it/s, Saved at =inf, TrLoss=0.2024]
 Training FV-edg60000-s9-t3:  42%|████▏     | 21/50 [00:08<00:12,  2.37it/s, Saved at =inf, TrLoss=0.2024]
 Training FV-edg60000-s9-t3:  42%|████▏     | 21/50 [00:09<00:12,  2.37it/s, Saved at =inf, TrLoss=0.1967]
 Training FV-edg60000-s9-t3:  44%|████▍     | 22/50 [00:09<00:11,  2.37it/s, Saved at =inf, TrLoss=0.1967]
 Training FV-edg60000-s9-t3:  44%|████▍     | 22/50 [00:09<00:11,  2.37it/s, Saved at =inf, TrLoss=0.1919]
 Training FV-edg60000-s9-t3:  46%|████▌     | 23/50 [00:09<00:11,  2.37it/s, Saved at =inf, TrLoss=0.1919]
 Training FV-edg60000-s9-t3:  46%|████▌     | 23/50 [00:10<00:11,  2.37it/s, Saved at =inf, TrLoss=0.1919]
 Training FV-edg60000-s9-t3:  48%|████▊     | 24/50 [00:10<00:10,  2.37it/s, Saved at =inf, TrLoss=0.1919]
 Training FV-edg60000-s9-t3:  48%|████▊     | 24/50 [00:10<00:10,  2.37it/s, Saved at =inf, TrLoss=0.1903]
 Training FV-edg60000-s9-t3:  50%|█████     | 25/50 [00:10<00:10,  2.37it/s, Saved at =inf, TrLoss=0.1903]
 Training FV-edg60000-s9-t3:  50%|█████     | 25/50 [00:10<00:10,  2.37it/s, Saved at =inf, TrLoss=0.1898]
 Training FV-edg60000-s9-t3:  52%|█████▏    | 26/50 [00:10<00:10,  2.37it/s, Saved at =inf, TrLoss=0.1898]
 Training FV-edg60000-s9-t3:  52%|█████▏    | 26/50 [00:11<00:10,  2.37it/s, Saved at =inf, TrLoss=0.1866]
 Training FV-edg60000-s9-t3:  54%|█████▍    | 27/50 [00:11<00:09,  2.37it/s, Saved at =inf, TrLoss=0.1866]
 Training FV-edg60000-s9-t3:  54%|█████▍    | 27/50 [00:11<00:09,  2.37it/s, Saved at =inf, TrLoss=0.1836]
 Training FV-edg60000-s9-t3:  56%|█████▌    | 28/50 [00:11<00:09,  2.37it/s, Saved at =inf, TrLoss=0.1836]
 Training FV-edg60000-s9-t3:  56%|█████▌    | 28/50 [00:12<00:09,  2.37it/s, Saved at =inf, TrLoss=0.1786]
 Training FV-edg60000-s9-t3:  58%|█████▊    | 29/50 [00:12<00:08,  2.37it/s, Saved at =inf, TrLoss=0.1786]
 Training FV-edg60000-s9-t3:  58%|█████▊    | 29/50 [00:12<00:08,  2.37it/s, Saved at =inf, TrLoss=0.1789]
 Training FV-edg60000-s9-t3:  60%|██████    | 30/50 [00:12<00:08,  2.37it/s, Saved at =inf, TrLoss=0.1789]
 Training FV-edg60000-s9-t3:  60%|██████    | 30/50 [00:12<00:08,  2.37it/s, Saved at =inf, TrLoss=0.1767]
 Training FV-edg60000-s9-t3:  62%|██████▏   | 31/50 [00:13<00:08,  2.37it/s, Saved at =inf, TrLoss=0.1767]
 Training FV-edg60000-s9-t3:  62%|██████▏   | 31/50 [00:13<00:08,  2.37it/s, Saved at =inf, TrLoss=0.1730]
 Training FV-edg60000-s9-t3:  64%|██████▍   | 32/50 [00:13<00:07,  2.37it/s, Saved at =inf, TrLoss=0.1730]
 Training FV-edg60000-s9-t3:  64%|██████▍   | 32/50 [00:13<00:07,  2.37it/s, Saved at =inf, TrLoss=0.1714]
 Training FV-edg60000-s9-t3:  66%|██████▌   | 33/50 [00:13<00:07,  2.38it/s, Saved at =inf, TrLoss=0.1714]
 Training FV-edg60000-s9-t3:  66%|██████▌   | 33/50 [00:14<00:07,  2.38it/s, Saved at =inf, TrLoss=0.1687]
 Training FV-edg60000-s9-t3:  68%|██████▊   | 34/50 [00:14<00:06,  2.38it/s, Saved at =inf, TrLoss=0.1687]
 Training FV-edg60000-s9-t3:  68%|██████▊   | 34/50 [00:14<00:06,  2.38it/s, Saved at =inf, TrLoss=0.1659]
 Training FV-edg60000-s9-t3:  70%|███████   | 35/50 [00:14<00:06,  2.38it/s, Saved at =inf, TrLoss=0.1659]
 Training FV-edg60000-s9-t3:  70%|███████   | 35/50 [00:15<00:06,  2.38it/s, Saved at =inf, TrLoss=0.1668]
 Training FV-edg60000-s9-t3:  72%|███████▏  | 36/50 [00:15<00:05,  2.38it/s, Saved at =inf, TrLoss=0.1668]
 Training FV-edg60000-s9-t3:  72%|███████▏  | 36/50 [00:15<00:05,  2.38it/s, Saved at =inf, TrLoss=0.1627]
 Training FV-edg60000-s9-t3:  74%|███████▍  | 37/50 [00:15<00:05,  2.38it/s, Saved at =inf, TrLoss=0.1627]
 Training FV-edg60000-s9-t3:  74%|███████▍  | 37/50 [00:15<00:05,  2.38it/s, Saved at =inf, TrLoss=0.1629]
 Training FV-edg60000-s9-t3:  76%|███████▌  | 38/50 [00:16<00:05,  2.38it/s, Saved at =inf, TrLoss=0.1629]
 Training FV-edg60000-s9-t3:  76%|███████▌  | 38/50 [00:16<00:05,  2.38it/s, Saved at =inf, TrLoss=0.1600]
 Training FV-edg60000-s9-t3:  78%|███████▊  | 39/50 [00:16<00:04,  2.38it/s, Saved at =inf, TrLoss=0.1600]
 Training FV-edg60000-s9-t3:  78%|███████▊  | 39/50 [00:16<00:04,  2.38it/s, Saved at =inf, TrLoss=0.1580]
 Training FV-edg60000-s9-t3:  80%|████████  | 40/50 [00:16<00:04,  2.38it/s, Saved at =inf, TrLoss=0.1580]
 Training FV-edg60000-s9-t3:  80%|████████  | 40/50 [00:17<00:04,  2.38it/s, Saved at =inf, TrLoss=0.1565]
 Training FV-edg60000-s9-t3:  82%|████████▏ | 41/50 [00:17<00:03,  2.38it/s, Saved at =inf, TrLoss=0.1565]
 Training FV-edg60000-s9-t3:  82%|████████▏ | 41/50 [00:17<00:03,  2.38it/s, Saved at =inf, TrLoss=0.1562]
 Training FV-edg60000-s9-t3:  84%|████████▍ | 42/50 [00:17<00:03,  2.38it/s, Saved at =inf, TrLoss=0.1562]
 Training FV-edg60000-s9-t3:  84%|████████▍ | 42/50 [00:18<00:03,  2.38it/s, Saved at =inf, TrLoss=0.1541]
 Training FV-edg60000-s9-t3:  86%|████████▌ | 43/50 [00:18<00:02,  2.38it/s, Saved at =inf, TrLoss=0.1541]
 Training FV-edg60000-s9-t3:  86%|████████▌ | 43/50 [00:18<00:02,  2.38it/s, Saved at =inf, TrLoss=0.1529]
 Training FV-edg60000-s9-t3:  88%|████████▊ | 44/50 [00:18<00:02,  2.38it/s, Saved at =inf, TrLoss=0.1529]
 Training FV-edg60000-s9-t3:  88%|████████▊ | 44/50 [00:18<00:02,  2.38it/s, Saved at =inf, TrLoss=0.1522]
 Training FV-edg60000-s9-t3:  90%|█████████ | 45/50 [00:18<00:02,  2.38it/s, Saved at =inf, TrLoss=0.1522]
 Training FV-edg60000-s9-t3:  90%|█████████ | 45/50 [00:19<00:02,  2.38it/s, Saved at =inf, TrLoss=0.1492]
 Training FV-edg60000-s9-t3:  92%|█████████▏| 46/50 [00:19<00:01,  2.37it/s, Saved at =inf, TrLoss=0.1492]
 Training FV-edg60000-s9-t3:  92%|█████████▏| 46/50 [00:19<00:01,  2.37it/s, Saved at =inf, TrLoss=0.1492]
 Training FV-edg60000-s9-t3:  94%|█████████▍| 47/50 [00:19<00:01,  2.37it/s, Saved at =inf, TrLoss=0.1492]
 Training FV-edg60000-s9-t3:  94%|█████████▍| 47/50 [00:20<00:01,  2.37it/s, Saved at =inf, TrLoss=0.1489]
 Training FV-edg60000-s9-t3:  96%|█████████▌| 48/50 [00:20<00:00,  2.37it/s, Saved at =inf, TrLoss=0.1489]
 Training FV-edg60000-s9-t3:  96%|█████████▌| 48/50 [00:20<00:00,  2.37it/s, Saved at =inf, TrLoss=0.1485]
 Training FV-edg60000-s9-t3:  98%|█████████▊| 49/50 [00:20<00:00,  2.37it/s, Saved at =inf, TrLoss=0.1485]
 Training FV-edg60000-s9-t3:  98%|█████████▊| 49/50 [00:20<00:00,  2.37it/s, Saved at =inf, TrLoss=0.1462]
 Training FV-edg60000-s9-t3: 100%|██████████| 50/50 [00:21<00:00,  2.37it/s, Saved at =inf, TrLoss=0.1462]
 Training FV-edg60000-s9-t3: 100%|██████████| 50/50 [00:21<00:00,  2.37it/s, Saved at =inf, TrLoss=0.1462]

 Training FV-edg60000-s9-t4:   0%|          | 0/50 [00:00<?, ?it/s]
 Training FV-edg60000-s9-t4:   0%|          | 0/50 [00:00<?, ?it/s, Saved at =inf, TrLoss=0.7562]
 Training FV-edg60000-s9-t4:   2%|▏         | 1/50 [00:00<00:27,  1.76it/s, Saved at =inf, TrLoss=0.7562]
 Training FV-edg60000-s9-t4:   2%|▏         | 1/50 [00:00<00:27,  1.76it/s, Saved at =inf, TrLoss=0.6565]
 Training FV-edg60000-s9-t4:   4%|▍         | 2/50 [00:01<00:26,  1.79it/s, Saved at =inf, TrLoss=0.6565]
 Training FV-edg60000-s9-t4:   4%|▍         | 2/50 [00:01<00:26,  1.79it/s, Saved at =inf, TrLoss=0.4055]
 Training FV-edg60000-s9-t4:   6%|▌         | 3/50 [00:01<00:26,  1.80it/s, Saved at =inf, TrLoss=0.4055]
 Training FV-edg60000-s9-t4:   6%|▌         | 3/50 [00:02<00:26,  1.80it/s, Saved at =inf, TrLoss=0.3693]
 Training FV-edg60000-s9-t4:   8%|▊         | 4/50 [00:02<00:25,  1.80it/s, Saved at =inf, TrLoss=0.3693]
 Training FV-edg60000-s9-t4:   8%|▊         | 4/50 [00:02<00:25,  1.80it/s, Saved at =inf, TrLoss=0.3309]
 Training FV-edg60000-s9-t4:  10%|█         | 5/50 [00:02<00:24,  1.80it/s, Saved at =inf, TrLoss=0.3309]
 Training FV-edg60000-s9-t4:  10%|█         | 5/50 [00:03<00:24,  1.80it/s, Saved at =inf, TrLoss=0.3310]
 Training FV-edg60000-s9-t4:  12%|█▏        | 6/50 [00:03<00:24,  1.80it/s, Saved at =inf, TrLoss=0.3310]
 Training FV-edg60000-s9-t4:  12%|█▏        | 6/50 [00:03<00:24,  1.80it/s, Saved at =inf, TrLoss=0.2852]
 Training FV-edg60000-s9-t4:  14%|█▍        | 7/50 [00:03<00:23,  1.81it/s, Saved at =inf, TrLoss=0.2852]
 Training FV-edg60000-s9-t4:  14%|█▍        | 7/50 [00:04<00:23,  1.81it/s, Saved at =inf, TrLoss=0.2600]
 Training FV-edg60000-s9-t4:  16%|█▌        | 8/50 [00:04<00:23,  1.81it/s, Saved at =inf, TrLoss=0.2600]
 Training FV-edg60000-s9-t4:  16%|█▌        | 8/50 [00:04<00:23,  1.81it/s, Saved at =inf, TrLoss=0.2596]
 Training FV-edg60000-s9-t4:  18%|█▊        | 9/50 [00:04<00:22,  1.81it/s, Saved at =inf, TrLoss=0.2596]
 Training FV-edg60000-s9-t4:  18%|█▊        | 9/50 [00:05<00:22,  1.81it/s, Saved at =inf, TrLoss=0.2519]
 Training FV-edg60000-s9-t4:  20%|██        | 10/50 [00:05<00:22,  1.81it/s, Saved at =inf, TrLoss=0.2519]
 Training FV-edg60000-s9-t4:  20%|██        | 10/50 [00:05<00:22,  1.81it/s, Saved at =inf, TrLoss=0.2574]
 Training FV-edg60000-s9-t4:  22%|██▏       | 11/50 [00:06<00:21,  1.81it/s, Saved at =inf, TrLoss=0.2574]
 Training FV-edg60000-s9-t4:  22%|██▏       | 11/50 [00:06<00:21,  1.81it/s, Saved at =inf, TrLoss=0.2385]
 Training FV-edg60000-s9-t4:  24%|██▍       | 12/50 [00:06<00:21,  1.81it/s, Saved at =inf, TrLoss=0.2385]
 Training FV-edg60000-s9-t4:  24%|██▍       | 12/50 [00:07<00:21,  1.81it/s, Saved at =inf, TrLoss=0.2340]
 Training FV-edg60000-s9-t4:  26%|██▌       | 13/50 [00:07<00:20,  1.81it/s, Saved at =inf, TrLoss=0.2340]
 Training FV-edg60000-s9-t4:  26%|██▌       | 13/50 [00:07<00:20,  1.81it/s, Saved at =inf, TrLoss=0.2291]
 Training FV-edg60000-s9-t4:  28%|██▊       | 14/50 [00:07<00:19,  1.81it/s, Saved at =inf, TrLoss=0.2291]
 Training FV-edg60000-s9-t4:  28%|██▊       | 14/50 [00:08<00:19,  1.81it/s, Saved at =inf, TrLoss=0.2235]
 Training FV-edg60000-s9-t4:  30%|███       | 15/50 [00:08<00:19,  1.81it/s, Saved at =inf, TrLoss=0.2235]
 Training FV-edg60000-s9-t4:  30%|███       | 15/50 [00:08<00:19,  1.81it/s, Saved at =inf, TrLoss=0.2195]
 Training FV-edg60000-s9-t4:  32%|███▏      | 16/50 [00:08<00:18,  1.81it/s, Saved at =inf, TrLoss=0.2195]
 Training FV-edg60000-s9-t4:  32%|███▏      | 16/50 [00:09<00:18,  1.81it/s, Saved at =inf, TrLoss=0.2134]
 Training FV-edg60000-s9-t4:  34%|███▍      | 17/50 [00:09<00:18,  1.81it/s, Saved at =inf, TrLoss=0.2134]
 Training FV-edg60000-s9-t4:  34%|███▍      | 17/50 [00:09<00:18,  1.81it/s, Saved at =inf, TrLoss=0.2099]
 Training FV-edg60000-s9-t4:  36%|███▌      | 18/50 [00:09<00:17,  1.81it/s, Saved at =inf, TrLoss=0.2099]
 Training FV-edg60000-s9-t4:  36%|███▌      | 18/50 [00:10<00:17,  1.81it/s, Saved at =inf, TrLoss=0.2083]
 Training FV-edg60000-s9-t4:  38%|███▊      | 19/50 [00:10<00:17,  1.81it/s, Saved at =inf, TrLoss=0.2083]
 Training FV-edg60000-s9-t4:  38%|███▊      | 19/50 [00:10<00:17,  1.81it/s, Saved at =inf, TrLoss=0.2044]
 Training FV-edg60000-s9-t4:  40%|████      | 20/50 [00:11<00:16,  1.81it/s, Saved at =inf, TrLoss=0.2044]
 Training FV-edg60000-s9-t4:  40%|████      | 20/50 [00:11<00:16,  1.81it/s, Saved at =inf, TrLoss=0.1999]
 Training FV-edg60000-s9-t4:  42%|████▏     | 21/50 [00:11<00:16,  1.81it/s, Saved at =inf, TrLoss=0.1999]
 Training FV-edg60000-s9-t4:  42%|████▏     | 21/50 [00:12<00:16,  1.81it/s, Saved at =inf, TrLoss=0.1964]
 Training FV-edg60000-s9-t4:  44%|████▍     | 22/50 [00:12<00:15,  1.81it/s, Saved at =inf, TrLoss=0.1964]
 Training FV-edg60000-s9-t4:  44%|████▍     | 22/50 [00:12<00:15,  1.81it/s, Saved at =inf, TrLoss=0.1951]
 Training FV-edg60000-s9-t4:  46%|████▌     | 23/50 [00:12<00:14,  1.81it/s, Saved at =inf, TrLoss=0.1951]
 Training FV-edg60000-s9-t4:  46%|████▌     | 23/50 [00:13<00:14,  1.81it/s, Saved at =inf, TrLoss=0.1941]
 Training FV-edg60000-s9-t4:  48%|████▊     | 24/50 [00:13<00:14,  1.81it/s, Saved at =inf, TrLoss=0.1941]
 Training FV-edg60000-s9-t4:  48%|████▊     | 24/50 [00:13<00:14,  1.81it/s, Saved at =inf, TrLoss=0.1914]
 Training FV-edg60000-s9-t4:  50%|█████     | 25/50 [00:13<00:13,  1.81it/s, Saved at =inf, TrLoss=0.1914]
 Training FV-edg60000-s9-t4:  50%|█████     | 25/50 [00:14<00:13,  1.81it/s, Saved at =inf, TrLoss=0.1915]
 Training FV-edg60000-s9-t4:  52%|█████▏    | 26/50 [00:14<00:13,  1.81it/s, Saved at =inf, TrLoss=0.1915]
 Training FV-edg60000-s9-t4:  52%|█████▏    | 26/50 [00:14<00:13,  1.81it/s, Saved at =inf, TrLoss=0.1865]
 Training FV-edg60000-s9-t4:  54%|█████▍    | 27/50 [00:14<00:12,  1.81it/s, Saved at =inf, TrLoss=0.1865]
 Training FV-edg60000-s9-t4:  54%|█████▍    | 27/50 [00:15<00:12,  1.81it/s, Saved at =inf, TrLoss=0.1834]
 Training FV-edg60000-s9-t4:  56%|█████▌    | 28/50 [00:15<00:12,  1.80it/s, Saved at =inf, TrLoss=0.1834]
 Training FV-edg60000-s9-t4:  56%|█████▌    | 28/50 [00:15<00:12,  1.80it/s, Saved at =inf, TrLoss=0.1818]
 Training FV-edg60000-s9-t4:  58%|█████▊    | 29/50 [00:16<00:11,  1.80it/s, Saved at =inf, TrLoss=0.1818]
 Training FV-edg60000-s9-t4:  58%|█████▊    | 29/50 [00:16<00:11,  1.80it/s, Saved at =inf, TrLoss=0.1808]
 Training FV-edg60000-s9-t4:  60%|██████    | 30/50 [00:16<00:11,  1.80it/s, Saved at =inf, TrLoss=0.1808]
 Training FV-edg60000-s9-t4:  60%|██████    | 30/50 [00:17<00:11,  1.80it/s, Saved at =inf, TrLoss=0.1771]
 Training FV-edg60000-s9-t4:  62%|██████▏   | 31/50 [00:17<00:10,  1.80it/s, Saved at =inf, TrLoss=0.1771]
 Training FV-edg60000-s9-t4:  62%|██████▏   | 31/50 [00:17<00:10,  1.80it/s, Saved at =inf, TrLoss=0.1759]
 Training FV-edg60000-s9-t4:  64%|██████▍   | 32/50 [00:17<00:09,  1.80it/s, Saved at =inf, TrLoss=0.1759]
 Training FV-edg60000-s9-t4:  64%|██████▍   | 32/50 [00:18<00:09,  1.80it/s, Saved at =inf, TrLoss=0.1739]
 Training FV-edg60000-s9-t4:  66%|██████▌   | 33/50 [00:18<00:09,  1.80it/s, Saved at =inf, TrLoss=0.1739]
 Training FV-edg60000-s9-t4:  66%|██████▌   | 33/50 [00:18<00:09,  1.80it/s, Saved at =inf, TrLoss=0.1738]
 Training FV-edg60000-s9-t4:  68%|██████▊   | 34/50 [00:18<00:08,  1.80it/s, Saved at =inf, TrLoss=0.1738]
 Training FV-edg60000-s9-t4:  68%|██████▊   | 34/50 [00:19<00:08,  1.80it/s, Saved at =inf, TrLoss=0.1693]
 Training FV-edg60000-s9-t4:  70%|███████   | 35/50 [00:19<00:08,  1.80it/s, Saved at =inf, TrLoss=0.1693]
 Training FV-edg60000-s9-t4:  70%|███████   | 35/50 [00:19<00:08,  1.80it/s, Saved at =inf, TrLoss=0.1700]
 Training FV-edg60000-s9-t4:  72%|███████▏  | 36/50 [00:19<00:07,  1.80it/s, Saved at =inf, TrLoss=0.1700]
 Training FV-edg60000-s9-t4:  72%|███████▏  | 36/50 [00:20<00:07,  1.80it/s, Saved at =inf, TrLoss=0.1671]
 Training FV-edg60000-s9-t4:  74%|███████▍  | 37/50 [00:20<00:07,  1.80it/s, Saved at =inf, TrLoss=0.1671]
 Training FV-edg60000-s9-t4:  74%|███████▍  | 37/50 [00:20<00:07,  1.80it/s, Saved at =inf, TrLoss=0.1661]
 Training FV-edg60000-s9-t4:  76%|███████▌  | 38/50 [00:21<00:06,  1.81it/s, Saved at =inf, TrLoss=0.1661]
 Training FV-edg60000-s9-t4:  76%|███████▌  | 38/50 [00:21<00:06,  1.81it/s, Saved at =inf, TrLoss=0.1661]
 Training FV-edg60000-s9-t4:  78%|███████▊  | 39/50 [00:21<00:06,  1.81it/s, Saved at =inf, TrLoss=0.1661]
 Training FV-edg60000-s9-t4:  78%|███████▊  | 39/50 [00:22<00:06,  1.81it/s, Saved at =inf, TrLoss=0.1654]
 Training FV-edg60000-s9-t4:  80%|████████  | 40/50 [00:22<00:05,  1.81it/s, Saved at =inf, TrLoss=0.1654]
 Training FV-edg60000-s9-t4:  80%|████████  | 40/50 [00:22<00:05,  1.81it/s, Saved at =inf, TrLoss=0.1723]
 Training FV-edg60000-s9-t4:  82%|████████▏ | 41/50 [00:22<00:04,  1.81it/s, Saved at =inf, TrLoss=0.1723]
 Training FV-edg60000-s9-t4:  82%|████████▏ | 41/50 [00:23<00:04,  1.81it/s, Saved at =inf, TrLoss=0.1851]
 Training FV-edg60000-s9-t4:  84%|████████▍ | 42/50 [00:23<00:04,  1.81it/s, Saved at =inf, TrLoss=0.1851]
 Training FV-edg60000-s9-t4:  84%|████████▍ | 42/50 [00:23<00:04,  1.81it/s, Saved at =inf, TrLoss=0.1741]
 Training FV-edg60000-s9-t4:  86%|████████▌ | 43/50 [00:23<00:03,  1.81it/s, Saved at =inf, TrLoss=0.1741]
 Training FV-edg60000-s9-t4:  86%|████████▌ | 43/50 [00:24<00:03,  1.81it/s, Saved at =inf, TrLoss=0.1615]
 Training FV-edg60000-s9-t4:  88%|████████▊ | 44/50 [00:24<00:03,  1.81it/s, Saved at =inf, TrLoss=0.1615]
 Training FV-edg60000-s9-t4:  88%|████████▊ | 44/50 [00:24<00:03,  1.81it/s, Saved at =inf, TrLoss=0.1706]
 Training FV-edg60000-s9-t4:  90%|█████████ | 45/50 [00:24<00:02,  1.81it/s, Saved at =inf, TrLoss=0.1706]
 Training FV-edg60000-s9-t4:  90%|█████████ | 45/50 [00:25<00:02,  1.81it/s, Saved at =inf, TrLoss=0.1624]
 Training FV-edg60000-s9-t4:  92%|█████████▏| 46/50 [00:25<00:02,  1.81it/s, Saved at =inf, TrLoss=0.1624]
 Training FV-edg60000-s9-t4:  92%|█████████▏| 46/50 [00:25<00:02,  1.81it/s, Saved at =inf, TrLoss=0.1608]
 Training FV-edg60000-s9-t4:  94%|█████████▍| 47/50 [00:26<00:01,  1.81it/s, Saved at =inf, TrLoss=0.1608]
 Training FV-edg60000-s9-t4:  94%|█████████▍| 47/50 [00:26<00:01,  1.81it/s, Saved at =inf, TrLoss=0.1628]
 Training FV-edg60000-s9-t4:  96%|█████████▌| 48/50 [00:26<00:01,  1.81it/s, Saved at =inf, TrLoss=0.1628]
 Training FV-edg60000-s9-t4:  96%|█████████▌| 48/50 [00:27<00:01,  1.81it/s, Saved at =inf, TrLoss=0.1569]
 Training FV-edg60000-s9-t4:  98%|█████████▊| 49/50 [00:27<00:00,  1.81it/s, Saved at =inf, TrLoss=0.1569]
 Training FV-edg60000-s9-t4:  98%|█████████▊| 49/50 [00:27<00:00,  1.81it/s, Saved at =inf, TrLoss=0.1612]
 Training FV-edg60000-s9-t4: 100%|██████████| 50/50 [00:27<00:00,  1.81it/s, Saved at =inf, TrLoss=0.1612]
 Training FV-edg60000-s9-t4: 100%|██████████| 50/50 [00:27<00:00,  1.81it/s, Saved at =inf, TrLoss=0.1612]

 Training FV-edg60000-s9-t5:   0%|          | 0/50 [00:00<?, ?it/s]
 Training FV-edg60000-s9-t5:   0%|          | 0/50 [00:00<?, ?it/s, Saved at =inf, TrLoss=0.7124]
 Training FV-edg60000-s9-t5:   2%|▏         | 1/50 [00:00<00:35,  1.39it/s, Saved at =inf, TrLoss=0.7124]
 Training FV-edg60000-s9-t5:   2%|▏         | 1/50 [00:01<00:35,  1.39it/s, Saved at =inf, TrLoss=0.6086]
 Training FV-edg60000-s9-t5:   4%|▍         | 2/50 [00:01<00:33,  1.42it/s, Saved at =inf, TrLoss=0.6086]
 Training FV-edg60000-s9-t5:   4%|▍         | 2/50 [00:01<00:33,  1.42it/s, Saved at =inf, TrLoss=0.6490]
 Training FV-edg60000-s9-t5:   6%|▌         | 3/50 [00:02<00:33,  1.42it/s, Saved at =inf, TrLoss=0.6490]
 Training FV-edg60000-s9-t5:   6%|▌         | 3/50 [00:02<00:33,  1.42it/s, Saved at =inf, TrLoss=0.4155]
 Training FV-edg60000-s9-t5:   8%|▊         | 4/50 [00:02<00:32,  1.43it/s, Saved at =inf, TrLoss=0.4155]
 Training FV-edg60000-s9-t5:   8%|▊         | 4/50 [00:03<00:32,  1.43it/s, Saved at =inf, TrLoss=0.3543]
 Training FV-edg60000-s9-t5:  10%|█         | 5/50 [00:03<00:31,  1.43it/s, Saved at =inf, TrLoss=0.3543]
 Training FV-edg60000-s9-t5:  10%|█         | 5/50 [00:04<00:31,  1.43it/s, Saved at =inf, TrLoss=0.3587]
 Training FV-edg60000-s9-t5:  12%|█▏        | 6/50 [00:04<00:30,  1.43it/s, Saved at =inf, TrLoss=0.3587]
 Training FV-edg60000-s9-t5:  12%|█▏        | 6/50 [00:04<00:30,  1.43it/s, Saved at =inf, TrLoss=0.3284]
 Training FV-edg60000-s9-t5:  14%|█▍        | 7/50 [00:04<00:30,  1.43it/s, Saved at =inf, TrLoss=0.3284]
 Training FV-edg60000-s9-t5:  14%|█▍        | 7/50 [00:05<00:30,  1.43it/s, Saved at =inf, TrLoss=0.3180]
 Training FV-edg60000-s9-t5:  16%|█▌        | 8/50 [00:05<00:29,  1.43it/s, Saved at =inf, TrLoss=0.3180]
 Training FV-edg60000-s9-t5:  16%|█▌        | 8/50 [00:06<00:29,  1.43it/s, Saved at =inf, TrLoss=0.3117]
 Training FV-edg60000-s9-t5:  18%|█▊        | 9/50 [00:06<00:28,  1.43it/s, Saved at =inf, TrLoss=0.3117]
 Training FV-edg60000-s9-t5:  18%|█▊        | 9/50 [00:06<00:28,  1.43it/s, Saved at =inf, TrLoss=0.2735]
 Training FV-edg60000-s9-t5:  20%|██        | 10/50 [00:07<00:27,  1.43it/s, Saved at =inf, TrLoss=0.2735]
 Training FV-edg60000-s9-t5:  20%|██        | 10/50 [00:07<00:27,  1.43it/s, Saved at =inf, TrLoss=0.2728]
 Training FV-edg60000-s9-t5:  22%|██▏       | 11/50 [00:07<00:27,  1.43it/s, Saved at =inf, TrLoss=0.2728]
 Training FV-edg60000-s9-t5:  22%|██▏       | 11/50 [00:08<00:27,  1.43it/s, Saved at =inf, TrLoss=0.2533]
 Training FV-edg60000-s9-t5:  24%|██▍       | 12/50 [00:08<00:26,  1.43it/s, Saved at =inf, TrLoss=0.2533]
 Training FV-edg60000-s9-t5:  24%|██▍       | 12/50 [00:08<00:26,  1.43it/s, Saved at =inf, TrLoss=0.2457]
 Training FV-edg60000-s9-t5:  26%|██▌       | 13/50 [00:09<00:25,  1.43it/s, Saved at =inf, TrLoss=0.2457]
 Training FV-edg60000-s9-t5:  26%|██▌       | 13/50 [00:09<00:25,  1.43it/s, Saved at =inf, TrLoss=0.2426]
 Training FV-edg60000-s9-t5:  28%|██▊       | 14/50 [00:09<00:25,  1.43it/s, Saved at =inf, TrLoss=0.2426]
 Training FV-edg60000-s9-t5:  28%|██▊       | 14/50 [00:10<00:25,  1.43it/s, Saved at =inf, TrLoss=0.2236]
 Training FV-edg60000-s9-t5:  30%|███       | 15/50 [00:10<00:24,  1.43it/s, Saved at =inf, TrLoss=0.2236]
 Training FV-edg60000-s9-t5:  30%|███       | 15/50 [00:11<00:24,  1.43it/s, Saved at =inf, TrLoss=0.2272]
 Training FV-edg60000-s9-t5:  32%|███▏      | 16/50 [00:11<00:23,  1.43it/s, Saved at =inf, TrLoss=0.2272]
 Training FV-edg60000-s9-t5:  32%|███▏      | 16/50 [00:11<00:23,  1.43it/s, Saved at =inf, TrLoss=0.2169]
 Training FV-edg60000-s9-t5:  34%|███▍      | 17/50 [00:11<00:23,  1.43it/s, Saved at =inf, TrLoss=0.2169]
 Training FV-edg60000-s9-t5:  34%|███▍      | 17/50 [00:12<00:23,  1.43it/s, Saved at =inf, TrLoss=0.2190]
 Training FV-edg60000-s9-t5:  36%|███▌      | 18/50 [00:12<00:22,  1.43it/s, Saved at =inf, TrLoss=0.2190]
 Training FV-edg60000-s9-t5:  36%|███▌      | 18/50 [00:13<00:22,  1.43it/s, Saved at =inf, TrLoss=0.2126]
 Training FV-edg60000-s9-t5:  38%|███▊      | 19/50 [00:13<00:21,  1.43it/s, Saved at =inf, TrLoss=0.2126]
 Training FV-edg60000-s9-t5:  38%|███▊      | 19/50 [00:13<00:21,  1.43it/s, Saved at =inf, TrLoss=0.2044]
 Training FV-edg60000-s9-t5:  40%|████      | 20/50 [00:13<00:20,  1.43it/s, Saved at =inf, TrLoss=0.2044]
 Training FV-edg60000-s9-t5:  40%|████      | 20/50 [00:14<00:20,  1.43it/s, Saved at =inf, TrLoss=0.2052]
 Training FV-edg60000-s9-t5:  42%|████▏     | 21/50 [00:14<00:20,  1.43it/s, Saved at =inf, TrLoss=0.2052]
 Training FV-edg60000-s9-t5:  42%|████▏     | 21/50 [00:15<00:20,  1.43it/s, Saved at =inf, TrLoss=0.1932]
 Training FV-edg60000-s9-t5:  44%|████▍     | 22/50 [00:15<00:19,  1.43it/s, Saved at =inf, TrLoss=0.1932]
 Training FV-edg60000-s9-t5:  44%|████▍     | 22/50 [00:15<00:19,  1.43it/s, Saved at =inf, TrLoss=0.1982]
 Training FV-edg60000-s9-t5:  46%|████▌     | 23/50 [00:16<00:18,  1.43it/s, Saved at =inf, TrLoss=0.1982]
 Training FV-edg60000-s9-t5:  46%|████▌     | 23/50 [00:16<00:18,  1.43it/s, Saved at =inf, TrLoss=0.1888]
 Training FV-edg60000-s9-t5:  48%|████▊     | 24/50 [00:16<00:18,  1.43it/s, Saved at =inf, TrLoss=0.1888]
 Training FV-edg60000-s9-t5:  48%|████▊     | 24/50 [00:17<00:18,  1.43it/s, Saved at =inf, TrLoss=0.1918]
 Training FV-edg60000-s9-t5:  50%|█████     | 25/50 [00:17<00:17,  1.43it/s, Saved at =inf, TrLoss=0.1918]
 Training FV-edg60000-s9-t5:  50%|█████     | 25/50 [00:18<00:17,  1.43it/s, Saved at =inf, TrLoss=0.1848]
 Training FV-edg60000-s9-t5:  52%|█████▏    | 26/50 [00:18<00:16,  1.43it/s, Saved at =inf, TrLoss=0.1848]
 Training FV-edg60000-s9-t5:  52%|█████▏    | 26/50 [00:18<00:16,  1.43it/s, Saved at =inf, TrLoss=0.1879]
 Training FV-edg60000-s9-t5:  54%|█████▍    | 27/50 [00:18<00:16,  1.43it/s, Saved at =inf, TrLoss=0.1879]
 Training FV-edg60000-s9-t5:  54%|█████▍    | 27/50 [00:19<00:16,  1.43it/s, Saved at =inf, TrLoss=0.1812]
 Training FV-edg60000-s9-t5:  56%|█████▌    | 28/50 [00:19<00:15,  1.43it/s, Saved at =inf, TrLoss=0.1812]
 Training FV-edg60000-s9-t5:  56%|█████▌    | 28/50 [00:20<00:15,  1.43it/s, Saved at =inf, TrLoss=0.1820]
 Training FV-edg60000-s9-t5:  58%|█████▊    | 29/50 [00:20<00:14,  1.43it/s, Saved at =inf, TrLoss=0.1820]
 Training FV-edg60000-s9-t5:  58%|█████▊    | 29/50 [00:20<00:14,  1.43it/s, Saved at =inf, TrLoss=0.1772]
 Training FV-edg60000-s9-t5:  60%|██████    | 30/50 [00:20<00:13,  1.43it/s, Saved at =inf, TrLoss=0.1772]
 Training FV-edg60000-s9-t5:  60%|██████    | 30/50 [00:21<00:13,  1.43it/s, Saved at =inf, TrLoss=0.1771]
 Training FV-edg60000-s9-t5:  62%|██████▏   | 31/50 [00:21<00:13,  1.43it/s, Saved at =inf, TrLoss=0.1771]
 Training FV-edg60000-s9-t5:  62%|██████▏   | 31/50 [00:22<00:13,  1.43it/s, Saved at =inf, TrLoss=0.1766]
 Training FV-edg60000-s9-t5:  64%|██████▍   | 32/50 [00:22<00:12,  1.43it/s, Saved at =inf, TrLoss=0.1766]
 Training FV-edg60000-s9-t5:  64%|██████▍   | 32/50 [00:22<00:12,  1.43it/s, Saved at =inf, TrLoss=0.1735]
 Training FV-edg60000-s9-t5:  66%|██████▌   | 33/50 [00:23<00:11,  1.43it/s, Saved at =inf, TrLoss=0.1735]
 Training FV-edg60000-s9-t5:  66%|██████▌   | 33/50 [00:23<00:11,  1.43it/s, Saved at =inf, TrLoss=0.1743]
 Training FV-edg60000-s9-t5:  68%|██████▊   | 34/50 [00:23<00:11,  1.43it/s, Saved at =inf, TrLoss=0.1743]
 Training FV-edg60000-s9-t5:  68%|██████▊   | 34/50 [00:24<00:11,  1.43it/s, Saved at =inf, TrLoss=0.1705]
 Training FV-edg60000-s9-t5:  70%|███████   | 35/50 [00:24<00:10,  1.43it/s, Saved at =inf, TrLoss=0.1705]
 Training FV-edg60000-s9-t5:  70%|███████   | 35/50 [00:25<00:10,  1.43it/s, Saved at =inf, TrLoss=0.1721]
 Training FV-edg60000-s9-t5:  72%|███████▏  | 36/50 [00:25<00:09,  1.43it/s, Saved at =inf, TrLoss=0.1721]
 Training FV-edg60000-s9-t5:  72%|███████▏  | 36/50 [00:25<00:09,  1.43it/s, Saved at =inf, TrLoss=0.1678]
 Training FV-edg60000-s9-t5:  74%|███████▍  | 37/50 [00:25<00:09,  1.43it/s, Saved at =inf, TrLoss=0.1678]
 Training FV-edg60000-s9-t5:  74%|███████▍  | 37/50 [00:26<00:09,  1.43it/s, Saved at =inf, TrLoss=0.1685]
 Training FV-edg60000-s9-t5:  76%|███████▌  | 38/50 [00:26<00:08,  1.43it/s, Saved at =inf, TrLoss=0.1685]
 Training FV-edg60000-s9-t5:  76%|███████▌  | 38/50 [00:27<00:08,  1.43it/s, Saved at =inf, TrLoss=0.1689]
 Training FV-edg60000-s9-t5:  78%|███████▊  | 39/50 [00:27<00:07,  1.43it/s, Saved at =inf, TrLoss=0.1689]
 Training FV-edg60000-s9-t5:  78%|███████▊  | 39/50 [00:27<00:07,  1.43it/s, Saved at =inf, TrLoss=0.1644]
 Training FV-edg60000-s9-t5:  80%|████████  | 40/50 [00:27<00:06,  1.43it/s, Saved at =inf, TrLoss=0.1644]
 Training FV-edg60000-s9-t5:  80%|████████  | 40/50 [00:28<00:06,  1.43it/s, Saved at =inf, TrLoss=0.1657]
 Training FV-edg60000-s9-t5:  82%|████████▏ | 41/50 [00:28<00:06,  1.43it/s, Saved at =inf, TrLoss=0.1657]
 Training FV-edg60000-s9-t5:  82%|████████▏ | 41/50 [00:29<00:06,  1.43it/s, Saved at =inf, TrLoss=0.1641]
 Training FV-edg60000-s9-t5:  84%|████████▍ | 42/50 [00:29<00:05,  1.43it/s, Saved at =inf, TrLoss=0.1641]
 Training FV-edg60000-s9-t5:  84%|████████▍ | 42/50 [00:29<00:05,  1.43it/s, Saved at =inf, TrLoss=0.1613]
 Training FV-edg60000-s9-t5:  86%|████████▌ | 43/50 [00:30<00:04,  1.43it/s, Saved at =inf, TrLoss=0.1613]
 Training FV-edg60000-s9-t5:  86%|████████▌ | 43/50 [00:30<00:04,  1.43it/s, Saved at =inf, TrLoss=0.1636]
 Training FV-edg60000-s9-t5:  88%|████████▊ | 44/50 [00:30<00:04,  1.43it/s, Saved at =inf, TrLoss=0.1636]
 Training FV-edg60000-s9-t5:  88%|████████▊ | 44/50 [00:31<00:04,  1.43it/s, Saved at =inf, TrLoss=0.1598]
 Training FV-edg60000-s9-t5:  90%|█████████ | 45/50 [00:31<00:03,  1.43it/s, Saved at =inf, TrLoss=0.1598]
 Training FV-edg60000-s9-t5:  90%|█████████ | 45/50 [00:31<00:03,  1.43it/s, Saved at =inf, TrLoss=0.1581]
 Training FV-edg60000-s9-t5:  92%|█████████▏| 46/50 [00:32<00:02,  1.43it/s, Saved at =inf, TrLoss=0.1581]
 Training FV-edg60000-s9-t5:  92%|█████████▏| 46/50 [00:32<00:02,  1.43it/s, Saved at =inf, TrLoss=0.1579]
 Training FV-edg60000-s9-t5:  94%|█████████▍| 47/50 [00:32<00:02,  1.43it/s, Saved at =inf, TrLoss=0.1579]
 Training FV-edg60000-s9-t5:  94%|█████████▍| 47/50 [00:33<00:02,  1.43it/s, Saved at =inf, TrLoss=0.1568]
 Training FV-edg60000-s9-t5:  96%|█████████▌| 48/50 [00:33<00:01,  1.43it/s, Saved at =inf, TrLoss=0.1568]
 Training FV-edg60000-s9-t5:  96%|█████████▌| 48/50 [00:34<00:01,  1.43it/s, Saved at =inf, TrLoss=0.1555]
 Training FV-edg60000-s9-t5:  98%|█████████▊| 49/50 [00:34<00:00,  1.43it/s, Saved at =inf, TrLoss=0.1555]
 Training FV-edg60000-s9-t5:  98%|█████████▊| 49/50 [00:34<00:00,  1.43it/s, Saved at =inf, TrLoss=0.1542]
 Training FV-edg60000-s9-t5: 100%|██████████| 50/50 [00:34<00:00,  1.43it/s, Saved at =inf, TrLoss=0.1542]
 Training FV-edg60000-s9-t5: 100%|██████████| 50/50 [00:34<00:00,  1.43it/s, Saved at =inf, TrLoss=0.1542]

 Training FV-edg60000-s9-t6:   0%|          | 0/50 [00:00<?, ?it/s]
 Training FV-edg60000-s9-t6:   0%|          | 0/50 [00:00<?, ?it/s, Saved at =inf, TrLoss=0.6401]
 Training FV-edg60000-s9-t6:   2%|▏         | 1/50 [00:00<00:43,  1.14it/s, Saved at =inf, TrLoss=0.6401]
 Training FV-edg60000-s9-t6:   2%|▏         | 1/50 [00:01<00:43,  1.14it/s, Saved at =inf, TrLoss=0.6206]
 Training FV-edg60000-s9-t6:   4%|▍         | 2/50 [00:01<00:41,  1.15it/s, Saved at =inf, TrLoss=0.6206]
 Training FV-edg60000-s9-t6:   4%|▍         | 2/50 [00:02<00:41,  1.15it/s, Saved at =inf, TrLoss=0.5222]
 Training FV-edg60000-s9-t6:   6%|▌         | 3/50 [00:02<00:40,  1.16it/s, Saved at =inf, TrLoss=0.5222]
 Training FV-edg60000-s9-t6:   6%|▌         | 3/50 [00:03<00:40,  1.16it/s, Saved at =inf, TrLoss=0.4417]
 Training FV-edg60000-s9-t6:   8%|▊         | 4/50 [00:03<00:39,  1.16it/s, Saved at =inf, TrLoss=0.4417]
 Training FV-edg60000-s9-t6:   8%|▊         | 4/50 [00:04<00:39,  1.16it/s, Saved at =inf, TrLoss=0.3688]
 Training FV-edg60000-s9-t6:  10%|█         | 5/50 [00:04<00:38,  1.16it/s, Saved at =inf, TrLoss=0.3688]
 Training FV-edg60000-s9-t6:  10%|█         | 5/50 [00:05<00:38,  1.16it/s, Saved at =inf, TrLoss=0.3442]
 Training FV-edg60000-s9-t6:  12%|█▏        | 6/50 [00:05<00:37,  1.16it/s, Saved at =inf, TrLoss=0.3442]
 Training FV-edg60000-s9-t6:  12%|█▏        | 6/50 [00:05<00:37,  1.16it/s, Saved at =inf, TrLoss=0.3282]
 Training FV-edg60000-s9-t6:  14%|█▍        | 7/50 [00:06<00:36,  1.16it/s, Saved at =inf, TrLoss=0.3282]
 Training FV-edg60000-s9-t6:  14%|█▍        | 7/50 [00:06<00:36,  1.16it/s, Saved at =inf, TrLoss=0.2956]
 Training FV-edg60000-s9-t6:  16%|█▌        | 8/50 [00:06<00:36,  1.16it/s, Saved at =inf, TrLoss=0.2956]
 Training FV-edg60000-s9-t6:  16%|█▌        | 8/50 [00:07<00:36,  1.16it/s, Saved at =inf, TrLoss=0.2730]
 Training FV-edg60000-s9-t6:  18%|█▊        | 9/50 [00:07<00:35,  1.16it/s, Saved at =inf, TrLoss=0.2730]
 Training FV-edg60000-s9-t6:  18%|█▊        | 9/50 [00:08<00:35,  1.16it/s, Saved at =inf, TrLoss=0.2696]
 Training FV-edg60000-s9-t6:  20%|██        | 10/50 [00:08<00:34,  1.16it/s, Saved at =inf, TrLoss=0.2696]
 Training FV-edg60000-s9-t6:  20%|██        | 10/50 [00:09<00:34,  1.16it/s, Saved at =inf, TrLoss=0.2486]
 Training FV-edg60000-s9-t6:  22%|██▏       | 11/50 [00:09<00:33,  1.16it/s, Saved at =inf, TrLoss=0.2486]
 Training FV-edg60000-s9-t6:  22%|██▏       | 11/50 [00:10<00:33,  1.16it/s, Saved at =inf, TrLoss=0.2618]
 Training FV-edg60000-s9-t6:  24%|██▍       | 12/50 [00:10<00:32,  1.16it/s, Saved at =inf, TrLoss=0.2618]
 Training FV-edg60000-s9-t6:  24%|██▍       | 12/50 [00:11<00:32,  1.16it/s, Saved at =inf, TrLoss=0.2492]
 Training FV-edg60000-s9-t6:  26%|██▌       | 13/50 [00:11<00:31,  1.16it/s, Saved at =inf, TrLoss=0.2492]
 Training FV-edg60000-s9-t6:  26%|██▌       | 13/50 [00:11<00:31,  1.16it/s, Saved at =inf, TrLoss=0.2540]
 Training FV-edg60000-s9-t6:  28%|██▊       | 14/50 [00:12<00:30,  1.16it/s, Saved at =inf, TrLoss=0.2540]
 Training FV-edg60000-s9-t6:  28%|██▊       | 14/50 [00:12<00:30,  1.16it/s, Saved at =inf, TrLoss=0.2364]
 Training FV-edg60000-s9-t6:  30%|███       | 15/50 [00:12<00:30,  1.16it/s, Saved at =inf, TrLoss=0.2364]
 Training FV-edg60000-s9-t6:  30%|███       | 15/50 [00:13<00:30,  1.16it/s, Saved at =inf, TrLoss=0.2281]
 Training FV-edg60000-s9-t6:  32%|███▏      | 16/50 [00:13<00:29,  1.16it/s, Saved at =inf, TrLoss=0.2281]
 Training FV-edg60000-s9-t6:  32%|███▏      | 16/50 [00:14<00:29,  1.16it/s, Saved at =inf, TrLoss=0.2178]
 Training FV-edg60000-s9-t6:  34%|███▍      | 17/50 [00:14<00:28,  1.16it/s, Saved at =inf, TrLoss=0.2178]
 Training FV-edg60000-s9-t6:  34%|███▍      | 17/50 [00:15<00:28,  1.16it/s, Saved at =inf, TrLoss=0.2125]
 Training FV-edg60000-s9-t6:  36%|███▌      | 18/50 [00:15<00:27,  1.16it/s, Saved at =inf, TrLoss=0.2125]
 Training FV-edg60000-s9-t6:  36%|███▌      | 18/50 [00:16<00:27,  1.16it/s, Saved at =inf, TrLoss=0.2101]
 Training FV-edg60000-s9-t6:  38%|███▊      | 19/50 [00:16<00:26,  1.16it/s, Saved at =inf, TrLoss=0.2101]
 Training FV-edg60000-s9-t6:  38%|███▊      | 19/50 [00:17<00:26,  1.16it/s, Saved at =inf, TrLoss=0.2066]
 Training FV-edg60000-s9-t6:  40%|████      | 20/50 [00:17<00:25,  1.16it/s, Saved at =inf, TrLoss=0.2066]
 Training FV-edg60000-s9-t6:  40%|████      | 20/50 [00:17<00:25,  1.16it/s, Saved at =inf, TrLoss=0.2042]
 Training FV-edg60000-s9-t6:  42%|████▏     | 21/50 [00:18<00:24,  1.16it/s, Saved at =inf, TrLoss=0.2042]
 Training FV-edg60000-s9-t6:  42%|████▏     | 21/50 [00:18<00:24,  1.16it/s, Saved at =inf, TrLoss=0.1988]
 Training FV-edg60000-s9-t6:  44%|████▍     | 22/50 [00:18<00:24,  1.16it/s, Saved at =inf, TrLoss=0.1988]
 Training FV-edg60000-s9-t6:  44%|████▍     | 22/50 [00:19<00:24,  1.16it/s, Saved at =inf, TrLoss=0.1927]
 Training FV-edg60000-s9-t6:  46%|████▌     | 23/50 [00:19<00:23,  1.16it/s, Saved at =inf, TrLoss=0.1927]
 Training FV-edg60000-s9-t6:  46%|████▌     | 23/50 [00:20<00:23,  1.16it/s, Saved at =inf, TrLoss=0.1929]
 Training FV-edg60000-s9-t6:  48%|████▊     | 24/50 [00:20<00:22,  1.16it/s, Saved at =inf, TrLoss=0.1929]
 Training FV-edg60000-s9-t6:  48%|████▊     | 24/50 [00:21<00:22,  1.16it/s, Saved at =inf, TrLoss=0.1851]
 Training FV-edg60000-s9-t6:  50%|█████     | 25/50 [00:21<00:21,  1.16it/s, Saved at =inf, TrLoss=0.1851]
 Training FV-edg60000-s9-t6:  50%|█████     | 25/50 [00:22<00:21,  1.16it/s, Saved at =inf, TrLoss=0.1940]
 Training FV-edg60000-s9-t6:  52%|█████▏    | 26/50 [00:22<00:20,  1.16it/s, Saved at =inf, TrLoss=0.1940]
 Training FV-edg60000-s9-t6:  52%|█████▏    | 26/50 [00:23<00:20,  1.16it/s, Saved at =inf, TrLoss=0.1857]
 Training FV-edg60000-s9-t6:  54%|█████▍    | 27/50 [00:23<00:19,  1.16it/s, Saved at =inf, TrLoss=0.1857]
 Training FV-edg60000-s9-t6:  54%|█████▍    | 27/50 [00:23<00:19,  1.16it/s, Saved at =inf, TrLoss=0.1859]
 Training FV-edg60000-s9-t6:  56%|█████▌    | 28/50 [00:24<00:18,  1.16it/s, Saved at =inf, TrLoss=0.1859]
 Training FV-edg60000-s9-t6:  56%|█████▌    | 28/50 [00:24<00:18,  1.16it/s, Saved at =inf, TrLoss=0.1874]
 Training FV-edg60000-s9-t6:  58%|█████▊    | 29/50 [00:24<00:18,  1.16it/s, Saved at =inf, TrLoss=0.1874]
 Training FV-edg60000-s9-t6:  58%|█████▊    | 29/50 [00:25<00:18,  1.16it/s, Saved at =inf, TrLoss=0.1796]
 Training FV-edg60000-s9-t6:  60%|██████    | 30/50 [00:25<00:17,  1.16it/s, Saved at =inf, TrLoss=0.1796]
 Training FV-edg60000-s9-t6:  60%|██████    | 30/50 [00:26<00:17,  1.16it/s, Saved at =inf, TrLoss=0.1804]
 Training FV-edg60000-s9-t6:  62%|██████▏   | 31/50 [00:26<00:16,  1.16it/s, Saved at =inf, TrLoss=0.1804]
 Training FV-edg60000-s9-t6:  62%|██████▏   | 31/50 [00:27<00:16,  1.16it/s, Saved at =inf, TrLoss=0.1785]
 Training FV-edg60000-s9-t6:  64%|██████▍   | 32/50 [00:27<00:15,  1.16it/s, Saved at =inf, TrLoss=0.1785]
 Training FV-edg60000-s9-t6:  64%|██████▍   | 32/50 [00:28<00:15,  1.16it/s, Saved at =inf, TrLoss=0.1744]
 Training FV-edg60000-s9-t6:  66%|██████▌   | 33/50 [00:28<00:14,  1.16it/s, Saved at =inf, TrLoss=0.1744]
 Training FV-edg60000-s9-t6:  66%|██████▌   | 33/50 [00:29<00:14,  1.16it/s, Saved at =inf, TrLoss=0.1778]
 Training FV-edg60000-s9-t6:  68%|██████▊   | 34/50 [00:29<00:13,  1.16it/s, Saved at =inf, TrLoss=0.1778]
 Training FV-edg60000-s9-t6:  68%|██████▊   | 34/50 [00:29<00:13,  1.16it/s, Saved at =inf, TrLoss=0.1722]
 Training FV-edg60000-s9-t6:  70%|███████   | 35/50 [00:30<00:12,  1.16it/s, Saved at =inf, TrLoss=0.1722]
 Training FV-edg60000-s9-t6:  70%|███████   | 35/50 [00:30<00:12,  1.16it/s, Saved at =inf, TrLoss=0.1745]
 Training FV-edg60000-s9-t6:  72%|███████▏  | 36/50 [00:30<00:12,  1.16it/s, Saved at =inf, TrLoss=0.1745]
 Training FV-edg60000-s9-t6:  72%|███████▏  | 36/50 [00:31<00:12,  1.16it/s, Saved at =inf, TrLoss=0.1713]
 Training FV-edg60000-s9-t6:  74%|███████▍  | 37/50 [00:31<00:11,  1.16it/s, Saved at =inf, TrLoss=0.1713]
 Training FV-edg60000-s9-t6:  74%|███████▍  | 37/50 [00:32<00:11,  1.16it/s, Saved at =inf, TrLoss=0.1683]
 Training FV-edg60000-s9-t6:  76%|███████▌  | 38/50 [00:32<00:10,  1.16it/s, Saved at =inf, TrLoss=0.1683]
 Training FV-edg60000-s9-t6:  76%|███████▌  | 38/50 [00:33<00:10,  1.16it/s, Saved at =inf, TrLoss=0.1704]
 Training FV-edg60000-s9-t6:  78%|███████▊  | 39/50 [00:33<00:09,  1.16it/s, Saved at =inf, TrLoss=0.1704]
 Training FV-edg60000-s9-t6:  78%|███████▊  | 39/50 [00:34<00:09,  1.16it/s, Saved at =inf, TrLoss=0.1676]
 Training FV-edg60000-s9-t6:  80%|████████  | 40/50 [00:34<00:08,  1.16it/s, Saved at =inf, TrLoss=0.1676]
 Training FV-edg60000-s9-t6:  80%|████████  | 40/50 [00:35<00:08,  1.16it/s, Saved at =inf, TrLoss=0.1675]
 Training FV-edg60000-s9-t6:  82%|████████▏ | 41/50 [00:35<00:07,  1.16it/s, Saved at =inf, TrLoss=0.1675]
 Training FV-edg60000-s9-t6:  82%|████████▏ | 41/50 [00:35<00:07,  1.16it/s, Saved at =inf, TrLoss=0.1678]
 Training FV-edg60000-s9-t6:  84%|████████▍ | 42/50 [00:36<00:06,  1.16it/s, Saved at =inf, TrLoss=0.1678]
 Training FV-edg60000-s9-t6:  84%|████████▍ | 42/50 [00:36<00:06,  1.16it/s, Saved at =inf, TrLoss=0.1643]
 Training FV-edg60000-s9-t6:  86%|████████▌ | 43/50 [00:36<00:06,  1.16it/s, Saved at =inf, TrLoss=0.1643]
 Training FV-edg60000-s9-t6:  86%|████████▌ | 43/50 [00:37<00:06,  1.16it/s, Saved at =inf, TrLoss=0.1654]
 Training FV-edg60000-s9-t6:  88%|████████▊ | 44/50 [00:37<00:05,  1.16it/s, Saved at =inf, TrLoss=0.1654]
 Training FV-edg60000-s9-t6:  88%|████████▊ | 44/50 [00:38<00:05,  1.16it/s, Saved at =inf, TrLoss=0.1643]
 Training FV-edg60000-s9-t6:  90%|█████████ | 45/50 [00:38<00:04,  1.16it/s, Saved at =inf, TrLoss=0.1643]
 Training FV-edg60000-s9-t6:  90%|█████████ | 45/50 [00:39<00:04,  1.16it/s, Saved at =inf, TrLoss=0.1635]
 Training FV-edg60000-s9-t6:  92%|█████████▏| 46/50 [00:39<00:03,  1.16it/s, Saved at =inf, TrLoss=0.1635]
 Training FV-edg60000-s9-t6:  92%|█████████▏| 46/50 [00:40<00:03,  1.16it/s, Saved at =inf, TrLoss=0.1619]
 Training FV-edg60000-s9-t6:  94%|█████████▍| 47/50 [00:40<00:02,  1.16it/s, Saved at =inf, TrLoss=0.1619]
 Training FV-edg60000-s9-t6:  94%|█████████▍| 47/50 [00:41<00:02,  1.16it/s, Saved at =inf, TrLoss=0.1616]
 Training FV-edg60000-s9-t6:  96%|█████████▌| 48/50 [00:41<00:01,  1.16it/s, Saved at =inf, TrLoss=0.1616]
 Training FV-edg60000-s9-t6:  96%|█████████▌| 48/50 [00:41<00:01,  1.16it/s, Saved at =inf, TrLoss=0.1631]
 Training FV-edg60000-s9-t6:  98%|█████████▊| 49/50 [00:42<00:00,  1.16it/s, Saved at =inf, TrLoss=0.1631]
 Training FV-edg60000-s9-t6:  98%|█████████▊| 49/50 [00:42<00:00,  1.16it/s, Saved at =inf, TrLoss=0.1594]
 Training FV-edg60000-s9-t6: 100%|██████████| 50/50 [00:42<00:00,  1.16it/s, Saved at =inf, TrLoss=0.1594]
 Training FV-edg60000-s9-t6: 100%|██████████| 50/50 [00:42<00:00,  1.16it/s, Saved at =inf, TrLoss=0.1594]

 Training FV-edg60000-s9-t7:   0%|          | 0/50 [00:00<?, ?it/s]
 Training FV-edg60000-s9-t7:   0%|          | 0/50 [00:00<?, ?it/s, Saved at =inf, TrLoss=0.7490]
 Training FV-edg60000-s9-t7:   2%|▏         | 1/50 [00:01<00:51,  1.05s/it, Saved at =inf, TrLoss=0.7490]
 Training FV-edg60000-s9-t7:   2%|▏         | 1/50 [00:01<00:51,  1.05s/it, Saved at =inf, TrLoss=0.7639]
 Training FV-edg60000-s9-t7:   4%|▍         | 2/50 [00:02<00:49,  1.04s/it, Saved at =inf, TrLoss=0.7639]
 Training FV-edg60000-s9-t7:   4%|▍         | 2/50 [00:02<00:49,  1.04s/it, Saved at =inf, TrLoss=0.4741]
 Training FV-edg60000-s9-t7:   6%|▌         | 3/50 [00:03<00:48,  1.04s/it, Saved at =inf, TrLoss=0.4741]
 Training FV-edg60000-s9-t7:   6%|▌         | 3/50 [00:03<00:48,  1.04s/it, Saved at =inf, TrLoss=0.5108]
 Training FV-edg60000-s9-t7:   8%|▊         | 4/50 [00:04<00:47,  1.03s/it, Saved at =inf, TrLoss=0.5108]
 Training FV-edg60000-s9-t7:   8%|▊         | 4/50 [00:04<00:47,  1.03s/it, Saved at =inf, TrLoss=0.4580]
 Training FV-edg60000-s9-t7:  10%|█         | 5/50 [00:05<00:46,  1.03s/it, Saved at =inf, TrLoss=0.4580]
 Training FV-edg60000-s9-t7:  10%|█         | 5/50 [00:06<00:46,  1.03s/it, Saved at =inf, TrLoss=0.4014]
 Training FV-edg60000-s9-t7:  12%|█▏        | 6/50 [00:06<00:45,  1.03s/it, Saved at =inf, TrLoss=0.4014]
 Training FV-edg60000-s9-t7:  12%|█▏        | 6/50 [00:07<00:45,  1.03s/it, Saved at =inf, TrLoss=0.3758]
 Training FV-edg60000-s9-t7:  14%|█▍        | 7/50 [00:07<00:44,  1.03s/it, Saved at =inf, TrLoss=0.3758]
 Training FV-edg60000-s9-t7:  14%|█▍        | 7/50 [00:08<00:44,  1.03s/it, Saved at =inf, TrLoss=0.3455]
 Training FV-edg60000-s9-t7:  16%|█▌        | 8/50 [00:08<00:43,  1.03s/it, Saved at =inf, TrLoss=0.3455]
 Training FV-edg60000-s9-t7:  16%|█▌        | 8/50 [00:09<00:43,  1.03s/it, Saved at =inf, TrLoss=0.3193]
 Training FV-edg60000-s9-t7:  18%|█▊        | 9/50 [00:09<00:42,  1.03s/it, Saved at =inf, TrLoss=0.3193]
 Training FV-edg60000-s9-t7:  18%|█▊        | 9/50 [00:10<00:42,  1.03s/it, Saved at =inf, TrLoss=0.3237]
 Training FV-edg60000-s9-t7:  20%|██        | 10/50 [00:10<00:41,  1.03s/it, Saved at =inf, TrLoss=0.3237]
 Training FV-edg60000-s9-t7:  20%|██        | 10/50 [00:11<00:41,  1.03s/it, Saved at =inf, TrLoss=0.2991]
 Training FV-edg60000-s9-t7:  22%|██▏       | 11/50 [00:11<00:40,  1.03s/it, Saved at =inf, TrLoss=0.2991]
 Training FV-edg60000-s9-t7:  22%|██▏       | 11/50 [00:12<00:40,  1.03s/it, Saved at =inf, TrLoss=0.3000]
 Training FV-edg60000-s9-t7:  24%|██▍       | 12/50 [00:12<00:39,  1.03s/it, Saved at =inf, TrLoss=0.3000]
 Training FV-edg60000-s9-t7:  24%|██▍       | 12/50 [00:13<00:39,  1.03s/it, Saved at =inf, TrLoss=0.2958]
 Training FV-edg60000-s9-t7:  26%|██▌       | 13/50 [00:13<00:38,  1.03s/it, Saved at =inf, TrLoss=0.2958]
 Training FV-edg60000-s9-t7:  26%|██▌       | 13/50 [00:14<00:38,  1.03s/it, Saved at =inf, TrLoss=0.2894]
 Training FV-edg60000-s9-t7:  28%|██▊       | 14/50 [00:14<00:37,  1.03s/it, Saved at =inf, TrLoss=0.2894]
 Training FV-edg60000-s9-t7:  28%|██▊       | 14/50 [00:15<00:37,  1.03s/it, Saved at =inf, TrLoss=0.2832]
 Training FV-edg60000-s9-t7:  30%|███       | 15/50 [00:15<00:36,  1.03s/it, Saved at =inf, TrLoss=0.2832]
 Training FV-edg60000-s9-t7:  30%|███       | 15/50 [00:16<00:36,  1.03s/it, Saved at =inf, TrLoss=0.2620]
 Training FV-edg60000-s9-t7:  32%|███▏      | 16/50 [00:16<00:34,  1.03s/it, Saved at =inf, TrLoss=0.2620]
 Training FV-edg60000-s9-t7:  32%|███▏      | 16/50 [00:17<00:34,  1.03s/it, Saved at =inf, TrLoss=0.2597]
 Training FV-edg60000-s9-t7:  34%|███▍      | 17/50 [00:17<00:33,  1.03s/it, Saved at =inf, TrLoss=0.2597]
 Training FV-edg60000-s9-t7:  34%|███▍      | 17/50 [00:18<00:33,  1.03s/it, Saved at =inf, TrLoss=0.2496]
 Training FV-edg60000-s9-t7:  36%|███▌      | 18/50 [00:18<00:32,  1.03s/it, Saved at =inf, TrLoss=0.2496]
 Training FV-edg60000-s9-t7:  36%|███▌      | 18/50 [00:19<00:32,  1.03s/it, Saved at =inf, TrLoss=0.2515]
 Training FV-edg60000-s9-t7:  38%|███▊      | 19/50 [00:19<00:31,  1.03s/it, Saved at =inf, TrLoss=0.2515]
 Training FV-edg60000-s9-t7:  38%|███▊      | 19/50 [00:20<00:31,  1.03s/it, Saved at =inf, TrLoss=0.2432]
 Training FV-edg60000-s9-t7:  40%|████      | 20/50 [00:20<00:30,  1.03s/it, Saved at =inf, TrLoss=0.2432]
 Training FV-edg60000-s9-t7:  40%|████      | 20/50 [00:21<00:30,  1.03s/it, Saved at =inf, TrLoss=0.2416]
 Training FV-edg60000-s9-t7:  42%|████▏     | 21/50 [00:21<00:29,  1.03s/it, Saved at =inf, TrLoss=0.2416]
 Training FV-edg60000-s9-t7:  42%|████▏     | 21/50 [00:22<00:29,  1.03s/it, Saved at =inf, TrLoss=0.2327]
 Training FV-edg60000-s9-t7:  44%|████▍     | 22/50 [00:22<00:28,  1.03s/it, Saved at =inf, TrLoss=0.2327]
 Training FV-edg60000-s9-t7:  44%|████▍     | 22/50 [00:23<00:28,  1.03s/it, Saved at =inf, TrLoss=0.2302]
 Training FV-edg60000-s9-t7:  46%|████▌     | 23/50 [00:23<00:27,  1.03s/it, Saved at =inf, TrLoss=0.2302]
 Training FV-edg60000-s9-t7:  46%|████▌     | 23/50 [00:24<00:27,  1.03s/it, Saved at =inf, TrLoss=0.2267]
 Training FV-edg60000-s9-t7:  48%|████▊     | 24/50 [00:24<00:26,  1.03s/it, Saved at =inf, TrLoss=0.2267]
 Training FV-edg60000-s9-t7:  48%|████▊     | 24/50 [00:25<00:26,  1.03s/it, Saved at =inf, TrLoss=0.2222]
 Training FV-edg60000-s9-t7:  50%|█████     | 25/50 [00:25<00:25,  1.03s/it, Saved at =inf, TrLoss=0.2222]
 Training FV-edg60000-s9-t7:  50%|█████     | 25/50 [00:26<00:25,  1.03s/it, Saved at =inf, TrLoss=0.2206]
 Training FV-edg60000-s9-t7:  52%|█████▏    | 26/50 [00:26<00:24,  1.03s/it, Saved at =inf, TrLoss=0.2206]
 Training FV-edg60000-s9-t7:  52%|█████▏    | 26/50 [00:27<00:24,  1.03s/it, Saved at =inf, TrLoss=0.2131]
 Training FV-edg60000-s9-t7:  54%|█████▍    | 27/50 [00:27<00:23,  1.03s/it, Saved at =inf, TrLoss=0.2131]
 Training FV-edg60000-s9-t7:  54%|█████▍    | 27/50 [00:28<00:23,  1.03s/it, Saved at =inf, TrLoss=0.2073]
 Training FV-edg60000-s9-t7:  56%|█████▌    | 28/50 [00:28<00:22,  1.03s/it, Saved at =inf, TrLoss=0.2073]
 Training FV-edg60000-s9-t7:  56%|█████▌    | 28/50 [00:29<00:22,  1.03s/it, Saved at =inf, TrLoss=0.2055]
 Training FV-edg60000-s9-t7:  58%|█████▊    | 29/50 [00:29<00:21,  1.03s/it, Saved at =inf, TrLoss=0.2055]
 Training FV-edg60000-s9-t7:  58%|█████▊    | 29/50 [00:30<00:21,  1.03s/it, Saved at =inf, TrLoss=0.1992]
 Training FV-edg60000-s9-t7:  60%|██████    | 30/50 [00:30<00:20,  1.03s/it, Saved at =inf, TrLoss=0.1992]
 Training FV-edg60000-s9-t7:  60%|██████    | 30/50 [00:31<00:20,  1.03s/it, Saved at =inf, TrLoss=0.1971]
 Training FV-edg60000-s9-t7:  62%|██████▏   | 31/50 [00:31<00:19,  1.03s/it, Saved at =inf, TrLoss=0.1971]
 Training FV-edg60000-s9-t7:  62%|██████▏   | 31/50 [00:32<00:19,  1.03s/it, Saved at =inf, TrLoss=0.1960]
 Training FV-edg60000-s9-t7:  64%|██████▍   | 32/50 [00:32<00:18,  1.03s/it, Saved at =inf, TrLoss=0.1960]
 Training FV-edg60000-s9-t7:  64%|██████▍   | 32/50 [00:33<00:18,  1.03s/it, Saved at =inf, TrLoss=0.1886]
 Training FV-edg60000-s9-t7:  66%|██████▌   | 33/50 [00:34<00:17,  1.03s/it, Saved at =inf, TrLoss=0.1886]
 Training FV-edg60000-s9-t7:  66%|██████▌   | 33/50 [00:34<00:17,  1.03s/it, Saved at =inf, TrLoss=0.1857]
 Training FV-edg60000-s9-t7:  68%|██████▊   | 34/50 [00:35<00:16,  1.03s/it, Saved at =inf, TrLoss=0.1857]
 Training FV-edg60000-s9-t7:  68%|██████▊   | 34/50 [00:35<00:16,  1.03s/it, Saved at =inf, TrLoss=0.1842]
 Training FV-edg60000-s9-t7:  70%|███████   | 35/50 [00:36<00:15,  1.03s/it, Saved at =inf, TrLoss=0.1842]
 Training FV-edg60000-s9-t7:  70%|███████   | 35/50 [00:36<00:15,  1.03s/it, Saved at =inf, TrLoss=0.1870]
 Training FV-edg60000-s9-t7:  72%|███████▏  | 36/50 [00:37<00:14,  1.03s/it, Saved at =inf, TrLoss=0.1870]
 Training FV-edg60000-s9-t7:  72%|███████▏  | 36/50 [00:37<00:14,  1.03s/it, Saved at =inf, TrLoss=0.1811]
 Training FV-edg60000-s9-t7:  74%|███████▍  | 37/50 [00:38<00:13,  1.03s/it, Saved at =inf, TrLoss=0.1811]
 Training FV-edg60000-s9-t7:  74%|███████▍  | 37/50 [00:38<00:13,  1.03s/it, Saved at =inf, TrLoss=0.1792]
 Training FV-edg60000-s9-t7:  76%|███████▌  | 38/50 [00:39<00:12,  1.03s/it, Saved at =inf, TrLoss=0.1792]
 Training FV-edg60000-s9-t7:  76%|███████▌  | 38/50 [00:39<00:12,  1.03s/it, Saved at =inf, TrLoss=0.1790]
 Training FV-edg60000-s9-t7:  78%|███████▊  | 39/50 [00:40<00:11,  1.03s/it, Saved at =inf, TrLoss=0.1790]
 Training FV-edg60000-s9-t7:  78%|███████▊  | 39/50 [00:41<00:11,  1.03s/it, Saved at =inf, TrLoss=0.1773]
 Training FV-edg60000-s9-t7:  80%|████████  | 40/50 [00:41<00:10,  1.03s/it, Saved at =inf, TrLoss=0.1773]
 Training FV-edg60000-s9-t7:  80%|████████  | 40/50 [00:42<00:10,  1.03s/it, Saved at =inf, TrLoss=0.1764]
 Training FV-edg60000-s9-t7:  82%|████████▏ | 41/50 [00:42<00:09,  1.03s/it, Saved at =inf, TrLoss=0.1764]
 Training FV-edg60000-s9-t7:  82%|████████▏ | 41/50 [00:43<00:09,  1.03s/it, Saved at =inf, TrLoss=0.1753]
 Training FV-edg60000-s9-t7:  84%|████████▍ | 42/50 [00:43<00:08,  1.03s/it, Saved at =inf, TrLoss=0.1753]
 Training FV-edg60000-s9-t7:  84%|████████▍ | 42/50 [00:44<00:08,  1.03s/it, Saved at =inf, TrLoss=0.1713]
 Training FV-edg60000-s9-t7:  86%|████████▌ | 43/50 [00:44<00:07,  1.03s/it, Saved at =inf, TrLoss=0.1713]
 Training FV-edg60000-s9-t7:  86%|████████▌ | 43/50 [00:45<00:07,  1.03s/it, Saved at =inf, TrLoss=0.1734]
 Training FV-edg60000-s9-t7:  88%|████████▊ | 44/50 [00:45<00:06,  1.03s/it, Saved at =inf, TrLoss=0.1734]
 Training FV-edg60000-s9-t7:  88%|████████▊ | 44/50 [00:46<00:06,  1.03s/it, Saved at =inf, TrLoss=0.1702]
 Training FV-edg60000-s9-t7:  90%|█████████ | 45/50 [00:46<00:05,  1.03s/it, Saved at =inf, TrLoss=0.1702]
 Training FV-edg60000-s9-t7:  90%|█████████ | 45/50 [00:47<00:05,  1.03s/it, Saved at =inf, TrLoss=0.1680]
 Training FV-edg60000-s9-t7:  92%|█████████▏| 46/50 [00:47<00:04,  1.03s/it, Saved at =inf, TrLoss=0.1680]
 Training FV-edg60000-s9-t7:  92%|█████████▏| 46/50 [00:48<00:04,  1.03s/it, Saved at =inf, TrLoss=0.1673]
 Training FV-edg60000-s9-t7:  94%|█████████▍| 47/50 [00:48<00:03,  1.03s/it, Saved at =inf, TrLoss=0.1673]
 Training FV-edg60000-s9-t7:  94%|█████████▍| 47/50 [00:49<00:03,  1.03s/it, Saved at =inf, TrLoss=0.1666]
 Training FV-edg60000-s9-t7:  96%|█████████▌| 48/50 [00:49<00:02,  1.03s/it, Saved at =inf, TrLoss=0.1666]
 Training FV-edg60000-s9-t7:  96%|█████████▌| 48/50 [00:50<00:02,  1.03s/it, Saved at =inf, TrLoss=0.1661]
 Training FV-edg60000-s9-t7:  98%|█████████▊| 49/50 [00:50<00:01,  1.03s/it, Saved at =inf, TrLoss=0.1661]
 Training FV-edg60000-s9-t7:  98%|█████████▊| 49/50 [00:51<00:01,  1.03s/it, Saved at =inf, TrLoss=0.1655]
 Training FV-edg60000-s9-t7: 100%|██████████| 50/50 [00:51<00:00,  1.03s/it, Saved at =inf, TrLoss=0.1655]
 Training FV-edg60000-s9-t7: 100%|██████████| 50/50 [00:51<00:00,  1.03s/it, Saved at =inf, TrLoss=0.1655]

 Training FV-edg60000-s9-t8:   0%|          | 0/50 [00:00<?, ?it/s]
 Training FV-edg60000-s9-t8:   0%|          | 0/50 [00:01<?, ?it/s, Saved at =inf, TrLoss=0.7158]
 Training FV-edg60000-s9-t8:   2%|▏         | 1/50 [00:01<01:00,  1.24s/it, Saved at =inf, TrLoss=0.7158]
 Training FV-edg60000-s9-t8:   2%|▏         | 1/50 [00:02<01:00,  1.24s/it, Saved at =inf, TrLoss=0.6899]
 Training FV-edg60000-s9-t8:   4%|▍         | 2/50 [00:02<00:58,  1.22s/it, Saved at =inf, TrLoss=0.6899]
 Training FV-edg60000-s9-t8:   4%|▍         | 2/50 [00:03<00:58,  1.22s/it, Saved at =inf, TrLoss=0.4801]
 Training FV-edg60000-s9-t8:   6%|▌         | 3/50 [00:03<00:57,  1.22s/it, Saved at =inf, TrLoss=0.4801]
 Training FV-edg60000-s9-t8:   6%|▌         | 3/50 [00:04<00:57,  1.22s/it, Saved at =inf, TrLoss=0.4815]
 Training FV-edg60000-s9-t8:   8%|▊         | 4/50 [00:04<00:55,  1.21s/it, Saved at =inf, TrLoss=0.4815]
 Training FV-edg60000-s9-t8:   8%|▊         | 4/50 [00:05<00:55,  1.21s/it, Saved at =inf, TrLoss=0.4173]
 Training FV-edg60000-s9-t8:  10%|█         | 5/50 [00:06<00:54,  1.21s/it, Saved at =inf, TrLoss=0.4173]
 Training FV-edg60000-s9-t8:  10%|█         | 5/50 [00:07<00:54,  1.21s/it, Saved at =inf, TrLoss=0.4141]
 Training FV-edg60000-s9-t8:  12%|█▏        | 6/50 [00:07<00:53,  1.21s/it, Saved at =inf, TrLoss=0.4141]
 Training FV-edg60000-s9-t8:  12%|█▏        | 6/50 [00:08<00:53,  1.21s/it, Saved at =inf, TrLoss=0.4084]
 Training FV-edg60000-s9-t8:  14%|█▍        | 7/50 [00:08<00:52,  1.21s/it, Saved at =inf, TrLoss=0.4084]
 Training FV-edg60000-s9-t8:  14%|█▍        | 7/50 [00:09<00:52,  1.21s/it, Saved at =inf, TrLoss=0.3681]
 Training FV-edg60000-s9-t8:  16%|█▌        | 8/50 [00:09<00:50,  1.21s/it, Saved at =inf, TrLoss=0.3681]
 Training FV-edg60000-s9-t8:  16%|█▌        | 8/50 [00:10<00:50,  1.21s/it, Saved at =inf, TrLoss=0.3409]
 Training FV-edg60000-s9-t8:  18%|█▊        | 9/50 [00:10<00:49,  1.21s/it, Saved at =inf, TrLoss=0.3409]
 Training FV-edg60000-s9-t8:  18%|█▊        | 9/50 [00:11<00:49,  1.21s/it, Saved at =inf, TrLoss=0.3351]
 Training FV-edg60000-s9-t8:  20%|██        | 10/50 [00:12<00:48,  1.21s/it, Saved at =inf, TrLoss=0.3351]
 Training FV-edg60000-s9-t8:  20%|██        | 10/50 [00:13<00:48,  1.21s/it, Saved at =inf, TrLoss=0.3164]
 Training FV-edg60000-s9-t8:  22%|██▏       | 11/50 [00:13<00:47,  1.21s/it, Saved at =inf, TrLoss=0.3164]
 Training FV-edg60000-s9-t8:  22%|██▏       | 11/50 [00:14<00:47,  1.21s/it, Saved at =inf, TrLoss=0.3042]
 Training FV-edg60000-s9-t8:  24%|██▍       | 12/50 [00:14<00:46,  1.21s/it, Saved at =inf, TrLoss=0.3042]
 Training FV-edg60000-s9-t8:  24%|██▍       | 12/50 [00:15<00:46,  1.21s/it, Saved at =inf, TrLoss=0.2993]
 Training FV-edg60000-s9-t8:  26%|██▌       | 13/50 [00:15<00:44,  1.21s/it, Saved at =inf, TrLoss=0.2993]
 Training FV-edg60000-s9-t8:  26%|██▌       | 13/50 [00:16<00:44,  1.21s/it, Saved at =inf, TrLoss=0.2764]
 Training FV-edg60000-s9-t8:  28%|██▊       | 14/50 [00:16<00:43,  1.21s/it, Saved at =inf, TrLoss=0.2764]
 Training FV-edg60000-s9-t8:  28%|██▊       | 14/50 [00:17<00:43,  1.21s/it, Saved at =inf, TrLoss=0.2766]
 Training FV-edg60000-s9-t8:  30%|███       | 15/50 [00:18<00:42,  1.21s/it, Saved at =inf, TrLoss=0.2766]
 Training FV-edg60000-s9-t8:  30%|███       | 15/50 [00:19<00:42,  1.21s/it, Saved at =inf, TrLoss=0.2674]
 Training FV-edg60000-s9-t8:  32%|███▏      | 16/50 [00:19<00:41,  1.21s/it, Saved at =inf, TrLoss=0.2674]
 Training FV-edg60000-s9-t8:  32%|███▏      | 16/50 [00:20<00:41,  1.21s/it, Saved at =inf, TrLoss=0.2650]
 Training FV-edg60000-s9-t8:  34%|███▍      | 17/50 [00:20<00:39,  1.21s/it, Saved at =inf, TrLoss=0.2650]
 Training FV-edg60000-s9-t8:  34%|███▍      | 17/50 [00:21<00:39,  1.21s/it, Saved at =inf, TrLoss=0.2512]
 Training FV-edg60000-s9-t8:  36%|███▌      | 18/50 [00:21<00:38,  1.21s/it, Saved at =inf, TrLoss=0.2512]
 Training FV-edg60000-s9-t8:  36%|███▌      | 18/50 [00:22<00:38,  1.21s/it, Saved at =inf, TrLoss=0.2468]
 Training FV-edg60000-s9-t8:  38%|███▊      | 19/50 [00:23<00:37,  1.21s/it, Saved at =inf, TrLoss=0.2468]
 Training FV-edg60000-s9-t8:  38%|███▊      | 19/50 [00:24<00:37,  1.21s/it, Saved at =inf, TrLoss=0.2431]
 Training FV-edg60000-s9-t8:  40%|████      | 20/50 [00:24<00:36,  1.21s/it, Saved at =inf, TrLoss=0.2431]
 Training FV-edg60000-s9-t8:  40%|████      | 20/50 [00:25<00:36,  1.21s/it, Saved at =inf, TrLoss=0.2420]
 Training FV-edg60000-s9-t8:  42%|████▏     | 21/50 [00:25<00:35,  1.21s/it, Saved at =inf, TrLoss=0.2420]
 Training FV-edg60000-s9-t8:  42%|████▏     | 21/50 [00:26<00:35,  1.21s/it, Saved at =inf, TrLoss=0.2336]
 Training FV-edg60000-s9-t8:  44%|████▍     | 22/50 [00:26<00:33,  1.21s/it, Saved at =inf, TrLoss=0.2336]
 Training FV-edg60000-s9-t8:  44%|████▍     | 22/50 [00:27<00:33,  1.21s/it, Saved at =inf, TrLoss=0.2297]
 Training FV-edg60000-s9-t8:  46%|████▌     | 23/50 [00:27<00:32,  1.21s/it, Saved at =inf, TrLoss=0.2297]
 Training FV-edg60000-s9-t8:  46%|████▌     | 23/50 [00:28<00:32,  1.21s/it, Saved at =inf, TrLoss=0.2226]
 Training FV-edg60000-s9-t8:  48%|████▊     | 24/50 [00:29<00:31,  1.21s/it, Saved at =inf, TrLoss=0.2226]
 Training FV-edg60000-s9-t8:  48%|████▊     | 24/50 [00:30<00:31,  1.21s/it, Saved at =inf, TrLoss=0.2190]
 Training FV-edg60000-s9-t8:  50%|█████     | 25/50 [00:30<00:30,  1.21s/it, Saved at =inf, TrLoss=0.2190]
 Training FV-edg60000-s9-t8:  50%|█████     | 25/50 [00:31<00:30,  1.21s/it, Saved at =inf, TrLoss=0.2161]
 Training FV-edg60000-s9-t8:  52%|█████▏    | 26/50 [00:31<00:29,  1.21s/it, Saved at =inf, TrLoss=0.2161]
 Training FV-edg60000-s9-t8:  52%|█████▏    | 26/50 [00:32<00:29,  1.21s/it, Saved at =inf, TrLoss=0.2164]
 Training FV-edg60000-s9-t8:  54%|█████▍    | 27/50 [00:32<00:27,  1.21s/it, Saved at =inf, TrLoss=0.2164]
 Training FV-edg60000-s9-t8:  54%|█████▍    | 27/50 [00:33<00:27,  1.21s/it, Saved at =inf, TrLoss=0.2161]
 Training FV-edg60000-s9-t8:  56%|█████▌    | 28/50 [00:33<00:26,  1.21s/it, Saved at =inf, TrLoss=0.2161]
 Training FV-edg60000-s9-t8:  56%|█████▌    | 28/50 [00:34<00:26,  1.21s/it, Saved at =inf, TrLoss=0.2087]
 Training FV-edg60000-s9-t8:  58%|█████▊    | 29/50 [00:35<00:25,  1.21s/it, Saved at =inf, TrLoss=0.2087]
 Training FV-edg60000-s9-t8:  58%|█████▊    | 29/50 [00:36<00:25,  1.21s/it, Saved at =inf, TrLoss=0.2076]
 Training FV-edg60000-s9-t8:  60%|██████    | 30/50 [00:36<00:24,  1.21s/it, Saved at =inf, TrLoss=0.2076]
 Training FV-edg60000-s9-t8:  60%|██████    | 30/50 [00:37<00:24,  1.21s/it, Saved at =inf, TrLoss=0.2018]
 Training FV-edg60000-s9-t8:  62%|██████▏   | 31/50 [00:37<00:23,  1.21s/it, Saved at =inf, TrLoss=0.2018]
 Training FV-edg60000-s9-t8:  62%|██████▏   | 31/50 [00:38<00:23,  1.21s/it, Saved at =inf, TrLoss=0.1993]
 Training FV-edg60000-s9-t8:  64%|██████▍   | 32/50 [00:38<00:21,  1.21s/it, Saved at =inf, TrLoss=0.1993]
 Training FV-edg60000-s9-t8:  64%|██████▍   | 32/50 [00:39<00:21,  1.21s/it, Saved at =inf, TrLoss=0.1981]
 Training FV-edg60000-s9-t8:  66%|██████▌   | 33/50 [00:39<00:20,  1.21s/it, Saved at =inf, TrLoss=0.1981]
 Training FV-edg60000-s9-t8:  66%|██████▌   | 33/50 [00:40<00:20,  1.21s/it, Saved at =inf, TrLoss=0.1932]
 Training FV-edg60000-s9-t8:  68%|██████▊   | 34/50 [00:41<00:19,  1.21s/it, Saved at =inf, TrLoss=0.1932]
 Training FV-edg60000-s9-t8:  68%|██████▊   | 34/50 [00:42<00:19,  1.21s/it, Saved at =inf, TrLoss=0.1932]
 Training FV-edg60000-s9-t8:  70%|███████   | 35/50 [00:42<00:18,  1.21s/it, Saved at =inf, TrLoss=0.1932]
 Training FV-edg60000-s9-t8:  70%|███████   | 35/50 [00:43<00:18,  1.21s/it, Saved at =inf, TrLoss=0.1903]
 Training FV-edg60000-s9-t8:  72%|███████▏  | 36/50 [00:43<00:16,  1.21s/it, Saved at =inf, TrLoss=0.1903]
 Training FV-edg60000-s9-t8:  72%|███████▏  | 36/50 [00:44<00:16,  1.21s/it, Saved at =inf, TrLoss=0.1866]
 Training FV-edg60000-s9-t8:  74%|███████▍  | 37/50 [00:44<00:15,  1.21s/it, Saved at =inf, TrLoss=0.1866]
 Training FV-edg60000-s9-t8:  74%|███████▍  | 37/50 [00:45<00:15,  1.21s/it, Saved at =inf, TrLoss=0.1843]
 Training FV-edg60000-s9-t8:  76%|███████▌  | 38/50 [00:46<00:14,  1.21s/it, Saved at =inf, TrLoss=0.1843]
 Training FV-edg60000-s9-t8:  76%|███████▌  | 38/50 [00:47<00:14,  1.21s/it, Saved at =inf, TrLoss=0.1834]
 Training FV-edg60000-s9-t8:  78%|███████▊  | 39/50 [00:47<00:13,  1.21s/it, Saved at =inf, TrLoss=0.1834]
 Training FV-edg60000-s9-t8:  78%|███████▊  | 39/50 [00:48<00:13,  1.21s/it, Saved at =inf, TrLoss=0.1819]
 Training FV-edg60000-s9-t8:  80%|████████  | 40/50 [00:48<00:12,  1.21s/it, Saved at =inf, TrLoss=0.1819]
 Training FV-edg60000-s9-t8:  80%|████████  | 40/50 [00:49<00:12,  1.21s/it, Saved at =inf, TrLoss=0.1813]
 Training FV-edg60000-s9-t8:  82%|████████▏ | 41/50 [00:49<00:10,  1.21s/it, Saved at =inf, TrLoss=0.1813]
 Training FV-edg60000-s9-t8:  82%|████████▏ | 41/50 [00:50<00:10,  1.21s/it, Saved at =inf, TrLoss=0.1812]
 Training FV-edg60000-s9-t8:  84%|████████▍ | 42/50 [00:50<00:09,  1.21s/it, Saved at =inf, TrLoss=0.1812]
 Training FV-edg60000-s9-t8:  84%|████████▍ | 42/50 [00:51<00:09,  1.21s/it, Saved at =inf, TrLoss=0.1776]
 Training FV-edg60000-s9-t8:  86%|████████▌ | 43/50 [00:52<00:08,  1.21s/it, Saved at =inf, TrLoss=0.1776]
 Training FV-edg60000-s9-t8:  86%|████████▌ | 43/50 [00:53<00:08,  1.21s/it, Saved at =inf, TrLoss=0.1784]
 Training FV-edg60000-s9-t8:  88%|████████▊ | 44/50 [00:53<00:07,  1.31s/it, Saved at =inf, TrLoss=0.1784]
 Training FV-edg60000-s9-t8:  88%|████████▊ | 44/50 [00:54<00:07,  1.31s/it, Saved at =inf, TrLoss=0.1775]
 Training FV-edg60000-s9-t8:  90%|█████████ | 45/50 [00:54<00:06,  1.28s/it, Saved at =inf, TrLoss=0.1775]
 Training FV-edg60000-s9-t8:  90%|█████████ | 45/50 [00:55<00:06,  1.28s/it, Saved at =inf, TrLoss=0.1756]
 Training FV-edg60000-s9-t8:  92%|█████████▏| 46/50 [00:56<00:05,  1.26s/it, Saved at =inf, TrLoss=0.1756]
 Training FV-edg60000-s9-t8:  92%|█████████▏| 46/50 [00:57<00:05,  1.26s/it, Saved at =inf, TrLoss=0.1733]
 Training FV-edg60000-s9-t8:  94%|█████████▍| 47/50 [00:57<00:03,  1.24s/it, Saved at =inf, TrLoss=0.1733]
 Training FV-edg60000-s9-t8:  94%|█████████▍| 47/50 [00:58<00:03,  1.24s/it, Saved at =inf, TrLoss=0.1707]
 Training FV-edg60000-s9-t8:  96%|█████████▌| 48/50 [00:58<00:02,  1.23s/it, Saved at =inf, TrLoss=0.1707]
 Training FV-edg60000-s9-t8:  96%|█████████▌| 48/50 [00:59<00:02,  1.23s/it, Saved at =inf, TrLoss=0.1713]
 Training FV-edg60000-s9-t8:  98%|█████████▊| 49/50 [00:59<00:01,  1.23s/it, Saved at =inf, TrLoss=0.1713]
 Training FV-edg60000-s9-t8:  98%|█████████▊| 49/50 [01:00<00:01,  1.23s/it, Saved at =inf, TrLoss=0.1697]
 Training FV-edg60000-s9-t8: 100%|██████████| 50/50 [01:00<00:00,  1.22s/it, Saved at =inf, TrLoss=0.1697]
 Training FV-edg60000-s9-t8: 100%|██████████| 50/50 [01:00<00:00,  1.22s/it, Saved at =inf, TrLoss=0.1697]

 Training FV-edg60000-s9-t9:   0%|          | 0/50 [00:00<?, ?it/s]
 Training FV-edg60000-s9-t9:   0%|          | 0/50 [00:01<?, ?it/s, Saved at =inf, TrLoss=0.8420]
 Training FV-edg60000-s9-t9:   2%|▏         | 1/50 [00:01<01:11,  1.46s/it, Saved at =inf, TrLoss=0.8420]
 Training FV-edg60000-s9-t9:   2%|▏         | 1/50 [00:02<01:11,  1.46s/it, Saved at =inf, TrLoss=0.6863]
 Training FV-edg60000-s9-t9:   4%|▍         | 2/50 [00:02<01:09,  1.44s/it, Saved at =inf, TrLoss=0.6863]
 Training FV-edg60000-s9-t9:   4%|▍         | 2/50 [00:04<01:09,  1.44s/it, Saved at =inf, TrLoss=0.5330]
 Training FV-edg60000-s9-t9:   6%|▌         | 3/50 [00:04<01:07,  1.43s/it, Saved at =inf, TrLoss=0.5330]
 Training FV-edg60000-s9-t9:   6%|▌         | 3/50 [00:05<01:07,  1.43s/it, Saved at =inf, TrLoss=0.4846]
 Training FV-edg60000-s9-t9:   8%|▊         | 4/50 [00:05<01:05,  1.43s/it, Saved at =inf, TrLoss=0.4846]
 Training FV-edg60000-s9-t9:   8%|▊         | 4/50 [00:06<01:05,  1.43s/it, Saved at =inf, TrLoss=0.4690]
 Training FV-edg60000-s9-t9:  10%|█         | 5/50 [00:07<01:04,  1.43s/it, Saved at =inf, TrLoss=0.4690]
 Training FV-edg60000-s9-t9:  10%|█         | 5/50 [00:08<01:04,  1.43s/it, Saved at =inf, TrLoss=0.4415]
 Training FV-edg60000-s9-t9:  12%|█▏        | 6/50 [00:08<01:02,  1.43s/it, Saved at =inf, TrLoss=0.4415]
 Training FV-edg60000-s9-t9:  12%|█▏        | 6/50 [00:09<01:02,  1.43s/it, Saved at =inf, TrLoss=0.4147]
 Training FV-edg60000-s9-t9:  14%|█▍        | 7/50 [00:10<01:01,  1.43s/it, Saved at =inf, TrLoss=0.4147]
 Training FV-edg60000-s9-t9:  14%|█▍        | 7/50 [00:11<01:01,  1.43s/it, Saved at =inf, TrLoss=0.3847]
 Training FV-edg60000-s9-t9:  16%|█▌        | 8/50 [00:11<00:59,  1.43s/it, Saved at =inf, TrLoss=0.3847]
 Training FV-edg60000-s9-t9:  16%|█▌        | 8/50 [00:12<00:59,  1.43s/it, Saved at =inf, TrLoss=0.3454]
 Training FV-edg60000-s9-t9:  18%|█▊        | 9/50 [00:12<00:58,  1.43s/it, Saved at =inf, TrLoss=0.3454]
 Training FV-edg60000-s9-t9:  18%|█▊        | 9/50 [00:14<00:58,  1.43s/it, Saved at =inf, TrLoss=0.3132]
 Training FV-edg60000-s9-t9:  20%|██        | 10/50 [00:14<00:57,  1.43s/it, Saved at =inf, TrLoss=0.3132]
 Training FV-edg60000-s9-t9:  20%|██        | 10/50 [00:15<00:57,  1.43s/it, Saved at =inf, TrLoss=0.2930]
 Training FV-edg60000-s9-t9:  22%|██▏       | 11/50 [00:15<00:55,  1.43s/it, Saved at =inf, TrLoss=0.2930]
 Training FV-edg60000-s9-t9:  22%|██▏       | 11/50 [00:16<00:55,  1.43s/it, Saved at =inf, TrLoss=0.2762]
 Training FV-edg60000-s9-t9:  24%|██▍       | 12/50 [00:17<00:54,  1.43s/it, Saved at =inf, TrLoss=0.2762]
 Training FV-edg60000-s9-t9:  24%|██▍       | 12/50 [00:18<00:54,  1.43s/it, Saved at =inf, TrLoss=0.2695]
 Training FV-edg60000-s9-t9:  26%|██▌       | 13/50 [00:18<00:52,  1.43s/it, Saved at =inf, TrLoss=0.2695]
 Training FV-edg60000-s9-t9:  26%|██▌       | 13/50 [00:19<00:52,  1.43s/it, Saved at =inf, TrLoss=0.2940]
 Training FV-edg60000-s9-t9:  28%|██▊       | 14/50 [00:19<00:51,  1.43s/it, Saved at =inf, TrLoss=0.2940]
 Training FV-edg60000-s9-t9:  28%|██▊       | 14/50 [00:21<00:51,  1.43s/it, Saved at =inf, TrLoss=0.3113]
 Training FV-edg60000-s9-t9:  30%|███       | 15/50 [00:21<00:49,  1.43s/it, Saved at =inf, TrLoss=0.3113]
 Training FV-edg60000-s9-t9:  30%|███       | 15/50 [00:22<00:49,  1.43s/it, Saved at =inf, TrLoss=0.2430]
 Training FV-edg60000-s9-t9:  32%|███▏      | 16/50 [00:22<00:48,  1.43s/it, Saved at =inf, TrLoss=0.2430]
 Training FV-edg60000-s9-t9:  32%|███▏      | 16/50 [00:24<00:48,  1.43s/it, Saved at =inf, TrLoss=0.2837]
 Training FV-edg60000-s9-t9:  34%|███▍      | 17/50 [00:24<00:47,  1.43s/it, Saved at =inf, TrLoss=0.2837]
 Training FV-edg60000-s9-t9:  34%|███▍      | 17/50 [00:25<00:47,  1.43s/it, Saved at =inf, TrLoss=0.2323]
 Training FV-edg60000-s9-t9:  36%|███▌      | 18/50 [00:25<00:45,  1.43s/it, Saved at =inf, TrLoss=0.2323]
 Training FV-edg60000-s9-t9:  36%|███▌      | 18/50 [00:26<00:45,  1.43s/it, Saved at =inf, TrLoss=0.2668]
 Training FV-edg60000-s9-t9:  38%|███▊      | 19/50 [00:27<00:44,  1.43s/it, Saved at =inf, TrLoss=0.2668]
 Training FV-edg60000-s9-t9:  38%|███▊      | 19/50 [00:28<00:44,  1.43s/it, Saved at =inf, TrLoss=0.2242]
 Training FV-edg60000-s9-t9:  40%|████      | 20/50 [00:28<00:42,  1.43s/it, Saved at =inf, TrLoss=0.2242]
 Training FV-edg60000-s9-t9:  40%|████      | 20/50 [00:29<00:42,  1.43s/it, Saved at =inf, TrLoss=0.2484]
 Training FV-edg60000-s9-t9:  42%|████▏     | 21/50 [00:29<00:41,  1.43s/it, Saved at =inf, TrLoss=0.2484]
 Training FV-edg60000-s9-t9:  42%|████▏     | 21/50 [00:31<00:41,  1.43s/it, Saved at =inf, TrLoss=0.2291]
 Training FV-edg60000-s9-t9:  44%|████▍     | 22/50 [00:31<00:39,  1.43s/it, Saved at =inf, TrLoss=0.2291]
 Training FV-edg60000-s9-t9:  44%|████▍     | 22/50 [00:32<00:39,  1.43s/it, Saved at =inf, TrLoss=0.2274]
 Training FV-edg60000-s9-t9:  46%|████▌     | 23/50 [00:32<00:38,  1.43s/it, Saved at =inf, TrLoss=0.2274]
 Training FV-edg60000-s9-t9:  46%|████▌     | 23/50 [00:34<00:38,  1.43s/it, Saved at =inf, TrLoss=0.2338]
 Training FV-edg60000-s9-t9:  48%|████▊     | 24/50 [00:34<00:37,  1.43s/it, Saved at =inf, TrLoss=0.2338]
 Training FV-edg60000-s9-t9:  48%|████▊     | 24/50 [00:35<00:37,  1.43s/it, Saved at =inf, TrLoss=0.2124]
 Training FV-edg60000-s9-t9:  50%|█████     | 25/50 [00:35<00:35,  1.43s/it, Saved at =inf, TrLoss=0.2124]
 Training FV-edg60000-s9-t9:  50%|█████     | 25/50 [00:36<00:35,  1.43s/it, Saved at =inf, TrLoss=0.2317]
 Training FV-edg60000-s9-t9:  52%|█████▏    | 26/50 [00:37<00:34,  1.43s/it, Saved at =inf, TrLoss=0.2317]
 Training FV-edg60000-s9-t9:  52%|█████▏    | 26/50 [00:38<00:34,  1.43s/it, Saved at =inf, TrLoss=0.2111]
 Training FV-edg60000-s9-t9:  54%|█████▍    | 27/50 [00:38<00:32,  1.43s/it, Saved at =inf, TrLoss=0.2111]
 Training FV-edg60000-s9-t9:  54%|█████▍    | 27/50 [00:39<00:32,  1.43s/it, Saved at =inf, TrLoss=0.2192]
 Training FV-edg60000-s9-t9:  56%|█████▌    | 28/50 [00:39<00:31,  1.43s/it, Saved at =inf, TrLoss=0.2192]
 Training FV-edg60000-s9-t9:  56%|█████▌    | 28/50 [00:41<00:31,  1.43s/it, Saved at =inf, TrLoss=0.2129]
 Training FV-edg60000-s9-t9:  58%|█████▊    | 29/50 [00:41<00:29,  1.43s/it, Saved at =inf, TrLoss=0.2129]
 Training FV-edg60000-s9-t9:  58%|█████▊    | 29/50 [00:42<00:29,  1.43s/it, Saved at =inf, TrLoss=0.2046]
 Training FV-edg60000-s9-t9:  60%|██████    | 30/50 [00:42<00:28,  1.43s/it, Saved at =inf, TrLoss=0.2046]
 Training FV-edg60000-s9-t9:  60%|██████    | 30/50 [00:44<00:28,  1.43s/it, Saved at =inf, TrLoss=0.2125]
 Training FV-edg60000-s9-t9:  62%|██████▏   | 31/50 [00:44<00:27,  1.43s/it, Saved at =inf, TrLoss=0.2125]
 Training FV-edg60000-s9-t9:  62%|██████▏   | 31/50 [00:45<00:27,  1.43s/it, Saved at =inf, TrLoss=0.2022]
 Training FV-edg60000-s9-t9:  64%|██████▍   | 32/50 [00:45<00:25,  1.43s/it, Saved at =inf, TrLoss=0.2022]
 Training FV-edg60000-s9-t9:  64%|██████▍   | 32/50 [00:46<00:25,  1.43s/it, Saved at =inf, TrLoss=0.2060]
 Training FV-edg60000-s9-t9:  66%|██████▌   | 33/50 [00:47<00:24,  1.43s/it, Saved at =inf, TrLoss=0.2060]
 Training FV-edg60000-s9-t9:  66%|██████▌   | 33/50 [00:48<00:24,  1.43s/it, Saved at =inf, TrLoss=0.2043]
 Training FV-edg60000-s9-t9:  68%|██████▊   | 34/50 [00:48<00:22,  1.43s/it, Saved at =inf, TrLoss=0.2043]
 Training FV-edg60000-s9-t9:  68%|██████▊   | 34/50 [00:49<00:22,  1.43s/it, Saved at =inf, TrLoss=0.1970]
 Training FV-edg60000-s9-t9:  70%|███████   | 35/50 [00:49<00:21,  1.43s/it, Saved at =inf, TrLoss=0.1970]
 Training FV-edg60000-s9-t9:  70%|███████   | 35/50 [00:51<00:21,  1.43s/it, Saved at =inf, TrLoss=0.2049]
 Training FV-edg60000-s9-t9:  72%|███████▏  | 36/50 [00:51<00:19,  1.43s/it, Saved at =inf, TrLoss=0.2049]
 Training FV-edg60000-s9-t9:  72%|███████▏  | 36/50 [00:52<00:19,  1.43s/it, Saved at =inf, TrLoss=0.1948]
 Training FV-edg60000-s9-t9:  74%|███████▍  | 37/50 [00:52<00:18,  1.43s/it, Saved at =inf, TrLoss=0.1948]
 Training FV-edg60000-s9-t9:  74%|███████▍  | 37/50 [00:53<00:18,  1.43s/it, Saved at =inf, TrLoss=0.1986]
 Training FV-edg60000-s9-t9:  76%|███████▌  | 38/50 [00:54<00:17,  1.43s/it, Saved at =inf, TrLoss=0.1986]
 Training FV-edg60000-s9-t9:  76%|███████▌  | 38/50 [00:55<00:17,  1.43s/it, Saved at =inf, TrLoss=0.1964]
 Training FV-edg60000-s9-t9:  78%|███████▊  | 39/50 [00:55<00:15,  1.43s/it, Saved at =inf, TrLoss=0.1964]
 Training FV-edg60000-s9-t9:  78%|███████▊  | 39/50 [00:56<00:15,  1.43s/it, Saved at =inf, TrLoss=0.1948]
 Training FV-edg60000-s9-t9:  80%|████████  | 40/50 [00:57<00:14,  1.43s/it, Saved at =inf, TrLoss=0.1948]
 Training FV-edg60000-s9-t9:  80%|████████  | 40/50 [00:58<00:14,  1.43s/it, Saved at =inf, TrLoss=0.1964]
 Training FV-edg60000-s9-t9:  82%|████████▏ | 41/50 [00:58<00:12,  1.43s/it, Saved at =inf, TrLoss=0.1964]
 Training FV-edg60000-s9-t9:  82%|████████▏ | 41/50 [00:59<00:12,  1.43s/it, Saved at =inf, TrLoss=0.1919]
 Training FV-edg60000-s9-t9:  84%|████████▍ | 42/50 [00:59<00:11,  1.43s/it, Saved at =inf, TrLoss=0.1919]
 Training FV-edg60000-s9-t9:  84%|████████▍ | 42/50 [01:01<00:11,  1.43s/it, Saved at =inf, TrLoss=0.1938]
 Training FV-edg60000-s9-t9:  86%|████████▌ | 43/50 [01:01<00:09,  1.43s/it, Saved at =inf, TrLoss=0.1938]
 Training FV-edg60000-s9-t9:  86%|████████▌ | 43/50 [01:02<00:09,  1.43s/it, Saved at =inf, TrLoss=0.1901]
 Training FV-edg60000-s9-t9:  88%|████████▊ | 44/50 [01:02<00:08,  1.43s/it, Saved at =inf, TrLoss=0.1901]
 Training FV-edg60000-s9-t9:  88%|████████▊ | 44/50 [01:03<00:08,  1.43s/it, Saved at =inf, TrLoss=0.1944]
 Training FV-edg60000-s9-t9:  90%|█████████ | 45/50 [01:04<00:07,  1.43s/it, Saved at =inf, TrLoss=0.1944]
 Training FV-edg60000-s9-t9:  90%|█████████ | 45/50 [01:05<00:07,  1.43s/it, Saved at =inf, TrLoss=0.1872]
 Training FV-edg60000-s9-t9:  92%|█████████▏| 46/50 [01:05<00:05,  1.43s/it, Saved at =inf, TrLoss=0.1872]
 Training FV-edg60000-s9-t9:  92%|█████████▏| 46/50 [01:06<00:05,  1.43s/it, Saved at =inf, TrLoss=0.1890]
 Training FV-edg60000-s9-t9:  94%|█████████▍| 47/50 [01:07<00:04,  1.43s/it, Saved at =inf, TrLoss=0.1890]
 Training FV-edg60000-s9-t9:  94%|█████████▍| 47/50 [01:08<00:04,  1.43s/it, Saved at =inf, TrLoss=0.1855]
 Training FV-edg60000-s9-t9:  96%|█████████▌| 48/50 [01:08<00:02,  1.43s/it, Saved at =inf, TrLoss=0.1855]
 Training FV-edg60000-s9-t9:  96%|█████████▌| 48/50 [01:09<00:02,  1.43s/it, Saved at =inf, TrLoss=0.1863]
 Training FV-edg60000-s9-t9:  98%|█████████▊| 49/50 [01:09<00:01,  1.43s/it, Saved at =inf, TrLoss=0.1863]
 Training FV-edg60000-s9-t9:  98%|█████████▊| 49/50 [01:11<00:01,  1.43s/it, Saved at =inf, TrLoss=0.1849]
 Training FV-edg60000-s9-t9: 100%|██████████| 50/50 [01:11<00:00,  1.43s/it, Saved at =inf, TrLoss=0.1849]
 Training FV-edg60000-s9-t9: 100%|██████████| 50/50 [01:11<00:00,  1.43s/it, Saved at =inf, TrLoss=0.1849]

 Training ATK-edg60000-s9-t7:   0%|          | 0/50 [00:00<?, ?it/s]
 Training ATK-edg60000-s9-t7:   0%|          | 0/50 [00:00<?, ?it/s, Saved at =inf, TrLoss=0.7490]
 Training ATK-edg60000-s9-t7:   2%|▏         | 1/50 [00:01<00:51,  1.06s/it, Saved at =inf, TrLoss=0.7490]
 Training ATK-edg60000-s9-t7:   2%|▏         | 1/50 [00:01<00:51,  1.06s/it, Saved at =inf, TrLoss=0.7639]
 Training ATK-edg60000-s9-t7:   4%|▍         | 2/50 [00:02<00:49,  1.04s/it, Saved at =inf, TrLoss=0.7639]
 Training ATK-edg60000-s9-t7:   4%|▍         | 2/50 [00:02<00:49,  1.04s/it, Saved at =inf, TrLoss=0.4741]
 Training ATK-edg60000-s9-t7:   6%|▌         | 3/50 [00:03<00:48,  1.04s/it, Saved at =inf, TrLoss=0.4741]
 Training ATK-edg60000-s9-t7:   6%|▌         | 3/50 [00:03<00:48,  1.04s/it, Saved at =inf, TrLoss=0.5108]
 Training ATK-edg60000-s9-t7:   8%|▊         | 4/50 [00:04<00:47,  1.03s/it, Saved at =inf, TrLoss=0.5108]
 Training ATK-edg60000-s9-t7:   8%|▊         | 4/50 [00:04<00:47,  1.03s/it, Saved at =inf, TrLoss=0.4580]
 Training ATK-edg60000-s9-t7:  10%|█         | 5/50 [00:05<00:46,  1.03s/it, Saved at =inf, TrLoss=0.4580]
 Training ATK-edg60000-s9-t7:  10%|█         | 5/50 [00:06<00:46,  1.03s/it, Saved at =inf, TrLoss=0.4014]
 Training ATK-edg60000-s9-t7:  12%|█▏        | 6/50 [00:06<00:45,  1.03s/it, Saved at =inf, TrLoss=0.4014]
 Training ATK-edg60000-s9-t7:  12%|█▏        | 6/50 [00:07<00:45,  1.03s/it, Saved at =inf, TrLoss=0.3758]
 Training ATK-edg60000-s9-t7:  14%|█▍        | 7/50 [00:07<00:44,  1.03s/it, Saved at =inf, TrLoss=0.3758]
 Training ATK-edg60000-s9-t7:  14%|█▍        | 7/50 [00:08<00:44,  1.03s/it, Saved at =inf, TrLoss=0.3455]
 Training ATK-edg60000-s9-t7:  16%|█▌        | 8/50 [00:08<00:43,  1.03s/it, Saved at =inf, TrLoss=0.3455]
 Training ATK-edg60000-s9-t7:  16%|█▌        | 8/50 [00:09<00:43,  1.03s/it, Saved at =inf, TrLoss=0.3193]
 Training ATK-edg60000-s9-t7:  18%|█▊        | 9/50 [00:09<00:42,  1.03s/it, Saved at =inf, TrLoss=0.3193]
 Training ATK-edg60000-s9-t7:  18%|█▊        | 9/50 [00:10<00:42,  1.03s/it, Saved at =inf, TrLoss=0.3237]
 Training ATK-edg60000-s9-t7:  20%|██        | 10/50 [00:10<00:41,  1.03s/it, Saved at =inf, TrLoss=0.3237]
 Training ATK-edg60000-s9-t7:  20%|██        | 10/50 [00:11<00:41,  1.03s/it, Saved at =inf, TrLoss=0.2991]
 Training ATK-edg60000-s9-t7:  22%|██▏       | 11/50 [00:11<00:40,  1.03s/it, Saved at =inf, TrLoss=0.2991]
 Training ATK-edg60000-s9-t7:  22%|██▏       | 11/50 [00:12<00:40,  1.03s/it, Saved at =inf, TrLoss=0.3000]
 Training ATK-edg60000-s9-t7:  24%|██▍       | 12/50 [00:12<00:39,  1.03s/it, Saved at =inf, TrLoss=0.3000]
 Training ATK-edg60000-s9-t7:  24%|██▍       | 12/50 [00:13<00:39,  1.03s/it, Saved at =inf, TrLoss=0.2958]
 Training ATK-edg60000-s9-t7:  26%|██▌       | 13/50 [00:13<00:38,  1.03s/it, Saved at =inf, TrLoss=0.2958]
 Training ATK-edg60000-s9-t7:  26%|██▌       | 13/50 [00:14<00:38,  1.03s/it, Saved at =inf, TrLoss=0.2894]
 Training ATK-edg60000-s9-t7:  28%|██▊       | 14/50 [00:14<00:37,  1.03s/it, Saved at =inf, TrLoss=0.2894]
 Training ATK-edg60000-s9-t7:  28%|██▊       | 14/50 [00:15<00:37,  1.03s/it, Saved at =inf, TrLoss=0.2832]
 Training ATK-edg60000-s9-t7:  30%|███       | 15/50 [00:15<00:36,  1.03s/it, Saved at =inf, TrLoss=0.2832]
 Training ATK-edg60000-s9-t7:  30%|███       | 15/50 [00:16<00:36,  1.03s/it, Saved at =inf, TrLoss=0.2620]
 Training ATK-edg60000-s9-t7:  32%|███▏      | 16/50 [00:16<00:34,  1.03s/it, Saved at =inf, TrLoss=0.2620]
 Training ATK-edg60000-s9-t7:  32%|███▏      | 16/50 [00:17<00:34,  1.03s/it, Saved at =inf, TrLoss=0.2597]
 Training ATK-edg60000-s9-t7:  34%|███▍      | 17/50 [00:17<00:33,  1.03s/it, Saved at =inf, TrLoss=0.2597]
 Training ATK-edg60000-s9-t7:  34%|███▍      | 17/50 [00:18<00:33,  1.03s/it, Saved at =inf, TrLoss=0.2496]
 Training ATK-edg60000-s9-t7:  36%|███▌      | 18/50 [00:18<00:32,  1.03s/it, Saved at =inf, TrLoss=0.2496]
 Training ATK-edg60000-s9-t7:  36%|███▌      | 18/50 [00:19<00:32,  1.03s/it, Saved at =inf, TrLoss=0.2515]
 Training ATK-edg60000-s9-t7:  38%|███▊      | 19/50 [00:19<00:31,  1.03s/it, Saved at =inf, TrLoss=0.2515]
 Training ATK-edg60000-s9-t7:  38%|███▊      | 19/50 [00:20<00:31,  1.03s/it, Saved at =inf, TrLoss=0.2432]
 Training ATK-edg60000-s9-t7:  40%|████      | 20/50 [00:20<00:30,  1.03s/it, Saved at =inf, TrLoss=0.2432]
 Training ATK-edg60000-s9-t7:  40%|████      | 20/50 [00:21<00:30,  1.03s/it, Saved at =inf, TrLoss=0.2416]
 Training ATK-edg60000-s9-t7:  42%|████▏     | 21/50 [00:21<00:29,  1.03s/it, Saved at =inf, TrLoss=0.2416]
 Training ATK-edg60000-s9-t7:  42%|████▏     | 21/50 [00:22<00:29,  1.03s/it, Saved at =inf, TrLoss=0.2327]
 Training ATK-edg60000-s9-t7:  44%|████▍     | 22/50 [00:22<00:28,  1.03s/it, Saved at =inf, TrLoss=0.2327]
 Training ATK-edg60000-s9-t7:  44%|████▍     | 22/50 [00:23<00:28,  1.03s/it, Saved at =inf, TrLoss=0.2302]
 Training ATK-edg60000-s9-t7:  46%|████▌     | 23/50 [00:23<00:27,  1.03s/it, Saved at =inf, TrLoss=0.2302]
 Training ATK-edg60000-s9-t7:  46%|████▌     | 23/50 [00:24<00:27,  1.03s/it, Saved at =inf, TrLoss=0.2267]
 Training ATK-edg60000-s9-t7:  48%|████▊     | 24/50 [00:24<00:26,  1.03s/it, Saved at =inf, TrLoss=0.2267]
 Training ATK-edg60000-s9-t7:  48%|████▊     | 24/50 [00:25<00:26,  1.03s/it, Saved at =inf, TrLoss=0.2222]
 Training ATK-edg60000-s9-t7:  50%|█████     | 25/50 [00:25<00:25,  1.03s/it, Saved at =inf, TrLoss=0.2222]
 Training ATK-edg60000-s9-t7:  50%|█████     | 25/50 [00:26<00:25,  1.03s/it, Saved at =inf, TrLoss=0.2206]
 Training ATK-edg60000-s9-t7:  52%|█████▏    | 26/50 [00:26<00:24,  1.03s/it, Saved at =inf, TrLoss=0.2206]
 Training ATK-edg60000-s9-t7:  52%|█████▏    | 26/50 [00:27<00:24,  1.03s/it, Saved at =inf, TrLoss=0.2131]
 Training ATK-edg60000-s9-t7:  54%|█████▍    | 27/50 [00:27<00:23,  1.03s/it, Saved at =inf, TrLoss=0.2131]
 Training ATK-edg60000-s9-t7:  54%|█████▍    | 27/50 [00:28<00:23,  1.03s/it, Saved at =inf, TrLoss=0.2074]
 Training ATK-edg60000-s9-t7:  56%|█████▌    | 28/50 [00:28<00:22,  1.03s/it, Saved at =inf, TrLoss=0.2074]
 Training ATK-edg60000-s9-t7:  56%|█████▌    | 28/50 [00:29<00:22,  1.03s/it, Saved at =inf, TrLoss=0.2056]
 Training ATK-edg60000-s9-t7:  58%|█████▊    | 29/50 [00:29<00:21,  1.03s/it, Saved at =inf, TrLoss=0.2056]
 Training ATK-edg60000-s9-t7:  58%|█████▊    | 29/50 [00:30<00:21,  1.03s/it, Saved at =inf, TrLoss=0.1992]
 Training ATK-edg60000-s9-t7:  60%|██████    | 30/50 [00:30<00:20,  1.03s/it, Saved at =inf, TrLoss=0.1992]
 Training ATK-edg60000-s9-t7:  60%|██████    | 30/50 [00:31<00:20,  1.03s/it, Saved at =inf, TrLoss=0.1971]
 Training ATK-edg60000-s9-t7:  62%|██████▏   | 31/50 [00:31<00:19,  1.03s/it, Saved at =inf, TrLoss=0.1971]
 Training ATK-edg60000-s9-t7:  62%|██████▏   | 31/50 [00:32<00:19,  1.03s/it, Saved at =inf, TrLoss=0.1960]
 Training ATK-edg60000-s9-t7:  64%|██████▍   | 32/50 [00:32<00:18,  1.03s/it, Saved at =inf, TrLoss=0.1960]
 Training ATK-edg60000-s9-t7:  64%|██████▍   | 32/50 [00:33<00:18,  1.03s/it, Saved at =inf, TrLoss=0.1886]
 Training ATK-edg60000-s9-t7:  66%|██████▌   | 33/50 [00:34<00:17,  1.03s/it, Saved at =inf, TrLoss=0.1886]
 Training ATK-edg60000-s9-t7:  66%|██████▌   | 33/50 [00:34<00:17,  1.03s/it, Saved at =inf, TrLoss=0.1857]
 Training ATK-edg60000-s9-t7:  68%|██████▊   | 34/50 [00:35<00:16,  1.03s/it, Saved at =inf, TrLoss=0.1857]
 Training ATK-edg60000-s9-t7:  68%|██████▊   | 34/50 [00:35<00:16,  1.03s/it, Saved at =inf, TrLoss=0.1842]
 Training ATK-edg60000-s9-t7:  70%|███████   | 35/50 [00:36<00:15,  1.03s/it, Saved at =inf, TrLoss=0.1842]
 Training ATK-edg60000-s9-t7:  70%|███████   | 35/50 [00:36<00:15,  1.03s/it, Saved at =inf, TrLoss=0.1869]
 Training ATK-edg60000-s9-t7:  72%|███████▏  | 36/50 [00:37<00:14,  1.03s/it, Saved at =inf, TrLoss=0.1869]
 Training ATK-edg60000-s9-t7:  72%|███████▏  | 36/50 [00:37<00:14,  1.03s/it, Saved at =inf, TrLoss=0.1810]
 Training ATK-edg60000-s9-t7:  74%|███████▍  | 37/50 [00:38<00:13,  1.03s/it, Saved at =inf, TrLoss=0.1810]
 Training ATK-edg60000-s9-t7:  74%|███████▍  | 37/50 [00:38<00:13,  1.03s/it, Saved at =inf, TrLoss=0.1792]
 Training ATK-edg60000-s9-t7:  76%|███████▌  | 38/50 [00:39<00:12,  1.03s/it, Saved at =inf, TrLoss=0.1792]
 Training ATK-edg60000-s9-t7:  76%|███████▌  | 38/50 [00:39<00:12,  1.03s/it, Saved at =inf, TrLoss=0.1791]
 Training ATK-edg60000-s9-t7:  78%|███████▊  | 39/50 [00:40<00:11,  1.03s/it, Saved at =inf, TrLoss=0.1791]
 Training ATK-edg60000-s9-t7:  78%|███████▊  | 39/50 [00:41<00:11,  1.03s/it, Saved at =inf, TrLoss=0.1773]
 Training ATK-edg60000-s9-t7:  80%|████████  | 40/50 [00:41<00:10,  1.03s/it, Saved at =inf, TrLoss=0.1773]
 Training ATK-edg60000-s9-t7:  80%|████████  | 40/50 [00:42<00:10,  1.03s/it, Saved at =inf, TrLoss=0.1763]
 Training ATK-edg60000-s9-t7:  82%|████████▏ | 41/50 [00:42<00:09,  1.03s/it, Saved at =inf, TrLoss=0.1763]
 Training ATK-edg60000-s9-t7:  82%|████████▏ | 41/50 [00:43<00:09,  1.03s/it, Saved at =inf, TrLoss=0.1752]
 Training ATK-edg60000-s9-t7:  84%|████████▍ | 42/50 [00:43<00:08,  1.03s/it, Saved at =inf, TrLoss=0.1752]
 Training ATK-edg60000-s9-t7:  84%|████████▍ | 42/50 [00:44<00:08,  1.03s/it, Saved at =inf, TrLoss=0.1712]
 Training ATK-edg60000-s9-t7:  86%|████████▌ | 43/50 [00:44<00:07,  1.03s/it, Saved at =inf, TrLoss=0.1712]
 Training ATK-edg60000-s9-t7:  86%|████████▌ | 43/50 [00:45<00:07,  1.03s/it, Saved at =inf, TrLoss=0.1733]
 Training ATK-edg60000-s9-t7:  88%|████████▊ | 44/50 [00:45<00:06,  1.03s/it, Saved at =inf, TrLoss=0.1733]
 Training ATK-edg60000-s9-t7:  88%|████████▊ | 44/50 [00:46<00:06,  1.03s/it, Saved at =inf, TrLoss=0.1700]
 Training ATK-edg60000-s9-t7:  90%|█████████ | 45/50 [00:46<00:05,  1.03s/it, Saved at =inf, TrLoss=0.1700]
 Training ATK-edg60000-s9-t7:  90%|█████████ | 45/50 [00:47<00:05,  1.03s/it, Saved at =inf, TrLoss=0.1679]
 Training ATK-edg60000-s9-t7:  92%|█████████▏| 46/50 [00:47<00:04,  1.03s/it, Saved at =inf, TrLoss=0.1679]
 Training ATK-edg60000-s9-t7:  92%|█████████▏| 46/50 [00:48<00:04,  1.03s/it, Saved at =inf, TrLoss=0.1672]
 Training ATK-edg60000-s9-t7:  94%|█████████▍| 47/50 [00:48<00:03,  1.03s/it, Saved at =inf, TrLoss=0.1672]
 Training ATK-edg60000-s9-t7:  94%|█████████▍| 47/50 [00:49<00:03,  1.03s/it, Saved at =inf, TrLoss=0.1664]
 Training ATK-edg60000-s9-t7:  96%|█████████▌| 48/50 [00:49<00:02,  1.03s/it, Saved at =inf, TrLoss=0.1664]
 Training ATK-edg60000-s9-t7:  96%|█████████▌| 48/50 [00:50<00:02,  1.03s/it, Saved at =inf, TrLoss=0.1660]
 Training ATK-edg60000-s9-t7:  98%|█████████▊| 49/50 [00:50<00:01,  1.03s/it, Saved at =inf, TrLoss=0.1660]
 Training ATK-edg60000-s9-t7:  98%|█████████▊| 49/50 [00:51<00:01,  1.03s/it, Saved at =inf, TrLoss=0.1656]
 Training ATK-edg60000-s9-t7: 100%|██████████| 50/50 [00:51<00:00,  1.03s/it, Saved at =inf, TrLoss=0.1656]
 Training ATK-edg60000-s9-t7: 100%|██████████| 50/50 [00:51<00:00,  1.03s/it, Saved at =inf, TrLoss=0.1656]
[18:47:17]   MCC=0.604±0.066, AUC=0.901±0.025, BAcc=0.814±0.039
[18:53:42]   [edg60000 s9] 1500/13278 candidates scanned, 1353 eligible
[18:55:47]   [edg60000 s9] 2000/13278 candidates scanned, 1793 eligible
[18:57:49]   [edg60000 s9] 2500/13278 candidates scanned, 2222 eligible
[18:59:49]   [edg60000 s9] 3000/13278 candidates scanned, 2646 eligible
[19:01:46]   [edg60000 s9] 3500/13278 candidates scanned, 3057 eligible
[19:03:41]   [edg60000 s9] 4000/13278 candidates scanned, 3463 eligible
[19:05:28]   [edg60000 s9] 4500/13278 candidates scanned, 3842 eligible
[19:07:13]   [edg60000 s9] 5000/13278 candidates scanned, 4210 eligible
[19:09:01]   [edg60000 s9] 5500/13278 candidates scanned, 4591 eligible
[19:10:46]   [edg60000 s9] 6000/13278 candidates scanned, 4961 eligible
[19:12:34]   [edg60000 s9] 6500/13278 candidates scanned, 5340 eligible
[19:14:13]   [edg60000 s9] 7000/13278 candidates scanned, 5689 eligible
[19:17:17]   [edg60000 s9] 8000/13278 candidates scanned, 6339 eligible
[19:18:39]   [edg60000 s9] 8500/13278 candidates scanned, 6630 eligible
[19:20:22]   [edg60000 s9] 9000/13278 candidates scanned, 6991 eligible
[19:22:06]   [edg60000 s9] 9500/13278 candidates scanned, 7357 eligible
[19:23:46]   [edg60000 s9] 10000/13278 candidates scanned, 7709 eligible
[19:31:08]   [edg60000 s9] 13000/13278 candidates scanned, 9267 eligible
[19:31:30]   edg60000 seed 9: n=9344 AUC=0.901 | flip% random total/prop 8.0/2.7 | optimized 11.5/3.8 | 50.8 min
