<ps-env>/lib/python3.10/site-packages/networkx/utils/backends.py:563: RuntimeWarning: Error encountered when loading info for backend cugraph: No module named '_nx_cugraph'
  backend_info.update(_get_backends("networkx.backend_info", load_and_call=True))
[14:59:41] Training GDTE on otc (seed=5)...

 Training FV-otc-s5-t2:   0%|          | 0/50 [00:00<?, ?it/s]
 Training FV-otc-s5-t2:   0%|          | 0/50 [00:00<?, ?it/s, Saved at =inf, TrLoss=0.7196]
 Training FV-otc-s5-t2:   2%|▏         | 1/50 [00:00<00:19,  2.55it/s, Saved at =inf, TrLoss=0.7196]
 Training FV-otc-s5-t2:   2%|▏         | 1/50 [00:00<00:19,  2.55it/s, Saved at =inf, TrLoss=0.6365]
 Training FV-otc-s5-t2:   2%|▏         | 1/50 [00:00<00:19,  2.55it/s, Saved at =inf, TrLoss=0.3985]
 Training FV-otc-s5-t2:   6%|▌         | 3/50 [00:00<00:06,  7.17it/s, Saved at =inf, TrLoss=0.3985]
 Training FV-otc-s5-t2:   6%|▌         | 3/50 [00:00<00:06,  7.17it/s, Saved at =inf, TrLoss=0.3783]
 Training FV-otc-s5-t2:   6%|▌         | 3/50 [00:00<00:06,  7.17it/s, Saved at =inf, TrLoss=0.3035]
 Training FV-otc-s5-t2:  10%|█         | 5/50 [00:00<00:04, 10.68it/s, Saved at =inf, TrLoss=0.3035]
 Training FV-otc-s5-t2:  10%|█         | 5/50 [00:00<00:04, 10.68it/s, Saved at =inf, TrLoss=0.3482]
 Training FV-otc-s5-t2:  10%|█         | 5/50 [00:00<00:04, 10.68it/s, Saved at =inf, TrLoss=0.2375]
 Training FV-otc-s5-t2:  10%|█         | 5/50 [00:00<00:04, 10.68it/s, Saved at =inf, TrLoss=0.2207]
 Training FV-otc-s5-t2:  16%|█▌        | 8/50 [00:00<00:02, 14.13it/s, Saved at =inf, TrLoss=0.2207]
 Training FV-otc-s5-t2:  16%|█▌        | 8/50 [00:00<00:02, 14.13it/s, Saved at =inf, TrLoss=0.2077]
 Training FV-otc-s5-t2:  16%|█▌        | 8/50 [00:00<00:02, 14.13it/s, Saved at =inf, TrLoss=0.1916]
 Training FV-otc-s5-t2:  16%|█▌        | 8/50 [00:00<00:02, 14.13it/s, Saved at =inf, TrLoss=0.1563]
 Training FV-otc-s5-t2:  22%|██▏       | 11/50 [00:00<00:02, 16.20it/s, Saved at =inf, TrLoss=0.1563]
 Training FV-otc-s5-t2:  22%|██▏       | 11/50 [00:00<00:02, 16.20it/s, Saved at =inf, TrLoss=0.1615]
 Training FV-otc-s5-t2:  22%|██▏       | 11/50 [00:00<00:02, 16.20it/s, Saved at =inf, TrLoss=0.1679]
 Training FV-otc-s5-t2:  22%|██▏       | 11/50 [00:01<00:02, 16.20it/s, Saved at =inf, TrLoss=0.1704]
 Training FV-otc-s5-t2:  28%|██▊       | 14/50 [00:01<00:02, 17.50it/s, Saved at =inf, TrLoss=0.1704]
 Training FV-otc-s5-t2:  28%|██▊       | 14/50 [00:01<00:02, 17.50it/s, Saved at =inf, TrLoss=0.1458]
 Training FV-otc-s5-t2:  28%|██▊       | 14/50 [00:01<00:02, 17.50it/s, Saved at =inf, TrLoss=0.1510]
 Training FV-otc-s5-t2:  28%|██▊       | 14/50 [00:01<00:02, 17.50it/s, Saved at =inf, TrLoss=0.1353]
 Training FV-otc-s5-t2:  34%|███▍      | 17/50 [00:01<00:01, 18.36it/s, Saved at =inf, TrLoss=0.1353]
 Training FV-otc-s5-t2:  34%|███▍      | 17/50 [00:01<00:01, 18.36it/s, Saved at =inf, TrLoss=0.1523]
 Training FV-otc-s5-t2:  34%|███▍      | 17/50 [00:01<00:01, 18.36it/s, Saved at =inf, TrLoss=0.1418]
 Training FV-otc-s5-t2:  34%|███▍      | 17/50 [00:01<00:01, 18.36it/s, Saved at =inf, TrLoss=0.1511]
 Training FV-otc-s5-t2:  40%|████      | 20/50 [00:01<00:01, 18.92it/s, Saved at =inf, TrLoss=0.1511]
 Training FV-otc-s5-t2:  40%|████      | 20/50 [00:01<00:01, 18.92it/s, Saved at =inf, TrLoss=0.1082]
 Training FV-otc-s5-t2:  40%|████      | 20/50 [00:01<00:01, 18.92it/s, Saved at =inf, TrLoss=0.1637]
 Training FV-otc-s5-t2:  40%|████      | 20/50 [00:01<00:01, 18.92it/s, Saved at =inf, TrLoss=0.1605]
 Training FV-otc-s5-t2:  46%|████▌     | 23/50 [00:01<00:01, 19.28it/s, Saved at =inf, TrLoss=0.1605]
 Training FV-otc-s5-t2:  46%|████▌     | 23/50 [00:01<00:01, 19.28it/s, Saved at =inf, TrLoss=0.1179]
 Training FV-otc-s5-t2:  46%|████▌     | 23/50 [00:01<00:01, 19.28it/s, Saved at =inf, TrLoss=0.1276]
 Training FV-otc-s5-t2:  46%|████▌     | 23/50 [00:01<00:01, 19.28it/s, Saved at =inf, TrLoss=0.1651]
 Training FV-otc-s5-t2:  52%|█████▏    | 26/50 [00:01<00:01, 19.54it/s, Saved at =inf, TrLoss=0.1651]
 Training FV-otc-s5-t2:  52%|█████▏    | 26/50 [00:01<00:01, 19.54it/s, Saved at =inf, TrLoss=0.1404]
 Training FV-otc-s5-t2:  52%|█████▏    | 26/50 [00:01<00:01, 19.54it/s, Saved at =inf, TrLoss=0.1231]
 Training FV-otc-s5-t2:  52%|█████▏    | 26/50 [00:01<00:01, 19.54it/s, Saved at =inf, TrLoss=0.1386]
 Training FV-otc-s5-t2:  58%|█████▊    | 29/50 [00:01<00:01, 19.74it/s, Saved at =inf, TrLoss=0.1386]
 Training FV-otc-s5-t2:  58%|█████▊    | 29/50 [00:01<00:01, 19.74it/s, Saved at =inf, TrLoss=0.1561]
 Training FV-otc-s5-t2:  58%|█████▊    | 29/50 [00:01<00:01, 19.74it/s, Saved at =inf, TrLoss=0.1147]
 Training FV-otc-s5-t2:  58%|█████▊    | 29/50 [00:01<00:01, 19.74it/s, Saved at =inf, TrLoss=0.1211]
 Training FV-otc-s5-t2:  64%|██████▍   | 32/50 [00:01<00:00, 19.86it/s, Saved at =inf, TrLoss=0.1211]
 Training FV-otc-s5-t2:  64%|██████▍   | 32/50 [00:01<00:00, 19.86it/s, Saved at =inf, TrLoss=0.1286]
 Training FV-otc-s5-t2:  64%|██████▍   | 32/50 [00:02<00:00, 19.86it/s, Saved at =inf, TrLoss=0.1152]
 Training FV-otc-s5-t2:  64%|██████▍   | 32/50 [00:02<00:00, 19.86it/s, Saved at =inf, TrLoss=0.1187]
 Training FV-otc-s5-t2:  70%|███████   | 35/50 [00:02<00:00, 19.95it/s, Saved at =inf, TrLoss=0.1187]
 Training FV-otc-s5-t2:  70%|███████   | 35/50 [00:02<00:00, 19.95it/s, Saved at =inf, TrLoss=0.1193]
 Training FV-otc-s5-t2:  70%|███████   | 35/50 [00:02<00:00, 19.95it/s, Saved at =inf, TrLoss=0.0964]
 Training FV-otc-s5-t2:  70%|███████   | 35/50 [00:02<00:00, 19.95it/s, Saved at =inf, TrLoss=0.0937]
 Training FV-otc-s5-t2:  76%|███████▌  | 38/50 [00:02<00:00, 20.03it/s, Saved at =inf, TrLoss=0.0937]
 Training FV-otc-s5-t2:  76%|███████▌  | 38/50 [00:02<00:00, 20.03it/s, Saved at =inf, TrLoss=0.1319]
 Training FV-otc-s5-t2:  76%|███████▌  | 38/50 [00:02<00:00, 20.03it/s, Saved at =inf, TrLoss=0.0934]
 Training FV-otc-s5-t2:  76%|███████▌  | 38/50 [00:02<00:00, 20.03it/s, Saved at =inf, TrLoss=0.0946]
 Training FV-otc-s5-t2:  82%|████████▏ | 41/50 [00:02<00:00, 20.02it/s, Saved at =inf, TrLoss=0.0946]
 Training FV-otc-s5-t2:  82%|████████▏ | 41/50 [00:02<00:00, 20.02it/s, Saved at =inf, TrLoss=0.1011]
 Training FV-otc-s5-t2:  82%|████████▏ | 41/50 [00:02<00:00, 20.02it/s, Saved at =inf, TrLoss=0.1052]
 Training FV-otc-s5-t2:  82%|████████▏ | 41/50 [00:02<00:00, 20.02it/s, Saved at =inf, TrLoss=0.0718]
 Training FV-otc-s5-t2:  88%|████████▊ | 44/50 [00:02<00:00, 19.94it/s, Saved at =inf, TrLoss=0.0718]
 Training FV-otc-s5-t2:  88%|████████▊ | 44/50 [00:02<00:00, 19.94it/s, Saved at =inf, TrLoss=0.1122]
 Training FV-otc-s5-t2:  88%|████████▊ | 44/50 [00:02<00:00, 19.94it/s, Saved at =inf, TrLoss=0.0805]
 Training FV-otc-s5-t2:  88%|████████▊ | 44/50 [00:02<00:00, 19.94it/s, Saved at =inf, TrLoss=0.0880]
 Training FV-otc-s5-t2:  94%|█████████▍| 47/50 [00:02<00:00, 20.00it/s, Saved at =inf, TrLoss=0.0880]
 Training FV-otc-s5-t2:  94%|█████████▍| 47/50 [00:02<00:00, 20.00it/s, Saved at =inf, TrLoss=0.0705]
 Training FV-otc-s5-t2:  94%|█████████▍| 47/50 [00:02<00:00, 20.00it/s, Saved at =inf, TrLoss=0.0636]
 Training FV-otc-s5-t2:  94%|█████████▍| 47/50 [00:02<00:00, 20.00it/s, Saved at =inf, TrLoss=0.0803]
 Training FV-otc-s5-t2: 100%|██████████| 50/50 [00:02<00:00, 20.03it/s, Saved at =inf, TrLoss=0.0803]
 Training FV-otc-s5-t2: 100%|██████████| 50/50 [00:02<00:00, 17.64it/s, Saved at =inf, TrLoss=0.0803]

 Training FV-otc-s5-t3:   0%|          | 0/50 [00:00<?, ?it/s]
 Training FV-otc-s5-t3:   0%|          | 0/50 [00:00<?, ?it/s, Saved at =inf, TrLoss=0.9190]
 Training FV-otc-s5-t3:   0%|          | 0/50 [00:00<?, ?it/s, Saved at =inf, TrLoss=0.8328]
 Training FV-otc-s5-t3:   4%|▍         | 2/50 [00:00<00:03, 13.88it/s, Saved at =inf, TrLoss=0.8328]
 Training FV-otc-s5-t3:   4%|▍         | 2/50 [00:00<00:03, 13.88it/s, Saved at =inf, TrLoss=0.6688]
 Training FV-otc-s5-t3:   4%|▍         | 2/50 [00:00<00:03, 13.88it/s, Saved at =inf, TrLoss=0.4901]
 Training FV-otc-s5-t3:   8%|▊         | 4/50 [00:00<00:03, 14.26it/s, Saved at =inf, TrLoss=0.4901]
 Training FV-otc-s5-t3:   8%|▊         | 4/50 [00:00<00:03, 14.26it/s, Saved at =inf, TrLoss=0.4327]
 Training FV-otc-s5-t3:   8%|▊         | 4/50 [00:00<00:03, 14.26it/s, Saved at =inf, TrLoss=0.4228]
 Training FV-otc-s5-t3:  12%|█▏        | 6/50 [00:00<00:03, 14.40it/s, Saved at =inf, TrLoss=0.4228]
 Training FV-otc-s5-t3:  12%|█▏        | 6/50 [00:00<00:03, 14.40it/s, Saved at =inf, TrLoss=0.3670]
 Training FV-otc-s5-t3:  12%|█▏        | 6/50 [00:00<00:03, 14.40it/s, Saved at =inf, TrLoss=0.3196]
 Training FV-otc-s5-t3:  16%|█▌        | 8/50 [00:00<00:02, 14.45it/s, Saved at =inf, TrLoss=0.3196]
 Training FV-otc-s5-t3:  16%|█▌        | 8/50 [00:00<00:02, 14.45it/s, Saved at =inf, TrLoss=0.3143]
 Training FV-otc-s5-t3:  16%|█▌        | 8/50 [00:00<00:02, 14.45it/s, Saved at =inf, TrLoss=0.2615]
 Training FV-otc-s5-t3:  20%|██        | 10/50 [00:00<00:02, 14.48it/s, Saved at =inf, TrLoss=0.2615]
 Training FV-otc-s5-t3:  20%|██        | 10/50 [00:00<00:02, 14.48it/s, Saved at =inf, TrLoss=0.2550]
 Training FV-otc-s5-t3:  20%|██        | 10/50 [00:00<00:02, 14.48it/s, Saved at =inf, TrLoss=0.2902]
 Training FV-otc-s5-t3:  24%|██▍       | 12/50 [00:00<00:02, 14.51it/s, Saved at =inf, TrLoss=0.2902]
 Training FV-otc-s5-t3:  24%|██▍       | 12/50 [00:00<00:02, 14.51it/s, Saved at =inf, TrLoss=0.2417]
 Training FV-otc-s5-t3:  24%|██▍       | 12/50 [00:00<00:02, 14.51it/s, Saved at =inf, TrLoss=0.1965]
 Training FV-otc-s5-t3:  28%|██▊       | 14/50 [00:00<00:02, 14.52it/s, Saved at =inf, TrLoss=0.1965]
 Training FV-otc-s5-t3:  28%|██▊       | 14/50 [00:01<00:02, 14.52it/s, Saved at =inf, TrLoss=0.2007]
 Training FV-otc-s5-t3:  28%|██▊       | 14/50 [00:01<00:02, 14.52it/s, Saved at =inf, TrLoss=0.1936]
 Training FV-otc-s5-t3:  32%|███▏      | 16/50 [00:01<00:02, 14.53it/s, Saved at =inf, TrLoss=0.1936]
 Training FV-otc-s5-t3:  32%|███▏      | 16/50 [00:01<00:02, 14.53it/s, Saved at =inf, TrLoss=0.1711]
 Training FV-otc-s5-t3:  32%|███▏      | 16/50 [00:01<00:02, 14.53it/s, Saved at =inf, TrLoss=0.1831]
 Training FV-otc-s5-t3:  36%|███▌      | 18/50 [00:01<00:02, 14.54it/s, Saved at =inf, TrLoss=0.1831]
 Training FV-otc-s5-t3:  36%|███▌      | 18/50 [00:01<00:02, 14.54it/s, Saved at =inf, TrLoss=0.1763]
 Training FV-otc-s5-t3:  36%|███▌      | 18/50 [00:01<00:02, 14.54it/s, Saved at =inf, TrLoss=0.1801]
 Training FV-otc-s5-t3:  40%|████      | 20/50 [00:01<00:02, 14.54it/s, Saved at =inf, TrLoss=0.1801]
 Training FV-otc-s5-t3:  40%|████      | 20/50 [00:01<00:02, 14.54it/s, Saved at =inf, TrLoss=0.1555]
 Training FV-otc-s5-t3:  40%|████      | 20/50 [00:01<00:02, 14.54it/s, Saved at =inf, TrLoss=0.1673]
 Training FV-otc-s5-t3:  44%|████▍     | 22/50 [00:01<00:01, 14.54it/s, Saved at =inf, TrLoss=0.1673]
 Training FV-otc-s5-t3:  44%|████▍     | 22/50 [00:01<00:01, 14.54it/s, Saved at =inf, TrLoss=0.1597]
 Training FV-otc-s5-t3:  44%|████▍     | 22/50 [00:01<00:01, 14.54it/s, Saved at =inf, TrLoss=0.1508]
 Training FV-otc-s5-t3:  48%|████▊     | 24/50 [00:01<00:01, 14.53it/s, Saved at =inf, TrLoss=0.1508]
 Training FV-otc-s5-t3:  48%|████▊     | 24/50 [00:01<00:01, 14.53it/s, Saved at =inf, TrLoss=0.1502]
 Training FV-otc-s5-t3:  48%|████▊     | 24/50 [00:01<00:01, 14.53it/s, Saved at =inf, TrLoss=0.1463]
 Training FV-otc-s5-t3:  52%|█████▏    | 26/50 [00:01<00:01, 14.55it/s, Saved at =inf, TrLoss=0.1463]
 Training FV-otc-s5-t3:  52%|█████▏    | 26/50 [00:01<00:01, 14.55it/s, Saved at =inf, TrLoss=0.1784]
 Training FV-otc-s5-t3:  52%|█████▏    | 26/50 [00:01<00:01, 14.55it/s, Saved at =inf, TrLoss=0.1567]
 Training FV-otc-s5-t3:  56%|█████▌    | 28/50 [00:01<00:01, 14.54it/s, Saved at =inf, TrLoss=0.1567]
 Training FV-otc-s5-t3:  56%|█████▌    | 28/50 [00:01<00:01, 14.54it/s, Saved at =inf, TrLoss=0.1521]
 Training FV-otc-s5-t3:  56%|█████▌    | 28/50 [00:02<00:01, 14.54it/s, Saved at =inf, TrLoss=0.1647]
 Training FV-otc-s5-t3:  60%|██████    | 30/50 [00:02<00:01, 14.53it/s, Saved at =inf, TrLoss=0.1647]
 Training FV-otc-s5-t3:  60%|██████    | 30/50 [00:02<00:01, 14.53it/s, Saved at =inf, TrLoss=0.1416]
 Training FV-otc-s5-t3:  60%|██████    | 30/50 [00:02<00:01, 14.53it/s, Saved at =inf, TrLoss=0.1305]
 Training FV-otc-s5-t3:  64%|██████▍   | 32/50 [00:02<00:01, 14.42it/s, Saved at =inf, TrLoss=0.1305]
 Training FV-otc-s5-t3:  64%|██████▍   | 32/50 [00:02<00:01, 14.42it/s, Saved at =inf, TrLoss=0.1489]
 Training FV-otc-s5-t3:  64%|██████▍   | 32/50 [00:02<00:01, 14.42it/s, Saved at =inf, TrLoss=0.1293]
 Training FV-otc-s5-t3:  68%|██████▊   | 34/50 [00:02<00:01, 14.46it/s, Saved at =inf, TrLoss=0.1293]
 Training FV-otc-s5-t3:  68%|██████▊   | 34/50 [00:02<00:01, 14.46it/s, Saved at =inf, TrLoss=0.1579]
 Training FV-otc-s5-t3:  68%|██████▊   | 34/50 [00:02<00:01, 14.46it/s, Saved at =inf, TrLoss=0.1251]
 Training FV-otc-s5-t3:  72%|███████▏  | 36/50 [00:02<00:00, 14.36it/s, Saved at =inf, TrLoss=0.1251]
 Training FV-otc-s5-t3:  72%|███████▏  | 36/50 [00:02<00:00, 14.36it/s, Saved at =inf, TrLoss=0.1339]
 Training FV-otc-s5-t3:  72%|███████▏  | 36/50 [00:02<00:00, 14.36it/s, Saved at =inf, TrLoss=0.1315]
 Training FV-otc-s5-t3:  76%|███████▌  | 38/50 [00:02<00:00, 14.38it/s, Saved at =inf, TrLoss=0.1315]
 Training FV-otc-s5-t3:  76%|███████▌  | 38/50 [00:02<00:00, 14.38it/s, Saved at =inf, TrLoss=0.1597]
 Training FV-otc-s5-t3:  76%|███████▌  | 38/50 [00:02<00:00, 14.38it/s, Saved at =inf, TrLoss=0.1219]
 Training FV-otc-s5-t3:  80%|████████  | 40/50 [00:02<00:00, 14.45it/s, Saved at =inf, TrLoss=0.1219]
 Training FV-otc-s5-t3:  80%|████████  | 40/50 [00:02<00:00, 14.45it/s, Saved at =inf, TrLoss=0.1303]
 Training FV-otc-s5-t3:  80%|████████  | 40/50 [00:02<00:00, 14.45it/s, Saved at =inf, TrLoss=0.1275]
 Training FV-otc-s5-t3:  84%|████████▍ | 42/50 [00:02<00:00, 14.49it/s, Saved at =inf, TrLoss=0.1275]
 Training FV-otc-s5-t3:  84%|████████▍ | 42/50 [00:02<00:00, 14.49it/s, Saved at =inf, TrLoss=0.1542]
 Training FV-otc-s5-t3:  84%|████████▍ | 42/50 [00:03<00:00, 14.49it/s, Saved at =inf, TrLoss=0.1241]
 Training FV-otc-s5-t3:  88%|████████▊ | 44/50 [00:03<00:00, 14.51it/s, Saved at =inf, TrLoss=0.1241]
 Training FV-otc-s5-t3:  88%|████████▊ | 44/50 [00:03<00:00, 14.51it/s, Saved at =inf, TrLoss=0.1282]
 Training FV-otc-s5-t3:  88%|████████▊ | 44/50 [00:03<00:00, 14.51it/s, Saved at =inf, TrLoss=0.1255]
 Training FV-otc-s5-t3:  92%|█████████▏| 46/50 [00:03<00:00, 14.56it/s, Saved at =inf, TrLoss=0.1255]
 Training FV-otc-s5-t3:  92%|█████████▏| 46/50 [00:03<00:00, 14.56it/s, Saved at =inf, TrLoss=0.1238]
 Training FV-otc-s5-t3:  92%|█████████▏| 46/50 [00:03<00:00, 14.56it/s, Saved at =inf, TrLoss=0.1118]
 Training FV-otc-s5-t3:  96%|█████████▌| 48/50 [00:03<00:00, 14.60it/s, Saved at =inf, TrLoss=0.1118]
 Training FV-otc-s5-t3:  96%|█████████▌| 48/50 [00:03<00:00, 14.60it/s, Saved at =inf, TrLoss=0.1161]
 Training FV-otc-s5-t3:  96%|█████████▌| 48/50 [00:03<00:00, 14.60it/s, Saved at =inf, TrLoss=0.1212]
 Training FV-otc-s5-t3: 100%|██████████| 50/50 [00:03<00:00, 14.63it/s, Saved at =inf, TrLoss=0.1212]
 Training FV-otc-s5-t3: 100%|██████████| 50/50 [00:03<00:00, 14.50it/s, Saved at =inf, TrLoss=0.1212]

 Training FV-otc-s5-t4:   0%|          | 0/50 [00:00<?, ?it/s]
 Training FV-otc-s5-t4:   0%|          | 0/50 [00:00<?, ?it/s, Saved at =inf, TrLoss=0.8936]
 Training FV-otc-s5-t4:   0%|          | 0/50 [00:00<?, ?it/s, Saved at =inf, TrLoss=1.0636]
 Training FV-otc-s5-t4:   4%|▍         | 2/50 [00:00<00:04, 10.78it/s, Saved at =inf, TrLoss=1.0636]
 Training FV-otc-s5-t4:   4%|▍         | 2/50 [00:00<00:04, 10.78it/s, Saved at =inf, TrLoss=0.5340]
 Training FV-otc-s5-t4:   4%|▍         | 2/50 [00:00<00:04, 10.78it/s, Saved at =inf, TrLoss=0.5469]
 Training FV-otc-s5-t4:   8%|▊         | 4/50 [00:00<00:04, 11.11it/s, Saved at =inf, TrLoss=0.5469]
 Training FV-otc-s5-t4:   8%|▊         | 4/50 [00:00<00:04, 11.11it/s, Saved at =inf, TrLoss=0.4601]
 Training FV-otc-s5-t4:   8%|▊         | 4/50 [00:00<00:04, 11.11it/s, Saved at =inf, TrLoss=0.4157]
 Training FV-otc-s5-t4:  12%|█▏        | 6/50 [00:00<00:03, 11.24it/s, Saved at =inf, TrLoss=0.4157]
 Training FV-otc-s5-t4:  12%|█▏        | 6/50 [00:00<00:03, 11.24it/s, Saved at =inf, TrLoss=0.4206]
 Training FV-otc-s5-t4:  12%|█▏        | 6/50 [00:00<00:03, 11.24it/s, Saved at =inf, TrLoss=0.3990]
 Training FV-otc-s5-t4:  16%|█▌        | 8/50 [00:00<00:03, 11.30it/s, Saved at =inf, TrLoss=0.3990]
 Training FV-otc-s5-t4:  16%|█▌        | 8/50 [00:00<00:03, 11.30it/s, Saved at =inf, TrLoss=0.3604]
 Training FV-otc-s5-t4:  16%|█▌        | 8/50 [00:00<00:03, 11.30it/s, Saved at =inf, TrLoss=0.3390]
 Training FV-otc-s5-t4:  20%|██        | 10/50 [00:00<00:03, 11.33it/s, Saved at =inf, TrLoss=0.3390]
 Training FV-otc-s5-t4:  20%|██        | 10/50 [00:00<00:03, 11.33it/s, Saved at =inf, TrLoss=0.3144]
 Training FV-otc-s5-t4:  20%|██        | 10/50 [00:01<00:03, 11.33it/s, Saved at =inf, TrLoss=0.2960]
 Training FV-otc-s5-t4:  24%|██▍       | 12/50 [00:01<00:03, 11.35it/s, Saved at =inf, TrLoss=0.2960]
 Training FV-otc-s5-t4:  24%|██▍       | 12/50 [00:01<00:03, 11.35it/s, Saved at =inf, TrLoss=0.2814]
 Training FV-otc-s5-t4:  24%|██▍       | 12/50 [00:01<00:03, 11.35it/s, Saved at =inf, TrLoss=0.2596]
 Training FV-otc-s5-t4:  28%|██▊       | 14/50 [00:01<00:03, 11.36it/s, Saved at =inf, TrLoss=0.2596]
 Training FV-otc-s5-t4:  28%|██▊       | 14/50 [00:01<00:03, 11.36it/s, Saved at =inf, TrLoss=0.2485]
 Training FV-otc-s5-t4:  28%|██▊       | 14/50 [00:01<00:03, 11.36it/s, Saved at =inf, TrLoss=0.2504]
 Training FV-otc-s5-t4:  32%|███▏      | 16/50 [00:01<00:02, 11.37it/s, Saved at =inf, TrLoss=0.2504]
 Training FV-otc-s5-t4:  32%|███▏      | 16/50 [00:01<00:02, 11.37it/s, Saved at =inf, TrLoss=0.2337]
 Training FV-otc-s5-t4:  32%|███▏      | 16/50 [00:01<00:02, 11.37it/s, Saved at =inf, TrLoss=0.2182]
 Training FV-otc-s5-t4:  36%|███▌      | 18/50 [00:01<00:02, 11.38it/s, Saved at =inf, TrLoss=0.2182]
 Training FV-otc-s5-t4:  36%|███▌      | 18/50 [00:01<00:02, 11.38it/s, Saved at =inf, TrLoss=0.2092]
 Training FV-otc-s5-t4:  36%|███▌      | 18/50 [00:01<00:02, 11.38it/s, Saved at =inf, TrLoss=0.2098]
 Training FV-otc-s5-t4:  40%|████      | 20/50 [00:01<00:02, 11.38it/s, Saved at =inf, TrLoss=0.2098]
 Training FV-otc-s5-t4:  40%|████      | 20/50 [00:01<00:02, 11.38it/s, Saved at =inf, TrLoss=0.2061]
 Training FV-otc-s5-t4:  40%|████      | 20/50 [00:01<00:02, 11.38it/s, Saved at =inf, TrLoss=0.2085]
 Training FV-otc-s5-t4:  44%|████▍     | 22/50 [00:01<00:02, 11.38it/s, Saved at =inf, TrLoss=0.2085]
 Training FV-otc-s5-t4:  44%|████▍     | 22/50 [00:01<00:02, 11.38it/s, Saved at =inf, TrLoss=0.1912]
 Training FV-otc-s5-t4:  44%|████▍     | 22/50 [00:02<00:02, 11.38it/s, Saved at =inf, TrLoss=0.1961]
 Training FV-otc-s5-t4:  48%|████▊     | 24/50 [00:02<00:02, 11.38it/s, Saved at =inf, TrLoss=0.1961]
 Training FV-otc-s5-t4:  48%|████▊     | 24/50 [00:02<00:02, 11.38it/s, Saved at =inf, TrLoss=0.1804]
 Training FV-otc-s5-t4:  48%|████▊     | 24/50 [00:02<00:02, 11.38it/s, Saved at =inf, TrLoss=0.1913]
 Training FV-otc-s5-t4:  52%|█████▏    | 26/50 [00:02<00:02, 11.39it/s, Saved at =inf, TrLoss=0.1913]
 Training FV-otc-s5-t4:  52%|█████▏    | 26/50 [00:02<00:02, 11.39it/s, Saved at =inf, TrLoss=0.1834]
 Training FV-otc-s5-t4:  52%|█████▏    | 26/50 [00:02<00:02, 11.39it/s, Saved at =inf, TrLoss=0.1724]
 Training FV-otc-s5-t4:  56%|█████▌    | 28/50 [00:02<00:01, 11.38it/s, Saved at =inf, TrLoss=0.1724]
 Training FV-otc-s5-t4:  56%|█████▌    | 28/50 [00:02<00:01, 11.38it/s, Saved at =inf, TrLoss=0.1775]
 Training FV-otc-s5-t4:  56%|█████▌    | 28/50 [00:02<00:01, 11.38it/s, Saved at =inf, TrLoss=0.1712]
 Training FV-otc-s5-t4:  60%|██████    | 30/50 [00:02<00:01, 11.39it/s, Saved at =inf, TrLoss=0.1712]
 Training FV-otc-s5-t4:  60%|██████    | 30/50 [00:02<00:01, 11.39it/s, Saved at =inf, TrLoss=0.1718]
 Training FV-otc-s5-t4:  60%|██████    | 30/50 [00:02<00:01, 11.39it/s, Saved at =inf, TrLoss=0.1607]
 Training FV-otc-s5-t4:  64%|██████▍   | 32/50 [00:02<00:01, 11.40it/s, Saved at =inf, TrLoss=0.1607]
 Training FV-otc-s5-t4:  64%|██████▍   | 32/50 [00:02<00:01, 11.40it/s, Saved at =inf, TrLoss=0.1650]
 Training FV-otc-s5-t4:  64%|██████▍   | 32/50 [00:02<00:01, 11.40it/s, Saved at =inf, TrLoss=0.1603]
 Training FV-otc-s5-t4:  68%|██████▊   | 34/50 [00:02<00:01, 11.39it/s, Saved at =inf, TrLoss=0.1603]
 Training FV-otc-s5-t4:  68%|██████▊   | 34/50 [00:03<00:01, 11.39it/s, Saved at =inf, TrLoss=0.1599]
 Training FV-otc-s5-t4:  68%|██████▊   | 34/50 [00:03<00:01, 11.39it/s, Saved at =inf, TrLoss=0.1509]
 Training FV-otc-s5-t4:  72%|███████▏  | 36/50 [00:03<00:01, 11.39it/s, Saved at =inf, TrLoss=0.1509]
 Training FV-otc-s5-t4:  72%|███████▏  | 36/50 [00:03<00:01, 11.39it/s, Saved at =inf, TrLoss=0.1576]
 Training FV-otc-s5-t4:  72%|███████▏  | 36/50 [00:03<00:01, 11.39it/s, Saved at =inf, TrLoss=0.1544]
 Training FV-otc-s5-t4:  76%|███████▌  | 38/50 [00:03<00:01, 11.39it/s, Saved at =inf, TrLoss=0.1544]
 Training FV-otc-s5-t4:  76%|███████▌  | 38/50 [00:03<00:01, 11.39it/s, Saved at =inf, TrLoss=0.1547]
 Training FV-otc-s5-t4:  76%|███████▌  | 38/50 [00:03<00:01, 11.39it/s, Saved at =inf, TrLoss=0.1518]
 Training FV-otc-s5-t4:  80%|████████  | 40/50 [00:03<00:00, 11.38it/s, Saved at =inf, TrLoss=0.1518]
 Training FV-otc-s5-t4:  80%|████████  | 40/50 [00:03<00:00, 11.38it/s, Saved at =inf, TrLoss=0.1659]
 Training FV-otc-s5-t4:  80%|████████  | 40/50 [00:03<00:00, 11.38it/s, Saved at =inf, TrLoss=0.1547]
 Training FV-otc-s5-t4:  84%|████████▍ | 42/50 [00:03<00:00, 11.38it/s, Saved at =inf, TrLoss=0.1547]
 Training FV-otc-s5-t4:  84%|████████▍ | 42/50 [00:03<00:00, 11.38it/s, Saved at =inf, TrLoss=0.1490]
 Training FV-otc-s5-t4:  84%|████████▍ | 42/50 [00:03<00:00, 11.38it/s, Saved at =inf, TrLoss=0.1591]
 Training FV-otc-s5-t4:  88%|████████▊ | 44/50 [00:03<00:00, 11.38it/s, Saved at =inf, TrLoss=0.1591]
 Training FV-otc-s5-t4:  88%|████████▊ | 44/50 [00:03<00:00, 11.38it/s, Saved at =inf, TrLoss=0.1430]
 Training FV-otc-s5-t4:  88%|████████▊ | 44/50 [00:04<00:00, 11.38it/s, Saved at =inf, TrLoss=0.1400]
 Training FV-otc-s5-t4:  92%|█████████▏| 46/50 [00:04<00:00, 11.38it/s, Saved at =inf, TrLoss=0.1400]
 Training FV-otc-s5-t4:  92%|█████████▏| 46/50 [00:04<00:00, 11.38it/s, Saved at =inf, TrLoss=0.1418]
 Training FV-otc-s5-t4:  92%|█████████▏| 46/50 [00:04<00:00, 11.38it/s, Saved at =inf, TrLoss=0.1416]
 Training FV-otc-s5-t4:  96%|█████████▌| 48/50 [00:04<00:00, 11.36it/s, Saved at =inf, TrLoss=0.1416]
 Training FV-otc-s5-t4:  96%|█████████▌| 48/50 [00:04<00:00, 11.36it/s, Saved at =inf, TrLoss=0.1510]
 Training FV-otc-s5-t4:  96%|█████████▌| 48/50 [00:04<00:00, 11.36it/s, Saved at =inf, TrLoss=0.1406]
 Training FV-otc-s5-t4: 100%|██████████| 50/50 [00:04<00:00, 11.36it/s, Saved at =inf, TrLoss=0.1406]
 Training FV-otc-s5-t4: 100%|██████████| 50/50 [00:04<00:00, 11.36it/s, Saved at =inf, TrLoss=0.1406]

 Training FV-otc-s5-t5:   0%|          | 0/50 [00:00<?, ?it/s]
 Training FV-otc-s5-t5:   0%|          | 0/50 [00:00<?, ?it/s, Saved at =inf, TrLoss=0.7714]
 Training FV-otc-s5-t5:   2%|▏         | 1/50 [00:00<00:05,  8.22it/s, Saved at =inf, TrLoss=0.7714]
 Training FV-otc-s5-t5:   2%|▏         | 1/50 [00:00<00:05,  8.22it/s, Saved at =inf, TrLoss=0.7878]
 Training FV-otc-s5-t5:   4%|▍         | 2/50 [00:00<00:05,  8.73it/s, Saved at =inf, TrLoss=0.7878]
 Training FV-otc-s5-t5:   4%|▍         | 2/50 [00:00<00:05,  8.73it/s, Saved at =inf, TrLoss=0.6073]
 Training FV-otc-s5-t5:   6%|▌         | 3/50 [00:00<00:05,  8.91it/s, Saved at =inf, TrLoss=0.6073]
 Training FV-otc-s5-t5:   6%|▌         | 3/50 [00:00<00:05,  8.91it/s, Saved at =inf, TrLoss=0.5577]
 Training FV-otc-s5-t5:   8%|▊         | 4/50 [00:00<00:05,  9.00it/s, Saved at =inf, TrLoss=0.5577]
 Training FV-otc-s5-t5:   8%|▊         | 4/50 [00:00<00:05,  9.00it/s, Saved at =inf, TrLoss=0.5198]
 Training FV-otc-s5-t5:  10%|█         | 5/50 [00:00<00:04,  9.04it/s, Saved at =inf, TrLoss=0.5198]
 Training FV-otc-s5-t5:  10%|█         | 5/50 [00:00<00:04,  9.04it/s, Saved at =inf, TrLoss=0.4667]
 Training FV-otc-s5-t5:  12%|█▏        | 6/50 [00:00<00:04,  9.07it/s, Saved at =inf, TrLoss=0.4667]
 Training FV-otc-s5-t5:  12%|█▏        | 6/50 [00:00<00:04,  9.07it/s, Saved at =inf, TrLoss=0.4365]
 Training FV-otc-s5-t5:  14%|█▍        | 7/50 [00:00<00:04,  9.09it/s, Saved at =inf, TrLoss=0.4365]
 Training FV-otc-s5-t5:  14%|█▍        | 7/50 [00:00<00:04,  9.09it/s, Saved at =inf, TrLoss=0.4149]
 Training FV-otc-s5-t5:  16%|█▌        | 8/50 [00:00<00:04,  9.10it/s, Saved at =inf, TrLoss=0.4149]
 Training FV-otc-s5-t5:  16%|█▌        | 8/50 [00:00<00:04,  9.10it/s, Saved at =inf, TrLoss=0.3837]
 Training FV-otc-s5-t5:  18%|█▊        | 9/50 [00:00<00:04,  9.11it/s, Saved at =inf, TrLoss=0.3837]
 Training FV-otc-s5-t5:  18%|█▊        | 9/50 [00:01<00:04,  9.11it/s, Saved at =inf, TrLoss=0.3484]
 Training FV-otc-s5-t5:  20%|██        | 10/50 [00:01<00:04,  9.11it/s, Saved at =inf, TrLoss=0.3484]
 Training FV-otc-s5-t5:  20%|██        | 10/50 [00:01<00:04,  9.11it/s, Saved at =inf, TrLoss=0.3158]
 Training FV-otc-s5-t5:  22%|██▏       | 11/50 [00:01<00:04,  9.12it/s, Saved at =inf, TrLoss=0.3158]
 Training FV-otc-s5-t5:  22%|██▏       | 11/50 [00:01<00:04,  9.12it/s, Saved at =inf, TrLoss=0.2947]
 Training FV-otc-s5-t5:  24%|██▍       | 12/50 [00:01<00:04,  9.13it/s, Saved at =inf, TrLoss=0.2947]
 Training FV-otc-s5-t5:  24%|██▍       | 12/50 [00:01<00:04,  9.13it/s, Saved at =inf, TrLoss=0.2685]
 Training FV-otc-s5-t5:  26%|██▌       | 13/50 [00:01<00:04,  9.13it/s, Saved at =inf, TrLoss=0.2685]
 Training FV-otc-s5-t5:  26%|██▌       | 13/50 [00:01<00:04,  9.13it/s, Saved at =inf, TrLoss=0.2660]
 Training FV-otc-s5-t5:  28%|██▊       | 14/50 [00:01<00:03,  9.13it/s, Saved at =inf, TrLoss=0.2660]
 Training FV-otc-s5-t5:  28%|██▊       | 14/50 [00:01<00:03,  9.13it/s, Saved at =inf, TrLoss=0.3196]
 Training FV-otc-s5-t5:  30%|███       | 15/50 [00:01<00:03,  9.13it/s, Saved at =inf, TrLoss=0.3196]
 Training FV-otc-s5-t5:  30%|███       | 15/50 [00:01<00:03,  9.13it/s, Saved at =inf, TrLoss=0.3018]
 Training FV-otc-s5-t5:  32%|███▏      | 16/50 [00:01<00:03,  9.14it/s, Saved at =inf, TrLoss=0.3018]
 Training FV-otc-s5-t5:  32%|███▏      | 16/50 [00:01<00:03,  9.14it/s, Saved at =inf, TrLoss=0.2401]
 Training FV-otc-s5-t5:  34%|███▍      | 17/50 [00:01<00:03,  9.14it/s, Saved at =inf, TrLoss=0.2401]
 Training FV-otc-s5-t5:  34%|███▍      | 17/50 [00:01<00:03,  9.14it/s, Saved at =inf, TrLoss=0.2633]
 Training FV-otc-s5-t5:  36%|███▌      | 18/50 [00:01<00:03,  9.14it/s, Saved at =inf, TrLoss=0.2633]
 Training FV-otc-s5-t5:  36%|███▌      | 18/50 [00:02<00:03,  9.14it/s, Saved at =inf, TrLoss=0.2486]
 Training FV-otc-s5-t5:  38%|███▊      | 19/50 [00:02<00:03,  9.14it/s, Saved at =inf, TrLoss=0.2486]
 Training FV-otc-s5-t5:  38%|███▊      | 19/50 [00:02<00:03,  9.14it/s, Saved at =inf, TrLoss=0.2336]
 Training FV-otc-s5-t5:  40%|████      | 20/50 [00:02<00:03,  9.14it/s, Saved at =inf, TrLoss=0.2336]
 Training FV-otc-s5-t5:  40%|████      | 20/50 [00:02<00:03,  9.14it/s, Saved at =inf, TrLoss=0.2521]
 Training FV-otc-s5-t5:  42%|████▏     | 21/50 [00:02<00:03,  9.13it/s, Saved at =inf, TrLoss=0.2521]
 Training FV-otc-s5-t5:  42%|████▏     | 21/50 [00:02<00:03,  9.13it/s, Saved at =inf, TrLoss=0.2296]
 Training FV-otc-s5-t5:  44%|████▍     | 22/50 [00:02<00:03,  9.13it/s, Saved at =inf, TrLoss=0.2296]
 Training FV-otc-s5-t5:  44%|████▍     | 22/50 [00:02<00:03,  9.13it/s, Saved at =inf, TrLoss=0.2338]
 Training FV-otc-s5-t5:  46%|████▌     | 23/50 [00:02<00:02,  9.13it/s, Saved at =inf, TrLoss=0.2338]
 Training FV-otc-s5-t5:  46%|████▌     | 23/50 [00:02<00:02,  9.13it/s, Saved at =inf, TrLoss=0.2252]
 Training FV-otc-s5-t5:  48%|████▊     | 24/50 [00:02<00:02,  9.14it/s, Saved at =inf, TrLoss=0.2252]
 Training FV-otc-s5-t5:  48%|████▊     | 24/50 [00:02<00:02,  9.14it/s, Saved at =inf, TrLoss=0.2072]
 Training FV-otc-s5-t5:  50%|█████     | 25/50 [00:02<00:02,  9.11it/s, Saved at =inf, TrLoss=0.2072]
 Training FV-otc-s5-t5:  50%|█████     | 25/50 [00:02<00:02,  9.11it/s, Saved at =inf, TrLoss=0.2428]
 Training FV-otc-s5-t5:  52%|█████▏    | 26/50 [00:02<00:02,  9.12it/s, Saved at =inf, TrLoss=0.2428]
 Training FV-otc-s5-t5:  52%|█████▏    | 26/50 [00:02<00:02,  9.12it/s, Saved at =inf, TrLoss=0.2047]
 Training FV-otc-s5-t5:  54%|█████▍    | 27/50 [00:02<00:02,  9.12it/s, Saved at =inf, TrLoss=0.2047]
 Training FV-otc-s5-t5:  54%|█████▍    | 27/50 [00:03<00:02,  9.12it/s, Saved at =inf, TrLoss=0.2190]
 Training FV-otc-s5-t5:  56%|█████▌    | 28/50 [00:03<00:02,  9.13it/s, Saved at =inf, TrLoss=0.2190]
 Training FV-otc-s5-t5:  56%|█████▌    | 28/50 [00:03<00:02,  9.13it/s, Saved at =inf, TrLoss=0.2046]
 Training FV-otc-s5-t5:  58%|█████▊    | 29/50 [00:03<00:02,  9.14it/s, Saved at =inf, TrLoss=0.2046]
 Training FV-otc-s5-t5:  58%|█████▊    | 29/50 [00:03<00:02,  9.14it/s, Saved at =inf, TrLoss=0.2011]
 Training FV-otc-s5-t5:  60%|██████    | 30/50 [00:03<00:02,  9.14it/s, Saved at =inf, TrLoss=0.2011]
 Training FV-otc-s5-t5:  60%|██████    | 30/50 [00:03<00:02,  9.14it/s, Saved at =inf, TrLoss=0.2050]
 Training FV-otc-s5-t5:  62%|██████▏   | 31/50 [00:03<00:02,  9.14it/s, Saved at =inf, TrLoss=0.2050]
 Training FV-otc-s5-t5:  62%|██████▏   | 31/50 [00:03<00:02,  9.14it/s, Saved at =inf, TrLoss=0.1903]
 Training FV-otc-s5-t5:  64%|██████▍   | 32/50 [00:03<00:01,  9.14it/s, Saved at =inf, TrLoss=0.1903]
 Training FV-otc-s5-t5:  64%|██████▍   | 32/50 [00:03<00:01,  9.14it/s, Saved at =inf, TrLoss=0.1954]
 Training FV-otc-s5-t5:  66%|██████▌   | 33/50 [00:03<00:01,  9.14it/s, Saved at =inf, TrLoss=0.1954]
 Training FV-otc-s5-t5:  66%|██████▌   | 33/50 [00:03<00:01,  9.14it/s, Saved at =inf, TrLoss=0.1929]
 Training FV-otc-s5-t5:  68%|██████▊   | 34/50 [00:03<00:01,  9.14it/s, Saved at =inf, TrLoss=0.1929]
 Training FV-otc-s5-t5:  68%|██████▊   | 34/50 [00:03<00:01,  9.14it/s, Saved at =inf, TrLoss=0.1934]
 Training FV-otc-s5-t5:  70%|███████   | 35/50 [00:03<00:01,  9.15it/s, Saved at =inf, TrLoss=0.1934]
 Training FV-otc-s5-t5:  70%|███████   | 35/50 [00:03<00:01,  9.15it/s, Saved at =inf, TrLoss=0.1855]
 Training FV-otc-s5-t5:  72%|███████▏  | 36/50 [00:03<00:01,  9.15it/s, Saved at =inf, TrLoss=0.1855]
 Training FV-otc-s5-t5:  72%|███████▏  | 36/50 [00:04<00:01,  9.15it/s, Saved at =inf, TrLoss=0.1820]
 Training FV-otc-s5-t5:  74%|███████▍  | 37/50 [00:04<00:01,  9.13it/s, Saved at =inf, TrLoss=0.1820]
 Training FV-otc-s5-t5:  74%|███████▍  | 37/50 [00:04<00:01,  9.13it/s, Saved at =inf, TrLoss=0.1872]
 Training FV-otc-s5-t5:  76%|███████▌  | 38/50 [00:04<00:01,  9.11it/s, Saved at =inf, TrLoss=0.1872]
 Training FV-otc-s5-t5:  76%|███████▌  | 38/50 [00:04<00:01,  9.11it/s, Saved at =inf, TrLoss=0.1846]
 Training FV-otc-s5-t5:  78%|███████▊  | 39/50 [00:04<00:01,  9.09it/s, Saved at =inf, TrLoss=0.1846]
 Training FV-otc-s5-t5:  78%|███████▊  | 39/50 [00:04<00:01,  9.09it/s, Saved at =inf, TrLoss=0.1790]
 Training FV-otc-s5-t5:  80%|████████  | 40/50 [00:04<00:01,  9.09it/s, Saved at =inf, TrLoss=0.1790]
 Training FV-otc-s5-t5:  80%|████████  | 40/50 [00:04<00:01,  9.09it/s, Saved at =inf, TrLoss=0.1803]
 Training FV-otc-s5-t5:  82%|████████▏ | 41/50 [00:04<00:00,  9.08it/s, Saved at =inf, TrLoss=0.1803]
 Training FV-otc-s5-t5:  82%|████████▏ | 41/50 [00:04<00:00,  9.08it/s, Saved at =inf, TrLoss=0.1764]
 Training FV-otc-s5-t5:  84%|████████▍ | 42/50 [00:04<00:00,  9.08it/s, Saved at =inf, TrLoss=0.1764]
 Training FV-otc-s5-t5:  84%|████████▍ | 42/50 [00:04<00:00,  9.08it/s, Saved at =inf, TrLoss=0.1744]
 Training FV-otc-s5-t5:  86%|████████▌ | 43/50 [00:04<00:00,  9.08it/s, Saved at =inf, TrLoss=0.1744]
 Training FV-otc-s5-t5:  86%|████████▌ | 43/50 [00:04<00:00,  9.08it/s, Saved at =inf, TrLoss=0.1734]
 Training FV-otc-s5-t5:  88%|████████▊ | 44/50 [00:04<00:00,  9.08it/s, Saved at =inf, TrLoss=0.1734]
 Training FV-otc-s5-t5:  88%|████████▊ | 44/50 [00:04<00:00,  9.08it/s, Saved at =inf, TrLoss=0.1679]
 Training FV-otc-s5-t5:  90%|█████████ | 45/50 [00:04<00:00,  9.07it/s, Saved at =inf, TrLoss=0.1679]
 Training FV-otc-s5-t5:  90%|█████████ | 45/50 [00:05<00:00,  9.07it/s, Saved at =inf, TrLoss=0.1734]
 Training FV-otc-s5-t5:  92%|█████████▏| 46/50 [00:05<00:00,  9.07it/s, Saved at =inf, TrLoss=0.1734]
 Training FV-otc-s5-t5:  92%|█████████▏| 46/50 [00:05<00:00,  9.07it/s, Saved at =inf, TrLoss=0.1629]
 Training FV-otc-s5-t5:  94%|█████████▍| 47/50 [00:05<00:00,  9.07it/s, Saved at =inf, TrLoss=0.1629]
 Training FV-otc-s5-t5:  94%|█████████▍| 47/50 [00:05<00:00,  9.07it/s, Saved at =inf, TrLoss=0.1592]
 Training FV-otc-s5-t5:  96%|█████████▌| 48/50 [00:05<00:00,  9.07it/s, Saved at =inf, TrLoss=0.1592]
 Training FV-otc-s5-t5:  96%|█████████▌| 48/50 [00:05<00:00,  9.07it/s, Saved at =inf, TrLoss=0.1614]
 Training FV-otc-s5-t5:  98%|█████████▊| 49/50 [00:05<00:00,  9.06it/s, Saved at =inf, TrLoss=0.1614]
 Training FV-otc-s5-t5:  98%|█████████▊| 49/50 [00:05<00:00,  9.06it/s, Saved at =inf, TrLoss=0.1640]
 Training FV-otc-s5-t5: 100%|██████████| 50/50 [00:05<00:00,  9.06it/s, Saved at =inf, TrLoss=0.1640]
 Training FV-otc-s5-t5: 100%|██████████| 50/50 [00:05<00:00,  9.10it/s, Saved at =inf, TrLoss=0.1640]

 Training FV-otc-s5-t6:   0%|          | 0/50 [00:00<?, ?it/s]
 Training FV-otc-s5-t6:   0%|          | 0/50 [00:00<?, ?it/s, Saved at =inf, TrLoss=0.7369]
 Training FV-otc-s5-t6:   2%|▏         | 1/50 [00:00<00:07,  6.54it/s, Saved at =inf, TrLoss=0.7369]
 Training FV-otc-s5-t6:   2%|▏         | 1/50 [00:00<00:07,  6.54it/s, Saved at =inf, TrLoss=0.7614]
 Training FV-otc-s5-t6:   4%|▍         | 2/50 [00:00<00:06,  7.10it/s, Saved at =inf, TrLoss=0.7614]
 Training FV-otc-s5-t6:   4%|▍         | 2/50 [00:00<00:06,  7.10it/s, Saved at =inf, TrLoss=0.4879]
 Training FV-otc-s5-t6:   6%|▌         | 3/50 [00:00<00:06,  7.29it/s, Saved at =inf, TrLoss=0.4879]
 Training FV-otc-s5-t6:   6%|▌         | 3/50 [00:00<00:06,  7.29it/s, Saved at =inf, TrLoss=0.5101]
 Training FV-otc-s5-t6:   8%|▊         | 4/50 [00:00<00:06,  7.39it/s, Saved at =inf, TrLoss=0.5101]
 Training FV-otc-s5-t6:   8%|▊         | 4/50 [00:00<00:06,  7.39it/s, Saved at =inf, TrLoss=0.4412]
 Training FV-otc-s5-t6:  10%|█         | 5/50 [00:00<00:06,  7.44it/s, Saved at =inf, TrLoss=0.4412]
 Training FV-otc-s5-t6:  10%|█         | 5/50 [00:00<00:06,  7.44it/s, Saved at =inf, TrLoss=0.3874]
 Training FV-otc-s5-t6:  12%|█▏        | 6/50 [00:00<00:05,  7.47it/s, Saved at =inf, TrLoss=0.3874]
 Training FV-otc-s5-t6:  12%|█▏        | 6/50 [00:00<00:05,  7.47it/s, Saved at =inf, TrLoss=0.3967]
 Training FV-otc-s5-t6:  14%|█▍        | 7/50 [00:00<00:05,  7.50it/s, Saved at =inf, TrLoss=0.3967]
 Training FV-otc-s5-t6:  14%|█▍        | 7/50 [00:01<00:05,  7.50it/s, Saved at =inf, TrLoss=0.3548]
 Training FV-otc-s5-t6:  16%|█▌        | 8/50 [00:01<00:05,  7.51it/s, Saved at =inf, TrLoss=0.3548]
 Training FV-otc-s5-t6:  16%|█▌        | 8/50 [00:01<00:05,  7.51it/s, Saved at =inf, TrLoss=0.3770]
 Training FV-otc-s5-t6:  18%|█▊        | 9/50 [00:01<00:05,  7.52it/s, Saved at =inf, TrLoss=0.3770]
 Training FV-otc-s5-t6:  18%|█▊        | 9/50 [00:01<00:05,  7.52it/s, Saved at =inf, TrLoss=0.3209]
 Training FV-otc-s5-t6:  20%|██        | 10/50 [00:01<00:05,  7.53it/s, Saved at =inf, TrLoss=0.3209]
 Training FV-otc-s5-t6:  20%|██        | 10/50 [00:01<00:05,  7.53it/s, Saved at =inf, TrLoss=0.3250]
 Training FV-otc-s5-t6:  22%|██▏       | 11/50 [00:01<00:05,  7.53it/s, Saved at =inf, TrLoss=0.3250]
 Training FV-otc-s5-t6:  22%|██▏       | 11/50 [00:01<00:05,  7.53it/s, Saved at =inf, TrLoss=0.2896]
 Training FV-otc-s5-t6:  24%|██▍       | 12/50 [00:01<00:05,  7.54it/s, Saved at =inf, TrLoss=0.2896]
 Training FV-otc-s5-t6:  24%|██▍       | 12/50 [00:01<00:05,  7.54it/s, Saved at =inf, TrLoss=0.3147]
 Training FV-otc-s5-t6:  26%|██▌       | 13/50 [00:01<00:04,  7.54it/s, Saved at =inf, TrLoss=0.3147]
 Training FV-otc-s5-t6:  26%|██▌       | 13/50 [00:01<00:04,  7.54it/s, Saved at =inf, TrLoss=0.2795]
 Training FV-otc-s5-t6:  28%|██▊       | 14/50 [00:01<00:04,  7.54it/s, Saved at =inf, TrLoss=0.2795]
 Training FV-otc-s5-t6:  28%|██▊       | 14/50 [00:01<00:04,  7.54it/s, Saved at =inf, TrLoss=0.2845]
 Training FV-otc-s5-t6:  30%|███       | 15/50 [00:02<00:04,  7.54it/s, Saved at =inf, TrLoss=0.2845]
 Training FV-otc-s5-t6:  30%|███       | 15/50 [00:02<00:04,  7.54it/s, Saved at =inf, TrLoss=0.2794]
 Training FV-otc-s5-t6:  32%|███▏      | 16/50 [00:02<00:04,  7.54it/s, Saved at =inf, TrLoss=0.2794]
 Training FV-otc-s5-t6:  32%|███▏      | 16/50 [00:02<00:04,  7.54it/s, Saved at =inf, TrLoss=0.2696]
 Training FV-otc-s5-t6:  34%|███▍      | 17/50 [00:02<00:04,  7.56it/s, Saved at =inf, TrLoss=0.2696]
 Training FV-otc-s5-t6:  34%|███▍      | 17/50 [00:02<00:04,  7.56it/s, Saved at =inf, TrLoss=0.2589]
 Training FV-otc-s5-t6:  36%|███▌      | 18/50 [00:02<00:04,  7.58it/s, Saved at =inf, TrLoss=0.2589]
 Training FV-otc-s5-t6:  36%|███▌      | 18/50 [00:02<00:04,  7.58it/s, Saved at =inf, TrLoss=0.2538]
 Training FV-otc-s5-t6:  38%|███▊      | 19/50 [00:02<00:04,  7.59it/s, Saved at =inf, TrLoss=0.2538]
 Training FV-otc-s5-t6:  38%|███▊      | 19/50 [00:02<00:04,  7.59it/s, Saved at =inf, TrLoss=0.2581]
 Training FV-otc-s5-t6:  40%|████      | 20/50 [00:02<00:03,  7.60it/s, Saved at =inf, TrLoss=0.2581]
 Training FV-otc-s5-t6:  40%|████      | 20/50 [00:02<00:03,  7.60it/s, Saved at =inf, TrLoss=0.2408]
 Training FV-otc-s5-t6:  42%|████▏     | 21/50 [00:02<00:03,  7.61it/s, Saved at =inf, TrLoss=0.2408]
 Training FV-otc-s5-t6:  42%|████▏     | 21/50 [00:02<00:03,  7.61it/s, Saved at =inf, TrLoss=0.2558]
 Training FV-otc-s5-t6:  44%|████▍     | 22/50 [00:02<00:03,  7.61it/s, Saved at =inf, TrLoss=0.2558]
 Training FV-otc-s5-t6:  44%|████▍     | 22/50 [00:03<00:03,  7.61it/s, Saved at =inf, TrLoss=0.2355]
 Training FV-otc-s5-t6:  46%|████▌     | 23/50 [00:03<00:03,  7.62it/s, Saved at =inf, TrLoss=0.2355]
 Training FV-otc-s5-t6:  46%|████▌     | 23/50 [00:03<00:03,  7.62it/s, Saved at =inf, TrLoss=0.2494]
 Training FV-otc-s5-t6:  48%|████▊     | 24/50 [00:03<00:03,  7.62it/s, Saved at =inf, TrLoss=0.2494]
 Training FV-otc-s5-t6:  48%|████▊     | 24/50 [00:03<00:03,  7.62it/s, Saved at =inf, TrLoss=0.2311]
 Training FV-otc-s5-t6:  50%|█████     | 25/50 [00:03<00:03,  7.62it/s, Saved at =inf, TrLoss=0.2311]
 Training FV-otc-s5-t6:  50%|█████     | 25/50 [00:03<00:03,  7.62it/s, Saved at =inf, TrLoss=0.2450]
 Training FV-otc-s5-t6:  52%|█████▏    | 26/50 [00:03<00:03,  7.62it/s, Saved at =inf, TrLoss=0.2450]
 Training FV-otc-s5-t6:  52%|█████▏    | 26/50 [00:03<00:03,  7.62it/s, Saved at =inf, TrLoss=0.2274]
 Training FV-otc-s5-t6:  54%|█████▍    | 27/50 [00:03<00:03,  7.63it/s, Saved at =inf, TrLoss=0.2274]
 Training FV-otc-s5-t6:  54%|█████▍    | 27/50 [00:03<00:03,  7.63it/s, Saved at =inf, TrLoss=0.2261]
 Training FV-otc-s5-t6:  56%|█████▌    | 28/50 [00:03<00:02,  7.63it/s, Saved at =inf, TrLoss=0.2261]
 Training FV-otc-s5-t6:  56%|█████▌    | 28/50 [00:03<00:02,  7.63it/s, Saved at =inf, TrLoss=0.2231]
 Training FV-otc-s5-t6:  58%|█████▊    | 29/50 [00:03<00:02,  7.63it/s, Saved at =inf, TrLoss=0.2231]
 Training FV-otc-s5-t6:  58%|█████▊    | 29/50 [00:03<00:02,  7.63it/s, Saved at =inf, TrLoss=0.2164]
 Training FV-otc-s5-t6:  60%|██████    | 30/50 [00:03<00:02,  7.63it/s, Saved at =inf, TrLoss=0.2164]
 Training FV-otc-s5-t6:  60%|██████    | 30/50 [00:04<00:02,  7.63it/s, Saved at =inf, TrLoss=0.2174]
 Training FV-otc-s5-t6:  62%|██████▏   | 31/50 [00:04<00:02,  7.63it/s, Saved at =inf, TrLoss=0.2174]
 Training FV-otc-s5-t6:  62%|██████▏   | 31/50 [00:04<00:02,  7.63it/s, Saved at =inf, TrLoss=0.2126]
 Training FV-otc-s5-t6:  64%|██████▍   | 32/50 [00:04<00:02,  7.63it/s, Saved at =inf, TrLoss=0.2126]
 Training FV-otc-s5-t6:  64%|██████▍   | 32/50 [00:04<00:02,  7.63it/s, Saved at =inf, TrLoss=0.2088]
 Training FV-otc-s5-t6:  66%|██████▌   | 33/50 [00:04<00:02,  7.62it/s, Saved at =inf, TrLoss=0.2088]
 Training FV-otc-s5-t6:  66%|██████▌   | 33/50 [00:04<00:02,  7.62it/s, Saved at =inf, TrLoss=0.2070]
 Training FV-otc-s5-t6:  68%|██████▊   | 34/50 [00:04<00:02,  7.63it/s, Saved at =inf, TrLoss=0.2070]
 Training FV-otc-s5-t6:  68%|██████▊   | 34/50 [00:04<00:02,  7.63it/s, Saved at =inf, TrLoss=0.2066]
 Training FV-otc-s5-t6:  70%|███████   | 35/50 [00:04<00:01,  7.63it/s, Saved at =inf, TrLoss=0.2066]
 Training FV-otc-s5-t6:  70%|███████   | 35/50 [00:04<00:01,  7.63it/s, Saved at =inf, TrLoss=0.2036]
 Training FV-otc-s5-t6:  72%|███████▏  | 36/50 [00:04<00:01,  7.63it/s, Saved at =inf, TrLoss=0.2036]
 Training FV-otc-s5-t6:  72%|███████▏  | 36/50 [00:04<00:01,  7.63it/s, Saved at =inf, TrLoss=0.1975]
 Training FV-otc-s5-t6:  74%|███████▍  | 37/50 [00:04<00:01,  7.63it/s, Saved at =inf, TrLoss=0.1975]
 Training FV-otc-s5-t6:  74%|███████▍  | 37/50 [00:04<00:01,  7.63it/s, Saved at =inf, TrLoss=0.2008]
 Training FV-otc-s5-t6:  76%|███████▌  | 38/50 [00:05<00:01,  7.63it/s, Saved at =inf, TrLoss=0.2008]
 Training FV-otc-s5-t6:  76%|███████▌  | 38/50 [00:05<00:01,  7.63it/s, Saved at =inf, TrLoss=0.1960]
 Training FV-otc-s5-t6:  78%|███████▊  | 39/50 [00:05<00:01,  7.63it/s, Saved at =inf, TrLoss=0.1960]
 Training FV-otc-s5-t6:  78%|███████▊  | 39/50 [00:05<00:01,  7.63it/s, Saved at =inf, TrLoss=0.1936]
 Training FV-otc-s5-t6:  80%|████████  | 40/50 [00:05<00:01,  7.63it/s, Saved at =inf, TrLoss=0.1936]
 Training FV-otc-s5-t6:  80%|████████  | 40/50 [00:05<00:01,  7.63it/s, Saved at =inf, TrLoss=0.1943]
 Training FV-otc-s5-t6:  82%|████████▏ | 41/50 [00:05<00:01,  7.63it/s, Saved at =inf, TrLoss=0.1943]
 Training FV-otc-s5-t6:  82%|████████▏ | 41/50 [00:05<00:01,  7.63it/s, Saved at =inf, TrLoss=0.1898]
 Training FV-otc-s5-t6:  84%|████████▍ | 42/50 [00:05<00:01,  7.63it/s, Saved at =inf, TrLoss=0.1898]
 Training FV-otc-s5-t6:  84%|████████▍ | 42/50 [00:05<00:01,  7.63it/s, Saved at =inf, TrLoss=0.1875]
 Training FV-otc-s5-t6:  86%|████████▌ | 43/50 [00:05<00:00,  7.63it/s, Saved at =inf, TrLoss=0.1875]
 Training FV-otc-s5-t6:  86%|████████▌ | 43/50 [00:05<00:00,  7.63it/s, Saved at =inf, TrLoss=0.1898]
 Training FV-otc-s5-t6:  88%|████████▊ | 44/50 [00:05<00:00,  7.63it/s, Saved at =inf, TrLoss=0.1898]
 Training FV-otc-s5-t6:  88%|████████▊ | 44/50 [00:05<00:00,  7.63it/s, Saved at =inf, TrLoss=0.1763]
 Training FV-otc-s5-t6:  90%|█████████ | 45/50 [00:05<00:00,  7.63it/s, Saved at =inf, TrLoss=0.1763]
 Training FV-otc-s5-t6:  90%|█████████ | 45/50 [00:06<00:00,  7.63it/s, Saved at =inf, TrLoss=0.1811]
 Training FV-otc-s5-t6:  92%|█████████▏| 46/50 [00:06<00:00,  7.63it/s, Saved at =inf, TrLoss=0.1811]
 Training FV-otc-s5-t6:  92%|█████████▏| 46/50 [00:06<00:00,  7.63it/s, Saved at =inf, TrLoss=0.1850]
 Training FV-otc-s5-t6:  94%|█████████▍| 47/50 [00:06<00:00,  7.63it/s, Saved at =inf, TrLoss=0.1850]
 Training FV-otc-s5-t6:  94%|█████████▍| 47/50 [00:06<00:00,  7.63it/s, Saved at =inf, TrLoss=0.1891]
 Training FV-otc-s5-t6:  96%|█████████▌| 48/50 [00:06<00:00,  7.63it/s, Saved at =inf, TrLoss=0.1891]
 Training FV-otc-s5-t6:  96%|█████████▌| 48/50 [00:06<00:00,  7.63it/s, Saved at =inf, TrLoss=0.1772]
 Training FV-otc-s5-t6:  98%|█████████▊| 49/50 [00:06<00:00,  7.63it/s, Saved at =inf, TrLoss=0.1772]
 Training FV-otc-s5-t6:  98%|█████████▊| 49/50 [00:06<00:00,  7.63it/s, Saved at =inf, TrLoss=0.1805]
 Training FV-otc-s5-t6: 100%|██████████| 50/50 [00:06<00:00,  7.63it/s, Saved at =inf, TrLoss=0.1805]
 Training FV-otc-s5-t6: 100%|██████████| 50/50 [00:06<00:00,  7.58it/s, Saved at =inf, TrLoss=0.1805]

 Training FV-otc-s5-t7:   0%|          | 0/50 [00:00<?, ?it/s]
 Training FV-otc-s5-t7:   0%|          | 0/50 [00:00<?, ?it/s, Saved at =inf, TrLoss=0.7464]
 Training FV-otc-s5-t7:   2%|▏         | 1/50 [00:00<00:14,  3.39it/s, Saved at =inf, TrLoss=0.7464]
 Training FV-otc-s5-t7:   2%|▏         | 1/50 [00:00<00:14,  3.39it/s, Saved at =inf, TrLoss=0.6475]
 Training FV-otc-s5-t7:   4%|▍         | 2/50 [00:00<00:11,  4.03it/s, Saved at =inf, TrLoss=0.6475]
 Training FV-otc-s5-t7:   4%|▍         | 2/50 [00:00<00:11,  4.03it/s, Saved at =inf, TrLoss=0.5723]
 Training FV-otc-s5-t7:   6%|▌         | 3/50 [00:00<00:11,  3.99it/s, Saved at =inf, TrLoss=0.5723]
 Training FV-otc-s5-t7:   6%|▌         | 3/50 [00:00<00:11,  3.99it/s, Saved at =inf, TrLoss=0.5052]
 Training FV-otc-s5-t7:   8%|▊         | 4/50 [00:00<00:10,  4.55it/s, Saved at =inf, TrLoss=0.5052]
 Training FV-otc-s5-t7:   8%|▊         | 4/50 [00:01<00:10,  4.55it/s, Saved at =inf, TrLoss=0.4198]
 Training FV-otc-s5-t7:  10%|█         | 5/50 [00:01<00:09,  4.77it/s, Saved at =inf, TrLoss=0.4198]
 Training FV-otc-s5-t7:  10%|█         | 5/50 [00:01<00:09,  4.77it/s, Saved at =inf, TrLoss=0.4254]
 Training FV-otc-s5-t7:  12%|█▏        | 6/50 [00:01<00:08,  5.19it/s, Saved at =inf, TrLoss=0.4254]
 Training FV-otc-s5-t7:  12%|█▏        | 6/50 [00:01<00:08,  5.19it/s, Saved at =inf, TrLoss=0.7584]
 Training FV-otc-s5-t7:  14%|█▍        | 7/50 [00:01<00:08,  5.24it/s, Saved at =inf, TrLoss=0.7584]
 Training FV-otc-s5-t7:  14%|█▍        | 7/50 [00:01<00:08,  5.24it/s, Saved at =inf, TrLoss=0.3780]
 Training FV-otc-s5-t7:  16%|█▌        | 8/50 [00:01<00:08,  4.98it/s, Saved at =inf, TrLoss=0.3780]
 Training FV-otc-s5-t7:  16%|█▌        | 8/50 [00:01<00:08,  4.98it/s, Saved at =inf, TrLoss=0.4861]
 Training FV-otc-s5-t7:  18%|█▊        | 9/50 [00:01<00:08,  4.79it/s, Saved at =inf, TrLoss=0.4861]
 Training FV-otc-s5-t7:  18%|█▊        | 9/50 [00:02<00:08,  4.79it/s, Saved at =inf, TrLoss=0.4711]
 Training FV-otc-s5-t7:  20%|██        | 10/50 [00:02<00:07,  5.02it/s, Saved at =inf, TrLoss=0.4711]
 Training FV-otc-s5-t7:  20%|██        | 10/50 [00:02<00:07,  5.02it/s, Saved at =inf, TrLoss=0.3507]
 Training FV-otc-s5-t7:  22%|██▏       | 11/50 [00:02<00:08,  4.74it/s, Saved at =inf, TrLoss=0.3507]
 Training FV-otc-s5-t7:  22%|██▏       | 11/50 [00:02<00:08,  4.74it/s, Saved at =inf, TrLoss=0.3367]
 Training FV-otc-s5-t7:  24%|██▍       | 12/50 [00:02<00:07,  4.92it/s, Saved at =inf, TrLoss=0.3367]
 Training FV-otc-s5-t7:  24%|██▍       | 12/50 [00:02<00:07,  4.92it/s, Saved at =inf, TrLoss=0.3893]
 Training FV-otc-s5-t7:  26%|██▌       | 13/50 [00:02<00:07,  5.23it/s, Saved at =inf, TrLoss=0.3893]
 Training FV-otc-s5-t7:  26%|██▌       | 13/50 [00:02<00:07,  5.23it/s, Saved at =inf, TrLoss=0.3903]
 Training FV-otc-s5-t7:  28%|██▊       | 14/50 [00:02<00:06,  5.54it/s, Saved at =inf, TrLoss=0.3903]
 Training FV-otc-s5-t7:  28%|██▊       | 14/50 [00:02<00:06,  5.54it/s, Saved at =inf, TrLoss=0.3471]
 Training FV-otc-s5-t7:  30%|███       | 15/50 [00:03<00:06,  5.69it/s, Saved at =inf, TrLoss=0.3471]
 Training FV-otc-s5-t7:  30%|███       | 15/50 [00:03<00:06,  5.69it/s, Saved at =inf, TrLoss=0.3252]
 Training FV-otc-s5-t7:  32%|███▏      | 16/50 [00:03<00:05,  5.69it/s, Saved at =inf, TrLoss=0.3252]
 Training FV-otc-s5-t7:  32%|███▏      | 16/50 [00:03<00:05,  5.69it/s, Saved at =inf, TrLoss=0.3216]
 Training FV-otc-s5-t7:  34%|███▍      | 17/50 [00:03<00:06,  5.00it/s, Saved at =inf, TrLoss=0.3216]
 Training FV-otc-s5-t7:  34%|███▍      | 17/50 [00:03<00:06,  5.00it/s, Saved at =inf, TrLoss=0.3372]
 Training FV-otc-s5-t7:  36%|███▌      | 18/50 [00:03<00:06,  4.58it/s, Saved at =inf, TrLoss=0.3372]
 Training FV-otc-s5-t7:  36%|███▌      | 18/50 [00:03<00:06,  4.58it/s, Saved at =inf, TrLoss=0.3258]
 Training FV-otc-s5-t7:  38%|███▊      | 19/50 [00:03<00:06,  4.70it/s, Saved at =inf, TrLoss=0.3258]
 Training FV-otc-s5-t7:  38%|███▊      | 19/50 [00:04<00:06,  4.70it/s, Saved at =inf, TrLoss=0.3123]
 Training FV-otc-s5-t7:  40%|████      | 20/50 [00:04<00:05,  5.01it/s, Saved at =inf, TrLoss=0.3123]
 Training FV-otc-s5-t7:  40%|████      | 20/50 [00:04<00:05,  5.01it/s, Saved at =inf, TrLoss=0.2935]
 Training FV-otc-s5-t7:  42%|████▏     | 21/50 [00:04<00:06,  4.16it/s, Saved at =inf, TrLoss=0.2935]
 Training FV-otc-s5-t7:  42%|████▏     | 21/50 [00:04<00:06,  4.16it/s, Saved at =inf, TrLoss=0.2983]
 Training FV-otc-s5-t7:  44%|████▍     | 22/50 [00:04<00:07,  3.51it/s, Saved at =inf, TrLoss=0.2983]
 Training FV-otc-s5-t7:  44%|████▍     | 22/50 [00:04<00:07,  3.51it/s, Saved at =inf, TrLoss=0.2891]
 Training FV-otc-s5-t7:  46%|████▌     | 23/50 [00:05<00:07,  3.74it/s, Saved at =inf, TrLoss=0.2891]
 Training FV-otc-s5-t7:  46%|████▌     | 23/50 [00:05<00:07,  3.74it/s, Saved at =inf, TrLoss=0.2792]
 Training FV-otc-s5-t7:  48%|████▊     | 24/50 [00:05<00:06,  4.15it/s, Saved at =inf, TrLoss=0.2792]
 Training FV-otc-s5-t7:  48%|████▊     | 24/50 [00:05<00:06,  4.15it/s, Saved at =inf, TrLoss=0.2660]
 Training FV-otc-s5-t7:  50%|█████     | 25/50 [00:05<00:05,  4.26it/s, Saved at =inf, TrLoss=0.2660]
 Training FV-otc-s5-t7:  50%|█████     | 25/50 [00:05<00:05,  4.26it/s, Saved at =inf, TrLoss=0.2776]
 Training FV-otc-s5-t7:  52%|█████▏    | 26/50 [00:05<00:05,  4.69it/s, Saved at =inf, TrLoss=0.2776]
 Training FV-otc-s5-t7:  52%|█████▏    | 26/50 [00:05<00:05,  4.69it/s, Saved at =inf, TrLoss=0.2713]
 Training FV-otc-s5-t7:  54%|█████▍    | 27/50 [00:05<00:05,  4.52it/s, Saved at =inf, TrLoss=0.2713]
 Training FV-otc-s5-t7:  54%|█████▍    | 27/50 [00:06<00:05,  4.52it/s, Saved at =inf, TrLoss=0.2645]
 Training FV-otc-s5-t7:  56%|█████▌    | 28/50 [00:06<00:05,  4.08it/s, Saved at =inf, TrLoss=0.2645]
 Training FV-otc-s5-t7:  56%|█████▌    | 28/50 [00:06<00:05,  4.08it/s, Saved at =inf, TrLoss=0.2580]
 Training FV-otc-s5-t7:  58%|█████▊    | 29/50 [00:06<00:05,  4.09it/s, Saved at =inf, TrLoss=0.2580]
 Training FV-otc-s5-t7:  58%|█████▊    | 29/50 [00:06<00:05,  4.09it/s, Saved at =inf, TrLoss=0.2551]
 Training FV-otc-s5-t7:  60%|██████    | 30/50 [00:06<00:04,  4.30it/s, Saved at =inf, TrLoss=0.2551]
 Training FV-otc-s5-t7:  60%|██████    | 30/50 [00:06<00:04,  4.30it/s, Saved at =inf, TrLoss=0.2560]
 Training FV-otc-s5-t7:  62%|██████▏   | 31/50 [00:06<00:04,  4.53it/s, Saved at =inf, TrLoss=0.2560]
 Training FV-otc-s5-t7:  62%|██████▏   | 31/50 [00:06<00:04,  4.53it/s, Saved at =inf, TrLoss=0.2425]
 Training FV-otc-s5-t7:  64%|██████▍   | 32/50 [00:06<00:03,  4.75it/s, Saved at =inf, TrLoss=0.2425]
 Training FV-otc-s5-t7:  64%|██████▍   | 32/50 [00:07<00:03,  4.75it/s, Saved at =inf, TrLoss=0.2422]
 Training FV-otc-s5-t7:  66%|██████▌   | 33/50 [00:07<00:03,  5.12it/s, Saved at =inf, TrLoss=0.2422]
 Training FV-otc-s5-t7:  66%|██████▌   | 33/50 [00:07<00:03,  5.12it/s, Saved at =inf, TrLoss=0.2453]
 Training FV-otc-s5-t7:  68%|██████▊   | 34/50 [00:07<00:03,  4.72it/s, Saved at =inf, TrLoss=0.2453]
 Training FV-otc-s5-t7:  68%|██████▊   | 34/50 [00:07<00:03,  4.72it/s, Saved at =inf, TrLoss=0.2415]
 Training FV-otc-s5-t7:  70%|███████   | 35/50 [00:07<00:03,  4.84it/s, Saved at =inf, TrLoss=0.2415]
 Training FV-otc-s5-t7:  70%|███████   | 35/50 [00:07<00:03,  4.84it/s, Saved at =inf, TrLoss=0.2326]
 Training FV-otc-s5-t7:  72%|███████▏  | 36/50 [00:07<00:03,  4.61it/s, Saved at =inf, TrLoss=0.2326]
 Training FV-otc-s5-t7:  72%|███████▏  | 36/50 [00:07<00:03,  4.61it/s, Saved at =inf, TrLoss=0.2341]
 Training FV-otc-s5-t7:  74%|███████▍  | 37/50 [00:08<00:02,  4.42it/s, Saved at =inf, TrLoss=0.2341]
 Training FV-otc-s5-t7:  74%|███████▍  | 37/50 [00:08<00:02,  4.42it/s, Saved at =inf, TrLoss=0.2362]
 Training FV-otc-s5-t7:  76%|███████▌  | 38/50 [00:08<00:02,  4.51it/s, Saved at =inf, TrLoss=0.2362]
 Training FV-otc-s5-t7:  76%|███████▌  | 38/50 [00:08<00:02,  4.51it/s, Saved at =inf, TrLoss=0.2240]
 Training FV-otc-s5-t7:  78%|███████▊  | 39/50 [00:08<00:02,  4.60it/s, Saved at =inf, TrLoss=0.2240]
 Training FV-otc-s5-t7:  78%|███████▊  | 39/50 [00:08<00:02,  4.60it/s, Saved at =inf, TrLoss=0.2276]
 Training FV-otc-s5-t7:  80%|████████  | 40/50 [00:08<00:02,  4.35it/s, Saved at =inf, TrLoss=0.2276]
 Training FV-otc-s5-t7:  80%|████████  | 40/50 [00:08<00:02,  4.35it/s, Saved at =inf, TrLoss=0.2265]
 Training FV-otc-s5-t7:  82%|████████▏ | 41/50 [00:08<00:02,  4.47it/s, Saved at =inf, TrLoss=0.2265]
 Training FV-otc-s5-t7:  82%|████████▏ | 41/50 [00:09<00:02,  4.47it/s, Saved at =inf, TrLoss=0.2227]
 Training FV-otc-s5-t7:  84%|████████▍ | 42/50 [00:09<00:01,  4.65it/s, Saved at =inf, TrLoss=0.2227]
 Training FV-otc-s5-t7:  84%|████████▍ | 42/50 [00:09<00:01,  4.65it/s, Saved at =inf, TrLoss=0.2222]
 Training FV-otc-s5-t7:  86%|████████▌ | 43/50 [00:09<00:01,  4.72it/s, Saved at =inf, TrLoss=0.2222]
 Training FV-otc-s5-t7:  86%|████████▌ | 43/50 [00:09<00:01,  4.72it/s, Saved at =inf, TrLoss=0.2269]
 Training FV-otc-s5-t7:  88%|████████▊ | 44/50 [00:09<00:01,  4.67it/s, Saved at =inf, TrLoss=0.2269]
 Training FV-otc-s5-t7:  88%|████████▊ | 44/50 [00:09<00:01,  4.67it/s, Saved at =inf, TrLoss=0.2120]
 Training FV-otc-s5-t7:  90%|█████████ | 45/50 [00:09<00:01,  4.34it/s, Saved at =inf, TrLoss=0.2120]
 Training FV-otc-s5-t7:  90%|█████████ | 45/50 [00:09<00:01,  4.34it/s, Saved at =inf, TrLoss=0.2152]
 Training FV-otc-s5-t7:  92%|█████████▏| 46/50 [00:10<00:00,  4.40it/s, Saved at =inf, TrLoss=0.2152]
 Training FV-otc-s5-t7:  92%|█████████▏| 46/50 [00:10<00:00,  4.40it/s, Saved at =inf, TrLoss=0.2088]
 Training FV-otc-s5-t7:  94%|█████████▍| 47/50 [00:10<00:00,  4.22it/s, Saved at =inf, TrLoss=0.2088]
 Training FV-otc-s5-t7:  94%|█████████▍| 47/50 [00:10<00:00,  4.22it/s, Saved at =inf, TrLoss=0.2084]
 Training FV-otc-s5-t7:  96%|█████████▌| 48/50 [00:10<00:00,  4.33it/s, Saved at =inf, TrLoss=0.2084]
 Training FV-otc-s5-t7:  96%|█████████▌| 48/50 [00:10<00:00,  4.33it/s, Saved at =inf, TrLoss=0.2091]
 Training FV-otc-s5-t7:  98%|█████████▊| 49/50 [00:10<00:00,  4.44it/s, Saved at =inf, TrLoss=0.2091]
 Training FV-otc-s5-t7:  98%|█████████▊| 49/50 [00:10<00:00,  4.44it/s, Saved at =inf, TrLoss=0.2056]
 Training FV-otc-s5-t7: 100%|██████████| 50/50 [00:10<00:00,  4.58it/s, Saved at =inf, TrLoss=0.2056]
 Training FV-otc-s5-t7: 100%|██████████| 50/50 [00:10<00:00,  4.57it/s, Saved at =inf, TrLoss=0.2056]

 Training FV-otc-s5-t8:   0%|          | 0/50 [00:00<?, ?it/s]
 Training FV-otc-s5-t8:   0%|          | 0/50 [00:00<?, ?it/s, Saved at =inf, TrLoss=0.7650]
 Training FV-otc-s5-t8:   2%|▏         | 1/50 [00:00<00:17,  2.77it/s, Saved at =inf, TrLoss=0.7650]
 Training FV-otc-s5-t8:   2%|▏         | 1/50 [00:00<00:17,  2.77it/s, Saved at =inf, TrLoss=0.6698]
 Training FV-otc-s5-t8:   4%|▍         | 2/50 [00:00<00:15,  3.16it/s, Saved at =inf, TrLoss=0.6698]
 Training FV-otc-s5-t8:   4%|▍         | 2/50 [00:00<00:15,  3.16it/s, Saved at =inf, TrLoss=0.6394]
 Training FV-otc-s5-t8:   6%|▌         | 3/50 [00:00<00:13,  3.53it/s, Saved at =inf, TrLoss=0.6394]
 Training FV-otc-s5-t8:   6%|▌         | 3/50 [00:01<00:13,  3.53it/s, Saved at =inf, TrLoss=0.5799]
 Training FV-otc-s5-t8:   8%|▊         | 4/50 [00:01<00:12,  3.72it/s, Saved at =inf, TrLoss=0.5799]
 Training FV-otc-s5-t8:   8%|▊         | 4/50 [00:01<00:12,  3.72it/s, Saved at =inf, TrLoss=0.5458]
 Training FV-otc-s5-t8:  10%|█         | 5/50 [00:01<00:11,  3.84it/s, Saved at =inf, TrLoss=0.5458]
 Training FV-otc-s5-t8:  10%|█         | 5/50 [00:01<00:11,  3.84it/s, Saved at =inf, TrLoss=0.4925]
 Training FV-otc-s5-t8:  12%|█▏        | 6/50 [00:01<00:11,  3.73it/s, Saved at =inf, TrLoss=0.4925]
 Training FV-otc-s5-t8:  12%|█▏        | 6/50 [00:01<00:11,  3.73it/s, Saved at =inf, TrLoss=0.4513]
 Training FV-otc-s5-t8:  14%|█▍        | 7/50 [00:01<00:11,  3.87it/s, Saved at =inf, TrLoss=0.4513]
 Training FV-otc-s5-t8:  14%|█▍        | 7/50 [00:02<00:11,  3.87it/s, Saved at =inf, TrLoss=0.4101]
 Training FV-otc-s5-t8:  16%|█▌        | 8/50 [00:02<00:10,  3.98it/s, Saved at =inf, TrLoss=0.4101]
 Training FV-otc-s5-t8:  16%|█▌        | 8/50 [00:02<00:10,  3.98it/s, Saved at =inf, TrLoss=0.3712]
 Training FV-otc-s5-t8:  18%|█▊        | 9/50 [00:02<00:10,  4.03it/s, Saved at =inf, TrLoss=0.3712]
 Training FV-otc-s5-t8:  18%|█▊        | 9/50 [00:02<00:10,  4.03it/s, Saved at =inf, TrLoss=0.3470]
 Training FV-otc-s5-t8:  20%|██        | 10/50 [00:02<00:10,  3.93it/s, Saved at =inf, TrLoss=0.3470]
 Training FV-otc-s5-t8:  20%|██        | 10/50 [00:02<00:10,  3.93it/s, Saved at =inf, TrLoss=0.3523]
 Training FV-otc-s5-t8:  22%|██▏       | 11/50 [00:02<00:10,  3.73it/s, Saved at =inf, TrLoss=0.3523]
 Training FV-otc-s5-t8:  22%|██▏       | 11/50 [00:03<00:10,  3.73it/s, Saved at =inf, TrLoss=0.3191]
 Training FV-otc-s5-t8:  24%|██▍       | 12/50 [00:03<00:10,  3.56it/s, Saved at =inf, TrLoss=0.3191]
 Training FV-otc-s5-t8:  24%|██▍       | 12/50 [00:03<00:10,  3.56it/s, Saved at =inf, TrLoss=0.3070]
 Training FV-otc-s5-t8:  26%|██▌       | 13/50 [00:03<00:10,  3.58it/s, Saved at =inf, TrLoss=0.3070]
 Training FV-otc-s5-t8:  26%|██▌       | 13/50 [00:03<00:10,  3.58it/s, Saved at =inf, TrLoss=0.3163]
 Training FV-otc-s5-t8:  28%|██▊       | 14/50 [00:03<00:09,  3.62it/s, Saved at =inf, TrLoss=0.3163]
 Training FV-otc-s5-t8:  28%|██▊       | 14/50 [00:03<00:09,  3.62it/s, Saved at =inf, TrLoss=0.3310]
 Training FV-otc-s5-t8:  30%|███       | 15/50 [00:04<00:09,  3.58it/s, Saved at =inf, TrLoss=0.3310]
 Training FV-otc-s5-t8:  30%|███       | 15/50 [00:04<00:09,  3.58it/s, Saved at =inf, TrLoss=0.2954]
 Training FV-otc-s5-t8:  32%|███▏      | 16/50 [00:04<00:09,  3.74it/s, Saved at =inf, TrLoss=0.2954]
 Training FV-otc-s5-t8:  32%|███▏      | 16/50 [00:04<00:09,  3.74it/s, Saved at =inf, TrLoss=0.2913]
 Training FV-otc-s5-t8:  34%|███▍      | 17/50 [00:04<00:08,  3.84it/s, Saved at =inf, TrLoss=0.2913]
 Training FV-otc-s5-t8:  34%|███▍      | 17/50 [00:04<00:08,  3.84it/s, Saved at =inf, TrLoss=0.2850]
 Training FV-otc-s5-t8:  36%|███▌      | 18/50 [00:04<00:08,  3.73it/s, Saved at =inf, TrLoss=0.2850]
 Training FV-otc-s5-t8:  36%|███▌      | 18/50 [00:05<00:08,  3.73it/s, Saved at =inf, TrLoss=0.2727]
 Training FV-otc-s5-t8:  38%|███▊      | 19/50 [00:05<00:08,  3.69it/s, Saved at =inf, TrLoss=0.2727]
 Training FV-otc-s5-t8:  38%|███▊      | 19/50 [00:05<00:08,  3.69it/s, Saved at =inf, TrLoss=0.2758]
 Training FV-otc-s5-t8:  40%|████      | 20/50 [00:05<00:07,  3.82it/s, Saved at =inf, TrLoss=0.2758]
 Training FV-otc-s5-t8:  40%|████      | 20/50 [00:05<00:07,  3.82it/s, Saved at =inf, TrLoss=0.2641]
 Training FV-otc-s5-t8:  42%|████▏     | 21/50 [00:05<00:08,  3.62it/s, Saved at =inf, TrLoss=0.2641]
 Training FV-otc-s5-t8:  42%|████▏     | 21/50 [00:05<00:08,  3.62it/s, Saved at =inf, TrLoss=0.2658]
 Training FV-otc-s5-t8:  44%|████▍     | 22/50 [00:06<00:08,  3.47it/s, Saved at =inf, TrLoss=0.2658]
 Training FV-otc-s5-t8:  44%|████▍     | 22/50 [00:06<00:08,  3.47it/s, Saved at =inf, TrLoss=0.2571]
 Training FV-otc-s5-t8:  46%|████▌     | 23/50 [00:06<00:07,  3.64it/s, Saved at =inf, TrLoss=0.2571]
 Training FV-otc-s5-t8:  46%|████▌     | 23/50 [00:06<00:07,  3.64it/s, Saved at =inf, TrLoss=0.2570]
 Training FV-otc-s5-t8:  48%|████▊     | 24/50 [00:06<00:06,  3.78it/s, Saved at =inf, TrLoss=0.2570]
 Training FV-otc-s5-t8:  48%|████▊     | 24/50 [00:06<00:06,  3.78it/s, Saved at =inf, TrLoss=0.2478]
 Training FV-otc-s5-t8:  50%|█████     | 25/50 [00:06<00:06,  3.86it/s, Saved at =inf, TrLoss=0.2478]
 Training FV-otc-s5-t8:  50%|█████     | 25/50 [00:06<00:06,  3.86it/s, Saved at =inf, TrLoss=0.2497]
 Training FV-otc-s5-t8:  52%|█████▏    | 26/50 [00:07<00:06,  3.55it/s, Saved at =inf, TrLoss=0.2497]
 Training FV-otc-s5-t8:  52%|█████▏    | 26/50 [00:07<00:06,  3.55it/s, Saved at =inf, TrLoss=0.2461]
 Training FV-otc-s5-t8:  54%|█████▍    | 27/50 [00:07<00:06,  3.47it/s, Saved at =inf, TrLoss=0.2461]
 Training FV-otc-s5-t8:  54%|█████▍    | 27/50 [00:07<00:06,  3.47it/s, Saved at =inf, TrLoss=0.2444]
 Training FV-otc-s5-t8:  56%|█████▌    | 28/50 [00:07<00:06,  3.33it/s, Saved at =inf, TrLoss=0.2444]
 Training FV-otc-s5-t8:  56%|█████▌    | 28/50 [00:07<00:06,  3.33it/s, Saved at =inf, TrLoss=0.2468]
 Training FV-otc-s5-t8:  58%|█████▊    | 29/50 [00:08<00:06,  3.28it/s, Saved at =inf, TrLoss=0.2468]
 Training FV-otc-s5-t8:  58%|█████▊    | 29/50 [00:08<00:06,  3.28it/s, Saved at =inf, TrLoss=0.2419]
 Training FV-otc-s5-t8:  60%|██████    | 30/50 [00:08<00:05,  3.66it/s, Saved at =inf, TrLoss=0.2419]
 Training FV-otc-s5-t8:  60%|██████    | 30/50 [00:08<00:05,  3.66it/s, Saved at =inf, TrLoss=0.2391]
 Training FV-otc-s5-t8:  62%|██████▏   | 31/50 [00:08<00:05,  3.80it/s, Saved at =inf, TrLoss=0.2391]
 Training FV-otc-s5-t8:  62%|██████▏   | 31/50 [00:08<00:05,  3.80it/s, Saved at =inf, TrLoss=0.2341]
 Training FV-otc-s5-t8:  64%|██████▍   | 32/50 [00:08<00:04,  3.79it/s, Saved at =inf, TrLoss=0.2341]
 Training FV-otc-s5-t8:  64%|██████▍   | 32/50 [00:08<00:04,  3.79it/s, Saved at =inf, TrLoss=0.2348]
 Training FV-otc-s5-t8:  66%|██████▌   | 33/50 [00:08<00:04,  3.74it/s, Saved at =inf, TrLoss=0.2348]
 Training FV-otc-s5-t8:  66%|██████▌   | 33/50 [00:09<00:04,  3.74it/s, Saved at =inf, TrLoss=0.2352]
 Training FV-otc-s5-t8:  68%|██████▊   | 34/50 [00:09<00:04,  3.39it/s, Saved at =inf, TrLoss=0.2352]
 Training FV-otc-s5-t8:  68%|██████▊   | 34/50 [00:09<00:04,  3.39it/s, Saved at =inf, TrLoss=0.2316]
 Training FV-otc-s5-t8:  70%|███████   | 35/50 [00:09<00:04,  3.16it/s, Saved at =inf, TrLoss=0.2316]
 Training FV-otc-s5-t8:  70%|███████   | 35/50 [00:09<00:04,  3.16it/s, Saved at =inf, TrLoss=0.2267]
 Training FV-otc-s5-t8:  72%|███████▏  | 36/50 [00:10<00:04,  3.18it/s, Saved at =inf, TrLoss=0.2267]
 Training FV-otc-s5-t8:  72%|███████▏  | 36/50 [00:10<00:04,  3.18it/s, Saved at =inf, TrLoss=0.2257]
 Training FV-otc-s5-t8:  74%|███████▍  | 37/50 [00:10<00:03,  3.31it/s, Saved at =inf, TrLoss=0.2257]
 Training FV-otc-s5-t8:  74%|███████▍  | 37/50 [00:10<00:03,  3.31it/s, Saved at =inf, TrLoss=0.2244]
 Training FV-otc-s5-t8:  76%|███████▌  | 38/50 [00:10<00:03,  3.44it/s, Saved at =inf, TrLoss=0.2244]
 Training FV-otc-s5-t8:  76%|███████▌  | 38/50 [00:10<00:03,  3.44it/s, Saved at =inf, TrLoss=0.2225]
 Training FV-otc-s5-t8:  78%|███████▊  | 39/50 [00:10<00:03,  3.42it/s, Saved at =inf, TrLoss=0.2225]
 Training FV-otc-s5-t8:  78%|███████▊  | 39/50 [00:11<00:03,  3.42it/s, Saved at =inf, TrLoss=0.2165]
 Training FV-otc-s5-t8:  80%|████████  | 40/50 [00:11<00:03,  3.27it/s, Saved at =inf, TrLoss=0.2165]
 Training FV-otc-s5-t8:  80%|████████  | 40/50 [00:11<00:03,  3.27it/s, Saved at =inf, TrLoss=0.2191]
 Training FV-otc-s5-t8:  82%|████████▏ | 41/50 [00:11<00:02,  3.49it/s, Saved at =inf, TrLoss=0.2191]
 Training FV-otc-s5-t8:  82%|████████▏ | 41/50 [00:11<00:02,  3.49it/s, Saved at =inf, TrLoss=0.2155]
 Training FV-otc-s5-t8:  84%|████████▍ | 42/50 [00:11<00:02,  3.74it/s, Saved at =inf, TrLoss=0.2155]
 Training FV-otc-s5-t8:  84%|████████▍ | 42/50 [00:11<00:02,  3.74it/s, Saved at =inf, TrLoss=0.2127]
 Training FV-otc-s5-t8:  86%|████████▌ | 43/50 [00:11<00:01,  3.98it/s, Saved at =inf, TrLoss=0.2127]
 Training FV-otc-s5-t8:  86%|████████▌ | 43/50 [00:12<00:01,  3.98it/s, Saved at =inf, TrLoss=0.2165]
 Training FV-otc-s5-t8:  88%|████████▊ | 44/50 [00:12<00:01,  4.06it/s, Saved at =inf, TrLoss=0.2165]
 Training FV-otc-s5-t8:  88%|████████▊ | 44/50 [00:12<00:01,  4.06it/s, Saved at =inf, TrLoss=0.2091]
 Training FV-otc-s5-t8:  90%|█████████ | 45/50 [00:12<00:01,  4.36it/s, Saved at =inf, TrLoss=0.2091]
 Training FV-otc-s5-t8:  90%|█████████ | 45/50 [00:12<00:01,  4.36it/s, Saved at =inf, TrLoss=0.2111]
 Training FV-otc-s5-t8:  92%|█████████▏| 46/50 [00:12<00:00,  4.38it/s, Saved at =inf, TrLoss=0.2111]
 Training FV-otc-s5-t8:  92%|█████████▏| 46/50 [00:12<00:00,  4.38it/s, Saved at =inf, TrLoss=0.2049]
 Training FV-otc-s5-t8:  94%|█████████▍| 47/50 [00:12<00:00,  4.19it/s, Saved at =inf, TrLoss=0.2049]
 Training FV-otc-s5-t8:  94%|█████████▍| 47/50 [00:12<00:00,  4.19it/s, Saved at =inf, TrLoss=0.2047]
 Training FV-otc-s5-t8:  96%|█████████▌| 48/50 [00:13<00:00,  4.26it/s, Saved at =inf, TrLoss=0.2047]
 Training FV-otc-s5-t8:  96%|█████████▌| 48/50 [00:13<00:00,  4.26it/s, Saved at =inf, TrLoss=0.2050]
 Training FV-otc-s5-t8:  98%|█████████▊| 49/50 [00:13<00:00,  4.24it/s, Saved at =inf, TrLoss=0.2050]
 Training FV-otc-s5-t8:  98%|█████████▊| 49/50 [00:13<00:00,  4.24it/s, Saved at =inf, TrLoss=0.2026]
 Training FV-otc-s5-t8: 100%|██████████| 50/50 [00:13<00:00,  4.24it/s, Saved at =inf, TrLoss=0.2026]
 Training FV-otc-s5-t8: 100%|██████████| 50/50 [00:13<00:00,  3.71it/s, Saved at =inf, TrLoss=0.2026]

 Training FV-otc-s5-t9:   0%|          | 0/50 [00:00<?, ?it/s]
 Training FV-otc-s5-t9:   0%|          | 0/50 [00:00<?, ?it/s, Saved at =inf, TrLoss=0.8967]
 Training FV-otc-s5-t9:   2%|▏         | 1/50 [00:00<00:11,  4.21it/s, Saved at =inf, TrLoss=0.8967]
 Training FV-otc-s5-t9:   2%|▏         | 1/50 [00:00<00:11,  4.21it/s, Saved at =inf, TrLoss=0.7774]
 Training FV-otc-s5-t9:   4%|▍         | 2/50 [00:00<00:12,  3.97it/s, Saved at =inf, TrLoss=0.7774]
 Training FV-otc-s5-t9:   4%|▍         | 2/50 [00:00<00:12,  3.97it/s, Saved at =inf, TrLoss=0.6288]
 Training FV-otc-s5-t9:   6%|▌         | 3/50 [00:00<00:12,  3.73it/s, Saved at =inf, TrLoss=0.6288]
 Training FV-otc-s5-t9:   6%|▌         | 3/50 [00:00<00:12,  3.73it/s, Saved at =inf, TrLoss=0.5741]
 Training FV-otc-s5-t9:   8%|▊         | 4/50 [00:01<00:12,  3.65it/s, Saved at =inf, TrLoss=0.5741]
 Training FV-otc-s5-t9:   8%|▊         | 4/50 [00:01<00:12,  3.65it/s, Saved at =inf, TrLoss=0.5183]
 Training FV-otc-s5-t9:  10%|█         | 5/50 [00:01<00:12,  3.67it/s, Saved at =inf, TrLoss=0.5183]
 Training FV-otc-s5-t9:  10%|█         | 5/50 [00:01<00:12,  3.67it/s, Saved at =inf, TrLoss=0.4659]
 Training FV-otc-s5-t9:  12%|█▏        | 6/50 [00:01<00:12,  3.66it/s, Saved at =inf, TrLoss=0.4659]
 Training FV-otc-s5-t9:  12%|█▏        | 6/50 [00:01<00:12,  3.66it/s, Saved at =inf, TrLoss=0.4293]
 Training FV-otc-s5-t9:  14%|█▍        | 7/50 [00:01<00:12,  3.47it/s, Saved at =inf, TrLoss=0.4293]
 Training FV-otc-s5-t9:  14%|█▍        | 7/50 [00:02<00:12,  3.47it/s, Saved at =inf, TrLoss=0.4235]
 Training FV-otc-s5-t9:  16%|█▌        | 8/50 [00:02<00:12,  3.40it/s, Saved at =inf, TrLoss=0.4235]
 Training FV-otc-s5-t9:  16%|█▌        | 8/50 [00:02<00:12,  3.40it/s, Saved at =inf, TrLoss=0.3860]
 Training FV-otc-s5-t9:  18%|█▊        | 9/50 [00:02<00:12,  3.30it/s, Saved at =inf, TrLoss=0.3860]
 Training FV-otc-s5-t9:  18%|█▊        | 9/50 [00:02<00:12,  3.30it/s, Saved at =inf, TrLoss=0.3560]
 Training FV-otc-s5-t9:  20%|██        | 10/50 [00:02<00:11,  3.36it/s, Saved at =inf, TrLoss=0.3560]
 Training FV-otc-s5-t9:  20%|██        | 10/50 [00:03<00:11,  3.36it/s, Saved at =inf, TrLoss=0.3547]
 Training FV-otc-s5-t9:  22%|██▏       | 11/50 [00:03<00:11,  3.37it/s, Saved at =inf, TrLoss=0.3547]
 Training FV-otc-s5-t9:  22%|██▏       | 11/50 [00:03<00:11,  3.37it/s, Saved at =inf, TrLoss=0.3229]
 Training FV-otc-s5-t9:  24%|██▍       | 12/50 [00:03<00:10,  3.48it/s, Saved at =inf, TrLoss=0.3229]
 Training FV-otc-s5-t9:  24%|██▍       | 12/50 [00:03<00:10,  3.48it/s, Saved at =inf, TrLoss=0.3219]
 Training FV-otc-s5-t9:  26%|██▌       | 13/50 [00:03<00:10,  3.48it/s, Saved at =inf, TrLoss=0.3219]
 Training FV-otc-s5-t9:  26%|██▌       | 13/50 [00:03<00:10,  3.48it/s, Saved at =inf, TrLoss=0.3032]
 Training FV-otc-s5-t9:  28%|██▊       | 14/50 [00:04<00:10,  3.38it/s, Saved at =inf, TrLoss=0.3032]
 Training FV-otc-s5-t9:  28%|██▊       | 14/50 [00:04<00:10,  3.38it/s, Saved at =inf, TrLoss=0.2987]
 Training FV-otc-s5-t9:  30%|███       | 15/50 [00:04<00:10,  3.35it/s, Saved at =inf, TrLoss=0.2987]
 Training FV-otc-s5-t9:  30%|███       | 15/50 [00:04<00:10,  3.35it/s, Saved at =inf, TrLoss=0.2959]
 Training FV-otc-s5-t9:  32%|███▏      | 16/50 [00:04<00:10,  3.33it/s, Saved at =inf, TrLoss=0.2959]
 Training FV-otc-s5-t9:  32%|███▏      | 16/50 [00:04<00:10,  3.33it/s, Saved at =inf, TrLoss=0.2854]
 Training FV-otc-s5-t9:  34%|███▍      | 17/50 [00:04<00:10,  3.24it/s, Saved at =inf, TrLoss=0.2854]
 Training FV-otc-s5-t9:  34%|███▍      | 17/50 [00:05<00:10,  3.24it/s, Saved at =inf, TrLoss=0.2859]
 Training FV-otc-s5-t9:  36%|███▌      | 18/50 [00:05<00:09,  3.22it/s, Saved at =inf, TrLoss=0.2859]
 Training FV-otc-s5-t9:  36%|███▌      | 18/50 [00:05<00:09,  3.22it/s, Saved at =inf, TrLoss=0.2684]
 Training FV-otc-s5-t9:  38%|███▊      | 19/50 [00:05<00:09,  3.30it/s, Saved at =inf, TrLoss=0.2684]
 Training FV-otc-s5-t9:  38%|███▊      | 19/50 [00:05<00:09,  3.30it/s, Saved at =inf, TrLoss=0.2727]
 Training FV-otc-s5-t9:  40%|████      | 20/50 [00:05<00:08,  3.35it/s, Saved at =inf, TrLoss=0.2727]
 Training FV-otc-s5-t9:  40%|████      | 20/50 [00:06<00:08,  3.35it/s, Saved at =inf, TrLoss=0.2658]
 Training FV-otc-s5-t9:  42%|████▏     | 21/50 [00:06<00:08,  3.37it/s, Saved at =inf, TrLoss=0.2658]
 Training FV-otc-s5-t9:  42%|████▏     | 21/50 [00:06<00:08,  3.37it/s, Saved at =inf, TrLoss=0.2595]
 Training FV-otc-s5-t9:  44%|████▍     | 22/50 [00:06<00:08,  3.33it/s, Saved at =inf, TrLoss=0.2595]
 Training FV-otc-s5-t9:  44%|████▍     | 22/50 [00:06<00:08,  3.33it/s, Saved at =inf, TrLoss=0.2774]
 Training FV-otc-s5-t9:  46%|████▌     | 23/50 [00:06<00:07,  3.49it/s, Saved at =inf, TrLoss=0.2774]
 Training FV-otc-s5-t9:  46%|████▌     | 23/50 [00:06<00:07,  3.49it/s, Saved at =inf, TrLoss=0.2725]
 Training FV-otc-s5-t9:  48%|████▊     | 24/50 [00:06<00:07,  3.55it/s, Saved at =inf, TrLoss=0.2725]
 Training FV-otc-s5-t9:  48%|████▊     | 24/50 [00:07<00:07,  3.55it/s, Saved at =inf, TrLoss=0.2485]
 Training FV-otc-s5-t9:  50%|█████     | 25/50 [00:07<00:06,  3.59it/s, Saved at =inf, TrLoss=0.2485]
 Training FV-otc-s5-t9:  50%|█████     | 25/50 [00:07<00:06,  3.59it/s, Saved at =inf, TrLoss=0.2648]
 Training FV-otc-s5-t9:  52%|█████▏    | 26/50 [00:07<00:06,  3.44it/s, Saved at =inf, TrLoss=0.2648]
 Training FV-otc-s5-t9:  52%|█████▏    | 26/50 [00:07<00:06,  3.44it/s, Saved at =inf, TrLoss=0.2505]
 Training FV-otc-s5-t9:  54%|█████▍    | 27/50 [00:07<00:07,  3.20it/s, Saved at =inf, TrLoss=0.2505]
 Training FV-otc-s5-t9:  54%|█████▍    | 27/50 [00:08<00:07,  3.20it/s, Saved at =inf, TrLoss=0.2568]
 Training FV-otc-s5-t9:  56%|█████▌    | 28/50 [00:08<00:07,  2.98it/s, Saved at =inf, TrLoss=0.2568]
 Training FV-otc-s5-t9:  56%|█████▌    | 28/50 [00:08<00:07,  2.98it/s, Saved at =inf, TrLoss=0.2530]
 Training FV-otc-s5-t9:  58%|█████▊    | 29/50 [00:08<00:07,  2.96it/s, Saved at =inf, TrLoss=0.2530]
 Training FV-otc-s5-t9:  58%|█████▊    | 29/50 [00:08<00:07,  2.96it/s, Saved at =inf, TrLoss=0.2465]
 Training FV-otc-s5-t9:  60%|██████    | 30/50 [00:08<00:06,  3.07it/s, Saved at =inf, TrLoss=0.2465]
 Training FV-otc-s5-t9:  60%|██████    | 30/50 [00:09<00:06,  3.07it/s, Saved at =inf, TrLoss=0.2456]
 Training FV-otc-s5-t9:  62%|██████▏   | 31/50 [00:09<00:06,  3.08it/s, Saved at =inf, TrLoss=0.2456]
 Training FV-otc-s5-t9:  62%|██████▏   | 31/50 [00:09<00:06,  3.08it/s, Saved at =inf, TrLoss=0.2396]
 Training FV-otc-s5-t9:  64%|██████▍   | 32/50 [00:09<00:05,  3.18it/s, Saved at =inf, TrLoss=0.2396]
 Training FV-otc-s5-t9:  64%|██████▍   | 32/50 [00:09<00:05,  3.18it/s, Saved at =inf, TrLoss=0.2408]
 Training FV-otc-s5-t9:  66%|██████▌   | 33/50 [00:09<00:05,  3.19it/s, Saved at =inf, TrLoss=0.2408]
 Training FV-otc-s5-t9:  66%|██████▌   | 33/50 [00:10<00:05,  3.19it/s, Saved at =inf, TrLoss=0.2423]
 Training FV-otc-s5-t9:  68%|██████▊   | 34/50 [00:10<00:05,  3.09it/s, Saved at =inf, TrLoss=0.2423]
 Training FV-otc-s5-t9:  68%|██████▊   | 34/50 [00:10<00:05,  3.09it/s, Saved at =inf, TrLoss=0.2428]
 Training FV-otc-s5-t9:  70%|███████   | 35/50 [00:10<00:04,  3.02it/s, Saved at =inf, TrLoss=0.2428]
 Training FV-otc-s5-t9:  70%|███████   | 35/50 [00:10<00:04,  3.02it/s, Saved at =inf, TrLoss=0.2322]
 Training FV-otc-s5-t9:  72%|███████▏  | 36/50 [00:10<00:04,  3.08it/s, Saved at =inf, TrLoss=0.2322]
 Training FV-otc-s5-t9:  72%|███████▏  | 36/50 [00:11<00:04,  3.08it/s, Saved at =inf, TrLoss=0.2376]
 Training FV-otc-s5-t9:  74%|███████▍  | 37/50 [00:11<00:03,  3.27it/s, Saved at =inf, TrLoss=0.2376]
 Training FV-otc-s5-t9:  74%|███████▍  | 37/50 [00:11<00:03,  3.27it/s, Saved at =inf, TrLoss=0.2332]
 Training FV-otc-s5-t9:  76%|███████▌  | 38/50 [00:11<00:03,  3.20it/s, Saved at =inf, TrLoss=0.2332]
 Training FV-otc-s5-t9:  76%|███████▌  | 38/50 [00:11<00:03,  3.20it/s, Saved at =inf, TrLoss=0.2324]
 Training FV-otc-s5-t9:  78%|███████▊  | 39/50 [00:11<00:03,  3.14it/s, Saved at =inf, TrLoss=0.2324]
 Training FV-otc-s5-t9:  78%|███████▊  | 39/50 [00:12<00:03,  3.14it/s, Saved at =inf, TrLoss=0.2247]
 Training FV-otc-s5-t9:  80%|████████  | 40/50 [00:12<00:03,  3.16it/s, Saved at =inf, TrLoss=0.2247]
 Training FV-otc-s5-t9:  80%|████████  | 40/50 [00:12<00:03,  3.16it/s, Saved at =inf, TrLoss=0.2241]
 Training FV-otc-s5-t9:  82%|████████▏ | 41/50 [00:12<00:02,  3.20it/s, Saved at =inf, TrLoss=0.2241]
 Training FV-otc-s5-t9:  82%|████████▏ | 41/50 [00:12<00:02,  3.20it/s, Saved at =inf, TrLoss=0.2221]
 Training FV-otc-s5-t9:  84%|████████▍ | 42/50 [00:12<00:02,  3.31it/s, Saved at =inf, TrLoss=0.2221]
 Training FV-otc-s5-t9:  84%|████████▍ | 42/50 [00:12<00:02,  3.31it/s, Saved at =inf, TrLoss=0.2218]
 Training FV-otc-s5-t9:  86%|████████▌ | 43/50 [00:12<00:02,  3.34it/s, Saved at =inf, TrLoss=0.2218]
 Training FV-otc-s5-t9:  86%|████████▌ | 43/50 [00:13<00:02,  3.34it/s, Saved at =inf, TrLoss=0.2233]
 Training FV-otc-s5-t9:  88%|████████▊ | 44/50 [00:13<00:01,  3.26it/s, Saved at =inf, TrLoss=0.2233]
 Training FV-otc-s5-t9:  88%|████████▊ | 44/50 [00:13<00:01,  3.26it/s, Saved at =inf, TrLoss=0.2135]
 Training FV-otc-s5-t9:  90%|█████████ | 45/50 [00:13<00:01,  3.34it/s, Saved at =inf, TrLoss=0.2135]
 Training FV-otc-s5-t9:  90%|█████████ | 45/50 [00:13<00:01,  3.34it/s, Saved at =inf, TrLoss=0.2176]
 Training FV-otc-s5-t9:  92%|█████████▏| 46/50 [00:13<00:01,  3.29it/s, Saved at =inf, TrLoss=0.2176]
 Training FV-otc-s5-t9:  92%|█████████▏| 46/50 [00:14<00:01,  3.29it/s, Saved at =inf, TrLoss=0.2133]
 Training FV-otc-s5-t9:  94%|█████████▍| 47/50 [00:14<00:00,  3.28it/s, Saved at =inf, TrLoss=0.2133]
 Training FV-otc-s5-t9:  94%|█████████▍| 47/50 [00:14<00:00,  3.28it/s, Saved at =inf, TrLoss=0.2125]
 Training FV-otc-s5-t9:  96%|█████████▌| 48/50 [00:14<00:00,  3.33it/s, Saved at =inf, TrLoss=0.2125]
 Training FV-otc-s5-t9:  96%|█████████▌| 48/50 [00:14<00:00,  3.33it/s, Saved at =inf, TrLoss=0.2139]
 Training FV-otc-s5-t9:  98%|█████████▊| 49/50 [00:14<00:00,  3.39it/s, Saved at =inf, TrLoss=0.2139]
 Training FV-otc-s5-t9:  98%|█████████▊| 49/50 [00:14<00:00,  3.39it/s, Saved at =inf, TrLoss=0.2148]
 Training FV-otc-s5-t9: 100%|██████████| 50/50 [00:15<00:00,  3.49it/s, Saved at =inf, TrLoss=0.2148]
 Training FV-otc-s5-t9: 100%|██████████| 50/50 [00:15<00:00,  3.32it/s, Saved at =inf, TrLoss=0.2148]

 Training ATK-otc-s5-t7:   0%|          | 0/50 [00:00<?, ?it/s]
 Training ATK-otc-s5-t7:   0%|          | 0/50 [00:00<?, ?it/s, Saved at =inf, TrLoss=0.7464]
 Training ATK-otc-s5-t7:   2%|▏         | 1/50 [00:00<00:08,  5.83it/s, Saved at =inf, TrLoss=0.7464]
 Training ATK-otc-s5-t7:   2%|▏         | 1/50 [00:00<00:08,  5.83it/s, Saved at =inf, TrLoss=0.6475]
 Training ATK-otc-s5-t7:   4%|▍         | 2/50 [00:00<00:08,  5.65it/s, Saved at =inf, TrLoss=0.6475]
 Training ATK-otc-s5-t7:   4%|▍         | 2/50 [00:00<00:08,  5.65it/s, Saved at =inf, TrLoss=0.5723]
 Training ATK-otc-s5-t7:   6%|▌         | 3/50 [00:00<00:08,  5.65it/s, Saved at =inf, TrLoss=0.5723]
 Training ATK-otc-s5-t7:   6%|▌         | 3/50 [00:00<00:08,  5.65it/s, Saved at =inf, TrLoss=0.5052]
 Training ATK-otc-s5-t7:   8%|▊         | 4/50 [00:00<00:08,  5.60it/s, Saved at =inf, TrLoss=0.5052]
 Training ATK-otc-s5-t7:   8%|▊         | 4/50 [00:00<00:08,  5.60it/s, Saved at =inf, TrLoss=0.4198]
 Training ATK-otc-s5-t7:  10%|█         | 5/50 [00:00<00:08,  5.37it/s, Saved at =inf, TrLoss=0.4198]
 Training ATK-otc-s5-t7:  10%|█         | 5/50 [00:01<00:08,  5.37it/s, Saved at =inf, TrLoss=0.4254]
 Training ATK-otc-s5-t7:  12%|█▏        | 6/50 [00:01<00:09,  4.71it/s, Saved at =inf, TrLoss=0.4254]
 Training ATK-otc-s5-t7:  12%|█▏        | 6/50 [00:01<00:09,  4.71it/s, Saved at =inf, TrLoss=0.7584]
 Training ATK-otc-s5-t7:  14%|█▍        | 7/50 [00:01<00:10,  4.26it/s, Saved at =inf, TrLoss=0.7584]
 Training ATK-otc-s5-t7:  14%|█▍        | 7/50 [00:01<00:10,  4.26it/s, Saved at =inf, TrLoss=0.3780]
 Training ATK-otc-s5-t7:  16%|█▌        | 8/50 [00:01<00:10,  4.08it/s, Saved at =inf, TrLoss=0.3780]
 Training ATK-otc-s5-t7:  16%|█▌        | 8/50 [00:01<00:10,  4.08it/s, Saved at =inf, TrLoss=0.4861]
 Training ATK-otc-s5-t7:  18%|█▊        | 9/50 [00:01<00:10,  3.99it/s, Saved at =inf, TrLoss=0.4861]
 Training ATK-otc-s5-t7:  18%|█▊        | 9/50 [00:02<00:10,  3.99it/s, Saved at =inf, TrLoss=0.4711]
 Training ATK-otc-s5-t7:  20%|██        | 10/50 [00:02<00:10,  3.72it/s, Saved at =inf, TrLoss=0.4711]
 Training ATK-otc-s5-t7:  20%|██        | 10/50 [00:02<00:10,  3.72it/s, Saved at =inf, TrLoss=0.3507]
 Training ATK-otc-s5-t7:  22%|██▏       | 11/50 [00:02<00:11,  3.43it/s, Saved at =inf, TrLoss=0.3507]
 Training ATK-otc-s5-t7:  22%|██▏       | 11/50 [00:02<00:11,  3.43it/s, Saved at =inf, TrLoss=0.3367]
 Training ATK-otc-s5-t7:  24%|██▍       | 12/50 [00:02<00:11,  3.36it/s, Saved at =inf, TrLoss=0.3367]
 Training ATK-otc-s5-t7:  24%|██▍       | 12/50 [00:03<00:11,  3.36it/s, Saved at =inf, TrLoss=0.3893]
 Training ATK-otc-s5-t7:  26%|██▌       | 13/50 [00:03<00:10,  3.50it/s, Saved at =inf, TrLoss=0.3893]
 Training ATK-otc-s5-t7:  26%|██▌       | 13/50 [00:03<00:10,  3.50it/s, Saved at =inf, TrLoss=0.3903]
 Training ATK-otc-s5-t7:  28%|██▊       | 14/50 [00:03<00:09,  3.75it/s, Saved at =inf, TrLoss=0.3903]
 Training ATK-otc-s5-t7:  28%|██▊       | 14/50 [00:03<00:09,  3.75it/s, Saved at =inf, TrLoss=0.3471]
 Training ATK-otc-s5-t7:  30%|███       | 15/50 [00:03<00:08,  4.07it/s, Saved at =inf, TrLoss=0.3471]
 Training ATK-otc-s5-t7:  30%|███       | 15/50 [00:03<00:08,  4.07it/s, Saved at =inf, TrLoss=0.3252]
 Training ATK-otc-s5-t7:  32%|███▏      | 16/50 [00:03<00:07,  4.26it/s, Saved at =inf, TrLoss=0.3252]
 Training ATK-otc-s5-t7:  32%|███▏      | 16/50 [00:03<00:07,  4.26it/s, Saved at =inf, TrLoss=0.3216]
 Training ATK-otc-s5-t7:  34%|███▍      | 17/50 [00:04<00:07,  4.46it/s, Saved at =inf, TrLoss=0.3216]
 Training ATK-otc-s5-t7:  34%|███▍      | 17/50 [00:04<00:07,  4.46it/s, Saved at =inf, TrLoss=0.3372]
 Training ATK-otc-s5-t7:  36%|███▌      | 18/50 [00:04<00:06,  4.57it/s, Saved at =inf, TrLoss=0.3372]
 Training ATK-otc-s5-t7:  36%|███▌      | 18/50 [00:04<00:06,  4.57it/s, Saved at =inf, TrLoss=0.3258]
 Training ATK-otc-s5-t7:  38%|███▊      | 19/50 [00:04<00:06,  4.45it/s, Saved at =inf, TrLoss=0.3258]
 Training ATK-otc-s5-t7:  38%|███▊      | 19/50 [00:04<00:06,  4.45it/s, Saved at =inf, TrLoss=0.3123]
 Training ATK-otc-s5-t7:  40%|████      | 20/50 [00:04<00:07,  4.28it/s, Saved at =inf, TrLoss=0.3123]
 Training ATK-otc-s5-t7:  40%|████      | 20/50 [00:04<00:07,  4.28it/s, Saved at =inf, TrLoss=0.2935]
 Training ATK-otc-s5-t7:  42%|████▏     | 21/50 [00:04<00:06,  4.38it/s, Saved at =inf, TrLoss=0.2935]
 Training ATK-otc-s5-t7:  42%|████▏     | 21/50 [00:05<00:06,  4.38it/s, Saved at =inf, TrLoss=0.2983]
 Training ATK-otc-s5-t7:  44%|████▍     | 22/50 [00:05<00:06,  4.47it/s, Saved at =inf, TrLoss=0.2983]
 Training ATK-otc-s5-t7:  44%|████▍     | 22/50 [00:05<00:06,  4.47it/s, Saved at =inf, TrLoss=0.2891]
 Training ATK-otc-s5-t7:  46%|████▌     | 23/50 [00:05<00:06,  4.42it/s, Saved at =inf, TrLoss=0.2891]
 Training ATK-otc-s5-t7:  46%|████▌     | 23/50 [00:05<00:06,  4.42it/s, Saved at =inf, TrLoss=0.2792]
 Training ATK-otc-s5-t7:  48%|████▊     | 24/50 [00:05<00:05,  4.58it/s, Saved at =inf, TrLoss=0.2792]
 Training ATK-otc-s5-t7:  48%|████▊     | 24/50 [00:05<00:05,  4.58it/s, Saved at =inf, TrLoss=0.2660]
 Training ATK-otc-s5-t7:  50%|█████     | 25/50 [00:05<00:05,  4.38it/s, Saved at =inf, TrLoss=0.2660]
 Training ATK-otc-s5-t7:  50%|█████     | 25/50 [00:06<00:05,  4.38it/s, Saved at =inf, TrLoss=0.2776]
 Training ATK-otc-s5-t7:  52%|█████▏    | 26/50 [00:06<00:05,  4.11it/s, Saved at =inf, TrLoss=0.2776]
 Training ATK-otc-s5-t7:  52%|█████▏    | 26/50 [00:06<00:05,  4.11it/s, Saved at =inf, TrLoss=0.2713]
 Training ATK-otc-s5-t7:  54%|█████▍    | 27/50 [00:06<00:05,  3.97it/s, Saved at =inf, TrLoss=0.2713]
 Training ATK-otc-s5-t7:  54%|█████▍    | 27/50 [00:06<00:05,  3.97it/s, Saved at =inf, TrLoss=0.2645]
 Training ATK-otc-s5-t7:  56%|█████▌    | 28/50 [00:06<00:05,  3.91it/s, Saved at =inf, TrLoss=0.2645]
 Training ATK-otc-s5-t7:  56%|█████▌    | 28/50 [00:06<00:05,  3.91it/s, Saved at =inf, TrLoss=0.2580]
 Training ATK-otc-s5-t7:  58%|█████▊    | 29/50 [00:06<00:05,  3.77it/s, Saved at =inf, TrLoss=0.2580]
 Training ATK-otc-s5-t7:  58%|█████▊    | 29/50 [00:07<00:05,  3.77it/s, Saved at =inf, TrLoss=0.2551]
 Training ATK-otc-s5-t7:  60%|██████    | 30/50 [00:07<00:05,  3.73it/s, Saved at =inf, TrLoss=0.2551]
 Training ATK-otc-s5-t7:  60%|██████    | 30/50 [00:07<00:05,  3.73it/s, Saved at =inf, TrLoss=0.2560]
 Training ATK-otc-s5-t7:  62%|██████▏   | 31/50 [00:07<00:05,  3.78it/s, Saved at =inf, TrLoss=0.2560]
 Training ATK-otc-s5-t7:  62%|██████▏   | 31/50 [00:07<00:05,  3.78it/s, Saved at =inf, TrLoss=0.2425]
 Training ATK-otc-s5-t7:  64%|██████▍   | 32/50 [00:07<00:04,  3.77it/s, Saved at =inf, TrLoss=0.2425]
 Training ATK-otc-s5-t7:  64%|██████▍   | 32/50 [00:07<00:04,  3.77it/s, Saved at =inf, TrLoss=0.2422]
 Training ATK-otc-s5-t7:  66%|██████▌   | 33/50 [00:08<00:04,  3.73it/s, Saved at =inf, TrLoss=0.2422]
 Training ATK-otc-s5-t7:  66%|██████▌   | 33/50 [00:08<00:04,  3.73it/s, Saved at =inf, TrLoss=0.2453]
 Training ATK-otc-s5-t7:  68%|██████▊   | 34/50 [00:08<00:04,  3.74it/s, Saved at =inf, TrLoss=0.2453]
 Training ATK-otc-s5-t7:  68%|██████▊   | 34/50 [00:08<00:04,  3.74it/s, Saved at =inf, TrLoss=0.2415]
 Training ATK-otc-s5-t7:  70%|███████   | 35/50 [00:08<00:04,  3.61it/s, Saved at =inf, TrLoss=0.2415]
 Training ATK-otc-s5-t7:  70%|███████   | 35/50 [00:08<00:04,  3.61it/s, Saved at =inf, TrLoss=0.2326]
 Training ATK-otc-s5-t7:  72%|███████▏  | 36/50 [00:08<00:03,  3.52it/s, Saved at =inf, TrLoss=0.2326]
 Training ATK-otc-s5-t7:  72%|███████▏  | 36/50 [00:09<00:03,  3.52it/s, Saved at =inf, TrLoss=0.2341]
 Training ATK-otc-s5-t7:  74%|███████▍  | 37/50 [00:09<00:03,  3.55it/s, Saved at =inf, TrLoss=0.2341]
 Training ATK-otc-s5-t7:  74%|███████▍  | 37/50 [00:09<00:03,  3.55it/s, Saved at =inf, TrLoss=0.2362]
 Training ATK-otc-s5-t7:  76%|███████▌  | 38/50 [00:09<00:03,  3.62it/s, Saved at =inf, TrLoss=0.2362]
 Training ATK-otc-s5-t7:  76%|███████▌  | 38/50 [00:09<00:03,  3.62it/s, Saved at =inf, TrLoss=0.2240]
 Training ATK-otc-s5-t7:  78%|███████▊  | 39/50 [00:09<00:02,  3.86it/s, Saved at =inf, TrLoss=0.2240]
 Training ATK-otc-s5-t7:  78%|███████▊  | 39/50 [00:09<00:02,  3.86it/s, Saved at =inf, TrLoss=0.2276]
 Training ATK-otc-s5-t7:  80%|████████  | 40/50 [00:09<00:02,  4.39it/s, Saved at =inf, TrLoss=0.2276]
 Training ATK-otc-s5-t7:  80%|████████  | 40/50 [00:09<00:02,  4.39it/s, Saved at =inf, TrLoss=0.2265]
 Training ATK-otc-s5-t7:  82%|████████▏ | 41/50 [00:09<00:01,  4.78it/s, Saved at =inf, TrLoss=0.2265]
 Training ATK-otc-s5-t7:  82%|████████▏ | 41/50 [00:10<00:01,  4.78it/s, Saved at =inf, TrLoss=0.2227]
 Training ATK-otc-s5-t7:  84%|████████▍ | 42/50 [00:10<00:01,  5.14it/s, Saved at =inf, TrLoss=0.2227]
 Training ATK-otc-s5-t7:  84%|████████▍ | 42/50 [00:10<00:01,  5.14it/s, Saved at =inf, TrLoss=0.2222]
 Training ATK-otc-s5-t7:  86%|████████▌ | 43/50 [00:10<00:01,  5.41it/s, Saved at =inf, TrLoss=0.2222]
 Training ATK-otc-s5-t7:  86%|████████▌ | 43/50 [00:10<00:01,  5.41it/s, Saved at =inf, TrLoss=0.2269]
 Training ATK-otc-s5-t7:  88%|████████▊ | 44/50 [00:10<00:01,  5.64it/s, Saved at =inf, TrLoss=0.2269]
 Training ATK-otc-s5-t7:  88%|████████▊ | 44/50 [00:10<00:01,  5.64it/s, Saved at =inf, TrLoss=0.2120]
 Training ATK-otc-s5-t7:  90%|█████████ | 45/50 [00:10<00:00,  5.80it/s, Saved at =inf, TrLoss=0.2120]
 Training ATK-otc-s5-t7:  90%|█████████ | 45/50 [00:10<00:00,  5.80it/s, Saved at =inf, TrLoss=0.2152]
 Training ATK-otc-s5-t7:  92%|█████████▏| 46/50 [00:10<00:00,  5.91it/s, Saved at =inf, TrLoss=0.2152]
 Training ATK-otc-s5-t7:  92%|█████████▏| 46/50 [00:10<00:00,  5.91it/s, Saved at =inf, TrLoss=0.2088]
 Training ATK-otc-s5-t7:  94%|█████████▍| 47/50 [00:10<00:00,  6.07it/s, Saved at =inf, TrLoss=0.2088]
 Training ATK-otc-s5-t7:  94%|█████████▍| 47/50 [00:11<00:00,  6.07it/s, Saved at =inf, TrLoss=0.2084]
 Training ATK-otc-s5-t7:  96%|█████████▌| 48/50 [00:11<00:00,  6.19it/s, Saved at =inf, TrLoss=0.2084]
 Training ATK-otc-s5-t7:  96%|█████████▌| 48/50 [00:11<00:00,  6.19it/s, Saved at =inf, TrLoss=0.2091]
 Training ATK-otc-s5-t7:  98%|█████████▊| 49/50 [00:11<00:00,  6.28it/s, Saved at =inf, TrLoss=0.2091]
 Training ATK-otc-s5-t7:  98%|█████████▊| 49/50 [00:11<00:00,  6.28it/s, Saved at =inf, TrLoss=0.2056]
 Training ATK-otc-s5-t7: 100%|██████████| 50/50 [00:11<00:00,  6.30it/s, Saved at =inf, TrLoss=0.2056]
 Training ATK-otc-s5-t7: 100%|██████████| 50/50 [00:11<00:00,  4.39it/s, Saved at =inf, TrLoss=0.2056]
[15:01:00]   MCC=0.402±0.091, AUC=0.771±0.069, BAcc=0.681±0.055
[15:03:12]   [otc s5] 500/3269 candidates scanned, 487 eligible
[15:05:21]   [otc s5] 1000/3269 candidates scanned, 960 eligible
[15:07:29]   [otc s5] 1500/3269 candidates scanned, 1421 eligible
[15:09:07]   [otc s5] 2000/3269 candidates scanned, 1778 eligible
[15:11:05]   [otc s5] 2500/3269 candidates scanned, 2210 eligible
[15:12:50]   [otc s5] 3000/3269 candidates scanned, 2592 eligible
[15:13:39]   otc seed 5: n=2761 AUC=0.771 | flip% random total/prop 25.2/13.0 | optimized 38.3/18.4 | 14.0 min
[15:13:39] Training GDTE on otc (seed=6)...

 Training FV-otc-s6-t2:   0%|          | 0/50 [00:00<?, ?it/s]
 Training FV-otc-s6-t2:   0%|          | 0/50 [00:00<?, ?it/s, Saved at =inf, TrLoss=0.9919]
 Training FV-otc-s6-t2:   0%|          | 0/50 [00:00<?, ?it/s, Saved at =inf, TrLoss=0.7927]
 Training FV-otc-s6-t2:   4%|▍         | 2/50 [00:00<00:02, 18.73it/s, Saved at =inf, TrLoss=0.7927]
 Training FV-otc-s6-t2:   4%|▍         | 2/50 [00:00<00:02, 18.73it/s, Saved at =inf, TrLoss=0.5688]
 Training FV-otc-s6-t2:   4%|▍         | 2/50 [00:00<00:02, 18.73it/s, Saved at =inf, TrLoss=0.4683]
 Training FV-otc-s6-t2:   8%|▊         | 4/50 [00:00<00:02, 19.01it/s, Saved at =inf, TrLoss=0.4683]
 Training FV-otc-s6-t2:   8%|▊         | 4/50 [00:00<00:02, 19.01it/s, Saved at =inf, TrLoss=0.3676]
 Training FV-otc-s6-t2:   8%|▊         | 4/50 [00:00<00:02, 19.01it/s, Saved at =inf, TrLoss=0.3404]
 Training FV-otc-s6-t2:  12%|█▏        | 6/50 [00:00<00:02, 19.04it/s, Saved at =inf, TrLoss=0.3404]
 Training FV-otc-s6-t2:  12%|█▏        | 6/50 [00:00<00:02, 19.04it/s, Saved at =inf, TrLoss=0.2869]
 Training FV-otc-s6-t2:  12%|█▏        | 6/50 [00:00<00:02, 19.04it/s, Saved at =inf, TrLoss=0.2704]
 Training FV-otc-s6-t2:  16%|█▌        | 8/50 [00:00<00:02, 19.08it/s, Saved at =inf, TrLoss=0.2704]
 Training FV-otc-s6-t2:  16%|█▌        | 8/50 [00:00<00:02, 19.08it/s, Saved at =inf, TrLoss=0.2762]
 Training FV-otc-s6-t2:  16%|█▌        | 8/50 [00:00<00:02, 19.08it/s, Saved at =inf, TrLoss=0.2415]
 Training FV-otc-s6-t2:  20%|██        | 10/50 [00:00<00:02, 19.06it/s, Saved at =inf, TrLoss=0.2415]
 Training FV-otc-s6-t2:  20%|██        | 10/50 [00:00<00:02, 19.06it/s, Saved at =inf, TrLoss=0.2521]
 Training FV-otc-s6-t2:  20%|██        | 10/50 [00:00<00:02, 19.06it/s, Saved at =inf, TrLoss=0.2103]
 Training FV-otc-s6-t2:  24%|██▍       | 12/50 [00:00<00:01, 19.12it/s, Saved at =inf, TrLoss=0.2103]
 Training FV-otc-s6-t2:  24%|██▍       | 12/50 [00:00<00:01, 19.12it/s, Saved at =inf, TrLoss=0.2073]
 Training FV-otc-s6-t2:  24%|██▍       | 12/50 [00:00<00:01, 19.12it/s, Saved at =inf, TrLoss=0.2104]
 Training FV-otc-s6-t2:  28%|██▊       | 14/50 [00:00<00:01, 19.21it/s, Saved at =inf, TrLoss=0.2104]
 Training FV-otc-s6-t2:  28%|██▊       | 14/50 [00:00<00:01, 19.21it/s, Saved at =inf, TrLoss=0.1671]
 Training FV-otc-s6-t2:  28%|██▊       | 14/50 [00:00<00:01, 19.21it/s, Saved at =inf, TrLoss=0.1541]
 Training FV-otc-s6-t2:  32%|███▏      | 16/50 [00:00<00:01, 19.21it/s, Saved at =inf, TrLoss=0.1541]
 Training FV-otc-s6-t2:  32%|███▏      | 16/50 [00:00<00:01, 19.21it/s, Saved at =inf, TrLoss=0.1541]
 Training FV-otc-s6-t2:  32%|███▏      | 16/50 [00:00<00:01, 19.21it/s, Saved at =inf, TrLoss=0.1553]
 Training FV-otc-s6-t2:  36%|███▌      | 18/50 [00:00<00:01, 18.22it/s, Saved at =inf, TrLoss=0.1553]
 Training FV-otc-s6-t2:  36%|███▌      | 18/50 [00:00<00:01, 18.22it/s, Saved at =inf, TrLoss=0.1525]
 Training FV-otc-s6-t2:  36%|███▌      | 18/50 [00:01<00:01, 18.22it/s, Saved at =inf, TrLoss=0.1404]
 Training FV-otc-s6-t2:  40%|████      | 20/50 [00:01<00:01, 18.67it/s, Saved at =inf, TrLoss=0.1404]
 Training FV-otc-s6-t2:  40%|████      | 20/50 [00:01<00:01, 18.67it/s, Saved at =inf, TrLoss=0.1303]
 Training FV-otc-s6-t2:  40%|████      | 20/50 [00:01<00:01, 18.67it/s, Saved at =inf, TrLoss=0.1439]
 Training FV-otc-s6-t2:  44%|████▍     | 22/50 [00:01<00:01, 18.93it/s, Saved at =inf, TrLoss=0.1439]
 Training FV-otc-s6-t2:  44%|████▍     | 22/50 [00:01<00:01, 18.93it/s, Saved at =inf, TrLoss=0.1270]
 Training FV-otc-s6-t2:  44%|████▍     | 22/50 [00:01<00:01, 18.93it/s, Saved at =inf, TrLoss=0.1288]
 Training FV-otc-s6-t2:  48%|████▊     | 24/50 [00:01<00:01, 19.20it/s, Saved at =inf, TrLoss=0.1288]
 Training FV-otc-s6-t2:  48%|████▊     | 24/50 [00:01<00:01, 19.20it/s, Saved at =inf, TrLoss=0.1242]
 Training FV-otc-s6-t2:  48%|████▊     | 24/50 [00:01<00:01, 19.20it/s, Saved at =inf, TrLoss=0.1150]
 Training FV-otc-s6-t2:  52%|█████▏    | 26/50 [00:01<00:01, 19.34it/s, Saved at =inf, TrLoss=0.1150]
 Training FV-otc-s6-t2:  52%|█████▏    | 26/50 [00:01<00:01, 19.34it/s, Saved at =inf, TrLoss=0.1327]
 Training FV-otc-s6-t2:  52%|█████▏    | 26/50 [00:01<00:01, 19.34it/s, Saved at =inf, TrLoss=0.1266]
 Training FV-otc-s6-t2:  56%|█████▌    | 28/50 [00:01<00:01, 19.49it/s, Saved at =inf, TrLoss=0.1266]
 Training FV-otc-s6-t2:  56%|█████▌    | 28/50 [00:01<00:01, 19.49it/s, Saved at =inf, TrLoss=0.1148]
 Training FV-otc-s6-t2:  56%|█████▌    | 28/50 [00:01<00:01, 19.49it/s, Saved at =inf, TrLoss=0.1575]
 Training FV-otc-s6-t2:  60%|██████    | 30/50 [00:01<00:01, 19.58it/s, Saved at =inf, TrLoss=0.1575]
 Training FV-otc-s6-t2:  60%|██████    | 30/50 [00:01<00:01, 19.58it/s, Saved at =inf, TrLoss=0.1086]
 Training FV-otc-s6-t2:  60%|██████    | 30/50 [00:01<00:01, 19.58it/s, Saved at =inf, TrLoss=0.1276]
 Training FV-otc-s6-t2:  64%|██████▍   | 32/50 [00:01<00:00, 19.46it/s, Saved at =inf, TrLoss=0.1276]
 Training FV-otc-s6-t2:  64%|██████▍   | 32/50 [00:01<00:00, 19.46it/s, Saved at =inf, TrLoss=0.1265]
 Training FV-otc-s6-t2:  64%|██████▍   | 32/50 [00:01<00:00, 19.46it/s, Saved at =inf, TrLoss=0.1022]
 Training FV-otc-s6-t2:  68%|██████▊   | 34/50 [00:01<00:00, 18.97it/s, Saved at =inf, TrLoss=0.1022]
 Training FV-otc-s6-t2:  68%|██████▊   | 34/50 [00:01<00:00, 18.97it/s, Saved at =inf, TrLoss=0.0976]
 Training FV-otc-s6-t2:  68%|██████▊   | 34/50 [00:01<00:00, 18.97it/s, Saved at =inf, TrLoss=0.1057]
 Training FV-otc-s6-t2:  72%|███████▏  | 36/50 [00:01<00:00, 18.98it/s, Saved at =inf, TrLoss=0.1057]
 Training FV-otc-s6-t2:  72%|███████▏  | 36/50 [00:01<00:00, 18.98it/s, Saved at =inf, TrLoss=0.1158]
 Training FV-otc-s6-t2:  72%|███████▏  | 36/50 [00:01<00:00, 18.98it/s, Saved at =inf, TrLoss=0.1348]
 Training FV-otc-s6-t2:  76%|███████▌  | 38/50 [00:01<00:00, 19.17it/s, Saved at =inf, TrLoss=0.1348]
 Training FV-otc-s6-t2:  76%|███████▌  | 38/50 [00:02<00:00, 19.17it/s, Saved at =inf, TrLoss=0.1270]
 Training FV-otc-s6-t2:  76%|███████▌  | 38/50 [00:02<00:00, 19.17it/s, Saved at =inf, TrLoss=0.1054]
 Training FV-otc-s6-t2:  80%|████████  | 40/50 [00:02<00:00, 19.17it/s, Saved at =inf, TrLoss=0.1054]
 Training FV-otc-s6-t2:  80%|████████  | 40/50 [00:02<00:00, 19.17it/s, Saved at =inf, TrLoss=0.1357]
 Training FV-otc-s6-t2:  80%|████████  | 40/50 [00:02<00:00, 19.17it/s, Saved at =inf, TrLoss=0.0956]
 Training FV-otc-s6-t2:  84%|████████▍ | 42/50 [00:02<00:00, 19.24it/s, Saved at =inf, TrLoss=0.0956]
 Training FV-otc-s6-t2:  84%|████████▍ | 42/50 [00:02<00:00, 19.24it/s, Saved at =inf, TrLoss=0.0961]
 Training FV-otc-s6-t2:  84%|████████▍ | 42/50 [00:02<00:00, 19.24it/s, Saved at =inf, TrLoss=0.1103]
 Training FV-otc-s6-t2:  84%|████████▍ | 42/50 [00:02<00:00, 19.24it/s, Saved at =inf, TrLoss=0.0875]
 Training FV-otc-s6-t2:  90%|█████████ | 45/50 [00:02<00:00, 19.69it/s, Saved at =inf, TrLoss=0.0875]
 Training FV-otc-s6-t2:  90%|█████████ | 45/50 [00:02<00:00, 19.69it/s, Saved at =inf, TrLoss=0.1043]
 Training FV-otc-s6-t2:  90%|█████████ | 45/50 [00:02<00:00, 19.69it/s, Saved at =inf, TrLoss=0.1027]
 Training FV-otc-s6-t2:  90%|█████████ | 45/50 [00:02<00:00, 19.69it/s, Saved at =inf, TrLoss=0.1179]
 Training FV-otc-s6-t2:  96%|█████████▌| 48/50 [00:02<00:00, 19.86it/s, Saved at =inf, TrLoss=0.1179]
 Training FV-otc-s6-t2:  96%|█████████▌| 48/50 [00:02<00:00, 19.86it/s, Saved at =inf, TrLoss=0.1382]
 Training FV-otc-s6-t2:  96%|█████████▌| 48/50 [00:02<00:00, 19.86it/s, Saved at =inf, TrLoss=0.0831]
 Training FV-otc-s6-t2: 100%|██████████| 50/50 [00:02<00:00, 19.30it/s, Saved at =inf, TrLoss=0.0831]

 Training FV-otc-s6-t3:   0%|          | 0/50 [00:00<?, ?it/s]
 Training FV-otc-s6-t3:   0%|          | 0/50 [00:00<?, ?it/s, Saved at =inf, TrLoss=0.6763]
 Training FV-otc-s6-t3:   0%|          | 0/50 [00:00<?, ?it/s, Saved at =inf, TrLoss=0.5226]
 Training FV-otc-s6-t3:   4%|▍         | 2/50 [00:00<00:03, 14.22it/s, Saved at =inf, TrLoss=0.5226]
 Training FV-otc-s6-t3:   4%|▍         | 2/50 [00:00<00:03, 14.22it/s, Saved at =inf, TrLoss=0.9812]
 Training FV-otc-s6-t3:   4%|▍         | 2/50 [00:00<00:03, 14.22it/s, Saved at =inf, TrLoss=0.4049]
 Training FV-otc-s6-t3:   8%|▊         | 4/50 [00:00<00:03, 14.41it/s, Saved at =inf, TrLoss=0.4049]
 Training FV-otc-s6-t3:   8%|▊         | 4/50 [00:00<00:03, 14.41it/s, Saved at =inf, TrLoss=0.3703]
 Training FV-otc-s6-t3:   8%|▊         | 4/50 [00:00<00:03, 14.41it/s, Saved at =inf, TrLoss=0.3697]
 Training FV-otc-s6-t3:  12%|█▏        | 6/50 [00:00<00:03, 14.41it/s, Saved at =inf, TrLoss=0.3697]
 Training FV-otc-s6-t3:  12%|█▏        | 6/50 [00:00<00:03, 14.41it/s, Saved at =inf, TrLoss=0.3021]
 Training FV-otc-s6-t3:  12%|█▏        | 6/50 [00:00<00:03, 14.41it/s, Saved at =inf, TrLoss=0.3217]
 Training FV-otc-s6-t3:  16%|█▌        | 8/50 [00:00<00:02, 14.46it/s, Saved at =inf, TrLoss=0.3217]
 Training FV-otc-s6-t3:  16%|█▌        | 8/50 [00:00<00:02, 14.46it/s, Saved at =inf, TrLoss=0.2694]
 Training FV-otc-s6-t3:  16%|█▌        | 8/50 [00:00<00:02, 14.46it/s, Saved at =inf, TrLoss=0.2532]
 Training FV-otc-s6-t3:  20%|██        | 10/50 [00:00<00:02, 14.36it/s, Saved at =inf, TrLoss=0.2532]
 Training FV-otc-s6-t3:  20%|██        | 10/50 [00:00<00:02, 14.36it/s, Saved at =inf, TrLoss=0.2374]
 Training FV-otc-s6-t3:  20%|██        | 10/50 [00:00<00:02, 14.36it/s, Saved at =inf, TrLoss=0.2156]
 Training FV-otc-s6-t3:  24%|██▍       | 12/50 [00:00<00:02, 14.41it/s, Saved at =inf, TrLoss=0.2156]
 Training FV-otc-s6-t3:  24%|██▍       | 12/50 [00:00<00:02, 14.41it/s, Saved at =inf, TrLoss=0.1895]
 Training FV-otc-s6-t3:  24%|██▍       | 12/50 [00:00<00:02, 14.41it/s, Saved at =inf, TrLoss=0.2212]
 Training FV-otc-s6-t3:  28%|██▊       | 14/50 [00:00<00:02, 14.38it/s, Saved at =inf, TrLoss=0.2212]
 Training FV-otc-s6-t3:  28%|██▊       | 14/50 [00:01<00:02, 14.38it/s, Saved at =inf, TrLoss=0.1860]
 Training FV-otc-s6-t3:  28%|██▊       | 14/50 [00:01<00:02, 14.38it/s, Saved at =inf, TrLoss=0.1676]
 Training FV-otc-s6-t3:  32%|███▏      | 16/50 [00:01<00:02, 14.42it/s, Saved at =inf, TrLoss=0.1676]
 Training FV-otc-s6-t3:  32%|███▏      | 16/50 [00:01<00:02, 14.42it/s, Saved at =inf, TrLoss=0.1650]
 Training FV-otc-s6-t3:  32%|███▏      | 16/50 [00:01<00:02, 14.42it/s, Saved at =inf, TrLoss=0.1679]
 Training FV-otc-s6-t3:  36%|███▌      | 18/50 [00:01<00:02, 13.84it/s, Saved at =inf, TrLoss=0.1679]
 Training FV-otc-s6-t3:  36%|███▌      | 18/50 [00:01<00:02, 13.84it/s, Saved at =inf, TrLoss=0.1775]
 Training FV-otc-s6-t3:  36%|███▌      | 18/50 [00:01<00:02, 13.84it/s, Saved at =inf, TrLoss=0.1590]
 Training FV-otc-s6-t3:  40%|████      | 20/50 [00:01<00:02, 13.35it/s, Saved at =inf, TrLoss=0.1590]
 Training FV-otc-s6-t3:  40%|████      | 20/50 [00:01<00:02, 13.35it/s, Saved at =inf, TrLoss=0.1516]
 Training FV-otc-s6-t3:  40%|████      | 20/50 [00:01<00:02, 13.35it/s, Saved at =inf, TrLoss=0.1688]
 Training FV-otc-s6-t3:  44%|████▍     | 22/50 [00:01<00:02, 13.63it/s, Saved at =inf, TrLoss=0.1688]
 Training FV-otc-s6-t3:  44%|████▍     | 22/50 [00:01<00:02, 13.63it/s, Saved at =inf, TrLoss=0.1466]
 Training FV-otc-s6-t3:  44%|████▍     | 22/50 [00:01<00:02, 13.63it/s, Saved at =inf, TrLoss=0.1497]
 Training FV-otc-s6-t3:  48%|████▊     | 24/50 [00:01<00:01, 13.87it/s, Saved at =inf, TrLoss=0.1497]
 Training FV-otc-s6-t3:  48%|████▊     | 24/50 [00:01<00:01, 13.87it/s, Saved at =inf, TrLoss=0.1386]
 Training FV-otc-s6-t3:  48%|████▊     | 24/50 [00:01<00:01, 13.87it/s, Saved at =inf, TrLoss=0.1444]
 Training FV-otc-s6-t3:  52%|█████▏    | 26/50 [00:01<00:01, 14.09it/s, Saved at =inf, TrLoss=0.1444]
 Training FV-otc-s6-t3:  52%|█████▏    | 26/50 [00:01<00:01, 14.09it/s, Saved at =inf, TrLoss=0.1552]
 Training FV-otc-s6-t3:  52%|█████▏    | 26/50 [00:01<00:01, 14.09it/s, Saved at =inf, TrLoss=0.1375]
 Training FV-otc-s6-t3:  56%|█████▌    | 28/50 [00:01<00:01, 14.26it/s, Saved at =inf, TrLoss=0.1375]
 Training FV-otc-s6-t3:  56%|█████▌    | 28/50 [00:02<00:01, 14.26it/s, Saved at =inf, TrLoss=0.1426]
 Training FV-otc-s6-t3:  56%|█████▌    | 28/50 [00:02<00:01, 14.26it/s, Saved at =inf, TrLoss=0.1423]
 Training FV-otc-s6-t3:  60%|██████    | 30/50 [00:02<00:01, 14.30it/s, Saved at =inf, TrLoss=0.1423]
 Training FV-otc-s6-t3:  60%|██████    | 30/50 [00:02<00:01, 14.30it/s, Saved at =inf, TrLoss=0.1346]
 Training FV-otc-s6-t3:  60%|██████    | 30/50 [00:02<00:01, 14.30it/s, Saved at =inf, TrLoss=0.1476]
 Training FV-otc-s6-t3:  64%|██████▍   | 32/50 [00:02<00:01, 14.40it/s, Saved at =inf, TrLoss=0.1476]
 Training FV-otc-s6-t3:  64%|██████▍   | 32/50 [00:02<00:01, 14.40it/s, Saved at =inf, TrLoss=0.1304]
 Training FV-otc-s6-t3:  64%|██████▍   | 32/50 [00:02<00:01, 14.40it/s, Saved at =inf, TrLoss=0.1467]
 Training FV-otc-s6-t3:  68%|██████▊   | 34/50 [00:02<00:01, 14.36it/s, Saved at =inf, TrLoss=0.1467]
 Training FV-otc-s6-t3:  68%|██████▊   | 34/50 [00:02<00:01, 14.36it/s, Saved at =inf, TrLoss=0.1317]
 Training FV-otc-s6-t3:  68%|██████▊   | 34/50 [00:02<00:01, 14.36it/s, Saved at =inf, TrLoss=0.1264]
 Training FV-otc-s6-t3:  72%|███████▏  | 36/50 [00:02<00:01, 13.15it/s, Saved at =inf, TrLoss=0.1264]
 Training FV-otc-s6-t3:  72%|███████▏  | 36/50 [00:02<00:01, 13.15it/s, Saved at =inf, TrLoss=0.1140]
 Training FV-otc-s6-t3:  72%|███████▏  | 36/50 [00:02<00:01, 13.15it/s, Saved at =inf, TrLoss=0.1273]
 Training FV-otc-s6-t3:  76%|███████▌  | 38/50 [00:02<00:00, 13.53it/s, Saved at =inf, TrLoss=0.1273]
 Training FV-otc-s6-t3:  76%|███████▌  | 38/50 [00:02<00:00, 13.53it/s, Saved at =inf, TrLoss=0.1143]
 Training FV-otc-s6-t3:  76%|███████▌  | 38/50 [00:02<00:00, 13.53it/s, Saved at =inf, TrLoss=0.1237]
 Training FV-otc-s6-t3:  80%|████████  | 40/50 [00:02<00:00, 13.81it/s, Saved at =inf, TrLoss=0.1237]
 Training FV-otc-s6-t3:  80%|████████  | 40/50 [00:02<00:00, 13.81it/s, Saved at =inf, TrLoss=0.1211]
 Training FV-otc-s6-t3:  80%|████████  | 40/50 [00:02<00:00, 13.81it/s, Saved at =inf, TrLoss=0.1030]
 Training FV-otc-s6-t3:  84%|████████▍ | 42/50 [00:02<00:00, 14.01it/s, Saved at =inf, TrLoss=0.1030]
 Training FV-otc-s6-t3:  84%|████████▍ | 42/50 [00:03<00:00, 14.01it/s, Saved at =inf, TrLoss=0.1018]
 Training FV-otc-s6-t3:  84%|████████▍ | 42/50 [00:03<00:00, 14.01it/s, Saved at =inf, TrLoss=0.1237]
 Training FV-otc-s6-t3:  88%|████████▊ | 44/50 [00:03<00:00, 14.19it/s, Saved at =inf, TrLoss=0.1237]
 Training FV-otc-s6-t3:  88%|████████▊ | 44/50 [00:03<00:00, 14.19it/s, Saved at =inf, TrLoss=0.1002]
 Training FV-otc-s6-t3:  88%|████████▊ | 44/50 [00:03<00:00, 14.19it/s, Saved at =inf, TrLoss=0.1006]
 Training FV-otc-s6-t3:  92%|█████████▏| 46/50 [00:03<00:00, 14.34it/s, Saved at =inf, TrLoss=0.1006]
 Training FV-otc-s6-t3:  92%|█████████▏| 46/50 [00:03<00:00, 14.34it/s, Saved at =inf, TrLoss=0.1053]
 Training FV-otc-s6-t3:  92%|█████████▏| 46/50 [00:03<00:00, 14.34it/s, Saved at =inf, TrLoss=0.1141]
 Training FV-otc-s6-t3:  96%|█████████▌| 48/50 [00:03<00:00, 14.39it/s, Saved at =inf, TrLoss=0.1141]
 Training FV-otc-s6-t3:  96%|█████████▌| 48/50 [00:03<00:00, 14.39it/s, Saved at =inf, TrLoss=0.1102]
 Training FV-otc-s6-t3:  96%|█████████▌| 48/50 [00:03<00:00, 14.39it/s, Saved at =inf, TrLoss=0.0930]
 Training FV-otc-s6-t3: 100%|██████████| 50/50 [00:03<00:00, 14.44it/s, Saved at =inf, TrLoss=0.0930]
 Training FV-otc-s6-t3: 100%|██████████| 50/50 [00:03<00:00, 14.12it/s, Saved at =inf, TrLoss=0.0930]

 Training FV-otc-s6-t4:   0%|          | 0/50 [00:00<?, ?it/s]
 Training FV-otc-s6-t4:   0%|          | 0/50 [00:00<?, ?it/s, Saved at =inf, TrLoss=0.8055]
 Training FV-otc-s6-t4:   0%|          | 0/50 [00:00<?, ?it/s, Saved at =inf, TrLoss=1.3706]
 Training FV-otc-s6-t4:   4%|▍         | 2/50 [00:00<00:04, 11.08it/s, Saved at =inf, TrLoss=1.3706]
 Training FV-otc-s6-t4:   4%|▍         | 2/50 [00:00<00:04, 11.08it/s, Saved at =inf, TrLoss=0.5601]
 Training FV-otc-s6-t4:   4%|▍         | 2/50 [00:00<00:04, 11.08it/s, Saved at =inf, TrLoss=0.5361]
 Training FV-otc-s6-t4:   8%|▊         | 4/50 [00:00<00:04, 10.62it/s, Saved at =inf, TrLoss=0.5361]
 Training FV-otc-s6-t4:   8%|▊         | 4/50 [00:00<00:04, 10.62it/s, Saved at =inf, TrLoss=0.5299]
 Training FV-otc-s6-t4:   8%|▊         | 4/50 [00:00<00:04, 10.62it/s, Saved at =inf, TrLoss=0.4143]
 Training FV-otc-s6-t4:  12%|█▏        | 6/50 [00:00<00:04, 10.92it/s, Saved at =inf, TrLoss=0.4143]
 Training FV-otc-s6-t4:  12%|█▏        | 6/50 [00:00<00:04, 10.92it/s, Saved at =inf, TrLoss=0.3876]
 Training FV-otc-s6-t4:  12%|█▏        | 6/50 [00:00<00:04, 10.92it/s, Saved at =inf, TrLoss=0.3859]
 Training FV-otc-s6-t4:  16%|█▌        | 8/50 [00:00<00:03, 11.07it/s, Saved at =inf, TrLoss=0.3859]
 Training FV-otc-s6-t4:  16%|█▌        | 8/50 [00:00<00:03, 11.07it/s, Saved at =inf, TrLoss=0.3571]
 Training FV-otc-s6-t4:  16%|█▌        | 8/50 [00:00<00:03, 11.07it/s, Saved at =inf, TrLoss=0.3228]
 Training FV-otc-s6-t4:  20%|██        | 10/50 [00:01<00:04,  8.51it/s, Saved at =inf, TrLoss=0.3228]
 Training FV-otc-s6-t4:  20%|██        | 10/50 [00:01<00:04,  8.51it/s, Saved at =inf, TrLoss=0.3114]
 Training FV-otc-s6-t4:  20%|██        | 10/50 [00:01<00:04,  8.51it/s, Saved at =inf, TrLoss=0.3105]
 Training FV-otc-s6-t4:  24%|██▍       | 12/50 [00:01<00:04,  9.29it/s, Saved at =inf, TrLoss=0.3105]
 Training FV-otc-s6-t4:  24%|██▍       | 12/50 [00:01<00:04,  9.29it/s, Saved at =inf, TrLoss=0.3007]
 Training FV-otc-s6-t4:  26%|██▌       | 13/50 [00:01<00:03,  9.40it/s, Saved at =inf, TrLoss=0.3007]
 Training FV-otc-s6-t4:  26%|██▌       | 13/50 [00:01<00:03,  9.40it/s, Saved at =inf, TrLoss=0.2928]
 Training FV-otc-s6-t4:  26%|██▌       | 13/50 [00:01<00:03,  9.40it/s, Saved at =inf, TrLoss=0.2622]
 Training FV-otc-s6-t4:  30%|███       | 15/50 [00:01<00:03,  9.50it/s, Saved at =inf, TrLoss=0.2622]
 Training FV-otc-s6-t4:  30%|███       | 15/50 [00:01<00:03,  9.50it/s, Saved at =inf, TrLoss=0.2616]
 Training FV-otc-s6-t4:  30%|███       | 15/50 [00:01<00:03,  9.50it/s, Saved at =inf, TrLoss=0.2711]
 Training FV-otc-s6-t4:  34%|███▍      | 17/50 [00:01<00:03, 10.07it/s, Saved at =inf, TrLoss=0.2711]
 Training FV-otc-s6-t4:  34%|███▍      | 17/50 [00:01<00:03, 10.07it/s, Saved at =inf, TrLoss=0.2511]
 Training FV-otc-s6-t4:  34%|███▍      | 17/50 [00:01<00:03, 10.07it/s, Saved at =inf, TrLoss=0.2239]
 Training FV-otc-s6-t4:  38%|███▊      | 19/50 [00:01<00:02, 10.47it/s, Saved at =inf, TrLoss=0.2239]
 Training FV-otc-s6-t4:  38%|███▊      | 19/50 [00:01<00:02, 10.47it/s, Saved at =inf, TrLoss=0.2231]
 Training FV-otc-s6-t4:  38%|███▊      | 19/50 [00:02<00:02, 10.47it/s, Saved at =inf, TrLoss=0.2196]
 Training FV-otc-s6-t4:  42%|████▏     | 21/50 [00:02<00:02, 10.47it/s, Saved at =inf, TrLoss=0.2196]
 Training FV-otc-s6-t4:  42%|████▏     | 21/50 [00:02<00:02, 10.47it/s, Saved at =inf, TrLoss=0.2264]
 Training FV-otc-s6-t4:  42%|████▏     | 21/50 [00:02<00:02, 10.47it/s, Saved at =inf, TrLoss=0.2047]
 Training FV-otc-s6-t4:  46%|████▌     | 23/50 [00:02<00:02, 10.07it/s, Saved at =inf, TrLoss=0.2047]
 Training FV-otc-s6-t4:  46%|████▌     | 23/50 [00:02<00:02, 10.07it/s, Saved at =inf, TrLoss=0.2007]
 Training FV-otc-s6-t4:  46%|████▌     | 23/50 [00:02<00:02, 10.07it/s, Saved at =inf, TrLoss=0.1961]
 Training FV-otc-s6-t4:  50%|█████     | 25/50 [00:02<00:02,  8.46it/s, Saved at =inf, TrLoss=0.1961]
 Training FV-otc-s6-t4:  50%|█████     | 25/50 [00:02<00:02,  8.46it/s, Saved at =inf, TrLoss=0.1928]
 Training FV-otc-s6-t4:  52%|█████▏    | 26/50 [00:02<00:02,  8.50it/s, Saved at =inf, TrLoss=0.1928]
 Training FV-otc-s6-t4:  52%|█████▏    | 26/50 [00:02<00:02,  8.50it/s, Saved at =inf, TrLoss=0.1972]
 Training FV-otc-s6-t4:  52%|█████▏    | 26/50 [00:02<00:02,  8.50it/s, Saved at =inf, TrLoss=0.1871]
 Training FV-otc-s6-t4:  56%|█████▌    | 28/50 [00:02<00:02,  9.28it/s, Saved at =inf, TrLoss=0.1871]
 Training FV-otc-s6-t4:  56%|█████▌    | 28/50 [00:02<00:02,  9.28it/s, Saved at =inf, TrLoss=0.1845]
 Training FV-otc-s6-t4:  56%|█████▌    | 28/50 [00:03<00:02,  9.28it/s, Saved at =inf, TrLoss=0.1800]
 Training FV-otc-s6-t4:  60%|██████    | 30/50 [00:03<00:02,  9.87it/s, Saved at =inf, TrLoss=0.1800]
 Training FV-otc-s6-t4:  60%|██████    | 30/50 [00:03<00:02,  9.87it/s, Saved at =inf, TrLoss=0.1748]
 Training FV-otc-s6-t4:  60%|██████    | 30/50 [00:03<00:02,  9.87it/s, Saved at =inf, TrLoss=0.1700]
 Training FV-otc-s6-t4:  64%|██████▍   | 32/50 [00:03<00:01, 10.28it/s, Saved at =inf, TrLoss=0.1700]
 Training FV-otc-s6-t4:  64%|██████▍   | 32/50 [00:03<00:01, 10.28it/s, Saved at =inf, TrLoss=0.1674]
 Training FV-otc-s6-t4:  64%|██████▍   | 32/50 [00:03<00:01, 10.28it/s, Saved at =inf, TrLoss=0.1722]
 Training FV-otc-s6-t4:  68%|██████▊   | 34/50 [00:03<00:01, 10.59it/s, Saved at =inf, TrLoss=0.1722]
 Training FV-otc-s6-t4:  68%|██████▊   | 34/50 [00:03<00:01, 10.59it/s, Saved at =inf, TrLoss=0.1695]
 Training FV-otc-s6-t4:  68%|██████▊   | 34/50 [00:03<00:01, 10.59it/s, Saved at =inf, TrLoss=0.1591]
 Training FV-otc-s6-t4:  72%|███████▏  | 36/50 [00:03<00:01, 10.78it/s, Saved at =inf, TrLoss=0.1591]
 Training FV-otc-s6-t4:  72%|███████▏  | 36/50 [00:03<00:01, 10.78it/s, Saved at =inf, TrLoss=0.1602]
 Training FV-otc-s6-t4:  72%|███████▏  | 36/50 [00:03<00:01, 10.78it/s, Saved at =inf, TrLoss=0.1548]
 Training FV-otc-s6-t4:  76%|███████▌  | 38/50 [00:03<00:01,  9.55it/s, Saved at =inf, TrLoss=0.1548]
 Training FV-otc-s6-t4:  76%|███████▌  | 38/50 [00:03<00:01,  9.55it/s, Saved at =inf, TrLoss=0.1515]
 Training FV-otc-s6-t4:  76%|███████▌  | 38/50 [00:04<00:01,  9.55it/s, Saved at =inf, TrLoss=0.1551]
 Training FV-otc-s6-t4:  80%|████████  | 40/50 [00:04<00:01,  9.88it/s, Saved at =inf, TrLoss=0.1551]
 Training FV-otc-s6-t4:  80%|████████  | 40/50 [00:04<00:01,  9.88it/s, Saved at =inf, TrLoss=0.1560]
 Training FV-otc-s6-t4:  80%|████████  | 40/50 [00:04<00:01,  9.88it/s, Saved at =inf, TrLoss=0.1551]
 Training FV-otc-s6-t4:  84%|████████▍ | 42/50 [00:04<00:00,  9.97it/s, Saved at =inf, TrLoss=0.1551]
 Training FV-otc-s6-t4:  84%|████████▍ | 42/50 [00:04<00:00,  9.97it/s, Saved at =inf, TrLoss=0.1485]
 Training FV-otc-s6-t4:  84%|████████▍ | 42/50 [00:04<00:00,  9.97it/s, Saved at =inf, TrLoss=0.1601]
 Training FV-otc-s6-t4:  88%|████████▊ | 44/50 [00:04<00:00, 10.12it/s, Saved at =inf, TrLoss=0.1601]
 Training FV-otc-s6-t4:  88%|████████▊ | 44/50 [00:04<00:00, 10.12it/s, Saved at =inf, TrLoss=0.1492]
 Training FV-otc-s6-t4:  88%|████████▊ | 44/50 [00:04<00:00, 10.12it/s, Saved at =inf, TrLoss=0.1468]
 Training FV-otc-s6-t4:  92%|█████████▏| 46/50 [00:04<00:00, 10.41it/s, Saved at =inf, TrLoss=0.1468]
 Training FV-otc-s6-t4:  92%|█████████▏| 46/50 [00:04<00:00, 10.41it/s, Saved at =inf, TrLoss=0.1460]
 Training FV-otc-s6-t4:  92%|█████████▏| 46/50 [00:04<00:00, 10.41it/s, Saved at =inf, TrLoss=0.1545]
 Training FV-otc-s6-t4:  96%|█████████▌| 48/50 [00:04<00:00, 10.55it/s, Saved at =inf, TrLoss=0.1545]
 Training FV-otc-s6-t4:  96%|█████████▌| 48/50 [00:04<00:00, 10.55it/s, Saved at =inf, TrLoss=0.1517]
 Training FV-otc-s6-t4:  96%|█████████▌| 48/50 [00:04<00:00, 10.55it/s, Saved at =inf, TrLoss=0.1410]
 Training FV-otc-s6-t4: 100%|██████████| 50/50 [00:05<00:00, 10.34it/s, Saved at =inf, TrLoss=0.1410]
 Training FV-otc-s6-t4: 100%|██████████| 50/50 [00:05<00:00,  9.95it/s, Saved at =inf, TrLoss=0.1410]

 Training FV-otc-s6-t5:   0%|          | 0/50 [00:00<?, ?it/s]
 Training FV-otc-s6-t5:   0%|          | 0/50 [00:00<?, ?it/s, Saved at =inf, TrLoss=0.7515]
 Training FV-otc-s6-t5:   2%|▏         | 1/50 [00:00<00:05,  8.24it/s, Saved at =inf, TrLoss=0.7515]
 Training FV-otc-s6-t5:   2%|▏         | 1/50 [00:00<00:05,  8.24it/s, Saved at =inf, TrLoss=1.6192]
 Training FV-otc-s6-t5:   4%|▍         | 2/50 [00:00<00:05,  8.71it/s, Saved at =inf, TrLoss=1.6192]
 Training FV-otc-s6-t5:   4%|▍         | 2/50 [00:00<00:05,  8.71it/s, Saved at =inf, TrLoss=0.6125]
 Training FV-otc-s6-t5:   6%|▌         | 3/50 [00:00<00:05,  8.88it/s, Saved at =inf, TrLoss=0.6125]
 Training FV-otc-s6-t5:   6%|▌         | 3/50 [00:00<00:05,  8.88it/s, Saved at =inf, TrLoss=0.4982]
 Training FV-otc-s6-t5:   8%|▊         | 4/50 [00:00<00:05,  8.97it/s, Saved at =inf, TrLoss=0.4982]
 Training FV-otc-s6-t5:   8%|▊         | 4/50 [00:00<00:05,  8.97it/s, Saved at =inf, TrLoss=0.5213]
 Training FV-otc-s6-t5:  10%|█         | 5/50 [00:00<00:04,  9.01it/s, Saved at =inf, TrLoss=0.5213]
 Training FV-otc-s6-t5:  10%|█         | 5/50 [00:00<00:04,  9.01it/s, Saved at =inf, TrLoss=0.4771]
 Training FV-otc-s6-t5:  12%|█▏        | 6/50 [00:00<00:05,  8.12it/s, Saved at =inf, TrLoss=0.4771]
 Training FV-otc-s6-t5:  12%|█▏        | 6/50 [00:00<00:05,  8.12it/s, Saved at =inf, TrLoss=0.4378]
 Training FV-otc-s6-t5:  14%|█▍        | 7/50 [00:00<00:06,  6.82it/s, Saved at =inf, TrLoss=0.4378]
 Training FV-otc-s6-t5:  14%|█▍        | 7/50 [00:01<00:06,  6.82it/s, Saved at =inf, TrLoss=0.4302]
 Training FV-otc-s6-t5:  16%|█▌        | 8/50 [00:01<00:07,  5.81it/s, Saved at =inf, TrLoss=0.4302]
 Training FV-otc-s6-t5:  16%|█▌        | 8/50 [00:01<00:07,  5.81it/s, Saved at =inf, TrLoss=0.3988]
 Training FV-otc-s6-t5:  18%|█▊        | 9/50 [00:01<00:06,  6.52it/s, Saved at =inf, TrLoss=0.3988]
 Training FV-otc-s6-t5:  18%|█▊        | 9/50 [00:01<00:06,  6.52it/s, Saved at =inf, TrLoss=0.3681]
 Training FV-otc-s6-t5:  20%|██        | 10/50 [00:01<00:05,  7.08it/s, Saved at =inf, TrLoss=0.3681]
 Training FV-otc-s6-t5:  20%|██        | 10/50 [00:01<00:05,  7.08it/s, Saved at =inf, TrLoss=0.3563]
 Training FV-otc-s6-t5:  22%|██▏       | 11/50 [00:01<00:05,  7.58it/s, Saved at =inf, TrLoss=0.3563]
 Training FV-otc-s6-t5:  22%|██▏       | 11/50 [00:01<00:05,  7.58it/s, Saved at =inf, TrLoss=0.3392]
 Training FV-otc-s6-t5:  24%|██▍       | 12/50 [00:01<00:04,  7.95it/s, Saved at =inf, TrLoss=0.3392]
 Training FV-otc-s6-t5:  24%|██▍       | 12/50 [00:01<00:04,  7.95it/s, Saved at =inf, TrLoss=0.3384]
 Training FV-otc-s6-t5:  26%|██▌       | 13/50 [00:01<00:04,  8.10it/s, Saved at =inf, TrLoss=0.3384]
 Training FV-otc-s6-t5:  26%|██▌       | 13/50 [00:01<00:04,  8.10it/s, Saved at =inf, TrLoss=0.3162]
 Training FV-otc-s6-t5:  28%|██▊       | 14/50 [00:01<00:04,  7.83it/s, Saved at =inf, TrLoss=0.3162]
 Training FV-otc-s6-t5:  28%|██▊       | 14/50 [00:01<00:04,  7.83it/s, Saved at =inf, TrLoss=0.3220]
 Training FV-otc-s6-t5:  30%|███       | 15/50 [00:01<00:04,  7.84it/s, Saved at =inf, TrLoss=0.3220]
 Training FV-otc-s6-t5:  30%|███       | 15/50 [00:02<00:04,  7.84it/s, Saved at =inf, TrLoss=0.2923]
 Training FV-otc-s6-t5:  32%|███▏      | 16/50 [00:02<00:04,  8.03it/s, Saved at =inf, TrLoss=0.2923]
 Training FV-otc-s6-t5:  32%|███▏      | 16/50 [00:02<00:04,  8.03it/s, Saved at =inf, TrLoss=0.3012]
 Training FV-otc-s6-t5:  34%|███▍      | 17/50 [00:02<00:03,  8.26it/s, Saved at =inf, TrLoss=0.3012]
 Training FV-otc-s6-t5:  34%|███▍      | 17/50 [00:02<00:03,  8.26it/s, Saved at =inf, TrLoss=0.2881]
 Training FV-otc-s6-t5:  36%|███▌      | 18/50 [00:02<00:03,  8.37it/s, Saved at =inf, TrLoss=0.2881]
 Training FV-otc-s6-t5:  36%|███▌      | 18/50 [00:02<00:03,  8.37it/s, Saved at =inf, TrLoss=0.2718]
 Training FV-otc-s6-t5:  38%|███▊      | 19/50 [00:02<00:03,  8.30it/s, Saved at =inf, TrLoss=0.2718]
 Training FV-otc-s6-t5:  38%|███▊      | 19/50 [00:02<00:03,  8.30it/s, Saved at =inf, TrLoss=0.2711]
 Training FV-otc-s6-t5:  40%|████      | 20/50 [00:02<00:03,  8.36it/s, Saved at =inf, TrLoss=0.2711]
 Training FV-otc-s6-t5:  40%|████      | 20/50 [00:02<00:03,  8.36it/s, Saved at =inf, TrLoss=0.2499]
 Training FV-otc-s6-t5:  42%|████▏     | 21/50 [00:02<00:03,  8.56it/s, Saved at =inf, TrLoss=0.2499]
 Training FV-otc-s6-t5:  42%|████▏     | 21/50 [00:02<00:03,  8.56it/s, Saved at =inf, TrLoss=0.2573]
 Training FV-otc-s6-t5:  44%|████▍     | 22/50 [00:02<00:03,  8.71it/s, Saved at =inf, TrLoss=0.2573]
 Training FV-otc-s6-t5:  44%|████▍     | 22/50 [00:02<00:03,  8.71it/s, Saved at =inf, TrLoss=0.2347]
 Training FV-otc-s6-t5:  46%|████▌     | 23/50 [00:02<00:03,  8.68it/s, Saved at =inf, TrLoss=0.2347]
 Training FV-otc-s6-t5:  46%|████▌     | 23/50 [00:02<00:03,  8.68it/s, Saved at =inf, TrLoss=0.2687]
 Training FV-otc-s6-t5:  48%|████▊     | 24/50 [00:02<00:02,  8.70it/s, Saved at =inf, TrLoss=0.2687]
 Training FV-otc-s6-t5:  48%|████▊     | 24/50 [00:03<00:02,  8.70it/s, Saved at =inf, TrLoss=0.2389]
 Training FV-otc-s6-t5:  50%|█████     | 25/50 [00:03<00:02,  8.82it/s, Saved at =inf, TrLoss=0.2389]
 Training FV-otc-s6-t5:  50%|█████     | 25/50 [00:03<00:02,  8.82it/s, Saved at =inf, TrLoss=0.2317]
 Training FV-otc-s6-t5:  52%|█████▏    | 26/50 [00:03<00:02,  8.90it/s, Saved at =inf, TrLoss=0.2317]
 Training FV-otc-s6-t5:  52%|█████▏    | 26/50 [00:03<00:02,  8.90it/s, Saved at =inf, TrLoss=0.2325]
 Training FV-otc-s6-t5:  54%|█████▍    | 27/50 [00:03<00:02,  8.97it/s, Saved at =inf, TrLoss=0.2325]
 Training FV-otc-s6-t5:  54%|█████▍    | 27/50 [00:03<00:02,  8.97it/s, Saved at =inf, TrLoss=0.2261]
 Training FV-otc-s6-t5:  56%|█████▌    | 28/50 [00:03<00:02,  9.04it/s, Saved at =inf, TrLoss=0.2261]
 Training FV-otc-s6-t5:  56%|█████▌    | 28/50 [00:03<00:02,  9.04it/s, Saved at =inf, TrLoss=0.2183]
 Training FV-otc-s6-t5:  58%|█████▊    | 29/50 [00:03<00:02,  9.07it/s, Saved at =inf, TrLoss=0.2183]
 Training FV-otc-s6-t5:  58%|█████▊    | 29/50 [00:03<00:02,  9.07it/s, Saved at =inf, TrLoss=0.2150]
 Training FV-otc-s6-t5:  60%|██████    | 30/50 [00:03<00:02,  9.09it/s, Saved at =inf, TrLoss=0.2150]
 Training FV-otc-s6-t5:  60%|██████    | 30/50 [00:03<00:02,  9.09it/s, Saved at =inf, TrLoss=0.2146]
 Training FV-otc-s6-t5:  62%|██████▏   | 31/50 [00:03<00:02,  9.12it/s, Saved at =inf, TrLoss=0.2146]
 Training FV-otc-s6-t5:  62%|██████▏   | 31/50 [00:03<00:02,  9.12it/s, Saved at =inf, TrLoss=0.2074]
 Training FV-otc-s6-t5:  64%|██████▍   | 32/50 [00:03<00:01,  9.14it/s, Saved at =inf, TrLoss=0.2074]
 Training FV-otc-s6-t5:  64%|██████▍   | 32/50 [00:03<00:01,  9.14it/s, Saved at =inf, TrLoss=0.2014]
 Training FV-otc-s6-t5:  66%|██████▌   | 33/50 [00:03<00:01,  9.12it/s, Saved at =inf, TrLoss=0.2014]
 Training FV-otc-s6-t5:  66%|██████▌   | 33/50 [00:04<00:01,  9.12it/s, Saved at =inf, TrLoss=0.1993]
 Training FV-otc-s6-t5:  68%|██████▊   | 34/50 [00:04<00:01,  9.12it/s, Saved at =inf, TrLoss=0.1993]
 Training FV-otc-s6-t5:  68%|██████▊   | 34/50 [00:04<00:01,  9.12it/s, Saved at =inf, TrLoss=0.1978]
 Training FV-otc-s6-t5:  70%|███████   | 35/50 [00:04<00:01,  9.09it/s, Saved at =inf, TrLoss=0.1978]
 Training FV-otc-s6-t5:  70%|███████   | 35/50 [00:04<00:01,  9.09it/s, Saved at =inf, TrLoss=0.1986]
 Training FV-otc-s6-t5:  72%|███████▏  | 36/50 [00:04<00:01,  9.08it/s, Saved at =inf, TrLoss=0.1986]
 Training FV-otc-s6-t5:  72%|███████▏  | 36/50 [00:04<00:01,  9.08it/s, Saved at =inf, TrLoss=0.1940]
 Training FV-otc-s6-t5:  74%|███████▍  | 37/50 [00:04<00:01,  7.01it/s, Saved at =inf, TrLoss=0.1940]
 Training FV-otc-s6-t5:  74%|███████▍  | 37/50 [00:04<00:01,  7.01it/s, Saved at =inf, TrLoss=0.1914]
 Training FV-otc-s6-t5:  76%|███████▌  | 38/50 [00:04<00:01,  7.51it/s, Saved at =inf, TrLoss=0.1914]
 Training FV-otc-s6-t5:  76%|███████▌  | 38/50 [00:04<00:01,  7.51it/s, Saved at =inf, TrLoss=0.1909]
 Training FV-otc-s6-t5:  78%|███████▊  | 39/50 [00:04<00:01,  7.30it/s, Saved at =inf, TrLoss=0.1909]
 Training FV-otc-s6-t5:  78%|███████▊  | 39/50 [00:04<00:01,  7.30it/s, Saved at =inf, TrLoss=0.1897]
 Training FV-otc-s6-t5:  80%|████████  | 40/50 [00:04<00:01,  7.77it/s, Saved at =inf, TrLoss=0.1897]
 Training FV-otc-s6-t5:  80%|████████  | 40/50 [00:04<00:01,  7.77it/s, Saved at =inf, TrLoss=0.1860]
 Training FV-otc-s6-t5:  82%|████████▏ | 41/50 [00:05<00:01,  8.14it/s, Saved at =inf, TrLoss=0.1860]
 Training FV-otc-s6-t5:  82%|████████▏ | 41/50 [00:05<00:01,  8.14it/s, Saved at =inf, TrLoss=0.1853]
 Training FV-otc-s6-t5:  84%|████████▍ | 42/50 [00:05<00:00,  8.41it/s, Saved at =inf, TrLoss=0.1853]
 Training FV-otc-s6-t5:  84%|████████▍ | 42/50 [00:05<00:00,  8.41it/s, Saved at =inf, TrLoss=0.1822]
 Training FV-otc-s6-t5:  86%|████████▌ | 43/50 [00:05<00:00,  8.62it/s, Saved at =inf, TrLoss=0.1822]
 Training FV-otc-s6-t5:  86%|████████▌ | 43/50 [00:05<00:00,  8.62it/s, Saved at =inf, TrLoss=0.1853]
 Training FV-otc-s6-t5:  88%|████████▊ | 44/50 [00:05<00:00,  8.78it/s, Saved at =inf, TrLoss=0.1853]
 Training FV-otc-s6-t5:  88%|████████▊ | 44/50 [00:05<00:00,  8.78it/s, Saved at =inf, TrLoss=0.1808]
 Training FV-otc-s6-t5:  90%|█████████ | 45/50 [00:05<00:00,  8.75it/s, Saved at =inf, TrLoss=0.1808]
 Training FV-otc-s6-t5:  90%|█████████ | 45/50 [00:05<00:00,  8.75it/s, Saved at =inf, TrLoss=0.1742]
 Training FV-otc-s6-t5:  92%|█████████▏| 46/50 [00:05<00:00,  8.68it/s, Saved at =inf, TrLoss=0.1742]
 Training FV-otc-s6-t5:  92%|█████████▏| 46/50 [00:05<00:00,  8.68it/s, Saved at =inf, TrLoss=0.1687]
 Training FV-otc-s6-t5:  94%|█████████▍| 47/50 [00:05<00:00,  7.67it/s, Saved at =inf, TrLoss=0.1687]
 Training FV-otc-s6-t5:  94%|█████████▍| 47/50 [00:05<00:00,  7.67it/s, Saved at =inf, TrLoss=0.1761]
 Training FV-otc-s6-t5:  96%|█████████▌| 48/50 [00:05<00:00,  7.96it/s, Saved at =inf, TrLoss=0.1761]
 Training FV-otc-s6-t5:  96%|█████████▌| 48/50 [00:05<00:00,  7.96it/s, Saved at =inf, TrLoss=0.1735]
 Training FV-otc-s6-t5:  98%|█████████▊| 49/50 [00:05<00:00,  8.25it/s, Saved at =inf, TrLoss=0.1735]
 Training FV-otc-s6-t5:  98%|█████████▊| 49/50 [00:06<00:00,  8.25it/s, Saved at =inf, TrLoss=0.1745]
 Training FV-otc-s6-t5: 100%|██████████| 50/50 [00:06<00:00,  8.49it/s, Saved at =inf, TrLoss=0.1745]
 Training FV-otc-s6-t5: 100%|██████████| 50/50 [00:06<00:00,  8.24it/s, Saved at =inf, TrLoss=0.1745]

 Training FV-otc-s6-t6:   0%|          | 0/50 [00:00<?, ?it/s]
 Training FV-otc-s6-t6:   0%|          | 0/50 [00:00<?, ?it/s, Saved at =inf, TrLoss=0.6480]
 Training FV-otc-s6-t6:   2%|▏         | 1/50 [00:00<00:08,  6.06it/s, Saved at =inf, TrLoss=0.6480]
 Training FV-otc-s6-t6:   2%|▏         | 1/50 [00:00<00:08,  6.06it/s, Saved at =inf, TrLoss=0.4345]
 Training FV-otc-s6-t6:   4%|▍         | 2/50 [00:00<00:07,  6.80it/s, Saved at =inf, TrLoss=0.4345]
 Training FV-otc-s6-t6:   4%|▍         | 2/50 [00:00<00:07,  6.80it/s, Saved at =inf, TrLoss=0.7317]
 Training FV-otc-s6-t6:   6%|▌         | 3/50 [00:00<00:06,  7.12it/s, Saved at =inf, TrLoss=0.7317]
 Training FV-otc-s6-t6:   6%|▌         | 3/50 [00:00<00:06,  7.12it/s, Saved at =inf, TrLoss=0.4834]
 Training FV-otc-s6-t6:   8%|▊         | 4/50 [00:00<00:06,  7.28it/s, Saved at =inf, TrLoss=0.4834]
 Training FV-otc-s6-t6:   8%|▊         | 4/50 [00:00<00:06,  7.28it/s, Saved at =inf, TrLoss=0.5229]
 Training FV-otc-s6-t6:  10%|█         | 5/50 [00:00<00:06,  7.32it/s, Saved at =inf, TrLoss=0.5229]
 Training FV-otc-s6-t6:  10%|█         | 5/50 [00:00<00:06,  7.32it/s, Saved at =inf, TrLoss=0.3918]
 Training FV-otc-s6-t6:  12%|█▏        | 6/50 [00:00<00:06,  7.28it/s, Saved at =inf, TrLoss=0.3918]
 Training FV-otc-s6-t6:  12%|█▏        | 6/50 [00:00<00:06,  7.28it/s, Saved at =inf, TrLoss=0.3881]
 Training FV-otc-s6-t6:  14%|█▍        | 7/50 [00:00<00:05,  7.30it/s, Saved at =inf, TrLoss=0.3881]
 Training FV-otc-s6-t6:  14%|█▍        | 7/50 [00:01<00:05,  7.30it/s, Saved at =inf, TrLoss=0.3989]
 Training FV-otc-s6-t6:  16%|█▌        | 8/50 [00:01<00:05,  7.37it/s, Saved at =inf, TrLoss=0.3989]
 Training FV-otc-s6-t6:  16%|█▌        | 8/50 [00:01<00:05,  7.37it/s, Saved at =inf, TrLoss=0.3652]
 Training FV-otc-s6-t6:  18%|█▊        | 9/50 [00:01<00:05,  7.43it/s, Saved at =inf, TrLoss=0.3652]
 Training FV-otc-s6-t6:  18%|█▊        | 9/50 [00:01<00:05,  7.43it/s, Saved at =inf, TrLoss=0.3486]
 Training FV-otc-s6-t6:  20%|██        | 10/50 [00:01<00:05,  7.46it/s, Saved at =inf, TrLoss=0.3486]
 Training FV-otc-s6-t6:  20%|██        | 10/50 [00:01<00:05,  7.46it/s, Saved at =inf, TrLoss=0.3483]
 Training FV-otc-s6-t6:  22%|██▏       | 11/50 [00:01<00:05,  7.49it/s, Saved at =inf, TrLoss=0.3483]
 Training FV-otc-s6-t6:  22%|██▏       | 11/50 [00:01<00:05,  7.49it/s, Saved at =inf, TrLoss=0.3364]
 Training FV-otc-s6-t6:  24%|██▍       | 12/50 [00:01<00:05,  7.28it/s, Saved at =inf, TrLoss=0.3364]
 Training FV-otc-s6-t6:  24%|██▍       | 12/50 [00:01<00:05,  7.28it/s, Saved at =inf, TrLoss=0.3235]
 Training FV-otc-s6-t6:  26%|██▌       | 13/50 [00:01<00:05,  7.22it/s, Saved at =inf, TrLoss=0.3235]
 Training FV-otc-s6-t6:  26%|██▌       | 13/50 [00:01<00:05,  7.22it/s, Saved at =inf, TrLoss=0.3034]
 Training FV-otc-s6-t6:  28%|██▊       | 14/50 [00:01<00:04,  7.26it/s, Saved at =inf, TrLoss=0.3034]
 Training FV-otc-s6-t6:  28%|██▊       | 14/50 [00:02<00:04,  7.26it/s, Saved at =inf, TrLoss=0.3029]
 Training FV-otc-s6-t6:  30%|███       | 15/50 [00:02<00:04,  7.35it/s, Saved at =inf, TrLoss=0.3029]
 Training FV-otc-s6-t6:  30%|███       | 15/50 [00:02<00:04,  7.35it/s, Saved at =inf, TrLoss=0.3017]
 Training FV-otc-s6-t6:  32%|███▏      | 16/50 [00:02<00:04,  7.40it/s, Saved at =inf, TrLoss=0.3017]
 Training FV-otc-s6-t6:  32%|███▏      | 16/50 [00:02<00:04,  7.40it/s, Saved at =inf, TrLoss=0.2861]
 Training FV-otc-s6-t6:  34%|███▍      | 17/50 [00:02<00:04,  7.46it/s, Saved at =inf, TrLoss=0.2861]
 Training FV-otc-s6-t6:  34%|███▍      | 17/50 [00:02<00:04,  7.46it/s, Saved at =inf, TrLoss=0.2852]
 Training FV-otc-s6-t6:  36%|███▌      | 18/50 [00:02<00:04,  7.49it/s, Saved at =inf, TrLoss=0.2852]
 Training FV-otc-s6-t6:  36%|███▌      | 18/50 [00:02<00:04,  7.49it/s, Saved at =inf, TrLoss=0.2921]
 Training FV-otc-s6-t6:  38%|███▊      | 19/50 [00:02<00:04,  7.51it/s, Saved at =inf, TrLoss=0.2921]
 Training FV-otc-s6-t6:  38%|███▊      | 19/50 [00:02<00:04,  7.51it/s, Saved at =inf, TrLoss=0.2756]
 Training FV-otc-s6-t6:  40%|████      | 20/50 [00:02<00:03,  7.53it/s, Saved at =inf, TrLoss=0.2756]
 Training FV-otc-s6-t6:  40%|████      | 20/50 [00:02<00:03,  7.53it/s, Saved at =inf, TrLoss=0.2750]
 Training FV-otc-s6-t6:  42%|████▏     | 21/50 [00:02<00:03,  7.54it/s, Saved at =inf, TrLoss=0.2750]
 Training FV-otc-s6-t6:  42%|████▏     | 21/50 [00:02<00:03,  7.54it/s, Saved at =inf, TrLoss=0.2638]
 Training FV-otc-s6-t6:  44%|████▍     | 22/50 [00:03<00:03,  7.30it/s, Saved at =inf, TrLoss=0.2638]
 Training FV-otc-s6-t6:  44%|████▍     | 22/50 [00:03<00:03,  7.30it/s, Saved at =inf, TrLoss=0.2513]
 Training FV-otc-s6-t6:  46%|████▌     | 23/50 [00:03<00:04,  6.65it/s, Saved at =inf, TrLoss=0.2513]
 Training FV-otc-s6-t6:  46%|████▌     | 23/50 [00:03<00:04,  6.65it/s, Saved at =inf, TrLoss=0.2599]
 Training FV-otc-s6-t6:  48%|████▊     | 24/50 [00:03<00:04,  6.37it/s, Saved at =inf, TrLoss=0.2599]
 Training FV-otc-s6-t6:  48%|████▊     | 24/50 [00:03<00:04,  6.37it/s, Saved at =inf, TrLoss=0.2457]
 Training FV-otc-s6-t6:  50%|█████     | 25/50 [00:03<00:04,  5.82it/s, Saved at =inf, TrLoss=0.2457]
 Training FV-otc-s6-t6:  50%|█████     | 25/50 [00:03<00:04,  5.82it/s, Saved at =inf, TrLoss=0.2462]
 Training FV-otc-s6-t6:  52%|█████▏    | 26/50 [00:03<00:03,  6.25it/s, Saved at =inf, TrLoss=0.2462]
 Training FV-otc-s6-t6:  52%|█████▏    | 26/50 [00:03<00:03,  6.25it/s, Saved at =inf, TrLoss=0.2391]
 Training FV-otc-s6-t6:  54%|█████▍    | 27/50 [00:03<00:03,  6.33it/s, Saved at =inf, TrLoss=0.2391]
 Training FV-otc-s6-t6:  54%|█████▍    | 27/50 [00:03<00:03,  6.33it/s, Saved at =inf, TrLoss=0.2334]
 Training FV-otc-s6-t6:  56%|█████▌    | 28/50 [00:04<00:04,  5.38it/s, Saved at =inf, TrLoss=0.2334]
 Training FV-otc-s6-t6:  56%|█████▌    | 28/50 [00:04<00:04,  5.38it/s, Saved at =inf, TrLoss=0.2312]
 Training FV-otc-s6-t6:  58%|█████▊    | 29/50 [00:04<00:03,  5.72it/s, Saved at =inf, TrLoss=0.2312]
 Training FV-otc-s6-t6:  58%|█████▊    | 29/50 [00:04<00:03,  5.72it/s, Saved at =inf, TrLoss=0.2178]
 Training FV-otc-s6-t6:  60%|██████    | 30/50 [00:04<00:03,  6.10it/s, Saved at =inf, TrLoss=0.2178]
 Training FV-otc-s6-t6:  60%|██████    | 30/50 [00:04<00:03,  6.10it/s, Saved at =inf, TrLoss=0.2336]
 Training FV-otc-s6-t6:  62%|██████▏   | 31/50 [00:04<00:02,  6.36it/s, Saved at =inf, TrLoss=0.2336]
 Training FV-otc-s6-t6:  62%|██████▏   | 31/50 [00:04<00:02,  6.36it/s, Saved at =inf, TrLoss=0.2220]
 Training FV-otc-s6-t6:  64%|██████▍   | 32/50 [00:04<00:02,  6.33it/s, Saved at =inf, TrLoss=0.2220]
 Training FV-otc-s6-t6:  64%|██████▍   | 32/50 [00:04<00:02,  6.33it/s, Saved at =inf, TrLoss=0.2213]
 Training FV-otc-s6-t6:  66%|██████▌   | 33/50 [00:04<00:02,  6.66it/s, Saved at =inf, TrLoss=0.2213]
 Training FV-otc-s6-t6:  66%|██████▌   | 33/50 [00:04<00:02,  6.66it/s, Saved at =inf, TrLoss=0.2083]
 Training FV-otc-s6-t6:  68%|██████▊   | 34/50 [00:04<00:02,  6.89it/s, Saved at =inf, TrLoss=0.2083]
 Training FV-otc-s6-t6:  68%|██████▊   | 34/50 [00:05<00:02,  6.89it/s, Saved at =inf, TrLoss=0.2136]
 Training FV-otc-s6-t6:  70%|███████   | 35/50 [00:05<00:02,  7.07it/s, Saved at =inf, TrLoss=0.2136]
 Training FV-otc-s6-t6:  70%|███████   | 35/50 [00:05<00:02,  7.07it/s, Saved at =inf, TrLoss=0.2084]
 Training FV-otc-s6-t6:  72%|███████▏  | 36/50 [00:05<00:02,  6.55it/s, Saved at =inf, TrLoss=0.2084]
 Training FV-otc-s6-t6:  72%|███████▏  | 36/50 [00:05<00:02,  6.55it/s, Saved at =inf, TrLoss=0.2058]
 Training FV-otc-s6-t6:  74%|███████▍  | 37/50 [00:05<00:02,  5.98it/s, Saved at =inf, TrLoss=0.2058]
 Training FV-otc-s6-t6:  74%|███████▍  | 37/50 [00:05<00:02,  5.98it/s, Saved at =inf, TrLoss=0.2059]
 Training FV-otc-s6-t6:  76%|███████▌  | 38/50 [00:05<00:01,  6.34it/s, Saved at =inf, TrLoss=0.2059]
 Training FV-otc-s6-t6:  76%|███████▌  | 38/50 [00:05<00:01,  6.34it/s, Saved at =inf, TrLoss=0.2040]
 Training FV-otc-s6-t6:  78%|███████▊  | 39/50 [00:05<00:01,  6.41it/s, Saved at =inf, TrLoss=0.2040]
 Training FV-otc-s6-t6:  78%|███████▊  | 39/50 [00:05<00:01,  6.41it/s, Saved at =inf, TrLoss=0.2044]
 Training FV-otc-s6-t6:  80%|████████  | 40/50 [00:05<00:01,  6.64it/s, Saved at =inf, TrLoss=0.2044]
 Training FV-otc-s6-t6:  80%|████████  | 40/50 [00:05<00:01,  6.64it/s, Saved at =inf, TrLoss=0.2003]
 Training FV-otc-s6-t6:  82%|████████▏ | 41/50 [00:06<00:01,  6.90it/s, Saved at =inf, TrLoss=0.2003]
 Training FV-otc-s6-t6:  82%|████████▏ | 41/50 [00:06<00:01,  6.90it/s, Saved at =inf, TrLoss=0.1960]
 Training FV-otc-s6-t6:  84%|████████▍ | 42/50 [00:06<00:01,  7.09it/s, Saved at =inf, TrLoss=0.1960]
 Training FV-otc-s6-t6:  84%|████████▍ | 42/50 [00:06<00:01,  7.09it/s, Saved at =inf, TrLoss=0.1982]
 Training FV-otc-s6-t6:  86%|████████▌ | 43/50 [00:06<00:00,  7.22it/s, Saved at =inf, TrLoss=0.1982]
 Training FV-otc-s6-t6:  86%|████████▌ | 43/50 [00:06<00:00,  7.22it/s, Saved at =inf, TrLoss=0.1959]
 Training FV-otc-s6-t6:  88%|████████▊ | 44/50 [00:06<00:00,  7.32it/s, Saved at =inf, TrLoss=0.1959]
 Training FV-otc-s6-t6:  88%|████████▊ | 44/50 [00:06<00:00,  7.32it/s, Saved at =inf, TrLoss=0.1963]
 Training FV-otc-s6-t6:  90%|█████████ | 45/50 [00:06<00:00,  7.39it/s, Saved at =inf, TrLoss=0.1963]
 Training FV-otc-s6-t6:  90%|█████████ | 45/50 [00:06<00:00,  7.39it/s, Saved at =inf, TrLoss=0.1922]
 Training FV-otc-s6-t6:  92%|█████████▏| 46/50 [00:06<00:00,  7.46it/s, Saved at =inf, TrLoss=0.1922]
 Training FV-otc-s6-t6:  92%|█████████▏| 46/50 [00:06<00:00,  7.46it/s, Saved at =inf, TrLoss=0.1924]
 Training FV-otc-s6-t6:  94%|█████████▍| 47/50 [00:06<00:00,  7.50it/s, Saved at =inf, TrLoss=0.1924]
 Training FV-otc-s6-t6:  94%|█████████▍| 47/50 [00:06<00:00,  7.50it/s, Saved at =inf, TrLoss=0.1907]
 Training FV-otc-s6-t6:  96%|█████████▌| 48/50 [00:06<00:00,  7.53it/s, Saved at =inf, TrLoss=0.1907]
 Training FV-otc-s6-t6:  96%|█████████▌| 48/50 [00:07<00:00,  7.53it/s, Saved at =inf, TrLoss=0.1875]
 Training FV-otc-s6-t6:  98%|█████████▊| 49/50 [00:07<00:00,  7.54it/s, Saved at =inf, TrLoss=0.1875]
 Training FV-otc-s6-t6:  98%|█████████▊| 49/50 [00:07<00:00,  7.54it/s, Saved at =inf, TrLoss=0.1853]
 Training FV-otc-s6-t6: 100%|██████████| 50/50 [00:07<00:00,  7.54it/s, Saved at =inf, TrLoss=0.1853]
 Training FV-otc-s6-t6: 100%|██████████| 50/50 [00:07<00:00,  6.93it/s, Saved at =inf, TrLoss=0.1853]

 Training FV-otc-s6-t7:   0%|          | 0/50 [00:00<?, ?it/s]
 Training FV-otc-s6-t7:   0%|          | 0/50 [00:00<?, ?it/s, Saved at =inf, TrLoss=0.8295]
 Training FV-otc-s6-t7:   2%|▏         | 1/50 [00:00<00:21,  2.26it/s, Saved at =inf, TrLoss=0.8295]
 Training FV-otc-s6-t7:   2%|▏         | 1/50 [00:00<00:21,  2.26it/s, Saved at =inf, TrLoss=0.5299]
 Training FV-otc-s6-t7:   4%|▍         | 2/50 [00:00<00:18,  2.54it/s, Saved at =inf, TrLoss=0.5299]
 Training FV-otc-s6-t7:   4%|▍         | 2/50 [00:01<00:18,  2.54it/s, Saved at =inf, TrLoss=0.4686]
 Training FV-otc-s6-t7:   6%|▌         | 3/50 [00:01<00:16,  2.88it/s, Saved at =inf, TrLoss=0.4686]
 Training FV-otc-s6-t7:   6%|▌         | 3/50 [00:01<00:16,  2.88it/s, Saved at =inf, TrLoss=0.5794]
 Training FV-otc-s6-t7:   8%|▊         | 4/50 [00:01<00:14,  3.26it/s, Saved at =inf, TrLoss=0.5794]
 Training FV-otc-s6-t7:   8%|▊         | 4/50 [00:01<00:14,  3.26it/s, Saved at =inf, TrLoss=0.4478]
 Training FV-otc-s6-t7:  10%|█         | 5/50 [00:01<00:13,  3.45it/s, Saved at =inf, TrLoss=0.4478]
 Training FV-otc-s6-t7:  10%|█         | 5/50 [00:01<00:13,  3.45it/s, Saved at =inf, TrLoss=0.4405]
 Training FV-otc-s6-t7:  12%|█▏        | 6/50 [00:01<00:12,  3.43it/s, Saved at =inf, TrLoss=0.4405]
 Training FV-otc-s6-t7:  12%|█▏        | 6/50 [00:02<00:12,  3.43it/s, Saved at =inf, TrLoss=0.3825]
 Training FV-otc-s6-t7:  14%|█▍        | 7/50 [00:02<00:12,  3.46it/s, Saved at =inf, TrLoss=0.3825]
 Training FV-otc-s6-t7:  14%|█▍        | 7/50 [00:02<00:12,  3.46it/s, Saved at =inf, TrLoss=0.4016]
 Training FV-otc-s6-t7:  16%|█▌        | 8/50 [00:02<00:12,  3.44it/s, Saved at =inf, TrLoss=0.4016]
 Training FV-otc-s6-t7:  16%|█▌        | 8/50 [00:02<00:12,  3.44it/s, Saved at =inf, TrLoss=0.3584]
 Training FV-otc-s6-t7:  18%|█▊        | 9/50 [00:02<00:11,  3.45it/s, Saved at =inf, TrLoss=0.3584]
 Training FV-otc-s6-t7:  18%|█▊        | 9/50 [00:02<00:11,  3.45it/s, Saved at =inf, TrLoss=0.3282]
 Training FV-otc-s6-t7:  20%|██        | 10/50 [00:03<00:11,  3.46it/s, Saved at =inf, TrLoss=0.3282]
 Training FV-otc-s6-t7:  20%|██        | 10/50 [00:03<00:11,  3.46it/s, Saved at =inf, TrLoss=0.3552]
 Training FV-otc-s6-t7:  22%|██▏       | 11/50 [00:03<00:11,  3.53it/s, Saved at =inf, TrLoss=0.3552]
 Training FV-otc-s6-t7:  22%|██▏       | 11/50 [00:03<00:11,  3.53it/s, Saved at =inf, TrLoss=0.3068]
 Training FV-otc-s6-t7:  24%|██▍       | 12/50 [00:03<00:09,  3.84it/s, Saved at =inf, TrLoss=0.3068]
 Training FV-otc-s6-t7:  24%|██▍       | 12/50 [00:03<00:09,  3.84it/s, Saved at =inf, TrLoss=0.3197]
 Training FV-otc-s6-t7:  26%|██▌       | 13/50 [00:03<00:08,  4.25it/s, Saved at =inf, TrLoss=0.3197]
 Training FV-otc-s6-t7:  26%|██▌       | 13/50 [00:03<00:08,  4.25it/s, Saved at =inf, TrLoss=0.3114]
 Training FV-otc-s6-t7:  28%|██▊       | 14/50 [00:03<00:08,  4.42it/s, Saved at =inf, TrLoss=0.3114]
 Training FV-otc-s6-t7:  28%|██▊       | 14/50 [00:04<00:08,  4.42it/s, Saved at =inf, TrLoss=0.2868]
 Training FV-otc-s6-t7:  30%|███       | 15/50 [00:04<00:07,  4.58it/s, Saved at =inf, TrLoss=0.2868]
 Training FV-otc-s6-t7:  30%|███       | 15/50 [00:04<00:07,  4.58it/s, Saved at =inf, TrLoss=0.3050]
 Training FV-otc-s6-t7:  32%|███▏      | 16/50 [00:04<00:07,  4.84it/s, Saved at =inf, TrLoss=0.3050]
 Training FV-otc-s6-t7:  32%|███▏      | 16/50 [00:04<00:07,  4.84it/s, Saved at =inf, TrLoss=0.2752]
 Training FV-otc-s6-t7:  34%|███▍      | 17/50 [00:04<00:06,  4.82it/s, Saved at =inf, TrLoss=0.2752]
 Training FV-otc-s6-t7:  34%|███▍      | 17/50 [00:04<00:06,  4.82it/s, Saved at =inf, TrLoss=0.2774]
 Training FV-otc-s6-t7:  36%|███▌      | 18/50 [00:04<00:06,  4.71it/s, Saved at =inf, TrLoss=0.2774]
 Training FV-otc-s6-t7:  36%|███▌      | 18/50 [00:04<00:06,  4.71it/s, Saved at =inf, TrLoss=0.2798]
 Training FV-otc-s6-t7:  38%|███▊      | 19/50 [00:04<00:06,  4.74it/s, Saved at =inf, TrLoss=0.2798]
 Training FV-otc-s6-t7:  38%|███▊      | 19/50 [00:05<00:06,  4.74it/s, Saved at =inf, TrLoss=0.2560]
 Training FV-otc-s6-t7:  40%|████      | 20/50 [00:05<00:06,  4.71it/s, Saved at =inf, TrLoss=0.2560]
 Training FV-otc-s6-t7:  40%|████      | 20/50 [00:05<00:06,  4.71it/s, Saved at =inf, TrLoss=0.2663]
 Training FV-otc-s6-t7:  42%|████▏     | 21/50 [00:05<00:06,  4.66it/s, Saved at =inf, TrLoss=0.2663]
 Training FV-otc-s6-t7:  42%|████▏     | 21/50 [00:05<00:06,  4.66it/s, Saved at =inf, TrLoss=0.2559]
 Training FV-otc-s6-t7:  44%|████▍     | 22/50 [00:05<00:05,  4.67it/s, Saved at =inf, TrLoss=0.2559]
 Training FV-otc-s6-t7:  44%|████▍     | 22/50 [00:05<00:05,  4.67it/s, Saved at =inf, TrLoss=0.2451]
 Training FV-otc-s6-t7:  46%|████▌     | 23/50 [00:05<00:06,  4.43it/s, Saved at =inf, TrLoss=0.2451]
 Training FV-otc-s6-t7:  46%|████▌     | 23/50 [00:06<00:06,  4.43it/s, Saved at =inf, TrLoss=0.2542]
 Training FV-otc-s6-t7:  48%|████▊     | 24/50 [00:06<00:06,  4.19it/s, Saved at =inf, TrLoss=0.2542]
 Training FV-otc-s6-t7:  48%|████▊     | 24/50 [00:06<00:06,  4.19it/s, Saved at =inf, TrLoss=0.2360]
 Training FV-otc-s6-t7:  50%|█████     | 25/50 [00:06<00:06,  3.85it/s, Saved at =inf, TrLoss=0.2360]
 Training FV-otc-s6-t7:  50%|█████     | 25/50 [00:06<00:06,  3.85it/s, Saved at =inf, TrLoss=0.2364]
 Training FV-otc-s6-t7:  52%|█████▏    | 26/50 [00:06<00:05,  4.08it/s, Saved at =inf, TrLoss=0.2364]
 Training FV-otc-s6-t7:  52%|█████▏    | 26/50 [00:06<00:05,  4.08it/s, Saved at =inf, TrLoss=0.2409]
 Training FV-otc-s6-t7:  54%|█████▍    | 27/50 [00:06<00:05,  4.40it/s, Saved at =inf, TrLoss=0.2409]
 Training FV-otc-s6-t7:  54%|█████▍    | 27/50 [00:06<00:05,  4.40it/s, Saved at =inf, TrLoss=0.2296]
 Training FV-otc-s6-t7:  56%|█████▌    | 28/50 [00:07<00:04,  4.56it/s, Saved at =inf, TrLoss=0.2296]
 Training FV-otc-s6-t7:  56%|█████▌    | 28/50 [00:07<00:04,  4.56it/s, Saved at =inf, TrLoss=0.2351]
 Training FV-otc-s6-t7:  58%|█████▊    | 29/50 [00:07<00:04,  4.84it/s, Saved at =inf, TrLoss=0.2351]
 Training FV-otc-s6-t7:  58%|█████▊    | 29/50 [00:07<00:04,  4.84it/s, Saved at =inf, TrLoss=0.2288]
 Training FV-otc-s6-t7:  60%|██████    | 30/50 [00:07<00:04,  4.76it/s, Saved at =inf, TrLoss=0.2288]
 Training FV-otc-s6-t7:  60%|██████    | 30/50 [00:07<00:04,  4.76it/s, Saved at =inf, TrLoss=0.2325]
 Training FV-otc-s6-t7:  62%|██████▏   | 31/50 [00:07<00:04,  4.64it/s, Saved at =inf, TrLoss=0.2325]
 Training FV-otc-s6-t7:  62%|██████▏   | 31/50 [00:07<00:04,  4.64it/s, Saved at =inf, TrLoss=0.2304]
 Training FV-otc-s6-t7:  64%|██████▍   | 32/50 [00:07<00:04,  4.44it/s, Saved at =inf, TrLoss=0.2304]
 Training FV-otc-s6-t7:  64%|██████▍   | 32/50 [00:08<00:04,  4.44it/s, Saved at =inf, TrLoss=0.2205]
 Training FV-otc-s6-t7:  66%|██████▌   | 33/50 [00:08<00:03,  4.49it/s, Saved at =inf, TrLoss=0.2205]
 Training FV-otc-s6-t7:  66%|██████▌   | 33/50 [00:08<00:03,  4.49it/s, Saved at =inf, TrLoss=0.2227]
 Training FV-otc-s6-t7:  68%|██████▊   | 34/50 [00:08<00:03,  4.45it/s, Saved at =inf, TrLoss=0.2227]
 Training FV-otc-s6-t7:  68%|██████▊   | 34/50 [00:08<00:03,  4.45it/s, Saved at =inf, TrLoss=0.2152]
 Training FV-otc-s6-t7:  70%|███████   | 35/50 [00:08<00:03,  4.61it/s, Saved at =inf, TrLoss=0.2152]
 Training FV-otc-s6-t7:  70%|███████   | 35/50 [00:08<00:03,  4.61it/s, Saved at =inf, TrLoss=0.2176]
 Training FV-otc-s6-t7:  72%|███████▏  | 36/50 [00:08<00:02,  4.73it/s, Saved at =inf, TrLoss=0.2176]
 Training FV-otc-s6-t7:  72%|███████▏  | 36/50 [00:08<00:02,  4.73it/s, Saved at =inf, TrLoss=0.2117]
 Training FV-otc-s6-t7:  74%|███████▍  | 37/50 [00:08<00:02,  4.75it/s, Saved at =inf, TrLoss=0.2117]
 Training FV-otc-s6-t7:  74%|███████▍  | 37/50 [00:09<00:02,  4.75it/s, Saved at =inf, TrLoss=0.2093]
 Training FV-otc-s6-t7:  76%|███████▌  | 38/50 [00:09<00:02,  4.81it/s, Saved at =inf, TrLoss=0.2093]
 Training FV-otc-s6-t7:  76%|███████▌  | 38/50 [00:09<00:02,  4.81it/s, Saved at =inf, TrLoss=0.2170]
 Training FV-otc-s6-t7:  78%|███████▊  | 39/50 [00:09<00:02,  4.71it/s, Saved at =inf, TrLoss=0.2170]
 Training FV-otc-s6-t7:  78%|███████▊  | 39/50 [00:09<00:02,  4.71it/s, Saved at =inf, TrLoss=0.2094]
 Training FV-otc-s6-t7:  80%|████████  | 40/50 [00:09<00:02,  4.75it/s, Saved at =inf, TrLoss=0.2094]
 Training FV-otc-s6-t7:  80%|████████  | 40/50 [00:09<00:02,  4.75it/s, Saved at =inf, TrLoss=0.2106]
 Training FV-otc-s6-t7:  82%|████████▏ | 41/50 [00:09<00:02,  4.06it/s, Saved at =inf, TrLoss=0.2106]
 Training FV-otc-s6-t7:  82%|████████▏ | 41/50 [00:10<00:02,  4.06it/s, Saved at =inf, TrLoss=0.2041]
 Training FV-otc-s6-t7:  84%|████████▍ | 42/50 [00:10<00:02,  3.96it/s, Saved at =inf, TrLoss=0.2041]
 Training FV-otc-s6-t7:  84%|████████▍ | 42/50 [00:10<00:02,  3.96it/s, Saved at =inf, TrLoss=0.2127]
 Training FV-otc-s6-t7:  86%|████████▌ | 43/50 [00:10<00:01,  3.98it/s, Saved at =inf, TrLoss=0.2127]
 Training FV-otc-s6-t7:  86%|████████▌ | 43/50 [00:10<00:01,  3.98it/s, Saved at =inf, TrLoss=0.2037]
 Training FV-otc-s6-t7:  88%|████████▊ | 44/50 [00:10<00:01,  4.33it/s, Saved at =inf, TrLoss=0.2037]
 Training FV-otc-s6-t7:  88%|████████▊ | 44/50 [00:10<00:01,  4.33it/s, Saved at =inf, TrLoss=0.2035]
 Training FV-otc-s6-t7:  90%|█████████ | 45/50 [00:10<00:01,  4.30it/s, Saved at =inf, TrLoss=0.2035]
 Training FV-otc-s6-t7:  90%|█████████ | 45/50 [00:10<00:01,  4.30it/s, Saved at =inf, TrLoss=0.2001]
 Training FV-otc-s6-t7:  92%|█████████▏| 46/50 [00:11<00:00,  4.14it/s, Saved at =inf, TrLoss=0.2001]
 Training FV-otc-s6-t7:  92%|█████████▏| 46/50 [00:11<00:00,  4.14it/s, Saved at =inf, TrLoss=0.1973]
 Training FV-otc-s6-t7:  94%|█████████▍| 47/50 [00:11<00:00,  3.17it/s, Saved at =inf, TrLoss=0.1973]
 Training FV-otc-s6-t7:  94%|█████████▍| 47/50 [00:11<00:00,  3.17it/s, Saved at =inf, TrLoss=0.1958]
 Training FV-otc-s6-t7:  96%|█████████▌| 48/50 [00:11<00:00,  3.30it/s, Saved at =inf, TrLoss=0.1958]
 Training FV-otc-s6-t7:  96%|█████████▌| 48/50 [00:11<00:00,  3.30it/s, Saved at =inf, TrLoss=0.1935]
 Training FV-otc-s6-t7:  98%|█████████▊| 49/50 [00:12<00:00,  3.63it/s, Saved at =inf, TrLoss=0.1935]
 Training FV-otc-s6-t7:  98%|█████████▊| 49/50 [00:12<00:00,  3.63it/s, Saved at =inf, TrLoss=0.1899]
 Training FV-otc-s6-t7: 100%|██████████| 50/50 [00:12<00:00,  3.96it/s, Saved at =inf, TrLoss=0.1899]
 Training FV-otc-s6-t7: 100%|██████████| 50/50 [00:12<00:00,  4.08it/s, Saved at =inf, TrLoss=0.1899]

 Training FV-otc-s6-t8:   0%|          | 0/50 [00:00<?, ?it/s]
 Training FV-otc-s6-t8:   0%|          | 0/50 [00:00<?, ?it/s, Saved at =inf, TrLoss=0.8570]
 Training FV-otc-s6-t8:   2%|▏         | 1/50 [00:00<00:15,  3.13it/s, Saved at =inf, TrLoss=0.8570]
 Training FV-otc-s6-t8:   2%|▏         | 1/50 [00:00<00:15,  3.13it/s, Saved at =inf, TrLoss=0.7672]
 Training FV-otc-s6-t8:   4%|▍         | 2/50 [00:00<00:13,  3.55it/s, Saved at =inf, TrLoss=0.7672]
 Training FV-otc-s6-t8:   4%|▍         | 2/50 [00:00<00:13,  3.55it/s, Saved at =inf, TrLoss=0.6147]
 Training FV-otc-s6-t8:   6%|▌         | 3/50 [00:00<00:13,  3.56it/s, Saved at =inf, TrLoss=0.6147]
 Training FV-otc-s6-t8:   6%|▌         | 3/50 [00:01<00:13,  3.56it/s, Saved at =inf, TrLoss=0.6183]
 Training FV-otc-s6-t8:   8%|▊         | 4/50 [00:01<00:16,  2.77it/s, Saved at =inf, TrLoss=0.6183]
 Training FV-otc-s6-t8:   8%|▊         | 4/50 [00:01<00:16,  2.77it/s, Saved at =inf, TrLoss=0.5738]
 Training FV-otc-s6-t8:  10%|█         | 5/50 [00:01<00:14,  3.10it/s, Saved at =inf, TrLoss=0.5738]
 Training FV-otc-s6-t8:  10%|█         | 5/50 [00:01<00:14,  3.10it/s, Saved at =inf, TrLoss=0.5269]
 Training FV-otc-s6-t8:  12%|█▏        | 6/50 [00:01<00:13,  3.35it/s, Saved at =inf, TrLoss=0.5269]
 Training FV-otc-s6-t8:  12%|█▏        | 6/50 [00:02<00:13,  3.35it/s, Saved at =inf, TrLoss=0.4972]
 Training FV-otc-s6-t8:  14%|█▍        | 7/50 [00:02<00:12,  3.47it/s, Saved at =inf, TrLoss=0.4972]
 Training FV-otc-s6-t8:  14%|█▍        | 7/50 [00:02<00:12,  3.47it/s, Saved at =inf, TrLoss=0.4505]
 Training FV-otc-s6-t8:  16%|█▌        | 8/50 [00:02<00:11,  3.69it/s, Saved at =inf, TrLoss=0.4505]
 Training FV-otc-s6-t8:  16%|█▌        | 8/50 [00:02<00:11,  3.69it/s, Saved at =inf, TrLoss=0.4042]
 Training FV-otc-s6-t8:  18%|█▊        | 9/50 [00:02<00:10,  4.08it/s, Saved at =inf, TrLoss=0.4042]
 Training FV-otc-s6-t8:  18%|█▊        | 9/50 [00:02<00:10,  4.08it/s, Saved at =inf, TrLoss=0.3585]
 Training FV-otc-s6-t8:  20%|██        | 10/50 [00:02<00:09,  4.40it/s, Saved at =inf, TrLoss=0.3585]
 Training FV-otc-s6-t8:  20%|██        | 10/50 [00:02<00:09,  4.40it/s, Saved at =inf, TrLoss=0.3453]
 Training FV-otc-s6-t8:  22%|██▏       | 11/50 [00:02<00:08,  4.60it/s, Saved at =inf, TrLoss=0.3453]
 Training FV-otc-s6-t8:  22%|██▏       | 11/50 [00:03<00:08,  4.60it/s, Saved at =inf, TrLoss=0.3464]
 Training FV-otc-s6-t8:  24%|██▍       | 12/50 [00:03<00:07,  4.77it/s, Saved at =inf, TrLoss=0.3464]
 Training FV-otc-s6-t8:  24%|██▍       | 12/50 [00:03<00:07,  4.77it/s, Saved at =inf, TrLoss=0.3206]
 Training FV-otc-s6-t8:  26%|██▌       | 13/50 [00:03<00:07,  4.91it/s, Saved at =inf, TrLoss=0.3206]
 Training FV-otc-s6-t8:  26%|██▌       | 13/50 [00:03<00:07,  4.91it/s, Saved at =inf, TrLoss=0.3141]
 Training FV-otc-s6-t8:  28%|██▊       | 14/50 [00:03<00:07,  4.98it/s, Saved at =inf, TrLoss=0.3141]
 Training FV-otc-s6-t8:  28%|██▊       | 14/50 [00:03<00:07,  4.98it/s, Saved at =inf, TrLoss=0.3203]
 Training FV-otc-s6-t8:  30%|███       | 15/50 [00:03<00:06,  5.03it/s, Saved at =inf, TrLoss=0.3203]
 Training FV-otc-s6-t8:  30%|███       | 15/50 [00:03<00:06,  5.03it/s, Saved at =inf, TrLoss=0.2743]
 Training FV-otc-s6-t8:  32%|███▏      | 16/50 [00:03<00:06,  5.17it/s, Saved at =inf, TrLoss=0.2743]
 Training FV-otc-s6-t8:  32%|███▏      | 16/50 [00:04<00:06,  5.17it/s, Saved at =inf, TrLoss=0.2959]
 Training FV-otc-s6-t8:  34%|███▍      | 17/50 [00:04<00:06,  5.21it/s, Saved at =inf, TrLoss=0.2959]
 Training FV-otc-s6-t8:  34%|███▍      | 17/50 [00:04<00:06,  5.21it/s, Saved at =inf, TrLoss=0.2759]
 Training FV-otc-s6-t8:  36%|███▌      | 18/50 [00:04<00:06,  5.21it/s, Saved at =inf, TrLoss=0.2759]
 Training FV-otc-s6-t8:  36%|███▌      | 18/50 [00:04<00:06,  5.21it/s, Saved at =inf, TrLoss=0.2794]
 Training FV-otc-s6-t8:  38%|███▊      | 19/50 [00:04<00:05,  5.20it/s, Saved at =inf, TrLoss=0.2794]
 Training FV-otc-s6-t8:  38%|███▊      | 19/50 [00:04<00:05,  5.20it/s, Saved at =inf, TrLoss=0.2783]
 Training FV-otc-s6-t8:  40%|████      | 20/50 [00:04<00:05,  5.26it/s, Saved at =inf, TrLoss=0.2783]
 Training FV-otc-s6-t8:  40%|████      | 20/50 [00:04<00:05,  5.26it/s, Saved at =inf, TrLoss=0.2663]
 Training FV-otc-s6-t8:  42%|████▏     | 21/50 [00:04<00:05,  5.20it/s, Saved at =inf, TrLoss=0.2663]
 Training FV-otc-s6-t8:  42%|████▏     | 21/50 [00:04<00:05,  5.20it/s, Saved at =inf, TrLoss=0.2631]
 Training FV-otc-s6-t8:  44%|████▍     | 22/50 [00:05<00:05,  5.05it/s, Saved at =inf, TrLoss=0.2631]
 Training FV-otc-s6-t8:  44%|████▍     | 22/50 [00:05<00:05,  5.05it/s, Saved at =inf, TrLoss=0.2621]
 Training FV-otc-s6-t8:  46%|████▌     | 23/50 [00:05<00:05,  5.02it/s, Saved at =inf, TrLoss=0.2621]
 Training FV-otc-s6-t8:  46%|████▌     | 23/50 [00:05<00:05,  5.02it/s, Saved at =inf, TrLoss=0.2473]
 Training FV-otc-s6-t8:  48%|████▊     | 24/50 [00:05<00:05,  4.90it/s, Saved at =inf, TrLoss=0.2473]
 Training FV-otc-s6-t8:  48%|████▊     | 24/50 [00:05<00:05,  4.90it/s, Saved at =inf, TrLoss=0.2530]
 Training FV-otc-s6-t8:  50%|█████     | 25/50 [00:05<00:05,  4.87it/s, Saved at =inf, TrLoss=0.2530]
 Training FV-otc-s6-t8:  50%|█████     | 25/50 [00:05<00:05,  4.87it/s, Saved at =inf, TrLoss=0.2391]
 Training FV-otc-s6-t8:  52%|█████▏    | 26/50 [00:05<00:04,  5.04it/s, Saved at =inf, TrLoss=0.2391]
 Training FV-otc-s6-t8:  52%|█████▏    | 26/50 [00:05<00:04,  5.04it/s, Saved at =inf, TrLoss=0.2477]
 Training FV-otc-s6-t8:  54%|█████▍    | 27/50 [00:06<00:04,  5.19it/s, Saved at =inf, TrLoss=0.2477]
 Training FV-otc-s6-t8:  54%|█████▍    | 27/50 [00:06<00:04,  5.19it/s, Saved at =inf, TrLoss=0.2413]
 Training FV-otc-s6-t8:  56%|█████▌    | 28/50 [00:06<00:04,  5.31it/s, Saved at =inf, TrLoss=0.2413]
 Training FV-otc-s6-t8:  56%|█████▌    | 28/50 [00:06<00:04,  5.31it/s, Saved at =inf, TrLoss=0.2398]
 Training FV-otc-s6-t8:  58%|█████▊    | 29/50 [00:06<00:03,  5.39it/s, Saved at =inf, TrLoss=0.2398]
 Training FV-otc-s6-t8:  58%|█████▊    | 29/50 [00:06<00:03,  5.39it/s, Saved at =inf, TrLoss=0.2338]
 Training FV-otc-s6-t8:  60%|██████    | 30/50 [00:06<00:03,  5.27it/s, Saved at =inf, TrLoss=0.2338]
 Training FV-otc-s6-t8:  60%|██████    | 30/50 [00:06<00:03,  5.27it/s, Saved at =inf, TrLoss=0.2332]
 Training FV-otc-s6-t8:  62%|██████▏   | 31/50 [00:06<00:03,  4.88it/s, Saved at =inf, TrLoss=0.2332]
 Training FV-otc-s6-t8:  62%|██████▏   | 31/50 [00:06<00:03,  4.88it/s, Saved at =inf, TrLoss=0.2394]
 Training FV-otc-s6-t8:  64%|██████▍   | 32/50 [00:07<00:03,  4.70it/s, Saved at =inf, TrLoss=0.2394]
 Training FV-otc-s6-t8:  64%|██████▍   | 32/50 [00:07<00:03,  4.70it/s, Saved at =inf, TrLoss=0.2275]
 Training FV-otc-s6-t8:  66%|██████▌   | 33/50 [00:07<00:03,  4.89it/s, Saved at =inf, TrLoss=0.2275]
 Training FV-otc-s6-t8:  66%|██████▌   | 33/50 [00:07<00:03,  4.89it/s, Saved at =inf, TrLoss=0.2294]
 Training FV-otc-s6-t8:  68%|██████▊   | 34/50 [00:07<00:03,  5.03it/s, Saved at =inf, TrLoss=0.2294]
 Training FV-otc-s6-t8:  68%|██████▊   | 34/50 [00:07<00:03,  5.03it/s, Saved at =inf, TrLoss=0.2287]
 Training FV-otc-s6-t8:  70%|███████   | 35/50 [00:07<00:02,  5.14it/s, Saved at =inf, TrLoss=0.2287]
 Training FV-otc-s6-t8:  70%|███████   | 35/50 [00:07<00:02,  5.14it/s, Saved at =inf, TrLoss=0.2256]
 Training FV-otc-s6-t8:  72%|███████▏  | 36/50 [00:07<00:02,  5.26it/s, Saved at =inf, TrLoss=0.2256]
 Training FV-otc-s6-t8:  72%|███████▏  | 36/50 [00:07<00:02,  5.26it/s, Saved at =inf, TrLoss=0.2247]
 Training FV-otc-s6-t8:  74%|███████▍  | 37/50 [00:07<00:02,  5.20it/s, Saved at =inf, TrLoss=0.2247]
 Training FV-otc-s6-t8:  74%|███████▍  | 37/50 [00:08<00:02,  5.20it/s, Saved at =inf, TrLoss=0.2194]
 Training FV-otc-s6-t8:  76%|███████▌  | 38/50 [00:08<00:02,  5.04it/s, Saved at =inf, TrLoss=0.2194]
 Training FV-otc-s6-t8:  76%|███████▌  | 38/50 [00:08<00:02,  5.04it/s, Saved at =inf, TrLoss=0.2253]
 Training FV-otc-s6-t8:  78%|███████▊  | 39/50 [00:08<00:02,  4.99it/s, Saved at =inf, TrLoss=0.2253]
 Training FV-otc-s6-t8:  78%|███████▊  | 39/50 [00:08<00:02,  4.99it/s, Saved at =inf, TrLoss=0.2218]
 Training FV-otc-s6-t8:  80%|████████  | 40/50 [00:08<00:01,  5.05it/s, Saved at =inf, TrLoss=0.2218]
 Training FV-otc-s6-t8:  80%|████████  | 40/50 [00:08<00:01,  5.05it/s, Saved at =inf, TrLoss=0.2194]
 Training FV-otc-s6-t8:  82%|████████▏ | 41/50 [00:08<00:01,  5.14it/s, Saved at =inf, TrLoss=0.2194]
 Training FV-otc-s6-t8:  82%|████████▏ | 41/50 [00:08<00:01,  5.14it/s, Saved at =inf, TrLoss=0.2164]
 Training FV-otc-s6-t8:  84%|████████▍ | 42/50 [00:08<00:01,  4.95it/s, Saved at =inf, TrLoss=0.2164]
 Training FV-otc-s6-t8:  84%|████████▍ | 42/50 [00:09<00:01,  4.95it/s, Saved at =inf, TrLoss=0.2143]
 Training FV-otc-s6-t8:  86%|████████▌ | 43/50 [00:09<00:01,  4.89it/s, Saved at =inf, TrLoss=0.2143]
 Training FV-otc-s6-t8:  86%|████████▌ | 43/50 [00:09<00:01,  4.89it/s, Saved at =inf, TrLoss=0.2155]
 Training FV-otc-s6-t8:  88%|████████▊ | 44/50 [00:09<00:01,  4.92it/s, Saved at =inf, TrLoss=0.2155]
 Training FV-otc-s6-t8:  88%|████████▊ | 44/50 [00:09<00:01,  4.92it/s, Saved at =inf, TrLoss=0.2093]
 Training FV-otc-s6-t8:  90%|█████████ | 45/50 [00:09<00:01,  4.26it/s, Saved at =inf, TrLoss=0.2093]
 Training FV-otc-s6-t8:  90%|█████████ | 45/50 [00:09<00:01,  4.26it/s, Saved at =inf, TrLoss=0.2102]
 Training FV-otc-s6-t8:  92%|█████████▏| 46/50 [00:10<00:01,  3.20it/s, Saved at =inf, TrLoss=0.2102]
 Training FV-otc-s6-t8:  92%|█████████▏| 46/50 [00:10<00:01,  3.20it/s, Saved at =inf, TrLoss=0.2098]
 Training FV-otc-s6-t8:  94%|█████████▍| 47/50 [00:10<00:00,  3.21it/s, Saved at =inf, TrLoss=0.2098]
 Training FV-otc-s6-t8:  94%|█████████▍| 47/50 [00:10<00:00,  3.21it/s, Saved at =inf, TrLoss=0.2084]
 Training FV-otc-s6-t8:  96%|█████████▌| 48/50 [00:10<00:00,  3.47it/s, Saved at =inf, TrLoss=0.2084]
 Training FV-otc-s6-t8:  96%|█████████▌| 48/50 [00:10<00:00,  3.47it/s, Saved at =inf, TrLoss=0.2086]
 Training FV-otc-s6-t8:  98%|█████████▊| 49/50 [00:11<00:00,  3.60it/s, Saved at =inf, TrLoss=0.2086]
 Training FV-otc-s6-t8:  98%|█████████▊| 49/50 [00:11<00:00,  3.60it/s, Saved at =inf, TrLoss=0.2052]
 Training FV-otc-s6-t8: 100%|██████████| 50/50 [00:11<00:00,  3.50it/s, Saved at =inf, TrLoss=0.2052]
 Training FV-otc-s6-t8: 100%|██████████| 50/50 [00:11<00:00,  4.41it/s, Saved at =inf, TrLoss=0.2052]

 Training FV-otc-s6-t9:   0%|          | 0/50 [00:00<?, ?it/s]
 Training FV-otc-s6-t9:   0%|          | 0/50 [00:00<?, ?it/s, Saved at =inf, TrLoss=0.7204]
 Training FV-otc-s6-t9:   2%|▏         | 1/50 [00:00<00:25,  1.96it/s, Saved at =inf, TrLoss=0.7204]
 Training FV-otc-s6-t9:   2%|▏         | 1/50 [00:00<00:25,  1.96it/s, Saved at =inf, TrLoss=0.8123]
 Training FV-otc-s6-t9:   4%|▍         | 2/50 [00:00<00:16,  2.93it/s, Saved at =inf, TrLoss=0.8123]
 Training FV-otc-s6-t9:   4%|▍         | 2/50 [00:00<00:16,  2.93it/s, Saved at =inf, TrLoss=0.5994]
 Training FV-otc-s6-t9:   6%|▌         | 3/50 [00:00<00:13,  3.57it/s, Saved at =inf, TrLoss=0.5994]
 Training FV-otc-s6-t9:   6%|▌         | 3/50 [00:01<00:13,  3.57it/s, Saved at =inf, TrLoss=0.6175]
 Training FV-otc-s6-t9:   8%|▊         | 4/50 [00:01<00:11,  3.95it/s, Saved at =inf, TrLoss=0.6175]
 Training FV-otc-s6-t9:   8%|▊         | 4/50 [00:01<00:11,  3.95it/s, Saved at =inf, TrLoss=0.5449]
 Training FV-otc-s6-t9:  10%|█         | 5/50 [00:01<00:11,  3.92it/s, Saved at =inf, TrLoss=0.5449]
 Training FV-otc-s6-t9:  10%|█         | 5/50 [00:01<00:11,  3.92it/s, Saved at =inf, TrLoss=0.4598]
 Training FV-otc-s6-t9:  12%|█▏        | 6/50 [00:01<00:10,  4.08it/s, Saved at =inf, TrLoss=0.4598]
 Training FV-otc-s6-t9:  12%|█▏        | 6/50 [00:01<00:10,  4.08it/s, Saved at =inf, TrLoss=0.4049]
 Training FV-otc-s6-t9:  14%|█▍        | 7/50 [00:01<00:10,  4.11it/s, Saved at =inf, TrLoss=0.4049]
 Training FV-otc-s6-t9:  14%|█▍        | 7/50 [00:02<00:10,  4.11it/s, Saved at =inf, TrLoss=0.3751]
 Training FV-otc-s6-t9:  16%|█▌        | 8/50 [00:02<00:11,  3.68it/s, Saved at =inf, TrLoss=0.3751]
 Training FV-otc-s6-t9:  16%|█▌        | 8/50 [00:02<00:11,  3.68it/s, Saved at =inf, TrLoss=0.3634]
 Training FV-otc-s6-t9:  18%|█▊        | 9/50 [00:02<00:12,  3.26it/s, Saved at =inf, TrLoss=0.3634]
 Training FV-otc-s6-t9:  18%|█▊        | 9/50 [00:02<00:12,  3.26it/s, Saved at =inf, TrLoss=0.3540]
 Training FV-otc-s6-t9:  20%|██        | 10/50 [00:02<00:12,  3.32it/s, Saved at =inf, TrLoss=0.3540]
 Training FV-otc-s6-t9:  20%|██        | 10/50 [00:03<00:12,  3.32it/s, Saved at =inf, TrLoss=0.3318]
 Training FV-otc-s6-t9:  22%|██▏       | 11/50 [00:03<00:11,  3.37it/s, Saved at =inf, TrLoss=0.3318]
 Training FV-otc-s6-t9:  22%|██▏       | 11/50 [00:03<00:11,  3.37it/s, Saved at =inf, TrLoss=0.3206]
 Training FV-otc-s6-t9:  24%|██▍       | 12/50 [00:03<00:10,  3.64it/s, Saved at =inf, TrLoss=0.3206]
 Training FV-otc-s6-t9:  24%|██▍       | 12/50 [00:03<00:10,  3.64it/s, Saved at =inf, TrLoss=0.3253]
 Training FV-otc-s6-t9:  26%|██▌       | 13/50 [00:03<00:12,  3.01it/s, Saved at =inf, TrLoss=0.3253]
 Training FV-otc-s6-t9:  26%|██▌       | 13/50 [00:04<00:12,  3.01it/s, Saved at =inf, TrLoss=0.3159]
 Training FV-otc-s6-t9:  28%|██▊       | 14/50 [00:04<00:11,  3.19it/s, Saved at =inf, TrLoss=0.3159]
 Training FV-otc-s6-t9:  28%|██▊       | 14/50 [00:04<00:11,  3.19it/s, Saved at =inf, TrLoss=0.2909]
 Training FV-otc-s6-t9:  30%|███       | 15/50 [00:04<00:09,  3.51it/s, Saved at =inf, TrLoss=0.2909]
 Training FV-otc-s6-t9:  30%|███       | 15/50 [00:04<00:09,  3.51it/s, Saved at =inf, TrLoss=0.2887]
 Training FV-otc-s6-t9:  32%|███▏      | 16/50 [00:04<00:09,  3.73it/s, Saved at =inf, TrLoss=0.2887]
 Training FV-otc-s6-t9:  32%|███▏      | 16/50 [00:04<00:09,  3.73it/s, Saved at =inf, TrLoss=0.2825]
 Training FV-otc-s6-t9:  34%|███▍      | 17/50 [00:04<00:08,  3.97it/s, Saved at =inf, TrLoss=0.2825]
 Training FV-otc-s6-t9:  34%|███▍      | 17/50 [00:04<00:08,  3.97it/s, Saved at =inf, TrLoss=0.2752]
 Training FV-otc-s6-t9:  36%|███▌      | 18/50 [00:04<00:07,  4.18it/s, Saved at =inf, TrLoss=0.2752]
 Training FV-otc-s6-t9:  36%|███▌      | 18/50 [00:05<00:07,  4.18it/s, Saved at =inf, TrLoss=0.2704]
 Training FV-otc-s6-t9:  38%|███▊      | 19/50 [00:05<00:07,  4.19it/s, Saved at =inf, TrLoss=0.2704]
 Training FV-otc-s6-t9:  38%|███▊      | 19/50 [00:05<00:07,  4.19it/s, Saved at =inf, TrLoss=0.2686]
 Training FV-otc-s6-t9:  40%|████      | 20/50 [00:05<00:06,  4.32it/s, Saved at =inf, TrLoss=0.2686]
 Training FV-otc-s6-t9:  40%|████      | 20/50 [00:05<00:06,  4.32it/s, Saved at =inf, TrLoss=0.2590]
 Training FV-otc-s6-t9:  42%|████▏     | 21/50 [00:05<00:06,  4.39it/s, Saved at =inf, TrLoss=0.2590]
 Training FV-otc-s6-t9:  42%|████▏     | 21/50 [00:05<00:06,  4.39it/s, Saved at =inf, TrLoss=0.2612]
 Training FV-otc-s6-t9:  44%|████▍     | 22/50 [00:05<00:06,  4.47it/s, Saved at =inf, TrLoss=0.2612]
 Training FV-otc-s6-t9:  44%|████▍     | 22/50 [00:06<00:06,  4.47it/s, Saved at =inf, TrLoss=0.2601]
 Training FV-otc-s6-t9:  46%|████▌     | 23/50 [00:06<00:05,  4.52it/s, Saved at =inf, TrLoss=0.2601]
 Training FV-otc-s6-t9:  46%|████▌     | 23/50 [00:06<00:05,  4.52it/s, Saved at =inf, TrLoss=0.2542]
 Training FV-otc-s6-t9:  48%|████▊     | 24/50 [00:06<00:05,  4.61it/s, Saved at =inf, TrLoss=0.2542]
 Training FV-otc-s6-t9:  48%|████▊     | 24/50 [00:06<00:05,  4.61it/s, Saved at =inf, TrLoss=0.2519]
 Training FV-otc-s6-t9:  50%|█████     | 25/50 [00:06<00:05,  4.56it/s, Saved at =inf, TrLoss=0.2519]
 Training FV-otc-s6-t9:  50%|█████     | 25/50 [00:06<00:05,  4.56it/s, Saved at =inf, TrLoss=0.2518]
 Training FV-otc-s6-t9:  52%|█████▏    | 26/50 [00:06<00:05,  4.27it/s, Saved at =inf, TrLoss=0.2518]
 Training FV-otc-s6-t9:  52%|█████▏    | 26/50 [00:07<00:05,  4.27it/s, Saved at =inf, TrLoss=0.2455]
 Training FV-otc-s6-t9:  54%|█████▍    | 27/50 [00:07<00:05,  4.09it/s, Saved at =inf, TrLoss=0.2455]
 Training FV-otc-s6-t9:  54%|█████▍    | 27/50 [00:07<00:05,  4.09it/s, Saved at =inf, TrLoss=0.2440]
 Training FV-otc-s6-t9:  56%|█████▌    | 28/50 [00:07<00:05,  4.01it/s, Saved at =inf, TrLoss=0.2440]
 Training FV-otc-s6-t9:  56%|█████▌    | 28/50 [00:07<00:05,  4.01it/s, Saved at =inf, TrLoss=0.2419]
 Training FV-otc-s6-t9:  58%|█████▊    | 29/50 [00:07<00:05,  3.91it/s, Saved at =inf, TrLoss=0.2419]
 Training FV-otc-s6-t9:  58%|█████▊    | 29/50 [00:07<00:05,  3.91it/s, Saved at =inf, TrLoss=0.2419]
 Training FV-otc-s6-t9:  60%|██████    | 30/50 [00:07<00:05,  3.88it/s, Saved at =inf, TrLoss=0.2419]
 Training FV-otc-s6-t9:  60%|██████    | 30/50 [00:08<00:05,  3.88it/s, Saved at =inf, TrLoss=0.2476]
 Training FV-otc-s6-t9:  62%|██████▏   | 31/50 [00:08<00:04,  3.83it/s, Saved at =inf, TrLoss=0.2476]
 Training FV-otc-s6-t9:  62%|██████▏   | 31/50 [00:08<00:04,  3.83it/s, Saved at =inf, TrLoss=0.2468]
 Training FV-otc-s6-t9:  64%|██████▍   | 32/50 [00:08<00:04,  3.84it/s, Saved at =inf, TrLoss=0.2468]
 Training FV-otc-s6-t9:  64%|██████▍   | 32/50 [00:08<00:04,  3.84it/s, Saved at =inf, TrLoss=0.2314]
 Training FV-otc-s6-t9:  66%|██████▌   | 33/50 [00:08<00:04,  3.97it/s, Saved at =inf, TrLoss=0.2314]
 Training FV-otc-s6-t9:  66%|██████▌   | 33/50 [00:08<00:04,  3.97it/s, Saved at =inf, TrLoss=0.2347]
 Training FV-otc-s6-t9:  68%|██████▊   | 34/50 [00:08<00:03,  4.06it/s, Saved at =inf, TrLoss=0.2347]
 Training FV-otc-s6-t9:  68%|██████▊   | 34/50 [00:09<00:03,  4.06it/s, Saved at =inf, TrLoss=0.2276]
 Training FV-otc-s6-t9:  70%|███████   | 35/50 [00:09<00:03,  4.21it/s, Saved at =inf, TrLoss=0.2276]
 Training FV-otc-s6-t9:  70%|███████   | 35/50 [00:09<00:03,  4.21it/s, Saved at =inf, TrLoss=0.2287]
 Training FV-otc-s6-t9:  72%|███████▏  | 36/50 [00:09<00:03,  4.07it/s, Saved at =inf, TrLoss=0.2287]
 Training FV-otc-s6-t9:  72%|███████▏  | 36/50 [00:09<00:03,  4.07it/s, Saved at =inf, TrLoss=0.2271]
 Training FV-otc-s6-t9:  74%|███████▍  | 37/50 [00:09<00:03,  3.85it/s, Saved at =inf, TrLoss=0.2271]
 Training FV-otc-s6-t9:  74%|███████▍  | 37/50 [00:09<00:03,  3.85it/s, Saved at =inf, TrLoss=0.2207]
 Training FV-otc-s6-t9:  76%|███████▌  | 38/50 [00:09<00:03,  3.85it/s, Saved at =inf, TrLoss=0.2207]
 Training FV-otc-s6-t9:  76%|███████▌  | 38/50 [00:10<00:03,  3.85it/s, Saved at =inf, TrLoss=0.2361]
 Training FV-otc-s6-t9:  78%|███████▊  | 39/50 [00:10<00:02,  3.77it/s, Saved at =inf, TrLoss=0.2361]
 Training FV-otc-s6-t9:  78%|███████▊  | 39/50 [00:10<00:02,  3.77it/s, Saved at =inf, TrLoss=0.2239]
 Training FV-otc-s6-t9:  80%|████████  | 40/50 [00:10<00:02,  3.88it/s, Saved at =inf, TrLoss=0.2239]
 Training FV-otc-s6-t9:  80%|████████  | 40/50 [00:10<00:02,  3.88it/s, Saved at =inf, TrLoss=0.2228]
 Training FV-otc-s6-t9:  82%|████████▏ | 41/50 [00:10<00:02,  3.48it/s, Saved at =inf, TrLoss=0.2228]
 Training FV-otc-s6-t9:  82%|████████▏ | 41/50 [00:10<00:02,  3.48it/s, Saved at =inf, TrLoss=0.2213]
 Training FV-otc-s6-t9:  84%|████████▍ | 42/50 [00:11<00:02,  3.32it/s, Saved at =inf, TrLoss=0.2213]
 Training FV-otc-s6-t9:  84%|████████▍ | 42/50 [00:11<00:02,  3.32it/s, Saved at =inf, TrLoss=0.2187]
 Training FV-otc-s6-t9:  86%|████████▌ | 43/50 [00:11<00:02,  3.33it/s, Saved at =inf, TrLoss=0.2187]
 Training FV-otc-s6-t9:  86%|████████▌ | 43/50 [00:11<00:02,  3.33it/s, Saved at =inf, TrLoss=0.2190]
 Training FV-otc-s6-t9:  88%|████████▊ | 44/50 [00:11<00:01,  3.65it/s, Saved at =inf, TrLoss=0.2190]
 Training FV-otc-s6-t9:  88%|████████▊ | 44/50 [00:11<00:01,  3.65it/s, Saved at =inf, TrLoss=0.2111]
 Training FV-otc-s6-t9:  90%|█████████ | 45/50 [00:11<00:01,  3.60it/s, Saved at =inf, TrLoss=0.2111]
 Training FV-otc-s6-t9:  90%|█████████ | 45/50 [00:12<00:01,  3.60it/s, Saved at =inf, TrLoss=0.2190]
 Training FV-otc-s6-t9:  92%|█████████▏| 46/50 [00:12<00:01,  3.56it/s, Saved at =inf, TrLoss=0.2190]
 Training FV-otc-s6-t9:  92%|█████████▏| 46/50 [00:12<00:01,  3.56it/s, Saved at =inf, TrLoss=0.2176]
 Training FV-otc-s6-t9:  94%|█████████▍| 47/50 [00:12<00:00,  3.32it/s, Saved at =inf, TrLoss=0.2176]
 Training FV-otc-s6-t9:  94%|█████████▍| 47/50 [00:12<00:00,  3.32it/s, Saved at =inf, TrLoss=0.2103]
 Training FV-otc-s6-t9:  96%|█████████▌| 48/50 [00:12<00:00,  3.10it/s, Saved at =inf, TrLoss=0.2103]
 Training FV-otc-s6-t9:  96%|█████████▌| 48/50 [00:13<00:00,  3.10it/s, Saved at =inf, TrLoss=0.2174]
 Training FV-otc-s6-t9:  98%|█████████▊| 49/50 [00:13<00:00,  3.40it/s, Saved at =inf, TrLoss=0.2174]
 Training FV-otc-s6-t9:  98%|█████████▊| 49/50 [00:13<00:00,  3.40it/s, Saved at =inf, TrLoss=0.2086]
 Training FV-otc-s6-t9: 100%|██████████| 50/50 [00:13<00:00,  3.50it/s, Saved at =inf, TrLoss=0.2086]
 Training FV-otc-s6-t9: 100%|██████████| 50/50 [00:13<00:00,  3.73it/s, Saved at =inf, TrLoss=0.2086]

 Training ATK-otc-s6-t7:   0%|          | 0/50 [00:00<?, ?it/s]
 Training ATK-otc-s6-t7:   0%|          | 0/50 [00:00<?, ?it/s, Saved at =inf, TrLoss=0.8295]
 Training ATK-otc-s6-t7:   2%|▏         | 1/50 [00:00<00:08,  5.88it/s, Saved at =inf, TrLoss=0.8295]
 Training ATK-otc-s6-t7:   2%|▏         | 1/50 [00:00<00:08,  5.88it/s, Saved at =inf, TrLoss=0.5299]
 Training ATK-otc-s6-t7:   4%|▍         | 2/50 [00:00<00:12,  3.79it/s, Saved at =inf, TrLoss=0.5299]
 Training ATK-otc-s6-t7:   4%|▍         | 2/50 [00:00<00:12,  3.79it/s, Saved at =inf, TrLoss=0.4686]
 Training ATK-otc-s6-t7:   6%|▌         | 3/50 [00:00<00:13,  3.61it/s, Saved at =inf, TrLoss=0.4686]
 Training ATK-otc-s6-t7:   6%|▌         | 3/50 [00:01<00:13,  3.61it/s, Saved at =inf, TrLoss=0.5794]
 Training ATK-otc-s6-t7:   8%|▊         | 4/50 [00:01<00:15,  3.05it/s, Saved at =inf, TrLoss=0.5794]
 Training ATK-otc-s6-t7:   8%|▊         | 4/50 [00:01<00:15,  3.05it/s, Saved at =inf, TrLoss=0.4478]
 Training ATK-otc-s6-t7:  10%|█         | 5/50 [00:01<00:13,  3.45it/s, Saved at =inf, TrLoss=0.4478]
 Training ATK-otc-s6-t7:  10%|█         | 5/50 [00:01<00:13,  3.45it/s, Saved at =inf, TrLoss=0.4405]
 Training ATK-otc-s6-t7:  12%|█▏        | 6/50 [00:01<00:10,  4.01it/s, Saved at =inf, TrLoss=0.4405]
 Training ATK-otc-s6-t7:  12%|█▏        | 6/50 [00:01<00:10,  4.01it/s, Saved at =inf, TrLoss=0.3825]
 Training ATK-otc-s6-t7:  14%|█▍        | 7/50 [00:01<00:09,  4.42it/s, Saved at =inf, TrLoss=0.3825]
 Training ATK-otc-s6-t7:  14%|█▍        | 7/50 [00:01<00:09,  4.42it/s, Saved at =inf, TrLoss=0.4016]
 Training ATK-otc-s6-t7:  16%|█▌        | 8/50 [00:02<00:09,  4.32it/s, Saved at =inf, TrLoss=0.4016]
 Training ATK-otc-s6-t7:  16%|█▌        | 8/50 [00:02<00:09,  4.32it/s, Saved at =inf, TrLoss=0.3584]
 Training ATK-otc-s6-t7:  18%|█▊        | 9/50 [00:02<00:09,  4.36it/s, Saved at =inf, TrLoss=0.3584]
 Training ATK-otc-s6-t7:  18%|█▊        | 9/50 [00:02<00:09,  4.36it/s, Saved at =inf, TrLoss=0.3282]
 Training ATK-otc-s6-t7:  20%|██        | 10/50 [00:02<00:08,  4.74it/s, Saved at =inf, TrLoss=0.3282]
 Training ATK-otc-s6-t7:  20%|██        | 10/50 [00:02<00:08,  4.74it/s, Saved at =inf, TrLoss=0.3552]
 Training ATK-otc-s6-t7:  22%|██▏       | 11/50 [00:02<00:07,  5.03it/s, Saved at =inf, TrLoss=0.3552]
 Training ATK-otc-s6-t7:  22%|██▏       | 11/50 [00:02<00:07,  5.03it/s, Saved at =inf, TrLoss=0.3068]
 Training ATK-otc-s6-t7:  24%|██▍       | 12/50 [00:02<00:07,  4.76it/s, Saved at =inf, TrLoss=0.3068]
 Training ATK-otc-s6-t7:  24%|██▍       | 12/50 [00:02<00:07,  4.76it/s, Saved at =inf, TrLoss=0.3197]
 Training ATK-otc-s6-t7:  26%|██▌       | 13/50 [00:03<00:08,  4.56it/s, Saved at =inf, TrLoss=0.3197]
 Training ATK-otc-s6-t7:  26%|██▌       | 13/50 [00:03<00:08,  4.56it/s, Saved at =inf, TrLoss=0.3114]
 Training ATK-otc-s6-t7:  28%|██▊       | 14/50 [00:03<00:08,  4.45it/s, Saved at =inf, TrLoss=0.3114]
 Training ATK-otc-s6-t7:  28%|██▊       | 14/50 [00:03<00:08,  4.45it/s, Saved at =inf, TrLoss=0.2868]
 Training ATK-otc-s6-t7:  30%|███       | 15/50 [00:03<00:07,  4.87it/s, Saved at =inf, TrLoss=0.2868]
 Training ATK-otc-s6-t7:  30%|███       | 15/50 [00:03<00:07,  4.87it/s, Saved at =inf, TrLoss=0.3050]
 Training ATK-otc-s6-t7:  32%|███▏      | 16/50 [00:03<00:06,  5.16it/s, Saved at =inf, TrLoss=0.3050]
 Training ATK-otc-s6-t7:  32%|███▏      | 16/50 [00:03<00:06,  5.16it/s, Saved at =inf, TrLoss=0.2752]
 Training ATK-otc-s6-t7:  34%|███▍      | 17/50 [00:03<00:06,  4.76it/s, Saved at =inf, TrLoss=0.2752]
 Training ATK-otc-s6-t7:  34%|███▍      | 17/50 [00:04<00:06,  4.76it/s, Saved at =inf, TrLoss=0.2774]
 Training ATK-otc-s6-t7:  36%|███▌      | 18/50 [00:04<00:07,  4.53it/s, Saved at =inf, TrLoss=0.2774]
 Training ATK-otc-s6-t7:  36%|███▌      | 18/50 [00:04<00:07,  4.53it/s, Saved at =inf, TrLoss=0.2798]
 Training ATK-otc-s6-t7:  38%|███▊      | 19/50 [00:04<00:07,  4.37it/s, Saved at =inf, TrLoss=0.2798]
 Training ATK-otc-s6-t7:  38%|███▊      | 19/50 [00:04<00:07,  4.37it/s, Saved at =inf, TrLoss=0.2560]
 Training ATK-otc-s6-t7:  40%|████      | 20/50 [00:04<00:06,  4.80it/s, Saved at =inf, TrLoss=0.2560]
 Training ATK-otc-s6-t7:  40%|████      | 20/50 [00:04<00:06,  4.80it/s, Saved at =inf, TrLoss=0.2663]
 Training ATK-otc-s6-t7:  42%|████▏     | 21/50 [00:04<00:05,  5.11it/s, Saved at =inf, TrLoss=0.2663]
 Training ATK-otc-s6-t7:  42%|████▏     | 21/50 [00:04<00:05,  5.11it/s, Saved at =inf, TrLoss=0.2559]
 Training ATK-otc-s6-t7:  44%|████▍     | 22/50 [00:04<00:05,  5.35it/s, Saved at =inf, TrLoss=0.2559]
 Training ATK-otc-s6-t7:  44%|████▍     | 22/50 [00:05<00:05,  5.35it/s, Saved at =inf, TrLoss=0.2451]
 Training ATK-otc-s6-t7:  46%|████▌     | 23/50 [00:05<00:05,  4.94it/s, Saved at =inf, TrLoss=0.2451]
 Training ATK-otc-s6-t7:  46%|████▌     | 23/50 [00:05<00:05,  4.94it/s, Saved at =inf, TrLoss=0.2542]
 Training ATK-otc-s6-t7:  48%|████▊     | 24/50 [00:05<00:05,  4.74it/s, Saved at =inf, TrLoss=0.2542]
 Training ATK-otc-s6-t7:  48%|████▊     | 24/50 [00:05<00:05,  4.74it/s, Saved at =inf, TrLoss=0.2360]
 Training ATK-otc-s6-t7:  50%|█████     | 25/50 [00:05<00:05,  4.77it/s, Saved at =inf, TrLoss=0.2360]
 Training ATK-otc-s6-t7:  50%|█████     | 25/50 [00:05<00:05,  4.77it/s, Saved at =inf, TrLoss=0.2364]
 Training ATK-otc-s6-t7:  52%|█████▏    | 26/50 [00:05<00:05,  4.68it/s, Saved at =inf, TrLoss=0.2364]
 Training ATK-otc-s6-t7:  52%|█████▏    | 26/50 [00:05<00:05,  4.68it/s, Saved at =inf, TrLoss=0.2409]
 Training ATK-otc-s6-t7:  54%|█████▍    | 27/50 [00:05<00:04,  4.93it/s, Saved at =inf, TrLoss=0.2409]
 Training ATK-otc-s6-t7:  54%|█████▍    | 27/50 [00:06<00:04,  4.93it/s, Saved at =inf, TrLoss=0.2296]
 Training ATK-otc-s6-t7:  56%|█████▌    | 28/50 [00:06<00:04,  5.17it/s, Saved at =inf, TrLoss=0.2296]
 Training ATK-otc-s6-t7:  56%|█████▌    | 28/50 [00:06<00:04,  5.17it/s, Saved at =inf, TrLoss=0.2351]
 Training ATK-otc-s6-t7:  58%|█████▊    | 29/50 [00:06<00:04,  4.75it/s, Saved at =inf, TrLoss=0.2351]
 Training ATK-otc-s6-t7:  58%|█████▊    | 29/50 [00:06<00:04,  4.75it/s, Saved at =inf, TrLoss=0.2288]
 Training ATK-otc-s6-t7:  60%|██████    | 30/50 [00:06<00:04,  4.48it/s, Saved at =inf, TrLoss=0.2288]
 Training ATK-otc-s6-t7:  60%|██████    | 30/50 [00:06<00:04,  4.48it/s, Saved at =inf, TrLoss=0.2325]
 Training ATK-otc-s6-t7:  62%|██████▏   | 31/50 [00:06<00:04,  4.53it/s, Saved at =inf, TrLoss=0.2325]
 Training ATK-otc-s6-t7:  62%|██████▏   | 31/50 [00:06<00:04,  4.53it/s, Saved at =inf, TrLoss=0.2304]
 Training ATK-otc-s6-t7:  64%|██████▍   | 32/50 [00:07<00:03,  4.63it/s, Saved at =inf, TrLoss=0.2304]
 Training ATK-otc-s6-t7:  64%|██████▍   | 32/50 [00:07<00:03,  4.63it/s, Saved at =inf, TrLoss=0.2205]
 Training ATK-otc-s6-t7:  66%|██████▌   | 33/50 [00:07<00:03,  4.66it/s, Saved at =inf, TrLoss=0.2205]
 Training ATK-otc-s6-t7:  66%|██████▌   | 33/50 [00:07<00:03,  4.66it/s, Saved at =inf, TrLoss=0.2227]
 Training ATK-otc-s6-t7:  68%|██████▊   | 34/50 [00:07<00:03,  4.72it/s, Saved at =inf, TrLoss=0.2227]
 Training ATK-otc-s6-t7:  68%|██████▊   | 34/50 [00:07<00:03,  4.72it/s, Saved at =inf, TrLoss=0.2152]
 Training ATK-otc-s6-t7:  70%|███████   | 35/50 [00:07<00:03,  4.78it/s, Saved at =inf, TrLoss=0.2152]
 Training ATK-otc-s6-t7:  70%|███████   | 35/50 [00:07<00:03,  4.78it/s, Saved at =inf, TrLoss=0.2176]
 Training ATK-otc-s6-t7:  72%|███████▏  | 36/50 [00:07<00:02,  4.73it/s, Saved at =inf, TrLoss=0.2176]
 Training ATK-otc-s6-t7:  72%|███████▏  | 36/50 [00:08<00:02,  4.73it/s, Saved at =inf, TrLoss=0.2117]
 Training ATK-otc-s6-t7:  74%|███████▍  | 37/50 [00:08<00:02,  4.64it/s, Saved at =inf, TrLoss=0.2117]
 Training ATK-otc-s6-t7:  74%|███████▍  | 37/50 [00:08<00:02,  4.64it/s, Saved at =inf, TrLoss=0.2093]
 Training ATK-otc-s6-t7:  76%|███████▌  | 38/50 [00:08<00:02,  4.61it/s, Saved at =inf, TrLoss=0.2093]
 Training ATK-otc-s6-t7:  76%|███████▌  | 38/50 [00:08<00:02,  4.61it/s, Saved at =inf, TrLoss=0.2170]
 Training ATK-otc-s6-t7:  78%|███████▊  | 39/50 [00:08<00:02,  4.61it/s, Saved at =inf, TrLoss=0.2170]
 Training ATK-otc-s6-t7:  78%|███████▊  | 39/50 [00:08<00:02,  4.61it/s, Saved at =inf, TrLoss=0.2094]
 Training ATK-otc-s6-t7:  80%|████████  | 40/50 [00:08<00:02,  4.27it/s, Saved at =inf, TrLoss=0.2094]
 Training ATK-otc-s6-t7:  80%|████████  | 40/50 [00:08<00:02,  4.27it/s, Saved at =inf, TrLoss=0.2106]
 Training ATK-otc-s6-t7:  82%|████████▏ | 41/50 [00:09<00:02,  4.34it/s, Saved at =inf, TrLoss=0.2106]
 Training ATK-otc-s6-t7:  82%|████████▏ | 41/50 [00:09<00:02,  4.34it/s, Saved at =inf, TrLoss=0.2041]
 Training ATK-otc-s6-t7:  84%|████████▍ | 42/50 [00:09<00:01,  4.33it/s, Saved at =inf, TrLoss=0.2041]
 Training ATK-otc-s6-t7:  84%|████████▍ | 42/50 [00:09<00:01,  4.33it/s, Saved at =inf, TrLoss=0.2127]
 Training ATK-otc-s6-t7:  86%|████████▌ | 43/50 [00:09<00:01,  4.23it/s, Saved at =inf, TrLoss=0.2127]
 Training ATK-otc-s6-t7:  86%|████████▌ | 43/50 [00:09<00:01,  4.23it/s, Saved at =inf, TrLoss=0.2037]
 Training ATK-otc-s6-t7:  88%|████████▊ | 44/50 [00:09<00:01,  3.56it/s, Saved at =inf, TrLoss=0.2037]
 Training ATK-otc-s6-t7:  88%|████████▊ | 44/50 [00:10<00:01,  3.56it/s, Saved at =inf, TrLoss=0.2035]
 Training ATK-otc-s6-t7:  90%|█████████ | 45/50 [00:10<00:01,  3.81it/s, Saved at =inf, TrLoss=0.2035]
 Training ATK-otc-s6-t7:  90%|█████████ | 45/50 [00:10<00:01,  3.81it/s, Saved at =inf, TrLoss=0.2001]
 Training ATK-otc-s6-t7:  92%|█████████▏| 46/50 [00:10<00:00,  4.31it/s, Saved at =inf, TrLoss=0.2001]
 Training ATK-otc-s6-t7:  92%|█████████▏| 46/50 [00:10<00:00,  4.31it/s, Saved at =inf, TrLoss=0.1973]
 Training ATK-otc-s6-t7:  94%|█████████▍| 47/50 [00:10<00:00,  4.69it/s, Saved at =inf, TrLoss=0.1973]
 Training ATK-otc-s6-t7:  94%|█████████▍| 47/50 [00:10<00:00,  4.69it/s, Saved at =inf, TrLoss=0.1958]
 Training ATK-otc-s6-t7:  96%|█████████▌| 48/50 [00:10<00:00,  4.92it/s, Saved at =inf, TrLoss=0.1958]
 Training ATK-otc-s6-t7:  96%|█████████▌| 48/50 [00:10<00:00,  4.92it/s, Saved at =inf, TrLoss=0.1935]
 Training ATK-otc-s6-t7:  98%|█████████▊| 49/50 [00:10<00:00,  5.14it/s, Saved at =inf, TrLoss=0.1935]
 Training ATK-otc-s6-t7:  98%|█████████▊| 49/50 [00:10<00:00,  5.14it/s, Saved at =inf, TrLoss=0.1899]
 Training ATK-otc-s6-t7: 100%|██████████| 50/50 [00:11<00:00,  4.48it/s, Saved at =inf, TrLoss=0.1899]
 Training ATK-otc-s6-t7: 100%|██████████| 50/50 [00:11<00:00,  4.51it/s, Saved at =inf, TrLoss=0.1899]
[15:14:55]   MCC=0.387±0.103, AUC=0.760±0.069, BAcc=0.684±0.052
[15:17:16]   [otc s6] 500/3269 candidates scanned, 486 eligible
[15:19:31]   [otc s6] 1000/3269 candidates scanned, 959 eligible
[15:21:43]   [otc s6] 1500/3269 candidates scanned, 1420 eligible
[15:23:24]   [otc s6] 2000/3269 candidates scanned, 1776 eligible
[15:25:27]   [otc s6] 2500/3269 candidates scanned, 2205 eligible
[15:27:12]   [otc s6] 3000/3269 candidates scanned, 2575 eligible
[15:28:00]   otc seed 6: n=2743 AUC=0.760 | flip% random total/prop 14.7/10.4 | optimized 23.9/11.4 | 14.3 min
[15:28:00] Training GDTE on otc (seed=7)...

 Training FV-otc-s7-t2:   0%|          | 0/50 [00:00<?, ?it/s]
 Training FV-otc-s7-t2:   0%|          | 0/50 [00:00<?, ?it/s, Saved at =inf, TrLoss=0.7139]
 Training FV-otc-s7-t2:   0%|          | 0/50 [00:00<?, ?it/s, Saved at =inf, TrLoss=0.7400]
 Training FV-otc-s7-t2:   4%|▍         | 2/50 [00:00<00:02, 19.31it/s, Saved at =inf, TrLoss=0.7400]
 Training FV-otc-s7-t2:   4%|▍         | 2/50 [00:00<00:02, 19.31it/s, Saved at =inf, TrLoss=1.0725]
 Training FV-otc-s7-t2:   4%|▍         | 2/50 [00:00<00:02, 19.31it/s, Saved at =inf, TrLoss=0.5835]
 Training FV-otc-s7-t2:   4%|▍         | 2/50 [00:00<00:02, 19.31it/s, Saved at =inf, TrLoss=0.4009]
 Training FV-otc-s7-t2:  10%|█         | 5/50 [00:00<00:02, 19.85it/s, Saved at =inf, TrLoss=0.4009]
 Training FV-otc-s7-t2:  10%|█         | 5/50 [00:00<00:02, 19.85it/s, Saved at =inf, TrLoss=0.4938]
 Training FV-otc-s7-t2:  10%|█         | 5/50 [00:00<00:02, 19.85it/s, Saved at =inf, TrLoss=0.4136]
 Training FV-otc-s7-t2:  10%|█         | 5/50 [00:00<00:02, 19.85it/s, Saved at =inf, TrLoss=0.2895]
 Training FV-otc-s7-t2:  16%|█▌        | 8/50 [00:00<00:02, 20.07it/s, Saved at =inf, TrLoss=0.2895]
 Training FV-otc-s7-t2:  16%|█▌        | 8/50 [00:00<00:02, 20.07it/s, Saved at =inf, TrLoss=0.2464]
 Training FV-otc-s7-t2:  16%|█▌        | 8/50 [00:00<00:02, 20.07it/s, Saved at =inf, TrLoss=0.2353]
 Training FV-otc-s7-t2:  16%|█▌        | 8/50 [00:00<00:02, 20.07it/s, Saved at =inf, TrLoss=0.2552]
 Training FV-otc-s7-t2:  22%|██▏       | 11/50 [00:00<00:01, 20.22it/s, Saved at =inf, TrLoss=0.2552]
 Training FV-otc-s7-t2:  22%|██▏       | 11/50 [00:00<00:01, 20.22it/s, Saved at =inf, TrLoss=0.2206]
 Training FV-otc-s7-t2:  22%|██▏       | 11/50 [00:00<00:01, 20.22it/s, Saved at =inf, TrLoss=0.1993]
 Training FV-otc-s7-t2:  22%|██▏       | 11/50 [00:00<00:01, 20.22it/s, Saved at =inf, TrLoss=0.2138]
 Training FV-otc-s7-t2:  28%|██▊       | 14/50 [00:00<00:01, 20.30it/s, Saved at =inf, TrLoss=0.2138]
 Training FV-otc-s7-t2:  28%|██▊       | 14/50 [00:00<00:01, 20.30it/s, Saved at =inf, TrLoss=0.1913]
 Training FV-otc-s7-t2:  28%|██▊       | 14/50 [00:00<00:01, 20.30it/s, Saved at =inf, TrLoss=0.1751]
 Training FV-otc-s7-t2:  28%|██▊       | 14/50 [00:00<00:01, 20.30it/s, Saved at =inf, TrLoss=0.1786]
 Training FV-otc-s7-t2:  34%|███▍      | 17/50 [00:00<00:01, 20.29it/s, Saved at =inf, TrLoss=0.1786]
 Training FV-otc-s7-t2:  34%|███▍      | 17/50 [00:00<00:01, 20.29it/s, Saved at =inf, TrLoss=0.1733]
 Training FV-otc-s7-t2:  34%|███▍      | 17/50 [00:00<00:01, 20.29it/s, Saved at =inf, TrLoss=0.1482]
 Training FV-otc-s7-t2:  34%|███▍      | 17/50 [00:00<00:01, 20.29it/s, Saved at =inf, TrLoss=0.1440]
 Training FV-otc-s7-t2:  40%|████      | 20/50 [00:00<00:01, 20.29it/s, Saved at =inf, TrLoss=0.1440]
 Training FV-otc-s7-t2:  40%|████      | 20/50 [00:01<00:01, 20.29it/s, Saved at =inf, TrLoss=0.1942]
 Training FV-otc-s7-t2:  40%|████      | 20/50 [00:01<00:01, 20.29it/s, Saved at =inf, TrLoss=0.1512]
 Training FV-otc-s7-t2:  40%|████      | 20/50 [00:01<00:01, 20.29it/s, Saved at =inf, TrLoss=0.1457]
 Training FV-otc-s7-t2:  46%|████▌     | 23/50 [00:01<00:01, 20.34it/s, Saved at =inf, TrLoss=0.1457]
 Training FV-otc-s7-t2:  46%|████▌     | 23/50 [00:01<00:01, 20.34it/s, Saved at =inf, TrLoss=0.1823]
 Training FV-otc-s7-t2:  46%|████▌     | 23/50 [00:01<00:01, 20.34it/s, Saved at =inf, TrLoss=0.1595]
 Training FV-otc-s7-t2:  46%|████▌     | 23/50 [00:01<00:01, 20.34it/s, Saved at =inf, TrLoss=0.1363]
 Training FV-otc-s7-t2:  52%|█████▏    | 26/50 [00:01<00:01, 20.38it/s, Saved at =inf, TrLoss=0.1363]
 Training FV-otc-s7-t2:  52%|█████▏    | 26/50 [00:01<00:01, 20.38it/s, Saved at =inf, TrLoss=0.1463]
 Training FV-otc-s7-t2:  52%|█████▏    | 26/50 [00:01<00:01, 20.38it/s, Saved at =inf, TrLoss=0.1446]
 Training FV-otc-s7-t2:  52%|█████▏    | 26/50 [00:01<00:01, 20.38it/s, Saved at =inf, TrLoss=0.1541]
 Training FV-otc-s7-t2:  58%|█████▊    | 29/50 [00:01<00:01, 20.41it/s, Saved at =inf, TrLoss=0.1541]
 Training FV-otc-s7-t2:  58%|█████▊    | 29/50 [00:01<00:01, 20.41it/s, Saved at =inf, TrLoss=0.1232]
 Training FV-otc-s7-t2:  58%|█████▊    | 29/50 [00:01<00:01, 20.41it/s, Saved at =inf, TrLoss=0.1010]
 Training FV-otc-s7-t2:  58%|█████▊    | 29/50 [00:01<00:01, 20.41it/s, Saved at =inf, TrLoss=0.1013]
 Training FV-otc-s7-t2:  64%|██████▍   | 32/50 [00:01<00:00, 20.35it/s, Saved at =inf, TrLoss=0.1013]
 Training FV-otc-s7-t2:  64%|██████▍   | 32/50 [00:01<00:00, 20.35it/s, Saved at =inf, TrLoss=0.1032]
 Training FV-otc-s7-t2:  64%|██████▍   | 32/50 [00:01<00:00, 20.35it/s, Saved at =inf, TrLoss=0.1187]
 Training FV-otc-s7-t2:  64%|██████▍   | 32/50 [00:01<00:00, 20.35it/s, Saved at =inf, TrLoss=0.1008]
 Training FV-otc-s7-t2:  70%|███████   | 35/50 [00:01<00:00, 20.37it/s, Saved at =inf, TrLoss=0.1008]
 Training FV-otc-s7-t2:  70%|███████   | 35/50 [00:01<00:00, 20.37it/s, Saved at =inf, TrLoss=0.0948]
 Training FV-otc-s7-t2:  70%|███████   | 35/50 [00:01<00:00, 20.37it/s, Saved at =inf, TrLoss=0.1076]
 Training FV-otc-s7-t2:  70%|███████   | 35/50 [00:01<00:00, 20.37it/s, Saved at =inf, TrLoss=0.0937]
 Training FV-otc-s7-t2:  76%|███████▌  | 38/50 [00:01<00:00, 20.41it/s, Saved at =inf, TrLoss=0.0937]
 Training FV-otc-s7-t2:  76%|███████▌  | 38/50 [00:01<00:00, 20.41it/s, Saved at =inf, TrLoss=0.0809]
 Training FV-otc-s7-t2:  76%|███████▌  | 38/50 [00:01<00:00, 20.41it/s, Saved at =inf, TrLoss=0.0971]
 Training FV-otc-s7-t2:  76%|███████▌  | 38/50 [00:01<00:00, 20.41it/s, Saved at =inf, TrLoss=0.1023]
 Training FV-otc-s7-t2:  82%|████████▏ | 41/50 [00:02<00:00, 20.43it/s, Saved at =inf, TrLoss=0.1023]
 Training FV-otc-s7-t2:  82%|████████▏ | 41/50 [00:02<00:00, 20.43it/s, Saved at =inf, TrLoss=0.0850]
 Training FV-otc-s7-t2:  82%|████████▏ | 41/50 [00:02<00:00, 20.43it/s, Saved at =inf, TrLoss=0.1168]
 Training FV-otc-s7-t2:  82%|████████▏ | 41/50 [00:02<00:00, 20.43it/s, Saved at =inf, TrLoss=0.1122]
 Training FV-otc-s7-t2:  88%|████████▊ | 44/50 [00:02<00:00, 20.40it/s, Saved at =inf, TrLoss=0.1122]
 Training FV-otc-s7-t2:  88%|████████▊ | 44/50 [00:02<00:00, 20.40it/s, Saved at =inf, TrLoss=0.1034]
 Training FV-otc-s7-t2:  88%|████████▊ | 44/50 [00:02<00:00, 20.40it/s, Saved at =inf, TrLoss=0.1136]
 Training FV-otc-s7-t2:  88%|████████▊ | 44/50 [00:02<00:00, 20.40it/s, Saved at =inf, TrLoss=0.0883]
 Training FV-otc-s7-t2:  94%|█████████▍| 47/50 [00:02<00:00, 17.50it/s, Saved at =inf, TrLoss=0.0883]
 Training FV-otc-s7-t2:  94%|█████████▍| 47/50 [00:02<00:00, 17.50it/s, Saved at =inf, TrLoss=0.0894]
 Training FV-otc-s7-t2:  94%|█████████▍| 47/50 [00:02<00:00, 17.50it/s, Saved at =inf, TrLoss=0.0779]
 Training FV-otc-s7-t2:  98%|█████████▊| 49/50 [00:02<00:00, 16.26it/s, Saved at =inf, TrLoss=0.0779]
 Training FV-otc-s7-t2:  98%|█████████▊| 49/50 [00:02<00:00, 16.26it/s, Saved at =inf, TrLoss=0.0680]
 Training FV-otc-s7-t2: 100%|██████████| 50/50 [00:02<00:00, 19.22it/s, Saved at =inf, TrLoss=0.0680]

 Training FV-otc-s7-t3:   0%|          | 0/50 [00:00<?, ?it/s]
 Training FV-otc-s7-t3:   0%|          | 0/50 [00:00<?, ?it/s, Saved at =inf, TrLoss=0.8035]
 Training FV-otc-s7-t3:   0%|          | 0/50 [00:00<?, ?it/s, Saved at =inf, TrLoss=1.7841]
 Training FV-otc-s7-t3:   4%|▍         | 2/50 [00:00<00:03, 14.33it/s, Saved at =inf, TrLoss=1.7841]
 Training FV-otc-s7-t3:   4%|▍         | 2/50 [00:00<00:03, 14.33it/s, Saved at =inf, TrLoss=0.5207]
 Training FV-otc-s7-t3:   4%|▍         | 2/50 [00:00<00:03, 14.33it/s, Saved at =inf, TrLoss=0.6475]
 Training FV-otc-s7-t3:   8%|▊         | 4/50 [00:00<00:03, 14.14it/s, Saved at =inf, TrLoss=0.6475]
 Training FV-otc-s7-t3:   8%|▊         | 4/50 [00:00<00:03, 14.14it/s, Saved at =inf, TrLoss=0.4539]
 Training FV-otc-s7-t3:   8%|▊         | 4/50 [00:00<00:03, 14.14it/s, Saved at =inf, TrLoss=0.4182]
 Training FV-otc-s7-t3:  12%|█▏        | 6/50 [00:00<00:03, 14.25it/s, Saved at =inf, TrLoss=0.4182]
 Training FV-otc-s7-t3:  12%|█▏        | 6/50 [00:00<00:03, 14.25it/s, Saved at =inf, TrLoss=0.4172]
 Training FV-otc-s7-t3:  12%|█▏        | 6/50 [00:00<00:03, 14.25it/s, Saved at =inf, TrLoss=0.3662]
 Training FV-otc-s7-t3:  16%|█▌        | 8/50 [00:00<00:02, 14.18it/s, Saved at =inf, TrLoss=0.3662]
 Training FV-otc-s7-t3:  16%|█▌        | 8/50 [00:00<00:02, 14.18it/s, Saved at =inf, TrLoss=0.3439]
 Training FV-otc-s7-t3:  16%|█▌        | 8/50 [00:00<00:02, 14.18it/s, Saved at =inf, TrLoss=0.3222]
 Training FV-otc-s7-t3:  20%|██        | 10/50 [00:00<00:02, 14.02it/s, Saved at =inf, TrLoss=0.3222]
 Training FV-otc-s7-t3:  20%|██        | 10/50 [00:00<00:02, 14.02it/s, Saved at =inf, TrLoss=0.3244]
 Training FV-otc-s7-t3:  20%|██        | 10/50 [00:00<00:02, 14.02it/s, Saved at =inf, TrLoss=0.3086]
 Training FV-otc-s7-t3:  24%|██▍       | 12/50 [00:00<00:02, 14.16it/s, Saved at =inf, TrLoss=0.3086]
 Training FV-otc-s7-t3:  24%|██▍       | 12/50 [00:00<00:02, 14.16it/s, Saved at =inf, TrLoss=0.2467]
 Training FV-otc-s7-t3:  24%|██▍       | 12/50 [00:01<00:02, 14.16it/s, Saved at =inf, TrLoss=0.2285]
 Training FV-otc-s7-t3:  28%|██▊       | 14/50 [00:01<00:03, 11.28it/s, Saved at =inf, TrLoss=0.2285]
 Training FV-otc-s7-t3:  28%|██▊       | 14/50 [00:01<00:03, 11.28it/s, Saved at =inf, TrLoss=0.2753]
 Training FV-otc-s7-t3:  28%|██▊       | 14/50 [00:01<00:03, 11.28it/s, Saved at =inf, TrLoss=0.2029]
 Training FV-otc-s7-t3:  32%|███▏      | 16/50 [00:01<00:03, 10.83it/s, Saved at =inf, TrLoss=0.2029]
 Training FV-otc-s7-t3:  32%|███▏      | 16/50 [00:01<00:03, 10.83it/s, Saved at =inf, TrLoss=0.2029]
 Training FV-otc-s7-t3:  32%|███▏      | 16/50 [00:01<00:03, 10.83it/s, Saved at =inf, TrLoss=0.1930]
 Training FV-otc-s7-t3:  36%|███▌      | 18/50 [00:01<00:02, 11.74it/s, Saved at =inf, TrLoss=0.1930]
 Training FV-otc-s7-t3:  36%|███▌      | 18/50 [00:01<00:02, 11.74it/s, Saved at =inf, TrLoss=0.1988]
 Training FV-otc-s7-t3:  36%|███▌      | 18/50 [00:01<00:02, 11.74it/s, Saved at =inf, TrLoss=0.1827]
 Training FV-otc-s7-t3:  40%|████      | 20/50 [00:01<00:02, 12.48it/s, Saved at =inf, TrLoss=0.1827]
 Training FV-otc-s7-t3:  40%|████      | 20/50 [00:01<00:02, 12.48it/s, Saved at =inf, TrLoss=0.1996]
 Training FV-otc-s7-t3:  40%|████      | 20/50 [00:01<00:02, 12.48it/s, Saved at =inf, TrLoss=0.1775]
 Training FV-otc-s7-t3:  44%|████▍     | 22/50 [00:01<00:02, 13.05it/s, Saved at =inf, TrLoss=0.1775]
 Training FV-otc-s7-t3:  44%|████▍     | 22/50 [00:01<00:02, 13.05it/s, Saved at =inf, TrLoss=0.1769]
 Training FV-otc-s7-t3:  44%|████▍     | 22/50 [00:01<00:02, 13.05it/s, Saved at =inf, TrLoss=0.1843]
 Training FV-otc-s7-t3:  48%|████▊     | 24/50 [00:01<00:01, 13.14it/s, Saved at =inf, TrLoss=0.1843]
 Training FV-otc-s7-t3:  48%|████▊     | 24/50 [00:01<00:01, 13.14it/s, Saved at =inf, TrLoss=0.1703]
 Training FV-otc-s7-t3:  48%|████▊     | 24/50 [00:01<00:01, 13.14it/s, Saved at =inf, TrLoss=0.1582]
 Training FV-otc-s7-t3:  52%|█████▏    | 26/50 [00:02<00:01, 13.37it/s, Saved at =inf, TrLoss=0.1582]
 Training FV-otc-s7-t3:  52%|█████▏    | 26/50 [00:02<00:01, 13.37it/s, Saved at =inf, TrLoss=0.1670]
 Training FV-otc-s7-t3:  52%|█████▏    | 26/50 [00:02<00:01, 13.37it/s, Saved at =inf, TrLoss=0.1922]
 Training FV-otc-s7-t3:  56%|█████▌    | 28/50 [00:02<00:01, 13.43it/s, Saved at =inf, TrLoss=0.1922]
 Training FV-otc-s7-t3:  56%|█████▌    | 28/50 [00:02<00:01, 13.43it/s, Saved at =inf, TrLoss=0.1707]
 Training FV-otc-s7-t3:  56%|█████▌    | 28/50 [00:02<00:01, 13.43it/s, Saved at =inf, TrLoss=0.1844]
 Training FV-otc-s7-t3:  60%|██████    | 30/50 [00:02<00:01, 13.75it/s, Saved at =inf, TrLoss=0.1844]
 Training FV-otc-s7-t3:  60%|██████    | 30/50 [00:02<00:01, 13.75it/s, Saved at =inf, TrLoss=0.1563]
 Training FV-otc-s7-t3:  60%|██████    | 30/50 [00:02<00:01, 13.75it/s, Saved at =inf, TrLoss=0.1704]
 Training FV-otc-s7-t3:  64%|██████▍   | 32/50 [00:02<00:01, 13.97it/s, Saved at =inf, TrLoss=0.1704]
 Training FV-otc-s7-t3:  64%|██████▍   | 32/50 [00:02<00:01, 13.97it/s, Saved at =inf, TrLoss=0.1324]
 Training FV-otc-s7-t3:  64%|██████▍   | 32/50 [00:02<00:01, 13.97it/s, Saved at =inf, TrLoss=0.1731]
 Training FV-otc-s7-t3:  68%|██████▊   | 34/50 [00:02<00:01, 14.13it/s, Saved at =inf, TrLoss=0.1731]
 Training FV-otc-s7-t3:  68%|██████▊   | 34/50 [00:02<00:01, 14.13it/s, Saved at =inf, TrLoss=0.1529]
 Training FV-otc-s7-t3:  68%|██████▊   | 34/50 [00:02<00:01, 14.13it/s, Saved at =inf, TrLoss=0.1350]
 Training FV-otc-s7-t3:  72%|███████▏  | 36/50 [00:02<00:00, 14.22it/s, Saved at =inf, TrLoss=0.1350]
 Training FV-otc-s7-t3:  72%|███████▏  | 36/50 [00:02<00:00, 14.22it/s, Saved at =inf, TrLoss=0.1789]
 Training FV-otc-s7-t3:  72%|███████▏  | 36/50 [00:02<00:00, 14.22it/s, Saved at =inf, TrLoss=0.1499]
 Training FV-otc-s7-t3:  76%|███████▌  | 38/50 [00:02<00:00, 14.26it/s, Saved at =inf, TrLoss=0.1499]
 Training FV-otc-s7-t3:  76%|███████▌  | 38/50 [00:02<00:00, 14.26it/s, Saved at =inf, TrLoss=0.1398]
 Training FV-otc-s7-t3:  76%|███████▌  | 38/50 [00:02<00:00, 14.26it/s, Saved at =inf, TrLoss=0.1459]
 Training FV-otc-s7-t3:  80%|████████  | 40/50 [00:02<00:00, 14.29it/s, Saved at =inf, TrLoss=0.1459]
 Training FV-otc-s7-t3:  80%|████████  | 40/50 [00:03<00:00, 14.29it/s, Saved at =inf, TrLoss=0.1397]
 Training FV-otc-s7-t3:  80%|████████  | 40/50 [00:03<00:00, 14.29it/s, Saved at =inf, TrLoss=0.1145]
 Training FV-otc-s7-t3:  84%|████████▍ | 42/50 [00:03<00:00, 14.31it/s, Saved at =inf, TrLoss=0.1145]
 Training FV-otc-s7-t3:  84%|████████▍ | 42/50 [00:03<00:00, 14.31it/s, Saved at =inf, TrLoss=0.1606]
 Training FV-otc-s7-t3:  84%|████████▍ | 42/50 [00:03<00:00, 14.31it/s, Saved at =inf, TrLoss=0.1397]
 Training FV-otc-s7-t3:  88%|████████▊ | 44/50 [00:03<00:00, 14.32it/s, Saved at =inf, TrLoss=0.1397]
 Training FV-otc-s7-t3:  88%|████████▊ | 44/50 [00:03<00:00, 14.32it/s, Saved at =inf, TrLoss=0.1463]
 Training FV-otc-s7-t3:  88%|████████▊ | 44/50 [00:03<00:00, 14.32it/s, Saved at =inf, TrLoss=0.1381]
 Training FV-otc-s7-t3:  92%|█████████▏| 46/50 [00:03<00:00, 14.33it/s, Saved at =inf, TrLoss=0.1381]
 Training FV-otc-s7-t3:  92%|█████████▏| 46/50 [00:03<00:00, 14.33it/s, Saved at =inf, TrLoss=0.1219]
 Training FV-otc-s7-t3:  92%|█████████▏| 46/50 [00:03<00:00, 14.33it/s, Saved at =inf, TrLoss=0.1464]
 Training FV-otc-s7-t3:  96%|█████████▌| 48/50 [00:03<00:00, 13.85it/s, Saved at =inf, TrLoss=0.1464]
 Training FV-otc-s7-t3:  96%|█████████▌| 48/50 [00:03<00:00, 13.85it/s, Saved at =inf, TrLoss=0.1271]
 Training FV-otc-s7-t3:  96%|█████████▌| 48/50 [00:03<00:00, 13.85it/s, Saved at =inf, TrLoss=0.1272]
 Training FV-otc-s7-t3: 100%|██████████| 50/50 [00:03<00:00,  9.89it/s, Saved at =inf, TrLoss=0.1272]
 Training FV-otc-s7-t3: 100%|██████████| 50/50 [00:03<00:00, 12.84it/s, Saved at =inf, TrLoss=0.1272]

 Training FV-otc-s7-t4:   0%|          | 0/50 [00:00<?, ?it/s]
 Training FV-otc-s7-t4:   0%|          | 0/50 [00:00<?, ?it/s, Saved at =inf, TrLoss=0.7685]
 Training FV-otc-s7-t4:   0%|          | 0/50 [00:00<?, ?it/s, Saved at =inf, TrLoss=0.7233]
 Training FV-otc-s7-t4:   4%|▍         | 2/50 [00:00<00:04, 11.07it/s, Saved at =inf, TrLoss=0.7233]
 Training FV-otc-s7-t4:   4%|▍         | 2/50 [00:00<00:04, 11.07it/s, Saved at =inf, TrLoss=0.5505]
 Training FV-otc-s7-t4:   4%|▍         | 2/50 [00:00<00:04, 11.07it/s, Saved at =inf, TrLoss=0.4776]
 Training FV-otc-s7-t4:   8%|▊         | 4/50 [00:00<00:04, 11.20it/s, Saved at =inf, TrLoss=0.4776]
 Training FV-otc-s7-t4:   8%|▊         | 4/50 [00:00<00:04, 11.20it/s, Saved at =inf, TrLoss=0.4632]
 Training FV-otc-s7-t4:   8%|▊         | 4/50 [00:00<00:04, 11.20it/s, Saved at =inf, TrLoss=0.4461]
 Training FV-otc-s7-t4:  12%|█▏        | 6/50 [00:00<00:04, 10.48it/s, Saved at =inf, TrLoss=0.4461]
 Training FV-otc-s7-t4:  12%|█▏        | 6/50 [00:00<00:04, 10.48it/s, Saved at =inf, TrLoss=0.4132]
 Training FV-otc-s7-t4:  12%|█▏        | 6/50 [00:00<00:04, 10.48it/s, Saved at =inf, TrLoss=0.3693]
 Training FV-otc-s7-t4:  16%|█▌        | 8/50 [00:00<00:04,  9.33it/s, Saved at =inf, TrLoss=0.3693]
 Training FV-otc-s7-t4:  16%|█▌        | 8/50 [00:00<00:04,  9.33it/s, Saved at =inf, TrLoss=0.3412]
 Training FV-otc-s7-t4:  16%|█▌        | 8/50 [00:00<00:04,  9.33it/s, Saved at =inf, TrLoss=0.3059]
 Training FV-otc-s7-t4:  20%|██        | 10/50 [00:01<00:04,  9.61it/s, Saved at =inf, TrLoss=0.3059]
 Training FV-otc-s7-t4:  20%|██        | 10/50 [00:01<00:04,  9.61it/s, Saved at =inf, TrLoss=0.2932]
 Training FV-otc-s7-t4:  20%|██        | 10/50 [00:01<00:04,  9.61it/s, Saved at =inf, TrLoss=0.2662]
 Training FV-otc-s7-t4:  24%|██▍       | 12/50 [00:01<00:03,  9.99it/s, Saved at =inf, TrLoss=0.2662]
 Training FV-otc-s7-t4:  24%|██▍       | 12/50 [00:01<00:03,  9.99it/s, Saved at =inf, TrLoss=0.2506]
 Training FV-otc-s7-t4:  24%|██▍       | 12/50 [00:01<00:03,  9.99it/s, Saved at =inf, TrLoss=0.2901]
 Training FV-otc-s7-t4:  28%|██▊       | 14/50 [00:01<00:03, 10.26it/s, Saved at =inf, TrLoss=0.2901]
 Training FV-otc-s7-t4:  28%|██▊       | 14/50 [00:01<00:03, 10.26it/s, Saved at =inf, TrLoss=0.2926]
 Training FV-otc-s7-t4:  28%|██▊       | 14/50 [00:01<00:03, 10.26it/s, Saved at =inf, TrLoss=0.2360]
 Training FV-otc-s7-t4:  32%|███▏      | 16/50 [00:01<00:03, 10.46it/s, Saved at =inf, TrLoss=0.2360]
 Training FV-otc-s7-t4:  32%|███▏      | 16/50 [00:01<00:03, 10.46it/s, Saved at =inf, TrLoss=0.2502]
 Training FV-otc-s7-t4:  32%|███▏      | 16/50 [00:01<00:03, 10.46it/s, Saved at =inf, TrLoss=0.2131]
 Training FV-otc-s7-t4:  36%|███▌      | 18/50 [00:01<00:03, 10.08it/s, Saved at =inf, TrLoss=0.2131]
 Training FV-otc-s7-t4:  36%|███▌      | 18/50 [00:01<00:03, 10.08it/s, Saved at =inf, TrLoss=0.2093]
 Training FV-otc-s7-t4:  36%|███▌      | 18/50 [00:01<00:03, 10.08it/s, Saved at =inf, TrLoss=0.2054]
 Training FV-otc-s7-t4:  40%|████      | 20/50 [00:01<00:02, 10.18it/s, Saved at =inf, TrLoss=0.2054]
 Training FV-otc-s7-t4:  40%|████      | 20/50 [00:02<00:02, 10.18it/s, Saved at =inf, TrLoss=0.2025]
 Training FV-otc-s7-t4:  40%|████      | 20/50 [00:02<00:02, 10.18it/s, Saved at =inf, TrLoss=0.2082]
 Training FV-otc-s7-t4:  44%|████▍     | 22/50 [00:02<00:02,  9.73it/s, Saved at =inf, TrLoss=0.2082]
 Training FV-otc-s7-t4:  44%|████▍     | 22/50 [00:02<00:02,  9.73it/s, Saved at =inf, TrLoss=0.1826]
 Training FV-otc-s7-t4:  44%|████▍     | 22/50 [00:02<00:02,  9.73it/s, Saved at =inf, TrLoss=0.1999]
 Training FV-otc-s7-t4:  48%|████▊     | 24/50 [00:02<00:02, 10.14it/s, Saved at =inf, TrLoss=0.1999]
 Training FV-otc-s7-t4:  48%|████▊     | 24/50 [00:02<00:02, 10.14it/s, Saved at =inf, TrLoss=0.1787]
 Training FV-otc-s7-t4:  48%|████▊     | 24/50 [00:02<00:02, 10.14it/s, Saved at =inf, TrLoss=0.1828]
 Training FV-otc-s7-t4:  52%|█████▏    | 26/50 [00:02<00:02, 10.41it/s, Saved at =inf, TrLoss=0.1828]
 Training FV-otc-s7-t4:  52%|█████▏    | 26/50 [00:02<00:02, 10.41it/s, Saved at =inf, TrLoss=0.1757]
 Training FV-otc-s7-t4:  52%|█████▏    | 26/50 [00:02<00:02, 10.41it/s, Saved at =inf, TrLoss=0.1702]
 Training FV-otc-s7-t4:  56%|█████▌    | 28/50 [00:02<00:02, 10.42it/s, Saved at =inf, TrLoss=0.1702]
 Training FV-otc-s7-t4:  56%|█████▌    | 28/50 [00:02<00:02, 10.42it/s, Saved at =inf, TrLoss=0.1823]
 Training FV-otc-s7-t4:  56%|█████▌    | 28/50 [00:02<00:02, 10.42it/s, Saved at =inf, TrLoss=0.1752]
 Training FV-otc-s7-t4:  60%|██████    | 30/50 [00:02<00:01, 10.66it/s, Saved at =inf, TrLoss=0.1752]
 Training FV-otc-s7-t4:  60%|██████    | 30/50 [00:02<00:01, 10.66it/s, Saved at =inf, TrLoss=0.1699]
 Training FV-otc-s7-t4:  60%|██████    | 30/50 [00:03<00:01, 10.66it/s, Saved at =inf, TrLoss=0.1590]
 Training FV-otc-s7-t4:  64%|██████▍   | 32/50 [00:03<00:01, 10.59it/s, Saved at =inf, TrLoss=0.1590]
 Training FV-otc-s7-t4:  64%|██████▍   | 32/50 [00:03<00:01, 10.59it/s, Saved at =inf, TrLoss=0.1647]
 Training FV-otc-s7-t4:  64%|██████▍   | 32/50 [00:03<00:01, 10.59it/s, Saved at =inf, TrLoss=0.1627]
 Training FV-otc-s7-t4:  68%|██████▊   | 34/50 [00:03<00:01, 10.76it/s, Saved at =inf, TrLoss=0.1627]
 Training FV-otc-s7-t4:  68%|██████▊   | 34/50 [00:03<00:01, 10.76it/s, Saved at =inf, TrLoss=0.1598]
 Training FV-otc-s7-t4:  68%|██████▊   | 34/50 [00:03<00:01, 10.76it/s, Saved at =inf, TrLoss=0.1512]
 Training FV-otc-s7-t4:  72%|███████▏  | 36/50 [00:03<00:01, 10.48it/s, Saved at =inf, TrLoss=0.1512]
 Training FV-otc-s7-t4:  72%|███████▏  | 36/50 [00:03<00:01, 10.48it/s, Saved at =inf, TrLoss=0.1600]
 Training FV-otc-s7-t4:  72%|███████▏  | 36/50 [00:03<00:01, 10.48it/s, Saved at =inf, TrLoss=0.1531]
 Training FV-otc-s7-t4:  76%|███████▌  | 38/50 [00:03<00:01, 10.65it/s, Saved at =inf, TrLoss=0.1531]
 Training FV-otc-s7-t4:  76%|███████▌  | 38/50 [00:03<00:01, 10.65it/s, Saved at =inf, TrLoss=0.1499]
 Training FV-otc-s7-t4:  76%|███████▌  | 38/50 [00:03<00:01, 10.65it/s, Saved at =inf, TrLoss=0.1569]
 Training FV-otc-s7-t4:  80%|████████  | 40/50 [00:03<00:00, 10.84it/s, Saved at =inf, TrLoss=0.1569]
 Training FV-otc-s7-t4:  80%|████████  | 40/50 [00:03<00:00, 10.84it/s, Saved at =inf, TrLoss=0.1440]
 Training FV-otc-s7-t4:  80%|████████  | 40/50 [00:04<00:00, 10.84it/s, Saved at =inf, TrLoss=0.1526]
 Training FV-otc-s7-t4:  84%|████████▍ | 42/50 [00:04<00:00, 10.66it/s, Saved at =inf, TrLoss=0.1526]
 Training FV-otc-s7-t4:  84%|████████▍ | 42/50 [00:04<00:00, 10.66it/s, Saved at =inf, TrLoss=0.1546]
 Training FV-otc-s7-t4:  84%|████████▍ | 42/50 [00:04<00:00, 10.66it/s, Saved at =inf, TrLoss=0.1454]
 Training FV-otc-s7-t4:  88%|████████▊ | 44/50 [00:04<00:00, 10.50it/s, Saved at =inf, TrLoss=0.1454]
 Training FV-otc-s7-t4:  88%|████████▊ | 44/50 [00:04<00:00, 10.50it/s, Saved at =inf, TrLoss=0.1458]
 Training FV-otc-s7-t4:  88%|████████▊ | 44/50 [00:04<00:00, 10.50it/s, Saved at =inf, TrLoss=0.1469]
 Training FV-otc-s7-t4:  92%|█████████▏| 46/50 [00:04<00:00, 10.18it/s, Saved at =inf, TrLoss=0.1469]
 Training FV-otc-s7-t4:  92%|█████████▏| 46/50 [00:04<00:00, 10.18it/s, Saved at =inf, TrLoss=0.1386]
 Training FV-otc-s7-t4:  92%|█████████▏| 46/50 [00:04<00:00, 10.18it/s, Saved at =inf, TrLoss=0.1437]
 Training FV-otc-s7-t4:  96%|█████████▌| 48/50 [00:04<00:00, 10.27it/s, Saved at =inf, TrLoss=0.1437]
 Training FV-otc-s7-t4:  96%|█████████▌| 48/50 [00:04<00:00, 10.27it/s, Saved at =inf, TrLoss=0.1463]
 Training FV-otc-s7-t4:  96%|█████████▌| 48/50 [00:04<00:00, 10.27it/s, Saved at =inf, TrLoss=0.1333]
 Training FV-otc-s7-t4: 100%|██████████| 50/50 [00:04<00:00, 10.40it/s, Saved at =inf, TrLoss=0.1333]
 Training FV-otc-s7-t4: 100%|██████████| 50/50 [00:04<00:00, 10.34it/s, Saved at =inf, TrLoss=0.1333]

 Training FV-otc-s7-t5:   0%|          | 0/50 [00:00<?, ?it/s]
 Training FV-otc-s7-t5:   0%|          | 0/50 [00:00<?, ?it/s, Saved at =inf, TrLoss=0.7139]
 Training FV-otc-s7-t5:   2%|▏         | 1/50 [00:00<00:06,  7.89it/s, Saved at =inf, TrLoss=0.7139]
 Training FV-otc-s7-t5:   2%|▏         | 1/50 [00:00<00:06,  7.89it/s, Saved at =inf, TrLoss=0.6221]
 Training FV-otc-s7-t5:   4%|▍         | 2/50 [00:00<00:05,  8.57it/s, Saved at =inf, TrLoss=0.6221]
 Training FV-otc-s7-t5:   4%|▍         | 2/50 [00:00<00:05,  8.57it/s, Saved at =inf, TrLoss=0.7644]
 Training FV-otc-s7-t5:   6%|▌         | 3/50 [00:00<00:05,  8.81it/s, Saved at =inf, TrLoss=0.7644]
 Training FV-otc-s7-t5:   6%|▌         | 3/50 [00:00<00:05,  8.81it/s, Saved at =inf, TrLoss=0.4431]
 Training FV-otc-s7-t5:   8%|▊         | 4/50 [00:00<00:05,  8.86it/s, Saved at =inf, TrLoss=0.4431]
 Training FV-otc-s7-t5:   8%|▊         | 4/50 [00:00<00:05,  8.86it/s, Saved at =inf, TrLoss=0.4458]
 Training FV-otc-s7-t5:  10%|█         | 5/50 [00:00<00:05,  8.51it/s, Saved at =inf, TrLoss=0.4458]
 Training FV-otc-s7-t5:  10%|█         | 5/50 [00:00<00:05,  8.51it/s, Saved at =inf, TrLoss=0.3883]
 Training FV-otc-s7-t5:  12%|█▏        | 6/50 [00:00<00:05,  8.55it/s, Saved at =inf, TrLoss=0.3883]
 Training FV-otc-s7-t5:  12%|█▏        | 6/50 [00:00<00:05,  8.55it/s, Saved at =inf, TrLoss=0.3926]
 Training FV-otc-s7-t5:  14%|█▍        | 7/50 [00:00<00:04,  8.73it/s, Saved at =inf, TrLoss=0.3926]
 Training FV-otc-s7-t5:  14%|█▍        | 7/50 [00:00<00:04,  8.73it/s, Saved at =inf, TrLoss=0.3969]
 Training FV-otc-s7-t5:  16%|█▌        | 8/50 [00:00<00:04,  8.85it/s, Saved at =inf, TrLoss=0.3969]
 Training FV-otc-s7-t5:  16%|█▌        | 8/50 [00:00<00:04,  8.85it/s, Saved at =inf, TrLoss=0.3397]
 Training FV-otc-s7-t5:  18%|█▊        | 9/50 [00:01<00:04,  8.92it/s, Saved at =inf, TrLoss=0.3397]
 Training FV-otc-s7-t5:  18%|█▊        | 9/50 [00:01<00:04,  8.92it/s, Saved at =inf, TrLoss=0.3444]
 Training FV-otc-s7-t5:  20%|██        | 10/50 [00:01<00:04,  8.98it/s, Saved at =inf, TrLoss=0.3444]
 Training FV-otc-s7-t5:  20%|██        | 10/50 [00:01<00:04,  8.98it/s, Saved at =inf, TrLoss=0.3178]
 Training FV-otc-s7-t5:  22%|██▏       | 11/50 [00:01<00:04,  9.02it/s, Saved at =inf, TrLoss=0.3178]
 Training FV-otc-s7-t5:  22%|██▏       | 11/50 [00:01<00:04,  9.02it/s, Saved at =inf, TrLoss=0.2949]
 Training FV-otc-s7-t5:  24%|██▍       | 12/50 [00:01<00:04,  8.64it/s, Saved at =inf, TrLoss=0.2949]
 Training FV-otc-s7-t5:  24%|██▍       | 12/50 [00:01<00:04,  8.64it/s, Saved at =inf, TrLoss=0.3142]
 Training FV-otc-s7-t5:  26%|██▌       | 13/50 [00:01<00:04,  8.35it/s, Saved at =inf, TrLoss=0.3142]
 Training FV-otc-s7-t5:  26%|██▌       | 13/50 [00:01<00:04,  8.35it/s, Saved at =inf, TrLoss=0.2865]
 Training FV-otc-s7-t5:  28%|██▊       | 14/50 [00:01<00:04,  8.57it/s, Saved at =inf, TrLoss=0.2865]
 Training FV-otc-s7-t5:  28%|██▊       | 14/50 [00:01<00:04,  8.57it/s, Saved at =inf, TrLoss=0.2953]
 Training FV-otc-s7-t5:  30%|███       | 15/50 [00:01<00:04,  8.40it/s, Saved at =inf, TrLoss=0.2953]
 Training FV-otc-s7-t5:  30%|███       | 15/50 [00:01<00:04,  8.40it/s, Saved at =inf, TrLoss=0.2590]
 Training FV-otc-s7-t5:  32%|███▏      | 16/50 [00:01<00:03,  8.60it/s, Saved at =inf, TrLoss=0.2590]
 Training FV-otc-s7-t5:  32%|███▏      | 16/50 [00:01<00:03,  8.60it/s, Saved at =inf, TrLoss=0.2738]
 Training FV-otc-s7-t5:  34%|███▍      | 17/50 [00:01<00:03,  8.76it/s, Saved at =inf, TrLoss=0.2738]
 Training FV-otc-s7-t5:  34%|███▍      | 17/50 [00:02<00:03,  8.76it/s, Saved at =inf, TrLoss=0.2461]
 Training FV-otc-s7-t5:  36%|███▌      | 18/50 [00:02<00:03,  8.86it/s, Saved at =inf, TrLoss=0.2461]
 Training FV-otc-s7-t5:  36%|███▌      | 18/50 [00:02<00:03,  8.86it/s, Saved at =inf, TrLoss=0.2487]
 Training FV-otc-s7-t5:  38%|███▊      | 19/50 [00:02<00:03,  8.94it/s, Saved at =inf, TrLoss=0.2487]
 Training FV-otc-s7-t5:  38%|███▊      | 19/50 [00:02<00:03,  8.94it/s, Saved at =inf, TrLoss=0.2396]
 Training FV-otc-s7-t5:  40%|████      | 20/50 [00:02<00:03,  9.01it/s, Saved at =inf, TrLoss=0.2396]
 Training FV-otc-s7-t5:  40%|████      | 20/50 [00:02<00:03,  9.01it/s, Saved at =inf, TrLoss=0.2385]
 Training FV-otc-s7-t5:  42%|████▏     | 21/50 [00:02<00:03,  8.69it/s, Saved at =inf, TrLoss=0.2385]
 Training FV-otc-s7-t5:  42%|████▏     | 21/50 [00:02<00:03,  8.69it/s, Saved at =inf, TrLoss=0.2420]
 Training FV-otc-s7-t5:  44%|████▍     | 22/50 [00:02<00:03,  8.36it/s, Saved at =inf, TrLoss=0.2420]
 Training FV-otc-s7-t5:  44%|████▍     | 22/50 [00:02<00:03,  8.36it/s, Saved at =inf, TrLoss=0.2220]
 Training FV-otc-s7-t5:  46%|████▌     | 23/50 [00:02<00:03,  8.59it/s, Saved at =inf, TrLoss=0.2220]
 Training FV-otc-s7-t5:  46%|████▌     | 23/50 [00:02<00:03,  8.59it/s, Saved at =inf, TrLoss=0.2263]
 Training FV-otc-s7-t5:  48%|████▊     | 24/50 [00:02<00:03,  8.40it/s, Saved at =inf, TrLoss=0.2263]
 Training FV-otc-s7-t5:  48%|████▊     | 24/50 [00:02<00:03,  8.40it/s, Saved at =inf, TrLoss=0.2141]
 Training FV-otc-s7-t5:  50%|█████     | 25/50 [00:02<00:03,  8.00it/s, Saved at =inf, TrLoss=0.2141]
 Training FV-otc-s7-t5:  50%|█████     | 25/50 [00:03<00:03,  8.00it/s, Saved at =inf, TrLoss=0.2214]
 Training FV-otc-s7-t5:  52%|█████▏    | 26/50 [00:03<00:03,  7.47it/s, Saved at =inf, TrLoss=0.2214]
 Training FV-otc-s7-t5:  52%|█████▏    | 26/50 [00:03<00:03,  7.47it/s, Saved at =inf, TrLoss=0.2055]
 Training FV-otc-s7-t5:  54%|█████▍    | 27/50 [00:03<00:02,  7.74it/s, Saved at =inf, TrLoss=0.2055]
 Training FV-otc-s7-t5:  54%|█████▍    | 27/50 [00:03<00:02,  7.74it/s, Saved at =inf, TrLoss=0.2082]
 Training FV-otc-s7-t5:  56%|█████▌    | 28/50 [00:03<00:02,  7.49it/s, Saved at =inf, TrLoss=0.2082]
 Training FV-otc-s7-t5:  56%|█████▌    | 28/50 [00:03<00:02,  7.49it/s, Saved at =inf, TrLoss=0.2127]
 Training FV-otc-s7-t5:  58%|█████▊    | 29/50 [00:03<00:02,  7.13it/s, Saved at =inf, TrLoss=0.2127]
 Training FV-otc-s7-t5:  58%|█████▊    | 29/50 [00:03<00:02,  7.13it/s, Saved at =inf, TrLoss=0.2051]
 Training FV-otc-s7-t5:  60%|██████    | 30/50 [00:03<00:02,  7.06it/s, Saved at =inf, TrLoss=0.2051]
 Training FV-otc-s7-t5:  60%|██████    | 30/50 [00:03<00:02,  7.06it/s, Saved at =inf, TrLoss=0.2049]
 Training FV-otc-s7-t5:  62%|██████▏   | 31/50 [00:03<00:02,  7.24it/s, Saved at =inf, TrLoss=0.2049]
 Training FV-otc-s7-t5:  62%|██████▏   | 31/50 [00:03<00:02,  7.24it/s, Saved at =inf, TrLoss=0.1888]
 Training FV-otc-s7-t5:  64%|██████▍   | 32/50 [00:03<00:02,  7.72it/s, Saved at =inf, TrLoss=0.1888]
 Training FV-otc-s7-t5:  64%|██████▍   | 32/50 [00:03<00:02,  7.72it/s, Saved at =inf, TrLoss=0.1990]
 Training FV-otc-s7-t5:  66%|██████▌   | 33/50 [00:03<00:02,  7.89it/s, Saved at =inf, TrLoss=0.1990]
 Training FV-otc-s7-t5:  66%|██████▌   | 33/50 [00:04<00:02,  7.89it/s, Saved at =inf, TrLoss=0.1940]
 Training FV-otc-s7-t5:  68%|██████▊   | 34/50 [00:04<00:02,  7.81it/s, Saved at =inf, TrLoss=0.1940]
 Training FV-otc-s7-t5:  68%|██████▊   | 34/50 [00:04<00:02,  7.81it/s, Saved at =inf, TrLoss=0.1943]
 Training FV-otc-s7-t5:  70%|███████   | 35/50 [00:04<00:02,  7.00it/s, Saved at =inf, TrLoss=0.1943]
 Training FV-otc-s7-t5:  70%|███████   | 35/50 [00:04<00:02,  7.00it/s, Saved at =inf, TrLoss=0.1814]
 Training FV-otc-s7-t5:  72%|███████▏  | 36/50 [00:04<00:02,  6.71it/s, Saved at =inf, TrLoss=0.1814]
 Training FV-otc-s7-t5:  72%|███████▏  | 36/50 [00:04<00:02,  6.71it/s, Saved at =inf, TrLoss=0.1822]
 Training FV-otc-s7-t5:  74%|███████▍  | 37/50 [00:04<00:01,  6.54it/s, Saved at =inf, TrLoss=0.1822]
 Training FV-otc-s7-t5:  74%|███████▍  | 37/50 [00:04<00:01,  6.54it/s, Saved at =inf, TrLoss=0.1811]
 Training FV-otc-s7-t5:  76%|███████▌  | 38/50 [00:04<00:01,  6.33it/s, Saved at =inf, TrLoss=0.1811]
 Training FV-otc-s7-t5:  76%|███████▌  | 38/50 [00:04<00:01,  6.33it/s, Saved at =inf, TrLoss=0.1748]
 Training FV-otc-s7-t5:  78%|███████▊  | 39/50 [00:04<00:01,  6.98it/s, Saved at =inf, TrLoss=0.1748]
 Training FV-otc-s7-t5:  78%|███████▊  | 39/50 [00:04<00:01,  6.98it/s, Saved at =inf, TrLoss=0.1776]
 Training FV-otc-s7-t5:  80%|████████  | 40/50 [00:05<00:01,  7.52it/s, Saved at =inf, TrLoss=0.1776]
 Training FV-otc-s7-t5:  80%|████████  | 40/50 [00:05<00:01,  7.52it/s, Saved at =inf, TrLoss=0.1754]
 Training FV-otc-s7-t5:  82%|████████▏ | 41/50 [00:05<00:01,  7.95it/s, Saved at =inf, TrLoss=0.1754]
 Training FV-otc-s7-t5:  82%|████████▏ | 41/50 [00:05<00:01,  7.95it/s, Saved at =inf, TrLoss=0.1683]
 Training FV-otc-s7-t5:  84%|████████▍ | 42/50 [00:05<00:00,  8.28it/s, Saved at =inf, TrLoss=0.1683]
 Training FV-otc-s7-t5:  84%|████████▍ | 42/50 [00:05<00:00,  8.28it/s, Saved at =inf, TrLoss=0.1791]
 Training FV-otc-s7-t5:  86%|████████▌ | 43/50 [00:05<00:00,  8.53it/s, Saved at =inf, TrLoss=0.1791]
 Training FV-otc-s7-t5:  86%|████████▌ | 43/50 [00:05<00:00,  8.53it/s, Saved at =inf, TrLoss=0.1658]
 Training FV-otc-s7-t5:  88%|████████▊ | 44/50 [00:05<00:00,  8.72it/s, Saved at =inf, TrLoss=0.1658]
 Training FV-otc-s7-t5:  88%|████████▊ | 44/50 [00:05<00:00,  8.72it/s, Saved at =inf, TrLoss=0.1749]
 Training FV-otc-s7-t5:  90%|█████████ | 45/50 [00:05<00:00,  8.80it/s, Saved at =inf, TrLoss=0.1749]
 Training FV-otc-s7-t5:  90%|█████████ | 45/50 [00:05<00:00,  8.80it/s, Saved at =inf, TrLoss=0.1644]
 Training FV-otc-s7-t5:  92%|█████████▏| 46/50 [00:05<00:00,  8.27it/s, Saved at =inf, TrLoss=0.1644]
 Training FV-otc-s7-t5:  92%|█████████▏| 46/50 [00:05<00:00,  8.27it/s, Saved at =inf, TrLoss=0.1572]
 Training FV-otc-s7-t5:  94%|█████████▍| 47/50 [00:05<00:00,  6.63it/s, Saved at =inf, TrLoss=0.1572]
 Training FV-otc-s7-t5:  94%|█████████▍| 47/50 [00:06<00:00,  6.63it/s, Saved at =inf, TrLoss=0.1690]
 Training FV-otc-s7-t5:  96%|█████████▌| 48/50 [00:06<00:00,  5.44it/s, Saved at =inf, TrLoss=0.1690]
 Training FV-otc-s7-t5:  96%|█████████▌| 48/50 [00:06<00:00,  5.44it/s, Saved at =inf, TrLoss=0.1630]
 Training FV-otc-s7-t5:  98%|█████████▊| 49/50 [00:06<00:00,  6.07it/s, Saved at =inf, TrLoss=0.1630]
 Training FV-otc-s7-t5:  98%|█████████▊| 49/50 [00:06<00:00,  6.07it/s, Saved at =inf, TrLoss=0.1635]
 Training FV-otc-s7-t5: 100%|██████████| 50/50 [00:06<00:00,  6.52it/s, Saved at =inf, TrLoss=0.1635]
 Training FV-otc-s7-t5: 100%|██████████| 50/50 [00:06<00:00,  7.78it/s, Saved at =inf, TrLoss=0.1635]

 Training FV-otc-s7-t6:   0%|          | 0/50 [00:00<?, ?it/s]
 Training FV-otc-s7-t6:   0%|          | 0/50 [00:00<?, ?it/s, Saved at =inf, TrLoss=0.6669]
 Training FV-otc-s7-t6:   2%|▏         | 1/50 [00:00<00:08,  5.77it/s, Saved at =inf, TrLoss=0.6669]
 Training FV-otc-s7-t6:   2%|▏         | 1/50 [00:00<00:08,  5.77it/s, Saved at =inf, TrLoss=0.6024]
 Training FV-otc-s7-t6:   4%|▍         | 2/50 [00:00<00:07,  6.07it/s, Saved at =inf, TrLoss=0.6024]
 Training FV-otc-s7-t6:   4%|▍         | 2/50 [00:00<00:07,  6.07it/s, Saved at =inf, TrLoss=0.7184]
 Training FV-otc-s7-t6:   6%|▌         | 3/50 [00:00<00:07,  6.15it/s, Saved at =inf, TrLoss=0.7184]
 Training FV-otc-s7-t6:   6%|▌         | 3/50 [00:00<00:07,  6.15it/s, Saved at =inf, TrLoss=0.4861]
 Training FV-otc-s7-t6:   8%|▊         | 4/50 [00:00<00:07,  6.18it/s, Saved at =inf, TrLoss=0.4861]
 Training FV-otc-s7-t6:   8%|▊         | 4/50 [00:00<00:07,  6.18it/s, Saved at =inf, TrLoss=0.4231]
 Training FV-otc-s7-t6:  10%|█         | 5/50 [00:00<00:07,  6.37it/s, Saved at =inf, TrLoss=0.4231]
 Training FV-otc-s7-t6:  10%|█         | 5/50 [00:00<00:07,  6.37it/s, Saved at =inf, TrLoss=0.4536]
 Training FV-otc-s7-t6:  12%|█▏        | 6/50 [00:00<00:06,  6.75it/s, Saved at =inf, TrLoss=0.4536]
 Training FV-otc-s7-t6:  12%|█▏        | 6/50 [00:01<00:06,  6.75it/s, Saved at =inf, TrLoss=0.4164]
 Training FV-otc-s7-t6:  14%|█▍        | 7/50 [00:01<00:06,  7.02it/s, Saved at =inf, TrLoss=0.4164]
 Training FV-otc-s7-t6:  14%|█▍        | 7/50 [00:01<00:06,  7.02it/s, Saved at =inf, TrLoss=0.3952]
 Training FV-otc-s7-t6:  16%|█▌        | 8/50 [00:01<00:05,  7.20it/s, Saved at =inf, TrLoss=0.3952]
 Training FV-otc-s7-t6:  16%|█▌        | 8/50 [00:01<00:05,  7.20it/s, Saved at =inf, TrLoss=0.4060]
 Training FV-otc-s7-t6:  18%|█▊        | 9/50 [00:01<00:05,  7.33it/s, Saved at =inf, TrLoss=0.4060]
 Training FV-otc-s7-t6:  18%|█▊        | 9/50 [00:01<00:05,  7.33it/s, Saved at =inf, TrLoss=0.4004]
 Training FV-otc-s7-t6:  20%|██        | 10/50 [00:01<00:05,  7.43it/s, Saved at =inf, TrLoss=0.4004]
 Training FV-otc-s7-t6:  20%|██        | 10/50 [00:01<00:05,  7.43it/s, Saved at =inf, TrLoss=0.3563]
 Training FV-otc-s7-t6:  22%|██▏       | 11/50 [00:01<00:05,  7.48it/s, Saved at =inf, TrLoss=0.3563]
 Training FV-otc-s7-t6:  22%|██▏       | 11/50 [00:01<00:05,  7.48it/s, Saved at =inf, TrLoss=0.3425]
 Training FV-otc-s7-t6:  24%|██▍       | 12/50 [00:01<00:05,  7.53it/s, Saved at =inf, TrLoss=0.3425]
 Training FV-otc-s7-t6:  24%|██▍       | 12/50 [00:01<00:05,  7.53it/s, Saved at =inf, TrLoss=0.3440]
 Training FV-otc-s7-t6:  26%|██▌       | 13/50 [00:01<00:04,  7.56it/s, Saved at =inf, TrLoss=0.3440]
 Training FV-otc-s7-t6:  26%|██▌       | 13/50 [00:01<00:04,  7.56it/s, Saved at =inf, TrLoss=0.3252]
 Training FV-otc-s7-t6:  28%|██▊       | 14/50 [00:01<00:04,  7.58it/s, Saved at =inf, TrLoss=0.3252]
 Training FV-otc-s7-t6:  28%|██▊       | 14/50 [00:02<00:04,  7.58it/s, Saved at =inf, TrLoss=0.3112]
 Training FV-otc-s7-t6:  30%|███       | 15/50 [00:02<00:04,  7.60it/s, Saved at =inf, TrLoss=0.3112]
 Training FV-otc-s7-t6:  30%|███       | 15/50 [00:02<00:04,  7.60it/s, Saved at =inf, TrLoss=0.3033]
 Training FV-otc-s7-t6:  32%|███▏      | 16/50 [00:02<00:04,  7.61it/s, Saved at =inf, TrLoss=0.3033]
 Training FV-otc-s7-t6:  32%|███▏      | 16/50 [00:02<00:04,  7.61it/s, Saved at =inf, TrLoss=0.2982]
 Training FV-otc-s7-t6:  34%|███▍      | 17/50 [00:02<00:04,  7.62it/s, Saved at =inf, TrLoss=0.2982]
 Training FV-otc-s7-t6:  34%|███▍      | 17/50 [00:02<00:04,  7.62it/s, Saved at =inf, TrLoss=0.2837]
 Training FV-otc-s7-t6:  36%|███▌      | 18/50 [00:02<00:04,  7.61it/s, Saved at =inf, TrLoss=0.2837]
 Training FV-otc-s7-t6:  36%|███▌      | 18/50 [00:02<00:04,  7.61it/s, Saved at =inf, TrLoss=0.2786]
 Training FV-otc-s7-t6:  38%|███▊      | 19/50 [00:02<00:04,  7.62it/s, Saved at =inf, TrLoss=0.2786]
 Training FV-otc-s7-t6:  38%|███▊      | 19/50 [00:02<00:04,  7.62it/s, Saved at =inf, TrLoss=0.2708]
 Training FV-otc-s7-t6:  40%|████      | 20/50 [00:02<00:03,  7.62it/s, Saved at =inf, TrLoss=0.2708]
 Training FV-otc-s7-t6:  40%|████      | 20/50 [00:02<00:03,  7.62it/s, Saved at =inf, TrLoss=0.2631]
 Training FV-otc-s7-t6:  42%|████▏     | 21/50 [00:02<00:03,  7.62it/s, Saved at =inf, TrLoss=0.2631]
 Training FV-otc-s7-t6:  42%|████▏     | 21/50 [00:02<00:03,  7.62it/s, Saved at =inf, TrLoss=0.2628]
 Training FV-otc-s7-t6:  44%|████▍     | 22/50 [00:03<00:03,  7.63it/s, Saved at =inf, TrLoss=0.2628]
 Training FV-otc-s7-t6:  44%|████▍     | 22/50 [00:03<00:03,  7.63it/s, Saved at =inf, TrLoss=0.2486]
 Training FV-otc-s7-t6:  46%|████▌     | 23/50 [00:03<00:03,  7.63it/s, Saved at =inf, TrLoss=0.2486]
 Training FV-otc-s7-t6:  46%|████▌     | 23/50 [00:03<00:03,  7.63it/s, Saved at =inf, TrLoss=0.2430]
 Training FV-otc-s7-t6:  48%|████▊     | 24/50 [00:03<00:03,  7.61it/s, Saved at =inf, TrLoss=0.2430]
 Training FV-otc-s7-t6:  48%|████▊     | 24/50 [00:03<00:03,  7.61it/s, Saved at =inf, TrLoss=0.2401]
 Training FV-otc-s7-t6:  50%|█████     | 25/50 [00:03<00:03,  6.91it/s, Saved at =inf, TrLoss=0.2401]
 Training FV-otc-s7-t6:  50%|█████     | 25/50 [00:03<00:03,  6.91it/s, Saved at =inf, TrLoss=0.2372]
 Training FV-otc-s7-t6:  52%|█████▏    | 26/50 [00:03<00:03,  6.69it/s, Saved at =inf, TrLoss=0.2372]
 Training FV-otc-s7-t6:  52%|█████▏    | 26/50 [00:03<00:03,  6.69it/s, Saved at =inf, TrLoss=0.2293]
 Training FV-otc-s7-t6:  54%|█████▍    | 27/50 [00:03<00:03,  6.67it/s, Saved at =inf, TrLoss=0.2293]
 Training FV-otc-s7-t6:  54%|█████▍    | 27/50 [00:03<00:03,  6.67it/s, Saved at =inf, TrLoss=0.2208]
 Training FV-otc-s7-t6:  56%|█████▌    | 28/50 [00:03<00:03,  6.53it/s, Saved at =inf, TrLoss=0.2208]
 Training FV-otc-s7-t6:  56%|█████▌    | 28/50 [00:04<00:03,  6.53it/s, Saved at =inf, TrLoss=0.2219]
 Training FV-otc-s7-t6:  58%|█████▊    | 29/50 [00:04<00:03,  6.56it/s, Saved at =inf, TrLoss=0.2219]
 Training FV-otc-s7-t6:  58%|█████▊    | 29/50 [00:04<00:03,  6.56it/s, Saved at =inf, TrLoss=0.2137]
 Training FV-otc-s7-t6:  60%|██████    | 30/50 [00:04<00:03,  6.48it/s, Saved at =inf, TrLoss=0.2137]
 Training FV-otc-s7-t6:  60%|██████    | 30/50 [00:04<00:03,  6.48it/s, Saved at =inf, TrLoss=0.2106]
 Training FV-otc-s7-t6:  62%|██████▏   | 31/50 [00:04<00:02,  6.42it/s, Saved at =inf, TrLoss=0.2106]
 Training FV-otc-s7-t6:  62%|██████▏   | 31/50 [00:04<00:02,  6.42it/s, Saved at =inf, TrLoss=0.2060]
 Training FV-otc-s7-t6:  64%|██████▍   | 32/50 [00:04<00:02,  6.38it/s, Saved at =inf, TrLoss=0.2060]
 Training FV-otc-s7-t6:  64%|██████▍   | 32/50 [00:04<00:02,  6.38it/s, Saved at =inf, TrLoss=0.2024]
 Training FV-otc-s7-t6:  66%|██████▌   | 33/50 [00:04<00:02,  6.35it/s, Saved at =inf, TrLoss=0.2024]
 Training FV-otc-s7-t6:  66%|██████▌   | 33/50 [00:04<00:02,  6.35it/s, Saved at =inf, TrLoss=0.2073]
 Training FV-otc-s7-t6:  68%|██████▊   | 34/50 [00:04<00:02,  6.33it/s, Saved at =inf, TrLoss=0.2073]
 Training FV-otc-s7-t6:  68%|██████▊   | 34/50 [00:04<00:02,  6.33it/s, Saved at =inf, TrLoss=0.2040]
 Training FV-otc-s7-t6:  70%|███████   | 35/50 [00:05<00:02,  6.44it/s, Saved at =inf, TrLoss=0.2040]
 Training FV-otc-s7-t6:  70%|███████   | 35/50 [00:05<00:02,  6.44it/s, Saved at =inf, TrLoss=0.2056]
 Training FV-otc-s7-t6:  72%|███████▏  | 36/50 [00:05<00:02,  6.73it/s, Saved at =inf, TrLoss=0.2056]
 Training FV-otc-s7-t6:  72%|███████▏  | 36/50 [00:05<00:02,  6.73it/s, Saved at =inf, TrLoss=0.1931]
 Training FV-otc-s7-t6:  74%|███████▍  | 37/50 [00:05<00:01,  6.96it/s, Saved at =inf, TrLoss=0.1931]
 Training FV-otc-s7-t6:  74%|███████▍  | 37/50 [00:05<00:01,  6.96it/s, Saved at =inf, TrLoss=0.1997]
 Training FV-otc-s7-t6:  76%|███████▌  | 38/50 [00:05<00:01,  7.13it/s, Saved at =inf, TrLoss=0.1997]
 Training FV-otc-s7-t6:  76%|███████▌  | 38/50 [00:05<00:01,  7.13it/s, Saved at =inf, TrLoss=0.1972]
 Training FV-otc-s7-t6:  78%|███████▊  | 39/50 [00:05<00:01,  7.14it/s, Saved at =inf, TrLoss=0.1972]
 Training FV-otc-s7-t6:  78%|███████▊  | 39/50 [00:05<00:01,  7.14it/s, Saved at =inf, TrLoss=0.1935]
 Training FV-otc-s7-t6:  80%|████████  | 40/50 [00:05<00:01,  7.07it/s, Saved at =inf, TrLoss=0.1935]
 Training FV-otc-s7-t6:  80%|████████  | 40/50 [00:05<00:01,  7.07it/s, Saved at =inf, TrLoss=0.1993]
 Training FV-otc-s7-t6:  82%|████████▏ | 41/50 [00:05<00:01,  7.15it/s, Saved at =inf, TrLoss=0.1993]
 Training FV-otc-s7-t6:  82%|████████▏ | 41/50 [00:05<00:01,  7.15it/s, Saved at =inf, TrLoss=0.1850]
 Training FV-otc-s7-t6:  84%|████████▍ | 42/50 [00:05<00:01,  7.11it/s, Saved at =inf, TrLoss=0.1850]
 Training FV-otc-s7-t6:  84%|████████▍ | 42/50 [00:06<00:01,  7.11it/s, Saved at =inf, TrLoss=0.1925]
 Training FV-otc-s7-t6:  86%|████████▌ | 43/50 [00:06<00:01,  6.67it/s, Saved at =inf, TrLoss=0.1925]
 Training FV-otc-s7-t6:  86%|████████▌ | 43/50 [00:06<00:01,  6.67it/s, Saved at =inf, TrLoss=0.1915]
 Training FV-otc-s7-t6:  88%|████████▊ | 44/50 [00:06<00:00,  6.44it/s, Saved at =inf, TrLoss=0.1915]
 Training FV-otc-s7-t6:  88%|████████▊ | 44/50 [00:06<00:00,  6.44it/s, Saved at =inf, TrLoss=0.1862]
 Training FV-otc-s7-t6:  90%|█████████ | 45/50 [00:06<00:00,  6.73it/s, Saved at =inf, TrLoss=0.1862]
 Training FV-otc-s7-t6:  90%|█████████ | 45/50 [00:06<00:00,  6.73it/s, Saved at =inf, TrLoss=0.1958]
 Training FV-otc-s7-t6:  92%|█████████▏| 46/50 [00:06<00:00,  6.96it/s, Saved at =inf, TrLoss=0.1958]
 Training FV-otc-s7-t6:  92%|█████████▏| 46/50 [00:06<00:00,  6.96it/s, Saved at =inf, TrLoss=0.1731]
 Training FV-otc-s7-t6:  94%|█████████▍| 47/50 [00:06<00:00,  7.13it/s, Saved at =inf, TrLoss=0.1731]
 Training FV-otc-s7-t6:  94%|█████████▍| 47/50 [00:06<00:00,  7.13it/s, Saved at =inf, TrLoss=0.1822]
 Training FV-otc-s7-t6:  96%|█████████▌| 48/50 [00:06<00:00,  6.83it/s, Saved at =inf, TrLoss=0.1822]
 Training FV-otc-s7-t6:  96%|█████████▌| 48/50 [00:06<00:00,  6.83it/s, Saved at =inf, TrLoss=0.1785]
 Training FV-otc-s7-t6:  98%|█████████▊| 49/50 [00:07<00:00,  7.04it/s, Saved at =inf, TrLoss=0.1785]
 Training FV-otc-s7-t6:  98%|█████████▊| 49/50 [00:07<00:00,  7.04it/s, Saved at =inf, TrLoss=0.1749]
 Training FV-otc-s7-t6: 100%|██████████| 50/50 [00:07<00:00,  7.07it/s, Saved at =inf, TrLoss=0.1749]
 Training FV-otc-s7-t6: 100%|██████████| 50/50 [00:07<00:00,  6.98it/s, Saved at =inf, TrLoss=0.1749]

 Training FV-otc-s7-t7:   0%|          | 0/50 [00:00<?, ?it/s]
 Training FV-otc-s7-t7:   0%|          | 0/50 [00:00<?, ?it/s, Saved at =inf, TrLoss=0.6855]
 Training FV-otc-s7-t7:   2%|▏         | 1/50 [00:00<00:21,  2.28it/s, Saved at =inf, TrLoss=0.6855]
 Training FV-otc-s7-t7:   2%|▏         | 1/50 [00:00<00:21,  2.28it/s, Saved at =inf, TrLoss=0.7058]
 Training FV-otc-s7-t7:   4%|▍         | 2/50 [00:00<00:16,  2.95it/s, Saved at =inf, TrLoss=0.7058]
 Training FV-otc-s7-t7:   4%|▍         | 2/50 [00:00<00:16,  2.95it/s, Saved at =inf, TrLoss=0.5503]
 Training FV-otc-s7-t7:   6%|▌         | 3/50 [00:01<00:15,  3.12it/s, Saved at =inf, TrLoss=0.5503]
 Training FV-otc-s7-t7:   6%|▌         | 3/50 [00:01<00:15,  3.12it/s, Saved at =inf, TrLoss=0.4968]
 Training FV-otc-s7-t7:   8%|▊         | 4/50 [00:01<00:14,  3.28it/s, Saved at =inf, TrLoss=0.4968]
 Training FV-otc-s7-t7:   8%|▊         | 4/50 [00:01<00:14,  3.28it/s, Saved at =inf, TrLoss=0.5011]
 Training FV-otc-s7-t7:  10%|█         | 5/50 [00:01<00:14,  3.08it/s, Saved at =inf, TrLoss=0.5011]
 Training FV-otc-s7-t7:  10%|█         | 5/50 [00:01<00:14,  3.08it/s, Saved at =inf, TrLoss=0.4072]
 Training FV-otc-s7-t7:  12%|█▏        | 6/50 [00:01<00:14,  3.05it/s, Saved at =inf, TrLoss=0.4072]
 Training FV-otc-s7-t7:  12%|█▏        | 6/50 [00:02<00:14,  3.05it/s, Saved at =inf, TrLoss=0.3966]
 Training FV-otc-s7-t7:  14%|█▍        | 7/50 [00:02<00:12,  3.47it/s, Saved at =inf, TrLoss=0.3966]
 Training FV-otc-s7-t7:  14%|█▍        | 7/50 [00:02<00:12,  3.47it/s, Saved at =inf, TrLoss=0.3541]
 Training FV-otc-s7-t7:  16%|█▌        | 8/50 [00:02<00:11,  3.56it/s, Saved at =inf, TrLoss=0.3541]
 Training FV-otc-s7-t7:  16%|█▌        | 8/50 [00:02<00:11,  3.56it/s, Saved at =inf, TrLoss=0.3634]
 Training FV-otc-s7-t7:  18%|█▊        | 9/50 [00:02<00:12,  3.30it/s, Saved at =inf, TrLoss=0.3634]
 Training FV-otc-s7-t7:  18%|█▊        | 9/50 [00:03<00:12,  3.30it/s, Saved at =inf, TrLoss=0.3183]
 Training FV-otc-s7-t7:  20%|██        | 10/50 [00:03<00:12,  3.20it/s, Saved at =inf, TrLoss=0.3183]
 Training FV-otc-s7-t7:  20%|██        | 10/50 [00:03<00:12,  3.20it/s, Saved at =inf, TrLoss=0.3326]
 Training FV-otc-s7-t7:  22%|██▏       | 11/50 [00:03<00:11,  3.29it/s, Saved at =inf, TrLoss=0.3326]
 Training FV-otc-s7-t7:  22%|██▏       | 11/50 [00:03<00:11,  3.29it/s, Saved at =inf, TrLoss=0.2956]
 Training FV-otc-s7-t7:  24%|██▍       | 12/50 [00:03<00:11,  3.34it/s, Saved at =inf, TrLoss=0.2956]
 Training FV-otc-s7-t7:  24%|██▍       | 12/50 [00:03<00:11,  3.34it/s, Saved at =inf, TrLoss=0.3218]
 Training FV-otc-s7-t7:  26%|██▌       | 13/50 [00:03<00:10,  3.61it/s, Saved at =inf, TrLoss=0.3218]
 Training FV-otc-s7-t7:  26%|██▌       | 13/50 [00:04<00:10,  3.61it/s, Saved at =inf, TrLoss=0.2878]
 Training FV-otc-s7-t7:  28%|██▊       | 14/50 [00:04<00:09,  3.68it/s, Saved at =inf, TrLoss=0.2878]
 Training FV-otc-s7-t7:  28%|██▊       | 14/50 [00:04<00:09,  3.68it/s, Saved at =inf, TrLoss=0.2989]
 Training FV-otc-s7-t7:  30%|███       | 15/50 [00:04<00:10,  3.46it/s, Saved at =inf, TrLoss=0.2989]
 Training FV-otc-s7-t7:  30%|███       | 15/50 [00:04<00:10,  3.46it/s, Saved at =inf, TrLoss=0.2811]
 Training FV-otc-s7-t7:  32%|███▏      | 16/50 [00:04<00:10,  3.35it/s, Saved at =inf, TrLoss=0.2811]
 Training FV-otc-s7-t7:  32%|███▏      | 16/50 [00:05<00:10,  3.35it/s, Saved at =inf, TrLoss=0.2681]
 Training FV-otc-s7-t7:  34%|███▍      | 17/50 [00:05<00:09,  3.31it/s, Saved at =inf, TrLoss=0.2681]
 Training FV-otc-s7-t7:  34%|███▍      | 17/50 [00:05<00:09,  3.31it/s, Saved at =inf, TrLoss=0.2769]
 Training FV-otc-s7-t7:  36%|███▌      | 18/50 [00:05<00:09,  3.29it/s, Saved at =inf, TrLoss=0.2769]
 Training FV-otc-s7-t7:  36%|███▌      | 18/50 [00:05<00:09,  3.29it/s, Saved at =inf, TrLoss=0.2534]
 Training FV-otc-s7-t7:  38%|███▊      | 19/50 [00:05<00:09,  3.29it/s, Saved at =inf, TrLoss=0.2534]
 Training FV-otc-s7-t7:  38%|███▊      | 19/50 [00:05<00:09,  3.29it/s, Saved at =inf, TrLoss=0.2687]
 Training FV-otc-s7-t7:  40%|████      | 20/50 [00:06<00:09,  3.12it/s, Saved at =inf, TrLoss=0.2687]
 Training FV-otc-s7-t7:  40%|████      | 20/50 [00:06<00:09,  3.12it/s, Saved at =inf, TrLoss=0.2532]
 Training FV-otc-s7-t7:  42%|████▏     | 21/50 [00:06<00:09,  3.14it/s, Saved at =inf, TrLoss=0.2532]
 Training FV-otc-s7-t7:  42%|████▏     | 21/50 [00:06<00:09,  3.14it/s, Saved at =inf, TrLoss=0.2562]
 Training FV-otc-s7-t7:  44%|████▍     | 22/50 [00:06<00:08,  3.18it/s, Saved at =inf, TrLoss=0.2562]
 Training FV-otc-s7-t7:  44%|████▍     | 22/50 [00:06<00:08,  3.18it/s, Saved at =inf, TrLoss=0.2474]
 Training FV-otc-s7-t7:  46%|████▌     | 23/50 [00:07<00:08,  3.23it/s, Saved at =inf, TrLoss=0.2474]
 Training FV-otc-s7-t7:  46%|████▌     | 23/50 [00:07<00:08,  3.23it/s, Saved at =inf, TrLoss=0.2402]
 Training FV-otc-s7-t7:  48%|████▊     | 24/50 [00:07<00:08,  3.21it/s, Saved at =inf, TrLoss=0.2402]
 Training FV-otc-s7-t7:  48%|████▊     | 24/50 [00:07<00:08,  3.21it/s, Saved at =inf, TrLoss=0.2417]
 Training FV-otc-s7-t7:  50%|█████     | 25/50 [00:07<00:07,  3.47it/s, Saved at =inf, TrLoss=0.2417]
 Training FV-otc-s7-t7:  50%|█████     | 25/50 [00:07<00:07,  3.47it/s, Saved at =inf, TrLoss=0.2356]
 Training FV-otc-s7-t7:  52%|█████▏    | 26/50 [00:07<00:06,  3.81it/s, Saved at =inf, TrLoss=0.2356]
 Training FV-otc-s7-t7:  52%|█████▏    | 26/50 [00:07<00:06,  3.81it/s, Saved at =inf, TrLoss=0.2456]
 Training FV-otc-s7-t7:  54%|█████▍    | 27/50 [00:07<00:05,  4.14it/s, Saved at =inf, TrLoss=0.2456]
 Training FV-otc-s7-t7:  54%|█████▍    | 27/50 [00:08<00:05,  4.14it/s, Saved at =inf, TrLoss=0.2320]
 Training FV-otc-s7-t7:  56%|█████▌    | 28/50 [00:08<00:04,  4.45it/s, Saved at =inf, TrLoss=0.2320]
 Training FV-otc-s7-t7:  56%|█████▌    | 28/50 [00:08<00:04,  4.45it/s, Saved at =inf, TrLoss=0.2370]
 Training FV-otc-s7-t7:  58%|█████▊    | 29/50 [00:08<00:04,  4.56it/s, Saved at =inf, TrLoss=0.2370]
 Training FV-otc-s7-t7:  58%|█████▊    | 29/50 [00:08<00:04,  4.56it/s, Saved at =inf, TrLoss=0.2298]
 Training FV-otc-s7-t7:  60%|██████    | 30/50 [00:08<00:04,  4.04it/s, Saved at =inf, TrLoss=0.2298]
 Training FV-otc-s7-t7:  60%|██████    | 30/50 [00:08<00:04,  4.04it/s, Saved at =inf, TrLoss=0.2291]
 Training FV-otc-s7-t7:  62%|██████▏   | 31/50 [00:08<00:04,  4.45it/s, Saved at =inf, TrLoss=0.2291]
 Training FV-otc-s7-t7:  62%|██████▏   | 31/50 [00:09<00:04,  4.45it/s, Saved at =inf, TrLoss=0.2222]
 Training FV-otc-s7-t7:  64%|██████▍   | 32/50 [00:09<00:03,  4.67it/s, Saved at =inf, TrLoss=0.2222]
 Training FV-otc-s7-t7:  64%|██████▍   | 32/50 [00:09<00:03,  4.67it/s, Saved at =inf, TrLoss=0.2204]
 Training FV-otc-s7-t7:  66%|██████▌   | 33/50 [00:09<00:03,  4.97it/s, Saved at =inf, TrLoss=0.2204]
 Training FV-otc-s7-t7:  66%|██████▌   | 33/50 [00:09<00:03,  4.97it/s, Saved at =inf, TrLoss=0.2228]
 Training FV-otc-s7-t7:  68%|██████▊   | 34/50 [00:09<00:03,  4.98it/s, Saved at =inf, TrLoss=0.2228]
 Training FV-otc-s7-t7:  68%|██████▊   | 34/50 [00:09<00:03,  4.98it/s, Saved at =inf, TrLoss=0.2221]
 Training FV-otc-s7-t7:  70%|███████   | 35/50 [00:09<00:03,  4.01it/s, Saved at =inf, TrLoss=0.2221]
 Training FV-otc-s7-t7:  70%|███████   | 35/50 [00:09<00:03,  4.01it/s, Saved at =inf, TrLoss=0.2177]
 Training FV-otc-s7-t7:  72%|███████▏  | 36/50 [00:10<00:03,  4.15it/s, Saved at =inf, TrLoss=0.2177]
 Training FV-otc-s7-t7:  72%|███████▏  | 36/50 [00:10<00:03,  4.15it/s, Saved at =inf, TrLoss=0.2123]
 Training FV-otc-s7-t7:  74%|███████▍  | 37/50 [00:10<00:02,  4.44it/s, Saved at =inf, TrLoss=0.2123]
 Training FV-otc-s7-t7:  74%|███████▍  | 37/50 [00:10<00:02,  4.44it/s, Saved at =inf, TrLoss=0.2150]
 Training FV-otc-s7-t7:  76%|███████▌  | 38/50 [00:10<00:03,  3.94it/s, Saved at =inf, TrLoss=0.2150]
 Training FV-otc-s7-t7:  76%|███████▌  | 38/50 [00:10<00:03,  3.94it/s, Saved at =inf, TrLoss=0.2095]
 Training FV-otc-s7-t7:  78%|███████▊  | 39/50 [00:10<00:02,  4.26it/s, Saved at =inf, TrLoss=0.2095]
 Training FV-otc-s7-t7:  78%|███████▊  | 39/50 [00:10<00:02,  4.26it/s, Saved at =inf, TrLoss=0.2121]
 Training FV-otc-s7-t7:  80%|████████  | 40/50 [00:10<00:02,  4.72it/s, Saved at =inf, TrLoss=0.2121]
 Training FV-otc-s7-t7:  80%|████████  | 40/50 [00:11<00:02,  4.72it/s, Saved at =inf, TrLoss=0.2077]
 Training FV-otc-s7-t7:  82%|████████▏ | 41/50 [00:11<00:01,  4.82it/s, Saved at =inf, TrLoss=0.2077]
 Training FV-otc-s7-t7:  82%|████████▏ | 41/50 [00:11<00:01,  4.82it/s, Saved at =inf, TrLoss=0.2070]
 Training FV-otc-s7-t7:  84%|████████▍ | 42/50 [00:11<00:01,  4.80it/s, Saved at =inf, TrLoss=0.2070]
 Training FV-otc-s7-t7:  84%|████████▍ | 42/50 [00:11<00:01,  4.80it/s, Saved at =inf, TrLoss=0.2043]
 Training FV-otc-s7-t7:  86%|████████▌ | 43/50 [00:11<00:01,  4.74it/s, Saved at =inf, TrLoss=0.2043]
 Training FV-otc-s7-t7:  86%|████████▌ | 43/50 [00:11<00:01,  4.74it/s, Saved at =inf, TrLoss=0.2039]
 Training FV-otc-s7-t7:  88%|████████▊ | 44/50 [00:11<00:01,  4.20it/s, Saved at =inf, TrLoss=0.2039]
 Training FV-otc-s7-t7:  88%|████████▊ | 44/50 [00:11<00:01,  4.20it/s, Saved at =inf, TrLoss=0.1999]
 Training FV-otc-s7-t7:  90%|█████████ | 45/50 [00:11<00:01,  4.47it/s, Saved at =inf, TrLoss=0.1999]
 Training FV-otc-s7-t7:  90%|█████████ | 45/50 [00:12<00:01,  4.47it/s, Saved at =inf, TrLoss=0.2021]
 Training FV-otc-s7-t7:  92%|█████████▏| 46/50 [00:12<00:00,  4.66it/s, Saved at =inf, TrLoss=0.2021]
 Training FV-otc-s7-t7:  92%|█████████▏| 46/50 [00:12<00:00,  4.66it/s, Saved at =inf, TrLoss=0.1931]
 Training FV-otc-s7-t7:  94%|█████████▍| 47/50 [00:12<00:00,  4.68it/s, Saved at =inf, TrLoss=0.1931]
 Training FV-otc-s7-t7:  94%|█████████▍| 47/50 [00:12<00:00,  4.68it/s, Saved at =inf, TrLoss=0.1917]
 Training FV-otc-s7-t7:  96%|█████████▌| 48/50 [00:12<00:00,  4.60it/s, Saved at =inf, TrLoss=0.1917]
 Training FV-otc-s7-t7:  96%|█████████▌| 48/50 [00:12<00:00,  4.60it/s, Saved at =inf, TrLoss=0.1903]
 Training FV-otc-s7-t7:  98%|█████████▊| 49/50 [00:12<00:00,  4.53it/s, Saved at =inf, TrLoss=0.1903]
 Training FV-otc-s7-t7:  98%|█████████▊| 49/50 [00:12<00:00,  4.53it/s, Saved at =inf, TrLoss=0.1900]
 Training FV-otc-s7-t7: 100%|██████████| 50/50 [00:13<00:00,  4.76it/s, Saved at =inf, TrLoss=0.1900]
 Training FV-otc-s7-t7: 100%|██████████| 50/50 [00:13<00:00,  3.84it/s, Saved at =inf, TrLoss=0.1900]

 Training FV-otc-s7-t8:   0%|          | 0/50 [00:00<?, ?it/s]
 Training FV-otc-s7-t8:   0%|          | 0/50 [00:00<?, ?it/s, Saved at =inf, TrLoss=0.7084]
 Training FV-otc-s7-t8:   2%|▏         | 1/50 [00:00<00:09,  4.91it/s, Saved at =inf, TrLoss=0.7084]
 Training FV-otc-s7-t8:   2%|▏         | 1/50 [00:00<00:09,  4.91it/s, Saved at =inf, TrLoss=0.8647]
 Training FV-otc-s7-t8:   4%|▍         | 2/50 [00:00<00:09,  5.03it/s, Saved at =inf, TrLoss=0.8647]
 Training FV-otc-s7-t8:   4%|▍         | 2/50 [00:00<00:09,  5.03it/s, Saved at =inf, TrLoss=0.6129]
 Training FV-otc-s7-t8:   6%|▌         | 3/50 [00:00<00:09,  4.81it/s, Saved at =inf, TrLoss=0.6129]
 Training FV-otc-s7-t8:   6%|▌         | 3/50 [00:00<00:09,  4.81it/s, Saved at =inf, TrLoss=0.6519]
 Training FV-otc-s7-t8:   8%|▊         | 4/50 [00:00<00:09,  5.05it/s, Saved at =inf, TrLoss=0.6519]
 Training FV-otc-s7-t8:   8%|▊         | 4/50 [00:00<00:09,  5.05it/s, Saved at =inf, TrLoss=0.5800]
 Training FV-otc-s7-t8:  10%|█         | 5/50 [00:01<00:09,  4.95it/s, Saved at =inf, TrLoss=0.5800]
 Training FV-otc-s7-t8:  10%|█         | 5/50 [00:01<00:09,  4.95it/s, Saved at =inf, TrLoss=0.5440]
 Training FV-otc-s7-t8:  12%|█▏        | 6/50 [00:01<00:09,  4.55it/s, Saved at =inf, TrLoss=0.5440]
 Training FV-otc-s7-t8:  12%|█▏        | 6/50 [00:01<00:09,  4.55it/s, Saved at =inf, TrLoss=0.5342]
 Training FV-otc-s7-t8:  14%|█▍        | 7/50 [00:01<00:09,  4.42it/s, Saved at =inf, TrLoss=0.5342]
 Training FV-otc-s7-t8:  14%|█▍        | 7/50 [00:01<00:09,  4.42it/s, Saved at =inf, TrLoss=0.5182]
 Training FV-otc-s7-t8:  16%|█▌        | 8/50 [00:01<00:09,  4.48it/s, Saved at =inf, TrLoss=0.5182]
 Training FV-otc-s7-t8:  16%|█▌        | 8/50 [00:01<00:09,  4.48it/s, Saved at =inf, TrLoss=0.4889]
 Training FV-otc-s7-t8:  18%|█▊        | 9/50 [00:01<00:09,  4.49it/s, Saved at =inf, TrLoss=0.4889]
 Training FV-otc-s7-t8:  18%|█▊        | 9/50 [00:02<00:09,  4.49it/s, Saved at =inf, TrLoss=0.4527]
 Training FV-otc-s7-t8:  20%|██        | 10/50 [00:02<00:09,  4.35it/s, Saved at =inf, TrLoss=0.4527]
 Training FV-otc-s7-t8:  20%|██        | 10/50 [00:02<00:09,  4.35it/s, Saved at =inf, TrLoss=0.4165]
 Training FV-otc-s7-t8:  22%|██▏       | 11/50 [00:02<00:08,  4.46it/s, Saved at =inf, TrLoss=0.4165]
 Training FV-otc-s7-t8:  22%|██▏       | 11/50 [00:02<00:08,  4.46it/s, Saved at =inf, TrLoss=0.3680]
 Training FV-otc-s7-t8:  24%|██▍       | 12/50 [00:02<00:08,  4.73it/s, Saved at =inf, TrLoss=0.3680]
 Training FV-otc-s7-t8:  24%|██▍       | 12/50 [00:02<00:08,  4.73it/s, Saved at =inf, TrLoss=0.4003]
 Training FV-otc-s7-t8:  26%|██▌       | 13/50 [00:02<00:07,  4.88it/s, Saved at =inf, TrLoss=0.4003]
 Training FV-otc-s7-t8:  26%|██▌       | 13/50 [00:02<00:07,  4.88it/s, Saved at =inf, TrLoss=0.3634]
 Training FV-otc-s7-t8:  28%|██▊       | 14/50 [00:02<00:07,  4.89it/s, Saved at =inf, TrLoss=0.3634]
 Training FV-otc-s7-t8:  28%|██▊       | 14/50 [00:03<00:07,  4.89it/s, Saved at =inf, TrLoss=0.3518]
 Training FV-otc-s7-t8:  30%|███       | 15/50 [00:03<00:07,  4.65it/s, Saved at =inf, TrLoss=0.3518]
 Training FV-otc-s7-t8:  30%|███       | 15/50 [00:03<00:07,  4.65it/s, Saved at =inf, TrLoss=0.3400]
 Training FV-otc-s7-t8:  32%|███▏      | 16/50 [00:03<00:07,  4.57it/s, Saved at =inf, TrLoss=0.3400]
 Training FV-otc-s7-t8:  32%|███▏      | 16/50 [00:03<00:07,  4.57it/s, Saved at =inf, TrLoss=0.3406]
 Training FV-otc-s7-t8:  34%|███▍      | 17/50 [00:03<00:07,  4.46it/s, Saved at =inf, TrLoss=0.3406]
 Training FV-otc-s7-t8:  34%|███▍      | 17/50 [00:03<00:07,  4.46it/s, Saved at =inf, TrLoss=0.3282]
 Training FV-otc-s7-t8:  36%|███▌      | 18/50 [00:03<00:07,  4.42it/s, Saved at =inf, TrLoss=0.3282]
 Training FV-otc-s7-t8:  36%|███▌      | 18/50 [00:04<00:07,  4.42it/s, Saved at =inf, TrLoss=0.3369]
 Training FV-otc-s7-t8:  38%|███▊      | 19/50 [00:04<00:07,  4.25it/s, Saved at =inf, TrLoss=0.3369]
 Training FV-otc-s7-t8:  38%|███▊      | 19/50 [00:04<00:07,  4.25it/s, Saved at =inf, TrLoss=0.3158]
 Training FV-otc-s7-t8:  40%|████      | 20/50 [00:04<00:06,  4.31it/s, Saved at =inf, TrLoss=0.3158]
 Training FV-otc-s7-t8:  40%|████      | 20/50 [00:04<00:06,  4.31it/s, Saved at =inf, TrLoss=0.3270]
 Training FV-otc-s7-t8:  42%|████▏     | 21/50 [00:04<00:06,  4.57it/s, Saved at =inf, TrLoss=0.3270]
 Training FV-otc-s7-t8:  42%|████▏     | 21/50 [00:04<00:06,  4.57it/s, Saved at =inf, TrLoss=0.3031]
 Training FV-otc-s7-t8:  44%|████▍     | 22/50 [00:04<00:06,  4.60it/s, Saved at =inf, TrLoss=0.3031]
 Training FV-otc-s7-t8:  44%|████▍     | 22/50 [00:04<00:06,  4.60it/s, Saved at =inf, TrLoss=0.3108]
 Training FV-otc-s7-t8:  46%|████▌     | 23/50 [00:05<00:06,  4.49it/s, Saved at =inf, TrLoss=0.3108]
 Training FV-otc-s7-t8:  46%|████▌     | 23/50 [00:05<00:06,  4.49it/s, Saved at =inf, TrLoss=0.2955]
 Training FV-otc-s7-t8:  48%|████▊     | 24/50 [00:05<00:05,  4.66it/s, Saved at =inf, TrLoss=0.2955]
 Training FV-otc-s7-t8:  48%|████▊     | 24/50 [00:05<00:05,  4.66it/s, Saved at =inf, TrLoss=0.2972]
 Training FV-otc-s7-t8:  50%|█████     | 25/50 [00:05<00:06,  3.90it/s, Saved at =inf, TrLoss=0.2972]
 Training FV-otc-s7-t8:  50%|█████     | 25/50 [00:05<00:06,  3.90it/s, Saved at =inf, TrLoss=0.3070]
 Training FV-otc-s7-t8:  52%|█████▏    | 26/50 [00:05<00:06,  3.87it/s, Saved at =inf, TrLoss=0.3070]
 Training FV-otc-s7-t8:  52%|█████▏    | 26/50 [00:05<00:06,  3.87it/s, Saved at =inf, TrLoss=0.2830]
 Training FV-otc-s7-t8:  54%|█████▍    | 27/50 [00:06<00:05,  4.13it/s, Saved at =inf, TrLoss=0.2830]
 Training FV-otc-s7-t8:  54%|█████▍    | 27/50 [00:06<00:05,  4.13it/s, Saved at =inf, TrLoss=0.2862]
 Training FV-otc-s7-t8:  56%|█████▌    | 28/50 [00:06<00:05,  4.36it/s, Saved at =inf, TrLoss=0.2862]
 Training FV-otc-s7-t8:  56%|█████▌    | 28/50 [00:06<00:05,  4.36it/s, Saved at =inf, TrLoss=0.2723]
 Training FV-otc-s7-t8:  58%|█████▊    | 29/50 [00:06<00:05,  4.19it/s, Saved at =inf, TrLoss=0.2723]
 Training FV-otc-s7-t8:  58%|█████▊    | 29/50 [00:06<00:05,  4.19it/s, Saved at =inf, TrLoss=0.2782]
 Training FV-otc-s7-t8:  60%|██████    | 30/50 [00:06<00:04,  4.05it/s, Saved at =inf, TrLoss=0.2782]
 Training FV-otc-s7-t8:  60%|██████    | 30/50 [00:06<00:04,  4.05it/s, Saved at =inf, TrLoss=0.2667]
 Training FV-otc-s7-t8:  62%|██████▏   | 31/50 [00:06<00:04,  4.18it/s, Saved at =inf, TrLoss=0.2667]
 Training FV-otc-s7-t8:  62%|██████▏   | 31/50 [00:07<00:04,  4.18it/s, Saved at =inf, TrLoss=0.2609]
 Training FV-otc-s7-t8:  64%|██████▍   | 32/50 [00:07<00:04,  4.15it/s, Saved at =inf, TrLoss=0.2609]
 Training FV-otc-s7-t8:  64%|██████▍   | 32/50 [00:07<00:04,  4.15it/s, Saved at =inf, TrLoss=0.2664]
 Training FV-otc-s7-t8:  66%|██████▌   | 33/50 [00:07<00:03,  4.31it/s, Saved at =inf, TrLoss=0.2664]
 Training FV-otc-s7-t8:  66%|██████▌   | 33/50 [00:07<00:03,  4.31it/s, Saved at =inf, TrLoss=0.2560]
 Training FV-otc-s7-t8:  68%|██████▊   | 34/50 [00:07<00:04,  3.66it/s, Saved at =inf, TrLoss=0.2560]
 Training FV-otc-s7-t8:  68%|██████▊   | 34/50 [00:07<00:04,  3.66it/s, Saved at =inf, TrLoss=0.2647]
 Training FV-otc-s7-t8:  70%|███████   | 35/50 [00:08<00:03,  3.89it/s, Saved at =inf, TrLoss=0.2647]
 Training FV-otc-s7-t8:  70%|███████   | 35/50 [00:08<00:03,  3.89it/s, Saved at =inf, TrLoss=0.2512]
 Training FV-otc-s7-t8:  72%|███████▏  | 36/50 [00:08<00:03,  4.25it/s, Saved at =inf, TrLoss=0.2512]
 Training FV-otc-s7-t8:  72%|███████▏  | 36/50 [00:08<00:03,  4.25it/s, Saved at =inf, TrLoss=0.2506]
 Training FV-otc-s7-t8:  74%|███████▍  | 37/50 [00:08<00:02,  4.41it/s, Saved at =inf, TrLoss=0.2506]
 Training FV-otc-s7-t8:  74%|███████▍  | 37/50 [00:08<00:02,  4.41it/s, Saved at =inf, TrLoss=0.2525]
 Training FV-otc-s7-t8:  76%|███████▌  | 38/50 [00:08<00:02,  4.42it/s, Saved at =inf, TrLoss=0.2525]
 Training FV-otc-s7-t8:  76%|███████▌  | 38/50 [00:08<00:02,  4.42it/s, Saved at =inf, TrLoss=0.2399]
 Training FV-otc-s7-t8:  78%|███████▊  | 39/50 [00:08<00:02,  4.52it/s, Saved at =inf, TrLoss=0.2399]
 Training FV-otc-s7-t8:  78%|███████▊  | 39/50 [00:09<00:02,  4.52it/s, Saved at =inf, TrLoss=0.2482]
 Training FV-otc-s7-t8:  80%|████████  | 40/50 [00:09<00:02,  4.16it/s, Saved at =inf, TrLoss=0.2482]
 Training FV-otc-s7-t8:  80%|████████  | 40/50 [00:09<00:02,  4.16it/s, Saved at =inf, TrLoss=0.2410]
 Training FV-otc-s7-t8:  82%|████████▏ | 41/50 [00:09<00:02,  4.20it/s, Saved at =inf, TrLoss=0.2410]
 Training FV-otc-s7-t8:  82%|████████▏ | 41/50 [00:09<00:02,  4.20it/s, Saved at =inf, TrLoss=0.2382]
 Training FV-otc-s7-t8:  84%|████████▍ | 42/50 [00:09<00:01,  4.28it/s, Saved at =inf, TrLoss=0.2382]
 Training FV-otc-s7-t8:  84%|████████▍ | 42/50 [00:09<00:01,  4.28it/s, Saved at =inf, TrLoss=0.2398]
 Training FV-otc-s7-t8:  86%|████████▌ | 43/50 [00:09<00:01,  4.19it/s, Saved at =inf, TrLoss=0.2398]
 Training FV-otc-s7-t8:  86%|████████▌ | 43/50 [00:10<00:01,  4.19it/s, Saved at =inf, TrLoss=0.2365]
 Training FV-otc-s7-t8:  88%|████████▊ | 44/50 [00:10<00:01,  4.26it/s, Saved at =inf, TrLoss=0.2365]
 Training FV-otc-s7-t8:  88%|████████▊ | 44/50 [00:10<00:01,  4.26it/s, Saved at =inf, TrLoss=0.2401]
 Training FV-otc-s7-t8:  90%|█████████ | 45/50 [00:10<00:01,  4.17it/s, Saved at =inf, TrLoss=0.2401]
 Training FV-otc-s7-t8:  90%|█████████ | 45/50 [00:10<00:01,  4.17it/s, Saved at =inf, TrLoss=0.2322]
 Training FV-otc-s7-t8:  92%|█████████▏| 46/50 [00:10<00:00,  4.18it/s, Saved at =inf, TrLoss=0.2322]
 Training FV-otc-s7-t8:  92%|█████████▏| 46/50 [00:10<00:00,  4.18it/s, Saved at =inf, TrLoss=0.2361]
 Training FV-otc-s7-t8:  94%|█████████▍| 47/50 [00:10<00:00,  4.26it/s, Saved at =inf, TrLoss=0.2361]
 Training FV-otc-s7-t8:  94%|█████████▍| 47/50 [00:10<00:00,  4.26it/s, Saved at =inf, TrLoss=0.2273]
 Training FV-otc-s7-t8:  96%|█████████▌| 48/50 [00:11<00:00,  4.21it/s, Saved at =inf, TrLoss=0.2273]
 Training FV-otc-s7-t8:  96%|█████████▌| 48/50 [00:11<00:00,  4.21it/s, Saved at =inf, TrLoss=0.2276]
 Training FV-otc-s7-t8:  98%|█████████▊| 49/50 [00:11<00:00,  4.22it/s, Saved at =inf, TrLoss=0.2276]
 Training FV-otc-s7-t8:  98%|█████████▊| 49/50 [00:11<00:00,  4.22it/s, Saved at =inf, TrLoss=0.2268]
 Training FV-otc-s7-t8: 100%|██████████| 50/50 [00:11<00:00,  4.22it/s, Saved at =inf, TrLoss=0.2268]
 Training FV-otc-s7-t8: 100%|██████████| 50/50 [00:11<00:00,  4.34it/s, Saved at =inf, TrLoss=0.2268]

 Training FV-otc-s7-t9:   0%|          | 0/50 [00:00<?, ?it/s]
 Training FV-otc-s7-t9:   0%|          | 0/50 [00:00<?, ?it/s, Saved at =inf, TrLoss=0.7101]
 Training FV-otc-s7-t9:   2%|▏         | 1/50 [00:00<00:11,  4.10it/s, Saved at =inf, TrLoss=0.7101]
 Training FV-otc-s7-t9:   2%|▏         | 1/50 [00:00<00:11,  4.10it/s, Saved at =inf, TrLoss=0.6194]
 Training FV-otc-s7-t9:   4%|▍         | 2/50 [00:00<00:12,  3.99it/s, Saved at =inf, TrLoss=0.6194]
 Training FV-otc-s7-t9:   4%|▍         | 2/50 [00:00<00:12,  3.99it/s, Saved at =inf, TrLoss=0.5734]
 Training FV-otc-s7-t9:   6%|▌         | 3/50 [00:00<00:12,  3.82it/s, Saved at =inf, TrLoss=0.5734]
 Training FV-otc-s7-t9:   6%|▌         | 3/50 [00:00<00:12,  3.82it/s, Saved at =inf, TrLoss=0.5080]
 Training FV-otc-s7-t9:   8%|▊         | 4/50 [00:01<00:12,  3.80it/s, Saved at =inf, TrLoss=0.5080]
 Training FV-otc-s7-t9:   8%|▊         | 4/50 [00:01<00:12,  3.80it/s, Saved at =inf, TrLoss=0.4398]
 Training FV-otc-s7-t9:  10%|█         | 5/50 [00:01<00:11,  3.87it/s, Saved at =inf, TrLoss=0.4398]
 Training FV-otc-s7-t9:  10%|█         | 5/50 [00:01<00:11,  3.87it/s, Saved at =inf, TrLoss=0.3905]
 Training FV-otc-s7-t9:  12%|█▏        | 6/50 [00:01<00:12,  3.59it/s, Saved at =inf, TrLoss=0.3905]
 Training FV-otc-s7-t9:  12%|█▏        | 6/50 [00:01<00:12,  3.59it/s, Saved at =inf, TrLoss=0.3893]
 Training FV-otc-s7-t9:  14%|█▍        | 7/50 [00:01<00:12,  3.56it/s, Saved at =inf, TrLoss=0.3893]
 Training FV-otc-s7-t9:  14%|█▍        | 7/50 [00:02<00:12,  3.56it/s, Saved at =inf, TrLoss=0.3555]
 Training FV-otc-s7-t9:  16%|█▌        | 8/50 [00:02<00:12,  3.34it/s, Saved at =inf, TrLoss=0.3555]
 Training FV-otc-s7-t9:  16%|█▌        | 8/50 [00:02<00:12,  3.34it/s, Saved at =inf, TrLoss=0.3313]
 Training FV-otc-s7-t9:  18%|█▊        | 9/50 [00:02<00:11,  3.60it/s, Saved at =inf, TrLoss=0.3313]
 Training FV-otc-s7-t9:  18%|█▊        | 9/50 [00:02<00:11,  3.60it/s, Saved at =inf, TrLoss=0.3084]
 Training FV-otc-s7-t9:  20%|██        | 10/50 [00:02<00:10,  3.87it/s, Saved at =inf, TrLoss=0.3084]
 Training FV-otc-s7-t9:  20%|██        | 10/50 [00:02<00:10,  3.87it/s, Saved at =inf, TrLoss=0.3061]
 Training FV-otc-s7-t9:  22%|██▏       | 11/50 [00:02<00:09,  4.03it/s, Saved at =inf, TrLoss=0.3061]
 Training FV-otc-s7-t9:  22%|██▏       | 11/50 [00:03<00:09,  4.03it/s, Saved at =inf, TrLoss=0.3076]
 Training FV-otc-s7-t9:  24%|██▍       | 12/50 [00:03<00:09,  4.13it/s, Saved at =inf, TrLoss=0.3076]
 Training FV-otc-s7-t9:  24%|██▍       | 12/50 [00:03<00:09,  4.13it/s, Saved at =inf, TrLoss=0.3191]
 Training FV-otc-s7-t9:  26%|██▌       | 13/50 [00:03<00:10,  3.62it/s, Saved at =inf, TrLoss=0.3191]
 Training FV-otc-s7-t9:  26%|██▌       | 13/50 [00:03<00:10,  3.62it/s, Saved at =inf, TrLoss=0.2922]
 Training FV-otc-s7-t9:  28%|██▊       | 14/50 [00:03<00:10,  3.49it/s, Saved at =inf, TrLoss=0.2922]
 Training FV-otc-s7-t9:  28%|██▊       | 14/50 [00:03<00:10,  3.49it/s, Saved at =inf, TrLoss=0.2918]
 Training FV-otc-s7-t9:  30%|███       | 15/50 [00:04<00:10,  3.34it/s, Saved at =inf, TrLoss=0.2918]
 Training FV-otc-s7-t9:  30%|███       | 15/50 [00:04<00:10,  3.34it/s, Saved at =inf, TrLoss=0.2957]
 Training FV-otc-s7-t9:  32%|███▏      | 16/50 [00:04<00:11,  3.04it/s, Saved at =inf, TrLoss=0.2957]
 Training FV-otc-s7-t9:  32%|███▏      | 16/50 [00:04<00:11,  3.04it/s, Saved at =inf, TrLoss=0.2732]
 Training FV-otc-s7-t9:  34%|███▍      | 17/50 [00:04<00:10,  3.16it/s, Saved at =inf, TrLoss=0.2732]
 Training FV-otc-s7-t9:  34%|███▍      | 17/50 [00:05<00:10,  3.16it/s, Saved at =inf, TrLoss=0.2792]
 Training FV-otc-s7-t9:  36%|███▌      | 18/50 [00:05<00:09,  3.20it/s, Saved at =inf, TrLoss=0.2792]
 Training FV-otc-s7-t9:  36%|███▌      | 18/50 [00:05<00:09,  3.20it/s, Saved at =inf, TrLoss=0.2619]
 Training FV-otc-s7-t9:  38%|███▊      | 19/50 [00:05<00:09,  3.22it/s, Saved at =inf, TrLoss=0.2619]
 Training FV-otc-s7-t9:  38%|███▊      | 19/50 [00:05<00:09,  3.22it/s, Saved at =inf, TrLoss=0.2736]
 Training FV-otc-s7-t9:  40%|████      | 20/50 [00:05<00:09,  3.23it/s, Saved at =inf, TrLoss=0.2736]
 Training FV-otc-s7-t9:  40%|████      | 20/50 [00:05<00:09,  3.23it/s, Saved at =inf, TrLoss=0.2585]
 Training FV-otc-s7-t9:  42%|████▏     | 21/50 [00:05<00:08,  3.52it/s, Saved at =inf, TrLoss=0.2585]
 Training FV-otc-s7-t9:  42%|████▏     | 21/50 [00:06<00:08,  3.52it/s, Saved at =inf, TrLoss=0.2593]
 Training FV-otc-s7-t9:  44%|████▍     | 22/50 [00:06<00:07,  3.56it/s, Saved at =inf, TrLoss=0.2593]
 Training FV-otc-s7-t9:  44%|████▍     | 22/50 [00:06<00:07,  3.56it/s, Saved at =inf, TrLoss=0.2515]
 Training FV-otc-s7-t9:  46%|████▌     | 23/50 [00:06<00:07,  3.46it/s, Saved at =inf, TrLoss=0.2515]
 Training FV-otc-s7-t9:  46%|████▌     | 23/50 [00:06<00:07,  3.46it/s, Saved at =inf, TrLoss=0.2498]
 Training FV-otc-s7-t9:  48%|████▊     | 24/50 [00:06<00:07,  3.59it/s, Saved at =inf, TrLoss=0.2498]
 Training FV-otc-s7-t9:  48%|████▊     | 24/50 [00:06<00:07,  3.59it/s, Saved at =inf, TrLoss=0.2496]
 Training FV-otc-s7-t9:  50%|█████     | 25/50 [00:07<00:06,  3.71it/s, Saved at =inf, TrLoss=0.2496]
 Training FV-otc-s7-t9:  50%|█████     | 25/50 [00:07<00:06,  3.71it/s, Saved at =inf, TrLoss=0.2427]
 Training FV-otc-s7-t9:  52%|█████▏    | 26/50 [00:07<00:06,  3.67it/s, Saved at =inf, TrLoss=0.2427]
 Training FV-otc-s7-t9:  52%|█████▏    | 26/50 [00:07<00:06,  3.67it/s, Saved at =inf, TrLoss=0.2402]
 Training FV-otc-s7-t9:  54%|█████▍    | 27/50 [00:07<00:06,  3.51it/s, Saved at =inf, TrLoss=0.2402]
 Training FV-otc-s7-t9:  54%|█████▍    | 27/50 [00:07<00:06,  3.51it/s, Saved at =inf, TrLoss=0.2393]
 Training FV-otc-s7-t9:  56%|█████▌    | 28/50 [00:07<00:05,  3.70it/s, Saved at =inf, TrLoss=0.2393]
 Training FV-otc-s7-t9:  56%|█████▌    | 28/50 [00:08<00:05,  3.70it/s, Saved at =inf, TrLoss=0.2379]
 Training FV-otc-s7-t9:  58%|█████▊    | 29/50 [00:08<00:05,  3.82it/s, Saved at =inf, TrLoss=0.2379]
 Training FV-otc-s7-t9:  58%|█████▊    | 29/50 [00:08<00:05,  3.82it/s, Saved at =inf, TrLoss=0.2405]
 Training FV-otc-s7-t9:  60%|██████    | 30/50 [00:08<00:05,  3.73it/s, Saved at =inf, TrLoss=0.2405]
 Training FV-otc-s7-t9:  60%|██████    | 30/50 [00:08<00:05,  3.73it/s, Saved at =inf, TrLoss=0.2349]
 Training FV-otc-s7-t9:  62%|██████▏   | 31/50 [00:08<00:05,  3.61it/s, Saved at =inf, TrLoss=0.2349]
 Training FV-otc-s7-t9:  62%|██████▏   | 31/50 [00:08<00:05,  3.61it/s, Saved at =inf, TrLoss=0.2272]
 Training FV-otc-s7-t9:  64%|██████▍   | 32/50 [00:08<00:04,  3.73it/s, Saved at =inf, TrLoss=0.2272]
 Training FV-otc-s7-t9:  64%|██████▍   | 32/50 [00:09<00:04,  3.73it/s, Saved at =inf, TrLoss=0.2288]
 Training FV-otc-s7-t9:  66%|██████▌   | 33/50 [00:09<00:04,  3.70it/s, Saved at =inf, TrLoss=0.2288]
 Training FV-otc-s7-t9:  66%|██████▌   | 33/50 [00:09<00:04,  3.70it/s, Saved at =inf, TrLoss=0.2291]
 Training FV-otc-s7-t9:  68%|██████▊   | 34/50 [00:09<00:04,  3.68it/s, Saved at =inf, TrLoss=0.2291]
 Training FV-otc-s7-t9:  68%|██████▊   | 34/50 [00:09<00:04,  3.68it/s, Saved at =inf, TrLoss=0.2310]
 Training FV-otc-s7-t9:  70%|███████   | 35/50 [00:09<00:03,  3.81it/s, Saved at =inf, TrLoss=0.2310]
 Training FV-otc-s7-t9:  70%|███████   | 35/50 [00:09<00:03,  3.81it/s, Saved at =inf, TrLoss=0.2197]
 Training FV-otc-s7-t9:  72%|███████▏  | 36/50 [00:10<00:03,  3.68it/s, Saved at =inf, TrLoss=0.2197]
 Training FV-otc-s7-t9:  72%|███████▏  | 36/50 [00:10<00:03,  3.68it/s, Saved at =inf, TrLoss=0.2258]
 Training FV-otc-s7-t9:  74%|███████▍  | 37/50 [00:10<00:03,  3.76it/s, Saved at =inf, TrLoss=0.2258]
 Training FV-otc-s7-t9:  74%|███████▍  | 37/50 [00:10<00:03,  3.76it/s, Saved at =inf, TrLoss=0.2229]
 Training FV-otc-s7-t9:  76%|███████▌  | 38/50 [00:10<00:03,  3.67it/s, Saved at =inf, TrLoss=0.2229]
 Training FV-otc-s7-t9:  76%|███████▌  | 38/50 [00:10<00:03,  3.67it/s, Saved at =inf, TrLoss=0.2163]
 Training FV-otc-s7-t9:  78%|███████▊  | 39/50 [00:10<00:03,  3.56it/s, Saved at =inf, TrLoss=0.2163]
 Training FV-otc-s7-t9:  78%|███████▊  | 39/50 [00:11<00:03,  3.56it/s, Saved at =inf, TrLoss=0.2192]
 Training FV-otc-s7-t9:  80%|████████  | 40/50 [00:11<00:02,  3.58it/s, Saved at =inf, TrLoss=0.2192]
 Training FV-otc-s7-t9:  80%|████████  | 40/50 [00:11<00:02,  3.58it/s, Saved at =inf, TrLoss=0.2142]
 Training FV-otc-s7-t9:  82%|████████▏ | 41/50 [00:11<00:02,  3.55it/s, Saved at =inf, TrLoss=0.2142]
 Training FV-otc-s7-t9:  82%|████████▏ | 41/50 [00:11<00:02,  3.55it/s, Saved at =inf, TrLoss=0.2095]
 Training FV-otc-s7-t9:  84%|████████▍ | 42/50 [00:11<00:02,  3.84it/s, Saved at =inf, TrLoss=0.2095]
 Training FV-otc-s7-t9:  84%|████████▍ | 42/50 [00:11<00:02,  3.84it/s, Saved at =inf, TrLoss=0.2145]
 Training FV-otc-s7-t9:  86%|████████▌ | 43/50 [00:11<00:01,  4.06it/s, Saved at =inf, TrLoss=0.2145]
 Training FV-otc-s7-t9:  86%|████████▌ | 43/50 [00:12<00:01,  4.06it/s, Saved at =inf, TrLoss=0.2111]
 Training FV-otc-s7-t9:  88%|████████▊ | 44/50 [00:12<00:01,  4.22it/s, Saved at =inf, TrLoss=0.2111]
 Training FV-otc-s7-t9:  88%|████████▊ | 44/50 [00:12<00:01,  4.22it/s, Saved at =inf, TrLoss=0.2089]
 Training FV-otc-s7-t9:  90%|█████████ | 45/50 [00:12<00:01,  3.99it/s, Saved at =inf, TrLoss=0.2089]
 Training FV-otc-s7-t9:  90%|█████████ | 45/50 [00:12<00:01,  3.99it/s, Saved at =inf, TrLoss=0.2092]
 Training FV-otc-s7-t9:  92%|█████████▏| 46/50 [00:12<00:01,  3.93it/s, Saved at =inf, TrLoss=0.2092]
 Training FV-otc-s7-t9:  92%|█████████▏| 46/50 [00:12<00:01,  3.93it/s, Saved at =inf, TrLoss=0.2010]
 Training FV-otc-s7-t9:  94%|█████████▍| 47/50 [00:12<00:00,  4.07it/s, Saved at =inf, TrLoss=0.2010]
 Training FV-otc-s7-t9:  94%|█████████▍| 47/50 [00:13<00:00,  4.07it/s, Saved at =inf, TrLoss=0.2016]
 Training FV-otc-s7-t9:  96%|█████████▌| 48/50 [00:13<00:00,  4.19it/s, Saved at =inf, TrLoss=0.2016]
 Training FV-otc-s7-t9:  96%|█████████▌| 48/50 [00:13<00:00,  4.19it/s, Saved at =inf, TrLoss=0.2111]
 Training FV-otc-s7-t9:  98%|█████████▊| 49/50 [00:13<00:00,  4.16it/s, Saved at =inf, TrLoss=0.2111]
 Training FV-otc-s7-t9:  98%|█████████▊| 49/50 [00:13<00:00,  4.16it/s, Saved at =inf, TrLoss=0.2097]
 Training FV-otc-s7-t9: 100%|██████████| 50/50 [00:13<00:00,  3.87it/s, Saved at =inf, TrLoss=0.2097]
 Training FV-otc-s7-t9: 100%|██████████| 50/50 [00:13<00:00,  3.68it/s, Saved at =inf, TrLoss=0.2097]

 Training ATK-otc-s7-t7:   0%|          | 0/50 [00:00<?, ?it/s]
 Training ATK-otc-s7-t7:   0%|          | 0/50 [00:00<?, ?it/s, Saved at =inf, TrLoss=0.6855]
 Training ATK-otc-s7-t7:   2%|▏         | 1/50 [00:00<00:11,  4.17it/s, Saved at =inf, TrLoss=0.6855]
 Training ATK-otc-s7-t7:   2%|▏         | 1/50 [00:00<00:11,  4.17it/s, Saved at =inf, TrLoss=0.7058]
 Training ATK-otc-s7-t7:   4%|▍         | 2/50 [00:00<00:10,  4.74it/s, Saved at =inf, TrLoss=0.7058]
 Training ATK-otc-s7-t7:   4%|▍         | 2/50 [00:00<00:10,  4.74it/s, Saved at =inf, TrLoss=0.5503]
 Training ATK-otc-s7-t7:   6%|▌         | 3/50 [00:00<00:09,  4.96it/s, Saved at =inf, TrLoss=0.5503]
 Training ATK-otc-s7-t7:   6%|▌         | 3/50 [00:00<00:09,  4.96it/s, Saved at =inf, TrLoss=0.4968]
 Training ATK-otc-s7-t7:   8%|▊         | 4/50 [00:00<00:10,  4.32it/s, Saved at =inf, TrLoss=0.4968]
 Training ATK-otc-s7-t7:   8%|▊         | 4/50 [00:01<00:10,  4.32it/s, Saved at =inf, TrLoss=0.5011]
 Training ATK-otc-s7-t7:  10%|█         | 5/50 [00:01<00:11,  3.82it/s, Saved at =inf, TrLoss=0.5011]
 Training ATK-otc-s7-t7:  10%|█         | 5/50 [00:01<00:11,  3.82it/s, Saved at =inf, TrLoss=0.4072]
 Training ATK-otc-s7-t7:  12%|█▏        | 6/50 [00:01<00:10,  4.08it/s, Saved at =inf, TrLoss=0.4072]
 Training ATK-otc-s7-t7:  12%|█▏        | 6/50 [00:01<00:10,  4.08it/s, Saved at =inf, TrLoss=0.3966]
 Training ATK-otc-s7-t7:  14%|█▍        | 7/50 [00:01<00:10,  4.27it/s, Saved at =inf, TrLoss=0.3966]
 Training ATK-otc-s7-t7:  14%|█▍        | 7/50 [00:01<00:10,  4.27it/s, Saved at =inf, TrLoss=0.3541]
 Training ATK-otc-s7-t7:  16%|█▌        | 8/50 [00:01<00:10,  4.20it/s, Saved at =inf, TrLoss=0.3541]
 Training ATK-otc-s7-t7:  16%|█▌        | 8/50 [00:02<00:10,  4.20it/s, Saved at =inf, TrLoss=0.3634]
 Training ATK-otc-s7-t7:  18%|█▊        | 9/50 [00:02<00:09,  4.18it/s, Saved at =inf, TrLoss=0.3634]
 Training ATK-otc-s7-t7:  18%|█▊        | 9/50 [00:02<00:09,  4.18it/s, Saved at =inf, TrLoss=0.3183]
 Training ATK-otc-s7-t7:  20%|██        | 10/50 [00:02<00:09,  4.04it/s, Saved at =inf, TrLoss=0.3183]
 Training ATK-otc-s7-t7:  20%|██        | 10/50 [00:02<00:09,  4.04it/s, Saved at =inf, TrLoss=0.3326]
 Training ATK-otc-s7-t7:  22%|██▏       | 11/50 [00:02<00:09,  4.32it/s, Saved at =inf, TrLoss=0.3326]
 Training ATK-otc-s7-t7:  22%|██▏       | 11/50 [00:02<00:09,  4.32it/s, Saved at =inf, TrLoss=0.2956]
 Training ATK-otc-s7-t7:  24%|██▍       | 12/50 [00:02<00:08,  4.64it/s, Saved at =inf, TrLoss=0.2956]
 Training ATK-otc-s7-t7:  24%|██▍       | 12/50 [00:02<00:08,  4.64it/s, Saved at =inf, TrLoss=0.3218]
 Training ATK-otc-s7-t7:  26%|██▌       | 13/50 [00:02<00:07,  4.86it/s, Saved at =inf, TrLoss=0.3218]
 Training ATK-otc-s7-t7:  26%|██▌       | 13/50 [00:03<00:07,  4.86it/s, Saved at =inf, TrLoss=0.2878]
 Training ATK-otc-s7-t7:  28%|██▊       | 14/50 [00:03<00:07,  5.08it/s, Saved at =inf, TrLoss=0.2878]
 Training ATK-otc-s7-t7:  28%|██▊       | 14/50 [00:03<00:07,  5.08it/s, Saved at =inf, TrLoss=0.2989]
 Training ATK-otc-s7-t7:  30%|███       | 15/50 [00:03<00:06,  5.08it/s, Saved at =inf, TrLoss=0.2989]
 Training ATK-otc-s7-t7:  30%|███       | 15/50 [00:03<00:06,  5.08it/s, Saved at =inf, TrLoss=0.2811]
 Training ATK-otc-s7-t7:  32%|███▏      | 16/50 [00:03<00:06,  5.20it/s, Saved at =inf, TrLoss=0.2811]
 Training ATK-otc-s7-t7:  32%|███▏      | 16/50 [00:03<00:06,  5.20it/s, Saved at =inf, TrLoss=0.2681]
 Training ATK-otc-s7-t7:  34%|███▍      | 17/50 [00:03<00:06,  5.22it/s, Saved at =inf, TrLoss=0.2681]
 Training ATK-otc-s7-t7:  34%|███▍      | 17/50 [00:03<00:06,  5.22it/s, Saved at =inf, TrLoss=0.2770]
 Training ATK-otc-s7-t7:  36%|███▌      | 18/50 [00:03<00:06,  4.83it/s, Saved at =inf, TrLoss=0.2770]
 Training ATK-otc-s7-t7:  36%|███▌      | 18/50 [00:04<00:06,  4.83it/s, Saved at =inf, TrLoss=0.2534]
 Training ATK-otc-s7-t7:  38%|███▊      | 19/50 [00:04<00:06,  4.80it/s, Saved at =inf, TrLoss=0.2534]
 Training ATK-otc-s7-t7:  38%|███▊      | 19/50 [00:04<00:06,  4.80it/s, Saved at =inf, TrLoss=0.2687]
 Training ATK-otc-s7-t7:  40%|████      | 20/50 [00:04<00:05,  5.01it/s, Saved at =inf, TrLoss=0.2687]
 Training ATK-otc-s7-t7:  40%|████      | 20/50 [00:04<00:05,  5.01it/s, Saved at =inf, TrLoss=0.2533]
 Training ATK-otc-s7-t7:  42%|████▏     | 21/50 [00:04<00:05,  4.94it/s, Saved at =inf, TrLoss=0.2533]
 Training ATK-otc-s7-t7:  42%|████▏     | 21/50 [00:04<00:05,  4.94it/s, Saved at =inf, TrLoss=0.2562]
 Training ATK-otc-s7-t7:  44%|████▍     | 22/50 [00:04<00:05,  4.97it/s, Saved at =inf, TrLoss=0.2562]
 Training ATK-otc-s7-t7:  44%|████▍     | 22/50 [00:04<00:05,  4.97it/s, Saved at =inf, TrLoss=0.2474]
 Training ATK-otc-s7-t7:  46%|████▌     | 23/50 [00:04<00:05,  4.90it/s, Saved at =inf, TrLoss=0.2474]
 Training ATK-otc-s7-t7:  46%|████▌     | 23/50 [00:05<00:05,  4.90it/s, Saved at =inf, TrLoss=0.2402]
 Training ATK-otc-s7-t7:  48%|████▊     | 24/50 [00:05<00:05,  5.02it/s, Saved at =inf, TrLoss=0.2402]
 Training ATK-otc-s7-t7:  48%|████▊     | 24/50 [00:05<00:05,  5.02it/s, Saved at =inf, TrLoss=0.2418]
 Training ATK-otc-s7-t7:  50%|█████     | 25/50 [00:05<00:04,  5.25it/s, Saved at =inf, TrLoss=0.2418]
 Training ATK-otc-s7-t7:  50%|█████     | 25/50 [00:05<00:04,  5.25it/s, Saved at =inf, TrLoss=0.2356]
 Training ATK-otc-s7-t7:  52%|█████▏    | 26/50 [00:05<00:04,  5.35it/s, Saved at =inf, TrLoss=0.2356]
 Training ATK-otc-s7-t7:  52%|█████▏    | 26/50 [00:05<00:04,  5.35it/s, Saved at =inf, TrLoss=0.2457]
 Training ATK-otc-s7-t7:  54%|█████▍    | 27/50 [00:05<00:04,  5.32it/s, Saved at =inf, TrLoss=0.2457]
 Training ATK-otc-s7-t7:  54%|█████▍    | 27/50 [00:05<00:04,  5.32it/s, Saved at =inf, TrLoss=0.2320]
 Training ATK-otc-s7-t7:  56%|█████▌    | 28/50 [00:05<00:04,  4.95it/s, Saved at =inf, TrLoss=0.2320]
 Training ATK-otc-s7-t7:  56%|█████▌    | 28/50 [00:06<00:04,  4.95it/s, Saved at =inf, TrLoss=0.2370]
 Training ATK-otc-s7-t7:  58%|█████▊    | 29/50 [00:06<00:04,  4.80it/s, Saved at =inf, TrLoss=0.2370]
 Training ATK-otc-s7-t7:  58%|█████▊    | 29/50 [00:06<00:04,  4.80it/s, Saved at =inf, TrLoss=0.2298]
 Training ATK-otc-s7-t7:  60%|██████    | 30/50 [00:06<00:04,  4.85it/s, Saved at =inf, TrLoss=0.2298]
 Training ATK-otc-s7-t7:  60%|██████    | 30/50 [00:06<00:04,  4.85it/s, Saved at =inf, TrLoss=0.2291]
 Training ATK-otc-s7-t7:  62%|██████▏   | 31/50 [00:06<00:03,  5.21it/s, Saved at =inf, TrLoss=0.2291]
 Training ATK-otc-s7-t7:  62%|██████▏   | 31/50 [00:06<00:03,  5.21it/s, Saved at =inf, TrLoss=0.2222]
 Training ATK-otc-s7-t7:  64%|██████▍   | 32/50 [00:06<00:03,  5.50it/s, Saved at =inf, TrLoss=0.2222]
 Training ATK-otc-s7-t7:  64%|██████▍   | 32/50 [00:06<00:03,  5.50it/s, Saved at =inf, TrLoss=0.2204]
 Training ATK-otc-s7-t7:  66%|██████▌   | 33/50 [00:06<00:03,  5.63it/s, Saved at =inf, TrLoss=0.2204]
 Training ATK-otc-s7-t7:  66%|██████▌   | 33/50 [00:06<00:03,  5.63it/s, Saved at =inf, TrLoss=0.2228]
 Training ATK-otc-s7-t7:  68%|██████▊   | 34/50 [00:06<00:02,  5.80it/s, Saved at =inf, TrLoss=0.2228]
 Training ATK-otc-s7-t7:  68%|██████▊   | 34/50 [00:07<00:02,  5.80it/s, Saved at =inf, TrLoss=0.2221]
 Training ATK-otc-s7-t7:  70%|███████   | 35/50 [00:07<00:02,  5.80it/s, Saved at =inf, TrLoss=0.2221]
 Training ATK-otc-s7-t7:  70%|███████   | 35/50 [00:07<00:02,  5.80it/s, Saved at =inf, TrLoss=0.2177]
 Training ATK-otc-s7-t7:  72%|███████▏  | 36/50 [00:07<00:02,  4.92it/s, Saved at =inf, TrLoss=0.2177]
 Training ATK-otc-s7-t7:  72%|███████▏  | 36/50 [00:07<00:02,  4.92it/s, Saved at =inf, TrLoss=0.2123]
 Training ATK-otc-s7-t7:  74%|███████▍  | 37/50 [00:07<00:02,  4.98it/s, Saved at =inf, TrLoss=0.2123]
 Training ATK-otc-s7-t7:  74%|███████▍  | 37/50 [00:07<00:02,  4.98it/s, Saved at =inf, TrLoss=0.2151]
 Training ATK-otc-s7-t7:  76%|███████▌  | 38/50 [00:07<00:02,  5.26it/s, Saved at =inf, TrLoss=0.2151]
 Training ATK-otc-s7-t7:  76%|███████▌  | 38/50 [00:07<00:02,  5.26it/s, Saved at =inf, TrLoss=0.2095]
 Training ATK-otc-s7-t7:  78%|███████▊  | 39/50 [00:07<00:01,  5.51it/s, Saved at =inf, TrLoss=0.2095]
 Training ATK-otc-s7-t7:  78%|███████▊  | 39/50 [00:08<00:01,  5.51it/s, Saved at =inf, TrLoss=0.2121]
 Training ATK-otc-s7-t7:  80%|████████  | 40/50 [00:08<00:01,  5.60it/s, Saved at =inf, TrLoss=0.2121]
 Training ATK-otc-s7-t7:  80%|████████  | 40/50 [00:08<00:01,  5.60it/s, Saved at =inf, TrLoss=0.2077]
 Training ATK-otc-s7-t7:  82%|████████▏ | 41/50 [00:08<00:01,  5.30it/s, Saved at =inf, TrLoss=0.2077]
 Training ATK-otc-s7-t7:  82%|████████▏ | 41/50 [00:08<00:01,  5.30it/s, Saved at =inf, TrLoss=0.2070]
 Training ATK-otc-s7-t7:  84%|████████▍ | 42/50 [00:08<00:01,  5.24it/s, Saved at =inf, TrLoss=0.2070]
 Training ATK-otc-s7-t7:  84%|████████▍ | 42/50 [00:08<00:01,  5.24it/s, Saved at =inf, TrLoss=0.2043]
 Training ATK-otc-s7-t7:  86%|████████▌ | 43/50 [00:08<00:01,  4.55it/s, Saved at =inf, TrLoss=0.2043]
 Training ATK-otc-s7-t7:  86%|████████▌ | 43/50 [00:08<00:01,  4.55it/s, Saved at =inf, TrLoss=0.2040]
 Training ATK-otc-s7-t7:  88%|████████▊ | 44/50 [00:09<00:01,  4.07it/s, Saved at =inf, TrLoss=0.2040]
 Training ATK-otc-s7-t7:  88%|████████▊ | 44/50 [00:09<00:01,  4.07it/s, Saved at =inf, TrLoss=0.2000]
 Training ATK-otc-s7-t7:  90%|█████████ | 45/50 [00:09<00:01,  3.95it/s, Saved at =inf, TrLoss=0.2000]
 Training ATK-otc-s7-t7:  90%|█████████ | 45/50 [00:09<00:01,  3.95it/s, Saved at =inf, TrLoss=0.2021]
 Training ATK-otc-s7-t7:  92%|█████████▏| 46/50 [00:09<00:00,  4.07it/s, Saved at =inf, TrLoss=0.2021]
 Training ATK-otc-s7-t7:  92%|█████████▏| 46/50 [00:09<00:00,  4.07it/s, Saved at =inf, TrLoss=0.1931]
 Training ATK-otc-s7-t7:  94%|█████████▍| 47/50 [00:09<00:00,  3.62it/s, Saved at =inf, TrLoss=0.1931]
 Training ATK-otc-s7-t7:  94%|█████████▍| 47/50 [00:10<00:00,  3.62it/s, Saved at =inf, TrLoss=0.1918]
 Training ATK-otc-s7-t7:  96%|█████████▌| 48/50 [00:10<00:00,  3.76it/s, Saved at =inf, TrLoss=0.1918]
 Training ATK-otc-s7-t7:  96%|█████████▌| 48/50 [00:10<00:00,  3.76it/s, Saved at =inf, TrLoss=0.1903]
 Training ATK-otc-s7-t7:  98%|█████████▊| 49/50 [00:10<00:00,  4.02it/s, Saved at =inf, TrLoss=0.1903]
 Training ATK-otc-s7-t7:  98%|█████████▊| 49/50 [00:10<00:00,  4.02it/s, Saved at =inf, TrLoss=0.1900]
 Training ATK-otc-s7-t7: 100%|██████████| 50/50 [00:10<00:00,  4.21it/s, Saved at =inf, TrLoss=0.1900]
 Training ATK-otc-s7-t7: 100%|██████████| 50/50 [00:10<00:00,  4.70it/s, Saved at =inf, TrLoss=0.1900]
[15:29:18]   MCC=0.410±0.088, AUC=0.773±0.067, BAcc=0.679±0.049
[15:31:39]   [otc s7] 500/3269 candidates scanned, 484 eligible
[15:33:50]   [otc s7] 1000/3269 candidates scanned, 957 eligible
[15:35:55]   [otc s7] 1500/3269 candidates scanned, 1414 eligible
[15:37:32]   [otc s7] 2000/3269 candidates scanned, 1763 eligible
[15:39:31]   [otc s7] 2500/3269 candidates scanned, 2187 eligible
[15:41:23]   [otc s7] 3000/3269 candidates scanned, 2561 eligible
[15:42:29]   otc seed 7: n=2727 AUC=0.773 | flip% random total/prop 23.0/13.1 | optimized 41.4/21.9 | 14.5 min
[15:42:29] Training GDTE on otc (seed=8)...

 Training FV-otc-s8-t2:   0%|          | 0/50 [00:00<?, ?it/s]
 Training FV-otc-s8-t2:   0%|          | 0/50 [00:00<?, ?it/s, Saved at =inf, TrLoss=1.4097]
 Training FV-otc-s8-t2:   0%|          | 0/50 [00:00<?, ?it/s, Saved at =inf, TrLoss=0.6716]
 Training FV-otc-s8-t2:   4%|▍         | 2/50 [00:00<00:03, 13.71it/s, Saved at =inf, TrLoss=0.6716]
 Training FV-otc-s8-t2:   4%|▍         | 2/50 [00:00<00:03, 13.71it/s, Saved at =inf, TrLoss=0.6126]
 Training FV-otc-s8-t2:   4%|▍         | 2/50 [00:00<00:03, 13.71it/s, Saved at =inf, TrLoss=0.4124]
 Training FV-otc-s8-t2:   8%|▊         | 4/50 [00:00<00:03, 11.74it/s, Saved at =inf, TrLoss=0.4124]
 Training FV-otc-s8-t2:   8%|▊         | 4/50 [00:00<00:03, 11.74it/s, Saved at =inf, TrLoss=0.3505]
 Training FV-otc-s8-t2:   8%|▊         | 4/50 [00:00<00:03, 11.74it/s, Saved at =inf, TrLoss=0.2899]
 Training FV-otc-s8-t2:  12%|█▏        | 6/50 [00:00<00:03, 11.47it/s, Saved at =inf, TrLoss=0.2899]
 Training FV-otc-s8-t2:  12%|█▏        | 6/50 [00:00<00:03, 11.47it/s, Saved at =inf, TrLoss=0.2542]
 Training FV-otc-s8-t2:  12%|█▏        | 6/50 [00:00<00:03, 11.47it/s, Saved at =inf, TrLoss=0.2746]
 Training FV-otc-s8-t2:  16%|█▌        | 8/50 [00:00<00:04,  8.55it/s, Saved at =inf, TrLoss=0.2746]
 Training FV-otc-s8-t2:  16%|█▌        | 8/50 [00:00<00:04,  8.55it/s, Saved at =inf, TrLoss=0.2485]
 Training FV-otc-s8-t2:  16%|█▌        | 8/50 [00:01<00:04,  8.55it/s, Saved at =inf, TrLoss=0.2525]
 Training FV-otc-s8-t2:  20%|██        | 10/50 [00:01<00:04,  8.80it/s, Saved at =inf, TrLoss=0.2525]
 Training FV-otc-s8-t2:  20%|██        | 10/50 [00:01<00:04,  8.80it/s, Saved at =inf, TrLoss=0.2457]
 Training FV-otc-s8-t2:  20%|██        | 10/50 [00:01<00:04,  8.80it/s, Saved at =inf, TrLoss=0.1950]
 Training FV-otc-s8-t2:  24%|██▍       | 12/50 [00:01<00:04,  9.19it/s, Saved at =inf, TrLoss=0.1950]
 Training FV-otc-s8-t2:  24%|██▍       | 12/50 [00:01<00:04,  9.19it/s, Saved at =inf, TrLoss=0.1593]
 Training FV-otc-s8-t2:  26%|██▌       | 13/50 [00:01<00:04,  9.00it/s, Saved at =inf, TrLoss=0.1593]
 Training FV-otc-s8-t2:  26%|██▌       | 13/50 [00:01<00:04,  9.00it/s, Saved at =inf, TrLoss=0.1883]
 Training FV-otc-s8-t2:  26%|██▌       | 13/50 [00:01<00:04,  9.00it/s, Saved at =inf, TrLoss=0.1836]
 Training FV-otc-s8-t2:  30%|███       | 15/50 [00:01<00:03,  9.62it/s, Saved at =inf, TrLoss=0.1836]
 Training FV-otc-s8-t2:  30%|███       | 15/50 [00:01<00:03,  9.62it/s, Saved at =inf, TrLoss=0.1422]
 Training FV-otc-s8-t2:  30%|███       | 15/50 [00:01<00:03,  9.62it/s, Saved at =inf, TrLoss=0.1466]
 Training FV-otc-s8-t2:  34%|███▍      | 17/50 [00:01<00:03, 10.00it/s, Saved at =inf, TrLoss=0.1466]
 Training FV-otc-s8-t2:  34%|███▍      | 17/50 [00:01<00:03, 10.00it/s, Saved at =inf, TrLoss=0.1403]
 Training FV-otc-s8-t2:  34%|███▍      | 17/50 [00:01<00:03, 10.00it/s, Saved at =inf, TrLoss=0.1470]
 Training FV-otc-s8-t2:  38%|███▊      | 19/50 [00:01<00:03, 10.16it/s, Saved at =inf, TrLoss=0.1470]
 Training FV-otc-s8-t2:  38%|███▊      | 19/50 [00:01<00:03, 10.16it/s, Saved at =inf, TrLoss=0.1478]
 Training FV-otc-s8-t2:  38%|███▊      | 19/50 [00:02<00:03, 10.16it/s, Saved at =inf, TrLoss=0.1420]
 Training FV-otc-s8-t2:  42%|████▏     | 21/50 [00:02<00:02, 10.73it/s, Saved at =inf, TrLoss=0.1420]
 Training FV-otc-s8-t2:  42%|████▏     | 21/50 [00:02<00:02, 10.73it/s, Saved at =inf, TrLoss=0.1426]
 Training FV-otc-s8-t2:  42%|████▏     | 21/50 [00:02<00:02, 10.73it/s, Saved at =inf, TrLoss=0.1197]
 Training FV-otc-s8-t2:  46%|████▌     | 23/50 [00:02<00:02, 10.26it/s, Saved at =inf, TrLoss=0.1197]
 Training FV-otc-s8-t2:  46%|████▌     | 23/50 [00:02<00:02, 10.26it/s, Saved at =inf, TrLoss=0.1200]
 Training FV-otc-s8-t2:  46%|████▌     | 23/50 [00:02<00:02, 10.26it/s, Saved at =inf, TrLoss=0.1231]
 Training FV-otc-s8-t2:  50%|█████     | 25/50 [00:02<00:02, 10.81it/s, Saved at =inf, TrLoss=0.1231]
 Training FV-otc-s8-t2:  50%|█████     | 25/50 [00:02<00:02, 10.81it/s, Saved at =inf, TrLoss=0.1070]
 Training FV-otc-s8-t2:  50%|█████     | 25/50 [00:02<00:02, 10.81it/s, Saved at =inf, TrLoss=0.1238]
 Training FV-otc-s8-t2:  54%|█████▍    | 27/50 [00:02<00:02, 11.03it/s, Saved at =inf, TrLoss=0.1238]
 Training FV-otc-s8-t2:  54%|█████▍    | 27/50 [00:02<00:02, 11.03it/s, Saved at =inf, TrLoss=0.0923]
 Training FV-otc-s8-t2:  54%|█████▍    | 27/50 [00:02<00:02, 11.03it/s, Saved at =inf, TrLoss=0.1155]
 Training FV-otc-s8-t2:  58%|█████▊    | 29/50 [00:02<00:01, 11.09it/s, Saved at =inf, TrLoss=0.1155]
 Training FV-otc-s8-t2:  58%|█████▊    | 29/50 [00:02<00:01, 11.09it/s, Saved at =inf, TrLoss=0.0960]
 Training FV-otc-s8-t2:  58%|█████▊    | 29/50 [00:02<00:01, 11.09it/s, Saved at =inf, TrLoss=0.0966]
 Training FV-otc-s8-t2:  62%|██████▏   | 31/50 [00:02<00:01, 11.88it/s, Saved at =inf, TrLoss=0.0966]
 Training FV-otc-s8-t2:  62%|██████▏   | 31/50 [00:03<00:01, 11.88it/s, Saved at =inf, TrLoss=0.1351]
 Training FV-otc-s8-t2:  62%|██████▏   | 31/50 [00:03<00:01, 11.88it/s, Saved at =inf, TrLoss=0.1203]
 Training FV-otc-s8-t2:  66%|██████▌   | 33/50 [00:03<00:01, 12.09it/s, Saved at =inf, TrLoss=0.1203]
 Training FV-otc-s8-t2:  66%|██████▌   | 33/50 [00:03<00:01, 12.09it/s, Saved at =inf, TrLoss=0.0987]
 Training FV-otc-s8-t2:  66%|██████▌   | 33/50 [00:03<00:01, 12.09it/s, Saved at =inf, TrLoss=0.0877]
 Training FV-otc-s8-t2:  70%|███████   | 35/50 [00:03<00:01, 13.09it/s, Saved at =inf, TrLoss=0.0877]
 Training FV-otc-s8-t2:  70%|███████   | 35/50 [00:03<00:01, 13.09it/s, Saved at =inf, TrLoss=0.1063]
 Training FV-otc-s8-t2:  70%|███████   | 35/50 [00:03<00:01, 13.09it/s, Saved at =inf, TrLoss=0.1128]
 Training FV-otc-s8-t2:  74%|███████▍  | 37/50 [00:03<00:01, 12.84it/s, Saved at =inf, TrLoss=0.1128]
 Training FV-otc-s8-t2:  74%|███████▍  | 37/50 [00:03<00:01, 12.84it/s, Saved at =inf, TrLoss=0.1208]
 Training FV-otc-s8-t2:  74%|███████▍  | 37/50 [00:03<00:01, 12.84it/s, Saved at =inf, TrLoss=0.1097]
 Training FV-otc-s8-t2:  78%|███████▊  | 39/50 [00:03<00:00, 12.43it/s, Saved at =inf, TrLoss=0.1097]
 Training FV-otc-s8-t2:  78%|███████▊  | 39/50 [00:03<00:00, 12.43it/s, Saved at =inf, TrLoss=0.0978]
 Training FV-otc-s8-t2:  78%|███████▊  | 39/50 [00:03<00:00, 12.43it/s, Saved at =inf, TrLoss=0.0952]
 Training FV-otc-s8-t2:  82%|████████▏ | 41/50 [00:03<00:00, 12.63it/s, Saved at =inf, TrLoss=0.0952]
 Training FV-otc-s8-t2:  82%|████████▏ | 41/50 [00:03<00:00, 12.63it/s, Saved at =inf, TrLoss=0.0810]
 Training FV-otc-s8-t2:  82%|████████▏ | 41/50 [00:03<00:00, 12.63it/s, Saved at =inf, TrLoss=0.0893]
 Training FV-otc-s8-t2:  86%|████████▌ | 43/50 [00:04<00:00, 10.08it/s, Saved at =inf, TrLoss=0.0893]
 Training FV-otc-s8-t2:  86%|████████▌ | 43/50 [00:04<00:00, 10.08it/s, Saved at =inf, TrLoss=0.0835]
 Training FV-otc-s8-t2:  86%|████████▌ | 43/50 [00:04<00:00, 10.08it/s, Saved at =inf, TrLoss=0.1075]
 Training FV-otc-s8-t2:  90%|█████████ | 45/50 [00:04<00:00, 10.62it/s, Saved at =inf, TrLoss=0.1075]
 Training FV-otc-s8-t2:  90%|█████████ | 45/50 [00:04<00:00, 10.62it/s, Saved at =inf, TrLoss=0.0830]
 Training FV-otc-s8-t2:  90%|█████████ | 45/50 [00:04<00:00, 10.62it/s, Saved at =inf, TrLoss=0.0833]
 Training FV-otc-s8-t2:  94%|█████████▍| 47/50 [00:04<00:00, 10.88it/s, Saved at =inf, TrLoss=0.0833]
 Training FV-otc-s8-t2:  94%|█████████▍| 47/50 [00:04<00:00, 10.88it/s, Saved at =inf, TrLoss=0.1017]
 Training FV-otc-s8-t2:  94%|█████████▍| 47/50 [00:04<00:00, 10.88it/s, Saved at =inf, TrLoss=0.0707]
 Training FV-otc-s8-t2:  98%|█████████▊| 49/50 [00:04<00:00,  9.88it/s, Saved at =inf, TrLoss=0.0707]
 Training FV-otc-s8-t2:  98%|█████████▊| 49/50 [00:04<00:00,  9.88it/s, Saved at =inf, TrLoss=0.0884]
 Training FV-otc-s8-t2: 100%|██████████| 50/50 [00:04<00:00, 10.66it/s, Saved at =inf, TrLoss=0.0884]

 Training FV-otc-s8-t3:   0%|          | 0/50 [00:00<?, ?it/s]
 Training FV-otc-s8-t3:   0%|          | 0/50 [00:00<?, ?it/s, Saved at =inf, TrLoss=0.7725]
 Training FV-otc-s8-t3:   0%|          | 0/50 [00:00<?, ?it/s, Saved at =inf, TrLoss=0.6089]
 Training FV-otc-s8-t3:   4%|▍         | 2/50 [00:00<00:05,  8.19it/s, Saved at =inf, TrLoss=0.6089]
 Training FV-otc-s8-t3:   4%|▍         | 2/50 [00:00<00:05,  8.19it/s, Saved at =inf, TrLoss=1.2443]
 Training FV-otc-s8-t3:   6%|▌         | 3/50 [00:00<00:06,  6.96it/s, Saved at =inf, TrLoss=1.2443]
 Training FV-otc-s8-t3:   6%|▌         | 3/50 [00:00<00:06,  6.96it/s, Saved at =inf, TrLoss=0.5211]
 Training FV-otc-s8-t3:   8%|▊         | 4/50 [00:00<00:06,  6.58it/s, Saved at =inf, TrLoss=0.5211]
 Training FV-otc-s8-t3:   8%|▊         | 4/50 [00:00<00:06,  6.58it/s, Saved at =inf, TrLoss=0.4070]
 Training FV-otc-s8-t3:  10%|█         | 5/50 [00:00<00:07,  6.32it/s, Saved at =inf, TrLoss=0.4070]
 Training FV-otc-s8-t3:  10%|█         | 5/50 [00:00<00:07,  6.32it/s, Saved at =inf, TrLoss=0.4227]
 Training FV-otc-s8-t3:  10%|█         | 5/50 [00:00<00:07,  6.32it/s, Saved at =inf, TrLoss=0.3452]
 Training FV-otc-s8-t3:  14%|█▍        | 7/50 [00:01<00:06,  6.87it/s, Saved at =inf, TrLoss=0.3452]
 Training FV-otc-s8-t3:  14%|█▍        | 7/50 [00:01<00:06,  6.87it/s, Saved at =inf, TrLoss=0.3436]
 Training FV-otc-s8-t3:  16%|█▌        | 8/50 [00:01<00:06,  6.04it/s, Saved at =inf, TrLoss=0.3436]
 Training FV-otc-s8-t3:  16%|█▌        | 8/50 [00:01<00:06,  6.04it/s, Saved at =inf, TrLoss=0.2961]
 Training FV-otc-s8-t3:  18%|█▊        | 9/50 [00:01<00:06,  6.32it/s, Saved at =inf, TrLoss=0.2961]
 Training FV-otc-s8-t3:  18%|█▊        | 9/50 [00:01<00:06,  6.32it/s, Saved at =inf, TrLoss=0.2924]
 Training FV-otc-s8-t3:  20%|██        | 10/50 [00:01<00:05,  6.85it/s, Saved at =inf, TrLoss=0.2924]
 Training FV-otc-s8-t3:  20%|██        | 10/50 [00:01<00:05,  6.85it/s, Saved at =inf, TrLoss=0.2846]
 Training FV-otc-s8-t3:  22%|██▏       | 11/50 [00:01<00:05,  7.09it/s, Saved at =inf, TrLoss=0.2846]
 Training FV-otc-s8-t3:  22%|██▏       | 11/50 [00:01<00:05,  7.09it/s, Saved at =inf, TrLoss=0.2611]
 Training FV-otc-s8-t3:  22%|██▏       | 11/50 [00:01<00:05,  7.09it/s, Saved at =inf, TrLoss=0.2363]
 Training FV-otc-s8-t3:  26%|██▌       | 13/50 [00:01<00:05,  7.24it/s, Saved at =inf, TrLoss=0.2363]
 Training FV-otc-s8-t3:  26%|██▌       | 13/50 [00:01<00:05,  7.24it/s, Saved at =inf, TrLoss=0.2546]
 Training FV-otc-s8-t3:  28%|██▊       | 14/50 [00:02<00:05,  6.26it/s, Saved at =inf, TrLoss=0.2546]
 Training FV-otc-s8-t3:  28%|██▊       | 14/50 [00:02<00:05,  6.26it/s, Saved at =inf, TrLoss=0.2039]
 Training FV-otc-s8-t3:  30%|███       | 15/50 [00:02<00:06,  5.61it/s, Saved at =inf, TrLoss=0.2039]
 Training FV-otc-s8-t3:  30%|███       | 15/50 [00:02<00:06,  5.61it/s, Saved at =inf, TrLoss=0.1980]
 Training FV-otc-s8-t3:  32%|███▏      | 16/50 [00:02<00:06,  5.52it/s, Saved at =inf, TrLoss=0.1980]
 Training FV-otc-s8-t3:  32%|███▏      | 16/50 [00:02<00:06,  5.52it/s, Saved at =inf, TrLoss=0.1898]
 Training FV-otc-s8-t3:  32%|███▏      | 16/50 [00:02<00:06,  5.52it/s, Saved at =inf, TrLoss=0.1863]
 Training FV-otc-s8-t3:  36%|███▌      | 18/50 [00:02<00:04,  6.70it/s, Saved at =inf, TrLoss=0.1863]
 Training FV-otc-s8-t3:  36%|███▌      | 18/50 [00:02<00:04,  6.70it/s, Saved at =inf, TrLoss=0.1603]
 Training FV-otc-s8-t3:  36%|███▌      | 18/50 [00:02<00:04,  6.70it/s, Saved at =inf, TrLoss=0.1774]
 Training FV-otc-s8-t3:  40%|████      | 20/50 [00:02<00:04,  7.34it/s, Saved at =inf, TrLoss=0.1774]
 Training FV-otc-s8-t3:  40%|████      | 20/50 [00:03<00:04,  7.34it/s, Saved at =inf, TrLoss=0.1560]
 Training FV-otc-s8-t3:  42%|████▏     | 21/50 [00:03<00:03,  7.38it/s, Saved at =inf, TrLoss=0.1560]
 Training FV-otc-s8-t3:  42%|████▏     | 21/50 [00:03<00:03,  7.38it/s, Saved at =inf, TrLoss=0.1631]
 Training FV-otc-s8-t3:  42%|████▏     | 21/50 [00:03<00:03,  7.38it/s, Saved at =inf, TrLoss=0.1554]
 Training FV-otc-s8-t3:  46%|████▌     | 23/50 [00:03<00:03,  8.22it/s, Saved at =inf, TrLoss=0.1554]
 Training FV-otc-s8-t3:  46%|████▌     | 23/50 [00:03<00:03,  8.22it/s, Saved at =inf, TrLoss=0.1428]
 Training FV-otc-s8-t3:  48%|████▊     | 24/50 [00:03<00:03,  8.45it/s, Saved at =inf, TrLoss=0.1428]
 Training FV-otc-s8-t3:  48%|████▊     | 24/50 [00:03<00:03,  8.45it/s, Saved at =inf, TrLoss=0.1622]
 Training FV-otc-s8-t3:  48%|████▊     | 24/50 [00:03<00:03,  8.45it/s, Saved at =inf, TrLoss=0.1528]
 Training FV-otc-s8-t3:  52%|█████▏    | 26/50 [00:03<00:02,  8.25it/s, Saved at =inf, TrLoss=0.1528]
 Training FV-otc-s8-t3:  52%|█████▏    | 26/50 [00:03<00:02,  8.25it/s, Saved at =inf, TrLoss=0.1345]
 Training FV-otc-s8-t3:  54%|█████▍    | 27/50 [00:03<00:02,  8.01it/s, Saved at =inf, TrLoss=0.1345]
 Training FV-otc-s8-t3:  54%|█████▍    | 27/50 [00:03<00:02,  8.01it/s, Saved at =inf, TrLoss=0.1347]
 Training FV-otc-s8-t3:  54%|█████▍    | 27/50 [00:03<00:02,  8.01it/s, Saved at =inf, TrLoss=0.1436]
 Training FV-otc-s8-t3:  58%|█████▊    | 29/50 [00:04<00:02,  8.22it/s, Saved at =inf, TrLoss=0.1436]
 Training FV-otc-s8-t3:  58%|█████▊    | 29/50 [00:04<00:02,  8.22it/s, Saved at =inf, TrLoss=0.1257]
 Training FV-otc-s8-t3:  60%|██████    | 30/50 [00:04<00:02,  7.13it/s, Saved at =inf, TrLoss=0.1257]
 Training FV-otc-s8-t3:  60%|██████    | 30/50 [00:04<00:02,  7.13it/s, Saved at =inf, TrLoss=0.1309]
 Training FV-otc-s8-t3:  62%|██████▏   | 31/50 [00:04<00:02,  6.91it/s, Saved at =inf, TrLoss=0.1309]
 Training FV-otc-s8-t3:  62%|██████▏   | 31/50 [00:04<00:02,  6.91it/s, Saved at =inf, TrLoss=0.1377]
 Training FV-otc-s8-t3:  64%|██████▍   | 32/50 [00:04<00:02,  7.18it/s, Saved at =inf, TrLoss=0.1377]
 Training FV-otc-s8-t3:  64%|██████▍   | 32/50 [00:04<00:02,  7.18it/s, Saved at =inf, TrLoss=0.1334]
 Training FV-otc-s8-t3:  64%|██████▍   | 32/50 [00:04<00:02,  7.18it/s, Saved at =inf, TrLoss=0.1210]
 Training FV-otc-s8-t3:  68%|██████▊   | 34/50 [00:04<00:02,  7.98it/s, Saved at =inf, TrLoss=0.1210]
 Training FV-otc-s8-t3:  68%|██████▊   | 34/50 [00:04<00:02,  7.98it/s, Saved at =inf, TrLoss=0.1339]
 Training FV-otc-s8-t3:  70%|███████   | 35/50 [00:04<00:01,  8.32it/s, Saved at =inf, TrLoss=0.1339]
 Training FV-otc-s8-t3:  70%|███████   | 35/50 [00:04<00:01,  8.32it/s, Saved at =inf, TrLoss=0.1260]
 Training FV-otc-s8-t3:  72%|███████▏  | 36/50 [00:05<00:01,  7.72it/s, Saved at =inf, TrLoss=0.1260]
 Training FV-otc-s8-t3:  72%|███████▏  | 36/50 [00:05<00:01,  7.72it/s, Saved at =inf, TrLoss=0.1309]
 Training FV-otc-s8-t3:  74%|███████▍  | 37/50 [00:05<00:01,  7.95it/s, Saved at =inf, TrLoss=0.1309]
 Training FV-otc-s8-t3:  74%|███████▍  | 37/50 [00:05<00:01,  7.95it/s, Saved at =inf, TrLoss=0.1442]
 Training FV-otc-s8-t3:  76%|███████▌  | 38/50 [00:05<00:01,  6.56it/s, Saved at =inf, TrLoss=0.1442]
 Training FV-otc-s8-t3:  76%|███████▌  | 38/50 [00:05<00:01,  6.56it/s, Saved at =inf, TrLoss=0.1316]
 Training FV-otc-s8-t3:  78%|███████▊  | 39/50 [00:05<00:01,  6.37it/s, Saved at =inf, TrLoss=0.1316]
 Training FV-otc-s8-t3:  78%|███████▊  | 39/50 [00:05<00:01,  6.37it/s, Saved at =inf, TrLoss=0.1317]
 Training FV-otc-s8-t3:  80%|████████  | 40/50 [00:05<00:01,  6.22it/s, Saved at =inf, TrLoss=0.1317]
 Training FV-otc-s8-t3:  80%|████████  | 40/50 [00:05<00:01,  6.22it/s, Saved at =inf, TrLoss=0.1272]
 Training FV-otc-s8-t3:  82%|████████▏ | 41/50 [00:05<00:01,  6.30it/s, Saved at =inf, TrLoss=0.1272]
 Training FV-otc-s8-t3:  82%|████████▏ | 41/50 [00:05<00:01,  6.30it/s, Saved at =inf, TrLoss=0.1176]
 Training FV-otc-s8-t3:  84%|████████▍ | 42/50 [00:05<00:01,  6.54it/s, Saved at =inf, TrLoss=0.1176]
 Training FV-otc-s8-t3:  84%|████████▍ | 42/50 [00:06<00:01,  6.54it/s, Saved at =inf, TrLoss=0.1464]
 Training FV-otc-s8-t3:  86%|████████▌ | 43/50 [00:06<00:01,  6.49it/s, Saved at =inf, TrLoss=0.1464]
 Training FV-otc-s8-t3:  86%|████████▌ | 43/50 [00:06<00:01,  6.49it/s, Saved at =inf, TrLoss=0.1441]
 Training FV-otc-s8-t3:  88%|████████▊ | 44/50 [00:06<00:00,  6.51it/s, Saved at =inf, TrLoss=0.1441]
 Training FV-otc-s8-t3:  88%|████████▊ | 44/50 [00:06<00:00,  6.51it/s, Saved at =inf, TrLoss=0.1177]
 Training FV-otc-s8-t3:  90%|█████████ | 45/50 [00:06<00:00,  7.05it/s, Saved at =inf, TrLoss=0.1177]
 Training FV-otc-s8-t3:  90%|█████████ | 45/50 [00:06<00:00,  7.05it/s, Saved at =inf, TrLoss=0.1251]
 Training FV-otc-s8-t3:  92%|█████████▏| 46/50 [00:06<00:00,  6.69it/s, Saved at =inf, TrLoss=0.1251]
 Training FV-otc-s8-t3:  92%|█████████▏| 46/50 [00:06<00:00,  6.69it/s, Saved at =inf, TrLoss=0.1336]
 Training FV-otc-s8-t3:  94%|█████████▍| 47/50 [00:06<00:00,  7.28it/s, Saved at =inf, TrLoss=0.1336]
 Training FV-otc-s8-t3:  94%|█████████▍| 47/50 [00:06<00:00,  7.28it/s, Saved at =inf, TrLoss=0.1314]
 Training FV-otc-s8-t3:  96%|█████████▌| 48/50 [00:06<00:00,  6.95it/s, Saved at =inf, TrLoss=0.1314]
 Training FV-otc-s8-t3:  96%|█████████▌| 48/50 [00:06<00:00,  6.95it/s, Saved at =inf, TrLoss=0.1165]
 Training FV-otc-s8-t3:  98%|█████████▊| 49/50 [00:06<00:00,  6.75it/s, Saved at =inf, TrLoss=0.1165]
 Training FV-otc-s8-t3:  98%|█████████▊| 49/50 [00:07<00:00,  6.75it/s, Saved at =inf, TrLoss=0.1145]
 Training FV-otc-s8-t3: 100%|██████████| 50/50 [00:07<00:00,  6.70it/s, Saved at =inf, TrLoss=0.1145]
 Training FV-otc-s8-t3: 100%|██████████| 50/50 [00:07<00:00,  6.99it/s, Saved at =inf, TrLoss=0.1145]

 Training FV-otc-s8-t4:   0%|          | 0/50 [00:00<?, ?it/s]
 Training FV-otc-s8-t4:   0%|          | 0/50 [00:00<?, ?it/s, Saved at =inf, TrLoss=1.2900]
 Training FV-otc-s8-t4:   2%|▏         | 1/50 [00:00<00:09,  5.36it/s, Saved at =inf, TrLoss=1.2900]
 Training FV-otc-s8-t4:   2%|▏         | 1/50 [00:00<00:09,  5.36it/s, Saved at =inf, TrLoss=1.2068]
 Training FV-otc-s8-t4:   4%|▍         | 2/50 [00:00<00:11,  4.12it/s, Saved at =inf, TrLoss=1.2068]
 Training FV-otc-s8-t4:   4%|▍         | 2/50 [00:00<00:11,  4.12it/s, Saved at =inf, TrLoss=0.6808]
 Training FV-otc-s8-t4:   6%|▌         | 3/50 [00:00<00:10,  4.58it/s, Saved at =inf, TrLoss=0.6808]
 Training FV-otc-s8-t4:   6%|▌         | 3/50 [00:00<00:10,  4.58it/s, Saved at =inf, TrLoss=0.6624]
 Training FV-otc-s8-t4:   8%|▊         | 4/50 [00:00<00:07,  5.75it/s, Saved at =inf, TrLoss=0.6624]
 Training FV-otc-s8-t4:   8%|▊         | 4/50 [00:00<00:07,  5.75it/s, Saved at =inf, TrLoss=0.5912]
 Training FV-otc-s8-t4:  10%|█         | 5/50 [00:00<00:06,  6.43it/s, Saved at =inf, TrLoss=0.5912]
 Training FV-otc-s8-t4:  10%|█         | 5/50 [00:00<00:06,  6.43it/s, Saved at =inf, TrLoss=0.4699]
 Training FV-otc-s8-t4:  12%|█▏        | 6/50 [00:01<00:06,  7.05it/s, Saved at =inf, TrLoss=0.4699]
 Training FV-otc-s8-t4:  12%|█▏        | 6/50 [00:01<00:06,  7.05it/s, Saved at =inf, TrLoss=0.4098]
 Training FV-otc-s8-t4:  14%|█▍        | 7/50 [00:01<00:06,  6.89it/s, Saved at =inf, TrLoss=0.4098]
 Training FV-otc-s8-t4:  14%|█▍        | 7/50 [00:01<00:06,  6.89it/s, Saved at =inf, TrLoss=0.3800]
 Training FV-otc-s8-t4:  16%|█▌        | 8/50 [00:01<00:05,  7.62it/s, Saved at =inf, TrLoss=0.3800]
 Training FV-otc-s8-t4:  16%|█▌        | 8/50 [00:01<00:05,  7.62it/s, Saved at =inf, TrLoss=0.3548]
 Training FV-otc-s8-t4:  18%|█▊        | 9/50 [00:01<00:06,  6.53it/s, Saved at =inf, TrLoss=0.3548]
 Training FV-otc-s8-t4:  18%|█▊        | 9/50 [00:01<00:06,  6.53it/s, Saved at =inf, TrLoss=0.3452]
 Training FV-otc-s8-t4:  20%|██        | 10/50 [00:01<00:07,  5.66it/s, Saved at =inf, TrLoss=0.3452]
 Training FV-otc-s8-t4:  20%|██        | 10/50 [00:01<00:07,  5.66it/s, Saved at =inf, TrLoss=0.3249]
 Training FV-otc-s8-t4:  22%|██▏       | 11/50 [00:01<00:06,  5.90it/s, Saved at =inf, TrLoss=0.3249]
 Training FV-otc-s8-t4:  22%|██▏       | 11/50 [00:01<00:06,  5.90it/s, Saved at =inf, TrLoss=0.2892]
 Training FV-otc-s8-t4:  24%|██▍       | 12/50 [00:02<00:06,  5.51it/s, Saved at =inf, TrLoss=0.2892]
 Training FV-otc-s8-t4:  24%|██▍       | 12/50 [00:02<00:06,  5.51it/s, Saved at =inf, TrLoss=0.2741]
 Training FV-otc-s8-t4:  26%|██▌       | 13/50 [00:02<00:07,  5.03it/s, Saved at =inf, TrLoss=0.2741]
 Training FV-otc-s8-t4:  26%|██▌       | 13/50 [00:02<00:07,  5.03it/s, Saved at =inf, TrLoss=0.2638]
 Training FV-otc-s8-t4:  28%|██▊       | 14/50 [00:02<00:08,  4.47it/s, Saved at =inf, TrLoss=0.2638]
 Training FV-otc-s8-t4:  28%|██▊       | 14/50 [00:02<00:08,  4.47it/s, Saved at =inf, TrLoss=0.2603]
 Training FV-otc-s8-t4:  30%|███       | 15/50 [00:02<00:08,  4.21it/s, Saved at =inf, TrLoss=0.2603]
 Training FV-otc-s8-t4:  30%|███       | 15/50 [00:02<00:08,  4.21it/s, Saved at =inf, TrLoss=0.2415]
 Training FV-otc-s8-t4:  32%|███▏      | 16/50 [00:02<00:06,  4.92it/s, Saved at =inf, TrLoss=0.2415]
 Training FV-otc-s8-t4:  32%|███▏      | 16/50 [00:03<00:06,  4.92it/s, Saved at =inf, TrLoss=0.2376]
 Training FV-otc-s8-t4:  34%|███▍      | 17/50 [00:03<00:05,  5.57it/s, Saved at =inf, TrLoss=0.2376]
 Training FV-otc-s8-t4:  34%|███▍      | 17/50 [00:03<00:05,  5.57it/s, Saved at =inf, TrLoss=0.2293]
 Training FV-otc-s8-t4:  36%|███▌      | 18/50 [00:03<00:06,  5.32it/s, Saved at =inf, TrLoss=0.2293]
 Training FV-otc-s8-t4:  36%|███▌      | 18/50 [00:03<00:06,  5.32it/s, Saved at =inf, TrLoss=0.2121]
 Training FV-otc-s8-t4:  38%|███▊      | 19/50 [00:03<00:05,  5.82it/s, Saved at =inf, TrLoss=0.2121]
 Training FV-otc-s8-t4:  38%|███▊      | 19/50 [00:03<00:05,  5.82it/s, Saved at =inf, TrLoss=0.2112]
 Training FV-otc-s8-t4:  40%|████      | 20/50 [00:03<00:05,  5.36it/s, Saved at =inf, TrLoss=0.2112]
 Training FV-otc-s8-t4:  40%|████      | 20/50 [00:03<00:05,  5.36it/s, Saved at =inf, TrLoss=0.2202]
 Training FV-otc-s8-t4:  42%|████▏     | 21/50 [00:03<00:05,  5.52it/s, Saved at =inf, TrLoss=0.2202]
 Training FV-otc-s8-t4:  42%|████▏     | 21/50 [00:03<00:05,  5.52it/s, Saved at =inf, TrLoss=0.2143]
 Training FV-otc-s8-t4:  44%|████▍     | 22/50 [00:04<00:05,  4.73it/s, Saved at =inf, TrLoss=0.2143]
 Training FV-otc-s8-t4:  44%|████▍     | 22/50 [00:04<00:05,  4.73it/s, Saved at =inf, TrLoss=0.2022]
 Training FV-otc-s8-t4:  46%|████▌     | 23/50 [00:04<00:05,  4.74it/s, Saved at =inf, TrLoss=0.2022]
 Training FV-otc-s8-t4:  46%|████▌     | 23/50 [00:04<00:05,  4.74it/s, Saved at =inf, TrLoss=0.2160]
 Training FV-otc-s8-t4:  48%|████▊     | 24/50 [00:04<00:05,  4.98it/s, Saved at =inf, TrLoss=0.2160]
 Training FV-otc-s8-t4:  48%|████▊     | 24/50 [00:04<00:05,  4.98it/s, Saved at =inf, TrLoss=0.1906]
 Training FV-otc-s8-t4:  50%|█████     | 25/50 [00:04<00:05,  4.50it/s, Saved at =inf, TrLoss=0.1906]
 Training FV-otc-s8-t4:  50%|█████     | 25/50 [00:04<00:05,  4.50it/s, Saved at =inf, TrLoss=0.1920]
 Training FV-otc-s8-t4:  52%|█████▏    | 26/50 [00:04<00:05,  4.64it/s, Saved at =inf, TrLoss=0.1920]
 Training FV-otc-s8-t4:  52%|█████▏    | 26/50 [00:05<00:05,  4.64it/s, Saved at =inf, TrLoss=0.1783]
 Training FV-otc-s8-t4:  54%|█████▍    | 27/50 [00:05<00:05,  4.57it/s, Saved at =inf, TrLoss=0.1783]
 Training FV-otc-s8-t4:  54%|█████▍    | 27/50 [00:05<00:05,  4.57it/s, Saved at =inf, TrLoss=0.1807]
 Training FV-otc-s8-t4:  56%|█████▌    | 28/50 [00:05<00:04,  4.60it/s, Saved at =inf, TrLoss=0.1807]
 Training FV-otc-s8-t4:  56%|█████▌    | 28/50 [00:05<00:04,  4.60it/s, Saved at =inf, TrLoss=0.1748]
 Training FV-otc-s8-t4:  58%|█████▊    | 29/50 [00:05<00:04,  4.69it/s, Saved at =inf, TrLoss=0.1748]
 Training FV-otc-s8-t4:  58%|█████▊    | 29/50 [00:05<00:04,  4.69it/s, Saved at =inf, TrLoss=0.1722]
 Training FV-otc-s8-t4:  60%|██████    | 30/50 [00:05<00:04,  4.44it/s, Saved at =inf, TrLoss=0.1722]
 Training FV-otc-s8-t4:  60%|██████    | 30/50 [00:05<00:04,  4.44it/s, Saved at =inf, TrLoss=0.1735]
 Training FV-otc-s8-t4:  62%|██████▏   | 31/50 [00:05<00:03,  5.23it/s, Saved at =inf, TrLoss=0.1735]
 Training FV-otc-s8-t4:  62%|██████▏   | 31/50 [00:06<00:03,  5.23it/s, Saved at =inf, TrLoss=0.1680]
 Training FV-otc-s8-t4:  64%|██████▍   | 32/50 [00:06<00:03,  5.65it/s, Saved at =inf, TrLoss=0.1680]
 Training FV-otc-s8-t4:  64%|██████▍   | 32/50 [00:06<00:03,  5.65it/s, Saved at =inf, TrLoss=0.1696]
 Training FV-otc-s8-t4:  66%|██████▌   | 33/50 [00:06<00:03,  5.10it/s, Saved at =inf, TrLoss=0.1696]
 Training FV-otc-s8-t4:  66%|██████▌   | 33/50 [00:06<00:03,  5.10it/s, Saved at =inf, TrLoss=0.1602]
 Training FV-otc-s8-t4:  68%|██████▊   | 34/50 [00:06<00:02,  5.51it/s, Saved at =inf, TrLoss=0.1602]
 Training FV-otc-s8-t4:  68%|██████▊   | 34/50 [00:06<00:02,  5.51it/s, Saved at =inf, TrLoss=0.1801]
 Training FV-otc-s8-t4:  70%|███████   | 35/50 [00:06<00:02,  6.06it/s, Saved at =inf, TrLoss=0.1801]
 Training FV-otc-s8-t4:  70%|███████   | 35/50 [00:06<00:02,  6.06it/s, Saved at =inf, TrLoss=0.1726]
 Training FV-otc-s8-t4:  72%|███████▏  | 36/50 [00:06<00:02,  5.40it/s, Saved at =inf, TrLoss=0.1726]
 Training FV-otc-s8-t4:  72%|███████▏  | 36/50 [00:06<00:02,  5.40it/s, Saved at =inf, TrLoss=0.1585]
 Training FV-otc-s8-t4:  74%|███████▍  | 37/50 [00:07<00:02,  5.50it/s, Saved at =inf, TrLoss=0.1585]
 Training FV-otc-s8-t4:  74%|███████▍  | 37/50 [00:07<00:02,  5.50it/s, Saved at =inf, TrLoss=0.1697]
 Training FV-otc-s8-t4:  76%|███████▌  | 38/50 [00:07<00:02,  4.93it/s, Saved at =inf, TrLoss=0.1697]
 Training FV-otc-s8-t4:  76%|███████▌  | 38/50 [00:07<00:02,  4.93it/s, Saved at =inf, TrLoss=0.1506]
 Training FV-otc-s8-t4:  78%|███████▊  | 39/50 [00:07<00:02,  4.53it/s, Saved at =inf, TrLoss=0.1506]
 Training FV-otc-s8-t4:  78%|███████▊  | 39/50 [00:07<00:02,  4.53it/s, Saved at =inf, TrLoss=0.1475]
 Training FV-otc-s8-t4:  80%|████████  | 40/50 [00:07<00:02,  4.84it/s, Saved at =inf, TrLoss=0.1475]
 Training FV-otc-s8-t4:  80%|████████  | 40/50 [00:07<00:02,  4.84it/s, Saved at =inf, TrLoss=0.1562]
 Training FV-otc-s8-t4:  82%|████████▏ | 41/50 [00:07<00:01,  4.82it/s, Saved at =inf, TrLoss=0.1562]
 Training FV-otc-s8-t4:  82%|████████▏ | 41/50 [00:08<00:01,  4.82it/s, Saved at =inf, TrLoss=0.1615]
 Training FV-otc-s8-t4:  84%|████████▍ | 42/50 [00:08<00:01,  4.68it/s, Saved at =inf, TrLoss=0.1615]
 Training FV-otc-s8-t4:  84%|████████▍ | 42/50 [00:08<00:01,  4.68it/s, Saved at =inf, TrLoss=0.1449]
 Training FV-otc-s8-t4:  86%|████████▌ | 43/50 [00:08<00:01,  4.48it/s, Saved at =inf, TrLoss=0.1449]
 Training FV-otc-s8-t4:  86%|████████▌ | 43/50 [00:08<00:01,  4.48it/s, Saved at =inf, TrLoss=0.1506]
 Training FV-otc-s8-t4:  88%|████████▊ | 44/50 [00:08<00:01,  4.25it/s, Saved at =inf, TrLoss=0.1506]
 Training FV-otc-s8-t4:  88%|████████▊ | 44/50 [00:08<00:01,  4.25it/s, Saved at =inf, TrLoss=0.1573]
 Training FV-otc-s8-t4:  90%|█████████ | 45/50 [00:08<00:01,  4.17it/s, Saved at =inf, TrLoss=0.1573]
 Training FV-otc-s8-t4:  90%|█████████ | 45/50 [00:09<00:01,  4.17it/s, Saved at =inf, TrLoss=0.1419]
 Training FV-otc-s8-t4:  92%|█████████▏| 46/50 [00:09<00:00,  4.82it/s, Saved at =inf, TrLoss=0.1419]
 Training FV-otc-s8-t4:  92%|█████████▏| 46/50 [00:09<00:00,  4.82it/s, Saved at =inf, TrLoss=0.1472]
 Training FV-otc-s8-t4:  94%|█████████▍| 47/50 [00:09<00:00,  4.91it/s, Saved at =inf, TrLoss=0.1472]
 Training FV-otc-s8-t4:  94%|█████████▍| 47/50 [00:09<00:00,  4.91it/s, Saved at =inf, TrLoss=0.1483]
 Training FV-otc-s8-t4:  96%|█████████▌| 48/50 [00:09<00:00,  5.26it/s, Saved at =inf, TrLoss=0.1483]
 Training FV-otc-s8-t4:  96%|█████████▌| 48/50 [00:09<00:00,  5.26it/s, Saved at =inf, TrLoss=0.1483]
 Training FV-otc-s8-t4:  98%|█████████▊| 49/50 [00:09<00:00,  5.82it/s, Saved at =inf, TrLoss=0.1483]
 Training FV-otc-s8-t4:  98%|█████████▊| 49/50 [00:09<00:00,  5.82it/s, Saved at =inf, TrLoss=0.1403]
 Training FV-otc-s8-t4: 100%|██████████| 50/50 [00:09<00:00,  5.47it/s, Saved at =inf, TrLoss=0.1403]
 Training FV-otc-s8-t4: 100%|██████████| 50/50 [00:09<00:00,  5.13it/s, Saved at =inf, TrLoss=0.1403]

 Training FV-otc-s8-t5:   0%|          | 0/50 [00:00<?, ?it/s]
 Training FV-otc-s8-t5:   0%|          | 0/50 [00:00<?, ?it/s, Saved at =inf, TrLoss=0.7708]
 Training FV-otc-s8-t5:   2%|▏         | 1/50 [00:00<00:08,  5.98it/s, Saved at =inf, TrLoss=0.7708]
 Training FV-otc-s8-t5:   2%|▏         | 1/50 [00:00<00:08,  5.98it/s, Saved at =inf, TrLoss=0.5833]
 Training FV-otc-s8-t5:   4%|▍         | 2/50 [00:00<00:10,  4.44it/s, Saved at =inf, TrLoss=0.5833]
 Training FV-otc-s8-t5:   4%|▍         | 2/50 [00:00<00:10,  4.44it/s, Saved at =inf, TrLoss=1.6039]
 Training FV-otc-s8-t5:   6%|▌         | 3/50 [00:00<00:12,  3.77it/s, Saved at =inf, TrLoss=1.6039]
 Training FV-otc-s8-t5:   6%|▌         | 3/50 [00:00<00:12,  3.77it/s, Saved at =inf, TrLoss=0.6308]
 Training FV-otc-s8-t5:   8%|▊         | 4/50 [00:00<00:10,  4.20it/s, Saved at =inf, TrLoss=0.6308]
 Training FV-otc-s8-t5:   8%|▊         | 4/50 [00:01<00:10,  4.20it/s, Saved at =inf, TrLoss=0.5103]
 Training FV-otc-s8-t5:  10%|█         | 5/50 [00:01<00:10,  4.20it/s, Saved at =inf, TrLoss=0.5103]
 Training FV-otc-s8-t5:  10%|█         | 5/50 [00:01<00:10,  4.20it/s, Saved at =inf, TrLoss=0.5495]
 Training FV-otc-s8-t5:  12%|█▏        | 6/50 [00:01<00:09,  4.55it/s, Saved at =inf, TrLoss=0.5495]
 Training FV-otc-s8-t5:  12%|█▏        | 6/50 [00:01<00:09,  4.55it/s, Saved at =inf, TrLoss=0.4383]
 Training FV-otc-s8-t5:  14%|█▍        | 7/50 [00:01<00:09,  4.50it/s, Saved at =inf, TrLoss=0.4383]
 Training FV-otc-s8-t5:  14%|█▍        | 7/50 [00:01<00:09,  4.50it/s, Saved at =inf, TrLoss=0.4516]
 Training FV-otc-s8-t5:  16%|█▌        | 8/50 [00:01<00:10,  4.03it/s, Saved at =inf, TrLoss=0.4516]
 Training FV-otc-s8-t5:  16%|█▌        | 8/50 [00:02<00:10,  4.03it/s, Saved at =inf, TrLoss=0.4710]
 Training FV-otc-s8-t5:  18%|█▊        | 9/50 [00:02<00:10,  4.03it/s, Saved at =inf, TrLoss=0.4710]
 Training FV-otc-s8-t5:  18%|█▊        | 9/50 [00:02<00:10,  4.03it/s, Saved at =inf, TrLoss=0.3965]
 Training FV-otc-s8-t5:  20%|██        | 10/50 [00:02<00:09,  4.03it/s, Saved at =inf, TrLoss=0.3965]
 Training FV-otc-s8-t5:  20%|██        | 10/50 [00:02<00:09,  4.03it/s, Saved at =inf, TrLoss=0.3765]
 Training FV-otc-s8-t5:  22%|██▏       | 11/50 [00:02<00:08,  4.58it/s, Saved at =inf, TrLoss=0.3765]
 Training FV-otc-s8-t5:  22%|██▏       | 11/50 [00:02<00:08,  4.58it/s, Saved at =inf, TrLoss=0.3838]
 Training FV-otc-s8-t5:  24%|██▍       | 12/50 [00:02<00:08,  4.60it/s, Saved at =inf, TrLoss=0.3838]
 Training FV-otc-s8-t5:  24%|██▍       | 12/50 [00:02<00:08,  4.60it/s, Saved at =inf, TrLoss=0.3507]
 Training FV-otc-s8-t5:  26%|██▌       | 13/50 [00:02<00:07,  4.88it/s, Saved at =inf, TrLoss=0.3507]
 Training FV-otc-s8-t5:  26%|██▌       | 13/50 [00:03<00:07,  4.88it/s, Saved at =inf, TrLoss=0.3244]
 Training FV-otc-s8-t5:  28%|██▊       | 14/50 [00:03<00:07,  4.54it/s, Saved at =inf, TrLoss=0.3244]
 Training FV-otc-s8-t5:  28%|██▊       | 14/50 [00:03<00:07,  4.54it/s, Saved at =inf, TrLoss=0.3241]
 Training FV-otc-s8-t5:  30%|███       | 15/50 [00:03<00:07,  4.51it/s, Saved at =inf, TrLoss=0.3241]
 Training FV-otc-s8-t5:  30%|███       | 15/50 [00:03<00:07,  4.51it/s, Saved at =inf, TrLoss=0.3041]
 Training FV-otc-s8-t5:  32%|███▏      | 16/50 [00:03<00:08,  4.24it/s, Saved at =inf, TrLoss=0.3041]
 Training FV-otc-s8-t5:  32%|███▏      | 16/50 [00:03<00:08,  4.24it/s, Saved at =inf, TrLoss=0.2879]
 Training FV-otc-s8-t5:  34%|███▍      | 17/50 [00:04<00:09,  3.60it/s, Saved at =inf, TrLoss=0.2879]
 Training FV-otc-s8-t5:  34%|███▍      | 17/50 [00:04<00:09,  3.60it/s, Saved at =inf, TrLoss=0.2973]
 Training FV-otc-s8-t5:  36%|███▌      | 18/50 [00:04<00:07,  4.11it/s, Saved at =inf, TrLoss=0.2973]
 Training FV-otc-s8-t5:  36%|███▌      | 18/50 [00:04<00:07,  4.11it/s, Saved at =inf, TrLoss=0.2652]
 Training FV-otc-s8-t5:  38%|███▊      | 19/50 [00:04<00:06,  4.49it/s, Saved at =inf, TrLoss=0.2652]
 Training FV-otc-s8-t5:  38%|███▊      | 19/50 [00:04<00:06,  4.49it/s, Saved at =inf, TrLoss=0.2645]
 Training FV-otc-s8-t5:  40%|████      | 20/50 [00:04<00:06,  4.78it/s, Saved at =inf, TrLoss=0.2645]
 Training FV-otc-s8-t5:  40%|████      | 20/50 [00:04<00:06,  4.78it/s, Saved at =inf, TrLoss=0.2606]
 Training FV-otc-s8-t5:  42%|████▏     | 21/50 [00:04<00:05,  5.08it/s, Saved at =inf, TrLoss=0.2606]
 Training FV-otc-s8-t5:  42%|████▏     | 21/50 [00:04<00:05,  5.08it/s, Saved at =inf, TrLoss=0.2675]
 Training FV-otc-s8-t5:  44%|████▍     | 22/50 [00:04<00:06,  4.66it/s, Saved at =inf, TrLoss=0.2675]
 Training FV-otc-s8-t5:  44%|████▍     | 22/50 [00:05<00:06,  4.66it/s, Saved at =inf, TrLoss=0.2620]
 Training FV-otc-s8-t5:  46%|████▌     | 23/50 [00:05<00:05,  5.01it/s, Saved at =inf, TrLoss=0.2620]
 Training FV-otc-s8-t5:  46%|████▌     | 23/50 [00:05<00:05,  5.01it/s, Saved at =inf, TrLoss=0.2503]
 Training FV-otc-s8-t5:  48%|████▊     | 24/50 [00:05<00:04,  5.33it/s, Saved at =inf, TrLoss=0.2503]
 Training FV-otc-s8-t5:  48%|████▊     | 24/50 [00:05<00:04,  5.33it/s, Saved at =inf, TrLoss=0.2419]
 Training FV-otc-s8-t5:  50%|█████     | 25/50 [00:05<00:04,  6.05it/s, Saved at =inf, TrLoss=0.2419]
 Training FV-otc-s8-t5:  50%|█████     | 25/50 [00:05<00:04,  6.05it/s, Saved at =inf, TrLoss=0.2341]
 Training FV-otc-s8-t5:  52%|█████▏    | 26/50 [00:05<00:03,  6.24it/s, Saved at =inf, TrLoss=0.2341]
 Training FV-otc-s8-t5:  52%|█████▏    | 26/50 [00:05<00:03,  6.24it/s, Saved at =inf, TrLoss=0.2227]
 Training FV-otc-s8-t5:  54%|█████▍    | 27/50 [00:05<00:03,  6.04it/s, Saved at =inf, TrLoss=0.2227]
 Training FV-otc-s8-t5:  54%|█████▍    | 27/50 [00:05<00:03,  6.04it/s, Saved at =inf, TrLoss=0.2263]
 Training FV-otc-s8-t5:  56%|█████▌    | 28/50 [00:05<00:03,  6.39it/s, Saved at =inf, TrLoss=0.2263]
 Training FV-otc-s8-t5:  56%|█████▌    | 28/50 [00:05<00:03,  6.39it/s, Saved at =inf, TrLoss=0.2238]
 Training FV-otc-s8-t5:  58%|█████▊    | 29/50 [00:06<00:03,  6.86it/s, Saved at =inf, TrLoss=0.2238]
 Training FV-otc-s8-t5:  58%|█████▊    | 29/50 [00:06<00:03,  6.86it/s, Saved at =inf, TrLoss=0.2188]
 Training FV-otc-s8-t5:  60%|██████    | 30/50 [00:06<00:02,  6.75it/s, Saved at =inf, TrLoss=0.2188]
 Training FV-otc-s8-t5:  60%|██████    | 30/50 [00:06<00:02,  6.75it/s, Saved at =inf, TrLoss=0.2261]
 Training FV-otc-s8-t5:  62%|██████▏   | 31/50 [00:06<00:03,  6.31it/s, Saved at =inf, TrLoss=0.2261]
 Training FV-otc-s8-t5:  62%|██████▏   | 31/50 [00:06<00:03,  6.31it/s, Saved at =inf, TrLoss=0.2135]
 Training FV-otc-s8-t5:  64%|██████▍   | 32/50 [00:06<00:02,  6.51it/s, Saved at =inf, TrLoss=0.2135]
 Training FV-otc-s8-t5:  64%|██████▍   | 32/50 [00:06<00:02,  6.51it/s, Saved at =inf, TrLoss=0.2127]
 Training FV-otc-s8-t5:  66%|██████▌   | 33/50 [00:06<00:02,  6.07it/s, Saved at =inf, TrLoss=0.2127]
 Training FV-otc-s8-t5:  66%|██████▌   | 33/50 [00:06<00:02,  6.07it/s, Saved at =inf, TrLoss=0.2049]
 Training FV-otc-s8-t5:  68%|██████▊   | 34/50 [00:06<00:03,  5.09it/s, Saved at =inf, TrLoss=0.2049]
 Training FV-otc-s8-t5:  68%|██████▊   | 34/50 [00:07<00:03,  5.09it/s, Saved at =inf, TrLoss=0.2100]
 Training FV-otc-s8-t5:  70%|███████   | 35/50 [00:07<00:02,  5.70it/s, Saved at =inf, TrLoss=0.2100]
 Training FV-otc-s8-t5:  70%|███████   | 35/50 [00:07<00:02,  5.70it/s, Saved at =inf, TrLoss=0.2038]
 Training FV-otc-s8-t5:  72%|███████▏  | 36/50 [00:07<00:02,  5.59it/s, Saved at =inf, TrLoss=0.2038]
 Training FV-otc-s8-t5:  72%|███████▏  | 36/50 [00:07<00:02,  5.59it/s, Saved at =inf, TrLoss=0.1937]
 Training FV-otc-s8-t5:  74%|███████▍  | 37/50 [00:07<00:02,  4.82it/s, Saved at =inf, TrLoss=0.1937]
 Training FV-otc-s8-t5:  74%|███████▍  | 37/50 [00:07<00:02,  4.82it/s, Saved at =inf, TrLoss=0.1983]
 Training FV-otc-s8-t5:  76%|███████▌  | 38/50 [00:07<00:02,  4.66it/s, Saved at =inf, TrLoss=0.1983]
 Training FV-otc-s8-t5:  76%|███████▌  | 38/50 [00:07<00:02,  4.66it/s, Saved at =inf, TrLoss=0.1936]
 Training FV-otc-s8-t5:  78%|███████▊  | 39/50 [00:07<00:02,  5.40it/s, Saved at =inf, TrLoss=0.1936]
 Training FV-otc-s8-t5:  78%|███████▊  | 39/50 [00:07<00:02,  5.40it/s, Saved at =inf, TrLoss=0.1880]
 Training FV-otc-s8-t5:  80%|████████  | 40/50 [00:08<00:01,  5.75it/s, Saved at =inf, TrLoss=0.1880]
 Training FV-otc-s8-t5:  80%|████████  | 40/50 [00:08<00:01,  5.75it/s, Saved at =inf, TrLoss=0.1847]
 Training FV-otc-s8-t5:  82%|████████▏ | 41/50 [00:08<00:01,  5.75it/s, Saved at =inf, TrLoss=0.1847]
 Training FV-otc-s8-t5:  82%|████████▏ | 41/50 [00:08<00:01,  5.75it/s, Saved at =inf, TrLoss=0.1850]
 Training FV-otc-s8-t5:  84%|████████▍ | 42/50 [00:08<00:01,  5.32it/s, Saved at =inf, TrLoss=0.1850]
 Training FV-otc-s8-t5:  84%|████████▍ | 42/50 [00:08<00:01,  5.32it/s, Saved at =inf, TrLoss=0.1805]
 Training FV-otc-s8-t5:  86%|████████▌ | 43/50 [00:08<00:01,  4.96it/s, Saved at =inf, TrLoss=0.1805]
 Training FV-otc-s8-t5:  86%|████████▌ | 43/50 [00:08<00:01,  4.96it/s, Saved at =inf, TrLoss=0.1757]
 Training FV-otc-s8-t5:  88%|████████▊ | 44/50 [00:08<00:01,  5.14it/s, Saved at =inf, TrLoss=0.1757]
 Training FV-otc-s8-t5:  88%|████████▊ | 44/50 [00:09<00:01,  5.14it/s, Saved at =inf, TrLoss=0.1783]
 Training FV-otc-s8-t5:  90%|█████████ | 45/50 [00:09<00:01,  5.00it/s, Saved at =inf, TrLoss=0.1783]
 Training FV-otc-s8-t5:  90%|█████████ | 45/50 [00:09<00:01,  5.00it/s, Saved at =inf, TrLoss=0.1833]
 Training FV-otc-s8-t5:  92%|█████████▏| 46/50 [00:09<00:00,  4.47it/s, Saved at =inf, TrLoss=0.1833]
 Training FV-otc-s8-t5:  92%|█████████▏| 46/50 [00:09<00:00,  4.47it/s, Saved at =inf, TrLoss=0.1827]
 Training FV-otc-s8-t5:  94%|█████████▍| 47/50 [00:09<00:00,  4.57it/s, Saved at =inf, TrLoss=0.1827]
 Training FV-otc-s8-t5:  94%|█████████▍| 47/50 [00:09<00:00,  4.57it/s, Saved at =inf, TrLoss=0.1800]
 Training FV-otc-s8-t5:  96%|█████████▌| 48/50 [00:09<00:00,  4.75it/s, Saved at =inf, TrLoss=0.1800]
 Training FV-otc-s8-t5:  96%|█████████▌| 48/50 [00:09<00:00,  4.75it/s, Saved at =inf, TrLoss=0.1762]
 Training FV-otc-s8-t5:  98%|█████████▊| 49/50 [00:09<00:00,  4.88it/s, Saved at =inf, TrLoss=0.1762]
 Training FV-otc-s8-t5:  98%|█████████▊| 49/50 [00:10<00:00,  4.88it/s, Saved at =inf, TrLoss=0.1802]
 Training FV-otc-s8-t5: 100%|██████████| 50/50 [00:10<00:00,  4.97it/s, Saved at =inf, TrLoss=0.1802]
 Training FV-otc-s8-t5: 100%|██████████| 50/50 [00:10<00:00,  4.94it/s, Saved at =inf, TrLoss=0.1802]

 Training FV-otc-s8-t6:   0%|          | 0/50 [00:00<?, ?it/s]
 Training FV-otc-s8-t6:   0%|          | 0/50 [00:00<?, ?it/s, Saved at =inf, TrLoss=0.7684]
 Training FV-otc-s8-t6:   2%|▏         | 1/50 [00:00<00:14,  3.38it/s, Saved at =inf, TrLoss=0.7684]
 Training FV-otc-s8-t6:   2%|▏         | 1/50 [00:00<00:14,  3.38it/s, Saved at =inf, TrLoss=1.1792]
 Training FV-otc-s8-t6:   4%|▍         | 2/50 [00:00<00:12,  3.99it/s, Saved at =inf, TrLoss=1.1792]
 Training FV-otc-s8-t6:   4%|▍         | 2/50 [00:00<00:12,  3.99it/s, Saved at =inf, TrLoss=0.5293]
 Training FV-otc-s8-t6:   6%|▌         | 3/50 [00:00<00:10,  4.58it/s, Saved at =inf, TrLoss=0.5293]
 Training FV-otc-s8-t6:   6%|▌         | 3/50 [00:00<00:10,  4.58it/s, Saved at =inf, TrLoss=0.6056]
 Training FV-otc-s8-t6:   8%|▊         | 4/50 [00:00<00:10,  4.36it/s, Saved at =inf, TrLoss=0.6056]
 Training FV-otc-s8-t6:   8%|▊         | 4/50 [00:01<00:10,  4.36it/s, Saved at =inf, TrLoss=0.5295]
 Training FV-otc-s8-t6:  10%|█         | 5/50 [00:01<00:10,  4.11it/s, Saved at =inf, TrLoss=0.5295]
 Training FV-otc-s8-t6:  10%|█         | 5/50 [00:01<00:10,  4.11it/s, Saved at =inf, TrLoss=0.4566]
 Training FV-otc-s8-t6:  12%|█▏        | 6/50 [00:01<00:10,  4.19it/s, Saved at =inf, TrLoss=0.4566]
 Training FV-otc-s8-t6:  12%|█▏        | 6/50 [00:01<00:10,  4.19it/s, Saved at =inf, TrLoss=0.4071]
 Training FV-otc-s8-t6:  14%|█▍        | 7/50 [00:01<00:10,  4.18it/s, Saved at =inf, TrLoss=0.4071]
 Training FV-otc-s8-t6:  14%|█▍        | 7/50 [00:01<00:10,  4.18it/s, Saved at =inf, TrLoss=0.4146]
 Training FV-otc-s8-t6:  16%|█▌        | 8/50 [00:01<00:10,  4.10it/s, Saved at =inf, TrLoss=0.4146]
 Training FV-otc-s8-t6:  16%|█▌        | 8/50 [00:02<00:10,  4.10it/s, Saved at =inf, TrLoss=0.4182]
 Training FV-otc-s8-t6:  18%|█▊        | 9/50 [00:02<00:10,  3.76it/s, Saved at =inf, TrLoss=0.4182]
 Training FV-otc-s8-t6:  18%|█▊        | 9/50 [00:02<00:10,  3.76it/s, Saved at =inf, TrLoss=0.3870]
 Training FV-otc-s8-t6:  20%|██        | 10/50 [00:02<00:10,  3.91it/s, Saved at =inf, TrLoss=0.3870]
 Training FV-otc-s8-t6:  20%|██        | 10/50 [00:02<00:10,  3.91it/s, Saved at =inf, TrLoss=0.3653]
 Training FV-otc-s8-t6:  22%|██▏       | 11/50 [00:02<00:10,  3.72it/s, Saved at =inf, TrLoss=0.3653]
 Training FV-otc-s8-t6:  22%|██▏       | 11/50 [00:02<00:10,  3.72it/s, Saved at =inf, TrLoss=0.3606]
 Training FV-otc-s8-t6:  24%|██▍       | 12/50 [00:02<00:09,  4.12it/s, Saved at =inf, TrLoss=0.3606]
 Training FV-otc-s8-t6:  24%|██▍       | 12/50 [00:03<00:09,  4.12it/s, Saved at =inf, TrLoss=0.3482]
 Training FV-otc-s8-t6:  26%|██▌       | 13/50 [00:03<00:08,  4.57it/s, Saved at =inf, TrLoss=0.3482]
 Training FV-otc-s8-t6:  26%|██▌       | 13/50 [00:03<00:08,  4.57it/s, Saved at =inf, TrLoss=0.3242]
 Training FV-otc-s8-t6:  28%|██▊       | 14/50 [00:03<00:07,  4.58it/s, Saved at =inf, TrLoss=0.3242]
 Training FV-otc-s8-t6:  28%|██▊       | 14/50 [00:03<00:07,  4.58it/s, Saved at =inf, TrLoss=0.3164]
 Training FV-otc-s8-t6:  30%|███       | 15/50 [00:03<00:07,  4.48it/s, Saved at =inf, TrLoss=0.3164]
 Training FV-otc-s8-t6:  30%|███       | 15/50 [00:03<00:07,  4.48it/s, Saved at =inf, TrLoss=0.3019]
 Training FV-otc-s8-t6:  32%|███▏      | 16/50 [00:03<00:07,  4.74it/s, Saved at =inf, TrLoss=0.3019]
 Training FV-otc-s8-t6:  32%|███▏      | 16/50 [00:03<00:07,  4.74it/s, Saved at =inf, TrLoss=0.2854]
 Training FV-otc-s8-t6:  34%|███▍      | 17/50 [00:03<00:07,  4.65it/s, Saved at =inf, TrLoss=0.2854]
 Training FV-otc-s8-t6:  34%|███▍      | 17/50 [00:04<00:07,  4.65it/s, Saved at =inf, TrLoss=0.2890]
 Training FV-otc-s8-t6:  36%|███▌      | 18/50 [00:04<00:06,  4.99it/s, Saved at =inf, TrLoss=0.2890]
 Training FV-otc-s8-t6:  36%|███▌      | 18/50 [00:04<00:06,  4.99it/s, Saved at =inf, TrLoss=0.2752]
 Training FV-otc-s8-t6:  38%|███▊      | 19/50 [00:04<00:06,  4.93it/s, Saved at =inf, TrLoss=0.2752]
 Training FV-otc-s8-t6:  38%|███▊      | 19/50 [00:04<00:06,  4.93it/s, Saved at =inf, TrLoss=0.2712]
 Training FV-otc-s8-t6:  40%|████      | 20/50 [00:04<00:06,  4.60it/s, Saved at =inf, TrLoss=0.2712]
 Training FV-otc-s8-t6:  40%|████      | 20/50 [00:04<00:06,  4.60it/s, Saved at =inf, TrLoss=0.2600]
 Training FV-otc-s8-t6:  42%|████▏     | 21/50 [00:04<00:06,  4.72it/s, Saved at =inf, TrLoss=0.2600]
 Training FV-otc-s8-t6:  42%|████▏     | 21/50 [00:04<00:06,  4.72it/s, Saved at =inf, TrLoss=0.2542]
 Training FV-otc-s8-t6:  44%|████▍     | 22/50 [00:05<00:06,  4.42it/s, Saved at =inf, TrLoss=0.2542]
 Training FV-otc-s8-t6:  44%|████▍     | 22/50 [00:05<00:06,  4.42it/s, Saved at =inf, TrLoss=0.2514]
 Training FV-otc-s8-t6:  46%|████▌     | 23/50 [00:05<00:06,  4.48it/s, Saved at =inf, TrLoss=0.2514]
 Training FV-otc-s8-t6:  46%|████▌     | 23/50 [00:05<00:06,  4.48it/s, Saved at =inf, TrLoss=0.2406]
 Training FV-otc-s8-t6:  48%|████▊     | 24/50 [00:05<00:06,  4.13it/s, Saved at =inf, TrLoss=0.2406]
 Training FV-otc-s8-t6:  48%|████▊     | 24/50 [00:05<00:06,  4.13it/s, Saved at =inf, TrLoss=0.2385]
 Training FV-otc-s8-t6:  50%|█████     | 25/50 [00:05<00:06,  3.92it/s, Saved at =inf, TrLoss=0.2385]
 Training FV-otc-s8-t6:  50%|█████     | 25/50 [00:06<00:06,  3.92it/s, Saved at =inf, TrLoss=0.2407]
 Training FV-otc-s8-t6:  52%|█████▏    | 26/50 [00:06<00:05,  4.05it/s, Saved at =inf, TrLoss=0.2407]
 Training FV-otc-s8-t6:  52%|█████▏    | 26/50 [00:06<00:05,  4.05it/s, Saved at =inf, TrLoss=0.2418]
 Training FV-otc-s8-t6:  54%|█████▍    | 27/50 [00:06<00:05,  4.31it/s, Saved at =inf, TrLoss=0.2418]
 Training FV-otc-s8-t6:  54%|█████▍    | 27/50 [00:06<00:05,  4.31it/s, Saved at =inf, TrLoss=0.2297]
 Training FV-otc-s8-t6:  56%|█████▌    | 28/50 [00:06<00:05,  3.97it/s, Saved at =inf, TrLoss=0.2297]
 Training FV-otc-s8-t6:  56%|█████▌    | 28/50 [00:06<00:05,  3.97it/s, Saved at =inf, TrLoss=0.2215]
 Training FV-otc-s8-t6:  58%|█████▊    | 29/50 [00:06<00:05,  4.03it/s, Saved at =inf, TrLoss=0.2215]
 Training FV-otc-s8-t6:  58%|█████▊    | 29/50 [00:06<00:05,  4.03it/s, Saved at =inf, TrLoss=0.2262]
 Training FV-otc-s8-t6:  60%|██████    | 30/50 [00:06<00:04,  4.40it/s, Saved at =inf, TrLoss=0.2262]
 Training FV-otc-s8-t6:  60%|██████    | 30/50 [00:07<00:04,  4.40it/s, Saved at =inf, TrLoss=0.2197]
 Training FV-otc-s8-t6:  62%|██████▏   | 31/50 [00:07<00:04,  4.43it/s, Saved at =inf, TrLoss=0.2197]
 Training FV-otc-s8-t6:  62%|██████▏   | 31/50 [00:07<00:04,  4.43it/s, Saved at =inf, TrLoss=0.2130]
 Training FV-otc-s8-t6:  64%|██████▍   | 32/50 [00:07<00:04,  4.49it/s, Saved at =inf, TrLoss=0.2130]
 Training FV-otc-s8-t6:  64%|██████▍   | 32/50 [00:07<00:04,  4.49it/s, Saved at =inf, TrLoss=0.2224]
 Training FV-otc-s8-t6:  66%|██████▌   | 33/50 [00:07<00:03,  4.68it/s, Saved at =inf, TrLoss=0.2224]
 Training FV-otc-s8-t6:  66%|██████▌   | 33/50 [00:07<00:03,  4.68it/s, Saved at =inf, TrLoss=0.2086]
 Training FV-otc-s8-t6:  68%|██████▊   | 34/50 [00:07<00:03,  4.82it/s, Saved at =inf, TrLoss=0.2086]
 Training FV-otc-s8-t6:  68%|██████▊   | 34/50 [00:07<00:03,  4.82it/s, Saved at =inf, TrLoss=0.2227]
 Training FV-otc-s8-t6:  70%|███████   | 35/50 [00:08<00:03,  4.42it/s, Saved at =inf, TrLoss=0.2227]
 Training FV-otc-s8-t6:  70%|███████   | 35/50 [00:08<00:03,  4.42it/s, Saved at =inf, TrLoss=0.2126]
 Training FV-otc-s8-t6:  72%|███████▏  | 36/50 [00:08<00:03,  4.09it/s, Saved at =inf, TrLoss=0.2126]
 Training FV-otc-s8-t6:  72%|███████▏  | 36/50 [00:08<00:03,  4.09it/s, Saved at =inf, TrLoss=0.2119]
 Training FV-otc-s8-t6:  74%|███████▍  | 37/50 [00:08<00:03,  3.91it/s, Saved at =inf, TrLoss=0.2119]
 Training FV-otc-s8-t6:  74%|███████▍  | 37/50 [00:08<00:03,  3.91it/s, Saved at =inf, TrLoss=0.2058]
 Training FV-otc-s8-t6:  76%|███████▌  | 38/50 [00:09<00:03,  3.22it/s, Saved at =inf, TrLoss=0.2058]
 Training FV-otc-s8-t6:  76%|███████▌  | 38/50 [00:09<00:03,  3.22it/s, Saved at =inf, TrLoss=0.2061]
 Training FV-otc-s8-t6:  78%|███████▊  | 39/50 [00:09<00:03,  3.62it/s, Saved at =inf, TrLoss=0.2061]
 Training FV-otc-s8-t6:  78%|███████▊  | 39/50 [00:09<00:03,  3.62it/s, Saved at =inf, TrLoss=0.2010]
 Training FV-otc-s8-t6:  80%|████████  | 40/50 [00:09<00:02,  3.71it/s, Saved at =inf, TrLoss=0.2010]
 Training FV-otc-s8-t6:  80%|████████  | 40/50 [00:09<00:02,  3.71it/s, Saved at =inf, TrLoss=0.2037]
 Training FV-otc-s8-t6:  82%|████████▏ | 41/50 [00:09<00:02,  4.09it/s, Saved at =inf, TrLoss=0.2037]
 Training FV-otc-s8-t6:  82%|████████▏ | 41/50 [00:09<00:02,  4.09it/s, Saved at =inf, TrLoss=0.1987]
 Training FV-otc-s8-t6:  84%|████████▍ | 42/50 [00:09<00:01,  4.38it/s, Saved at =inf, TrLoss=0.1987]
 Training FV-otc-s8-t6:  84%|████████▍ | 42/50 [00:10<00:01,  4.38it/s, Saved at =inf, TrLoss=0.2002]
 Training FV-otc-s8-t6:  86%|████████▌ | 43/50 [00:10<00:01,  4.54it/s, Saved at =inf, TrLoss=0.2002]
 Training FV-otc-s8-t6:  86%|████████▌ | 43/50 [00:10<00:01,  4.54it/s, Saved at =inf, TrLoss=0.1973]
 Training FV-otc-s8-t6:  88%|████████▊ | 44/50 [00:10<00:01,  4.60it/s, Saved at =inf, TrLoss=0.1973]
 Training FV-otc-s8-t6:  88%|████████▊ | 44/50 [00:10<00:01,  4.60it/s, Saved at =inf, TrLoss=0.1997]
 Training FV-otc-s8-t6:  90%|█████████ | 45/50 [00:10<00:01,  4.86it/s, Saved at =inf, TrLoss=0.1997]
 Training FV-otc-s8-t6:  90%|█████████ | 45/50 [00:10<00:01,  4.86it/s, Saved at =inf, TrLoss=0.2016]
 Training FV-otc-s8-t6:  92%|█████████▏| 46/50 [00:10<00:00,  4.69it/s, Saved at =inf, TrLoss=0.2016]
 Training FV-otc-s8-t6:  92%|█████████▏| 46/50 [00:10<00:00,  4.69it/s, Saved at =inf, TrLoss=0.1915]
 Training FV-otc-s8-t6:  94%|█████████▍| 47/50 [00:10<00:00,  5.02it/s, Saved at =inf, TrLoss=0.1915]
 Training FV-otc-s8-t6:  94%|█████████▍| 47/50 [00:11<00:00,  5.02it/s, Saved at =inf, TrLoss=0.1929]
 Training FV-otc-s8-t6:  96%|█████████▌| 48/50 [00:11<00:00,  4.92it/s, Saved at =inf, TrLoss=0.1929]
 Training FV-otc-s8-t6:  96%|█████████▌| 48/50 [00:11<00:00,  4.92it/s, Saved at =inf, TrLoss=0.1865]
 Training FV-otc-s8-t6:  98%|█████████▊| 49/50 [00:11<00:00,  5.20it/s, Saved at =inf, TrLoss=0.1865]
 Training FV-otc-s8-t6:  98%|█████████▊| 49/50 [00:11<00:00,  5.20it/s, Saved at =inf, TrLoss=0.1926]
 Training FV-otc-s8-t6: 100%|██████████| 50/50 [00:11<00:00,  4.67it/s, Saved at =inf, TrLoss=0.1926]
 Training FV-otc-s8-t6: 100%|██████████| 50/50 [00:11<00:00,  4.33it/s, Saved at =inf, TrLoss=0.1926]

 Training FV-otc-s8-t7:   0%|          | 0/50 [00:00<?, ?it/s]
 Training FV-otc-s8-t7:   0%|          | 0/50 [00:00<?, ?it/s, Saved at =inf, TrLoss=0.9756]
 Training FV-otc-s8-t7:   2%|▏         | 1/50 [00:00<00:25,  1.91it/s, Saved at =inf, TrLoss=0.9756]
 Training FV-otc-s8-t7:   2%|▏         | 1/50 [00:00<00:25,  1.91it/s, Saved at =inf, TrLoss=0.6523]
 Training FV-otc-s8-t7:   4%|▍         | 2/50 [00:01<00:24,  1.99it/s, Saved at =inf, TrLoss=0.6523]
 Training FV-otc-s8-t7:   4%|▍         | 2/50 [00:01<00:24,  1.99it/s, Saved at =inf, TrLoss=0.5954]
 Training FV-otc-s8-t7:   6%|▌         | 3/50 [00:01<00:23,  1.98it/s, Saved at =inf, TrLoss=0.5954]
 Training FV-otc-s8-t7:   6%|▌         | 3/50 [00:01<00:23,  1.98it/s, Saved at =inf, TrLoss=0.5714]
 Training FV-otc-s8-t7:   8%|▊         | 4/50 [00:01<00:22,  2.03it/s, Saved at =inf, TrLoss=0.5714]
 Training FV-otc-s8-t7:   8%|▊         | 4/50 [00:02<00:22,  2.03it/s, Saved at =inf, TrLoss=0.4768]
 Training FV-otc-s8-t7:  10%|█         | 5/50 [00:02<00:21,  2.14it/s, Saved at =inf, TrLoss=0.4768]
 Training FV-otc-s8-t7:  10%|█         | 5/50 [00:02<00:21,  2.14it/s, Saved at =inf, TrLoss=0.4356]
 Training FV-otc-s8-t7:  12%|█▏        | 6/50 [00:02<00:17,  2.52it/s, Saved at =inf, TrLoss=0.4356]
 Training FV-otc-s8-t7:  12%|█▏        | 6/50 [00:02<00:17,  2.52it/s, Saved at =inf, TrLoss=0.3878]
 Training FV-otc-s8-t7:  14%|█▍        | 7/50 [00:02<00:15,  2.71it/s, Saved at =inf, TrLoss=0.3878]
 Training FV-otc-s8-t7:  14%|█▍        | 7/50 [00:03<00:15,  2.71it/s, Saved at =inf, TrLoss=0.4036]
 Training FV-otc-s8-t7:  16%|█▌        | 8/50 [00:03<00:15,  2.77it/s, Saved at =inf, TrLoss=0.4036]
 Training FV-otc-s8-t7:  16%|█▌        | 8/50 [00:03<00:15,  2.77it/s, Saved at =inf, TrLoss=0.3626]
 Training FV-otc-s8-t7:  18%|█▊        | 9/50 [00:03<00:13,  3.14it/s, Saved at =inf, TrLoss=0.3626]
 Training FV-otc-s8-t7:  18%|█▊        | 9/50 [00:03<00:13,  3.14it/s, Saved at =inf, TrLoss=0.3549]
 Training FV-otc-s8-t7:  20%|██        | 10/50 [00:03<00:11,  3.44it/s, Saved at =inf, TrLoss=0.3549]
 Training FV-otc-s8-t7:  20%|██        | 10/50 [00:03<00:11,  3.44it/s, Saved at =inf, TrLoss=0.3261]
 Training FV-otc-s8-t7:  22%|██▏       | 11/50 [00:04<00:10,  3.57it/s, Saved at =inf, TrLoss=0.3261]
 Training FV-otc-s8-t7:  22%|██▏       | 11/50 [00:04<00:10,  3.57it/s, Saved at =inf, TrLoss=0.3080]
 Training FV-otc-s8-t7:  24%|██▍       | 12/50 [00:04<00:11,  3.29it/s, Saved at =inf, TrLoss=0.3080]
 Training FV-otc-s8-t7:  24%|██▍       | 12/50 [00:04<00:11,  3.29it/s, Saved at =inf, TrLoss=0.3064]
 Training FV-otc-s8-t7:  26%|██▌       | 13/50 [00:04<00:11,  3.23it/s, Saved at =inf, TrLoss=0.3064]
 Training FV-otc-s8-t7:  26%|██▌       | 13/50 [00:05<00:11,  3.23it/s, Saved at =inf, TrLoss=0.3040]
 Training FV-otc-s8-t7:  28%|██▊       | 14/50 [00:05<00:12,  2.92it/s, Saved at =inf, TrLoss=0.3040]
 Training FV-otc-s8-t7:  28%|██▊       | 14/50 [00:05<00:12,  2.92it/s, Saved at =inf, TrLoss=0.2932]
 Training FV-otc-s8-t7:  30%|███       | 15/50 [00:05<00:12,  2.87it/s, Saved at =inf, TrLoss=0.2932]
 Training FV-otc-s8-t7:  30%|███       | 15/50 [00:05<00:12,  2.87it/s, Saved at =inf, TrLoss=0.2776]
 Training FV-otc-s8-t7:  32%|███▏      | 16/50 [00:05<00:12,  2.66it/s, Saved at =inf, TrLoss=0.2776]
 Training FV-otc-s8-t7:  32%|███▏      | 16/50 [00:06<00:12,  2.66it/s, Saved at =inf, TrLoss=0.2715]
 Training FV-otc-s8-t7:  34%|███▍      | 17/50 [00:06<00:11,  2.75it/s, Saved at =inf, TrLoss=0.2715]
 Training FV-otc-s8-t7:  34%|███▍      | 17/50 [00:06<00:11,  2.75it/s, Saved at =inf, TrLoss=0.2600]
 Training FV-otc-s8-t7:  36%|███▌      | 18/50 [00:06<00:11,  2.89it/s, Saved at =inf, TrLoss=0.2600]
 Training FV-otc-s8-t7:  36%|███▌      | 18/50 [00:06<00:11,  2.89it/s, Saved at =inf, TrLoss=0.2583]
 Training FV-otc-s8-t7:  38%|███▊      | 19/50 [00:06<00:11,  2.78it/s, Saved at =inf, TrLoss=0.2583]
 Training FV-otc-s8-t7:  38%|███▊      | 19/50 [00:07<00:11,  2.78it/s, Saved at =inf, TrLoss=0.2548]
 Training FV-otc-s8-t7:  40%|████      | 20/50 [00:07<00:10,  2.84it/s, Saved at =inf, TrLoss=0.2548]
 Training FV-otc-s8-t7:  40%|████      | 20/50 [00:07<00:10,  2.84it/s, Saved at =inf, TrLoss=0.2507]
 Training FV-otc-s8-t7:  42%|████▏     | 21/50 [00:07<00:10,  2.65it/s, Saved at =inf, TrLoss=0.2507]
 Training FV-otc-s8-t7:  42%|████▏     | 21/50 [00:07<00:10,  2.65it/s, Saved at =inf, TrLoss=0.2574]
 Training FV-otc-s8-t7:  44%|████▍     | 22/50 [00:08<00:10,  2.71it/s, Saved at =inf, TrLoss=0.2574]
 Training FV-otc-s8-t7:  44%|████▍     | 22/50 [00:08<00:10,  2.71it/s, Saved at =inf, TrLoss=0.2445]
 Training FV-otc-s8-t7:  46%|████▌     | 23/50 [00:08<00:09,  2.82it/s, Saved at =inf, TrLoss=0.2445]
 Training FV-otc-s8-t7:  46%|████▌     | 23/50 [00:08<00:09,  2.82it/s, Saved at =inf, TrLoss=0.2410]
 Training FV-otc-s8-t7:  48%|████▊     | 24/50 [00:08<00:09,  2.81it/s, Saved at =inf, TrLoss=0.2410]
 Training FV-otc-s8-t7:  48%|████▊     | 24/50 [00:09<00:09,  2.81it/s, Saved at =inf, TrLoss=0.2391]
 Training FV-otc-s8-t7:  50%|█████     | 25/50 [00:09<00:09,  2.76it/s, Saved at =inf, TrLoss=0.2391]
 Training FV-otc-s8-t7:  50%|█████     | 25/50 [00:09<00:09,  2.76it/s, Saved at =inf, TrLoss=0.2350]
 Training FV-otc-s8-t7:  52%|█████▏    | 26/50 [00:09<00:08,  2.78it/s, Saved at =inf, TrLoss=0.2350]
 Training FV-otc-s8-t7:  52%|█████▏    | 26/50 [00:09<00:08,  2.78it/s, Saved at =inf, TrLoss=0.2274]
 Training FV-otc-s8-t7:  54%|█████▍    | 27/50 [00:09<00:08,  2.65it/s, Saved at =inf, TrLoss=0.2274]
 Training FV-otc-s8-t7:  54%|█████▍    | 27/50 [00:10<00:08,  2.65it/s, Saved at =inf, TrLoss=0.2265]
 Training FV-otc-s8-t7:  56%|█████▌    | 28/50 [00:10<00:08,  2.58it/s, Saved at =inf, TrLoss=0.2265]
 Training FV-otc-s8-t7:  56%|█████▌    | 28/50 [00:10<00:08,  2.58it/s, Saved at =inf, TrLoss=0.2216]
 Training FV-otc-s8-t7:  58%|█████▊    | 29/50 [00:10<00:07,  2.73it/s, Saved at =inf, TrLoss=0.2216]
 Training FV-otc-s8-t7:  58%|█████▊    | 29/50 [00:10<00:07,  2.73it/s, Saved at =inf, TrLoss=0.2171]
 Training FV-otc-s8-t7:  60%|██████    | 30/50 [00:10<00:06,  2.96it/s, Saved at =inf, TrLoss=0.2171]
 Training FV-otc-s8-t7:  60%|██████    | 30/50 [00:11<00:06,  2.96it/s, Saved at =inf, TrLoss=0.2176]
 Training FV-otc-s8-t7:  62%|██████▏   | 31/50 [00:11<00:06,  2.90it/s, Saved at =inf, TrLoss=0.2176]
 Training FV-otc-s8-t7:  62%|██████▏   | 31/50 [00:11<00:06,  2.90it/s, Saved at =inf, TrLoss=0.2122]
 Training FV-otc-s8-t7:  64%|██████▍   | 32/50 [00:11<00:06,  2.63it/s, Saved at =inf, TrLoss=0.2122]
 Training FV-otc-s8-t7:  64%|██████▍   | 32/50 [00:12<00:06,  2.63it/s, Saved at =inf, TrLoss=0.2188]
 Training FV-otc-s8-t7:  66%|██████▌   | 33/50 [00:12<00:06,  2.68it/s, Saved at =inf, TrLoss=0.2188]
 Training FV-otc-s8-t7:  66%|██████▌   | 33/50 [00:12<00:06,  2.68it/s, Saved at =inf, TrLoss=0.2081]
 Training FV-otc-s8-t7:  68%|██████▊   | 34/50 [00:12<00:06,  2.56it/s, Saved at =inf, TrLoss=0.2081]
 Training FV-otc-s8-t7:  68%|██████▊   | 34/50 [00:12<00:06,  2.56it/s, Saved at =inf, TrLoss=0.2153]
 Training FV-otc-s8-t7:  70%|███████   | 35/50 [00:12<00:05,  2.77it/s, Saved at =inf, TrLoss=0.2153]
 Training FV-otc-s8-t7:  70%|███████   | 35/50 [00:13<00:05,  2.77it/s, Saved at =inf, TrLoss=0.2097]
 Training FV-otc-s8-t7:  72%|███████▏  | 36/50 [00:13<00:04,  2.81it/s, Saved at =inf, TrLoss=0.2097]
 Training FV-otc-s8-t7:  72%|███████▏  | 36/50 [00:13<00:04,  2.81it/s, Saved at =inf, TrLoss=0.2025]
 Training FV-otc-s8-t7:  74%|███████▍  | 37/50 [00:13<00:04,  2.90it/s, Saved at =inf, TrLoss=0.2025]
 Training FV-otc-s8-t7:  74%|███████▍  | 37/50 [00:13<00:04,  2.90it/s, Saved at =inf, TrLoss=0.2112]
 Training FV-otc-s8-t7:  76%|███████▌  | 38/50 [00:13<00:03,  3.16it/s, Saved at =inf, TrLoss=0.2112]
 Training FV-otc-s8-t7:  76%|███████▌  | 38/50 [00:14<00:03,  3.16it/s, Saved at =inf, TrLoss=0.2044]
 Training FV-otc-s8-t7:  78%|███████▊  | 39/50 [00:14<00:03,  2.93it/s, Saved at =inf, TrLoss=0.2044]
 Training FV-otc-s8-t7:  78%|███████▊  | 39/50 [00:14<00:03,  2.93it/s, Saved at =inf, TrLoss=0.1983]
 Training FV-otc-s8-t7:  80%|████████  | 40/50 [00:14<00:03,  3.07it/s, Saved at =inf, TrLoss=0.1983]
 Training FV-otc-s8-t7:  80%|████████  | 40/50 [00:14<00:03,  3.07it/s, Saved at =inf, TrLoss=0.1967]
 Training FV-otc-s8-t7:  82%|████████▏ | 41/50 [00:14<00:03,  2.85it/s, Saved at =inf, TrLoss=0.1967]
 Training FV-otc-s8-t7:  82%|████████▏ | 41/50 [00:15<00:03,  2.85it/s, Saved at =inf, TrLoss=0.1996]
 Training FV-otc-s8-t7:  84%|████████▍ | 42/50 [00:15<00:02,  2.78it/s, Saved at =inf, TrLoss=0.1996]
 Training FV-otc-s8-t7:  84%|████████▍ | 42/50 [00:15<00:02,  2.78it/s, Saved at =inf, TrLoss=0.1896]
 Training FV-otc-s8-t7:  86%|████████▌ | 43/50 [00:15<00:02,  2.71it/s, Saved at =inf, TrLoss=0.1896]
 Training FV-otc-s8-t7:  86%|████████▌ | 43/50 [00:15<00:02,  2.71it/s, Saved at =inf, TrLoss=0.1904]
 Training FV-otc-s8-t7:  88%|████████▊ | 44/50 [00:15<00:02,  2.77it/s, Saved at =inf, TrLoss=0.1904]
 Training FV-otc-s8-t7:  88%|████████▊ | 44/50 [00:16<00:02,  2.77it/s, Saved at =inf, TrLoss=0.1943]
 Training FV-otc-s8-t7:  90%|█████████ | 45/50 [00:16<00:01,  2.83it/s, Saved at =inf, TrLoss=0.1943]
 Training FV-otc-s8-t7:  90%|█████████ | 45/50 [00:16<00:01,  2.83it/s, Saved at =inf, TrLoss=0.1952]
 Training FV-otc-s8-t7:  92%|█████████▏| 46/50 [00:16<00:01,  2.85it/s, Saved at =inf, TrLoss=0.1952]
 Training FV-otc-s8-t7:  92%|█████████▏| 46/50 [00:16<00:01,  2.85it/s, Saved at =inf, TrLoss=0.1913]
 Training FV-otc-s8-t7:  94%|█████████▍| 47/50 [00:17<00:01,  2.84it/s, Saved at =inf, TrLoss=0.1913]
 Training FV-otc-s8-t7:  94%|█████████▍| 47/50 [00:17<00:01,  2.84it/s, Saved at =inf, TrLoss=0.1854]
 Training FV-otc-s8-t7:  96%|█████████▌| 48/50 [00:17<00:00,  2.84it/s, Saved at =inf, TrLoss=0.1854]
 Training FV-otc-s8-t7:  96%|█████████▌| 48/50 [00:17<00:00,  2.84it/s, Saved at =inf, TrLoss=0.1857]
 Training FV-otc-s8-t7:  98%|█████████▊| 49/50 [00:17<00:00,  3.13it/s, Saved at =inf, TrLoss=0.1857]
 Training FV-otc-s8-t7:  98%|█████████▊| 49/50 [00:17<00:00,  3.13it/s, Saved at =inf, TrLoss=0.1911]
 Training FV-otc-s8-t7: 100%|██████████| 50/50 [00:17<00:00,  3.04it/s, Saved at =inf, TrLoss=0.1911]
 Training FV-otc-s8-t7: 100%|██████████| 50/50 [00:17<00:00,  2.79it/s, Saved at =inf, TrLoss=0.1911]

 Training FV-otc-s8-t8:   0%|          | 0/50 [00:00<?, ?it/s]
 Training FV-otc-s8-t8:   0%|          | 0/50 [00:00<?, ?it/s, Saved at =inf, TrLoss=0.7259]
 Training FV-otc-s8-t8:   2%|▏         | 1/50 [00:00<00:22,  2.15it/s, Saved at =inf, TrLoss=0.7259]
 Training FV-otc-s8-t8:   2%|▏         | 1/50 [00:00<00:22,  2.15it/s, Saved at =inf, TrLoss=0.6444]
 Training FV-otc-s8-t8:   4%|▍         | 2/50 [00:00<00:20,  2.39it/s, Saved at =inf, TrLoss=0.6444]
 Training FV-otc-s8-t8:   4%|▍         | 2/50 [00:01<00:20,  2.39it/s, Saved at =inf, TrLoss=0.6327]
 Training FV-otc-s8-t8:   6%|▌         | 3/50 [00:01<00:19,  2.37it/s, Saved at =inf, TrLoss=0.6327]
 Training FV-otc-s8-t8:   6%|▌         | 3/50 [00:01<00:19,  2.37it/s, Saved at =inf, TrLoss=0.5571]
 Training FV-otc-s8-t8:   8%|▊         | 4/50 [00:01<00:18,  2.43it/s, Saved at =inf, TrLoss=0.5571]
 Training FV-otc-s8-t8:   8%|▊         | 4/50 [00:01<00:18,  2.43it/s, Saved at =inf, TrLoss=0.4998]
 Training FV-otc-s8-t8:  10%|█         | 5/50 [00:02<00:17,  2.52it/s, Saved at =inf, TrLoss=0.4998]
 Training FV-otc-s8-t8:  10%|█         | 5/50 [00:02<00:17,  2.52it/s, Saved at =inf, TrLoss=0.4400]
 Training FV-otc-s8-t8:  12%|█▏        | 6/50 [00:02<00:17,  2.46it/s, Saved at =inf, TrLoss=0.4400]
 Training FV-otc-s8-t8:  12%|█▏        | 6/50 [00:02<00:17,  2.46it/s, Saved at =inf, TrLoss=0.3751]
 Training FV-otc-s8-t8:  14%|█▍        | 7/50 [00:02<00:18,  2.34it/s, Saved at =inf, TrLoss=0.3751]
 Training FV-otc-s8-t8:  14%|█▍        | 7/50 [00:03<00:18,  2.34it/s, Saved at =inf, TrLoss=0.3372]
 Training FV-otc-s8-t8:  16%|█▌        | 8/50 [00:03<00:19,  2.20it/s, Saved at =inf, TrLoss=0.3372]
 Training FV-otc-s8-t8:  16%|█▌        | 8/50 [00:03<00:19,  2.20it/s, Saved at =inf, TrLoss=0.3572]
 Training FV-otc-s8-t8:  18%|█▊        | 9/50 [00:04<00:21,  1.92it/s, Saved at =inf, TrLoss=0.3572]
 Training FV-otc-s8-t8:  18%|█▊        | 9/50 [00:04<00:21,  1.92it/s, Saved at =inf, TrLoss=0.4252]
 Training FV-otc-s8-t8:  20%|██        | 10/50 [00:04<00:19,  2.07it/s, Saved at =inf, TrLoss=0.4252]
 Training FV-otc-s8-t8:  20%|██        | 10/50 [00:04<00:19,  2.07it/s, Saved at =inf, TrLoss=0.3162]
 Training FV-otc-s8-t8:  22%|██▏       | 11/50 [00:04<00:18,  2.14it/s, Saved at =inf, TrLoss=0.3162]
 Training FV-otc-s8-t8:  22%|██▏       | 11/50 [00:05<00:18,  2.14it/s, Saved at =inf, TrLoss=0.3354]
 Training FV-otc-s8-t8:  24%|██▍       | 12/50 [00:05<00:16,  2.37it/s, Saved at =inf, TrLoss=0.3354]
 Training FV-otc-s8-t8:  24%|██▍       | 12/50 [00:05<00:16,  2.37it/s, Saved at =inf, TrLoss=0.2865]
 Training FV-otc-s8-t8:  26%|██▌       | 13/50 [00:05<00:15,  2.39it/s, Saved at =inf, TrLoss=0.2865]
 Training FV-otc-s8-t8:  26%|██▌       | 13/50 [00:05<00:15,  2.39it/s, Saved at =inf, TrLoss=0.3127]
 Training FV-otc-s8-t8:  28%|██▊       | 14/50 [00:06<00:15,  2.31it/s, Saved at =inf, TrLoss=0.3127]
 Training FV-otc-s8-t8:  28%|██▊       | 14/50 [00:06<00:15,  2.31it/s, Saved at =inf, TrLoss=0.2915]
 Training FV-otc-s8-t8:  30%|███       | 15/50 [00:06<00:17,  2.02it/s, Saved at =inf, TrLoss=0.2915]
 Training FV-otc-s8-t8:  30%|███       | 15/50 [00:07<00:17,  2.02it/s, Saved at =inf, TrLoss=0.2773]
 Training FV-otc-s8-t8:  32%|███▏      | 16/50 [00:07<00:17,  1.94it/s, Saved at =inf, TrLoss=0.2773]
 Training FV-otc-s8-t8:  32%|███▏      | 16/50 [00:07<00:17,  1.94it/s, Saved at =inf, TrLoss=0.2903]
 Training FV-otc-s8-t8:  34%|███▍      | 17/50 [00:07<00:14,  2.27it/s, Saved at =inf, TrLoss=0.2903]
 Training FV-otc-s8-t8:  34%|███▍      | 17/50 [00:07<00:14,  2.27it/s, Saved at =inf, TrLoss=0.2786]
 Training FV-otc-s8-t8:  36%|███▌      | 18/50 [00:08<00:13,  2.30it/s, Saved at =inf, TrLoss=0.2786]
 Training FV-otc-s8-t8:  36%|███▌      | 18/50 [00:08<00:13,  2.30it/s, Saved at =inf, TrLoss=0.2708]
 Training FV-otc-s8-t8:  38%|███▊      | 19/50 [00:08<00:13,  2.25it/s, Saved at =inf, TrLoss=0.2708]
 Training FV-otc-s8-t8:  38%|███▊      | 19/50 [00:08<00:13,  2.25it/s, Saved at =inf, TrLoss=0.2797]
 Training FV-otc-s8-t8:  40%|████      | 20/50 [00:08<00:12,  2.45it/s, Saved at =inf, TrLoss=0.2797]
 Training FV-otc-s8-t8:  40%|████      | 20/50 [00:09<00:12,  2.45it/s, Saved at =inf, TrLoss=0.2696]
 Training FV-otc-s8-t8:  42%|████▏     | 21/50 [00:09<00:12,  2.38it/s, Saved at =inf, TrLoss=0.2696]
 Training FV-otc-s8-t8:  42%|████▏     | 21/50 [00:09<00:12,  2.38it/s, Saved at =inf, TrLoss=0.2621]
 Training FV-otc-s8-t8:  44%|████▍     | 22/50 [00:09<00:13,  2.04it/s, Saved at =inf, TrLoss=0.2621]
 Training FV-otc-s8-t8:  44%|████▍     | 22/50 [00:10<00:13,  2.04it/s, Saved at =inf, TrLoss=0.2645]
 Training FV-otc-s8-t8:  46%|████▌     | 23/50 [00:10<00:11,  2.27it/s, Saved at =inf, TrLoss=0.2645]
 Training FV-otc-s8-t8:  46%|████▌     | 23/50 [00:10<00:11,  2.27it/s, Saved at =inf, TrLoss=0.2576]
 Training FV-otc-s8-t8:  48%|████▊     | 24/50 [00:10<00:11,  2.21it/s, Saved at =inf, TrLoss=0.2576]
 Training FV-otc-s8-t8:  48%|████▊     | 24/50 [00:10<00:11,  2.21it/s, Saved at =inf, TrLoss=0.2519]
 Training FV-otc-s8-t8:  50%|█████     | 25/50 [00:11<00:10,  2.48it/s, Saved at =inf, TrLoss=0.2519]
 Training FV-otc-s8-t8:  50%|█████     | 25/50 [00:11<00:10,  2.48it/s, Saved at =inf, TrLoss=0.2533]
 Training FV-otc-s8-t8:  52%|█████▏    | 26/50 [00:11<00:09,  2.58it/s, Saved at =inf, TrLoss=0.2533]
 Training FV-otc-s8-t8:  52%|█████▏    | 26/50 [00:11<00:09,  2.58it/s, Saved at =inf, TrLoss=0.2556]
 Training FV-otc-s8-t8:  54%|█████▍    | 27/50 [00:11<00:09,  2.47it/s, Saved at =inf, TrLoss=0.2556]
 Training FV-otc-s8-t8:  54%|█████▍    | 27/50 [00:12<00:09,  2.47it/s, Saved at =inf, TrLoss=0.2483]
 Training FV-otc-s8-t8:  56%|█████▌    | 28/50 [00:12<00:09,  2.36it/s, Saved at =inf, TrLoss=0.2483]
 Training FV-otc-s8-t8:  56%|█████▌    | 28/50 [00:12<00:09,  2.36it/s, Saved at =inf, TrLoss=0.2443]
 Training FV-otc-s8-t8:  58%|█████▊    | 29/50 [00:12<00:09,  2.33it/s, Saved at =inf, TrLoss=0.2443]
 Training FV-otc-s8-t8:  58%|█████▊    | 29/50 [00:13<00:09,  2.33it/s, Saved at =inf, TrLoss=0.2455]
 Training FV-otc-s8-t8:  60%|██████    | 30/50 [00:13<00:09,  2.16it/s, Saved at =inf, TrLoss=0.2455]
 Training FV-otc-s8-t8:  60%|██████    | 30/50 [00:13<00:09,  2.16it/s, Saved at =inf, TrLoss=0.2393]
 Training FV-otc-s8-t8:  62%|██████▏   | 31/50 [00:13<00:09,  2.00it/s, Saved at =inf, TrLoss=0.2393]
 Training FV-otc-s8-t8:  62%|██████▏   | 31/50 [00:14<00:09,  2.00it/s, Saved at =inf, TrLoss=0.2404]
 Training FV-otc-s8-t8:  64%|██████▍   | 32/50 [00:14<00:09,  1.98it/s, Saved at =inf, TrLoss=0.2404]
 Training FV-otc-s8-t8:  64%|██████▍   | 32/50 [00:14<00:09,  1.98it/s, Saved at =inf, TrLoss=0.2420]
 Training FV-otc-s8-t8:  66%|██████▌   | 33/50 [00:14<00:08,  2.04it/s, Saved at =inf, TrLoss=0.2420]
 Training FV-otc-s8-t8:  66%|██████▌   | 33/50 [00:15<00:08,  2.04it/s, Saved at =inf, TrLoss=0.2363]
 Training FV-otc-s8-t8:  68%|██████▊   | 34/50 [00:15<00:07,  2.19it/s, Saved at =inf, TrLoss=0.2363]
 Training FV-otc-s8-t8:  68%|██████▊   | 34/50 [00:15<00:07,  2.19it/s, Saved at =inf, TrLoss=0.2399]
 Training FV-otc-s8-t8:  70%|███████   | 35/50 [00:15<00:07,  2.07it/s, Saved at =inf, TrLoss=0.2399]
 Training FV-otc-s8-t8:  70%|███████   | 35/50 [00:16<00:07,  2.07it/s, Saved at =inf, TrLoss=0.2374]
 Training FV-otc-s8-t8:  72%|███████▏  | 36/50 [00:16<00:06,  2.05it/s, Saved at =inf, TrLoss=0.2374]
 Training FV-otc-s8-t8:  72%|███████▏  | 36/50 [00:16<00:06,  2.05it/s, Saved at =inf, TrLoss=0.2332]
 Training FV-otc-s8-t8:  74%|███████▍  | 37/50 [00:16<00:06,  2.03it/s, Saved at =inf, TrLoss=0.2332]
 Training FV-otc-s8-t8:  74%|███████▍  | 37/50 [00:17<00:06,  2.03it/s, Saved at =inf, TrLoss=0.2354]
 Training FV-otc-s8-t8:  76%|███████▌  | 38/50 [00:17<00:06,  1.97it/s, Saved at =inf, TrLoss=0.2354]
 Training FV-otc-s8-t8:  76%|███████▌  | 38/50 [00:17<00:06,  1.97it/s, Saved at =inf, TrLoss=0.2316]
 Training FV-otc-s8-t8:  78%|███████▊  | 39/50 [00:17<00:05,  1.91it/s, Saved at =inf, TrLoss=0.2316]
 Training FV-otc-s8-t8:  78%|███████▊  | 39/50 [00:18<00:05,  1.91it/s, Saved at =inf, TrLoss=0.2288]
 Training FV-otc-s8-t8:  80%|████████  | 40/50 [00:18<00:05,  1.80it/s, Saved at =inf, TrLoss=0.2288]
 Training FV-otc-s8-t8:  80%|████████  | 40/50 [00:18<00:05,  1.80it/s, Saved at =inf, TrLoss=0.2266]
 Training FV-otc-s8-t8:  82%|████████▏ | 41/50 [00:19<00:05,  1.78it/s, Saved at =inf, TrLoss=0.2266]
 Training FV-otc-s8-t8:  82%|████████▏ | 41/50 [00:19<00:05,  1.78it/s, Saved at =inf, TrLoss=0.2253]
 Training FV-otc-s8-t8:  84%|████████▍ | 42/50 [00:19<00:04,  1.63it/s, Saved at =inf, TrLoss=0.2253]
 Training FV-otc-s8-t8:  84%|████████▍ | 42/50 [00:20<00:04,  1.63it/s, Saved at =inf, TrLoss=0.2221]
 Training FV-otc-s8-t8:  86%|████████▌ | 43/50 [00:20<00:04,  1.61it/s, Saved at =inf, TrLoss=0.2221]
 Training FV-otc-s8-t8:  86%|████████▌ | 43/50 [00:20<00:04,  1.61it/s, Saved at =inf, TrLoss=0.2188]
 Training FV-otc-s8-t8:  88%|████████▊ | 44/50 [00:20<00:03,  1.68it/s, Saved at =inf, TrLoss=0.2188]
 Training FV-otc-s8-t8:  88%|████████▊ | 44/50 [00:21<00:03,  1.68it/s, Saved at =inf, TrLoss=0.2247]
 Training FV-otc-s8-t8:  90%|█████████ | 45/50 [00:21<00:02,  1.68it/s, Saved at =inf, TrLoss=0.2247]
 Training FV-otc-s8-t8:  90%|█████████ | 45/50 [00:21<00:02,  1.68it/s, Saved at =inf, TrLoss=0.2204]
 Training FV-otc-s8-t8:  92%|█████████▏| 46/50 [00:22<00:02,  1.77it/s, Saved at =inf, TrLoss=0.2204]
 Training FV-otc-s8-t8:  92%|█████████▏| 46/50 [00:22<00:02,  1.77it/s, Saved at =inf, TrLoss=0.2180]
 Training FV-otc-s8-t8:  94%|█████████▍| 47/50 [00:22<00:01,  1.73it/s, Saved at =inf, TrLoss=0.2180]
 Training FV-otc-s8-t8:  94%|█████████▍| 47/50 [00:22<00:01,  1.73it/s, Saved at =inf, TrLoss=0.2136]
 Training FV-otc-s8-t8:  96%|█████████▌| 48/50 [00:23<00:01,  1.92it/s, Saved at =inf, TrLoss=0.2136]
 Training FV-otc-s8-t8:  96%|█████████▌| 48/50 [00:23<00:01,  1.92it/s, Saved at =inf, TrLoss=0.2127]
 Training FV-otc-s8-t8:  98%|█████████▊| 49/50 [00:23<00:00,  1.93it/s, Saved at =inf, TrLoss=0.2127]
 Training FV-otc-s8-t8:  98%|█████████▊| 49/50 [00:23<00:00,  1.93it/s, Saved at =inf, TrLoss=0.2125]
 Training FV-otc-s8-t8: 100%|██████████| 50/50 [00:24<00:00,  1.79it/s, Saved at =inf, TrLoss=0.2125]
 Training FV-otc-s8-t8: 100%|██████████| 50/50 [00:24<00:00,  2.06it/s, Saved at =inf, TrLoss=0.2125]

 Training FV-otc-s8-t9:   0%|          | 0/50 [00:00<?, ?it/s]
 Training FV-otc-s8-t9:   0%|          | 0/50 [00:00<?, ?it/s, Saved at =inf, TrLoss=0.6825]
 Training FV-otc-s8-t9:   2%|▏         | 1/50 [00:00<00:30,  1.58it/s, Saved at =inf, TrLoss=0.6825]
 Training FV-otc-s8-t9:   2%|▏         | 1/50 [00:00<00:30,  1.58it/s, Saved at =inf, TrLoss=0.9320]
 Training FV-otc-s8-t9:   4%|▍         | 2/50 [00:01<00:24,  1.99it/s, Saved at =inf, TrLoss=0.9320]
 Training FV-otc-s8-t9:   4%|▍         | 2/50 [00:01<00:24,  1.99it/s, Saved at =inf, TrLoss=0.6099]
 Training FV-otc-s8-t9:   6%|▌         | 3/50 [00:01<00:21,  2.24it/s, Saved at =inf, TrLoss=0.6099]
 Training FV-otc-s8-t9:   6%|▌         | 3/50 [00:01<00:21,  2.24it/s, Saved at =inf, TrLoss=0.6484]
 Training FV-otc-s8-t9:   8%|▊         | 4/50 [00:01<00:22,  2.05it/s, Saved at =inf, TrLoss=0.6484]
 Training FV-otc-s8-t9:   8%|▊         | 4/50 [00:02<00:22,  2.05it/s, Saved at =inf, TrLoss=0.5983]
 Training FV-otc-s8-t9:  10%|█         | 5/50 [00:02<00:26,  1.71it/s, Saved at =inf, TrLoss=0.5983]
 Training FV-otc-s8-t9:  10%|█         | 5/50 [00:03<00:26,  1.71it/s, Saved at =inf, TrLoss=0.5485]
 Training FV-otc-s8-t9:  12%|█▏        | 6/50 [00:03<00:25,  1.71it/s, Saved at =inf, TrLoss=0.5485]
 Training FV-otc-s8-t9:  12%|█▏        | 6/50 [00:03<00:25,  1.71it/s, Saved at =inf, TrLoss=0.4982]
 Training FV-otc-s8-t9:  14%|█▍        | 7/50 [00:03<00:25,  1.69it/s, Saved at =inf, TrLoss=0.4982]
 Training FV-otc-s8-t9:  14%|█▍        | 7/50 [00:04<00:25,  1.69it/s, Saved at =inf, TrLoss=0.4483]
 Training FV-otc-s8-t9:  16%|█▌        | 8/50 [00:04<00:24,  1.74it/s, Saved at =inf, TrLoss=0.4483]
 Training FV-otc-s8-t9:  16%|█▌        | 8/50 [00:04<00:24,  1.74it/s, Saved at =inf, TrLoss=0.4106]
 Training FV-otc-s8-t9:  18%|█▊        | 9/50 [00:05<00:24,  1.68it/s, Saved at =inf, TrLoss=0.4106]
 Training FV-otc-s8-t9:  18%|█▊        | 9/50 [00:05<00:24,  1.68it/s, Saved at =inf, TrLoss=0.3732]
 Training FV-otc-s8-t9:  20%|██        | 10/50 [00:05<00:23,  1.68it/s, Saved at =inf, TrLoss=0.3732]
 Training FV-otc-s8-t9:  20%|██        | 10/50 [00:06<00:23,  1.68it/s, Saved at =inf, TrLoss=0.3761]
 Training FV-otc-s8-t9:  22%|██▏       | 11/50 [00:06<00:25,  1.55it/s, Saved at =inf, TrLoss=0.3761]
 Training FV-otc-s8-t9:  22%|██▏       | 11/50 [00:06<00:25,  1.55it/s, Saved at =inf, TrLoss=0.3664]
 Training FV-otc-s8-t9:  24%|██▍       | 12/50 [00:06<00:23,  1.65it/s, Saved at =inf, TrLoss=0.3664]
 Training FV-otc-s8-t9:  24%|██▍       | 12/50 [00:07<00:23,  1.65it/s, Saved at =inf, TrLoss=0.3560]
 Training FV-otc-s8-t9:  26%|██▌       | 13/50 [00:07<00:20,  1.79it/s, Saved at =inf, TrLoss=0.3560]
 Training FV-otc-s8-t9:  26%|██▌       | 13/50 [00:07<00:20,  1.79it/s, Saved at =inf, TrLoss=0.3498]
 Training FV-otc-s8-t9:  28%|██▊       | 14/50 [00:07<00:19,  1.82it/s, Saved at =inf, TrLoss=0.3498]
 Training FV-otc-s8-t9:  28%|██▊       | 14/50 [00:08<00:19,  1.82it/s, Saved at =inf, TrLoss=0.3407]
 Training FV-otc-s8-t9:  30%|███       | 15/50 [00:08<00:18,  1.85it/s, Saved at =inf, TrLoss=0.3407]
 Training FV-otc-s8-t9:  30%|███       | 15/50 [00:08<00:18,  1.85it/s, Saved at =inf, TrLoss=0.3237]
 Training FV-otc-s8-t9:  32%|███▏      | 16/50 [00:09<00:18,  1.85it/s, Saved at =inf, TrLoss=0.3237]
 Training FV-otc-s8-t9:  32%|███▏      | 16/50 [00:09<00:18,  1.85it/s, Saved at =inf, TrLoss=0.3154]
 Training FV-otc-s8-t9:  34%|███▍      | 17/50 [00:09<00:17,  1.87it/s, Saved at =inf, TrLoss=0.3154]
 Training FV-otc-s8-t9:  34%|███▍      | 17/50 [00:09<00:17,  1.87it/s, Saved at =inf, TrLoss=0.3224]
 Training FV-otc-s8-t9:  36%|███▌      | 18/50 [00:09<00:15,  2.07it/s, Saved at =inf, TrLoss=0.3224]
 Training FV-otc-s8-t9:  36%|███▌      | 18/50 [00:10<00:15,  2.07it/s, Saved at =inf, TrLoss=0.3345]
 Training FV-otc-s8-t9:  38%|███▊      | 19/50 [00:10<00:14,  2.12it/s, Saved at =inf, TrLoss=0.3345]
 Training FV-otc-s8-t9:  38%|███▊      | 19/50 [00:10<00:14,  2.12it/s, Saved at =inf, TrLoss=0.3149]
 Training FV-otc-s8-t9:  40%|████      | 20/50 [00:10<00:13,  2.17it/s, Saved at =inf, TrLoss=0.3149]
 Training FV-otc-s8-t9:  40%|████      | 20/50 [00:11<00:13,  2.17it/s, Saved at =inf, TrLoss=0.3004]
 Training FV-otc-s8-t9:  42%|████▏     | 21/50 [00:11<00:14,  1.95it/s, Saved at =inf, TrLoss=0.3004]
 Training FV-otc-s8-t9:  42%|████▏     | 21/50 [00:11<00:14,  1.95it/s, Saved at =inf, TrLoss=0.3016]
 Training FV-otc-s8-t9:  44%|████▍     | 22/50 [00:12<00:15,  1.79it/s, Saved at =inf, TrLoss=0.3016]
 Training FV-otc-s8-t9:  44%|████▍     | 22/50 [00:12<00:15,  1.79it/s, Saved at =inf, TrLoss=0.2876]
 Training FV-otc-s8-t9:  46%|████▌     | 23/50 [00:12<00:14,  1.82it/s, Saved at =inf, TrLoss=0.2876]
 Training FV-otc-s8-t9:  46%|████▌     | 23/50 [00:12<00:14,  1.82it/s, Saved at =inf, TrLoss=0.2759]
 Training FV-otc-s8-t9:  48%|████▊     | 24/50 [00:12<00:13,  1.99it/s, Saved at =inf, TrLoss=0.2759]
 Training FV-otc-s8-t9:  48%|████▊     | 24/50 [00:13<00:13,  1.99it/s, Saved at =inf, TrLoss=0.2772]
 Training FV-otc-s8-t9:  50%|█████     | 25/50 [00:13<00:11,  2.14it/s, Saved at =inf, TrLoss=0.2772]
 Training FV-otc-s8-t9:  50%|█████     | 25/50 [00:13<00:11,  2.14it/s, Saved at =inf, TrLoss=0.2713]
 Training FV-otc-s8-t9:  52%|█████▏    | 26/50 [00:13<00:10,  2.21it/s, Saved at =inf, TrLoss=0.2713]
 Training FV-otc-s8-t9:  52%|█████▏    | 26/50 [00:14<00:10,  2.21it/s, Saved at =inf, TrLoss=0.2630]
 Training FV-otc-s8-t9:  54%|█████▍    | 27/50 [00:14<00:09,  2.39it/s, Saved at =inf, TrLoss=0.2630]
 Training FV-otc-s8-t9:  54%|█████▍    | 27/50 [00:14<00:09,  2.39it/s, Saved at =inf, TrLoss=0.2826]
 Training FV-otc-s8-t9:  56%|█████▌    | 28/50 [00:14<00:08,  2.71it/s, Saved at =inf, TrLoss=0.2826]
 Training FV-otc-s8-t9:  56%|█████▌    | 28/50 [00:14<00:08,  2.71it/s, Saved at =inf, TrLoss=0.2898]
 Training FV-otc-s8-t9:  58%|█████▊    | 29/50 [00:14<00:07,  2.78it/s, Saved at =inf, TrLoss=0.2898]
 Training FV-otc-s8-t9:  58%|█████▊    | 29/50 [00:14<00:07,  2.78it/s, Saved at =inf, TrLoss=0.2503]
 Training FV-otc-s8-t9:  60%|██████    | 30/50 [00:15<00:06,  2.91it/s, Saved at =inf, TrLoss=0.2503]
 Training FV-otc-s8-t9:  60%|██████    | 30/50 [00:15<00:06,  2.91it/s, Saved at =inf, TrLoss=0.2619]
 Training FV-otc-s8-t9:  62%|██████▏   | 31/50 [00:15<00:06,  3.02it/s, Saved at =inf, TrLoss=0.2619]
 Training FV-otc-s8-t9:  62%|██████▏   | 31/50 [00:15<00:06,  3.02it/s, Saved at =inf, TrLoss=0.2456]
 Training FV-otc-s8-t9:  64%|██████▍   | 32/50 [00:15<00:06,  2.89it/s, Saved at =inf, TrLoss=0.2456]
 Training FV-otc-s8-t9:  64%|██████▍   | 32/50 [00:15<00:06,  2.89it/s, Saved at =inf, TrLoss=0.2595]
 Training FV-otc-s8-t9:  66%|██████▌   | 33/50 [00:15<00:05,  3.14it/s, Saved at =inf, TrLoss=0.2595]
 Training FV-otc-s8-t9:  66%|██████▌   | 33/50 [00:16<00:05,  3.14it/s, Saved at =inf, TrLoss=0.2475]
 Training FV-otc-s8-t9:  68%|██████▊   | 34/50 [00:16<00:05,  3.06it/s, Saved at =inf, TrLoss=0.2475]
 Training FV-otc-s8-t9:  68%|██████▊   | 34/50 [00:16<00:05,  3.06it/s, Saved at =inf, TrLoss=0.2563]
 Training FV-otc-s8-t9:  70%|███████   | 35/50 [00:16<00:05,  2.69it/s, Saved at =inf, TrLoss=0.2563]
 Training FV-otc-s8-t9:  70%|███████   | 35/50 [00:17<00:05,  2.69it/s, Saved at =inf, TrLoss=0.2399]
 Training FV-otc-s8-t9:  72%|███████▏  | 36/50 [00:17<00:05,  2.65it/s, Saved at =inf, TrLoss=0.2399]
 Training FV-otc-s8-t9:  72%|███████▏  | 36/50 [00:17<00:05,  2.65it/s, Saved at =inf, TrLoss=0.2482]
 Training FV-otc-s8-t9:  74%|███████▍  | 37/50 [00:17<00:05,  2.49it/s, Saved at =inf, TrLoss=0.2482]
 Training FV-otc-s8-t9:  74%|███████▍  | 37/50 [00:17<00:05,  2.49it/s, Saved at =inf, TrLoss=0.2368]
 Training FV-otc-s8-t9:  76%|███████▌  | 38/50 [00:18<00:04,  2.49it/s, Saved at =inf, TrLoss=0.2368]
 Training FV-otc-s8-t9:  76%|███████▌  | 38/50 [00:18<00:04,  2.49it/s, Saved at =inf, TrLoss=0.2430]
 Training FV-otc-s8-t9:  78%|███████▊  | 39/50 [00:18<00:04,  2.35it/s, Saved at =inf, TrLoss=0.2430]
 Training FV-otc-s8-t9:  78%|███████▊  | 39/50 [00:18<00:04,  2.35it/s, Saved at =inf, TrLoss=0.2332]
 Training FV-otc-s8-t9:  80%|████████  | 40/50 [00:18<00:04,  2.38it/s, Saved at =inf, TrLoss=0.2332]
 Training FV-otc-s8-t9:  80%|████████  | 40/50 [00:19<00:04,  2.38it/s, Saved at =inf, TrLoss=0.2372]
 Training FV-otc-s8-t9:  82%|████████▏ | 41/50 [00:19<00:03,  2.40it/s, Saved at =inf, TrLoss=0.2372]
 Training FV-otc-s8-t9:  82%|████████▏ | 41/50 [00:19<00:03,  2.40it/s, Saved at =inf, TrLoss=0.2273]
 Training FV-otc-s8-t9:  84%|████████▍ | 42/50 [00:19<00:03,  2.37it/s, Saved at =inf, TrLoss=0.2273]
 Training FV-otc-s8-t9:  84%|████████▍ | 42/50 [00:20<00:03,  2.37it/s, Saved at =inf, TrLoss=0.2285]
 Training FV-otc-s8-t9:  86%|████████▌ | 43/50 [00:20<00:03,  2.29it/s, Saved at =inf, TrLoss=0.2285]
 Training FV-otc-s8-t9:  86%|████████▌ | 43/50 [00:20<00:03,  2.29it/s, Saved at =inf, TrLoss=0.2267]
 Training FV-otc-s8-t9:  88%|████████▊ | 44/50 [00:20<00:02,  2.27it/s, Saved at =inf, TrLoss=0.2267]
 Training FV-otc-s8-t9:  88%|████████▊ | 44/50 [00:20<00:02,  2.27it/s, Saved at =inf, TrLoss=0.2241]
 Training FV-otc-s8-t9:  90%|█████████ | 45/50 [00:21<00:02,  2.31it/s, Saved at =inf, TrLoss=0.2241]
 Training FV-otc-s8-t9:  90%|█████████ | 45/50 [00:21<00:02,  2.31it/s, Saved at =inf, TrLoss=0.2261]
 Training FV-otc-s8-t9:  92%|█████████▏| 46/50 [00:21<00:01,  2.38it/s, Saved at =inf, TrLoss=0.2261]
 Training FV-otc-s8-t9:  92%|█████████▏| 46/50 [00:21<00:01,  2.38it/s, Saved at =inf, TrLoss=0.2215]
 Training FV-otc-s8-t9:  94%|█████████▍| 47/50 [00:21<00:01,  2.39it/s, Saved at =inf, TrLoss=0.2215]
 Training FV-otc-s8-t9:  94%|█████████▍| 47/50 [00:22<00:01,  2.39it/s, Saved at =inf, TrLoss=0.2202]
 Training FV-otc-s8-t9:  96%|█████████▌| 48/50 [00:22<00:00,  2.34it/s, Saved at =inf, TrLoss=0.2202]
 Training FV-otc-s8-t9:  96%|█████████▌| 48/50 [00:22<00:00,  2.34it/s, Saved at =inf, TrLoss=0.2157]
 Training FV-otc-s8-t9:  98%|█████████▊| 49/50 [00:22<00:00,  2.23it/s, Saved at =inf, TrLoss=0.2157]
 Training FV-otc-s8-t9:  98%|█████████▊| 49/50 [00:23<00:00,  2.23it/s, Saved at =inf, TrLoss=0.2143]
 Training FV-otc-s8-t9: 100%|██████████| 50/50 [00:23<00:00,  2.11it/s, Saved at =inf, TrLoss=0.2143]
 Training FV-otc-s8-t9: 100%|██████████| 50/50 [00:23<00:00,  2.14it/s, Saved at =inf, TrLoss=0.2143]

 Training ATK-otc-s8-t7:   0%|          | 0/50 [00:00<?, ?it/s]
 Training ATK-otc-s8-t7:   0%|          | 0/50 [00:00<?, ?it/s, Saved at =inf, TrLoss=0.9756]
 Training ATK-otc-s8-t7:   2%|▏         | 1/50 [00:00<00:17,  2.75it/s, Saved at =inf, TrLoss=0.9756]
 Training ATK-otc-s8-t7:   2%|▏         | 1/50 [00:00<00:17,  2.75it/s, Saved at =inf, TrLoss=0.6523]
 Training ATK-otc-s8-t7:   4%|▍         | 2/50 [00:00<00:21,  2.27it/s, Saved at =inf, TrLoss=0.6523]
 Training ATK-otc-s8-t7:   4%|▍         | 2/50 [00:01<00:21,  2.27it/s, Saved at =inf, TrLoss=0.5954]
 Training ATK-otc-s8-t7:   6%|▌         | 3/50 [00:01<00:20,  2.29it/s, Saved at =inf, TrLoss=0.5954]
 Training ATK-otc-s8-t7:   6%|▌         | 3/50 [00:01<00:20,  2.29it/s, Saved at =inf, TrLoss=0.5714]
 Training ATK-otc-s8-t7:   8%|▊         | 4/50 [00:01<00:18,  2.49it/s, Saved at =inf, TrLoss=0.5714]
 Training ATK-otc-s8-t7:   8%|▊         | 4/50 [00:01<00:18,  2.49it/s, Saved at =inf, TrLoss=0.4768]
 Training ATK-otc-s8-t7:  10%|█         | 5/50 [00:02<00:18,  2.42it/s, Saved at =inf, TrLoss=0.4768]
 Training ATK-otc-s8-t7:  10%|█         | 5/50 [00:02<00:18,  2.42it/s, Saved at =inf, TrLoss=0.4356]
 Training ATK-otc-s8-t7:  12%|█▏        | 6/50 [00:02<00:17,  2.58it/s, Saved at =inf, TrLoss=0.4356]
 Training ATK-otc-s8-t7:  12%|█▏        | 6/50 [00:02<00:17,  2.58it/s, Saved at =inf, TrLoss=0.3878]
 Training ATK-otc-s8-t7:  14%|█▍        | 7/50 [00:02<00:17,  2.52it/s, Saved at =inf, TrLoss=0.3878]
 Training ATK-otc-s8-t7:  14%|█▍        | 7/50 [00:03<00:17,  2.52it/s, Saved at =inf, TrLoss=0.4036]
 Training ATK-otc-s8-t7:  16%|█▌        | 8/50 [00:03<00:16,  2.54it/s, Saved at =inf, TrLoss=0.4036]
 Training ATK-otc-s8-t7:  16%|█▌        | 8/50 [00:03<00:16,  2.54it/s, Saved at =inf, TrLoss=0.3626]
 Training ATK-otc-s8-t7:  18%|█▊        | 9/50 [00:03<00:14,  2.76it/s, Saved at =inf, TrLoss=0.3626]
 Training ATK-otc-s8-t7:  18%|█▊        | 9/50 [00:03<00:14,  2.76it/s, Saved at =inf, TrLoss=0.3549]
 Training ATK-otc-s8-t7:  20%|██        | 10/50 [00:03<00:13,  3.02it/s, Saved at =inf, TrLoss=0.3549]
 Training ATK-otc-s8-t7:  20%|██        | 10/50 [00:04<00:13,  3.02it/s, Saved at =inf, TrLoss=0.3261]
 Training ATK-otc-s8-t7:  22%|██▏       | 11/50 [00:04<00:13,  2.85it/s, Saved at =inf, TrLoss=0.3261]
 Training ATK-otc-s8-t7:  22%|██▏       | 11/50 [00:04<00:13,  2.85it/s, Saved at =inf, TrLoss=0.3080]
 Training ATK-otc-s8-t7:  24%|██▍       | 12/50 [00:04<00:16,  2.30it/s, Saved at =inf, TrLoss=0.3080]
 Training ATK-otc-s8-t7:  24%|██▍       | 12/50 [00:05<00:16,  2.30it/s, Saved at =inf, TrLoss=0.3064]
 Training ATK-otc-s8-t7:  26%|██▌       | 13/50 [00:05<00:15,  2.33it/s, Saved at =inf, TrLoss=0.3064]
 Training ATK-otc-s8-t7:  26%|██▌       | 13/50 [00:05<00:15,  2.33it/s, Saved at =inf, TrLoss=0.3040]
 Training ATK-otc-s8-t7:  28%|██▊       | 14/50 [00:05<00:15,  2.25it/s, Saved at =inf, TrLoss=0.3040]
 Training ATK-otc-s8-t7:  28%|██▊       | 14/50 [00:06<00:15,  2.25it/s, Saved at =inf, TrLoss=0.2932]
 Training ATK-otc-s8-t7:  30%|███       | 15/50 [00:06<00:16,  2.14it/s, Saved at =inf, TrLoss=0.2932]
 Training ATK-otc-s8-t7:  30%|███       | 15/50 [00:06<00:16,  2.14it/s, Saved at =inf, TrLoss=0.2776]
 Training ATK-otc-s8-t7:  32%|███▏      | 16/50 [00:06<00:15,  2.20it/s, Saved at =inf, TrLoss=0.2776]
 Training ATK-otc-s8-t7:  32%|███▏      | 16/50 [00:06<00:15,  2.20it/s, Saved at =inf, TrLoss=0.2715]
 Training ATK-otc-s8-t7:  34%|███▍      | 17/50 [00:06<00:13,  2.44it/s, Saved at =inf, TrLoss=0.2715]
 Training ATK-otc-s8-t7:  34%|███▍      | 17/50 [00:07<00:13,  2.44it/s, Saved at =inf, TrLoss=0.2600]
 Training ATK-otc-s8-t7:  36%|███▌      | 18/50 [00:07<00:11,  2.68it/s, Saved at =inf, TrLoss=0.2600]
 Training ATK-otc-s8-t7:  36%|███▌      | 18/50 [00:07<00:11,  2.68it/s, Saved at =inf, TrLoss=0.2583]
 Training ATK-otc-s8-t7:  38%|███▊      | 19/50 [00:07<00:10,  2.83it/s, Saved at =inf, TrLoss=0.2583]
 Training ATK-otc-s8-t7:  38%|███▊      | 19/50 [00:07<00:10,  2.83it/s, Saved at =inf, TrLoss=0.2548]
 Training ATK-otc-s8-t7:  40%|████      | 20/50 [00:07<00:10,  2.90it/s, Saved at =inf, TrLoss=0.2548]
 Training ATK-otc-s8-t7:  40%|████      | 20/50 [00:08<00:10,  2.90it/s, Saved at =inf, TrLoss=0.2507]
 Training ATK-otc-s8-t7:  42%|████▏     | 21/50 [00:08<00:09,  2.91it/s, Saved at =inf, TrLoss=0.2507]
 Training ATK-otc-s8-t7:  42%|████▏     | 21/50 [00:08<00:09,  2.91it/s, Saved at =inf, TrLoss=0.2574]
 Training ATK-otc-s8-t7:  44%|████▍     | 22/50 [00:08<00:09,  2.82it/s, Saved at =inf, TrLoss=0.2574]
 Training ATK-otc-s8-t7:  44%|████▍     | 22/50 [00:08<00:09,  2.82it/s, Saved at =inf, TrLoss=0.2445]
 Training ATK-otc-s8-t7:  46%|████▌     | 23/50 [00:08<00:09,  2.87it/s, Saved at =inf, TrLoss=0.2445]
 Training ATK-otc-s8-t7:  46%|████▌     | 23/50 [00:09<00:09,  2.87it/s, Saved at =inf, TrLoss=0.2410]
 Training ATK-otc-s8-t7:  48%|████▊     | 24/50 [00:09<00:09,  2.89it/s, Saved at =inf, TrLoss=0.2410]
 Training ATK-otc-s8-t7:  48%|████▊     | 24/50 [00:09<00:09,  2.89it/s, Saved at =inf, TrLoss=0.2391]
 Training ATK-otc-s8-t7:  50%|█████     | 25/50 [00:09<00:09,  2.70it/s, Saved at =inf, TrLoss=0.2391]
 Training ATK-otc-s8-t7:  50%|█████     | 25/50 [00:09<00:09,  2.70it/s, Saved at =inf, TrLoss=0.2350]
 Training ATK-otc-s8-t7:  52%|█████▏    | 26/50 [00:09<00:08,  2.81it/s, Saved at =inf, TrLoss=0.2350]
 Training ATK-otc-s8-t7:  52%|█████▏    | 26/50 [00:10<00:08,  2.81it/s, Saved at =inf, TrLoss=0.2274]
 Training ATK-otc-s8-t7:  54%|█████▍    | 27/50 [00:10<00:07,  2.96it/s, Saved at =inf, TrLoss=0.2274]
 Training ATK-otc-s8-t7:  54%|█████▍    | 27/50 [00:10<00:07,  2.96it/s, Saved at =inf, TrLoss=0.2265]
 Training ATK-otc-s8-t7:  56%|█████▌    | 28/50 [00:10<00:07,  2.97it/s, Saved at =inf, TrLoss=0.2265]
 Training ATK-otc-s8-t7:  56%|█████▌    | 28/50 [00:10<00:07,  2.97it/s, Saved at =inf, TrLoss=0.2216]
 Training ATK-otc-s8-t7:  58%|█████▊    | 29/50 [00:10<00:07,  2.96it/s, Saved at =inf, TrLoss=0.2216]
 Training ATK-otc-s8-t7:  58%|█████▊    | 29/50 [00:11<00:07,  2.96it/s, Saved at =inf, TrLoss=0.2171]
 Training ATK-otc-s8-t7:  60%|██████    | 30/50 [00:11<00:06,  3.01it/s, Saved at =inf, TrLoss=0.2171]
 Training ATK-otc-s8-t7:  60%|██████    | 30/50 [00:11<00:06,  3.01it/s, Saved at =inf, TrLoss=0.2176]
 Training ATK-otc-s8-t7:  62%|██████▏   | 31/50 [00:11<00:06,  3.01it/s, Saved at =inf, TrLoss=0.2176]
 Training ATK-otc-s8-t7:  62%|██████▏   | 31/50 [00:11<00:06,  3.01it/s, Saved at =inf, TrLoss=0.2123]
 Training ATK-otc-s8-t7:  64%|██████▍   | 32/50 [00:11<00:06,  2.97it/s, Saved at =inf, TrLoss=0.2123]
 Training ATK-otc-s8-t7:  64%|██████▍   | 32/50 [00:12<00:06,  2.97it/s, Saved at =inf, TrLoss=0.2189]
 Training ATK-otc-s8-t7:  66%|██████▌   | 33/50 [00:12<00:06,  2.81it/s, Saved at =inf, TrLoss=0.2189]
 Training ATK-otc-s8-t7:  66%|██████▌   | 33/50 [00:12<00:06,  2.81it/s, Saved at =inf, TrLoss=0.2079]
 Training ATK-otc-s8-t7:  68%|██████▊   | 34/50 [00:12<00:05,  2.89it/s, Saved at =inf, TrLoss=0.2079]
 Training ATK-otc-s8-t7:  68%|██████▊   | 34/50 [00:12<00:05,  2.89it/s, Saved at =inf, TrLoss=0.2153]
 Training ATK-otc-s8-t7:  70%|███████   | 35/50 [00:13<00:05,  2.74it/s, Saved at =inf, TrLoss=0.2153]
 Training ATK-otc-s8-t7:  70%|███████   | 35/50 [00:13<00:05,  2.74it/s, Saved at =inf, TrLoss=0.2098]
 Training ATK-otc-s8-t7:  72%|███████▏  | 36/50 [00:13<00:05,  2.77it/s, Saved at =inf, TrLoss=0.2098]
 Training ATK-otc-s8-t7:  72%|███████▏  | 36/50 [00:13<00:05,  2.77it/s, Saved at =inf, TrLoss=0.2025]
 Training ATK-otc-s8-t7:  74%|███████▍  | 37/50 [00:13<00:04,  2.82it/s, Saved at =inf, TrLoss=0.2025]
 Training ATK-otc-s8-t7:  74%|███████▍  | 37/50 [00:14<00:04,  2.82it/s, Saved at =inf, TrLoss=0.2111]
 Training ATK-otc-s8-t7:  76%|███████▌  | 38/50 [00:14<00:04,  2.79it/s, Saved at =inf, TrLoss=0.2111]
 Training ATK-otc-s8-t7:  76%|███████▌  | 38/50 [00:14<00:04,  2.79it/s, Saved at =inf, TrLoss=0.2044]
 Training ATK-otc-s8-t7:  78%|███████▊  | 39/50 [00:14<00:03,  2.76it/s, Saved at =inf, TrLoss=0.2044]
 Training ATK-otc-s8-t7:  78%|███████▊  | 39/50 [00:14<00:03,  2.76it/s, Saved at =inf, TrLoss=0.1983]
 Training ATK-otc-s8-t7:  80%|████████  | 40/50 [00:14<00:03,  2.57it/s, Saved at =inf, TrLoss=0.1983]
 Training ATK-otc-s8-t7:  80%|████████  | 40/50 [00:15<00:03,  2.57it/s, Saved at =inf, TrLoss=0.1967]
 Training ATK-otc-s8-t7:  82%|████████▏ | 41/50 [00:15<00:03,  2.55it/s, Saved at =inf, TrLoss=0.1967]
 Training ATK-otc-s8-t7:  82%|████████▏ | 41/50 [00:15<00:03,  2.55it/s, Saved at =inf, TrLoss=0.1996]
 Training ATK-otc-s8-t7:  84%|████████▍ | 42/50 [00:15<00:02,  2.81it/s, Saved at =inf, TrLoss=0.1996]
 Training ATK-otc-s8-t7:  84%|████████▍ | 42/50 [00:15<00:02,  2.81it/s, Saved at =inf, TrLoss=0.1896]
 Training ATK-otc-s8-t7:  86%|████████▌ | 43/50 [00:15<00:02,  2.86it/s, Saved at =inf, TrLoss=0.1896]
 Training ATK-otc-s8-t7:  86%|████████▌ | 43/50 [00:16<00:02,  2.86it/s, Saved at =inf, TrLoss=0.1904]
 Training ATK-otc-s8-t7:  88%|████████▊ | 44/50 [00:16<00:02,  2.69it/s, Saved at =inf, TrLoss=0.1904]
 Training ATK-otc-s8-t7:  88%|████████▊ | 44/50 [00:16<00:02,  2.69it/s, Saved at =inf, TrLoss=0.1944]
 Training ATK-otc-s8-t7:  90%|█████████ | 45/50 [00:16<00:01,  2.78it/s, Saved at =inf, TrLoss=0.1944]
 Training ATK-otc-s8-t7:  90%|█████████ | 45/50 [00:16<00:01,  2.78it/s, Saved at =inf, TrLoss=0.1953]
 Training ATK-otc-s8-t7:  92%|█████████▏| 46/50 [00:17<00:01,  2.83it/s, Saved at =inf, TrLoss=0.1953]
 Training ATK-otc-s8-t7:  92%|█████████▏| 46/50 [00:17<00:01,  2.83it/s, Saved at =inf, TrLoss=0.1914]
 Training ATK-otc-s8-t7:  94%|█████████▍| 47/50 [00:17<00:01,  2.57it/s, Saved at =inf, TrLoss=0.1914]
 Training ATK-otc-s8-t7:  94%|█████████▍| 47/50 [00:17<00:01,  2.57it/s, Saved at =inf, TrLoss=0.1854]
 Training ATK-otc-s8-t7:  96%|█████████▌| 48/50 [00:17<00:00,  2.58it/s, Saved at =inf, TrLoss=0.1854]
 Training ATK-otc-s8-t7:  96%|█████████▌| 48/50 [00:18<00:00,  2.58it/s, Saved at =inf, TrLoss=0.1856]
 Training ATK-otc-s8-t7:  98%|█████████▊| 49/50 [00:18<00:00,  2.43it/s, Saved at =inf, TrLoss=0.1856]
 Training ATK-otc-s8-t7:  98%|█████████▊| 49/50 [00:18<00:00,  2.43it/s, Saved at =inf, TrLoss=0.1912]
 Training ATK-otc-s8-t7: 100%|██████████| 50/50 [00:18<00:00,  2.49it/s, Saved at =inf, TrLoss=0.1912]
 Training ATK-otc-s8-t7: 100%|██████████| 50/50 [00:18<00:00,  2.66it/s, Saved at =inf, TrLoss=0.1912]
[15:44:43]   MCC=0.419±0.088, AUC=0.759±0.070, BAcc=0.676±0.054
[15:49:59]   [otc s8] 500/3269 candidates scanned, 481 eligible
[15:54:26]   [otc s8] 1000/3269 candidates scanned, 950 eligible
[15:57:06]   [otc s8] 1500/3269 candidates scanned, 1401 eligible
[15:59:20]   [otc s8] 2000/3269 candidates scanned, 1752 eligible
[16:02:12]   [otc s8] 2500/3269 candidates scanned, 2172 eligible
[16:04:38]   [otc s8] 3000/3269 candidates scanned, 2538 eligible
[16:05:41]   otc seed 8: n=2700 AUC=0.759 | flip% random total/prop 29.6/22.6 | optimized 60.1/41.3 | 23.2 min
[16:05:41] Training GDTE on otc (seed=9)...

 Training FV-otc-s9-t2:   0%|          | 0/50 [00:00<?, ?it/s]
 Training FV-otc-s9-t2:   0%|          | 0/50 [00:00<?, ?it/s, Saved at =inf, TrLoss=0.6689]
 Training FV-otc-s9-t2:   0%|          | 0/50 [00:00<?, ?it/s, Saved at =inf, TrLoss=1.9365]
 Training FV-otc-s9-t2:   4%|▍         | 2/50 [00:00<00:03, 15.11it/s, Saved at =inf, TrLoss=1.9365]
 Training FV-otc-s9-t2:   4%|▍         | 2/50 [00:00<00:03, 15.11it/s, Saved at =inf, TrLoss=0.4375]
 Training FV-otc-s9-t2:   4%|▍         | 2/50 [00:00<00:03, 15.11it/s, Saved at =inf, TrLoss=0.7915]
 Training FV-otc-s9-t2:   8%|▊         | 4/50 [00:00<00:02, 16.20it/s, Saved at =inf, TrLoss=0.7915]
 Training FV-otc-s9-t2:   8%|▊         | 4/50 [00:00<00:02, 16.20it/s, Saved at =inf, TrLoss=0.4424]
 Training FV-otc-s9-t2:   8%|▊         | 4/50 [00:00<00:02, 16.20it/s, Saved at =inf, TrLoss=0.2899]
 Training FV-otc-s9-t2:  12%|█▏        | 6/50 [00:00<00:02, 16.85it/s, Saved at =inf, TrLoss=0.2899]
 Training FV-otc-s9-t2:  12%|█▏        | 6/50 [00:00<00:02, 16.85it/s, Saved at =inf, TrLoss=0.2636]
 Training FV-otc-s9-t2:  12%|█▏        | 6/50 [00:00<00:02, 16.85it/s, Saved at =inf, TrLoss=0.2749]
 Training FV-otc-s9-t2:  16%|█▌        | 8/50 [00:00<00:02, 17.47it/s, Saved at =inf, TrLoss=0.2749]
 Training FV-otc-s9-t2:  16%|█▌        | 8/50 [00:00<00:02, 17.47it/s, Saved at =inf, TrLoss=0.2666]
 Training FV-otc-s9-t2:  16%|█▌        | 8/50 [00:00<00:02, 17.47it/s, Saved at =inf, TrLoss=0.2665]
 Training FV-otc-s9-t2:  20%|██        | 10/50 [00:00<00:02, 17.18it/s, Saved at =inf, TrLoss=0.2665]
 Training FV-otc-s9-t2:  20%|██        | 10/50 [00:00<00:02, 17.18it/s, Saved at =inf, TrLoss=0.2387]
 Training FV-otc-s9-t2:  20%|██        | 10/50 [00:00<00:02, 17.18it/s, Saved at =inf, TrLoss=0.2116]
 Training FV-otc-s9-t2:  24%|██▍       | 12/50 [00:00<00:02, 16.94it/s, Saved at =inf, TrLoss=0.2116]
 Training FV-otc-s9-t2:  24%|██▍       | 12/50 [00:00<00:02, 16.94it/s, Saved at =inf, TrLoss=0.1946]
 Training FV-otc-s9-t2:  24%|██▍       | 12/50 [00:00<00:02, 16.94it/s, Saved at =inf, TrLoss=0.1788]
 Training FV-otc-s9-t2:  28%|██▊       | 14/50 [00:00<00:02, 17.14it/s, Saved at =inf, TrLoss=0.1788]
 Training FV-otc-s9-t2:  28%|██▊       | 14/50 [00:00<00:02, 17.14it/s, Saved at =inf, TrLoss=0.1733]
 Training FV-otc-s9-t2:  28%|██▊       | 14/50 [00:00<00:02, 17.14it/s, Saved at =inf, TrLoss=0.1658]
 Training FV-otc-s9-t2:  32%|███▏      | 16/50 [00:01<00:02, 12.75it/s, Saved at =inf, TrLoss=0.1658]
 Training FV-otc-s9-t2:  32%|███▏      | 16/50 [00:01<00:02, 12.75it/s, Saved at =inf, TrLoss=0.1552]
 Training FV-otc-s9-t2:  32%|███▏      | 16/50 [00:01<00:02, 12.75it/s, Saved at =inf, TrLoss=0.1661]
 Training FV-otc-s9-t2:  36%|███▌      | 18/50 [00:01<00:02, 12.95it/s, Saved at =inf, TrLoss=0.1661]
 Training FV-otc-s9-t2:  36%|███▌      | 18/50 [00:01<00:02, 12.95it/s, Saved at =inf, TrLoss=0.1462]
 Training FV-otc-s9-t2:  36%|███▌      | 18/50 [00:01<00:02, 12.95it/s, Saved at =inf, TrLoss=0.1527]
 Training FV-otc-s9-t2:  40%|████      | 20/50 [00:01<00:02, 12.29it/s, Saved at =inf, TrLoss=0.1527]
 Training FV-otc-s9-t2:  40%|████      | 20/50 [00:01<00:02, 12.29it/s, Saved at =inf, TrLoss=0.1255]
 Training FV-otc-s9-t2:  40%|████      | 20/50 [00:01<00:02, 12.29it/s, Saved at =inf, TrLoss=0.1233]
 Training FV-otc-s9-t2:  44%|████▍     | 22/50 [00:01<00:02, 13.07it/s, Saved at =inf, TrLoss=0.1233]
 Training FV-otc-s9-t2:  44%|████▍     | 22/50 [00:01<00:02, 13.07it/s, Saved at =inf, TrLoss=0.1333]
 Training FV-otc-s9-t2:  44%|████▍     | 22/50 [00:01<00:02, 13.07it/s, Saved at =inf, TrLoss=0.1112]
 Training FV-otc-s9-t2:  48%|████▊     | 24/50 [00:01<00:01, 14.30it/s, Saved at =inf, TrLoss=0.1112]
 Training FV-otc-s9-t2:  48%|████▊     | 24/50 [00:01<00:01, 14.30it/s, Saved at =inf, TrLoss=0.1370]
 Training FV-otc-s9-t2:  48%|████▊     | 24/50 [00:01<00:01, 14.30it/s, Saved at =inf, TrLoss=0.1091]
 Training FV-otc-s9-t2:  52%|█████▏    | 26/50 [00:01<00:01, 15.29it/s, Saved at =inf, TrLoss=0.1091]
 Training FV-otc-s9-t2:  52%|█████▏    | 26/50 [00:01<00:01, 15.29it/s, Saved at =inf, TrLoss=0.1305]
 Training FV-otc-s9-t2:  52%|█████▏    | 26/50 [00:01<00:01, 15.29it/s, Saved at =inf, TrLoss=0.1250]
 Training FV-otc-s9-t2:  56%|█████▌    | 28/50 [00:01<00:01, 15.81it/s, Saved at =inf, TrLoss=0.1250]
 Training FV-otc-s9-t2:  56%|█████▌    | 28/50 [00:01<00:01, 15.81it/s, Saved at =inf, TrLoss=0.1171]
 Training FV-otc-s9-t2:  56%|█████▌    | 28/50 [00:01<00:01, 15.81it/s, Saved at =inf, TrLoss=0.1074]
 Training FV-otc-s9-t2:  60%|██████    | 30/50 [00:01<00:01, 15.87it/s, Saved at =inf, TrLoss=0.1074]
 Training FV-otc-s9-t2:  60%|██████    | 30/50 [00:02<00:01, 15.87it/s, Saved at =inf, TrLoss=0.0978]
 Training FV-otc-s9-t2:  60%|██████    | 30/50 [00:02<00:01, 15.87it/s, Saved at =inf, TrLoss=0.1175]
 Training FV-otc-s9-t2:  64%|██████▍   | 32/50 [00:02<00:01, 11.87it/s, Saved at =inf, TrLoss=0.1175]
 Training FV-otc-s9-t2:  64%|██████▍   | 32/50 [00:02<00:01, 11.87it/s, Saved at =inf, TrLoss=0.0967]
 Training FV-otc-s9-t2:  64%|██████▍   | 32/50 [00:02<00:01, 11.87it/s, Saved at =inf, TrLoss=0.1166]
 Training FV-otc-s9-t2:  68%|██████▊   | 34/50 [00:02<00:01, 12.97it/s, Saved at =inf, TrLoss=0.1166]
 Training FV-otc-s9-t2:  68%|██████▊   | 34/50 [00:02<00:01, 12.97it/s, Saved at =inf, TrLoss=0.1064]
 Training FV-otc-s9-t2:  68%|██████▊   | 34/50 [00:02<00:01, 12.97it/s, Saved at =inf, TrLoss=0.1021]
 Training FV-otc-s9-t2:  72%|███████▏  | 36/50 [00:02<00:00, 14.39it/s, Saved at =inf, TrLoss=0.1021]
 Training FV-otc-s9-t2:  72%|███████▏  | 36/50 [00:02<00:00, 14.39it/s, Saved at =inf, TrLoss=0.1009]
 Training FV-otc-s9-t2:  72%|███████▏  | 36/50 [00:02<00:00, 14.39it/s, Saved at =inf, TrLoss=0.1383]
 Training FV-otc-s9-t2:  76%|███████▌  | 38/50 [00:02<00:00, 15.42it/s, Saved at =inf, TrLoss=0.1383]
 Training FV-otc-s9-t2:  76%|███████▌  | 38/50 [00:02<00:00, 15.42it/s, Saved at =inf, TrLoss=0.0845]
 Training FV-otc-s9-t2:  76%|███████▌  | 38/50 [00:02<00:00, 15.42it/s, Saved at =inf, TrLoss=0.1178]
 Training FV-otc-s9-t2:  80%|████████  | 40/50 [00:02<00:00, 15.84it/s, Saved at =inf, TrLoss=0.1178]
 Training FV-otc-s9-t2:  80%|████████  | 40/50 [00:02<00:00, 15.84it/s, Saved at =inf, TrLoss=0.1059]
 Training FV-otc-s9-t2:  80%|████████  | 40/50 [00:02<00:00, 15.84it/s, Saved at =inf, TrLoss=0.1405]
 Training FV-otc-s9-t2:  84%|████████▍ | 42/50 [00:02<00:00, 16.34it/s, Saved at =inf, TrLoss=0.1405]
 Training FV-otc-s9-t2:  84%|████████▍ | 42/50 [00:02<00:00, 16.34it/s, Saved at =inf, TrLoss=0.1096]
 Training FV-otc-s9-t2:  84%|████████▍ | 42/50 [00:02<00:00, 16.34it/s, Saved at =inf, TrLoss=0.1145]
 Training FV-otc-s9-t2:  88%|████████▊ | 44/50 [00:02<00:00, 16.30it/s, Saved at =inf, TrLoss=0.1145]
 Training FV-otc-s9-t2:  88%|████████▊ | 44/50 [00:02<00:00, 16.30it/s, Saved at =inf, TrLoss=0.1095]
 Training FV-otc-s9-t2:  88%|████████▊ | 44/50 [00:03<00:00, 16.30it/s, Saved at =inf, TrLoss=0.1080]
 Training FV-otc-s9-t2:  92%|█████████▏| 46/50 [00:03<00:00, 16.49it/s, Saved at =inf, TrLoss=0.1080]
 Training FV-otc-s9-t2:  92%|█████████▏| 46/50 [00:03<00:00, 16.49it/s, Saved at =inf, TrLoss=0.1427]
 Training FV-otc-s9-t2:  92%|█████████▏| 46/50 [00:03<00:00, 16.49it/s, Saved at =inf, TrLoss=0.1004]
 Training FV-otc-s9-t2:  96%|█████████▌| 48/50 [00:03<00:00, 16.45it/s, Saved at =inf, TrLoss=0.1004]
 Training FV-otc-s9-t2:  96%|█████████▌| 48/50 [00:03<00:00, 16.45it/s, Saved at =inf, TrLoss=0.1100]
 Training FV-otc-s9-t2:  96%|█████████▌| 48/50 [00:03<00:00, 16.45it/s, Saved at =inf, TrLoss=0.0892]
 Training FV-otc-s9-t2: 100%|██████████| 50/50 [00:03<00:00, 16.54it/s, Saved at =inf, TrLoss=0.0892]
 Training FV-otc-s9-t2: 100%|██████████| 50/50 [00:03<00:00, 15.13it/s, Saved at =inf, TrLoss=0.0892]

 Training FV-otc-s9-t3:   0%|          | 0/50 [00:00<?, ?it/s]
 Training FV-otc-s9-t3:   0%|          | 0/50 [00:00<?, ?it/s, Saved at =inf, TrLoss=0.7209]
 Training FV-otc-s9-t3:   0%|          | 0/50 [00:00<?, ?it/s, Saved at =inf, TrLoss=0.5985]
 Training FV-otc-s9-t3:   4%|▍         | 2/50 [00:00<00:03, 12.43it/s, Saved at =inf, TrLoss=0.5985]
 Training FV-otc-s9-t3:   4%|▍         | 2/50 [00:00<00:03, 12.43it/s, Saved at =inf, TrLoss=0.7126]
 Training FV-otc-s9-t3:   4%|▍         | 2/50 [00:00<00:03, 12.43it/s, Saved at =inf, TrLoss=0.3800]
 Training FV-otc-s9-t3:   8%|▊         | 4/50 [00:00<00:03, 12.12it/s, Saved at =inf, TrLoss=0.3800]
 Training FV-otc-s9-t3:   8%|▊         | 4/50 [00:00<00:03, 12.12it/s, Saved at =inf, TrLoss=0.4756]
 Training FV-otc-s9-t3:   8%|▊         | 4/50 [00:00<00:03, 12.12it/s, Saved at =inf, TrLoss=0.3711]
 Training FV-otc-s9-t3:  12%|█▏        | 6/50 [00:00<00:03, 11.86it/s, Saved at =inf, TrLoss=0.3711]
 Training FV-otc-s9-t3:  12%|█▏        | 6/50 [00:00<00:03, 11.86it/s, Saved at =inf, TrLoss=0.2996]
 Training FV-otc-s9-t3:  12%|█▏        | 6/50 [00:00<00:03, 11.86it/s, Saved at =inf, TrLoss=0.2913]
 Training FV-otc-s9-t3:  16%|█▌        | 8/50 [00:00<00:03, 11.84it/s, Saved at =inf, TrLoss=0.2913]
 Training FV-otc-s9-t3:  16%|█▌        | 8/50 [00:00<00:03, 11.84it/s, Saved at =inf, TrLoss=0.3039]
 Training FV-otc-s9-t3:  16%|█▌        | 8/50 [00:00<00:03, 11.84it/s, Saved at =inf, TrLoss=0.2838]
 Training FV-otc-s9-t3:  20%|██        | 10/50 [00:00<00:03, 12.28it/s, Saved at =inf, TrLoss=0.2838]
 Training FV-otc-s9-t3:  20%|██        | 10/50 [00:00<00:03, 12.28it/s, Saved at =inf, TrLoss=0.2582]
 Training FV-otc-s9-t3:  20%|██        | 10/50 [00:00<00:03, 12.28it/s, Saved at =inf, TrLoss=0.2399]
 Training FV-otc-s9-t3:  24%|██▍       | 12/50 [00:00<00:03, 12.41it/s, Saved at =inf, TrLoss=0.2399]
 Training FV-otc-s9-t3:  24%|██▍       | 12/50 [00:01<00:03, 12.41it/s, Saved at =inf, TrLoss=0.2168]
 Training FV-otc-s9-t3:  24%|██▍       | 12/50 [00:01<00:03, 12.41it/s, Saved at =inf, TrLoss=0.2134]
 Training FV-otc-s9-t3:  28%|██▊       | 14/50 [00:01<00:02, 12.53it/s, Saved at =inf, TrLoss=0.2134]
 Training FV-otc-s9-t3:  28%|██▊       | 14/50 [00:01<00:02, 12.53it/s, Saved at =inf, TrLoss=0.1912]
 Training FV-otc-s9-t3:  28%|██▊       | 14/50 [00:01<00:02, 12.53it/s, Saved at =inf, TrLoss=0.1750]
 Training FV-otc-s9-t3:  32%|███▏      | 16/50 [00:01<00:02, 12.44it/s, Saved at =inf, TrLoss=0.1750]
 Training FV-otc-s9-t3:  32%|███▏      | 16/50 [00:01<00:02, 12.44it/s, Saved at =inf, TrLoss=0.1876]
 Training FV-otc-s9-t3:  32%|███▏      | 16/50 [00:01<00:02, 12.44it/s, Saved at =inf, TrLoss=0.1819]
 Training FV-otc-s9-t3:  36%|███▌      | 18/50 [00:01<00:02, 12.24it/s, Saved at =inf, TrLoss=0.1819]
 Training FV-otc-s9-t3:  36%|███▌      | 18/50 [00:01<00:02, 12.24it/s, Saved at =inf, TrLoss=0.1750]
 Training FV-otc-s9-t3:  36%|███▌      | 18/50 [00:01<00:02, 12.24it/s, Saved at =inf, TrLoss=0.1888]
 Training FV-otc-s9-t3:  40%|████      | 20/50 [00:01<00:02, 12.28it/s, Saved at =inf, TrLoss=0.1888]
 Training FV-otc-s9-t3:  40%|████      | 20/50 [00:01<00:02, 12.28it/s, Saved at =inf, TrLoss=0.1642]
 Training FV-otc-s9-t3:  40%|████      | 20/50 [00:01<00:02, 12.28it/s, Saved at =inf, TrLoss=0.1659]
 Training FV-otc-s9-t3:  44%|████▍     | 22/50 [00:01<00:02, 12.25it/s, Saved at =inf, TrLoss=0.1659]
 Training FV-otc-s9-t3:  44%|████▍     | 22/50 [00:01<00:02, 12.25it/s, Saved at =inf, TrLoss=0.1596]
 Training FV-otc-s9-t3:  44%|████▍     | 22/50 [00:01<00:02, 12.25it/s, Saved at =inf, TrLoss=0.1476]
 Training FV-otc-s9-t3:  48%|████▊     | 24/50 [00:01<00:02, 12.53it/s, Saved at =inf, TrLoss=0.1476]
 Training FV-otc-s9-t3:  48%|████▊     | 24/50 [00:01<00:02, 12.53it/s, Saved at =inf, TrLoss=0.1613]
 Training FV-otc-s9-t3:  48%|████▊     | 24/50 [00:02<00:02, 12.53it/s, Saved at =inf, TrLoss=0.1457]
 Training FV-otc-s9-t3:  52%|█████▏    | 26/50 [00:02<00:01, 12.52it/s, Saved at =inf, TrLoss=0.1457]
 Training FV-otc-s9-t3:  52%|█████▏    | 26/50 [00:02<00:01, 12.52it/s, Saved at =inf, TrLoss=0.1809]
 Training FV-otc-s9-t3:  52%|█████▏    | 26/50 [00:02<00:01, 12.52it/s, Saved at =inf, TrLoss=0.1418]
 Training FV-otc-s9-t3:  56%|█████▌    | 28/50 [00:02<00:01, 12.28it/s, Saved at =inf, TrLoss=0.1418]
 Training FV-otc-s9-t3:  56%|█████▌    | 28/50 [00:02<00:01, 12.28it/s, Saved at =inf, TrLoss=0.1529]
 Training FV-otc-s9-t3:  56%|█████▌    | 28/50 [00:02<00:01, 12.28it/s, Saved at =inf, TrLoss=0.1455]
 Training FV-otc-s9-t3:  60%|██████    | 30/50 [00:02<00:01, 12.34it/s, Saved at =inf, TrLoss=0.1455]
 Training FV-otc-s9-t3:  60%|██████    | 30/50 [00:02<00:01, 12.34it/s, Saved at =inf, TrLoss=0.1436]
 Training FV-otc-s9-t3:  60%|██████    | 30/50 [00:02<00:01, 12.34it/s, Saved at =inf, TrLoss=0.1514]
 Training FV-otc-s9-t3:  64%|██████▍   | 32/50 [00:02<00:01, 12.40it/s, Saved at =inf, TrLoss=0.1514]
 Training FV-otc-s9-t3:  64%|██████▍   | 32/50 [00:02<00:01, 12.40it/s, Saved at =inf, TrLoss=0.1322]
 Training FV-otc-s9-t3:  64%|██████▍   | 32/50 [00:02<00:01, 12.40it/s, Saved at =inf, TrLoss=0.1466]
 Training FV-otc-s9-t3:  68%|██████▊   | 34/50 [00:02<00:01, 12.33it/s, Saved at =inf, TrLoss=0.1466]
 Training FV-otc-s9-t3:  68%|██████▊   | 34/50 [00:02<00:01, 12.33it/s, Saved at =inf, TrLoss=0.1254]
 Training FV-otc-s9-t3:  68%|██████▊   | 34/50 [00:02<00:01, 12.33it/s, Saved at =inf, TrLoss=0.1269]
 Training FV-otc-s9-t3:  72%|███████▏  | 36/50 [00:02<00:01, 12.39it/s, Saved at =inf, TrLoss=0.1269]
 Training FV-otc-s9-t3:  72%|███████▏  | 36/50 [00:02<00:01, 12.39it/s, Saved at =inf, TrLoss=0.1398]
 Training FV-otc-s9-t3:  72%|███████▏  | 36/50 [00:03<00:01, 12.39it/s, Saved at =inf, TrLoss=0.1383]
 Training FV-otc-s9-t3:  76%|███████▌  | 38/50 [00:03<00:00, 12.54it/s, Saved at =inf, TrLoss=0.1383]
 Training FV-otc-s9-t3:  76%|███████▌  | 38/50 [00:03<00:00, 12.54it/s, Saved at =inf, TrLoss=0.1140]
 Training FV-otc-s9-t3:  76%|███████▌  | 38/50 [00:03<00:00, 12.54it/s, Saved at =inf, TrLoss=0.1335]
 Training FV-otc-s9-t3:  80%|████████  | 40/50 [00:03<00:00, 12.58it/s, Saved at =inf, TrLoss=0.1335]
 Training FV-otc-s9-t3:  80%|████████  | 40/50 [00:03<00:00, 12.58it/s, Saved at =inf, TrLoss=0.1236]
 Training FV-otc-s9-t3:  80%|████████  | 40/50 [00:03<00:00, 12.58it/s, Saved at =inf, TrLoss=0.1282]
 Training FV-otc-s9-t3:  84%|████████▍ | 42/50 [00:03<00:00, 12.65it/s, Saved at =inf, TrLoss=0.1282]
 Training FV-otc-s9-t3:  84%|████████▍ | 42/50 [00:03<00:00, 12.65it/s, Saved at =inf, TrLoss=0.1232]
 Training FV-otc-s9-t3:  84%|████████▍ | 42/50 [00:03<00:00, 12.65it/s, Saved at =inf, TrLoss=0.1412]
 Training FV-otc-s9-t3:  88%|████████▊ | 44/50 [00:03<00:00, 12.49it/s, Saved at =inf, TrLoss=0.1412]
 Training FV-otc-s9-t3:  88%|████████▊ | 44/50 [00:03<00:00, 12.49it/s, Saved at =inf, TrLoss=0.1373]
 Training FV-otc-s9-t3:  88%|████████▊ | 44/50 [00:03<00:00, 12.49it/s, Saved at =inf, TrLoss=0.1125]
 Training FV-otc-s9-t3:  92%|█████████▏| 46/50 [00:03<00:00, 12.42it/s, Saved at =inf, TrLoss=0.1125]
 Training FV-otc-s9-t3:  92%|█████████▏| 46/50 [00:03<00:00, 12.42it/s, Saved at =inf, TrLoss=0.1531]
 Training FV-otc-s9-t3:  92%|█████████▏| 46/50 [00:03<00:00, 12.42it/s, Saved at =inf, TrLoss=0.1108]
 Training FV-otc-s9-t3:  96%|█████████▌| 48/50 [00:03<00:00, 12.38it/s, Saved at =inf, TrLoss=0.1108]
 Training FV-otc-s9-t3:  96%|█████████▌| 48/50 [00:03<00:00, 12.38it/s, Saved at =inf, TrLoss=0.1376]
 Training FV-otc-s9-t3:  96%|█████████▌| 48/50 [00:04<00:00, 12.38it/s, Saved at =inf, TrLoss=0.1090]
 Training FV-otc-s9-t3: 100%|██████████| 50/50 [00:04<00:00, 12.43it/s, Saved at =inf, TrLoss=0.1090]
 Training FV-otc-s9-t3: 100%|██████████| 50/50 [00:04<00:00, 12.37it/s, Saved at =inf, TrLoss=0.1090]

 Training FV-otc-s9-t4:   0%|          | 0/50 [00:00<?, ?it/s]
 Training FV-otc-s9-t4:   0%|          | 0/50 [00:00<?, ?it/s, Saved at =inf, TrLoss=0.7374]
 Training FV-otc-s9-t4:   2%|▏         | 1/50 [00:00<00:05,  9.77it/s, Saved at =inf, TrLoss=0.7374]
 Training FV-otc-s9-t4:   2%|▏         | 1/50 [00:00<00:05,  9.77it/s, Saved at =inf, TrLoss=1.1201]
 Training FV-otc-s9-t4:   4%|▍         | 2/50 [00:00<00:04,  9.64it/s, Saved at =inf, TrLoss=1.1201]
 Training FV-otc-s9-t4:   4%|▍         | 2/50 [00:00<00:04,  9.64it/s, Saved at =inf, TrLoss=0.5095]
 Training FV-otc-s9-t4:   6%|▌         | 3/50 [00:00<00:04,  9.60it/s, Saved at =inf, TrLoss=0.5095]
 Training FV-otc-s9-t4:   6%|▌         | 3/50 [00:00<00:04,  9.60it/s, Saved at =inf, TrLoss=0.4975]
 Training FV-otc-s9-t4:   8%|▊         | 4/50 [00:00<00:04,  9.34it/s, Saved at =inf, TrLoss=0.4975]
 Training FV-otc-s9-t4:   8%|▊         | 4/50 [00:00<00:04,  9.34it/s, Saved at =inf, TrLoss=0.4839]
 Training FV-otc-s9-t4:  10%|█         | 5/50 [00:00<00:04,  9.34it/s, Saved at =inf, TrLoss=0.4839]
 Training FV-otc-s9-t4:  10%|█         | 5/50 [00:00<00:04,  9.34it/s, Saved at =inf, TrLoss=0.4235]
 Training FV-otc-s9-t4:  12%|█▏        | 6/50 [00:00<00:05,  8.17it/s, Saved at =inf, TrLoss=0.4235]
 Training FV-otc-s9-t4:  12%|█▏        | 6/50 [00:00<00:05,  8.17it/s, Saved at =inf, TrLoss=0.4014]
 Training FV-otc-s9-t4:  14%|█▍        | 7/50 [00:00<00:05,  8.48it/s, Saved at =inf, TrLoss=0.4014]
 Training FV-otc-s9-t4:  14%|█▍        | 7/50 [00:00<00:05,  8.48it/s, Saved at =inf, TrLoss=0.4071]
 Training FV-otc-s9-t4:  16%|█▌        | 8/50 [00:00<00:05,  8.28it/s, Saved at =inf, TrLoss=0.4071]
 Training FV-otc-s9-t4:  16%|█▌        | 8/50 [00:01<00:05,  8.28it/s, Saved at =inf, TrLoss=0.3683]
 Training FV-otc-s9-t4:  18%|█▊        | 9/50 [00:01<00:06,  6.80it/s, Saved at =inf, TrLoss=0.3683]
 Training FV-otc-s9-t4:  18%|█▊        | 9/50 [00:01<00:06,  6.80it/s, Saved at =inf, TrLoss=0.3281]
 Training FV-otc-s9-t4:  20%|██        | 10/50 [00:01<00:05,  7.50it/s, Saved at =inf, TrLoss=0.3281]
 Training FV-otc-s9-t4:  20%|██        | 10/50 [00:01<00:05,  7.50it/s, Saved at =inf, TrLoss=0.2880]
 Training FV-otc-s9-t4:  22%|██▏       | 11/50 [00:01<00:04,  8.01it/s, Saved at =inf, TrLoss=0.2880]
 Training FV-otc-s9-t4:  22%|██▏       | 11/50 [00:01<00:04,  8.01it/s, Saved at =inf, TrLoss=0.3017]
 Training FV-otc-s9-t4:  24%|██▍       | 12/50 [00:01<00:04,  8.47it/s, Saved at =inf, TrLoss=0.3017]
 Training FV-otc-s9-t4:  24%|██▍       | 12/50 [00:01<00:04,  8.47it/s, Saved at =inf, TrLoss=0.2778]
 Training FV-otc-s9-t4:  26%|██▌       | 13/50 [00:01<00:04,  8.76it/s, Saved at =inf, TrLoss=0.2778]
 Training FV-otc-s9-t4:  26%|██▌       | 13/50 [00:01<00:04,  8.76it/s, Saved at =inf, TrLoss=0.2378]
 Training FV-otc-s9-t4:  26%|██▌       | 13/50 [00:01<00:04,  8.76it/s, Saved at =inf, TrLoss=0.2713]
 Training FV-otc-s9-t4:  30%|███       | 15/50 [00:01<00:03,  9.36it/s, Saved at =inf, TrLoss=0.2713]
 Training FV-otc-s9-t4:  30%|███       | 15/50 [00:01<00:03,  9.36it/s, Saved at =inf, TrLoss=0.2290]
 Training FV-otc-s9-t4:  32%|███▏      | 16/50 [00:01<00:03,  9.38it/s, Saved at =inf, TrLoss=0.2290]
 Training FV-otc-s9-t4:  32%|███▏      | 16/50 [00:01<00:03,  9.38it/s, Saved at =inf, TrLoss=0.2681]
 Training FV-otc-s9-t4:  34%|███▍      | 17/50 [00:01<00:03,  9.47it/s, Saved at =inf, TrLoss=0.2681]
 Training FV-otc-s9-t4:  34%|███▍      | 17/50 [00:02<00:03,  9.47it/s, Saved at =inf, TrLoss=0.2252]
 Training FV-otc-s9-t4:  36%|███▌      | 18/50 [00:02<00:03,  9.51it/s, Saved at =inf, TrLoss=0.2252]
 Training FV-otc-s9-t4:  36%|███▌      | 18/50 [00:02<00:03,  9.51it/s, Saved at =inf, TrLoss=0.2255]
 Training FV-otc-s9-t4:  38%|███▊      | 19/50 [00:02<00:03,  9.23it/s, Saved at =inf, TrLoss=0.2255]
 Training FV-otc-s9-t4:  38%|███▊      | 19/50 [00:02<00:03,  9.23it/s, Saved at =inf, TrLoss=0.2346]
 Training FV-otc-s9-t4:  40%|████      | 20/50 [00:02<00:03,  8.18it/s, Saved at =inf, TrLoss=0.2346]
 Training FV-otc-s9-t4:  40%|████      | 20/50 [00:02<00:03,  8.18it/s, Saved at =inf, TrLoss=0.2131]
 Training FV-otc-s9-t4:  42%|████▏     | 21/50 [00:02<00:03,  8.41it/s, Saved at =inf, TrLoss=0.2131]
 Training FV-otc-s9-t4:  42%|████▏     | 21/50 [00:02<00:03,  8.41it/s, Saved at =inf, TrLoss=0.2129]
 Training FV-otc-s9-t4:  44%|████▍     | 22/50 [00:02<00:03,  8.72it/s, Saved at =inf, TrLoss=0.2129]
 Training FV-otc-s9-t4:  44%|████▍     | 22/50 [00:02<00:03,  8.72it/s, Saved at =inf, TrLoss=0.2001]
 Training FV-otc-s9-t4:  46%|████▌     | 23/50 [00:02<00:03,  8.99it/s, Saved at =inf, TrLoss=0.2001]
 Training FV-otc-s9-t4:  46%|████▌     | 23/50 [00:02<00:03,  8.99it/s, Saved at =inf, TrLoss=0.2058]
 Training FV-otc-s9-t4:  46%|████▌     | 23/50 [00:02<00:03,  8.99it/s, Saved at =inf, TrLoss=0.1916]
 Training FV-otc-s9-t4:  50%|█████     | 25/50 [00:02<00:02,  9.53it/s, Saved at =inf, TrLoss=0.1916]
 Training FV-otc-s9-t4:  50%|█████     | 25/50 [00:02<00:02,  9.53it/s, Saved at =inf, TrLoss=0.1910]
 Training FV-otc-s9-t4:  52%|█████▏    | 26/50 [00:02<00:02,  9.59it/s, Saved at =inf, TrLoss=0.1910]
 Training FV-otc-s9-t4:  52%|█████▏    | 26/50 [00:03<00:02,  9.59it/s, Saved at =inf, TrLoss=0.2101]
 Training FV-otc-s9-t4:  54%|█████▍    | 27/50 [00:03<00:02,  9.64it/s, Saved at =inf, TrLoss=0.2101]
 Training FV-otc-s9-t4:  54%|█████▍    | 27/50 [00:03<00:02,  9.64it/s, Saved at =inf, TrLoss=0.1759]
 Training FV-otc-s9-t4:  56%|█████▌    | 28/50 [00:03<00:02,  9.59it/s, Saved at =inf, TrLoss=0.1759]
 Training FV-otc-s9-t4:  56%|█████▌    | 28/50 [00:03<00:02,  9.59it/s, Saved at =inf, TrLoss=0.2014]
 Training FV-otc-s9-t4:  58%|█████▊    | 29/50 [00:03<00:02,  9.49it/s, Saved at =inf, TrLoss=0.2014]
 Training FV-otc-s9-t4:  58%|█████▊    | 29/50 [00:03<00:02,  9.49it/s, Saved at =inf, TrLoss=0.1755]
 Training FV-otc-s9-t4:  60%|██████    | 30/50 [00:03<00:02,  9.33it/s, Saved at =inf, TrLoss=0.1755]
 Training FV-otc-s9-t4:  60%|██████    | 30/50 [00:03<00:02,  9.33it/s, Saved at =inf, TrLoss=0.1813]
 Training FV-otc-s9-t4:  62%|██████▏   | 31/50 [00:03<00:02,  9.44it/s, Saved at =inf, TrLoss=0.1813]
 Training FV-otc-s9-t4:  62%|██████▏   | 31/50 [00:03<00:02,  9.44it/s, Saved at =inf, TrLoss=0.1770]
 Training FV-otc-s9-t4:  64%|██████▍   | 32/50 [00:03<00:01,  9.48it/s, Saved at =inf, TrLoss=0.1770]
 Training FV-otc-s9-t4:  64%|██████▍   | 32/50 [00:03<00:01,  9.48it/s, Saved at =inf, TrLoss=0.1690]
 Training FV-otc-s9-t4:  64%|██████▍   | 32/50 [00:03<00:01,  9.48it/s, Saved at =inf, TrLoss=0.1817]
 Training FV-otc-s9-t4:  68%|██████▊   | 34/50 [00:03<00:01,  9.69it/s, Saved at =inf, TrLoss=0.1817]
 Training FV-otc-s9-t4:  68%|██████▊   | 34/50 [00:03<00:01,  9.69it/s, Saved at =inf, TrLoss=0.1592]
 Training FV-otc-s9-t4:  68%|██████▊   | 34/50 [00:03<00:01,  9.69it/s, Saved at =inf, TrLoss=0.1696]
 Training FV-otc-s9-t4:  72%|███████▏  | 36/50 [00:03<00:01,  9.60it/s, Saved at =inf, TrLoss=0.1696]
 Training FV-otc-s9-t4:  72%|███████▏  | 36/50 [00:04<00:01,  9.60it/s, Saved at =inf, TrLoss=0.1606]
 Training FV-otc-s9-t4:  74%|███████▍  | 37/50 [00:04<00:01,  8.35it/s, Saved at =inf, TrLoss=0.1606]
 Training FV-otc-s9-t4:  74%|███████▍  | 37/50 [00:04<00:01,  8.35it/s, Saved at =inf, TrLoss=0.1628]
 Training FV-otc-s9-t4:  76%|███████▌  | 38/50 [00:04<00:01,  8.38it/s, Saved at =inf, TrLoss=0.1628]
 Training FV-otc-s9-t4:  76%|███████▌  | 38/50 [00:04<00:01,  8.38it/s, Saved at =inf, TrLoss=0.1514]
 Training FV-otc-s9-t4:  78%|███████▊  | 39/50 [00:04<00:01,  7.87it/s, Saved at =inf, TrLoss=0.1514]
 Training FV-otc-s9-t4:  78%|███████▊  | 39/50 [00:04<00:01,  7.87it/s, Saved at =inf, TrLoss=0.1619]
 Training FV-otc-s9-t4:  80%|████████  | 40/50 [00:04<00:01,  8.05it/s, Saved at =inf, TrLoss=0.1619]
 Training FV-otc-s9-t4:  80%|████████  | 40/50 [00:04<00:01,  8.05it/s, Saved at =inf, TrLoss=0.1509]
 Training FV-otc-s9-t4:  82%|████████▏ | 41/50 [00:04<00:01,  8.44it/s, Saved at =inf, TrLoss=0.1509]
 Training FV-otc-s9-t4:  82%|████████▏ | 41/50 [00:04<00:01,  8.44it/s, Saved at =inf, TrLoss=0.1601]
 Training FV-otc-s9-t4:  84%|████████▍ | 42/50 [00:04<00:00,  8.62it/s, Saved at =inf, TrLoss=0.1601]
 Training FV-otc-s9-t4:  84%|████████▍ | 42/50 [00:04<00:00,  8.62it/s, Saved at =inf, TrLoss=0.1556]
 Training FV-otc-s9-t4:  84%|████████▍ | 42/50 [00:04<00:00,  8.62it/s, Saved at =inf, TrLoss=0.1546]
 Training FV-otc-s9-t4:  88%|████████▊ | 44/50 [00:04<00:00,  9.29it/s, Saved at =inf, TrLoss=0.1546]
 Training FV-otc-s9-t4:  88%|████████▊ | 44/50 [00:05<00:00,  9.29it/s, Saved at =inf, TrLoss=0.1470]
 Training FV-otc-s9-t4:  88%|████████▊ | 44/50 [00:05<00:00,  9.29it/s, Saved at =inf, TrLoss=0.1463]
 Training FV-otc-s9-t4:  92%|█████████▏| 46/50 [00:05<00:00,  9.56it/s, Saved at =inf, TrLoss=0.1463]
 Training FV-otc-s9-t4:  92%|█████████▏| 46/50 [00:05<00:00,  9.56it/s, Saved at =inf, TrLoss=0.1489]
 Training FV-otc-s9-t4:  94%|█████████▍| 47/50 [00:05<00:00,  9.35it/s, Saved at =inf, TrLoss=0.1489]
 Training FV-otc-s9-t4:  94%|█████████▍| 47/50 [00:05<00:00,  9.35it/s, Saved at =inf, TrLoss=0.1443]
 Training FV-otc-s9-t4:  96%|█████████▌| 48/50 [00:05<00:00,  9.43it/s, Saved at =inf, TrLoss=0.1443]
 Training FV-otc-s9-t4:  96%|█████████▌| 48/50 [00:05<00:00,  9.43it/s, Saved at =inf, TrLoss=0.1548]
 Training FV-otc-s9-t4:  98%|█████████▊| 49/50 [00:05<00:00,  9.52it/s, Saved at =inf, TrLoss=0.1548]
 Training FV-otc-s9-t4:  98%|█████████▊| 49/50 [00:05<00:00,  9.52it/s, Saved at =inf, TrLoss=0.1359]
 Training FV-otc-s9-t4: 100%|██████████| 50/50 [00:05<00:00,  9.59it/s, Saved at =inf, TrLoss=0.1359]
 Training FV-otc-s9-t4: 100%|██████████| 50/50 [00:05<00:00,  8.97it/s, Saved at =inf, TrLoss=0.1359]

 Training FV-otc-s9-t5:   0%|          | 0/50 [00:00<?, ?it/s]
 Training FV-otc-s9-t5:   0%|          | 0/50 [00:00<?, ?it/s, Saved at =inf, TrLoss=0.6990]
 Training FV-otc-s9-t5:   2%|▏         | 1/50 [00:00<00:06,  7.89it/s, Saved at =inf, TrLoss=0.6990]
 Training FV-otc-s9-t5:   2%|▏         | 1/50 [00:00<00:06,  7.89it/s, Saved at =inf, TrLoss=0.5640]
 Training FV-otc-s9-t5:   4%|▍         | 2/50 [00:00<00:06,  7.79it/s, Saved at =inf, TrLoss=0.5640]
 Training FV-otc-s9-t5:   4%|▍         | 2/50 [00:00<00:06,  7.79it/s, Saved at =inf, TrLoss=0.5247]
 Training FV-otc-s9-t5:   6%|▌         | 3/50 [00:00<00:06,  7.75it/s, Saved at =inf, TrLoss=0.5247]
 Training FV-otc-s9-t5:   6%|▌         | 3/50 [00:00<00:06,  7.75it/s, Saved at =inf, TrLoss=0.4393]
 Training FV-otc-s9-t5:   8%|▊         | 4/50 [00:00<00:05,  7.80it/s, Saved at =inf, TrLoss=0.4393]
 Training FV-otc-s9-t5:   8%|▊         | 4/50 [00:00<00:05,  7.80it/s, Saved at =inf, TrLoss=0.4574]
 Training FV-otc-s9-t5:  10%|█         | 5/50 [00:00<00:05,  7.80it/s, Saved at =inf, TrLoss=0.4574]
 Training FV-otc-s9-t5:  10%|█         | 5/50 [00:00<00:05,  7.80it/s, Saved at =inf, TrLoss=0.4001]
 Training FV-otc-s9-t5:  12%|█▏        | 6/50 [00:00<00:05,  7.79it/s, Saved at =inf, TrLoss=0.4001]
 Training FV-otc-s9-t5:  12%|█▏        | 6/50 [00:00<00:05,  7.79it/s, Saved at =inf, TrLoss=0.3850]
 Training FV-otc-s9-t5:  14%|█▍        | 7/50 [00:00<00:05,  7.85it/s, Saved at =inf, TrLoss=0.3850]
 Training FV-otc-s9-t5:  14%|█▍        | 7/50 [00:00<00:05,  7.85it/s, Saved at =inf, TrLoss=0.3466]
 Training FV-otc-s9-t5:  16%|█▌        | 8/50 [00:01<00:05,  7.80it/s, Saved at =inf, TrLoss=0.3466]
 Training FV-otc-s9-t5:  16%|█▌        | 8/50 [00:01<00:05,  7.80it/s, Saved at =inf, TrLoss=0.3216]
 Training FV-otc-s9-t5:  18%|█▊        | 9/50 [00:01<00:05,  7.47it/s, Saved at =inf, TrLoss=0.3216]
 Training FV-otc-s9-t5:  18%|█▊        | 9/50 [00:01<00:05,  7.47it/s, Saved at =inf, TrLoss=0.3273]
 Training FV-otc-s9-t5:  20%|██        | 10/50 [00:01<00:05,  6.76it/s, Saved at =inf, TrLoss=0.3273]
 Training FV-otc-s9-t5:  20%|██        | 10/50 [00:01<00:05,  6.76it/s, Saved at =inf, TrLoss=0.2965]
 Training FV-otc-s9-t5:  22%|██▏       | 11/50 [00:01<00:05,  6.68it/s, Saved at =inf, TrLoss=0.2965]
 Training FV-otc-s9-t5:  22%|██▏       | 11/50 [00:01<00:05,  6.68it/s, Saved at =inf, TrLoss=0.3005]
 Training FV-otc-s9-t5:  24%|██▍       | 12/50 [00:01<00:05,  6.43it/s, Saved at =inf, TrLoss=0.3005]
 Training FV-otc-s9-t5:  24%|██▍       | 12/50 [00:01<00:05,  6.43it/s, Saved at =inf, TrLoss=0.2747]
 Training FV-otc-s9-t5:  26%|██▌       | 13/50 [00:01<00:05,  6.75it/s, Saved at =inf, TrLoss=0.2747]
 Training FV-otc-s9-t5:  26%|██▌       | 13/50 [00:01<00:05,  6.75it/s, Saved at =inf, TrLoss=0.2908]
 Training FV-otc-s9-t5:  28%|██▊       | 14/50 [00:01<00:05,  6.84it/s, Saved at =inf, TrLoss=0.2908]
 Training FV-otc-s9-t5:  28%|██▊       | 14/50 [00:02<00:05,  6.84it/s, Saved at =inf, TrLoss=0.2584]
 Training FV-otc-s9-t5:  30%|███       | 15/50 [00:02<00:04,  7.12it/s, Saved at =inf, TrLoss=0.2584]
 Training FV-otc-s9-t5:  30%|███       | 15/50 [00:02<00:04,  7.12it/s, Saved at =inf, TrLoss=0.2751]
 Training FV-otc-s9-t5:  32%|███▏      | 16/50 [00:02<00:04,  7.39it/s, Saved at =inf, TrLoss=0.2751]
 Training FV-otc-s9-t5:  32%|███▏      | 16/50 [00:02<00:04,  7.39it/s, Saved at =inf, TrLoss=0.2493]
 Training FV-otc-s9-t5:  34%|███▍      | 17/50 [00:02<00:04,  7.56it/s, Saved at =inf, TrLoss=0.2493]
 Training FV-otc-s9-t5:  34%|███▍      | 17/50 [00:02<00:04,  7.56it/s, Saved at =inf, TrLoss=0.2520]
 Training FV-otc-s9-t5:  36%|███▌      | 18/50 [00:02<00:04,  7.61it/s, Saved at =inf, TrLoss=0.2520]
 Training FV-otc-s9-t5:  36%|███▌      | 18/50 [00:02<00:04,  7.61it/s, Saved at =inf, TrLoss=0.2416]
 Training FV-otc-s9-t5:  38%|███▊      | 19/50 [00:02<00:04,  7.68it/s, Saved at =inf, TrLoss=0.2416]
 Training FV-otc-s9-t5:  38%|███▊      | 19/50 [00:02<00:04,  7.68it/s, Saved at =inf, TrLoss=0.2357]
 Training FV-otc-s9-t5:  40%|████      | 20/50 [00:02<00:03,  7.67it/s, Saved at =inf, TrLoss=0.2357]
 Training FV-otc-s9-t5:  40%|████      | 20/50 [00:02<00:03,  7.67it/s, Saved at =inf, TrLoss=0.2387]
 Training FV-otc-s9-t5:  42%|████▏     | 21/50 [00:02<00:03,  7.59it/s, Saved at =inf, TrLoss=0.2387]
 Training FV-otc-s9-t5:  42%|████▏     | 21/50 [00:02<00:03,  7.59it/s, Saved at =inf, TrLoss=0.2137]
 Training FV-otc-s9-t5:  44%|████▍     | 22/50 [00:02<00:03,  7.56it/s, Saved at =inf, TrLoss=0.2137]
 Training FV-otc-s9-t5:  44%|████▍     | 22/50 [00:03<00:03,  7.56it/s, Saved at =inf, TrLoss=0.2370]
 Training FV-otc-s9-t5:  46%|████▌     | 23/50 [00:03<00:03,  7.74it/s, Saved at =inf, TrLoss=0.2370]
 Training FV-otc-s9-t5:  46%|████▌     | 23/50 [00:03<00:03,  7.74it/s, Saved at =inf, TrLoss=0.2186]
 Training FV-otc-s9-t5:  48%|████▊     | 24/50 [00:03<00:04,  6.25it/s, Saved at =inf, TrLoss=0.2186]
 Training FV-otc-s9-t5:  48%|████▊     | 24/50 [00:03<00:04,  6.25it/s, Saved at =inf, TrLoss=0.2132]
 Training FV-otc-s9-t5:  50%|█████     | 25/50 [00:03<00:03,  6.72it/s, Saved at =inf, TrLoss=0.2132]
 Training FV-otc-s9-t5:  50%|█████     | 25/50 [00:03<00:03,  6.72it/s, Saved at =inf, TrLoss=0.2117]
 Training FV-otc-s9-t5:  52%|█████▏    | 26/50 [00:03<00:03,  7.01it/s, Saved at =inf, TrLoss=0.2117]
 Training FV-otc-s9-t5:  52%|█████▏    | 26/50 [00:03<00:03,  7.01it/s, Saved at =inf, TrLoss=0.2078]
 Training FV-otc-s9-t5:  54%|█████▍    | 27/50 [00:03<00:03,  7.22it/s, Saved at =inf, TrLoss=0.2078]
 Training FV-otc-s9-t5:  54%|█████▍    | 27/50 [00:03<00:03,  7.22it/s, Saved at =inf, TrLoss=0.2093]
 Training FV-otc-s9-t5:  56%|█████▌    | 28/50 [00:03<00:03,  7.26it/s, Saved at =inf, TrLoss=0.2093]
 Training FV-otc-s9-t5:  56%|█████▌    | 28/50 [00:03<00:03,  7.26it/s, Saved at =inf, TrLoss=0.2072]
 Training FV-otc-s9-t5:  58%|█████▊    | 29/50 [00:03<00:02,  7.33it/s, Saved at =inf, TrLoss=0.2072]
 Training FV-otc-s9-t5:  58%|█████▊    | 29/50 [00:04<00:02,  7.33it/s, Saved at =inf, TrLoss=0.1998]
 Training FV-otc-s9-t5:  60%|██████    | 30/50 [00:04<00:02,  7.06it/s, Saved at =inf, TrLoss=0.1998]
 Training FV-otc-s9-t5:  60%|██████    | 30/50 [00:04<00:02,  7.06it/s, Saved at =inf, TrLoss=0.1933]
 Training FV-otc-s9-t5:  62%|██████▏   | 31/50 [00:04<00:02,  6.42it/s, Saved at =inf, TrLoss=0.1933]
 Training FV-otc-s9-t5:  62%|██████▏   | 31/50 [00:04<00:02,  6.42it/s, Saved at =inf, TrLoss=0.2000]
 Training FV-otc-s9-t5:  64%|██████▍   | 32/50 [00:04<00:02,  6.87it/s, Saved at =inf, TrLoss=0.2000]
 Training FV-otc-s9-t5:  64%|██████▍   | 32/50 [00:04<00:02,  6.87it/s, Saved at =inf, TrLoss=0.1879]
 Training FV-otc-s9-t5:  66%|██████▌   | 33/50 [00:04<00:02,  6.94it/s, Saved at =inf, TrLoss=0.1879]
 Training FV-otc-s9-t5:  66%|██████▌   | 33/50 [00:04<00:02,  6.94it/s, Saved at =inf, TrLoss=0.1959]
 Training FV-otc-s9-t5:  68%|██████▊   | 34/50 [00:04<00:02,  6.94it/s, Saved at =inf, TrLoss=0.1959]
 Training FV-otc-s9-t5:  68%|██████▊   | 34/50 [00:04<00:02,  6.94it/s, Saved at =inf, TrLoss=0.1702]
 Training FV-otc-s9-t5:  70%|███████   | 35/50 [00:04<00:02,  7.09it/s, Saved at =inf, TrLoss=0.1702]
 Training FV-otc-s9-t5:  70%|███████   | 35/50 [00:04<00:02,  7.09it/s, Saved at =inf, TrLoss=0.1804]
 Training FV-otc-s9-t5:  72%|███████▏  | 36/50 [00:04<00:01,  7.23it/s, Saved at =inf, TrLoss=0.1804]
 Training FV-otc-s9-t5:  72%|███████▏  | 36/50 [00:05<00:01,  7.23it/s, Saved at =inf, TrLoss=0.1723]
 Training FV-otc-s9-t5:  74%|███████▍  | 37/50 [00:05<00:01,  6.92it/s, Saved at =inf, TrLoss=0.1723]
 Training FV-otc-s9-t5:  74%|███████▍  | 37/50 [00:05<00:01,  6.92it/s, Saved at =inf, TrLoss=0.1815]
 Training FV-otc-s9-t5:  76%|███████▌  | 38/50 [00:05<00:01,  6.81it/s, Saved at =inf, TrLoss=0.1815]
 Training FV-otc-s9-t5:  76%|███████▌  | 38/50 [00:05<00:01,  6.81it/s, Saved at =inf, TrLoss=0.1681]
 Training FV-otc-s9-t5:  78%|███████▊  | 39/50 [00:05<00:01,  7.13it/s, Saved at =inf, TrLoss=0.1681]
 Training FV-otc-s9-t5:  78%|███████▊  | 39/50 [00:05<00:01,  7.13it/s, Saved at =inf, TrLoss=0.1679]
 Training FV-otc-s9-t5:  80%|████████  | 40/50 [00:05<00:01,  7.37it/s, Saved at =inf, TrLoss=0.1679]
 Training FV-otc-s9-t5:  80%|████████  | 40/50 [00:05<00:01,  7.37it/s, Saved at =inf, TrLoss=0.1697]
 Training FV-otc-s9-t5:  82%|████████▏ | 41/50 [00:05<00:01,  7.32it/s, Saved at =inf, TrLoss=0.1697]
 Training FV-otc-s9-t5:  82%|████████▏ | 41/50 [00:05<00:01,  7.32it/s, Saved at =inf, TrLoss=0.1666]
 Training FV-otc-s9-t5:  84%|████████▍ | 42/50 [00:05<00:01,  7.19it/s, Saved at =inf, TrLoss=0.1666]
 Training FV-otc-s9-t5:  84%|████████▍ | 42/50 [00:05<00:01,  7.19it/s, Saved at =inf, TrLoss=0.1697]
 Training FV-otc-s9-t5:  86%|████████▌ | 43/50 [00:05<00:00,  7.01it/s, Saved at =inf, TrLoss=0.1697]
 Training FV-otc-s9-t5:  86%|████████▌ | 43/50 [00:06<00:00,  7.01it/s, Saved at =inf, TrLoss=0.1623]
 Training FV-otc-s9-t5:  88%|████████▊ | 44/50 [00:06<00:00,  6.89it/s, Saved at =inf, TrLoss=0.1623]
 Training FV-otc-s9-t5:  88%|████████▊ | 44/50 [00:06<00:00,  6.89it/s, Saved at =inf, TrLoss=0.1629]
 Training FV-otc-s9-t5:  90%|█████████ | 45/50 [00:06<00:00,  7.19it/s, Saved at =inf, TrLoss=0.1629]
 Training FV-otc-s9-t5:  90%|█████████ | 45/50 [00:06<00:00,  7.19it/s, Saved at =inf, TrLoss=0.1597]
 Training FV-otc-s9-t5:  92%|█████████▏| 46/50 [00:06<00:00,  7.49it/s, Saved at =inf, TrLoss=0.1597]
 Training FV-otc-s9-t5:  92%|█████████▏| 46/50 [00:06<00:00,  7.49it/s, Saved at =inf, TrLoss=0.1669]
 Training FV-otc-s9-t5:  94%|█████████▍| 47/50 [00:06<00:00,  7.58it/s, Saved at =inf, TrLoss=0.1669]
 Training FV-otc-s9-t5:  94%|█████████▍| 47/50 [00:06<00:00,  7.58it/s, Saved at =inf, TrLoss=0.1531]
 Training FV-otc-s9-t5:  96%|█████████▌| 48/50 [00:06<00:00,  7.65it/s, Saved at =inf, TrLoss=0.1531]
 Training FV-otc-s9-t5:  96%|█████████▌| 48/50 [00:06<00:00,  7.65it/s, Saved at =inf, TrLoss=0.1627]
 Training FV-otc-s9-t5:  98%|█████████▊| 49/50 [00:06<00:00,  7.66it/s, Saved at =inf, TrLoss=0.1627]
 Training FV-otc-s9-t5:  98%|█████████▊| 49/50 [00:06<00:00,  7.66it/s, Saved at =inf, TrLoss=0.1495]
 Training FV-otc-s9-t5: 100%|██████████| 50/50 [00:06<00:00,  7.66it/s, Saved at =inf, TrLoss=0.1495]
 Training FV-otc-s9-t5: 100%|██████████| 50/50 [00:06<00:00,  7.24it/s, Saved at =inf, TrLoss=0.1495]

 Training FV-otc-s9-t6:   0%|          | 0/50 [00:00<?, ?it/s]
 Training FV-otc-s9-t6:   0%|          | 0/50 [00:00<?, ?it/s, Saved at =inf, TrLoss=0.7141]
 Training FV-otc-s9-t6:   2%|▏         | 1/50 [00:00<00:09,  5.16it/s, Saved at =inf, TrLoss=0.7141]
 Training FV-otc-s9-t6:   2%|▏         | 1/50 [00:00<00:09,  5.16it/s, Saved at =inf, TrLoss=0.5020]
 Training FV-otc-s9-t6:   4%|▍         | 2/50 [00:00<00:09,  5.24it/s, Saved at =inf, TrLoss=0.5020]
 Training FV-otc-s9-t6:   4%|▍         | 2/50 [00:00<00:09,  5.24it/s, Saved at =inf, TrLoss=0.8639]
 Training FV-otc-s9-t6:   6%|▌         | 3/50 [00:00<00:09,  5.02it/s, Saved at =inf, TrLoss=0.8639]
 Training FV-otc-s9-t6:   6%|▌         | 3/50 [00:00<00:09,  5.02it/s, Saved at =inf, TrLoss=0.4454]
 Training FV-otc-s9-t6:   8%|▊         | 4/50 [00:00<00:08,  5.61it/s, Saved at =inf, TrLoss=0.4454]
 Training FV-otc-s9-t6:   8%|▊         | 4/50 [00:00<00:08,  5.61it/s, Saved at =inf, TrLoss=0.4751]
 Training FV-otc-s9-t6:  10%|█         | 5/50 [00:00<00:07,  6.02it/s, Saved at =inf, TrLoss=0.4751]
 Training FV-otc-s9-t6:  10%|█         | 5/50 [00:01<00:07,  6.02it/s, Saved at =inf, TrLoss=0.4652]
 Training FV-otc-s9-t6:  12%|█▏        | 6/50 [00:01<00:07,  5.76it/s, Saved at =inf, TrLoss=0.4652]
 Training FV-otc-s9-t6:  12%|█▏        | 6/50 [00:01<00:07,  5.76it/s, Saved at =inf, TrLoss=0.4112]
 Training FV-otc-s9-t6:  14%|█▍        | 7/50 [00:01<00:07,  5.87it/s, Saved at =inf, TrLoss=0.4112]
 Training FV-otc-s9-t6:  14%|█▍        | 7/50 [00:01<00:07,  5.87it/s, Saved at =inf, TrLoss=0.4011]
 Training FV-otc-s9-t6:  16%|█▌        | 8/50 [00:01<00:06,  6.06it/s, Saved at =inf, TrLoss=0.4011]
 Training FV-otc-s9-t6:  16%|█▌        | 8/50 [00:01<00:06,  6.06it/s, Saved at =inf, TrLoss=0.4112]
 Training FV-otc-s9-t6:  18%|█▊        | 9/50 [00:01<00:06,  6.12it/s, Saved at =inf, TrLoss=0.4112]
 Training FV-otc-s9-t6:  18%|█▊        | 9/50 [00:01<00:06,  6.12it/s, Saved at =inf, TrLoss=0.3777]
 Training FV-otc-s9-t6:  20%|██        | 10/50 [00:01<00:06,  6.25it/s, Saved at =inf, TrLoss=0.3777]
 Training FV-otc-s9-t6:  20%|██        | 10/50 [00:01<00:06,  6.25it/s, Saved at =inf, TrLoss=0.3481]
 Training FV-otc-s9-t6:  22%|██▏       | 11/50 [00:01<00:06,  6.12it/s, Saved at =inf, TrLoss=0.3481]
 Training FV-otc-s9-t6:  22%|██▏       | 11/50 [00:01<00:06,  6.12it/s, Saved at =inf, TrLoss=0.3460]
 Training FV-otc-s9-t6:  24%|██▍       | 12/50 [00:02<00:06,  6.12it/s, Saved at =inf, TrLoss=0.3460]
 Training FV-otc-s9-t6:  24%|██▍       | 12/50 [00:02<00:06,  6.12it/s, Saved at =inf, TrLoss=0.3367]
 Training FV-otc-s9-t6:  26%|██▌       | 13/50 [00:02<00:05,  6.26it/s, Saved at =inf, TrLoss=0.3367]
 Training FV-otc-s9-t6:  26%|██▌       | 13/50 [00:02<00:05,  6.26it/s, Saved at =inf, TrLoss=0.3012]
 Training FV-otc-s9-t6:  28%|██▊       | 14/50 [00:02<00:06,  5.75it/s, Saved at =inf, TrLoss=0.3012]
 Training FV-otc-s9-t6:  28%|██▊       | 14/50 [00:02<00:06,  5.75it/s, Saved at =inf, TrLoss=0.3100]
 Training FV-otc-s9-t6:  30%|███       | 15/50 [00:02<00:06,  5.63it/s, Saved at =inf, TrLoss=0.3100]
 Training FV-otc-s9-t6:  30%|███       | 15/50 [00:02<00:06,  5.63it/s, Saved at =inf, TrLoss=0.2940]
 Training FV-otc-s9-t6:  32%|███▏      | 16/50 [00:02<00:05,  5.74it/s, Saved at =inf, TrLoss=0.2940]
 Training FV-otc-s9-t6:  32%|███▏      | 16/50 [00:02<00:05,  5.74it/s, Saved at =inf, TrLoss=0.2803]
 Training FV-otc-s9-t6:  34%|███▍      | 17/50 [00:02<00:05,  5.72it/s, Saved at =inf, TrLoss=0.2803]
 Training FV-otc-s9-t6:  34%|███▍      | 17/50 [00:03<00:05,  5.72it/s, Saved at =inf, TrLoss=0.2871]
 Training FV-otc-s9-t6:  36%|███▌      | 18/50 [00:03<00:05,  5.95it/s, Saved at =inf, TrLoss=0.2871]
 Training FV-otc-s9-t6:  36%|███▌      | 18/50 [00:03<00:05,  5.95it/s, Saved at =inf, TrLoss=0.2588]
 Training FV-otc-s9-t6:  38%|███▊      | 19/50 [00:03<00:05,  6.05it/s, Saved at =inf, TrLoss=0.2588]
 Training FV-otc-s9-t6:  38%|███▊      | 19/50 [00:03<00:05,  6.05it/s, Saved at =inf, TrLoss=0.2737]
 Training FV-otc-s9-t6:  40%|████      | 20/50 [00:03<00:05,  5.80it/s, Saved at =inf, TrLoss=0.2737]
 Training FV-otc-s9-t6:  40%|████      | 20/50 [00:03<00:05,  5.80it/s, Saved at =inf, TrLoss=0.2455]
 Training FV-otc-s9-t6:  42%|████▏     | 21/50 [00:03<00:04,  5.92it/s, Saved at =inf, TrLoss=0.2455]
 Training FV-otc-s9-t6:  42%|████▏     | 21/50 [00:03<00:04,  5.92it/s, Saved at =inf, TrLoss=0.2496]
 Training FV-otc-s9-t6:  44%|████▍     | 22/50 [00:03<00:04,  6.11it/s, Saved at =inf, TrLoss=0.2496]
 Training FV-otc-s9-t6:  44%|████▍     | 22/50 [00:03<00:04,  6.11it/s, Saved at =inf, TrLoss=0.2472]
 Training FV-otc-s9-t6:  46%|████▌     | 23/50 [00:03<00:04,  6.21it/s, Saved at =inf, TrLoss=0.2472]
 Training FV-otc-s9-t6:  46%|████▌     | 23/50 [00:04<00:04,  6.21it/s, Saved at =inf, TrLoss=0.2354]
 Training FV-otc-s9-t6:  48%|████▊     | 24/50 [00:04<00:05,  4.92it/s, Saved at =inf, TrLoss=0.2354]
 Training FV-otc-s9-t6:  48%|████▊     | 24/50 [00:04<00:05,  4.92it/s, Saved at =inf, TrLoss=0.2408]
 Training FV-otc-s9-t6:  50%|█████     | 25/50 [00:04<00:04,  5.28it/s, Saved at =inf, TrLoss=0.2408]
 Training FV-otc-s9-t6:  50%|█████     | 25/50 [00:04<00:04,  5.28it/s, Saved at =inf, TrLoss=0.2323]
 Training FV-otc-s9-t6:  52%|█████▏    | 26/50 [00:04<00:04,  5.64it/s, Saved at =inf, TrLoss=0.2323]
 Training FV-otc-s9-t6:  52%|█████▏    | 26/50 [00:04<00:04,  5.64it/s, Saved at =inf, TrLoss=0.2423]
 Training FV-otc-s9-t6:  54%|█████▍    | 27/50 [00:04<00:03,  5.91it/s, Saved at =inf, TrLoss=0.2423]
 Training FV-otc-s9-t6:  54%|█████▍    | 27/50 [00:04<00:03,  5.91it/s, Saved at =inf, TrLoss=0.2203]
 Training FV-otc-s9-t6:  56%|█████▌    | 28/50 [00:04<00:03,  6.09it/s, Saved at =inf, TrLoss=0.2203]
 Training FV-otc-s9-t6:  56%|█████▌    | 28/50 [00:04<00:03,  6.09it/s, Saved at =inf, TrLoss=0.2418]
 Training FV-otc-s9-t6:  58%|█████▊    | 29/50 [00:04<00:03,  6.13it/s, Saved at =inf, TrLoss=0.2418]
 Training FV-otc-s9-t6:  58%|█████▊    | 29/50 [00:05<00:03,  6.13it/s, Saved at =inf, TrLoss=0.2158]
 Training FV-otc-s9-t6:  60%|██████    | 30/50 [00:05<00:03,  6.32it/s, Saved at =inf, TrLoss=0.2158]
 Training FV-otc-s9-t6:  60%|██████    | 30/50 [00:05<00:03,  6.32it/s, Saved at =inf, TrLoss=0.2324]
 Training FV-otc-s9-t6:  62%|██████▏   | 31/50 [00:05<00:02,  6.44it/s, Saved at =inf, TrLoss=0.2324]
 Training FV-otc-s9-t6:  62%|██████▏   | 31/50 [00:05<00:02,  6.44it/s, Saved at =inf, TrLoss=0.2129]
 Training FV-otc-s9-t6:  64%|██████▍   | 32/50 [00:05<00:03,  5.96it/s, Saved at =inf, TrLoss=0.2129]
 Training FV-otc-s9-t6:  64%|██████▍   | 32/50 [00:05<00:03,  5.96it/s, Saved at =inf, TrLoss=0.2186]
 Training FV-otc-s9-t6:  66%|██████▌   | 33/50 [00:05<00:02,  5.92it/s, Saved at =inf, TrLoss=0.2186]
 Training FV-otc-s9-t6:  66%|██████▌   | 33/50 [00:05<00:02,  5.92it/s, Saved at =inf, TrLoss=0.2134]
 Training FV-otc-s9-t6:  68%|██████▊   | 34/50 [00:05<00:02,  6.07it/s, Saved at =inf, TrLoss=0.2134]
 Training FV-otc-s9-t6:  68%|██████▊   | 34/50 [00:05<00:02,  6.07it/s, Saved at =inf, TrLoss=0.1999]
 Training FV-otc-s9-t6:  70%|███████   | 35/50 [00:05<00:02,  6.16it/s, Saved at =inf, TrLoss=0.1999]
 Training FV-otc-s9-t6:  70%|███████   | 35/50 [00:06<00:02,  6.16it/s, Saved at =inf, TrLoss=0.2048]
 Training FV-otc-s9-t6:  72%|███████▏  | 36/50 [00:06<00:02,  6.26it/s, Saved at =inf, TrLoss=0.2048]
 Training FV-otc-s9-t6:  72%|███████▏  | 36/50 [00:06<00:02,  6.26it/s, Saved at =inf, TrLoss=0.2023]
 Training FV-otc-s9-t6:  74%|███████▍  | 37/50 [00:06<00:02,  6.34it/s, Saved at =inf, TrLoss=0.2023]
 Training FV-otc-s9-t6:  74%|███████▍  | 37/50 [00:06<00:02,  6.34it/s, Saved at =inf, TrLoss=0.2038]
 Training FV-otc-s9-t6:  76%|███████▌  | 38/50 [00:06<00:01,  6.24it/s, Saved at =inf, TrLoss=0.2038]
 Training FV-otc-s9-t6:  76%|███████▌  | 38/50 [00:06<00:01,  6.24it/s, Saved at =inf, TrLoss=0.1971]
 Training FV-otc-s9-t6:  78%|███████▊  | 39/50 [00:06<00:01,  6.03it/s, Saved at =inf, TrLoss=0.1971]
 Training FV-otc-s9-t6:  78%|███████▊  | 39/50 [00:06<00:01,  6.03it/s, Saved at =inf, TrLoss=0.1952]
 Training FV-otc-s9-t6:  80%|████████  | 40/50 [00:06<00:01,  6.27it/s, Saved at =inf, TrLoss=0.1952]
 Training FV-otc-s9-t6:  80%|████████  | 40/50 [00:06<00:01,  6.27it/s, Saved at =inf, TrLoss=0.1953]
 Training FV-otc-s9-t6:  82%|████████▏ | 41/50 [00:06<00:01,  6.38it/s, Saved at =inf, TrLoss=0.1953]
 Training FV-otc-s9-t6:  82%|████████▏ | 41/50 [00:07<00:01,  6.38it/s, Saved at =inf, TrLoss=0.1961]
 Training FV-otc-s9-t6:  84%|████████▍ | 42/50 [00:07<00:01,  6.16it/s, Saved at =inf, TrLoss=0.1961]
 Training FV-otc-s9-t6:  84%|████████▍ | 42/50 [00:07<00:01,  6.16it/s, Saved at =inf, TrLoss=0.1882]
 Training FV-otc-s9-t6:  86%|████████▌ | 43/50 [00:07<00:01,  5.47it/s, Saved at =inf, TrLoss=0.1882]
 Training FV-otc-s9-t6:  86%|████████▌ | 43/50 [00:07<00:01,  5.47it/s, Saved at =inf, TrLoss=0.1872]
 Training FV-otc-s9-t6:  88%|████████▊ | 44/50 [00:07<00:01,  5.71it/s, Saved at =inf, TrLoss=0.1872]
 Training FV-otc-s9-t6:  88%|████████▊ | 44/50 [00:07<00:01,  5.71it/s, Saved at =inf, TrLoss=0.1853]
 Training FV-otc-s9-t6:  90%|█████████ | 45/50 [00:07<00:00,  5.62it/s, Saved at =inf, TrLoss=0.1853]
 Training FV-otc-s9-t6:  90%|█████████ | 45/50 [00:07<00:00,  5.62it/s, Saved at =inf, TrLoss=0.1896]
 Training FV-otc-s9-t6:  92%|█████████▏| 46/50 [00:07<00:00,  5.93it/s, Saved at =inf, TrLoss=0.1896]
 Training FV-otc-s9-t6:  92%|█████████▏| 46/50 [00:07<00:00,  5.93it/s, Saved at =inf, TrLoss=0.1815]
 Training FV-otc-s9-t6:  94%|█████████▍| 47/50 [00:07<00:00,  6.00it/s, Saved at =inf, TrLoss=0.1815]
 Training FV-otc-s9-t6:  94%|█████████▍| 47/50 [00:08<00:00,  6.00it/s, Saved at =inf, TrLoss=0.1831]
 Training FV-otc-s9-t6:  96%|█████████▌| 48/50 [00:08<00:00,  6.03it/s, Saved at =inf, TrLoss=0.1831]
 Training FV-otc-s9-t6:  96%|█████████▌| 48/50 [00:08<00:00,  6.03it/s, Saved at =inf, TrLoss=0.1848]
 Training FV-otc-s9-t6:  98%|█████████▊| 49/50 [00:08<00:00,  6.03it/s, Saved at =inf, TrLoss=0.1848]
 Training FV-otc-s9-t6:  98%|█████████▊| 49/50 [00:08<00:00,  6.03it/s, Saved at =inf, TrLoss=0.1772]
 Training FV-otc-s9-t6: 100%|██████████| 50/50 [00:08<00:00,  5.39it/s, Saved at =inf, TrLoss=0.1772]
 Training FV-otc-s9-t6: 100%|██████████| 50/50 [00:08<00:00,  5.88it/s, Saved at =inf, TrLoss=0.1772]

 Training FV-otc-s9-t7:   0%|          | 0/50 [00:00<?, ?it/s]
 Training FV-otc-s9-t7:   0%|          | 0/50 [00:00<?, ?it/s, Saved at =inf, TrLoss=0.7756]
 Training FV-otc-s9-t7:   2%|▏         | 1/50 [00:00<00:20,  2.44it/s, Saved at =inf, TrLoss=0.7756]
 Training FV-otc-s9-t7:   2%|▏         | 1/50 [00:00<00:20,  2.44it/s, Saved at =inf, TrLoss=0.7385]
 Training FV-otc-s9-t7:   4%|▍         | 2/50 [00:00<00:15,  3.02it/s, Saved at =inf, TrLoss=0.7385]
 Training FV-otc-s9-t7:   4%|▍         | 2/50 [00:00<00:15,  3.02it/s, Saved at =inf, TrLoss=0.6066]
 Training FV-otc-s9-t7:   6%|▌         | 3/50 [00:00<00:14,  3.34it/s, Saved at =inf, TrLoss=0.6066]
 Training FV-otc-s9-t7:   6%|▌         | 3/50 [00:01<00:14,  3.34it/s, Saved at =inf, TrLoss=0.5834]
 Training FV-otc-s9-t7:   8%|▊         | 4/50 [00:01<00:13,  3.37it/s, Saved at =inf, TrLoss=0.5834]
 Training FV-otc-s9-t7:   8%|▊         | 4/50 [00:01<00:13,  3.37it/s, Saved at =inf, TrLoss=0.5457]
 Training FV-otc-s9-t7:  10%|█         | 5/50 [00:01<00:12,  3.72it/s, Saved at =inf, TrLoss=0.5457]
 Training FV-otc-s9-t7:  10%|█         | 5/50 [00:01<00:12,  3.72it/s, Saved at =inf, TrLoss=0.5020]
 Training FV-otc-s9-t7:  12%|█▏        | 6/50 [00:01<00:11,  3.82it/s, Saved at =inf, TrLoss=0.5020]
 Training FV-otc-s9-t7:  12%|█▏        | 6/50 [00:01<00:11,  3.82it/s, Saved at =inf, TrLoss=0.4543]
 Training FV-otc-s9-t7:  14%|█▍        | 7/50 [00:02<00:12,  3.50it/s, Saved at =inf, TrLoss=0.4543]
 Training FV-otc-s9-t7:  14%|█▍        | 7/50 [00:02<00:12,  3.50it/s, Saved at =inf, TrLoss=0.4317]
 Training FV-otc-s9-t7:  16%|█▌        | 8/50 [00:02<00:12,  3.32it/s, Saved at =inf, TrLoss=0.4317]
 Training FV-otc-s9-t7:  16%|█▌        | 8/50 [00:02<00:12,  3.32it/s, Saved at =inf, TrLoss=0.3733]
 Training FV-otc-s9-t7:  18%|█▊        | 9/50 [00:02<00:11,  3.46it/s, Saved at =inf, TrLoss=0.3733]
 Training FV-otc-s9-t7:  18%|█▊        | 9/50 [00:02<00:11,  3.46it/s, Saved at =inf, TrLoss=0.3458]
 Training FV-otc-s9-t7:  20%|██        | 10/50 [00:02<00:11,  3.48it/s, Saved at =inf, TrLoss=0.3458]
 Training FV-otc-s9-t7:  20%|██        | 10/50 [00:03<00:11,  3.48it/s, Saved at =inf, TrLoss=0.3395]
 Training FV-otc-s9-t7:  22%|██▏       | 11/50 [00:03<00:11,  3.42it/s, Saved at =inf, TrLoss=0.3395]
 Training FV-otc-s9-t7:  22%|██▏       | 11/50 [00:03<00:11,  3.42it/s, Saved at =inf, TrLoss=0.3434]
 Training FV-otc-s9-t7:  24%|██▍       | 12/50 [00:03<00:10,  3.53it/s, Saved at =inf, TrLoss=0.3434]
 Training FV-otc-s9-t7:  24%|██▍       | 12/50 [00:03<00:10,  3.53it/s, Saved at =inf, TrLoss=0.3307]
 Training FV-otc-s9-t7:  26%|██▌       | 13/50 [00:03<00:11,  3.29it/s, Saved at =inf, TrLoss=0.3307]
 Training FV-otc-s9-t7:  26%|██▌       | 13/50 [00:04<00:11,  3.29it/s, Saved at =inf, TrLoss=0.2883]
 Training FV-otc-s9-t7:  28%|██▊       | 14/50 [00:04<00:11,  3.10it/s, Saved at =inf, TrLoss=0.2883]
 Training FV-otc-s9-t7:  28%|██▊       | 14/50 [00:04<00:11,  3.10it/s, Saved at =inf, TrLoss=0.3013]
 Training FV-otc-s9-t7:  30%|███       | 15/50 [00:04<00:11,  3.10it/s, Saved at =inf, TrLoss=0.3013]
 Training FV-otc-s9-t7:  30%|███       | 15/50 [00:04<00:11,  3.10it/s, Saved at =inf, TrLoss=0.2737]
 Training FV-otc-s9-t7:  32%|███▏      | 16/50 [00:04<00:10,  3.24it/s, Saved at =inf, TrLoss=0.2737]
 Training FV-otc-s9-t7:  32%|███▏      | 16/50 [00:04<00:10,  3.24it/s, Saved at =inf, TrLoss=0.2777]
 Training FV-otc-s9-t7:  34%|███▍      | 17/50 [00:05<00:09,  3.41it/s, Saved at =inf, TrLoss=0.2777]
 Training FV-otc-s9-t7:  34%|███▍      | 17/50 [00:05<00:09,  3.41it/s, Saved at =inf, TrLoss=0.2649]
 Training FV-otc-s9-t7:  36%|███▌      | 18/50 [00:05<00:09,  3.42it/s, Saved at =inf, TrLoss=0.2649]
 Training FV-otc-s9-t7:  36%|███▌      | 18/50 [00:05<00:09,  3.42it/s, Saved at =inf, TrLoss=0.2629]
 Training FV-otc-s9-t7:  38%|███▊      | 19/50 [00:05<00:10,  2.91it/s, Saved at =inf, TrLoss=0.2629]
 Training FV-otc-s9-t7:  38%|███▊      | 19/50 [00:06<00:10,  2.91it/s, Saved at =inf, TrLoss=0.2604]
 Training FV-otc-s9-t7:  40%|████      | 20/50 [00:06<00:09,  3.08it/s, Saved at =inf, TrLoss=0.2604]
 Training FV-otc-s9-t7:  40%|████      | 20/50 [00:06<00:09,  3.08it/s, Saved at =inf, TrLoss=0.2564]
 Training FV-otc-s9-t7:  42%|████▏     | 21/50 [00:06<00:08,  3.46it/s, Saved at =inf, TrLoss=0.2564]
 Training FV-otc-s9-t7:  42%|████▏     | 21/50 [00:06<00:08,  3.46it/s, Saved at =inf, TrLoss=0.2422]
 Training FV-otc-s9-t7:  44%|████▍     | 22/50 [00:06<00:08,  3.12it/s, Saved at =inf, TrLoss=0.2422]
 Training FV-otc-s9-t7:  44%|████▍     | 22/50 [00:06<00:08,  3.12it/s, Saved at =inf, TrLoss=0.2478]
 Training FV-otc-s9-t7:  46%|████▌     | 23/50 [00:07<00:08,  3.04it/s, Saved at =inf, TrLoss=0.2478]
 Training FV-otc-s9-t7:  46%|████▌     | 23/50 [00:07<00:08,  3.04it/s, Saved at =inf, TrLoss=0.2312]
 Training FV-otc-s9-t7:  48%|████▊     | 24/50 [00:07<00:08,  3.11it/s, Saved at =inf, TrLoss=0.2312]
 Training FV-otc-s9-t7:  48%|████▊     | 24/50 [00:07<00:08,  3.11it/s, Saved at =inf, TrLoss=0.2479]
 Training FV-otc-s9-t7:  50%|█████     | 25/50 [00:07<00:08,  3.11it/s, Saved at =inf, TrLoss=0.2479]
 Training FV-otc-s9-t7:  50%|█████     | 25/50 [00:07<00:08,  3.11it/s, Saved at =inf, TrLoss=0.2314]
 Training FV-otc-s9-t7:  52%|█████▏    | 26/50 [00:07<00:07,  3.30it/s, Saved at =inf, TrLoss=0.2314]
 Training FV-otc-s9-t7:  52%|█████▏    | 26/50 [00:08<00:07,  3.30it/s, Saved at =inf, TrLoss=0.2442]
 Training FV-otc-s9-t7:  54%|█████▍    | 27/50 [00:08<00:06,  3.41it/s, Saved at =inf, TrLoss=0.2442]
 Training FV-otc-s9-t7:  54%|█████▍    | 27/50 [00:08<00:06,  3.41it/s, Saved at =inf, TrLoss=0.2235]
 Training FV-otc-s9-t7:  56%|█████▌    | 28/50 [00:08<00:07,  2.98it/s, Saved at =inf, TrLoss=0.2235]
 Training FV-otc-s9-t7:  56%|█████▌    | 28/50 [00:08<00:07,  2.98it/s, Saved at =inf, TrLoss=0.2433]
 Training FV-otc-s9-t7:  58%|█████▊    | 29/50 [00:08<00:07,  2.94it/s, Saved at =inf, TrLoss=0.2433]
 Training FV-otc-s9-t7:  58%|█████▊    | 29/50 [00:09<00:07,  2.94it/s, Saved at =inf, TrLoss=0.2248]
 Training FV-otc-s9-t7:  60%|██████    | 30/50 [00:09<00:06,  3.04it/s, Saved at =inf, TrLoss=0.2248]
 Training FV-otc-s9-t7:  60%|██████    | 30/50 [00:09<00:06,  3.04it/s, Saved at =inf, TrLoss=0.2266]
 Training FV-otc-s9-t7:  62%|██████▏   | 31/50 [00:09<00:05,  3.19it/s, Saved at =inf, TrLoss=0.2266]
 Training FV-otc-s9-t7:  62%|██████▏   | 31/50 [00:09<00:05,  3.19it/s, Saved at =inf, TrLoss=0.2216]
 Training FV-otc-s9-t7:  64%|██████▍   | 32/50 [00:09<00:05,  3.19it/s, Saved at =inf, TrLoss=0.2216]
 Training FV-otc-s9-t7:  64%|██████▍   | 32/50 [00:10<00:05,  3.19it/s, Saved at =inf, TrLoss=0.2178]
 Training FV-otc-s9-t7:  66%|██████▌   | 33/50 [00:10<00:05,  3.02it/s, Saved at =inf, TrLoss=0.2178]
 Training FV-otc-s9-t7:  66%|██████▌   | 33/50 [00:10<00:05,  3.02it/s, Saved at =inf, TrLoss=0.2202]
 Training FV-otc-s9-t7:  68%|██████▊   | 34/50 [00:10<00:04,  3.40it/s, Saved at =inf, TrLoss=0.2202]
 Training FV-otc-s9-t7:  68%|██████▊   | 34/50 [00:10<00:04,  3.40it/s, Saved at =inf, TrLoss=0.2090]
 Training FV-otc-s9-t7:  70%|███████   | 35/50 [00:10<00:04,  3.68it/s, Saved at =inf, TrLoss=0.2090]
 Training FV-otc-s9-t7:  70%|███████   | 35/50 [00:10<00:04,  3.68it/s, Saved at =inf, TrLoss=0.2130]
 Training FV-otc-s9-t7:  72%|███████▏  | 36/50 [00:10<00:03,  3.77it/s, Saved at =inf, TrLoss=0.2130]
 Training FV-otc-s9-t7:  72%|███████▏  | 36/50 [00:11<00:03,  3.77it/s, Saved at =inf, TrLoss=0.2101]
 Training FV-otc-s9-t7:  74%|███████▍  | 37/50 [00:11<00:03,  3.72it/s, Saved at =inf, TrLoss=0.2101]
 Training FV-otc-s9-t7:  74%|███████▍  | 37/50 [00:11<00:03,  3.72it/s, Saved at =inf, TrLoss=0.2173]
 Training FV-otc-s9-t7:  76%|███████▌  | 38/50 [00:11<00:03,  3.68it/s, Saved at =inf, TrLoss=0.2173]
 Training FV-otc-s9-t7:  76%|███████▌  | 38/50 [00:11<00:03,  3.68it/s, Saved at =inf, TrLoss=0.2030]
 Training FV-otc-s9-t7:  78%|███████▊  | 39/50 [00:11<00:03,  3.64it/s, Saved at =inf, TrLoss=0.2030]
 Training FV-otc-s9-t7:  78%|███████▊  | 39/50 [00:11<00:03,  3.64it/s, Saved at =inf, TrLoss=0.2099]
 Training FV-otc-s9-t7:  80%|████████  | 40/50 [00:12<00:02,  3.49it/s, Saved at =inf, TrLoss=0.2099]
 Training FV-otc-s9-t7:  80%|████████  | 40/50 [00:12<00:02,  3.49it/s, Saved at =inf, TrLoss=0.2006]
 Training FV-otc-s9-t7:  82%|████████▏ | 41/50 [00:12<00:02,  3.56it/s, Saved at =inf, TrLoss=0.2006]
 Training FV-otc-s9-t7:  82%|████████▏ | 41/50 [00:12<00:02,  3.56it/s, Saved at =inf, TrLoss=0.2042]
 Training FV-otc-s9-t7:  84%|████████▍ | 42/50 [00:12<00:02,  3.83it/s, Saved at =inf, TrLoss=0.2042]
 Training FV-otc-s9-t7:  84%|████████▍ | 42/50 [00:12<00:02,  3.83it/s, Saved at =inf, TrLoss=0.1936]
 Training FV-otc-s9-t7:  86%|████████▌ | 43/50 [00:12<00:01,  3.73it/s, Saved at =inf, TrLoss=0.1936]
 Training FV-otc-s9-t7:  86%|████████▌ | 43/50 [00:13<00:01,  3.73it/s, Saved at =inf, TrLoss=0.2035]
 Training FV-otc-s9-t7:  88%|████████▊ | 44/50 [00:13<00:01,  3.42it/s, Saved at =inf, TrLoss=0.2035]
 Training FV-otc-s9-t7:  88%|████████▊ | 44/50 [00:13<00:01,  3.42it/s, Saved at =inf, TrLoss=0.1953]
 Training FV-otc-s9-t7:  90%|█████████ | 45/50 [00:13<00:01,  3.51it/s, Saved at =inf, TrLoss=0.1953]
 Training FV-otc-s9-t7:  90%|█████████ | 45/50 [00:13<00:01,  3.51it/s, Saved at =inf, TrLoss=0.1991]
 Training FV-otc-s9-t7:  92%|█████████▏| 46/50 [00:13<00:01,  3.41it/s, Saved at =inf, TrLoss=0.1991]
 Training FV-otc-s9-t7:  92%|█████████▏| 46/50 [00:14<00:01,  3.41it/s, Saved at =inf, TrLoss=0.1901]
 Training FV-otc-s9-t7:  94%|█████████▍| 47/50 [00:14<00:00,  3.15it/s, Saved at =inf, TrLoss=0.1901]
 Training FV-otc-s9-t7:  94%|█████████▍| 47/50 [00:14<00:00,  3.15it/s, Saved at =inf, TrLoss=0.1911]
 Training FV-otc-s9-t7:  96%|█████████▌| 48/50 [00:14<00:00,  3.23it/s, Saved at =inf, TrLoss=0.1911]
 Training FV-otc-s9-t7:  96%|█████████▌| 48/50 [00:14<00:00,  3.23it/s, Saved at =inf, TrLoss=0.1905]
 Training FV-otc-s9-t7:  98%|█████████▊| 49/50 [00:14<00:00,  3.20it/s, Saved at =inf, TrLoss=0.1905]
 Training FV-otc-s9-t7:  98%|█████████▊| 49/50 [00:14<00:00,  3.20it/s, Saved at =inf, TrLoss=0.1871]
 Training FV-otc-s9-t7: 100%|██████████| 50/50 [00:15<00:00,  3.06it/s, Saved at =inf, TrLoss=0.1871]
 Training FV-otc-s9-t7: 100%|██████████| 50/50 [00:15<00:00,  3.31it/s, Saved at =inf, TrLoss=0.1871]

 Training FV-otc-s9-t8:   0%|          | 0/50 [00:00<?, ?it/s]
 Training FV-otc-s9-t8:   0%|          | 0/50 [00:00<?, ?it/s, Saved at =inf, TrLoss=0.7422]
 Training FV-otc-s9-t8:   2%|▏         | 1/50 [00:00<00:16,  3.02it/s, Saved at =inf, TrLoss=0.7422]
 Training FV-otc-s9-t8:   2%|▏         | 1/50 [00:00<00:16,  3.02it/s, Saved at =inf, TrLoss=0.7598]
 Training FV-otc-s9-t8:   4%|▍         | 2/50 [00:00<00:15,  3.02it/s, Saved at =inf, TrLoss=0.7598]
 Training FV-otc-s9-t8:   4%|▍         | 2/50 [00:00<00:15,  3.02it/s, Saved at =inf, TrLoss=0.5924]
 Training FV-otc-s9-t8:   6%|▌         | 3/50 [00:01<00:16,  2.83it/s, Saved at =inf, TrLoss=0.5924]
 Training FV-otc-s9-t8:   6%|▌         | 3/50 [00:01<00:16,  2.83it/s, Saved at =inf, TrLoss=0.5882]
 Training FV-otc-s9-t8:   8%|▊         | 4/50 [00:01<00:15,  2.90it/s, Saved at =inf, TrLoss=0.5882]
 Training FV-otc-s9-t8:   8%|▊         | 4/50 [00:01<00:15,  2.90it/s, Saved at =inf, TrLoss=0.5479]
 Training FV-otc-s9-t8:  10%|█         | 5/50 [00:01<00:15,  2.88it/s, Saved at =inf, TrLoss=0.5479]
 Training FV-otc-s9-t8:  10%|█         | 5/50 [00:01<00:15,  2.88it/s, Saved at =inf, TrLoss=0.5148]
 Training FV-otc-s9-t8:  12%|█▏        | 6/50 [00:01<00:13,  3.15it/s, Saved at =inf, TrLoss=0.5148]
 Training FV-otc-s9-t8:  12%|█▏        | 6/50 [00:02<00:13,  3.15it/s, Saved at =inf, TrLoss=0.4911]
 Training FV-otc-s9-t8:  14%|█▍        | 7/50 [00:02<00:16,  2.55it/s, Saved at =inf, TrLoss=0.4911]
 Training FV-otc-s9-t8:  14%|█▍        | 7/50 [00:02<00:16,  2.55it/s, Saved at =inf, TrLoss=0.4284]
 Training FV-otc-s9-t8:  16%|█▌        | 8/50 [00:02<00:17,  2.43it/s, Saved at =inf, TrLoss=0.4284]
 Training FV-otc-s9-t8:  16%|█▌        | 8/50 [00:03<00:17,  2.43it/s, Saved at =inf, TrLoss=0.3949]
 Training FV-otc-s9-t8:  18%|█▊        | 9/50 [00:03<00:15,  2.69it/s, Saved at =inf, TrLoss=0.3949]
 Training FV-otc-s9-t8:  18%|█▊        | 9/50 [00:03<00:15,  2.69it/s, Saved at =inf, TrLoss=0.3421]
 Training FV-otc-s9-t8:  20%|██        | 10/50 [00:03<00:15,  2.65it/s, Saved at =inf, TrLoss=0.3421]
 Training FV-otc-s9-t8:  20%|██        | 10/50 [00:03<00:15,  2.65it/s, Saved at =inf, TrLoss=0.3548]
 Training FV-otc-s9-t8:  22%|██▏       | 11/50 [00:03<00:14,  2.78it/s, Saved at =inf, TrLoss=0.3548]
 Training FV-otc-s9-t8:  22%|██▏       | 11/50 [00:04<00:14,  2.78it/s, Saved at =inf, TrLoss=0.3773]
 Training FV-otc-s9-t8:  24%|██▍       | 12/50 [00:04<00:12,  3.03it/s, Saved at =inf, TrLoss=0.3773]
 Training FV-otc-s9-t8:  24%|██▍       | 12/50 [00:04<00:12,  3.03it/s, Saved at =inf, TrLoss=0.3221]
 Training FV-otc-s9-t8:  26%|██▌       | 13/50 [00:04<00:11,  3.24it/s, Saved at =inf, TrLoss=0.3221]
 Training FV-otc-s9-t8:  26%|██▌       | 13/50 [00:04<00:11,  3.24it/s, Saved at =inf, TrLoss=0.3363]
 Training FV-otc-s9-t8:  28%|██▊       | 14/50 [00:04<00:10,  3.29it/s, Saved at =inf, TrLoss=0.3363]
 Training FV-otc-s9-t8:  28%|██▊       | 14/50 [00:04<00:10,  3.29it/s, Saved at =inf, TrLoss=0.3133]
 Training FV-otc-s9-t8:  30%|███       | 15/50 [00:05<00:10,  3.31it/s, Saved at =inf, TrLoss=0.3133]
 Training FV-otc-s9-t8:  30%|███       | 15/50 [00:05<00:10,  3.31it/s, Saved at =inf, TrLoss=0.3293]
 Training FV-otc-s9-t8:  32%|███▏      | 16/50 [00:05<00:11,  2.91it/s, Saved at =inf, TrLoss=0.3293]
 Training FV-otc-s9-t8:  32%|███▏      | 16/50 [00:05<00:11,  2.91it/s, Saved at =inf, TrLoss=0.2978]
 Training FV-otc-s9-t8:  34%|███▍      | 17/50 [00:05<00:10,  3.13it/s, Saved at =inf, TrLoss=0.2978]
 Training FV-otc-s9-t8:  34%|███▍      | 17/50 [00:06<00:10,  3.13it/s, Saved at =inf, TrLoss=0.3064]
 Training FV-otc-s9-t8:  36%|███▌      | 18/50 [00:06<00:11,  2.79it/s, Saved at =inf, TrLoss=0.3064]
 Training FV-otc-s9-t8:  36%|███▌      | 18/50 [00:06<00:11,  2.79it/s, Saved at =inf, TrLoss=0.2891]
 Training FV-otc-s9-t8:  38%|███▊      | 19/50 [00:06<00:11,  2.77it/s, Saved at =inf, TrLoss=0.2891]
 Training FV-otc-s9-t8:  38%|███▊      | 19/50 [00:06<00:11,  2.77it/s, Saved at =inf, TrLoss=0.2836]
 Training FV-otc-s9-t8:  40%|████      | 20/50 [00:06<00:10,  2.93it/s, Saved at =inf, TrLoss=0.2836]
 Training FV-otc-s9-t8:  40%|████      | 20/50 [00:07<00:10,  2.93it/s, Saved at =inf, TrLoss=0.2893]
 Training FV-otc-s9-t8:  42%|████▏     | 21/50 [00:07<00:09,  3.05it/s, Saved at =inf, TrLoss=0.2893]
 Training FV-otc-s9-t8:  42%|████▏     | 21/50 [00:07<00:09,  3.05it/s, Saved at =inf, TrLoss=0.2772]
 Training FV-otc-s9-t8:  44%|████▍     | 22/50 [00:07<00:08,  3.17it/s, Saved at =inf, TrLoss=0.2772]
 Training FV-otc-s9-t8:  44%|████▍     | 22/50 [00:07<00:08,  3.17it/s, Saved at =inf, TrLoss=0.2758]
 Training FV-otc-s9-t8:  46%|████▌     | 23/50 [00:07<00:07,  3.39it/s, Saved at =inf, TrLoss=0.2758]
 Training FV-otc-s9-t8:  46%|████▌     | 23/50 [00:07<00:07,  3.39it/s, Saved at =inf, TrLoss=0.2691]
 Training FV-otc-s9-t8:  48%|████▊     | 24/50 [00:07<00:07,  3.60it/s, Saved at =inf, TrLoss=0.2691]
 Training FV-otc-s9-t8:  48%|████▊     | 24/50 [00:08<00:07,  3.60it/s, Saved at =inf, TrLoss=0.2644]
 Training FV-otc-s9-t8:  50%|█████     | 25/50 [00:08<00:06,  3.65it/s, Saved at =inf, TrLoss=0.2644]
 Training FV-otc-s9-t8:  50%|█████     | 25/50 [00:08<00:06,  3.65it/s, Saved at =inf, TrLoss=0.2690]
 Training FV-otc-s9-t8:  52%|█████▏    | 26/50 [00:08<00:06,  3.71it/s, Saved at =inf, TrLoss=0.2690]
 Training FV-otc-s9-t8:  52%|█████▏    | 26/50 [00:08<00:06,  3.71it/s, Saved at =inf, TrLoss=0.2681]
 Training FV-otc-s9-t8:  54%|█████▍    | 27/50 [00:08<00:06,  3.56it/s, Saved at =inf, TrLoss=0.2681]
 Training FV-otc-s9-t8:  54%|█████▍    | 27/50 [00:08<00:06,  3.56it/s, Saved at =inf, TrLoss=0.2544]
 Training FV-otc-s9-t8:  56%|█████▌    | 28/50 [00:09<00:06,  3.63it/s, Saved at =inf, TrLoss=0.2544]
 Training FV-otc-s9-t8:  56%|█████▌    | 28/50 [00:09<00:06,  3.63it/s, Saved at =inf, TrLoss=0.2716]
 Training FV-otc-s9-t8:  58%|█████▊    | 29/50 [00:09<00:05,  3.66it/s, Saved at =inf, TrLoss=0.2716]
 Training FV-otc-s9-t8:  58%|█████▊    | 29/50 [00:09<00:05,  3.66it/s, Saved at =inf, TrLoss=0.2504]
 Training FV-otc-s9-t8:  60%|██████    | 30/50 [00:09<00:05,  3.54it/s, Saved at =inf, TrLoss=0.2504]
 Training FV-otc-s9-t8:  60%|██████    | 30/50 [00:09<00:05,  3.54it/s, Saved at =inf, TrLoss=0.2577]
 Training FV-otc-s9-t8:  62%|██████▏   | 31/50 [00:09<00:05,  3.27it/s, Saved at =inf, TrLoss=0.2577]
 Training FV-otc-s9-t8:  62%|██████▏   | 31/50 [00:10<00:05,  3.27it/s, Saved at =inf, TrLoss=0.2507]
 Training FV-otc-s9-t8:  64%|██████▍   | 32/50 [00:10<00:05,  3.04it/s, Saved at =inf, TrLoss=0.2507]
 Training FV-otc-s9-t8:  64%|██████▍   | 32/50 [00:10<00:05,  3.04it/s, Saved at =inf, TrLoss=0.2524]
 Training FV-otc-s9-t8:  66%|██████▌   | 33/50 [00:10<00:05,  3.13it/s, Saved at =inf, TrLoss=0.2524]
 Training FV-otc-s9-t8:  66%|██████▌   | 33/50 [00:10<00:05,  3.13it/s, Saved at =inf, TrLoss=0.2506]
 Training FV-otc-s9-t8:  68%|██████▊   | 34/50 [00:10<00:05,  3.16it/s, Saved at =inf, TrLoss=0.2506]
 Training FV-otc-s9-t8:  68%|██████▊   | 34/50 [00:11<00:05,  3.16it/s, Saved at =inf, TrLoss=0.2369]
 Training FV-otc-s9-t8:  70%|███████   | 35/50 [00:11<00:04,  3.20it/s, Saved at =inf, TrLoss=0.2369]
 Training FV-otc-s9-t8:  70%|███████   | 35/50 [00:11<00:04,  3.20it/s, Saved at =inf, TrLoss=0.2460]
 Training FV-otc-s9-t8:  72%|███████▏  | 36/50 [00:11<00:04,  3.25it/s, Saved at =inf, TrLoss=0.2460]
 Training FV-otc-s9-t8:  72%|███████▏  | 36/50 [00:11<00:04,  3.25it/s, Saved at =inf, TrLoss=0.2387]
 Training FV-otc-s9-t8:  74%|███████▍  | 37/50 [00:12<00:04,  2.94it/s, Saved at =inf, TrLoss=0.2387]
 Training FV-otc-s9-t8:  74%|███████▍  | 37/50 [00:12<00:04,  2.94it/s, Saved at =inf, TrLoss=0.2397]
 Training FV-otc-s9-t8:  76%|███████▌  | 38/50 [00:12<00:04,  2.98it/s, Saved at =inf, TrLoss=0.2397]
 Training FV-otc-s9-t8:  76%|███████▌  | 38/50 [00:12<00:04,  2.98it/s, Saved at =inf, TrLoss=0.2340]
 Training FV-otc-s9-t8:  78%|███████▊  | 39/50 [00:12<00:03,  2.96it/s, Saved at =inf, TrLoss=0.2340]
 Training FV-otc-s9-t8:  78%|███████▊  | 39/50 [00:12<00:03,  2.96it/s, Saved at =inf, TrLoss=0.2336]
 Training FV-otc-s9-t8:  80%|████████  | 40/50 [00:12<00:03,  3.18it/s, Saved at =inf, TrLoss=0.2336]
 Training FV-otc-s9-t8:  80%|████████  | 40/50 [00:13<00:03,  3.18it/s, Saved at =inf, TrLoss=0.2335]
 Training FV-otc-s9-t8:  82%|████████▏ | 41/50 [00:13<00:02,  3.24it/s, Saved at =inf, TrLoss=0.2335]
 Training FV-otc-s9-t8:  82%|████████▏ | 41/50 [00:13<00:02,  3.24it/s, Saved at =inf, TrLoss=0.2292]
 Training FV-otc-s9-t8:  84%|████████▍ | 42/50 [00:13<00:02,  3.32it/s, Saved at =inf, TrLoss=0.2292]
 Training FV-otc-s9-t8:  84%|████████▍ | 42/50 [00:13<00:02,  3.32it/s, Saved at =inf, TrLoss=0.2237]
 Training FV-otc-s9-t8:  86%|████████▌ | 43/50 [00:13<00:02,  3.48it/s, Saved at =inf, TrLoss=0.2237]
 Training FV-otc-s9-t8:  86%|████████▌ | 43/50 [00:13<00:02,  3.48it/s, Saved at =inf, TrLoss=0.2262]
 Training FV-otc-s9-t8:  88%|████████▊ | 44/50 [00:14<00:01,  3.45it/s, Saved at =inf, TrLoss=0.2262]
 Training FV-otc-s9-t8:  88%|████████▊ | 44/50 [00:14<00:01,  3.45it/s, Saved at =inf, TrLoss=0.2233]
 Training FV-otc-s9-t8:  90%|█████████ | 45/50 [00:14<00:01,  3.52it/s, Saved at =inf, TrLoss=0.2233]
 Training FV-otc-s9-t8:  90%|█████████ | 45/50 [00:14<00:01,  3.52it/s, Saved at =inf, TrLoss=0.2200]
 Training FV-otc-s9-t8:  92%|█████████▏| 46/50 [00:14<00:01,  3.58it/s, Saved at =inf, TrLoss=0.2200]
 Training FV-otc-s9-t8:  92%|█████████▏| 46/50 [00:14<00:01,  3.58it/s, Saved at =inf, TrLoss=0.2163]
 Training FV-otc-s9-t8:  94%|█████████▍| 47/50 [00:14<00:00,  3.72it/s, Saved at =inf, TrLoss=0.2163]
 Training FV-otc-s9-t8:  94%|█████████▍| 47/50 [00:15<00:00,  3.72it/s, Saved at =inf, TrLoss=0.2148]
 Training FV-otc-s9-t8:  96%|█████████▌| 48/50 [00:15<00:00,  3.81it/s, Saved at =inf, TrLoss=0.2148]
 Training FV-otc-s9-t8:  96%|█████████▌| 48/50 [00:15<00:00,  3.81it/s, Saved at =inf, TrLoss=0.2171]
 Training FV-otc-s9-t8:  98%|█████████▊| 49/50 [00:15<00:00,  3.75it/s, Saved at =inf, TrLoss=0.2171]
 Training FV-otc-s9-t8:  98%|█████████▊| 49/50 [00:15<00:00,  3.75it/s, Saved at =inf, TrLoss=0.2107]
 Training FV-otc-s9-t8: 100%|██████████| 50/50 [00:15<00:00,  3.86it/s, Saved at =inf, TrLoss=0.2107]
 Training FV-otc-s9-t8: 100%|██████████| 50/50 [00:15<00:00,  3.20it/s, Saved at =inf, TrLoss=0.2107]

 Training FV-otc-s9-t9:   0%|          | 0/50 [00:00<?, ?it/s]
 Training FV-otc-s9-t9:   0%|          | 0/50 [00:00<?, ?it/s, Saved at =inf, TrLoss=0.7149]
 Training FV-otc-s9-t9:   2%|▏         | 1/50 [00:00<00:14,  3.29it/s, Saved at =inf, TrLoss=0.7149]
 Training FV-otc-s9-t9:   2%|▏         | 1/50 [00:00<00:14,  3.29it/s, Saved at =inf, TrLoss=0.6730]
 Training FV-otc-s9-t9:   4%|▍         | 2/50 [00:00<00:14,  3.27it/s, Saved at =inf, TrLoss=0.6730]
 Training FV-otc-s9-t9:   4%|▍         | 2/50 [00:00<00:14,  3.27it/s, Saved at =inf, TrLoss=0.5588]
 Training FV-otc-s9-t9:   6%|▌         | 3/50 [00:00<00:14,  3.29it/s, Saved at =inf, TrLoss=0.5588]
 Training FV-otc-s9-t9:   6%|▌         | 3/50 [00:01<00:14,  3.29it/s, Saved at =inf, TrLoss=0.5311]
 Training FV-otc-s9-t9:   8%|▊         | 4/50 [00:01<00:15,  2.99it/s, Saved at =inf, TrLoss=0.5311]
 Training FV-otc-s9-t9:   8%|▊         | 4/50 [00:01<00:15,  2.99it/s, Saved at =inf, TrLoss=0.4617]
 Training FV-otc-s9-t9:  10%|█         | 5/50 [00:01<00:16,  2.66it/s, Saved at =inf, TrLoss=0.4617]
 Training FV-otc-s9-t9:  10%|█         | 5/50 [00:01<00:16,  2.66it/s, Saved at =inf, TrLoss=0.4041]
 Training FV-otc-s9-t9:  12%|█▏        | 6/50 [00:02<00:15,  2.84it/s, Saved at =inf, TrLoss=0.4041]
 Training FV-otc-s9-t9:  12%|█▏        | 6/50 [00:02<00:15,  2.84it/s, Saved at =inf, TrLoss=0.3793]
 Training FV-otc-s9-t9:  14%|█▍        | 7/50 [00:02<00:13,  3.09it/s, Saved at =inf, TrLoss=0.3793]
 Training FV-otc-s9-t9:  14%|█▍        | 7/50 [00:02<00:13,  3.09it/s, Saved at =inf, TrLoss=0.3464]
 Training FV-otc-s9-t9:  16%|█▌        | 8/50 [00:02<00:14,  2.84it/s, Saved at =inf, TrLoss=0.3464]
 Training FV-otc-s9-t9:  16%|█▌        | 8/50 [00:02<00:14,  2.84it/s, Saved at =inf, TrLoss=0.3479]
 Training FV-otc-s9-t9:  18%|█▊        | 9/50 [00:03<00:13,  3.05it/s, Saved at =inf, TrLoss=0.3479]
 Training FV-otc-s9-t9:  18%|█▊        | 9/50 [00:03<00:13,  3.05it/s, Saved at =inf, TrLoss=0.3065]
 Training FV-otc-s9-t9:  20%|██        | 10/50 [00:03<00:12,  3.31it/s, Saved at =inf, TrLoss=0.3065]
 Training FV-otc-s9-t9:  20%|██        | 10/50 [00:03<00:12,  3.31it/s, Saved at =inf, TrLoss=0.3055]
 Training FV-otc-s9-t9:  22%|██▏       | 11/50 [00:03<00:11,  3.53it/s, Saved at =inf, TrLoss=0.3055]
 Training FV-otc-s9-t9:  22%|██▏       | 11/50 [00:03<00:11,  3.53it/s, Saved at =inf, TrLoss=0.3156]
 Training FV-otc-s9-t9:  24%|██▍       | 12/50 [00:03<00:10,  3.49it/s, Saved at =inf, TrLoss=0.3156]
 Training FV-otc-s9-t9:  24%|██▍       | 12/50 [00:03<00:10,  3.49it/s, Saved at =inf, TrLoss=0.3135]
 Training FV-otc-s9-t9:  26%|██▌       | 13/50 [00:04<00:10,  3.54it/s, Saved at =inf, TrLoss=0.3135]
 Training FV-otc-s9-t9:  26%|██▌       | 13/50 [00:04<00:10,  3.54it/s, Saved at =inf, TrLoss=0.2687]
 Training FV-otc-s9-t9:  28%|██▊       | 14/50 [00:04<00:10,  3.54it/s, Saved at =inf, TrLoss=0.2687]
 Training FV-otc-s9-t9:  28%|██▊       | 14/50 [00:04<00:10,  3.54it/s, Saved at =inf, TrLoss=0.3021]
 Training FV-otc-s9-t9:  30%|███       | 15/50 [00:04<00:09,  3.56it/s, Saved at =inf, TrLoss=0.3021]
 Training FV-otc-s9-t9:  30%|███       | 15/50 [00:04<00:09,  3.56it/s, Saved at =inf, TrLoss=0.2703]
 Training FV-otc-s9-t9:  32%|███▏      | 16/50 [00:04<00:09,  3.49it/s, Saved at =inf, TrLoss=0.2703]
 Training FV-otc-s9-t9:  32%|███▏      | 16/50 [00:05<00:09,  3.49it/s, Saved at =inf, TrLoss=0.2872]
 Training FV-otc-s9-t9:  34%|███▍      | 17/50 [00:05<00:09,  3.44it/s, Saved at =inf, TrLoss=0.2872]
 Training FV-otc-s9-t9:  34%|███▍      | 17/50 [00:05<00:09,  3.44it/s, Saved at =inf, TrLoss=0.2659]
 Training FV-otc-s9-t9:  36%|███▌      | 18/50 [00:05<00:08,  3.65it/s, Saved at =inf, TrLoss=0.2659]
 Training FV-otc-s9-t9:  36%|███▌      | 18/50 [00:05<00:08,  3.65it/s, Saved at =inf, TrLoss=0.2753]
 Training FV-otc-s9-t9:  38%|███▊      | 19/50 [00:05<00:09,  3.25it/s, Saved at =inf, TrLoss=0.2753]
 Training FV-otc-s9-t9:  38%|███▊      | 19/50 [00:06<00:09,  3.25it/s, Saved at =inf, TrLoss=0.2527]
 Training FV-otc-s9-t9:  40%|████      | 20/50 [00:06<00:09,  3.19it/s, Saved at =inf, TrLoss=0.2527]
 Training FV-otc-s9-t9:  40%|████      | 20/50 [00:06<00:09,  3.19it/s, Saved at =inf, TrLoss=0.2669]
 Training FV-otc-s9-t9:  42%|████▏     | 21/50 [00:06<00:09,  3.08it/s, Saved at =inf, TrLoss=0.2669]
 Training FV-otc-s9-t9:  42%|████▏     | 21/50 [00:06<00:09,  3.08it/s, Saved at =inf, TrLoss=0.2511]
 Training FV-otc-s9-t9:  44%|████▍     | 22/50 [00:06<00:09,  3.10it/s, Saved at =inf, TrLoss=0.2511]
 Training FV-otc-s9-t9:  44%|████▍     | 22/50 [00:07<00:09,  3.10it/s, Saved at =inf, TrLoss=0.2579]
 Training FV-otc-s9-t9:  46%|████▌     | 23/50 [00:07<00:08,  3.02it/s, Saved at =inf, TrLoss=0.2579]
 Training FV-otc-s9-t9:  46%|████▌     | 23/50 [00:07<00:08,  3.02it/s, Saved at =inf, TrLoss=0.2487]
 Training FV-otc-s9-t9:  48%|████▊     | 24/50 [00:07<00:09,  2.82it/s, Saved at =inf, TrLoss=0.2487]
 Training FV-otc-s9-t9:  48%|████▊     | 24/50 [00:07<00:09,  2.82it/s, Saved at =inf, TrLoss=0.2458]
 Training FV-otc-s9-t9:  50%|█████     | 25/50 [00:07<00:08,  2.82it/s, Saved at =inf, TrLoss=0.2458]
 Training FV-otc-s9-t9:  50%|█████     | 25/50 [00:08<00:08,  2.82it/s, Saved at =inf, TrLoss=0.2530]
 Training FV-otc-s9-t9:  52%|█████▏    | 26/50 [00:08<00:07,  3.02it/s, Saved at =inf, TrLoss=0.2530]
 Training FV-otc-s9-t9:  52%|█████▏    | 26/50 [00:08<00:07,  3.02it/s, Saved at =inf, TrLoss=0.2493]
 Training FV-otc-s9-t9:  54%|█████▍    | 27/50 [00:08<00:07,  3.22it/s, Saved at =inf, TrLoss=0.2493]
 Training FV-otc-s9-t9:  54%|█████▍    | 27/50 [00:08<00:07,  3.22it/s, Saved at =inf, TrLoss=0.2412]
 Training FV-otc-s9-t9:  56%|█████▌    | 28/50 [00:08<00:06,  3.20it/s, Saved at =inf, TrLoss=0.2412]
 Training FV-otc-s9-t9:  56%|█████▌    | 28/50 [00:09<00:06,  3.20it/s, Saved at =inf, TrLoss=0.2490]
 Training FV-otc-s9-t9:  58%|█████▊    | 29/50 [00:09<00:06,  3.06it/s, Saved at =inf, TrLoss=0.2490]
 Training FV-otc-s9-t9:  58%|█████▊    | 29/50 [00:09<00:06,  3.06it/s, Saved at =inf, TrLoss=0.2313]
 Training FV-otc-s9-t9:  60%|██████    | 30/50 [00:09<00:06,  3.06it/s, Saved at =inf, TrLoss=0.2313]
 Training FV-otc-s9-t9:  60%|██████    | 30/50 [00:09<00:06,  3.06it/s, Saved at =inf, TrLoss=0.2443]
 Training FV-otc-s9-t9:  62%|██████▏   | 31/50 [00:09<00:06,  2.74it/s, Saved at =inf, TrLoss=0.2443]
 Training FV-otc-s9-t9:  62%|██████▏   | 31/50 [00:10<00:06,  2.74it/s, Saved at =inf, TrLoss=0.2303]
 Training FV-otc-s9-t9:  64%|██████▍   | 32/50 [00:10<00:07,  2.55it/s, Saved at =inf, TrLoss=0.2303]
 Training FV-otc-s9-t9:  64%|██████▍   | 32/50 [00:10<00:07,  2.55it/s, Saved at =inf, TrLoss=0.2358]
 Training FV-otc-s9-t9:  66%|██████▌   | 33/50 [00:10<00:06,  2.72it/s, Saved at =inf, TrLoss=0.2358]
 Training FV-otc-s9-t9:  66%|██████▌   | 33/50 [00:10<00:06,  2.72it/s, Saved at =inf, TrLoss=0.2300]
 Training FV-otc-s9-t9:  68%|██████▊   | 34/50 [00:11<00:05,  2.81it/s, Saved at =inf, TrLoss=0.2300]
 Training FV-otc-s9-t9:  68%|██████▊   | 34/50 [00:11<00:05,  2.81it/s, Saved at =inf, TrLoss=0.2204]
 Training FV-otc-s9-t9:  70%|███████   | 35/50 [00:11<00:05,  2.76it/s, Saved at =inf, TrLoss=0.2204]
 Training FV-otc-s9-t9:  70%|███████   | 35/50 [00:11<00:05,  2.76it/s, Saved at =inf, TrLoss=0.2227]
 Training FV-otc-s9-t9:  72%|███████▏  | 36/50 [00:11<00:05,  2.68it/s, Saved at =inf, TrLoss=0.2227]
 Training FV-otc-s9-t9:  72%|███████▏  | 36/50 [00:12<00:05,  2.68it/s, Saved at =inf, TrLoss=0.2169]
 Training FV-otc-s9-t9:  74%|███████▍  | 37/50 [00:12<00:05,  2.54it/s, Saved at =inf, TrLoss=0.2169]
 Training FV-otc-s9-t9:  74%|███████▍  | 37/50 [00:12<00:05,  2.54it/s, Saved at =inf, TrLoss=0.2215]
 Training FV-otc-s9-t9:  76%|███████▌  | 38/50 [00:12<00:04,  2.42it/s, Saved at =inf, TrLoss=0.2215]
 Training FV-otc-s9-t9:  76%|███████▌  | 38/50 [00:13<00:04,  2.42it/s, Saved at =inf, TrLoss=0.2132]
 Training FV-otc-s9-t9:  78%|███████▊  | 39/50 [00:13<00:04,  2.46it/s, Saved at =inf, TrLoss=0.2132]
 Training FV-otc-s9-t9:  78%|███████▊  | 39/50 [00:13<00:04,  2.46it/s, Saved at =inf, TrLoss=0.2133]
 Training FV-otc-s9-t9:  80%|████████  | 40/50 [00:13<00:04,  2.45it/s, Saved at =inf, TrLoss=0.2133]
 Training FV-otc-s9-t9:  80%|████████  | 40/50 [00:13<00:04,  2.45it/s, Saved at =inf, TrLoss=0.2116]
 Training FV-otc-s9-t9:  82%|████████▏ | 41/50 [00:13<00:03,  2.53it/s, Saved at =inf, TrLoss=0.2116]
 Training FV-otc-s9-t9:  82%|████████▏ | 41/50 [00:14<00:03,  2.53it/s, Saved at =inf, TrLoss=0.2110]
 Training FV-otc-s9-t9:  84%|████████▍ | 42/50 [00:14<00:03,  2.38it/s, Saved at =inf, TrLoss=0.2110]
 Training FV-otc-s9-t9:  84%|████████▍ | 42/50 [00:14<00:03,  2.38it/s, Saved at =inf, TrLoss=0.2034]
 Training FV-otc-s9-t9:  86%|████████▌ | 43/50 [00:14<00:03,  2.28it/s, Saved at =inf, TrLoss=0.2034]
 Training FV-otc-s9-t9:  86%|████████▌ | 43/50 [00:15<00:03,  2.28it/s, Saved at =inf, TrLoss=0.2073]
 Training FV-otc-s9-t9:  88%|████████▊ | 44/50 [00:15<00:02,  2.08it/s, Saved at =inf, TrLoss=0.2073]
 Training FV-otc-s9-t9:  88%|████████▊ | 44/50 [00:15<00:02,  2.08it/s, Saved at =inf, TrLoss=0.2023]
 Training FV-otc-s9-t9:  90%|█████████ | 45/50 [00:15<00:02,  2.08it/s, Saved at =inf, TrLoss=0.2023]
 Training FV-otc-s9-t9:  90%|█████████ | 45/50 [00:16<00:02,  2.08it/s, Saved at =inf, TrLoss=0.2028]
 Training FV-otc-s9-t9:  92%|█████████▏| 46/50 [00:16<00:01,  2.18it/s, Saved at =inf, TrLoss=0.2028]
 Training FV-otc-s9-t9:  92%|█████████▏| 46/50 [00:16<00:01,  2.18it/s, Saved at =inf, TrLoss=0.1970]
 Training FV-otc-s9-t9:  94%|█████████▍| 47/50 [00:16<00:01,  2.31it/s, Saved at =inf, TrLoss=0.1970]
 Training FV-otc-s9-t9:  94%|█████████▍| 47/50 [00:16<00:01,  2.31it/s, Saved at =inf, TrLoss=0.1974]
 Training FV-otc-s9-t9:  96%|█████████▌| 48/50 [00:17<00:00,  2.30it/s, Saved at =inf, TrLoss=0.1974]
 Training FV-otc-s9-t9:  96%|█████████▌| 48/50 [00:17<00:00,  2.30it/s, Saved at =inf, TrLoss=0.1989]
 Training FV-otc-s9-t9:  98%|█████████▊| 49/50 [00:17<00:00,  2.30it/s, Saved at =inf, TrLoss=0.1989]
 Training FV-otc-s9-t9:  98%|█████████▊| 49/50 [00:17<00:00,  2.30it/s, Saved at =inf, TrLoss=0.1959]
 Training FV-otc-s9-t9: 100%|██████████| 50/50 [00:17<00:00,  2.31it/s, Saved at =inf, TrLoss=0.1959]
 Training FV-otc-s9-t9: 100%|██████████| 50/50 [00:17<00:00,  2.78it/s, Saved at =inf, TrLoss=0.1959]

 Training ATK-otc-s9-t7:   0%|          | 0/50 [00:00<?, ?it/s]
 Training ATK-otc-s9-t7:   0%|          | 0/50 [00:00<?, ?it/s, Saved at =inf, TrLoss=0.7756]
 Training ATK-otc-s9-t7:   2%|▏         | 1/50 [00:00<00:18,  2.65it/s, Saved at =inf, TrLoss=0.7756]
 Training ATK-otc-s9-t7:   2%|▏         | 1/50 [00:00<00:18,  2.65it/s, Saved at =inf, TrLoss=0.7385]
 Training ATK-otc-s9-t7:   4%|▍         | 2/50 [00:00<00:21,  2.22it/s, Saved at =inf, TrLoss=0.7385]
 Training ATK-otc-s9-t7:   4%|▍         | 2/50 [00:01<00:21,  2.22it/s, Saved at =inf, TrLoss=0.6066]
 Training ATK-otc-s9-t7:   6%|▌         | 3/50 [00:01<00:18,  2.58it/s, Saved at =inf, TrLoss=0.6066]
 Training ATK-otc-s9-t7:   6%|▌         | 3/50 [00:01<00:18,  2.58it/s, Saved at =inf, TrLoss=0.5834]
 Training ATK-otc-s9-t7:   8%|▊         | 4/50 [00:01<00:17,  2.67it/s, Saved at =inf, TrLoss=0.5834]
 Training ATK-otc-s9-t7:   8%|▊         | 4/50 [00:01<00:17,  2.67it/s, Saved at =inf, TrLoss=0.5457]
 Training ATK-otc-s9-t7:  10%|█         | 5/50 [00:01<00:17,  2.53it/s, Saved at =inf, TrLoss=0.5457]
 Training ATK-otc-s9-t7:  10%|█         | 5/50 [00:02<00:17,  2.53it/s, Saved at =inf, TrLoss=0.5020]
 Training ATK-otc-s9-t7:  12%|█▏        | 6/50 [00:02<00:15,  2.78it/s, Saved at =inf, TrLoss=0.5020]
 Training ATK-otc-s9-t7:  12%|█▏        | 6/50 [00:02<00:15,  2.78it/s, Saved at =inf, TrLoss=0.4543]
 Training ATK-otc-s9-t7:  14%|█▍        | 7/50 [00:02<00:15,  2.83it/s, Saved at =inf, TrLoss=0.4543]
 Training ATK-otc-s9-t7:  14%|█▍        | 7/50 [00:02<00:15,  2.83it/s, Saved at =inf, TrLoss=0.4317]
 Training ATK-otc-s9-t7:  16%|█▌        | 8/50 [00:03<00:15,  2.74it/s, Saved at =inf, TrLoss=0.4317]
 Training ATK-otc-s9-t7:  16%|█▌        | 8/50 [00:03<00:15,  2.74it/s, Saved at =inf, TrLoss=0.3733]
 Training ATK-otc-s9-t7:  18%|█▊        | 9/50 [00:03<00:14,  2.79it/s, Saved at =inf, TrLoss=0.3733]
 Training ATK-otc-s9-t7:  18%|█▊        | 9/50 [00:03<00:14,  2.79it/s, Saved at =inf, TrLoss=0.3458]
 Training ATK-otc-s9-t7:  20%|██        | 10/50 [00:03<00:14,  2.78it/s, Saved at =inf, TrLoss=0.3458]
 Training ATK-otc-s9-t7:  20%|██        | 10/50 [00:04<00:14,  2.78it/s, Saved at =inf, TrLoss=0.3395]
 Training ATK-otc-s9-t7:  22%|██▏       | 11/50 [00:04<00:15,  2.50it/s, Saved at =inf, TrLoss=0.3395]
 Training ATK-otc-s9-t7:  22%|██▏       | 11/50 [00:04<00:15,  2.50it/s, Saved at =inf, TrLoss=0.3434]
 Training ATK-otc-s9-t7:  24%|██▍       | 12/50 [00:04<00:16,  2.30it/s, Saved at =inf, TrLoss=0.3434]
 Training ATK-otc-s9-t7:  24%|██▍       | 12/50 [00:04<00:16,  2.30it/s, Saved at =inf, TrLoss=0.3307]
 Training ATK-otc-s9-t7:  26%|██▌       | 13/50 [00:05<00:15,  2.46it/s, Saved at =inf, TrLoss=0.3307]
 Training ATK-otc-s9-t7:  26%|██▌       | 13/50 [00:05<00:15,  2.46it/s, Saved at =inf, TrLoss=0.2883]
 Training ATK-otc-s9-t7:  28%|██▊       | 14/50 [00:05<00:14,  2.52it/s, Saved at =inf, TrLoss=0.2883]
 Training ATK-otc-s9-t7:  28%|██▊       | 14/50 [00:05<00:14,  2.52it/s, Saved at =inf, TrLoss=0.3013]
 Training ATK-otc-s9-t7:  30%|███       | 15/50 [00:05<00:13,  2.53it/s, Saved at =inf, TrLoss=0.3013]
 Training ATK-otc-s9-t7:  30%|███       | 15/50 [00:06<00:13,  2.53it/s, Saved at =inf, TrLoss=0.2737]
 Training ATK-otc-s9-t7:  32%|███▏      | 16/50 [00:06<00:12,  2.67it/s, Saved at =inf, TrLoss=0.2737]
 Training ATK-otc-s9-t7:  32%|███▏      | 16/50 [00:06<00:12,  2.67it/s, Saved at =inf, TrLoss=0.2777]
 Training ATK-otc-s9-t7:  34%|███▍      | 17/50 [00:06<00:12,  2.60it/s, Saved at =inf, TrLoss=0.2777]
 Training ATK-otc-s9-t7:  34%|███▍      | 17/50 [00:06<00:12,  2.60it/s, Saved at =inf, TrLoss=0.2649]
 Training ATK-otc-s9-t7:  36%|███▌      | 18/50 [00:06<00:11,  2.78it/s, Saved at =inf, TrLoss=0.2649]
 Training ATK-otc-s9-t7:  36%|███▌      | 18/50 [00:07<00:11,  2.78it/s, Saved at =inf, TrLoss=0.2629]
 Training ATK-otc-s9-t7:  38%|███▊      | 19/50 [00:07<00:10,  2.85it/s, Saved at =inf, TrLoss=0.2629]
 Training ATK-otc-s9-t7:  38%|███▊      | 19/50 [00:07<00:10,  2.85it/s, Saved at =inf, TrLoss=0.2604]
 Training ATK-otc-s9-t7:  40%|████      | 20/50 [00:07<00:10,  2.81it/s, Saved at =inf, TrLoss=0.2604]
 Training ATK-otc-s9-t7:  40%|████      | 20/50 [00:07<00:10,  2.81it/s, Saved at =inf, TrLoss=0.2564]
 Training ATK-otc-s9-t7:  42%|████▏     | 21/50 [00:07<00:09,  3.03it/s, Saved at =inf, TrLoss=0.2564]
 Training ATK-otc-s9-t7:  42%|████▏     | 21/50 [00:08<00:09,  3.03it/s, Saved at =inf, TrLoss=0.2422]
 Training ATK-otc-s9-t7:  44%|████▍     | 22/50 [00:08<00:08,  3.18it/s, Saved at =inf, TrLoss=0.2422]
 Training ATK-otc-s9-t7:  44%|████▍     | 22/50 [00:08<00:08,  3.18it/s, Saved at =inf, TrLoss=0.2478]
 Training ATK-otc-s9-t7:  46%|████▌     | 23/50 [00:08<00:08,  3.28it/s, Saved at =inf, TrLoss=0.2478]
 Training ATK-otc-s9-t7:  46%|████▌     | 23/50 [00:08<00:08,  3.28it/s, Saved at =inf, TrLoss=0.2312]
 Training ATK-otc-s9-t7:  48%|████▊     | 24/50 [00:08<00:07,  3.69it/s, Saved at =inf, TrLoss=0.2312]
 Training ATK-otc-s9-t7:  48%|████▊     | 24/50 [00:08<00:07,  3.69it/s, Saved at =inf, TrLoss=0.2479]
 Training ATK-otc-s9-t7:  50%|█████     | 25/50 [00:08<00:06,  3.92it/s, Saved at =inf, TrLoss=0.2479]
 Training ATK-otc-s9-t7:  50%|█████     | 25/50 [00:08<00:06,  3.92it/s, Saved at =inf, TrLoss=0.2314]
 Training ATK-otc-s9-t7:  52%|█████▏    | 26/50 [00:09<00:05,  4.08it/s, Saved at =inf, TrLoss=0.2314]
 Training ATK-otc-s9-t7:  52%|█████▏    | 26/50 [00:09<00:05,  4.08it/s, Saved at =inf, TrLoss=0.2442]
 Training ATK-otc-s9-t7:  54%|█████▍    | 27/50 [00:09<00:05,  4.20it/s, Saved at =inf, TrLoss=0.2442]
 Training ATK-otc-s9-t7:  54%|█████▍    | 27/50 [00:09<00:05,  4.20it/s, Saved at =inf, TrLoss=0.2235]
 Training ATK-otc-s9-t7:  56%|█████▌    | 28/50 [00:09<00:04,  4.42it/s, Saved at =inf, TrLoss=0.2235]
 Training ATK-otc-s9-t7:  56%|█████▌    | 28/50 [00:09<00:04,  4.42it/s, Saved at =inf, TrLoss=0.2433]
 Training ATK-otc-s9-t7:  58%|█████▊    | 29/50 [00:09<00:04,  4.71it/s, Saved at =inf, TrLoss=0.2433]
 Training ATK-otc-s9-t7:  58%|█████▊    | 29/50 [00:09<00:04,  4.71it/s, Saved at =inf, TrLoss=0.2248]
 Training ATK-otc-s9-t7:  60%|██████    | 30/50 [00:09<00:04,  4.34it/s, Saved at =inf, TrLoss=0.2248]
 Training ATK-otc-s9-t7:  60%|██████    | 30/50 [00:10<00:04,  4.34it/s, Saved at =inf, TrLoss=0.2266]
 Training ATK-otc-s9-t7:  62%|██████▏   | 31/50 [00:10<00:04,  3.89it/s, Saved at =inf, TrLoss=0.2266]
 Training ATK-otc-s9-t7:  62%|██████▏   | 31/50 [00:10<00:04,  3.89it/s, Saved at =inf, TrLoss=0.2216]
 Training ATK-otc-s9-t7:  64%|██████▍   | 32/50 [00:10<00:04,  4.09it/s, Saved at =inf, TrLoss=0.2216]
 Training ATK-otc-s9-t7:  64%|██████▍   | 32/50 [00:10<00:04,  4.09it/s, Saved at =inf, TrLoss=0.2178]
 Training ATK-otc-s9-t7:  66%|██████▌   | 33/50 [00:10<00:04,  3.63it/s, Saved at =inf, TrLoss=0.2178]
 Training ATK-otc-s9-t7:  66%|██████▌   | 33/50 [00:10<00:04,  3.63it/s, Saved at =inf, TrLoss=0.2202]
 Training ATK-otc-s9-t7:  68%|██████▊   | 34/50 [00:11<00:04,  3.77it/s, Saved at =inf, TrLoss=0.2202]
 Training ATK-otc-s9-t7:  68%|██████▊   | 34/50 [00:11<00:04,  3.77it/s, Saved at =inf, TrLoss=0.2090]
 Training ATK-otc-s9-t7:  70%|███████   | 35/50 [00:11<00:04,  3.51it/s, Saved at =inf, TrLoss=0.2090]
 Training ATK-otc-s9-t7:  70%|███████   | 35/50 [00:11<00:04,  3.51it/s, Saved at =inf, TrLoss=0.2130]
 Training ATK-otc-s9-t7:  72%|███████▏  | 36/50 [00:11<00:03,  3.68it/s, Saved at =inf, TrLoss=0.2130]
 Training ATK-otc-s9-t7:  72%|███████▏  | 36/50 [00:11<00:03,  3.68it/s, Saved at =inf, TrLoss=0.2101]
 Training ATK-otc-s9-t7:  74%|███████▍  | 37/50 [00:11<00:03,  3.79it/s, Saved at =inf, TrLoss=0.2101]
 Training ATK-otc-s9-t7:  74%|███████▍  | 37/50 [00:11<00:03,  3.79it/s, Saved at =inf, TrLoss=0.2173]
 Training ATK-otc-s9-t7:  76%|███████▌  | 38/50 [00:12<00:03,  3.93it/s, Saved at =inf, TrLoss=0.2173]
 Training ATK-otc-s9-t7:  76%|███████▌  | 38/50 [00:12<00:03,  3.93it/s, Saved at =inf, TrLoss=0.2030]
 Training ATK-otc-s9-t7:  78%|███████▊  | 39/50 [00:12<00:02,  4.24it/s, Saved at =inf, TrLoss=0.2030]
 Training ATK-otc-s9-t7:  78%|███████▊  | 39/50 [00:12<00:02,  4.24it/s, Saved at =inf, TrLoss=0.2099]
 Training ATK-otc-s9-t7:  80%|████████  | 40/50 [00:12<00:02,  4.49it/s, Saved at =inf, TrLoss=0.2099]
 Training ATK-otc-s9-t7:  80%|████████  | 40/50 [00:12<00:02,  4.49it/s, Saved at =inf, TrLoss=0.2006]
 Training ATK-otc-s9-t7:  82%|████████▏ | 41/50 [00:12<00:01,  4.66it/s, Saved at =inf, TrLoss=0.2006]
 Training ATK-otc-s9-t7:  82%|████████▏ | 41/50 [00:12<00:01,  4.66it/s, Saved at =inf, TrLoss=0.2042]
 Training ATK-otc-s9-t7:  84%|████████▍ | 42/50 [00:12<00:01,  4.81it/s, Saved at =inf, TrLoss=0.2042]
 Training ATK-otc-s9-t7:  84%|████████▍ | 42/50 [00:12<00:01,  4.81it/s, Saved at =inf, TrLoss=0.1936]
 Training ATK-otc-s9-t7:  86%|████████▌ | 43/50 [00:13<00:01,  4.84it/s, Saved at =inf, TrLoss=0.1936]
 Training ATK-otc-s9-t7:  86%|████████▌ | 43/50 [00:13<00:01,  4.84it/s, Saved at =inf, TrLoss=0.2035]
 Training ATK-otc-s9-t7:  88%|████████▊ | 44/50 [00:13<00:01,  4.74it/s, Saved at =inf, TrLoss=0.2035]
 Training ATK-otc-s9-t7:  88%|████████▊ | 44/50 [00:13<00:01,  4.74it/s, Saved at =inf, TrLoss=0.1953]
 Training ATK-otc-s9-t7:  90%|█████████ | 45/50 [00:13<00:01,  4.70it/s, Saved at =inf, TrLoss=0.1953]
 Training ATK-otc-s9-t7:  90%|█████████ | 45/50 [00:13<00:01,  4.70it/s, Saved at =inf, TrLoss=0.1991]
 Training ATK-otc-s9-t7:  92%|█████████▏| 46/50 [00:13<00:00,  4.86it/s, Saved at =inf, TrLoss=0.1991]
 Training ATK-otc-s9-t7:  92%|█████████▏| 46/50 [00:13<00:00,  4.86it/s, Saved at =inf, TrLoss=0.1901]
 Training ATK-otc-s9-t7:  94%|█████████▍| 47/50 [00:13<00:00,  4.78it/s, Saved at =inf, TrLoss=0.1901]
 Training ATK-otc-s9-t7:  94%|█████████▍| 47/50 [00:14<00:00,  4.78it/s, Saved at =inf, TrLoss=0.1911]
 Training ATK-otc-s9-t7:  96%|█████████▌| 48/50 [00:14<00:00,  4.88it/s, Saved at =inf, TrLoss=0.1911]
 Training ATK-otc-s9-t7:  96%|█████████▌| 48/50 [00:14<00:00,  4.88it/s, Saved at =inf, TrLoss=0.1905]
 Training ATK-otc-s9-t7:  98%|█████████▊| 49/50 [00:14<00:00,  5.01it/s, Saved at =inf, TrLoss=0.1905]
 Training ATK-otc-s9-t7:  98%|█████████▊| 49/50 [00:14<00:00,  5.01it/s, Saved at =inf, TrLoss=0.1871]
 Training ATK-otc-s9-t7: 100%|██████████| 50/50 [00:14<00:00,  5.01it/s, Saved at =inf, TrLoss=0.1871]
 Training ATK-otc-s9-t7: 100%|██████████| 50/50 [00:14<00:00,  3.46it/s, Saved at =inf, TrLoss=0.1871]
[16:07:16]   MCC=0.407±0.095, AUC=0.779±0.076, BAcc=0.687±0.058
[16:12:06]   [otc s9] 500/3269 candidates scanned, 486 eligible
[16:15:01]   [otc s9] 1000/3269 candidates scanned, 953 eligible
[16:17:57]   [otc s9] 1500/3269 candidates scanned, 1413 eligible
[16:20:14]   [otc s9] 2000/3269 candidates scanned, 1766 eligible
[16:22:54]   [otc s9] 2500/3269 candidates scanned, 2193 eligible
[16:25:15]   [otc s9] 3000/3269 candidates scanned, 2569 eligible
[16:26:18]   otc seed 9: n=2738 AUC=0.779 | flip% random total/prop 14.2/7.5 | optimized 28.4/11.5 | 20.6 min
