<ps-env>/lib/python3.10/site-packages/networkx/utils/backends.py:563: RuntimeWarning: Error encountered when loading info for backend cugraph: No module named '_nx_cugraph'
  backend_info.update(_get_backends("networkx.backend_info", load_and_call=True))
[14:59:41] Training GDTE on otc (seed=42)...

 Training FV-otc-s42-t2:   0%|          | 0/50 [00:00<?, ?it/s]
 Training FV-otc-s42-t2:   0%|          | 0/50 [00:00<?, ?it/s, Saved at =inf, TrLoss=0.7166]
 Training FV-otc-s42-t2:   2%|▏         | 1/50 [00:00<00:19,  2.56it/s, Saved at =inf, TrLoss=0.7166]
 Training FV-otc-s42-t2:   2%|▏         | 1/50 [00:00<00:19,  2.56it/s, Saved at =inf, TrLoss=0.5475]
 Training FV-otc-s42-t2:   2%|▏         | 1/50 [00:00<00:19,  2.56it/s, Saved at =inf, TrLoss=0.4565]
 Training FV-otc-s42-t2:   6%|▌         | 3/50 [00:00<00:06,  7.18it/s, Saved at =inf, TrLoss=0.4565]
 Training FV-otc-s42-t2:   6%|▌         | 3/50 [00:00<00:06,  7.18it/s, Saved at =inf, TrLoss=0.4664]
 Training FV-otc-s42-t2:   6%|▌         | 3/50 [00:00<00:06,  7.18it/s, Saved at =inf, TrLoss=0.3041]
 Training FV-otc-s42-t2:   6%|▌         | 3/50 [00:00<00:06,  7.18it/s, Saved at =inf, TrLoss=0.2621]
 Training FV-otc-s42-t2:  12%|█▏        | 6/50 [00:00<00:03, 11.86it/s, Saved at =inf, TrLoss=0.2621]
 Training FV-otc-s42-t2:  12%|█▏        | 6/50 [00:00<00:03, 11.86it/s, Saved at =inf, TrLoss=0.2439]
 Training FV-otc-s42-t2:  12%|█▏        | 6/50 [00:00<00:03, 11.86it/s, Saved at =inf, TrLoss=0.2127]
 Training FV-otc-s42-t2:  12%|█▏        | 6/50 [00:00<00:03, 11.86it/s, Saved at =inf, TrLoss=0.2005]
 Training FV-otc-s42-t2:  18%|█▊        | 9/50 [00:00<00:02, 14.76it/s, Saved at =inf, TrLoss=0.2005]
 Training FV-otc-s42-t2:  18%|█▊        | 9/50 [00:00<00:02, 14.76it/s, Saved at =inf, TrLoss=0.1819]
 Training FV-otc-s42-t2:  18%|█▊        | 9/50 [00:00<00:02, 14.76it/s, Saved at =inf, TrLoss=0.1937]
 Training FV-otc-s42-t2:  18%|█▊        | 9/50 [00:00<00:02, 14.76it/s, Saved at =inf, TrLoss=0.1659]
 Training FV-otc-s42-t2:  24%|██▍       | 12/50 [00:00<00:02, 16.64it/s, Saved at =inf, TrLoss=0.1659]
 Training FV-otc-s42-t2:  24%|██▍       | 12/50 [00:00<00:02, 16.64it/s, Saved at =inf, TrLoss=0.1853]
 Training FV-otc-s42-t2:  24%|██▍       | 12/50 [00:01<00:02, 16.64it/s, Saved at =inf, TrLoss=0.1716]
 Training FV-otc-s42-t2:  24%|██▍       | 12/50 [00:01<00:02, 16.64it/s, Saved at =inf, TrLoss=0.1648]
 Training FV-otc-s42-t2:  30%|███       | 15/50 [00:01<00:01, 17.88it/s, Saved at =inf, TrLoss=0.1648]
 Training FV-otc-s42-t2:  30%|███       | 15/50 [00:01<00:01, 17.88it/s, Saved at =inf, TrLoss=0.1360]
 Training FV-otc-s42-t2:  30%|███       | 15/50 [00:01<00:01, 17.88it/s, Saved at =inf, TrLoss=0.1428]
 Training FV-otc-s42-t2:  30%|███       | 15/50 [00:01<00:01, 17.88it/s, Saved at =inf, TrLoss=0.1449]
 Training FV-otc-s42-t2:  36%|███▌      | 18/50 [00:01<00:01, 18.72it/s, Saved at =inf, TrLoss=0.1449]
 Training FV-otc-s42-t2:  36%|███▌      | 18/50 [00:01<00:01, 18.72it/s, Saved at =inf, TrLoss=0.1301]
 Training FV-otc-s42-t2:  36%|███▌      | 18/50 [00:01<00:01, 18.72it/s, Saved at =inf, TrLoss=0.1274]
 Training FV-otc-s42-t2:  36%|███▌      | 18/50 [00:01<00:01, 18.72it/s, Saved at =inf, TrLoss=0.1132]
 Training FV-otc-s42-t2:  42%|████▏     | 21/50 [00:01<00:01, 19.30it/s, Saved at =inf, TrLoss=0.1132]
 Training FV-otc-s42-t2:  42%|████▏     | 21/50 [00:01<00:01, 19.30it/s, Saved at =inf, TrLoss=0.1381]
 Training FV-otc-s42-t2:  42%|████▏     | 21/50 [00:01<00:01, 19.30it/s, Saved at =inf, TrLoss=0.1426]
 Training FV-otc-s42-t2:  42%|████▏     | 21/50 [00:01<00:01, 19.30it/s, Saved at =inf, TrLoss=0.1545]
 Training FV-otc-s42-t2:  48%|████▊     | 24/50 [00:01<00:01, 19.71it/s, Saved at =inf, TrLoss=0.1545]
 Training FV-otc-s42-t2:  48%|████▊     | 24/50 [00:01<00:01, 19.71it/s, Saved at =inf, TrLoss=0.1197]
 Training FV-otc-s42-t2:  48%|████▊     | 24/50 [00:01<00:01, 19.71it/s, Saved at =inf, TrLoss=0.1561]
 Training FV-otc-s42-t2:  48%|████▊     | 24/50 [00:01<00:01, 19.71it/s, Saved at =inf, TrLoss=0.1100]
 Training FV-otc-s42-t2:  54%|█████▍    | 27/50 [00:01<00:01, 19.97it/s, Saved at =inf, TrLoss=0.1100]
 Training FV-otc-s42-t2:  54%|█████▍    | 27/50 [00:01<00:01, 19.97it/s, Saved at =inf, TrLoss=0.1477]
 Training FV-otc-s42-t2:  54%|█████▍    | 27/50 [00:01<00:01, 19.97it/s, Saved at =inf, TrLoss=0.1211]
 Training FV-otc-s42-t2:  54%|█████▍    | 27/50 [00:01<00:01, 19.97it/s, Saved at =inf, TrLoss=0.1001]
 Training FV-otc-s42-t2:  60%|██████    | 30/50 [00:01<00:00, 20.16it/s, Saved at =inf, TrLoss=0.1001]
 Training FV-otc-s42-t2:  60%|██████    | 30/50 [00:01<00:00, 20.16it/s, Saved at =inf, TrLoss=0.0955]
 Training FV-otc-s42-t2:  60%|██████    | 30/50 [00:01<00:00, 20.16it/s, Saved at =inf, TrLoss=0.0998]
 Training FV-otc-s42-t2:  60%|██████    | 30/50 [00:01<00:00, 20.16it/s, Saved at =inf, TrLoss=0.0999]
 Training FV-otc-s42-t2:  66%|██████▌   | 33/50 [00:01<00:00, 20.29it/s, Saved at =inf, TrLoss=0.0999]
 Training FV-otc-s42-t2:  66%|██████▌   | 33/50 [00:01<00:00, 20.29it/s, Saved at =inf, TrLoss=0.1059]
 Training FV-otc-s42-t2:  66%|██████▌   | 33/50 [00:02<00:00, 20.29it/s, Saved at =inf, TrLoss=0.0818]
 Training FV-otc-s42-t2:  66%|██████▌   | 33/50 [00:02<00:00, 20.29it/s, Saved at =inf, TrLoss=0.0888]
 Training FV-otc-s42-t2:  72%|███████▏  | 36/50 [00:02<00:00, 20.39it/s, Saved at =inf, TrLoss=0.0888]
 Training FV-otc-s42-t2:  72%|███████▏  | 36/50 [00:02<00:00, 20.39it/s, Saved at =inf, TrLoss=0.0775]
 Training FV-otc-s42-t2:  72%|███████▏  | 36/50 [00:02<00:00, 20.39it/s, Saved at =inf, TrLoss=0.0803]
 Training FV-otc-s42-t2:  72%|███████▏  | 36/50 [00:02<00:00, 20.39it/s, Saved at =inf, TrLoss=0.0659]
 Training FV-otc-s42-t2:  78%|███████▊  | 39/50 [00:02<00:00, 20.47it/s, Saved at =inf, TrLoss=0.0659]
 Training FV-otc-s42-t2:  78%|███████▊  | 39/50 [00:02<00:00, 20.47it/s, Saved at =inf, TrLoss=0.0807]
 Training FV-otc-s42-t2:  78%|███████▊  | 39/50 [00:02<00:00, 20.47it/s, Saved at =inf, TrLoss=0.0765]
 Training FV-otc-s42-t2:  78%|███████▊  | 39/50 [00:02<00:00, 20.47it/s, Saved at =inf, TrLoss=0.0715]
 Training FV-otc-s42-t2:  84%|████████▍ | 42/50 [00:02<00:00, 20.51it/s, Saved at =inf, TrLoss=0.0715]
 Training FV-otc-s42-t2:  84%|████████▍ | 42/50 [00:02<00:00, 20.51it/s, Saved at =inf, TrLoss=0.0706]
 Training FV-otc-s42-t2:  84%|████████▍ | 42/50 [00:02<00:00, 20.51it/s, Saved at =inf, TrLoss=0.0752]
 Training FV-otc-s42-t2:  84%|████████▍ | 42/50 [00:02<00:00, 20.51it/s, Saved at =inf, TrLoss=0.0783]
 Training FV-otc-s42-t2:  90%|█████████ | 45/50 [00:02<00:00, 20.57it/s, Saved at =inf, TrLoss=0.0783]
 Training FV-otc-s42-t2:  90%|█████████ | 45/50 [00:02<00:00, 20.57it/s, Saved at =inf, TrLoss=0.0620]
 Training FV-otc-s42-t2:  90%|█████████ | 45/50 [00:02<00:00, 20.57it/s, Saved at =inf, TrLoss=0.0691]
 Training FV-otc-s42-t2:  90%|█████████ | 45/50 [00:02<00:00, 20.57it/s, Saved at =inf, TrLoss=0.0604]
 Training FV-otc-s42-t2:  96%|█████████▌| 48/50 [00:02<00:00, 20.60it/s, Saved at =inf, TrLoss=0.0604]
 Training FV-otc-s42-t2:  96%|█████████▌| 48/50 [00:02<00:00, 20.60it/s, Saved at =inf, TrLoss=0.1090]
 Training FV-otc-s42-t2:  96%|█████████▌| 48/50 [00:02<00:00, 20.60it/s, Saved at =inf, TrLoss=0.0814]
 Training FV-otc-s42-t2: 100%|██████████| 50/50 [00:02<00:00, 18.00it/s, Saved at =inf, TrLoss=0.0814]

 Training FV-otc-s42-t3:   0%|          | 0/50 [00:00<?, ?it/s]
 Training FV-otc-s42-t3:   0%|          | 0/50 [00:00<?, ?it/s, Saved at =inf, TrLoss=0.7878]
 Training FV-otc-s42-t3:   0%|          | 0/50 [00:00<?, ?it/s, Saved at =inf, TrLoss=0.8257]
 Training FV-otc-s42-t3:   4%|▍         | 2/50 [00:00<00:03, 13.99it/s, Saved at =inf, TrLoss=0.8257]
 Training FV-otc-s42-t3:   4%|▍         | 2/50 [00:00<00:03, 13.99it/s, Saved at =inf, TrLoss=0.5418]
 Training FV-otc-s42-t3:   4%|▍         | 2/50 [00:00<00:03, 13.99it/s, Saved at =inf, TrLoss=0.5495]
 Training FV-otc-s42-t3:   8%|▊         | 4/50 [00:00<00:03, 14.40it/s, Saved at =inf, TrLoss=0.5495]
 Training FV-otc-s42-t3:   8%|▊         | 4/50 [00:00<00:03, 14.40it/s, Saved at =inf, TrLoss=0.4595]
 Training FV-otc-s42-t3:   8%|▊         | 4/50 [00:00<00:03, 14.40it/s, Saved at =inf, TrLoss=0.4075]
 Training FV-otc-s42-t3:  12%|█▏        | 6/50 [00:00<00:03, 14.57it/s, Saved at =inf, TrLoss=0.4075]
 Training FV-otc-s42-t3:  12%|█▏        | 6/50 [00:00<00:03, 14.57it/s, Saved at =inf, TrLoss=0.3605]
 Training FV-otc-s42-t3:  12%|█▏        | 6/50 [00:00<00:03, 14.57it/s, Saved at =inf, TrLoss=0.3026]
 Training FV-otc-s42-t3:  16%|█▌        | 8/50 [00:00<00:02, 14.64it/s, Saved at =inf, TrLoss=0.3026]
 Training FV-otc-s42-t3:  16%|█▌        | 8/50 [00:00<00:02, 14.64it/s, Saved at =inf, TrLoss=0.2979]
 Training FV-otc-s42-t3:  16%|█▌        | 8/50 [00:00<00:02, 14.64it/s, Saved at =inf, TrLoss=0.2708]
 Training FV-otc-s42-t3:  20%|██        | 10/50 [00:00<00:02, 14.69it/s, Saved at =inf, TrLoss=0.2708]
 Training FV-otc-s42-t3:  20%|██        | 10/50 [00:00<00:02, 14.69it/s, Saved at =inf, TrLoss=0.2568]
 Training FV-otc-s42-t3:  20%|██        | 10/50 [00:00<00:02, 14.69it/s, Saved at =inf, TrLoss=0.2341]
 Training FV-otc-s42-t3:  24%|██▍       | 12/50 [00:00<00:02, 14.57it/s, Saved at =inf, TrLoss=0.2341]
 Training FV-otc-s42-t3:  24%|██▍       | 12/50 [00:00<00:02, 14.57it/s, Saved at =inf, TrLoss=0.1972]
 Training FV-otc-s42-t3:  24%|██▍       | 12/50 [00:00<00:02, 14.57it/s, Saved at =inf, TrLoss=0.2004]
 Training FV-otc-s42-t3:  28%|██▊       | 14/50 [00:00<00:02, 14.63it/s, Saved at =inf, TrLoss=0.2004]
 Training FV-otc-s42-t3:  28%|██▊       | 14/50 [00:01<00:02, 14.63it/s, Saved at =inf, TrLoss=0.2121]
 Training FV-otc-s42-t3:  28%|██▊       | 14/50 [00:01<00:02, 14.63it/s, Saved at =inf, TrLoss=0.1767]
 Training FV-otc-s42-t3:  32%|███▏      | 16/50 [00:01<00:02, 14.66it/s, Saved at =inf, TrLoss=0.1767]
 Training FV-otc-s42-t3:  32%|███▏      | 16/50 [00:01<00:02, 14.66it/s, Saved at =inf, TrLoss=0.1722]
 Training FV-otc-s42-t3:  32%|███▏      | 16/50 [00:01<00:02, 14.66it/s, Saved at =inf, TrLoss=0.1718]
 Training FV-otc-s42-t3:  36%|███▌      | 18/50 [00:01<00:02, 14.65it/s, Saved at =inf, TrLoss=0.1718]
 Training FV-otc-s42-t3:  36%|███▌      | 18/50 [00:01<00:02, 14.65it/s, Saved at =inf, TrLoss=0.1734]
 Training FV-otc-s42-t3:  36%|███▌      | 18/50 [00:01<00:02, 14.65it/s, Saved at =inf, TrLoss=0.1734]
 Training FV-otc-s42-t3:  40%|████      | 20/50 [00:01<00:02, 14.64it/s, Saved at =inf, TrLoss=0.1734]
 Training FV-otc-s42-t3:  40%|████      | 20/50 [00:01<00:02, 14.64it/s, Saved at =inf, TrLoss=0.1637]
 Training FV-otc-s42-t3:  40%|████      | 20/50 [00:01<00:02, 14.64it/s, Saved at =inf, TrLoss=0.1857]
 Training FV-otc-s42-t3:  44%|████▍     | 22/50 [00:01<00:01, 14.66it/s, Saved at =inf, TrLoss=0.1857]
 Training FV-otc-s42-t3:  44%|████▍     | 22/50 [00:01<00:01, 14.66it/s, Saved at =inf, TrLoss=0.1904]
 Training FV-otc-s42-t3:  44%|████▍     | 22/50 [00:01<00:01, 14.66it/s, Saved at =inf, TrLoss=0.1766]
 Training FV-otc-s42-t3:  48%|████▊     | 24/50 [00:01<00:01, 14.66it/s, Saved at =inf, TrLoss=0.1766]
 Training FV-otc-s42-t3:  48%|████▊     | 24/50 [00:01<00:01, 14.66it/s, Saved at =inf, TrLoss=0.1657]
 Training FV-otc-s42-t3:  48%|████▊     | 24/50 [00:01<00:01, 14.66it/s, Saved at =inf, TrLoss=0.1610]
 Training FV-otc-s42-t3:  52%|█████▏    | 26/50 [00:01<00:01, 14.65it/s, Saved at =inf, TrLoss=0.1610]
 Training FV-otc-s42-t3:  52%|█████▏    | 26/50 [00:01<00:01, 14.65it/s, Saved at =inf, TrLoss=0.1493]
 Training FV-otc-s42-t3:  52%|█████▏    | 26/50 [00:01<00:01, 14.65it/s, Saved at =inf, TrLoss=0.1511]
 Training FV-otc-s42-t3:  56%|█████▌    | 28/50 [00:01<00:01, 14.65it/s, Saved at =inf, TrLoss=0.1511]
 Training FV-otc-s42-t3:  56%|█████▌    | 28/50 [00:01<00:01, 14.65it/s, Saved at =inf, TrLoss=0.1431]
 Training FV-otc-s42-t3:  56%|█████▌    | 28/50 [00:02<00:01, 14.65it/s, Saved at =inf, TrLoss=0.1442]
 Training FV-otc-s42-t3:  60%|██████    | 30/50 [00:02<00:01, 14.66it/s, Saved at =inf, TrLoss=0.1442]
 Training FV-otc-s42-t3:  60%|██████    | 30/50 [00:02<00:01, 14.66it/s, Saved at =inf, TrLoss=0.1567]
 Training FV-otc-s42-t3:  60%|██████    | 30/50 [00:02<00:01, 14.66it/s, Saved at =inf, TrLoss=0.1396]
 Training FV-otc-s42-t3:  64%|██████▍   | 32/50 [00:02<00:01, 14.65it/s, Saved at =inf, TrLoss=0.1396]
 Training FV-otc-s42-t3:  64%|██████▍   | 32/50 [00:02<00:01, 14.65it/s, Saved at =inf, TrLoss=0.1311]
 Training FV-otc-s42-t3:  64%|██████▍   | 32/50 [00:02<00:01, 14.65it/s, Saved at =inf, TrLoss=0.1433]
 Training FV-otc-s42-t3:  68%|██████▊   | 34/50 [00:02<00:01, 14.67it/s, Saved at =inf, TrLoss=0.1433]
 Training FV-otc-s42-t3:  68%|██████▊   | 34/50 [00:02<00:01, 14.67it/s, Saved at =inf, TrLoss=0.1330]
 Training FV-otc-s42-t3:  68%|██████▊   | 34/50 [00:02<00:01, 14.67it/s, Saved at =inf, TrLoss=0.1199]
 Training FV-otc-s42-t3:  72%|███████▏  | 36/50 [00:02<00:00, 14.69it/s, Saved at =inf, TrLoss=0.1199]
 Training FV-otc-s42-t3:  72%|███████▏  | 36/50 [00:02<00:00, 14.69it/s, Saved at =inf, TrLoss=0.1277]
 Training FV-otc-s42-t3:  72%|███████▏  | 36/50 [00:02<00:00, 14.69it/s, Saved at =inf, TrLoss=0.1376]
 Training FV-otc-s42-t3:  76%|███████▌  | 38/50 [00:02<00:00, 14.70it/s, Saved at =inf, TrLoss=0.1376]
 Training FV-otc-s42-t3:  76%|███████▌  | 38/50 [00:02<00:00, 14.70it/s, Saved at =inf, TrLoss=0.1160]
 Training FV-otc-s42-t3:  76%|███████▌  | 38/50 [00:02<00:00, 14.70it/s, Saved at =inf, TrLoss=0.1142]
 Training FV-otc-s42-t3:  80%|████████  | 40/50 [00:02<00:00, 14.70it/s, Saved at =inf, TrLoss=0.1142]
 Training FV-otc-s42-t3:  80%|████████  | 40/50 [00:02<00:00, 14.70it/s, Saved at =inf, TrLoss=0.1374]
 Training FV-otc-s42-t3:  80%|████████  | 40/50 [00:02<00:00, 14.70it/s, Saved at =inf, TrLoss=0.1077]
 Training FV-otc-s42-t3:  84%|████████▍ | 42/50 [00:02<00:00, 14.69it/s, Saved at =inf, TrLoss=0.1077]
 Training FV-otc-s42-t3:  84%|████████▍ | 42/50 [00:02<00:00, 14.69it/s, Saved at =inf, TrLoss=0.1375]
 Training FV-otc-s42-t3:  84%|████████▍ | 42/50 [00:02<00:00, 14.69it/s, Saved at =inf, TrLoss=0.1207]
 Training FV-otc-s42-t3:  88%|████████▊ | 44/50 [00:03<00:00, 14.69it/s, Saved at =inf, TrLoss=0.1207]
 Training FV-otc-s42-t3:  88%|████████▊ | 44/50 [00:03<00:00, 14.69it/s, Saved at =inf, TrLoss=0.1450]
 Training FV-otc-s42-t3:  88%|████████▊ | 44/50 [00:03<00:00, 14.69it/s, Saved at =inf, TrLoss=0.1029]
 Training FV-otc-s42-t3:  92%|█████████▏| 46/50 [00:03<00:00, 14.70it/s, Saved at =inf, TrLoss=0.1029]
 Training FV-otc-s42-t3:  92%|█████████▏| 46/50 [00:03<00:00, 14.70it/s, Saved at =inf, TrLoss=0.1372]
 Training FV-otc-s42-t3:  92%|█████████▏| 46/50 [00:03<00:00, 14.70it/s, Saved at =inf, TrLoss=0.1060]
 Training FV-otc-s42-t3:  96%|█████████▌| 48/50 [00:03<00:00, 14.68it/s, Saved at =inf, TrLoss=0.1060]
 Training FV-otc-s42-t3:  96%|█████████▌| 48/50 [00:03<00:00, 14.68it/s, Saved at =inf, TrLoss=0.1640]
 Training FV-otc-s42-t3:  96%|█████████▌| 48/50 [00:03<00:00, 14.68it/s, Saved at =inf, TrLoss=0.1138]
 Training FV-otc-s42-t3: 100%|██████████| 50/50 [00:03<00:00, 14.65it/s, Saved at =inf, TrLoss=0.1138]
 Training FV-otc-s42-t3: 100%|██████████| 50/50 [00:03<00:00, 14.64it/s, Saved at =inf, TrLoss=0.1138]

 Training FV-otc-s42-t4:   0%|          | 0/50 [00:00<?, ?it/s]
 Training FV-otc-s42-t4:   0%|          | 0/50 [00:00<?, ?it/s, Saved at =inf, TrLoss=0.6963]
 Training FV-otc-s42-t4:   0%|          | 0/50 [00:00<?, ?it/s, Saved at =inf, TrLoss=0.8827]
 Training FV-otc-s42-t4:   4%|▍         | 2/50 [00:00<00:04, 10.73it/s, Saved at =inf, TrLoss=0.8827]
 Training FV-otc-s42-t4:   4%|▍         | 2/50 [00:00<00:04, 10.73it/s, Saved at =inf, TrLoss=0.6009]
 Training FV-otc-s42-t4:   4%|▍         | 2/50 [00:00<00:04, 10.73it/s, Saved at =inf, TrLoss=0.5355]
 Training FV-otc-s42-t4:   8%|▊         | 4/50 [00:00<00:04, 11.08it/s, Saved at =inf, TrLoss=0.5355]
 Training FV-otc-s42-t4:   8%|▊         | 4/50 [00:00<00:04, 11.08it/s, Saved at =inf, TrLoss=0.4425]
 Training FV-otc-s42-t4:   8%|▊         | 4/50 [00:00<00:04, 11.08it/s, Saved at =inf, TrLoss=0.4332]
 Training FV-otc-s42-t4:  12%|█▏        | 6/50 [00:00<00:03, 11.17it/s, Saved at =inf, TrLoss=0.4332]
 Training FV-otc-s42-t4:  12%|█▏        | 6/50 [00:00<00:03, 11.17it/s, Saved at =inf, TrLoss=0.3929]
 Training FV-otc-s42-t4:  12%|█▏        | 6/50 [00:00<00:03, 11.17it/s, Saved at =inf, TrLoss=0.3765]
 Training FV-otc-s42-t4:  16%|█▌        | 8/50 [00:00<00:03, 11.23it/s, Saved at =inf, TrLoss=0.3765]
 Training FV-otc-s42-t4:  16%|█▌        | 8/50 [00:00<00:03, 11.23it/s, Saved at =inf, TrLoss=0.3488]
 Training FV-otc-s42-t4:  16%|█▌        | 8/50 [00:00<00:03, 11.23it/s, Saved at =inf, TrLoss=0.3053]
 Training FV-otc-s42-t4:  20%|██        | 10/50 [00:00<00:03, 11.27it/s, Saved at =inf, TrLoss=0.3053]
 Training FV-otc-s42-t4:  20%|██        | 10/50 [00:00<00:03, 11.27it/s, Saved at =inf, TrLoss=0.2828]
 Training FV-otc-s42-t4:  20%|██        | 10/50 [00:01<00:03, 11.27it/s, Saved at =inf, TrLoss=0.2498]
 Training FV-otc-s42-t4:  24%|██▍       | 12/50 [00:01<00:03, 11.29it/s, Saved at =inf, TrLoss=0.2498]
 Training FV-otc-s42-t4:  24%|██▍       | 12/50 [00:01<00:03, 11.29it/s, Saved at =inf, TrLoss=0.2575]
 Training FV-otc-s42-t4:  24%|██▍       | 12/50 [00:01<00:03, 11.29it/s, Saved at =inf, TrLoss=0.2647]
 Training FV-otc-s42-t4:  28%|██▊       | 14/50 [00:01<00:03, 11.30it/s, Saved at =inf, TrLoss=0.2647]
 Training FV-otc-s42-t4:  28%|██▊       | 14/50 [00:01<00:03, 11.30it/s, Saved at =inf, TrLoss=0.2308]
 Training FV-otc-s42-t4:  28%|██▊       | 14/50 [00:01<00:03, 11.30it/s, Saved at =inf, TrLoss=0.2300]
 Training FV-otc-s42-t4:  32%|███▏      | 16/50 [00:01<00:03, 11.31it/s, Saved at =inf, TrLoss=0.2300]
 Training FV-otc-s42-t4:  32%|███▏      | 16/50 [00:01<00:03, 11.31it/s, Saved at =inf, TrLoss=0.2191]
 Training FV-otc-s42-t4:  32%|███▏      | 16/50 [00:01<00:03, 11.31it/s, Saved at =inf, TrLoss=0.1995]
 Training FV-otc-s42-t4:  36%|███▌      | 18/50 [00:01<00:02, 11.32it/s, Saved at =inf, TrLoss=0.1995]
 Training FV-otc-s42-t4:  36%|███▌      | 18/50 [00:01<00:02, 11.32it/s, Saved at =inf, TrLoss=0.2103]
 Training FV-otc-s42-t4:  36%|███▌      | 18/50 [00:01<00:02, 11.32it/s, Saved at =inf, TrLoss=0.1901]
 Training FV-otc-s42-t4:  40%|████      | 20/50 [00:01<00:02, 11.32it/s, Saved at =inf, TrLoss=0.1901]
 Training FV-otc-s42-t4:  40%|████      | 20/50 [00:01<00:02, 11.32it/s, Saved at =inf, TrLoss=0.1888]
 Training FV-otc-s42-t4:  40%|████      | 20/50 [00:01<00:02, 11.32it/s, Saved at =inf, TrLoss=0.1829]
 Training FV-otc-s42-t4:  44%|████▍     | 22/50 [00:01<00:02, 11.32it/s, Saved at =inf, TrLoss=0.1829]
 Training FV-otc-s42-t4:  44%|████▍     | 22/50 [00:02<00:02, 11.32it/s, Saved at =inf, TrLoss=0.1853]
 Training FV-otc-s42-t4:  44%|████▍     | 22/50 [00:02<00:02, 11.32it/s, Saved at =inf, TrLoss=0.1855]
 Training FV-otc-s42-t4:  48%|████▊     | 24/50 [00:02<00:02, 11.32it/s, Saved at =inf, TrLoss=0.1855]
 Training FV-otc-s42-t4:  48%|████▊     | 24/50 [00:02<00:02, 11.32it/s, Saved at =inf, TrLoss=0.1791]
 Training FV-otc-s42-t4:  48%|████▊     | 24/50 [00:02<00:02, 11.32it/s, Saved at =inf, TrLoss=0.1743]
 Training FV-otc-s42-t4:  52%|█████▏    | 26/50 [00:02<00:02, 11.32it/s, Saved at =inf, TrLoss=0.1743]
 Training FV-otc-s42-t4:  52%|█████▏    | 26/50 [00:02<00:02, 11.32it/s, Saved at =inf, TrLoss=0.1610]
 Training FV-otc-s42-t4:  52%|█████▏    | 26/50 [00:02<00:02, 11.32it/s, Saved at =inf, TrLoss=0.1701]
 Training FV-otc-s42-t4:  56%|█████▌    | 28/50 [00:02<00:01, 11.31it/s, Saved at =inf, TrLoss=0.1701]
 Training FV-otc-s42-t4:  56%|█████▌    | 28/50 [00:02<00:01, 11.31it/s, Saved at =inf, TrLoss=0.1674]
 Training FV-otc-s42-t4:  56%|█████▌    | 28/50 [00:02<00:01, 11.31it/s, Saved at =inf, TrLoss=0.1545]
 Training FV-otc-s42-t4:  60%|██████    | 30/50 [00:02<00:01, 11.28it/s, Saved at =inf, TrLoss=0.1545]
 Training FV-otc-s42-t4:  60%|██████    | 30/50 [00:02<00:01, 11.28it/s, Saved at =inf, TrLoss=0.1596]
 Training FV-otc-s42-t4:  60%|██████    | 30/50 [00:02<00:01, 11.28it/s, Saved at =inf, TrLoss=0.1678]
 Training FV-otc-s42-t4:  64%|██████▍   | 32/50 [00:02<00:01, 11.23it/s, Saved at =inf, TrLoss=0.1678]
 Training FV-otc-s42-t4:  64%|██████▍   | 32/50 [00:02<00:01, 11.23it/s, Saved at =inf, TrLoss=0.1534]
 Training FV-otc-s42-t4:  64%|██████▍   | 32/50 [00:02<00:01, 11.23it/s, Saved at =inf, TrLoss=0.1583]
 Training FV-otc-s42-t4:  68%|██████▊   | 34/50 [00:03<00:01, 11.25it/s, Saved at =inf, TrLoss=0.1583]
 Training FV-otc-s42-t4:  68%|██████▊   | 34/50 [00:03<00:01, 11.25it/s, Saved at =inf, TrLoss=0.1559]
 Training FV-otc-s42-t4:  68%|██████▊   | 34/50 [00:03<00:01, 11.25it/s, Saved at =inf, TrLoss=0.1496]
 Training FV-otc-s42-t4:  72%|███████▏  | 36/50 [00:03<00:01, 11.29it/s, Saved at =inf, TrLoss=0.1496]
 Training FV-otc-s42-t4:  72%|███████▏  | 36/50 [00:03<00:01, 11.29it/s, Saved at =inf, TrLoss=0.1507]
 Training FV-otc-s42-t4:  72%|███████▏  | 36/50 [00:03<00:01, 11.29it/s, Saved at =inf, TrLoss=0.1541]
 Training FV-otc-s42-t4:  76%|███████▌  | 38/50 [00:03<00:01, 11.30it/s, Saved at =inf, TrLoss=0.1541]
 Training FV-otc-s42-t4:  76%|███████▌  | 38/50 [00:03<00:01, 11.30it/s, Saved at =inf, TrLoss=0.1416]
 Training FV-otc-s42-t4:  76%|███████▌  | 38/50 [00:03<00:01, 11.30it/s, Saved at =inf, TrLoss=0.1499]
 Training FV-otc-s42-t4:  80%|████████  | 40/50 [00:03<00:00, 11.31it/s, Saved at =inf, TrLoss=0.1499]
 Training FV-otc-s42-t4:  80%|████████  | 40/50 [00:03<00:00, 11.31it/s, Saved at =inf, TrLoss=0.1472]
 Training FV-otc-s42-t4:  80%|████████  | 40/50 [00:03<00:00, 11.31it/s, Saved at =inf, TrLoss=0.1456]
 Training FV-otc-s42-t4:  84%|████████▍ | 42/50 [00:03<00:00, 11.32it/s, Saved at =inf, TrLoss=0.1456]
 Training FV-otc-s42-t4:  84%|████████▍ | 42/50 [00:03<00:00, 11.32it/s, Saved at =inf, TrLoss=0.1495]
 Training FV-otc-s42-t4:  84%|████████▍ | 42/50 [00:03<00:00, 11.32it/s, Saved at =inf, TrLoss=0.1422]
 Training FV-otc-s42-t4:  88%|████████▊ | 44/50 [00:03<00:00, 11.33it/s, Saved at =inf, TrLoss=0.1422]
 Training FV-otc-s42-t4:  88%|████████▊ | 44/50 [00:03<00:00, 11.33it/s, Saved at =inf, TrLoss=0.1487]
 Training FV-otc-s42-t4:  88%|████████▊ | 44/50 [00:04<00:00, 11.33it/s, Saved at =inf, TrLoss=0.1421]
 Training FV-otc-s42-t4:  92%|█████████▏| 46/50 [00:04<00:00, 11.33it/s, Saved at =inf, TrLoss=0.1421]
 Training FV-otc-s42-t4:  92%|█████████▏| 46/50 [00:04<00:00, 11.33it/s, Saved at =inf, TrLoss=0.1444]
 Training FV-otc-s42-t4:  92%|█████████▏| 46/50 [00:04<00:00, 11.33it/s, Saved at =inf, TrLoss=0.1413]
 Training FV-otc-s42-t4:  96%|█████████▌| 48/50 [00:04<00:00, 11.33it/s, Saved at =inf, TrLoss=0.1413]
 Training FV-otc-s42-t4:  96%|█████████▌| 48/50 [00:04<00:00, 11.33it/s, Saved at =inf, TrLoss=0.1515]
 Training FV-otc-s42-t4:  96%|█████████▌| 48/50 [00:04<00:00, 11.33it/s, Saved at =inf, TrLoss=0.1435]
 Training FV-otc-s42-t4: 100%|██████████| 50/50 [00:04<00:00, 11.33it/s, Saved at =inf, TrLoss=0.1435]
 Training FV-otc-s42-t4: 100%|██████████| 50/50 [00:04<00:00, 11.29it/s, Saved at =inf, TrLoss=0.1435]

 Training FV-otc-s42-t5:   0%|          | 0/50 [00:00<?, ?it/s]
 Training FV-otc-s42-t5:   0%|          | 0/50 [00:00<?, ?it/s, Saved at =inf, TrLoss=0.7378]
 Training FV-otc-s42-t5:   2%|▏         | 1/50 [00:00<00:06,  8.15it/s, Saved at =inf, TrLoss=0.7378]
 Training FV-otc-s42-t5:   2%|▏         | 1/50 [00:00<00:06,  8.15it/s, Saved at =inf, TrLoss=0.8734]
 Training FV-otc-s42-t5:   4%|▍         | 2/50 [00:00<00:05,  8.70it/s, Saved at =inf, TrLoss=0.8734]
 Training FV-otc-s42-t5:   4%|▍         | 2/50 [00:00<00:05,  8.70it/s, Saved at =inf, TrLoss=0.5441]
 Training FV-otc-s42-t5:   6%|▌         | 3/50 [00:00<00:05,  8.89it/s, Saved at =inf, TrLoss=0.5441]
 Training FV-otc-s42-t5:   6%|▌         | 3/50 [00:00<00:05,  8.89it/s, Saved at =inf, TrLoss=0.5321]
 Training FV-otc-s42-t5:   8%|▊         | 4/50 [00:00<00:05,  8.97it/s, Saved at =inf, TrLoss=0.5321]
 Training FV-otc-s42-t5:   8%|▊         | 4/50 [00:00<00:05,  8.97it/s, Saved at =inf, TrLoss=0.4604]
 Training FV-otc-s42-t5:  10%|█         | 5/50 [00:00<00:04,  9.01it/s, Saved at =inf, TrLoss=0.4604]
 Training FV-otc-s42-t5:  10%|█         | 5/50 [00:00<00:04,  9.01it/s, Saved at =inf, TrLoss=0.4349]
 Training FV-otc-s42-t5:  12%|█▏        | 6/50 [00:00<00:04,  9.05it/s, Saved at =inf, TrLoss=0.4349]
 Training FV-otc-s42-t5:  12%|█▏        | 6/50 [00:00<00:04,  9.05it/s, Saved at =inf, TrLoss=0.4177]
 Training FV-otc-s42-t5:  14%|█▍        | 7/50 [00:00<00:04,  9.07it/s, Saved at =inf, TrLoss=0.4177]
 Training FV-otc-s42-t5:  14%|█▍        | 7/50 [00:00<00:04,  9.07it/s, Saved at =inf, TrLoss=0.3898]
 Training FV-otc-s42-t5:  16%|█▌        | 8/50 [00:00<00:04,  9.08it/s, Saved at =inf, TrLoss=0.3898]
 Training FV-otc-s42-t5:  16%|█▌        | 8/50 [00:00<00:04,  9.08it/s, Saved at =inf, TrLoss=0.3747]
 Training FV-otc-s42-t5:  18%|█▊        | 9/50 [00:01<00:04,  9.08it/s, Saved at =inf, TrLoss=0.3747]
 Training FV-otc-s42-t5:  18%|█▊        | 9/50 [00:01<00:04,  9.08it/s, Saved at =inf, TrLoss=0.3443]
 Training FV-otc-s42-t5:  20%|██        | 10/50 [00:01<00:04,  9.07it/s, Saved at =inf, TrLoss=0.3443]
 Training FV-otc-s42-t5:  20%|██        | 10/50 [00:01<00:04,  9.07it/s, Saved at =inf, TrLoss=0.3306]
 Training FV-otc-s42-t5:  22%|██▏       | 11/50 [00:01<00:04,  9.08it/s, Saved at =inf, TrLoss=0.3306]
 Training FV-otc-s42-t5:  22%|██▏       | 11/50 [00:01<00:04,  9.08it/s, Saved at =inf, TrLoss=0.2984]
 Training FV-otc-s42-t5:  24%|██▍       | 12/50 [00:01<00:04,  9.08it/s, Saved at =inf, TrLoss=0.2984]
 Training FV-otc-s42-t5:  24%|██▍       | 12/50 [00:01<00:04,  9.08it/s, Saved at =inf, TrLoss=0.3062]
 Training FV-otc-s42-t5:  26%|██▌       | 13/50 [00:01<00:04,  9.09it/s, Saved at =inf, TrLoss=0.3062]
 Training FV-otc-s42-t5:  26%|██▌       | 13/50 [00:01<00:04,  9.09it/s, Saved at =inf, TrLoss=0.2811]
 Training FV-otc-s42-t5:  28%|██▊       | 14/50 [00:01<00:03,  9.10it/s, Saved at =inf, TrLoss=0.2811]
 Training FV-otc-s42-t5:  28%|██▊       | 14/50 [00:01<00:03,  9.10it/s, Saved at =inf, TrLoss=0.2702]
 Training FV-otc-s42-t5:  30%|███       | 15/50 [00:01<00:03,  9.10it/s, Saved at =inf, TrLoss=0.2702]
 Training FV-otc-s42-t5:  30%|███       | 15/50 [00:01<00:03,  9.10it/s, Saved at =inf, TrLoss=0.2814]
 Training FV-otc-s42-t5:  32%|███▏      | 16/50 [00:01<00:03,  9.10it/s, Saved at =inf, TrLoss=0.2814]
 Training FV-otc-s42-t5:  32%|███▏      | 16/50 [00:01<00:03,  9.10it/s, Saved at =inf, TrLoss=0.2734]
 Training FV-otc-s42-t5:  34%|███▍      | 17/50 [00:01<00:03,  9.11it/s, Saved at =inf, TrLoss=0.2734]
 Training FV-otc-s42-t5:  34%|███▍      | 17/50 [00:01<00:03,  9.11it/s, Saved at =inf, TrLoss=0.2628]
 Training FV-otc-s42-t5:  36%|███▌      | 18/50 [00:01<00:03,  9.11it/s, Saved at =inf, TrLoss=0.2628]
 Training FV-otc-s42-t5:  36%|███▌      | 18/50 [00:02<00:03,  9.11it/s, Saved at =inf, TrLoss=0.2629]
 Training FV-otc-s42-t5:  38%|███▊      | 19/50 [00:02<00:03,  9.11it/s, Saved at =inf, TrLoss=0.2629]
 Training FV-otc-s42-t5:  38%|███▊      | 19/50 [00:02<00:03,  9.11it/s, Saved at =inf, TrLoss=0.2532]
 Training FV-otc-s42-t5:  40%|████      | 20/50 [00:02<00:03,  9.11it/s, Saved at =inf, TrLoss=0.2532]
 Training FV-otc-s42-t5:  40%|████      | 20/50 [00:02<00:03,  9.11it/s, Saved at =inf, TrLoss=0.2548]
 Training FV-otc-s42-t5:  42%|████▏     | 21/50 [00:02<00:03,  9.10it/s, Saved at =inf, TrLoss=0.2548]
 Training FV-otc-s42-t5:  42%|████▏     | 21/50 [00:02<00:03,  9.10it/s, Saved at =inf, TrLoss=0.2573]
 Training FV-otc-s42-t5:  44%|████▍     | 22/50 [00:02<00:03,  9.11it/s, Saved at =inf, TrLoss=0.2573]
 Training FV-otc-s42-t5:  44%|████▍     | 22/50 [00:02<00:03,  9.11it/s, Saved at =inf, TrLoss=0.2420]
 Training FV-otc-s42-t5:  46%|████▌     | 23/50 [00:02<00:02,  9.11it/s, Saved at =inf, TrLoss=0.2420]
 Training FV-otc-s42-t5:  46%|████▌     | 23/50 [00:02<00:02,  9.11it/s, Saved at =inf, TrLoss=0.2374]
 Training FV-otc-s42-t5:  48%|████▊     | 24/50 [00:02<00:02,  9.07it/s, Saved at =inf, TrLoss=0.2374]
 Training FV-otc-s42-t5:  48%|████▊     | 24/50 [00:02<00:02,  9.07it/s, Saved at =inf, TrLoss=0.2410]
 Training FV-otc-s42-t5:  50%|█████     | 25/50 [00:02<00:02,  8.97it/s, Saved at =inf, TrLoss=0.2410]
 Training FV-otc-s42-t5:  50%|█████     | 25/50 [00:02<00:02,  8.97it/s, Saved at =inf, TrLoss=0.2268]
 Training FV-otc-s42-t5:  52%|█████▏    | 26/50 [00:02<00:02,  9.01it/s, Saved at =inf, TrLoss=0.2268]
 Training FV-otc-s42-t5:  52%|█████▏    | 26/50 [00:02<00:02,  9.01it/s, Saved at =inf, TrLoss=0.2265]
 Training FV-otc-s42-t5:  54%|█████▍    | 27/50 [00:02<00:02,  9.05it/s, Saved at =inf, TrLoss=0.2265]
 Training FV-otc-s42-t5:  54%|█████▍    | 27/50 [00:03<00:02,  9.05it/s, Saved at =inf, TrLoss=0.2305]
 Training FV-otc-s42-t5:  56%|█████▌    | 28/50 [00:03<00:02,  9.08it/s, Saved at =inf, TrLoss=0.2305]
 Training FV-otc-s42-t5:  56%|█████▌    | 28/50 [00:03<00:02,  9.08it/s, Saved at =inf, TrLoss=0.2103]
 Training FV-otc-s42-t5:  58%|█████▊    | 29/50 [00:03<00:02,  9.09it/s, Saved at =inf, TrLoss=0.2103]
 Training FV-otc-s42-t5:  58%|█████▊    | 29/50 [00:03<00:02,  9.09it/s, Saved at =inf, TrLoss=0.2240]
 Training FV-otc-s42-t5:  60%|██████    | 30/50 [00:03<00:02,  9.09it/s, Saved at =inf, TrLoss=0.2240]
 Training FV-otc-s42-t5:  60%|██████    | 30/50 [00:03<00:02,  9.09it/s, Saved at =inf, TrLoss=0.2163]
 Training FV-otc-s42-t5:  62%|██████▏   | 31/50 [00:03<00:02,  9.09it/s, Saved at =inf, TrLoss=0.2163]
 Training FV-otc-s42-t5:  62%|██████▏   | 31/50 [00:03<00:02,  9.09it/s, Saved at =inf, TrLoss=0.2043]
 Training FV-otc-s42-t5:  64%|██████▍   | 32/50 [00:03<00:01,  9.08it/s, Saved at =inf, TrLoss=0.2043]
 Training FV-otc-s42-t5:  64%|██████▍   | 32/50 [00:03<00:01,  9.08it/s, Saved at =inf, TrLoss=0.2064]
 Training FV-otc-s42-t5:  66%|██████▌   | 33/50 [00:03<00:01,  9.08it/s, Saved at =inf, TrLoss=0.2064]
 Training FV-otc-s42-t5:  66%|██████▌   | 33/50 [00:03<00:01,  9.08it/s, Saved at =inf, TrLoss=0.2046]
 Training FV-otc-s42-t5:  68%|██████▊   | 34/50 [00:03<00:01,  9.09it/s, Saved at =inf, TrLoss=0.2046]
 Training FV-otc-s42-t5:  68%|██████▊   | 34/50 [00:03<00:01,  9.09it/s, Saved at =inf, TrLoss=0.2023]
 Training FV-otc-s42-t5:  70%|███████   | 35/50 [00:03<00:01,  9.09it/s, Saved at =inf, TrLoss=0.2023]
 Training FV-otc-s42-t5:  70%|███████   | 35/50 [00:03<00:01,  9.09it/s, Saved at =inf, TrLoss=0.1901]
 Training FV-otc-s42-t5:  72%|███████▏  | 36/50 [00:03<00:01,  9.09it/s, Saved at =inf, TrLoss=0.1901]
 Training FV-otc-s42-t5:  72%|███████▏  | 36/50 [00:04<00:01,  9.09it/s, Saved at =inf, TrLoss=0.1963]
 Training FV-otc-s42-t5:  74%|███████▍  | 37/50 [00:04<00:01,  9.09it/s, Saved at =inf, TrLoss=0.1963]
 Training FV-otc-s42-t5:  74%|███████▍  | 37/50 [00:04<00:01,  9.09it/s, Saved at =inf, TrLoss=0.1943]
 Training FV-otc-s42-t5:  76%|███████▌  | 38/50 [00:04<00:01,  9.09it/s, Saved at =inf, TrLoss=0.1943]
 Training FV-otc-s42-t5:  76%|███████▌  | 38/50 [00:04<00:01,  9.09it/s, Saved at =inf, TrLoss=0.1883]
 Training FV-otc-s42-t5:  78%|███████▊  | 39/50 [00:04<00:01,  9.09it/s, Saved at =inf, TrLoss=0.1883]
 Training FV-otc-s42-t5:  78%|███████▊  | 39/50 [00:04<00:01,  9.09it/s, Saved at =inf, TrLoss=0.1885]
 Training FV-otc-s42-t5:  80%|████████  | 40/50 [00:04<00:01,  9.09it/s, Saved at =inf, TrLoss=0.1885]
 Training FV-otc-s42-t5:  80%|████████  | 40/50 [00:04<00:01,  9.09it/s, Saved at =inf, TrLoss=0.1853]
 Training FV-otc-s42-t5:  82%|████████▏ | 41/50 [00:04<00:00,  9.09it/s, Saved at =inf, TrLoss=0.1853]
 Training FV-otc-s42-t5:  82%|████████▏ | 41/50 [00:04<00:00,  9.09it/s, Saved at =inf, TrLoss=0.1827]
 Training FV-otc-s42-t5:  84%|████████▍ | 42/50 [00:04<00:00,  9.09it/s, Saved at =inf, TrLoss=0.1827]
 Training FV-otc-s42-t5:  84%|████████▍ | 42/50 [00:04<00:00,  9.09it/s, Saved at =inf, TrLoss=0.1860]
 Training FV-otc-s42-t5:  86%|████████▌ | 43/50 [00:04<00:00,  9.08it/s, Saved at =inf, TrLoss=0.1860]
 Training FV-otc-s42-t5:  86%|████████▌ | 43/50 [00:04<00:00,  9.08it/s, Saved at =inf, TrLoss=0.1791]
 Training FV-otc-s42-t5:  88%|████████▊ | 44/50 [00:04<00:00,  9.08it/s, Saved at =inf, TrLoss=0.1791]
 Training FV-otc-s42-t5:  88%|████████▊ | 44/50 [00:04<00:00,  9.08it/s, Saved at =inf, TrLoss=0.1802]
 Training FV-otc-s42-t5:  90%|█████████ | 45/50 [00:04<00:00,  9.09it/s, Saved at =inf, TrLoss=0.1802]
 Training FV-otc-s42-t5:  90%|█████████ | 45/50 [00:05<00:00,  9.09it/s, Saved at =inf, TrLoss=0.1764]
 Training FV-otc-s42-t5:  92%|█████████▏| 46/50 [00:05<00:00,  9.08it/s, Saved at =inf, TrLoss=0.1764]
 Training FV-otc-s42-t5:  92%|█████████▏| 46/50 [00:05<00:00,  9.08it/s, Saved at =inf, TrLoss=0.1807]
 Training FV-otc-s42-t5:  94%|█████████▍| 47/50 [00:05<00:00,  9.09it/s, Saved at =inf, TrLoss=0.1807]
 Training FV-otc-s42-t5:  94%|█████████▍| 47/50 [00:05<00:00,  9.09it/s, Saved at =inf, TrLoss=0.1787]
 Training FV-otc-s42-t5:  96%|█████████▌| 48/50 [00:05<00:00,  9.09it/s, Saved at =inf, TrLoss=0.1787]
 Training FV-otc-s42-t5:  96%|█████████▌| 48/50 [00:05<00:00,  9.09it/s, Saved at =inf, TrLoss=0.1710]
 Training FV-otc-s42-t5:  98%|█████████▊| 49/50 [00:05<00:00,  9.09it/s, Saved at =inf, TrLoss=0.1710]
 Training FV-otc-s42-t5:  98%|█████████▊| 49/50 [00:05<00:00,  9.09it/s, Saved at =inf, TrLoss=0.1698]
 Training FV-otc-s42-t5: 100%|██████████| 50/50 [00:05<00:00,  9.08it/s, Saved at =inf, TrLoss=0.1698]
 Training FV-otc-s42-t5: 100%|██████████| 50/50 [00:05<00:00,  9.07it/s, Saved at =inf, TrLoss=0.1698]

 Training FV-otc-s42-t6:   0%|          | 0/50 [00:00<?, ?it/s]
 Training FV-otc-s42-t6:   0%|          | 0/50 [00:00<?, ?it/s, Saved at =inf, TrLoss=0.6962]
 Training FV-otc-s42-t6:   2%|▏         | 1/50 [00:00<00:07,  6.73it/s, Saved at =inf, TrLoss=0.6962]
 Training FV-otc-s42-t6:   2%|▏         | 1/50 [00:00<00:07,  6.73it/s, Saved at =inf, TrLoss=0.5905]
 Training FV-otc-s42-t6:   4%|▍         | 2/50 [00:00<00:06,  7.21it/s, Saved at =inf, TrLoss=0.5905]
 Training FV-otc-s42-t6:   4%|▍         | 2/50 [00:00<00:06,  7.21it/s, Saved at =inf, TrLoss=0.4984]
 Training FV-otc-s42-t6:   6%|▌         | 3/50 [00:00<00:06,  7.38it/s, Saved at =inf, TrLoss=0.4984]
 Training FV-otc-s42-t6:   6%|▌         | 3/50 [00:00<00:06,  7.38it/s, Saved at =inf, TrLoss=0.4327]
 Training FV-otc-s42-t6:   8%|▊         | 4/50 [00:00<00:06,  7.46it/s, Saved at =inf, TrLoss=0.4327]
 Training FV-otc-s42-t6:   8%|▊         | 4/50 [00:00<00:06,  7.46it/s, Saved at =inf, TrLoss=0.4235]
 Training FV-otc-s42-t6:  10%|█         | 5/50 [00:00<00:06,  7.50it/s, Saved at =inf, TrLoss=0.4235]
 Training FV-otc-s42-t6:  10%|█         | 5/50 [00:00<00:06,  7.50it/s, Saved at =inf, TrLoss=0.4097]
 Training FV-otc-s42-t6:  12%|█▏        | 6/50 [00:00<00:05,  7.53it/s, Saved at =inf, TrLoss=0.4097]
 Training FV-otc-s42-t6:  12%|█▏        | 6/50 [00:00<00:05,  7.53it/s, Saved at =inf, TrLoss=0.3973]
 Training FV-otc-s42-t6:  14%|█▍        | 7/50 [00:00<00:05,  7.54it/s, Saved at =inf, TrLoss=0.3973]
 Training FV-otc-s42-t6:  14%|█▍        | 7/50 [00:01<00:05,  7.54it/s, Saved at =inf, TrLoss=0.3572]
 Training FV-otc-s42-t6:  16%|█▌        | 8/50 [00:01<00:05,  7.55it/s, Saved at =inf, TrLoss=0.3572]
 Training FV-otc-s42-t6:  16%|█▌        | 8/50 [00:01<00:05,  7.55it/s, Saved at =inf, TrLoss=0.3254]
 Training FV-otc-s42-t6:  18%|█▊        | 9/50 [00:01<00:05,  7.56it/s, Saved at =inf, TrLoss=0.3254]
 Training FV-otc-s42-t6:  18%|█▊        | 9/50 [00:01<00:05,  7.56it/s, Saved at =inf, TrLoss=0.3043]
 Training FV-otc-s42-t6:  20%|██        | 10/50 [00:01<00:05,  7.57it/s, Saved at =inf, TrLoss=0.3043]
 Training FV-otc-s42-t6:  20%|██        | 10/50 [00:01<00:05,  7.57it/s, Saved at =inf, TrLoss=0.2843]
 Training FV-otc-s42-t6:  22%|██▏       | 11/50 [00:01<00:05,  7.57it/s, Saved at =inf, TrLoss=0.2843]
 Training FV-otc-s42-t6:  22%|██▏       | 11/50 [00:01<00:05,  7.57it/s, Saved at =inf, TrLoss=0.2702]
 Training FV-otc-s42-t6:  24%|██▍       | 12/50 [00:01<00:05,  7.56it/s, Saved at =inf, TrLoss=0.2702]
 Training FV-otc-s42-t6:  24%|██▍       | 12/50 [00:01<00:05,  7.56it/s, Saved at =inf, TrLoss=0.2847]
 Training FV-otc-s42-t6:  26%|██▌       | 13/50 [00:01<00:04,  7.56it/s, Saved at =inf, TrLoss=0.2847]
 Training FV-otc-s42-t6:  26%|██▌       | 13/50 [00:01<00:04,  7.56it/s, Saved at =inf, TrLoss=0.3014]
 Training FV-otc-s42-t6:  28%|██▊       | 14/50 [00:01<00:04,  7.55it/s, Saved at =inf, TrLoss=0.3014]
 Training FV-otc-s42-t6:  28%|██▊       | 14/50 [00:01<00:04,  7.55it/s, Saved at =inf, TrLoss=0.2728]
 Training FV-otc-s42-t6:  30%|███       | 15/50 [00:01<00:04,  7.55it/s, Saved at =inf, TrLoss=0.2728]
 Training FV-otc-s42-t6:  30%|███       | 15/50 [00:02<00:04,  7.55it/s, Saved at =inf, TrLoss=0.2593]
 Training FV-otc-s42-t6:  32%|███▏      | 16/50 [00:02<00:04,  7.55it/s, Saved at =inf, TrLoss=0.2593]
 Training FV-otc-s42-t6:  32%|███▏      | 16/50 [00:02<00:04,  7.55it/s, Saved at =inf, TrLoss=0.2594]
 Training FV-otc-s42-t6:  34%|███▍      | 17/50 [00:02<00:04,  7.56it/s, Saved at =inf, TrLoss=0.2594]
 Training FV-otc-s42-t6:  34%|███▍      | 17/50 [00:02<00:04,  7.56it/s, Saved at =inf, TrLoss=0.2405]
 Training FV-otc-s42-t6:  36%|███▌      | 18/50 [00:02<00:04,  7.53it/s, Saved at =inf, TrLoss=0.2405]
 Training FV-otc-s42-t6:  36%|███▌      | 18/50 [00:02<00:04,  7.53it/s, Saved at =inf, TrLoss=0.2543]
 Training FV-otc-s42-t6:  38%|███▊      | 19/50 [00:02<00:04,  7.52it/s, Saved at =inf, TrLoss=0.2543]
 Training FV-otc-s42-t6:  38%|███▊      | 19/50 [00:02<00:04,  7.52it/s, Saved at =inf, TrLoss=0.2401]
 Training FV-otc-s42-t6:  40%|████      | 20/50 [00:02<00:03,  7.54it/s, Saved at =inf, TrLoss=0.2401]
 Training FV-otc-s42-t6:  40%|████      | 20/50 [00:02<00:03,  7.54it/s, Saved at =inf, TrLoss=0.2376]
 Training FV-otc-s42-t6:  42%|████▏     | 21/50 [00:02<00:03,  7.54it/s, Saved at =inf, TrLoss=0.2376]
 Training FV-otc-s42-t6:  42%|████▏     | 21/50 [00:02<00:03,  7.54it/s, Saved at =inf, TrLoss=0.2428]
 Training FV-otc-s42-t6:  44%|████▍     | 22/50 [00:02<00:03,  7.55it/s, Saved at =inf, TrLoss=0.2428]
 Training FV-otc-s42-t6:  44%|████▍     | 22/50 [00:03<00:03,  7.55it/s, Saved at =inf, TrLoss=0.2326]
 Training FV-otc-s42-t6:  46%|████▌     | 23/50 [00:03<00:03,  7.56it/s, Saved at =inf, TrLoss=0.2326]
 Training FV-otc-s42-t6:  46%|████▌     | 23/50 [00:03<00:03,  7.56it/s, Saved at =inf, TrLoss=0.2243]
 Training FV-otc-s42-t6:  48%|████▊     | 24/50 [00:03<00:03,  7.56it/s, Saved at =inf, TrLoss=0.2243]
 Training FV-otc-s42-t6:  48%|████▊     | 24/50 [00:03<00:03,  7.56it/s, Saved at =inf, TrLoss=0.2234]
 Training FV-otc-s42-t6:  50%|█████     | 25/50 [00:03<00:03,  7.56it/s, Saved at =inf, TrLoss=0.2234]
 Training FV-otc-s42-t6:  50%|█████     | 25/50 [00:03<00:03,  7.56it/s, Saved at =inf, TrLoss=0.2211]
 Training FV-otc-s42-t6:  52%|█████▏    | 26/50 [00:03<00:03,  7.56it/s, Saved at =inf, TrLoss=0.2211]
 Training FV-otc-s42-t6:  52%|█████▏    | 26/50 [00:03<00:03,  7.56it/s, Saved at =inf, TrLoss=0.2186]
 Training FV-otc-s42-t6:  54%|█████▍    | 27/50 [00:03<00:03,  7.56it/s, Saved at =inf, TrLoss=0.2186]
 Training FV-otc-s42-t6:  54%|█████▍    | 27/50 [00:03<00:03,  7.56it/s, Saved at =inf, TrLoss=0.2192]
 Training FV-otc-s42-t6:  56%|█████▌    | 28/50 [00:03<00:02,  7.55it/s, Saved at =inf, TrLoss=0.2192]
 Training FV-otc-s42-t6:  56%|█████▌    | 28/50 [00:03<00:02,  7.55it/s, Saved at =inf, TrLoss=0.2118]
 Training FV-otc-s42-t6:  58%|█████▊    | 29/50 [00:03<00:02,  7.55it/s, Saved at =inf, TrLoss=0.2118]
 Training FV-otc-s42-t6:  58%|█████▊    | 29/50 [00:03<00:02,  7.55it/s, Saved at =inf, TrLoss=0.2170]
 Training FV-otc-s42-t6:  60%|██████    | 30/50 [00:03<00:02,  7.55it/s, Saved at =inf, TrLoss=0.2170]
 Training FV-otc-s42-t6:  60%|██████    | 30/50 [00:04<00:02,  7.55it/s, Saved at =inf, TrLoss=0.2098]
 Training FV-otc-s42-t6:  62%|██████▏   | 31/50 [00:04<00:02,  7.56it/s, Saved at =inf, TrLoss=0.2098]
 Training FV-otc-s42-t6:  62%|██████▏   | 31/50 [00:04<00:02,  7.56it/s, Saved at =inf, TrLoss=0.2078]
 Training FV-otc-s42-t6:  64%|██████▍   | 32/50 [00:04<00:02,  7.56it/s, Saved at =inf, TrLoss=0.2078]
 Training FV-otc-s42-t6:  64%|██████▍   | 32/50 [00:04<00:02,  7.56it/s, Saved at =inf, TrLoss=0.2049]
 Training FV-otc-s42-t6:  66%|██████▌   | 33/50 [00:04<00:02,  7.55it/s, Saved at =inf, TrLoss=0.2049]
 Training FV-otc-s42-t6:  66%|██████▌   | 33/50 [00:04<00:02,  7.55it/s, Saved at =inf, TrLoss=0.2045]
 Training FV-otc-s42-t6:  68%|██████▊   | 34/50 [00:04<00:02,  7.55it/s, Saved at =inf, TrLoss=0.2045]
 Training FV-otc-s42-t6:  68%|██████▊   | 34/50 [00:04<00:02,  7.55it/s, Saved at =inf, TrLoss=0.2085]
 Training FV-otc-s42-t6:  70%|███████   | 35/50 [00:04<00:01,  7.55it/s, Saved at =inf, TrLoss=0.2085]
 Training FV-otc-s42-t6:  70%|███████   | 35/50 [00:04<00:01,  7.55it/s, Saved at =inf, TrLoss=0.1995]
 Training FV-otc-s42-t6:  72%|███████▏  | 36/50 [00:04<00:01,  7.54it/s, Saved at =inf, TrLoss=0.1995]
 Training FV-otc-s42-t6:  72%|███████▏  | 36/50 [00:04<00:01,  7.54it/s, Saved at =inf, TrLoss=0.2045]
 Training FV-otc-s42-t6:  74%|███████▍  | 37/50 [00:04<00:01,  7.55it/s, Saved at =inf, TrLoss=0.2045]
 Training FV-otc-s42-t6:  74%|███████▍  | 37/50 [00:05<00:01,  7.55it/s, Saved at =inf, TrLoss=0.2004]
 Training FV-otc-s42-t6:  76%|███████▌  | 38/50 [00:05<00:01,  7.55it/s, Saved at =inf, TrLoss=0.2004]
 Training FV-otc-s42-t6:  76%|███████▌  | 38/50 [00:05<00:01,  7.55it/s, Saved at =inf, TrLoss=0.2006]
 Training FV-otc-s42-t6:  78%|███████▊  | 39/50 [00:05<00:01,  7.56it/s, Saved at =inf, TrLoss=0.2006]
 Training FV-otc-s42-t6:  78%|███████▊  | 39/50 [00:05<00:01,  7.56it/s, Saved at =inf, TrLoss=0.1998]
 Training FV-otc-s42-t6:  80%|████████  | 40/50 [00:05<00:01,  7.55it/s, Saved at =inf, TrLoss=0.1998]
 Training FV-otc-s42-t6:  80%|████████  | 40/50 [00:05<00:01,  7.55it/s, Saved at =inf, TrLoss=0.1893]
 Training FV-otc-s42-t6:  82%|████████▏ | 41/50 [00:05<00:01,  7.55it/s, Saved at =inf, TrLoss=0.1893]
 Training FV-otc-s42-t6:  82%|████████▏ | 41/50 [00:05<00:01,  7.55it/s, Saved at =inf, TrLoss=0.1949]
 Training FV-otc-s42-t6:  84%|████████▍ | 42/50 [00:05<00:01,  7.55it/s, Saved at =inf, TrLoss=0.1949]
 Training FV-otc-s42-t6:  84%|████████▍ | 42/50 [00:05<00:01,  7.55it/s, Saved at =inf, TrLoss=0.1867]
 Training FV-otc-s42-t6:  86%|████████▌ | 43/50 [00:05<00:00,  7.55it/s, Saved at =inf, TrLoss=0.1867]
 Training FV-otc-s42-t6:  86%|████████▌ | 43/50 [00:05<00:00,  7.55it/s, Saved at =inf, TrLoss=0.1890]
 Training FV-otc-s42-t6:  88%|████████▊ | 44/50 [00:05<00:00,  7.56it/s, Saved at =inf, TrLoss=0.1890]
 Training FV-otc-s42-t6:  88%|████████▊ | 44/50 [00:05<00:00,  7.56it/s, Saved at =inf, TrLoss=0.1853]
 Training FV-otc-s42-t6:  90%|█████████ | 45/50 [00:05<00:00,  7.56it/s, Saved at =inf, TrLoss=0.1853]
 Training FV-otc-s42-t6:  90%|█████████ | 45/50 [00:06<00:00,  7.56it/s, Saved at =inf, TrLoss=0.1849]
 Training FV-otc-s42-t6:  92%|█████████▏| 46/50 [00:06<00:00,  7.56it/s, Saved at =inf, TrLoss=0.1849]
 Training FV-otc-s42-t6:  92%|█████████▏| 46/50 [00:06<00:00,  7.56it/s, Saved at =inf, TrLoss=0.1914]
 Training FV-otc-s42-t6:  94%|█████████▍| 47/50 [00:06<00:00,  7.55it/s, Saved at =inf, TrLoss=0.1914]
 Training FV-otc-s42-t6:  94%|█████████▍| 47/50 [00:06<00:00,  7.55it/s, Saved at =inf, TrLoss=0.1811]
 Training FV-otc-s42-t6:  96%|█████████▌| 48/50 [00:06<00:00,  7.55it/s, Saved at =inf, TrLoss=0.1811]
 Training FV-otc-s42-t6:  96%|█████████▌| 48/50 [00:06<00:00,  7.55it/s, Saved at =inf, TrLoss=0.1879]
 Training FV-otc-s42-t6:  98%|█████████▊| 49/50 [00:06<00:00,  7.55it/s, Saved at =inf, TrLoss=0.1879]
 Training FV-otc-s42-t6:  98%|█████████▊| 49/50 [00:06<00:00,  7.55it/s, Saved at =inf, TrLoss=0.1773]
 Training FV-otc-s42-t6: 100%|██████████| 50/50 [00:06<00:00,  7.55it/s, Saved at =inf, TrLoss=0.1773]
 Training FV-otc-s42-t6: 100%|██████████| 50/50 [00:06<00:00,  7.54it/s, Saved at =inf, TrLoss=0.1773]

 Training FV-otc-s42-t7:   0%|          | 0/50 [00:00<?, ?it/s]
 Training FV-otc-s42-t7:   0%|          | 0/50 [00:00<?, ?it/s, Saved at =inf, TrLoss=0.6894]
 Training FV-otc-s42-t7:   2%|▏         | 1/50 [00:00<00:11,  4.09it/s, Saved at =inf, TrLoss=0.6894]
 Training FV-otc-s42-t7:   2%|▏         | 1/50 [00:00<00:11,  4.09it/s, Saved at =inf, TrLoss=0.6593]
 Training FV-otc-s42-t7:   4%|▍         | 2/50 [00:00<00:10,  4.37it/s, Saved at =inf, TrLoss=0.6593]
 Training FV-otc-s42-t7:   4%|▍         | 2/50 [00:00<00:10,  4.37it/s, Saved at =inf, TrLoss=0.6793]
 Training FV-otc-s42-t7:   6%|▌         | 3/50 [00:00<00:11,  4.24it/s, Saved at =inf, TrLoss=0.6793]
 Training FV-otc-s42-t7:   6%|▌         | 3/50 [00:00<00:11,  4.24it/s, Saved at =inf, TrLoss=0.5581]
 Training FV-otc-s42-t7:   8%|▊         | 4/50 [00:01<00:12,  3.77it/s, Saved at =inf, TrLoss=0.5581]
 Training FV-otc-s42-t7:   8%|▊         | 4/50 [00:01<00:12,  3.77it/s, Saved at =inf, TrLoss=0.4691]
 Training FV-otc-s42-t7:  10%|█         | 5/50 [00:01<00:12,  3.53it/s, Saved at =inf, TrLoss=0.4691]
 Training FV-otc-s42-t7:  10%|█         | 5/50 [00:01<00:12,  3.53it/s, Saved at =inf, TrLoss=0.5048]
 Training FV-otc-s42-t7:  12%|█▏        | 6/50 [00:01<00:13,  3.36it/s, Saved at =inf, TrLoss=0.5048]
 Training FV-otc-s42-t7:  12%|█▏        | 6/50 [00:01<00:13,  3.36it/s, Saved at =inf, TrLoss=0.4910]
 Training FV-otc-s42-t7:  14%|█▍        | 7/50 [00:02<00:13,  3.18it/s, Saved at =inf, TrLoss=0.4910]
 Training FV-otc-s42-t7:  14%|█▍        | 7/50 [00:02<00:13,  3.18it/s, Saved at =inf, TrLoss=0.4054]
 Training FV-otc-s42-t7:  16%|█▌        | 8/50 [00:02<00:14,  2.91it/s, Saved at =inf, TrLoss=0.4054]
 Training FV-otc-s42-t7:  16%|█▌        | 8/50 [00:02<00:14,  2.91it/s, Saved at =inf, TrLoss=0.3655]
 Training FV-otc-s42-t7:  18%|█▊        | 9/50 [00:02<00:14,  2.92it/s, Saved at =inf, TrLoss=0.3655]
 Training FV-otc-s42-t7:  18%|█▊        | 9/50 [00:02<00:14,  2.92it/s, Saved at =inf, TrLoss=0.3788]
 Training FV-otc-s42-t7:  20%|██        | 10/50 [00:03<00:13,  2.94it/s, Saved at =inf, TrLoss=0.3788]
 Training FV-otc-s42-t7:  20%|██        | 10/50 [00:03<00:13,  2.94it/s, Saved at =inf, TrLoss=0.3430]
 Training FV-otc-s42-t7:  22%|██▏       | 11/50 [00:03<00:13,  2.94it/s, Saved at =inf, TrLoss=0.3430]
 Training FV-otc-s42-t7:  22%|██▏       | 11/50 [00:03<00:13,  2.94it/s, Saved at =inf, TrLoss=0.3530]
 Training FV-otc-s42-t7:  24%|██▍       | 12/50 [00:03<00:13,  2.86it/s, Saved at =inf, TrLoss=0.3530]
 Training FV-otc-s42-t7:  24%|██▍       | 12/50 [00:04<00:13,  2.86it/s, Saved at =inf, TrLoss=0.3435]
 Training FV-otc-s42-t7:  26%|██▌       | 13/50 [00:04<00:12,  2.96it/s, Saved at =inf, TrLoss=0.3435]
 Training FV-otc-s42-t7:  26%|██▌       | 13/50 [00:04<00:12,  2.96it/s, Saved at =inf, TrLoss=0.3108]
 Training FV-otc-s42-t7:  28%|██▊       | 14/50 [00:04<00:11,  3.00it/s, Saved at =inf, TrLoss=0.3108]
 Training FV-otc-s42-t7:  28%|██▊       | 14/50 [00:04<00:11,  3.00it/s, Saved at =inf, TrLoss=0.3025]
 Training FV-otc-s42-t7:  30%|███       | 15/50 [00:04<00:11,  3.04it/s, Saved at =inf, TrLoss=0.3025]
 Training FV-otc-s42-t7:  30%|███       | 15/50 [00:04<00:11,  3.04it/s, Saved at =inf, TrLoss=0.2961]
 Training FV-otc-s42-t7:  32%|███▏      | 16/50 [00:05<00:11,  3.07it/s, Saved at =inf, TrLoss=0.2961]
 Training FV-otc-s42-t7:  32%|███▏      | 16/50 [00:05<00:11,  3.07it/s, Saved at =inf, TrLoss=0.2879]
 Training FV-otc-s42-t7:  34%|███▍      | 17/50 [00:05<00:10,  3.11it/s, Saved at =inf, TrLoss=0.2879]
 Training FV-otc-s42-t7:  34%|███▍      | 17/50 [00:05<00:10,  3.11it/s, Saved at =inf, TrLoss=0.2832]
 Training FV-otc-s42-t7:  36%|███▌      | 18/50 [00:05<00:10,  3.13it/s, Saved at =inf, TrLoss=0.2832]
 Training FV-otc-s42-t7:  36%|███▌      | 18/50 [00:05<00:10,  3.13it/s, Saved at =inf, TrLoss=0.2840]
 Training FV-otc-s42-t7:  38%|███▊      | 19/50 [00:05<00:09,  3.28it/s, Saved at =inf, TrLoss=0.2840]
 Training FV-otc-s42-t7:  38%|███▊      | 19/50 [00:06<00:09,  3.28it/s, Saved at =inf, TrLoss=0.2722]
 Training FV-otc-s42-t7:  40%|████      | 20/50 [00:06<00:08,  3.59it/s, Saved at =inf, TrLoss=0.2722]
 Training FV-otc-s42-t7:  40%|████      | 20/50 [00:06<00:08,  3.59it/s, Saved at =inf, TrLoss=0.2772]
 Training FV-otc-s42-t7:  42%|████▏     | 21/50 [00:06<00:07,  3.84it/s, Saved at =inf, TrLoss=0.2772]
 Training FV-otc-s42-t7:  42%|████▏     | 21/50 [00:06<00:07,  3.84it/s, Saved at =inf, TrLoss=0.2685]
 Training FV-otc-s42-t7:  44%|████▍     | 22/50 [00:06<00:06,  4.17it/s, Saved at =inf, TrLoss=0.2685]
 Training FV-otc-s42-t7:  44%|████▍     | 22/50 [00:06<00:06,  4.17it/s, Saved at =inf, TrLoss=0.2601]
 Training FV-otc-s42-t7:  46%|████▌     | 23/50 [00:06<00:05,  4.52it/s, Saved at =inf, TrLoss=0.2601]
 Training FV-otc-s42-t7:  46%|████▌     | 23/50 [00:06<00:05,  4.52it/s, Saved at =inf, TrLoss=0.2494]
 Training FV-otc-s42-t7:  48%|████▊     | 24/50 [00:06<00:05,  4.77it/s, Saved at =inf, TrLoss=0.2494]
 Training FV-otc-s42-t7:  48%|████▊     | 24/50 [00:07<00:05,  4.77it/s, Saved at =inf, TrLoss=0.2472]
 Training FV-otc-s42-t7:  50%|█████     | 25/50 [00:07<00:05,  4.92it/s, Saved at =inf, TrLoss=0.2472]
 Training FV-otc-s42-t7:  50%|█████     | 25/50 [00:07<00:05,  4.92it/s, Saved at =inf, TrLoss=0.2412]
 Training FV-otc-s42-t7:  52%|█████▏    | 26/50 [00:07<00:04,  5.23it/s, Saved at =inf, TrLoss=0.2412]
 Training FV-otc-s42-t7:  52%|█████▏    | 26/50 [00:07<00:04,  5.23it/s, Saved at =inf, TrLoss=0.2396]
 Training FV-otc-s42-t7:  54%|█████▍    | 27/50 [00:07<00:04,  5.52it/s, Saved at =inf, TrLoss=0.2396]
 Training FV-otc-s42-t7:  54%|█████▍    | 27/50 [00:07<00:04,  5.52it/s, Saved at =inf, TrLoss=0.2361]
 Training FV-otc-s42-t7:  56%|█████▌    | 28/50 [00:07<00:03,  5.77it/s, Saved at =inf, TrLoss=0.2361]
 Training FV-otc-s42-t7:  56%|█████▌    | 28/50 [00:07<00:03,  5.77it/s, Saved at =inf, TrLoss=0.2320]
 Training FV-otc-s42-t7:  58%|█████▊    | 29/50 [00:07<00:03,  5.82it/s, Saved at =inf, TrLoss=0.2320]
 Training FV-otc-s42-t7:  58%|█████▊    | 29/50 [00:07<00:03,  5.82it/s, Saved at =inf, TrLoss=0.2271]
 Training FV-otc-s42-t7:  60%|██████    | 30/50 [00:07<00:03,  5.63it/s, Saved at =inf, TrLoss=0.2271]
 Training FV-otc-s42-t7:  60%|██████    | 30/50 [00:08<00:03,  5.63it/s, Saved at =inf, TrLoss=0.2270]
 Training FV-otc-s42-t7:  62%|██████▏   | 31/50 [00:08<00:03,  5.85it/s, Saved at =inf, TrLoss=0.2270]
 Training FV-otc-s42-t7:  62%|██████▏   | 31/50 [00:08<00:03,  5.85it/s, Saved at =inf, TrLoss=0.2257]
 Training FV-otc-s42-t7:  64%|██████▍   | 32/50 [00:08<00:02,  6.00it/s, Saved at =inf, TrLoss=0.2257]
 Training FV-otc-s42-t7:  64%|██████▍   | 32/50 [00:08<00:02,  6.00it/s, Saved at =inf, TrLoss=0.2195]
 Training FV-otc-s42-t7:  66%|██████▌   | 33/50 [00:08<00:02,  6.12it/s, Saved at =inf, TrLoss=0.2195]
 Training FV-otc-s42-t7:  66%|██████▌   | 33/50 [00:08<00:02,  6.12it/s, Saved at =inf, TrLoss=0.2213]
 Training FV-otc-s42-t7:  68%|██████▊   | 34/50 [00:08<00:02,  6.00it/s, Saved at =inf, TrLoss=0.2213]
 Training FV-otc-s42-t7:  68%|██████▊   | 34/50 [00:08<00:02,  6.00it/s, Saved at =inf, TrLoss=0.2239]
 Training FV-otc-s42-t7:  70%|███████   | 35/50 [00:08<00:02,  5.54it/s, Saved at =inf, TrLoss=0.2239]
 Training FV-otc-s42-t7:  70%|███████   | 35/50 [00:08<00:02,  5.54it/s, Saved at =inf, TrLoss=0.2121]
 Training FV-otc-s42-t7:  72%|███████▏  | 36/50 [00:08<00:02,  5.69it/s, Saved at =inf, TrLoss=0.2121]
 Training FV-otc-s42-t7:  72%|███████▏  | 36/50 [00:09<00:02,  5.69it/s, Saved at =inf, TrLoss=0.2112]
 Training FV-otc-s42-t7:  74%|███████▍  | 37/50 [00:09<00:02,  5.52it/s, Saved at =inf, TrLoss=0.2112]
 Training FV-otc-s42-t7:  74%|███████▍  | 37/50 [00:09<00:02,  5.52it/s, Saved at =inf, TrLoss=0.2079]
 Training FV-otc-s42-t7:  76%|███████▌  | 38/50 [00:09<00:02,  5.48it/s, Saved at =inf, TrLoss=0.2079]
 Training FV-otc-s42-t7:  76%|███████▌  | 38/50 [00:09<00:02,  5.48it/s, Saved at =inf, TrLoss=0.2049]
 Training FV-otc-s42-t7:  78%|███████▊  | 39/50 [00:09<00:02,  5.31it/s, Saved at =inf, TrLoss=0.2049]
 Training FV-otc-s42-t7:  78%|███████▊  | 39/50 [00:09<00:02,  5.31it/s, Saved at =inf, TrLoss=0.2071]
 Training FV-otc-s42-t7:  80%|████████  | 40/50 [00:09<00:01,  5.05it/s, Saved at =inf, TrLoss=0.2071]
 Training FV-otc-s42-t7:  80%|████████  | 40/50 [00:09<00:01,  5.05it/s, Saved at =inf, TrLoss=0.1977]
 Training FV-otc-s42-t7:  82%|████████▏ | 41/50 [00:10<00:01,  4.65it/s, Saved at =inf, TrLoss=0.1977]
 Training FV-otc-s42-t7:  82%|████████▏ | 41/50 [00:10<00:01,  4.65it/s, Saved at =inf, TrLoss=0.1997]
 Training FV-otc-s42-t7:  84%|████████▍ | 42/50 [00:10<00:01,  4.22it/s, Saved at =inf, TrLoss=0.1997]
 Training FV-otc-s42-t7:  84%|████████▍ | 42/50 [00:10<00:01,  4.22it/s, Saved at =inf, TrLoss=0.1943]
 Training FV-otc-s42-t7:  86%|████████▌ | 43/50 [00:10<00:01,  4.60it/s, Saved at =inf, TrLoss=0.1943]
 Training FV-otc-s42-t7:  86%|████████▌ | 43/50 [00:10<00:01,  4.60it/s, Saved at =inf, TrLoss=0.2028]
 Training FV-otc-s42-t7:  88%|████████▊ | 44/50 [00:10<00:01,  4.68it/s, Saved at =inf, TrLoss=0.2028]
 Training FV-otc-s42-t7:  88%|████████▊ | 44/50 [00:10<00:01,  4.68it/s, Saved at =inf, TrLoss=0.1983]
 Training FV-otc-s42-t7:  90%|█████████ | 45/50 [00:10<00:01,  4.68it/s, Saved at =inf, TrLoss=0.1983]
 Training FV-otc-s42-t7:  90%|█████████ | 45/50 [00:11<00:01,  4.68it/s, Saved at =inf, TrLoss=0.2007]
 Training FV-otc-s42-t7:  92%|█████████▏| 46/50 [00:11<00:00,  4.80it/s, Saved at =inf, TrLoss=0.2007]
 Training FV-otc-s42-t7:  92%|█████████▏| 46/50 [00:11<00:00,  4.80it/s, Saved at =inf, TrLoss=0.1991]
 Training FV-otc-s42-t7:  94%|█████████▍| 47/50 [00:11<00:00,  5.18it/s, Saved at =inf, TrLoss=0.1991]
 Training FV-otc-s42-t7:  94%|█████████▍| 47/50 [00:11<00:00,  5.18it/s, Saved at =inf, TrLoss=0.1928]
 Training FV-otc-s42-t7:  96%|█████████▌| 48/50 [00:11<00:00,  5.44it/s, Saved at =inf, TrLoss=0.1928]
 Training FV-otc-s42-t7:  96%|█████████▌| 48/50 [00:11<00:00,  5.44it/s, Saved at =inf, TrLoss=0.2000]
 Training FV-otc-s42-t7:  98%|█████████▊| 49/50 [00:11<00:00,  5.63it/s, Saved at =inf, TrLoss=0.2000]
 Training FV-otc-s42-t7:  98%|█████████▊| 49/50 [00:11<00:00,  5.63it/s, Saved at =inf, TrLoss=0.1817]
 Training FV-otc-s42-t7: 100%|██████████| 50/50 [00:11<00:00,  5.85it/s, Saved at =inf, TrLoss=0.1817]
 Training FV-otc-s42-t7: 100%|██████████| 50/50 [00:11<00:00,  4.25it/s, Saved at =inf, TrLoss=0.1817]

 Training FV-otc-s42-t8:   0%|          | 0/50 [00:00<?, ?it/s]
 Training FV-otc-s42-t8:   0%|          | 0/50 [00:00<?, ?it/s, Saved at =inf, TrLoss=0.7212]
 Training FV-otc-s42-t8:   2%|▏         | 1/50 [00:00<00:15,  3.22it/s, Saved at =inf, TrLoss=0.7212]
 Training FV-otc-s42-t8:   2%|▏         | 1/50 [00:00<00:15,  3.22it/s, Saved at =inf, TrLoss=0.7883]
 Training FV-otc-s42-t8:   4%|▍         | 2/50 [00:00<00:13,  3.65it/s, Saved at =inf, TrLoss=0.7883]
 Training FV-otc-s42-t8:   4%|▍         | 2/50 [00:00<00:13,  3.65it/s, Saved at =inf, TrLoss=0.6035]
 Training FV-otc-s42-t8:   6%|▌         | 3/50 [00:00<00:12,  3.84it/s, Saved at =inf, TrLoss=0.6035]
 Training FV-otc-s42-t8:   6%|▌         | 3/50 [00:00<00:12,  3.84it/s, Saved at =inf, TrLoss=0.5991]
 Training FV-otc-s42-t8:   8%|▊         | 4/50 [00:01<00:12,  3.79it/s, Saved at =inf, TrLoss=0.5991]
 Training FV-otc-s42-t8:   8%|▊         | 4/50 [00:01<00:12,  3.79it/s, Saved at =inf, TrLoss=0.5429]
 Training FV-otc-s42-t8:  10%|█         | 5/50 [00:01<00:10,  4.25it/s, Saved at =inf, TrLoss=0.5429]
 Training FV-otc-s42-t8:  10%|█         | 5/50 [00:01<00:10,  4.25it/s, Saved at =inf, TrLoss=0.4989]
 Training FV-otc-s42-t8:  12%|█▏        | 6/50 [00:01<00:09,  4.42it/s, Saved at =inf, TrLoss=0.4989]
 Training FV-otc-s42-t8:  12%|█▏        | 6/50 [00:01<00:09,  4.42it/s, Saved at =inf, TrLoss=0.4820]
 Training FV-otc-s42-t8:  14%|█▍        | 7/50 [00:01<00:09,  4.30it/s, Saved at =inf, TrLoss=0.4820]
 Training FV-otc-s42-t8:  14%|█▍        | 7/50 [00:01<00:09,  4.30it/s, Saved at =inf, TrLoss=0.4272]
 Training FV-otc-s42-t8:  16%|█▌        | 8/50 [00:01<00:09,  4.27it/s, Saved at =inf, TrLoss=0.4272]
 Training FV-otc-s42-t8:  16%|█▌        | 8/50 [00:02<00:09,  4.27it/s, Saved at =inf, TrLoss=0.4122]
 Training FV-otc-s42-t8:  18%|█▊        | 9/50 [00:02<00:09,  4.29it/s, Saved at =inf, TrLoss=0.4122]
 Training FV-otc-s42-t8:  18%|█▊        | 9/50 [00:02<00:09,  4.29it/s, Saved at =inf, TrLoss=0.3677]
 Training FV-otc-s42-t8:  20%|██        | 10/50 [00:02<00:09,  4.29it/s, Saved at =inf, TrLoss=0.3677]
 Training FV-otc-s42-t8:  20%|██        | 10/50 [00:02<00:09,  4.29it/s, Saved at =inf, TrLoss=0.4060]
 Training FV-otc-s42-t8:  22%|██▏       | 11/50 [00:02<00:08,  4.37it/s, Saved at =inf, TrLoss=0.4060]
 Training FV-otc-s42-t8:  22%|██▏       | 11/50 [00:02<00:08,  4.37it/s, Saved at =inf, TrLoss=0.3620]
 Training FV-otc-s42-t8:  24%|██▍       | 12/50 [00:02<00:09,  4.21it/s, Saved at =inf, TrLoss=0.3620]
 Training FV-otc-s42-t8:  24%|██▍       | 12/50 [00:03<00:09,  4.21it/s, Saved at =inf, TrLoss=0.3707]
 Training FV-otc-s42-t8:  26%|██▌       | 13/50 [00:03<00:08,  4.19it/s, Saved at =inf, TrLoss=0.3707]
 Training FV-otc-s42-t8:  26%|██▌       | 13/50 [00:03<00:08,  4.19it/s, Saved at =inf, TrLoss=0.3242]
 Training FV-otc-s42-t8:  28%|██▊       | 14/50 [00:03<00:08,  4.17it/s, Saved at =inf, TrLoss=0.3242]
 Training FV-otc-s42-t8:  28%|██▊       | 14/50 [00:03<00:08,  4.17it/s, Saved at =inf, TrLoss=0.3287]
 Training FV-otc-s42-t8:  30%|███       | 15/50 [00:03<00:08,  4.08it/s, Saved at =inf, TrLoss=0.3287]
 Training FV-otc-s42-t8:  30%|███       | 15/50 [00:03<00:08,  4.08it/s, Saved at =inf, TrLoss=0.3159]
 Training FV-otc-s42-t8:  32%|███▏      | 16/50 [00:03<00:08,  4.11it/s, Saved at =inf, TrLoss=0.3159]
 Training FV-otc-s42-t8:  32%|███▏      | 16/50 [00:04<00:08,  4.11it/s, Saved at =inf, TrLoss=0.3283]
 Training FV-otc-s42-t8:  34%|███▍      | 17/50 [00:04<00:08,  4.08it/s, Saved at =inf, TrLoss=0.3283]
 Training FV-otc-s42-t8:  34%|███▍      | 17/50 [00:04<00:08,  4.08it/s, Saved at =inf, TrLoss=0.3003]
 Training FV-otc-s42-t8:  36%|███▌      | 18/50 [00:04<00:07,  4.14it/s, Saved at =inf, TrLoss=0.3003]
 Training FV-otc-s42-t8:  36%|███▌      | 18/50 [00:04<00:07,  4.14it/s, Saved at =inf, TrLoss=0.3049]
 Training FV-otc-s42-t8:  38%|███▊      | 19/50 [00:04<00:07,  4.17it/s, Saved at =inf, TrLoss=0.3049]
 Training FV-otc-s42-t8:  38%|███▊      | 19/50 [00:04<00:07,  4.17it/s, Saved at =inf, TrLoss=0.2851]
 Training FV-otc-s42-t8:  40%|████      | 20/50 [00:04<00:07,  4.07it/s, Saved at =inf, TrLoss=0.2851]
 Training FV-otc-s42-t8:  40%|████      | 20/50 [00:05<00:07,  4.07it/s, Saved at =inf, TrLoss=0.2871]
 Training FV-otc-s42-t8:  42%|████▏     | 21/50 [00:05<00:07,  3.95it/s, Saved at =inf, TrLoss=0.2871]
 Training FV-otc-s42-t8:  42%|████▏     | 21/50 [00:05<00:07,  3.95it/s, Saved at =inf, TrLoss=0.2757]
 Training FV-otc-s42-t8:  44%|████▍     | 22/50 [00:05<00:07,  3.80it/s, Saved at =inf, TrLoss=0.2757]
 Training FV-otc-s42-t8:  44%|████▍     | 22/50 [00:05<00:07,  3.80it/s, Saved at =inf, TrLoss=0.2861]
 Training FV-otc-s42-t8:  46%|████▌     | 23/50 [00:05<00:07,  3.74it/s, Saved at =inf, TrLoss=0.2861]
 Training FV-otc-s42-t8:  46%|████▌     | 23/50 [00:05<00:07,  3.74it/s, Saved at =inf, TrLoss=0.2606]
 Training FV-otc-s42-t8:  48%|████▊     | 24/50 [00:06<00:07,  3.52it/s, Saved at =inf, TrLoss=0.2606]
 Training FV-otc-s42-t8:  48%|████▊     | 24/50 [00:06<00:07,  3.52it/s, Saved at =inf, TrLoss=0.2780]
 Training FV-otc-s42-t8:  50%|█████     | 25/50 [00:06<00:06,  3.75it/s, Saved at =inf, TrLoss=0.2780]
 Training FV-otc-s42-t8:  50%|█████     | 25/50 [00:06<00:06,  3.75it/s, Saved at =inf, TrLoss=0.2547]
 Training FV-otc-s42-t8:  52%|█████▏    | 26/50 [00:06<00:06,  3.64it/s, Saved at =inf, TrLoss=0.2547]
 Training FV-otc-s42-t8:  52%|█████▏    | 26/50 [00:06<00:06,  3.64it/s, Saved at =inf, TrLoss=0.2688]
 Training FV-otc-s42-t8:  54%|█████▍    | 27/50 [00:06<00:06,  3.72it/s, Saved at =inf, TrLoss=0.2688]
 Training FV-otc-s42-t8:  54%|█████▍    | 27/50 [00:06<00:06,  3.72it/s, Saved at =inf, TrLoss=0.2587]
 Training FV-otc-s42-t8:  56%|█████▌    | 28/50 [00:07<00:06,  3.58it/s, Saved at =inf, TrLoss=0.2587]
 Training FV-otc-s42-t8:  56%|█████▌    | 28/50 [00:07<00:06,  3.58it/s, Saved at =inf, TrLoss=0.2521]
 Training FV-otc-s42-t8:  58%|█████▊    | 29/50 [00:07<00:05,  3.69it/s, Saved at =inf, TrLoss=0.2521]
 Training FV-otc-s42-t8:  58%|█████▊    | 29/50 [00:07<00:05,  3.69it/s, Saved at =inf, TrLoss=0.2465]
 Training FV-otc-s42-t8:  60%|██████    | 30/50 [00:07<00:05,  3.75it/s, Saved at =inf, TrLoss=0.2465]
 Training FV-otc-s42-t8:  60%|██████    | 30/50 [00:07<00:05,  3.75it/s, Saved at =inf, TrLoss=0.2450]
 Training FV-otc-s42-t8:  62%|██████▏   | 31/50 [00:07<00:04,  3.84it/s, Saved at =inf, TrLoss=0.2450]
 Training FV-otc-s42-t8:  62%|██████▏   | 31/50 [00:07<00:04,  3.84it/s, Saved at =inf, TrLoss=0.2433]
 Training FV-otc-s42-t8:  64%|██████▍   | 32/50 [00:08<00:04,  3.97it/s, Saved at =inf, TrLoss=0.2433]
 Training FV-otc-s42-t8:  64%|██████▍   | 32/50 [00:08<00:04,  3.97it/s, Saved at =inf, TrLoss=0.2399]
 Training FV-otc-s42-t8:  66%|██████▌   | 33/50 [00:08<00:04,  3.51it/s, Saved at =inf, TrLoss=0.2399]
 Training FV-otc-s42-t8:  66%|██████▌   | 33/50 [00:08<00:04,  3.51it/s, Saved at =inf, TrLoss=0.2353]
 Training FV-otc-s42-t8:  68%|██████▊   | 34/50 [00:08<00:04,  3.51it/s, Saved at =inf, TrLoss=0.2353]
 Training FV-otc-s42-t8:  68%|██████▊   | 34/50 [00:08<00:04,  3.51it/s, Saved at =inf, TrLoss=0.2370]
 Training FV-otc-s42-t8:  70%|███████   | 35/50 [00:09<00:04,  3.43it/s, Saved at =inf, TrLoss=0.2370]
 Training FV-otc-s42-t8:  70%|███████   | 35/50 [00:09<00:04,  3.43it/s, Saved at =inf, TrLoss=0.2343]
 Training FV-otc-s42-t8:  72%|███████▏  | 36/50 [00:09<00:04,  3.21it/s, Saved at =inf, TrLoss=0.2343]
 Training FV-otc-s42-t8:  72%|███████▏  | 36/50 [00:09<00:04,  3.21it/s, Saved at =inf, TrLoss=0.2345]
 Training FV-otc-s42-t8:  74%|███████▍  | 37/50 [00:09<00:03,  3.38it/s, Saved at =inf, TrLoss=0.2345]
 Training FV-otc-s42-t8:  74%|███████▍  | 37/50 [00:09<00:03,  3.38it/s, Saved at =inf, TrLoss=0.2334]
 Training FV-otc-s42-t8:  76%|███████▌  | 38/50 [00:09<00:03,  3.54it/s, Saved at =inf, TrLoss=0.2334]
 Training FV-otc-s42-t8:  76%|███████▌  | 38/50 [00:10<00:03,  3.54it/s, Saved at =inf, TrLoss=0.2289]
 Training FV-otc-s42-t8:  78%|███████▊  | 39/50 [00:10<00:03,  3.62it/s, Saved at =inf, TrLoss=0.2289]
 Training FV-otc-s42-t8:  78%|███████▊  | 39/50 [00:10<00:03,  3.62it/s, Saved at =inf, TrLoss=0.2313]
 Training FV-otc-s42-t8:  80%|████████  | 40/50 [00:10<00:02,  3.86it/s, Saved at =inf, TrLoss=0.2313]
 Training FV-otc-s42-t8:  80%|████████  | 40/50 [00:10<00:02,  3.86it/s, Saved at =inf, TrLoss=0.2219]
 Training FV-otc-s42-t8:  82%|████████▏ | 41/50 [00:10<00:02,  3.80it/s, Saved at =inf, TrLoss=0.2219]
 Training FV-otc-s42-t8:  82%|████████▏ | 41/50 [00:10<00:02,  3.80it/s, Saved at =inf, TrLoss=0.2294]
 Training FV-otc-s42-t8:  84%|████████▍ | 42/50 [00:10<00:02,  3.88it/s, Saved at =inf, TrLoss=0.2294]
 Training FV-otc-s42-t8:  84%|████████▍ | 42/50 [00:11<00:02,  3.88it/s, Saved at =inf, TrLoss=0.2212]
 Training FV-otc-s42-t8:  86%|████████▌ | 43/50 [00:11<00:01,  3.80it/s, Saved at =inf, TrLoss=0.2212]
 Training FV-otc-s42-t8:  86%|████████▌ | 43/50 [00:11<00:01,  3.80it/s, Saved at =inf, TrLoss=0.2257]
 Training FV-otc-s42-t8:  88%|████████▊ | 44/50 [00:11<00:01,  3.85it/s, Saved at =inf, TrLoss=0.2257]
 Training FV-otc-s42-t8:  88%|████████▊ | 44/50 [00:11<00:01,  3.85it/s, Saved at =inf, TrLoss=0.2235]
 Training FV-otc-s42-t8:  90%|█████████ | 45/50 [00:11<00:01,  3.67it/s, Saved at =inf, TrLoss=0.2235]
 Training FV-otc-s42-t8:  90%|█████████ | 45/50 [00:11<00:01,  3.67it/s, Saved at =inf, TrLoss=0.2220]
 Training FV-otc-s42-t8:  92%|█████████▏| 46/50 [00:11<00:01,  3.64it/s, Saved at =inf, TrLoss=0.2220]
 Training FV-otc-s42-t8:  92%|█████████▏| 46/50 [00:12<00:01,  3.64it/s, Saved at =inf, TrLoss=0.2234]
 Training FV-otc-s42-t8:  94%|█████████▍| 47/50 [00:12<00:00,  3.87it/s, Saved at =inf, TrLoss=0.2234]
 Training FV-otc-s42-t8:  94%|█████████▍| 47/50 [00:12<00:00,  3.87it/s, Saved at =inf, TrLoss=0.2143]
 Training FV-otc-s42-t8:  96%|█████████▌| 48/50 [00:12<00:00,  4.17it/s, Saved at =inf, TrLoss=0.2143]
 Training FV-otc-s42-t8:  96%|█████████▌| 48/50 [00:12<00:00,  4.17it/s, Saved at =inf, TrLoss=0.2240]
 Training FV-otc-s42-t8:  98%|█████████▊| 49/50 [00:12<00:00,  4.33it/s, Saved at =inf, TrLoss=0.2240]
 Training FV-otc-s42-t8:  98%|█████████▊| 49/50 [00:12<00:00,  4.33it/s, Saved at =inf, TrLoss=0.2076]
 Training FV-otc-s42-t8: 100%|██████████| 50/50 [00:12<00:00,  4.32it/s, Saved at =inf, TrLoss=0.2076]
 Training FV-otc-s42-t8: 100%|██████████| 50/50 [00:12<00:00,  3.89it/s, Saved at =inf, TrLoss=0.2076]

 Training FV-otc-s42-t9:   0%|          | 0/50 [00:00<?, ?it/s]
 Training FV-otc-s42-t9:   0%|          | 0/50 [00:00<?, ?it/s, Saved at =inf, TrLoss=0.9548]
 Training FV-otc-s42-t9:   2%|▏         | 1/50 [00:00<00:11,  4.14it/s, Saved at =inf, TrLoss=0.9548]
 Training FV-otc-s42-t9:   2%|▏         | 1/50 [00:00<00:11,  4.14it/s, Saved at =inf, TrLoss=0.7471]
 Training FV-otc-s42-t9:   4%|▍         | 2/50 [00:00<00:12,  3.71it/s, Saved at =inf, TrLoss=0.7471]
 Training FV-otc-s42-t9:   4%|▍         | 2/50 [00:00<00:12,  3.71it/s, Saved at =inf, TrLoss=0.7085]
 Training FV-otc-s42-t9:   6%|▌         | 3/50 [00:00<00:12,  3.85it/s, Saved at =inf, TrLoss=0.7085]
 Training FV-otc-s42-t9:   6%|▌         | 3/50 [00:00<00:12,  3.85it/s, Saved at =inf, TrLoss=0.6100]
 Training FV-otc-s42-t9:   8%|▊         | 4/50 [00:00<00:11,  4.13it/s, Saved at =inf, TrLoss=0.6100]
 Training FV-otc-s42-t9:   8%|▊         | 4/50 [00:01<00:11,  4.13it/s, Saved at =inf, TrLoss=0.6046]
 Training FV-otc-s42-t9:  10%|█         | 5/50 [00:01<00:11,  4.02it/s, Saved at =inf, TrLoss=0.6046]
 Training FV-otc-s42-t9:  10%|█         | 5/50 [00:01<00:11,  4.02it/s, Saved at =inf, TrLoss=0.5337]
 Training FV-otc-s42-t9:  12%|█▏        | 6/50 [00:01<00:11,  3.73it/s, Saved at =inf, TrLoss=0.5337]
 Training FV-otc-s42-t9:  12%|█▏        | 6/50 [00:01<00:11,  3.73it/s, Saved at =inf, TrLoss=0.4918]
 Training FV-otc-s42-t9:  14%|█▍        | 7/50 [00:01<00:11,  3.84it/s, Saved at =inf, TrLoss=0.4918]
 Training FV-otc-s42-t9:  14%|█▍        | 7/50 [00:01<00:11,  3.84it/s, Saved at =inf, TrLoss=0.4298]
 Training FV-otc-s42-t9:  16%|█▌        | 8/50 [00:02<00:10,  3.91it/s, Saved at =inf, TrLoss=0.4298]
 Training FV-otc-s42-t9:  16%|█▌        | 8/50 [00:02<00:10,  3.91it/s, Saved at =inf, TrLoss=0.4117]
 Training FV-otc-s42-t9:  18%|█▊        | 9/50 [00:02<00:10,  3.90it/s, Saved at =inf, TrLoss=0.4117]
 Training FV-otc-s42-t9:  18%|█▊        | 9/50 [00:02<00:10,  3.90it/s, Saved at =inf, TrLoss=0.3715]
 Training FV-otc-s42-t9:  20%|██        | 10/50 [00:02<00:10,  3.74it/s, Saved at =inf, TrLoss=0.3715]
 Training FV-otc-s42-t9:  20%|██        | 10/50 [00:02<00:10,  3.74it/s, Saved at =inf, TrLoss=0.3872]
 Training FV-otc-s42-t9:  22%|██▏       | 11/50 [00:02<00:10,  3.70it/s, Saved at =inf, TrLoss=0.3872]
 Training FV-otc-s42-t9:  22%|██▏       | 11/50 [00:03<00:10,  3.70it/s, Saved at =inf, TrLoss=0.3852]
 Training FV-otc-s42-t9:  24%|██▍       | 12/50 [00:03<00:11,  3.31it/s, Saved at =inf, TrLoss=0.3852]
 Training FV-otc-s42-t9:  24%|██▍       | 12/50 [00:03<00:11,  3.31it/s, Saved at =inf, TrLoss=0.3640]
 Training FV-otc-s42-t9:  26%|██▌       | 13/50 [00:03<00:11,  3.22it/s, Saved at =inf, TrLoss=0.3640]
 Training FV-otc-s42-t9:  26%|██▌       | 13/50 [00:03<00:11,  3.22it/s, Saved at =inf, TrLoss=0.3441]
 Training FV-otc-s42-t9:  28%|██▊       | 14/50 [00:03<00:10,  3.28it/s, Saved at =inf, TrLoss=0.3441]
 Training FV-otc-s42-t9:  28%|██▊       | 14/50 [00:04<00:10,  3.28it/s, Saved at =inf, TrLoss=0.3265]
 Training FV-otc-s42-t9:  30%|███       | 15/50 [00:04<00:11,  3.17it/s, Saved at =inf, TrLoss=0.3265]
 Training FV-otc-s42-t9:  30%|███       | 15/50 [00:04<00:11,  3.17it/s, Saved at =inf, TrLoss=0.3238]
 Training FV-otc-s42-t9:  32%|███▏      | 16/50 [00:04<00:10,  3.30it/s, Saved at =inf, TrLoss=0.3238]
 Training FV-otc-s42-t9:  32%|███▏      | 16/50 [00:04<00:10,  3.30it/s, Saved at =inf, TrLoss=0.3214]
 Training FV-otc-s42-t9:  34%|███▍      | 17/50 [00:04<00:09,  3.42it/s, Saved at =inf, TrLoss=0.3214]
 Training FV-otc-s42-t9:  34%|███▍      | 17/50 [00:04<00:09,  3.42it/s, Saved at =inf, TrLoss=0.3052]
 Training FV-otc-s42-t9:  36%|███▌      | 18/50 [00:05<00:09,  3.42it/s, Saved at =inf, TrLoss=0.3052]
 Training FV-otc-s42-t9:  36%|███▌      | 18/50 [00:05<00:09,  3.42it/s, Saved at =inf, TrLoss=0.3050]
 Training FV-otc-s42-t9:  38%|███▊      | 19/50 [00:05<00:09,  3.29it/s, Saved at =inf, TrLoss=0.3050]
 Training FV-otc-s42-t9:  38%|███▊      | 19/50 [00:05<00:09,  3.29it/s, Saved at =inf, TrLoss=0.2984]
 Training FV-otc-s42-t9:  40%|████      | 20/50 [00:05<00:08,  3.46it/s, Saved at =inf, TrLoss=0.2984]
 Training FV-otc-s42-t9:  40%|████      | 20/50 [00:05<00:08,  3.46it/s, Saved at =inf, TrLoss=0.2916]
 Training FV-otc-s42-t9:  42%|████▏     | 21/50 [00:05<00:07,  3.77it/s, Saved at =inf, TrLoss=0.2916]
 Training FV-otc-s42-t9:  42%|████▏     | 21/50 [00:05<00:07,  3.77it/s, Saved at =inf, TrLoss=0.2817]
 Training FV-otc-s42-t9:  44%|████▍     | 22/50 [00:06<00:07,  3.98it/s, Saved at =inf, TrLoss=0.2817]
 Training FV-otc-s42-t9:  44%|████▍     | 22/50 [00:06<00:07,  3.98it/s, Saved at =inf, TrLoss=0.2785]
 Training FV-otc-s42-t9:  46%|████▌     | 23/50 [00:06<00:06,  4.02it/s, Saved at =inf, TrLoss=0.2785]
 Training FV-otc-s42-t9:  46%|████▌     | 23/50 [00:06<00:06,  4.02it/s, Saved at =inf, TrLoss=0.2755]
 Training FV-otc-s42-t9:  48%|████▊     | 24/50 [00:06<00:06,  3.88it/s, Saved at =inf, TrLoss=0.2755]
 Training FV-otc-s42-t9:  48%|████▊     | 24/50 [00:06<00:06,  3.88it/s, Saved at =inf, TrLoss=0.2669]
 Training FV-otc-s42-t9:  50%|█████     | 25/50 [00:06<00:07,  3.57it/s, Saved at =inf, TrLoss=0.2669]
 Training FV-otc-s42-t9:  50%|█████     | 25/50 [00:07<00:07,  3.57it/s, Saved at =inf, TrLoss=0.2637]
 Training FV-otc-s42-t9:  52%|█████▏    | 26/50 [00:07<00:07,  3.18it/s, Saved at =inf, TrLoss=0.2637]
 Training FV-otc-s42-t9:  52%|█████▏    | 26/50 [00:07<00:07,  3.18it/s, Saved at =inf, TrLoss=0.2601]
 Training FV-otc-s42-t9:  54%|█████▍    | 27/50 [00:07<00:07,  3.21it/s, Saved at =inf, TrLoss=0.2601]
 Training FV-otc-s42-t9:  54%|█████▍    | 27/50 [00:07<00:07,  3.21it/s, Saved at =inf, TrLoss=0.2597]
 Training FV-otc-s42-t9:  56%|█████▌    | 28/50 [00:07<00:07,  3.14it/s, Saved at =inf, TrLoss=0.2597]
 Training FV-otc-s42-t9:  56%|█████▌    | 28/50 [00:08<00:07,  3.14it/s, Saved at =inf, TrLoss=0.2625]
 Training FV-otc-s42-t9:  58%|█████▊    | 29/50 [00:08<00:07,  2.90it/s, Saved at =inf, TrLoss=0.2625]
 Training FV-otc-s42-t9:  58%|█████▊    | 29/50 [00:08<00:07,  2.90it/s, Saved at =inf, TrLoss=0.2657]
 Training FV-otc-s42-t9:  60%|██████    | 30/50 [00:08<00:06,  3.01it/s, Saved at =inf, TrLoss=0.2657]
 Training FV-otc-s42-t9:  60%|██████    | 30/50 [00:08<00:06,  3.01it/s, Saved at =inf, TrLoss=0.2544]
 Training FV-otc-s42-t9:  62%|██████▏   | 31/50 [00:08<00:06,  3.02it/s, Saved at =inf, TrLoss=0.2544]
 Training FV-otc-s42-t9:  62%|██████▏   | 31/50 [00:09<00:06,  3.02it/s, Saved at =inf, TrLoss=0.2405]
 Training FV-otc-s42-t9:  64%|██████▍   | 32/50 [00:09<00:06,  2.82it/s, Saved at =inf, TrLoss=0.2405]
 Training FV-otc-s42-t9:  64%|██████▍   | 32/50 [00:09<00:06,  2.82it/s, Saved at =inf, TrLoss=0.2483]
 Training FV-otc-s42-t9:  66%|██████▌   | 33/50 [00:09<00:06,  2.72it/s, Saved at =inf, TrLoss=0.2483]
 Training FV-otc-s42-t9:  66%|██████▌   | 33/50 [00:10<00:06,  2.72it/s, Saved at =inf, TrLoss=0.2435]
 Training FV-otc-s42-t9:  68%|██████▊   | 34/50 [00:10<00:06,  2.52it/s, Saved at =inf, TrLoss=0.2435]
 Training FV-otc-s42-t9:  68%|██████▊   | 34/50 [00:10<00:06,  2.52it/s, Saved at =inf, TrLoss=0.2368]
 Training FV-otc-s42-t9:  70%|███████   | 35/50 [00:10<00:05,  2.56it/s, Saved at =inf, TrLoss=0.2368]
 Training FV-otc-s42-t9:  70%|███████   | 35/50 [00:10<00:05,  2.56it/s, Saved at =inf, TrLoss=0.2399]
 Training FV-otc-s42-t9:  72%|███████▏  | 36/50 [00:10<00:04,  2.83it/s, Saved at =inf, TrLoss=0.2399]
 Training FV-otc-s42-t9:  72%|███████▏  | 36/50 [00:11<00:04,  2.83it/s, Saved at =inf, TrLoss=0.2308]
 Training FV-otc-s42-t9:  74%|███████▍  | 37/50 [00:11<00:04,  3.03it/s, Saved at =inf, TrLoss=0.2308]
 Training FV-otc-s42-t9:  74%|███████▍  | 37/50 [00:11<00:04,  3.03it/s, Saved at =inf, TrLoss=0.2286]
 Training FV-otc-s42-t9:  76%|███████▌  | 38/50 [00:11<00:03,  3.17it/s, Saved at =inf, TrLoss=0.2286]
 Training FV-otc-s42-t9:  76%|███████▌  | 38/50 [00:11<00:03,  3.17it/s, Saved at =inf, TrLoss=0.2286]
 Training FV-otc-s42-t9:  78%|███████▊  | 39/50 [00:11<00:03,  3.27it/s, Saved at =inf, TrLoss=0.2286]
 Training FV-otc-s42-t9:  78%|███████▊  | 39/50 [00:11<00:03,  3.27it/s, Saved at =inf, TrLoss=0.2249]
 Training FV-otc-s42-t9:  80%|████████  | 40/50 [00:12<00:02,  3.41it/s, Saved at =inf, TrLoss=0.2249]
 Training FV-otc-s42-t9:  80%|████████  | 40/50 [00:12<00:02,  3.41it/s, Saved at =inf, TrLoss=0.2228]
 Training FV-otc-s42-t9:  82%|████████▏ | 41/50 [00:12<00:02,  3.48it/s, Saved at =inf, TrLoss=0.2228]
 Training FV-otc-s42-t9:  82%|████████▏ | 41/50 [00:12<00:02,  3.48it/s, Saved at =inf, TrLoss=0.2231]
 Training FV-otc-s42-t9:  84%|████████▍ | 42/50 [00:12<00:02,  3.54it/s, Saved at =inf, TrLoss=0.2231]
 Training FV-otc-s42-t9:  84%|████████▍ | 42/50 [00:12<00:02,  3.54it/s, Saved at =inf, TrLoss=0.2217]
 Training FV-otc-s42-t9:  86%|████████▌ | 43/50 [00:12<00:01,  3.57it/s, Saved at =inf, TrLoss=0.2217]
 Training FV-otc-s42-t9:  86%|████████▌ | 43/50 [00:13<00:01,  3.57it/s, Saved at =inf, TrLoss=0.2240]
 Training FV-otc-s42-t9:  88%|████████▊ | 44/50 [00:13<00:01,  3.65it/s, Saved at =inf, TrLoss=0.2240]
 Training FV-otc-s42-t9:  88%|████████▊ | 44/50 [00:13<00:01,  3.65it/s, Saved at =inf, TrLoss=0.2232]
 Training FV-otc-s42-t9:  90%|█████████ | 45/50 [00:13<00:01,  3.66it/s, Saved at =inf, TrLoss=0.2232]
 Training FV-otc-s42-t9:  90%|█████████ | 45/50 [00:13<00:01,  3.66it/s, Saved at =inf, TrLoss=0.2135]
 Training FV-otc-s42-t9:  92%|█████████▏| 46/50 [00:13<00:01,  3.64it/s, Saved at =inf, TrLoss=0.2135]
 Training FV-otc-s42-t9:  92%|█████████▏| 46/50 [00:13<00:01,  3.64it/s, Saved at =inf, TrLoss=0.2243]
 Training FV-otc-s42-t9:  94%|█████████▍| 47/50 [00:13<00:00,  3.57it/s, Saved at =inf, TrLoss=0.2243]
 Training FV-otc-s42-t9:  94%|█████████▍| 47/50 [00:14<00:00,  3.57it/s, Saved at =inf, TrLoss=0.2119]
 Training FV-otc-s42-t9:  96%|█████████▌| 48/50 [00:14<00:00,  3.68it/s, Saved at =inf, TrLoss=0.2119]
 Training FV-otc-s42-t9:  96%|█████████▌| 48/50 [00:14<00:00,  3.68it/s, Saved at =inf, TrLoss=0.2143]
 Training FV-otc-s42-t9:  98%|█████████▊| 49/50 [00:14<00:00,  3.78it/s, Saved at =inf, TrLoss=0.2143]
 Training FV-otc-s42-t9:  98%|█████████▊| 49/50 [00:14<00:00,  3.78it/s, Saved at =inf, TrLoss=0.2131]
 Training FV-otc-s42-t9: 100%|██████████| 50/50 [00:14<00:00,  3.77it/s, Saved at =inf, TrLoss=0.2131]
 Training FV-otc-s42-t9: 100%|██████████| 50/50 [00:14<00:00,  3.40it/s, Saved at =inf, TrLoss=0.2131]

 Training ATK-otc-s42-t7:   0%|          | 0/50 [00:00<?, ?it/s]
 Training ATK-otc-s42-t7:   0%|          | 0/50 [00:00<?, ?it/s, Saved at =inf, TrLoss=0.6894]
 Training ATK-otc-s42-t7:   2%|▏         | 1/50 [00:00<00:08,  5.78it/s, Saved at =inf, TrLoss=0.6894]
 Training ATK-otc-s42-t7:   2%|▏         | 1/50 [00:00<00:08,  5.78it/s, Saved at =inf, TrLoss=0.6593]
 Training ATK-otc-s42-t7:   4%|▍         | 2/50 [00:00<00:08,  5.92it/s, Saved at =inf, TrLoss=0.6593]
 Training ATK-otc-s42-t7:   4%|▍         | 2/50 [00:00<00:08,  5.92it/s, Saved at =inf, TrLoss=0.6793]
 Training ATK-otc-s42-t7:   6%|▌         | 3/50 [00:00<00:07,  5.88it/s, Saved at =inf, TrLoss=0.6793]
 Training ATK-otc-s42-t7:   6%|▌         | 3/50 [00:00<00:07,  5.88it/s, Saved at =inf, TrLoss=0.5581]
 Training ATK-otc-s42-t7:   8%|▊         | 4/50 [00:00<00:07,  6.09it/s, Saved at =inf, TrLoss=0.5581]
 Training ATK-otc-s42-t7:   8%|▊         | 4/50 [00:00<00:07,  6.09it/s, Saved at =inf, TrLoss=0.4691]
 Training ATK-otc-s42-t7:  10%|█         | 5/50 [00:00<00:07,  6.05it/s, Saved at =inf, TrLoss=0.4691]
 Training ATK-otc-s42-t7:  10%|█         | 5/50 [00:00<00:07,  6.05it/s, Saved at =inf, TrLoss=0.5048]
 Training ATK-otc-s42-t7:  12%|█▏        | 6/50 [00:01<00:08,  5.40it/s, Saved at =inf, TrLoss=0.5048]
 Training ATK-otc-s42-t7:  12%|█▏        | 6/50 [00:01<00:08,  5.40it/s, Saved at =inf, TrLoss=0.4910]
 Training ATK-otc-s42-t7:  14%|█▍        | 7/50 [00:01<00:08,  5.30it/s, Saved at =inf, TrLoss=0.4910]
 Training ATK-otc-s42-t7:  14%|█▍        | 7/50 [00:01<00:08,  5.30it/s, Saved at =inf, TrLoss=0.4054]
 Training ATK-otc-s42-t7:  16%|█▌        | 8/50 [00:01<00:08,  4.98it/s, Saved at =inf, TrLoss=0.4054]
 Training ATK-otc-s42-t7:  16%|█▌        | 8/50 [00:01<00:08,  4.98it/s, Saved at =inf, TrLoss=0.3655]
 Training ATK-otc-s42-t7:  18%|█▊        | 9/50 [00:01<00:07,  5.33it/s, Saved at =inf, TrLoss=0.3655]
 Training ATK-otc-s42-t7:  18%|█▊        | 9/50 [00:01<00:07,  5.33it/s, Saved at =inf, TrLoss=0.3788]
 Training ATK-otc-s42-t7:  20%|██        | 10/50 [00:01<00:07,  5.62it/s, Saved at =inf, TrLoss=0.3788]
 Training ATK-otc-s42-t7:  20%|██        | 10/50 [00:01<00:07,  5.62it/s, Saved at =inf, TrLoss=0.3430]
 Training ATK-otc-s42-t7:  22%|██▏       | 11/50 [00:01<00:06,  5.85it/s, Saved at =inf, TrLoss=0.3430]
 Training ATK-otc-s42-t7:  22%|██▏       | 11/50 [00:02<00:06,  5.85it/s, Saved at =inf, TrLoss=0.3530]
 Training ATK-otc-s42-t7:  24%|██▍       | 12/50 [00:02<00:07,  5.38it/s, Saved at =inf, TrLoss=0.3530]
 Training ATK-otc-s42-t7:  24%|██▍       | 12/50 [00:02<00:07,  5.38it/s, Saved at =inf, TrLoss=0.3435]
 Training ATK-otc-s42-t7:  26%|██▌       | 13/50 [00:02<00:07,  5.22it/s, Saved at =inf, TrLoss=0.3435]
 Training ATK-otc-s42-t7:  26%|██▌       | 13/50 [00:02<00:07,  5.22it/s, Saved at =inf, TrLoss=0.3108]
 Training ATK-otc-s42-t7:  28%|██▊       | 14/50 [00:02<00:07,  5.09it/s, Saved at =inf, TrLoss=0.3108]
 Training ATK-otc-s42-t7:  28%|██▊       | 14/50 [00:02<00:07,  5.09it/s, Saved at =inf, TrLoss=0.3025]
 Training ATK-otc-s42-t7:  30%|███       | 15/50 [00:02<00:06,  5.20it/s, Saved at =inf, TrLoss=0.3025]
 Training ATK-otc-s42-t7:  30%|███       | 15/50 [00:02<00:06,  5.20it/s, Saved at =inf, TrLoss=0.2961]
 Training ATK-otc-s42-t7:  32%|███▏      | 16/50 [00:02<00:06,  5.49it/s, Saved at =inf, TrLoss=0.2961]
 Training ATK-otc-s42-t7:  32%|███▏      | 16/50 [00:03<00:06,  5.49it/s, Saved at =inf, TrLoss=0.2879]
 Training ATK-otc-s42-t7:  34%|███▍      | 17/50 [00:03<00:05,  5.74it/s, Saved at =inf, TrLoss=0.2879]
 Training ATK-otc-s42-t7:  34%|███▍      | 17/50 [00:03<00:05,  5.74it/s, Saved at =inf, TrLoss=0.2832]
 Training ATK-otc-s42-t7:  36%|███▌      | 18/50 [00:03<00:05,  5.78it/s, Saved at =inf, TrLoss=0.2832]
 Training ATK-otc-s42-t7:  36%|███▌      | 18/50 [00:03<00:05,  5.78it/s, Saved at =inf, TrLoss=0.2840]
 Training ATK-otc-s42-t7:  38%|███▊      | 19/50 [00:03<00:05,  5.54it/s, Saved at =inf, TrLoss=0.2840]
 Training ATK-otc-s42-t7:  38%|███▊      | 19/50 [00:03<00:05,  5.54it/s, Saved at =inf, TrLoss=0.2722]
 Training ATK-otc-s42-t7:  40%|████      | 20/50 [00:03<00:05,  5.23it/s, Saved at =inf, TrLoss=0.2722]
 Training ATK-otc-s42-t7:  40%|████      | 20/50 [00:03<00:05,  5.23it/s, Saved at =inf, TrLoss=0.2772]
 Training ATK-otc-s42-t7:  42%|████▏     | 21/50 [00:03<00:05,  5.23it/s, Saved at =inf, TrLoss=0.2772]
 Training ATK-otc-s42-t7:  42%|████▏     | 21/50 [00:04<00:05,  5.23it/s, Saved at =inf, TrLoss=0.2685]
 Training ATK-otc-s42-t7:  44%|████▍     | 22/50 [00:04<00:05,  4.96it/s, Saved at =inf, TrLoss=0.2685]
 Training ATK-otc-s42-t7:  44%|████▍     | 22/50 [00:04<00:05,  4.96it/s, Saved at =inf, TrLoss=0.2601]
 Training ATK-otc-s42-t7:  46%|████▌     | 23/50 [00:04<00:05,  4.81it/s, Saved at =inf, TrLoss=0.2601]
 Training ATK-otc-s42-t7:  46%|████▌     | 23/50 [00:04<00:05,  4.81it/s, Saved at =inf, TrLoss=0.2494]
 Training ATK-otc-s42-t7:  48%|████▊     | 24/50 [00:04<00:05,  4.63it/s, Saved at =inf, TrLoss=0.2494]
 Training ATK-otc-s42-t7:  48%|████▊     | 24/50 [00:04<00:05,  4.63it/s, Saved at =inf, TrLoss=0.2472]
 Training ATK-otc-s42-t7:  50%|█████     | 25/50 [00:04<00:05,  4.60it/s, Saved at =inf, TrLoss=0.2472]
 Training ATK-otc-s42-t7:  50%|█████     | 25/50 [00:04<00:05,  4.60it/s, Saved at =inf, TrLoss=0.2412]
 Training ATK-otc-s42-t7:  52%|█████▏    | 26/50 [00:04<00:05,  4.71it/s, Saved at =inf, TrLoss=0.2412]
 Training ATK-otc-s42-t7:  52%|█████▏    | 26/50 [00:05<00:05,  4.71it/s, Saved at =inf, TrLoss=0.2396]
 Training ATK-otc-s42-t7:  54%|█████▍    | 27/50 [00:05<00:04,  4.82it/s, Saved at =inf, TrLoss=0.2396]
 Training ATK-otc-s42-t7:  54%|█████▍    | 27/50 [00:05<00:04,  4.82it/s, Saved at =inf, TrLoss=0.2361]
 Training ATK-otc-s42-t7:  56%|█████▌    | 28/50 [00:05<00:04,  5.21it/s, Saved at =inf, TrLoss=0.2361]
 Training ATK-otc-s42-t7:  56%|█████▌    | 28/50 [00:05<00:04,  5.21it/s, Saved at =inf, TrLoss=0.2320]
 Training ATK-otc-s42-t7:  58%|█████▊    | 29/50 [00:05<00:03,  5.29it/s, Saved at =inf, TrLoss=0.2320]
 Training ATK-otc-s42-t7:  58%|█████▊    | 29/50 [00:05<00:03,  5.29it/s, Saved at =inf, TrLoss=0.2271]
 Training ATK-otc-s42-t7:  60%|██████    | 30/50 [00:05<00:03,  5.23it/s, Saved at =inf, TrLoss=0.2271]
 Training ATK-otc-s42-t7:  60%|██████    | 30/50 [00:05<00:03,  5.23it/s, Saved at =inf, TrLoss=0.2270]
 Training ATK-otc-s42-t7:  62%|██████▏   | 31/50 [00:05<00:03,  5.29it/s, Saved at =inf, TrLoss=0.2270]
 Training ATK-otc-s42-t7:  62%|██████▏   | 31/50 [00:06<00:03,  5.29it/s, Saved at =inf, TrLoss=0.2257]
 Training ATK-otc-s42-t7:  64%|██████▍   | 32/50 [00:06<00:03,  5.17it/s, Saved at =inf, TrLoss=0.2257]
 Training ATK-otc-s42-t7:  64%|██████▍   | 32/50 [00:06<00:03,  5.17it/s, Saved at =inf, TrLoss=0.2195]
 Training ATK-otc-s42-t7:  66%|██████▌   | 33/50 [00:06<00:03,  5.06it/s, Saved at =inf, TrLoss=0.2195]
 Training ATK-otc-s42-t7:  66%|██████▌   | 33/50 [00:06<00:03,  5.06it/s, Saved at =inf, TrLoss=0.2213]
 Training ATK-otc-s42-t7:  68%|██████▊   | 34/50 [00:06<00:03,  4.98it/s, Saved at =inf, TrLoss=0.2213]
 Training ATK-otc-s42-t7:  68%|██████▊   | 34/50 [00:06<00:03,  4.98it/s, Saved at =inf, TrLoss=0.2239]
 Training ATK-otc-s42-t7:  70%|███████   | 35/50 [00:06<00:03,  4.93it/s, Saved at =inf, TrLoss=0.2239]
 Training ATK-otc-s42-t7:  70%|███████   | 35/50 [00:06<00:03,  4.93it/s, Saved at =inf, TrLoss=0.2121]
 Training ATK-otc-s42-t7:  72%|███████▏  | 36/50 [00:06<00:02,  5.12it/s, Saved at =inf, TrLoss=0.2121]
 Training ATK-otc-s42-t7:  72%|███████▏  | 36/50 [00:06<00:02,  5.12it/s, Saved at =inf, TrLoss=0.2112]
 Training ATK-otc-s42-t7:  74%|███████▍  | 37/50 [00:07<00:02,  5.46it/s, Saved at =inf, TrLoss=0.2112]
 Training ATK-otc-s42-t7:  74%|███████▍  | 37/50 [00:07<00:02,  5.46it/s, Saved at =inf, TrLoss=0.2079]
 Training ATK-otc-s42-t7:  76%|███████▌  | 38/50 [00:07<00:02,  5.73it/s, Saved at =inf, TrLoss=0.2079]
 Training ATK-otc-s42-t7:  76%|███████▌  | 38/50 [00:07<00:02,  5.73it/s, Saved at =inf, TrLoss=0.2049]
 Training ATK-otc-s42-t7:  78%|███████▊  | 39/50 [00:07<00:01,  5.75it/s, Saved at =inf, TrLoss=0.2049]
 Training ATK-otc-s42-t7:  78%|███████▊  | 39/50 [00:07<00:01,  5.75it/s, Saved at =inf, TrLoss=0.2071]
 Training ATK-otc-s42-t7:  80%|████████  | 40/50 [00:07<00:01,  5.46it/s, Saved at =inf, TrLoss=0.2071]
 Training ATK-otc-s42-t7:  80%|████████  | 40/50 [00:07<00:01,  5.46it/s, Saved at =inf, TrLoss=0.1977]
 Training ATK-otc-s42-t7:  82%|████████▏ | 41/50 [00:07<00:01,  5.38it/s, Saved at =inf, TrLoss=0.1977]
 Training ATK-otc-s42-t7:  82%|████████▏ | 41/50 [00:07<00:01,  5.38it/s, Saved at =inf, TrLoss=0.1997]
 Training ATK-otc-s42-t7:  84%|████████▍ | 42/50 [00:07<00:01,  5.66it/s, Saved at =inf, TrLoss=0.1997]
 Training ATK-otc-s42-t7:  84%|████████▍ | 42/50 [00:08<00:01,  5.66it/s, Saved at =inf, TrLoss=0.1943]
 Training ATK-otc-s42-t7:  86%|████████▌ | 43/50 [00:08<00:01,  5.88it/s, Saved at =inf, TrLoss=0.1943]
 Training ATK-otc-s42-t7:  86%|████████▌ | 43/50 [00:08<00:01,  5.88it/s, Saved at =inf, TrLoss=0.2028]
 Training ATK-otc-s42-t7:  88%|████████▊ | 44/50 [00:08<00:00,  6.04it/s, Saved at =inf, TrLoss=0.2028]
 Training ATK-otc-s42-t7:  88%|████████▊ | 44/50 [00:08<00:00,  6.04it/s, Saved at =inf, TrLoss=0.1983]
 Training ATK-otc-s42-t7:  90%|█████████ | 45/50 [00:08<00:00,  6.16it/s, Saved at =inf, TrLoss=0.1983]
 Training ATK-otc-s42-t7:  90%|█████████ | 45/50 [00:08<00:00,  6.16it/s, Saved at =inf, TrLoss=0.2007]
 Training ATK-otc-s42-t7:  92%|█████████▏| 46/50 [00:08<00:00,  6.22it/s, Saved at =inf, TrLoss=0.2007]
 Training ATK-otc-s42-t7:  92%|█████████▏| 46/50 [00:08<00:00,  6.22it/s, Saved at =inf, TrLoss=0.1991]
 Training ATK-otc-s42-t7:  94%|█████████▍| 47/50 [00:08<00:00,  5.96it/s, Saved at =inf, TrLoss=0.1991]
 Training ATK-otc-s42-t7:  94%|█████████▍| 47/50 [00:08<00:00,  5.96it/s, Saved at =inf, TrLoss=0.1928]
 Training ATK-otc-s42-t7:  96%|█████████▌| 48/50 [00:08<00:00,  6.10it/s, Saved at =inf, TrLoss=0.1928]
 Training ATK-otc-s42-t7:  96%|█████████▌| 48/50 [00:08<00:00,  6.10it/s, Saved at =inf, TrLoss=0.2000]
 Training ATK-otc-s42-t7:  98%|█████████▊| 49/50 [00:09<00:00,  6.20it/s, Saved at =inf, TrLoss=0.2000]
 Training ATK-otc-s42-t7:  98%|█████████▊| 49/50 [00:09<00:00,  6.20it/s, Saved at =inf, TrLoss=0.1817]
 Training ATK-otc-s42-t7: 100%|██████████| 50/50 [00:09<00:00,  6.00it/s, Saved at =inf, TrLoss=0.1817]
 Training ATK-otc-s42-t7: 100%|██████████| 50/50 [00:09<00:00,  5.43it/s, Saved at =inf, TrLoss=0.1817]
[15:00:57]   MCC=0.397±0.105, AUC=0.760±0.075, BAcc=0.680±0.047
[15:05:16]   [otc s42] 1000/3269 candidates scanned, 954 eligible
[15:07:25]   [otc s42] 1500/3269 candidates scanned, 1404 eligible
[15:09:00]   [otc s42] 2000/3269 candidates scanned, 1759 eligible
[15:10:54]   [otc s42] 2500/3269 candidates scanned, 2185 eligible
[15:12:34]   [otc s42] 3000/3269 candidates scanned, 2558 eligible
[15:13:21]   otc seed 42: n=2726 AUC=0.760 | flip% random total/prop 38.9/20.3 | optimized 53.2/32.2 | 13.7 min
[15:13:21] Training GDTE on otc (seed=1)...

 Training FV-otc-s1-t2:   0%|          | 0/50 [00:00<?, ?it/s]
 Training FV-otc-s1-t2:   0%|          | 0/50 [00:00<?, ?it/s, Saved at =inf, TrLoss=0.9012]
 Training FV-otc-s1-t2:   0%|          | 0/50 [00:00<?, ?it/s, Saved at =inf, TrLoss=0.9939]
 Training FV-otc-s1-t2:   4%|▍         | 2/50 [00:00<00:02, 19.34it/s, Saved at =inf, TrLoss=0.9939]
 Training FV-otc-s1-t2:   4%|▍         | 2/50 [00:00<00:02, 19.34it/s, Saved at =inf, TrLoss=0.5639]
 Training FV-otc-s1-t2:   4%|▍         | 2/50 [00:00<00:02, 19.34it/s, Saved at =inf, TrLoss=0.5064]
 Training FV-otc-s1-t2:   4%|▍         | 2/50 [00:00<00:02, 19.34it/s, Saved at =inf, TrLoss=0.4151]
 Training FV-otc-s1-t2:  10%|█         | 5/50 [00:00<00:02, 19.90it/s, Saved at =inf, TrLoss=0.4151]
 Training FV-otc-s1-t2:  10%|█         | 5/50 [00:00<00:02, 19.90it/s, Saved at =inf, TrLoss=0.3388]
 Training FV-otc-s1-t2:  10%|█         | 5/50 [00:00<00:02, 19.90it/s, Saved at =inf, TrLoss=0.2754]
 Training FV-otc-s1-t2:  10%|█         | 5/50 [00:00<00:02, 19.90it/s, Saved at =inf, TrLoss=0.2330]
 Training FV-otc-s1-t2:  16%|█▌        | 8/50 [00:00<00:02, 20.18it/s, Saved at =inf, TrLoss=0.2330]
 Training FV-otc-s1-t2:  16%|█▌        | 8/50 [00:00<00:02, 20.18it/s, Saved at =inf, TrLoss=0.2142]
 Training FV-otc-s1-t2:  16%|█▌        | 8/50 [00:00<00:02, 20.18it/s, Saved at =inf, TrLoss=0.2507]
 Training FV-otc-s1-t2:  16%|█▌        | 8/50 [00:00<00:02, 20.18it/s, Saved at =inf, TrLoss=0.2036]
 Training FV-otc-s1-t2:  22%|██▏       | 11/50 [00:00<00:01, 20.22it/s, Saved at =inf, TrLoss=0.2036]
 Training FV-otc-s1-t2:  22%|██▏       | 11/50 [00:00<00:01, 20.22it/s, Saved at =inf, TrLoss=0.1810]
 Training FV-otc-s1-t2:  22%|██▏       | 11/50 [00:00<00:01, 20.22it/s, Saved at =inf, TrLoss=0.1822]
 Training FV-otc-s1-t2:  22%|██▏       | 11/50 [00:00<00:01, 20.22it/s, Saved at =inf, TrLoss=0.2211]
 Training FV-otc-s1-t2:  28%|██▊       | 14/50 [00:00<00:01, 20.22it/s, Saved at =inf, TrLoss=0.2211]
 Training FV-otc-s1-t2:  28%|██▊       | 14/50 [00:00<00:01, 20.22it/s, Saved at =inf, TrLoss=0.2483]
 Training FV-otc-s1-t2:  28%|██▊       | 14/50 [00:00<00:01, 20.22it/s, Saved at =inf, TrLoss=0.1873]
 Training FV-otc-s1-t2:  28%|██▊       | 14/50 [00:00<00:01, 20.22it/s, Saved at =inf, TrLoss=0.1354]
 Training FV-otc-s1-t2:  34%|███▍      | 17/50 [00:00<00:01, 20.31it/s, Saved at =inf, TrLoss=0.1354]
 Training FV-otc-s1-t2:  34%|███▍      | 17/50 [00:00<00:01, 20.31it/s, Saved at =inf, TrLoss=0.1448]
 Training FV-otc-s1-t2:  34%|███▍      | 17/50 [00:00<00:01, 20.31it/s, Saved at =inf, TrLoss=0.1328]
 Training FV-otc-s1-t2:  34%|███▍      | 17/50 [00:00<00:01, 20.31it/s, Saved at =inf, TrLoss=0.1334]
 Training FV-otc-s1-t2:  40%|████      | 20/50 [00:00<00:01, 20.40it/s, Saved at =inf, TrLoss=0.1334]
 Training FV-otc-s1-t2:  40%|████      | 20/50 [00:01<00:01, 20.40it/s, Saved at =inf, TrLoss=0.1515]
 Training FV-otc-s1-t2:  40%|████      | 20/50 [00:01<00:01, 20.40it/s, Saved at =inf, TrLoss=0.1330]
 Training FV-otc-s1-t2:  40%|████      | 20/50 [00:01<00:01, 20.40it/s, Saved at =inf, TrLoss=0.1358]
 Training FV-otc-s1-t2:  46%|████▌     | 23/50 [00:01<00:01, 20.44it/s, Saved at =inf, TrLoss=0.1358]
 Training FV-otc-s1-t2:  46%|████▌     | 23/50 [00:01<00:01, 20.44it/s, Saved at =inf, TrLoss=0.1525]
 Training FV-otc-s1-t2:  46%|████▌     | 23/50 [00:01<00:01, 20.44it/s, Saved at =inf, TrLoss=0.1222]
 Training FV-otc-s1-t2:  46%|████▌     | 23/50 [00:01<00:01, 20.44it/s, Saved at =inf, TrLoss=0.1102]
 Training FV-otc-s1-t2:  52%|█████▏    | 26/50 [00:01<00:01, 20.48it/s, Saved at =inf, TrLoss=0.1102]
 Training FV-otc-s1-t2:  52%|█████▏    | 26/50 [00:01<00:01, 20.48it/s, Saved at =inf, TrLoss=0.1047]
 Training FV-otc-s1-t2:  52%|█████▏    | 26/50 [00:01<00:01, 20.48it/s, Saved at =inf, TrLoss=0.1127]
 Training FV-otc-s1-t2:  52%|█████▏    | 26/50 [00:01<00:01, 20.48it/s, Saved at =inf, TrLoss=0.1184]
 Training FV-otc-s1-t2:  58%|█████▊    | 29/50 [00:01<00:01, 20.51it/s, Saved at =inf, TrLoss=0.1184]
 Training FV-otc-s1-t2:  58%|█████▊    | 29/50 [00:01<00:01, 20.51it/s, Saved at =inf, TrLoss=0.1048]
 Training FV-otc-s1-t2:  58%|█████▊    | 29/50 [00:01<00:01, 20.51it/s, Saved at =inf, TrLoss=0.1200]
 Training FV-otc-s1-t2:  58%|█████▊    | 29/50 [00:01<00:01, 20.51it/s, Saved at =inf, TrLoss=0.1365]
 Training FV-otc-s1-t2:  64%|██████▍   | 32/50 [00:01<00:00, 20.52it/s, Saved at =inf, TrLoss=0.1365]
 Training FV-otc-s1-t2:  64%|██████▍   | 32/50 [00:01<00:00, 20.52it/s, Saved at =inf, TrLoss=0.1040]
 Training FV-otc-s1-t2:  64%|██████▍   | 32/50 [00:01<00:00, 20.52it/s, Saved at =inf, TrLoss=0.0998]
 Training FV-otc-s1-t2:  64%|██████▍   | 32/50 [00:01<00:00, 20.52it/s, Saved at =inf, TrLoss=0.1144]
 Training FV-otc-s1-t2:  70%|███████   | 35/50 [00:01<00:00, 20.53it/s, Saved at =inf, TrLoss=0.1144]
 Training FV-otc-s1-t2:  70%|███████   | 35/50 [00:01<00:00, 20.53it/s, Saved at =inf, TrLoss=0.0887]
 Training FV-otc-s1-t2:  70%|███████   | 35/50 [00:01<00:00, 20.53it/s, Saved at =inf, TrLoss=0.1005]
 Training FV-otc-s1-t2:  70%|███████   | 35/50 [00:01<00:00, 20.53it/s, Saved at =inf, TrLoss=0.0838]
 Training FV-otc-s1-t2:  76%|███████▌  | 38/50 [00:01<00:00, 20.54it/s, Saved at =inf, TrLoss=0.0838]
 Training FV-otc-s1-t2:  76%|███████▌  | 38/50 [00:01<00:00, 20.54it/s, Saved at =inf, TrLoss=0.1090]
 Training FV-otc-s1-t2:  76%|███████▌  | 38/50 [00:01<00:00, 20.54it/s, Saved at =inf, TrLoss=0.0976]
 Training FV-otc-s1-t2:  76%|███████▌  | 38/50 [00:01<00:00, 20.54it/s, Saved at =inf, TrLoss=0.0930]
 Training FV-otc-s1-t2:  82%|████████▏ | 41/50 [00:02<00:00, 20.56it/s, Saved at =inf, TrLoss=0.0930]
 Training FV-otc-s1-t2:  82%|████████▏ | 41/50 [00:02<00:00, 20.56it/s, Saved at =inf, TrLoss=0.0896]
 Training FV-otc-s1-t2:  82%|████████▏ | 41/50 [00:02<00:00, 20.56it/s, Saved at =inf, TrLoss=0.0962]
 Training FV-otc-s1-t2:  82%|████████▏ | 41/50 [00:02<00:00, 20.56it/s, Saved at =inf, TrLoss=0.1150]
 Training FV-otc-s1-t2:  88%|████████▊ | 44/50 [00:02<00:00, 20.56it/s, Saved at =inf, TrLoss=0.1150]
 Training FV-otc-s1-t2:  88%|████████▊ | 44/50 [00:02<00:00, 20.56it/s, Saved at =inf, TrLoss=0.0806]
 Training FV-otc-s1-t2:  88%|████████▊ | 44/50 [00:02<00:00, 20.56it/s, Saved at =inf, TrLoss=0.0840]
 Training FV-otc-s1-t2:  88%|████████▊ | 44/50 [00:02<00:00, 20.56it/s, Saved at =inf, TrLoss=0.0975]
 Training FV-otc-s1-t2:  94%|█████████▍| 47/50 [00:02<00:00, 20.57it/s, Saved at =inf, TrLoss=0.0975]
 Training FV-otc-s1-t2:  94%|█████████▍| 47/50 [00:02<00:00, 20.57it/s, Saved at =inf, TrLoss=0.0895]
 Training FV-otc-s1-t2:  94%|█████████▍| 47/50 [00:02<00:00, 20.57it/s, Saved at =inf, TrLoss=0.0975]
 Training FV-otc-s1-t2:  94%|█████████▍| 47/50 [00:02<00:00, 20.57it/s, Saved at =inf, TrLoss=0.0813]
 Training FV-otc-s1-t2: 100%|██████████| 50/50 [00:02<00:00, 20.57it/s, Saved at =inf, TrLoss=0.0813]
 Training FV-otc-s1-t2: 100%|██████████| 50/50 [00:02<00:00, 20.44it/s, Saved at =inf, TrLoss=0.0813]

 Training FV-otc-s1-t3:   0%|          | 0/50 [00:00<?, ?it/s]
 Training FV-otc-s1-t3:   0%|          | 0/50 [00:00<?, ?it/s, Saved at =inf, TrLoss=0.8289]
 Training FV-otc-s1-t3:   0%|          | 0/50 [00:00<?, ?it/s, Saved at =inf, TrLoss=0.6769]
 Training FV-otc-s1-t3:   4%|▍         | 2/50 [00:00<00:03, 14.22it/s, Saved at =inf, TrLoss=0.6769]
 Training FV-otc-s1-t3:   4%|▍         | 2/50 [00:00<00:03, 14.22it/s, Saved at =inf, TrLoss=0.5702]
 Training FV-otc-s1-t3:   4%|▍         | 2/50 [00:00<00:03, 14.22it/s, Saved at =inf, TrLoss=0.4651]
 Training FV-otc-s1-t3:   8%|▊         | 4/50 [00:00<00:03, 14.52it/s, Saved at =inf, TrLoss=0.4651]
 Training FV-otc-s1-t3:   8%|▊         | 4/50 [00:00<00:03, 14.52it/s, Saved at =inf, TrLoss=0.3989]
 Training FV-otc-s1-t3:   8%|▊         | 4/50 [00:00<00:03, 14.52it/s, Saved at =inf, TrLoss=0.3267]
 Training FV-otc-s1-t3:  12%|█▏        | 6/50 [00:00<00:03, 13.41it/s, Saved at =inf, TrLoss=0.3267]
 Training FV-otc-s1-t3:  12%|█▏        | 6/50 [00:00<00:03, 13.41it/s, Saved at =inf, TrLoss=0.2999]
 Training FV-otc-s1-t3:  12%|█▏        | 6/50 [00:00<00:03, 13.41it/s, Saved at =inf, TrLoss=0.4698]
 Training FV-otc-s1-t3:  16%|█▌        | 8/50 [00:00<00:03, 13.83it/s, Saved at =inf, TrLoss=0.4698]
 Training FV-otc-s1-t3:  16%|█▌        | 8/50 [00:00<00:03, 13.83it/s, Saved at =inf, TrLoss=0.3339]
 Training FV-otc-s1-t3:  16%|█▌        | 8/50 [00:00<00:03, 13.83it/s, Saved at =inf, TrLoss=0.2623]
 Training FV-otc-s1-t3:  20%|██        | 10/50 [00:00<00:02, 14.05it/s, Saved at =inf, TrLoss=0.2623]
 Training FV-otc-s1-t3:  20%|██        | 10/50 [00:00<00:02, 14.05it/s, Saved at =inf, TrLoss=0.2633]
 Training FV-otc-s1-t3:  20%|██        | 10/50 [00:00<00:02, 14.05it/s, Saved at =inf, TrLoss=0.2568]
 Training FV-otc-s1-t3:  24%|██▍       | 12/50 [00:00<00:02, 14.20it/s, Saved at =inf, TrLoss=0.2568]
 Training FV-otc-s1-t3:  24%|██▍       | 12/50 [00:00<00:02, 14.20it/s, Saved at =inf, TrLoss=0.2194]
 Training FV-otc-s1-t3:  24%|██▍       | 12/50 [00:00<00:02, 14.20it/s, Saved at =inf, TrLoss=0.2317]
 Training FV-otc-s1-t3:  28%|██▊       | 14/50 [00:00<00:02, 14.31it/s, Saved at =inf, TrLoss=0.2317]
 Training FV-otc-s1-t3:  28%|██▊       | 14/50 [00:01<00:02, 14.31it/s, Saved at =inf, TrLoss=0.2287]
 Training FV-otc-s1-t3:  28%|██▊       | 14/50 [00:01<00:02, 14.31it/s, Saved at =inf, TrLoss=0.2124]
 Training FV-otc-s1-t3:  32%|███▏      | 16/50 [00:01<00:02, 14.44it/s, Saved at =inf, TrLoss=0.2124]
 Training FV-otc-s1-t3:  32%|███▏      | 16/50 [00:01<00:02, 14.44it/s, Saved at =inf, TrLoss=0.1881]
 Training FV-otc-s1-t3:  32%|███▏      | 16/50 [00:01<00:02, 14.44it/s, Saved at =inf, TrLoss=0.1918]
 Training FV-otc-s1-t3:  36%|███▌      | 18/50 [00:01<00:02, 14.53it/s, Saved at =inf, TrLoss=0.1918]
 Training FV-otc-s1-t3:  36%|███▌      | 18/50 [00:01<00:02, 14.53it/s, Saved at =inf, TrLoss=0.1952]
 Training FV-otc-s1-t3:  36%|███▌      | 18/50 [00:01<00:02, 14.53it/s, Saved at =inf, TrLoss=0.2045]
 Training FV-otc-s1-t3:  40%|████      | 20/50 [00:01<00:02, 14.46it/s, Saved at =inf, TrLoss=0.2045]
 Training FV-otc-s1-t3:  40%|████      | 20/50 [00:01<00:02, 14.46it/s, Saved at =inf, TrLoss=0.1813]
 Training FV-otc-s1-t3:  40%|████      | 20/50 [00:01<00:02, 14.46it/s, Saved at =inf, TrLoss=0.1700]
 Training FV-otc-s1-t3:  44%|████▍     | 22/50 [00:01<00:02, 12.69it/s, Saved at =inf, TrLoss=0.1700]
 Training FV-otc-s1-t3:  44%|████▍     | 22/50 [00:01<00:02, 12.69it/s, Saved at =inf, TrLoss=0.1610]
 Training FV-otc-s1-t3:  44%|████▍     | 22/50 [00:01<00:02, 12.69it/s, Saved at =inf, TrLoss=0.2057]
 Training FV-otc-s1-t3:  48%|████▊     | 24/50 [00:01<00:02, 12.27it/s, Saved at =inf, TrLoss=0.2057]
 Training FV-otc-s1-t3:  48%|████▊     | 24/50 [00:01<00:02, 12.27it/s, Saved at =inf, TrLoss=0.1697]
 Training FV-otc-s1-t3:  48%|████▊     | 24/50 [00:01<00:02, 12.27it/s, Saved at =inf, TrLoss=0.1590]
 Training FV-otc-s1-t3:  52%|█████▏    | 26/50 [00:01<00:01, 12.84it/s, Saved at =inf, TrLoss=0.1590]
 Training FV-otc-s1-t3:  52%|█████▏    | 26/50 [00:01<00:01, 12.84it/s, Saved at =inf, TrLoss=0.1480]
 Training FV-otc-s1-t3:  52%|█████▏    | 26/50 [00:02<00:01, 12.84it/s, Saved at =inf, TrLoss=0.1477]
 Training FV-otc-s1-t3:  56%|█████▌    | 28/50 [00:02<00:01, 13.32it/s, Saved at =inf, TrLoss=0.1477]
 Training FV-otc-s1-t3:  56%|█████▌    | 28/50 [00:02<00:01, 13.32it/s, Saved at =inf, TrLoss=0.1610]
 Training FV-otc-s1-t3:  56%|█████▌    | 28/50 [00:02<00:01, 13.32it/s, Saved at =inf, TrLoss=0.1548]
 Training FV-otc-s1-t3:  60%|██████    | 30/50 [00:02<00:01, 13.65it/s, Saved at =inf, TrLoss=0.1548]
 Training FV-otc-s1-t3:  60%|██████    | 30/50 [00:02<00:01, 13.65it/s, Saved at =inf, TrLoss=0.1750]
 Training FV-otc-s1-t3:  60%|██████    | 30/50 [00:02<00:01, 13.65it/s, Saved at =inf, TrLoss=0.1675]
 Training FV-otc-s1-t3:  64%|██████▍   | 32/50 [00:02<00:01, 13.92it/s, Saved at =inf, TrLoss=0.1675]
 Training FV-otc-s1-t3:  64%|██████▍   | 32/50 [00:02<00:01, 13.92it/s, Saved at =inf, TrLoss=0.1343]
 Training FV-otc-s1-t3:  64%|██████▍   | 32/50 [00:02<00:01, 13.92it/s, Saved at =inf, TrLoss=0.1422]
 Training FV-otc-s1-t3:  68%|██████▊   | 34/50 [00:02<00:01, 14.11it/s, Saved at =inf, TrLoss=0.1422]
 Training FV-otc-s1-t3:  68%|██████▊   | 34/50 [00:02<00:01, 14.11it/s, Saved at =inf, TrLoss=0.1472]
 Training FV-otc-s1-t3:  68%|██████▊   | 34/50 [00:02<00:01, 14.11it/s, Saved at =inf, TrLoss=0.1255]
 Training FV-otc-s1-t3:  72%|███████▏  | 36/50 [00:02<00:00, 14.24it/s, Saved at =inf, TrLoss=0.1255]
 Training FV-otc-s1-t3:  72%|███████▏  | 36/50 [00:02<00:00, 14.24it/s, Saved at =inf, TrLoss=0.1248]
 Training FV-otc-s1-t3:  72%|███████▏  | 36/50 [00:02<00:00, 14.24it/s, Saved at =inf, TrLoss=0.1228]
 Training FV-otc-s1-t3:  76%|███████▌  | 38/50 [00:02<00:00, 14.27it/s, Saved at =inf, TrLoss=0.1228]
 Training FV-otc-s1-t3:  76%|███████▌  | 38/50 [00:02<00:00, 14.27it/s, Saved at =inf, TrLoss=0.1420]
 Training FV-otc-s1-t3:  76%|███████▌  | 38/50 [00:02<00:00, 14.27it/s, Saved at =inf, TrLoss=0.1362]
 Training FV-otc-s1-t3:  80%|████████  | 40/50 [00:02<00:00, 14.36it/s, Saved at =inf, TrLoss=0.1362]
 Training FV-otc-s1-t3:  80%|████████  | 40/50 [00:02<00:00, 14.36it/s, Saved at =inf, TrLoss=0.1404]
 Training FV-otc-s1-t3:  80%|████████  | 40/50 [00:03<00:00, 14.36it/s, Saved at =inf, TrLoss=0.1025]
 Training FV-otc-s1-t3:  84%|████████▍ | 42/50 [00:03<00:00, 13.33it/s, Saved at =inf, TrLoss=0.1025]
 Training FV-otc-s1-t3:  84%|████████▍ | 42/50 [00:03<00:00, 13.33it/s, Saved at =inf, TrLoss=0.1194]
 Training FV-otc-s1-t3:  84%|████████▍ | 42/50 [00:03<00:00, 13.33it/s, Saved at =inf, TrLoss=0.1145]
 Training FV-otc-s1-t3:  88%|████████▊ | 44/50 [00:03<00:00, 13.69it/s, Saved at =inf, TrLoss=0.1145]
 Training FV-otc-s1-t3:  88%|████████▊ | 44/50 [00:03<00:00, 13.69it/s, Saved at =inf, TrLoss=0.1190]
 Training FV-otc-s1-t3:  88%|████████▊ | 44/50 [00:03<00:00, 13.69it/s, Saved at =inf, TrLoss=0.1149]
 Training FV-otc-s1-t3:  92%|█████████▏| 46/50 [00:03<00:00, 13.95it/s, Saved at =inf, TrLoss=0.1149]
 Training FV-otc-s1-t3:  92%|█████████▏| 46/50 [00:03<00:00, 13.95it/s, Saved at =inf, TrLoss=0.1209]
 Training FV-otc-s1-t3:  92%|█████████▏| 46/50 [00:03<00:00, 13.95it/s, Saved at =inf, TrLoss=0.1164]
 Training FV-otc-s1-t3:  96%|█████████▌| 48/50 [00:03<00:00, 14.14it/s, Saved at =inf, TrLoss=0.1164]
 Training FV-otc-s1-t3:  96%|█████████▌| 48/50 [00:03<00:00, 14.14it/s, Saved at =inf, TrLoss=0.1067]
 Training FV-otc-s1-t3:  96%|█████████▌| 48/50 [00:03<00:00, 14.14it/s, Saved at =inf, TrLoss=0.1056]
 Training FV-otc-s1-t3: 100%|██████████| 50/50 [00:03<00:00, 14.28it/s, Saved at =inf, TrLoss=0.1056]
 Training FV-otc-s1-t3: 100%|██████████| 50/50 [00:03<00:00, 13.87it/s, Saved at =inf, TrLoss=0.1056]

 Training FV-otc-s1-t4:   0%|          | 0/50 [00:00<?, ?it/s]
 Training FV-otc-s1-t4:   0%|          | 0/50 [00:00<?, ?it/s, Saved at =inf, TrLoss=0.7804]
 Training FV-otc-s1-t4:   0%|          | 0/50 [00:00<?, ?it/s, Saved at =inf, TrLoss=0.7757]
 Training FV-otc-s1-t4:   4%|▍         | 2/50 [00:00<00:04, 11.05it/s, Saved at =inf, TrLoss=0.7757]
 Training FV-otc-s1-t4:   4%|▍         | 2/50 [00:00<00:04, 11.05it/s, Saved at =inf, TrLoss=0.5282]
 Training FV-otc-s1-t4:   4%|▍         | 2/50 [00:00<00:04, 11.05it/s, Saved at =inf, TrLoss=0.5003]
 Training FV-otc-s1-t4:   8%|▊         | 4/50 [00:00<00:04, 11.27it/s, Saved at =inf, TrLoss=0.5003]
 Training FV-otc-s1-t4:   8%|▊         | 4/50 [00:00<00:04, 11.27it/s, Saved at =inf, TrLoss=0.4127]
 Training FV-otc-s1-t4:   8%|▊         | 4/50 [00:00<00:04, 11.27it/s, Saved at =inf, TrLoss=0.4247]
 Training FV-otc-s1-t4:  12%|█▏        | 6/50 [00:00<00:03, 11.34it/s, Saved at =inf, TrLoss=0.4247]
 Training FV-otc-s1-t4:  12%|█▏        | 6/50 [00:00<00:03, 11.34it/s, Saved at =inf, TrLoss=0.3774]
 Training FV-otc-s1-t4:  12%|█▏        | 6/50 [00:00<00:03, 11.34it/s, Saved at =inf, TrLoss=0.3565]
 Training FV-otc-s1-t4:  16%|█▌        | 8/50 [00:00<00:03, 11.37it/s, Saved at =inf, TrLoss=0.3565]
 Training FV-otc-s1-t4:  16%|█▌        | 8/50 [00:00<00:03, 11.37it/s, Saved at =inf, TrLoss=0.3466]
 Training FV-otc-s1-t4:  16%|█▌        | 8/50 [00:00<00:03, 11.37it/s, Saved at =inf, TrLoss=0.2935]
 Training FV-otc-s1-t4:  20%|██        | 10/50 [00:00<00:03, 11.40it/s, Saved at =inf, TrLoss=0.2935]
 Training FV-otc-s1-t4:  20%|██        | 10/50 [00:00<00:03, 11.40it/s, Saved at =inf, TrLoss=0.3105]
 Training FV-otc-s1-t4:  20%|██        | 10/50 [00:01<00:03, 11.40it/s, Saved at =inf, TrLoss=0.2612]
 Training FV-otc-s1-t4:  24%|██▍       | 12/50 [00:01<00:03, 11.40it/s, Saved at =inf, TrLoss=0.2612]
 Training FV-otc-s1-t4:  24%|██▍       | 12/50 [00:01<00:03, 11.40it/s, Saved at =inf, TrLoss=0.2844]
 Training FV-otc-s1-t4:  24%|██▍       | 12/50 [00:01<00:03, 11.40it/s, Saved at =inf, TrLoss=0.2465]
 Training FV-otc-s1-t4:  28%|██▊       | 14/50 [00:01<00:03, 11.40it/s, Saved at =inf, TrLoss=0.2465]
 Training FV-otc-s1-t4:  28%|██▊       | 14/50 [00:01<00:03, 11.40it/s, Saved at =inf, TrLoss=0.2881]
 Training FV-otc-s1-t4:  28%|██▊       | 14/50 [00:01<00:03, 11.40it/s, Saved at =inf, TrLoss=0.2322]
 Training FV-otc-s1-t4:  32%|███▏      | 16/50 [00:01<00:03, 10.20it/s, Saved at =inf, TrLoss=0.2322]
 Training FV-otc-s1-t4:  32%|███▏      | 16/50 [00:01<00:03, 10.20it/s, Saved at =inf, TrLoss=0.2482]
 Training FV-otc-s1-t4:  32%|███▏      | 16/50 [00:01<00:03, 10.20it/s, Saved at =inf, TrLoss=0.2106]
 Training FV-otc-s1-t4:  36%|███▌      | 18/50 [00:01<00:03, 10.55it/s, Saved at =inf, TrLoss=0.2106]
 Training FV-otc-s1-t4:  36%|███▌      | 18/50 [00:01<00:03, 10.55it/s, Saved at =inf, TrLoss=0.2299]
 Training FV-otc-s1-t4:  36%|███▌      | 18/50 [00:01<00:03, 10.55it/s, Saved at =inf, TrLoss=0.2170]
 Training FV-otc-s1-t4:  40%|████      | 20/50 [00:01<00:02, 10.79it/s, Saved at =inf, TrLoss=0.2170]
 Training FV-otc-s1-t4:  40%|████      | 20/50 [00:01<00:02, 10.79it/s, Saved at =inf, TrLoss=0.2029]
 Training FV-otc-s1-t4:  40%|████      | 20/50 [00:01<00:02, 10.79it/s, Saved at =inf, TrLoss=0.2225]
 Training FV-otc-s1-t4:  44%|████▍     | 22/50 [00:01<00:02, 10.98it/s, Saved at =inf, TrLoss=0.2225]
 Training FV-otc-s1-t4:  44%|████▍     | 22/50 [00:02<00:02, 10.98it/s, Saved at =inf, TrLoss=0.1918]
 Training FV-otc-s1-t4:  44%|████▍     | 22/50 [00:02<00:02, 10.98it/s, Saved at =inf, TrLoss=0.2125]
 Training FV-otc-s1-t4:  48%|████▊     | 24/50 [00:02<00:02, 11.12it/s, Saved at =inf, TrLoss=0.2125]
 Training FV-otc-s1-t4:  48%|████▊     | 24/50 [00:02<00:02, 11.12it/s, Saved at =inf, TrLoss=0.1967]
 Training FV-otc-s1-t4:  48%|████▊     | 24/50 [00:02<00:02, 11.12it/s, Saved at =inf, TrLoss=0.1895]
 Training FV-otc-s1-t4:  52%|█████▏    | 26/50 [00:02<00:02, 11.22it/s, Saved at =inf, TrLoss=0.1895]
 Training FV-otc-s1-t4:  52%|█████▏    | 26/50 [00:02<00:02, 11.22it/s, Saved at =inf, TrLoss=0.1973]
 Training FV-otc-s1-t4:  52%|█████▏    | 26/50 [00:02<00:02, 11.22it/s, Saved at =inf, TrLoss=0.1781]
 Training FV-otc-s1-t4:  56%|█████▌    | 28/50 [00:02<00:01, 11.28it/s, Saved at =inf, TrLoss=0.1781]
 Training FV-otc-s1-t4:  56%|█████▌    | 28/50 [00:02<00:01, 11.28it/s, Saved at =inf, TrLoss=0.1807]
 Training FV-otc-s1-t4:  56%|█████▌    | 28/50 [00:02<00:01, 11.28it/s, Saved at =inf, TrLoss=0.1821]
 Training FV-otc-s1-t4:  60%|██████    | 30/50 [00:02<00:01, 11.34it/s, Saved at =inf, TrLoss=0.1821]
 Training FV-otc-s1-t4:  60%|██████    | 30/50 [00:02<00:01, 11.34it/s, Saved at =inf, TrLoss=0.1823]
 Training FV-otc-s1-t4:  60%|██████    | 30/50 [00:02<00:01, 11.34it/s, Saved at =inf, TrLoss=0.1745]
 Training FV-otc-s1-t4:  64%|██████▍   | 32/50 [00:02<00:01, 11.36it/s, Saved at =inf, TrLoss=0.1745]
 Training FV-otc-s1-t4:  64%|██████▍   | 32/50 [00:02<00:01, 11.36it/s, Saved at =inf, TrLoss=0.1585]
 Training FV-otc-s1-t4:  64%|██████▍   | 32/50 [00:03<00:01, 11.36it/s, Saved at =inf, TrLoss=0.1685]
 Training FV-otc-s1-t4:  68%|██████▊   | 34/50 [00:03<00:01, 11.40it/s, Saved at =inf, TrLoss=0.1685]
 Training FV-otc-s1-t4:  68%|██████▊   | 34/50 [00:03<00:01, 11.40it/s, Saved at =inf, TrLoss=0.1653]
 Training FV-otc-s1-t4:  68%|██████▊   | 34/50 [00:03<00:01, 11.40it/s, Saved at =inf, TrLoss=0.1655]
 Training FV-otc-s1-t4:  72%|███████▏  | 36/50 [00:03<00:01, 11.41it/s, Saved at =inf, TrLoss=0.1655]
 Training FV-otc-s1-t4:  72%|███████▏  | 36/50 [00:03<00:01, 11.41it/s, Saved at =inf, TrLoss=0.1627]
 Training FV-otc-s1-t4:  72%|███████▏  | 36/50 [00:03<00:01, 11.41it/s, Saved at =inf, TrLoss=0.1611]
 Training FV-otc-s1-t4:  76%|███████▌  | 38/50 [00:03<00:01, 11.43it/s, Saved at =inf, TrLoss=0.1611]
 Training FV-otc-s1-t4:  76%|███████▌  | 38/50 [00:03<00:01, 11.43it/s, Saved at =inf, TrLoss=0.1494]
 Training FV-otc-s1-t4:  76%|███████▌  | 38/50 [00:03<00:01, 11.43it/s, Saved at =inf, TrLoss=0.1597]
 Training FV-otc-s1-t4:  80%|████████  | 40/50 [00:03<00:00, 11.44it/s, Saved at =inf, TrLoss=0.1597]
 Training FV-otc-s1-t4:  80%|████████  | 40/50 [00:03<00:00, 11.44it/s, Saved at =inf, TrLoss=0.1568]
 Training FV-otc-s1-t4:  80%|████████  | 40/50 [00:03<00:00, 11.44it/s, Saved at =inf, TrLoss=0.1472]
 Training FV-otc-s1-t4:  84%|████████▍ | 42/50 [00:03<00:00, 11.43it/s, Saved at =inf, TrLoss=0.1472]
 Training FV-otc-s1-t4:  84%|████████▍ | 42/50 [00:03<00:00, 11.43it/s, Saved at =inf, TrLoss=0.1471]
 Training FV-otc-s1-t4:  84%|████████▍ | 42/50 [00:03<00:00, 11.43it/s, Saved at =inf, TrLoss=0.1405]
 Training FV-otc-s1-t4:  88%|████████▊ | 44/50 [00:03<00:00, 11.42it/s, Saved at =inf, TrLoss=0.1405]
 Training FV-otc-s1-t4:  88%|████████▊ | 44/50 [00:03<00:00, 11.42it/s, Saved at =inf, TrLoss=0.1416]
 Training FV-otc-s1-t4:  88%|████████▊ | 44/50 [00:04<00:00, 11.42it/s, Saved at =inf, TrLoss=0.1467]
 Training FV-otc-s1-t4:  92%|█████████▏| 46/50 [00:04<00:00, 11.41it/s, Saved at =inf, TrLoss=0.1467]
 Training FV-otc-s1-t4:  92%|█████████▏| 46/50 [00:04<00:00, 11.41it/s, Saved at =inf, TrLoss=0.1496]
 Training FV-otc-s1-t4:  92%|█████████▏| 46/50 [00:04<00:00, 11.41it/s, Saved at =inf, TrLoss=0.1475]
 Training FV-otc-s1-t4:  96%|█████████▌| 48/50 [00:04<00:00, 11.42it/s, Saved at =inf, TrLoss=0.1475]
 Training FV-otc-s1-t4:  96%|█████████▌| 48/50 [00:04<00:00, 11.42it/s, Saved at =inf, TrLoss=0.1507]
 Training FV-otc-s1-t4:  96%|█████████▌| 48/50 [00:04<00:00, 11.42it/s, Saved at =inf, TrLoss=0.1412]
 Training FV-otc-s1-t4: 100%|██████████| 50/50 [00:04<00:00, 11.41it/s, Saved at =inf, TrLoss=0.1412]
 Training FV-otc-s1-t4: 100%|██████████| 50/50 [00:04<00:00, 11.25it/s, Saved at =inf, TrLoss=0.1412]

 Training FV-otc-s1-t5:   0%|          | 0/50 [00:00<?, ?it/s]
 Training FV-otc-s1-t5:   0%|          | 0/50 [00:00<?, ?it/s, Saved at =inf, TrLoss=0.7255]
 Training FV-otc-s1-t5:   2%|▏         | 1/50 [00:00<00:05,  8.28it/s, Saved at =inf, TrLoss=0.7255]
 Training FV-otc-s1-t5:   2%|▏         | 1/50 [00:00<00:05,  8.28it/s, Saved at =inf, TrLoss=0.8579]
 Training FV-otc-s1-t5:   4%|▍         | 2/50 [00:00<00:05,  8.76it/s, Saved at =inf, TrLoss=0.8579]
 Training FV-otc-s1-t5:   4%|▍         | 2/50 [00:00<00:05,  8.76it/s, Saved at =inf, TrLoss=0.5369]
 Training FV-otc-s1-t5:   6%|▌         | 3/50 [00:00<00:05,  8.49it/s, Saved at =inf, TrLoss=0.5369]
 Training FV-otc-s1-t5:   6%|▌         | 3/50 [00:00<00:05,  8.49it/s, Saved at =inf, TrLoss=0.5533]
 Training FV-otc-s1-t5:   8%|▊         | 4/50 [00:00<00:05,  8.53it/s, Saved at =inf, TrLoss=0.5533]
 Training FV-otc-s1-t5:   8%|▊         | 4/50 [00:00<00:05,  8.53it/s, Saved at =inf, TrLoss=0.5388]
 Training FV-otc-s1-t5:  10%|█         | 5/50 [00:00<00:05,  8.28it/s, Saved at =inf, TrLoss=0.5388]
 Training FV-otc-s1-t5:  10%|█         | 5/50 [00:00<00:05,  8.28it/s, Saved at =inf, TrLoss=0.4547]
 Training FV-otc-s1-t5:  12%|█▏        | 6/50 [00:00<00:05,  8.02it/s, Saved at =inf, TrLoss=0.4547]
 Training FV-otc-s1-t5:  12%|█▏        | 6/50 [00:00<00:05,  8.02it/s, Saved at =inf, TrLoss=0.4328]
 Training FV-otc-s1-t5:  14%|█▍        | 7/50 [00:00<00:05,  8.29it/s, Saved at =inf, TrLoss=0.4328]
 Training FV-otc-s1-t5:  14%|█▍        | 7/50 [00:00<00:05,  8.29it/s, Saved at =inf, TrLoss=0.4365]
 Training FV-otc-s1-t5:  16%|█▌        | 8/50 [00:00<00:04,  8.50it/s, Saved at =inf, TrLoss=0.4365]
 Training FV-otc-s1-t5:  16%|█▌        | 8/50 [00:01<00:04,  8.50it/s, Saved at =inf, TrLoss=0.4002]
 Training FV-otc-s1-t5:  18%|█▊        | 9/50 [00:01<00:04,  8.70it/s, Saved at =inf, TrLoss=0.4002]
 Training FV-otc-s1-t5:  18%|█▊        | 9/50 [00:01<00:04,  8.70it/s, Saved at =inf, TrLoss=0.3705]
 Training FV-otc-s1-t5:  20%|██        | 10/50 [00:01<00:04,  8.84it/s, Saved at =inf, TrLoss=0.3705]
 Training FV-otc-s1-t5:  20%|██        | 10/50 [00:01<00:04,  8.84it/s, Saved at =inf, TrLoss=0.3704]
 Training FV-otc-s1-t5:  22%|██▏       | 11/50 [00:01<00:04,  8.92it/s, Saved at =inf, TrLoss=0.3704]
 Training FV-otc-s1-t5:  22%|██▏       | 11/50 [00:01<00:04,  8.92it/s, Saved at =inf, TrLoss=0.3629]
 Training FV-otc-s1-t5:  24%|██▍       | 12/50 [00:01<00:04,  8.96it/s, Saved at =inf, TrLoss=0.3629]
 Training FV-otc-s1-t5:  24%|██▍       | 12/50 [00:01<00:04,  8.96it/s, Saved at =inf, TrLoss=0.3280]
 Training FV-otc-s1-t5:  26%|██▌       | 13/50 [00:01<00:04,  9.00it/s, Saved at =inf, TrLoss=0.3280]
 Training FV-otc-s1-t5:  26%|██▌       | 13/50 [00:01<00:04,  9.00it/s, Saved at =inf, TrLoss=0.3203]
 Training FV-otc-s1-t5:  28%|██▊       | 14/50 [00:01<00:03,  9.02it/s, Saved at =inf, TrLoss=0.3203]
 Training FV-otc-s1-t5:  28%|██▊       | 14/50 [00:01<00:03,  9.02it/s, Saved at =inf, TrLoss=0.3002]
 Training FV-otc-s1-t5:  30%|███       | 15/50 [00:01<00:03,  9.01it/s, Saved at =inf, TrLoss=0.3002]
 Training FV-otc-s1-t5:  30%|███       | 15/50 [00:01<00:03,  9.01it/s, Saved at =inf, TrLoss=0.3040]
 Training FV-otc-s1-t5:  32%|███▏      | 16/50 [00:01<00:04,  8.04it/s, Saved at =inf, TrLoss=0.3040]
 Training FV-otc-s1-t5:  32%|███▏      | 16/50 [00:01<00:04,  8.04it/s, Saved at =inf, TrLoss=0.2883]
 Training FV-otc-s1-t5:  34%|███▍      | 17/50 [00:01<00:03,  8.32it/s, Saved at =inf, TrLoss=0.2883]
 Training FV-otc-s1-t5:  34%|███▍      | 17/50 [00:02<00:03,  8.32it/s, Saved at =inf, TrLoss=0.2705]
 Training FV-otc-s1-t5:  36%|███▌      | 18/50 [00:02<00:03,  8.53it/s, Saved at =inf, TrLoss=0.2705]
 Training FV-otc-s1-t5:  36%|███▌      | 18/50 [00:02<00:03,  8.53it/s, Saved at =inf, TrLoss=0.2668]
 Training FV-otc-s1-t5:  38%|███▊      | 19/50 [00:02<00:03,  8.67it/s, Saved at =inf, TrLoss=0.2668]
 Training FV-otc-s1-t5:  38%|███▊      | 19/50 [00:02<00:03,  8.67it/s, Saved at =inf, TrLoss=0.2551]
 Training FV-otc-s1-t5:  40%|████      | 20/50 [00:02<00:03,  8.81it/s, Saved at =inf, TrLoss=0.2551]
 Training FV-otc-s1-t5:  40%|████      | 20/50 [00:02<00:03,  8.81it/s, Saved at =inf, TrLoss=0.2509]
 Training FV-otc-s1-t5:  42%|████▏     | 21/50 [00:02<00:03,  8.91it/s, Saved at =inf, TrLoss=0.2509]
 Training FV-otc-s1-t5:  42%|████▏     | 21/50 [00:02<00:03,  8.91it/s, Saved at =inf, TrLoss=0.2581]
 Training FV-otc-s1-t5:  44%|████▍     | 22/50 [00:02<00:03,  8.95it/s, Saved at =inf, TrLoss=0.2581]
 Training FV-otc-s1-t5:  44%|████▍     | 22/50 [00:02<00:03,  8.95it/s, Saved at =inf, TrLoss=0.2423]
 Training FV-otc-s1-t5:  46%|████▌     | 23/50 [00:02<00:02,  9.01it/s, Saved at =inf, TrLoss=0.2423]
 Training FV-otc-s1-t5:  46%|████▌     | 23/50 [00:02<00:02,  9.01it/s, Saved at =inf, TrLoss=0.2216]
 Training FV-otc-s1-t5:  48%|████▊     | 24/50 [00:02<00:02,  9.06it/s, Saved at =inf, TrLoss=0.2216]
 Training FV-otc-s1-t5:  48%|████▊     | 24/50 [00:02<00:02,  9.06it/s, Saved at =inf, TrLoss=0.2371]
 Training FV-otc-s1-t5:  50%|█████     | 25/50 [00:02<00:02,  9.09it/s, Saved at =inf, TrLoss=0.2371]
 Training FV-otc-s1-t5:  50%|█████     | 25/50 [00:02<00:02,  9.09it/s, Saved at =inf, TrLoss=0.2169]
 Training FV-otc-s1-t5:  52%|█████▏    | 26/50 [00:02<00:02,  9.12it/s, Saved at =inf, TrLoss=0.2169]
 Training FV-otc-s1-t5:  52%|█████▏    | 26/50 [00:03<00:02,  9.12it/s, Saved at =inf, TrLoss=0.2108]
 Training FV-otc-s1-t5:  54%|█████▍    | 27/50 [00:03<00:02,  9.14it/s, Saved at =inf, TrLoss=0.2108]
 Training FV-otc-s1-t5:  54%|█████▍    | 27/50 [00:03<00:02,  9.14it/s, Saved at =inf, TrLoss=0.2056]
 Training FV-otc-s1-t5:  56%|█████▌    | 28/50 [00:03<00:02,  9.13it/s, Saved at =inf, TrLoss=0.2056]
 Training FV-otc-s1-t5:  56%|█████▌    | 28/50 [00:03<00:02,  9.13it/s, Saved at =inf, TrLoss=0.2107]
 Training FV-otc-s1-t5:  58%|█████▊    | 29/50 [00:03<00:02,  9.12it/s, Saved at =inf, TrLoss=0.2107]
 Training FV-otc-s1-t5:  58%|█████▊    | 29/50 [00:03<00:02,  9.12it/s, Saved at =inf, TrLoss=0.1980]
 Training FV-otc-s1-t5:  60%|██████    | 30/50 [00:03<00:02,  9.13it/s, Saved at =inf, TrLoss=0.1980]
 Training FV-otc-s1-t5:  60%|██████    | 30/50 [00:03<00:02,  9.13it/s, Saved at =inf, TrLoss=0.2018]
 Training FV-otc-s1-t5:  62%|██████▏   | 31/50 [00:03<00:02,  9.14it/s, Saved at =inf, TrLoss=0.2018]
 Training FV-otc-s1-t5:  62%|██████▏   | 31/50 [00:03<00:02,  9.14it/s, Saved at =inf, TrLoss=0.1873]
 Training FV-otc-s1-t5:  64%|██████▍   | 32/50 [00:03<00:01,  9.15it/s, Saved at =inf, TrLoss=0.1873]
 Training FV-otc-s1-t5:  64%|██████▍   | 32/50 [00:03<00:01,  9.15it/s, Saved at =inf, TrLoss=0.1896]
 Training FV-otc-s1-t5:  66%|██████▌   | 33/50 [00:03<00:01,  9.16it/s, Saved at =inf, TrLoss=0.1896]
 Training FV-otc-s1-t5:  66%|██████▌   | 33/50 [00:03<00:01,  9.16it/s, Saved at =inf, TrLoss=0.1918]
 Training FV-otc-s1-t5:  68%|██████▊   | 34/50 [00:03<00:01,  9.16it/s, Saved at =inf, TrLoss=0.1918]
 Training FV-otc-s1-t5:  68%|██████▊   | 34/50 [00:03<00:01,  9.16it/s, Saved at =inf, TrLoss=0.1970]
 Training FV-otc-s1-t5:  70%|███████   | 35/50 [00:03<00:01,  9.16it/s, Saved at =inf, TrLoss=0.1970]
 Training FV-otc-s1-t5:  70%|███████   | 35/50 [00:04<00:01,  9.16it/s, Saved at =inf, TrLoss=0.1934]
 Training FV-otc-s1-t5:  72%|███████▏  | 36/50 [00:04<00:01,  9.12it/s, Saved at =inf, TrLoss=0.1934]
 Training FV-otc-s1-t5:  72%|███████▏  | 36/50 [00:04<00:01,  9.12it/s, Saved at =inf, TrLoss=0.1874]
 Training FV-otc-s1-t5:  74%|███████▍  | 37/50 [00:04<00:01,  9.11it/s, Saved at =inf, TrLoss=0.1874]
 Training FV-otc-s1-t5:  74%|███████▍  | 37/50 [00:04<00:01,  9.11it/s, Saved at =inf, TrLoss=0.1875]
 Training FV-otc-s1-t5:  76%|███████▌  | 38/50 [00:04<00:01,  9.11it/s, Saved at =inf, TrLoss=0.1875]
 Training FV-otc-s1-t5:  76%|███████▌  | 38/50 [00:04<00:01,  9.11it/s, Saved at =inf, TrLoss=0.1771]
 Training FV-otc-s1-t5:  78%|███████▊  | 39/50 [00:04<00:01,  7.75it/s, Saved at =inf, TrLoss=0.1771]
 Training FV-otc-s1-t5:  78%|███████▊  | 39/50 [00:04<00:01,  7.75it/s, Saved at =inf, TrLoss=0.1776]
 Training FV-otc-s1-t5:  80%|████████  | 40/50 [00:04<00:01,  7.63it/s, Saved at =inf, TrLoss=0.1776]
 Training FV-otc-s1-t5:  80%|████████  | 40/50 [00:04<00:01,  7.63it/s, Saved at =inf, TrLoss=0.1738]
 Training FV-otc-s1-t5:  82%|████████▏ | 41/50 [00:04<00:01,  7.99it/s, Saved at =inf, TrLoss=0.1738]
 Training FV-otc-s1-t5:  82%|████████▏ | 41/50 [00:04<00:01,  7.99it/s, Saved at =inf, TrLoss=0.1683]
 Training FV-otc-s1-t5:  84%|████████▍ | 42/50 [00:04<00:00,  8.30it/s, Saved at =inf, TrLoss=0.1683]
 Training FV-otc-s1-t5:  84%|████████▍ | 42/50 [00:04<00:00,  8.30it/s, Saved at =inf, TrLoss=0.1735]
 Training FV-otc-s1-t5:  86%|████████▌ | 43/50 [00:04<00:00,  8.50it/s, Saved at =inf, TrLoss=0.1735]
 Training FV-otc-s1-t5:  86%|████████▌ | 43/50 [00:05<00:00,  8.50it/s, Saved at =inf, TrLoss=0.1729]
 Training FV-otc-s1-t5:  88%|████████▊ | 44/50 [00:05<00:00,  8.66it/s, Saved at =inf, TrLoss=0.1729]
 Training FV-otc-s1-t5:  88%|████████▊ | 44/50 [00:05<00:00,  8.66it/s, Saved at =inf, TrLoss=0.1592]
 Training FV-otc-s1-t5:  90%|█████████ | 45/50 [00:05<00:00,  8.80it/s, Saved at =inf, TrLoss=0.1592]
 Training FV-otc-s1-t5:  90%|█████████ | 45/50 [00:05<00:00,  8.80it/s, Saved at =inf, TrLoss=0.1669]
 Training FV-otc-s1-t5:  92%|█████████▏| 46/50 [00:05<00:00,  8.91it/s, Saved at =inf, TrLoss=0.1669]
 Training FV-otc-s1-t5:  92%|█████████▏| 46/50 [00:05<00:00,  8.91it/s, Saved at =inf, TrLoss=0.1662]
 Training FV-otc-s1-t5:  94%|█████████▍| 47/50 [00:05<00:00,  8.99it/s, Saved at =inf, TrLoss=0.1662]
 Training FV-otc-s1-t5:  94%|█████████▍| 47/50 [00:05<00:00,  8.99it/s, Saved at =inf, TrLoss=0.1641]
 Training FV-otc-s1-t5:  96%|█████████▌| 48/50 [00:05<00:00,  9.00it/s, Saved at =inf, TrLoss=0.1641]
 Training FV-otc-s1-t5:  96%|█████████▌| 48/50 [00:05<00:00,  9.00it/s, Saved at =inf, TrLoss=0.1605]
 Training FV-otc-s1-t5:  98%|█████████▊| 49/50 [00:05<00:00,  9.05it/s, Saved at =inf, TrLoss=0.1605]
 Training FV-otc-s1-t5:  98%|█████████▊| 49/50 [00:05<00:00,  9.05it/s, Saved at =inf, TrLoss=0.1578]
 Training FV-otc-s1-t5: 100%|██████████| 50/50 [00:05<00:00,  8.16it/s, Saved at =inf, TrLoss=0.1578]
 Training FV-otc-s1-t5: 100%|██████████| 50/50 [00:05<00:00,  8.71it/s, Saved at =inf, TrLoss=0.1578]

 Training FV-otc-s1-t6:   0%|          | 0/50 [00:00<?, ?it/s]
 Training FV-otc-s1-t6:   0%|          | 0/50 [00:00<?, ?it/s, Saved at =inf, TrLoss=0.7339]
 Training FV-otc-s1-t6:   2%|▏         | 1/50 [00:00<00:07,  6.97it/s, Saved at =inf, TrLoss=0.7339]
 Training FV-otc-s1-t6:   2%|▏         | 1/50 [00:00<00:07,  6.97it/s, Saved at =inf, TrLoss=0.6560]
 Training FV-otc-s1-t6:   4%|▍         | 2/50 [00:00<00:06,  7.32it/s, Saved at =inf, TrLoss=0.6560]
 Training FV-otc-s1-t6:   4%|▍         | 2/50 [00:00<00:06,  7.32it/s, Saved at =inf, TrLoss=0.5685]
 Training FV-otc-s1-t6:   6%|▌         | 3/50 [00:00<00:06,  7.44it/s, Saved at =inf, TrLoss=0.5685]
 Training FV-otc-s1-t6:   6%|▌         | 3/50 [00:00<00:06,  7.44it/s, Saved at =inf, TrLoss=0.4681]
 Training FV-otc-s1-t6:   8%|▊         | 4/50 [00:00<00:06,  7.49it/s, Saved at =inf, TrLoss=0.4681]
 Training FV-otc-s1-t6:   8%|▊         | 4/50 [00:00<00:06,  7.49it/s, Saved at =inf, TrLoss=0.4571]
 Training FV-otc-s1-t6:  10%|█         | 5/50 [00:00<00:05,  7.52it/s, Saved at =inf, TrLoss=0.4571]
 Training FV-otc-s1-t6:  10%|█         | 5/50 [00:00<00:05,  7.52it/s, Saved at =inf, TrLoss=0.3923]
 Training FV-otc-s1-t6:  12%|█▏        | 6/50 [00:00<00:05,  7.53it/s, Saved at =inf, TrLoss=0.3923]
 Training FV-otc-s1-t6:  12%|█▏        | 6/50 [00:00<00:05,  7.53it/s, Saved at =inf, TrLoss=0.3786]
 Training FV-otc-s1-t6:  14%|█▍        | 7/50 [00:00<00:05,  7.54it/s, Saved at =inf, TrLoss=0.3786]
 Training FV-otc-s1-t6:  14%|█▍        | 7/50 [00:01<00:05,  7.54it/s, Saved at =inf, TrLoss=0.3677]
 Training FV-otc-s1-t6:  16%|█▌        | 8/50 [00:01<00:05,  7.55it/s, Saved at =inf, TrLoss=0.3677]
 Training FV-otc-s1-t6:  16%|█▌        | 8/50 [00:01<00:05,  7.55it/s, Saved at =inf, TrLoss=0.3461]
 Training FV-otc-s1-t6:  18%|█▊        | 9/50 [00:01<00:05,  7.55it/s, Saved at =inf, TrLoss=0.3461]
 Training FV-otc-s1-t6:  18%|█▊        | 9/50 [00:01<00:05,  7.55it/s, Saved at =inf, TrLoss=0.3251]
 Training FV-otc-s1-t6:  20%|██        | 10/50 [00:01<00:05,  7.56it/s, Saved at =inf, TrLoss=0.3251]
 Training FV-otc-s1-t6:  20%|██        | 10/50 [00:01<00:05,  7.56it/s, Saved at =inf, TrLoss=0.3080]
 Training FV-otc-s1-t6:  22%|██▏       | 11/50 [00:01<00:05,  7.56it/s, Saved at =inf, TrLoss=0.3080]
 Training FV-otc-s1-t6:  22%|██▏       | 11/50 [00:01<00:05,  7.56it/s, Saved at =inf, TrLoss=0.2788]
 Training FV-otc-s1-t6:  24%|██▍       | 12/50 [00:01<00:05,  7.56it/s, Saved at =inf, TrLoss=0.2788]
 Training FV-otc-s1-t6:  24%|██▍       | 12/50 [00:01<00:05,  7.56it/s, Saved at =inf, TrLoss=0.2776]
 Training FV-otc-s1-t6:  26%|██▌       | 13/50 [00:01<00:04,  7.56it/s, Saved at =inf, TrLoss=0.2776]
 Training FV-otc-s1-t6:  26%|██▌       | 13/50 [00:01<00:04,  7.56it/s, Saved at =inf, TrLoss=0.2828]
 Training FV-otc-s1-t6:  28%|██▊       | 14/50 [00:01<00:06,  5.80it/s, Saved at =inf, TrLoss=0.2828]
 Training FV-otc-s1-t6:  28%|██▊       | 14/50 [00:02<00:06,  5.80it/s, Saved at =inf, TrLoss=0.2709]
 Training FV-otc-s1-t6:  30%|███       | 15/50 [00:02<00:05,  6.24it/s, Saved at =inf, TrLoss=0.2709]
 Training FV-otc-s1-t6:  30%|███       | 15/50 [00:02<00:05,  6.24it/s, Saved at =inf, TrLoss=0.2679]
 Training FV-otc-s1-t6:  32%|███▏      | 16/50 [00:02<00:05,  6.61it/s, Saved at =inf, TrLoss=0.2679]
 Training FV-otc-s1-t6:  32%|███▏      | 16/50 [00:02<00:05,  6.61it/s, Saved at =inf, TrLoss=0.2616]
 Training FV-otc-s1-t6:  34%|███▍      | 17/50 [00:02<00:04,  6.89it/s, Saved at =inf, TrLoss=0.2616]
 Training FV-otc-s1-t6:  34%|███▍      | 17/50 [00:02<00:04,  6.89it/s, Saved at =inf, TrLoss=0.2396]
 Training FV-otc-s1-t6:  36%|███▌      | 18/50 [00:02<00:04,  7.10it/s, Saved at =inf, TrLoss=0.2396]
 Training FV-otc-s1-t6:  36%|███▌      | 18/50 [00:02<00:04,  7.10it/s, Saved at =inf, TrLoss=0.2519]
 Training FV-otc-s1-t6:  38%|███▊      | 19/50 [00:02<00:04,  7.25it/s, Saved at =inf, TrLoss=0.2519]
 Training FV-otc-s1-t6:  38%|███▊      | 19/50 [00:02<00:04,  7.25it/s, Saved at =inf, TrLoss=0.2411]
 Training FV-otc-s1-t6:  40%|████      | 20/50 [00:02<00:04,  7.35it/s, Saved at =inf, TrLoss=0.2411]
 Training FV-otc-s1-t6:  40%|████      | 20/50 [00:02<00:04,  7.35it/s, Saved at =inf, TrLoss=0.2461]
 Training FV-otc-s1-t6:  42%|████▏     | 21/50 [00:02<00:03,  7.43it/s, Saved at =inf, TrLoss=0.2461]
 Training FV-otc-s1-t6:  42%|████▏     | 21/50 [00:03<00:03,  7.43it/s, Saved at =inf, TrLoss=0.2391]
 Training FV-otc-s1-t6:  44%|████▍     | 22/50 [00:03<00:03,  7.48it/s, Saved at =inf, TrLoss=0.2391]
 Training FV-otc-s1-t6:  44%|████▍     | 22/50 [00:03<00:03,  7.48it/s, Saved at =inf, TrLoss=0.2270]
 Training FV-otc-s1-t6:  46%|████▌     | 23/50 [00:03<00:03,  7.53it/s, Saved at =inf, TrLoss=0.2270]
 Training FV-otc-s1-t6:  46%|████▌     | 23/50 [00:03<00:03,  7.53it/s, Saved at =inf, TrLoss=0.2369]
 Training FV-otc-s1-t6:  48%|████▊     | 24/50 [00:03<00:03,  7.56it/s, Saved at =inf, TrLoss=0.2369]
 Training FV-otc-s1-t6:  48%|████▊     | 24/50 [00:03<00:03,  7.56it/s, Saved at =inf, TrLoss=0.2221]
 Training FV-otc-s1-t6:  50%|█████     | 25/50 [00:03<00:03,  7.57it/s, Saved at =inf, TrLoss=0.2221]
 Training FV-otc-s1-t6:  50%|█████     | 25/50 [00:03<00:03,  7.57it/s, Saved at =inf, TrLoss=0.2296]
 Training FV-otc-s1-t6:  52%|█████▏    | 26/50 [00:03<00:03,  7.59it/s, Saved at =inf, TrLoss=0.2296]
 Training FV-otc-s1-t6:  52%|█████▏    | 26/50 [00:03<00:03,  7.59it/s, Saved at =inf, TrLoss=0.2186]
 Training FV-otc-s1-t6:  54%|█████▍    | 27/50 [00:03<00:03,  7.60it/s, Saved at =inf, TrLoss=0.2186]
 Training FV-otc-s1-t6:  54%|█████▍    | 27/50 [00:03<00:03,  7.60it/s, Saved at =inf, TrLoss=0.2274]
 Training FV-otc-s1-t6:  56%|█████▌    | 28/50 [00:03<00:02,  7.61it/s, Saved at =inf, TrLoss=0.2274]
 Training FV-otc-s1-t6:  56%|█████▌    | 28/50 [00:03<00:02,  7.61it/s, Saved at =inf, TrLoss=0.2113]
 Training FV-otc-s1-t6:  58%|█████▊    | 29/50 [00:03<00:02,  7.61it/s, Saved at =inf, TrLoss=0.2113]
 Training FV-otc-s1-t6:  58%|█████▊    | 29/50 [00:04<00:02,  7.61it/s, Saved at =inf, TrLoss=0.2166]
 Training FV-otc-s1-t6:  60%|██████    | 30/50 [00:04<00:02,  7.62it/s, Saved at =inf, TrLoss=0.2166]
 Training FV-otc-s1-t6:  60%|██████    | 30/50 [00:04<00:02,  7.62it/s, Saved at =inf, TrLoss=0.2073]
 Training FV-otc-s1-t6:  62%|██████▏   | 31/50 [00:04<00:02,  7.62it/s, Saved at =inf, TrLoss=0.2073]
 Training FV-otc-s1-t6:  62%|██████▏   | 31/50 [00:04<00:02,  7.62it/s, Saved at =inf, TrLoss=0.2196]
 Training FV-otc-s1-t6:  64%|██████▍   | 32/50 [00:04<00:02,  7.62it/s, Saved at =inf, TrLoss=0.2196]
 Training FV-otc-s1-t6:  64%|██████▍   | 32/50 [00:04<00:02,  7.62it/s, Saved at =inf, TrLoss=0.2046]
 Training FV-otc-s1-t6:  66%|██████▌   | 33/50 [00:04<00:02,  7.63it/s, Saved at =inf, TrLoss=0.2046]
 Training FV-otc-s1-t6:  66%|██████▌   | 33/50 [00:04<00:02,  7.63it/s, Saved at =inf, TrLoss=0.2145]
 Training FV-otc-s1-t6:  68%|██████▊   | 34/50 [00:04<00:02,  7.64it/s, Saved at =inf, TrLoss=0.2145]
 Training FV-otc-s1-t6:  68%|██████▊   | 34/50 [00:04<00:02,  7.64it/s, Saved at =inf, TrLoss=0.2037]
 Training FV-otc-s1-t6:  70%|███████   | 35/50 [00:04<00:01,  7.66it/s, Saved at =inf, TrLoss=0.2037]
 Training FV-otc-s1-t6:  70%|███████   | 35/50 [00:04<00:01,  7.66it/s, Saved at =inf, TrLoss=0.2077]
 Training FV-otc-s1-t6:  72%|███████▏  | 36/50 [00:04<00:01,  7.67it/s, Saved at =inf, TrLoss=0.2077]
 Training FV-otc-s1-t6:  72%|███████▏  | 36/50 [00:04<00:01,  7.67it/s, Saved at =inf, TrLoss=0.1999]
 Training FV-otc-s1-t6:  74%|███████▍  | 37/50 [00:05<00:01,  7.67it/s, Saved at =inf, TrLoss=0.1999]
 Training FV-otc-s1-t6:  74%|███████▍  | 37/50 [00:05<00:01,  7.67it/s, Saved at =inf, TrLoss=0.1998]
 Training FV-otc-s1-t6:  76%|███████▌  | 38/50 [00:05<00:01,  7.67it/s, Saved at =inf, TrLoss=0.1998]
 Training FV-otc-s1-t6:  76%|███████▌  | 38/50 [00:05<00:01,  7.67it/s, Saved at =inf, TrLoss=0.1921]
 Training FV-otc-s1-t6:  78%|███████▊  | 39/50 [00:05<00:01,  7.39it/s, Saved at =inf, TrLoss=0.1921]
 Training FV-otc-s1-t6:  78%|███████▊  | 39/50 [00:05<00:01,  7.39it/s, Saved at =inf, TrLoss=0.1973]
 Training FV-otc-s1-t6:  80%|████████  | 40/50 [00:05<00:01,  7.38it/s, Saved at =inf, TrLoss=0.1973]
 Training FV-otc-s1-t6:  80%|████████  | 40/50 [00:05<00:01,  7.38it/s, Saved at =inf, TrLoss=0.1914]
 Training FV-otc-s1-t6:  82%|████████▏ | 41/50 [00:05<00:01,  7.44it/s, Saved at =inf, TrLoss=0.1914]
 Training FV-otc-s1-t6:  82%|████████▏ | 41/50 [00:05<00:01,  7.44it/s, Saved at =inf, TrLoss=0.1866]
 Training FV-otc-s1-t6:  84%|████████▍ | 42/50 [00:05<00:01,  7.49it/s, Saved at =inf, TrLoss=0.1866]
 Training FV-otc-s1-t6:  84%|████████▍ | 42/50 [00:05<00:01,  7.49it/s, Saved at =inf, TrLoss=0.1881]
 Training FV-otc-s1-t6:  86%|████████▌ | 43/50 [00:05<00:00,  7.53it/s, Saved at =inf, TrLoss=0.1881]
 Training FV-otc-s1-t6:  86%|████████▌ | 43/50 [00:05<00:00,  7.53it/s, Saved at =inf, TrLoss=0.1943]
 Training FV-otc-s1-t6:  88%|████████▊ | 44/50 [00:05<00:00,  7.54it/s, Saved at =inf, TrLoss=0.1943]
 Training FV-otc-s1-t6:  88%|████████▊ | 44/50 [00:06<00:00,  7.54it/s, Saved at =inf, TrLoss=0.1803]
 Training FV-otc-s1-t6:  90%|█████████ | 45/50 [00:06<00:00,  7.57it/s, Saved at =inf, TrLoss=0.1803]
 Training FV-otc-s1-t6:  90%|█████████ | 45/50 [00:06<00:00,  7.57it/s, Saved at =inf, TrLoss=0.1871]
 Training FV-otc-s1-t6:  92%|█████████▏| 46/50 [00:06<00:00,  7.56it/s, Saved at =inf, TrLoss=0.1871]
 Training FV-otc-s1-t6:  92%|█████████▏| 46/50 [00:06<00:00,  7.56it/s, Saved at =inf, TrLoss=0.1839]
 Training FV-otc-s1-t6:  94%|█████████▍| 47/50 [00:06<00:00,  7.37it/s, Saved at =inf, TrLoss=0.1839]
 Training FV-otc-s1-t6:  94%|█████████▍| 47/50 [00:06<00:00,  7.37it/s, Saved at =inf, TrLoss=0.1814]
 Training FV-otc-s1-t6:  96%|█████████▌| 48/50 [00:06<00:00,  7.44it/s, Saved at =inf, TrLoss=0.1814]
 Training FV-otc-s1-t6:  96%|█████████▌| 48/50 [00:06<00:00,  7.44it/s, Saved at =inf, TrLoss=0.1770]
 Training FV-otc-s1-t6:  98%|█████████▊| 49/50 [00:06<00:00,  7.38it/s, Saved at =inf, TrLoss=0.1770]
 Training FV-otc-s1-t6:  98%|█████████▊| 49/50 [00:06<00:00,  7.38it/s, Saved at =inf, TrLoss=0.1732]
 Training FV-otc-s1-t6: 100%|██████████| 50/50 [00:06<00:00,  7.45it/s, Saved at =inf, TrLoss=0.1732]
 Training FV-otc-s1-t6: 100%|██████████| 50/50 [00:06<00:00,  7.40it/s, Saved at =inf, TrLoss=0.1732]

 Training FV-otc-s1-t7:   0%|          | 0/50 [00:00<?, ?it/s]
 Training FV-otc-s1-t7:   0%|          | 0/50 [00:00<?, ?it/s, Saved at =inf, TrLoss=0.7375]
 Training FV-otc-s1-t7:   2%|▏         | 1/50 [00:00<00:12,  3.94it/s, Saved at =inf, TrLoss=0.7375]
 Training FV-otc-s1-t7:   2%|▏         | 1/50 [00:00<00:12,  3.94it/s, Saved at =inf, TrLoss=0.7033]
 Training FV-otc-s1-t7:   4%|▍         | 2/50 [00:00<00:10,  4.44it/s, Saved at =inf, TrLoss=0.7033]
 Training FV-otc-s1-t7:   4%|▍         | 2/50 [00:00<00:10,  4.44it/s, Saved at =inf, TrLoss=0.6774]
 Training FV-otc-s1-t7:   6%|▌         | 3/50 [00:00<00:09,  4.73it/s, Saved at =inf, TrLoss=0.6774]
 Training FV-otc-s1-t7:   6%|▌         | 3/50 [00:00<00:09,  4.73it/s, Saved at =inf, TrLoss=0.5567]
 Training FV-otc-s1-t7:   8%|▊         | 4/50 [00:00<00:09,  4.88it/s, Saved at =inf, TrLoss=0.5567]
 Training FV-otc-s1-t7:   8%|▊         | 4/50 [00:00<00:09,  4.88it/s, Saved at =inf, TrLoss=0.4893]
 Training FV-otc-s1-t7:  10%|█         | 5/50 [00:01<00:09,  4.90it/s, Saved at =inf, TrLoss=0.4893]
 Training FV-otc-s1-t7:  10%|█         | 5/50 [00:01<00:09,  4.90it/s, Saved at =inf, TrLoss=0.4578]
 Training FV-otc-s1-t7:  12%|█▏        | 6/50 [00:01<00:08,  4.99it/s, Saved at =inf, TrLoss=0.4578]
 Training FV-otc-s1-t7:  12%|█▏        | 6/50 [00:01<00:08,  4.99it/s, Saved at =inf, TrLoss=0.4197]
 Training FV-otc-s1-t7:  14%|█▍        | 7/50 [00:01<00:09,  4.75it/s, Saved at =inf, TrLoss=0.4197]
 Training FV-otc-s1-t7:  14%|█▍        | 7/50 [00:01<00:09,  4.75it/s, Saved at =inf, TrLoss=0.4063]
 Training FV-otc-s1-t7:  16%|█▌        | 8/50 [00:01<00:08,  4.88it/s, Saved at =inf, TrLoss=0.4063]
 Training FV-otc-s1-t7:  16%|█▌        | 8/50 [00:01<00:08,  4.88it/s, Saved at =inf, TrLoss=0.3733]
 Training FV-otc-s1-t7:  18%|█▊        | 9/50 [00:01<00:08,  4.68it/s, Saved at =inf, TrLoss=0.3733]
 Training FV-otc-s1-t7:  18%|█▊        | 9/50 [00:02<00:08,  4.68it/s, Saved at =inf, TrLoss=0.3628]
 Training FV-otc-s1-t7:  20%|██        | 10/50 [00:02<00:07,  5.09it/s, Saved at =inf, TrLoss=0.3628]
 Training FV-otc-s1-t7:  20%|██        | 10/50 [00:02<00:07,  5.09it/s, Saved at =inf, TrLoss=0.3292]
 Training FV-otc-s1-t7:  22%|██▏       | 11/50 [00:02<00:07,  5.45it/s, Saved at =inf, TrLoss=0.3292]
 Training FV-otc-s1-t7:  22%|██▏       | 11/50 [00:02<00:07,  5.45it/s, Saved at =inf, TrLoss=0.3280]
 Training FV-otc-s1-t7:  24%|██▍       | 12/50 [00:02<00:06,  5.60it/s, Saved at =inf, TrLoss=0.3280]
 Training FV-otc-s1-t7:  24%|██▍       | 12/50 [00:02<00:06,  5.60it/s, Saved at =inf, TrLoss=0.3168]
 Training FV-otc-s1-t7:  26%|██▌       | 13/50 [00:02<00:06,  5.76it/s, Saved at =inf, TrLoss=0.3168]
 Training FV-otc-s1-t7:  26%|██▌       | 13/50 [00:02<00:06,  5.76it/s, Saved at =inf, TrLoss=0.2929]
 Training FV-otc-s1-t7:  28%|██▊       | 14/50 [00:02<00:06,  5.94it/s, Saved at =inf, TrLoss=0.2929]
 Training FV-otc-s1-t7:  28%|██▊       | 14/50 [00:02<00:06,  5.94it/s, Saved at =inf, TrLoss=0.3074]
 Training FV-otc-s1-t7:  30%|███       | 15/50 [00:02<00:05,  6.01it/s, Saved at =inf, TrLoss=0.3074]
 Training FV-otc-s1-t7:  30%|███       | 15/50 [00:02<00:05,  6.01it/s, Saved at =inf, TrLoss=0.2796]
 Training FV-otc-s1-t7:  32%|███▏      | 16/50 [00:03<00:05,  5.92it/s, Saved at =inf, TrLoss=0.2796]
 Training FV-otc-s1-t7:  32%|███▏      | 16/50 [00:03<00:05,  5.92it/s, Saved at =inf, TrLoss=0.2918]
 Training FV-otc-s1-t7:  34%|███▍      | 17/50 [00:03<00:05,  5.73it/s, Saved at =inf, TrLoss=0.2918]
 Training FV-otc-s1-t7:  34%|███▍      | 17/50 [00:03<00:05,  5.73it/s, Saved at =inf, TrLoss=0.2662]
 Training FV-otc-s1-t7:  36%|███▌      | 18/50 [00:03<00:05,  5.42it/s, Saved at =inf, TrLoss=0.2662]
 Training FV-otc-s1-t7:  36%|███▌      | 18/50 [00:03<00:05,  5.42it/s, Saved at =inf, TrLoss=0.2698]
 Training FV-otc-s1-t7:  38%|███▊      | 19/50 [00:03<00:05,  5.63it/s, Saved at =inf, TrLoss=0.2698]
 Training FV-otc-s1-t7:  38%|███▊      | 19/50 [00:03<00:05,  5.63it/s, Saved at =inf, TrLoss=0.2618]
 Training FV-otc-s1-t7:  40%|████      | 20/50 [00:03<00:05,  5.79it/s, Saved at =inf, TrLoss=0.2618]
 Training FV-otc-s1-t7:  40%|████      | 20/50 [00:03<00:05,  5.79it/s, Saved at =inf, TrLoss=0.2553]
 Training FV-otc-s1-t7:  42%|████▏     | 21/50 [00:03<00:04,  5.90it/s, Saved at =inf, TrLoss=0.2553]
 Training FV-otc-s1-t7:  42%|████▏     | 21/50 [00:04<00:04,  5.90it/s, Saved at =inf, TrLoss=0.2605]
 Training FV-otc-s1-t7:  44%|████▍     | 22/50 [00:04<00:04,  5.78it/s, Saved at =inf, TrLoss=0.2605]
 Training FV-otc-s1-t7:  44%|████▍     | 22/50 [00:04<00:04,  5.78it/s, Saved at =inf, TrLoss=0.2407]
 Training FV-otc-s1-t7:  46%|████▌     | 23/50 [00:04<00:04,  5.50it/s, Saved at =inf, TrLoss=0.2407]
 Training FV-otc-s1-t7:  46%|████▌     | 23/50 [00:04<00:04,  5.50it/s, Saved at =inf, TrLoss=0.2582]
 Training FV-otc-s1-t7:  48%|████▊     | 24/50 [00:04<00:04,  5.41it/s, Saved at =inf, TrLoss=0.2582]
 Training FV-otc-s1-t7:  48%|████▊     | 24/50 [00:04<00:04,  5.41it/s, Saved at =inf, TrLoss=0.2424]
 Training FV-otc-s1-t7:  50%|█████     | 25/50 [00:04<00:04,  5.24it/s, Saved at =inf, TrLoss=0.2424]
 Training FV-otc-s1-t7:  50%|█████     | 25/50 [00:04<00:04,  5.24it/s, Saved at =inf, TrLoss=0.2506]
 Training FV-otc-s1-t7:  52%|█████▏    | 26/50 [00:04<00:04,  5.38it/s, Saved at =inf, TrLoss=0.2506]
 Training FV-otc-s1-t7:  52%|█████▏    | 26/50 [00:04<00:04,  5.38it/s, Saved at =inf, TrLoss=0.2351]
 Training FV-otc-s1-t7:  54%|█████▍    | 27/50 [00:05<00:04,  5.58it/s, Saved at =inf, TrLoss=0.2351]
 Training FV-otc-s1-t7:  54%|█████▍    | 27/50 [00:05<00:04,  5.58it/s, Saved at =inf, TrLoss=0.2502]
 Training FV-otc-s1-t7:  56%|█████▌    | 28/50 [00:05<00:03,  5.71it/s, Saved at =inf, TrLoss=0.2502]
 Training FV-otc-s1-t7:  56%|█████▌    | 28/50 [00:05<00:03,  5.71it/s, Saved at =inf, TrLoss=0.2320]
 Training FV-otc-s1-t7:  58%|█████▊    | 29/50 [00:05<00:03,  5.71it/s, Saved at =inf, TrLoss=0.2320]
 Training FV-otc-s1-t7:  58%|█████▊    | 29/50 [00:05<00:03,  5.71it/s, Saved at =inf, TrLoss=0.2475]
 Training FV-otc-s1-t7:  60%|██████    | 30/50 [00:05<00:03,  5.93it/s, Saved at =inf, TrLoss=0.2475]
 Training FV-otc-s1-t7:  60%|██████    | 30/50 [00:05<00:03,  5.93it/s, Saved at =inf, TrLoss=0.2281]
 Training FV-otc-s1-t7:  62%|██████▏   | 31/50 [00:05<00:03,  5.82it/s, Saved at =inf, TrLoss=0.2281]
 Training FV-otc-s1-t7:  62%|██████▏   | 31/50 [00:05<00:03,  5.82it/s, Saved at =inf, TrLoss=0.2397]
 Training FV-otc-s1-t7:  64%|██████▍   | 32/50 [00:05<00:03,  5.90it/s, Saved at =inf, TrLoss=0.2397]
 Training FV-otc-s1-t7:  64%|██████▍   | 32/50 [00:05<00:03,  5.90it/s, Saved at =inf, TrLoss=0.2247]
 Training FV-otc-s1-t7:  66%|██████▌   | 33/50 [00:06<00:02,  6.03it/s, Saved at =inf, TrLoss=0.2247]
 Training FV-otc-s1-t7:  66%|██████▌   | 33/50 [00:06<00:02,  6.03it/s, Saved at =inf, TrLoss=0.2316]
 Training FV-otc-s1-t7:  68%|██████▊   | 34/50 [00:06<00:02,  6.06it/s, Saved at =inf, TrLoss=0.2316]
 Training FV-otc-s1-t7:  68%|██████▊   | 34/50 [00:06<00:02,  6.06it/s, Saved at =inf, TrLoss=0.2195]
 Training FV-otc-s1-t7:  70%|███████   | 35/50 [00:06<00:02,  5.75it/s, Saved at =inf, TrLoss=0.2195]
 Training FV-otc-s1-t7:  70%|███████   | 35/50 [00:06<00:02,  5.75it/s, Saved at =inf, TrLoss=0.2261]
 Training FV-otc-s1-t7:  72%|███████▏  | 36/50 [00:06<00:02,  5.79it/s, Saved at =inf, TrLoss=0.2261]
 Training FV-otc-s1-t7:  72%|███████▏  | 36/50 [00:06<00:02,  5.79it/s, Saved at =inf, TrLoss=0.2165]
 Training FV-otc-s1-t7:  74%|███████▍  | 37/50 [00:06<00:02,  5.54it/s, Saved at =inf, TrLoss=0.2165]
 Training FV-otc-s1-t7:  74%|███████▍  | 37/50 [00:06<00:02,  5.54it/s, Saved at =inf, TrLoss=0.2210]
 Training FV-otc-s1-t7:  76%|███████▌  | 38/50 [00:07<00:02,  4.52it/s, Saved at =inf, TrLoss=0.2210]
 Training FV-otc-s1-t7:  76%|███████▌  | 38/50 [00:07<00:02,  4.52it/s, Saved at =inf, TrLoss=0.2113]
 Training FV-otc-s1-t7:  78%|███████▊  | 39/50 [00:07<00:02,  4.36it/s, Saved at =inf, TrLoss=0.2113]
 Training FV-otc-s1-t7:  78%|███████▊  | 39/50 [00:07<00:02,  4.36it/s, Saved at =inf, TrLoss=0.2174]
 Training FV-otc-s1-t7:  80%|████████  | 40/50 [00:07<00:02,  4.74it/s, Saved at =inf, TrLoss=0.2174]
 Training FV-otc-s1-t7:  80%|████████  | 40/50 [00:07<00:02,  4.74it/s, Saved at =inf, TrLoss=0.2074]
 Training FV-otc-s1-t7:  82%|████████▏ | 41/50 [00:07<00:01,  4.94it/s, Saved at =inf, TrLoss=0.2074]
 Training FV-otc-s1-t7:  82%|████████▏ | 41/50 [00:07<00:01,  4.94it/s, Saved at =inf, TrLoss=0.2067]
 Training FV-otc-s1-t7:  84%|████████▍ | 42/50 [00:07<00:01,  5.03it/s, Saved at =inf, TrLoss=0.2067]
 Training FV-otc-s1-t7:  84%|████████▍ | 42/50 [00:07<00:01,  5.03it/s, Saved at =inf, TrLoss=0.2062]
 Training FV-otc-s1-t7:  86%|████████▌ | 43/50 [00:08<00:01,  4.98it/s, Saved at =inf, TrLoss=0.2062]
 Training FV-otc-s1-t7:  86%|████████▌ | 43/50 [00:08<00:01,  4.98it/s, Saved at =inf, TrLoss=0.2122]
 Training FV-otc-s1-t7:  88%|████████▊ | 44/50 [00:08<00:01,  5.03it/s, Saved at =inf, TrLoss=0.2122]
 Training FV-otc-s1-t7:  88%|████████▊ | 44/50 [00:08<00:01,  5.03it/s, Saved at =inf, TrLoss=0.2006]
 Training FV-otc-s1-t7:  90%|█████████ | 45/50 [00:08<00:01,  4.98it/s, Saved at =inf, TrLoss=0.2006]
 Training FV-otc-s1-t7:  90%|█████████ | 45/50 [00:08<00:01,  4.98it/s, Saved at =inf, TrLoss=0.2022]
 Training FV-otc-s1-t7:  92%|█████████▏| 46/50 [00:08<00:00,  5.13it/s, Saved at =inf, TrLoss=0.2022]
 Training FV-otc-s1-t7:  92%|█████████▏| 46/50 [00:08<00:00,  5.13it/s, Saved at =inf, TrLoss=0.2002]
 Training FV-otc-s1-t7:  94%|█████████▍| 47/50 [00:08<00:00,  5.29it/s, Saved at =inf, TrLoss=0.2002]
 Training FV-otc-s1-t7:  94%|█████████▍| 47/50 [00:08<00:00,  5.29it/s, Saved at =inf, TrLoss=0.2005]
 Training FV-otc-s1-t7:  96%|█████████▌| 48/50 [00:09<00:00,  5.30it/s, Saved at =inf, TrLoss=0.2005]
 Training FV-otc-s1-t7:  96%|█████████▌| 48/50 [00:09<00:00,  5.30it/s, Saved at =inf, TrLoss=0.1969]
 Training FV-otc-s1-t7:  98%|█████████▊| 49/50 [00:09<00:00,  5.48it/s, Saved at =inf, TrLoss=0.1969]
 Training FV-otc-s1-t7:  98%|█████████▊| 49/50 [00:09<00:00,  5.48it/s, Saved at =inf, TrLoss=0.1927]
 Training FV-otc-s1-t7: 100%|██████████| 50/50 [00:09<00:00,  5.62it/s, Saved at =inf, TrLoss=0.1927]
 Training FV-otc-s1-t7: 100%|██████████| 50/50 [00:09<00:00,  5.35it/s, Saved at =inf, TrLoss=0.1927]

 Training FV-otc-s1-t8:   0%|          | 0/50 [00:00<?, ?it/s]
 Training FV-otc-s1-t8:   0%|          | 0/50 [00:00<?, ?it/s, Saved at =inf, TrLoss=0.7144]
 Training FV-otc-s1-t8:   2%|▏         | 1/50 [00:00<00:10,  4.52it/s, Saved at =inf, TrLoss=0.7144]
 Training FV-otc-s1-t8:   2%|▏         | 1/50 [00:00<00:10,  4.52it/s, Saved at =inf, TrLoss=0.6468]
 Training FV-otc-s1-t8:   4%|▍         | 2/50 [00:00<00:10,  4.71it/s, Saved at =inf, TrLoss=0.6468]
 Training FV-otc-s1-t8:   4%|▍         | 2/50 [00:00<00:10,  4.71it/s, Saved at =inf, TrLoss=0.5987]
 Training FV-otc-s1-t8:   6%|▌         | 3/50 [00:00<00:09,  4.81it/s, Saved at =inf, TrLoss=0.5987]
 Training FV-otc-s1-t8:   6%|▌         | 3/50 [00:00<00:09,  4.81it/s, Saved at =inf, TrLoss=0.5621]
 Training FV-otc-s1-t8:   8%|▊         | 4/50 [00:00<00:10,  4.36it/s, Saved at =inf, TrLoss=0.5621]
 Training FV-otc-s1-t8:   8%|▊         | 4/50 [00:01<00:10,  4.36it/s, Saved at =inf, TrLoss=0.5203]
 Training FV-otc-s1-t8:  10%|█         | 5/50 [00:01<00:10,  4.19it/s, Saved at =inf, TrLoss=0.5203]
 Training FV-otc-s1-t8:  10%|█         | 5/50 [00:01<00:10,  4.19it/s, Saved at =inf, TrLoss=0.4747]
 Training FV-otc-s1-t8:  12%|█▏        | 6/50 [00:01<00:09,  4.42it/s, Saved at =inf, TrLoss=0.4747]
 Training FV-otc-s1-t8:  12%|█▏        | 6/50 [00:01<00:09,  4.42it/s, Saved at =inf, TrLoss=0.4060]
 Training FV-otc-s1-t8:  14%|█▍        | 7/50 [00:01<00:09,  4.62it/s, Saved at =inf, TrLoss=0.4060]
 Training FV-otc-s1-t8:  14%|█▍        | 7/50 [00:01<00:09,  4.62it/s, Saved at =inf, TrLoss=0.3545]
 Training FV-otc-s1-t8:  16%|█▌        | 8/50 [00:01<00:08,  4.81it/s, Saved at =inf, TrLoss=0.3545]
 Training FV-otc-s1-t8:  16%|█▌        | 8/50 [00:01<00:08,  4.81it/s, Saved at =inf, TrLoss=0.4671]
 Training FV-otc-s1-t8:  18%|█▊        | 9/50 [00:01<00:08,  5.04it/s, Saved at =inf, TrLoss=0.4671]
 Training FV-otc-s1-t8:  18%|█▊        | 9/50 [00:02<00:08,  5.04it/s, Saved at =inf, TrLoss=0.3739]
 Training FV-otc-s1-t8:  20%|██        | 10/50 [00:02<00:08,  4.73it/s, Saved at =inf, TrLoss=0.3739]
 Training FV-otc-s1-t8:  20%|██        | 10/50 [00:02<00:08,  4.73it/s, Saved at =inf, TrLoss=0.3385]
 Training FV-otc-s1-t8:  22%|██▏       | 11/50 [00:02<00:08,  4.44it/s, Saved at =inf, TrLoss=0.3385]
 Training FV-otc-s1-t8:  22%|██▏       | 11/50 [00:02<00:08,  4.44it/s, Saved at =inf, TrLoss=0.3130]
 Training FV-otc-s1-t8:  24%|██▍       | 12/50 [00:02<00:08,  4.52it/s, Saved at =inf, TrLoss=0.3130]
 Training FV-otc-s1-t8:  24%|██▍       | 12/50 [00:02<00:08,  4.52it/s, Saved at =inf, TrLoss=0.3272]
 Training FV-otc-s1-t8:  26%|██▌       | 13/50 [00:02<00:07,  4.77it/s, Saved at =inf, TrLoss=0.3272]
 Training FV-otc-s1-t8:  26%|██▌       | 13/50 [00:02<00:07,  4.77it/s, Saved at =inf, TrLoss=0.2948]
 Training FV-otc-s1-t8:  28%|██▊       | 14/50 [00:03<00:07,  4.61it/s, Saved at =inf, TrLoss=0.2948]
 Training FV-otc-s1-t8:  28%|██▊       | 14/50 [00:03<00:07,  4.61it/s, Saved at =inf, TrLoss=0.2977]
 Training FV-otc-s1-t8:  30%|███       | 15/50 [00:03<00:07,  4.79it/s, Saved at =inf, TrLoss=0.2977]
 Training FV-otc-s1-t8:  30%|███       | 15/50 [00:03<00:07,  4.79it/s, Saved at =inf, TrLoss=0.3033]
 Training FV-otc-s1-t8:  32%|███▏      | 16/50 [00:03<00:06,  4.88it/s, Saved at =inf, TrLoss=0.3033]
 Training FV-otc-s1-t8:  32%|███▏      | 16/50 [00:03<00:06,  4.88it/s, Saved at =inf, TrLoss=0.2803]
 Training FV-otc-s1-t8:  34%|███▍      | 17/50 [00:03<00:06,  5.00it/s, Saved at =inf, TrLoss=0.2803]
 Training FV-otc-s1-t8:  34%|███▍      | 17/50 [00:03<00:06,  5.00it/s, Saved at =inf, TrLoss=0.2808]
 Training FV-otc-s1-t8:  36%|███▌      | 18/50 [00:03<00:06,  5.07it/s, Saved at =inf, TrLoss=0.2808]
 Training FV-otc-s1-t8:  36%|███▌      | 18/50 [00:03<00:06,  5.07it/s, Saved at =inf, TrLoss=0.2796]
 Training FV-otc-s1-t8:  38%|███▊      | 19/50 [00:04<00:06,  5.04it/s, Saved at =inf, TrLoss=0.2796]
 Training FV-otc-s1-t8:  38%|███▊      | 19/50 [00:04<00:06,  5.04it/s, Saved at =inf, TrLoss=0.2624]
 Training FV-otc-s1-t8:  40%|████      | 20/50 [00:04<00:06,  4.99it/s, Saved at =inf, TrLoss=0.2624]
 Training FV-otc-s1-t8:  40%|████      | 20/50 [00:04<00:06,  4.99it/s, Saved at =inf, TrLoss=0.2680]
 Training FV-otc-s1-t8:  42%|████▏     | 21/50 [00:04<00:05,  4.96it/s, Saved at =inf, TrLoss=0.2680]
 Training FV-otc-s1-t8:  42%|████▏     | 21/50 [00:04<00:05,  4.96it/s, Saved at =inf, TrLoss=0.2642]
 Training FV-otc-s1-t8:  44%|████▍     | 22/50 [00:04<00:05,  5.13it/s, Saved at =inf, TrLoss=0.2642]
 Training FV-otc-s1-t8:  44%|████▍     | 22/50 [00:04<00:05,  5.13it/s, Saved at =inf, TrLoss=0.2496]
 Training FV-otc-s1-t8:  46%|████▌     | 23/50 [00:04<00:05,  5.11it/s, Saved at =inf, TrLoss=0.2496]
 Training FV-otc-s1-t8:  46%|████▌     | 23/50 [00:04<00:05,  5.11it/s, Saved at =inf, TrLoss=0.2645]
 Training FV-otc-s1-t8:  48%|████▊     | 24/50 [00:04<00:05,  5.07it/s, Saved at =inf, TrLoss=0.2645]
 Training FV-otc-s1-t8:  48%|████▊     | 24/50 [00:05<00:05,  5.07it/s, Saved at =inf, TrLoss=0.2474]
 Training FV-otc-s1-t8:  50%|█████     | 25/50 [00:05<00:05,  4.79it/s, Saved at =inf, TrLoss=0.2474]
 Training FV-otc-s1-t8:  50%|█████     | 25/50 [00:05<00:05,  4.79it/s, Saved at =inf, TrLoss=0.2500]
 Training FV-otc-s1-t8:  52%|█████▏    | 26/50 [00:05<00:05,  4.72it/s, Saved at =inf, TrLoss=0.2500]
 Training FV-otc-s1-t8:  52%|█████▏    | 26/50 [00:05<00:05,  4.72it/s, Saved at =inf, TrLoss=0.2495]
 Training FV-otc-s1-t8:  54%|█████▍    | 27/50 [00:05<00:05,  4.54it/s, Saved at =inf, TrLoss=0.2495]
 Training FV-otc-s1-t8:  54%|█████▍    | 27/50 [00:05<00:05,  4.54it/s, Saved at =inf, TrLoss=0.2370]
 Training FV-otc-s1-t8:  56%|█████▌    | 28/50 [00:05<00:04,  4.61it/s, Saved at =inf, TrLoss=0.2370]
 Training FV-otc-s1-t8:  56%|█████▌    | 28/50 [00:06<00:04,  4.61it/s, Saved at =inf, TrLoss=0.2406]
 Training FV-otc-s1-t8:  58%|█████▊    | 29/50 [00:06<00:04,  4.59it/s, Saved at =inf, TrLoss=0.2406]
 Training FV-otc-s1-t8:  58%|█████▊    | 29/50 [00:06<00:04,  4.59it/s, Saved at =inf, TrLoss=0.2288]
 Training FV-otc-s1-t8:  60%|██████    | 30/50 [00:06<00:04,  4.65it/s, Saved at =inf, TrLoss=0.2288]
 Training FV-otc-s1-t8:  60%|██████    | 30/50 [00:06<00:04,  4.65it/s, Saved at =inf, TrLoss=0.2415]
 Training FV-otc-s1-t8:  62%|██████▏   | 31/50 [00:06<00:03,  4.80it/s, Saved at =inf, TrLoss=0.2415]
 Training FV-otc-s1-t8:  62%|██████▏   | 31/50 [00:06<00:03,  4.80it/s, Saved at =inf, TrLoss=0.2307]
 Training FV-otc-s1-t8:  64%|██████▍   | 32/50 [00:06<00:03,  4.78it/s, Saved at =inf, TrLoss=0.2307]
 Training FV-otc-s1-t8:  64%|██████▍   | 32/50 [00:06<00:03,  4.78it/s, Saved at =inf, TrLoss=0.2293]
 Training FV-otc-s1-t8:  66%|██████▌   | 33/50 [00:07<00:04,  4.04it/s, Saved at =inf, TrLoss=0.2293]
 Training FV-otc-s1-t8:  66%|██████▌   | 33/50 [00:07<00:04,  4.04it/s, Saved at =inf, TrLoss=0.2289]
 Training FV-otc-s1-t8:  68%|██████▊   | 34/50 [00:07<00:03,  4.30it/s, Saved at =inf, TrLoss=0.2289]
 Training FV-otc-s1-t8:  68%|██████▊   | 34/50 [00:07<00:03,  4.30it/s, Saved at =inf, TrLoss=0.2235]
 Training FV-otc-s1-t8:  70%|███████   | 35/50 [00:07<00:03,  4.30it/s, Saved at =inf, TrLoss=0.2235]
 Training FV-otc-s1-t8:  70%|███████   | 35/50 [00:07<00:03,  4.30it/s, Saved at =inf, TrLoss=0.2229]
 Training FV-otc-s1-t8:  72%|███████▏  | 36/50 [00:07<00:03,  4.62it/s, Saved at =inf, TrLoss=0.2229]
 Training FV-otc-s1-t8:  72%|███████▏  | 36/50 [00:07<00:03,  4.62it/s, Saved at =inf, TrLoss=0.2178]
 Training FV-otc-s1-t8:  74%|███████▍  | 37/50 [00:07<00:02,  4.67it/s, Saved at =inf, TrLoss=0.2178]
 Training FV-otc-s1-t8:  74%|███████▍  | 37/50 [00:08<00:02,  4.67it/s, Saved at =inf, TrLoss=0.2220]
 Training FV-otc-s1-t8:  76%|███████▌  | 38/50 [00:08<00:02,  4.57it/s, Saved at =inf, TrLoss=0.2220]
 Training FV-otc-s1-t8:  76%|███████▌  | 38/50 [00:08<00:02,  4.57it/s, Saved at =inf, TrLoss=0.2153]
 Training FV-otc-s1-t8:  78%|███████▊  | 39/50 [00:08<00:02,  4.33it/s, Saved at =inf, TrLoss=0.2153]
 Training FV-otc-s1-t8:  78%|███████▊  | 39/50 [00:08<00:02,  4.33it/s, Saved at =inf, TrLoss=0.2140]
 Training FV-otc-s1-t8:  80%|████████  | 40/50 [00:08<00:02,  4.41it/s, Saved at =inf, TrLoss=0.2140]
 Training FV-otc-s1-t8:  80%|████████  | 40/50 [00:08<00:02,  4.41it/s, Saved at =inf, TrLoss=0.2113]
 Training FV-otc-s1-t8:  82%|████████▏ | 41/50 [00:08<00:02,  4.42it/s, Saved at =inf, TrLoss=0.2113]
 Training FV-otc-s1-t8:  82%|████████▏ | 41/50 [00:08<00:02,  4.42it/s, Saved at =inf, TrLoss=0.2079]
 Training FV-otc-s1-t8:  84%|████████▍ | 42/50 [00:09<00:01,  4.32it/s, Saved at =inf, TrLoss=0.2079]
 Training FV-otc-s1-t8:  84%|████████▍ | 42/50 [00:09<00:01,  4.32it/s, Saved at =inf, TrLoss=0.2122]
 Training FV-otc-s1-t8:  86%|████████▌ | 43/50 [00:09<00:01,  4.34it/s, Saved at =inf, TrLoss=0.2122]
 Training FV-otc-s1-t8:  86%|████████▌ | 43/50 [00:09<00:01,  4.34it/s, Saved at =inf, TrLoss=0.2063]
 Training FV-otc-s1-t8:  88%|████████▊ | 44/50 [00:09<00:01,  4.42it/s, Saved at =inf, TrLoss=0.2063]
 Training FV-otc-s1-t8:  88%|████████▊ | 44/50 [00:09<00:01,  4.42it/s, Saved at =inf, TrLoss=0.2031]
 Training FV-otc-s1-t8:  90%|█████████ | 45/50 [00:09<00:01,  4.12it/s, Saved at =inf, TrLoss=0.2031]
 Training FV-otc-s1-t8:  90%|█████████ | 45/50 [00:09<00:01,  4.12it/s, Saved at =inf, TrLoss=0.2024]
 Training FV-otc-s1-t8:  92%|█████████▏| 46/50 [00:09<00:00,  4.44it/s, Saved at =inf, TrLoss=0.2024]
 Training FV-otc-s1-t8:  92%|█████████▏| 46/50 [00:10<00:00,  4.44it/s, Saved at =inf, TrLoss=0.2023]
 Training FV-otc-s1-t8:  94%|█████████▍| 47/50 [00:10<00:00,  4.70it/s, Saved at =inf, TrLoss=0.2023]
 Training FV-otc-s1-t8:  94%|█████████▍| 47/50 [00:10<00:00,  4.70it/s, Saved at =inf, TrLoss=0.2020]
 Training FV-otc-s1-t8:  96%|█████████▌| 48/50 [00:10<00:00,  4.85it/s, Saved at =inf, TrLoss=0.2020]
 Training FV-otc-s1-t8:  96%|█████████▌| 48/50 [00:10<00:00,  4.85it/s, Saved at =inf, TrLoss=0.1969]
 Training FV-otc-s1-t8:  98%|█████████▊| 49/50 [00:10<00:00,  4.07it/s, Saved at =inf, TrLoss=0.1969]
 Training FV-otc-s1-t8:  98%|█████████▊| 49/50 [00:10<00:00,  4.07it/s, Saved at =inf, TrLoss=0.1928]
 Training FV-otc-s1-t8: 100%|██████████| 50/50 [00:11<00:00,  3.61it/s, Saved at =inf, TrLoss=0.1928]
 Training FV-otc-s1-t8: 100%|██████████| 50/50 [00:11<00:00,  4.53it/s, Saved at =inf, TrLoss=0.1928]

 Training FV-otc-s1-t9:   0%|          | 0/50 [00:00<?, ?it/s]
 Training FV-otc-s1-t9:   0%|          | 0/50 [00:00<?, ?it/s, Saved at =inf, TrLoss=0.7841]
 Training FV-otc-s1-t9:   2%|▏         | 1/50 [00:00<00:20,  2.37it/s, Saved at =inf, TrLoss=0.7841]
 Training FV-otc-s1-t9:   2%|▏         | 1/50 [00:00<00:20,  2.37it/s, Saved at =inf, TrLoss=0.6724]
 Training FV-otc-s1-t9:   4%|▍         | 2/50 [00:00<00:17,  2.79it/s, Saved at =inf, TrLoss=0.6724]
 Training FV-otc-s1-t9:   4%|▍         | 2/50 [00:00<00:17,  2.79it/s, Saved at =inf, TrLoss=0.6260]
 Training FV-otc-s1-t9:   6%|▌         | 3/50 [00:01<00:16,  2.85it/s, Saved at =inf, TrLoss=0.6260]
 Training FV-otc-s1-t9:   6%|▌         | 3/50 [00:01<00:16,  2.85it/s, Saved at =inf, TrLoss=0.5804]
 Training FV-otc-s1-t9:   8%|▊         | 4/50 [00:01<00:16,  2.87it/s, Saved at =inf, TrLoss=0.5804]
 Training FV-otc-s1-t9:   8%|▊         | 4/50 [00:01<00:16,  2.87it/s, Saved at =inf, TrLoss=0.5104]
 Training FV-otc-s1-t9:  10%|█         | 5/50 [00:01<00:15,  2.95it/s, Saved at =inf, TrLoss=0.5104]
 Training FV-otc-s1-t9:  10%|█         | 5/50 [00:01<00:15,  2.95it/s, Saved at =inf, TrLoss=0.4390]
 Training FV-otc-s1-t9:  12%|█▏        | 6/50 [00:02<00:14,  3.12it/s, Saved at =inf, TrLoss=0.4390]
 Training FV-otc-s1-t9:  12%|█▏        | 6/50 [00:02<00:14,  3.12it/s, Saved at =inf, TrLoss=0.3879]
 Training FV-otc-s1-t9:  14%|█▍        | 7/50 [00:02<00:12,  3.37it/s, Saved at =inf, TrLoss=0.3879]
 Training FV-otc-s1-t9:  14%|█▍        | 7/50 [00:02<00:12,  3.37it/s, Saved at =inf, TrLoss=0.3762]
 Training FV-otc-s1-t9:  16%|█▌        | 8/50 [00:02<00:12,  3.34it/s, Saved at =inf, TrLoss=0.3762]
 Training FV-otc-s1-t9:  16%|█▌        | 8/50 [00:02<00:12,  3.34it/s, Saved at =inf, TrLoss=0.4065]
 Training FV-otc-s1-t9:  18%|█▊        | 9/50 [00:02<00:12,  3.29it/s, Saved at =inf, TrLoss=0.4065]
 Training FV-otc-s1-t9:  18%|█▊        | 9/50 [00:03<00:12,  3.29it/s, Saved at =inf, TrLoss=0.3434]
 Training FV-otc-s1-t9:  20%|██        | 10/50 [00:03<00:13,  2.95it/s, Saved at =inf, TrLoss=0.3434]
 Training FV-otc-s1-t9:  20%|██        | 10/50 [00:03<00:13,  2.95it/s, Saved at =inf, TrLoss=0.3375]
 Training FV-otc-s1-t9:  22%|██▏       | 11/50 [00:03<00:13,  2.97it/s, Saved at =inf, TrLoss=0.3375]
 Training FV-otc-s1-t9:  22%|██▏       | 11/50 [00:03<00:13,  2.97it/s, Saved at =inf, TrLoss=0.3238]
 Training FV-otc-s1-t9:  24%|██▍       | 12/50 [00:04<00:13,  2.78it/s, Saved at =inf, TrLoss=0.3238]
 Training FV-otc-s1-t9:  24%|██▍       | 12/50 [00:04<00:13,  2.78it/s, Saved at =inf, TrLoss=0.3201]
 Training FV-otc-s1-t9:  26%|██▌       | 13/50 [00:04<00:13,  2.71it/s, Saved at =inf, TrLoss=0.3201]
 Training FV-otc-s1-t9:  26%|██▌       | 13/50 [00:04<00:13,  2.71it/s, Saved at =inf, TrLoss=0.3056]
 Training FV-otc-s1-t9:  28%|██▊       | 14/50 [00:04<00:13,  2.58it/s, Saved at =inf, TrLoss=0.3056]
 Training FV-otc-s1-t9:  28%|██▊       | 14/50 [00:05<00:13,  2.58it/s, Saved at =inf, TrLoss=0.3081]
 Training FV-otc-s1-t9:  30%|███       | 15/50 [00:05<00:13,  2.58it/s, Saved at =inf, TrLoss=0.3081]
 Training FV-otc-s1-t9:  30%|███       | 15/50 [00:05<00:13,  2.58it/s, Saved at =inf, TrLoss=0.2966]
 Training FV-otc-s1-t9:  32%|███▏      | 16/50 [00:05<00:12,  2.72it/s, Saved at =inf, TrLoss=0.2966]
 Training FV-otc-s1-t9:  32%|███▏      | 16/50 [00:05<00:12,  2.72it/s, Saved at =inf, TrLoss=0.3003]
 Training FV-otc-s1-t9:  34%|███▍      | 17/50 [00:05<00:11,  2.79it/s, Saved at =inf, TrLoss=0.3003]
 Training FV-otc-s1-t9:  34%|███▍      | 17/50 [00:06<00:11,  2.79it/s, Saved at =inf, TrLoss=0.2819]
 Training FV-otc-s1-t9:  36%|███▌      | 18/50 [00:06<00:11,  2.73it/s, Saved at =inf, TrLoss=0.2819]
 Training FV-otc-s1-t9:  36%|███▌      | 18/50 [00:06<00:11,  2.73it/s, Saved at =inf, TrLoss=0.2792]
 Training FV-otc-s1-t9:  38%|███▊      | 19/50 [00:06<00:11,  2.77it/s, Saved at =inf, TrLoss=0.2792]
 Training FV-otc-s1-t9:  38%|███▊      | 19/50 [00:06<00:11,  2.77it/s, Saved at =inf, TrLoss=0.2748]
 Training FV-otc-s1-t9:  40%|████      | 20/50 [00:07<00:11,  2.72it/s, Saved at =inf, TrLoss=0.2748]
 Training FV-otc-s1-t9:  40%|████      | 20/50 [00:07<00:11,  2.72it/s, Saved at =inf, TrLoss=0.2727]
 Training FV-otc-s1-t9:  42%|████▏     | 21/50 [00:07<00:10,  2.79it/s, Saved at =inf, TrLoss=0.2727]
 Training FV-otc-s1-t9:  42%|████▏     | 21/50 [00:07<00:10,  2.79it/s, Saved at =inf, TrLoss=0.2638]
 Training FV-otc-s1-t9:  44%|████▍     | 22/50 [00:07<00:10,  2.73it/s, Saved at =inf, TrLoss=0.2638]
 Training FV-otc-s1-t9:  44%|████▍     | 22/50 [00:08<00:10,  2.73it/s, Saved at =inf, TrLoss=0.2636]
 Training FV-otc-s1-t9:  46%|████▌     | 23/50 [00:08<00:09,  2.81it/s, Saved at =inf, TrLoss=0.2636]
 Training FV-otc-s1-t9:  46%|████▌     | 23/50 [00:08<00:09,  2.81it/s, Saved at =inf, TrLoss=0.2614]
 Training FV-otc-s1-t9:  48%|████▊     | 24/50 [00:08<00:08,  2.93it/s, Saved at =inf, TrLoss=0.2614]
 Training FV-otc-s1-t9:  48%|████▊     | 24/50 [00:08<00:08,  2.93it/s, Saved at =inf, TrLoss=0.2577]
 Training FV-otc-s1-t9:  50%|█████     | 25/50 [00:08<00:08,  3.08it/s, Saved at =inf, TrLoss=0.2577]
 Training FV-otc-s1-t9:  50%|█████     | 25/50 [00:08<00:08,  3.08it/s, Saved at =inf, TrLoss=0.2499]
 Training FV-otc-s1-t9:  52%|█████▏    | 26/50 [00:08<00:07,  3.14it/s, Saved at =inf, TrLoss=0.2499]
 Training FV-otc-s1-t9:  52%|█████▏    | 26/50 [00:09<00:07,  3.14it/s, Saved at =inf, TrLoss=0.2498]
 Training FV-otc-s1-t9:  54%|█████▍    | 27/50 [00:09<00:07,  3.13it/s, Saved at =inf, TrLoss=0.2498]
 Training FV-otc-s1-t9:  54%|█████▍    | 27/50 [00:09<00:07,  3.13it/s, Saved at =inf, TrLoss=0.2500]
 Training FV-otc-s1-t9:  56%|█████▌    | 28/50 [00:09<00:06,  3.47it/s, Saved at =inf, TrLoss=0.2500]
 Training FV-otc-s1-t9:  56%|█████▌    | 28/50 [00:09<00:06,  3.47it/s, Saved at =inf, TrLoss=0.2450]
 Training FV-otc-s1-t9:  58%|█████▊    | 29/50 [00:09<00:05,  3.62it/s, Saved at =inf, TrLoss=0.2450]
 Training FV-otc-s1-t9:  58%|█████▊    | 29/50 [00:10<00:05,  3.62it/s, Saved at =inf, TrLoss=0.2416]
 Training FV-otc-s1-t9:  60%|██████    | 30/50 [00:10<00:05,  3.41it/s, Saved at =inf, TrLoss=0.2416]
 Training FV-otc-s1-t9:  60%|██████    | 30/50 [00:10<00:05,  3.41it/s, Saved at =inf, TrLoss=0.2441]
 Training FV-otc-s1-t9:  62%|██████▏   | 31/50 [00:10<00:06,  2.99it/s, Saved at =inf, TrLoss=0.2441]
 Training FV-otc-s1-t9:  62%|██████▏   | 31/50 [00:10<00:06,  2.99it/s, Saved at =inf, TrLoss=0.2380]
 Training FV-otc-s1-t9:  64%|██████▍   | 32/50 [00:10<00:06,  2.80it/s, Saved at =inf, TrLoss=0.2380]
 Training FV-otc-s1-t9:  64%|██████▍   | 32/50 [00:11<00:06,  2.80it/s, Saved at =inf, TrLoss=0.2359]
 Training FV-otc-s1-t9:  66%|██████▌   | 33/50 [00:11<00:05,  2.93it/s, Saved at =inf, TrLoss=0.2359]
 Training FV-otc-s1-t9:  66%|██████▌   | 33/50 [00:11<00:05,  2.93it/s, Saved at =inf, TrLoss=0.2311]
 Training FV-otc-s1-t9:  68%|██████▊   | 34/50 [00:11<00:05,  3.02it/s, Saved at =inf, TrLoss=0.2311]
 Training FV-otc-s1-t9:  68%|██████▊   | 34/50 [00:11<00:05,  3.02it/s, Saved at =inf, TrLoss=0.2342]
 Training FV-otc-s1-t9:  70%|███████   | 35/50 [00:11<00:04,  3.14it/s, Saved at =inf, TrLoss=0.2342]
 Training FV-otc-s1-t9:  70%|███████   | 35/50 [00:12<00:04,  3.14it/s, Saved at =inf, TrLoss=0.2269]
 Training FV-otc-s1-t9:  72%|███████▏  | 36/50 [00:12<00:04,  3.09it/s, Saved at =inf, TrLoss=0.2269]
 Training FV-otc-s1-t9:  72%|███████▏  | 36/50 [00:12<00:04,  3.09it/s, Saved at =inf, TrLoss=0.2273]
 Training FV-otc-s1-t9:  74%|███████▍  | 37/50 [00:12<00:04,  2.86it/s, Saved at =inf, TrLoss=0.2273]
 Training FV-otc-s1-t9:  74%|███████▍  | 37/50 [00:12<00:04,  2.86it/s, Saved at =inf, TrLoss=0.2234]
 Training FV-otc-s1-t9:  76%|███████▌  | 38/50 [00:13<00:04,  2.70it/s, Saved at =inf, TrLoss=0.2234]
 Training FV-otc-s1-t9:  76%|███████▌  | 38/50 [00:13<00:04,  2.70it/s, Saved at =inf, TrLoss=0.2179]
 Training FV-otc-s1-t9:  78%|███████▊  | 39/50 [00:13<00:03,  2.87it/s, Saved at =inf, TrLoss=0.2179]
 Training FV-otc-s1-t9:  78%|███████▊  | 39/50 [00:13<00:03,  2.87it/s, Saved at =inf, TrLoss=0.2218]
 Training FV-otc-s1-t9:  80%|████████  | 40/50 [00:13<00:03,  2.86it/s, Saved at =inf, TrLoss=0.2218]
 Training FV-otc-s1-t9:  80%|████████  | 40/50 [00:13<00:03,  2.86it/s, Saved at =inf, TrLoss=0.2142]
 Training FV-otc-s1-t9:  82%|████████▏ | 41/50 [00:14<00:03,  2.88it/s, Saved at =inf, TrLoss=0.2142]
 Training FV-otc-s1-t9:  82%|████████▏ | 41/50 [00:14<00:03,  2.88it/s, Saved at =inf, TrLoss=0.2115]
 Training FV-otc-s1-t9:  84%|████████▍ | 42/50 [00:14<00:02,  2.74it/s, Saved at =inf, TrLoss=0.2115]
 Training FV-otc-s1-t9:  84%|████████▍ | 42/50 [00:14<00:02,  2.74it/s, Saved at =inf, TrLoss=0.2156]
 Training FV-otc-s1-t9:  86%|████████▌ | 43/50 [00:14<00:02,  2.79it/s, Saved at =inf, TrLoss=0.2156]
 Training FV-otc-s1-t9:  86%|████████▌ | 43/50 [00:14<00:02,  2.79it/s, Saved at =inf, TrLoss=0.2129]
 Training FV-otc-s1-t9:  88%|████████▊ | 44/50 [00:15<00:02,  2.85it/s, Saved at =inf, TrLoss=0.2129]
 Training FV-otc-s1-t9:  88%|████████▊ | 44/50 [00:15<00:02,  2.85it/s, Saved at =inf, TrLoss=0.2124]
 Training FV-otc-s1-t9:  90%|█████████ | 45/50 [00:15<00:01,  2.69it/s, Saved at =inf, TrLoss=0.2124]
 Training FV-otc-s1-t9:  90%|█████████ | 45/50 [00:15<00:01,  2.69it/s, Saved at =inf, TrLoss=0.2506]
 Training FV-otc-s1-t9:  92%|█████████▏| 46/50 [00:15<00:01,  2.72it/s, Saved at =inf, TrLoss=0.2506]
 Training FV-otc-s1-t9:  92%|█████████▏| 46/50 [00:16<00:01,  2.72it/s, Saved at =inf, TrLoss=0.3424]
 Training FV-otc-s1-t9:  94%|█████████▍| 47/50 [00:16<00:01,  2.77it/s, Saved at =inf, TrLoss=0.3424]
 Training FV-otc-s1-t9:  94%|█████████▍| 47/50 [00:16<00:01,  2.77it/s, Saved at =inf, TrLoss=0.2401]
 Training FV-otc-s1-t9:  96%|█████████▌| 48/50 [00:16<00:00,  2.78it/s, Saved at =inf, TrLoss=0.2401]
 Training FV-otc-s1-t9:  96%|█████████▌| 48/50 [00:16<00:00,  2.78it/s, Saved at =inf, TrLoss=0.2793]
 Training FV-otc-s1-t9:  98%|█████████▊| 49/50 [00:16<00:00,  2.80it/s, Saved at =inf, TrLoss=0.2793]
 Training FV-otc-s1-t9:  98%|█████████▊| 49/50 [00:17<00:00,  2.80it/s, Saved at =inf, TrLoss=0.2202]
 Training FV-otc-s1-t9: 100%|██████████| 50/50 [00:17<00:00,  2.91it/s, Saved at =inf, TrLoss=0.2202]
 Training FV-otc-s1-t9: 100%|██████████| 50/50 [00:17<00:00,  2.90it/s, Saved at =inf, TrLoss=0.2202]

 Training ATK-otc-s1-t7:   0%|          | 0/50 [00:00<?, ?it/s]
 Training ATK-otc-s1-t7:   0%|          | 0/50 [00:00<?, ?it/s, Saved at =inf, TrLoss=0.7375]
 Training ATK-otc-s1-t7:   2%|▏         | 1/50 [00:00<00:12,  3.83it/s, Saved at =inf, TrLoss=0.7375]
 Training ATK-otc-s1-t7:   2%|▏         | 1/50 [00:00<00:12,  3.83it/s, Saved at =inf, TrLoss=0.7033]
 Training ATK-otc-s1-t7:   4%|▍         | 2/50 [00:00<00:11,  4.25it/s, Saved at =inf, TrLoss=0.7033]
 Training ATK-otc-s1-t7:   4%|▍         | 2/50 [00:00<00:11,  4.25it/s, Saved at =inf, TrLoss=0.6774]
 Training ATK-otc-s1-t7:   6%|▌         | 3/50 [00:00<00:12,  3.72it/s, Saved at =inf, TrLoss=0.6774]
 Training ATK-otc-s1-t7:   6%|▌         | 3/50 [00:00<00:12,  3.72it/s, Saved at =inf, TrLoss=0.5567]
 Training ATK-otc-s1-t7:   8%|▊         | 4/50 [00:01<00:12,  3.77it/s, Saved at =inf, TrLoss=0.5567]
 Training ATK-otc-s1-t7:   8%|▊         | 4/50 [00:01<00:12,  3.77it/s, Saved at =inf, TrLoss=0.4893]
 Training ATK-otc-s1-t7:  10%|█         | 5/50 [00:01<00:11,  3.94it/s, Saved at =inf, TrLoss=0.4893]
 Training ATK-otc-s1-t7:  10%|█         | 5/50 [00:01<00:11,  3.94it/s, Saved at =inf, TrLoss=0.4578]
 Training ATK-otc-s1-t7:  12%|█▏        | 6/50 [00:01<00:10,  4.25it/s, Saved at =inf, TrLoss=0.4578]
 Training ATK-otc-s1-t7:  12%|█▏        | 6/50 [00:01<00:10,  4.25it/s, Saved at =inf, TrLoss=0.4197]
 Training ATK-otc-s1-t7:  14%|█▍        | 7/50 [00:01<00:09,  4.33it/s, Saved at =inf, TrLoss=0.4197]
 Training ATK-otc-s1-t7:  14%|█▍        | 7/50 [00:01<00:09,  4.33it/s, Saved at =inf, TrLoss=0.4063]
 Training ATK-otc-s1-t7:  16%|█▌        | 8/50 [00:01<00:09,  4.32it/s, Saved at =inf, TrLoss=0.4063]
 Training ATK-otc-s1-t7:  16%|█▌        | 8/50 [00:02<00:09,  4.32it/s, Saved at =inf, TrLoss=0.3733]
 Training ATK-otc-s1-t7:  18%|█▊        | 9/50 [00:02<00:10,  4.03it/s, Saved at =inf, TrLoss=0.3733]
 Training ATK-otc-s1-t7:  18%|█▊        | 9/50 [00:02<00:10,  4.03it/s, Saved at =inf, TrLoss=0.3628]
 Training ATK-otc-s1-t7:  20%|██        | 10/50 [00:02<00:10,  3.99it/s, Saved at =inf, TrLoss=0.3628]
 Training ATK-otc-s1-t7:  20%|██        | 10/50 [00:02<00:10,  3.99it/s, Saved at =inf, TrLoss=0.3292]
 Training ATK-otc-s1-t7:  22%|██▏       | 11/50 [00:02<00:09,  4.30it/s, Saved at =inf, TrLoss=0.3292]
 Training ATK-otc-s1-t7:  22%|██▏       | 11/50 [00:02<00:09,  4.30it/s, Saved at =inf, TrLoss=0.3280]
 Training ATK-otc-s1-t7:  24%|██▍       | 12/50 [00:02<00:08,  4.45it/s, Saved at =inf, TrLoss=0.3280]
 Training ATK-otc-s1-t7:  24%|██▍       | 12/50 [00:03<00:08,  4.45it/s, Saved at =inf, TrLoss=0.3168]
 Training ATK-otc-s1-t7:  26%|██▌       | 13/50 [00:03<00:08,  4.40it/s, Saved at =inf, TrLoss=0.3168]
 Training ATK-otc-s1-t7:  26%|██▌       | 13/50 [00:03<00:08,  4.40it/s, Saved at =inf, TrLoss=0.2929]
 Training ATK-otc-s1-t7:  28%|██▊       | 14/50 [00:03<00:09,  3.90it/s, Saved at =inf, TrLoss=0.2929]
 Training ATK-otc-s1-t7:  28%|██▊       | 14/50 [00:03<00:09,  3.90it/s, Saved at =inf, TrLoss=0.3074]
 Training ATK-otc-s1-t7:  30%|███       | 15/50 [00:03<00:09,  3.80it/s, Saved at =inf, TrLoss=0.3074]
 Training ATK-otc-s1-t7:  30%|███       | 15/50 [00:03<00:09,  3.80it/s, Saved at =inf, TrLoss=0.2796]
 Training ATK-otc-s1-t7:  32%|███▏      | 16/50 [00:04<00:09,  3.68it/s, Saved at =inf, TrLoss=0.2796]
 Training ATK-otc-s1-t7:  32%|███▏      | 16/50 [00:04<00:09,  3.68it/s, Saved at =inf, TrLoss=0.2918]
 Training ATK-otc-s1-t7:  34%|███▍      | 17/50 [00:04<00:08,  3.72it/s, Saved at =inf, TrLoss=0.2918]
 Training ATK-otc-s1-t7:  34%|███▍      | 17/50 [00:04<00:08,  3.72it/s, Saved at =inf, TrLoss=0.2662]
 Training ATK-otc-s1-t7:  36%|███▌      | 18/50 [00:04<00:08,  3.92it/s, Saved at =inf, TrLoss=0.2662]
 Training ATK-otc-s1-t7:  36%|███▌      | 18/50 [00:04<00:08,  3.92it/s, Saved at =inf, TrLoss=0.2698]
 Training ATK-otc-s1-t7:  38%|███▊      | 19/50 [00:04<00:07,  4.17it/s, Saved at =inf, TrLoss=0.2698]
 Training ATK-otc-s1-t7:  38%|███▊      | 19/50 [00:04<00:07,  4.17it/s, Saved at =inf, TrLoss=0.2618]
 Training ATK-otc-s1-t7:  40%|████      | 20/50 [00:04<00:07,  4.19it/s, Saved at =inf, TrLoss=0.2618]
 Training ATK-otc-s1-t7:  40%|████      | 20/50 [00:05<00:07,  4.19it/s, Saved at =inf, TrLoss=0.2553]
 Training ATK-otc-s1-t7:  42%|████▏     | 21/50 [00:05<00:06,  4.35it/s, Saved at =inf, TrLoss=0.2553]
 Training ATK-otc-s1-t7:  42%|████▏     | 21/50 [00:05<00:06,  4.35it/s, Saved at =inf, TrLoss=0.2605]
 Training ATK-otc-s1-t7:  44%|████▍     | 22/50 [00:05<00:06,  4.31it/s, Saved at =inf, TrLoss=0.2605]
 Training ATK-otc-s1-t7:  44%|████▍     | 22/50 [00:05<00:06,  4.31it/s, Saved at =inf, TrLoss=0.2407]
 Training ATK-otc-s1-t7:  46%|████▌     | 23/50 [00:05<00:05,  4.61it/s, Saved at =inf, TrLoss=0.2407]
 Training ATK-otc-s1-t7:  46%|████▌     | 23/50 [00:05<00:05,  4.61it/s, Saved at =inf, TrLoss=0.2582]
 Training ATK-otc-s1-t7:  48%|████▊     | 24/50 [00:05<00:05,  4.39it/s, Saved at =inf, TrLoss=0.2582]
 Training ATK-otc-s1-t7:  48%|████▊     | 24/50 [00:05<00:05,  4.39it/s, Saved at =inf, TrLoss=0.2424]
 Training ATK-otc-s1-t7:  50%|█████     | 25/50 [00:06<00:05,  4.36it/s, Saved at =inf, TrLoss=0.2424]
 Training ATK-otc-s1-t7:  50%|█████     | 25/50 [00:06<00:05,  4.36it/s, Saved at =inf, TrLoss=0.2506]
 Training ATK-otc-s1-t7:  52%|█████▏    | 26/50 [00:06<00:05,  4.27it/s, Saved at =inf, TrLoss=0.2506]
 Training ATK-otc-s1-t7:  52%|█████▏    | 26/50 [00:06<00:05,  4.27it/s, Saved at =inf, TrLoss=0.2351]
 Training ATK-otc-s1-t7:  54%|█████▍    | 27/50 [00:06<00:05,  4.54it/s, Saved at =inf, TrLoss=0.2351]
 Training ATK-otc-s1-t7:  54%|█████▍    | 27/50 [00:06<00:05,  4.54it/s, Saved at =inf, TrLoss=0.2502]
 Training ATK-otc-s1-t7:  56%|█████▌    | 28/50 [00:06<00:04,  4.82it/s, Saved at =inf, TrLoss=0.2502]
 Training ATK-otc-s1-t7:  56%|█████▌    | 28/50 [00:06<00:04,  4.82it/s, Saved at =inf, TrLoss=0.2320]
 Training ATK-otc-s1-t7:  58%|█████▊    | 29/50 [00:06<00:04,  5.08it/s, Saved at =inf, TrLoss=0.2320]
 Training ATK-otc-s1-t7:  58%|█████▊    | 29/50 [00:06<00:04,  5.08it/s, Saved at =inf, TrLoss=0.2475]
 Training ATK-otc-s1-t7:  60%|██████    | 30/50 [00:06<00:03,  5.26it/s, Saved at =inf, TrLoss=0.2475]
 Training ATK-otc-s1-t7:  60%|██████    | 30/50 [00:07<00:03,  5.26it/s, Saved at =inf, TrLoss=0.2281]
 Training ATK-otc-s1-t7:  62%|██████▏   | 31/50 [00:07<00:03,  5.58it/s, Saved at =inf, TrLoss=0.2281]
 Training ATK-otc-s1-t7:  62%|██████▏   | 31/50 [00:07<00:03,  5.58it/s, Saved at =inf, TrLoss=0.2397]
 Training ATK-otc-s1-t7:  64%|██████▍   | 32/50 [00:07<00:03,  5.26it/s, Saved at =inf, TrLoss=0.2397]
 Training ATK-otc-s1-t7:  64%|██████▍   | 32/50 [00:07<00:03,  5.26it/s, Saved at =inf, TrLoss=0.2247]
 Training ATK-otc-s1-t7:  66%|██████▌   | 33/50 [00:07<00:03,  5.13it/s, Saved at =inf, TrLoss=0.2247]
 Training ATK-otc-s1-t7:  66%|██████▌   | 33/50 [00:07<00:03,  5.13it/s, Saved at =inf, TrLoss=0.2316]
 Training ATK-otc-s1-t7:  68%|██████▊   | 34/50 [00:07<00:03,  5.17it/s, Saved at =inf, TrLoss=0.2316]
 Training ATK-otc-s1-t7:  68%|██████▊   | 34/50 [00:07<00:03,  5.17it/s, Saved at =inf, TrLoss=0.2195]
 Training ATK-otc-s1-t7:  70%|███████   | 35/50 [00:08<00:03,  4.75it/s, Saved at =inf, TrLoss=0.2195]
 Training ATK-otc-s1-t7:  70%|███████   | 35/50 [00:08<00:03,  4.75it/s, Saved at =inf, TrLoss=0.2261]
 Training ATK-otc-s1-t7:  72%|███████▏  | 36/50 [00:08<00:02,  5.08it/s, Saved at =inf, TrLoss=0.2261]
 Training ATK-otc-s1-t7:  72%|███████▏  | 36/50 [00:08<00:02,  5.08it/s, Saved at =inf, TrLoss=0.2165]
 Training ATK-otc-s1-t7:  74%|███████▍  | 37/50 [00:08<00:02,  5.17it/s, Saved at =inf, TrLoss=0.2165]
 Training ATK-otc-s1-t7:  74%|███████▍  | 37/50 [00:08<00:02,  5.17it/s, Saved at =inf, TrLoss=0.2210]
 Training ATK-otc-s1-t7:  76%|███████▌  | 38/50 [00:08<00:02,  4.88it/s, Saved at =inf, TrLoss=0.2210]
 Training ATK-otc-s1-t7:  76%|███████▌  | 38/50 [00:08<00:02,  4.88it/s, Saved at =inf, TrLoss=0.2113]
 Training ATK-otc-s1-t7:  78%|███████▊  | 39/50 [00:08<00:02,  4.90it/s, Saved at =inf, TrLoss=0.2113]
 Training ATK-otc-s1-t7:  78%|███████▊  | 39/50 [00:08<00:02,  4.90it/s, Saved at =inf, TrLoss=0.2174]
 Training ATK-otc-s1-t7:  80%|████████  | 40/50 [00:08<00:01,  5.15it/s, Saved at =inf, TrLoss=0.2174]
 Training ATK-otc-s1-t7:  80%|████████  | 40/50 [00:09<00:01,  5.15it/s, Saved at =inf, TrLoss=0.2074]
 Training ATK-otc-s1-t7:  82%|████████▏ | 41/50 [00:09<00:01,  5.45it/s, Saved at =inf, TrLoss=0.2074]
 Training ATK-otc-s1-t7:  82%|████████▏ | 41/50 [00:09<00:01,  5.45it/s, Saved at =inf, TrLoss=0.2067]
 Training ATK-otc-s1-t7:  84%|████████▍ | 42/50 [00:09<00:01,  5.34it/s, Saved at =inf, TrLoss=0.2067]
 Training ATK-otc-s1-t7:  84%|████████▍ | 42/50 [00:09<00:01,  5.34it/s, Saved at =inf, TrLoss=0.2062]
 Training ATK-otc-s1-t7:  86%|████████▌ | 43/50 [00:09<00:01,  4.71it/s, Saved at =inf, TrLoss=0.2062]
 Training ATK-otc-s1-t7:  86%|████████▌ | 43/50 [00:09<00:01,  4.71it/s, Saved at =inf, TrLoss=0.2122]
 Training ATK-otc-s1-t7:  88%|████████▊ | 44/50 [00:09<00:01,  4.88it/s, Saved at =inf, TrLoss=0.2122]
 Training ATK-otc-s1-t7:  88%|████████▊ | 44/50 [00:09<00:01,  4.88it/s, Saved at =inf, TrLoss=0.2006]
 Training ATK-otc-s1-t7:  90%|█████████ | 45/50 [00:09<00:01,  4.86it/s, Saved at =inf, TrLoss=0.2006]
 Training ATK-otc-s1-t7:  90%|█████████ | 45/50 [00:10<00:01,  4.86it/s, Saved at =inf, TrLoss=0.2022]
 Training ATK-otc-s1-t7:  92%|█████████▏| 46/50 [00:10<00:00,  4.83it/s, Saved at =inf, TrLoss=0.2022]
 Training ATK-otc-s1-t7:  92%|█████████▏| 46/50 [00:10<00:00,  4.83it/s, Saved at =inf, TrLoss=0.2002]
 Training ATK-otc-s1-t7:  94%|█████████▍| 47/50 [00:10<00:00,  4.77it/s, Saved at =inf, TrLoss=0.2002]
 Training ATK-otc-s1-t7:  94%|█████████▍| 47/50 [00:10<00:00,  4.77it/s, Saved at =inf, TrLoss=0.2005]
 Training ATK-otc-s1-t7:  96%|█████████▌| 48/50 [00:10<00:00,  4.86it/s, Saved at =inf, TrLoss=0.2005]
 Training ATK-otc-s1-t7:  96%|█████████▌| 48/50 [00:10<00:00,  4.86it/s, Saved at =inf, TrLoss=0.1969]
 Training ATK-otc-s1-t7:  98%|█████████▊| 49/50 [00:10<00:00,  5.16it/s, Saved at =inf, TrLoss=0.1969]
 Training ATK-otc-s1-t7:  98%|█████████▊| 49/50 [00:10<00:00,  5.16it/s, Saved at =inf, TrLoss=0.1926]
 Training ATK-otc-s1-t7: 100%|██████████| 50/50 [00:10<00:00,  5.34it/s, Saved at =inf, TrLoss=0.1926]
 Training ATK-otc-s1-t7: 100%|██████████| 50/50 [00:10<00:00,  4.57it/s, Saved at =inf, TrLoss=0.1926]
[15:14:36]   MCC=0.423±0.102, AUC=0.776±0.055, BAcc=0.687±0.054
[15:16:54]   [otc s1] 500/3269 candidates scanned, 488 eligible
[15:19:06]   [otc s1] 1000/3269 candidates scanned, 958 eligible
[15:21:16]   [otc s1] 1500/3269 candidates scanned, 1423 eligible
[15:22:55]   [otc s1] 2000/3269 candidates scanned, 1779 eligible
[15:24:55]   [otc s1] 2500/3269 candidates scanned, 2209 eligible
[15:26:39]   [otc s1] 3000/3269 candidates scanned, 2584 eligible
[15:27:27]   otc seed 1: n=2755 AUC=0.776 | flip% random total/prop 15.6/10.3 | optimized 28.5/15.1 | 14.1 min
[15:27:27] Training GDTE on otc (seed=2)...

 Training FV-otc-s2-t2:   0%|          | 0/50 [00:00<?, ?it/s]
 Training FV-otc-s2-t2:   0%|          | 0/50 [00:00<?, ?it/s, Saved at =inf, TrLoss=0.7230]
 Training FV-otc-s2-t2:   0%|          | 0/50 [00:00<?, ?it/s, Saved at =inf, TrLoss=0.6234]
 Training FV-otc-s2-t2:   4%|▍         | 2/50 [00:00<00:02, 19.31it/s, Saved at =inf, TrLoss=0.6234]
 Training FV-otc-s2-t2:   4%|▍         | 2/50 [00:00<00:02, 19.31it/s, Saved at =inf, TrLoss=0.5220]
 Training FV-otc-s2-t2:   4%|▍         | 2/50 [00:00<00:02, 19.31it/s, Saved at =inf, TrLoss=0.3830]
 Training FV-otc-s2-t2:   8%|▊         | 4/50 [00:00<00:02, 19.56it/s, Saved at =inf, TrLoss=0.3830]
 Training FV-otc-s2-t2:   8%|▊         | 4/50 [00:00<00:02, 19.56it/s, Saved at =inf, TrLoss=0.4060]
 Training FV-otc-s2-t2:   8%|▊         | 4/50 [00:00<00:02, 19.56it/s, Saved at =inf, TrLoss=0.3570]
 Training FV-otc-s2-t2:   8%|▊         | 4/50 [00:00<00:02, 19.56it/s, Saved at =inf, TrLoss=0.2949]
 Training FV-otc-s2-t2:  14%|█▍        | 7/50 [00:00<00:02, 19.91it/s, Saved at =inf, TrLoss=0.2949]
 Training FV-otc-s2-t2:  14%|█▍        | 7/50 [00:00<00:02, 19.91it/s, Saved at =inf, TrLoss=0.2948]
 Training FV-otc-s2-t2:  14%|█▍        | 7/50 [00:00<00:02, 19.91it/s, Saved at =inf, TrLoss=0.2522]
 Training FV-otc-s2-t2:  14%|█▍        | 7/50 [00:00<00:02, 19.91it/s, Saved at =inf, TrLoss=0.2234]
 Training FV-otc-s2-t2:  20%|██        | 10/50 [00:00<00:01, 20.18it/s, Saved at =inf, TrLoss=0.2234]
 Training FV-otc-s2-t2:  20%|██        | 10/50 [00:00<00:01, 20.18it/s, Saved at =inf, TrLoss=0.2325]
 Training FV-otc-s2-t2:  20%|██        | 10/50 [00:00<00:01, 20.18it/s, Saved at =inf, TrLoss=0.2012]
 Training FV-otc-s2-t2:  20%|██        | 10/50 [00:00<00:01, 20.18it/s, Saved at =inf, TrLoss=0.1814]
 Training FV-otc-s2-t2:  26%|██▌       | 13/50 [00:00<00:01, 20.32it/s, Saved at =inf, TrLoss=0.1814]
 Training FV-otc-s2-t2:  26%|██▌       | 13/50 [00:00<00:01, 20.32it/s, Saved at =inf, TrLoss=0.1836]
 Training FV-otc-s2-t2:  26%|██▌       | 13/50 [00:00<00:01, 20.32it/s, Saved at =inf, TrLoss=0.1845]
 Training FV-otc-s2-t2:  26%|██▌       | 13/50 [00:00<00:01, 20.32it/s, Saved at =inf, TrLoss=0.1623]
 Training FV-otc-s2-t2:  32%|███▏      | 16/50 [00:00<00:01, 20.40it/s, Saved at =inf, TrLoss=0.1623]
 Training FV-otc-s2-t2:  32%|███▏      | 16/50 [00:00<00:01, 20.40it/s, Saved at =inf, TrLoss=0.1475]
 Training FV-otc-s2-t2:  32%|███▏      | 16/50 [00:00<00:01, 20.40it/s, Saved at =inf, TrLoss=0.1472]
 Training FV-otc-s2-t2:  32%|███▏      | 16/50 [00:00<00:01, 20.40it/s, Saved at =inf, TrLoss=0.1682]
 Training FV-otc-s2-t2:  38%|███▊      | 19/50 [00:00<00:01, 20.45it/s, Saved at =inf, TrLoss=0.1682]
 Training FV-otc-s2-t2:  38%|███▊      | 19/50 [00:00<00:01, 20.45it/s, Saved at =inf, TrLoss=0.1192]
 Training FV-otc-s2-t2:  38%|███▊      | 19/50 [00:01<00:01, 20.45it/s, Saved at =inf, TrLoss=0.1474]
 Training FV-otc-s2-t2:  38%|███▊      | 19/50 [00:01<00:01, 20.45it/s, Saved at =inf, TrLoss=0.1646]
 Training FV-otc-s2-t2:  44%|████▍     | 22/50 [00:01<00:01, 20.49it/s, Saved at =inf, TrLoss=0.1646]
 Training FV-otc-s2-t2:  44%|████▍     | 22/50 [00:01<00:01, 20.49it/s, Saved at =inf, TrLoss=0.1264]
 Training FV-otc-s2-t2:  44%|████▍     | 22/50 [00:01<00:01, 20.49it/s, Saved at =inf, TrLoss=0.1372]
 Training FV-otc-s2-t2:  44%|████▍     | 22/50 [00:01<00:01, 20.49it/s, Saved at =inf, TrLoss=0.1309]
 Training FV-otc-s2-t2:  50%|█████     | 25/50 [00:01<00:01, 20.51it/s, Saved at =inf, TrLoss=0.1309]
 Training FV-otc-s2-t2:  50%|█████     | 25/50 [00:01<00:01, 20.51it/s, Saved at =inf, TrLoss=0.1060]
 Training FV-otc-s2-t2:  50%|█████     | 25/50 [00:01<00:01, 20.51it/s, Saved at =inf, TrLoss=0.1307]
 Training FV-otc-s2-t2:  50%|█████     | 25/50 [00:01<00:01, 20.51it/s, Saved at =inf, TrLoss=0.1260]
 Training FV-otc-s2-t2:  56%|█████▌    | 28/50 [00:01<00:01, 20.53it/s, Saved at =inf, TrLoss=0.1260]
 Training FV-otc-s2-t2:  56%|█████▌    | 28/50 [00:01<00:01, 20.53it/s, Saved at =inf, TrLoss=0.1216]
 Training FV-otc-s2-t2:  56%|█████▌    | 28/50 [00:01<00:01, 20.53it/s, Saved at =inf, TrLoss=0.1264]
 Training FV-otc-s2-t2:  56%|█████▌    | 28/50 [00:01<00:01, 20.53it/s, Saved at =inf, TrLoss=0.0947]
 Training FV-otc-s2-t2:  62%|██████▏   | 31/50 [00:01<00:00, 20.55it/s, Saved at =inf, TrLoss=0.0947]
 Training FV-otc-s2-t2:  62%|██████▏   | 31/50 [00:01<00:00, 20.55it/s, Saved at =inf, TrLoss=0.1818]
 Training FV-otc-s2-t2:  62%|██████▏   | 31/50 [00:01<00:00, 20.55it/s, Saved at =inf, TrLoss=0.1279]
 Training FV-otc-s2-t2:  62%|██████▏   | 31/50 [00:01<00:00, 20.55it/s, Saved at =inf, TrLoss=0.1171]
 Training FV-otc-s2-t2:  68%|██████▊   | 34/50 [00:01<00:00, 20.56it/s, Saved at =inf, TrLoss=0.1171]
 Training FV-otc-s2-t2:  68%|██████▊   | 34/50 [00:01<00:00, 20.56it/s, Saved at =inf, TrLoss=0.1281]
 Training FV-otc-s2-t2:  68%|██████▊   | 34/50 [00:01<00:00, 20.56it/s, Saved at =inf, TrLoss=0.0989]
 Training FV-otc-s2-t2:  68%|██████▊   | 34/50 [00:01<00:00, 20.56it/s, Saved at =inf, TrLoss=0.0991]
 Training FV-otc-s2-t2:  74%|███████▍  | 37/50 [00:01<00:00, 20.56it/s, Saved at =inf, TrLoss=0.0991]
 Training FV-otc-s2-t2:  74%|███████▍  | 37/50 [00:01<00:00, 20.56it/s, Saved at =inf, TrLoss=0.1216]
 Training FV-otc-s2-t2:  74%|███████▍  | 37/50 [00:01<00:00, 20.56it/s, Saved at =inf, TrLoss=0.1287]
 Training FV-otc-s2-t2:  74%|███████▍  | 37/50 [00:01<00:00, 20.56it/s, Saved at =inf, TrLoss=0.1137]
 Training FV-otc-s2-t2:  80%|████████  | 40/50 [00:01<00:00, 20.57it/s, Saved at =inf, TrLoss=0.1137]
 Training FV-otc-s2-t2:  80%|████████  | 40/50 [00:01<00:00, 20.57it/s, Saved at =inf, TrLoss=0.0927]
 Training FV-otc-s2-t2:  80%|████████  | 40/50 [00:02<00:00, 20.57it/s, Saved at =inf, TrLoss=0.0888]
 Training FV-otc-s2-t2:  80%|████████  | 40/50 [00:02<00:00, 20.57it/s, Saved at =inf, TrLoss=0.1008]
 Training FV-otc-s2-t2:  86%|████████▌ | 43/50 [00:02<00:00, 20.58it/s, Saved at =inf, TrLoss=0.1008]
 Training FV-otc-s2-t2:  86%|████████▌ | 43/50 [00:02<00:00, 20.58it/s, Saved at =inf, TrLoss=0.0869]
 Training FV-otc-s2-t2:  86%|████████▌ | 43/50 [00:02<00:00, 20.58it/s, Saved at =inf, TrLoss=0.1137]
 Training FV-otc-s2-t2:  86%|████████▌ | 43/50 [00:02<00:00, 20.58it/s, Saved at =inf, TrLoss=0.1013]
 Training FV-otc-s2-t2:  92%|█████████▏| 46/50 [00:02<00:00, 20.53it/s, Saved at =inf, TrLoss=0.1013]
 Training FV-otc-s2-t2:  92%|█████████▏| 46/50 [00:02<00:00, 20.53it/s, Saved at =inf, TrLoss=0.1101]
 Training FV-otc-s2-t2:  92%|█████████▏| 46/50 [00:02<00:00, 20.53it/s, Saved at =inf, TrLoss=0.0824]
 Training FV-otc-s2-t2:  92%|█████████▏| 46/50 [00:02<00:00, 20.53it/s, Saved at =inf, TrLoss=0.1194]
 Training FV-otc-s2-t2:  98%|█████████▊| 49/50 [00:02<00:00, 20.45it/s, Saved at =inf, TrLoss=0.1194]
 Training FV-otc-s2-t2:  98%|█████████▊| 49/50 [00:02<00:00, 20.45it/s, Saved at =inf, TrLoss=0.1109]
 Training FV-otc-s2-t2: 100%|██████████| 50/50 [00:02<00:00, 20.43it/s, Saved at =inf, TrLoss=0.1109]

 Training FV-otc-s2-t3:   0%|          | 0/50 [00:00<?, ?it/s]
 Training FV-otc-s2-t3:   0%|          | 0/50 [00:00<?, ?it/s, Saved at =inf, TrLoss=1.0300]
 Training FV-otc-s2-t3:   0%|          | 0/50 [00:00<?, ?it/s, Saved at =inf, TrLoss=1.0031]
 Training FV-otc-s2-t3:   4%|▍         | 2/50 [00:00<00:03, 14.49it/s, Saved at =inf, TrLoss=1.0031]
 Training FV-otc-s2-t3:   4%|▍         | 2/50 [00:00<00:03, 14.49it/s, Saved at =inf, TrLoss=0.6350]
 Training FV-otc-s2-t3:   4%|▍         | 2/50 [00:00<00:03, 14.49it/s, Saved at =inf, TrLoss=0.6106]
 Training FV-otc-s2-t3:   8%|▊         | 4/50 [00:00<00:03, 14.63it/s, Saved at =inf, TrLoss=0.6106]
 Training FV-otc-s2-t3:   8%|▊         | 4/50 [00:00<00:03, 14.63it/s, Saved at =inf, TrLoss=0.5418]
 Training FV-otc-s2-t3:   8%|▊         | 4/50 [00:00<00:03, 14.63it/s, Saved at =inf, TrLoss=0.5071]
 Training FV-otc-s2-t3:  12%|█▏        | 6/50 [00:00<00:02, 14.69it/s, Saved at =inf, TrLoss=0.5071]
 Training FV-otc-s2-t3:  12%|█▏        | 6/50 [00:00<00:02, 14.69it/s, Saved at =inf, TrLoss=0.4545]
 Training FV-otc-s2-t3:  12%|█▏        | 6/50 [00:00<00:02, 14.69it/s, Saved at =inf, TrLoss=0.3976]
 Training FV-otc-s2-t3:  16%|█▌        | 8/50 [00:00<00:02, 14.21it/s, Saved at =inf, TrLoss=0.3976]
 Training FV-otc-s2-t3:  16%|█▌        | 8/50 [00:00<00:02, 14.21it/s, Saved at =inf, TrLoss=0.3487]
 Training FV-otc-s2-t3:  16%|█▌        | 8/50 [00:00<00:02, 14.21it/s, Saved at =inf, TrLoss=0.2830]
 Training FV-otc-s2-t3:  20%|██        | 10/50 [00:00<00:02, 14.37it/s, Saved at =inf, TrLoss=0.2830]
 Training FV-otc-s2-t3:  20%|██        | 10/50 [00:00<00:02, 14.37it/s, Saved at =inf, TrLoss=0.2722]
 Training FV-otc-s2-t3:  20%|██        | 10/50 [00:00<00:02, 14.37it/s, Saved at =inf, TrLoss=0.2450]
 Training FV-otc-s2-t3:  24%|██▍       | 12/50 [00:00<00:02, 14.47it/s, Saved at =inf, TrLoss=0.2450]
 Training FV-otc-s2-t3:  24%|██▍       | 12/50 [00:00<00:02, 14.47it/s, Saved at =inf, TrLoss=0.2354]
 Training FV-otc-s2-t3:  24%|██▍       | 12/50 [00:00<00:02, 14.47it/s, Saved at =inf, TrLoss=0.2522]
 Training FV-otc-s2-t3:  28%|██▊       | 14/50 [00:00<00:02, 14.54it/s, Saved at =inf, TrLoss=0.2522]
 Training FV-otc-s2-t3:  28%|██▊       | 14/50 [00:01<00:02, 14.54it/s, Saved at =inf, TrLoss=0.2227]
 Training FV-otc-s2-t3:  28%|██▊       | 14/50 [00:01<00:02, 14.54it/s, Saved at =inf, TrLoss=0.1945]
 Training FV-otc-s2-t3:  32%|███▏      | 16/50 [00:01<00:02, 14.53it/s, Saved at =inf, TrLoss=0.1945]
 Training FV-otc-s2-t3:  32%|███▏      | 16/50 [00:01<00:02, 14.53it/s, Saved at =inf, TrLoss=0.1731]
 Training FV-otc-s2-t3:  32%|███▏      | 16/50 [00:01<00:02, 14.53it/s, Saved at =inf, TrLoss=0.1699]
 Training FV-otc-s2-t3:  36%|███▌      | 18/50 [00:01<00:02, 14.58it/s, Saved at =inf, TrLoss=0.1699]
 Training FV-otc-s2-t3:  36%|███▌      | 18/50 [00:01<00:02, 14.58it/s, Saved at =inf, TrLoss=0.2098]
 Training FV-otc-s2-t3:  36%|███▌      | 18/50 [00:01<00:02, 14.58it/s, Saved at =inf, TrLoss=0.2466]
 Training FV-otc-s2-t3:  40%|████      | 20/50 [00:01<00:02, 14.62it/s, Saved at =inf, TrLoss=0.2466]
 Training FV-otc-s2-t3:  40%|████      | 20/50 [00:01<00:02, 14.62it/s, Saved at =inf, TrLoss=0.1493]
 Training FV-otc-s2-t3:  40%|████      | 20/50 [00:01<00:02, 14.62it/s, Saved at =inf, TrLoss=0.2448]
 Training FV-otc-s2-t3:  44%|████▍     | 22/50 [00:01<00:01, 14.64it/s, Saved at =inf, TrLoss=0.2448]
 Training FV-otc-s2-t3:  44%|████▍     | 22/50 [00:01<00:01, 14.64it/s, Saved at =inf, TrLoss=0.1475]
 Training FV-otc-s2-t3:  44%|████▍     | 22/50 [00:01<00:01, 14.64it/s, Saved at =inf, TrLoss=0.1925]
 Training FV-otc-s2-t3:  48%|████▊     | 24/50 [00:01<00:01, 14.65it/s, Saved at =inf, TrLoss=0.1925]
 Training FV-otc-s2-t3:  48%|████▊     | 24/50 [00:01<00:01, 14.65it/s, Saved at =inf, TrLoss=0.1975]
 Training FV-otc-s2-t3:  48%|████▊     | 24/50 [00:01<00:01, 14.65it/s, Saved at =inf, TrLoss=0.1348]
 Training FV-otc-s2-t3:  52%|█████▏    | 26/50 [00:01<00:01, 14.62it/s, Saved at =inf, TrLoss=0.1348]
 Training FV-otc-s2-t3:  52%|█████▏    | 26/50 [00:01<00:01, 14.62it/s, Saved at =inf, TrLoss=0.1857]
 Training FV-otc-s2-t3:  52%|█████▏    | 26/50 [00:01<00:01, 14.62it/s, Saved at =inf, TrLoss=0.1485]
 Training FV-otc-s2-t3:  56%|█████▌    | 28/50 [00:01<00:01, 13.18it/s, Saved at =inf, TrLoss=0.1485]
 Training FV-otc-s2-t3:  56%|█████▌    | 28/50 [00:02<00:01, 13.18it/s, Saved at =inf, TrLoss=0.1640]
 Training FV-otc-s2-t3:  56%|█████▌    | 28/50 [00:02<00:01, 13.18it/s, Saved at =inf, TrLoss=0.1639]
 Training FV-otc-s2-t3:  60%|██████    | 30/50 [00:02<00:01, 13.33it/s, Saved at =inf, TrLoss=0.1639]
 Training FV-otc-s2-t3:  60%|██████    | 30/50 [00:02<00:01, 13.33it/s, Saved at =inf, TrLoss=0.1487]
 Training FV-otc-s2-t3:  60%|██████    | 30/50 [00:02<00:01, 13.33it/s, Saved at =inf, TrLoss=0.1799]
 Training FV-otc-s2-t3:  64%|██████▍   | 32/50 [00:02<00:01, 13.63it/s, Saved at =inf, TrLoss=0.1799]
 Training FV-otc-s2-t3:  64%|██████▍   | 32/50 [00:02<00:01, 13.63it/s, Saved at =inf, TrLoss=0.1651]
 Training FV-otc-s2-t3:  64%|██████▍   | 32/50 [00:02<00:01, 13.63it/s, Saved at =inf, TrLoss=0.1728]
 Training FV-otc-s2-t3:  68%|██████▊   | 34/50 [00:02<00:01, 13.93it/s, Saved at =inf, TrLoss=0.1728]
 Training FV-otc-s2-t3:  68%|██████▊   | 34/50 [00:02<00:01, 13.93it/s, Saved at =inf, TrLoss=0.1551]
 Training FV-otc-s2-t3:  68%|██████▊   | 34/50 [00:02<00:01, 13.93it/s, Saved at =inf, TrLoss=0.1414]
 Training FV-otc-s2-t3:  72%|███████▏  | 36/50 [00:02<00:00, 14.14it/s, Saved at =inf, TrLoss=0.1414]
 Training FV-otc-s2-t3:  72%|███████▏  | 36/50 [00:02<00:00, 14.14it/s, Saved at =inf, TrLoss=0.1374]
 Training FV-otc-s2-t3:  72%|███████▏  | 36/50 [00:02<00:00, 14.14it/s, Saved at =inf, TrLoss=0.1609]
 Training FV-otc-s2-t3:  76%|███████▌  | 38/50 [00:02<00:00, 14.29it/s, Saved at =inf, TrLoss=0.1609]
 Training FV-otc-s2-t3:  76%|███████▌  | 38/50 [00:02<00:00, 14.29it/s, Saved at =inf, TrLoss=0.1452]
 Training FV-otc-s2-t3:  76%|███████▌  | 38/50 [00:02<00:00, 14.29it/s, Saved at =inf, TrLoss=0.1373]
 Training FV-otc-s2-t3:  80%|████████  | 40/50 [00:02<00:00, 14.42it/s, Saved at =inf, TrLoss=0.1373]
 Training FV-otc-s2-t3:  80%|████████  | 40/50 [00:02<00:00, 14.42it/s, Saved at =inf, TrLoss=0.1427]
 Training FV-otc-s2-t3:  80%|████████  | 40/50 [00:02<00:00, 14.42it/s, Saved at =inf, TrLoss=0.1440]
 Training FV-otc-s2-t3:  84%|████████▍ | 42/50 [00:02<00:00, 14.44it/s, Saved at =inf, TrLoss=0.1440]
 Training FV-otc-s2-t3:  84%|████████▍ | 42/50 [00:02<00:00, 14.44it/s, Saved at =inf, TrLoss=0.1331]
 Training FV-otc-s2-t3:  84%|████████▍ | 42/50 [00:03<00:00, 14.44it/s, Saved at =inf, TrLoss=0.1358]
 Training FV-otc-s2-t3:  88%|████████▊ | 44/50 [00:03<00:00, 14.52it/s, Saved at =inf, TrLoss=0.1358]
 Training FV-otc-s2-t3:  88%|████████▊ | 44/50 [00:03<00:00, 14.52it/s, Saved at =inf, TrLoss=0.1423]
 Training FV-otc-s2-t3:  88%|████████▊ | 44/50 [00:03<00:00, 14.52it/s, Saved at =inf, TrLoss=0.1372]
 Training FV-otc-s2-t3:  92%|█████████▏| 46/50 [00:03<00:00, 14.59it/s, Saved at =inf, TrLoss=0.1372]
 Training FV-otc-s2-t3:  92%|█████████▏| 46/50 [00:03<00:00, 14.59it/s, Saved at =inf, TrLoss=0.1277]
 Training FV-otc-s2-t3:  92%|█████████▏| 46/50 [00:03<00:00, 14.59it/s, Saved at =inf, TrLoss=0.1391]
 Training FV-otc-s2-t3:  96%|█████████▌| 48/50 [00:03<00:00, 14.64it/s, Saved at =inf, TrLoss=0.1391]
 Training FV-otc-s2-t3:  96%|█████████▌| 48/50 [00:03<00:00, 14.64it/s, Saved at =inf, TrLoss=0.1278]
 Training FV-otc-s2-t3:  96%|█████████▌| 48/50 [00:03<00:00, 14.64it/s, Saved at =inf, TrLoss=0.1288]
 Training FV-otc-s2-t3: 100%|██████████| 50/50 [00:03<00:00, 14.67it/s, Saved at =inf, TrLoss=0.1288]
 Training FV-otc-s2-t3: 100%|██████████| 50/50 [00:03<00:00, 14.36it/s, Saved at =inf, TrLoss=0.1288]

 Training FV-otc-s2-t4:   0%|          | 0/50 [00:00<?, ?it/s]
 Training FV-otc-s2-t4:   0%|          | 0/50 [00:00<?, ?it/s, Saved at =inf, TrLoss=0.9900]
 Training FV-otc-s2-t4:   0%|          | 0/50 [00:00<?, ?it/s, Saved at =inf, TrLoss=1.0286]
 Training FV-otc-s2-t4:   4%|▍         | 2/50 [00:00<00:04, 10.73it/s, Saved at =inf, TrLoss=1.0286]
 Training FV-otc-s2-t4:   4%|▍         | 2/50 [00:00<00:04, 10.73it/s, Saved at =inf, TrLoss=0.4926]
 Training FV-otc-s2-t4:   4%|▍         | 2/50 [00:00<00:04, 10.73it/s, Saved at =inf, TrLoss=0.5014]
 Training FV-otc-s2-t4:   8%|▊         | 4/50 [00:00<00:04, 11.15it/s, Saved at =inf, TrLoss=0.5014]
 Training FV-otc-s2-t4:   8%|▊         | 4/50 [00:00<00:04, 11.15it/s, Saved at =inf, TrLoss=0.4899]
 Training FV-otc-s2-t4:   8%|▊         | 4/50 [00:00<00:04, 11.15it/s, Saved at =inf, TrLoss=0.4400]
 Training FV-otc-s2-t4:  12%|█▏        | 6/50 [00:00<00:03, 11.29it/s, Saved at =inf, TrLoss=0.4400]
 Training FV-otc-s2-t4:  12%|█▏        | 6/50 [00:00<00:03, 11.29it/s, Saved at =inf, TrLoss=0.4129]
 Training FV-otc-s2-t4:  12%|█▏        | 6/50 [00:00<00:03, 11.29it/s, Saved at =inf, TrLoss=0.4074]
 Training FV-otc-s2-t4:  16%|█▌        | 8/50 [00:00<00:03, 11.34it/s, Saved at =inf, TrLoss=0.4074]
 Training FV-otc-s2-t4:  16%|█▌        | 8/50 [00:00<00:03, 11.34it/s, Saved at =inf, TrLoss=0.3861]
 Training FV-otc-s2-t4:  16%|█▌        | 8/50 [00:00<00:03, 11.34it/s, Saved at =inf, TrLoss=0.3334]
 Training FV-otc-s2-t4:  20%|██        | 10/50 [00:00<00:04,  9.75it/s, Saved at =inf, TrLoss=0.3334]
 Training FV-otc-s2-t4:  20%|██        | 10/50 [00:01<00:04,  9.75it/s, Saved at =inf, TrLoss=0.2914]
 Training FV-otc-s2-t4:  20%|██        | 10/50 [00:01<00:04,  9.75it/s, Saved at =inf, TrLoss=0.3173]
 Training FV-otc-s2-t4:  24%|██▍       | 12/50 [00:01<00:03, 10.23it/s, Saved at =inf, TrLoss=0.3173]
 Training FV-otc-s2-t4:  24%|██▍       | 12/50 [00:01<00:03, 10.23it/s, Saved at =inf, TrLoss=0.2583]
 Training FV-otc-s2-t4:  24%|██▍       | 12/50 [00:01<00:03, 10.23it/s, Saved at =inf, TrLoss=0.2696]
 Training FV-otc-s2-t4:  28%|██▊       | 14/50 [00:01<00:03, 10.59it/s, Saved at =inf, TrLoss=0.2696]
 Training FV-otc-s2-t4:  28%|██▊       | 14/50 [00:01<00:03, 10.59it/s, Saved at =inf, TrLoss=0.2559]
 Training FV-otc-s2-t4:  28%|██▊       | 14/50 [00:01<00:03, 10.59it/s, Saved at =inf, TrLoss=0.2311]
 Training FV-otc-s2-t4:  32%|███▏      | 16/50 [00:01<00:03, 10.83it/s, Saved at =inf, TrLoss=0.2311]
 Training FV-otc-s2-t4:  32%|███▏      | 16/50 [00:01<00:03, 10.83it/s, Saved at =inf, TrLoss=0.2655]
 Training FV-otc-s2-t4:  32%|███▏      | 16/50 [00:01<00:03, 10.83it/s, Saved at =inf, TrLoss=0.2287]
 Training FV-otc-s2-t4:  36%|███▌      | 18/50 [00:01<00:02, 10.97it/s, Saved at =inf, TrLoss=0.2287]
 Training FV-otc-s2-t4:  36%|███▌      | 18/50 [00:01<00:02, 10.97it/s, Saved at =inf, TrLoss=0.2225]
 Training FV-otc-s2-t4:  36%|███▌      | 18/50 [00:01<00:02, 10.97it/s, Saved at =inf, TrLoss=0.2184]
 Training FV-otc-s2-t4:  40%|████      | 20/50 [00:01<00:02, 11.08it/s, Saved at =inf, TrLoss=0.2184]
 Training FV-otc-s2-t4:  40%|████      | 20/50 [00:01<00:02, 11.08it/s, Saved at =inf, TrLoss=0.2016]
 Training FV-otc-s2-t4:  40%|████      | 20/50 [00:02<00:02, 11.08it/s, Saved at =inf, TrLoss=0.2270]
 Training FV-otc-s2-t4:  44%|████▍     | 22/50 [00:02<00:02, 10.51it/s, Saved at =inf, TrLoss=0.2270]
 Training FV-otc-s2-t4:  44%|████▍     | 22/50 [00:02<00:02, 10.51it/s, Saved at =inf, TrLoss=0.2001]
 Training FV-otc-s2-t4:  44%|████▍     | 22/50 [00:02<00:02, 10.51it/s, Saved at =inf, TrLoss=0.1987]
 Training FV-otc-s2-t4:  48%|████▊     | 24/50 [00:02<00:02, 10.75it/s, Saved at =inf, TrLoss=0.1987]
 Training FV-otc-s2-t4:  48%|████▊     | 24/50 [00:02<00:02, 10.75it/s, Saved at =inf, TrLoss=0.2090]
 Training FV-otc-s2-t4:  48%|████▊     | 24/50 [00:02<00:02, 10.75it/s, Saved at =inf, TrLoss=0.1828]
 Training FV-otc-s2-t4:  52%|█████▏    | 26/50 [00:02<00:02, 10.96it/s, Saved at =inf, TrLoss=0.1828]
 Training FV-otc-s2-t4:  52%|█████▏    | 26/50 [00:02<00:02, 10.96it/s, Saved at =inf, TrLoss=0.1942]
 Training FV-otc-s2-t4:  52%|█████▏    | 26/50 [00:02<00:02, 10.96it/s, Saved at =inf, TrLoss=0.2016]
 Training FV-otc-s2-t4:  56%|█████▌    | 28/50 [00:02<00:02, 10.61it/s, Saved at =inf, TrLoss=0.2016]
 Training FV-otc-s2-t4:  56%|█████▌    | 28/50 [00:02<00:02, 10.61it/s, Saved at =inf, TrLoss=0.1770]
 Training FV-otc-s2-t4:  56%|█████▌    | 28/50 [00:02<00:02, 10.61it/s, Saved at =inf, TrLoss=0.1871]
 Training FV-otc-s2-t4:  60%|██████    | 30/50 [00:02<00:01, 10.86it/s, Saved at =inf, TrLoss=0.1871]
 Training FV-otc-s2-t4:  60%|██████    | 30/50 [00:02<00:01, 10.86it/s, Saved at =inf, TrLoss=0.1694]
 Training FV-otc-s2-t4:  60%|██████    | 30/50 [00:02<00:01, 10.86it/s, Saved at =inf, TrLoss=0.1783]
 Training FV-otc-s2-t4:  64%|██████▍   | 32/50 [00:02<00:01, 11.03it/s, Saved at =inf, TrLoss=0.1783]
 Training FV-otc-s2-t4:  64%|██████▍   | 32/50 [00:03<00:01, 11.03it/s, Saved at =inf, TrLoss=0.1751]
 Training FV-otc-s2-t4:  64%|██████▍   | 32/50 [00:03<00:01, 11.03it/s, Saved at =inf, TrLoss=0.1615]
 Training FV-otc-s2-t4:  68%|██████▊   | 34/50 [00:03<00:01, 11.16it/s, Saved at =inf, TrLoss=0.1615]
 Training FV-otc-s2-t4:  68%|██████▊   | 34/50 [00:03<00:01, 11.16it/s, Saved at =inf, TrLoss=0.1682]
 Training FV-otc-s2-t4:  68%|██████▊   | 34/50 [00:03<00:01, 11.16it/s, Saved at =inf, TrLoss=0.1628]
 Training FV-otc-s2-t4:  72%|███████▏  | 36/50 [00:03<00:01, 11.24it/s, Saved at =inf, TrLoss=0.1628]
 Training FV-otc-s2-t4:  72%|███████▏  | 36/50 [00:03<00:01, 11.24it/s, Saved at =inf, TrLoss=0.1580]
 Training FV-otc-s2-t4:  72%|███████▏  | 36/50 [00:03<00:01, 11.24it/s, Saved at =inf, TrLoss=0.1587]
 Training FV-otc-s2-t4:  76%|███████▌  | 38/50 [00:03<00:01, 11.31it/s, Saved at =inf, TrLoss=0.1587]
 Training FV-otc-s2-t4:  76%|███████▌  | 38/50 [00:03<00:01, 11.31it/s, Saved at =inf, TrLoss=0.1581]
 Training FV-otc-s2-t4:  76%|███████▌  | 38/50 [00:03<00:01, 11.31it/s, Saved at =inf, TrLoss=0.1485]
 Training FV-otc-s2-t4:  80%|████████  | 40/50 [00:03<00:00, 11.35it/s, Saved at =inf, TrLoss=0.1485]
 Training FV-otc-s2-t4:  80%|████████  | 40/50 [00:03<00:00, 11.35it/s, Saved at =inf, TrLoss=0.1531]
 Training FV-otc-s2-t4:  80%|████████  | 40/50 [00:03<00:00, 11.35it/s, Saved at =inf, TrLoss=0.1458]
 Training FV-otc-s2-t4:  84%|████████▍ | 42/50 [00:03<00:00, 11.38it/s, Saved at =inf, TrLoss=0.1458]
 Training FV-otc-s2-t4:  84%|████████▍ | 42/50 [00:03<00:00, 11.38it/s, Saved at =inf, TrLoss=0.1455]
 Training FV-otc-s2-t4:  84%|████████▍ | 42/50 [00:03<00:00, 11.38it/s, Saved at =inf, TrLoss=0.1462]
 Training FV-otc-s2-t4:  88%|████████▊ | 44/50 [00:04<00:00, 11.41it/s, Saved at =inf, TrLoss=0.1462]
 Training FV-otc-s2-t4:  88%|████████▊ | 44/50 [00:04<00:00, 11.41it/s, Saved at =inf, TrLoss=0.1444]
 Training FV-otc-s2-t4:  88%|████████▊ | 44/50 [00:04<00:00, 11.41it/s, Saved at =inf, TrLoss=0.1508]
 Training FV-otc-s2-t4:  92%|█████████▏| 46/50 [00:04<00:00, 11.43it/s, Saved at =inf, TrLoss=0.1508]
 Training FV-otc-s2-t4:  92%|█████████▏| 46/50 [00:04<00:00, 11.43it/s, Saved at =inf, TrLoss=0.1458]
 Training FV-otc-s2-t4:  92%|█████████▏| 46/50 [00:04<00:00, 11.43it/s, Saved at =inf, TrLoss=0.1389]
 Training FV-otc-s2-t4:  96%|█████████▌| 48/50 [00:04<00:00, 11.43it/s, Saved at =inf, TrLoss=0.1389]
 Training FV-otc-s2-t4:  96%|█████████▌| 48/50 [00:04<00:00, 11.43it/s, Saved at =inf, TrLoss=0.1400]
 Training FV-otc-s2-t4:  96%|█████████▌| 48/50 [00:04<00:00, 11.43it/s, Saved at =inf, TrLoss=0.1406]
 Training FV-otc-s2-t4: 100%|██████████| 50/50 [00:04<00:00, 11.45it/s, Saved at =inf, TrLoss=0.1406]
 Training FV-otc-s2-t4: 100%|██████████| 50/50 [00:04<00:00, 11.03it/s, Saved at =inf, TrLoss=0.1406]

 Training FV-otc-s2-t5:   0%|          | 0/50 [00:00<?, ?it/s]
 Training FV-otc-s2-t5:   0%|          | 0/50 [00:00<?, ?it/s, Saved at =inf, TrLoss=1.0172]
 Training FV-otc-s2-t5:   2%|▏         | 1/50 [00:00<00:05,  8.60it/s, Saved at =inf, TrLoss=1.0172]
 Training FV-otc-s2-t5:   2%|▏         | 1/50 [00:00<00:05,  8.60it/s, Saved at =inf, TrLoss=1.2609]
 Training FV-otc-s2-t5:   4%|▍         | 2/50 [00:00<00:05,  8.93it/s, Saved at =inf, TrLoss=1.2609]
 Training FV-otc-s2-t5:   4%|▍         | 2/50 [00:00<00:05,  8.93it/s, Saved at =inf, TrLoss=0.6381]
 Training FV-otc-s2-t5:   6%|▌         | 3/50 [00:00<00:05,  8.96it/s, Saved at =inf, TrLoss=0.6381]
 Training FV-otc-s2-t5:   6%|▌         | 3/50 [00:00<00:05,  8.96it/s, Saved at =inf, TrLoss=0.5644]
 Training FV-otc-s2-t5:   8%|▊         | 4/50 [00:00<00:05,  9.01it/s, Saved at =inf, TrLoss=0.5644]
 Training FV-otc-s2-t5:   8%|▊         | 4/50 [00:00<00:05,  9.01it/s, Saved at =inf, TrLoss=0.5393]
 Training FV-otc-s2-t5:  10%|█         | 5/50 [00:00<00:04,  9.05it/s, Saved at =inf, TrLoss=0.5393]
 Training FV-otc-s2-t5:  10%|█         | 5/50 [00:00<00:04,  9.05it/s, Saved at =inf, TrLoss=0.4799]
 Training FV-otc-s2-t5:  12%|█▏        | 6/50 [00:00<00:04,  9.06it/s, Saved at =inf, TrLoss=0.4799]
 Training FV-otc-s2-t5:  12%|█▏        | 6/50 [00:00<00:04,  9.06it/s, Saved at =inf, TrLoss=0.4689]
 Training FV-otc-s2-t5:  14%|█▍        | 7/50 [00:00<00:04,  9.07it/s, Saved at =inf, TrLoss=0.4689]
 Training FV-otc-s2-t5:  14%|█▍        | 7/50 [00:00<00:04,  9.07it/s, Saved at =inf, TrLoss=0.4409]
 Training FV-otc-s2-t5:  16%|█▌        | 8/50 [00:00<00:04,  9.09it/s, Saved at =inf, TrLoss=0.4409]
 Training FV-otc-s2-t5:  16%|█▌        | 8/50 [00:00<00:04,  9.09it/s, Saved at =inf, TrLoss=0.3965]
 Training FV-otc-s2-t5:  18%|█▊        | 9/50 [00:00<00:04,  9.10it/s, Saved at =inf, TrLoss=0.3965]
 Training FV-otc-s2-t5:  18%|█▊        | 9/50 [00:01<00:04,  9.10it/s, Saved at =inf, TrLoss=0.4032]
 Training FV-otc-s2-t5:  20%|██        | 10/50 [00:01<00:04,  9.10it/s, Saved at =inf, TrLoss=0.4032]
 Training FV-otc-s2-t5:  20%|██        | 10/50 [00:01<00:04,  9.10it/s, Saved at =inf, TrLoss=0.3837]
 Training FV-otc-s2-t5:  22%|██▏       | 11/50 [00:01<00:04,  8.90it/s, Saved at =inf, TrLoss=0.3837]
 Training FV-otc-s2-t5:  22%|██▏       | 11/50 [00:01<00:04,  8.90it/s, Saved at =inf, TrLoss=0.3546]
 Training FV-otc-s2-t5:  24%|██▍       | 12/50 [00:01<00:04,  8.74it/s, Saved at =inf, TrLoss=0.3546]
 Training FV-otc-s2-t5:  24%|██▍       | 12/50 [00:01<00:04,  8.74it/s, Saved at =inf, TrLoss=0.3623]
 Training FV-otc-s2-t5:  26%|██▌       | 13/50 [00:01<00:04,  8.84it/s, Saved at =inf, TrLoss=0.3623]
 Training FV-otc-s2-t5:  26%|██▌       | 13/50 [00:01<00:04,  8.84it/s, Saved at =inf, TrLoss=0.3311]
 Training FV-otc-s2-t5:  28%|██▊       | 14/50 [00:01<00:04,  8.91it/s, Saved at =inf, TrLoss=0.3311]
 Training FV-otc-s2-t5:  28%|██▊       | 14/50 [00:01<00:04,  8.91it/s, Saved at =inf, TrLoss=0.3455]
 Training FV-otc-s2-t5:  30%|███       | 15/50 [00:01<00:03,  8.97it/s, Saved at =inf, TrLoss=0.3455]
 Training FV-otc-s2-t5:  30%|███       | 15/50 [00:01<00:03,  8.97it/s, Saved at =inf, TrLoss=0.3124]
 Training FV-otc-s2-t5:  32%|███▏      | 16/50 [00:01<00:03,  9.01it/s, Saved at =inf, TrLoss=0.3124]
 Training FV-otc-s2-t5:  32%|███▏      | 16/50 [00:01<00:03,  9.01it/s, Saved at =inf, TrLoss=0.3219]
 Training FV-otc-s2-t5:  34%|███▍      | 17/50 [00:01<00:03,  9.04it/s, Saved at =inf, TrLoss=0.3219]
 Training FV-otc-s2-t5:  34%|███▍      | 17/50 [00:01<00:03,  9.04it/s, Saved at =inf, TrLoss=0.3000]
 Training FV-otc-s2-t5:  36%|███▌      | 18/50 [00:02<00:03,  9.05it/s, Saved at =inf, TrLoss=0.3000]
 Training FV-otc-s2-t5:  36%|███▌      | 18/50 [00:02<00:03,  9.05it/s, Saved at =inf, TrLoss=0.2889]
 Training FV-otc-s2-t5:  38%|███▊      | 19/50 [00:02<00:03,  9.07it/s, Saved at =inf, TrLoss=0.2889]
 Training FV-otc-s2-t5:  38%|███▊      | 19/50 [00:02<00:03,  9.07it/s, Saved at =inf, TrLoss=0.2792]
 Training FV-otc-s2-t5:  40%|████      | 20/50 [00:02<00:03,  9.08it/s, Saved at =inf, TrLoss=0.2792]
 Training FV-otc-s2-t5:  40%|████      | 20/50 [00:02<00:03,  9.08it/s, Saved at =inf, TrLoss=0.2724]
 Training FV-otc-s2-t5:  42%|████▏     | 21/50 [00:02<00:03,  9.08it/s, Saved at =inf, TrLoss=0.2724]
 Training FV-otc-s2-t5:  42%|████▏     | 21/50 [00:02<00:03,  9.08it/s, Saved at =inf, TrLoss=0.2653]
 Training FV-otc-s2-t5:  44%|████▍     | 22/50 [00:02<00:03,  9.08it/s, Saved at =inf, TrLoss=0.2653]
 Training FV-otc-s2-t5:  44%|████▍     | 22/50 [00:02<00:03,  9.08it/s, Saved at =inf, TrLoss=0.2701]
 Training FV-otc-s2-t5:  46%|████▌     | 23/50 [00:02<00:02,  9.06it/s, Saved at =inf, TrLoss=0.2701]
 Training FV-otc-s2-t5:  46%|████▌     | 23/50 [00:02<00:02,  9.06it/s, Saved at =inf, TrLoss=0.2523]
 Training FV-otc-s2-t5:  48%|████▊     | 24/50 [00:02<00:02,  9.07it/s, Saved at =inf, TrLoss=0.2523]
 Training FV-otc-s2-t5:  48%|████▊     | 24/50 [00:02<00:02,  9.07it/s, Saved at =inf, TrLoss=0.2425]
 Training FV-otc-s2-t5:  50%|█████     | 25/50 [00:02<00:02,  9.07it/s, Saved at =inf, TrLoss=0.2425]
 Training FV-otc-s2-t5:  50%|█████     | 25/50 [00:02<00:02,  9.07it/s, Saved at =inf, TrLoss=0.2488]
 Training FV-otc-s2-t5:  52%|█████▏    | 26/50 [00:02<00:02,  9.06it/s, Saved at =inf, TrLoss=0.2488]
 Training FV-otc-s2-t5:  52%|█████▏    | 26/50 [00:02<00:02,  9.06it/s, Saved at =inf, TrLoss=0.2413]
 Training FV-otc-s2-t5:  54%|█████▍    | 27/50 [00:02<00:02,  9.04it/s, Saved at =inf, TrLoss=0.2413]
 Training FV-otc-s2-t5:  54%|█████▍    | 27/50 [00:03<00:02,  9.04it/s, Saved at =inf, TrLoss=0.2351]
 Training FV-otc-s2-t5:  56%|█████▌    | 28/50 [00:03<00:02,  9.04it/s, Saved at =inf, TrLoss=0.2351]
 Training FV-otc-s2-t5:  56%|█████▌    | 28/50 [00:03<00:02,  9.04it/s, Saved at =inf, TrLoss=0.2290]
 Training FV-otc-s2-t5:  58%|█████▊    | 29/50 [00:03<00:02,  9.06it/s, Saved at =inf, TrLoss=0.2290]
 Training FV-otc-s2-t5:  58%|█████▊    | 29/50 [00:03<00:02,  9.06it/s, Saved at =inf, TrLoss=0.2334]
 Training FV-otc-s2-t5:  60%|██████    | 30/50 [00:03<00:02,  9.06it/s, Saved at =inf, TrLoss=0.2334]
 Training FV-otc-s2-t5:  60%|██████    | 30/50 [00:03<00:02,  9.06it/s, Saved at =inf, TrLoss=0.2293]
 Training FV-otc-s2-t5:  62%|██████▏   | 31/50 [00:03<00:02,  9.07it/s, Saved at =inf, TrLoss=0.2293]
 Training FV-otc-s2-t5:  62%|██████▏   | 31/50 [00:03<00:02,  9.07it/s, Saved at =inf, TrLoss=0.2220]
 Training FV-otc-s2-t5:  64%|██████▍   | 32/50 [00:03<00:01,  9.06it/s, Saved at =inf, TrLoss=0.2220]
 Training FV-otc-s2-t5:  64%|██████▍   | 32/50 [00:03<00:01,  9.06it/s, Saved at =inf, TrLoss=0.2184]
 Training FV-otc-s2-t5:  66%|██████▌   | 33/50 [00:03<00:01,  9.07it/s, Saved at =inf, TrLoss=0.2184]
 Training FV-otc-s2-t5:  66%|██████▌   | 33/50 [00:03<00:01,  9.07it/s, Saved at =inf, TrLoss=0.2137]
 Training FV-otc-s2-t5:  68%|██████▊   | 34/50 [00:03<00:01,  9.09it/s, Saved at =inf, TrLoss=0.2137]
 Training FV-otc-s2-t5:  68%|██████▊   | 34/50 [00:03<00:01,  9.09it/s, Saved at =inf, TrLoss=0.2175]
 Training FV-otc-s2-t5:  70%|███████   | 35/50 [00:03<00:01,  9.09it/s, Saved at =inf, TrLoss=0.2175]
 Training FV-otc-s2-t5:  70%|███████   | 35/50 [00:03<00:01,  9.09it/s, Saved at =inf, TrLoss=0.2094]
 Training FV-otc-s2-t5:  72%|███████▏  | 36/50 [00:03<00:01,  9.08it/s, Saved at =inf, TrLoss=0.2094]
 Training FV-otc-s2-t5:  72%|███████▏  | 36/50 [00:04<00:01,  9.08it/s, Saved at =inf, TrLoss=0.2062]
 Training FV-otc-s2-t5:  74%|███████▍  | 37/50 [00:04<00:01,  9.09it/s, Saved at =inf, TrLoss=0.2062]
 Training FV-otc-s2-t5:  74%|███████▍  | 37/50 [00:04<00:01,  9.09it/s, Saved at =inf, TrLoss=0.2105]
 Training FV-otc-s2-t5:  76%|███████▌  | 38/50 [00:04<00:01,  9.10it/s, Saved at =inf, TrLoss=0.2105]
 Training FV-otc-s2-t5:  76%|███████▌  | 38/50 [00:04<00:01,  9.10it/s, Saved at =inf, TrLoss=0.2160]
 Training FV-otc-s2-t5:  78%|███████▊  | 39/50 [00:04<00:01,  9.10it/s, Saved at =inf, TrLoss=0.2160]
 Training FV-otc-s2-t5:  78%|███████▊  | 39/50 [00:04<00:01,  9.10it/s, Saved at =inf, TrLoss=0.2050]
 Training FV-otc-s2-t5:  80%|████████  | 40/50 [00:04<00:01,  9.11it/s, Saved at =inf, TrLoss=0.2050]
 Training FV-otc-s2-t5:  80%|████████  | 40/50 [00:04<00:01,  9.11it/s, Saved at =inf, TrLoss=0.1882]
 Training FV-otc-s2-t5:  82%|████████▏ | 41/50 [00:04<00:00,  9.11it/s, Saved at =inf, TrLoss=0.1882]
 Training FV-otc-s2-t5:  82%|████████▏ | 41/50 [00:04<00:00,  9.11it/s, Saved at =inf, TrLoss=0.2031]
 Training FV-otc-s2-t5:  84%|████████▍ | 42/50 [00:04<00:00,  9.08it/s, Saved at =inf, TrLoss=0.2031]
 Training FV-otc-s2-t5:  84%|████████▍ | 42/50 [00:04<00:00,  9.08it/s, Saved at =inf, TrLoss=0.1902]
 Training FV-otc-s2-t5:  86%|████████▌ | 43/50 [00:04<00:00,  9.09it/s, Saved at =inf, TrLoss=0.1902]
 Training FV-otc-s2-t5:  86%|████████▌ | 43/50 [00:04<00:00,  9.09it/s, Saved at =inf, TrLoss=0.1843]
 Training FV-otc-s2-t5:  88%|████████▊ | 44/50 [00:04<00:00,  8.84it/s, Saved at =inf, TrLoss=0.1843]
 Training FV-otc-s2-t5:  88%|████████▊ | 44/50 [00:04<00:00,  8.84it/s, Saved at =inf, TrLoss=0.1922]
 Training FV-otc-s2-t5:  90%|█████████ | 45/50 [00:05<00:00,  8.07it/s, Saved at =inf, TrLoss=0.1922]
 Training FV-otc-s2-t5:  90%|█████████ | 45/50 [00:05<00:00,  8.07it/s, Saved at =inf, TrLoss=0.1965]
 Training FV-otc-s2-t5:  92%|█████████▏| 46/50 [00:05<00:00,  8.36it/s, Saved at =inf, TrLoss=0.1965]
 Training FV-otc-s2-t5:  92%|█████████▏| 46/50 [00:05<00:00,  8.36it/s, Saved at =inf, TrLoss=0.1803]
 Training FV-otc-s2-t5:  94%|█████████▍| 47/50 [00:05<00:00,  8.59it/s, Saved at =inf, TrLoss=0.1803]
 Training FV-otc-s2-t5:  94%|█████████▍| 47/50 [00:05<00:00,  8.59it/s, Saved at =inf, TrLoss=0.1846]
 Training FV-otc-s2-t5:  96%|█████████▌| 48/50 [00:05<00:00,  8.77it/s, Saved at =inf, TrLoss=0.1846]
 Training FV-otc-s2-t5:  96%|█████████▌| 48/50 [00:05<00:00,  8.77it/s, Saved at =inf, TrLoss=0.1909]
 Training FV-otc-s2-t5:  98%|█████████▊| 49/50 [00:05<00:00,  8.89it/s, Saved at =inf, TrLoss=0.1909]
 Training FV-otc-s2-t5:  98%|█████████▊| 49/50 [00:05<00:00,  8.89it/s, Saved at =inf, TrLoss=0.1762]
 Training FV-otc-s2-t5: 100%|██████████| 50/50 [00:05<00:00,  8.99it/s, Saved at =inf, TrLoss=0.1762]
 Training FV-otc-s2-t5: 100%|██████████| 50/50 [00:05<00:00,  8.98it/s, Saved at =inf, TrLoss=0.1762]

 Training FV-otc-s2-t6:   0%|          | 0/50 [00:00<?, ?it/s]
 Training FV-otc-s2-t6:   0%|          | 0/50 [00:00<?, ?it/s, Saved at =inf, TrLoss=0.7340]
 Training FV-otc-s2-t6:   2%|▏         | 1/50 [00:00<00:10,  4.89it/s, Saved at =inf, TrLoss=0.7340]
 Training FV-otc-s2-t6:   2%|▏         | 1/50 [00:00<00:10,  4.89it/s, Saved at =inf, TrLoss=0.7944]
 Training FV-otc-s2-t6:   4%|▍         | 2/50 [00:00<00:07,  6.18it/s, Saved at =inf, TrLoss=0.7944]
 Training FV-otc-s2-t6:   4%|▍         | 2/50 [00:00<00:07,  6.18it/s, Saved at =inf, TrLoss=0.5145]
 Training FV-otc-s2-t6:   6%|▌         | 3/50 [00:00<00:06,  6.76it/s, Saved at =inf, TrLoss=0.5145]
 Training FV-otc-s2-t6:   6%|▌         | 3/50 [00:00<00:06,  6.76it/s, Saved at =inf, TrLoss=0.5136]
 Training FV-otc-s2-t6:   8%|▊         | 4/50 [00:00<00:06,  7.08it/s, Saved at =inf, TrLoss=0.5136]
 Training FV-otc-s2-t6:   8%|▊         | 4/50 [00:00<00:06,  7.08it/s, Saved at =inf, TrLoss=0.4375]
 Training FV-otc-s2-t6:  10%|█         | 5/50 [00:00<00:06,  7.28it/s, Saved at =inf, TrLoss=0.4375]
 Training FV-otc-s2-t6:  10%|█         | 5/50 [00:00<00:06,  7.28it/s, Saved at =inf, TrLoss=0.4326]
 Training FV-otc-s2-t6:  12%|█▏        | 6/50 [00:00<00:05,  7.41it/s, Saved at =inf, TrLoss=0.4326]
 Training FV-otc-s2-t6:  12%|█▏        | 6/50 [00:00<00:05,  7.41it/s, Saved at =inf, TrLoss=0.4228]
 Training FV-otc-s2-t6:  14%|█▍        | 7/50 [00:00<00:05,  7.49it/s, Saved at =inf, TrLoss=0.4228]
 Training FV-otc-s2-t6:  14%|█▍        | 7/50 [00:01<00:05,  7.49it/s, Saved at =inf, TrLoss=0.3932]
 Training FV-otc-s2-t6:  16%|█▌        | 8/50 [00:01<00:05,  7.55it/s, Saved at =inf, TrLoss=0.3932]
 Training FV-otc-s2-t6:  16%|█▌        | 8/50 [00:01<00:05,  7.55it/s, Saved at =inf, TrLoss=0.3912]
 Training FV-otc-s2-t6:  18%|█▊        | 9/50 [00:01<00:05,  7.57it/s, Saved at =inf, TrLoss=0.3912]
 Training FV-otc-s2-t6:  18%|█▊        | 9/50 [00:01<00:05,  7.57it/s, Saved at =inf, TrLoss=0.3830]
 Training FV-otc-s2-t6:  20%|██        | 10/50 [00:01<00:05,  7.60it/s, Saved at =inf, TrLoss=0.3830]
 Training FV-otc-s2-t6:  20%|██        | 10/50 [00:01<00:05,  7.60it/s, Saved at =inf, TrLoss=0.3471]
 Training FV-otc-s2-t6:  22%|██▏       | 11/50 [00:01<00:05,  7.63it/s, Saved at =inf, TrLoss=0.3471]
 Training FV-otc-s2-t6:  22%|██▏       | 11/50 [00:01<00:05,  7.63it/s, Saved at =inf, TrLoss=0.3415]
 Training FV-otc-s2-t6:  24%|██▍       | 12/50 [00:01<00:04,  7.64it/s, Saved at =inf, TrLoss=0.3415]
 Training FV-otc-s2-t6:  24%|██▍       | 12/50 [00:01<00:04,  7.64it/s, Saved at =inf, TrLoss=0.3255]
 Training FV-otc-s2-t6:  26%|██▌       | 13/50 [00:01<00:04,  7.65it/s, Saved at =inf, TrLoss=0.3255]
 Training FV-otc-s2-t6:  26%|██▌       | 13/50 [00:01<00:04,  7.65it/s, Saved at =inf, TrLoss=0.3023]
 Training FV-otc-s2-t6:  28%|██▊       | 14/50 [00:01<00:04,  7.65it/s, Saved at =inf, TrLoss=0.3023]
 Training FV-otc-s2-t6:  28%|██▊       | 14/50 [00:01<00:04,  7.65it/s, Saved at =inf, TrLoss=0.3085]
 Training FV-otc-s2-t6:  30%|███       | 15/50 [00:02<00:04,  7.66it/s, Saved at =inf, TrLoss=0.3085]
 Training FV-otc-s2-t6:  30%|███       | 15/50 [00:02<00:04,  7.66it/s, Saved at =inf, TrLoss=0.2813]
 Training FV-otc-s2-t6:  32%|███▏      | 16/50 [00:02<00:04,  7.66it/s, Saved at =inf, TrLoss=0.2813]
 Training FV-otc-s2-t6:  32%|███▏      | 16/50 [00:02<00:04,  7.66it/s, Saved at =inf, TrLoss=0.2859]
 Training FV-otc-s2-t6:  34%|███▍      | 17/50 [00:02<00:04,  7.67it/s, Saved at =inf, TrLoss=0.2859]
 Training FV-otc-s2-t6:  34%|███▍      | 17/50 [00:02<00:04,  7.67it/s, Saved at =inf, TrLoss=0.2648]
 Training FV-otc-s2-t6:  36%|███▌      | 18/50 [00:02<00:04,  7.67it/s, Saved at =inf, TrLoss=0.2648]
 Training FV-otc-s2-t6:  36%|███▌      | 18/50 [00:02<00:04,  7.67it/s, Saved at =inf, TrLoss=0.2657]
 Training FV-otc-s2-t6:  38%|███▊      | 19/50 [00:02<00:04,  7.67it/s, Saved at =inf, TrLoss=0.2657]
 Training FV-otc-s2-t6:  38%|███▊      | 19/50 [00:02<00:04,  7.67it/s, Saved at =inf, TrLoss=0.2533]
 Training FV-otc-s2-t6:  40%|████      | 20/50 [00:02<00:03,  7.67it/s, Saved at =inf, TrLoss=0.2533]
 Training FV-otc-s2-t6:  40%|████      | 20/50 [00:02<00:03,  7.67it/s, Saved at =inf, TrLoss=0.2573]
 Training FV-otc-s2-t6:  42%|████▏     | 21/50 [00:02<00:03,  7.67it/s, Saved at =inf, TrLoss=0.2573]
 Training FV-otc-s2-t6:  42%|████▏     | 21/50 [00:02<00:03,  7.67it/s, Saved at =inf, TrLoss=0.2428]
 Training FV-otc-s2-t6:  44%|████▍     | 22/50 [00:02<00:03,  7.67it/s, Saved at =inf, TrLoss=0.2428]
 Training FV-otc-s2-t6:  44%|████▍     | 22/50 [00:03<00:03,  7.67it/s, Saved at =inf, TrLoss=0.2459]
 Training FV-otc-s2-t6:  46%|████▌     | 23/50 [00:03<00:03,  7.68it/s, Saved at =inf, TrLoss=0.2459]
 Training FV-otc-s2-t6:  46%|████▌     | 23/50 [00:03<00:03,  7.68it/s, Saved at =inf, TrLoss=0.2260]
 Training FV-otc-s2-t6:  48%|████▊     | 24/50 [00:03<00:03,  7.67it/s, Saved at =inf, TrLoss=0.2260]
 Training FV-otc-s2-t6:  48%|████▊     | 24/50 [00:03<00:03,  7.67it/s, Saved at =inf, TrLoss=0.2328]
 Training FV-otc-s2-t6:  50%|█████     | 25/50 [00:03<00:03,  7.65it/s, Saved at =inf, TrLoss=0.2328]
 Training FV-otc-s2-t6:  50%|█████     | 25/50 [00:03<00:03,  7.65it/s, Saved at =inf, TrLoss=0.2409]
 Training FV-otc-s2-t6:  52%|█████▏    | 26/50 [00:03<00:03,  7.66it/s, Saved at =inf, TrLoss=0.2409]
 Training FV-otc-s2-t6:  52%|█████▏    | 26/50 [00:03<00:03,  7.66it/s, Saved at =inf, TrLoss=0.2322]
 Training FV-otc-s2-t6:  54%|█████▍    | 27/50 [00:03<00:03,  7.66it/s, Saved at =inf, TrLoss=0.2322]
 Training FV-otc-s2-t6:  54%|█████▍    | 27/50 [00:03<00:03,  7.66it/s, Saved at =inf, TrLoss=0.2162]
 Training FV-otc-s2-t6:  56%|█████▌    | 28/50 [00:03<00:02,  7.65it/s, Saved at =inf, TrLoss=0.2162]
 Training FV-otc-s2-t6:  56%|█████▌    | 28/50 [00:03<00:02,  7.65it/s, Saved at =inf, TrLoss=0.2130]
 Training FV-otc-s2-t6:  58%|█████▊    | 29/50 [00:03<00:02,  7.59it/s, Saved at =inf, TrLoss=0.2130]
 Training FV-otc-s2-t6:  58%|█████▊    | 29/50 [00:03<00:02,  7.59it/s, Saved at =inf, TrLoss=0.2123]
 Training FV-otc-s2-t6:  60%|██████    | 30/50 [00:04<00:02,  7.41it/s, Saved at =inf, TrLoss=0.2123]
 Training FV-otc-s2-t6:  60%|██████    | 30/50 [00:04<00:02,  7.41it/s, Saved at =inf, TrLoss=0.2063]
 Training FV-otc-s2-t6:  62%|██████▏   | 31/50 [00:04<00:02,  7.45it/s, Saved at =inf, TrLoss=0.2063]
 Training FV-otc-s2-t6:  62%|██████▏   | 31/50 [00:04<00:02,  7.45it/s, Saved at =inf, TrLoss=0.2053]
 Training FV-otc-s2-t6:  64%|██████▍   | 32/50 [00:04<00:02,  7.49it/s, Saved at =inf, TrLoss=0.2053]
 Training FV-otc-s2-t6:  64%|██████▍   | 32/50 [00:04<00:02,  7.49it/s, Saved at =inf, TrLoss=0.2000]
 Training FV-otc-s2-t6:  66%|██████▌   | 33/50 [00:04<00:02,  7.53it/s, Saved at =inf, TrLoss=0.2000]
 Training FV-otc-s2-t6:  66%|██████▌   | 33/50 [00:04<00:02,  7.53it/s, Saved at =inf, TrLoss=0.1980]
 Training FV-otc-s2-t6:  68%|██████▊   | 34/50 [00:04<00:02,  7.57it/s, Saved at =inf, TrLoss=0.1980]
 Training FV-otc-s2-t6:  68%|██████▊   | 34/50 [00:04<00:02,  7.57it/s, Saved at =inf, TrLoss=0.2015]
 Training FV-otc-s2-t6:  70%|███████   | 35/50 [00:04<00:01,  7.59it/s, Saved at =inf, TrLoss=0.2015]
 Training FV-otc-s2-t6:  70%|███████   | 35/50 [00:04<00:01,  7.59it/s, Saved at =inf, TrLoss=0.1975]
 Training FV-otc-s2-t6:  72%|███████▏  | 36/50 [00:04<00:01,  7.60it/s, Saved at =inf, TrLoss=0.1975]
 Training FV-otc-s2-t6:  72%|███████▏  | 36/50 [00:04<00:01,  7.60it/s, Saved at =inf, TrLoss=0.1941]
 Training FV-otc-s2-t6:  74%|███████▍  | 37/50 [00:04<00:01,  7.61it/s, Saved at =inf, TrLoss=0.1941]
 Training FV-otc-s2-t6:  74%|███████▍  | 37/50 [00:05<00:01,  7.61it/s, Saved at =inf, TrLoss=0.1909]
 Training FV-otc-s2-t6:  76%|███████▌  | 38/50 [00:05<00:01,  7.60it/s, Saved at =inf, TrLoss=0.1909]
 Training FV-otc-s2-t6:  76%|███████▌  | 38/50 [00:05<00:01,  7.60it/s, Saved at =inf, TrLoss=0.1941]
 Training FV-otc-s2-t6:  78%|███████▊  | 39/50 [00:05<00:01,  6.47it/s, Saved at =inf, TrLoss=0.1941]
 Training FV-otc-s2-t6:  78%|███████▊  | 39/50 [00:05<00:01,  6.47it/s, Saved at =inf, TrLoss=0.1926]
 Training FV-otc-s2-t6:  80%|████████  | 40/50 [00:05<00:01,  6.77it/s, Saved at =inf, TrLoss=0.1926]
 Training FV-otc-s2-t6:  80%|████████  | 40/50 [00:05<00:01,  6.77it/s, Saved at =inf, TrLoss=0.1899]
 Training FV-otc-s2-t6:  82%|████████▏ | 41/50 [00:05<00:01,  7.02it/s, Saved at =inf, TrLoss=0.1899]
 Training FV-otc-s2-t6:  82%|████████▏ | 41/50 [00:05<00:01,  7.02it/s, Saved at =inf, TrLoss=0.1907]
 Training FV-otc-s2-t6:  84%|████████▍ | 42/50 [00:05<00:01,  7.21it/s, Saved at =inf, TrLoss=0.1907]
 Training FV-otc-s2-t6:  84%|████████▍ | 42/50 [00:05<00:01,  7.21it/s, Saved at =inf, TrLoss=0.1883]
 Training FV-otc-s2-t6:  86%|████████▌ | 43/50 [00:05<00:00,  7.34it/s, Saved at =inf, TrLoss=0.1883]
 Training FV-otc-s2-t6:  86%|████████▌ | 43/50 [00:05<00:00,  7.34it/s, Saved at =inf, TrLoss=0.1831]
 Training FV-otc-s2-t6:  88%|████████▊ | 44/50 [00:05<00:00,  7.44it/s, Saved at =inf, TrLoss=0.1831]
 Training FV-otc-s2-t6:  88%|████████▊ | 44/50 [00:06<00:00,  7.44it/s, Saved at =inf, TrLoss=0.1884]
 Training FV-otc-s2-t6:  90%|█████████ | 45/50 [00:06<00:00,  7.51it/s, Saved at =inf, TrLoss=0.1884]
 Training FV-otc-s2-t6:  90%|█████████ | 45/50 [00:06<00:00,  7.51it/s, Saved at =inf, TrLoss=0.1883]
 Training FV-otc-s2-t6:  92%|█████████▏| 46/50 [00:06<00:00,  7.57it/s, Saved at =inf, TrLoss=0.1883]
 Training FV-otc-s2-t6:  92%|█████████▏| 46/50 [00:06<00:00,  7.57it/s, Saved at =inf, TrLoss=0.1759]
 Training FV-otc-s2-t6:  94%|█████████▍| 47/50 [00:06<00:00,  7.60it/s, Saved at =inf, TrLoss=0.1759]
 Training FV-otc-s2-t6:  94%|█████████▍| 47/50 [00:06<00:00,  7.60it/s, Saved at =inf, TrLoss=0.1820]
 Training FV-otc-s2-t6:  96%|█████████▌| 48/50 [00:06<00:00,  7.63it/s, Saved at =inf, TrLoss=0.1820]
 Training FV-otc-s2-t6:  96%|█████████▌| 48/50 [00:06<00:00,  7.63it/s, Saved at =inf, TrLoss=0.1796]
 Training FV-otc-s2-t6:  98%|█████████▊| 49/50 [00:06<00:00,  7.64it/s, Saved at =inf, TrLoss=0.1796]
 Training FV-otc-s2-t6:  98%|█████████▊| 49/50 [00:06<00:00,  7.64it/s, Saved at =inf, TrLoss=0.1774]
 Training FV-otc-s2-t6: 100%|██████████| 50/50 [00:06<00:00,  7.65it/s, Saved at =inf, TrLoss=0.1774]
 Training FV-otc-s2-t6: 100%|██████████| 50/50 [00:06<00:00,  7.46it/s, Saved at =inf, TrLoss=0.1774]

 Training FV-otc-s2-t7:   0%|          | 0/50 [00:00<?, ?it/s]
 Training FV-otc-s2-t7:   0%|          | 0/50 [00:00<?, ?it/s, Saved at =inf, TrLoss=0.7135]
 Training FV-otc-s2-t7:   2%|▏         | 1/50 [00:00<00:09,  5.35it/s, Saved at =inf, TrLoss=0.7135]
 Training FV-otc-s2-t7:   2%|▏         | 1/50 [00:00<00:09,  5.35it/s, Saved at =inf, TrLoss=0.6617]
 Training FV-otc-s2-t7:   4%|▍         | 2/50 [00:00<00:09,  5.18it/s, Saved at =inf, TrLoss=0.6617]
 Training FV-otc-s2-t7:   4%|▍         | 2/50 [00:00<00:09,  5.18it/s, Saved at =inf, TrLoss=0.5850]
 Training FV-otc-s2-t7:   6%|▌         | 3/50 [00:00<00:08,  5.45it/s, Saved at =inf, TrLoss=0.5850]
 Training FV-otc-s2-t7:   6%|▌         | 3/50 [00:00<00:08,  5.45it/s, Saved at =inf, TrLoss=0.5364]
 Training FV-otc-s2-t7:   8%|▊         | 4/50 [00:00<00:08,  5.72it/s, Saved at =inf, TrLoss=0.5364]
 Training FV-otc-s2-t7:   8%|▊         | 4/50 [00:00<00:08,  5.72it/s, Saved at =inf, TrLoss=0.4781]
 Training FV-otc-s2-t7:  10%|█         | 5/50 [00:00<00:07,  5.98it/s, Saved at =inf, TrLoss=0.4781]
 Training FV-otc-s2-t7:  10%|█         | 5/50 [00:00<00:07,  5.98it/s, Saved at =inf, TrLoss=0.4546]
 Training FV-otc-s2-t7:  12%|█▏        | 6/50 [00:01<00:08,  5.38it/s, Saved at =inf, TrLoss=0.4546]
 Training FV-otc-s2-t7:  12%|█▏        | 6/50 [00:01<00:08,  5.38it/s, Saved at =inf, TrLoss=0.4269]
 Training FV-otc-s2-t7:  14%|█▍        | 7/50 [00:01<00:08,  5.37it/s, Saved at =inf, TrLoss=0.4269]
 Training FV-otc-s2-t7:  14%|█▍        | 7/50 [00:01<00:08,  5.37it/s, Saved at =inf, TrLoss=0.4123]
 Training FV-otc-s2-t7:  16%|█▌        | 8/50 [00:01<00:07,  5.65it/s, Saved at =inf, TrLoss=0.4123]
 Training FV-otc-s2-t7:  16%|█▌        | 8/50 [00:01<00:07,  5.65it/s, Saved at =inf, TrLoss=0.3720]
 Training FV-otc-s2-t7:  18%|█▊        | 9/50 [00:01<00:06,  5.88it/s, Saved at =inf, TrLoss=0.3720]
 Training FV-otc-s2-t7:  18%|█▊        | 9/50 [00:01<00:06,  5.88it/s, Saved at =inf, TrLoss=0.3395]
 Training FV-otc-s2-t7:  20%|██        | 10/50 [00:01<00:06,  5.96it/s, Saved at =inf, TrLoss=0.3395]
 Training FV-otc-s2-t7:  20%|██        | 10/50 [00:01<00:06,  5.96it/s, Saved at =inf, TrLoss=0.3412]
 Training FV-otc-s2-t7:  22%|██▏       | 11/50 [00:01<00:06,  5.97it/s, Saved at =inf, TrLoss=0.3412]
 Training FV-otc-s2-t7:  22%|██▏       | 11/50 [00:02<00:06,  5.97it/s, Saved at =inf, TrLoss=0.3296]
 Training FV-otc-s2-t7:  24%|██▍       | 12/50 [00:02<00:06,  5.97it/s, Saved at =inf, TrLoss=0.3296]
 Training FV-otc-s2-t7:  24%|██▍       | 12/50 [00:02<00:06,  5.97it/s, Saved at =inf, TrLoss=0.3081]
 Training FV-otc-s2-t7:  26%|██▌       | 13/50 [00:02<00:06,  6.04it/s, Saved at =inf, TrLoss=0.3081]
 Training FV-otc-s2-t7:  26%|██▌       | 13/50 [00:02<00:06,  6.04it/s, Saved at =inf, TrLoss=0.2867]
 Training FV-otc-s2-t7:  28%|██▊       | 14/50 [00:02<00:06,  5.82it/s, Saved at =inf, TrLoss=0.2867]
 Training FV-otc-s2-t7:  28%|██▊       | 14/50 [00:02<00:06,  5.82it/s, Saved at =inf, TrLoss=0.2853]
 Training FV-otc-s2-t7:  30%|███       | 15/50 [00:02<00:07,  4.67it/s, Saved at =inf, TrLoss=0.2853]
 Training FV-otc-s2-t7:  30%|███       | 15/50 [00:02<00:07,  4.67it/s, Saved at =inf, TrLoss=0.2824]
 Training FV-otc-s2-t7:  32%|███▏      | 16/50 [00:02<00:06,  4.95it/s, Saved at =inf, TrLoss=0.2824]
 Training FV-otc-s2-t7:  32%|███▏      | 16/50 [00:03<00:06,  4.95it/s, Saved at =inf, TrLoss=0.2788]
 Training FV-otc-s2-t7:  34%|███▍      | 17/50 [00:03<00:06,  5.33it/s, Saved at =inf, TrLoss=0.2788]
 Training FV-otc-s2-t7:  34%|███▍      | 17/50 [00:03<00:06,  5.33it/s, Saved at =inf, TrLoss=0.2732]
 Training FV-otc-s2-t7:  36%|███▌      | 18/50 [00:03<00:05,  5.57it/s, Saved at =inf, TrLoss=0.2732]
 Training FV-otc-s2-t7:  36%|███▌      | 18/50 [00:03<00:05,  5.57it/s, Saved at =inf, TrLoss=0.2658]
 Training FV-otc-s2-t7:  38%|███▊      | 19/50 [00:03<00:05,  5.40it/s, Saved at =inf, TrLoss=0.2658]
 Training FV-otc-s2-t7:  38%|███▊      | 19/50 [00:03<00:05,  5.40it/s, Saved at =inf, TrLoss=0.2523]
 Training FV-otc-s2-t7:  40%|████      | 20/50 [00:03<00:05,  5.54it/s, Saved at =inf, TrLoss=0.2523]
 Training FV-otc-s2-t7:  40%|████      | 20/50 [00:03<00:05,  5.54it/s, Saved at =inf, TrLoss=0.2502]
 Training FV-otc-s2-t7:  42%|████▏     | 21/50 [00:03<00:05,  5.27it/s, Saved at =inf, TrLoss=0.2502]
 Training FV-otc-s2-t7:  42%|████▏     | 21/50 [00:03<00:05,  5.27it/s, Saved at =inf, TrLoss=0.2493]
 Training FV-otc-s2-t7:  44%|████▍     | 22/50 [00:04<00:05,  4.92it/s, Saved at =inf, TrLoss=0.2493]
 Training FV-otc-s2-t7:  44%|████▍     | 22/50 [00:04<00:05,  4.92it/s, Saved at =inf, TrLoss=0.2443]
 Training FV-otc-s2-t7:  46%|████▌     | 23/50 [00:04<00:05,  5.14it/s, Saved at =inf, TrLoss=0.2443]
 Training FV-otc-s2-t7:  46%|████▌     | 23/50 [00:04<00:05,  5.14it/s, Saved at =inf, TrLoss=0.2379]
 Training FV-otc-s2-t7:  48%|████▊     | 24/50 [00:04<00:05,  4.90it/s, Saved at =inf, TrLoss=0.2379]
 Training FV-otc-s2-t7:  48%|████▊     | 24/50 [00:04<00:05,  4.90it/s, Saved at =inf, TrLoss=0.2373]
 Training FV-otc-s2-t7:  50%|█████     | 25/50 [00:04<00:05,  4.86it/s, Saved at =inf, TrLoss=0.2373]
 Training FV-otc-s2-t7:  50%|█████     | 25/50 [00:04<00:05,  4.86it/s, Saved at =inf, TrLoss=0.2336]
 Training FV-otc-s2-t7:  52%|█████▏    | 26/50 [00:04<00:04,  4.86it/s, Saved at =inf, TrLoss=0.2336]
 Training FV-otc-s2-t7:  52%|█████▏    | 26/50 [00:05<00:04,  4.86it/s, Saved at =inf, TrLoss=0.2331]
 Training FV-otc-s2-t7:  54%|█████▍    | 27/50 [00:05<00:04,  4.95it/s, Saved at =inf, TrLoss=0.2331]
 Training FV-otc-s2-t7:  54%|█████▍    | 27/50 [00:05<00:04,  4.95it/s, Saved at =inf, TrLoss=0.2278]
 Training FV-otc-s2-t7:  56%|█████▌    | 28/50 [00:05<00:04,  4.91it/s, Saved at =inf, TrLoss=0.2278]
 Training FV-otc-s2-t7:  56%|█████▌    | 28/50 [00:05<00:04,  4.91it/s, Saved at =inf, TrLoss=0.2299]
 Training FV-otc-s2-t7:  58%|█████▊    | 29/50 [00:05<00:04,  5.19it/s, Saved at =inf, TrLoss=0.2299]
 Training FV-otc-s2-t7:  58%|█████▊    | 29/50 [00:05<00:04,  5.19it/s, Saved at =inf, TrLoss=0.2458]
 Training FV-otc-s2-t7:  60%|██████    | 30/50 [00:05<00:03,  5.33it/s, Saved at =inf, TrLoss=0.2458]
 Training FV-otc-s2-t7:  60%|██████    | 30/50 [00:05<00:03,  5.33it/s, Saved at =inf, TrLoss=0.2359]
 Training FV-otc-s2-t7:  62%|██████▏   | 31/50 [00:05<00:03,  5.59it/s, Saved at =inf, TrLoss=0.2359]
 Training FV-otc-s2-t7:  62%|██████▏   | 31/50 [00:05<00:03,  5.59it/s, Saved at =inf, TrLoss=0.2170]
 Training FV-otc-s2-t7:  64%|██████▍   | 32/50 [00:05<00:03,  5.40it/s, Saved at =inf, TrLoss=0.2170]
 Training FV-otc-s2-t7:  64%|██████▍   | 32/50 [00:06<00:03,  5.40it/s, Saved at =inf, TrLoss=0.2234]
 Training FV-otc-s2-t7:  66%|██████▌   | 33/50 [00:06<00:03,  5.49it/s, Saved at =inf, TrLoss=0.2234]
 Training FV-otc-s2-t7:  66%|██████▌   | 33/50 [00:06<00:03,  5.49it/s, Saved at =inf, TrLoss=0.2250]
 Training FV-otc-s2-t7:  68%|██████▊   | 34/50 [00:06<00:02,  5.43it/s, Saved at =inf, TrLoss=0.2250]
 Training FV-otc-s2-t7:  68%|██████▊   | 34/50 [00:06<00:02,  5.43it/s, Saved at =inf, TrLoss=0.2169]
 Training FV-otc-s2-t7:  70%|███████   | 35/50 [00:06<00:02,  5.43it/s, Saved at =inf, TrLoss=0.2169]
 Training FV-otc-s2-t7:  70%|███████   | 35/50 [00:06<00:02,  5.43it/s, Saved at =inf, TrLoss=0.2218]
 Training FV-otc-s2-t7:  72%|███████▏  | 36/50 [00:06<00:02,  5.45it/s, Saved at =inf, TrLoss=0.2218]
 Training FV-otc-s2-t7:  72%|███████▏  | 36/50 [00:06<00:02,  5.45it/s, Saved at =inf, TrLoss=0.2094]
 Training FV-otc-s2-t7:  74%|███████▍  | 37/50 [00:06<00:02,  5.56it/s, Saved at =inf, TrLoss=0.2094]
 Training FV-otc-s2-t7:  74%|███████▍  | 37/50 [00:06<00:02,  5.56it/s, Saved at =inf, TrLoss=0.2153]
 Training FV-otc-s2-t7:  76%|███████▌  | 38/50 [00:07<00:02,  5.78it/s, Saved at =inf, TrLoss=0.2153]
 Training FV-otc-s2-t7:  76%|███████▌  | 38/50 [00:07<00:02,  5.78it/s, Saved at =inf, TrLoss=0.2117]
 Training FV-otc-s2-t7:  78%|███████▊  | 39/50 [00:07<00:01,  5.97it/s, Saved at =inf, TrLoss=0.2117]
 Training FV-otc-s2-t7:  78%|███████▊  | 39/50 [00:07<00:01,  5.97it/s, Saved at =inf, TrLoss=0.2098]
 Training FV-otc-s2-t7:  80%|████████  | 40/50 [00:07<00:01,  6.01it/s, Saved at =inf, TrLoss=0.2098]
 Training FV-otc-s2-t7:  80%|████████  | 40/50 [00:07<00:01,  6.01it/s, Saved at =inf, TrLoss=0.2074]
 Training FV-otc-s2-t7:  82%|████████▏ | 41/50 [00:07<00:01,  5.92it/s, Saved at =inf, TrLoss=0.2074]
 Training FV-otc-s2-t7:  82%|████████▏ | 41/50 [00:07<00:01,  5.92it/s, Saved at =inf, TrLoss=0.2061]
 Training FV-otc-s2-t7:  84%|████████▍ | 42/50 [00:07<00:01,  5.82it/s, Saved at =inf, TrLoss=0.2061]
 Training FV-otc-s2-t7:  84%|████████▍ | 42/50 [00:07<00:01,  5.82it/s, Saved at =inf, TrLoss=0.2093]
 Training FV-otc-s2-t7:  86%|████████▌ | 43/50 [00:07<00:01,  5.21it/s, Saved at =inf, TrLoss=0.2093]
 Training FV-otc-s2-t7:  86%|████████▌ | 43/50 [00:08<00:01,  5.21it/s, Saved at =inf, TrLoss=0.2033]
 Training FV-otc-s2-t7:  88%|████████▊ | 44/50 [00:08<00:01,  4.74it/s, Saved at =inf, TrLoss=0.2033]
 Training FV-otc-s2-t7:  88%|████████▊ | 44/50 [00:08<00:01,  4.74it/s, Saved at =inf, TrLoss=0.1971]
 Training FV-otc-s2-t7:  90%|█████████ | 45/50 [00:08<00:01,  4.67it/s, Saved at =inf, TrLoss=0.1971]
 Training FV-otc-s2-t7:  90%|█████████ | 45/50 [00:08<00:01,  4.67it/s, Saved at =inf, TrLoss=0.2026]
 Training FV-otc-s2-t7:  92%|█████████▏| 46/50 [00:08<00:00,  4.66it/s, Saved at =inf, TrLoss=0.2026]
 Training FV-otc-s2-t7:  92%|█████████▏| 46/50 [00:08<00:00,  4.66it/s, Saved at =inf, TrLoss=0.1931]
 Training FV-otc-s2-t7:  94%|█████████▍| 47/50 [00:08<00:00,  4.60it/s, Saved at =inf, TrLoss=0.1931]
 Training FV-otc-s2-t7:  94%|█████████▍| 47/50 [00:08<00:00,  4.60it/s, Saved at =inf, TrLoss=0.2023]
 Training FV-otc-s2-t7:  96%|█████████▌| 48/50 [00:09<00:00,  4.70it/s, Saved at =inf, TrLoss=0.2023]
 Training FV-otc-s2-t7:  96%|█████████▌| 48/50 [00:09<00:00,  4.70it/s, Saved at =inf, TrLoss=0.1983]
 Training FV-otc-s2-t7:  98%|█████████▊| 49/50 [00:09<00:00,  4.96it/s, Saved at =inf, TrLoss=0.1983]
 Training FV-otc-s2-t7:  98%|█████████▊| 49/50 [00:09<00:00,  4.96it/s, Saved at =inf, TrLoss=0.1961]
 Training FV-otc-s2-t7: 100%|██████████| 50/50 [00:09<00:00,  5.09it/s, Saved at =inf, TrLoss=0.1961]
 Training FV-otc-s2-t7: 100%|██████████| 50/50 [00:09<00:00,  5.31it/s, Saved at =inf, TrLoss=0.1961]

 Training FV-otc-s2-t8:   0%|          | 0/50 [00:00<?, ?it/s]
 Training FV-otc-s2-t8:   0%|          | 0/50 [00:00<?, ?it/s, Saved at =inf, TrLoss=0.7297]
 Training FV-otc-s2-t8:   2%|▏         | 1/50 [00:00<00:10,  4.74it/s, Saved at =inf, TrLoss=0.7297]
 Training FV-otc-s2-t8:   2%|▏         | 1/50 [00:00<00:10,  4.74it/s, Saved at =inf, TrLoss=0.8857]
 Training FV-otc-s2-t8:   4%|▍         | 2/50 [00:00<00:09,  5.07it/s, Saved at =inf, TrLoss=0.8857]
 Training FV-otc-s2-t8:   4%|▍         | 2/50 [00:00<00:09,  5.07it/s, Saved at =inf, TrLoss=0.6249]
 Training FV-otc-s2-t8:   6%|▌         | 3/50 [00:00<00:09,  5.07it/s, Saved at =inf, TrLoss=0.6249]
 Training FV-otc-s2-t8:   6%|▌         | 3/50 [00:00<00:09,  5.07it/s, Saved at =inf, TrLoss=0.5947]
 Training FV-otc-s2-t8:   8%|▊         | 4/50 [00:00<00:09,  4.81it/s, Saved at =inf, TrLoss=0.5947]
 Training FV-otc-s2-t8:   8%|▊         | 4/50 [00:00<00:09,  4.81it/s, Saved at =inf, TrLoss=0.5866]
 Training FV-otc-s2-t8:  10%|█         | 5/50 [00:01<00:09,  4.58it/s, Saved at =inf, TrLoss=0.5866]
 Training FV-otc-s2-t8:  10%|█         | 5/50 [00:01<00:09,  4.58it/s, Saved at =inf, TrLoss=0.5619]
 Training FV-otc-s2-t8:  12%|█▏        | 6/50 [00:01<00:09,  4.47it/s, Saved at =inf, TrLoss=0.5619]
 Training FV-otc-s2-t8:  12%|█▏        | 6/50 [00:01<00:09,  4.47it/s, Saved at =inf, TrLoss=0.5168]
 Training FV-otc-s2-t8:  14%|█▍        | 7/50 [00:01<00:09,  4.60it/s, Saved at =inf, TrLoss=0.5168]
 Training FV-otc-s2-t8:  14%|█▍        | 7/50 [00:01<00:09,  4.60it/s, Saved at =inf, TrLoss=0.4850]
 Training FV-otc-s2-t8:  16%|█▌        | 8/50 [00:01<00:08,  4.83it/s, Saved at =inf, TrLoss=0.4850]
 Training FV-otc-s2-t8:  16%|█▌        | 8/50 [00:01<00:08,  4.83it/s, Saved at =inf, TrLoss=0.4413]
 Training FV-otc-s2-t8:  18%|█▊        | 9/50 [00:01<00:08,  4.93it/s, Saved at =inf, TrLoss=0.4413]
 Training FV-otc-s2-t8:  18%|█▊        | 9/50 [00:02<00:08,  4.93it/s, Saved at =inf, TrLoss=0.4020]
 Training FV-otc-s2-t8:  20%|██        | 10/50 [00:02<00:08,  4.51it/s, Saved at =inf, TrLoss=0.4020]
 Training FV-otc-s2-t8:  20%|██        | 10/50 [00:02<00:08,  4.51it/s, Saved at =inf, TrLoss=0.3541]
 Training FV-otc-s2-t8:  22%|██▏       | 11/50 [00:02<00:08,  4.42it/s, Saved at =inf, TrLoss=0.3541]
 Training FV-otc-s2-t8:  22%|██▏       | 11/50 [00:02<00:08,  4.42it/s, Saved at =inf, TrLoss=0.3168]
 Training FV-otc-s2-t8:  24%|██▍       | 12/50 [00:02<00:08,  4.70it/s, Saved at =inf, TrLoss=0.3168]
 Training FV-otc-s2-t8:  24%|██▍       | 12/50 [00:02<00:08,  4.70it/s, Saved at =inf, TrLoss=0.3257]
 Training FV-otc-s2-t8:  26%|██▌       | 13/50 [00:02<00:07,  4.93it/s, Saved at =inf, TrLoss=0.3257]
 Training FV-otc-s2-t8:  26%|██▌       | 13/50 [00:02<00:07,  4.93it/s, Saved at =inf, TrLoss=0.3820]
 Training FV-otc-s2-t8:  28%|██▊       | 14/50 [00:02<00:07,  5.12it/s, Saved at =inf, TrLoss=0.3820]
 Training FV-otc-s2-t8:  28%|██▊       | 14/50 [00:03<00:07,  5.12it/s, Saved at =inf, TrLoss=0.3812]
 Training FV-otc-s2-t8:  30%|███       | 15/50 [00:03<00:07,  4.97it/s, Saved at =inf, TrLoss=0.3812]
 Training FV-otc-s2-t8:  30%|███       | 15/50 [00:03<00:07,  4.97it/s, Saved at =inf, TrLoss=0.3151]
 Training FV-otc-s2-t8:  32%|███▏      | 16/50 [00:03<00:06,  4.89it/s, Saved at =inf, TrLoss=0.3151]
 Training FV-otc-s2-t8:  32%|███▏      | 16/50 [00:03<00:06,  4.89it/s, Saved at =inf, TrLoss=0.3208]
 Training FV-otc-s2-t8:  34%|███▍      | 17/50 [00:03<00:06,  4.81it/s, Saved at =inf, TrLoss=0.3208]
 Training FV-otc-s2-t8:  34%|███▍      | 17/50 [00:03<00:06,  4.81it/s, Saved at =inf, TrLoss=0.3159]
 Training FV-otc-s2-t8:  36%|███▌      | 18/50 [00:03<00:08,  3.98it/s, Saved at =inf, TrLoss=0.3159]
 Training FV-otc-s2-t8:  36%|███▌      | 18/50 [00:04<00:08,  3.98it/s, Saved at =inf, TrLoss=0.2880]
 Training FV-otc-s2-t8:  38%|███▊      | 19/50 [00:04<00:07,  4.03it/s, Saved at =inf, TrLoss=0.2880]
 Training FV-otc-s2-t8:  38%|███▊      | 19/50 [00:04<00:07,  4.03it/s, Saved at =inf, TrLoss=0.3069]
 Training FV-otc-s2-t8:  40%|████      | 20/50 [00:04<00:07,  4.14it/s, Saved at =inf, TrLoss=0.3069]
 Training FV-otc-s2-t8:  40%|████      | 20/50 [00:04<00:07,  4.14it/s, Saved at =inf, TrLoss=0.2895]
 Training FV-otc-s2-t8:  42%|████▏     | 21/50 [00:04<00:06,  4.35it/s, Saved at =inf, TrLoss=0.2895]
 Training FV-otc-s2-t8:  42%|████▏     | 21/50 [00:04<00:06,  4.35it/s, Saved at =inf, TrLoss=0.2818]
 Training FV-otc-s2-t8:  44%|████▍     | 22/50 [00:04<00:06,  4.35it/s, Saved at =inf, TrLoss=0.2818]
 Training FV-otc-s2-t8:  44%|████▍     | 22/50 [00:04<00:06,  4.35it/s, Saved at =inf, TrLoss=0.3010]
 Training FV-otc-s2-t8:  46%|████▌     | 23/50 [00:05<00:06,  4.41it/s, Saved at =inf, TrLoss=0.3010]
 Training FV-otc-s2-t8:  46%|████▌     | 23/50 [00:05<00:06,  4.41it/s, Saved at =inf, TrLoss=0.2767]
 Training FV-otc-s2-t8:  48%|████▊     | 24/50 [00:05<00:05,  4.50it/s, Saved at =inf, TrLoss=0.2767]
 Training FV-otc-s2-t8:  48%|████▊     | 24/50 [00:05<00:05,  4.50it/s, Saved at =inf, TrLoss=0.2772]
 Training FV-otc-s2-t8:  50%|█████     | 25/50 [00:05<00:05,  4.75it/s, Saved at =inf, TrLoss=0.2772]
 Training FV-otc-s2-t8:  50%|█████     | 25/50 [00:05<00:05,  4.75it/s, Saved at =inf, TrLoss=0.2811]
 Training FV-otc-s2-t8:  52%|█████▏    | 26/50 [00:05<00:05,  4.73it/s, Saved at =inf, TrLoss=0.2811]
 Training FV-otc-s2-t8:  52%|█████▏    | 26/50 [00:05<00:05,  4.73it/s, Saved at =inf, TrLoss=0.2685]
 Training FV-otc-s2-t8:  54%|█████▍    | 27/50 [00:05<00:04,  4.83it/s, Saved at =inf, TrLoss=0.2685]
 Training FV-otc-s2-t8:  54%|█████▍    | 27/50 [00:05<00:04,  4.83it/s, Saved at =inf, TrLoss=0.2585]
 Training FV-otc-s2-t8:  56%|█████▌    | 28/50 [00:06<00:04,  4.89it/s, Saved at =inf, TrLoss=0.2585]
 Training FV-otc-s2-t8:  56%|█████▌    | 28/50 [00:06<00:04,  4.89it/s, Saved at =inf, TrLoss=0.2684]
 Training FV-otc-s2-t8:  58%|█████▊    | 29/50 [00:06<00:04,  4.59it/s, Saved at =inf, TrLoss=0.2684]
 Training FV-otc-s2-t8:  58%|█████▊    | 29/50 [00:06<00:04,  4.59it/s, Saved at =inf, TrLoss=0.2537]
 Training FV-otc-s2-t8:  60%|██████    | 30/50 [00:06<00:04,  4.25it/s, Saved at =inf, TrLoss=0.2537]
 Training FV-otc-s2-t8:  60%|██████    | 30/50 [00:06<00:04,  4.25it/s, Saved at =inf, TrLoss=0.2551]
 Training FV-otc-s2-t8:  62%|██████▏   | 31/50 [00:06<00:04,  4.23it/s, Saved at =inf, TrLoss=0.2551]
 Training FV-otc-s2-t8:  62%|██████▏   | 31/50 [00:06<00:04,  4.23it/s, Saved at =inf, TrLoss=0.2555]
 Training FV-otc-s2-t8:  64%|██████▍   | 32/50 [00:06<00:04,  4.50it/s, Saved at =inf, TrLoss=0.2555]
 Training FV-otc-s2-t8:  64%|██████▍   | 32/50 [00:07<00:04,  4.50it/s, Saved at =inf, TrLoss=0.2447]
 Training FV-otc-s2-t8:  66%|██████▌   | 33/50 [00:07<00:03,  4.66it/s, Saved at =inf, TrLoss=0.2447]
 Training FV-otc-s2-t8:  66%|██████▌   | 33/50 [00:07<00:03,  4.66it/s, Saved at =inf, TrLoss=0.2504]
 Training FV-otc-s2-t8:  68%|██████▊   | 34/50 [00:07<00:03,  4.76it/s, Saved at =inf, TrLoss=0.2504]
 Training FV-otc-s2-t8:  68%|██████▊   | 34/50 [00:07<00:03,  4.76it/s, Saved at =inf, TrLoss=0.2464]
 Training FV-otc-s2-t8:  70%|███████   | 35/50 [00:07<00:03,  4.45it/s, Saved at =inf, TrLoss=0.2464]
 Training FV-otc-s2-t8:  70%|███████   | 35/50 [00:07<00:03,  4.45it/s, Saved at =inf, TrLoss=0.2464]
 Training FV-otc-s2-t8:  72%|███████▏  | 36/50 [00:07<00:03,  4.46it/s, Saved at =inf, TrLoss=0.2464]
 Training FV-otc-s2-t8:  72%|███████▏  | 36/50 [00:08<00:03,  4.46it/s, Saved at =inf, TrLoss=0.2420]
 Training FV-otc-s2-t8:  74%|███████▍  | 37/50 [00:08<00:03,  4.27it/s, Saved at =inf, TrLoss=0.2420]
 Training FV-otc-s2-t8:  74%|███████▍  | 37/50 [00:08<00:03,  4.27it/s, Saved at =inf, TrLoss=0.2349]
 Training FV-otc-s2-t8:  76%|███████▌  | 38/50 [00:08<00:02,  4.50it/s, Saved at =inf, TrLoss=0.2349]
 Training FV-otc-s2-t8:  76%|███████▌  | 38/50 [00:08<00:02,  4.50it/s, Saved at =inf, TrLoss=0.2381]
 Training FV-otc-s2-t8:  78%|███████▊  | 39/50 [00:08<00:02,  4.45it/s, Saved at =inf, TrLoss=0.2381]
 Training FV-otc-s2-t8:  78%|███████▊  | 39/50 [00:08<00:02,  4.45it/s, Saved at =inf, TrLoss=0.2383]
 Training FV-otc-s2-t8:  80%|████████  | 40/50 [00:08<00:02,  4.21it/s, Saved at =inf, TrLoss=0.2383]
 Training FV-otc-s2-t8:  80%|████████  | 40/50 [00:09<00:02,  4.21it/s, Saved at =inf, TrLoss=0.2367]
 Training FV-otc-s2-t8:  82%|████████▏ | 41/50 [00:09<00:02,  4.18it/s, Saved at =inf, TrLoss=0.2367]
 Training FV-otc-s2-t8:  82%|████████▏ | 41/50 [00:09<00:02,  4.18it/s, Saved at =inf, TrLoss=0.2353]
 Training FV-otc-s2-t8:  84%|████████▍ | 42/50 [00:09<00:01,  4.40it/s, Saved at =inf, TrLoss=0.2353]
 Training FV-otc-s2-t8:  84%|████████▍ | 42/50 [00:09<00:01,  4.40it/s, Saved at =inf, TrLoss=0.2315]
 Training FV-otc-s2-t8:  86%|████████▌ | 43/50 [00:09<00:01,  4.62it/s, Saved at =inf, TrLoss=0.2315]
 Training FV-otc-s2-t8:  86%|████████▌ | 43/50 [00:09<00:01,  4.62it/s, Saved at =inf, TrLoss=0.2270]
 Training FV-otc-s2-t8:  88%|████████▊ | 44/50 [00:09<00:01,  4.70it/s, Saved at =inf, TrLoss=0.2270]
 Training FV-otc-s2-t8:  88%|████████▊ | 44/50 [00:09<00:01,  4.70it/s, Saved at =inf, TrLoss=0.2304]
 Training FV-otc-s2-t8:  90%|█████████ | 45/50 [00:09<00:01,  4.88it/s, Saved at =inf, TrLoss=0.2304]
 Training FV-otc-s2-t8:  90%|█████████ | 45/50 [00:09<00:01,  4.88it/s, Saved at =inf, TrLoss=0.2255]
 Training FV-otc-s2-t8:  92%|█████████▏| 46/50 [00:10<00:00,  5.01it/s, Saved at =inf, TrLoss=0.2255]
 Training FV-otc-s2-t8:  92%|█████████▏| 46/50 [00:10<00:00,  5.01it/s, Saved at =inf, TrLoss=0.2235]
 Training FV-otc-s2-t8:  94%|█████████▍| 47/50 [00:10<00:00,  5.15it/s, Saved at =inf, TrLoss=0.2235]
 Training FV-otc-s2-t8:  94%|█████████▍| 47/50 [00:10<00:00,  5.15it/s, Saved at =inf, TrLoss=0.2295]
 Training FV-otc-s2-t8:  96%|█████████▌| 48/50 [00:10<00:00,  5.09it/s, Saved at =inf, TrLoss=0.2295]
 Training FV-otc-s2-t8:  96%|█████████▌| 48/50 [00:10<00:00,  5.09it/s, Saved at =inf, TrLoss=0.2241]
 Training FV-otc-s2-t8:  98%|█████████▊| 49/50 [00:10<00:00,  5.14it/s, Saved at =inf, TrLoss=0.2241]
 Training FV-otc-s2-t8:  98%|█████████▊| 49/50 [00:10<00:00,  5.14it/s, Saved at =inf, TrLoss=0.2239]
 Training FV-otc-s2-t8: 100%|██████████| 50/50 [00:10<00:00,  5.26it/s, Saved at =inf, TrLoss=0.2239]
 Training FV-otc-s2-t8: 100%|██████████| 50/50 [00:10<00:00,  4.64it/s, Saved at =inf, TrLoss=0.2239]

 Training FV-otc-s2-t9:   0%|          | 0/50 [00:00<?, ?it/s]
 Training FV-otc-s2-t9:   0%|          | 0/50 [00:00<?, ?it/s, Saved at =inf, TrLoss=0.7246]
 Training FV-otc-s2-t9:   2%|▏         | 1/50 [00:00<00:11,  4.39it/s, Saved at =inf, TrLoss=0.7246]
 Training FV-otc-s2-t9:   2%|▏         | 1/50 [00:00<00:11,  4.39it/s, Saved at =inf, TrLoss=0.8360]
 Training FV-otc-s2-t9:   4%|▍         | 2/50 [00:00<00:10,  4.50it/s, Saved at =inf, TrLoss=0.8360]
 Training FV-otc-s2-t9:   4%|▍         | 2/50 [00:00<00:10,  4.50it/s, Saved at =inf, TrLoss=0.6138]
 Training FV-otc-s2-t9:   6%|▌         | 3/50 [00:00<00:10,  4.60it/s, Saved at =inf, TrLoss=0.6138]
 Training FV-otc-s2-t9:   6%|▌         | 3/50 [00:00<00:10,  4.60it/s, Saved at =inf, TrLoss=0.6005]
 Training FV-otc-s2-t9:   8%|▊         | 4/50 [00:00<00:09,  4.63it/s, Saved at =inf, TrLoss=0.6005]
 Training FV-otc-s2-t9:   8%|▊         | 4/50 [00:01<00:09,  4.63it/s, Saved at =inf, TrLoss=0.5614]
 Training FV-otc-s2-t9:  10%|█         | 5/50 [00:01<00:09,  4.58it/s, Saved at =inf, TrLoss=0.5614]
 Training FV-otc-s2-t9:  10%|█         | 5/50 [00:01<00:09,  4.58it/s, Saved at =inf, TrLoss=0.5046]
 Training FV-otc-s2-t9:  12%|█▏        | 6/50 [00:01<00:09,  4.58it/s, Saved at =inf, TrLoss=0.5046]
 Training FV-otc-s2-t9:  12%|█▏        | 6/50 [00:01<00:09,  4.58it/s, Saved at =inf, TrLoss=0.4528]
 Training FV-otc-s2-t9:  14%|█▍        | 7/50 [00:01<00:09,  4.54it/s, Saved at =inf, TrLoss=0.4528]
 Training FV-otc-s2-t9:  14%|█▍        | 7/50 [00:01<00:09,  4.54it/s, Saved at =inf, TrLoss=0.3818]
 Training FV-otc-s2-t9:  16%|█▌        | 8/50 [00:01<00:09,  4.54it/s, Saved at =inf, TrLoss=0.3818]
 Training FV-otc-s2-t9:  16%|█▌        | 8/50 [00:01<00:09,  4.54it/s, Saved at =inf, TrLoss=0.3669]
 Training FV-otc-s2-t9:  18%|█▊        | 9/50 [00:01<00:09,  4.49it/s, Saved at =inf, TrLoss=0.3669]
 Training FV-otc-s2-t9:  18%|█▊        | 9/50 [00:02<00:09,  4.49it/s, Saved at =inf, TrLoss=0.3533]
 Training FV-otc-s2-t9:  20%|██        | 10/50 [00:02<00:09,  4.34it/s, Saved at =inf, TrLoss=0.3533]
 Training FV-otc-s2-t9:  20%|██        | 10/50 [00:02<00:09,  4.34it/s, Saved at =inf, TrLoss=0.3201]
 Training FV-otc-s2-t9:  22%|██▏       | 11/50 [00:02<00:09,  4.15it/s, Saved at =inf, TrLoss=0.3201]
 Training FV-otc-s2-t9:  22%|██▏       | 11/50 [00:02<00:09,  4.15it/s, Saved at =inf, TrLoss=0.3257]
 Training FV-otc-s2-t9:  24%|██▍       | 12/50 [00:02<00:09,  4.21it/s, Saved at =inf, TrLoss=0.3257]
 Training FV-otc-s2-t9:  24%|██▍       | 12/50 [00:02<00:09,  4.21it/s, Saved at =inf, TrLoss=0.3092]
 Training FV-otc-s2-t9:  26%|██▌       | 13/50 [00:02<00:08,  4.24it/s, Saved at =inf, TrLoss=0.3092]
 Training FV-otc-s2-t9:  26%|██▌       | 13/50 [00:03<00:08,  4.24it/s, Saved at =inf, TrLoss=0.3130]
 Training FV-otc-s2-t9:  28%|██▊       | 14/50 [00:03<00:08,  4.33it/s, Saved at =inf, TrLoss=0.3130]
 Training FV-otc-s2-t9:  28%|██▊       | 14/50 [00:03<00:08,  4.33it/s, Saved at =inf, TrLoss=0.3010]
 Training FV-otc-s2-t9:  30%|███       | 15/50 [00:03<00:08,  4.34it/s, Saved at =inf, TrLoss=0.3010]
 Training FV-otc-s2-t9:  30%|███       | 15/50 [00:03<00:08,  4.34it/s, Saved at =inf, TrLoss=0.3022]
 Training FV-otc-s2-t9:  32%|███▏      | 16/50 [00:03<00:07,  4.44it/s, Saved at =inf, TrLoss=0.3022]
 Training FV-otc-s2-t9:  32%|███▏      | 16/50 [00:03<00:07,  4.44it/s, Saved at =inf, TrLoss=0.2741]
 Training FV-otc-s2-t9:  34%|███▍      | 17/50 [00:03<00:07,  4.56it/s, Saved at =inf, TrLoss=0.2741]
 Training FV-otc-s2-t9:  34%|███▍      | 17/50 [00:03<00:07,  4.56it/s, Saved at =inf, TrLoss=0.2895]
 Training FV-otc-s2-t9:  36%|███▌      | 18/50 [00:04<00:07,  4.46it/s, Saved at =inf, TrLoss=0.2895]
 Training FV-otc-s2-t9:  36%|███▌      | 18/50 [00:04<00:07,  4.46it/s, Saved at =inf, TrLoss=0.2773]
 Training FV-otc-s2-t9:  38%|███▊      | 19/50 [00:04<00:07,  4.34it/s, Saved at =inf, TrLoss=0.2773]
 Training FV-otc-s2-t9:  38%|███▊      | 19/50 [00:04<00:07,  4.34it/s, Saved at =inf, TrLoss=0.2761]
 Training FV-otc-s2-t9:  40%|████      | 20/50 [00:04<00:06,  4.39it/s, Saved at =inf, TrLoss=0.2761]
 Training FV-otc-s2-t9:  40%|████      | 20/50 [00:04<00:06,  4.39it/s, Saved at =inf, TrLoss=0.2681]
 Training FV-otc-s2-t9:  42%|████▏     | 21/50 [00:04<00:06,  4.46it/s, Saved at =inf, TrLoss=0.2681]
 Training FV-otc-s2-t9:  42%|████▏     | 21/50 [00:04<00:06,  4.46it/s, Saved at =inf, TrLoss=0.2674]
 Training FV-otc-s2-t9:  44%|████▍     | 22/50 [00:04<00:06,  4.38it/s, Saved at =inf, TrLoss=0.2674]
 Training FV-otc-s2-t9:  44%|████▍     | 22/50 [00:05<00:06,  4.38it/s, Saved at =inf, TrLoss=0.2552]
 Training FV-otc-s2-t9:  46%|████▌     | 23/50 [00:05<00:06,  4.06it/s, Saved at =inf, TrLoss=0.2552]
 Training FV-otc-s2-t9:  46%|████▌     | 23/50 [00:05<00:06,  4.06it/s, Saved at =inf, TrLoss=0.2571]
 Training FV-otc-s2-t9:  48%|████▊     | 24/50 [00:05<00:07,  3.60it/s, Saved at =inf, TrLoss=0.2571]
 Training FV-otc-s2-t9:  48%|████▊     | 24/50 [00:05<00:07,  3.60it/s, Saved at =inf, TrLoss=0.2534]
 Training FV-otc-s2-t9:  50%|█████     | 25/50 [00:05<00:06,  3.66it/s, Saved at =inf, TrLoss=0.2534]
 Training FV-otc-s2-t9:  50%|█████     | 25/50 [00:06<00:06,  3.66it/s, Saved at =inf, TrLoss=0.2493]
 Training FV-otc-s2-t9:  52%|█████▏    | 26/50 [00:06<00:06,  3.90it/s, Saved at =inf, TrLoss=0.2493]
 Training FV-otc-s2-t9:  52%|█████▏    | 26/50 [00:06<00:06,  3.90it/s, Saved at =inf, TrLoss=0.2507]
 Training FV-otc-s2-t9:  54%|█████▍    | 27/50 [00:06<00:05,  4.01it/s, Saved at =inf, TrLoss=0.2507]
 Training FV-otc-s2-t9:  54%|█████▍    | 27/50 [00:06<00:05,  4.01it/s, Saved at =inf, TrLoss=0.2374]
 Training FV-otc-s2-t9:  56%|█████▌    | 28/50 [00:06<00:05,  4.10it/s, Saved at =inf, TrLoss=0.2374]
 Training FV-otc-s2-t9:  56%|█████▌    | 28/50 [00:06<00:05,  4.10it/s, Saved at =inf, TrLoss=0.2358]
 Training FV-otc-s2-t9:  58%|█████▊    | 29/50 [00:06<00:05,  3.56it/s, Saved at =inf, TrLoss=0.2358]
 Training FV-otc-s2-t9:  58%|█████▊    | 29/50 [00:07<00:05,  3.56it/s, Saved at =inf, TrLoss=0.2365]
 Training FV-otc-s2-t9:  60%|██████    | 30/50 [00:07<00:06,  3.25it/s, Saved at =inf, TrLoss=0.2365]
 Training FV-otc-s2-t9:  60%|██████    | 30/50 [00:07<00:06,  3.25it/s, Saved at =inf, TrLoss=0.2287]
 Training FV-otc-s2-t9:  62%|██████▏   | 31/50 [00:07<00:05,  3.41it/s, Saved at =inf, TrLoss=0.2287]
 Training FV-otc-s2-t9:  62%|██████▏   | 31/50 [00:07<00:05,  3.41it/s, Saved at =inf, TrLoss=0.2296]
 Training FV-otc-s2-t9:  64%|██████▍   | 32/50 [00:07<00:05,  3.38it/s, Saved at =inf, TrLoss=0.2296]
 Training FV-otc-s2-t9:  64%|██████▍   | 32/50 [00:08<00:05,  3.38it/s, Saved at =inf, TrLoss=0.2246]
 Training FV-otc-s2-t9:  66%|██████▌   | 33/50 [00:08<00:04,  3.63it/s, Saved at =inf, TrLoss=0.2246]
 Training FV-otc-s2-t9:  66%|██████▌   | 33/50 [00:08<00:04,  3.63it/s, Saved at =inf, TrLoss=0.2274]
 Training FV-otc-s2-t9:  68%|██████▊   | 34/50 [00:08<00:04,  3.64it/s, Saved at =inf, TrLoss=0.2274]
 Training FV-otc-s2-t9:  68%|██████▊   | 34/50 [00:08<00:04,  3.64it/s, Saved at =inf, TrLoss=0.2256]
 Training FV-otc-s2-t9:  70%|███████   | 35/50 [00:08<00:04,  3.65it/s, Saved at =inf, TrLoss=0.2256]
 Training FV-otc-s2-t9:  70%|███████   | 35/50 [00:08<00:04,  3.65it/s, Saved at =inf, TrLoss=0.2262]
 Training FV-otc-s2-t9:  72%|███████▏  | 36/50 [00:08<00:03,  3.68it/s, Saved at =inf, TrLoss=0.2262]
 Training FV-otc-s2-t9:  72%|███████▏  | 36/50 [00:09<00:03,  3.68it/s, Saved at =inf, TrLoss=0.2219]
 Training FV-otc-s2-t9:  74%|███████▍  | 37/50 [00:09<00:03,  3.69it/s, Saved at =inf, TrLoss=0.2219]
 Training FV-otc-s2-t9:  74%|███████▍  | 37/50 [00:09<00:03,  3.69it/s, Saved at =inf, TrLoss=0.2151]
 Training FV-otc-s2-t9:  76%|███████▌  | 38/50 [00:09<00:03,  3.67it/s, Saved at =inf, TrLoss=0.2151]
 Training FV-otc-s2-t9:  76%|███████▌  | 38/50 [00:09<00:03,  3.67it/s, Saved at =inf, TrLoss=0.2177]
 Training FV-otc-s2-t9:  78%|███████▊  | 39/50 [00:09<00:02,  3.83it/s, Saved at =inf, TrLoss=0.2177]
 Training FV-otc-s2-t9:  78%|███████▊  | 39/50 [00:09<00:02,  3.83it/s, Saved at =inf, TrLoss=0.2205]
 Training FV-otc-s2-t9:  80%|████████  | 40/50 [00:09<00:02,  3.80it/s, Saved at =inf, TrLoss=0.2205]
 Training FV-otc-s2-t9:  80%|████████  | 40/50 [00:10<00:02,  3.80it/s, Saved at =inf, TrLoss=0.2185]
 Training FV-otc-s2-t9:  82%|████████▏ | 41/50 [00:10<00:02,  3.74it/s, Saved at =inf, TrLoss=0.2185]
 Training FV-otc-s2-t9:  82%|████████▏ | 41/50 [00:10<00:02,  3.74it/s, Saved at =inf, TrLoss=0.2171]
 Training FV-otc-s2-t9:  84%|████████▍ | 42/50 [00:10<00:02,  3.65it/s, Saved at =inf, TrLoss=0.2171]
 Training FV-otc-s2-t9:  84%|████████▍ | 42/50 [00:10<00:02,  3.65it/s, Saved at =inf, TrLoss=0.2119]
 Training FV-otc-s2-t9:  86%|████████▌ | 43/50 [00:10<00:01,  3.67it/s, Saved at =inf, TrLoss=0.2119]
 Training FV-otc-s2-t9:  86%|████████▌ | 43/50 [00:10<00:01,  3.67it/s, Saved at =inf, TrLoss=0.2062]
 Training FV-otc-s2-t9:  88%|████████▊ | 44/50 [00:11<00:01,  3.64it/s, Saved at =inf, TrLoss=0.2062]
 Training FV-otc-s2-t9:  88%|████████▊ | 44/50 [00:11<00:01,  3.64it/s, Saved at =inf, TrLoss=0.2073]
 Training FV-otc-s2-t9:  90%|█████████ | 45/50 [00:11<00:01,  3.64it/s, Saved at =inf, TrLoss=0.2073]
 Training FV-otc-s2-t9:  90%|█████████ | 45/50 [00:11<00:01,  3.64it/s, Saved at =inf, TrLoss=0.2054]
 Training FV-otc-s2-t9:  92%|█████████▏| 46/50 [00:11<00:01,  3.66it/s, Saved at =inf, TrLoss=0.2054]
 Training FV-otc-s2-t9:  92%|█████████▏| 46/50 [00:11<00:01,  3.66it/s, Saved at =inf, TrLoss=0.2001]
 Training FV-otc-s2-t9:  94%|█████████▍| 47/50 [00:11<00:00,  3.71it/s, Saved at =inf, TrLoss=0.2001]
 Training FV-otc-s2-t9:  94%|█████████▍| 47/50 [00:12<00:00,  3.71it/s, Saved at =inf, TrLoss=0.2106]
 Training FV-otc-s2-t9:  96%|█████████▌| 48/50 [00:12<00:00,  3.86it/s, Saved at =inf, TrLoss=0.2106]
 Training FV-otc-s2-t9:  96%|█████████▌| 48/50 [00:12<00:00,  3.86it/s, Saved at =inf, TrLoss=0.2021]
 Training FV-otc-s2-t9:  98%|█████████▊| 49/50 [00:12<00:00,  4.04it/s, Saved at =inf, TrLoss=0.2021]
 Training FV-otc-s2-t9:  98%|█████████▊| 49/50 [00:12<00:00,  4.04it/s, Saved at =inf, TrLoss=0.2063]
 Training FV-otc-s2-t9: 100%|██████████| 50/50 [00:12<00:00,  4.22it/s, Saved at =inf, TrLoss=0.2063]
 Training FV-otc-s2-t9: 100%|██████████| 50/50 [00:12<00:00,  3.99it/s, Saved at =inf, TrLoss=0.2063]

 Training ATK-otc-s2-t7:   0%|          | 0/50 [00:00<?, ?it/s]
 Training ATK-otc-s2-t7:   0%|          | 0/50 [00:00<?, ?it/s, Saved at =inf, TrLoss=0.7135]
 Training ATK-otc-s2-t7:   2%|▏         | 1/50 [00:00<00:08,  5.95it/s, Saved at =inf, TrLoss=0.7135]
 Training ATK-otc-s2-t7:   2%|▏         | 1/50 [00:00<00:08,  5.95it/s, Saved at =inf, TrLoss=0.6617]
 Training ATK-otc-s2-t7:   4%|▍         | 2/50 [00:00<00:08,  5.77it/s, Saved at =inf, TrLoss=0.6617]
 Training ATK-otc-s2-t7:   4%|▍         | 2/50 [00:00<00:08,  5.77it/s, Saved at =inf, TrLoss=0.5850]
 Training ATK-otc-s2-t7:   6%|▌         | 3/50 [00:00<00:07,  6.04it/s, Saved at =inf, TrLoss=0.5850]
 Training ATK-otc-s2-t7:   6%|▌         | 3/50 [00:00<00:07,  6.04it/s, Saved at =inf, TrLoss=0.5364]
 Training ATK-otc-s2-t7:   8%|▊         | 4/50 [00:00<00:07,  5.86it/s, Saved at =inf, TrLoss=0.5364]
 Training ATK-otc-s2-t7:   8%|▊         | 4/50 [00:00<00:07,  5.86it/s, Saved at =inf, TrLoss=0.4781]
 Training ATK-otc-s2-t7:  10%|█         | 5/50 [00:00<00:07,  6.00it/s, Saved at =inf, TrLoss=0.4781]
 Training ATK-otc-s2-t7:  10%|█         | 5/50 [00:00<00:07,  6.00it/s, Saved at =inf, TrLoss=0.4546]
 Training ATK-otc-s2-t7:  12%|█▏        | 6/50 [00:00<00:07,  6.13it/s, Saved at =inf, TrLoss=0.4546]
 Training ATK-otc-s2-t7:  12%|█▏        | 6/50 [00:01<00:07,  6.13it/s, Saved at =inf, TrLoss=0.4269]
 Training ATK-otc-s2-t7:  14%|█▍        | 7/50 [00:01<00:06,  6.14it/s, Saved at =inf, TrLoss=0.4269]
 Training ATK-otc-s2-t7:  14%|█▍        | 7/50 [00:01<00:06,  6.14it/s, Saved at =inf, TrLoss=0.4123]
 Training ATK-otc-s2-t7:  16%|█▌        | 8/50 [00:01<00:06,  6.03it/s, Saved at =inf, TrLoss=0.4123]
 Training ATK-otc-s2-t7:  16%|█▌        | 8/50 [00:01<00:06,  6.03it/s, Saved at =inf, TrLoss=0.3720]
 Training ATK-otc-s2-t7:  18%|█▊        | 9/50 [00:01<00:06,  6.00it/s, Saved at =inf, TrLoss=0.3720]
 Training ATK-otc-s2-t7:  18%|█▊        | 9/50 [00:01<00:06,  6.00it/s, Saved at =inf, TrLoss=0.3395]
 Training ATK-otc-s2-t7:  20%|██        | 10/50 [00:01<00:06,  6.03it/s, Saved at =inf, TrLoss=0.3395]
 Training ATK-otc-s2-t7:  20%|██        | 10/50 [00:01<00:06,  6.03it/s, Saved at =inf, TrLoss=0.3412]
 Training ATK-otc-s2-t7:  22%|██▏       | 11/50 [00:01<00:06,  6.17it/s, Saved at =inf, TrLoss=0.3412]
 Training ATK-otc-s2-t7:  22%|██▏       | 11/50 [00:01<00:06,  6.17it/s, Saved at =inf, TrLoss=0.3296]
 Training ATK-otc-s2-t7:  24%|██▍       | 12/50 [00:02<00:06,  5.86it/s, Saved at =inf, TrLoss=0.3296]
 Training ATK-otc-s2-t7:  24%|██▍       | 12/50 [00:02<00:06,  5.86it/s, Saved at =inf, TrLoss=0.3081]
 Training ATK-otc-s2-t7:  26%|██▌       | 13/50 [00:02<00:06,  5.37it/s, Saved at =inf, TrLoss=0.3081]
 Training ATK-otc-s2-t7:  26%|██▌       | 13/50 [00:02<00:06,  5.37it/s, Saved at =inf, TrLoss=0.2867]
 Training ATK-otc-s2-t7:  28%|██▊       | 14/50 [00:02<00:07,  5.07it/s, Saved at =inf, TrLoss=0.2867]
 Training ATK-otc-s2-t7:  28%|██▊       | 14/50 [00:02<00:07,  5.07it/s, Saved at =inf, TrLoss=0.2853]
 Training ATK-otc-s2-t7:  30%|███       | 15/50 [00:02<00:07,  4.60it/s, Saved at =inf, TrLoss=0.2853]
 Training ATK-otc-s2-t7:  30%|███       | 15/50 [00:02<00:07,  4.60it/s, Saved at =inf, TrLoss=0.2824]
 Training ATK-otc-s2-t7:  32%|███▏      | 16/50 [00:02<00:08,  4.24it/s, Saved at =inf, TrLoss=0.2824]
 Training ATK-otc-s2-t7:  32%|███▏      | 16/50 [00:03<00:08,  4.24it/s, Saved at =inf, TrLoss=0.2788]
 Training ATK-otc-s2-t7:  34%|███▍      | 17/50 [00:03<00:07,  4.20it/s, Saved at =inf, TrLoss=0.2788]
 Training ATK-otc-s2-t7:  34%|███▍      | 17/50 [00:03<00:07,  4.20it/s, Saved at =inf, TrLoss=0.2732]
 Training ATK-otc-s2-t7:  36%|███▌      | 18/50 [00:03<00:08,  3.88it/s, Saved at =inf, TrLoss=0.2732]
 Training ATK-otc-s2-t7:  36%|███▌      | 18/50 [00:03<00:08,  3.88it/s, Saved at =inf, TrLoss=0.2658]
 Training ATK-otc-s2-t7:  38%|███▊      | 19/50 [00:03<00:07,  4.11it/s, Saved at =inf, TrLoss=0.2658]
 Training ATK-otc-s2-t7:  38%|███▊      | 19/50 [00:03<00:07,  4.11it/s, Saved at =inf, TrLoss=0.2523]
 Training ATK-otc-s2-t7:  40%|████      | 20/50 [00:03<00:07,  4.26it/s, Saved at =inf, TrLoss=0.2523]
 Training ATK-otc-s2-t7:  40%|████      | 20/50 [00:04<00:07,  4.26it/s, Saved at =inf, TrLoss=0.2502]
 Training ATK-otc-s2-t7:  42%|████▏     | 21/50 [00:04<00:06,  4.68it/s, Saved at =inf, TrLoss=0.2502]
 Training ATK-otc-s2-t7:  42%|████▏     | 21/50 [00:04<00:06,  4.68it/s, Saved at =inf, TrLoss=0.2493]
 Training ATK-otc-s2-t7:  44%|████▍     | 22/50 [00:04<00:06,  4.63it/s, Saved at =inf, TrLoss=0.2493]
 Training ATK-otc-s2-t7:  44%|████▍     | 22/50 [00:04<00:06,  4.63it/s, Saved at =inf, TrLoss=0.2443]
 Training ATK-otc-s2-t7:  46%|████▌     | 23/50 [00:04<00:06,  4.48it/s, Saved at =inf, TrLoss=0.2443]
 Training ATK-otc-s2-t7:  46%|████▌     | 23/50 [00:04<00:06,  4.48it/s, Saved at =inf, TrLoss=0.2379]
 Training ATK-otc-s2-t7:  48%|████▊     | 24/50 [00:04<00:05,  4.47it/s, Saved at =inf, TrLoss=0.2379]
 Training ATK-otc-s2-t7:  48%|████▊     | 24/50 [00:04<00:05,  4.47it/s, Saved at =inf, TrLoss=0.2373]
 Training ATK-otc-s2-t7:  50%|█████     | 25/50 [00:05<00:05,  4.53it/s, Saved at =inf, TrLoss=0.2373]
 Training ATK-otc-s2-t7:  50%|█████     | 25/50 [00:05<00:05,  4.53it/s, Saved at =inf, TrLoss=0.2336]
 Training ATK-otc-s2-t7:  52%|█████▏    | 26/50 [00:05<00:05,  4.63it/s, Saved at =inf, TrLoss=0.2336]
 Training ATK-otc-s2-t7:  52%|█████▏    | 26/50 [00:05<00:05,  4.63it/s, Saved at =inf, TrLoss=0.2331]
 Training ATK-otc-s2-t7:  54%|█████▍    | 27/50 [00:05<00:04,  4.69it/s, Saved at =inf, TrLoss=0.2331]
 Training ATK-otc-s2-t7:  54%|█████▍    | 27/50 [00:05<00:04,  4.69it/s, Saved at =inf, TrLoss=0.2278]
 Training ATK-otc-s2-t7:  56%|█████▌    | 28/50 [00:05<00:04,  4.78it/s, Saved at =inf, TrLoss=0.2278]
 Training ATK-otc-s2-t7:  56%|█████▌    | 28/50 [00:05<00:04,  4.78it/s, Saved at =inf, TrLoss=0.2299]
 Training ATK-otc-s2-t7:  58%|█████▊    | 29/50 [00:05<00:04,  4.78it/s, Saved at =inf, TrLoss=0.2299]
 Training ATK-otc-s2-t7:  58%|█████▊    | 29/50 [00:05<00:04,  4.78it/s, Saved at =inf, TrLoss=0.2458]
 Training ATK-otc-s2-t7:  60%|██████    | 30/50 [00:06<00:04,  4.88it/s, Saved at =inf, TrLoss=0.2458]
 Training ATK-otc-s2-t7:  60%|██████    | 30/50 [00:06<00:04,  4.88it/s, Saved at =inf, TrLoss=0.2359]
 Training ATK-otc-s2-t7:  62%|██████▏   | 31/50 [00:06<00:03,  4.92it/s, Saved at =inf, TrLoss=0.2359]
 Training ATK-otc-s2-t7:  62%|██████▏   | 31/50 [00:06<00:03,  4.92it/s, Saved at =inf, TrLoss=0.2170]
 Training ATK-otc-s2-t7:  64%|██████▍   | 32/50 [00:06<00:03,  4.93it/s, Saved at =inf, TrLoss=0.2170]
 Training ATK-otc-s2-t7:  64%|██████▍   | 32/50 [00:06<00:03,  4.93it/s, Saved at =inf, TrLoss=0.2234]
 Training ATK-otc-s2-t7:  66%|██████▌   | 33/50 [00:06<00:03,  4.94it/s, Saved at =inf, TrLoss=0.2234]
 Training ATK-otc-s2-t7:  66%|██████▌   | 33/50 [00:06<00:03,  4.94it/s, Saved at =inf, TrLoss=0.2250]
 Training ATK-otc-s2-t7:  68%|██████▊   | 34/50 [00:06<00:03,  5.00it/s, Saved at =inf, TrLoss=0.2250]
 Training ATK-otc-s2-t7:  68%|██████▊   | 34/50 [00:06<00:03,  5.00it/s, Saved at =inf, TrLoss=0.2169]
 Training ATK-otc-s2-t7:  70%|███████   | 35/50 [00:07<00:03,  4.95it/s, Saved at =inf, TrLoss=0.2169]
 Training ATK-otc-s2-t7:  70%|███████   | 35/50 [00:07<00:03,  4.95it/s, Saved at =inf, TrLoss=0.2218]
 Training ATK-otc-s2-t7:  72%|███████▏  | 36/50 [00:07<00:02,  4.99it/s, Saved at =inf, TrLoss=0.2218]
 Training ATK-otc-s2-t7:  72%|███████▏  | 36/50 [00:07<00:02,  4.99it/s, Saved at =inf, TrLoss=0.2094]
 Training ATK-otc-s2-t7:  74%|███████▍  | 37/50 [00:07<00:02,  4.90it/s, Saved at =inf, TrLoss=0.2094]
 Training ATK-otc-s2-t7:  74%|███████▍  | 37/50 [00:07<00:02,  4.90it/s, Saved at =inf, TrLoss=0.2153]
 Training ATK-otc-s2-t7:  76%|███████▌  | 38/50 [00:07<00:02,  4.94it/s, Saved at =inf, TrLoss=0.2153]
 Training ATK-otc-s2-t7:  76%|███████▌  | 38/50 [00:07<00:02,  4.94it/s, Saved at =inf, TrLoss=0.2117]
 Training ATK-otc-s2-t7:  78%|███████▊  | 39/50 [00:07<00:02,  4.99it/s, Saved at =inf, TrLoss=0.2117]
 Training ATK-otc-s2-t7:  78%|███████▊  | 39/50 [00:07<00:02,  4.99it/s, Saved at =inf, TrLoss=0.2098]
 Training ATK-otc-s2-t7:  80%|████████  | 40/50 [00:08<00:01,  5.00it/s, Saved at =inf, TrLoss=0.2098]
 Training ATK-otc-s2-t7:  80%|████████  | 40/50 [00:08<00:01,  5.00it/s, Saved at =inf, TrLoss=0.2074]
 Training ATK-otc-s2-t7:  82%|████████▏ | 41/50 [00:08<00:01,  5.02it/s, Saved at =inf, TrLoss=0.2074]
 Training ATK-otc-s2-t7:  82%|████████▏ | 41/50 [00:08<00:01,  5.02it/s, Saved at =inf, TrLoss=0.2060]
 Training ATK-otc-s2-t7:  84%|████████▍ | 42/50 [00:08<00:01,  5.04it/s, Saved at =inf, TrLoss=0.2060]
 Training ATK-otc-s2-t7:  84%|████████▍ | 42/50 [00:08<00:01,  5.04it/s, Saved at =inf, TrLoss=0.2093]
 Training ATK-otc-s2-t7:  86%|████████▌ | 43/50 [00:08<00:01,  5.23it/s, Saved at =inf, TrLoss=0.2093]
 Training ATK-otc-s2-t7:  86%|████████▌ | 43/50 [00:08<00:01,  5.23it/s, Saved at =inf, TrLoss=0.2032]
 Training ATK-otc-s2-t7:  88%|████████▊ | 44/50 [00:08<00:01,  5.51it/s, Saved at =inf, TrLoss=0.2032]
 Training ATK-otc-s2-t7:  88%|████████▊ | 44/50 [00:08<00:01,  5.51it/s, Saved at =inf, TrLoss=0.1971]
 Training ATK-otc-s2-t7:  90%|█████████ | 45/50 [00:08<00:00,  5.75it/s, Saved at =inf, TrLoss=0.1971]
 Training ATK-otc-s2-t7:  90%|█████████ | 45/50 [00:09<00:00,  5.75it/s, Saved at =inf, TrLoss=0.2026]
 Training ATK-otc-s2-t7:  92%|█████████▏| 46/50 [00:09<00:00,  5.95it/s, Saved at =inf, TrLoss=0.2026]
 Training ATK-otc-s2-t7:  92%|█████████▏| 46/50 [00:09<00:00,  5.95it/s, Saved at =inf, TrLoss=0.1931]
 Training ATK-otc-s2-t7:  94%|█████████▍| 47/50 [00:09<00:00,  6.03it/s, Saved at =inf, TrLoss=0.1931]
 Training ATK-otc-s2-t7:  94%|█████████▍| 47/50 [00:09<00:00,  6.03it/s, Saved at =inf, TrLoss=0.2024]
 Training ATK-otc-s2-t7:  96%|█████████▌| 48/50 [00:09<00:00,  6.10it/s, Saved at =inf, TrLoss=0.2024]
 Training ATK-otc-s2-t7:  96%|█████████▌| 48/50 [00:09<00:00,  6.10it/s, Saved at =inf, TrLoss=0.1983]
 Training ATK-otc-s2-t7:  98%|█████████▊| 49/50 [00:09<00:00,  6.06it/s, Saved at =inf, TrLoss=0.1983]
 Training ATK-otc-s2-t7:  98%|█████████▊| 49/50 [00:09<00:00,  6.06it/s, Saved at =inf, TrLoss=0.1961]
 Training ATK-otc-s2-t7: 100%|██████████| 50/50 [00:09<00:00,  5.97it/s, Saved at =inf, TrLoss=0.1961]
 Training ATK-otc-s2-t7: 100%|██████████| 50/50 [00:09<00:00,  5.13it/s, Saved at =inf, TrLoss=0.1961]
[15:28:35]   MCC=0.394±0.092, AUC=0.774±0.057, BAcc=0.668±0.054
[15:31:03]   [otc s2] 500/3269 candidates scanned, 488 eligible
[15:33:12]   [otc s2] 1000/3269 candidates scanned, 959 eligible
[15:35:18]   [otc s2] 1500/3269 candidates scanned, 1418 eligible
[15:36:57]   [otc s2] 2000/3269 candidates scanned, 1777 eligible
[15:38:59]   [otc s2] 2500/3269 candidates scanned, 2207 eligible
[15:40:46]   [otc s2] 3000/3269 candidates scanned, 2580 eligible
[15:41:40]   otc seed 2: n=2750 AUC=0.774 | flip% random total/prop 7.4/5.7 | optimized 24.1/13.4 | 14.2 min
[15:41:40] Training GDTE on otc (seed=3)...

 Training FV-otc-s3-t2:   0%|          | 0/50 [00:00<?, ?it/s]
 Training FV-otc-s3-t2:   0%|          | 0/50 [00:00<?, ?it/s, Saved at =inf, TrLoss=0.6876]
 Training FV-otc-s3-t2:   0%|          | 0/50 [00:00<?, ?it/s, Saved at =inf, TrLoss=0.9303]
 Training FV-otc-s3-t2:   4%|▍         | 2/50 [00:00<00:02, 16.47it/s, Saved at =inf, TrLoss=0.9303]
 Training FV-otc-s3-t2:   4%|▍         | 2/50 [00:00<00:02, 16.47it/s, Saved at =inf, TrLoss=0.4881]
 Training FV-otc-s3-t2:   4%|▍         | 2/50 [00:00<00:02, 16.47it/s, Saved at =inf, TrLoss=0.5678]
 Training FV-otc-s3-t2:   8%|▊         | 4/50 [00:00<00:02, 16.75it/s, Saved at =inf, TrLoss=0.5678]
 Training FV-otc-s3-t2:   8%|▊         | 4/50 [00:00<00:02, 16.75it/s, Saved at =inf, TrLoss=0.3788]
 Training FV-otc-s3-t2:   8%|▊         | 4/50 [00:00<00:02, 16.75it/s, Saved at =inf, TrLoss=0.3053]
 Training FV-otc-s3-t2:  12%|█▏        | 6/50 [00:00<00:02, 16.88it/s, Saved at =inf, TrLoss=0.3053]
 Training FV-otc-s3-t2:  12%|█▏        | 6/50 [00:00<00:02, 16.88it/s, Saved at =inf, TrLoss=0.3012]
 Training FV-otc-s3-t2:  12%|█▏        | 6/50 [00:00<00:02, 16.88it/s, Saved at =inf, TrLoss=0.2883]
 Training FV-otc-s3-t2:  16%|█▌        | 8/50 [00:00<00:02, 15.80it/s, Saved at =inf, TrLoss=0.2883]
 Training FV-otc-s3-t2:  16%|█▌        | 8/50 [00:00<00:02, 15.80it/s, Saved at =inf, TrLoss=0.2696]
 Training FV-otc-s3-t2:  16%|█▌        | 8/50 [00:00<00:02, 15.80it/s, Saved at =inf, TrLoss=0.2275]
 Training FV-otc-s3-t2:  20%|██        | 10/50 [00:00<00:02, 15.57it/s, Saved at =inf, TrLoss=0.2275]
 Training FV-otc-s3-t2:  20%|██        | 10/50 [00:00<00:02, 15.57it/s, Saved at =inf, TrLoss=0.2459]
 Training FV-otc-s3-t2:  20%|██        | 10/50 [00:00<00:02, 15.57it/s, Saved at =inf, TrLoss=0.2026]
 Training FV-otc-s3-t2:  24%|██▍       | 12/50 [00:00<00:02, 16.47it/s, Saved at =inf, TrLoss=0.2026]
 Training FV-otc-s3-t2:  24%|██▍       | 12/50 [00:00<00:02, 16.47it/s, Saved at =inf, TrLoss=0.1519]
 Training FV-otc-s3-t2:  24%|██▍       | 12/50 [00:00<00:02, 16.47it/s, Saved at =inf, TrLoss=0.1760]
 Training FV-otc-s3-t2:  28%|██▊       | 14/50 [00:00<00:02, 16.24it/s, Saved at =inf, TrLoss=0.1760]
 Training FV-otc-s3-t2:  28%|██▊       | 14/50 [00:00<00:02, 16.24it/s, Saved at =inf, TrLoss=0.1478]
 Training FV-otc-s3-t2:  28%|██▊       | 14/50 [00:00<00:02, 16.24it/s, Saved at =inf, TrLoss=0.1349]
 Training FV-otc-s3-t2:  32%|███▏      | 16/50 [00:00<00:02, 16.00it/s, Saved at =inf, TrLoss=0.1349]
 Training FV-otc-s3-t2:  32%|███▏      | 16/50 [00:01<00:02, 16.00it/s, Saved at =inf, TrLoss=0.1378]
 Training FV-otc-s3-t2:  32%|███▏      | 16/50 [00:01<00:02, 16.00it/s, Saved at =inf, TrLoss=0.1340]
 Training FV-otc-s3-t2:  36%|███▌      | 18/50 [00:01<00:01, 16.40it/s, Saved at =inf, TrLoss=0.1340]
 Training FV-otc-s3-t2:  36%|███▌      | 18/50 [00:01<00:01, 16.40it/s, Saved at =inf, TrLoss=0.1312]
 Training FV-otc-s3-t2:  36%|███▌      | 18/50 [00:01<00:01, 16.40it/s, Saved at =inf, TrLoss=0.1242]
 Training FV-otc-s3-t2:  40%|████      | 20/50 [00:01<00:02, 11.86it/s, Saved at =inf, TrLoss=0.1242]
 Training FV-otc-s3-t2:  40%|████      | 20/50 [00:01<00:02, 11.86it/s, Saved at =inf, TrLoss=0.1281]
 Training FV-otc-s3-t2:  40%|████      | 20/50 [00:01<00:02, 11.86it/s, Saved at =inf, TrLoss=0.1136]
 Training FV-otc-s3-t2:  44%|████▍     | 22/50 [00:01<00:02, 13.38it/s, Saved at =inf, TrLoss=0.1136]
 Training FV-otc-s3-t2:  44%|████▍     | 22/50 [00:01<00:02, 13.38it/s, Saved at =inf, TrLoss=0.1280]
 Training FV-otc-s3-t2:  44%|████▍     | 22/50 [00:01<00:02, 13.38it/s, Saved at =inf, TrLoss=0.1403]
 Training FV-otc-s3-t2:  48%|████▊     | 24/50 [00:01<00:01, 13.74it/s, Saved at =inf, TrLoss=0.1403]
 Training FV-otc-s3-t2:  48%|████▊     | 24/50 [00:01<00:01, 13.74it/s, Saved at =inf, TrLoss=0.1154]
 Training FV-otc-s3-t2:  48%|████▊     | 24/50 [00:01<00:01, 13.74it/s, Saved at =inf, TrLoss=0.1145]
 Training FV-otc-s3-t2:  52%|█████▏    | 26/50 [00:01<00:01, 14.91it/s, Saved at =inf, TrLoss=0.1145]
 Training FV-otc-s3-t2:  52%|█████▏    | 26/50 [00:01<00:01, 14.91it/s, Saved at =inf, TrLoss=0.1307]
 Training FV-otc-s3-t2:  52%|█████▏    | 26/50 [00:01<00:01, 14.91it/s, Saved at =inf, TrLoss=0.0990]
 Training FV-otc-s3-t2:  56%|█████▌    | 28/50 [00:01<00:01, 15.60it/s, Saved at =inf, TrLoss=0.0990]
 Training FV-otc-s3-t2:  56%|█████▌    | 28/50 [00:01<00:01, 15.60it/s, Saved at =inf, TrLoss=0.1231]
 Training FV-otc-s3-t2:  56%|█████▌    | 28/50 [00:01<00:01, 15.60it/s, Saved at =inf, TrLoss=0.1041]
 Training FV-otc-s3-t2:  60%|██████    | 30/50 [00:01<00:01, 15.98it/s, Saved at =inf, TrLoss=0.1041]
 Training FV-otc-s3-t2:  60%|██████    | 30/50 [00:01<00:01, 15.98it/s, Saved at =inf, TrLoss=0.0928]
 Training FV-otc-s3-t2:  60%|██████    | 30/50 [00:02<00:01, 15.98it/s, Saved at =inf, TrLoss=0.1069]
 Training FV-otc-s3-t2:  64%|██████▍   | 32/50 [00:02<00:01, 16.30it/s, Saved at =inf, TrLoss=0.1069]
 Training FV-otc-s3-t2:  64%|██████▍   | 32/50 [00:02<00:01, 16.30it/s, Saved at =inf, TrLoss=0.1003]
 Training FV-otc-s3-t2:  64%|██████▍   | 32/50 [00:02<00:01, 16.30it/s, Saved at =inf, TrLoss=0.1295]
 Training FV-otc-s3-t2:  68%|██████▊   | 34/50 [00:02<00:00, 16.42it/s, Saved at =inf, TrLoss=0.1295]
 Training FV-otc-s3-t2:  68%|██████▊   | 34/50 [00:02<00:00, 16.42it/s, Saved at =inf, TrLoss=0.1176]
 Training FV-otc-s3-t2:  68%|██████▊   | 34/50 [00:02<00:00, 16.42it/s, Saved at =inf, TrLoss=0.0958]
 Training FV-otc-s3-t2:  72%|███████▏  | 36/50 [00:02<00:00, 16.85it/s, Saved at =inf, TrLoss=0.0958]
 Training FV-otc-s3-t2:  72%|███████▏  | 36/50 [00:02<00:00, 16.85it/s, Saved at =inf, TrLoss=0.0784]
 Training FV-otc-s3-t2:  72%|███████▏  | 36/50 [00:02<00:00, 16.85it/s, Saved at =inf, TrLoss=0.0816]
 Training FV-otc-s3-t2:  76%|███████▌  | 38/50 [00:02<00:00, 16.81it/s, Saved at =inf, TrLoss=0.0816]
 Training FV-otc-s3-t2:  76%|███████▌  | 38/50 [00:02<00:00, 16.81it/s, Saved at =inf, TrLoss=0.1277]
 Training FV-otc-s3-t2:  76%|███████▌  | 38/50 [00:02<00:00, 16.81it/s, Saved at =inf, TrLoss=0.0974]
 Training FV-otc-s3-t2:  80%|████████  | 40/50 [00:02<00:00, 15.70it/s, Saved at =inf, TrLoss=0.0974]
 Training FV-otc-s3-t2:  80%|████████  | 40/50 [00:02<00:00, 15.70it/s, Saved at =inf, TrLoss=0.0748]
 Training FV-otc-s3-t2:  80%|████████  | 40/50 [00:02<00:00, 15.70it/s, Saved at =inf, TrLoss=0.1562]
 Training FV-otc-s3-t2:  84%|████████▍ | 42/50 [00:02<00:00, 16.36it/s, Saved at =inf, TrLoss=0.1562]
 Training FV-otc-s3-t2:  84%|████████▍ | 42/50 [00:02<00:00, 16.36it/s, Saved at =inf, TrLoss=0.1320]
 Training FV-otc-s3-t2:  84%|████████▍ | 42/50 [00:02<00:00, 16.36it/s, Saved at =inf, TrLoss=0.1058]
 Training FV-otc-s3-t2:  88%|████████▊ | 44/50 [00:02<00:00, 17.09it/s, Saved at =inf, TrLoss=0.1058]
 Training FV-otc-s3-t2:  88%|████████▊ | 44/50 [00:02<00:00, 17.09it/s, Saved at =inf, TrLoss=0.0918]
 Training FV-otc-s3-t2:  88%|████████▊ | 44/50 [00:02<00:00, 17.09it/s, Saved at =inf, TrLoss=0.0906]
 Training FV-otc-s3-t2:  92%|█████████▏| 46/50 [00:02<00:00, 17.44it/s, Saved at =inf, TrLoss=0.0906]
 Training FV-otc-s3-t2:  92%|█████████▏| 46/50 [00:02<00:00, 17.44it/s, Saved at =inf, TrLoss=0.1108]
 Training FV-otc-s3-t2:  92%|█████████▏| 46/50 [00:02<00:00, 17.44it/s, Saved at =inf, TrLoss=0.0839]
 Training FV-otc-s3-t2:  96%|█████████▌| 48/50 [00:03<00:00, 17.53it/s, Saved at =inf, TrLoss=0.0839]
 Training FV-otc-s3-t2:  96%|█████████▌| 48/50 [00:03<00:00, 17.53it/s, Saved at =inf, TrLoss=0.0883]
 Training FV-otc-s3-t2:  96%|█████████▌| 48/50 [00:03<00:00, 17.53it/s, Saved at =inf, TrLoss=0.1339]
 Training FV-otc-s3-t2: 100%|██████████| 50/50 [00:03<00:00, 17.66it/s, Saved at =inf, TrLoss=0.1339]
 Training FV-otc-s3-t2: 100%|██████████| 50/50 [00:03<00:00, 16.00it/s, Saved at =inf, TrLoss=0.1339]

 Training FV-otc-s3-t3:   0%|          | 0/50 [00:00<?, ?it/s]
 Training FV-otc-s3-t3:   0%|          | 0/50 [00:00<?, ?it/s, Saved at =inf, TrLoss=0.7736]
 Training FV-otc-s3-t3:   0%|          | 0/50 [00:00<?, ?it/s, Saved at =inf, TrLoss=0.6635]
 Training FV-otc-s3-t3:   4%|▍         | 2/50 [00:00<00:03, 13.24it/s, Saved at =inf, TrLoss=0.6635]
 Training FV-otc-s3-t3:   4%|▍         | 2/50 [00:00<00:03, 13.24it/s, Saved at =inf, TrLoss=0.8114]
 Training FV-otc-s3-t3:   4%|▍         | 2/50 [00:00<00:03, 13.24it/s, Saved at =inf, TrLoss=0.5592]
 Training FV-otc-s3-t3:   8%|▊         | 4/50 [00:00<00:03, 13.12it/s, Saved at =inf, TrLoss=0.5592]
 Training FV-otc-s3-t3:   8%|▊         | 4/50 [00:00<00:03, 13.12it/s, Saved at =inf, TrLoss=0.6114]
 Training FV-otc-s3-t3:   8%|▊         | 4/50 [00:00<00:03, 13.12it/s, Saved at =inf, TrLoss=0.4728]
 Training FV-otc-s3-t3:  12%|█▏        | 6/50 [00:00<00:03, 12.05it/s, Saved at =inf, TrLoss=0.4728]
 Training FV-otc-s3-t3:  12%|█▏        | 6/50 [00:00<00:03, 12.05it/s, Saved at =inf, TrLoss=0.3814]
 Training FV-otc-s3-t3:  12%|█▏        | 6/50 [00:00<00:03, 12.05it/s, Saved at =inf, TrLoss=0.3401]
 Training FV-otc-s3-t3:  16%|█▌        | 8/50 [00:00<00:03, 12.43it/s, Saved at =inf, TrLoss=0.3401]
 Training FV-otc-s3-t3:  16%|█▌        | 8/50 [00:00<00:03, 12.43it/s, Saved at =inf, TrLoss=0.2821]
 Training FV-otc-s3-t3:  16%|█▌        | 8/50 [00:00<00:03, 12.43it/s, Saved at =inf, TrLoss=0.2497]
 Training FV-otc-s3-t3:  20%|██        | 10/50 [00:00<00:03, 12.26it/s, Saved at =inf, TrLoss=0.2497]
 Training FV-otc-s3-t3:  20%|██        | 10/50 [00:00<00:03, 12.26it/s, Saved at =inf, TrLoss=0.2920]
 Training FV-otc-s3-t3:  20%|██        | 10/50 [00:00<00:03, 12.26it/s, Saved at =inf, TrLoss=0.2347]
 Training FV-otc-s3-t3:  24%|██▍       | 12/50 [00:00<00:03, 12.13it/s, Saved at =inf, TrLoss=0.2347]
 Training FV-otc-s3-t3:  24%|██▍       | 12/50 [00:01<00:03, 12.13it/s, Saved at =inf, TrLoss=0.1996]
 Training FV-otc-s3-t3:  24%|██▍       | 12/50 [00:01<00:03, 12.13it/s, Saved at =inf, TrLoss=0.2155]
 Training FV-otc-s3-t3:  28%|██▊       | 14/50 [00:01<00:02, 12.53it/s, Saved at =inf, TrLoss=0.2155]
 Training FV-otc-s3-t3:  28%|██▊       | 14/50 [00:01<00:02, 12.53it/s, Saved at =inf, TrLoss=0.1827]
 Training FV-otc-s3-t3:  28%|██▊       | 14/50 [00:01<00:02, 12.53it/s, Saved at =inf, TrLoss=0.1959]
 Training FV-otc-s3-t3:  32%|███▏      | 16/50 [00:01<00:02, 12.84it/s, Saved at =inf, TrLoss=0.1959]
 Training FV-otc-s3-t3:  32%|███▏      | 16/50 [00:01<00:02, 12.84it/s, Saved at =inf, TrLoss=0.1813]
 Training FV-otc-s3-t3:  32%|███▏      | 16/50 [00:01<00:02, 12.84it/s, Saved at =inf, TrLoss=0.1946]
 Training FV-otc-s3-t3:  36%|███▌      | 18/50 [00:01<00:02, 12.64it/s, Saved at =inf, TrLoss=0.1946]
 Training FV-otc-s3-t3:  36%|███▌      | 18/50 [00:01<00:02, 12.64it/s, Saved at =inf, TrLoss=0.1973]
 Training FV-otc-s3-t3:  36%|███▌      | 18/50 [00:01<00:02, 12.64it/s, Saved at =inf, TrLoss=0.1582]
 Training FV-otc-s3-t3:  40%|████      | 20/50 [00:01<00:02, 12.66it/s, Saved at =inf, TrLoss=0.1582]
 Training FV-otc-s3-t3:  40%|████      | 20/50 [00:01<00:02, 12.66it/s, Saved at =inf, TrLoss=0.1685]
 Training FV-otc-s3-t3:  40%|████      | 20/50 [00:01<00:02, 12.66it/s, Saved at =inf, TrLoss=0.1601]
 Training FV-otc-s3-t3:  44%|████▍     | 22/50 [00:01<00:02, 12.89it/s, Saved at =inf, TrLoss=0.1601]
 Training FV-otc-s3-t3:  44%|████▍     | 22/50 [00:01<00:02, 12.89it/s, Saved at =inf, TrLoss=0.1522]
 Training FV-otc-s3-t3:  44%|████▍     | 22/50 [00:01<00:02, 12.89it/s, Saved at =inf, TrLoss=0.1787]
 Training FV-otc-s3-t3:  48%|████▊     | 24/50 [00:01<00:02, 12.81it/s, Saved at =inf, TrLoss=0.1787]
 Training FV-otc-s3-t3:  48%|████▊     | 24/50 [00:01<00:02, 12.81it/s, Saved at =inf, TrLoss=0.1479]
 Training FV-otc-s3-t3:  48%|████▊     | 24/50 [00:02<00:02, 12.81it/s, Saved at =inf, TrLoss=0.1567]
 Training FV-otc-s3-t3:  52%|█████▏    | 26/50 [00:02<00:01, 12.33it/s, Saved at =inf, TrLoss=0.1567]
 Training FV-otc-s3-t3:  52%|█████▏    | 26/50 [00:02<00:01, 12.33it/s, Saved at =inf, TrLoss=0.1613]
 Training FV-otc-s3-t3:  52%|█████▏    | 26/50 [00:02<00:01, 12.33it/s, Saved at =inf, TrLoss=0.1364]
 Training FV-otc-s3-t3:  56%|█████▌    | 28/50 [00:02<00:01, 12.44it/s, Saved at =inf, TrLoss=0.1364]
 Training FV-otc-s3-t3:  56%|█████▌    | 28/50 [00:02<00:01, 12.44it/s, Saved at =inf, TrLoss=0.1508]
 Training FV-otc-s3-t3:  56%|█████▌    | 28/50 [00:02<00:01, 12.44it/s, Saved at =inf, TrLoss=0.1355]
 Training FV-otc-s3-t3:  60%|██████    | 30/50 [00:02<00:01, 12.52it/s, Saved at =inf, TrLoss=0.1355]
 Training FV-otc-s3-t3:  60%|██████    | 30/50 [00:02<00:01, 12.52it/s, Saved at =inf, TrLoss=0.1376]
 Training FV-otc-s3-t3:  60%|██████    | 30/50 [00:02<00:01, 12.52it/s, Saved at =inf, TrLoss=0.1545]
 Training FV-otc-s3-t3:  64%|██████▍   | 32/50 [00:02<00:01, 12.26it/s, Saved at =inf, TrLoss=0.1545]
 Training FV-otc-s3-t3:  64%|██████▍   | 32/50 [00:02<00:01, 12.26it/s, Saved at =inf, TrLoss=0.1394]
 Training FV-otc-s3-t3:  64%|██████▍   | 32/50 [00:02<00:01, 12.26it/s, Saved at =inf, TrLoss=0.1525]
 Training FV-otc-s3-t3:  68%|██████▊   | 34/50 [00:02<00:01, 12.54it/s, Saved at =inf, TrLoss=0.1525]
 Training FV-otc-s3-t3:  68%|██████▊   | 34/50 [00:02<00:01, 12.54it/s, Saved at =inf, TrLoss=0.1326]
 Training FV-otc-s3-t3:  68%|██████▊   | 34/50 [00:02<00:01, 12.54it/s, Saved at =inf, TrLoss=0.1439]
 Training FV-otc-s3-t3:  72%|███████▏  | 36/50 [00:02<00:01, 12.41it/s, Saved at =inf, TrLoss=0.1439]
 Training FV-otc-s3-t3:  72%|███████▏  | 36/50 [00:02<00:01, 12.41it/s, Saved at =inf, TrLoss=0.1171]
 Training FV-otc-s3-t3:  72%|███████▏  | 36/50 [00:03<00:01, 12.41it/s, Saved at =inf, TrLoss=0.1496]
 Training FV-otc-s3-t3:  76%|███████▌  | 38/50 [00:03<00:00, 12.20it/s, Saved at =inf, TrLoss=0.1496]
 Training FV-otc-s3-t3:  76%|███████▌  | 38/50 [00:03<00:00, 12.20it/s, Saved at =inf, TrLoss=0.1319]
 Training FV-otc-s3-t3:  76%|███████▌  | 38/50 [00:03<00:00, 12.20it/s, Saved at =inf, TrLoss=0.1268]
 Training FV-otc-s3-t3:  80%|████████  | 40/50 [00:03<00:00, 12.53it/s, Saved at =inf, TrLoss=0.1268]
 Training FV-otc-s3-t3:  80%|████████  | 40/50 [00:03<00:00, 12.53it/s, Saved at =inf, TrLoss=0.1144]
 Training FV-otc-s3-t3:  80%|████████  | 40/50 [00:03<00:00, 12.53it/s, Saved at =inf, TrLoss=0.1514]
 Training FV-otc-s3-t3:  84%|████████▍ | 42/50 [00:03<00:00, 12.70it/s, Saved at =inf, TrLoss=0.1514]
 Training FV-otc-s3-t3:  84%|████████▍ | 42/50 [00:03<00:00, 12.70it/s, Saved at =inf, TrLoss=0.1335]
 Training FV-otc-s3-t3:  84%|████████▍ | 42/50 [00:03<00:00, 12.70it/s, Saved at =inf, TrLoss=0.1213]
 Training FV-otc-s3-t3:  88%|████████▊ | 44/50 [00:03<00:00, 12.32it/s, Saved at =inf, TrLoss=0.1213]
 Training FV-otc-s3-t3:  88%|████████▊ | 44/50 [00:03<00:00, 12.32it/s, Saved at =inf, TrLoss=0.1271]
 Training FV-otc-s3-t3:  88%|████████▊ | 44/50 [00:03<00:00, 12.32it/s, Saved at =inf, TrLoss=0.1124]
 Training FV-otc-s3-t3:  92%|█████████▏| 46/50 [00:03<00:00, 12.36it/s, Saved at =inf, TrLoss=0.1124]
 Training FV-otc-s3-t3:  92%|█████████▏| 46/50 [00:03<00:00, 12.36it/s, Saved at =inf, TrLoss=0.1302]
 Training FV-otc-s3-t3:  92%|█████████▏| 46/50 [00:03<00:00, 12.36it/s, Saved at =inf, TrLoss=0.1058]
 Training FV-otc-s3-t3:  96%|█████████▌| 48/50 [00:03<00:00, 12.55it/s, Saved at =inf, TrLoss=0.1058]
 Training FV-otc-s3-t3:  96%|█████████▌| 48/50 [00:03<00:00, 12.55it/s, Saved at =inf, TrLoss=0.1022]
 Training FV-otc-s3-t3:  96%|█████████▌| 48/50 [00:03<00:00, 12.55it/s, Saved at =inf, TrLoss=0.1432]
 Training FV-otc-s3-t3: 100%|██████████| 50/50 [00:04<00:00, 12.38it/s, Saved at =inf, TrLoss=0.1432]
 Training FV-otc-s3-t3: 100%|██████████| 50/50 [00:04<00:00, 12.48it/s, Saved at =inf, TrLoss=0.1432]

 Training FV-otc-s3-t4:   0%|          | 0/50 [00:00<?, ?it/s]
 Training FV-otc-s3-t4:   0%|          | 0/50 [00:00<?, ?it/s, Saved at =inf, TrLoss=0.8412]
 Training FV-otc-s3-t4:   2%|▏         | 1/50 [00:00<00:05,  8.94it/s, Saved at =inf, TrLoss=0.8412]
 Training FV-otc-s3-t4:   2%|▏         | 1/50 [00:00<00:05,  8.94it/s, Saved at =inf, TrLoss=0.8613]
 Training FV-otc-s3-t4:   4%|▍         | 2/50 [00:00<00:05,  9.07it/s, Saved at =inf, TrLoss=0.8613]
 Training FV-otc-s3-t4:   4%|▍         | 2/50 [00:00<00:05,  9.07it/s, Saved at =inf, TrLoss=0.5498]
 Training FV-otc-s3-t4:   6%|▌         | 3/50 [00:00<00:05,  8.54it/s, Saved at =inf, TrLoss=0.5498]
 Training FV-otc-s3-t4:   6%|▌         | 3/50 [00:00<00:05,  8.54it/s, Saved at =inf, TrLoss=0.5499]
 Training FV-otc-s3-t4:   8%|▊         | 4/50 [00:00<00:05,  8.44it/s, Saved at =inf, TrLoss=0.5499]
 Training FV-otc-s3-t4:   8%|▊         | 4/50 [00:00<00:05,  8.44it/s, Saved at =inf, TrLoss=0.4487]
 Training FV-otc-s3-t4:  10%|█         | 5/50 [00:00<00:05,  8.49it/s, Saved at =inf, TrLoss=0.4487]
 Training FV-otc-s3-t4:  10%|█         | 5/50 [00:00<00:05,  8.49it/s, Saved at =inf, TrLoss=0.3932]
 Training FV-otc-s3-t4:  12%|█▏        | 6/50 [00:00<00:04,  8.80it/s, Saved at =inf, TrLoss=0.3932]
 Training FV-otc-s3-t4:  12%|█▏        | 6/50 [00:00<00:04,  8.80it/s, Saved at =inf, TrLoss=0.4215]
 Training FV-otc-s3-t4:  14%|█▍        | 7/50 [00:00<00:04,  9.09it/s, Saved at =inf, TrLoss=0.4215]
 Training FV-otc-s3-t4:  14%|█▍        | 7/50 [00:00<00:04,  9.09it/s, Saved at =inf, TrLoss=0.3875]
 Training FV-otc-s3-t4:  14%|█▍        | 7/50 [00:00<00:04,  9.09it/s, Saved at =inf, TrLoss=0.3493]
 Training FV-otc-s3-t4:  18%|█▊        | 9/50 [00:01<00:04,  9.29it/s, Saved at =inf, TrLoss=0.3493]
 Training FV-otc-s3-t4:  18%|█▊        | 9/50 [00:01<00:04,  9.29it/s, Saved at =inf, TrLoss=0.3420]
 Training FV-otc-s3-t4:  20%|██        | 10/50 [00:01<00:04,  9.43it/s, Saved at =inf, TrLoss=0.3420]
 Training FV-otc-s3-t4:  20%|██        | 10/50 [00:01<00:04,  9.43it/s, Saved at =inf, TrLoss=0.3324]
 Training FV-otc-s3-t4:  20%|██        | 10/50 [00:01<00:04,  9.43it/s, Saved at =inf, TrLoss=0.3239]
 Training FV-otc-s3-t4:  24%|██▍       | 12/50 [00:01<00:04,  9.30it/s, Saved at =inf, TrLoss=0.3239]
 Training FV-otc-s3-t4:  24%|██▍       | 12/50 [00:01<00:04,  9.30it/s, Saved at =inf, TrLoss=0.3035]
 Training FV-otc-s3-t4:  26%|██▌       | 13/50 [00:01<00:03,  9.41it/s, Saved at =inf, TrLoss=0.3035]
 Training FV-otc-s3-t4:  26%|██▌       | 13/50 [00:01<00:03,  9.41it/s, Saved at =inf, TrLoss=0.2763]
 Training FV-otc-s3-t4:  28%|██▊       | 14/50 [00:01<00:04,  8.54it/s, Saved at =inf, TrLoss=0.2763]
 Training FV-otc-s3-t4:  28%|██▊       | 14/50 [00:01<00:04,  8.54it/s, Saved at =inf, TrLoss=0.2702]
 Training FV-otc-s3-t4:  28%|██▊       | 14/50 [00:01<00:04,  8.54it/s, Saved at =inf, TrLoss=0.2505]
 Training FV-otc-s3-t4:  32%|███▏      | 16/50 [00:01<00:03,  9.25it/s, Saved at =inf, TrLoss=0.2505]
 Training FV-otc-s3-t4:  32%|███▏      | 16/50 [00:01<00:03,  9.25it/s, Saved at =inf, TrLoss=0.2349]
 Training FV-otc-s3-t4:  32%|███▏      | 16/50 [00:01<00:03,  9.25it/s, Saved at =inf, TrLoss=0.2280]
 Training FV-otc-s3-t4:  36%|███▌      | 18/50 [00:01<00:03,  9.76it/s, Saved at =inf, TrLoss=0.2280]
 Training FV-otc-s3-t4:  36%|███▌      | 18/50 [00:02<00:03,  9.76it/s, Saved at =inf, TrLoss=0.2063]
 Training FV-otc-s3-t4:  36%|███▌      | 18/50 [00:02<00:03,  9.76it/s, Saved at =inf, TrLoss=0.2216]
 Training FV-otc-s3-t4:  40%|████      | 20/50 [00:02<00:03,  9.84it/s, Saved at =inf, TrLoss=0.2216]
 Training FV-otc-s3-t4:  40%|████      | 20/50 [00:02<00:03,  9.84it/s, Saved at =inf, TrLoss=0.2176]
 Training FV-otc-s3-t4:  42%|████▏     | 21/50 [00:02<00:02,  9.73it/s, Saved at =inf, TrLoss=0.2176]
 Training FV-otc-s3-t4:  42%|████▏     | 21/50 [00:02<00:02,  9.73it/s, Saved at =inf, TrLoss=0.2241]
 Training FV-otc-s3-t4:  42%|████▏     | 21/50 [00:02<00:02,  9.73it/s, Saved at =inf, TrLoss=0.2293]
 Training FV-otc-s3-t4:  46%|████▌     | 23/50 [00:02<00:02,  9.86it/s, Saved at =inf, TrLoss=0.2293]
 Training FV-otc-s3-t4:  46%|████▌     | 23/50 [00:02<00:02,  9.86it/s, Saved at =inf, TrLoss=0.1858]
 Training FV-otc-s3-t4:  48%|████▊     | 24/50 [00:02<00:02,  9.86it/s, Saved at =inf, TrLoss=0.1858]
 Training FV-otc-s3-t4:  48%|████▊     | 24/50 [00:02<00:02,  9.86it/s, Saved at =inf, TrLoss=0.1946]
 Training FV-otc-s3-t4:  50%|█████     | 25/50 [00:02<00:02,  9.89it/s, Saved at =inf, TrLoss=0.1946]
 Training FV-otc-s3-t4:  50%|█████     | 25/50 [00:02<00:02,  9.89it/s, Saved at =inf, TrLoss=0.1749]
 Training FV-otc-s3-t4:  50%|█████     | 25/50 [00:02<00:02,  9.89it/s, Saved at =inf, TrLoss=0.1907]
 Training FV-otc-s3-t4:  54%|█████▍    | 27/50 [00:02<00:02,  9.41it/s, Saved at =inf, TrLoss=0.1907]
 Training FV-otc-s3-t4:  54%|█████▍    | 27/50 [00:02<00:02,  9.41it/s, Saved at =inf, TrLoss=0.1811]
 Training FV-otc-s3-t4:  56%|█████▌    | 28/50 [00:03<00:02,  8.87it/s, Saved at =inf, TrLoss=0.1811]
 Training FV-otc-s3-t4:  56%|█████▌    | 28/50 [00:03<00:02,  8.87it/s, Saved at =inf, TrLoss=0.1736]
 Training FV-otc-s3-t4:  56%|█████▌    | 28/50 [00:03<00:02,  8.87it/s, Saved at =inf, TrLoss=0.1710]
 Training FV-otc-s3-t4:  60%|██████    | 30/50 [00:03<00:02,  9.21it/s, Saved at =inf, TrLoss=0.1710]
 Training FV-otc-s3-t4:  60%|██████    | 30/50 [00:03<00:02,  9.21it/s, Saved at =inf, TrLoss=0.1649]
 Training FV-otc-s3-t4:  62%|██████▏   | 31/50 [00:03<00:02,  9.21it/s, Saved at =inf, TrLoss=0.1649]
 Training FV-otc-s3-t4:  62%|██████▏   | 31/50 [00:03<00:02,  9.21it/s, Saved at =inf, TrLoss=0.1686]
 Training FV-otc-s3-t4:  64%|██████▍   | 32/50 [00:03<00:01,  9.32it/s, Saved at =inf, TrLoss=0.1686]
 Training FV-otc-s3-t4:  64%|██████▍   | 32/50 [00:03<00:01,  9.32it/s, Saved at =inf, TrLoss=0.1586]
 Training FV-otc-s3-t4:  64%|██████▍   | 32/50 [00:03<00:01,  9.32it/s, Saved at =inf, TrLoss=0.1635]
 Training FV-otc-s3-t4:  68%|██████▊   | 34/50 [00:03<00:01,  9.78it/s, Saved at =inf, TrLoss=0.1635]
 Training FV-otc-s3-t4:  68%|██████▊   | 34/50 [00:03<00:01,  9.78it/s, Saved at =inf, TrLoss=0.1570]
 Training FV-otc-s3-t4:  70%|███████   | 35/50 [00:03<00:01,  9.68it/s, Saved at =inf, TrLoss=0.1570]
 Training FV-otc-s3-t4:  70%|███████   | 35/50 [00:03<00:01,  9.68it/s, Saved at =inf, TrLoss=0.1630]
 Training FV-otc-s3-t4:  72%|███████▏  | 36/50 [00:03<00:01,  9.66it/s, Saved at =inf, TrLoss=0.1630]
 Training FV-otc-s3-t4:  72%|███████▏  | 36/50 [00:03<00:01,  9.66it/s, Saved at =inf, TrLoss=0.1456]
 Training FV-otc-s3-t4:  72%|███████▏  | 36/50 [00:04<00:01,  9.66it/s, Saved at =inf, TrLoss=0.1560]
 Training FV-otc-s3-t4:  76%|███████▌  | 38/50 [00:04<00:01,  9.70it/s, Saved at =inf, TrLoss=0.1560]
 Training FV-otc-s3-t4:  76%|███████▌  | 38/50 [00:04<00:01,  9.70it/s, Saved at =inf, TrLoss=0.1503]
 Training FV-otc-s3-t4:  78%|███████▊  | 39/50 [00:04<00:01,  9.73it/s, Saved at =inf, TrLoss=0.1503]
 Training FV-otc-s3-t4:  78%|███████▊  | 39/50 [00:04<00:01,  9.73it/s, Saved at =inf, TrLoss=0.1585]
 Training FV-otc-s3-t4:  80%|████████  | 40/50 [00:04<00:01,  9.42it/s, Saved at =inf, TrLoss=0.1585]
 Training FV-otc-s3-t4:  80%|████████  | 40/50 [00:04<00:01,  9.42it/s, Saved at =inf, TrLoss=0.1367]
 Training FV-otc-s3-t4:  80%|████████  | 40/50 [00:04<00:01,  9.42it/s, Saved at =inf, TrLoss=0.1513]
 Training FV-otc-s3-t4:  84%|████████▍ | 42/50 [00:04<00:00,  9.76it/s, Saved at =inf, TrLoss=0.1513]
 Training FV-otc-s3-t4:  84%|████████▍ | 42/50 [00:04<00:00,  9.76it/s, Saved at =inf, TrLoss=0.1401]
 Training FV-otc-s3-t4:  84%|████████▍ | 42/50 [00:04<00:00,  9.76it/s, Saved at =inf, TrLoss=0.1397]
 Training FV-otc-s3-t4:  88%|████████▊ | 44/50 [00:04<00:00,  9.96it/s, Saved at =inf, TrLoss=0.1397]
 Training FV-otc-s3-t4:  88%|████████▊ | 44/50 [00:04<00:00,  9.96it/s, Saved at =inf, TrLoss=0.1463]
 Training FV-otc-s3-t4:  90%|█████████ | 45/50 [00:04<00:00,  9.76it/s, Saved at =inf, TrLoss=0.1463]
 Training FV-otc-s3-t4:  90%|█████████ | 45/50 [00:04<00:00,  9.76it/s, Saved at =inf, TrLoss=0.1358]
 Training FV-otc-s3-t4:  92%|█████████▏| 46/50 [00:04<00:00,  9.59it/s, Saved at =inf, TrLoss=0.1358]
 Training FV-otc-s3-t4:  92%|█████████▏| 46/50 [00:04<00:00,  9.59it/s, Saved at =inf, TrLoss=0.1418]
 Training FV-otc-s3-t4:  92%|█████████▏| 46/50 [00:05<00:00,  9.59it/s, Saved at =inf, TrLoss=0.1310]
 Training FV-otc-s3-t4:  96%|█████████▌| 48/50 [00:05<00:00,  9.91it/s, Saved at =inf, TrLoss=0.1310]
 Training FV-otc-s3-t4:  96%|█████████▌| 48/50 [00:05<00:00,  9.91it/s, Saved at =inf, TrLoss=0.1292]
 Training FV-otc-s3-t4:  96%|█████████▌| 48/50 [00:05<00:00,  9.91it/s, Saved at =inf, TrLoss=0.1319]
 Training FV-otc-s3-t4: 100%|██████████| 50/50 [00:05<00:00,  9.96it/s, Saved at =inf, TrLoss=0.1319]
 Training FV-otc-s3-t4: 100%|██████████| 50/50 [00:05<00:00,  9.50it/s, Saved at =inf, TrLoss=0.1319]

 Training FV-otc-s3-t5:   0%|          | 0/50 [00:00<?, ?it/s]
 Training FV-otc-s3-t5:   0%|          | 0/50 [00:00<?, ?it/s, Saved at =inf, TrLoss=0.6901]
 Training FV-otc-s3-t5:   2%|▏         | 1/50 [00:00<00:06,  7.12it/s, Saved at =inf, TrLoss=0.6901]
 Training FV-otc-s3-t5:   2%|▏         | 1/50 [00:00<00:06,  7.12it/s, Saved at =inf, TrLoss=0.7659]
 Training FV-otc-s3-t5:   4%|▍         | 2/50 [00:00<00:06,  7.22it/s, Saved at =inf, TrLoss=0.7659]
 Training FV-otc-s3-t5:   4%|▍         | 2/50 [00:00<00:06,  7.22it/s, Saved at =inf, TrLoss=0.5346]
 Training FV-otc-s3-t5:   6%|▌         | 3/50 [00:00<00:06,  7.66it/s, Saved at =inf, TrLoss=0.5346]
 Training FV-otc-s3-t5:   6%|▌         | 3/50 [00:00<00:06,  7.66it/s, Saved at =inf, TrLoss=0.5459]
 Training FV-otc-s3-t5:   8%|▊         | 4/50 [00:00<00:05,  7.78it/s, Saved at =inf, TrLoss=0.5459]
 Training FV-otc-s3-t5:   8%|▊         | 4/50 [00:00<00:05,  7.78it/s, Saved at =inf, TrLoss=0.4477]
 Training FV-otc-s3-t5:  10%|█         | 5/50 [00:00<00:05,  7.64it/s, Saved at =inf, TrLoss=0.4477]
 Training FV-otc-s3-t5:  10%|█         | 5/50 [00:00<00:05,  7.64it/s, Saved at =inf, TrLoss=0.4270]
 Training FV-otc-s3-t5:  12%|█▏        | 6/50 [00:00<00:05,  7.66it/s, Saved at =inf, TrLoss=0.4270]
 Training FV-otc-s3-t5:  12%|█▏        | 6/50 [00:00<00:05,  7.66it/s, Saved at =inf, TrLoss=0.4009]
 Training FV-otc-s3-t5:  14%|█▍        | 7/50 [00:00<00:05,  7.89it/s, Saved at =inf, TrLoss=0.4009]
 Training FV-otc-s3-t5:  14%|█▍        | 7/50 [00:00<00:05,  7.89it/s, Saved at =inf, TrLoss=0.3684]
 Training FV-otc-s3-t5:  16%|█▌        | 8/50 [00:01<00:05,  7.93it/s, Saved at =inf, TrLoss=0.3684]
 Training FV-otc-s3-t5:  16%|█▌        | 8/50 [00:01<00:05,  7.93it/s, Saved at =inf, TrLoss=0.3579]
 Training FV-otc-s3-t5:  18%|█▊        | 9/50 [00:01<00:05,  7.82it/s, Saved at =inf, TrLoss=0.3579]
 Training FV-otc-s3-t5:  18%|█▊        | 9/50 [00:01<00:05,  7.82it/s, Saved at =inf, TrLoss=0.3194]
 Training FV-otc-s3-t5:  20%|██        | 10/50 [00:01<00:05,  7.86it/s, Saved at =inf, TrLoss=0.3194]
 Training FV-otc-s3-t5:  20%|██        | 10/50 [00:01<00:05,  7.86it/s, Saved at =inf, TrLoss=0.3095]
 Training FV-otc-s3-t5:  22%|██▏       | 11/50 [00:01<00:05,  7.76it/s, Saved at =inf, TrLoss=0.3095]
 Training FV-otc-s3-t5:  22%|██▏       | 11/50 [00:01<00:05,  7.76it/s, Saved at =inf, TrLoss=0.2982]
 Training FV-otc-s3-t5:  24%|██▍       | 12/50 [00:01<00:04,  7.71it/s, Saved at =inf, TrLoss=0.2982]
 Training FV-otc-s3-t5:  24%|██▍       | 12/50 [00:01<00:04,  7.71it/s, Saved at =inf, TrLoss=0.2833]
 Training FV-otc-s3-t5:  26%|██▌       | 13/50 [00:01<00:04,  7.87it/s, Saved at =inf, TrLoss=0.2833]
 Training FV-otc-s3-t5:  26%|██▌       | 13/50 [00:01<00:04,  7.87it/s, Saved at =inf, TrLoss=0.2784]
 Training FV-otc-s3-t5:  28%|██▊       | 14/50 [00:01<00:04,  8.04it/s, Saved at =inf, TrLoss=0.2784]
 Training FV-otc-s3-t5:  28%|██▊       | 14/50 [00:01<00:04,  8.04it/s, Saved at =inf, TrLoss=0.2543]
 Training FV-otc-s3-t5:  30%|███       | 15/50 [00:01<00:04,  8.15it/s, Saved at =inf, TrLoss=0.2543]
 Training FV-otc-s3-t5:  30%|███       | 15/50 [00:01<00:04,  8.15it/s, Saved at =inf, TrLoss=0.2317]
 Training FV-otc-s3-t5:  32%|███▏      | 16/50 [00:02<00:04,  7.61it/s, Saved at =inf, TrLoss=0.2317]
 Training FV-otc-s3-t5:  32%|███▏      | 16/50 [00:02<00:04,  7.61it/s, Saved at =inf, TrLoss=0.2411]
 Training FV-otc-s3-t5:  34%|███▍      | 17/50 [00:02<00:04,  7.36it/s, Saved at =inf, TrLoss=0.2411]
 Training FV-otc-s3-t5:  34%|███▍      | 17/50 [00:02<00:04,  7.36it/s, Saved at =inf, TrLoss=0.2412]
 Training FV-otc-s3-t5:  36%|███▌      | 18/50 [00:02<00:04,  7.54it/s, Saved at =inf, TrLoss=0.2412]
 Training FV-otc-s3-t5:  36%|███▌      | 18/50 [00:02<00:04,  7.54it/s, Saved at =inf, TrLoss=0.2462]
 Training FV-otc-s3-t5:  38%|███▊      | 19/50 [00:02<00:04,  7.43it/s, Saved at =inf, TrLoss=0.2462]
 Training FV-otc-s3-t5:  38%|███▊      | 19/50 [00:02<00:04,  7.43it/s, Saved at =inf, TrLoss=0.2092]
 Training FV-otc-s3-t5:  40%|████      | 20/50 [00:02<00:03,  7.73it/s, Saved at =inf, TrLoss=0.2092]
 Training FV-otc-s3-t5:  40%|████      | 20/50 [00:02<00:03,  7.73it/s, Saved at =inf, TrLoss=0.2267]
 Training FV-otc-s3-t5:  42%|████▏     | 21/50 [00:02<00:03,  7.91it/s, Saved at =inf, TrLoss=0.2267]
 Training FV-otc-s3-t5:  42%|████▏     | 21/50 [00:02<00:03,  7.91it/s, Saved at =inf, TrLoss=0.2289]
 Training FV-otc-s3-t5:  44%|████▍     | 22/50 [00:02<00:03,  7.99it/s, Saved at =inf, TrLoss=0.2289]
 Training FV-otc-s3-t5:  44%|████▍     | 22/50 [00:02<00:03,  7.99it/s, Saved at =inf, TrLoss=0.1958]
 Training FV-otc-s3-t5:  46%|████▌     | 23/50 [00:02<00:03,  7.82it/s, Saved at =inf, TrLoss=0.1958]
 Training FV-otc-s3-t5:  46%|████▌     | 23/50 [00:03<00:03,  7.82it/s, Saved at =inf, TrLoss=0.2116]
 Training FV-otc-s3-t5:  48%|████▊     | 24/50 [00:03<00:03,  7.88it/s, Saved at =inf, TrLoss=0.2116]
 Training FV-otc-s3-t5:  48%|████▊     | 24/50 [00:03<00:03,  7.88it/s, Saved at =inf, TrLoss=0.1961]
 Training FV-otc-s3-t5:  50%|█████     | 25/50 [00:03<00:03,  7.69it/s, Saved at =inf, TrLoss=0.1961]
 Training FV-otc-s3-t5:  50%|█████     | 25/50 [00:03<00:03,  7.69it/s, Saved at =inf, TrLoss=0.2065]
 Training FV-otc-s3-t5:  52%|█████▏    | 26/50 [00:03<00:03,  7.66it/s, Saved at =inf, TrLoss=0.2065]
 Training FV-otc-s3-t5:  52%|█████▏    | 26/50 [00:03<00:03,  7.66it/s, Saved at =inf, TrLoss=0.1956]
 Training FV-otc-s3-t5:  54%|█████▍    | 27/50 [00:03<00:03,  7.57it/s, Saved at =inf, TrLoss=0.1956]
 Training FV-otc-s3-t5:  54%|█████▍    | 27/50 [00:03<00:03,  7.57it/s, Saved at =inf, TrLoss=0.1999]
 Training FV-otc-s3-t5:  56%|█████▌    | 28/50 [00:03<00:02,  7.83it/s, Saved at =inf, TrLoss=0.1999]
 Training FV-otc-s3-t5:  56%|█████▌    | 28/50 [00:03<00:02,  7.83it/s, Saved at =inf, TrLoss=0.1955]
 Training FV-otc-s3-t5:  58%|█████▊    | 29/50 [00:03<00:02,  7.43it/s, Saved at =inf, TrLoss=0.1955]
 Training FV-otc-s3-t5:  58%|█████▊    | 29/50 [00:03<00:02,  7.43it/s, Saved at =inf, TrLoss=0.2012]
 Training FV-otc-s3-t5:  60%|██████    | 30/50 [00:03<00:02,  7.64it/s, Saved at =inf, TrLoss=0.2012]
 Training FV-otc-s3-t5:  60%|██████    | 30/50 [00:03<00:02,  7.64it/s, Saved at =inf, TrLoss=0.1871]
 Training FV-otc-s3-t5:  62%|██████▏   | 31/50 [00:04<00:02,  7.73it/s, Saved at =inf, TrLoss=0.1871]
 Training FV-otc-s3-t5:  62%|██████▏   | 31/50 [00:04<00:02,  7.73it/s, Saved at =inf, TrLoss=0.1928]
 Training FV-otc-s3-t5:  64%|██████▍   | 32/50 [00:04<00:02,  7.73it/s, Saved at =inf, TrLoss=0.1928]
 Training FV-otc-s3-t5:  64%|██████▍   | 32/50 [00:04<00:02,  7.73it/s, Saved at =inf, TrLoss=0.1833]
 Training FV-otc-s3-t5:  66%|██████▌   | 33/50 [00:04<00:02,  7.91it/s, Saved at =inf, TrLoss=0.1833]
 Training FV-otc-s3-t5:  66%|██████▌   | 33/50 [00:04<00:02,  7.91it/s, Saved at =inf, TrLoss=0.1827]
 Training FV-otc-s3-t5:  68%|██████▊   | 34/50 [00:04<00:01,  8.11it/s, Saved at =inf, TrLoss=0.1827]
 Training FV-otc-s3-t5:  68%|██████▊   | 34/50 [00:04<00:01,  8.11it/s, Saved at =inf, TrLoss=0.1830]
 Training FV-otc-s3-t5:  70%|███████   | 35/50 [00:04<00:01,  7.95it/s, Saved at =inf, TrLoss=0.1830]
 Training FV-otc-s3-t5:  70%|███████   | 35/50 [00:04<00:01,  7.95it/s, Saved at =inf, TrLoss=0.1744]
 Training FV-otc-s3-t5:  72%|███████▏  | 36/50 [00:04<00:01,  7.92it/s, Saved at =inf, TrLoss=0.1744]
 Training FV-otc-s3-t5:  72%|███████▏  | 36/50 [00:04<00:01,  7.92it/s, Saved at =inf, TrLoss=0.1749]
 Training FV-otc-s3-t5:  74%|███████▍  | 37/50 [00:04<00:01,  7.44it/s, Saved at =inf, TrLoss=0.1749]
 Training FV-otc-s3-t5:  74%|███████▍  | 37/50 [00:04<00:01,  7.44it/s, Saved at =inf, TrLoss=0.1637]
 Training FV-otc-s3-t5:  76%|███████▌  | 38/50 [00:04<00:01,  7.66it/s, Saved at =inf, TrLoss=0.1637]
 Training FV-otc-s3-t5:  76%|███████▌  | 38/50 [00:04<00:01,  7.66it/s, Saved at =inf, TrLoss=0.1685]
 Training FV-otc-s3-t5:  78%|███████▊  | 39/50 [00:05<00:01,  7.66it/s, Saved at =inf, TrLoss=0.1685]
 Training FV-otc-s3-t5:  78%|███████▊  | 39/50 [00:05<00:01,  7.66it/s, Saved at =inf, TrLoss=0.1697]
 Training FV-otc-s3-t5:  80%|████████  | 40/50 [00:05<00:01,  7.51it/s, Saved at =inf, TrLoss=0.1697]
 Training FV-otc-s3-t5:  80%|████████  | 40/50 [00:05<00:01,  7.51it/s, Saved at =inf, TrLoss=0.1655]
 Training FV-otc-s3-t5:  82%|████████▏ | 41/50 [00:05<00:01,  7.71it/s, Saved at =inf, TrLoss=0.1655]
 Training FV-otc-s3-t5:  82%|████████▏ | 41/50 [00:05<00:01,  7.71it/s, Saved at =inf, TrLoss=0.1695]
 Training FV-otc-s3-t5:  84%|████████▍ | 42/50 [00:05<00:01,  7.67it/s, Saved at =inf, TrLoss=0.1695]
 Training FV-otc-s3-t5:  84%|████████▍ | 42/50 [00:05<00:01,  7.67it/s, Saved at =inf, TrLoss=0.1625]
 Training FV-otc-s3-t5:  86%|████████▌ | 43/50 [00:05<00:00,  7.60it/s, Saved at =inf, TrLoss=0.1625]
 Training FV-otc-s3-t5:  86%|████████▌ | 43/50 [00:05<00:00,  7.60it/s, Saved at =inf, TrLoss=0.1563]
 Training FV-otc-s3-t5:  88%|████████▊ | 44/50 [00:05<00:00,  7.59it/s, Saved at =inf, TrLoss=0.1563]
 Training FV-otc-s3-t5:  88%|████████▊ | 44/50 [00:05<00:00,  7.59it/s, Saved at =inf, TrLoss=0.1589]
 Training FV-otc-s3-t5:  90%|█████████ | 45/50 [00:05<00:00,  7.82it/s, Saved at =inf, TrLoss=0.1589]
 Training FV-otc-s3-t5:  90%|█████████ | 45/50 [00:05<00:00,  7.82it/s, Saved at =inf, TrLoss=0.1541]
 Training FV-otc-s3-t5:  92%|█████████▏| 46/50 [00:05<00:00,  7.91it/s, Saved at =inf, TrLoss=0.1541]
 Training FV-otc-s3-t5:  92%|█████████▏| 46/50 [00:06<00:00,  7.91it/s, Saved at =inf, TrLoss=0.1501]
 Training FV-otc-s3-t5:  94%|█████████▍| 47/50 [00:06<00:00,  7.63it/s, Saved at =inf, TrLoss=0.1501]
 Training FV-otc-s3-t5:  94%|█████████▍| 47/50 [00:06<00:00,  7.63it/s, Saved at =inf, TrLoss=0.1480]
 Training FV-otc-s3-t5:  96%|█████████▌| 48/50 [00:06<00:00,  7.78it/s, Saved at =inf, TrLoss=0.1480]
 Training FV-otc-s3-t5:  96%|█████████▌| 48/50 [00:06<00:00,  7.78it/s, Saved at =inf, TrLoss=0.1559]
 Training FV-otc-s3-t5:  98%|█████████▊| 49/50 [00:06<00:00,  8.03it/s, Saved at =inf, TrLoss=0.1559]
 Training FV-otc-s3-t5:  98%|█████████▊| 49/50 [00:06<00:00,  8.03it/s, Saved at =inf, TrLoss=0.1502]
 Training FV-otc-s3-t5: 100%|██████████| 50/50 [00:06<00:00,  7.85it/s, Saved at =inf, TrLoss=0.1502]
 Training FV-otc-s3-t5: 100%|██████████| 50/50 [00:06<00:00,  7.74it/s, Saved at =inf, TrLoss=0.1502]

 Training FV-otc-s3-t6:   0%|          | 0/50 [00:00<?, ?it/s]
 Training FV-otc-s3-t6:   0%|          | 0/50 [00:00<?, ?it/s, Saved at =inf, TrLoss=0.7218]
 Training FV-otc-s3-t6:   2%|▏         | 1/50 [00:00<00:07,  6.56it/s, Saved at =inf, TrLoss=0.7218]
 Training FV-otc-s3-t6:   2%|▏         | 1/50 [00:00<00:07,  6.56it/s, Saved at =inf, TrLoss=0.7435]
 Training FV-otc-s3-t6:   4%|▍         | 2/50 [00:00<00:07,  6.43it/s, Saved at =inf, TrLoss=0.7435]
 Training FV-otc-s3-t6:   4%|▍         | 2/50 [00:00<00:07,  6.43it/s, Saved at =inf, TrLoss=0.5059]
 Training FV-otc-s3-t6:   6%|▌         | 3/50 [00:00<00:07,  6.52it/s, Saved at =inf, TrLoss=0.5059]
 Training FV-otc-s3-t6:   6%|▌         | 3/50 [00:00<00:07,  6.52it/s, Saved at =inf, TrLoss=0.4484]
 Training FV-otc-s3-t6:   8%|▊         | 4/50 [00:00<00:06,  6.63it/s, Saved at =inf, TrLoss=0.4484]
 Training FV-otc-s3-t6:   8%|▊         | 4/50 [00:00<00:06,  6.63it/s, Saved at =inf, TrLoss=0.4286]
 Training FV-otc-s3-t6:  10%|█         | 5/50 [00:00<00:07,  5.97it/s, Saved at =inf, TrLoss=0.4286]
 Training FV-otc-s3-t6:  10%|█         | 5/50 [00:00<00:07,  5.97it/s, Saved at =inf, TrLoss=0.4036]
 Training FV-otc-s3-t6:  12%|█▏        | 6/50 [00:00<00:07,  5.97it/s, Saved at =inf, TrLoss=0.4036]
 Training FV-otc-s3-t6:  12%|█▏        | 6/50 [00:01<00:07,  5.97it/s, Saved at =inf, TrLoss=0.3949]
 Training FV-otc-s3-t6:  14%|█▍        | 7/50 [00:01<00:07,  6.08it/s, Saved at =inf, TrLoss=0.3949]
 Training FV-otc-s3-t6:  14%|█▍        | 7/50 [00:01<00:07,  6.08it/s, Saved at =inf, TrLoss=0.3959]
 Training FV-otc-s3-t6:  16%|█▌        | 8/50 [00:01<00:06,  6.22it/s, Saved at =inf, TrLoss=0.3959]
 Training FV-otc-s3-t6:  16%|█▌        | 8/50 [00:01<00:06,  6.22it/s, Saved at =inf, TrLoss=0.3808]
 Training FV-otc-s3-t6:  18%|█▊        | 9/50 [00:01<00:06,  6.37it/s, Saved at =inf, TrLoss=0.3808]
 Training FV-otc-s3-t6:  18%|█▊        | 9/50 [00:01<00:06,  6.37it/s, Saved at =inf, TrLoss=0.3703]
 Training FV-otc-s3-t6:  20%|██        | 10/50 [00:01<00:06,  6.43it/s, Saved at =inf, TrLoss=0.3703]
 Training FV-otc-s3-t6:  20%|██        | 10/50 [00:01<00:06,  6.43it/s, Saved at =inf, TrLoss=0.3354]
 Training FV-otc-s3-t6:  22%|██▏       | 11/50 [00:01<00:05,  6.51it/s, Saved at =inf, TrLoss=0.3354]
 Training FV-otc-s3-t6:  22%|██▏       | 11/50 [00:01<00:05,  6.51it/s, Saved at =inf, TrLoss=0.3258]
 Training FV-otc-s3-t6:  24%|██▍       | 12/50 [00:01<00:05,  6.54it/s, Saved at =inf, TrLoss=0.3258]
 Training FV-otc-s3-t6:  24%|██▍       | 12/50 [00:01<00:05,  6.54it/s, Saved at =inf, TrLoss=0.3217]
 Training FV-otc-s3-t6:  26%|██▌       | 13/50 [00:02<00:05,  6.67it/s, Saved at =inf, TrLoss=0.3217]
 Training FV-otc-s3-t6:  26%|██▌       | 13/50 [00:02<00:05,  6.67it/s, Saved at =inf, TrLoss=0.3099]
 Training FV-otc-s3-t6:  28%|██▊       | 14/50 [00:02<00:05,  6.14it/s, Saved at =inf, TrLoss=0.3099]
 Training FV-otc-s3-t6:  28%|██▊       | 14/50 [00:02<00:05,  6.14it/s, Saved at =inf, TrLoss=0.3099]
 Training FV-otc-s3-t6:  30%|███       | 15/50 [00:02<00:05,  6.38it/s, Saved at =inf, TrLoss=0.3099]
 Training FV-otc-s3-t6:  30%|███       | 15/50 [00:02<00:05,  6.38it/s, Saved at =inf, TrLoss=0.2848]
 Training FV-otc-s3-t6:  32%|███▏      | 16/50 [00:02<00:05,  6.57it/s, Saved at =inf, TrLoss=0.2848]
 Training FV-otc-s3-t6:  32%|███▏      | 16/50 [00:02<00:05,  6.57it/s, Saved at =inf, TrLoss=0.2909]
 Training FV-otc-s3-t6:  34%|███▍      | 17/50 [00:02<00:04,  6.61it/s, Saved at =inf, TrLoss=0.2909]
 Training FV-otc-s3-t6:  34%|███▍      | 17/50 [00:02<00:04,  6.61it/s, Saved at =inf, TrLoss=0.2686]
 Training FV-otc-s3-t6:  36%|███▌      | 18/50 [00:02<00:04,  6.56it/s, Saved at =inf, TrLoss=0.2686]
 Training FV-otc-s3-t6:  36%|███▌      | 18/50 [00:02<00:04,  6.56it/s, Saved at =inf, TrLoss=0.2781]
 Training FV-otc-s3-t6:  38%|███▊      | 19/50 [00:02<00:04,  6.60it/s, Saved at =inf, TrLoss=0.2781]
 Training FV-otc-s3-t6:  38%|███▊      | 19/50 [00:03<00:04,  6.60it/s, Saved at =inf, TrLoss=0.2637]
 Training FV-otc-s3-t6:  40%|████      | 20/50 [00:03<00:04,  6.63it/s, Saved at =inf, TrLoss=0.2637]
 Training FV-otc-s3-t6:  40%|████      | 20/50 [00:03<00:04,  6.63it/s, Saved at =inf, TrLoss=0.2555]
 Training FV-otc-s3-t6:  42%|████▏     | 21/50 [00:03<00:04,  6.56it/s, Saved at =inf, TrLoss=0.2555]
 Training FV-otc-s3-t6:  42%|████▏     | 21/50 [00:03<00:04,  6.56it/s, Saved at =inf, TrLoss=0.2600]
 Training FV-otc-s3-t6:  44%|████▍     | 22/50 [00:03<00:04,  6.57it/s, Saved at =inf, TrLoss=0.2600]
 Training FV-otc-s3-t6:  44%|████▍     | 22/50 [00:03<00:04,  6.57it/s, Saved at =inf, TrLoss=0.2601]
 Training FV-otc-s3-t6:  46%|████▌     | 23/50 [00:03<00:04,  6.69it/s, Saved at =inf, TrLoss=0.2601]
 Training FV-otc-s3-t6:  46%|████▌     | 23/50 [00:03<00:04,  6.69it/s, Saved at =inf, TrLoss=0.2388]
 Training FV-otc-s3-t6:  48%|████▊     | 24/50 [00:03<00:03,  6.72it/s, Saved at =inf, TrLoss=0.2388]
 Training FV-otc-s3-t6:  48%|████▊     | 24/50 [00:03<00:03,  6.72it/s, Saved at =inf, TrLoss=0.2432]
 Training FV-otc-s3-t6:  50%|█████     | 25/50 [00:03<00:03,  6.62it/s, Saved at =inf, TrLoss=0.2432]
 Training FV-otc-s3-t6:  50%|█████     | 25/50 [00:03<00:03,  6.62it/s, Saved at =inf, TrLoss=0.2481]
 Training FV-otc-s3-t6:  52%|█████▏    | 26/50 [00:04<00:03,  6.45it/s, Saved at =inf, TrLoss=0.2481]
 Training FV-otc-s3-t6:  52%|█████▏    | 26/50 [00:04<00:03,  6.45it/s, Saved at =inf, TrLoss=0.2402]
 Training FV-otc-s3-t6:  54%|█████▍    | 27/50 [00:04<00:03,  6.60it/s, Saved at =inf, TrLoss=0.2402]
 Training FV-otc-s3-t6:  54%|█████▍    | 27/50 [00:04<00:03,  6.60it/s, Saved at =inf, TrLoss=0.2281]
 Training FV-otc-s3-t6:  56%|█████▌    | 28/50 [00:04<00:03,  6.51it/s, Saved at =inf, TrLoss=0.2281]
 Training FV-otc-s3-t6:  56%|█████▌    | 28/50 [00:04<00:03,  6.51it/s, Saved at =inf, TrLoss=0.2351]
 Training FV-otc-s3-t6:  58%|█████▊    | 29/50 [00:04<00:03,  6.63it/s, Saved at =inf, TrLoss=0.2351]
 Training FV-otc-s3-t6:  58%|█████▊    | 29/50 [00:04<00:03,  6.63it/s, Saved at =inf, TrLoss=0.2213]
 Training FV-otc-s3-t6:  60%|██████    | 30/50 [00:04<00:03,  6.57it/s, Saved at =inf, TrLoss=0.2213]
 Training FV-otc-s3-t6:  60%|██████    | 30/50 [00:04<00:03,  6.57it/s, Saved at =inf, TrLoss=0.2217]
 Training FV-otc-s3-t6:  62%|██████▏   | 31/50 [00:04<00:02,  6.41it/s, Saved at =inf, TrLoss=0.2217]
 Training FV-otc-s3-t6:  62%|██████▏   | 31/50 [00:04<00:02,  6.41it/s, Saved at =inf, TrLoss=0.2199]
 Training FV-otc-s3-t6:  64%|██████▍   | 32/50 [00:04<00:02,  6.57it/s, Saved at =inf, TrLoss=0.2199]
 Training FV-otc-s3-t6:  64%|██████▍   | 32/50 [00:05<00:02,  6.57it/s, Saved at =inf, TrLoss=0.2093]
 Training FV-otc-s3-t6:  66%|██████▌   | 33/50 [00:05<00:02,  6.63it/s, Saved at =inf, TrLoss=0.2093]
 Training FV-otc-s3-t6:  66%|██████▌   | 33/50 [00:05<00:02,  6.63it/s, Saved at =inf, TrLoss=0.2119]
 Training FV-otc-s3-t6:  68%|██████▊   | 34/50 [00:05<00:02,  6.62it/s, Saved at =inf, TrLoss=0.2119]
 Training FV-otc-s3-t6:  68%|██████▊   | 34/50 [00:05<00:02,  6.62it/s, Saved at =inf, TrLoss=0.2251]
 Training FV-otc-s3-t6:  70%|███████   | 35/50 [00:05<00:02,  6.41it/s, Saved at =inf, TrLoss=0.2251]
 Training FV-otc-s3-t6:  70%|███████   | 35/50 [00:05<00:02,  6.41it/s, Saved at =inf, TrLoss=0.2030]
 Training FV-otc-s3-t6:  72%|███████▏  | 36/50 [00:05<00:02,  6.53it/s, Saved at =inf, TrLoss=0.2030]
 Training FV-otc-s3-t6:  72%|███████▏  | 36/50 [00:05<00:02,  6.53it/s, Saved at =inf, TrLoss=0.2053]
 Training FV-otc-s3-t6:  74%|███████▍  | 37/50 [00:05<00:01,  6.52it/s, Saved at =inf, TrLoss=0.2053]
 Training FV-otc-s3-t6:  74%|███████▍  | 37/50 [00:05<00:01,  6.52it/s, Saved at =inf, TrLoss=0.2021]
 Training FV-otc-s3-t6:  76%|███████▌  | 38/50 [00:05<00:01,  6.51it/s, Saved at =inf, TrLoss=0.2021]
 Training FV-otc-s3-t6:  76%|███████▌  | 38/50 [00:05<00:01,  6.51it/s, Saved at =inf, TrLoss=0.1988]
 Training FV-otc-s3-t6:  78%|███████▊  | 39/50 [00:06<00:01,  6.51it/s, Saved at =inf, TrLoss=0.1988]
 Training FV-otc-s3-t6:  78%|███████▊  | 39/50 [00:06<00:01,  6.51it/s, Saved at =inf, TrLoss=0.2054]
 Training FV-otc-s3-t6:  80%|████████  | 40/50 [00:06<00:01,  6.45it/s, Saved at =inf, TrLoss=0.2054]
 Training FV-otc-s3-t6:  80%|████████  | 40/50 [00:06<00:01,  6.45it/s, Saved at =inf, TrLoss=0.1944]
 Training FV-otc-s3-t6:  82%|████████▏ | 41/50 [00:06<00:01,  6.48it/s, Saved at =inf, TrLoss=0.1944]
 Training FV-otc-s3-t6:  82%|████████▏ | 41/50 [00:06<00:01,  6.48it/s, Saved at =inf, TrLoss=0.1979]
 Training FV-otc-s3-t6:  84%|████████▍ | 42/50 [00:06<00:01,  6.62it/s, Saved at =inf, TrLoss=0.1979]
 Training FV-otc-s3-t6:  84%|████████▍ | 42/50 [00:06<00:01,  6.62it/s, Saved at =inf, TrLoss=0.2026]
 Training FV-otc-s3-t6:  86%|████████▌ | 43/50 [00:06<00:01,  6.62it/s, Saved at =inf, TrLoss=0.2026]
 Training FV-otc-s3-t6:  86%|████████▌ | 43/50 [00:06<00:01,  6.62it/s, Saved at =inf, TrLoss=0.1924]
 Training FV-otc-s3-t6:  88%|████████▊ | 44/50 [00:06<00:00,  6.40it/s, Saved at =inf, TrLoss=0.1924]
 Training FV-otc-s3-t6:  88%|████████▊ | 44/50 [00:06<00:00,  6.40it/s, Saved at =inf, TrLoss=0.1880]
 Training FV-otc-s3-t6:  90%|█████████ | 45/50 [00:06<00:00,  6.41it/s, Saved at =inf, TrLoss=0.1880]
 Training FV-otc-s3-t6:  90%|█████████ | 45/50 [00:07<00:00,  6.41it/s, Saved at =inf, TrLoss=0.1936]
 Training FV-otc-s3-t6:  92%|█████████▏| 46/50 [00:07<00:00,  6.50it/s, Saved at =inf, TrLoss=0.1936]
 Training FV-otc-s3-t6:  92%|█████████▏| 46/50 [00:07<00:00,  6.50it/s, Saved at =inf, TrLoss=0.1870]
 Training FV-otc-s3-t6:  94%|█████████▍| 47/50 [00:07<00:00,  6.46it/s, Saved at =inf, TrLoss=0.1870]
 Training FV-otc-s3-t6:  94%|█████████▍| 47/50 [00:07<00:00,  6.46it/s, Saved at =inf, TrLoss=0.1817]
 Training FV-otc-s3-t6:  96%|█████████▌| 48/50 [00:07<00:00,  6.40it/s, Saved at =inf, TrLoss=0.1817]
 Training FV-otc-s3-t6:  96%|█████████▌| 48/50 [00:07<00:00,  6.40it/s, Saved at =inf, TrLoss=0.1999]
 Training FV-otc-s3-t6:  98%|█████████▊| 49/50 [00:07<00:00,  6.45it/s, Saved at =inf, TrLoss=0.1999]
 Training FV-otc-s3-t6:  98%|█████████▊| 49/50 [00:07<00:00,  6.45it/s, Saved at =inf, TrLoss=0.1884]
 Training FV-otc-s3-t6: 100%|██████████| 50/50 [00:07<00:00,  6.41it/s, Saved at =inf, TrLoss=0.1884]
 Training FV-otc-s3-t6: 100%|██████████| 50/50 [00:07<00:00,  6.48it/s, Saved at =inf, TrLoss=0.1884]

 Training FV-otc-s3-t7:   0%|          | 0/50 [00:00<?, ?it/s]
 Training FV-otc-s3-t7:   0%|          | 0/50 [00:00<?, ?it/s, Saved at =inf, TrLoss=0.8020]
 Training FV-otc-s3-t7:   2%|▏         | 1/50 [00:00<00:14,  3.29it/s, Saved at =inf, TrLoss=0.8020]
 Training FV-otc-s3-t7:   2%|▏         | 1/50 [00:00<00:14,  3.29it/s, Saved at =inf, TrLoss=0.7990]
 Training FV-otc-s3-t7:   4%|▍         | 2/50 [00:00<00:13,  3.53it/s, Saved at =inf, TrLoss=0.7990]
 Training FV-otc-s3-t7:   4%|▍         | 2/50 [00:00<00:13,  3.53it/s, Saved at =inf, TrLoss=0.5896]
 Training FV-otc-s3-t7:   6%|▌         | 3/50 [00:00<00:11,  3.96it/s, Saved at =inf, TrLoss=0.5896]
 Training FV-otc-s3-t7:   6%|▌         | 3/50 [00:00<00:11,  3.96it/s, Saved at =inf, TrLoss=0.6209]
 Training FV-otc-s3-t7:   8%|▊         | 4/50 [00:00<00:10,  4.35it/s, Saved at =inf, TrLoss=0.6209]
 Training FV-otc-s3-t7:   8%|▊         | 4/50 [00:01<00:10,  4.35it/s, Saved at =inf, TrLoss=0.5507]
 Training FV-otc-s3-t7:  10%|█         | 5/50 [00:01<00:09,  4.60it/s, Saved at =inf, TrLoss=0.5507]
 Training FV-otc-s3-t7:  10%|█         | 5/50 [00:01<00:09,  4.60it/s, Saved at =inf, TrLoss=0.5251]
 Training FV-otc-s3-t7:  12%|█▏        | 6/50 [00:01<00:09,  4.84it/s, Saved at =inf, TrLoss=0.5251]
 Training FV-otc-s3-t7:  12%|█▏        | 6/50 [00:01<00:09,  4.84it/s, Saved at =inf, TrLoss=0.5012]
 Training FV-otc-s3-t7:  14%|█▍        | 7/50 [00:01<00:08,  4.97it/s, Saved at =inf, TrLoss=0.5012]
 Training FV-otc-s3-t7:  14%|█▍        | 7/50 [00:01<00:08,  4.97it/s, Saved at =inf, TrLoss=0.4667]
 Training FV-otc-s3-t7:  16%|█▌        | 8/50 [00:01<00:08,  4.89it/s, Saved at =inf, TrLoss=0.4667]
 Training FV-otc-s3-t7:  16%|█▌        | 8/50 [00:01<00:08,  4.89it/s, Saved at =inf, TrLoss=0.4531]
 Training FV-otc-s3-t7:  18%|█▊        | 9/50 [00:01<00:08,  4.83it/s, Saved at =inf, TrLoss=0.4531]
 Training FV-otc-s3-t7:  18%|█▊        | 9/50 [00:02<00:08,  4.83it/s, Saved at =inf, TrLoss=0.4203]
 Training FV-otc-s3-t7:  20%|██        | 10/50 [00:02<00:08,  4.84it/s, Saved at =inf, TrLoss=0.4203]
 Training FV-otc-s3-t7:  20%|██        | 10/50 [00:02<00:08,  4.84it/s, Saved at =inf, TrLoss=0.3976]
 Training FV-otc-s3-t7:  22%|██▏       | 11/50 [00:02<00:08,  4.58it/s, Saved at =inf, TrLoss=0.3976]
 Training FV-otc-s3-t7:  22%|██▏       | 11/50 [00:02<00:08,  4.58it/s, Saved at =inf, TrLoss=0.3536]
 Training FV-otc-s3-t7:  24%|██▍       | 12/50 [00:02<00:08,  4.30it/s, Saved at =inf, TrLoss=0.3536]
 Training FV-otc-s3-t7:  24%|██▍       | 12/50 [00:02<00:08,  4.30it/s, Saved at =inf, TrLoss=0.3326]
 Training FV-otc-s3-t7:  26%|██▌       | 13/50 [00:02<00:08,  4.60it/s, Saved at =inf, TrLoss=0.3326]
 Training FV-otc-s3-t7:  26%|██▌       | 13/50 [00:03<00:08,  4.60it/s, Saved at =inf, TrLoss=0.3041]
 Training FV-otc-s3-t7:  28%|██▊       | 14/50 [00:03<00:07,  4.74it/s, Saved at =inf, TrLoss=0.3041]
 Training FV-otc-s3-t7:  28%|██▊       | 14/50 [00:03<00:07,  4.74it/s, Saved at =inf, TrLoss=0.3196]
 Training FV-otc-s3-t7:  30%|███       | 15/50 [00:03<00:07,  4.90it/s, Saved at =inf, TrLoss=0.3196]
 Training FV-otc-s3-t7:  30%|███       | 15/50 [00:03<00:07,  4.90it/s, Saved at =inf, TrLoss=0.3134]
 Training FV-otc-s3-t7:  32%|███▏      | 16/50 [00:03<00:07,  4.75it/s, Saved at =inf, TrLoss=0.3134]
 Training FV-otc-s3-t7:  32%|███▏      | 16/50 [00:03<00:07,  4.75it/s, Saved at =inf, TrLoss=0.2977]
 Training FV-otc-s3-t7:  34%|███▍      | 17/50 [00:03<00:06,  4.95it/s, Saved at =inf, TrLoss=0.2977]
 Training FV-otc-s3-t7:  34%|███▍      | 17/50 [00:03<00:06,  4.95it/s, Saved at =inf, TrLoss=0.2930]
 Training FV-otc-s3-t7:  36%|███▌      | 18/50 [00:03<00:06,  5.24it/s, Saved at =inf, TrLoss=0.2930]
 Training FV-otc-s3-t7:  36%|███▌      | 18/50 [00:03<00:06,  5.24it/s, Saved at =inf, TrLoss=0.2765]
 Training FV-otc-s3-t7:  38%|███▊      | 19/50 [00:04<00:05,  5.40it/s, Saved at =inf, TrLoss=0.2765]
 Training FV-otc-s3-t7:  38%|███▊      | 19/50 [00:04<00:05,  5.40it/s, Saved at =inf, TrLoss=0.2790]
 Training FV-otc-s3-t7:  40%|████      | 20/50 [00:04<00:05,  5.32it/s, Saved at =inf, TrLoss=0.2790]
 Training FV-otc-s3-t7:  40%|████      | 20/50 [00:04<00:05,  5.32it/s, Saved at =inf, TrLoss=0.2648]
 Training FV-otc-s3-t7:  42%|████▏     | 21/50 [00:04<00:05,  5.21it/s, Saved at =inf, TrLoss=0.2648]
 Training FV-otc-s3-t7:  42%|████▏     | 21/50 [00:04<00:05,  5.21it/s, Saved at =inf, TrLoss=0.2627]
 Training FV-otc-s3-t7:  44%|████▍     | 22/50 [00:04<00:05,  4.88it/s, Saved at =inf, TrLoss=0.2627]
 Training FV-otc-s3-t7:  44%|████▍     | 22/50 [00:04<00:05,  4.88it/s, Saved at =inf, TrLoss=0.2582]
 Training FV-otc-s3-t7:  46%|████▌     | 23/50 [00:04<00:05,  4.78it/s, Saved at =inf, TrLoss=0.2582]
 Training FV-otc-s3-t7:  46%|████▌     | 23/50 [00:05<00:05,  4.78it/s, Saved at =inf, TrLoss=0.2468]
 Training FV-otc-s3-t7:  48%|████▊     | 24/50 [00:05<00:05,  4.56it/s, Saved at =inf, TrLoss=0.2468]
 Training FV-otc-s3-t7:  48%|████▊     | 24/50 [00:05<00:05,  4.56it/s, Saved at =inf, TrLoss=0.2491]
 Training FV-otc-s3-t7:  50%|█████     | 25/50 [00:05<00:05,  4.51it/s, Saved at =inf, TrLoss=0.2491]
 Training FV-otc-s3-t7:  50%|█████     | 25/50 [00:05<00:05,  4.51it/s, Saved at =inf, TrLoss=0.2382]
 Training FV-otc-s3-t7:  52%|█████▏    | 26/50 [00:05<00:05,  4.69it/s, Saved at =inf, TrLoss=0.2382]
 Training FV-otc-s3-t7:  52%|█████▏    | 26/50 [00:05<00:05,  4.69it/s, Saved at =inf, TrLoss=0.2478]
 Training FV-otc-s3-t7:  54%|█████▍    | 27/50 [00:05<00:05,  3.90it/s, Saved at =inf, TrLoss=0.2478]
 Training FV-otc-s3-t7:  54%|█████▍    | 27/50 [00:06<00:05,  3.90it/s, Saved at =inf, TrLoss=0.2332]
 Training FV-otc-s3-t7:  56%|█████▌    | 28/50 [00:06<00:06,  3.54it/s, Saved at =inf, TrLoss=0.2332]
 Training FV-otc-s3-t7:  56%|█████▌    | 28/50 [00:06<00:06,  3.54it/s, Saved at =inf, TrLoss=0.2371]
 Training FV-otc-s3-t7:  58%|█████▊    | 29/50 [00:06<00:05,  3.89it/s, Saved at =inf, TrLoss=0.2371]
 Training FV-otc-s3-t7:  58%|█████▊    | 29/50 [00:06<00:05,  3.89it/s, Saved at =inf, TrLoss=0.2305]
 Training FV-otc-s3-t7:  60%|██████    | 30/50 [00:06<00:05,  4.00it/s, Saved at =inf, TrLoss=0.2305]
 Training FV-otc-s3-t7:  60%|██████    | 30/50 [00:06<00:05,  4.00it/s, Saved at =inf, TrLoss=0.2381]
 Training FV-otc-s3-t7:  62%|██████▏   | 31/50 [00:06<00:04,  4.34it/s, Saved at =inf, TrLoss=0.2381]
 Training FV-otc-s3-t7:  62%|██████▏   | 31/50 [00:06<00:04,  4.34it/s, Saved at =inf, TrLoss=0.2249]
 Training FV-otc-s3-t7:  64%|██████▍   | 32/50 [00:07<00:04,  4.43it/s, Saved at =inf, TrLoss=0.2249]
 Training FV-otc-s3-t7:  64%|██████▍   | 32/50 [00:07<00:04,  4.43it/s, Saved at =inf, TrLoss=0.2282]
 Training FV-otc-s3-t7:  66%|██████▌   | 33/50 [00:07<00:03,  4.50it/s, Saved at =inf, TrLoss=0.2282]
 Training FV-otc-s3-t7:  66%|██████▌   | 33/50 [00:07<00:03,  4.50it/s, Saved at =inf, TrLoss=0.2204]
 Training FV-otc-s3-t7:  68%|██████▊   | 34/50 [00:07<00:03,  4.22it/s, Saved at =inf, TrLoss=0.2204]
 Training FV-otc-s3-t7:  68%|██████▊   | 34/50 [00:07<00:03,  4.22it/s, Saved at =inf, TrLoss=0.2258]
 Training FV-otc-s3-t7:  70%|███████   | 35/50 [00:07<00:03,  3.90it/s, Saved at =inf, TrLoss=0.2258]
 Training FV-otc-s3-t7:  70%|███████   | 35/50 [00:07<00:03,  3.90it/s, Saved at =inf, TrLoss=0.2231]
 Training FV-otc-s3-t7:  72%|███████▏  | 36/50 [00:08<00:03,  4.11it/s, Saved at =inf, TrLoss=0.2231]
 Training FV-otc-s3-t7:  72%|███████▏  | 36/50 [00:08<00:03,  4.11it/s, Saved at =inf, TrLoss=0.2188]
 Training FV-otc-s3-t7:  74%|███████▍  | 37/50 [00:08<00:03,  4.10it/s, Saved at =inf, TrLoss=0.2188]
 Training FV-otc-s3-t7:  74%|███████▍  | 37/50 [00:08<00:03,  4.10it/s, Saved at =inf, TrLoss=0.2166]
 Training FV-otc-s3-t7:  76%|███████▌  | 38/50 [00:08<00:02,  4.44it/s, Saved at =inf, TrLoss=0.2166]
 Training FV-otc-s3-t7:  76%|███████▌  | 38/50 [00:08<00:02,  4.44it/s, Saved at =inf, TrLoss=0.2144]
 Training FV-otc-s3-t7:  78%|███████▊  | 39/50 [00:08<00:02,  4.73it/s, Saved at =inf, TrLoss=0.2144]
 Training FV-otc-s3-t7:  78%|███████▊  | 39/50 [00:08<00:02,  4.73it/s, Saved at =inf, TrLoss=0.2171]
 Training FV-otc-s3-t7:  80%|████████  | 40/50 [00:08<00:01,  5.04it/s, Saved at =inf, TrLoss=0.2171]
 Training FV-otc-s3-t7:  80%|████████  | 40/50 [00:08<00:01,  5.04it/s, Saved at =inf, TrLoss=0.2126]
 Training FV-otc-s3-t7:  82%|████████▏ | 41/50 [00:09<00:01,  5.13it/s, Saved at =inf, TrLoss=0.2126]
 Training FV-otc-s3-t7:  82%|████████▏ | 41/50 [00:09<00:01,  5.13it/s, Saved at =inf, TrLoss=0.2170]
 Training FV-otc-s3-t7:  84%|████████▍ | 42/50 [00:09<00:01,  5.18it/s, Saved at =inf, TrLoss=0.2170]
 Training FV-otc-s3-t7:  84%|████████▍ | 42/50 [00:09<00:01,  5.18it/s, Saved at =inf, TrLoss=0.2148]
 Training FV-otc-s3-t7:  86%|████████▌ | 43/50 [00:09<00:01,  4.98it/s, Saved at =inf, TrLoss=0.2148]
 Training FV-otc-s3-t7:  86%|████████▌ | 43/50 [00:09<00:01,  4.98it/s, Saved at =inf, TrLoss=0.2148]
 Training FV-otc-s3-t7:  88%|████████▊ | 44/50 [00:09<00:01,  5.26it/s, Saved at =inf, TrLoss=0.2148]
 Training FV-otc-s3-t7:  88%|████████▊ | 44/50 [00:09<00:01,  5.26it/s, Saved at =inf, TrLoss=0.2055]
 Training FV-otc-s3-t7:  90%|█████████ | 45/50 [00:09<00:00,  5.42it/s, Saved at =inf, TrLoss=0.2055]
 Training FV-otc-s3-t7:  90%|█████████ | 45/50 [00:09<00:00,  5.42it/s, Saved at =inf, TrLoss=0.2098]
 Training FV-otc-s3-t7:  92%|█████████▏| 46/50 [00:09<00:00,  5.58it/s, Saved at =inf, TrLoss=0.2098]
 Training FV-otc-s3-t7:  92%|█████████▏| 46/50 [00:10<00:00,  5.58it/s, Saved at =inf, TrLoss=0.2094]
 Training FV-otc-s3-t7:  94%|█████████▍| 47/50 [00:10<00:00,  5.72it/s, Saved at =inf, TrLoss=0.2094]
 Training FV-otc-s3-t7:  94%|█████████▍| 47/50 [00:10<00:00,  5.72it/s, Saved at =inf, TrLoss=0.2035]
 Training FV-otc-s3-t7:  96%|█████████▌| 48/50 [00:10<00:00,  5.69it/s, Saved at =inf, TrLoss=0.2035]
 Training FV-otc-s3-t7:  96%|█████████▌| 48/50 [00:10<00:00,  5.69it/s, Saved at =inf, TrLoss=0.2124]
 Training FV-otc-s3-t7:  98%|█████████▊| 49/50 [00:10<00:00,  5.51it/s, Saved at =inf, TrLoss=0.2124]
 Training FV-otc-s3-t7:  98%|█████████▊| 49/50 [00:10<00:00,  5.51it/s, Saved at =inf, TrLoss=0.2030]
 Training FV-otc-s3-t7: 100%|██████████| 50/50 [00:10<00:00,  5.35it/s, Saved at =inf, TrLoss=0.2030]
 Training FV-otc-s3-t7: 100%|██████████| 50/50 [00:10<00:00,  4.69it/s, Saved at =inf, TrLoss=0.2030]

 Training FV-otc-s3-t8:   0%|          | 0/50 [00:00<?, ?it/s]
 Training FV-otc-s3-t8:   0%|          | 0/50 [00:00<?, ?it/s, Saved at =inf, TrLoss=0.7184]
 Training FV-otc-s3-t8:   2%|▏         | 1/50 [00:00<00:15,  3.10it/s, Saved at =inf, TrLoss=0.7184]
 Training FV-otc-s3-t8:   2%|▏         | 1/50 [00:00<00:15,  3.10it/s, Saved at =inf, TrLoss=0.7799]
 Training FV-otc-s3-t8:   4%|▍         | 2/50 [00:00<00:15,  3.12it/s, Saved at =inf, TrLoss=0.7799]
 Training FV-otc-s3-t8:   4%|▍         | 2/50 [00:00<00:15,  3.12it/s, Saved at =inf, TrLoss=0.5871]
 Training FV-otc-s3-t8:   6%|▌         | 3/50 [00:00<00:14,  3.34it/s, Saved at =inf, TrLoss=0.5871]
 Training FV-otc-s3-t8:   6%|▌         | 3/50 [00:01<00:14,  3.34it/s, Saved at =inf, TrLoss=0.6106]
 Training FV-otc-s3-t8:   8%|▊         | 4/50 [00:01<00:12,  3.57it/s, Saved at =inf, TrLoss=0.6106]
 Training FV-otc-s3-t8:   8%|▊         | 4/50 [00:01<00:12,  3.57it/s, Saved at =inf, TrLoss=0.5145]
 Training FV-otc-s3-t8:  10%|█         | 5/50 [00:01<00:11,  3.80it/s, Saved at =inf, TrLoss=0.5145]
 Training FV-otc-s3-t8:  10%|█         | 5/50 [00:01<00:11,  3.80it/s, Saved at =inf, TrLoss=0.5092]
 Training FV-otc-s3-t8:  12%|█▏        | 6/50 [00:01<00:11,  3.83it/s, Saved at =inf, TrLoss=0.5092]
 Training FV-otc-s3-t8:  12%|█▏        | 6/50 [00:01<00:11,  3.83it/s, Saved at =inf, TrLoss=0.4448]
 Training FV-otc-s3-t8:  14%|█▍        | 7/50 [00:01<00:10,  4.19it/s, Saved at =inf, TrLoss=0.4448]
 Training FV-otc-s3-t8:  14%|█▍        | 7/50 [00:01<00:10,  4.19it/s, Saved at =inf, TrLoss=0.4010]
 Training FV-otc-s3-t8:  16%|█▌        | 8/50 [00:02<00:09,  4.37it/s, Saved at =inf, TrLoss=0.4010]
 Training FV-otc-s3-t8:  16%|█▌        | 8/50 [00:02<00:09,  4.37it/s, Saved at =inf, TrLoss=0.3730]
 Training FV-otc-s3-t8:  18%|█▊        | 9/50 [00:02<00:08,  4.59it/s, Saved at =inf, TrLoss=0.3730]
 Training FV-otc-s3-t8:  18%|█▊        | 9/50 [00:02<00:08,  4.59it/s, Saved at =inf, TrLoss=0.3584]
 Training FV-otc-s3-t8:  20%|██        | 10/50 [00:02<00:08,  4.60it/s, Saved at =inf, TrLoss=0.3584]
 Training FV-otc-s3-t8:  20%|██        | 10/50 [00:02<00:08,  4.60it/s, Saved at =inf, TrLoss=0.3459]
 Training FV-otc-s3-t8:  22%|██▏       | 11/50 [00:02<00:08,  4.55it/s, Saved at =inf, TrLoss=0.3459]
 Training FV-otc-s3-t8:  22%|██▏       | 11/50 [00:02<00:08,  4.55it/s, Saved at =inf, TrLoss=0.3507]
 Training FV-otc-s3-t8:  24%|██▍       | 12/50 [00:02<00:08,  4.35it/s, Saved at =inf, TrLoss=0.3507]
 Training FV-otc-s3-t8:  24%|██▍       | 12/50 [00:03<00:08,  4.35it/s, Saved at =inf, TrLoss=0.3030]
 Training FV-otc-s3-t8:  26%|██▌       | 13/50 [00:03<00:08,  4.28it/s, Saved at =inf, TrLoss=0.3030]
 Training FV-otc-s3-t8:  26%|██▌       | 13/50 [00:03<00:08,  4.28it/s, Saved at =inf, TrLoss=0.3064]
 Training FV-otc-s3-t8:  28%|██▊       | 14/50 [00:03<00:08,  4.46it/s, Saved at =inf, TrLoss=0.3064]
 Training FV-otc-s3-t8:  28%|██▊       | 14/50 [00:03<00:08,  4.46it/s, Saved at =inf, TrLoss=0.2923]
 Training FV-otc-s3-t8:  30%|███       | 15/50 [00:03<00:08,  4.30it/s, Saved at =inf, TrLoss=0.2923]
 Training FV-otc-s3-t8:  30%|███       | 15/50 [00:03<00:08,  4.30it/s, Saved at =inf, TrLoss=0.2946]
 Training FV-otc-s3-t8:  32%|███▏      | 16/50 [00:03<00:08,  4.08it/s, Saved at =inf, TrLoss=0.2946]
 Training FV-otc-s3-t8:  32%|███▏      | 16/50 [00:04<00:08,  4.08it/s, Saved at =inf, TrLoss=0.2833]
 Training FV-otc-s3-t8:  34%|███▍      | 17/50 [00:04<00:08,  3.90it/s, Saved at =inf, TrLoss=0.2833]
 Training FV-otc-s3-t8:  34%|███▍      | 17/50 [00:04<00:08,  3.90it/s, Saved at =inf, TrLoss=0.2859]
 Training FV-otc-s3-t8:  36%|███▌      | 18/50 [00:04<00:08,  3.95it/s, Saved at =inf, TrLoss=0.2859]
 Training FV-otc-s3-t8:  36%|███▌      | 18/50 [00:04<00:08,  3.95it/s, Saved at =inf, TrLoss=0.2728]
 Training FV-otc-s3-t8:  38%|███▊      | 19/50 [00:04<00:07,  4.02it/s, Saved at =inf, TrLoss=0.2728]
 Training FV-otc-s3-t8:  38%|███▊      | 19/50 [00:04<00:07,  4.02it/s, Saved at =inf, TrLoss=0.2756]
 Training FV-otc-s3-t8:  40%|████      | 20/50 [00:04<00:07,  3.95it/s, Saved at =inf, TrLoss=0.2756]
 Training FV-otc-s3-t8:  40%|████      | 20/50 [00:05<00:07,  3.95it/s, Saved at =inf, TrLoss=0.2637]
 Training FV-otc-s3-t8:  42%|████▏     | 21/50 [00:05<00:06,  4.20it/s, Saved at =inf, TrLoss=0.2637]
 Training FV-otc-s3-t8:  42%|████▏     | 21/50 [00:05<00:06,  4.20it/s, Saved at =inf, TrLoss=0.2689]
 Training FV-otc-s3-t8:  44%|████▍     | 22/50 [00:05<00:06,  4.24it/s, Saved at =inf, TrLoss=0.2689]
 Training FV-otc-s3-t8:  44%|████▍     | 22/50 [00:05<00:06,  4.24it/s, Saved at =inf, TrLoss=0.2524]
 Training FV-otc-s3-t8:  46%|████▌     | 23/50 [00:05<00:06,  4.28it/s, Saved at =inf, TrLoss=0.2524]
 Training FV-otc-s3-t8:  46%|████▌     | 23/50 [00:05<00:06,  4.28it/s, Saved at =inf, TrLoss=0.2522]
 Training FV-otc-s3-t8:  48%|████▊     | 24/50 [00:05<00:05,  4.39it/s, Saved at =inf, TrLoss=0.2522]
 Training FV-otc-s3-t8:  48%|████▊     | 24/50 [00:05<00:05,  4.39it/s, Saved at =inf, TrLoss=0.2456]
 Training FV-otc-s3-t8:  50%|█████     | 25/50 [00:06<00:05,  4.48it/s, Saved at =inf, TrLoss=0.2456]
 Training FV-otc-s3-t8:  50%|█████     | 25/50 [00:06<00:05,  4.48it/s, Saved at =inf, TrLoss=0.2425]
 Training FV-otc-s3-t8:  52%|█████▏    | 26/50 [00:06<00:05,  4.46it/s, Saved at =inf, TrLoss=0.2425]
 Training FV-otc-s3-t8:  52%|█████▏    | 26/50 [00:06<00:05,  4.46it/s, Saved at =inf, TrLoss=0.2423]
 Training FV-otc-s3-t8:  54%|█████▍    | 27/50 [00:06<00:05,  4.55it/s, Saved at =inf, TrLoss=0.2423]
 Training FV-otc-s3-t8:  54%|█████▍    | 27/50 [00:06<00:05,  4.55it/s, Saved at =inf, TrLoss=0.2372]
 Training FV-otc-s3-t8:  56%|█████▌    | 28/50 [00:06<00:04,  4.61it/s, Saved at =inf, TrLoss=0.2372]
 Training FV-otc-s3-t8:  56%|█████▌    | 28/50 [00:06<00:04,  4.61it/s, Saved at =inf, TrLoss=0.2354]
 Training FV-otc-s3-t8:  58%|█████▊    | 29/50 [00:06<00:04,  4.73it/s, Saved at =inf, TrLoss=0.2354]
 Training FV-otc-s3-t8:  58%|█████▊    | 29/50 [00:07<00:04,  4.73it/s, Saved at =inf, TrLoss=0.2313]
 Training FV-otc-s3-t8:  60%|██████    | 30/50 [00:07<00:04,  4.78it/s, Saved at =inf, TrLoss=0.2313]
 Training FV-otc-s3-t8:  60%|██████    | 30/50 [00:07<00:04,  4.78it/s, Saved at =inf, TrLoss=0.2350]
 Training FV-otc-s3-t8:  62%|██████▏   | 31/50 [00:07<00:03,  4.83it/s, Saved at =inf, TrLoss=0.2350]
 Training FV-otc-s3-t8:  62%|██████▏   | 31/50 [00:07<00:03,  4.83it/s, Saved at =inf, TrLoss=0.2244]
 Training FV-otc-s3-t8:  64%|██████▍   | 32/50 [00:07<00:03,  4.98it/s, Saved at =inf, TrLoss=0.2244]
 Training FV-otc-s3-t8:  64%|██████▍   | 32/50 [00:07<00:03,  4.98it/s, Saved at =inf, TrLoss=0.2239]
 Training FV-otc-s3-t8:  66%|██████▌   | 33/50 [00:07<00:03,  4.93it/s, Saved at =inf, TrLoss=0.2239]
 Training FV-otc-s3-t8:  66%|██████▌   | 33/50 [00:07<00:03,  4.93it/s, Saved at =inf, TrLoss=0.2212]
 Training FV-otc-s3-t8:  68%|██████▊   | 34/50 [00:07<00:03,  4.96it/s, Saved at =inf, TrLoss=0.2212]
 Training FV-otc-s3-t8:  68%|██████▊   | 34/50 [00:08<00:03,  4.96it/s, Saved at =inf, TrLoss=0.2245]
 Training FV-otc-s3-t8:  70%|███████   | 35/50 [00:08<00:03,  4.74it/s, Saved at =inf, TrLoss=0.2245]
 Training FV-otc-s3-t8:  70%|███████   | 35/50 [00:08<00:03,  4.74it/s, Saved at =inf, TrLoss=0.2157]
 Training FV-otc-s3-t8:  72%|███████▏  | 36/50 [00:08<00:02,  4.76it/s, Saved at =inf, TrLoss=0.2157]
 Training FV-otc-s3-t8:  72%|███████▏  | 36/50 [00:08<00:02,  4.76it/s, Saved at =inf, TrLoss=0.2116]
 Training FV-otc-s3-t8:  74%|███████▍  | 37/50 [00:08<00:02,  4.47it/s, Saved at =inf, TrLoss=0.2116]
 Training FV-otc-s3-t8:  74%|███████▍  | 37/50 [00:08<00:02,  4.47it/s, Saved at =inf, TrLoss=0.2099]
 Training FV-otc-s3-t8:  76%|███████▌  | 38/50 [00:08<00:02,  4.56it/s, Saved at =inf, TrLoss=0.2099]
 Training FV-otc-s3-t8:  76%|███████▌  | 38/50 [00:08<00:02,  4.56it/s, Saved at =inf, TrLoss=0.2096]
 Training FV-otc-s3-t8:  78%|███████▊  | 39/50 [00:08<00:02,  4.61it/s, Saved at =inf, TrLoss=0.2096]
 Training FV-otc-s3-t8:  78%|███████▊  | 39/50 [00:09<00:02,  4.61it/s, Saved at =inf, TrLoss=0.2097]
 Training FV-otc-s3-t8:  80%|████████  | 40/50 [00:09<00:02,  4.70it/s, Saved at =inf, TrLoss=0.2097]
 Training FV-otc-s3-t8:  80%|████████  | 40/50 [00:09<00:02,  4.70it/s, Saved at =inf, TrLoss=0.2030]
 Training FV-otc-s3-t8:  82%|████████▏ | 41/50 [00:09<00:01,  4.55it/s, Saved at =inf, TrLoss=0.2030]
 Training FV-otc-s3-t8:  82%|████████▏ | 41/50 [00:09<00:01,  4.55it/s, Saved at =inf, TrLoss=0.2072]
 Training FV-otc-s3-t8:  84%|████████▍ | 42/50 [00:09<00:01,  4.56it/s, Saved at =inf, TrLoss=0.2072]
 Training FV-otc-s3-t8:  84%|████████▍ | 42/50 [00:09<00:01,  4.56it/s, Saved at =inf, TrLoss=0.2120]
 Training FV-otc-s3-t8:  86%|████████▌ | 43/50 [00:09<00:01,  4.58it/s, Saved at =inf, TrLoss=0.2120]
 Training FV-otc-s3-t8:  86%|████████▌ | 43/50 [00:10<00:01,  4.58it/s, Saved at =inf, TrLoss=0.2135]
 Training FV-otc-s3-t8:  88%|████████▊ | 44/50 [00:10<00:01,  4.54it/s, Saved at =inf, TrLoss=0.2135]
 Training FV-otc-s3-t8:  88%|████████▊ | 44/50 [00:10<00:01,  4.54it/s, Saved at =inf, TrLoss=0.2013]
 Training FV-otc-s3-t8:  90%|█████████ | 45/50 [00:10<00:01,  4.39it/s, Saved at =inf, TrLoss=0.2013]
 Training FV-otc-s3-t8:  90%|█████████ | 45/50 [00:10<00:01,  4.39it/s, Saved at =inf, TrLoss=0.1947]
 Training FV-otc-s3-t8:  92%|█████████▏| 46/50 [00:10<00:00,  4.58it/s, Saved at =inf, TrLoss=0.1947]
 Training FV-otc-s3-t8:  92%|█████████▏| 46/50 [00:10<00:00,  4.58it/s, Saved at =inf, TrLoss=0.2028]
 Training FV-otc-s3-t8:  94%|█████████▍| 47/50 [00:10<00:00,  4.75it/s, Saved at =inf, TrLoss=0.2028]
 Training FV-otc-s3-t8:  94%|█████████▍| 47/50 [00:10<00:00,  4.75it/s, Saved at =inf, TrLoss=0.2026]
 Training FV-otc-s3-t8:  96%|█████████▌| 48/50 [00:10<00:00,  4.65it/s, Saved at =inf, TrLoss=0.2026]
 Training FV-otc-s3-t8:  96%|█████████▌| 48/50 [00:11<00:00,  4.65it/s, Saved at =inf, TrLoss=0.1975]
 Training FV-otc-s3-t8:  98%|█████████▊| 49/50 [00:11<00:00,  4.67it/s, Saved at =inf, TrLoss=0.1975]
 Training FV-otc-s3-t8:  98%|█████████▊| 49/50 [00:11<00:00,  4.67it/s, Saved at =inf, TrLoss=0.1964]
 Training FV-otc-s3-t8: 100%|██████████| 50/50 [00:11<00:00,  4.73it/s, Saved at =inf, TrLoss=0.1964]
 Training FV-otc-s3-t8: 100%|██████████| 50/50 [00:11<00:00,  4.40it/s, Saved at =inf, TrLoss=0.1964]

 Training FV-otc-s3-t9:   0%|          | 0/50 [00:00<?, ?it/s]
 Training FV-otc-s3-t9:   0%|          | 0/50 [00:00<?, ?it/s, Saved at =inf, TrLoss=0.8467]
 Training FV-otc-s3-t9:   2%|▏         | 1/50 [00:00<00:13,  3.63it/s, Saved at =inf, TrLoss=0.8467]
 Training FV-otc-s3-t9:   2%|▏         | 1/50 [00:00<00:13,  3.63it/s, Saved at =inf, TrLoss=0.6538]
 Training FV-otc-s3-t9:   4%|▍         | 2/50 [00:00<00:12,  3.88it/s, Saved at =inf, TrLoss=0.6538]
 Training FV-otc-s3-t9:   4%|▍         | 2/50 [00:00<00:12,  3.88it/s, Saved at =inf, TrLoss=0.7160]
 Training FV-otc-s3-t9:   6%|▌         | 3/50 [00:00<00:12,  3.89it/s, Saved at =inf, TrLoss=0.7160]
 Training FV-otc-s3-t9:   6%|▌         | 3/50 [00:00<00:12,  3.89it/s, Saved at =inf, TrLoss=0.6138]
 Training FV-otc-s3-t9:   8%|▊         | 4/50 [00:01<00:11,  4.05it/s, Saved at =inf, TrLoss=0.6138]
 Training FV-otc-s3-t9:   8%|▊         | 4/50 [00:01<00:11,  4.05it/s, Saved at =inf, TrLoss=0.5679]
 Training FV-otc-s3-t9:  10%|█         | 5/50 [00:01<00:10,  4.10it/s, Saved at =inf, TrLoss=0.5679]
 Training FV-otc-s3-t9:  10%|█         | 5/50 [00:01<00:10,  4.10it/s, Saved at =inf, TrLoss=0.5163]
 Training FV-otc-s3-t9:  12%|█▏        | 6/50 [00:01<00:10,  4.16it/s, Saved at =inf, TrLoss=0.5163]
 Training FV-otc-s3-t9:  12%|█▏        | 6/50 [00:01<00:10,  4.16it/s, Saved at =inf, TrLoss=0.4546]
 Training FV-otc-s3-t9:  14%|█▍        | 7/50 [00:01<00:10,  4.13it/s, Saved at =inf, TrLoss=0.4546]
 Training FV-otc-s3-t9:  14%|█▍        | 7/50 [00:01<00:10,  4.13it/s, Saved at =inf, TrLoss=0.4218]
 Training FV-otc-s3-t9:  16%|█▌        | 8/50 [00:01<00:10,  4.13it/s, Saved at =inf, TrLoss=0.4218]
 Training FV-otc-s3-t9:  16%|█▌        | 8/50 [00:02<00:10,  4.13it/s, Saved at =inf, TrLoss=0.3946]
 Training FV-otc-s3-t9:  18%|█▊        | 9/50 [00:02<00:09,  4.18it/s, Saved at =inf, TrLoss=0.3946]
 Training FV-otc-s3-t9:  18%|█▊        | 9/50 [00:02<00:09,  4.18it/s, Saved at =inf, TrLoss=0.3711]
 Training FV-otc-s3-t9:  20%|██        | 10/50 [00:02<00:09,  4.24it/s, Saved at =inf, TrLoss=0.3711]
 Training FV-otc-s3-t9:  20%|██        | 10/50 [00:02<00:09,  4.24it/s, Saved at =inf, TrLoss=0.3622]
 Training FV-otc-s3-t9:  22%|██▏       | 11/50 [00:02<00:09,  4.14it/s, Saved at =inf, TrLoss=0.3622]
 Training FV-otc-s3-t9:  22%|██▏       | 11/50 [00:02<00:09,  4.14it/s, Saved at =inf, TrLoss=0.3381]
 Training FV-otc-s3-t9:  24%|██▍       | 12/50 [00:02<00:09,  3.98it/s, Saved at =inf, TrLoss=0.3381]
 Training FV-otc-s3-t9:  24%|██▍       | 12/50 [00:03<00:09,  3.98it/s, Saved at =inf, TrLoss=0.3325]
 Training FV-otc-s3-t9:  26%|██▌       | 13/50 [00:03<00:09,  3.88it/s, Saved at =inf, TrLoss=0.3325]
 Training FV-otc-s3-t9:  26%|██▌       | 13/50 [00:03<00:09,  3.88it/s, Saved at =inf, TrLoss=0.3277]
 Training FV-otc-s3-t9:  28%|██▊       | 14/50 [00:03<00:09,  3.91it/s, Saved at =inf, TrLoss=0.3277]
 Training FV-otc-s3-t9:  28%|██▊       | 14/50 [00:03<00:09,  3.91it/s, Saved at =inf, TrLoss=0.3252]
 Training FV-otc-s3-t9:  30%|███       | 15/50 [00:03<00:09,  3.74it/s, Saved at =inf, TrLoss=0.3252]
 Training FV-otc-s3-t9:  30%|███       | 15/50 [00:04<00:09,  3.74it/s, Saved at =inf, TrLoss=0.3127]
 Training FV-otc-s3-t9:  32%|███▏      | 16/50 [00:04<00:09,  3.52it/s, Saved at =inf, TrLoss=0.3127]
 Training FV-otc-s3-t9:  32%|███▏      | 16/50 [00:04<00:09,  3.52it/s, Saved at =inf, TrLoss=0.3008]
 Training FV-otc-s3-t9:  34%|███▍      | 17/50 [00:04<00:09,  3.33it/s, Saved at =inf, TrLoss=0.3008]
 Training FV-otc-s3-t9:  34%|███▍      | 17/50 [00:04<00:09,  3.33it/s, Saved at =inf, TrLoss=0.2911]
 Training FV-otc-s3-t9:  36%|███▌      | 18/50 [00:04<00:09,  3.40it/s, Saved at =inf, TrLoss=0.2911]
 Training FV-otc-s3-t9:  36%|███▌      | 18/50 [00:04<00:09,  3.40it/s, Saved at =inf, TrLoss=0.2892]
 Training FV-otc-s3-t9:  38%|███▊      | 19/50 [00:05<00:09,  3.21it/s, Saved at =inf, TrLoss=0.2892]
 Training FV-otc-s3-t9:  38%|███▊      | 19/50 [00:05<00:09,  3.21it/s, Saved at =inf, TrLoss=0.2854]
 Training FV-otc-s3-t9:  40%|████      | 20/50 [00:05<00:10,  2.84it/s, Saved at =inf, TrLoss=0.2854]
 Training FV-otc-s3-t9:  40%|████      | 20/50 [00:05<00:10,  2.84it/s, Saved at =inf, TrLoss=0.2683]
 Training FV-otc-s3-t9:  42%|████▏     | 21/50 [00:05<00:09,  2.93it/s, Saved at =inf, TrLoss=0.2683]
 Training FV-otc-s3-t9:  42%|████▏     | 21/50 [00:06<00:09,  2.93it/s, Saved at =inf, TrLoss=0.2732]
 Training FV-otc-s3-t9:  44%|████▍     | 22/50 [00:06<00:09,  3.00it/s, Saved at =inf, TrLoss=0.2732]
 Training FV-otc-s3-t9:  44%|████▍     | 22/50 [00:06<00:09,  3.00it/s, Saved at =inf, TrLoss=0.2702]
 Training FV-otc-s3-t9:  46%|████▌     | 23/50 [00:06<00:08,  3.22it/s, Saved at =inf, TrLoss=0.2702]
 Training FV-otc-s3-t9:  46%|████▌     | 23/50 [00:06<00:08,  3.22it/s, Saved at =inf, TrLoss=0.2775]
 Training FV-otc-s3-t9:  48%|████▊     | 24/50 [00:06<00:07,  3.35it/s, Saved at =inf, TrLoss=0.2775]
 Training FV-otc-s3-t9:  48%|████▊     | 24/50 [00:06<00:07,  3.35it/s, Saved at =inf, TrLoss=0.2842]
 Training FV-otc-s3-t9:  50%|█████     | 25/50 [00:06<00:06,  3.58it/s, Saved at =inf, TrLoss=0.2842]
 Training FV-otc-s3-t9:  50%|█████     | 25/50 [00:07<00:06,  3.58it/s, Saved at =inf, TrLoss=0.2549]
 Training FV-otc-s3-t9:  52%|█████▏    | 26/50 [00:07<00:06,  3.60it/s, Saved at =inf, TrLoss=0.2549]
 Training FV-otc-s3-t9:  52%|█████▏    | 26/50 [00:07<00:06,  3.60it/s, Saved at =inf, TrLoss=0.2641]
 Training FV-otc-s3-t9:  54%|█████▍    | 27/50 [00:07<00:06,  3.44it/s, Saved at =inf, TrLoss=0.2641]
 Training FV-otc-s3-t9:  54%|█████▍    | 27/50 [00:07<00:06,  3.44it/s, Saved at =inf, TrLoss=0.2617]
 Training FV-otc-s3-t9:  56%|█████▌    | 28/50 [00:07<00:06,  3.43it/s, Saved at =inf, TrLoss=0.2617]
 Training FV-otc-s3-t9:  56%|█████▌    | 28/50 [00:07<00:06,  3.43it/s, Saved at =inf, TrLoss=0.2464]
 Training FV-otc-s3-t9:  58%|█████▊    | 29/50 [00:08<00:05,  3.54it/s, Saved at =inf, TrLoss=0.2464]
 Training FV-otc-s3-t9:  58%|█████▊    | 29/50 [00:08<00:05,  3.54it/s, Saved at =inf, TrLoss=0.2553]
 Training FV-otc-s3-t9:  60%|██████    | 30/50 [00:08<00:05,  3.52it/s, Saved at =inf, TrLoss=0.2553]
 Training FV-otc-s3-t9:  60%|██████    | 30/50 [00:08<00:05,  3.52it/s, Saved at =inf, TrLoss=0.2475]
 Training FV-otc-s3-t9:  62%|██████▏   | 31/50 [00:08<00:05,  3.60it/s, Saved at =inf, TrLoss=0.2475]
 Training FV-otc-s3-t9:  62%|██████▏   | 31/50 [00:08<00:05,  3.60it/s, Saved at =inf, TrLoss=0.2459]
 Training FV-otc-s3-t9:  64%|██████▍   | 32/50 [00:08<00:05,  3.56it/s, Saved at =inf, TrLoss=0.2459]
 Training FV-otc-s3-t9:  64%|██████▍   | 32/50 [00:09<00:05,  3.56it/s, Saved at =inf, TrLoss=0.2366]
 Training FV-otc-s3-t9:  66%|██████▌   | 33/50 [00:09<00:04,  3.73it/s, Saved at =inf, TrLoss=0.2366]
 Training FV-otc-s3-t9:  66%|██████▌   | 33/50 [00:09<00:04,  3.73it/s, Saved at =inf, TrLoss=0.2355]
 Training FV-otc-s3-t9:  68%|██████▊   | 34/50 [00:09<00:04,  3.69it/s, Saved at =inf, TrLoss=0.2355]
 Training FV-otc-s3-t9:  68%|██████▊   | 34/50 [00:09<00:04,  3.69it/s, Saved at =inf, TrLoss=0.2367]
 Training FV-otc-s3-t9:  70%|███████   | 35/50 [00:09<00:03,  3.81it/s, Saved at =inf, TrLoss=0.2367]
 Training FV-otc-s3-t9:  70%|███████   | 35/50 [00:09<00:03,  3.81it/s, Saved at =inf, TrLoss=0.2360]
 Training FV-otc-s3-t9:  72%|███████▏  | 36/50 [00:09<00:03,  3.83it/s, Saved at =inf, TrLoss=0.2360]
 Training FV-otc-s3-t9:  72%|███████▏  | 36/50 [00:10<00:03,  3.83it/s, Saved at =inf, TrLoss=0.2275]
 Training FV-otc-s3-t9:  74%|███████▍  | 37/50 [00:10<00:03,  3.86it/s, Saved at =inf, TrLoss=0.2275]
 Training FV-otc-s3-t9:  74%|███████▍  | 37/50 [00:10<00:03,  3.86it/s, Saved at =inf, TrLoss=0.2280]
 Training FV-otc-s3-t9:  76%|███████▌  | 38/50 [00:10<00:03,  3.78it/s, Saved at =inf, TrLoss=0.2280]
 Training FV-otc-s3-t9:  76%|███████▌  | 38/50 [00:10<00:03,  3.78it/s, Saved at =inf, TrLoss=0.2299]
 Training FV-otc-s3-t9:  78%|███████▊  | 39/50 [00:10<00:02,  3.86it/s, Saved at =inf, TrLoss=0.2299]
 Training FV-otc-s3-t9:  78%|███████▊  | 39/50 [00:10<00:02,  3.86it/s, Saved at =inf, TrLoss=0.2235]
 Training FV-otc-s3-t9:  80%|████████  | 40/50 [00:11<00:02,  3.61it/s, Saved at =inf, TrLoss=0.2235]
 Training FV-otc-s3-t9:  80%|████████  | 40/50 [00:11<00:02,  3.61it/s, Saved at =inf, TrLoss=0.2245]
 Training FV-otc-s3-t9:  82%|████████▏ | 41/50 [00:11<00:02,  3.12it/s, Saved at =inf, TrLoss=0.2245]
 Training FV-otc-s3-t9:  82%|████████▏ | 41/50 [00:11<00:02,  3.12it/s, Saved at =inf, TrLoss=0.2181]
 Training FV-otc-s3-t9:  84%|████████▍ | 42/50 [00:11<00:02,  3.06it/s, Saved at =inf, TrLoss=0.2181]
 Training FV-otc-s3-t9:  84%|████████▍ | 42/50 [00:11<00:02,  3.06it/s, Saved at =inf, TrLoss=0.2260]
 Training FV-otc-s3-t9:  86%|████████▌ | 43/50 [00:12<00:02,  3.16it/s, Saved at =inf, TrLoss=0.2260]
 Training FV-otc-s3-t9:  86%|████████▌ | 43/50 [00:12<00:02,  3.16it/s, Saved at =inf, TrLoss=0.2176]
 Training FV-otc-s3-t9:  88%|████████▊ | 44/50 [00:12<00:02,  2.98it/s, Saved at =inf, TrLoss=0.2176]
 Training FV-otc-s3-t9:  88%|████████▊ | 44/50 [00:12<00:02,  2.98it/s, Saved at =inf, TrLoss=0.2103]
 Training FV-otc-s3-t9:  90%|█████████ | 45/50 [00:12<00:01,  3.05it/s, Saved at =inf, TrLoss=0.2103]
 Training FV-otc-s3-t9:  90%|█████████ | 45/50 [00:12<00:01,  3.05it/s, Saved at =inf, TrLoss=0.2163]
 Training FV-otc-s3-t9:  92%|█████████▏| 46/50 [00:13<00:01,  3.17it/s, Saved at =inf, TrLoss=0.2163]
 Training FV-otc-s3-t9:  92%|█████████▏| 46/50 [00:13<00:01,  3.17it/s, Saved at =inf, TrLoss=0.2096]
 Training FV-otc-s3-t9:  94%|█████████▍| 47/50 [00:13<00:00,  3.21it/s, Saved at =inf, TrLoss=0.2096]
 Training FV-otc-s3-t9:  94%|█████████▍| 47/50 [00:13<00:00,  3.21it/s, Saved at =inf, TrLoss=0.2089]
 Training FV-otc-s3-t9:  96%|█████████▌| 48/50 [00:13<00:00,  3.15it/s, Saved at =inf, TrLoss=0.2089]
 Training FV-otc-s3-t9:  96%|█████████▌| 48/50 [00:13<00:00,  3.15it/s, Saved at =inf, TrLoss=0.2117]
 Training FV-otc-s3-t9:  98%|█████████▊| 49/50 [00:14<00:00,  3.13it/s, Saved at =inf, TrLoss=0.2117]
 Training FV-otc-s3-t9:  98%|█████████▊| 49/50 [00:14<00:00,  3.13it/s, Saved at =inf, TrLoss=0.2093]
 Training FV-otc-s3-t9: 100%|██████████| 50/50 [00:14<00:00,  3.08it/s, Saved at =inf, TrLoss=0.2093]
 Training FV-otc-s3-t9: 100%|██████████| 50/50 [00:14<00:00,  3.49it/s, Saved at =inf, TrLoss=0.2093]

 Training ATK-otc-s3-t7:   0%|          | 0/50 [00:00<?, ?it/s]
 Training ATK-otc-s3-t7:   0%|          | 0/50 [00:00<?, ?it/s, Saved at =inf, TrLoss=0.8020]
 Training ATK-otc-s3-t7:   2%|▏         | 1/50 [00:00<00:14,  3.43it/s, Saved at =inf, TrLoss=0.8020]
 Training ATK-otc-s3-t7:   2%|▏         | 1/50 [00:00<00:14,  3.43it/s, Saved at =inf, TrLoss=0.7990]
 Training ATK-otc-s3-t7:   4%|▍         | 2/50 [00:00<00:13,  3.52it/s, Saved at =inf, TrLoss=0.7990]
 Training ATK-otc-s3-t7:   4%|▍         | 2/50 [00:00<00:13,  3.52it/s, Saved at =inf, TrLoss=0.5896]
 Training ATK-otc-s3-t7:   6%|▌         | 3/50 [00:00<00:14,  3.14it/s, Saved at =inf, TrLoss=0.5896]
 Training ATK-otc-s3-t7:   6%|▌         | 3/50 [00:01<00:14,  3.14it/s, Saved at =inf, TrLoss=0.6209]
 Training ATK-otc-s3-t7:   8%|▊         | 4/50 [00:01<00:14,  3.21it/s, Saved at =inf, TrLoss=0.6209]
 Training ATK-otc-s3-t7:   8%|▊         | 4/50 [00:01<00:14,  3.21it/s, Saved at =inf, TrLoss=0.5507]
 Training ATK-otc-s3-t7:  10%|█         | 5/50 [00:01<00:13,  3.22it/s, Saved at =inf, TrLoss=0.5507]
 Training ATK-otc-s3-t7:  10%|█         | 5/50 [00:01<00:13,  3.22it/s, Saved at =inf, TrLoss=0.5251]
 Training ATK-otc-s3-t7:  12%|█▏        | 6/50 [00:01<00:13,  3.23it/s, Saved at =inf, TrLoss=0.5251]
 Training ATK-otc-s3-t7:  12%|█▏        | 6/50 [00:02<00:13,  3.23it/s, Saved at =inf, TrLoss=0.5012]
 Training ATK-otc-s3-t7:  14%|█▍        | 7/50 [00:02<00:13,  3.22it/s, Saved at =inf, TrLoss=0.5012]
 Training ATK-otc-s3-t7:  14%|█▍        | 7/50 [00:02<00:13,  3.22it/s, Saved at =inf, TrLoss=0.4667]
 Training ATK-otc-s3-t7:  16%|█▌        | 8/50 [00:02<00:13,  3.02it/s, Saved at =inf, TrLoss=0.4667]
 Training ATK-otc-s3-t7:  16%|█▌        | 8/50 [00:02<00:13,  3.02it/s, Saved at =inf, TrLoss=0.4531]
 Training ATK-otc-s3-t7:  18%|█▊        | 9/50 [00:02<00:11,  3.46it/s, Saved at =inf, TrLoss=0.4531]
 Training ATK-otc-s3-t7:  18%|█▊        | 9/50 [00:02<00:11,  3.46it/s, Saved at =inf, TrLoss=0.4203]
 Training ATK-otc-s3-t7:  20%|██        | 10/50 [00:02<00:10,  3.65it/s, Saved at =inf, TrLoss=0.4203]
 Training ATK-otc-s3-t7:  20%|██        | 10/50 [00:03<00:10,  3.65it/s, Saved at =inf, TrLoss=0.3976]
 Training ATK-otc-s3-t7:  22%|██▏       | 11/50 [00:03<00:11,  3.41it/s, Saved at =inf, TrLoss=0.3976]
 Training ATK-otc-s3-t7:  22%|██▏       | 11/50 [00:03<00:11,  3.41it/s, Saved at =inf, TrLoss=0.3536]
 Training ATK-otc-s3-t7:  24%|██▍       | 12/50 [00:03<00:12,  3.15it/s, Saved at =inf, TrLoss=0.3536]
 Training ATK-otc-s3-t7:  24%|██▍       | 12/50 [00:03<00:12,  3.15it/s, Saved at =inf, TrLoss=0.3326]
 Training ATK-otc-s3-t7:  26%|██▌       | 13/50 [00:03<00:11,  3.16it/s, Saved at =inf, TrLoss=0.3326]
 Training ATK-otc-s3-t7:  26%|██▌       | 13/50 [00:04<00:11,  3.16it/s, Saved at =inf, TrLoss=0.3041]
 Training ATK-otc-s3-t7:  28%|██▊       | 14/50 [00:04<00:11,  3.18it/s, Saved at =inf, TrLoss=0.3041]
 Training ATK-otc-s3-t7:  28%|██▊       | 14/50 [00:04<00:11,  3.18it/s, Saved at =inf, TrLoss=0.3196]
 Training ATK-otc-s3-t7:  30%|███       | 15/50 [00:04<00:11,  3.14it/s, Saved at =inf, TrLoss=0.3196]
 Training ATK-otc-s3-t7:  30%|███       | 15/50 [00:04<00:11,  3.14it/s, Saved at =inf, TrLoss=0.3134]
 Training ATK-otc-s3-t7:  32%|███▏      | 16/50 [00:04<00:10,  3.28it/s, Saved at =inf, TrLoss=0.3134]
 Training ATK-otc-s3-t7:  32%|███▏      | 16/50 [00:05<00:10,  3.28it/s, Saved at =inf, TrLoss=0.2977]
 Training ATK-otc-s3-t7:  34%|███▍      | 17/50 [00:05<00:09,  3.32it/s, Saved at =inf, TrLoss=0.2977]
 Training ATK-otc-s3-t7:  34%|███▍      | 17/50 [00:05<00:09,  3.32it/s, Saved at =inf, TrLoss=0.2930]
 Training ATK-otc-s3-t7:  36%|███▌      | 18/50 [00:05<00:09,  3.24it/s, Saved at =inf, TrLoss=0.2930]
 Training ATK-otc-s3-t7:  36%|███▌      | 18/50 [00:05<00:09,  3.24it/s, Saved at =inf, TrLoss=0.2765]
 Training ATK-otc-s3-t7:  38%|███▊      | 19/50 [00:05<00:08,  3.52it/s, Saved at =inf, TrLoss=0.2765]
 Training ATK-otc-s3-t7:  38%|███▊      | 19/50 [00:05<00:08,  3.52it/s, Saved at =inf, TrLoss=0.2790]
 Training ATK-otc-s3-t7:  40%|████      | 20/50 [00:05<00:07,  3.94it/s, Saved at =inf, TrLoss=0.2790]
 Training ATK-otc-s3-t7:  40%|████      | 20/50 [00:06<00:07,  3.94it/s, Saved at =inf, TrLoss=0.2648]
 Training ATK-otc-s3-t7:  42%|████▏     | 21/50 [00:06<00:06,  4.18it/s, Saved at =inf, TrLoss=0.2648]
 Training ATK-otc-s3-t7:  42%|████▏     | 21/50 [00:06<00:06,  4.18it/s, Saved at =inf, TrLoss=0.2627]
 Training ATK-otc-s3-t7:  44%|████▍     | 22/50 [00:06<00:06,  4.24it/s, Saved at =inf, TrLoss=0.2627]
 Training ATK-otc-s3-t7:  44%|████▍     | 22/50 [00:06<00:06,  4.24it/s, Saved at =inf, TrLoss=0.2582]
 Training ATK-otc-s3-t7:  46%|████▌     | 23/50 [00:06<00:06,  4.19it/s, Saved at =inf, TrLoss=0.2582]
 Training ATK-otc-s3-t7:  46%|████▌     | 23/50 [00:06<00:06,  4.19it/s, Saved at =inf, TrLoss=0.2468]
 Training ATK-otc-s3-t7:  48%|████▊     | 24/50 [00:06<00:06,  4.12it/s, Saved at =inf, TrLoss=0.2468]
 Training ATK-otc-s3-t7:  48%|████▊     | 24/50 [00:07<00:06,  4.12it/s, Saved at =inf, TrLoss=0.2491]
 Training ATK-otc-s3-t7:  50%|█████     | 25/50 [00:07<00:05,  4.32it/s, Saved at =inf, TrLoss=0.2491]
 Training ATK-otc-s3-t7:  50%|█████     | 25/50 [00:07<00:05,  4.32it/s, Saved at =inf, TrLoss=0.2382]
 Training ATK-otc-s3-t7:  52%|█████▏    | 26/50 [00:07<00:05,  4.41it/s, Saved at =inf, TrLoss=0.2382]
 Training ATK-otc-s3-t7:  52%|█████▏    | 26/50 [00:07<00:05,  4.41it/s, Saved at =inf, TrLoss=0.2478]
 Training ATK-otc-s3-t7:  54%|█████▍    | 27/50 [00:07<00:05,  4.41it/s, Saved at =inf, TrLoss=0.2478]
 Training ATK-otc-s3-t7:  54%|█████▍    | 27/50 [00:07<00:05,  4.41it/s, Saved at =inf, TrLoss=0.2332]
 Training ATK-otc-s3-t7:  56%|█████▌    | 28/50 [00:07<00:04,  4.48it/s, Saved at =inf, TrLoss=0.2332]
 Training ATK-otc-s3-t7:  56%|█████▌    | 28/50 [00:07<00:04,  4.48it/s, Saved at =inf, TrLoss=0.2371]
 Training ATK-otc-s3-t7:  58%|█████▊    | 29/50 [00:07<00:04,  4.48it/s, Saved at =inf, TrLoss=0.2371]
 Training ATK-otc-s3-t7:  58%|█████▊    | 29/50 [00:08<00:04,  4.48it/s, Saved at =inf, TrLoss=0.2305]
 Training ATK-otc-s3-t7:  60%|██████    | 30/50 [00:08<00:04,  4.44it/s, Saved at =inf, TrLoss=0.2305]
 Training ATK-otc-s3-t7:  60%|██████    | 30/50 [00:08<00:04,  4.44it/s, Saved at =inf, TrLoss=0.2381]
 Training ATK-otc-s3-t7:  62%|██████▏   | 31/50 [00:08<00:04,  4.32it/s, Saved at =inf, TrLoss=0.2381]
 Training ATK-otc-s3-t7:  62%|██████▏   | 31/50 [00:08<00:04,  4.32it/s, Saved at =inf, TrLoss=0.2249]
 Training ATK-otc-s3-t7:  64%|██████▍   | 32/50 [00:08<00:04,  4.27it/s, Saved at =inf, TrLoss=0.2249]
 Training ATK-otc-s3-t7:  64%|██████▍   | 32/50 [00:08<00:04,  4.27it/s, Saved at =inf, TrLoss=0.2282]
 Training ATK-otc-s3-t7:  66%|██████▌   | 33/50 [00:08<00:03,  4.35it/s, Saved at =inf, TrLoss=0.2282]
 Training ATK-otc-s3-t7:  66%|██████▌   | 33/50 [00:09<00:03,  4.35it/s, Saved at =inf, TrLoss=0.2204]
 Training ATK-otc-s3-t7:  68%|██████▊   | 34/50 [00:09<00:03,  4.45it/s, Saved at =inf, TrLoss=0.2204]
 Training ATK-otc-s3-t7:  68%|██████▊   | 34/50 [00:09<00:03,  4.45it/s, Saved at =inf, TrLoss=0.2258]
 Training ATK-otc-s3-t7:  70%|███████   | 35/50 [00:09<00:03,  4.62it/s, Saved at =inf, TrLoss=0.2258]
 Training ATK-otc-s3-t7:  70%|███████   | 35/50 [00:09<00:03,  4.62it/s, Saved at =inf, TrLoss=0.2231]
 Training ATK-otc-s3-t7:  72%|███████▏  | 36/50 [00:09<00:03,  4.67it/s, Saved at =inf, TrLoss=0.2231]
 Training ATK-otc-s3-t7:  72%|███████▏  | 36/50 [00:09<00:03,  4.67it/s, Saved at =inf, TrLoss=0.2188]
 Training ATK-otc-s3-t7:  74%|███████▍  | 37/50 [00:09<00:02,  4.47it/s, Saved at =inf, TrLoss=0.2188]
 Training ATK-otc-s3-t7:  74%|███████▍  | 37/50 [00:09<00:02,  4.47it/s, Saved at =inf, TrLoss=0.2166]
 Training ATK-otc-s3-t7:  76%|███████▌  | 38/50 [00:10<00:02,  4.28it/s, Saved at =inf, TrLoss=0.2166]
 Training ATK-otc-s3-t7:  76%|███████▌  | 38/50 [00:10<00:02,  4.28it/s, Saved at =inf, TrLoss=0.2144]
 Training ATK-otc-s3-t7:  78%|███████▊  | 39/50 [00:10<00:02,  4.32it/s, Saved at =inf, TrLoss=0.2144]
 Training ATK-otc-s3-t7:  78%|███████▊  | 39/50 [00:10<00:02,  4.32it/s, Saved at =inf, TrLoss=0.2171]
 Training ATK-otc-s3-t7:  80%|████████  | 40/50 [00:10<00:02,  4.19it/s, Saved at =inf, TrLoss=0.2171]
 Training ATK-otc-s3-t7:  80%|████████  | 40/50 [00:10<00:02,  4.19it/s, Saved at =inf, TrLoss=0.2126]
 Training ATK-otc-s3-t7:  82%|████████▏ | 41/50 [00:10<00:02,  4.30it/s, Saved at =inf, TrLoss=0.2126]
 Training ATK-otc-s3-t7:  82%|████████▏ | 41/50 [00:10<00:02,  4.30it/s, Saved at =inf, TrLoss=0.2170]
 Training ATK-otc-s3-t7:  84%|████████▍ | 42/50 [00:10<00:01,  4.25it/s, Saved at =inf, TrLoss=0.2170]
 Training ATK-otc-s3-t7:  84%|████████▍ | 42/50 [00:11<00:01,  4.25it/s, Saved at =inf, TrLoss=0.2148]
 Training ATK-otc-s3-t7:  86%|████████▌ | 43/50 [00:11<00:01,  4.07it/s, Saved at =inf, TrLoss=0.2148]
 Training ATK-otc-s3-t7:  86%|████████▌ | 43/50 [00:11<00:01,  4.07it/s, Saved at =inf, TrLoss=0.2148]
 Training ATK-otc-s3-t7:  88%|████████▊ | 44/50 [00:11<00:01,  3.88it/s, Saved at =inf, TrLoss=0.2148]
 Training ATK-otc-s3-t7:  88%|████████▊ | 44/50 [00:11<00:01,  3.88it/s, Saved at =inf, TrLoss=0.2055]
 Training ATK-otc-s3-t7:  90%|█████████ | 45/50 [00:11<00:01,  3.85it/s, Saved at =inf, TrLoss=0.2055]
 Training ATK-otc-s3-t7:  90%|█████████ | 45/50 [00:11<00:01,  3.85it/s, Saved at =inf, TrLoss=0.2098]
 Training ATK-otc-s3-t7:  92%|█████████▏| 46/50 [00:12<00:01,  3.85it/s, Saved at =inf, TrLoss=0.2098]
 Training ATK-otc-s3-t7:  92%|█████████▏| 46/50 [00:12<00:01,  3.85it/s, Saved at =inf, TrLoss=0.2094]
 Training ATK-otc-s3-t7:  94%|█████████▍| 47/50 [00:12<00:00,  3.71it/s, Saved at =inf, TrLoss=0.2094]
 Training ATK-otc-s3-t7:  94%|█████████▍| 47/50 [00:12<00:00,  3.71it/s, Saved at =inf, TrLoss=0.2035]
 Training ATK-otc-s3-t7:  96%|█████████▌| 48/50 [00:12<00:00,  3.44it/s, Saved at =inf, TrLoss=0.2035]
 Training ATK-otc-s3-t7:  96%|█████████▌| 48/50 [00:12<00:00,  3.44it/s, Saved at =inf, TrLoss=0.2124]
 Training ATK-otc-s3-t7:  98%|█████████▊| 49/50 [00:12<00:00,  3.34it/s, Saved at =inf, TrLoss=0.2124]
 Training ATK-otc-s3-t7:  98%|█████████▊| 49/50 [00:13<00:00,  3.34it/s, Saved at =inf, TrLoss=0.2030]
 Training ATK-otc-s3-t7: 100%|██████████| 50/50 [00:13<00:00,  3.41it/s, Saved at =inf, TrLoss=0.2030]
 Training ATK-otc-s3-t7: 100%|██████████| 50/50 [00:13<00:00,  3.77it/s, Saved at =inf, TrLoss=0.2030]
[15:43:00]   MCC=0.423±0.093, AUC=0.770±0.066, BAcc=0.681±0.042
[15:47:43]   [otc s3] 500/3269 candidates scanned, 490 eligible
[15:52:50]   [otc s3] 1000/3269 candidates scanned, 966 eligible
[15:57:21]   [otc s3] 1500/3269 candidates scanned, 1437 eligible
[16:00:55]   [otc s3] 2000/3269 candidates scanned, 1805 eligible
[16:05:19]   [otc s3] 2500/3269 candidates scanned, 2243 eligible
[16:09:02]   [otc s3] 3000/3269 candidates scanned, 2629 eligible
[16:10:39]   otc seed 3: n=2800 AUC=0.770 | flip% random total/prop 9.9/6.5 | optimized 16.4/7.0 | 29.0 min
[16:10:39] Training GDTE on otc (seed=4)...

 Training FV-otc-s4-t2:   0%|          | 0/50 [00:00<?, ?it/s]
 Training FV-otc-s4-t2:   0%|          | 0/50 [00:00<?, ?it/s, Saved at =inf, TrLoss=0.6602]
 Training FV-otc-s4-t2:   0%|          | 0/50 [00:00<?, ?it/s, Saved at =inf, TrLoss=0.5373]
 Training FV-otc-s4-t2:   4%|▍         | 2/50 [00:00<00:03, 13.03it/s, Saved at =inf, TrLoss=0.5373]
 Training FV-otc-s4-t2:   4%|▍         | 2/50 [00:00<00:03, 13.03it/s, Saved at =inf, TrLoss=0.7329]
 Training FV-otc-s4-t2:   4%|▍         | 2/50 [00:00<00:03, 13.03it/s, Saved at =inf, TrLoss=0.3353]
 Training FV-otc-s4-t2:   8%|▊         | 4/50 [00:00<00:03, 12.96it/s, Saved at =inf, TrLoss=0.3353]
 Training FV-otc-s4-t2:   8%|▊         | 4/50 [00:00<00:03, 12.96it/s, Saved at =inf, TrLoss=0.3002]
 Training FV-otc-s4-t2:   8%|▊         | 4/50 [00:00<00:03, 12.96it/s, Saved at =inf, TrLoss=0.3396]
 Training FV-otc-s4-t2:  12%|█▏        | 6/50 [00:00<00:03, 13.01it/s, Saved at =inf, TrLoss=0.3396]
 Training FV-otc-s4-t2:  12%|█▏        | 6/50 [00:00<00:03, 13.01it/s, Saved at =inf, TrLoss=0.2999]
 Training FV-otc-s4-t2:  12%|█▏        | 6/50 [00:00<00:03, 13.01it/s, Saved at =inf, TrLoss=0.2477]
 Training FV-otc-s4-t2:  16%|█▌        | 8/50 [00:00<00:03, 13.07it/s, Saved at =inf, TrLoss=0.2477]
 Training FV-otc-s4-t2:  16%|█▌        | 8/50 [00:00<00:03, 13.07it/s, Saved at =inf, TrLoss=0.2708]
 Training FV-otc-s4-t2:  16%|█▌        | 8/50 [00:00<00:03, 13.07it/s, Saved at =inf, TrLoss=0.2655]
 Training FV-otc-s4-t2:  20%|██        | 10/50 [00:00<00:03, 13.09it/s, Saved at =inf, TrLoss=0.2655]
 Training FV-otc-s4-t2:  20%|██        | 10/50 [00:00<00:03, 13.09it/s, Saved at =inf, TrLoss=0.2326]
 Training FV-otc-s4-t2:  20%|██        | 10/50 [00:00<00:03, 13.09it/s, Saved at =inf, TrLoss=0.2063]
 Training FV-otc-s4-t2:  24%|██▍       | 12/50 [00:00<00:02, 13.09it/s, Saved at =inf, TrLoss=0.2063]
 Training FV-otc-s4-t2:  24%|██▍       | 12/50 [00:00<00:02, 13.09it/s, Saved at =inf, TrLoss=0.1780]
 Training FV-otc-s4-t2:  24%|██▍       | 12/50 [00:01<00:02, 13.09it/s, Saved at =inf, TrLoss=0.1999]
 Training FV-otc-s4-t2:  28%|██▊       | 14/50 [00:01<00:02, 13.04it/s, Saved at =inf, TrLoss=0.1999]
 Training FV-otc-s4-t2:  28%|██▊       | 14/50 [00:01<00:02, 13.04it/s, Saved at =inf, TrLoss=0.1731]
 Training FV-otc-s4-t2:  28%|██▊       | 14/50 [00:01<00:02, 13.04it/s, Saved at =inf, TrLoss=0.1749]
 Training FV-otc-s4-t2:  32%|███▏      | 16/50 [00:01<00:02, 13.04it/s, Saved at =inf, TrLoss=0.1749]
 Training FV-otc-s4-t2:  32%|███▏      | 16/50 [00:01<00:02, 13.04it/s, Saved at =inf, TrLoss=0.1580]
 Training FV-otc-s4-t2:  32%|███▏      | 16/50 [00:01<00:02, 13.04it/s, Saved at =inf, TrLoss=0.1484]
 Training FV-otc-s4-t2:  36%|███▌      | 18/50 [00:01<00:02, 13.11it/s, Saved at =inf, TrLoss=0.1484]
 Training FV-otc-s4-t2:  36%|███▌      | 18/50 [00:01<00:02, 13.11it/s, Saved at =inf, TrLoss=0.1779]
 Training FV-otc-s4-t2:  36%|███▌      | 18/50 [00:01<00:02, 13.11it/s, Saved at =inf, TrLoss=0.1723]
 Training FV-otc-s4-t2:  40%|████      | 20/50 [00:01<00:02, 12.93it/s, Saved at =inf, TrLoss=0.1723]
 Training FV-otc-s4-t2:  40%|████      | 20/50 [00:01<00:02, 12.93it/s, Saved at =inf, TrLoss=0.1508]
 Training FV-otc-s4-t2:  40%|████      | 20/50 [00:01<00:02, 12.93it/s, Saved at =inf, TrLoss=0.1821]
 Training FV-otc-s4-t2:  44%|████▍     | 22/50 [00:01<00:02, 13.04it/s, Saved at =inf, TrLoss=0.1821]
 Training FV-otc-s4-t2:  44%|████▍     | 22/50 [00:01<00:02, 13.04it/s, Saved at =inf, TrLoss=0.1768]
 Training FV-otc-s4-t2:  44%|████▍     | 22/50 [00:01<00:02, 13.04it/s, Saved at =inf, TrLoss=0.1587]
 Training FV-otc-s4-t2:  48%|████▊     | 24/50 [00:01<00:01, 14.24it/s, Saved at =inf, TrLoss=0.1587]
 Training FV-otc-s4-t2:  48%|████▊     | 24/50 [00:01<00:01, 14.24it/s, Saved at =inf, TrLoss=0.1333]
 Training FV-otc-s4-t2:  48%|████▊     | 24/50 [00:01<00:01, 14.24it/s, Saved at =inf, TrLoss=0.1583]
 Training FV-otc-s4-t2:  52%|█████▏    | 26/50 [00:01<00:01, 13.71it/s, Saved at =inf, TrLoss=0.1583]
 Training FV-otc-s4-t2:  52%|█████▏    | 26/50 [00:02<00:01, 13.71it/s, Saved at =inf, TrLoss=0.1337]
 Training FV-otc-s4-t2:  52%|█████▏    | 26/50 [00:02<00:01, 13.71it/s, Saved at =inf, TrLoss=0.1327]
 Training FV-otc-s4-t2:  56%|█████▌    | 28/50 [00:02<00:01, 13.54it/s, Saved at =inf, TrLoss=0.1327]
 Training FV-otc-s4-t2:  56%|█████▌    | 28/50 [00:02<00:01, 13.54it/s, Saved at =inf, TrLoss=0.1456]
 Training FV-otc-s4-t2:  56%|█████▌    | 28/50 [00:02<00:01, 13.54it/s, Saved at =inf, TrLoss=0.1242]
 Training FV-otc-s4-t2:  60%|██████    | 30/50 [00:02<00:01, 13.41it/s, Saved at =inf, TrLoss=0.1242]
 Training FV-otc-s4-t2:  60%|██████    | 30/50 [00:02<00:01, 13.41it/s, Saved at =inf, TrLoss=0.1429]
 Training FV-otc-s4-t2:  60%|██████    | 30/50 [00:02<00:01, 13.41it/s, Saved at =inf, TrLoss=0.1354]
 Training FV-otc-s4-t2:  64%|██████▍   | 32/50 [00:02<00:01, 13.24it/s, Saved at =inf, TrLoss=0.1354]
 Training FV-otc-s4-t2:  64%|██████▍   | 32/50 [00:02<00:01, 13.24it/s, Saved at =inf, TrLoss=0.1135]
 Training FV-otc-s4-t2:  64%|██████▍   | 32/50 [00:02<00:01, 13.24it/s, Saved at =inf, TrLoss=0.1358]
 Training FV-otc-s4-t2:  68%|██████▊   | 34/50 [00:02<00:01, 13.20it/s, Saved at =inf, TrLoss=0.1358]
 Training FV-otc-s4-t2:  68%|██████▊   | 34/50 [00:02<00:01, 13.20it/s, Saved at =inf, TrLoss=0.1169]
 Training FV-otc-s4-t2:  68%|██████▊   | 34/50 [00:02<00:01, 13.20it/s, Saved at =inf, TrLoss=0.1049]
 Training FV-otc-s4-t2:  72%|███████▏  | 36/50 [00:02<00:01, 13.19it/s, Saved at =inf, TrLoss=0.1049]
 Training FV-otc-s4-t2:  72%|███████▏  | 36/50 [00:02<00:01, 13.19it/s, Saved at =inf, TrLoss=0.1065]
 Training FV-otc-s4-t2:  72%|███████▏  | 36/50 [00:02<00:01, 13.19it/s, Saved at =inf, TrLoss=0.1386]
 Training FV-otc-s4-t2:  76%|███████▌  | 38/50 [00:02<00:00, 12.10it/s, Saved at =inf, TrLoss=0.1386]
 Training FV-otc-s4-t2:  76%|███████▌  | 38/50 [00:02<00:00, 12.10it/s, Saved at =inf, TrLoss=0.1169]
 Training FV-otc-s4-t2:  76%|███████▌  | 38/50 [00:03<00:00, 12.10it/s, Saved at =inf, TrLoss=0.1104]
 Training FV-otc-s4-t2:  80%|████████  | 40/50 [00:03<00:00, 11.57it/s, Saved at =inf, TrLoss=0.1104]
 Training FV-otc-s4-t2:  80%|████████  | 40/50 [00:03<00:00, 11.57it/s, Saved at =inf, TrLoss=0.1203]
 Training FV-otc-s4-t2:  80%|████████  | 40/50 [00:03<00:00, 11.57it/s, Saved at =inf, TrLoss=0.1209]
 Training FV-otc-s4-t2:  84%|████████▍ | 42/50 [00:03<00:00, 11.09it/s, Saved at =inf, TrLoss=0.1209]
 Training FV-otc-s4-t2:  84%|████████▍ | 42/50 [00:03<00:00, 11.09it/s, Saved at =inf, TrLoss=0.0930]
 Training FV-otc-s4-t2:  84%|████████▍ | 42/50 [00:03<00:00, 11.09it/s, Saved at =inf, TrLoss=0.1250]
 Training FV-otc-s4-t2:  88%|████████▊ | 44/50 [00:03<00:00, 12.65it/s, Saved at =inf, TrLoss=0.1250]
 Training FV-otc-s4-t2:  88%|████████▊ | 44/50 [00:03<00:00, 12.65it/s, Saved at =inf, TrLoss=0.1315]
 Training FV-otc-s4-t2:  88%|████████▊ | 44/50 [00:03<00:00, 12.65it/s, Saved at =inf, TrLoss=0.0978]
 Training FV-otc-s4-t2:  92%|█████████▏| 46/50 [00:03<00:00, 12.90it/s, Saved at =inf, TrLoss=0.0978]
 Training FV-otc-s4-t2:  92%|█████████▏| 46/50 [00:03<00:00, 12.90it/s, Saved at =inf, TrLoss=0.1342]
 Training FV-otc-s4-t2:  92%|█████████▏| 46/50 [00:03<00:00, 12.90it/s, Saved at =inf, TrLoss=0.1073]
 Training FV-otc-s4-t2:  96%|█████████▌| 48/50 [00:03<00:00, 12.96it/s, Saved at =inf, TrLoss=0.1073]
 Training FV-otc-s4-t2:  96%|█████████▌| 48/50 [00:03<00:00, 12.96it/s, Saved at =inf, TrLoss=0.1228]
 Training FV-otc-s4-t2:  96%|█████████▌| 48/50 [00:03<00:00, 12.96it/s, Saved at =inf, TrLoss=0.0961]
 Training FV-otc-s4-t2: 100%|██████████| 50/50 [00:03<00:00, 13.03it/s, Saved at =inf, TrLoss=0.0961]
 Training FV-otc-s4-t2: 100%|██████████| 50/50 [00:03<00:00, 12.94it/s, Saved at =inf, TrLoss=0.0961]

 Training FV-otc-s4-t3:   0%|          | 0/50 [00:00<?, ?it/s]
 Training FV-otc-s4-t3:   0%|          | 0/50 [00:00<?, ?it/s, Saved at =inf, TrLoss=0.8526]
 Training FV-otc-s4-t3:   2%|▏         | 1/50 [00:00<00:06,  7.21it/s, Saved at =inf, TrLoss=0.8526]
 Training FV-otc-s4-t3:   2%|▏         | 1/50 [00:00<00:06,  7.21it/s, Saved at =inf, TrLoss=0.6830]
 Training FV-otc-s4-t3:   4%|▍         | 2/50 [00:00<00:05,  8.01it/s, Saved at =inf, TrLoss=0.6830]
 Training FV-otc-s4-t3:   4%|▍         | 2/50 [00:00<00:05,  8.01it/s, Saved at =inf, TrLoss=0.5860]
 Training FV-otc-s4-t3:   6%|▌         | 3/50 [00:00<00:05,  8.64it/s, Saved at =inf, TrLoss=0.5860]
 Training FV-otc-s4-t3:   6%|▌         | 3/50 [00:00<00:05,  8.64it/s, Saved at =inf, TrLoss=0.4915]
 Training FV-otc-s4-t3:   8%|▊         | 4/50 [00:00<00:05,  8.91it/s, Saved at =inf, TrLoss=0.4915]
 Training FV-otc-s4-t3:   8%|▊         | 4/50 [00:00<00:05,  8.91it/s, Saved at =inf, TrLoss=0.4061]
 Training FV-otc-s4-t3:  10%|█         | 5/50 [00:00<00:04,  9.09it/s, Saved at =inf, TrLoss=0.4061]
 Training FV-otc-s4-t3:  10%|█         | 5/50 [00:00<00:04,  9.09it/s, Saved at =inf, TrLoss=0.3673]
 Training FV-otc-s4-t3:  12%|█▏        | 6/50 [00:00<00:04,  9.14it/s, Saved at =inf, TrLoss=0.3673]
 Training FV-otc-s4-t3:  12%|█▏        | 6/50 [00:00<00:04,  9.14it/s, Saved at =inf, TrLoss=0.3170]
 Training FV-otc-s4-t3:  14%|█▍        | 7/50 [00:00<00:04,  9.24it/s, Saved at =inf, TrLoss=0.3170]
 Training FV-otc-s4-t3:  14%|█▍        | 7/50 [00:00<00:04,  9.24it/s, Saved at =inf, TrLoss=0.3002]
 Training FV-otc-s4-t3:  16%|█▌        | 8/50 [00:00<00:04,  9.27it/s, Saved at =inf, TrLoss=0.3002]
 Training FV-otc-s4-t3:  16%|█▌        | 8/50 [00:00<00:04,  9.27it/s, Saved at =inf, TrLoss=0.2858]
 Training FV-otc-s4-t3:  18%|█▊        | 9/50 [00:00<00:04,  9.33it/s, Saved at =inf, TrLoss=0.2858]
 Training FV-otc-s4-t3:  18%|█▊        | 9/50 [00:01<00:04,  9.33it/s, Saved at =inf, TrLoss=0.2468]
 Training FV-otc-s4-t3:  20%|██        | 10/50 [00:01<00:04,  9.43it/s, Saved at =inf, TrLoss=0.2468]
 Training FV-otc-s4-t3:  20%|██        | 10/50 [00:01<00:04,  9.43it/s, Saved at =inf, TrLoss=0.2816]
 Training FV-otc-s4-t3:  22%|██▏       | 11/50 [00:01<00:04,  9.47it/s, Saved at =inf, TrLoss=0.2816]
 Training FV-otc-s4-t3:  22%|██▏       | 11/50 [00:01<00:04,  9.47it/s, Saved at =inf, TrLoss=0.2232]
 Training FV-otc-s4-t3:  24%|██▍       | 12/50 [00:01<00:04,  9.48it/s, Saved at =inf, TrLoss=0.2232]
 Training FV-otc-s4-t3:  24%|██▍       | 12/50 [00:01<00:04,  9.48it/s, Saved at =inf, TrLoss=0.2949]
 Training FV-otc-s4-t3:  26%|██▌       | 13/50 [00:01<00:03,  9.49it/s, Saved at =inf, TrLoss=0.2949]
 Training FV-otc-s4-t3:  26%|██▌       | 13/50 [00:01<00:03,  9.49it/s, Saved at =inf, TrLoss=0.1776]
 Training FV-otc-s4-t3:  28%|██▊       | 14/50 [00:01<00:03,  9.50it/s, Saved at =inf, TrLoss=0.1776]
 Training FV-otc-s4-t3:  28%|██▊       | 14/50 [00:01<00:03,  9.50it/s, Saved at =inf, TrLoss=0.2182]
 Training FV-otc-s4-t3:  30%|███       | 15/50 [00:01<00:03,  9.49it/s, Saved at =inf, TrLoss=0.2182]
 Training FV-otc-s4-t3:  30%|███       | 15/50 [00:01<00:03,  9.49it/s, Saved at =inf, TrLoss=0.1963]
 Training FV-otc-s4-t3:  32%|███▏      | 16/50 [00:01<00:03,  9.53it/s, Saved at =inf, TrLoss=0.1963]
 Training FV-otc-s4-t3:  32%|███▏      | 16/50 [00:01<00:03,  9.53it/s, Saved at =inf, TrLoss=0.1552]
 Training FV-otc-s4-t3:  34%|███▍      | 17/50 [00:01<00:03,  9.53it/s, Saved at =inf, TrLoss=0.1552]
 Training FV-otc-s4-t3:  34%|███▍      | 17/50 [00:01<00:03,  9.53it/s, Saved at =inf, TrLoss=0.1807]
 Training FV-otc-s4-t3:  36%|███▌      | 18/50 [00:01<00:03,  9.48it/s, Saved at =inf, TrLoss=0.1807]
 Training FV-otc-s4-t3:  36%|███▌      | 18/50 [00:02<00:03,  9.48it/s, Saved at =inf, TrLoss=0.2024]
 Training FV-otc-s4-t3:  38%|███▊      | 19/50 [00:02<00:03,  9.47it/s, Saved at =inf, TrLoss=0.2024]
 Training FV-otc-s4-t3:  38%|███▊      | 19/50 [00:02<00:03,  9.47it/s, Saved at =inf, TrLoss=0.1761]
 Training FV-otc-s4-t3:  40%|████      | 20/50 [00:02<00:03,  9.50it/s, Saved at =inf, TrLoss=0.1761]
 Training FV-otc-s4-t3:  40%|████      | 20/50 [00:02<00:03,  9.50it/s, Saved at =inf, TrLoss=0.1650]
 Training FV-otc-s4-t3:  42%|████▏     | 21/50 [00:02<00:03,  9.55it/s, Saved at =inf, TrLoss=0.1650]
 Training FV-otc-s4-t3:  42%|████▏     | 21/50 [00:02<00:03,  9.55it/s, Saved at =inf, TrLoss=0.1924]
 Training FV-otc-s4-t3:  44%|████▍     | 22/50 [00:02<00:02,  9.55it/s, Saved at =inf, TrLoss=0.1924]
 Training FV-otc-s4-t3:  44%|████▍     | 22/50 [00:02<00:02,  9.55it/s, Saved at =inf, TrLoss=0.1703]
 Training FV-otc-s4-t3:  44%|████▍     | 22/50 [00:02<00:02,  9.55it/s, Saved at =inf, TrLoss=0.1549]
 Training FV-otc-s4-t3:  48%|████▊     | 24/50 [00:02<00:02, 10.53it/s, Saved at =inf, TrLoss=0.1549]
 Training FV-otc-s4-t3:  48%|████▊     | 24/50 [00:02<00:02, 10.53it/s, Saved at =inf, TrLoss=0.1554]
 Training FV-otc-s4-t3:  48%|████▊     | 24/50 [00:02<00:02, 10.53it/s, Saved at =inf, TrLoss=0.1840]
 Training FV-otc-s4-t3:  52%|█████▏    | 26/50 [00:02<00:02, 10.27it/s, Saved at =inf, TrLoss=0.1840]
 Training FV-otc-s4-t3:  52%|█████▏    | 26/50 [00:02<00:02, 10.27it/s, Saved at =inf, TrLoss=0.1669]
 Training FV-otc-s4-t3:  52%|█████▏    | 26/50 [00:02<00:02, 10.27it/s, Saved at =inf, TrLoss=0.1437]
 Training FV-otc-s4-t3:  56%|█████▌    | 28/50 [00:02<00:02,  9.85it/s, Saved at =inf, TrLoss=0.1437]
 Training FV-otc-s4-t3:  56%|█████▌    | 28/50 [00:03<00:02,  9.85it/s, Saved at =inf, TrLoss=0.1516]
 Training FV-otc-s4-t3:  58%|█████▊    | 29/50 [00:03<00:02,  9.67it/s, Saved at =inf, TrLoss=0.1516]
 Training FV-otc-s4-t3:  58%|█████▊    | 29/50 [00:03<00:02,  9.67it/s, Saved at =inf, TrLoss=0.1525]
 Training FV-otc-s4-t3:  60%|██████    | 30/50 [00:03<00:02,  9.57it/s, Saved at =inf, TrLoss=0.1525]
 Training FV-otc-s4-t3:  60%|██████    | 30/50 [00:03<00:02,  9.57it/s, Saved at =inf, TrLoss=0.1421]
 Training FV-otc-s4-t3:  62%|██████▏   | 31/50 [00:03<00:01,  9.53it/s, Saved at =inf, TrLoss=0.1421]
 Training FV-otc-s4-t3:  62%|██████▏   | 31/50 [00:03<00:01,  9.53it/s, Saved at =inf, TrLoss=0.1435]
 Training FV-otc-s4-t3:  64%|██████▍   | 32/50 [00:03<00:01,  9.49it/s, Saved at =inf, TrLoss=0.1435]
 Training FV-otc-s4-t3:  64%|██████▍   | 32/50 [00:03<00:01,  9.49it/s, Saved at =inf, TrLoss=0.1496]
 Training FV-otc-s4-t3:  66%|██████▌   | 33/50 [00:03<00:01,  9.44it/s, Saved at =inf, TrLoss=0.1496]
 Training FV-otc-s4-t3:  66%|██████▌   | 33/50 [00:03<00:01,  9.44it/s, Saved at =inf, TrLoss=0.1432]
 Training FV-otc-s4-t3:  68%|██████▊   | 34/50 [00:03<00:01,  9.40it/s, Saved at =inf, TrLoss=0.1432]
 Training FV-otc-s4-t3:  68%|██████▊   | 34/50 [00:03<00:01,  9.40it/s, Saved at =inf, TrLoss=0.1396]
 Training FV-otc-s4-t3:  70%|███████   | 35/50 [00:03<00:01,  9.44it/s, Saved at =inf, TrLoss=0.1396]
 Training FV-otc-s4-t3:  70%|███████   | 35/50 [00:03<00:01,  9.44it/s, Saved at =inf, TrLoss=0.1278]
 Training FV-otc-s4-t3:  72%|███████▏  | 36/50 [00:03<00:01,  9.40it/s, Saved at =inf, TrLoss=0.1278]
 Training FV-otc-s4-t3:  72%|███████▏  | 36/50 [00:03<00:01,  9.40it/s, Saved at =inf, TrLoss=0.1327]
 Training FV-otc-s4-t3:  74%|███████▍  | 37/50 [00:03<00:01,  9.36it/s, Saved at =inf, TrLoss=0.1327]
 Training FV-otc-s4-t3:  74%|███████▍  | 37/50 [00:03<00:01,  9.36it/s, Saved at =inf, TrLoss=0.1445]
 Training FV-otc-s4-t3:  76%|███████▌  | 38/50 [00:04<00:01,  9.33it/s, Saved at =inf, TrLoss=0.1445]
 Training FV-otc-s4-t3:  76%|███████▌  | 38/50 [00:04<00:01,  9.33it/s, Saved at =inf, TrLoss=0.1433]
 Training FV-otc-s4-t3:  78%|███████▊  | 39/50 [00:04<00:01,  9.31it/s, Saved at =inf, TrLoss=0.1433]
 Training FV-otc-s4-t3:  78%|███████▊  | 39/50 [00:04<00:01,  9.31it/s, Saved at =inf, TrLoss=0.1237]
 Training FV-otc-s4-t3:  80%|████████  | 40/50 [00:04<00:01,  9.36it/s, Saved at =inf, TrLoss=0.1237]
 Training FV-otc-s4-t3:  80%|████████  | 40/50 [00:04<00:01,  9.36it/s, Saved at =inf, TrLoss=0.1361]
 Training FV-otc-s4-t3:  82%|████████▏ | 41/50 [00:04<00:00,  9.41it/s, Saved at =inf, TrLoss=0.1361]
 Training FV-otc-s4-t3:  82%|████████▏ | 41/50 [00:04<00:00,  9.41it/s, Saved at =inf, TrLoss=0.1363]
 Training FV-otc-s4-t3:  84%|████████▍ | 42/50 [00:04<00:00,  9.37it/s, Saved at =inf, TrLoss=0.1363]
 Training FV-otc-s4-t3:  84%|████████▍ | 42/50 [00:04<00:00,  9.37it/s, Saved at =inf, TrLoss=0.1156]
 Training FV-otc-s4-t3:  86%|████████▌ | 43/50 [00:04<00:00,  9.38it/s, Saved at =inf, TrLoss=0.1156]
 Training FV-otc-s4-t3:  86%|████████▌ | 43/50 [00:04<00:00,  9.38it/s, Saved at =inf, TrLoss=0.1270]
 Training FV-otc-s4-t3:  88%|████████▊ | 44/50 [00:04<00:00,  9.31it/s, Saved at =inf, TrLoss=0.1270]
 Training FV-otc-s4-t3:  88%|████████▊ | 44/50 [00:04<00:00,  9.31it/s, Saved at =inf, TrLoss=0.1304]
 Training FV-otc-s4-t3:  90%|█████████ | 45/50 [00:04<00:00,  9.37it/s, Saved at =inf, TrLoss=0.1304]
 Training FV-otc-s4-t3:  90%|█████████ | 45/50 [00:04<00:00,  9.37it/s, Saved at =inf, TrLoss=0.1190]
 Training FV-otc-s4-t3:  92%|█████████▏| 46/50 [00:04<00:00,  8.39it/s, Saved at =inf, TrLoss=0.1190]
 Training FV-otc-s4-t3:  92%|█████████▏| 46/50 [00:05<00:00,  8.39it/s, Saved at =inf, TrLoss=0.1704]
 Training FV-otc-s4-t3:  94%|█████████▍| 47/50 [00:05<00:00,  8.02it/s, Saved at =inf, TrLoss=0.1704]
 Training FV-otc-s4-t3:  94%|█████████▍| 47/50 [00:05<00:00,  8.02it/s, Saved at =inf, TrLoss=0.1072]
 Training FV-otc-s4-t3:  96%|█████████▌| 48/50 [00:05<00:00,  7.74it/s, Saved at =inf, TrLoss=0.1072]
 Training FV-otc-s4-t3:  96%|█████████▌| 48/50 [00:05<00:00,  7.74it/s, Saved at =inf, TrLoss=0.1488]
 Training FV-otc-s4-t3:  98%|█████████▊| 49/50 [00:05<00:00,  8.25it/s, Saved at =inf, TrLoss=0.1488]
 Training FV-otc-s4-t3:  98%|█████████▊| 49/50 [00:05<00:00,  8.25it/s, Saved at =inf, TrLoss=0.1179]
 Training FV-otc-s4-t3: 100%|██████████| 50/50 [00:05<00:00,  8.64it/s, Saved at =inf, TrLoss=0.1179]
 Training FV-otc-s4-t3: 100%|██████████| 50/50 [00:05<00:00,  9.26it/s, Saved at =inf, TrLoss=0.1179]

 Training FV-otc-s4-t4:   0%|          | 0/50 [00:00<?, ?it/s]
 Training FV-otc-s4-t4:   0%|          | 0/50 [00:00<?, ?it/s, Saved at =inf, TrLoss=0.7132]
 Training FV-otc-s4-t4:   2%|▏         | 1/50 [00:00<00:06,  7.41it/s, Saved at =inf, TrLoss=0.7132]
 Training FV-otc-s4-t4:   2%|▏         | 1/50 [00:00<00:06,  7.41it/s, Saved at =inf, TrLoss=0.8036]
 Training FV-otc-s4-t4:   4%|▍         | 2/50 [00:00<00:06,  7.50it/s, Saved at =inf, TrLoss=0.8036]
 Training FV-otc-s4-t4:   4%|▍         | 2/50 [00:00<00:06,  7.50it/s, Saved at =inf, TrLoss=0.5486]
 Training FV-otc-s4-t4:   6%|▌         | 3/50 [00:00<00:06,  7.66it/s, Saved at =inf, TrLoss=0.5486]
 Training FV-otc-s4-t4:   6%|▌         | 3/50 [00:00<00:06,  7.66it/s, Saved at =inf, TrLoss=0.5453]
 Training FV-otc-s4-t4:   8%|▊         | 4/50 [00:00<00:05,  8.21it/s, Saved at =inf, TrLoss=0.5453]
 Training FV-otc-s4-t4:   8%|▊         | 4/50 [00:00<00:05,  8.21it/s, Saved at =inf, TrLoss=0.4662]
 Training FV-otc-s4-t4:  10%|█         | 5/50 [00:00<00:05,  7.76it/s, Saved at =inf, TrLoss=0.4662]
 Training FV-otc-s4-t4:  10%|█         | 5/50 [00:00<00:05,  7.76it/s, Saved at =inf, TrLoss=0.4203]
 Training FV-otc-s4-t4:  12%|█▏        | 6/50 [00:00<00:05,  7.64it/s, Saved at =inf, TrLoss=0.4203]
 Training FV-otc-s4-t4:  12%|█▏        | 6/50 [00:00<00:05,  7.64it/s, Saved at =inf, TrLoss=0.4047]
 Training FV-otc-s4-t4:  14%|█▍        | 7/50 [00:00<00:05,  7.68it/s, Saved at =inf, TrLoss=0.4047]
 Training FV-otc-s4-t4:  14%|█▍        | 7/50 [00:01<00:05,  7.68it/s, Saved at =inf, TrLoss=0.3599]
 Training FV-otc-s4-t4:  16%|█▌        | 8/50 [00:01<00:05,  7.43it/s, Saved at =inf, TrLoss=0.3599]
 Training FV-otc-s4-t4:  16%|█▌        | 8/50 [00:01<00:05,  7.43it/s, Saved at =inf, TrLoss=0.3368]
 Training FV-otc-s4-t4:  18%|█▊        | 9/50 [00:01<00:05,  7.83it/s, Saved at =inf, TrLoss=0.3368]
 Training FV-otc-s4-t4:  18%|█▊        | 9/50 [00:01<00:05,  7.83it/s, Saved at =inf, TrLoss=0.2989]
 Training FV-otc-s4-t4:  20%|██        | 10/50 [00:01<00:04,  8.19it/s, Saved at =inf, TrLoss=0.2989]
 Training FV-otc-s4-t4:  20%|██        | 10/50 [00:01<00:04,  8.19it/s, Saved at =inf, TrLoss=0.2947]
 Training FV-otc-s4-t4:  22%|██▏       | 11/50 [00:01<00:05,  7.78it/s, Saved at =inf, TrLoss=0.2947]
 Training FV-otc-s4-t4:  22%|██▏       | 11/50 [00:01<00:05,  7.78it/s, Saved at =inf, TrLoss=0.2869]
 Training FV-otc-s4-t4:  24%|██▍       | 12/50 [00:01<00:04,  7.78it/s, Saved at =inf, TrLoss=0.2869]
 Training FV-otc-s4-t4:  24%|██▍       | 12/50 [00:01<00:04,  7.78it/s, Saved at =inf, TrLoss=0.2480]
 Training FV-otc-s4-t4:  26%|██▌       | 13/50 [00:01<00:04,  7.53it/s, Saved at =inf, TrLoss=0.2480]
 Training FV-otc-s4-t4:  26%|██▌       | 13/50 [00:01<00:04,  7.53it/s, Saved at =inf, TrLoss=0.2274]
 Training FV-otc-s4-t4:  28%|██▊       | 14/50 [00:01<00:04,  7.40it/s, Saved at =inf, TrLoss=0.2274]
 Training FV-otc-s4-t4:  28%|██▊       | 14/50 [00:01<00:04,  7.40it/s, Saved at =inf, TrLoss=0.2250]
 Training FV-otc-s4-t4:  30%|███       | 15/50 [00:01<00:04,  7.54it/s, Saved at =inf, TrLoss=0.2250]
 Training FV-otc-s4-t4:  30%|███       | 15/50 [00:02<00:04,  7.54it/s, Saved at =inf, TrLoss=0.2282]
 Training FV-otc-s4-t4:  32%|███▏      | 16/50 [00:02<00:04,  7.36it/s, Saved at =inf, TrLoss=0.2282]
 Training FV-otc-s4-t4:  32%|███▏      | 16/50 [00:02<00:04,  7.36it/s, Saved at =inf, TrLoss=0.2248]
 Training FV-otc-s4-t4:  34%|███▍      | 17/50 [00:02<00:04,  7.43it/s, Saved at =inf, TrLoss=0.2248]
 Training FV-otc-s4-t4:  34%|███▍      | 17/50 [00:02<00:04,  7.43it/s, Saved at =inf, TrLoss=0.2083]
 Training FV-otc-s4-t4:  36%|███▌      | 18/50 [00:02<00:04,  7.36it/s, Saved at =inf, TrLoss=0.2083]
 Training FV-otc-s4-t4:  36%|███▌      | 18/50 [00:02<00:04,  7.36it/s, Saved at =inf, TrLoss=0.2158]
 Training FV-otc-s4-t4:  38%|███▊      | 19/50 [00:02<00:04,  7.74it/s, Saved at =inf, TrLoss=0.2158]
 Training FV-otc-s4-t4:  38%|███▊      | 19/50 [00:02<00:04,  7.74it/s, Saved at =inf, TrLoss=0.1903]
 Training FV-otc-s4-t4:  40%|████      | 20/50 [00:02<00:03,  7.67it/s, Saved at =inf, TrLoss=0.1903]
 Training FV-otc-s4-t4:  40%|████      | 20/50 [00:02<00:03,  7.67it/s, Saved at =inf, TrLoss=0.1904]
 Training FV-otc-s4-t4:  42%|████▏     | 21/50 [00:02<00:03,  7.27it/s, Saved at =inf, TrLoss=0.1904]
 Training FV-otc-s4-t4:  42%|████▏     | 21/50 [00:02<00:03,  7.27it/s, Saved at =inf, TrLoss=0.1864]
 Training FV-otc-s4-t4:  44%|████▍     | 22/50 [00:02<00:04,  6.77it/s, Saved at =inf, TrLoss=0.1864]
 Training FV-otc-s4-t4:  44%|████▍     | 22/50 [00:03<00:04,  6.77it/s, Saved at =inf, TrLoss=0.1936]
 Training FV-otc-s4-t4:  46%|████▌     | 23/50 [00:03<00:03,  7.04it/s, Saved at =inf, TrLoss=0.1936]
 Training FV-otc-s4-t4:  46%|████▌     | 23/50 [00:03<00:03,  7.04it/s, Saved at =inf, TrLoss=0.1907]
 Training FV-otc-s4-t4:  48%|████▊     | 24/50 [00:03<00:03,  7.08it/s, Saved at =inf, TrLoss=0.1907]
 Training FV-otc-s4-t4:  48%|████▊     | 24/50 [00:03<00:03,  7.08it/s, Saved at =inf, TrLoss=0.1796]
 Training FV-otc-s4-t4:  50%|█████     | 25/50 [00:03<00:03,  7.08it/s, Saved at =inf, TrLoss=0.1796]
 Training FV-otc-s4-t4:  50%|█████     | 25/50 [00:03<00:03,  7.08it/s, Saved at =inf, TrLoss=0.1843]
 Training FV-otc-s4-t4:  52%|█████▏    | 26/50 [00:03<00:03,  7.32it/s, Saved at =inf, TrLoss=0.1843]
 Training FV-otc-s4-t4:  52%|█████▏    | 26/50 [00:03<00:03,  7.32it/s, Saved at =inf, TrLoss=0.1690]
 Training FV-otc-s4-t4:  54%|█████▍    | 27/50 [00:03<00:03,  7.01it/s, Saved at =inf, TrLoss=0.1690]
 Training FV-otc-s4-t4:  54%|█████▍    | 27/50 [00:03<00:03,  7.01it/s, Saved at =inf, TrLoss=0.1708]
 Training FV-otc-s4-t4:  56%|█████▌    | 28/50 [00:03<00:03,  7.30it/s, Saved at =inf, TrLoss=0.1708]
 Training FV-otc-s4-t4:  56%|█████▌    | 28/50 [00:03<00:03,  7.30it/s, Saved at =inf, TrLoss=0.1655]
 Training FV-otc-s4-t4:  58%|█████▊    | 29/50 [00:03<00:02,  7.05it/s, Saved at =inf, TrLoss=0.1655]
 Training FV-otc-s4-t4:  58%|█████▊    | 29/50 [00:03<00:02,  7.05it/s, Saved at =inf, TrLoss=0.1658]
 Training FV-otc-s4-t4:  60%|██████    | 30/50 [00:04<00:02,  7.14it/s, Saved at =inf, TrLoss=0.1658]
 Training FV-otc-s4-t4:  60%|██████    | 30/50 [00:04<00:02,  7.14it/s, Saved at =inf, TrLoss=0.1552]
 Training FV-otc-s4-t4:  62%|██████▏   | 31/50 [00:04<00:02,  7.35it/s, Saved at =inf, TrLoss=0.1552]
 Training FV-otc-s4-t4:  62%|██████▏   | 31/50 [00:04<00:02,  7.35it/s, Saved at =inf, TrLoss=0.1641]
 Training FV-otc-s4-t4:  64%|██████▍   | 32/50 [00:04<00:02,  7.32it/s, Saved at =inf, TrLoss=0.1641]
 Training FV-otc-s4-t4:  64%|██████▍   | 32/50 [00:04<00:02,  7.32it/s, Saved at =inf, TrLoss=0.1656]
 Training FV-otc-s4-t4:  66%|██████▌   | 33/50 [00:04<00:02,  7.51it/s, Saved at =inf, TrLoss=0.1656]
 Training FV-otc-s4-t4:  66%|██████▌   | 33/50 [00:04<00:02,  7.51it/s, Saved at =inf, TrLoss=0.1615]
 Training FV-otc-s4-t4:  68%|██████▊   | 34/50 [00:04<00:02,  7.36it/s, Saved at =inf, TrLoss=0.1615]
 Training FV-otc-s4-t4:  68%|██████▊   | 34/50 [00:04<00:02,  7.36it/s, Saved at =inf, TrLoss=0.1628]
 Training FV-otc-s4-t4:  70%|███████   | 35/50 [00:04<00:01,  7.52it/s, Saved at =inf, TrLoss=0.1628]
 Training FV-otc-s4-t4:  70%|███████   | 35/50 [00:04<00:01,  7.52it/s, Saved at =inf, TrLoss=0.1572]
 Training FV-otc-s4-t4:  72%|███████▏  | 36/50 [00:04<00:01,  7.52it/s, Saved at =inf, TrLoss=0.1572]
 Training FV-otc-s4-t4:  72%|███████▏  | 36/50 [00:04<00:01,  7.52it/s, Saved at =inf, TrLoss=0.1539]
 Training FV-otc-s4-t4:  74%|███████▍  | 37/50 [00:04<00:01,  7.58it/s, Saved at =inf, TrLoss=0.1539]
 Training FV-otc-s4-t4:  74%|███████▍  | 37/50 [00:05<00:01,  7.58it/s, Saved at =inf, TrLoss=0.1550]
 Training FV-otc-s4-t4:  76%|███████▌  | 38/50 [00:05<00:01,  7.61it/s, Saved at =inf, TrLoss=0.1550]
 Training FV-otc-s4-t4:  76%|███████▌  | 38/50 [00:05<00:01,  7.61it/s, Saved at =inf, TrLoss=0.1606]
 Training FV-otc-s4-t4:  78%|███████▊  | 39/50 [00:05<00:01,  7.64it/s, Saved at =inf, TrLoss=0.1606]
 Training FV-otc-s4-t4:  78%|███████▊  | 39/50 [00:05<00:01,  7.64it/s, Saved at =inf, TrLoss=0.1412]
 Training FV-otc-s4-t4:  80%|████████  | 40/50 [00:05<00:01,  6.73it/s, Saved at =inf, TrLoss=0.1412]
 Training FV-otc-s4-t4:  80%|████████  | 40/50 [00:05<00:01,  6.73it/s, Saved at =inf, TrLoss=0.1526]
 Training FV-otc-s4-t4:  82%|████████▏ | 41/50 [00:05<00:01,  6.59it/s, Saved at =inf, TrLoss=0.1526]
 Training FV-otc-s4-t4:  82%|████████▏ | 41/50 [00:05<00:01,  6.59it/s, Saved at =inf, TrLoss=0.1502]
 Training FV-otc-s4-t4:  84%|████████▍ | 42/50 [00:05<00:01,  6.26it/s, Saved at =inf, TrLoss=0.1502]
 Training FV-otc-s4-t4:  84%|████████▍ | 42/50 [00:05<00:01,  6.26it/s, Saved at =inf, TrLoss=0.1393]
 Training FV-otc-s4-t4:  86%|████████▌ | 43/50 [00:05<00:01,  6.72it/s, Saved at =inf, TrLoss=0.1393]
 Training FV-otc-s4-t4:  86%|████████▌ | 43/50 [00:05<00:01,  6.72it/s, Saved at =inf, TrLoss=0.1514]
 Training FV-otc-s4-t4:  86%|████████▌ | 43/50 [00:06<00:01,  6.72it/s, Saved at =inf, TrLoss=0.1478]
 Training FV-otc-s4-t4:  90%|█████████ | 45/50 [00:06<00:00,  7.61it/s, Saved at =inf, TrLoss=0.1478]
 Training FV-otc-s4-t4:  90%|█████████ | 45/50 [00:06<00:00,  7.61it/s, Saved at =inf, TrLoss=0.1396]
 Training FV-otc-s4-t4:  92%|█████████▏| 46/50 [00:06<00:00,  7.64it/s, Saved at =inf, TrLoss=0.1396]
 Training FV-otc-s4-t4:  92%|█████████▏| 46/50 [00:06<00:00,  7.64it/s, Saved at =inf, TrLoss=0.1480]
 Training FV-otc-s4-t4:  94%|█████████▍| 47/50 [00:06<00:00,  7.70it/s, Saved at =inf, TrLoss=0.1480]
 Training FV-otc-s4-t4:  94%|█████████▍| 47/50 [00:06<00:00,  7.70it/s, Saved at =inf, TrLoss=0.1348]
 Training FV-otc-s4-t4:  96%|█████████▌| 48/50 [00:06<00:00,  7.47it/s, Saved at =inf, TrLoss=0.1348]
 Training FV-otc-s4-t4:  96%|█████████▌| 48/50 [00:06<00:00,  7.47it/s, Saved at =inf, TrLoss=0.1484]
 Training FV-otc-s4-t4:  98%|█████████▊| 49/50 [00:06<00:00,  7.46it/s, Saved at =inf, TrLoss=0.1484]
 Training FV-otc-s4-t4:  98%|█████████▊| 49/50 [00:06<00:00,  7.46it/s, Saved at =inf, TrLoss=0.1343]
 Training FV-otc-s4-t4: 100%|██████████| 50/50 [00:06<00:00,  7.42it/s, Saved at =inf, TrLoss=0.1343]
 Training FV-otc-s4-t4: 100%|██████████| 50/50 [00:06<00:00,  7.38it/s, Saved at =inf, TrLoss=0.1343]

 Training FV-otc-s4-t5:   0%|          | 0/50 [00:00<?, ?it/s]
 Training FV-otc-s4-t5:   0%|          | 0/50 [00:00<?, ?it/s, Saved at =inf, TrLoss=0.8896]
 Training FV-otc-s4-t5:   2%|▏         | 1/50 [00:00<00:09,  5.41it/s, Saved at =inf, TrLoss=0.8896]
 Training FV-otc-s4-t5:   2%|▏         | 1/50 [00:00<00:09,  5.41it/s, Saved at =inf, TrLoss=0.6562]
 Training FV-otc-s4-t5:   4%|▍         | 2/50 [00:00<00:08,  5.84it/s, Saved at =inf, TrLoss=0.6562]
 Training FV-otc-s4-t5:   4%|▍         | 2/50 [00:00<00:08,  5.84it/s, Saved at =inf, TrLoss=0.5287]
 Training FV-otc-s4-t5:   6%|▌         | 3/50 [00:00<00:07,  5.92it/s, Saved at =inf, TrLoss=0.5287]
 Training FV-otc-s4-t5:   6%|▌         | 3/50 [00:00<00:07,  5.92it/s, Saved at =inf, TrLoss=0.5180]
 Training FV-otc-s4-t5:   8%|▊         | 4/50 [00:00<00:07,  5.95it/s, Saved at =inf, TrLoss=0.5180]
 Training FV-otc-s4-t5:   8%|▊         | 4/50 [00:00<00:07,  5.95it/s, Saved at =inf, TrLoss=0.4569]
 Training FV-otc-s4-t5:  10%|█         | 5/50 [00:00<00:07,  5.96it/s, Saved at =inf, TrLoss=0.4569]
 Training FV-otc-s4-t5:  10%|█         | 5/50 [00:00<00:07,  5.96it/s, Saved at =inf, TrLoss=0.3996]
 Training FV-otc-s4-t5:  12%|█▏        | 6/50 [00:01<00:07,  5.98it/s, Saved at =inf, TrLoss=0.3996]
 Training FV-otc-s4-t5:  12%|█▏        | 6/50 [00:01<00:07,  5.98it/s, Saved at =inf, TrLoss=0.4194]
 Training FV-otc-s4-t5:  14%|█▍        | 7/50 [00:01<00:07,  5.98it/s, Saved at =inf, TrLoss=0.4194]
 Training FV-otc-s4-t5:  14%|█▍        | 7/50 [00:01<00:07,  5.98it/s, Saved at =inf, TrLoss=0.3809]
 Training FV-otc-s4-t5:  16%|█▌        | 8/50 [00:01<00:07,  5.98it/s, Saved at =inf, TrLoss=0.3809]
 Training FV-otc-s4-t5:  16%|█▌        | 8/50 [00:01<00:07,  5.98it/s, Saved at =inf, TrLoss=0.3640]
 Training FV-otc-s4-t5:  18%|█▊        | 9/50 [00:01<00:06,  5.98it/s, Saved at =inf, TrLoss=0.3640]
 Training FV-otc-s4-t5:  18%|█▊        | 9/50 [00:01<00:06,  5.98it/s, Saved at =inf, TrLoss=0.3405]
 Training FV-otc-s4-t5:  20%|██        | 10/50 [00:01<00:06,  5.97it/s, Saved at =inf, TrLoss=0.3405]
 Training FV-otc-s4-t5:  20%|██        | 10/50 [00:01<00:06,  5.97it/s, Saved at =inf, TrLoss=0.3070]
 Training FV-otc-s4-t5:  22%|██▏       | 11/50 [00:01<00:06,  5.96it/s, Saved at =inf, TrLoss=0.3070]
 Training FV-otc-s4-t5:  22%|██▏       | 11/50 [00:01<00:06,  5.96it/s, Saved at =inf, TrLoss=0.3134]
 Training FV-otc-s4-t5:  24%|██▍       | 12/50 [00:02<00:06,  5.97it/s, Saved at =inf, TrLoss=0.3134]
 Training FV-otc-s4-t5:  24%|██▍       | 12/50 [00:02<00:06,  5.97it/s, Saved at =inf, TrLoss=0.2808]
 Training FV-otc-s4-t5:  26%|██▌       | 13/50 [00:02<00:06,  5.99it/s, Saved at =inf, TrLoss=0.2808]
 Training FV-otc-s4-t5:  26%|██▌       | 13/50 [00:02<00:06,  5.99it/s, Saved at =inf, TrLoss=0.2831]
 Training FV-otc-s4-t5:  28%|██▊       | 14/50 [00:02<00:06,  5.98it/s, Saved at =inf, TrLoss=0.2831]
 Training FV-otc-s4-t5:  28%|██▊       | 14/50 [00:02<00:06,  5.98it/s, Saved at =inf, TrLoss=0.2705]
 Training FV-otc-s4-t5:  30%|███       | 15/50 [00:02<00:05,  6.00it/s, Saved at =inf, TrLoss=0.2705]
 Training FV-otc-s4-t5:  30%|███       | 15/50 [00:02<00:05,  6.00it/s, Saved at =inf, TrLoss=0.2675]
 Training FV-otc-s4-t5:  32%|███▏      | 16/50 [00:02<00:05,  6.01it/s, Saved at =inf, TrLoss=0.2675]
 Training FV-otc-s4-t5:  32%|███▏      | 16/50 [00:02<00:05,  6.01it/s, Saved at =inf, TrLoss=0.2672]
 Training FV-otc-s4-t5:  34%|███▍      | 17/50 [00:02<00:05,  6.00it/s, Saved at =inf, TrLoss=0.2672]
 Training FV-otc-s4-t5:  34%|███▍      | 17/50 [00:02<00:05,  6.00it/s, Saved at =inf, TrLoss=0.2379]
 Training FV-otc-s4-t5:  36%|███▌      | 18/50 [00:03<00:05,  6.01it/s, Saved at =inf, TrLoss=0.2379]
 Training FV-otc-s4-t5:  36%|███▌      | 18/50 [00:03<00:05,  6.01it/s, Saved at =inf, TrLoss=0.2364]
 Training FV-otc-s4-t5:  38%|███▊      | 19/50 [00:03<00:05,  6.00it/s, Saved at =inf, TrLoss=0.2364]
 Training FV-otc-s4-t5:  38%|███▊      | 19/50 [00:03<00:05,  6.00it/s, Saved at =inf, TrLoss=0.2297]
 Training FV-otc-s4-t5:  40%|████      | 20/50 [00:03<00:04,  6.16it/s, Saved at =inf, TrLoss=0.2297]
 Training FV-otc-s4-t5:  40%|████      | 20/50 [00:03<00:04,  6.16it/s, Saved at =inf, TrLoss=0.2364]
 Training FV-otc-s4-t5:  42%|████▏     | 21/50 [00:03<00:04,  6.26it/s, Saved at =inf, TrLoss=0.2364]
 Training FV-otc-s4-t5:  42%|████▏     | 21/50 [00:03<00:04,  6.26it/s, Saved at =inf, TrLoss=0.2255]
 Training FV-otc-s4-t5:  44%|████▍     | 22/50 [00:03<00:04,  6.13it/s, Saved at =inf, TrLoss=0.2255]
 Training FV-otc-s4-t5:  44%|████▍     | 22/50 [00:03<00:04,  6.13it/s, Saved at =inf, TrLoss=0.2161]
 Training FV-otc-s4-t5:  46%|████▌     | 23/50 [00:03<00:04,  6.07it/s, Saved at =inf, TrLoss=0.2161]
 Training FV-otc-s4-t5:  46%|████▌     | 23/50 [00:03<00:04,  6.07it/s, Saved at =inf, TrLoss=0.2127]
 Training FV-otc-s4-t5:  48%|████▊     | 24/50 [00:03<00:04,  6.03it/s, Saved at =inf, TrLoss=0.2127]
 Training FV-otc-s4-t5:  48%|████▊     | 24/50 [00:04<00:04,  6.03it/s, Saved at =inf, TrLoss=0.2099]
 Training FV-otc-s4-t5:  50%|█████     | 25/50 [00:04<00:04,  6.03it/s, Saved at =inf, TrLoss=0.2099]
 Training FV-otc-s4-t5:  50%|█████     | 25/50 [00:04<00:04,  6.03it/s, Saved at =inf, TrLoss=0.2128]
 Training FV-otc-s4-t5:  52%|█████▏    | 26/50 [00:04<00:04,  5.69it/s, Saved at =inf, TrLoss=0.2128]
 Training FV-otc-s4-t5:  52%|█████▏    | 26/50 [00:04<00:04,  5.69it/s, Saved at =inf, TrLoss=0.1957]
 Training FV-otc-s4-t5:  54%|█████▍    | 27/50 [00:04<00:04,  5.13it/s, Saved at =inf, TrLoss=0.1957]
 Training FV-otc-s4-t5:  54%|█████▍    | 27/50 [00:04<00:04,  5.13it/s, Saved at =inf, TrLoss=0.2071]
 Training FV-otc-s4-t5:  56%|█████▌    | 28/50 [00:04<00:04,  5.24it/s, Saved at =inf, TrLoss=0.2071]
 Training FV-otc-s4-t5:  56%|█████▌    | 28/50 [00:04<00:04,  5.24it/s, Saved at =inf, TrLoss=0.2062]
 Training FV-otc-s4-t5:  58%|█████▊    | 29/50 [00:04<00:03,  5.29it/s, Saved at =inf, TrLoss=0.2062]
 Training FV-otc-s4-t5:  58%|█████▊    | 29/50 [00:05<00:03,  5.29it/s, Saved at =inf, TrLoss=0.1979]
 Training FV-otc-s4-t5:  60%|██████    | 30/50 [00:05<00:03,  5.48it/s, Saved at =inf, TrLoss=0.1979]
 Training FV-otc-s4-t5:  60%|██████    | 30/50 [00:05<00:03,  5.48it/s, Saved at =inf, TrLoss=0.1907]
 Training FV-otc-s4-t5:  62%|██████▏   | 31/50 [00:05<00:03,  5.33it/s, Saved at =inf, TrLoss=0.1907]
 Training FV-otc-s4-t5:  62%|██████▏   | 31/50 [00:05<00:03,  5.33it/s, Saved at =inf, TrLoss=0.1876]
 Training FV-otc-s4-t5:  64%|██████▍   | 32/50 [00:05<00:03,  4.96it/s, Saved at =inf, TrLoss=0.1876]
 Training FV-otc-s4-t5:  64%|██████▍   | 32/50 [00:05<00:03,  4.96it/s, Saved at =inf, TrLoss=0.1930]
 Training FV-otc-s4-t5:  66%|██████▌   | 33/50 [00:05<00:03,  5.27it/s, Saved at =inf, TrLoss=0.1930]
 Training FV-otc-s4-t5:  66%|██████▌   | 33/50 [00:05<00:03,  5.27it/s, Saved at =inf, TrLoss=0.1870]
 Training FV-otc-s4-t5:  68%|██████▊   | 34/50 [00:05<00:02,  5.47it/s, Saved at =inf, TrLoss=0.1870]
 Training FV-otc-s4-t5:  68%|██████▊   | 34/50 [00:06<00:02,  5.47it/s, Saved at =inf, TrLoss=0.1836]
 Training FV-otc-s4-t5:  70%|███████   | 35/50 [00:06<00:02,  5.61it/s, Saved at =inf, TrLoss=0.1836]
 Training FV-otc-s4-t5:  70%|███████   | 35/50 [00:06<00:02,  5.61it/s, Saved at =inf, TrLoss=0.1736]
 Training FV-otc-s4-t5:  72%|███████▏  | 36/50 [00:06<00:02,  5.72it/s, Saved at =inf, TrLoss=0.1736]
 Training FV-otc-s4-t5:  72%|███████▏  | 36/50 [00:06<00:02,  5.72it/s, Saved at =inf, TrLoss=0.1714]
 Training FV-otc-s4-t5:  74%|███████▍  | 37/50 [00:06<00:02,  5.80it/s, Saved at =inf, TrLoss=0.1714]
 Training FV-otc-s4-t5:  74%|███████▍  | 37/50 [00:06<00:02,  5.80it/s, Saved at =inf, TrLoss=0.1791]
 Training FV-otc-s4-t5:  76%|███████▌  | 38/50 [00:06<00:02,  5.85it/s, Saved at =inf, TrLoss=0.1791]
 Training FV-otc-s4-t5:  76%|███████▌  | 38/50 [00:06<00:02,  5.85it/s, Saved at =inf, TrLoss=0.1750]
 Training FV-otc-s4-t5:  78%|███████▊  | 39/50 [00:06<00:01,  5.90it/s, Saved at =inf, TrLoss=0.1750]
 Training FV-otc-s4-t5:  78%|███████▊  | 39/50 [00:06<00:01,  5.90it/s, Saved at =inf, TrLoss=0.1646]
 Training FV-otc-s4-t5:  80%|████████  | 40/50 [00:06<00:01,  5.92it/s, Saved at =inf, TrLoss=0.1646]
 Training FV-otc-s4-t5:  80%|████████  | 40/50 [00:07<00:01,  5.92it/s, Saved at =inf, TrLoss=0.1710]
 Training FV-otc-s4-t5:  82%|████████▏ | 41/50 [00:07<00:01,  5.94it/s, Saved at =inf, TrLoss=0.1710]
 Training FV-otc-s4-t5:  82%|████████▏ | 41/50 [00:07<00:01,  5.94it/s, Saved at =inf, TrLoss=0.1679]
 Training FV-otc-s4-t5:  84%|████████▍ | 42/50 [00:07<00:01,  5.94it/s, Saved at =inf, TrLoss=0.1679]
 Training FV-otc-s4-t5:  84%|████████▍ | 42/50 [00:07<00:01,  5.94it/s, Saved at =inf, TrLoss=0.1627]
 Training FV-otc-s4-t5:  86%|████████▌ | 43/50 [00:07<00:01,  5.96it/s, Saved at =inf, TrLoss=0.1627]
 Training FV-otc-s4-t5:  86%|████████▌ | 43/50 [00:07<00:01,  5.96it/s, Saved at =inf, TrLoss=0.1670]
 Training FV-otc-s4-t5:  88%|████████▊ | 44/50 [00:07<00:01,  5.97it/s, Saved at =inf, TrLoss=0.1670]
 Training FV-otc-s4-t5:  88%|████████▊ | 44/50 [00:07<00:01,  5.97it/s, Saved at =inf, TrLoss=0.1606]
 Training FV-otc-s4-t5:  90%|█████████ | 45/50 [00:07<00:00,  5.97it/s, Saved at =inf, TrLoss=0.1606]
 Training FV-otc-s4-t5:  90%|█████████ | 45/50 [00:07<00:00,  5.97it/s, Saved at =inf, TrLoss=0.1518]
 Training FV-otc-s4-t5:  92%|█████████▏| 46/50 [00:07<00:00,  6.17it/s, Saved at =inf, TrLoss=0.1518]
 Training FV-otc-s4-t5:  92%|█████████▏| 46/50 [00:07<00:00,  6.17it/s, Saved at =inf, TrLoss=0.1615]
 Training FV-otc-s4-t5:  94%|█████████▍| 47/50 [00:08<00:00,  6.54it/s, Saved at =inf, TrLoss=0.1615]
 Training FV-otc-s4-t5:  94%|█████████▍| 47/50 [00:08<00:00,  6.54it/s, Saved at =inf, TrLoss=0.1512]
 Training FV-otc-s4-t5:  96%|█████████▌| 48/50 [00:08<00:00,  6.29it/s, Saved at =inf, TrLoss=0.1512]
 Training FV-otc-s4-t5:  96%|█████████▌| 48/50 [00:08<00:00,  6.29it/s, Saved at =inf, TrLoss=0.1564]
 Training FV-otc-s4-t5:  98%|█████████▊| 49/50 [00:08<00:00,  6.17it/s, Saved at =inf, TrLoss=0.1564]
 Training FV-otc-s4-t5:  98%|█████████▊| 49/50 [00:08<00:00,  6.17it/s, Saved at =inf, TrLoss=0.1477]
 Training FV-otc-s4-t5: 100%|██████████| 50/50 [00:08<00:00,  6.11it/s, Saved at =inf, TrLoss=0.1477]
 Training FV-otc-s4-t5: 100%|██████████| 50/50 [00:08<00:00,  5.86it/s, Saved at =inf, TrLoss=0.1477]

 Training FV-otc-s4-t6:   0%|          | 0/50 [00:00<?, ?it/s]
 Training FV-otc-s4-t6:   0%|          | 0/50 [00:00<?, ?it/s, Saved at =inf, TrLoss=0.6877]
 Training FV-otc-s4-t6:   2%|▏         | 1/50 [00:00<00:09,  4.91it/s, Saved at =inf, TrLoss=0.6877]
 Training FV-otc-s4-t6:   2%|▏         | 1/50 [00:00<00:09,  4.91it/s, Saved at =inf, TrLoss=0.4815]
 Training FV-otc-s4-t6:   4%|▍         | 2/50 [00:00<00:09,  4.99it/s, Saved at =inf, TrLoss=0.4815]
 Training FV-otc-s4-t6:   4%|▍         | 2/50 [00:00<00:09,  4.99it/s, Saved at =inf, TrLoss=0.5583]
 Training FV-otc-s4-t6:   6%|▌         | 3/50 [00:00<00:09,  4.95it/s, Saved at =inf, TrLoss=0.5583]
 Training FV-otc-s4-t6:   6%|▌         | 3/50 [00:00<00:09,  4.95it/s, Saved at =inf, TrLoss=0.4652]
 Training FV-otc-s4-t6:   8%|▊         | 4/50 [00:00<00:09,  4.90it/s, Saved at =inf, TrLoss=0.4652]
 Training FV-otc-s4-t6:   8%|▊         | 4/50 [00:00<00:09,  4.90it/s, Saved at =inf, TrLoss=0.4636]
 Training FV-otc-s4-t6:  10%|█         | 5/50 [00:01<00:09,  4.85it/s, Saved at =inf, TrLoss=0.4636]
 Training FV-otc-s4-t6:  10%|█         | 5/50 [00:01<00:09,  4.85it/s, Saved at =inf, TrLoss=0.3972]
 Training FV-otc-s4-t6:  12%|█▏        | 6/50 [00:01<00:09,  4.66it/s, Saved at =inf, TrLoss=0.3972]
 Training FV-otc-s4-t6:  12%|█▏        | 6/50 [00:01<00:09,  4.66it/s, Saved at =inf, TrLoss=0.4065]
 Training FV-otc-s4-t6:  14%|█▍        | 7/50 [00:01<00:08,  4.89it/s, Saved at =inf, TrLoss=0.4065]
 Training FV-otc-s4-t6:  14%|█▍        | 7/50 [00:01<00:08,  4.89it/s, Saved at =inf, TrLoss=0.4068]
 Training FV-otc-s4-t6:  16%|█▌        | 8/50 [00:01<00:08,  4.95it/s, Saved at =inf, TrLoss=0.4068]
 Training FV-otc-s4-t6:  16%|█▌        | 8/50 [00:01<00:08,  4.95it/s, Saved at =inf, TrLoss=0.3649]
 Training FV-otc-s4-t6:  18%|█▊        | 9/50 [00:01<00:08,  4.79it/s, Saved at =inf, TrLoss=0.3649]
 Training FV-otc-s4-t6:  18%|█▊        | 9/50 [00:01<00:08,  4.79it/s, Saved at =inf, TrLoss=0.3500]
 Training FV-otc-s4-t6:  20%|██        | 10/50 [00:02<00:08,  4.84it/s, Saved at =inf, TrLoss=0.3500]
 Training FV-otc-s4-t6:  20%|██        | 10/50 [00:02<00:08,  4.84it/s, Saved at =inf, TrLoss=0.3475]
 Training FV-otc-s4-t6:  22%|██▏       | 11/50 [00:02<00:08,  4.73it/s, Saved at =inf, TrLoss=0.3475]
 Training FV-otc-s4-t6:  22%|██▏       | 11/50 [00:02<00:08,  4.73it/s, Saved at =inf, TrLoss=0.3345]
 Training FV-otc-s4-t6:  24%|██▍       | 12/50 [00:02<00:08,  4.65it/s, Saved at =inf, TrLoss=0.3345]
 Training FV-otc-s4-t6:  24%|██▍       | 12/50 [00:02<00:08,  4.65it/s, Saved at =inf, TrLoss=0.3022]
 Training FV-otc-s4-t6:  26%|██▌       | 13/50 [00:02<00:07,  4.84it/s, Saved at =inf, TrLoss=0.3022]
 Training FV-otc-s4-t6:  26%|██▌       | 13/50 [00:02<00:07,  4.84it/s, Saved at =inf, TrLoss=0.3139]
 Training FV-otc-s4-t6:  28%|██▊       | 14/50 [00:02<00:07,  4.59it/s, Saved at =inf, TrLoss=0.3139]
 Training FV-otc-s4-t6:  28%|██▊       | 14/50 [00:03<00:07,  4.59it/s, Saved at =inf, TrLoss=0.2983]
 Training FV-otc-s4-t6:  30%|███       | 15/50 [00:03<00:07,  4.48it/s, Saved at =inf, TrLoss=0.2983]
 Training FV-otc-s4-t6:  30%|███       | 15/50 [00:03<00:07,  4.48it/s, Saved at =inf, TrLoss=0.2790]
 Training FV-otc-s4-t6:  32%|███▏      | 16/50 [00:03<00:07,  4.74it/s, Saved at =inf, TrLoss=0.2790]
 Training FV-otc-s4-t6:  32%|███▏      | 16/50 [00:03<00:07,  4.74it/s, Saved at =inf, TrLoss=0.2966]
 Training FV-otc-s4-t6:  34%|███▍      | 17/50 [00:03<00:06,  4.78it/s, Saved at =inf, TrLoss=0.2966]
 Training FV-otc-s4-t6:  34%|███▍      | 17/50 [00:03<00:06,  4.78it/s, Saved at =inf, TrLoss=0.2714]
 Training FV-otc-s4-t6:  36%|███▌      | 18/50 [00:03<00:06,  4.77it/s, Saved at =inf, TrLoss=0.2714]
 Training FV-otc-s4-t6:  36%|███▌      | 18/50 [00:03<00:06,  4.77it/s, Saved at =inf, TrLoss=0.2677]
 Training FV-otc-s4-t6:  38%|███▊      | 19/50 [00:04<00:06,  4.56it/s, Saved at =inf, TrLoss=0.2677]
 Training FV-otc-s4-t6:  38%|███▊      | 19/50 [00:04<00:06,  4.56it/s, Saved at =inf, TrLoss=0.2691]
 Training FV-otc-s4-t6:  40%|████      | 20/50 [00:04<00:06,  4.49it/s, Saved at =inf, TrLoss=0.2691]
 Training FV-otc-s4-t6:  40%|████      | 20/50 [00:04<00:06,  4.49it/s, Saved at =inf, TrLoss=0.2491]
 Training FV-otc-s4-t6:  42%|████▏     | 21/50 [00:04<00:06,  4.62it/s, Saved at =inf, TrLoss=0.2491]
 Training FV-otc-s4-t6:  42%|████▏     | 21/50 [00:04<00:06,  4.62it/s, Saved at =inf, TrLoss=0.2594]
 Training FV-otc-s4-t6:  44%|████▍     | 22/50 [00:04<00:05,  4.68it/s, Saved at =inf, TrLoss=0.2594]
 Training FV-otc-s4-t6:  44%|████▍     | 22/50 [00:04<00:05,  4.68it/s, Saved at =inf, TrLoss=0.2385]
 Training FV-otc-s4-t6:  46%|████▌     | 23/50 [00:04<00:05,  4.81it/s, Saved at =inf, TrLoss=0.2385]
 Training FV-otc-s4-t6:  46%|████▌     | 23/50 [00:04<00:05,  4.81it/s, Saved at =inf, TrLoss=0.2451]
 Training FV-otc-s4-t6:  48%|████▊     | 24/50 [00:05<00:05,  4.90it/s, Saved at =inf, TrLoss=0.2451]
 Training FV-otc-s4-t6:  48%|████▊     | 24/50 [00:05<00:05,  4.90it/s, Saved at =inf, TrLoss=0.2394]
 Training FV-otc-s4-t6:  50%|█████     | 25/50 [00:05<00:04,  5.05it/s, Saved at =inf, TrLoss=0.2394]
 Training FV-otc-s4-t6:  50%|█████     | 25/50 [00:05<00:04,  5.05it/s, Saved at =inf, TrLoss=0.2395]
 Training FV-otc-s4-t6:  52%|█████▏    | 26/50 [00:05<00:04,  5.03it/s, Saved at =inf, TrLoss=0.2395]
 Training FV-otc-s4-t6:  52%|█████▏    | 26/50 [00:05<00:04,  5.03it/s, Saved at =inf, TrLoss=0.2311]
 Training FV-otc-s4-t6:  54%|█████▍    | 27/50 [00:05<00:04,  5.03it/s, Saved at =inf, TrLoss=0.2311]
 Training FV-otc-s4-t6:  54%|█████▍    | 27/50 [00:05<00:04,  5.03it/s, Saved at =inf, TrLoss=0.2303]
 Training FV-otc-s4-t6:  56%|█████▌    | 28/50 [00:05<00:04,  5.03it/s, Saved at =inf, TrLoss=0.2303]
 Training FV-otc-s4-t6:  56%|█████▌    | 28/50 [00:05<00:04,  5.03it/s, Saved at =inf, TrLoss=0.2272]
 Training FV-otc-s4-t6:  58%|█████▊    | 29/50 [00:06<00:04,  4.94it/s, Saved at =inf, TrLoss=0.2272]
 Training FV-otc-s4-t6:  58%|█████▊    | 29/50 [00:06<00:04,  4.94it/s, Saved at =inf, TrLoss=0.2211]
 Training FV-otc-s4-t6:  60%|██████    | 30/50 [00:06<00:04,  4.94it/s, Saved at =inf, TrLoss=0.2211]
 Training FV-otc-s4-t6:  60%|██████    | 30/50 [00:06<00:04,  4.94it/s, Saved at =inf, TrLoss=0.2152]
 Training FV-otc-s4-t6:  62%|██████▏   | 31/50 [00:06<00:03,  4.91it/s, Saved at =inf, TrLoss=0.2152]
 Training FV-otc-s4-t6:  62%|██████▏   | 31/50 [00:06<00:03,  4.91it/s, Saved at =inf, TrLoss=0.2141]
 Training FV-otc-s4-t6:  64%|██████▍   | 32/50 [00:06<00:03,  4.99it/s, Saved at =inf, TrLoss=0.2141]
 Training FV-otc-s4-t6:  64%|██████▍   | 32/50 [00:06<00:03,  4.99it/s, Saved at =inf, TrLoss=0.2185]
 Training FV-otc-s4-t6:  66%|██████▌   | 33/50 [00:06<00:03,  4.97it/s, Saved at =inf, TrLoss=0.2185]
 Training FV-otc-s4-t6:  66%|██████▌   | 33/50 [00:06<00:03,  4.97it/s, Saved at =inf, TrLoss=0.2143]
 Training FV-otc-s4-t6:  68%|██████▊   | 34/50 [00:07<00:03,  4.99it/s, Saved at =inf, TrLoss=0.2143]
 Training FV-otc-s4-t6:  68%|██████▊   | 34/50 [00:07<00:03,  4.99it/s, Saved at =inf, TrLoss=0.2127]
 Training FV-otc-s4-t6:  70%|███████   | 35/50 [00:07<00:03,  4.98it/s, Saved at =inf, TrLoss=0.2127]
 Training FV-otc-s4-t6:  70%|███████   | 35/50 [00:07<00:03,  4.98it/s, Saved at =inf, TrLoss=0.1998]
 Training FV-otc-s4-t6:  72%|███████▏  | 36/50 [00:07<00:02,  5.01it/s, Saved at =inf, TrLoss=0.1998]
 Training FV-otc-s4-t6:  72%|███████▏  | 36/50 [00:07<00:02,  5.01it/s, Saved at =inf, TrLoss=0.2088]
 Training FV-otc-s4-t6:  74%|███████▍  | 37/50 [00:07<00:02,  5.13it/s, Saved at =inf, TrLoss=0.2088]
 Training FV-otc-s4-t6:  74%|███████▍  | 37/50 [00:07<00:02,  5.13it/s, Saved at =inf, TrLoss=0.1984]
 Training FV-otc-s4-t6:  76%|███████▌  | 38/50 [00:07<00:02,  5.40it/s, Saved at =inf, TrLoss=0.1984]
 Training FV-otc-s4-t6:  76%|███████▌  | 38/50 [00:07<00:02,  5.40it/s, Saved at =inf, TrLoss=0.2119]
 Training FV-otc-s4-t6:  78%|███████▊  | 39/50 [00:07<00:02,  5.26it/s, Saved at =inf, TrLoss=0.2119]
 Training FV-otc-s4-t6:  78%|███████▊  | 39/50 [00:08<00:02,  5.26it/s, Saved at =inf, TrLoss=0.1981]
 Training FV-otc-s4-t6:  80%|████████  | 40/50 [00:08<00:01,  5.26it/s, Saved at =inf, TrLoss=0.1981]
 Training FV-otc-s4-t6:  80%|████████  | 40/50 [00:08<00:01,  5.26it/s, Saved at =inf, TrLoss=0.2013]
 Training FV-otc-s4-t6:  82%|████████▏ | 41/50 [00:08<00:01,  5.05it/s, Saved at =inf, TrLoss=0.2013]
 Training FV-otc-s4-t6:  82%|████████▏ | 41/50 [00:08<00:01,  5.05it/s, Saved at =inf, TrLoss=0.1953]
 Training FV-otc-s4-t6:  84%|████████▍ | 42/50 [00:08<00:01,  4.81it/s, Saved at =inf, TrLoss=0.1953]
 Training FV-otc-s4-t6:  84%|████████▍ | 42/50 [00:08<00:01,  4.81it/s, Saved at =inf, TrLoss=0.1909]
 Training FV-otc-s4-t6:  86%|████████▌ | 43/50 [00:08<00:01,  4.85it/s, Saved at =inf, TrLoss=0.1909]
 Training FV-otc-s4-t6:  86%|████████▌ | 43/50 [00:08<00:01,  4.85it/s, Saved at =inf, TrLoss=0.1947]
 Training FV-otc-s4-t6:  88%|████████▊ | 44/50 [00:09<00:01,  4.68it/s, Saved at =inf, TrLoss=0.1947]
 Training FV-otc-s4-t6:  88%|████████▊ | 44/50 [00:09<00:01,  4.68it/s, Saved at =inf, TrLoss=0.1858]
 Training FV-otc-s4-t6:  90%|█████████ | 45/50 [00:09<00:01,  4.59it/s, Saved at =inf, TrLoss=0.1858]
 Training FV-otc-s4-t6:  90%|█████████ | 45/50 [00:09<00:01,  4.59it/s, Saved at =inf, TrLoss=0.1858]
 Training FV-otc-s4-t6:  92%|█████████▏| 46/50 [00:09<00:00,  4.60it/s, Saved at =inf, TrLoss=0.1858]
 Training FV-otc-s4-t6:  92%|█████████▏| 46/50 [00:09<00:00,  4.60it/s, Saved at =inf, TrLoss=0.1867]
 Training FV-otc-s4-t6:  94%|█████████▍| 47/50 [00:09<00:00,  4.69it/s, Saved at =inf, TrLoss=0.1867]
 Training FV-otc-s4-t6:  94%|█████████▍| 47/50 [00:09<00:00,  4.69it/s, Saved at =inf, TrLoss=0.1804]
 Training FV-otc-s4-t6:  96%|█████████▌| 48/50 [00:09<00:00,  4.76it/s, Saved at =inf, TrLoss=0.1804]
 Training FV-otc-s4-t6:  96%|█████████▌| 48/50 [00:10<00:00,  4.76it/s, Saved at =inf, TrLoss=0.1836]
 Training FV-otc-s4-t6:  98%|█████████▊| 49/50 [00:10<00:00,  4.87it/s, Saved at =inf, TrLoss=0.1836]
 Training FV-otc-s4-t6:  98%|█████████▊| 49/50 [00:10<00:00,  4.87it/s, Saved at =inf, TrLoss=0.1757]
 Training FV-otc-s4-t6: 100%|██████████| 50/50 [00:10<00:00,  4.86it/s, Saved at =inf, TrLoss=0.1757]
 Training FV-otc-s4-t6: 100%|██████████| 50/50 [00:10<00:00,  4.85it/s, Saved at =inf, TrLoss=0.1757]

 Training FV-otc-s4-t7:   0%|          | 0/50 [00:00<?, ?it/s]
 Training FV-otc-s4-t7:   0%|          | 0/50 [00:00<?, ?it/s, Saved at =inf, TrLoss=0.8194]
 Training FV-otc-s4-t7:   2%|▏         | 1/50 [00:00<00:15,  3.14it/s, Saved at =inf, TrLoss=0.8194]
 Training FV-otc-s4-t7:   2%|▏         | 1/50 [00:00<00:15,  3.14it/s, Saved at =inf, TrLoss=0.6782]
 Training FV-otc-s4-t7:   4%|▍         | 2/50 [00:00<00:14,  3.23it/s, Saved at =inf, TrLoss=0.6782]
 Training FV-otc-s4-t7:   4%|▍         | 2/50 [00:00<00:14,  3.23it/s, Saved at =inf, TrLoss=0.6061]
 Training FV-otc-s4-t7:   6%|▌         | 3/50 [00:00<00:12,  3.64it/s, Saved at =inf, TrLoss=0.6061]
 Training FV-otc-s4-t7:   6%|▌         | 3/50 [00:01<00:12,  3.64it/s, Saved at =inf, TrLoss=0.5586]
 Training FV-otc-s4-t7:   8%|▊         | 4/50 [00:01<00:12,  3.74it/s, Saved at =inf, TrLoss=0.5586]
 Training FV-otc-s4-t7:   8%|▊         | 4/50 [00:01<00:12,  3.74it/s, Saved at =inf, TrLoss=0.5012]
 Training FV-otc-s4-t7:  10%|█         | 5/50 [00:01<00:11,  3.88it/s, Saved at =inf, TrLoss=0.5012]
 Training FV-otc-s4-t7:  10%|█         | 5/50 [00:01<00:11,  3.88it/s, Saved at =inf, TrLoss=0.4406]
 Training FV-otc-s4-t7:  12%|█▏        | 6/50 [00:01<00:11,  3.93it/s, Saved at =inf, TrLoss=0.4406]
 Training FV-otc-s4-t7:  12%|█▏        | 6/50 [00:01<00:11,  3.93it/s, Saved at =inf, TrLoss=0.3933]
 Training FV-otc-s4-t7:  14%|█▍        | 7/50 [00:01<00:10,  4.15it/s, Saved at =inf, TrLoss=0.3933]
 Training FV-otc-s4-t7:  14%|█▍        | 7/50 [00:01<00:10,  4.15it/s, Saved at =inf, TrLoss=0.3842]
 Training FV-otc-s4-t7:  16%|█▌        | 8/50 [00:02<00:10,  4.11it/s, Saved at =inf, TrLoss=0.3842]
 Training FV-otc-s4-t7:  16%|█▌        | 8/50 [00:02<00:10,  4.11it/s, Saved at =inf, TrLoss=0.6233]
 Training FV-otc-s4-t7:  18%|█▊        | 9/50 [00:02<00:09,  4.13it/s, Saved at =inf, TrLoss=0.6233]
 Training FV-otc-s4-t7:  18%|█▊        | 9/50 [00:02<00:09,  4.13it/s, Saved at =inf, TrLoss=0.3677]
 Training FV-otc-s4-t7:  20%|██        | 10/50 [00:02<00:10,  3.92it/s, Saved at =inf, TrLoss=0.3677]
 Training FV-otc-s4-t7:  20%|██        | 10/50 [00:02<00:10,  3.92it/s, Saved at =inf, TrLoss=0.4204]
 Training FV-otc-s4-t7:  22%|██▏       | 11/50 [00:02<00:10,  3.77it/s, Saved at =inf, TrLoss=0.4204]
 Training FV-otc-s4-t7:  22%|██▏       | 11/50 [00:03<00:10,  3.77it/s, Saved at =inf, TrLoss=0.3085]
 Training FV-otc-s4-t7:  24%|██▍       | 12/50 [00:03<00:10,  3.69it/s, Saved at =inf, TrLoss=0.3085]
 Training FV-otc-s4-t7:  24%|██▍       | 12/50 [00:03<00:10,  3.69it/s, Saved at =inf, TrLoss=0.3712]
 Training FV-otc-s4-t7:  26%|██▌       | 13/50 [00:03<00:09,  3.76it/s, Saved at =inf, TrLoss=0.3712]
 Training FV-otc-s4-t7:  26%|██▌       | 13/50 [00:03<00:09,  3.76it/s, Saved at =inf, TrLoss=0.3319]
 Training FV-otc-s4-t7:  28%|██▊       | 14/50 [00:03<00:10,  3.57it/s, Saved at =inf, TrLoss=0.3319]
 Training FV-otc-s4-t7:  28%|██▊       | 14/50 [00:03<00:10,  3.57it/s, Saved at =inf, TrLoss=0.2829]
 Training FV-otc-s4-t7:  30%|███       | 15/50 [00:03<00:09,  3.61it/s, Saved at =inf, TrLoss=0.2829]
 Training FV-otc-s4-t7:  30%|███       | 15/50 [00:04<00:09,  3.61it/s, Saved at =inf, TrLoss=0.3197]
 Training FV-otc-s4-t7:  32%|███▏      | 16/50 [00:04<00:09,  3.69it/s, Saved at =inf, TrLoss=0.3197]
 Training FV-otc-s4-t7:  32%|███▏      | 16/50 [00:04<00:09,  3.69it/s, Saved at =inf, TrLoss=0.3101]
 Training FV-otc-s4-t7:  34%|███▍      | 17/50 [00:04<00:09,  3.65it/s, Saved at =inf, TrLoss=0.3101]
 Training FV-otc-s4-t7:  34%|███▍      | 17/50 [00:04<00:09,  3.65it/s, Saved at =inf, TrLoss=0.2800]
 Training FV-otc-s4-t7:  36%|███▌      | 18/50 [00:04<00:08,  3.65it/s, Saved at =inf, TrLoss=0.2800]
 Training FV-otc-s4-t7:  36%|███▌      | 18/50 [00:04<00:08,  3.65it/s, Saved at =inf, TrLoss=0.2869]
 Training FV-otc-s4-t7:  38%|███▊      | 19/50 [00:05<00:08,  3.71it/s, Saved at =inf, TrLoss=0.2869]
 Training FV-otc-s4-t7:  38%|███▊      | 19/50 [00:05<00:08,  3.71it/s, Saved at =inf, TrLoss=0.3081]
 Training FV-otc-s4-t7:  40%|████      | 20/50 [00:05<00:07,  3.76it/s, Saved at =inf, TrLoss=0.3081]
 Training FV-otc-s4-t7:  40%|████      | 20/50 [00:05<00:07,  3.76it/s, Saved at =inf, TrLoss=0.2865]
 Training FV-otc-s4-t7:  42%|████▏     | 21/50 [00:05<00:08,  3.44it/s, Saved at =inf, TrLoss=0.2865]
 Training FV-otc-s4-t7:  42%|████▏     | 21/50 [00:05<00:08,  3.44it/s, Saved at =inf, TrLoss=0.2621]
 Training FV-otc-s4-t7:  44%|████▍     | 22/50 [00:05<00:07,  3.52it/s, Saved at =inf, TrLoss=0.2621]
 Training FV-otc-s4-t7:  44%|████▍     | 22/50 [00:06<00:07,  3.52it/s, Saved at =inf, TrLoss=0.2696]
 Training FV-otc-s4-t7:  46%|████▌     | 23/50 [00:06<00:07,  3.55it/s, Saved at =inf, TrLoss=0.2696]
 Training FV-otc-s4-t7:  46%|████▌     | 23/50 [00:06<00:07,  3.55it/s, Saved at =inf, TrLoss=0.2763]
 Training FV-otc-s4-t7:  48%|████▊     | 24/50 [00:06<00:07,  3.46it/s, Saved at =inf, TrLoss=0.2763]
 Training FV-otc-s4-t7:  48%|████▊     | 24/50 [00:06<00:07,  3.46it/s, Saved at =inf, TrLoss=0.2547]
 Training FV-otc-s4-t7:  50%|█████     | 25/50 [00:06<00:06,  3.72it/s, Saved at =inf, TrLoss=0.2547]
 Training FV-otc-s4-t7:  50%|█████     | 25/50 [00:06<00:06,  3.72it/s, Saved at =inf, TrLoss=0.2470]
 Training FV-otc-s4-t7:  52%|█████▏    | 26/50 [00:07<00:06,  3.63it/s, Saved at =inf, TrLoss=0.2470]
 Training FV-otc-s4-t7:  52%|█████▏    | 26/50 [00:07<00:06,  3.63it/s, Saved at =inf, TrLoss=0.2520]
 Training FV-otc-s4-t7:  54%|█████▍    | 27/50 [00:07<00:06,  3.47it/s, Saved at =inf, TrLoss=0.2520]
 Training FV-otc-s4-t7:  54%|█████▍    | 27/50 [00:07<00:06,  3.47it/s, Saved at =inf, TrLoss=0.2492]
 Training FV-otc-s4-t7:  56%|█████▌    | 28/50 [00:07<00:06,  3.23it/s, Saved at =inf, TrLoss=0.2492]
 Training FV-otc-s4-t7:  56%|█████▌    | 28/50 [00:07<00:06,  3.23it/s, Saved at =inf, TrLoss=0.2365]
 Training FV-otc-s4-t7:  58%|█████▊    | 29/50 [00:08<00:06,  3.27it/s, Saved at =inf, TrLoss=0.2365]
 Training FV-otc-s4-t7:  58%|█████▊    | 29/50 [00:08<00:06,  3.27it/s, Saved at =inf, TrLoss=0.2357]
 Training FV-otc-s4-t7:  60%|██████    | 30/50 [00:08<00:05,  3.49it/s, Saved at =inf, TrLoss=0.2357]
 Training FV-otc-s4-t7:  60%|██████    | 30/50 [00:08<00:05,  3.49it/s, Saved at =inf, TrLoss=0.2398]
 Training FV-otc-s4-t7:  62%|██████▏   | 31/50 [00:08<00:05,  3.56it/s, Saved at =inf, TrLoss=0.2398]
 Training FV-otc-s4-t7:  62%|██████▏   | 31/50 [00:08<00:05,  3.56it/s, Saved at =inf, TrLoss=0.2285]
 Training FV-otc-s4-t7:  64%|██████▍   | 32/50 [00:08<00:04,  3.75it/s, Saved at =inf, TrLoss=0.2285]
 Training FV-otc-s4-t7:  64%|██████▍   | 32/50 [00:08<00:04,  3.75it/s, Saved at =inf, TrLoss=0.2311]
 Training FV-otc-s4-t7:  66%|██████▌   | 33/50 [00:09<00:04,  3.82it/s, Saved at =inf, TrLoss=0.2311]
 Training FV-otc-s4-t7:  66%|██████▌   | 33/50 [00:09<00:04,  3.82it/s, Saved at =inf, TrLoss=0.2394]
 Training FV-otc-s4-t7:  68%|██████▊   | 34/50 [00:09<00:04,  3.87it/s, Saved at =inf, TrLoss=0.2394]
 Training FV-otc-s4-t7:  68%|██████▊   | 34/50 [00:09<00:04,  3.87it/s, Saved at =inf, TrLoss=0.2241]
 Training FV-otc-s4-t7:  70%|███████   | 35/50 [00:09<00:03,  3.89it/s, Saved at =inf, TrLoss=0.2241]
 Training FV-otc-s4-t7:  70%|███████   | 35/50 [00:09<00:03,  3.89it/s, Saved at =inf, TrLoss=0.2187]
 Training FV-otc-s4-t7:  72%|███████▏  | 36/50 [00:09<00:03,  3.98it/s, Saved at =inf, TrLoss=0.2187]
 Training FV-otc-s4-t7:  72%|███████▏  | 36/50 [00:09<00:03,  3.98it/s, Saved at =inf, TrLoss=0.2217]
 Training FV-otc-s4-t7:  74%|███████▍  | 37/50 [00:09<00:03,  4.17it/s, Saved at =inf, TrLoss=0.2217]
 Training FV-otc-s4-t7:  74%|███████▍  | 37/50 [00:10<00:03,  4.17it/s, Saved at =inf, TrLoss=0.2233]
 Training FV-otc-s4-t7:  76%|███████▌  | 38/50 [00:10<00:02,  4.08it/s, Saved at =inf, TrLoss=0.2233]
 Training FV-otc-s4-t7:  76%|███████▌  | 38/50 [00:10<00:02,  4.08it/s, Saved at =inf, TrLoss=0.2222]
 Training FV-otc-s4-t7:  78%|███████▊  | 39/50 [00:10<00:02,  4.03it/s, Saved at =inf, TrLoss=0.2222]
 Training FV-otc-s4-t7:  78%|███████▊  | 39/50 [00:10<00:02,  4.03it/s, Saved at =inf, TrLoss=0.2215]
 Training FV-otc-s4-t7:  80%|████████  | 40/50 [00:10<00:02,  3.95it/s, Saved at =inf, TrLoss=0.2215]
 Training FV-otc-s4-t7:  80%|████████  | 40/50 [00:10<00:02,  3.95it/s, Saved at =inf, TrLoss=0.2172]
 Training FV-otc-s4-t7:  82%|████████▏ | 41/50 [00:11<00:02,  3.67it/s, Saved at =inf, TrLoss=0.2172]
 Training FV-otc-s4-t7:  82%|████████▏ | 41/50 [00:11<00:02,  3.67it/s, Saved at =inf, TrLoss=0.2153]
 Training FV-otc-s4-t7:  84%|████████▍ | 42/50 [00:11<00:02,  3.80it/s, Saved at =inf, TrLoss=0.2153]
 Training FV-otc-s4-t7:  84%|████████▍ | 42/50 [00:11<00:02,  3.80it/s, Saved at =inf, TrLoss=0.2142]
 Training FV-otc-s4-t7:  86%|████████▌ | 43/50 [00:11<00:01,  3.83it/s, Saved at =inf, TrLoss=0.2142]
 Training FV-otc-s4-t7:  86%|████████▌ | 43/50 [00:11<00:01,  3.83it/s, Saved at =inf, TrLoss=0.2135]
 Training FV-otc-s4-t7:  88%|████████▊ | 44/50 [00:11<00:01,  3.88it/s, Saved at =inf, TrLoss=0.2135]
 Training FV-otc-s4-t7:  88%|████████▊ | 44/50 [00:11<00:01,  3.88it/s, Saved at =inf, TrLoss=0.2100]
 Training FV-otc-s4-t7:  90%|█████████ | 45/50 [00:12<00:01,  3.77it/s, Saved at =inf, TrLoss=0.2100]
 Training FV-otc-s4-t7:  90%|█████████ | 45/50 [00:12<00:01,  3.77it/s, Saved at =inf, TrLoss=0.2107]
 Training FV-otc-s4-t7:  92%|█████████▏| 46/50 [00:12<00:01,  3.43it/s, Saved at =inf, TrLoss=0.2107]
 Training FV-otc-s4-t7:  92%|█████████▏| 46/50 [00:12<00:01,  3.43it/s, Saved at =inf, TrLoss=0.2092]
 Training FV-otc-s4-t7:  94%|█████████▍| 47/50 [00:12<00:00,  3.23it/s, Saved at =inf, TrLoss=0.2092]
 Training FV-otc-s4-t7:  94%|█████████▍| 47/50 [00:12<00:00,  3.23it/s, Saved at =inf, TrLoss=0.2069]
 Training FV-otc-s4-t7:  96%|█████████▌| 48/50 [00:13<00:00,  3.54it/s, Saved at =inf, TrLoss=0.2069]
 Training FV-otc-s4-t7:  96%|█████████▌| 48/50 [00:13<00:00,  3.54it/s, Saved at =inf, TrLoss=0.2039]
 Training FV-otc-s4-t7:  98%|█████████▊| 49/50 [00:13<00:00,  3.48it/s, Saved at =inf, TrLoss=0.2039]
 Training FV-otc-s4-t7:  98%|█████████▊| 49/50 [00:13<00:00,  3.48it/s, Saved at =inf, TrLoss=0.2043]
 Training FV-otc-s4-t7: 100%|██████████| 50/50 [00:13<00:00,  3.66it/s, Saved at =inf, TrLoss=0.2043]
 Training FV-otc-s4-t7: 100%|██████████| 50/50 [00:13<00:00,  3.69it/s, Saved at =inf, TrLoss=0.2043]

 Training FV-otc-s4-t8:   0%|          | 0/50 [00:00<?, ?it/s]
 Training FV-otc-s4-t8:   0%|          | 0/50 [00:00<?, ?it/s, Saved at =inf, TrLoss=0.7721]
 Training FV-otc-s4-t8:   2%|▏         | 1/50 [00:00<00:18,  2.65it/s, Saved at =inf, TrLoss=0.7721]
 Training FV-otc-s4-t8:   2%|▏         | 1/50 [00:00<00:18,  2.65it/s, Saved at =inf, TrLoss=0.6725]
 Training FV-otc-s4-t8:   4%|▍         | 2/50 [00:00<00:18,  2.65it/s, Saved at =inf, TrLoss=0.6725]
 Training FV-otc-s4-t8:   4%|▍         | 2/50 [00:01<00:18,  2.65it/s, Saved at =inf, TrLoss=0.6078]
 Training FV-otc-s4-t8:   6%|▌         | 3/50 [00:01<00:18,  2.60it/s, Saved at =inf, TrLoss=0.6078]
 Training FV-otc-s4-t8:   6%|▌         | 3/50 [00:01<00:18,  2.60it/s, Saved at =inf, TrLoss=0.5685]
 Training FV-otc-s4-t8:   8%|▊         | 4/50 [00:01<00:16,  2.73it/s, Saved at =inf, TrLoss=0.5685]
 Training FV-otc-s4-t8:   8%|▊         | 4/50 [00:01<00:16,  2.73it/s, Saved at =inf, TrLoss=0.5233]
 Training FV-otc-s4-t8:  10%|█         | 5/50 [00:01<00:14,  3.07it/s, Saved at =inf, TrLoss=0.5233]
 Training FV-otc-s4-t8:  10%|█         | 5/50 [00:01<00:14,  3.07it/s, Saved at =inf, TrLoss=0.4696]
 Training FV-otc-s4-t8:  12%|█▏        | 6/50 [00:02<00:13,  3.18it/s, Saved at =inf, TrLoss=0.4696]
 Training FV-otc-s4-t8:  12%|█▏        | 6/50 [00:02<00:13,  3.18it/s, Saved at =inf, TrLoss=0.4058]
 Training FV-otc-s4-t8:  14%|█▍        | 7/50 [00:02<00:13,  3.24it/s, Saved at =inf, TrLoss=0.4058]
 Training FV-otc-s4-t8:  14%|█▍        | 7/50 [00:02<00:13,  3.24it/s, Saved at =inf, TrLoss=0.3847]
 Training FV-otc-s4-t8:  16%|█▌        | 8/50 [00:02<00:12,  3.34it/s, Saved at =inf, TrLoss=0.3847]
 Training FV-otc-s4-t8:  16%|█▌        | 8/50 [00:02<00:12,  3.34it/s, Saved at =inf, TrLoss=0.4639]
 Training FV-otc-s4-t8:  18%|█▊        | 9/50 [00:02<00:12,  3.36it/s, Saved at =inf, TrLoss=0.4639]
 Training FV-otc-s4-t8:  18%|█▊        | 9/50 [00:03<00:12,  3.36it/s, Saved at =inf, TrLoss=0.4112]
 Training FV-otc-s4-t8:  20%|██        | 10/50 [00:03<00:12,  3.18it/s, Saved at =inf, TrLoss=0.4112]
 Training FV-otc-s4-t8:  20%|██        | 10/50 [00:03<00:12,  3.18it/s, Saved at =inf, TrLoss=0.3718]
 Training FV-otc-s4-t8:  22%|██▏       | 11/50 [00:03<00:12,  3.16it/s, Saved at =inf, TrLoss=0.3718]
 Training FV-otc-s4-t8:  22%|██▏       | 11/50 [00:03<00:12,  3.16it/s, Saved at =inf, TrLoss=0.3359]
 Training FV-otc-s4-t8:  24%|██▍       | 12/50 [00:03<00:11,  3.37it/s, Saved at =inf, TrLoss=0.3359]
 Training FV-otc-s4-t8:  24%|██▍       | 12/50 [00:04<00:11,  3.37it/s, Saved at =inf, TrLoss=0.3651]
 Training FV-otc-s4-t8:  26%|██▌       | 13/50 [00:04<00:10,  3.51it/s, Saved at =inf, TrLoss=0.3651]
 Training FV-otc-s4-t8:  26%|██▌       | 13/50 [00:04<00:10,  3.51it/s, Saved at =inf, TrLoss=0.3271]
 Training FV-otc-s4-t8:  28%|██▊       | 14/50 [00:04<00:09,  3.63it/s, Saved at =inf, TrLoss=0.3271]
 Training FV-otc-s4-t8:  28%|██▊       | 14/50 [00:04<00:09,  3.63it/s, Saved at =inf, TrLoss=0.3229]
 Training FV-otc-s4-t8:  30%|███       | 15/50 [00:04<00:09,  3.63it/s, Saved at =inf, TrLoss=0.3229]
 Training FV-otc-s4-t8:  30%|███       | 15/50 [00:04<00:09,  3.63it/s, Saved at =inf, TrLoss=0.3420]
 Training FV-otc-s4-t8:  32%|███▏      | 16/50 [00:04<00:09,  3.67it/s, Saved at =inf, TrLoss=0.3420]
 Training FV-otc-s4-t8:  32%|███▏      | 16/50 [00:05<00:09,  3.67it/s, Saved at =inf, TrLoss=0.3193]
 Training FV-otc-s4-t8:  34%|███▍      | 17/50 [00:05<00:08,  3.86it/s, Saved at =inf, TrLoss=0.3193]
 Training FV-otc-s4-t8:  34%|███▍      | 17/50 [00:05<00:08,  3.86it/s, Saved at =inf, TrLoss=0.3029]
 Training FV-otc-s4-t8:  36%|███▌      | 18/50 [00:05<00:08,  3.59it/s, Saved at =inf, TrLoss=0.3029]
 Training FV-otc-s4-t8:  36%|███▌      | 18/50 [00:05<00:08,  3.59it/s, Saved at =inf, TrLoss=0.3042]
 Training FV-otc-s4-t8:  38%|███▊      | 19/50 [00:05<00:08,  3.64it/s, Saved at =inf, TrLoss=0.3042]
 Training FV-otc-s4-t8:  38%|███▊      | 19/50 [00:05<00:08,  3.64it/s, Saved at =inf, TrLoss=0.3038]
 Training FV-otc-s4-t8:  40%|████      | 20/50 [00:05<00:08,  3.64it/s, Saved at =inf, TrLoss=0.3038]
 Training FV-otc-s4-t8:  40%|████      | 20/50 [00:06<00:08,  3.64it/s, Saved at =inf, TrLoss=0.2886]
 Training FV-otc-s4-t8:  42%|████▏     | 21/50 [00:06<00:08,  3.56it/s, Saved at =inf, TrLoss=0.2886]
 Training FV-otc-s4-t8:  42%|████▏     | 21/50 [00:06<00:08,  3.56it/s, Saved at =inf, TrLoss=0.2878]
 Training FV-otc-s4-t8:  44%|████▍     | 22/50 [00:06<00:07,  3.68it/s, Saved at =inf, TrLoss=0.2878]
 Training FV-otc-s4-t8:  44%|████▍     | 22/50 [00:06<00:07,  3.68it/s, Saved at =inf, TrLoss=0.2856]
 Training FV-otc-s4-t8:  46%|████▌     | 23/50 [00:06<00:07,  3.70it/s, Saved at =inf, TrLoss=0.2856]
 Training FV-otc-s4-t8:  46%|████▌     | 23/50 [00:07<00:07,  3.70it/s, Saved at =inf, TrLoss=0.2718]
 Training FV-otc-s4-t8:  48%|████▊     | 24/50 [00:07<00:07,  3.60it/s, Saved at =inf, TrLoss=0.2718]
 Training FV-otc-s4-t8:  48%|████▊     | 24/50 [00:07<00:07,  3.60it/s, Saved at =inf, TrLoss=0.2781]
 Training FV-otc-s4-t8:  50%|█████     | 25/50 [00:07<00:06,  3.62it/s, Saved at =inf, TrLoss=0.2781]
 Training FV-otc-s4-t8:  50%|█████     | 25/50 [00:07<00:06,  3.62it/s, Saved at =inf, TrLoss=0.2713]
 Training FV-otc-s4-t8:  52%|█████▏    | 26/50 [00:07<00:06,  3.47it/s, Saved at =inf, TrLoss=0.2713]
 Training FV-otc-s4-t8:  52%|█████▏    | 26/50 [00:07<00:06,  3.47it/s, Saved at =inf, TrLoss=0.2623]
 Training FV-otc-s4-t8:  54%|█████▍    | 27/50 [00:07<00:06,  3.58it/s, Saved at =inf, TrLoss=0.2623]
 Training FV-otc-s4-t8:  54%|█████▍    | 27/50 [00:08<00:06,  3.58it/s, Saved at =inf, TrLoss=0.2661]
 Training FV-otc-s4-t8:  56%|█████▌    | 28/50 [00:08<00:06,  3.53it/s, Saved at =inf, TrLoss=0.2661]
 Training FV-otc-s4-t8:  56%|█████▌    | 28/50 [00:08<00:06,  3.53it/s, Saved at =inf, TrLoss=0.2550]
 Training FV-otc-s4-t8:  58%|█████▊    | 29/50 [00:08<00:05,  3.56it/s, Saved at =inf, TrLoss=0.2550]
 Training FV-otc-s4-t8:  58%|█████▊    | 29/50 [00:08<00:05,  3.56it/s, Saved at =inf, TrLoss=0.2561]
 Training FV-otc-s4-t8:  60%|██████    | 30/50 [00:08<00:05,  3.52it/s, Saved at =inf, TrLoss=0.2561]
 Training FV-otc-s4-t8:  60%|██████    | 30/50 [00:08<00:05,  3.52it/s, Saved at =inf, TrLoss=0.2517]
 Training FV-otc-s4-t8:  62%|██████▏   | 31/50 [00:09<00:05,  3.36it/s, Saved at =inf, TrLoss=0.2517]
 Training FV-otc-s4-t8:  62%|██████▏   | 31/50 [00:09<00:05,  3.36it/s, Saved at =inf, TrLoss=0.2427]
 Training FV-otc-s4-t8:  64%|██████▍   | 32/50 [00:09<00:05,  3.34it/s, Saved at =inf, TrLoss=0.2427]
 Training FV-otc-s4-t8:  64%|██████▍   | 32/50 [00:09<00:05,  3.34it/s, Saved at =inf, TrLoss=0.2514]
 Training FV-otc-s4-t8:  66%|██████▌   | 33/50 [00:09<00:05,  3.30it/s, Saved at =inf, TrLoss=0.2514]
 Training FV-otc-s4-t8:  66%|██████▌   | 33/50 [00:09<00:05,  3.30it/s, Saved at =inf, TrLoss=0.2428]
 Training FV-otc-s4-t8:  68%|██████▊   | 34/50 [00:10<00:05,  3.16it/s, Saved at =inf, TrLoss=0.2428]
 Training FV-otc-s4-t8:  68%|██████▊   | 34/50 [00:10<00:05,  3.16it/s, Saved at =inf, TrLoss=0.2393]
 Training FV-otc-s4-t8:  70%|███████   | 35/50 [00:10<00:05,  2.68it/s, Saved at =inf, TrLoss=0.2393]
 Training FV-otc-s4-t8:  70%|███████   | 35/50 [00:10<00:05,  2.68it/s, Saved at =inf, TrLoss=0.2320]
 Training FV-otc-s4-t8:  72%|███████▏  | 36/50 [00:10<00:05,  2.63it/s, Saved at =inf, TrLoss=0.2320]
 Training FV-otc-s4-t8:  72%|███████▏  | 36/50 [00:11<00:05,  2.63it/s, Saved at =inf, TrLoss=0.2323]
 Training FV-otc-s4-t8:  74%|███████▍  | 37/50 [00:11<00:04,  2.76it/s, Saved at =inf, TrLoss=0.2323]
 Training FV-otc-s4-t8:  74%|███████▍  | 37/50 [00:11<00:04,  2.76it/s, Saved at =inf, TrLoss=0.2365]
 Training FV-otc-s4-t8:  76%|███████▌  | 38/50 [00:11<00:04,  2.95it/s, Saved at =inf, TrLoss=0.2365]
 Training FV-otc-s4-t8:  76%|███████▌  | 38/50 [00:11<00:04,  2.95it/s, Saved at =inf, TrLoss=0.2358]
 Training FV-otc-s4-t8:  78%|███████▊  | 39/50 [00:11<00:03,  2.88it/s, Saved at =inf, TrLoss=0.2358]
 Training FV-otc-s4-t8:  78%|███████▊  | 39/50 [00:12<00:03,  2.88it/s, Saved at =inf, TrLoss=0.2349]
 Training FV-otc-s4-t8:  80%|████████  | 40/50 [00:12<00:03,  2.93it/s, Saved at =inf, TrLoss=0.2349]
 Training FV-otc-s4-t8:  80%|████████  | 40/50 [00:12<00:03,  2.93it/s, Saved at =inf, TrLoss=0.2293]
 Training FV-otc-s4-t8:  82%|████████▏ | 41/50 [00:12<00:03,  2.95it/s, Saved at =inf, TrLoss=0.2293]
 Training FV-otc-s4-t8:  82%|████████▏ | 41/50 [00:12<00:03,  2.95it/s, Saved at =inf, TrLoss=0.2290]
 Training FV-otc-s4-t8:  84%|████████▍ | 42/50 [00:12<00:02,  3.14it/s, Saved at =inf, TrLoss=0.2290]
 Training FV-otc-s4-t8:  84%|████████▍ | 42/50 [00:13<00:02,  3.14it/s, Saved at =inf, TrLoss=0.2285]
 Training FV-otc-s4-t8:  86%|████████▌ | 43/50 [00:13<00:02,  3.28it/s, Saved at =inf, TrLoss=0.2285]
 Training FV-otc-s4-t8:  86%|████████▌ | 43/50 [00:13<00:02,  3.28it/s, Saved at =inf, TrLoss=0.2237]
 Training FV-otc-s4-t8:  88%|████████▊ | 44/50 [00:13<00:01,  3.21it/s, Saved at =inf, TrLoss=0.2237]
 Training FV-otc-s4-t8:  88%|████████▊ | 44/50 [00:13<00:01,  3.21it/s, Saved at =inf, TrLoss=0.2206]
 Training FV-otc-s4-t8:  90%|█████████ | 45/50 [00:13<00:01,  3.27it/s, Saved at =inf, TrLoss=0.2206]
 Training FV-otc-s4-t8:  90%|█████████ | 45/50 [00:13<00:01,  3.27it/s, Saved at =inf, TrLoss=0.2207]
 Training FV-otc-s4-t8:  92%|█████████▏| 46/50 [00:14<00:01,  3.29it/s, Saved at =inf, TrLoss=0.2207]
 Training FV-otc-s4-t8:  92%|█████████▏| 46/50 [00:14<00:01,  3.29it/s, Saved at =inf, TrLoss=0.2185]
 Training FV-otc-s4-t8:  94%|█████████▍| 47/50 [00:14<00:00,  3.37it/s, Saved at =inf, TrLoss=0.2185]
 Training FV-otc-s4-t8:  94%|█████████▍| 47/50 [00:14<00:00,  3.37it/s, Saved at =inf, TrLoss=0.2149]
 Training FV-otc-s4-t8:  96%|█████████▌| 48/50 [00:14<00:00,  3.45it/s, Saved at =inf, TrLoss=0.2149]
 Training FV-otc-s4-t8:  96%|█████████▌| 48/50 [00:14<00:00,  3.45it/s, Saved at =inf, TrLoss=0.2135]
 Training FV-otc-s4-t8:  98%|█████████▊| 49/50 [00:14<00:00,  3.54it/s, Saved at =inf, TrLoss=0.2135]
 Training FV-otc-s4-t8:  98%|█████████▊| 49/50 [00:15<00:00,  3.54it/s, Saved at =inf, TrLoss=0.2140]
 Training FV-otc-s4-t8: 100%|██████████| 50/50 [00:15<00:00,  3.62it/s, Saved at =inf, TrLoss=0.2140]
 Training FV-otc-s4-t8: 100%|██████████| 50/50 [00:15<00:00,  3.30it/s, Saved at =inf, TrLoss=0.2140]

 Training FV-otc-s4-t9:   0%|          | 0/50 [00:00<?, ?it/s]
 Training FV-otc-s4-t9:   0%|          | 0/50 [00:00<?, ?it/s, Saved at =inf, TrLoss=0.7389]
 Training FV-otc-s4-t9:   2%|▏         | 1/50 [00:00<00:15,  3.07it/s, Saved at =inf, TrLoss=0.7389]
 Training FV-otc-s4-t9:   2%|▏         | 1/50 [00:00<00:15,  3.07it/s, Saved at =inf, TrLoss=0.6971]
 Training FV-otc-s4-t9:   4%|▍         | 2/50 [00:00<00:15,  3.05it/s, Saved at =inf, TrLoss=0.6971]
 Training FV-otc-s4-t9:   4%|▍         | 2/50 [00:00<00:15,  3.05it/s, Saved at =inf, TrLoss=0.6180]
 Training FV-otc-s4-t9:   6%|▌         | 3/50 [00:01<00:16,  2.82it/s, Saved at =inf, TrLoss=0.6180]
 Training FV-otc-s4-t9:   6%|▌         | 3/50 [00:01<00:16,  2.82it/s, Saved at =inf, TrLoss=0.5747]
 Training FV-otc-s4-t9:   8%|▊         | 4/50 [00:01<00:16,  2.87it/s, Saved at =inf, TrLoss=0.5747]
 Training FV-otc-s4-t9:   8%|▊         | 4/50 [00:01<00:16,  2.87it/s, Saved at =inf, TrLoss=0.5019]
 Training FV-otc-s4-t9:  10%|█         | 5/50 [00:01<00:15,  2.86it/s, Saved at =inf, TrLoss=0.5019]
 Training FV-otc-s4-t9:  10%|█         | 5/50 [00:02<00:15,  2.86it/s, Saved at =inf, TrLoss=0.4265]
 Training FV-otc-s4-t9:  12%|█▏        | 6/50 [00:02<00:17,  2.47it/s, Saved at =inf, TrLoss=0.4265]
 Training FV-otc-s4-t9:  12%|█▏        | 6/50 [00:02<00:17,  2.47it/s, Saved at =inf, TrLoss=0.3909]
 Training FV-otc-s4-t9:  14%|█▍        | 7/50 [00:02<00:16,  2.61it/s, Saved at =inf, TrLoss=0.3909]
 Training FV-otc-s4-t9:  14%|█▍        | 7/50 [00:03<00:16,  2.61it/s, Saved at =inf, TrLoss=0.4993]
 Training FV-otc-s4-t9:  16%|█▌        | 8/50 [00:03<00:17,  2.38it/s, Saved at =inf, TrLoss=0.4993]
 Training FV-otc-s4-t9:  16%|█▌        | 8/50 [00:03<00:17,  2.38it/s, Saved at =inf, TrLoss=0.3528]
 Training FV-otc-s4-t9:  18%|█▊        | 9/50 [00:03<00:16,  2.46it/s, Saved at =inf, TrLoss=0.3528]
 Training FV-otc-s4-t9:  18%|█▊        | 9/50 [00:03<00:16,  2.46it/s, Saved at =inf, TrLoss=0.4016]
 Training FV-otc-s4-t9:  20%|██        | 10/50 [00:03<00:17,  2.33it/s, Saved at =inf, TrLoss=0.4016]
 Training FV-otc-s4-t9:  20%|██        | 10/50 [00:04<00:17,  2.33it/s, Saved at =inf, TrLoss=0.3193]
 Training FV-otc-s4-t9:  22%|██▏       | 11/50 [00:04<00:17,  2.27it/s, Saved at =inf, TrLoss=0.3193]
 Training FV-otc-s4-t9:  22%|██▏       | 11/50 [00:04<00:17,  2.27it/s, Saved at =inf, TrLoss=0.3565]
 Training FV-otc-s4-t9:  24%|██▍       | 12/50 [00:04<00:16,  2.37it/s, Saved at =inf, TrLoss=0.3565]
 Training FV-otc-s4-t9:  24%|██▍       | 12/50 [00:05<00:16,  2.37it/s, Saved at =inf, TrLoss=0.3484]
 Training FV-otc-s4-t9:  26%|██▌       | 13/50 [00:05<00:14,  2.53it/s, Saved at =inf, TrLoss=0.3484]
 Training FV-otc-s4-t9:  26%|██▌       | 13/50 [00:05<00:14,  2.53it/s, Saved at =inf, TrLoss=0.3079]
 Training FV-otc-s4-t9:  28%|██▊       | 14/50 [00:05<00:13,  2.62it/s, Saved at =inf, TrLoss=0.3079]
 Training FV-otc-s4-t9:  28%|██▊       | 14/50 [00:05<00:13,  2.62it/s, Saved at =inf, TrLoss=0.3258]
 Training FV-otc-s4-t9:  30%|███       | 15/50 [00:05<00:13,  2.55it/s, Saved at =inf, TrLoss=0.3258]
 Training FV-otc-s4-t9:  30%|███       | 15/50 [00:06<00:13,  2.55it/s, Saved at =inf, TrLoss=0.3296]
 Training FV-otc-s4-t9:  32%|███▏      | 16/50 [00:06<00:12,  2.64it/s, Saved at =inf, TrLoss=0.3296]
 Training FV-otc-s4-t9:  32%|███▏      | 16/50 [00:06<00:12,  2.64it/s, Saved at =inf, TrLoss=0.3022]
 Training FV-otc-s4-t9:  34%|███▍      | 17/50 [00:06<00:12,  2.63it/s, Saved at =inf, TrLoss=0.3022]
 Training FV-otc-s4-t9:  34%|███▍      | 17/50 [00:06<00:12,  2.63it/s, Saved at =inf, TrLoss=0.2990]
 Training FV-otc-s4-t9:  36%|███▌      | 18/50 [00:06<00:11,  2.73it/s, Saved at =inf, TrLoss=0.2990]
 Training FV-otc-s4-t9:  36%|███▌      | 18/50 [00:07<00:11,  2.73it/s, Saved at =inf, TrLoss=0.3034]
 Training FV-otc-s4-t9:  38%|███▊      | 19/50 [00:07<00:11,  2.70it/s, Saved at =inf, TrLoss=0.3034]
 Training FV-otc-s4-t9:  38%|███▊      | 19/50 [00:07<00:11,  2.70it/s, Saved at =inf, TrLoss=0.2969]
 Training FV-otc-s4-t9:  40%|████      | 20/50 [00:07<00:12,  2.44it/s, Saved at =inf, TrLoss=0.2969]
 Training FV-otc-s4-t9:  40%|████      | 20/50 [00:08<00:12,  2.44it/s, Saved at =inf, TrLoss=0.2856]
 Training FV-otc-s4-t9:  42%|████▏     | 21/50 [00:08<00:11,  2.53it/s, Saved at =inf, TrLoss=0.2856]
 Training FV-otc-s4-t9:  42%|████▏     | 21/50 [00:08<00:11,  2.53it/s, Saved at =inf, TrLoss=0.2872]
 Training FV-otc-s4-t9:  44%|████▍     | 22/50 [00:08<00:10,  2.70it/s, Saved at =inf, TrLoss=0.2872]
 Training FV-otc-s4-t9:  44%|████▍     | 22/50 [00:08<00:10,  2.70it/s, Saved at =inf, TrLoss=0.2821]
 Training FV-otc-s4-t9:  46%|████▌     | 23/50 [00:08<00:09,  2.72it/s, Saved at =inf, TrLoss=0.2821]
 Training FV-otc-s4-t9:  46%|████▌     | 23/50 [00:09<00:09,  2.72it/s, Saved at =inf, TrLoss=0.2666]
 Training FV-otc-s4-t9:  48%|████▊     | 24/50 [00:09<00:09,  2.68it/s, Saved at =inf, TrLoss=0.2666]
 Training FV-otc-s4-t9:  48%|████▊     | 24/50 [00:09<00:09,  2.68it/s, Saved at =inf, TrLoss=0.2728]
 Training FV-otc-s4-t9:  50%|█████     | 25/50 [00:09<00:09,  2.74it/s, Saved at =inf, TrLoss=0.2728]
 Training FV-otc-s4-t9:  50%|█████     | 25/50 [00:09<00:09,  2.74it/s, Saved at =inf, TrLoss=0.2657]
 Training FV-otc-s4-t9:  52%|█████▏    | 26/50 [00:10<00:09,  2.51it/s, Saved at =inf, TrLoss=0.2657]
 Training FV-otc-s4-t9:  52%|█████▏    | 26/50 [00:10<00:09,  2.51it/s, Saved at =inf, TrLoss=0.2588]
 Training FV-otc-s4-t9:  54%|█████▍    | 27/50 [00:10<00:08,  2.68it/s, Saved at =inf, TrLoss=0.2588]
 Training FV-otc-s4-t9:  54%|█████▍    | 27/50 [00:10<00:08,  2.68it/s, Saved at =inf, TrLoss=0.2664]
 Training FV-otc-s4-t9:  56%|█████▌    | 28/50 [00:10<00:07,  2.77it/s, Saved at =inf, TrLoss=0.2664]
 Training FV-otc-s4-t9:  56%|█████▌    | 28/50 [00:11<00:07,  2.77it/s, Saved at =inf, TrLoss=0.2545]
 Training FV-otc-s4-t9:  58%|█████▊    | 29/50 [00:11<00:07,  2.67it/s, Saved at =inf, TrLoss=0.2545]
 Training FV-otc-s4-t9:  58%|█████▊    | 29/50 [00:11<00:07,  2.67it/s, Saved at =inf, TrLoss=0.2522]
 Training FV-otc-s4-t9:  60%|██████    | 30/50 [00:11<00:07,  2.63it/s, Saved at =inf, TrLoss=0.2522]
 Training FV-otc-s4-t9:  60%|██████    | 30/50 [00:11<00:07,  2.63it/s, Saved at =inf, TrLoss=0.2472]
 Training FV-otc-s4-t9:  62%|██████▏   | 31/50 [00:11<00:06,  2.76it/s, Saved at =inf, TrLoss=0.2472]
 Training FV-otc-s4-t9:  62%|██████▏   | 31/50 [00:12<00:06,  2.76it/s, Saved at =inf, TrLoss=0.2398]
 Training FV-otc-s4-t9:  64%|██████▍   | 32/50 [00:12<00:06,  2.80it/s, Saved at =inf, TrLoss=0.2398]
 Training FV-otc-s4-t9:  64%|██████▍   | 32/50 [00:12<00:06,  2.80it/s, Saved at =inf, TrLoss=0.2498]
 Training FV-otc-s4-t9:  66%|██████▌   | 33/50 [00:12<00:05,  2.85it/s, Saved at =inf, TrLoss=0.2498]
 Training FV-otc-s4-t9:  66%|██████▌   | 33/50 [00:12<00:05,  2.85it/s, Saved at =inf, TrLoss=0.2450]
 Training FV-otc-s4-t9:  68%|██████▊   | 34/50 [00:12<00:05,  2.95it/s, Saved at =inf, TrLoss=0.2450]
 Training FV-otc-s4-t9:  68%|██████▊   | 34/50 [00:13<00:05,  2.95it/s, Saved at =inf, TrLoss=0.2365]
 Training FV-otc-s4-t9:  70%|███████   | 35/50 [00:13<00:05,  2.87it/s, Saved at =inf, TrLoss=0.2365]
 Training FV-otc-s4-t9:  70%|███████   | 35/50 [00:13<00:05,  2.87it/s, Saved at =inf, TrLoss=0.2341]
 Training FV-otc-s4-t9:  72%|███████▏  | 36/50 [00:13<00:04,  2.90it/s, Saved at =inf, TrLoss=0.2341]
 Training FV-otc-s4-t9:  72%|███████▏  | 36/50 [00:13<00:04,  2.90it/s, Saved at =inf, TrLoss=0.2319]
 Training FV-otc-s4-t9:  74%|███████▍  | 37/50 [00:13<00:04,  2.91it/s, Saved at =inf, TrLoss=0.2319]
 Training FV-otc-s4-t9:  74%|███████▍  | 37/50 [00:14<00:04,  2.91it/s, Saved at =inf, TrLoss=0.2331]
 Training FV-otc-s4-t9:  76%|███████▌  | 38/50 [00:14<00:04,  2.83it/s, Saved at =inf, TrLoss=0.2331]
 Training FV-otc-s4-t9:  76%|███████▌  | 38/50 [00:14<00:04,  2.83it/s, Saved at =inf, TrLoss=0.2320]
 Training FV-otc-s4-t9:  78%|███████▊  | 39/50 [00:14<00:03,  2.79it/s, Saved at =inf, TrLoss=0.2320]
 Training FV-otc-s4-t9:  78%|███████▊  | 39/50 [00:14<00:03,  2.79it/s, Saved at =inf, TrLoss=0.2309]
 Training FV-otc-s4-t9:  80%|████████  | 40/50 [00:14<00:03,  2.88it/s, Saved at =inf, TrLoss=0.2309]
 Training FV-otc-s4-t9:  80%|████████  | 40/50 [00:15<00:03,  2.88it/s, Saved at =inf, TrLoss=0.2249]
 Training FV-otc-s4-t9:  82%|████████▏ | 41/50 [00:15<00:03,  2.92it/s, Saved at =inf, TrLoss=0.2249]
 Training FV-otc-s4-t9:  82%|████████▏ | 41/50 [00:15<00:03,  2.92it/s, Saved at =inf, TrLoss=0.2225]
 Training FV-otc-s4-t9:  84%|████████▍ | 42/50 [00:15<00:02,  2.86it/s, Saved at =inf, TrLoss=0.2225]
 Training FV-otc-s4-t9:  84%|████████▍ | 42/50 [00:15<00:02,  2.86it/s, Saved at =inf, TrLoss=0.2221]
 Training FV-otc-s4-t9:  86%|████████▌ | 43/50 [00:15<00:02,  2.92it/s, Saved at =inf, TrLoss=0.2221]
 Training FV-otc-s4-t9:  86%|████████▌ | 43/50 [00:16<00:02,  2.92it/s, Saved at =inf, TrLoss=0.2175]
 Training FV-otc-s4-t9:  88%|████████▊ | 44/50 [00:16<00:02,  2.95it/s, Saved at =inf, TrLoss=0.2175]
 Training FV-otc-s4-t9:  88%|████████▊ | 44/50 [00:16<00:02,  2.95it/s, Saved at =inf, TrLoss=0.2150]
 Training FV-otc-s4-t9:  90%|█████████ | 45/50 [00:16<00:01,  2.96it/s, Saved at =inf, TrLoss=0.2150]
 Training FV-otc-s4-t9:  90%|█████████ | 45/50 [00:16<00:01,  2.96it/s, Saved at =inf, TrLoss=0.2119]
 Training FV-otc-s4-t9:  92%|█████████▏| 46/50 [00:16<00:01,  3.08it/s, Saved at =inf, TrLoss=0.2119]
 Training FV-otc-s4-t9:  92%|█████████▏| 46/50 [00:17<00:01,  3.08it/s, Saved at =inf, TrLoss=0.2092]
 Training FV-otc-s4-t9:  94%|█████████▍| 47/50 [00:17<00:00,  3.33it/s, Saved at =inf, TrLoss=0.2092]
 Training FV-otc-s4-t9:  94%|█████████▍| 47/50 [00:17<00:00,  3.33it/s, Saved at =inf, TrLoss=0.2065]
 Training FV-otc-s4-t9:  96%|█████████▌| 48/50 [00:17<00:00,  3.38it/s, Saved at =inf, TrLoss=0.2065]
 Training FV-otc-s4-t9:  96%|█████████▌| 48/50 [00:17<00:00,  3.38it/s, Saved at =inf, TrLoss=0.2075]
 Training FV-otc-s4-t9:  98%|█████████▊| 49/50 [00:17<00:00,  3.07it/s, Saved at =inf, TrLoss=0.2075]
 Training FV-otc-s4-t9:  98%|█████████▊| 49/50 [00:18<00:00,  3.07it/s, Saved at =inf, TrLoss=0.2042]
 Training FV-otc-s4-t9: 100%|██████████| 50/50 [00:18<00:00,  3.00it/s, Saved at =inf, TrLoss=0.2042]
 Training FV-otc-s4-t9: 100%|██████████| 50/50 [00:18<00:00,  2.75it/s, Saved at =inf, TrLoss=0.2042]

 Training ATK-otc-s4-t7:   0%|          | 0/50 [00:00<?, ?it/s]
 Training ATK-otc-s4-t7:   0%|          | 0/50 [00:00<?, ?it/s, Saved at =inf, TrLoss=0.8194]
 Training ATK-otc-s4-t7:   2%|▏         | 1/50 [00:00<00:11,  4.34it/s, Saved at =inf, TrLoss=0.8194]
 Training ATK-otc-s4-t7:   2%|▏         | 1/50 [00:00<00:11,  4.34it/s, Saved at =inf, TrLoss=0.6782]
 Training ATK-otc-s4-t7:   4%|▍         | 2/50 [00:00<00:12,  3.85it/s, Saved at =inf, TrLoss=0.6782]
 Training ATK-otc-s4-t7:   4%|▍         | 2/50 [00:00<00:12,  3.85it/s, Saved at =inf, TrLoss=0.6061]
 Training ATK-otc-s4-t7:   6%|▌         | 3/50 [00:00<00:13,  3.41it/s, Saved at =inf, TrLoss=0.6061]
 Training ATK-otc-s4-t7:   6%|▌         | 3/50 [00:01<00:13,  3.41it/s, Saved at =inf, TrLoss=0.5586]
 Training ATK-otc-s4-t7:   8%|▊         | 4/50 [00:01<00:12,  3.61it/s, Saved at =inf, TrLoss=0.5586]
 Training ATK-otc-s4-t7:   8%|▊         | 4/50 [00:01<00:12,  3.61it/s, Saved at =inf, TrLoss=0.5012]
 Training ATK-otc-s4-t7:  10%|█         | 5/50 [00:01<00:12,  3.67it/s, Saved at =inf, TrLoss=0.5012]
 Training ATK-otc-s4-t7:  10%|█         | 5/50 [00:01<00:12,  3.67it/s, Saved at =inf, TrLoss=0.4406]
 Training ATK-otc-s4-t7:  12%|█▏        | 6/50 [00:01<00:11,  3.76it/s, Saved at =inf, TrLoss=0.4406]
 Training ATK-otc-s4-t7:  12%|█▏        | 6/50 [00:01<00:11,  3.76it/s, Saved at =inf, TrLoss=0.3933]
 Training ATK-otc-s4-t7:  14%|█▍        | 7/50 [00:01<00:11,  3.86it/s, Saved at =inf, TrLoss=0.3933]
 Training ATK-otc-s4-t7:  14%|█▍        | 7/50 [00:02<00:11,  3.86it/s, Saved at =inf, TrLoss=0.3842]
 Training ATK-otc-s4-t7:  16%|█▌        | 8/50 [00:02<00:10,  4.10it/s, Saved at =inf, TrLoss=0.3842]
 Training ATK-otc-s4-t7:  16%|█▌        | 8/50 [00:02<00:10,  4.10it/s, Saved at =inf, TrLoss=0.6233]
 Training ATK-otc-s4-t7:  18%|█▊        | 9/50 [00:02<00:09,  4.13it/s, Saved at =inf, TrLoss=0.6233]
 Training ATK-otc-s4-t7:  18%|█▊        | 9/50 [00:02<00:09,  4.13it/s, Saved at =inf, TrLoss=0.3677]
 Training ATK-otc-s4-t7:  20%|██        | 10/50 [00:02<00:09,  4.10it/s, Saved at =inf, TrLoss=0.3677]
 Training ATK-otc-s4-t7:  20%|██        | 10/50 [00:02<00:09,  4.10it/s, Saved at =inf, TrLoss=0.4204]
 Training ATK-otc-s4-t7:  22%|██▏       | 11/50 [00:02<00:08,  4.46it/s, Saved at =inf, TrLoss=0.4204]
 Training ATK-otc-s4-t7:  22%|██▏       | 11/50 [00:02<00:08,  4.46it/s, Saved at =inf, TrLoss=0.3085]
 Training ATK-otc-s4-t7:  24%|██▍       | 12/50 [00:02<00:08,  4.38it/s, Saved at =inf, TrLoss=0.3085]
 Training ATK-otc-s4-t7:  24%|██▍       | 12/50 [00:03<00:08,  4.38it/s, Saved at =inf, TrLoss=0.3712]
 Training ATK-otc-s4-t7:  26%|██▌       | 13/50 [00:03<00:09,  4.08it/s, Saved at =inf, TrLoss=0.3712]
 Training ATK-otc-s4-t7:  26%|██▌       | 13/50 [00:03<00:09,  4.08it/s, Saved at =inf, TrLoss=0.3319]
 Training ATK-otc-s4-t7:  28%|██▊       | 14/50 [00:03<00:08,  4.11it/s, Saved at =inf, TrLoss=0.3319]
 Training ATK-otc-s4-t7:  28%|██▊       | 14/50 [00:03<00:08,  4.11it/s, Saved at =inf, TrLoss=0.2829]
 Training ATK-otc-s4-t7:  30%|███       | 15/50 [00:03<00:08,  4.06it/s, Saved at =inf, TrLoss=0.2829]
 Training ATK-otc-s4-t7:  30%|███       | 15/50 [00:03<00:08,  4.06it/s, Saved at =inf, TrLoss=0.3197]
 Training ATK-otc-s4-t7:  32%|███▏      | 16/50 [00:04<00:08,  3.78it/s, Saved at =inf, TrLoss=0.3197]
 Training ATK-otc-s4-t7:  32%|███▏      | 16/50 [00:04<00:08,  3.78it/s, Saved at =inf, TrLoss=0.3101]
 Training ATK-otc-s4-t7:  34%|███▍      | 17/50 [00:04<00:08,  3.86it/s, Saved at =inf, TrLoss=0.3101]
 Training ATK-otc-s4-t7:  34%|███▍      | 17/50 [00:04<00:08,  3.86it/s, Saved at =inf, TrLoss=0.2800]
 Training ATK-otc-s4-t7:  36%|███▌      | 18/50 [00:04<00:08,  3.98it/s, Saved at =inf, TrLoss=0.2800]
 Training ATK-otc-s4-t7:  36%|███▌      | 18/50 [00:04<00:08,  3.98it/s, Saved at =inf, TrLoss=0.2869]
 Training ATK-otc-s4-t7:  38%|███▊      | 19/50 [00:04<00:07,  4.20it/s, Saved at =inf, TrLoss=0.2869]
 Training ATK-otc-s4-t7:  38%|███▊      | 19/50 [00:05<00:07,  4.20it/s, Saved at =inf, TrLoss=0.3081]
 Training ATK-otc-s4-t7:  40%|████      | 20/50 [00:05<00:08,  3.70it/s, Saved at =inf, TrLoss=0.3081]
 Training ATK-otc-s4-t7:  40%|████      | 20/50 [00:05<00:08,  3.70it/s, Saved at =inf, TrLoss=0.2865]
 Training ATK-otc-s4-t7:  42%|████▏     | 21/50 [00:05<00:08,  3.52it/s, Saved at =inf, TrLoss=0.2865]
 Training ATK-otc-s4-t7:  42%|████▏     | 21/50 [00:05<00:08,  3.52it/s, Saved at =inf, TrLoss=0.2621]
 Training ATK-otc-s4-t7:  44%|████▍     | 22/50 [00:05<00:08,  3.21it/s, Saved at =inf, TrLoss=0.2621]
 Training ATK-otc-s4-t7:  44%|████▍     | 22/50 [00:05<00:08,  3.21it/s, Saved at =inf, TrLoss=0.2696]
 Training ATK-otc-s4-t7:  46%|████▌     | 23/50 [00:06<00:07,  3.52it/s, Saved at =inf, TrLoss=0.2696]
 Training ATK-otc-s4-t7:  46%|████▌     | 23/50 [00:06<00:07,  3.52it/s, Saved at =inf, TrLoss=0.2763]
 Training ATK-otc-s4-t7:  48%|████▊     | 24/50 [00:06<00:06,  3.76it/s, Saved at =inf, TrLoss=0.2763]
 Training ATK-otc-s4-t7:  48%|████▊     | 24/50 [00:06<00:06,  3.76it/s, Saved at =inf, TrLoss=0.2547]
 Training ATK-otc-s4-t7:  50%|█████     | 25/50 [00:06<00:06,  3.93it/s, Saved at =inf, TrLoss=0.2547]
 Training ATK-otc-s4-t7:  50%|█████     | 25/50 [00:06<00:06,  3.93it/s, Saved at =inf, TrLoss=0.2470]
 Training ATK-otc-s4-t7:  52%|█████▏    | 26/50 [00:06<00:06,  3.98it/s, Saved at =inf, TrLoss=0.2470]
 Training ATK-otc-s4-t7:  52%|█████▏    | 26/50 [00:06<00:06,  3.98it/s, Saved at =inf, TrLoss=0.2520]
 Training ATK-otc-s4-t7:  54%|█████▍    | 27/50 [00:06<00:05,  3.97it/s, Saved at =inf, TrLoss=0.2520]
 Training ATK-otc-s4-t7:  54%|█████▍    | 27/50 [00:07<00:05,  3.97it/s, Saved at =inf, TrLoss=0.2492]
 Training ATK-otc-s4-t7:  56%|█████▌    | 28/50 [00:07<00:05,  4.10it/s, Saved at =inf, TrLoss=0.2492]
 Training ATK-otc-s4-t7:  56%|█████▌    | 28/50 [00:07<00:05,  4.10it/s, Saved at =inf, TrLoss=0.2365]
 Training ATK-otc-s4-t7:  58%|█████▊    | 29/50 [00:07<00:05,  3.61it/s, Saved at =inf, TrLoss=0.2365]
 Training ATK-otc-s4-t7:  58%|█████▊    | 29/50 [00:07<00:05,  3.61it/s, Saved at =inf, TrLoss=0.2357]
 Training ATK-otc-s4-t7:  60%|██████    | 30/50 [00:07<00:05,  3.65it/s, Saved at =inf, TrLoss=0.2357]
 Training ATK-otc-s4-t7:  60%|██████    | 30/50 [00:08<00:05,  3.65it/s, Saved at =inf, TrLoss=0.2398]
 Training ATK-otc-s4-t7:  62%|██████▏   | 31/50 [00:08<00:05,  3.48it/s, Saved at =inf, TrLoss=0.2398]
 Training ATK-otc-s4-t7:  62%|██████▏   | 31/50 [00:08<00:05,  3.48it/s, Saved at =inf, TrLoss=0.2285]
 Training ATK-otc-s4-t7:  64%|██████▍   | 32/50 [00:08<00:05,  3.51it/s, Saved at =inf, TrLoss=0.2285]
 Training ATK-otc-s4-t7:  64%|██████▍   | 32/50 [00:08<00:05,  3.51it/s, Saved at =inf, TrLoss=0.2311]
 Training ATK-otc-s4-t7:  66%|██████▌   | 33/50 [00:08<00:04,  3.72it/s, Saved at =inf, TrLoss=0.2311]
 Training ATK-otc-s4-t7:  66%|██████▌   | 33/50 [00:08<00:04,  3.72it/s, Saved at =inf, TrLoss=0.2394]
 Training ATK-otc-s4-t7:  68%|██████▊   | 34/50 [00:08<00:03,  4.04it/s, Saved at =inf, TrLoss=0.2394]
 Training ATK-otc-s4-t7:  68%|██████▊   | 34/50 [00:08<00:03,  4.04it/s, Saved at =inf, TrLoss=0.2241]
 Training ATK-otc-s4-t7:  70%|███████   | 35/50 [00:09<00:03,  4.25it/s, Saved at =inf, TrLoss=0.2241]
 Training ATK-otc-s4-t7:  70%|███████   | 35/50 [00:09<00:03,  4.25it/s, Saved at =inf, TrLoss=0.2187]
 Training ATK-otc-s4-t7:  72%|███████▏  | 36/50 [00:09<00:03,  4.06it/s, Saved at =inf, TrLoss=0.2187]
 Training ATK-otc-s4-t7:  72%|███████▏  | 36/50 [00:09<00:03,  4.06it/s, Saved at =inf, TrLoss=0.2217]
 Training ATK-otc-s4-t7:  74%|███████▍  | 37/50 [00:09<00:03,  3.55it/s, Saved at =inf, TrLoss=0.2217]
 Training ATK-otc-s4-t7:  74%|███████▍  | 37/50 [00:09<00:03,  3.55it/s, Saved at =inf, TrLoss=0.2233]
 Training ATK-otc-s4-t7:  76%|███████▌  | 38/50 [00:09<00:03,  3.54it/s, Saved at =inf, TrLoss=0.2233]
 Training ATK-otc-s4-t7:  76%|███████▌  | 38/50 [00:10<00:03,  3.54it/s, Saved at =inf, TrLoss=0.2222]
 Training ATK-otc-s4-t7:  78%|███████▊  | 39/50 [00:10<00:03,  3.62it/s, Saved at =inf, TrLoss=0.2222]
 Training ATK-otc-s4-t7:  78%|███████▊  | 39/50 [00:10<00:03,  3.62it/s, Saved at =inf, TrLoss=0.2215]
 Training ATK-otc-s4-t7:  80%|████████  | 40/50 [00:10<00:02,  3.44it/s, Saved at =inf, TrLoss=0.2215]
 Training ATK-otc-s4-t7:  80%|████████  | 40/50 [00:10<00:02,  3.44it/s, Saved at =inf, TrLoss=0.2172]
 Training ATK-otc-s4-t7:  82%|████████▏ | 41/50 [00:10<00:02,  3.45it/s, Saved at =inf, TrLoss=0.2172]
 Training ATK-otc-s4-t7:  82%|████████▏ | 41/50 [00:11<00:02,  3.45it/s, Saved at =inf, TrLoss=0.2153]
 Training ATK-otc-s4-t7:  84%|████████▍ | 42/50 [00:11<00:02,  3.57it/s, Saved at =inf, TrLoss=0.2153]
 Training ATK-otc-s4-t7:  84%|████████▍ | 42/50 [00:11<00:02,  3.57it/s, Saved at =inf, TrLoss=0.2142]
 Training ATK-otc-s4-t7:  86%|████████▌ | 43/50 [00:11<00:01,  3.76it/s, Saved at =inf, TrLoss=0.2142]
 Training ATK-otc-s4-t7:  86%|████████▌ | 43/50 [00:11<00:01,  3.76it/s, Saved at =inf, TrLoss=0.2135]
 Training ATK-otc-s4-t7:  88%|████████▊ | 44/50 [00:11<00:01,  4.01it/s, Saved at =inf, TrLoss=0.2135]
 Training ATK-otc-s4-t7:  88%|████████▊ | 44/50 [00:11<00:01,  4.01it/s, Saved at =inf, TrLoss=0.2100]
 Training ATK-otc-s4-t7:  90%|█████████ | 45/50 [00:11<00:01,  4.07it/s, Saved at =inf, TrLoss=0.2100]
 Training ATK-otc-s4-t7:  90%|█████████ | 45/50 [00:11<00:01,  4.07it/s, Saved at =inf, TrLoss=0.2107]
 Training ATK-otc-s4-t7:  92%|█████████▏| 46/50 [00:12<00:00,  4.09it/s, Saved at =inf, TrLoss=0.2107]
 Training ATK-otc-s4-t7:  92%|█████████▏| 46/50 [00:12<00:00,  4.09it/s, Saved at =inf, TrLoss=0.2092]
 Training ATK-otc-s4-t7:  94%|█████████▍| 47/50 [00:12<00:00,  4.11it/s, Saved at =inf, TrLoss=0.2092]
 Training ATK-otc-s4-t7:  94%|█████████▍| 47/50 [00:12<00:00,  4.11it/s, Saved at =inf, TrLoss=0.2069]
 Training ATK-otc-s4-t7:  96%|█████████▌| 48/50 [00:12<00:00,  4.12it/s, Saved at =inf, TrLoss=0.2069]
 Training ATK-otc-s4-t7:  96%|█████████▌| 48/50 [00:12<00:00,  4.12it/s, Saved at =inf, TrLoss=0.2039]
 Training ATK-otc-s4-t7:  98%|█████████▊| 49/50 [00:12<00:00,  4.14it/s, Saved at =inf, TrLoss=0.2039]
 Training ATK-otc-s4-t7:  98%|█████████▊| 49/50 [00:12<00:00,  4.14it/s, Saved at =inf, TrLoss=0.2043]
 Training ATK-otc-s4-t7: 100%|██████████| 50/50 [00:13<00:00,  3.95it/s, Saved at =inf, TrLoss=0.2043]
 Training ATK-otc-s4-t7: 100%|██████████| 50/50 [00:13<00:00,  3.84it/s, Saved at =inf, TrLoss=0.2043]
[16:12:18]   MCC=0.403±0.088, AUC=0.759±0.062, BAcc=0.684±0.057
[16:17:02]   [otc s4] 500/3269 candidates scanned, 487 eligible
[16:21:39]   [otc s4] 1000/3269 candidates scanned, 959 eligible
[16:25:34]   [otc s4] 1500/3269 candidates scanned, 1419 eligible
[16:28:31]   [otc s4] 2000/3269 candidates scanned, 1765 eligible
[16:32:09]   [otc s4] 2500/3269 candidates scanned, 2191 eligible
[16:34:30]   [otc s4] 3000/3269 candidates scanned, 2564 eligible
[16:35:29]   otc seed 4: n=2732 AUC=0.759 | flip% random total/prop 24.3/13.6 | optimized 37.4/17.9 | 24.8 min
