<ps-env>/lib/python3.10/site-packages/networkx/utils/backends.py:563: RuntimeWarning: Error encountered when loading info for backend cugraph: No module named '_nx_cugraph'
  backend_info.update(_get_backends("networkx.backend_info", load_and_call=True))
[16:06:52] 
  CAUSAL RETRAIN (T=8, attack in new snapshot s7) — otc

 Training POISON-otc-s42-T8-k0:   0%|          | 0/50 [00:00<?, ?it/s]
 Training POISON-otc-s42-T8-k0:   0%|          | 0/50 [00:00<?, ?it/s, Saved at =inf, TrLoss=0.7212]
 Training POISON-otc-s42-T8-k0:   2%|▏         | 1/50 [00:00<00:35,  1.40it/s, Saved at =inf, TrLoss=0.7212]
 Training POISON-otc-s42-T8-k0:   2%|▏         | 1/50 [00:00<00:35,  1.40it/s, Saved at =inf, TrLoss=0.7883]
 Training POISON-otc-s42-T8-k0:   4%|▍         | 2/50 [00:00<00:21,  2.25it/s, Saved at =inf, TrLoss=0.7883]
 Training POISON-otc-s42-T8-k0:   4%|▍         | 2/50 [00:01<00:21,  2.25it/s, Saved at =inf, TrLoss=0.6035]
 Training POISON-otc-s42-T8-k0:   6%|▌         | 3/50 [00:01<00:19,  2.46it/s, Saved at =inf, TrLoss=0.6035]
 Training POISON-otc-s42-T8-k0:   6%|▌         | 3/50 [00:01<00:19,  2.46it/s, Saved at =inf, TrLoss=0.5991]
 Training POISON-otc-s42-T8-k0:   8%|▊         | 4/50 [00:01<00:17,  2.63it/s, Saved at =inf, TrLoss=0.5991]
 Training POISON-otc-s42-T8-k0:   8%|▊         | 4/50 [00:01<00:17,  2.63it/s, Saved at =inf, TrLoss=0.5429]
 Training POISON-otc-s42-T8-k0:  10%|█         | 5/50 [00:01<00:16,  2.78it/s, Saved at =inf, TrLoss=0.5429]
 Training POISON-otc-s42-T8-k0:  10%|█         | 5/50 [00:02<00:16,  2.78it/s, Saved at =inf, TrLoss=0.4989]
 Training POISON-otc-s42-T8-k0:  12%|█▏        | 6/50 [00:02<00:15,  2.84it/s, Saved at =inf, TrLoss=0.4989]
 Training POISON-otc-s42-T8-k0:  12%|█▏        | 6/50 [00:02<00:15,  2.84it/s, Saved at =inf, TrLoss=0.4820]
 Training POISON-otc-s42-T8-k0:  14%|█▍        | 7/50 [00:02<00:15,  2.86it/s, Saved at =inf, TrLoss=0.4820]
 Training POISON-otc-s42-T8-k0:  14%|█▍        | 7/50 [00:02<00:15,  2.86it/s, Saved at =inf, TrLoss=0.4272]
 Training POISON-otc-s42-T8-k0:  16%|█▌        | 8/50 [00:02<00:13,  3.11it/s, Saved at =inf, TrLoss=0.4272]
 Training POISON-otc-s42-T8-k0:  16%|█▌        | 8/50 [00:03<00:13,  3.11it/s, Saved at =inf, TrLoss=0.4122]
 Training POISON-otc-s42-T8-k0:  18%|█▊        | 9/50 [00:03<00:13,  3.11it/s, Saved at =inf, TrLoss=0.4122]
 Training POISON-otc-s42-T8-k0:  18%|█▊        | 9/50 [00:03<00:13,  3.11it/s, Saved at =inf, TrLoss=0.3677]
 Training POISON-otc-s42-T8-k0:  20%|██        | 10/50 [00:03<00:11,  3.38it/s, Saved at =inf, TrLoss=0.3677]
 Training POISON-otc-s42-T8-k0:  20%|██        | 10/50 [00:03<00:11,  3.38it/s, Saved at =inf, TrLoss=0.4060]
 Training POISON-otc-s42-T8-k0:  22%|██▏       | 11/50 [00:03<00:11,  3.38it/s, Saved at =inf, TrLoss=0.4060]
 Training POISON-otc-s42-T8-k0:  22%|██▏       | 11/50 [00:03<00:11,  3.38it/s, Saved at =inf, TrLoss=0.3620]
 Training POISON-otc-s42-T8-k0:  24%|██▍       | 12/50 [00:04<00:10,  3.58it/s, Saved at =inf, TrLoss=0.3620]
 Training POISON-otc-s42-T8-k0:  24%|██▍       | 12/50 [00:04<00:10,  3.58it/s, Saved at =inf, TrLoss=0.3707]
 Training POISON-otc-s42-T8-k0:  26%|██▌       | 13/50 [00:04<00:10,  3.41it/s, Saved at =inf, TrLoss=0.3707]
 Training POISON-otc-s42-T8-k0:  26%|██▌       | 13/50 [00:04<00:10,  3.41it/s, Saved at =inf, TrLoss=0.3242]
 Training POISON-otc-s42-T8-k0:  28%|██▊       | 14/50 [00:04<00:10,  3.44it/s, Saved at =inf, TrLoss=0.3242]
 Training POISON-otc-s42-T8-k0:  28%|██▊       | 14/50 [00:04<00:10,  3.44it/s, Saved at =inf, TrLoss=0.3287]
 Training POISON-otc-s42-T8-k0:  30%|███       | 15/50 [00:04<00:10,  3.45it/s, Saved at =inf, TrLoss=0.3287]
 Training POISON-otc-s42-T8-k0:  30%|███       | 15/50 [00:05<00:10,  3.45it/s, Saved at =inf, TrLoss=0.3159]
 Training POISON-otc-s42-T8-k0:  32%|███▏      | 16/50 [00:05<00:10,  3.25it/s, Saved at =inf, TrLoss=0.3159]
 Training POISON-otc-s42-T8-k0:  32%|███▏      | 16/50 [00:05<00:10,  3.25it/s, Saved at =inf, TrLoss=0.3283]
 Training POISON-otc-s42-T8-k0:  34%|███▍      | 17/50 [00:05<00:10,  3.21it/s, Saved at =inf, TrLoss=0.3283]
 Training POISON-otc-s42-T8-k0:  34%|███▍      | 17/50 [00:05<00:10,  3.21it/s, Saved at =inf, TrLoss=0.3003]
 Training POISON-otc-s42-T8-k0:  36%|███▌      | 18/50 [00:05<00:09,  3.33it/s, Saved at =inf, TrLoss=0.3003]
 Training POISON-otc-s42-T8-k0:  36%|███▌      | 18/50 [00:06<00:09,  3.33it/s, Saved at =inf, TrLoss=0.3049]
 Training POISON-otc-s42-T8-k0:  38%|███▊      | 19/50 [00:06<00:09,  3.36it/s, Saved at =inf, TrLoss=0.3049]
 Training POISON-otc-s42-T8-k0:  38%|███▊      | 19/50 [00:06<00:09,  3.36it/s, Saved at =inf, TrLoss=0.2851]
 Training POISON-otc-s42-T8-k0:  40%|████      | 20/50 [00:06<00:08,  3.34it/s, Saved at =inf, TrLoss=0.2851]
 Training POISON-otc-s42-T8-k0:  40%|████      | 20/50 [00:06<00:08,  3.34it/s, Saved at =inf, TrLoss=0.2871]
 Training POISON-otc-s42-T8-k0:  42%|████▏     | 21/50 [00:06<00:08,  3.46it/s, Saved at =inf, TrLoss=0.2871]
 Training POISON-otc-s42-T8-k0:  42%|████▏     | 21/50 [00:06<00:08,  3.46it/s, Saved at =inf, TrLoss=0.2757]
 Training POISON-otc-s42-T8-k0:  44%|████▍     | 22/50 [00:06<00:07,  3.71it/s, Saved at =inf, TrLoss=0.2757]
 Training POISON-otc-s42-T8-k0:  44%|████▍     | 22/50 [00:07<00:07,  3.71it/s, Saved at =inf, TrLoss=0.2861]
 Training POISON-otc-s42-T8-k0:  46%|████▌     | 23/50 [00:07<00:07,  3.76it/s, Saved at =inf, TrLoss=0.2861]
 Training POISON-otc-s42-T8-k0:  46%|████▌     | 23/50 [00:07<00:07,  3.76it/s, Saved at =inf, TrLoss=0.2606]
 Training POISON-otc-s42-T8-k0:  48%|████▊     | 24/50 [00:07<00:07,  3.43it/s, Saved at =inf, TrLoss=0.2606]
 Training POISON-otc-s42-T8-k0:  48%|████▊     | 24/50 [00:07<00:07,  3.43it/s, Saved at =inf, TrLoss=0.2780]
 Training POISON-otc-s42-T8-k0:  50%|█████     | 25/50 [00:07<00:07,  3.47it/s, Saved at =inf, TrLoss=0.2780]
 Training POISON-otc-s42-T8-k0:  50%|█████     | 25/50 [00:08<00:07,  3.47it/s, Saved at =inf, TrLoss=0.2547]
 Training POISON-otc-s42-T8-k0:  52%|█████▏    | 26/50 [00:08<00:06,  3.49it/s, Saved at =inf, TrLoss=0.2547]
 Training POISON-otc-s42-T8-k0:  52%|█████▏    | 26/50 [00:08<00:06,  3.49it/s, Saved at =inf, TrLoss=0.2688]
 Training POISON-otc-s42-T8-k0:  54%|█████▍    | 27/50 [00:08<00:07,  3.23it/s, Saved at =inf, TrLoss=0.2688]
 Training POISON-otc-s42-T8-k0:  54%|█████▍    | 27/50 [00:08<00:07,  3.23it/s, Saved at =inf, TrLoss=0.2587]
 Training POISON-otc-s42-T8-k0:  56%|█████▌    | 28/50 [00:08<00:06,  3.28it/s, Saved at =inf, TrLoss=0.2587]
 Training POISON-otc-s42-T8-k0:  56%|█████▌    | 28/50 [00:09<00:06,  3.28it/s, Saved at =inf, TrLoss=0.2521]
 Training POISON-otc-s42-T8-k0:  58%|█████▊    | 29/50 [00:09<00:07,  2.96it/s, Saved at =inf, TrLoss=0.2521]
 Training POISON-otc-s42-T8-k0:  58%|█████▊    | 29/50 [00:09<00:07,  2.96it/s, Saved at =inf, TrLoss=0.2465]
 Training POISON-otc-s42-T8-k0:  60%|██████    | 30/50 [00:09<00:06,  3.00it/s, Saved at =inf, TrLoss=0.2465]
 Training POISON-otc-s42-T8-k0:  60%|██████    | 30/50 [00:09<00:06,  3.00it/s, Saved at =inf, TrLoss=0.2450]
 Training POISON-otc-s42-T8-k0:  62%|██████▏   | 31/50 [00:09<00:06,  3.07it/s, Saved at =inf, TrLoss=0.2450]
 Training POISON-otc-s42-T8-k0:  62%|██████▏   | 31/50 [00:10<00:06,  3.07it/s, Saved at =inf, TrLoss=0.2433]
 Training POISON-otc-s42-T8-k0:  64%|██████▍   | 32/50 [00:10<00:05,  3.14it/s, Saved at =inf, TrLoss=0.2433]
 Training POISON-otc-s42-T8-k0:  64%|██████▍   | 32/50 [00:10<00:05,  3.14it/s, Saved at =inf, TrLoss=0.2399]
 Training POISON-otc-s42-T8-k0:  66%|██████▌   | 33/50 [00:10<00:05,  3.32it/s, Saved at =inf, TrLoss=0.2399]
 Training POISON-otc-s42-T8-k0:  66%|██████▌   | 33/50 [00:10<00:05,  3.32it/s, Saved at =inf, TrLoss=0.2353]
 Training POISON-otc-s42-T8-k0:  68%|██████▊   | 34/50 [00:10<00:04,  3.46it/s, Saved at =inf, TrLoss=0.2353]
 Training POISON-otc-s42-T8-k0:  68%|██████▊   | 34/50 [00:10<00:04,  3.46it/s, Saved at =inf, TrLoss=0.2370]
 Training POISON-otc-s42-T8-k0:  70%|███████   | 35/50 [00:10<00:04,  3.45it/s, Saved at =inf, TrLoss=0.2370]
 Training POISON-otc-s42-T8-k0:  70%|███████   | 35/50 [00:11<00:04,  3.45it/s, Saved at =inf, TrLoss=0.2343]
 Training POISON-otc-s42-T8-k0:  72%|███████▏  | 36/50 [00:11<00:04,  3.42it/s, Saved at =inf, TrLoss=0.2343]
 Training POISON-otc-s42-T8-k0:  72%|███████▏  | 36/50 [00:11<00:04,  3.42it/s, Saved at =inf, TrLoss=0.2345]
 Training POISON-otc-s42-T8-k0:  74%|███████▍  | 37/50 [00:11<00:03,  3.59it/s, Saved at =inf, TrLoss=0.2345]
 Training POISON-otc-s42-T8-k0:  74%|███████▍  | 37/50 [00:11<00:03,  3.59it/s, Saved at =inf, TrLoss=0.2334]
 Training POISON-otc-s42-T8-k0:  76%|███████▌  | 38/50 [00:11<00:03,  3.65it/s, Saved at =inf, TrLoss=0.2334]
 Training POISON-otc-s42-T8-k0:  76%|███████▌  | 38/50 [00:11<00:03,  3.65it/s, Saved at =inf, TrLoss=0.2289]
 Training POISON-otc-s42-T8-k0:  78%|███████▊  | 39/50 [00:11<00:02,  3.80it/s, Saved at =inf, TrLoss=0.2289]
 Training POISON-otc-s42-T8-k0:  78%|███████▊  | 39/50 [00:12<00:02,  3.80it/s, Saved at =inf, TrLoss=0.2313]
 Training POISON-otc-s42-T8-k0:  80%|████████  | 40/50 [00:12<00:02,  3.75it/s, Saved at =inf, TrLoss=0.2313]
 Training POISON-otc-s42-T8-k0:  80%|████████  | 40/50 [00:12<00:02,  3.75it/s, Saved at =inf, TrLoss=0.2220]
 Training POISON-otc-s42-T8-k0:  82%|████████▏ | 41/50 [00:12<00:02,  3.39it/s, Saved at =inf, TrLoss=0.2220]
 Training POISON-otc-s42-T8-k0:  82%|████████▏ | 41/50 [00:12<00:02,  3.39it/s, Saved at =inf, TrLoss=0.2294]
 Training POISON-otc-s42-T8-k0:  84%|████████▍ | 42/50 [00:12<00:02,  3.40it/s, Saved at =inf, TrLoss=0.2294]
 Training POISON-otc-s42-T8-k0:  84%|████████▍ | 42/50 [00:13<00:02,  3.40it/s, Saved at =inf, TrLoss=0.2211]
 Training POISON-otc-s42-T8-k0:  86%|████████▌ | 43/50 [00:13<00:02,  3.33it/s, Saved at =inf, TrLoss=0.2211]
 Training POISON-otc-s42-T8-k0:  86%|████████▌ | 43/50 [00:13<00:02,  3.33it/s, Saved at =inf, TrLoss=0.2257]
 Training POISON-otc-s42-T8-k0:  88%|████████▊ | 44/50 [00:13<00:01,  3.25it/s, Saved at =inf, TrLoss=0.2257]
 Training POISON-otc-s42-T8-k0:  88%|████████▊ | 44/50 [00:13<00:01,  3.25it/s, Saved at =inf, TrLoss=0.2235]
 Training POISON-otc-s42-T8-k0:  90%|█████████ | 45/50 [00:13<00:01,  2.92it/s, Saved at =inf, TrLoss=0.2235]
 Training POISON-otc-s42-T8-k0:  90%|█████████ | 45/50 [00:14<00:01,  2.92it/s, Saved at =inf, TrLoss=0.2221]
 Training POISON-otc-s42-T8-k0:  92%|█████████▏| 46/50 [00:14<00:01,  3.16it/s, Saved at =inf, TrLoss=0.2221]
 Training POISON-otc-s42-T8-k0:  92%|█████████▏| 46/50 [00:14<00:01,  3.16it/s, Saved at =inf, TrLoss=0.2233]
 Training POISON-otc-s42-T8-k0:  94%|█████████▍| 47/50 [00:14<00:00,  3.19it/s, Saved at =inf, TrLoss=0.2233]
 Training POISON-otc-s42-T8-k0:  94%|█████████▍| 47/50 [00:14<00:00,  3.19it/s, Saved at =inf, TrLoss=0.2143]
 Training POISON-otc-s42-T8-k0:  96%|█████████▌| 48/50 [00:14<00:00,  3.16it/s, Saved at =inf, TrLoss=0.2143]
 Training POISON-otc-s42-T8-k0:  96%|█████████▌| 48/50 [00:15<00:00,  3.16it/s, Saved at =inf, TrLoss=0.2241]
 Training POISON-otc-s42-T8-k0:  98%|█████████▊| 49/50 [00:15<00:00,  3.02it/s, Saved at =inf, TrLoss=0.2241]
 Training POISON-otc-s42-T8-k0:  98%|█████████▊| 49/50 [00:15<00:00,  3.02it/s, Saved at =inf, TrLoss=0.2075]
 Training POISON-otc-s42-T8-k0: 100%|██████████| 50/50 [00:15<00:00,  3.07it/s, Saved at =inf, TrLoss=0.2075]
 Training POISON-otc-s42-T8-k0: 100%|██████████| 50/50 [00:15<00:00,  3.21it/s, Saved at =inf, TrLoss=0.2075]

 Training POISON-otc-s42-T8-k0:   0%|          | 0/50 [00:00<?, ?it/s]
 Training POISON-otc-s42-T8-k0:   0%|          | 0/50 [00:00<?, ?it/s, Saved at =inf, TrLoss=0.7212]
 Training POISON-otc-s42-T8-k0:   2%|▏         | 1/50 [00:00<00:11,  4.44it/s, Saved at =inf, TrLoss=0.7212]
 Training POISON-otc-s42-T8-k0:   2%|▏         | 1/50 [00:00<00:11,  4.44it/s, Saved at =inf, TrLoss=0.7883]
 Training POISON-otc-s42-T8-k0:   4%|▍         | 2/50 [00:00<00:10,  4.52it/s, Saved at =inf, TrLoss=0.7883]
 Training POISON-otc-s42-T8-k0:   4%|▍         | 2/50 [00:00<00:10,  4.52it/s, Saved at =inf, TrLoss=0.6035]
 Training POISON-otc-s42-T8-k0:   6%|▌         | 3/50 [00:00<00:10,  4.52it/s, Saved at =inf, TrLoss=0.6035]
 Training POISON-otc-s42-T8-k0:   6%|▌         | 3/50 [00:00<00:10,  4.52it/s, Saved at =inf, TrLoss=0.5991]
 Training POISON-otc-s42-T8-k0:   8%|▊         | 4/50 [00:00<00:11,  4.01it/s, Saved at =inf, TrLoss=0.5991]
 Training POISON-otc-s42-T8-k0:   8%|▊         | 4/50 [00:01<00:11,  4.01it/s, Saved at =inf, TrLoss=0.5429]
 Training POISON-otc-s42-T8-k0:  10%|█         | 5/50 [00:01<00:11,  3.95it/s, Saved at =inf, TrLoss=0.5429]
 Training POISON-otc-s42-T8-k0:  10%|█         | 5/50 [00:01<00:11,  3.95it/s, Saved at =inf, TrLoss=0.4989]
 Training POISON-otc-s42-T8-k0:  12%|█▏        | 6/50 [00:01<00:10,  4.25it/s, Saved at =inf, TrLoss=0.4989]
 Training POISON-otc-s42-T8-k0:  12%|█▏        | 6/50 [00:01<00:10,  4.25it/s, Saved at =inf, TrLoss=0.4820]
 Training POISON-otc-s42-T8-k0:  14%|█▍        | 7/50 [00:01<00:10,  4.25it/s, Saved at =inf, TrLoss=0.4820]
 Training POISON-otc-s42-T8-k0:  14%|█▍        | 7/50 [00:01<00:10,  4.25it/s, Saved at =inf, TrLoss=0.4272]
 Training POISON-otc-s42-T8-k0:  16%|█▌        | 8/50 [00:01<00:09,  4.34it/s, Saved at =inf, TrLoss=0.4272]
 Training POISON-otc-s42-T8-k0:  16%|█▌        | 8/50 [00:02<00:09,  4.34it/s, Saved at =inf, TrLoss=0.4122]
 Training POISON-otc-s42-T8-k0:  18%|█▊        | 9/50 [00:02<00:09,  4.39it/s, Saved at =inf, TrLoss=0.4122]
 Training POISON-otc-s42-T8-k0:  18%|█▊        | 9/50 [00:02<00:09,  4.39it/s, Saved at =inf, TrLoss=0.3677]
 Training POISON-otc-s42-T8-k0:  20%|██        | 10/50 [00:02<00:09,  4.43it/s, Saved at =inf, TrLoss=0.3677]
 Training POISON-otc-s42-T8-k0:  20%|██        | 10/50 [00:02<00:09,  4.43it/s, Saved at =inf, TrLoss=0.4060]
 Training POISON-otc-s42-T8-k0:  22%|██▏       | 11/50 [00:02<00:08,  4.45it/s, Saved at =inf, TrLoss=0.4060]
 Training POISON-otc-s42-T8-k0:  22%|██▏       | 11/50 [00:02<00:08,  4.45it/s, Saved at =inf, TrLoss=0.3620]
 Training POISON-otc-s42-T8-k0:  24%|██▍       | 12/50 [00:02<00:08,  4.49it/s, Saved at =inf, TrLoss=0.3620]
 Training POISON-otc-s42-T8-k0:  24%|██▍       | 12/50 [00:02<00:08,  4.49it/s, Saved at =inf, TrLoss=0.3707]
 Training POISON-otc-s42-T8-k0:  26%|██▌       | 13/50 [00:02<00:08,  4.48it/s, Saved at =inf, TrLoss=0.3707]
 Training POISON-otc-s42-T8-k0:  26%|██▌       | 13/50 [00:03<00:08,  4.48it/s, Saved at =inf, TrLoss=0.3242]
 Training POISON-otc-s42-T8-k0:  28%|██▊       | 14/50 [00:03<00:08,  4.44it/s, Saved at =inf, TrLoss=0.3242]
 Training POISON-otc-s42-T8-k0:  28%|██▊       | 14/50 [00:03<00:08,  4.44it/s, Saved at =inf, TrLoss=0.3287]
 Training POISON-otc-s42-T8-k0:  30%|███       | 15/50 [00:03<00:07,  4.43it/s, Saved at =inf, TrLoss=0.3287]
 Training POISON-otc-s42-T8-k0:  30%|███       | 15/50 [00:03<00:07,  4.43it/s, Saved at =inf, TrLoss=0.3159]
 Training POISON-otc-s42-T8-k0:  32%|███▏      | 16/50 [00:03<00:07,  4.40it/s, Saved at =inf, TrLoss=0.3159]
 Training POISON-otc-s42-T8-k0:  32%|███▏      | 16/50 [00:03<00:07,  4.40it/s, Saved at =inf, TrLoss=0.3283]
 Training POISON-otc-s42-T8-k0:  34%|███▍      | 17/50 [00:03<00:07,  4.48it/s, Saved at =inf, TrLoss=0.3283]
 Training POISON-otc-s42-T8-k0:  34%|███▍      | 17/50 [00:04<00:07,  4.48it/s, Saved at =inf, TrLoss=0.3003]
 Training POISON-otc-s42-T8-k0:  36%|███▌      | 18/50 [00:04<00:07,  4.53it/s, Saved at =inf, TrLoss=0.3003]
 Training POISON-otc-s42-T8-k0:  36%|███▌      | 18/50 [00:04<00:07,  4.53it/s, Saved at =inf, TrLoss=0.3049]
 Training POISON-otc-s42-T8-k0:  38%|███▊      | 19/50 [00:04<00:06,  4.52it/s, Saved at =inf, TrLoss=0.3049]
 Training POISON-otc-s42-T8-k0:  38%|███▊      | 19/50 [00:04<00:06,  4.52it/s, Saved at =inf, TrLoss=0.2851]
 Training POISON-otc-s42-T8-k0:  40%|████      | 20/50 [00:04<00:06,  4.51it/s, Saved at =inf, TrLoss=0.2851]
 Training POISON-otc-s42-T8-k0:  40%|████      | 20/50 [00:04<00:06,  4.51it/s, Saved at =inf, TrLoss=0.2871]
 Training POISON-otc-s42-T8-k0:  42%|████▏     | 21/50 [00:04<00:06,  4.38it/s, Saved at =inf, TrLoss=0.2871]
 Training POISON-otc-s42-T8-k0:  42%|████▏     | 21/50 [00:04<00:06,  4.38it/s, Saved at =inf, TrLoss=0.2757]
 Training POISON-otc-s42-T8-k0:  44%|████▍     | 22/50 [00:05<00:06,  4.42it/s, Saved at =inf, TrLoss=0.2757]
 Training POISON-otc-s42-T8-k0:  44%|████▍     | 22/50 [00:05<00:06,  4.42it/s, Saved at =inf, TrLoss=0.2861]
 Training POISON-otc-s42-T8-k0:  46%|████▌     | 23/50 [00:05<00:05,  4.51it/s, Saved at =inf, TrLoss=0.2861]
 Training POISON-otc-s42-T8-k0:  46%|████▌     | 23/50 [00:05<00:05,  4.51it/s, Saved at =inf, TrLoss=0.2606]
 Training POISON-otc-s42-T8-k0:  48%|████▊     | 24/50 [00:05<00:05,  4.53it/s, Saved at =inf, TrLoss=0.2606]
 Training POISON-otc-s42-T8-k0:  48%|████▊     | 24/50 [00:05<00:05,  4.53it/s, Saved at =inf, TrLoss=0.2780]
 Training POISON-otc-s42-T8-k0:  50%|█████     | 25/50 [00:05<00:05,  4.50it/s, Saved at =inf, TrLoss=0.2780]
 Training POISON-otc-s42-T8-k0:  50%|█████     | 25/50 [00:05<00:05,  4.50it/s, Saved at =inf, TrLoss=0.2547]
 Training POISON-otc-s42-T8-k0:  52%|█████▏    | 26/50 [00:05<00:05,  4.50it/s, Saved at =inf, TrLoss=0.2547]
 Training POISON-otc-s42-T8-k0:  52%|█████▏    | 26/50 [00:06<00:05,  4.50it/s, Saved at =inf, TrLoss=0.2688]
 Training POISON-otc-s42-T8-k0:  54%|█████▍    | 27/50 [00:06<00:05,  4.50it/s, Saved at =inf, TrLoss=0.2688]
 Training POISON-otc-s42-T8-k0:  54%|█████▍    | 27/50 [00:06<00:05,  4.50it/s, Saved at =inf, TrLoss=0.2587]
 Training POISON-otc-s42-T8-k0:  56%|█████▌    | 28/50 [00:06<00:04,  4.56it/s, Saved at =inf, TrLoss=0.2587]
 Training POISON-otc-s42-T8-k0:  56%|█████▌    | 28/50 [00:06<00:04,  4.56it/s, Saved at =inf, TrLoss=0.2521]
 Training POISON-otc-s42-T8-k0:  58%|█████▊    | 29/50 [00:06<00:04,  4.55it/s, Saved at =inf, TrLoss=0.2521]
 Training POISON-otc-s42-T8-k0:  58%|█████▊    | 29/50 [00:06<00:04,  4.55it/s, Saved at =inf, TrLoss=0.2465]
 Training POISON-otc-s42-T8-k0:  60%|██████    | 30/50 [00:06<00:04,  4.55it/s, Saved at =inf, TrLoss=0.2465]
 Training POISON-otc-s42-T8-k0:  60%|██████    | 30/50 [00:06<00:04,  4.55it/s, Saved at =inf, TrLoss=0.2450]
 Training POISON-otc-s42-T8-k0:  62%|██████▏   | 31/50 [00:06<00:04,  4.50it/s, Saved at =inf, TrLoss=0.2450]
 Training POISON-otc-s42-T8-k0:  62%|██████▏   | 31/50 [00:07<00:04,  4.50it/s, Saved at =inf, TrLoss=0.2433]
 Training POISON-otc-s42-T8-k0:  64%|██████▍   | 32/50 [00:07<00:04,  4.41it/s, Saved at =inf, TrLoss=0.2433]
 Training POISON-otc-s42-T8-k0:  64%|██████▍   | 32/50 [00:07<00:04,  4.41it/s, Saved at =inf, TrLoss=0.2399]
 Training POISON-otc-s42-T8-k0:  66%|██████▌   | 33/50 [00:07<00:03,  4.42it/s, Saved at =inf, TrLoss=0.2399]
 Training POISON-otc-s42-T8-k0:  66%|██████▌   | 33/50 [00:07<00:03,  4.42it/s, Saved at =inf, TrLoss=0.2353]
 Training POISON-otc-s42-T8-k0:  68%|██████▊   | 34/50 [00:07<00:03,  4.53it/s, Saved at =inf, TrLoss=0.2353]
 Training POISON-otc-s42-T8-k0:  68%|██████▊   | 34/50 [00:07<00:03,  4.53it/s, Saved at =inf, TrLoss=0.2370]
 Training POISON-otc-s42-T8-k0:  70%|███████   | 35/50 [00:07<00:03,  4.52it/s, Saved at =inf, TrLoss=0.2370]
 Training POISON-otc-s42-T8-k0:  70%|███████   | 35/50 [00:08<00:03,  4.52it/s, Saved at =inf, TrLoss=0.2343]
 Training POISON-otc-s42-T8-k0:  72%|███████▏  | 36/50 [00:08<00:03,  4.45it/s, Saved at =inf, TrLoss=0.2343]
 Training POISON-otc-s42-T8-k0:  72%|███████▏  | 36/50 [00:08<00:03,  4.45it/s, Saved at =inf, TrLoss=0.2345]
 Training POISON-otc-s42-T8-k0:  74%|███████▍  | 37/50 [00:08<00:03,  4.13it/s, Saved at =inf, TrLoss=0.2345]
 Training POISON-otc-s42-T8-k0:  74%|███████▍  | 37/50 [00:08<00:03,  4.13it/s, Saved at =inf, TrLoss=0.2334]
 Training POISON-otc-s42-T8-k0:  76%|███████▌  | 38/50 [00:08<00:02,  4.24it/s, Saved at =inf, TrLoss=0.2334]
 Training POISON-otc-s42-T8-k0:  76%|███████▌  | 38/50 [00:08<00:02,  4.24it/s, Saved at =inf, TrLoss=0.2289]
 Training POISON-otc-s42-T8-k0:  78%|███████▊  | 39/50 [00:08<00:02,  4.39it/s, Saved at =inf, TrLoss=0.2289]
 Training POISON-otc-s42-T8-k0:  78%|███████▊  | 39/50 [00:08<00:02,  4.39it/s, Saved at =inf, TrLoss=0.2313]
 Training POISON-otc-s42-T8-k0:  80%|████████  | 40/50 [00:09<00:02,  4.44it/s, Saved at =inf, TrLoss=0.2313]
 Training POISON-otc-s42-T8-k0:  80%|████████  | 40/50 [00:09<00:02,  4.44it/s, Saved at =inf, TrLoss=0.2220]
 Training POISON-otc-s42-T8-k0:  82%|████████▏ | 41/50 [00:09<00:01,  4.54it/s, Saved at =inf, TrLoss=0.2220]
 Training POISON-otc-s42-T8-k0:  82%|████████▏ | 41/50 [00:09<00:01,  4.54it/s, Saved at =inf, TrLoss=0.2294]
 Training POISON-otc-s42-T8-k0:  84%|████████▍ | 42/50 [00:09<00:01,  4.48it/s, Saved at =inf, TrLoss=0.2294]
 Training POISON-otc-s42-T8-k0:  84%|████████▍ | 42/50 [00:09<00:01,  4.48it/s, Saved at =inf, TrLoss=0.2211]
 Training POISON-otc-s42-T8-k0:  86%|████████▌ | 43/50 [00:09<00:01,  4.46it/s, Saved at =inf, TrLoss=0.2211]
 Training POISON-otc-s42-T8-k0:  86%|████████▌ | 43/50 [00:09<00:01,  4.46it/s, Saved at =inf, TrLoss=0.2257]
 Training POISON-otc-s42-T8-k0:  88%|████████▊ | 44/50 [00:09<00:01,  4.44it/s, Saved at =inf, TrLoss=0.2257]
 Training POISON-otc-s42-T8-k0:  88%|████████▊ | 44/50 [00:10<00:01,  4.44it/s, Saved at =inf, TrLoss=0.2235]
 Training POISON-otc-s42-T8-k0:  90%|█████████ | 45/50 [00:10<00:01,  4.49it/s, Saved at =inf, TrLoss=0.2235]
 Training POISON-otc-s42-T8-k0:  90%|█████████ | 45/50 [00:10<00:01,  4.49it/s, Saved at =inf, TrLoss=0.2221]
 Training POISON-otc-s42-T8-k0:  92%|█████████▏| 46/50 [00:10<00:00,  4.45it/s, Saved at =inf, TrLoss=0.2221]
 Training POISON-otc-s42-T8-k0:  92%|█████████▏| 46/50 [00:10<00:00,  4.45it/s, Saved at =inf, TrLoss=0.2233]
 Training POISON-otc-s42-T8-k0:  94%|█████████▍| 47/50 [00:10<00:00,  4.47it/s, Saved at =inf, TrLoss=0.2233]
 Training POISON-otc-s42-T8-k0:  94%|█████████▍| 47/50 [00:10<00:00,  4.47it/s, Saved at =inf, TrLoss=0.2143]
 Training POISON-otc-s42-T8-k0:  96%|█████████▌| 48/50 [00:10<00:00,  4.45it/s, Saved at =inf, TrLoss=0.2143]
 Training POISON-otc-s42-T8-k0:  96%|█████████▌| 48/50 [00:10<00:00,  4.45it/s, Saved at =inf, TrLoss=0.2241]
 Training POISON-otc-s42-T8-k0:  98%|█████████▊| 49/50 [00:11<00:00,  4.47it/s, Saved at =inf, TrLoss=0.2241]
 Training POISON-otc-s42-T8-k0:  98%|█████████▊| 49/50 [00:11<00:00,  4.47it/s, Saved at =inf, TrLoss=0.2075]
 Training POISON-otc-s42-T8-k0: 100%|██████████| 50/50 [00:11<00:00,  4.49it/s, Saved at =inf, TrLoss=0.2075]
 Training POISON-otc-s42-T8-k0: 100%|██████████| 50/50 [00:11<00:00,  4.43it/s, Saved at =inf, TrLoss=0.2075]

 Training POISON-otc-s42-T8-k120:   0%|          | 0/50 [00:00<?, ?it/s]
 Training POISON-otc-s42-T8-k120:   0%|          | 0/50 [00:00<?, ?it/s, Saved at =inf, TrLoss=0.7227]
 Training POISON-otc-s42-T8-k120:   2%|▏         | 1/50 [00:00<00:11,  4.44it/s, Saved at =inf, TrLoss=0.7227]
 Training POISON-otc-s42-T8-k120:   2%|▏         | 1/50 [00:00<00:11,  4.44it/s, Saved at =inf, TrLoss=0.7726]
 Training POISON-otc-s42-T8-k120:   4%|▍         | 2/50 [00:00<00:10,  4.53it/s, Saved at =inf, TrLoss=0.7726]
 Training POISON-otc-s42-T8-k120:   4%|▍         | 2/50 [00:00<00:10,  4.53it/s, Saved at =inf, TrLoss=0.5929]
 Training POISON-otc-s42-T8-k120:   6%|▌         | 3/50 [00:00<00:10,  4.54it/s, Saved at =inf, TrLoss=0.5929]
 Training POISON-otc-s42-T8-k120:   6%|▌         | 3/50 [00:00<00:10,  4.54it/s, Saved at =inf, TrLoss=0.5964]
 Training POISON-otc-s42-T8-k120:   8%|▊         | 4/50 [00:00<00:10,  4.51it/s, Saved at =inf, TrLoss=0.5964]
 Training POISON-otc-s42-T8-k120:   8%|▊         | 4/50 [00:01<00:10,  4.51it/s, Saved at =inf, TrLoss=0.5461]
 Training POISON-otc-s42-T8-k120:  10%|█         | 5/50 [00:01<00:09,  4.53it/s, Saved at =inf, TrLoss=0.5461]
 Training POISON-otc-s42-T8-k120:  10%|█         | 5/50 [00:01<00:09,  4.53it/s, Saved at =inf, TrLoss=0.5067]
 Training POISON-otc-s42-T8-k120:  12%|█▏        | 6/50 [00:01<00:09,  4.59it/s, Saved at =inf, TrLoss=0.5067]
 Training POISON-otc-s42-T8-k120:  12%|█▏        | 6/50 [00:01<00:09,  4.59it/s, Saved at =inf, TrLoss=0.4936]
 Training POISON-otc-s42-T8-k120:  14%|█▍        | 7/50 [00:01<00:09,  4.63it/s, Saved at =inf, TrLoss=0.4936]
 Training POISON-otc-s42-T8-k120:  14%|█▍        | 7/50 [00:01<00:09,  4.63it/s, Saved at =inf, TrLoss=0.4380]
 Training POISON-otc-s42-T8-k120:  16%|█▌        | 8/50 [00:01<00:09,  4.61it/s, Saved at =inf, TrLoss=0.4380]
 Training POISON-otc-s42-T8-k120:  16%|█▌        | 8/50 [00:01<00:09,  4.61it/s, Saved at =inf, TrLoss=0.4174]
 Training POISON-otc-s42-T8-k120:  18%|█▊        | 9/50 [00:01<00:08,  4.58it/s, Saved at =inf, TrLoss=0.4174]
 Training POISON-otc-s42-T8-k120:  18%|█▊        | 9/50 [00:02<00:08,  4.58it/s, Saved at =inf, TrLoss=0.3739]
 Training POISON-otc-s42-T8-k120:  20%|██        | 10/50 [00:02<00:08,  4.59it/s, Saved at =inf, TrLoss=0.3739]
 Training POISON-otc-s42-T8-k120:  20%|██        | 10/50 [00:02<00:08,  4.59it/s, Saved at =inf, TrLoss=0.3891]
 Training POISON-otc-s42-T8-k120:  22%|██▏       | 11/50 [00:02<00:08,  4.47it/s, Saved at =inf, TrLoss=0.3891]
 Training POISON-otc-s42-T8-k120:  22%|██▏       | 11/50 [00:02<00:08,  4.47it/s, Saved at =inf, TrLoss=0.3465]
 Training POISON-otc-s42-T8-k120:  24%|██▍       | 12/50 [00:02<00:08,  4.52it/s, Saved at =inf, TrLoss=0.3465]
 Training POISON-otc-s42-T8-k120:  24%|██▍       | 12/50 [00:02<00:08,  4.52it/s, Saved at =inf, TrLoss=0.3730]
 Training POISON-otc-s42-T8-k120:  26%|██▌       | 13/50 [00:02<00:08,  4.48it/s, Saved at =inf, TrLoss=0.3730]
 Training POISON-otc-s42-T8-k120:  26%|██▌       | 13/50 [00:03<00:08,  4.48it/s, Saved at =inf, TrLoss=0.3152]
 Training POISON-otc-s42-T8-k120:  28%|██▊       | 14/50 [00:03<00:08,  4.49it/s, Saved at =inf, TrLoss=0.3152]
 Training POISON-otc-s42-T8-k120:  28%|██▊       | 14/50 [00:03<00:08,  4.49it/s, Saved at =inf, TrLoss=0.3343]
 Training POISON-otc-s42-T8-k120:  30%|███       | 15/50 [00:03<00:07,  4.49it/s, Saved at =inf, TrLoss=0.3343]
 Training POISON-otc-s42-T8-k120:  30%|███       | 15/50 [00:03<00:07,  4.49it/s, Saved at =inf, TrLoss=0.3117]
 Training POISON-otc-s42-T8-k120:  32%|███▏      | 16/50 [00:03<00:07,  4.52it/s, Saved at =inf, TrLoss=0.3117]
 Training POISON-otc-s42-T8-k120:  32%|███▏      | 16/50 [00:03<00:07,  4.52it/s, Saved at =inf, TrLoss=0.3293]
 Training POISON-otc-s42-T8-k120:  34%|███▍      | 17/50 [00:03<00:07,  4.51it/s, Saved at =inf, TrLoss=0.3293]
 Training POISON-otc-s42-T8-k120:  34%|███▍      | 17/50 [00:03<00:07,  4.51it/s, Saved at =inf, TrLoss=0.2997]
 Training POISON-otc-s42-T8-k120:  36%|███▌      | 18/50 [00:03<00:07,  4.51it/s, Saved at =inf, TrLoss=0.2997]
 Training POISON-otc-s42-T8-k120:  36%|███▌      | 18/50 [00:04<00:07,  4.51it/s, Saved at =inf, TrLoss=0.3016]
 Training POISON-otc-s42-T8-k120:  38%|███▊      | 19/50 [00:04<00:07,  4.37it/s, Saved at =inf, TrLoss=0.3016]
 Training POISON-otc-s42-T8-k120:  38%|███▊      | 19/50 [00:04<00:07,  4.37it/s, Saved at =inf, TrLoss=0.3003]
 Training POISON-otc-s42-T8-k120:  40%|████      | 20/50 [00:04<00:06,  4.41it/s, Saved at =inf, TrLoss=0.3003]
 Training POISON-otc-s42-T8-k120:  40%|████      | 20/50 [00:04<00:06,  4.41it/s, Saved at =inf, TrLoss=0.2854]
 Training POISON-otc-s42-T8-k120:  42%|████▏     | 21/50 [00:04<00:06,  4.17it/s, Saved at =inf, TrLoss=0.2854]
 Training POISON-otc-s42-T8-k120:  42%|████▏     | 21/50 [00:04<00:06,  4.17it/s, Saved at =inf, TrLoss=0.2998]
 Training POISON-otc-s42-T8-k120:  44%|████▍     | 22/50 [00:04<00:06,  4.10it/s, Saved at =inf, TrLoss=0.2998]
 Training POISON-otc-s42-T8-k120:  44%|████▍     | 22/50 [00:05<00:06,  4.10it/s, Saved at =inf, TrLoss=0.2725]
 Training POISON-otc-s42-T8-k120:  46%|████▌     | 23/50 [00:05<00:06,  4.28it/s, Saved at =inf, TrLoss=0.2725]
 Training POISON-otc-s42-T8-k120:  46%|████▌     | 23/50 [00:05<00:06,  4.28it/s, Saved at =inf, TrLoss=0.2822]
 Training POISON-otc-s42-T8-k120:  48%|████▊     | 24/50 [00:05<00:05,  4.41it/s, Saved at =inf, TrLoss=0.2822]
 Training POISON-otc-s42-T8-k120:  48%|████▊     | 24/50 [00:05<00:05,  4.41it/s, Saved at =inf, TrLoss=0.2661]
 Training POISON-otc-s42-T8-k120:  50%|█████     | 25/50 [00:05<00:05,  4.51it/s, Saved at =inf, TrLoss=0.2661]
 Training POISON-otc-s42-T8-k120:  50%|█████     | 25/50 [00:05<00:05,  4.51it/s, Saved at =inf, TrLoss=0.2706]
 Training POISON-otc-s42-T8-k120:  52%|█████▏    | 26/50 [00:05<00:05,  4.51it/s, Saved at =inf, TrLoss=0.2706]
 Training POISON-otc-s42-T8-k120:  52%|█████▏    | 26/50 [00:05<00:05,  4.51it/s, Saved at =inf, TrLoss=0.2596]
 Training POISON-otc-s42-T8-k120:  54%|█████▍    | 27/50 [00:06<00:05,  4.52it/s, Saved at =inf, TrLoss=0.2596]
 Training POISON-otc-s42-T8-k120:  54%|█████▍    | 27/50 [00:06<00:05,  4.52it/s, Saved at =inf, TrLoss=0.2645]
 Training POISON-otc-s42-T8-k120:  56%|█████▌    | 28/50 [00:06<00:05,  4.15it/s, Saved at =inf, TrLoss=0.2645]
 Training POISON-otc-s42-T8-k120:  56%|█████▌    | 28/50 [00:06<00:05,  4.15it/s, Saved at =inf, TrLoss=0.2540]
 Training POISON-otc-s42-T8-k120:  58%|█████▊    | 29/50 [00:06<00:04,  4.31it/s, Saved at =inf, TrLoss=0.2540]
 Training POISON-otc-s42-T8-k120:  58%|█████▊    | 29/50 [00:06<00:04,  4.31it/s, Saved at =inf, TrLoss=0.2526]
 Training POISON-otc-s42-T8-k120:  60%|██████    | 30/50 [00:06<00:04,  4.37it/s, Saved at =inf, TrLoss=0.2526]
 Training POISON-otc-s42-T8-k120:  60%|██████    | 30/50 [00:06<00:04,  4.37it/s, Saved at =inf, TrLoss=0.2511]
 Training POISON-otc-s42-T8-k120:  62%|██████▏   | 31/50 [00:06<00:04,  4.42it/s, Saved at =inf, TrLoss=0.2511]
 Training POISON-otc-s42-T8-k120:  62%|██████▏   | 31/50 [00:07<00:04,  4.42it/s, Saved at =inf, TrLoss=0.2476]
 Training POISON-otc-s42-T8-k120:  64%|██████▍   | 32/50 [00:07<00:04,  4.43it/s, Saved at =inf, TrLoss=0.2476]
 Training POISON-otc-s42-T8-k120:  64%|██████▍   | 32/50 [00:07<00:04,  4.43it/s, Saved at =inf, TrLoss=0.2468]
 Training POISON-otc-s42-T8-k120:  66%|██████▌   | 33/50 [00:07<00:03,  4.46it/s, Saved at =inf, TrLoss=0.2468]
 Training POISON-otc-s42-T8-k120:  66%|██████▌   | 33/50 [00:07<00:03,  4.46it/s, Saved at =inf, TrLoss=0.2416]
 Training POISON-otc-s42-T8-k120:  68%|██████▊   | 34/50 [00:07<00:03,  4.54it/s, Saved at =inf, TrLoss=0.2416]
 Training POISON-otc-s42-T8-k120:  68%|██████▊   | 34/50 [00:07<00:03,  4.54it/s, Saved at =inf, TrLoss=0.2442]
 Training POISON-otc-s42-T8-k120:  70%|███████   | 35/50 [00:07<00:03,  4.55it/s, Saved at =inf, TrLoss=0.2442]
 Training POISON-otc-s42-T8-k120:  70%|███████   | 35/50 [00:08<00:03,  4.55it/s, Saved at =inf, TrLoss=0.2379]
 Training POISON-otc-s42-T8-k120:  72%|███████▏  | 36/50 [00:08<00:03,  4.44it/s, Saved at =inf, TrLoss=0.2379]
 Training POISON-otc-s42-T8-k120:  72%|███████▏  | 36/50 [00:08<00:03,  4.44it/s, Saved at =inf, TrLoss=0.2385]
 Training POISON-otc-s42-T8-k120:  74%|███████▍  | 37/50 [00:08<00:02,  4.53it/s, Saved at =inf, TrLoss=0.2385]
 Training POISON-otc-s42-T8-k120:  74%|███████▍  | 37/50 [00:08<00:02,  4.53it/s, Saved at =inf, TrLoss=0.2345]
 Training POISON-otc-s42-T8-k120:  76%|███████▌  | 38/50 [00:08<00:02,  4.39it/s, Saved at =inf, TrLoss=0.2345]
 Training POISON-otc-s42-T8-k120:  76%|███████▌  | 38/50 [00:08<00:02,  4.39it/s, Saved at =inf, TrLoss=0.2354]
 Training POISON-otc-s42-T8-k120:  78%|███████▊  | 39/50 [00:08<00:02,  4.49it/s, Saved at =inf, TrLoss=0.2354]
 Training POISON-otc-s42-T8-k120:  78%|███████▊  | 39/50 [00:08<00:02,  4.49it/s, Saved at =inf, TrLoss=0.2317]
 Training POISON-otc-s42-T8-k120:  80%|████████  | 40/50 [00:08<00:02,  4.57it/s, Saved at =inf, TrLoss=0.2317]
 Training POISON-otc-s42-T8-k120:  80%|████████  | 40/50 [00:09<00:02,  4.57it/s, Saved at =inf, TrLoss=0.2308]
 Training POISON-otc-s42-T8-k120:  82%|████████▏ | 41/50 [00:09<00:01,  4.56it/s, Saved at =inf, TrLoss=0.2308]
 Training POISON-otc-s42-T8-k120:  82%|████████▏ | 41/50 [00:09<00:01,  4.56it/s, Saved at =inf, TrLoss=0.2269]
 Training POISON-otc-s42-T8-k120:  84%|████████▍ | 42/50 [00:09<00:01,  4.56it/s, Saved at =inf, TrLoss=0.2269]
 Training POISON-otc-s42-T8-k120:  84%|████████▍ | 42/50 [00:09<00:01,  4.56it/s, Saved at =inf, TrLoss=0.2240]
 Training POISON-otc-s42-T8-k120:  86%|████████▌ | 43/50 [00:09<00:01,  4.54it/s, Saved at =inf, TrLoss=0.2240]
 Training POISON-otc-s42-T8-k120:  86%|████████▌ | 43/50 [00:09<00:01,  4.54it/s, Saved at =inf, TrLoss=0.2201]
 Training POISON-otc-s42-T8-k120:  88%|████████▊ | 44/50 [00:09<00:01,  4.55it/s, Saved at =inf, TrLoss=0.2201]
 Training POISON-otc-s42-T8-k120:  88%|████████▊ | 44/50 [00:09<00:01,  4.55it/s, Saved at =inf, TrLoss=0.2241]
 Training POISON-otc-s42-T8-k120:  90%|█████████ | 45/50 [00:10<00:01,  4.61it/s, Saved at =inf, TrLoss=0.2241]
 Training POISON-otc-s42-T8-k120:  90%|█████████ | 45/50 [00:10<00:01,  4.61it/s, Saved at =inf, TrLoss=0.2194]
 Training POISON-otc-s42-T8-k120:  92%|█████████▏| 46/50 [00:10<00:00,  4.63it/s, Saved at =inf, TrLoss=0.2194]
 Training POISON-otc-s42-T8-k120:  92%|█████████▏| 46/50 [00:10<00:00,  4.63it/s, Saved at =inf, TrLoss=0.2213]
 Training POISON-otc-s42-T8-k120:  94%|█████████▍| 47/50 [00:10<00:00,  4.51it/s, Saved at =inf, TrLoss=0.2213]
 Training POISON-otc-s42-T8-k120:  94%|█████████▍| 47/50 [00:10<00:00,  4.51it/s, Saved at =inf, TrLoss=0.2143]
 Training POISON-otc-s42-T8-k120:  96%|█████████▌| 48/50 [00:10<00:00,  4.59it/s, Saved at =inf, TrLoss=0.2143]
 Training POISON-otc-s42-T8-k120:  96%|█████████▌| 48/50 [00:10<00:00,  4.59it/s, Saved at =inf, TrLoss=0.2151]
 Training POISON-otc-s42-T8-k120:  98%|█████████▊| 49/50 [00:10<00:00,  4.48it/s, Saved at =inf, TrLoss=0.2151]
 Training POISON-otc-s42-T8-k120:  98%|█████████▊| 49/50 [00:11<00:00,  4.48it/s, Saved at =inf, TrLoss=0.2102]
 Training POISON-otc-s42-T8-k120: 100%|██████████| 50/50 [00:11<00:00,  4.49it/s, Saved at =inf, TrLoss=0.2102]
 Training POISON-otc-s42-T8-k120: 100%|██████████| 50/50 [00:11<00:00,  4.48it/s, Saved at =inf, TrLoss=0.2102]
[16:07:46]     seed 42: eligible 24, flipped 15, mean dR -0.077

 Training POISON-otc-s1-T8-k0:   0%|          | 0/50 [00:00<?, ?it/s]
 Training POISON-otc-s1-T8-k0:   0%|          | 0/50 [00:00<?, ?it/s, Saved at =inf, TrLoss=0.7144]
 Training POISON-otc-s1-T8-k0:   2%|▏         | 1/50 [00:00<00:11,  4.24it/s, Saved at =inf, TrLoss=0.7144]
 Training POISON-otc-s1-T8-k0:   2%|▏         | 1/50 [00:00<00:11,  4.24it/s, Saved at =inf, TrLoss=0.6468]
 Training POISON-otc-s1-T8-k0:   4%|▍         | 2/50 [00:00<00:10,  4.56it/s, Saved at =inf, TrLoss=0.6468]
 Training POISON-otc-s1-T8-k0:   4%|▍         | 2/50 [00:00<00:10,  4.56it/s, Saved at =inf, TrLoss=0.5987]
 Training POISON-otc-s1-T8-k0:   6%|▌         | 3/50 [00:00<00:10,  4.55it/s, Saved at =inf, TrLoss=0.5987]
 Training POISON-otc-s1-T8-k0:   6%|▌         | 3/50 [00:00<00:10,  4.55it/s, Saved at =inf, TrLoss=0.5621]
 Training POISON-otc-s1-T8-k0:   8%|▊         | 4/50 [00:00<00:10,  4.54it/s, Saved at =inf, TrLoss=0.5621]
 Training POISON-otc-s1-T8-k0:   8%|▊         | 4/50 [00:01<00:10,  4.54it/s, Saved at =inf, TrLoss=0.5203]
 Training POISON-otc-s1-T8-k0:  10%|█         | 5/50 [00:01<00:09,  4.52it/s, Saved at =inf, TrLoss=0.5203]
 Training POISON-otc-s1-T8-k0:  10%|█         | 5/50 [00:01<00:09,  4.52it/s, Saved at =inf, TrLoss=0.4747]
 Training POISON-otc-s1-T8-k0:  12%|█▏        | 6/50 [00:01<00:09,  4.52it/s, Saved at =inf, TrLoss=0.4747]
 Training POISON-otc-s1-T8-k0:  12%|█▏        | 6/50 [00:01<00:09,  4.52it/s, Saved at =inf, TrLoss=0.4060]
 Training POISON-otc-s1-T8-k0:  14%|█▍        | 7/50 [00:01<00:09,  4.60it/s, Saved at =inf, TrLoss=0.4060]
 Training POISON-otc-s1-T8-k0:  14%|█▍        | 7/50 [00:01<00:09,  4.60it/s, Saved at =inf, TrLoss=0.3545]
 Training POISON-otc-s1-T8-k0:  16%|█▌        | 8/50 [00:01<00:09,  4.60it/s, Saved at =inf, TrLoss=0.3545]
 Training POISON-otc-s1-T8-k0:  16%|█▌        | 8/50 [00:01<00:09,  4.60it/s, Saved at =inf, TrLoss=0.4671]
 Training POISON-otc-s1-T8-k0:  18%|█▊        | 9/50 [00:01<00:08,  4.58it/s, Saved at =inf, TrLoss=0.4671]
 Training POISON-otc-s1-T8-k0:  18%|█▊        | 9/50 [00:02<00:08,  4.58it/s, Saved at =inf, TrLoss=0.3739]
 Training POISON-otc-s1-T8-k0:  20%|██        | 10/50 [00:02<00:08,  4.57it/s, Saved at =inf, TrLoss=0.3739]
 Training POISON-otc-s1-T8-k0:  20%|██        | 10/50 [00:02<00:08,  4.57it/s, Saved at =inf, TrLoss=0.3385]
 Training POISON-otc-s1-T8-k0:  22%|██▏       | 11/50 [00:02<00:08,  4.57it/s, Saved at =inf, TrLoss=0.3385]
 Training POISON-otc-s1-T8-k0:  22%|██▏       | 11/50 [00:02<00:08,  4.57it/s, Saved at =inf, TrLoss=0.3130]
 Training POISON-otc-s1-T8-k0:  24%|██▍       | 12/50 [00:02<00:08,  4.60it/s, Saved at =inf, TrLoss=0.3130]
 Training POISON-otc-s1-T8-k0:  24%|██▍       | 12/50 [00:02<00:08,  4.60it/s, Saved at =inf, TrLoss=0.3272]
 Training POISON-otc-s1-T8-k0:  26%|██▌       | 13/50 [00:02<00:07,  4.65it/s, Saved at =inf, TrLoss=0.3272]
 Training POISON-otc-s1-T8-k0:  26%|██▌       | 13/50 [00:03<00:07,  4.65it/s, Saved at =inf, TrLoss=0.2948]
 Training POISON-otc-s1-T8-k0:  28%|██▊       | 14/50 [00:03<00:07,  4.61it/s, Saved at =inf, TrLoss=0.2948]
 Training POISON-otc-s1-T8-k0:  28%|██▊       | 14/50 [00:03<00:07,  4.61it/s, Saved at =inf, TrLoss=0.2977]
 Training POISON-otc-s1-T8-k0:  30%|███       | 15/50 [00:03<00:07,  4.59it/s, Saved at =inf, TrLoss=0.2977]
 Training POISON-otc-s1-T8-k0:  30%|███       | 15/50 [00:03<00:07,  4.59it/s, Saved at =inf, TrLoss=0.3033]
 Training POISON-otc-s1-T8-k0:  32%|███▏      | 16/50 [00:03<00:07,  4.58it/s, Saved at =inf, TrLoss=0.3033]
 Training POISON-otc-s1-T8-k0:  32%|███▏      | 16/50 [00:03<00:07,  4.58it/s, Saved at =inf, TrLoss=0.2803]
 Training POISON-otc-s1-T8-k0:  34%|███▍      | 17/50 [00:03<00:07,  4.32it/s, Saved at =inf, TrLoss=0.2803]
 Training POISON-otc-s1-T8-k0:  34%|███▍      | 17/50 [00:03<00:07,  4.32it/s, Saved at =inf, TrLoss=0.2808]
 Training POISON-otc-s1-T8-k0:  36%|███▌      | 18/50 [00:03<00:07,  4.40it/s, Saved at =inf, TrLoss=0.2808]
 Training POISON-otc-s1-T8-k0:  36%|███▌      | 18/50 [00:04<00:07,  4.40it/s, Saved at =inf, TrLoss=0.2796]
 Training POISON-otc-s1-T8-k0:  38%|███▊      | 19/50 [00:04<00:06,  4.46it/s, Saved at =inf, TrLoss=0.2796]
 Training POISON-otc-s1-T8-k0:  38%|███▊      | 19/50 [00:04<00:06,  4.46it/s, Saved at =inf, TrLoss=0.2624]
 Training POISON-otc-s1-T8-k0:  40%|████      | 20/50 [00:04<00:06,  4.49it/s, Saved at =inf, TrLoss=0.2624]
 Training POISON-otc-s1-T8-k0:  40%|████      | 20/50 [00:04<00:06,  4.49it/s, Saved at =inf, TrLoss=0.2684]
 Training POISON-otc-s1-T8-k0:  42%|████▏     | 21/50 [00:04<00:06,  4.49it/s, Saved at =inf, TrLoss=0.2684]
 Training POISON-otc-s1-T8-k0:  42%|████▏     | 21/50 [00:04<00:06,  4.49it/s, Saved at =inf, TrLoss=0.2640]
 Training POISON-otc-s1-T8-k0:  44%|████▍     | 22/50 [00:04<00:06,  4.51it/s, Saved at =inf, TrLoss=0.2640]
 Training POISON-otc-s1-T8-k0:  44%|████▍     | 22/50 [00:05<00:06,  4.51it/s, Saved at =inf, TrLoss=0.2496]
 Training POISON-otc-s1-T8-k0:  46%|████▌     | 23/50 [00:05<00:05,  4.57it/s, Saved at =inf, TrLoss=0.2496]
 Training POISON-otc-s1-T8-k0:  46%|████▌     | 23/50 [00:05<00:05,  4.57it/s, Saved at =inf, TrLoss=0.2644]
 Training POISON-otc-s1-T8-k0:  48%|████▊     | 24/50 [00:05<00:05,  4.53it/s, Saved at =inf, TrLoss=0.2644]
 Training POISON-otc-s1-T8-k0:  48%|████▊     | 24/50 [00:05<00:05,  4.53it/s, Saved at =inf, TrLoss=0.2474]
 Training POISON-otc-s1-T8-k0:  50%|█████     | 25/50 [00:05<00:05,  4.55it/s, Saved at =inf, TrLoss=0.2474]
 Training POISON-otc-s1-T8-k0:  50%|█████     | 25/50 [00:05<00:05,  4.55it/s, Saved at =inf, TrLoss=0.2501]
 Training POISON-otc-s1-T8-k0:  52%|█████▏    | 26/50 [00:05<00:05,  4.47it/s, Saved at =inf, TrLoss=0.2501]
 Training POISON-otc-s1-T8-k0:  52%|█████▏    | 26/50 [00:05<00:05,  4.47it/s, Saved at =inf, TrLoss=0.2492]
 Training POISON-otc-s1-T8-k0:  54%|█████▍    | 27/50 [00:05<00:05,  4.52it/s, Saved at =inf, TrLoss=0.2492]
 Training POISON-otc-s1-T8-k0:  54%|█████▍    | 27/50 [00:06<00:05,  4.52it/s, Saved at =inf, TrLoss=0.2370]
 Training POISON-otc-s1-T8-k0:  56%|█████▌    | 28/50 [00:06<00:05,  4.31it/s, Saved at =inf, TrLoss=0.2370]
 Training POISON-otc-s1-T8-k0:  56%|█████▌    | 28/50 [00:06<00:05,  4.31it/s, Saved at =inf, TrLoss=0.2405]
 Training POISON-otc-s1-T8-k0:  58%|█████▊    | 29/50 [00:06<00:04,  4.46it/s, Saved at =inf, TrLoss=0.2405]
 Training POISON-otc-s1-T8-k0:  58%|█████▊    | 29/50 [00:06<00:04,  4.46it/s, Saved at =inf, TrLoss=0.2287]
 Training POISON-otc-s1-T8-k0:  60%|██████    | 30/50 [00:06<00:04,  4.23it/s, Saved at =inf, TrLoss=0.2287]
 Training POISON-otc-s1-T8-k0:  60%|██████    | 30/50 [00:06<00:04,  4.23it/s, Saved at =inf, TrLoss=0.2415]
 Training POISON-otc-s1-T8-k0:  62%|██████▏   | 31/50 [00:06<00:04,  4.31it/s, Saved at =inf, TrLoss=0.2415]
 Training POISON-otc-s1-T8-k0:  62%|██████▏   | 31/50 [00:07<00:04,  4.31it/s, Saved at =inf, TrLoss=0.2306]
 Training POISON-otc-s1-T8-k0:  64%|██████▍   | 32/50 [00:07<00:04,  4.39it/s, Saved at =inf, TrLoss=0.2306]
 Training POISON-otc-s1-T8-k0:  64%|██████▍   | 32/50 [00:07<00:04,  4.39it/s, Saved at =inf, TrLoss=0.2293]
 Training POISON-otc-s1-T8-k0:  66%|██████▌   | 33/50 [00:07<00:03,  4.45it/s, Saved at =inf, TrLoss=0.2293]
 Training POISON-otc-s1-T8-k0:  66%|██████▌   | 33/50 [00:07<00:03,  4.45it/s, Saved at =inf, TrLoss=0.2287]
 Training POISON-otc-s1-T8-k0:  68%|██████▊   | 34/50 [00:07<00:03,  4.53it/s, Saved at =inf, TrLoss=0.2287]
 Training POISON-otc-s1-T8-k0:  68%|██████▊   | 34/50 [00:07<00:03,  4.53it/s, Saved at =inf, TrLoss=0.2236]
 Training POISON-otc-s1-T8-k0:  70%|███████   | 35/50 [00:07<00:03,  4.54it/s, Saved at =inf, TrLoss=0.2236]
 Training POISON-otc-s1-T8-k0:  70%|███████   | 35/50 [00:07<00:03,  4.54it/s, Saved at =inf, TrLoss=0.2228]
 Training POISON-otc-s1-T8-k0:  72%|███████▏  | 36/50 [00:07<00:03,  4.54it/s, Saved at =inf, TrLoss=0.2228]
 Training POISON-otc-s1-T8-k0:  72%|███████▏  | 36/50 [00:08<00:03,  4.54it/s, Saved at =inf, TrLoss=0.2177]
 Training POISON-otc-s1-T8-k0:  74%|███████▍  | 37/50 [00:08<00:02,  4.55it/s, Saved at =inf, TrLoss=0.2177]
 Training POISON-otc-s1-T8-k0:  74%|███████▍  | 37/50 [00:08<00:02,  4.55it/s, Saved at =inf, TrLoss=0.2220]
 Training POISON-otc-s1-T8-k0:  76%|███████▌  | 38/50 [00:08<00:02,  4.54it/s, Saved at =inf, TrLoss=0.2220]
 Training POISON-otc-s1-T8-k0:  76%|███████▌  | 38/50 [00:08<00:02,  4.54it/s, Saved at =inf, TrLoss=0.2152]
 Training POISON-otc-s1-T8-k0:  78%|███████▊  | 39/50 [00:08<00:02,  4.61it/s, Saved at =inf, TrLoss=0.2152]
 Training POISON-otc-s1-T8-k0:  78%|███████▊  | 39/50 [00:08<00:02,  4.61it/s, Saved at =inf, TrLoss=0.2140]
 Training POISON-otc-s1-T8-k0:  80%|████████  | 40/50 [00:08<00:02,  4.62it/s, Saved at =inf, TrLoss=0.2140]
 Training POISON-otc-s1-T8-k0:  80%|████████  | 40/50 [00:09<00:02,  4.62it/s, Saved at =inf, TrLoss=0.2112]
 Training POISON-otc-s1-T8-k0:  82%|████████▏ | 41/50 [00:09<00:01,  4.58it/s, Saved at =inf, TrLoss=0.2112]
 Training POISON-otc-s1-T8-k0:  82%|████████▏ | 41/50 [00:09<00:01,  4.58it/s, Saved at =inf, TrLoss=0.2079]
 Training POISON-otc-s1-T8-k0:  84%|████████▍ | 42/50 [00:09<00:01,  4.57it/s, Saved at =inf, TrLoss=0.2079]
 Training POISON-otc-s1-T8-k0:  84%|████████▍ | 42/50 [00:09<00:01,  4.57it/s, Saved at =inf, TrLoss=0.2123]
 Training POISON-otc-s1-T8-k0:  86%|████████▌ | 43/50 [00:09<00:01,  4.55it/s, Saved at =inf, TrLoss=0.2123]
 Training POISON-otc-s1-T8-k0:  86%|████████▌ | 43/50 [00:09<00:01,  4.55it/s, Saved at =inf, TrLoss=0.2063]
 Training POISON-otc-s1-T8-k0:  88%|████████▊ | 44/50 [00:09<00:01,  4.61it/s, Saved at =inf, TrLoss=0.2063]
 Training POISON-otc-s1-T8-k0:  88%|████████▊ | 44/50 [00:09<00:01,  4.61it/s, Saved at =inf, TrLoss=0.2031]
 Training POISON-otc-s1-T8-k0:  90%|█████████ | 45/50 [00:09<00:01,  4.64it/s, Saved at =inf, TrLoss=0.2031]
 Training POISON-otc-s1-T8-k0:  90%|█████████ | 45/50 [00:10<00:01,  4.64it/s, Saved at =inf, TrLoss=0.2025]
 Training POISON-otc-s1-T8-k0:  92%|█████████▏| 46/50 [00:10<00:00,  4.61it/s, Saved at =inf, TrLoss=0.2025]
 Training POISON-otc-s1-T8-k0:  92%|█████████▏| 46/50 [00:10<00:00,  4.61it/s, Saved at =inf, TrLoss=0.2022]
 Training POISON-otc-s1-T8-k0:  94%|█████████▍| 47/50 [00:10<00:00,  4.60it/s, Saved at =inf, TrLoss=0.2022]
 Training POISON-otc-s1-T8-k0:  94%|█████████▍| 47/50 [00:10<00:00,  4.60it/s, Saved at =inf, TrLoss=0.2017]
 Training POISON-otc-s1-T8-k0:  96%|█████████▌| 48/50 [00:10<00:00,  4.58it/s, Saved at =inf, TrLoss=0.2017]
 Training POISON-otc-s1-T8-k0:  96%|█████████▌| 48/50 [00:10<00:00,  4.58it/s, Saved at =inf, TrLoss=0.1969]
 Training POISON-otc-s1-T8-k0:  98%|█████████▊| 49/50 [00:10<00:00,  4.58it/s, Saved at =inf, TrLoss=0.1969]
 Training POISON-otc-s1-T8-k0:  98%|█████████▊| 49/50 [00:10<00:00,  4.58it/s, Saved at =inf, TrLoss=0.1930]
 Training POISON-otc-s1-T8-k0: 100%|██████████| 50/50 [00:11<00:00,  4.64it/s, Saved at =inf, TrLoss=0.1930]
 Training POISON-otc-s1-T8-k0: 100%|██████████| 50/50 [00:11<00:00,  4.53it/s, Saved at =inf, TrLoss=0.1930]

 Training POISON-otc-s1-T8-k120:   0%|          | 0/50 [00:00<?, ?it/s]
 Training POISON-otc-s1-T8-k120:   0%|          | 0/50 [00:00<?, ?it/s, Saved at =inf, TrLoss=0.7146]
 Training POISON-otc-s1-T8-k120:   2%|▏         | 1/50 [00:00<00:10,  4.52it/s, Saved at =inf, TrLoss=0.7146]
 Training POISON-otc-s1-T8-k120:   2%|▏         | 1/50 [00:00<00:10,  4.52it/s, Saved at =inf, TrLoss=0.6462]
 Training POISON-otc-s1-T8-k120:   4%|▍         | 2/50 [00:00<00:10,  4.55it/s, Saved at =inf, TrLoss=0.6462]
 Training POISON-otc-s1-T8-k120:   4%|▍         | 2/50 [00:00<00:10,  4.55it/s, Saved at =inf, TrLoss=0.5923]
 Training POISON-otc-s1-T8-k120:   6%|▌         | 3/50 [00:00<00:10,  4.53it/s, Saved at =inf, TrLoss=0.5923]
 Training POISON-otc-s1-T8-k120:   6%|▌         | 3/50 [00:00<00:10,  4.53it/s, Saved at =inf, TrLoss=0.5614]
 Training POISON-otc-s1-T8-k120:   8%|▊         | 4/50 [00:00<00:10,  4.57it/s, Saved at =inf, TrLoss=0.5614]
 Training POISON-otc-s1-T8-k120:   8%|▊         | 4/50 [00:01<00:10,  4.57it/s, Saved at =inf, TrLoss=0.5189]
 Training POISON-otc-s1-T8-k120:  10%|█         | 5/50 [00:01<00:10,  4.23it/s, Saved at =inf, TrLoss=0.5189]
 Training POISON-otc-s1-T8-k120:  10%|█         | 5/50 [00:01<00:10,  4.23it/s, Saved at =inf, TrLoss=0.4802]
 Training POISON-otc-s1-T8-k120:  12%|█▏        | 6/50 [00:01<00:09,  4.41it/s, Saved at =inf, TrLoss=0.4802]
 Training POISON-otc-s1-T8-k120:  12%|█▏        | 6/50 [00:01<00:09,  4.41it/s, Saved at =inf, TrLoss=0.4161]
 Training POISON-otc-s1-T8-k120:  14%|█▍        | 7/50 [00:01<00:09,  4.45it/s, Saved at =inf, TrLoss=0.4161]
 Training POISON-otc-s1-T8-k120:  14%|█▍        | 7/50 [00:01<00:09,  4.45it/s, Saved at =inf, TrLoss=0.3751]
 Training POISON-otc-s1-T8-k120:  16%|█▌        | 8/50 [00:01<00:09,  4.48it/s, Saved at =inf, TrLoss=0.3751]
 Training POISON-otc-s1-T8-k120:  16%|█▌        | 8/50 [00:01<00:09,  4.48it/s, Saved at =inf, TrLoss=0.4546]
 Training POISON-otc-s1-T8-k120:  18%|█▊        | 9/50 [00:02<00:09,  4.50it/s, Saved at =inf, TrLoss=0.4546]
 Training POISON-otc-s1-T8-k120:  18%|█▊        | 9/50 [00:02<00:09,  4.50it/s, Saved at =inf, TrLoss=0.3506]
 Training POISON-otc-s1-T8-k120:  20%|██        | 10/50 [00:02<00:08,  4.49it/s, Saved at =inf, TrLoss=0.3506]
 Training POISON-otc-s1-T8-k120:  20%|██        | 10/50 [00:02<00:08,  4.49it/s, Saved at =inf, TrLoss=0.3456]
 Training POISON-otc-s1-T8-k120:  22%|██▏       | 11/50 [00:02<00:08,  4.59it/s, Saved at =inf, TrLoss=0.3456]
 Training POISON-otc-s1-T8-k120:  22%|██▏       | 11/50 [00:02<00:08,  4.59it/s, Saved at =inf, TrLoss=0.3088]
 Training POISON-otc-s1-T8-k120:  24%|██▍       | 12/50 [00:02<00:08,  4.61it/s, Saved at =inf, TrLoss=0.3088]
 Training POISON-otc-s1-T8-k120:  24%|██▍       | 12/50 [00:02<00:08,  4.61it/s, Saved at =inf, TrLoss=0.3280]
 Training POISON-otc-s1-T8-k120:  26%|██▌       | 13/50 [00:02<00:08,  4.60it/s, Saved at =inf, TrLoss=0.3280]
 Training POISON-otc-s1-T8-k120:  26%|██▌       | 13/50 [00:03<00:08,  4.60it/s, Saved at =inf, TrLoss=0.2982]
 Training POISON-otc-s1-T8-k120:  28%|██▊       | 14/50 [00:03<00:07,  4.58it/s, Saved at =inf, TrLoss=0.2982]
 Training POISON-otc-s1-T8-k120:  28%|██▊       | 14/50 [00:03<00:07,  4.58it/s, Saved at =inf, TrLoss=0.3001]
 Training POISON-otc-s1-T8-k120:  30%|███       | 15/50 [00:03<00:07,  4.55it/s, Saved at =inf, TrLoss=0.3001]
 Training POISON-otc-s1-T8-k120:  30%|███       | 15/50 [00:03<00:07,  4.55it/s, Saved at =inf, TrLoss=0.3034]
 Training POISON-otc-s1-T8-k120:  32%|███▏      | 16/50 [00:03<00:07,  4.56it/s, Saved at =inf, TrLoss=0.3034]
 Training POISON-otc-s1-T8-k120:  32%|███▏      | 16/50 [00:03<00:07,  4.56it/s, Saved at =inf, TrLoss=0.2768]
 Training POISON-otc-s1-T8-k120:  34%|███▍      | 17/50 [00:03<00:07,  4.60it/s, Saved at =inf, TrLoss=0.2768]
 Training POISON-otc-s1-T8-k120:  34%|███▍      | 17/50 [00:03<00:07,  4.60it/s, Saved at =inf, TrLoss=0.2769]
 Training POISON-otc-s1-T8-k120:  36%|███▌      | 18/50 [00:03<00:06,  4.59it/s, Saved at =inf, TrLoss=0.2769]
 Training POISON-otc-s1-T8-k120:  36%|███▌      | 18/50 [00:04<00:06,  4.59it/s, Saved at =inf, TrLoss=0.2776]
 Training POISON-otc-s1-T8-k120:  38%|███▊      | 19/50 [00:04<00:06,  4.57it/s, Saved at =inf, TrLoss=0.2776]
 Training POISON-otc-s1-T8-k120:  38%|███▊      | 19/50 [00:04<00:06,  4.57it/s, Saved at =inf, TrLoss=0.2643]
 Training POISON-otc-s1-T8-k120:  40%|████      | 20/50 [00:04<00:06,  4.56it/s, Saved at =inf, TrLoss=0.2643]
 Training POISON-otc-s1-T8-k120:  40%|████      | 20/50 [00:04<00:06,  4.56it/s, Saved at =inf, TrLoss=0.2694]
 Training POISON-otc-s1-T8-k120:  42%|████▏     | 21/50 [00:04<00:06,  4.53it/s, Saved at =inf, TrLoss=0.2694]
 Training POISON-otc-s1-T8-k120:  42%|████▏     | 21/50 [00:04<00:06,  4.53it/s, Saved at =inf, TrLoss=0.2598]
 Training POISON-otc-s1-T8-k120:  44%|████▍     | 22/50 [00:04<00:06,  4.62it/s, Saved at =inf, TrLoss=0.2598]
 Training POISON-otc-s1-T8-k120:  44%|████▍     | 22/50 [00:05<00:06,  4.62it/s, Saved at =inf, TrLoss=0.2468]
 Training POISON-otc-s1-T8-k120:  46%|████▌     | 23/50 [00:05<00:05,  4.64it/s, Saved at =inf, TrLoss=0.2468]
 Training POISON-otc-s1-T8-k120:  46%|████▌     | 23/50 [00:05<00:05,  4.64it/s, Saved at =inf, TrLoss=0.2602]
 Training POISON-otc-s1-T8-k120:  48%|████▊     | 24/50 [00:05<00:05,  4.61it/s, Saved at =inf, TrLoss=0.2602]
 Training POISON-otc-s1-T8-k120:  48%|████▊     | 24/50 [00:05<00:05,  4.61it/s, Saved at =inf, TrLoss=0.2453]
 Training POISON-otc-s1-T8-k120:  50%|█████     | 25/50 [00:05<00:05,  4.57it/s, Saved at =inf, TrLoss=0.2453]
 Training POISON-otc-s1-T8-k120:  50%|█████     | 25/50 [00:05<00:05,  4.57it/s, Saved at =inf, TrLoss=0.2518]
 Training POISON-otc-s1-T8-k120:  52%|█████▏    | 26/50 [00:05<00:05,  4.56it/s, Saved at =inf, TrLoss=0.2518]
 Training POISON-otc-s1-T8-k120:  52%|█████▏    | 26/50 [00:05<00:05,  4.56it/s, Saved at =inf, TrLoss=0.2440]
 Training POISON-otc-s1-T8-k120:  54%|█████▍    | 27/50 [00:05<00:05,  4.58it/s, Saved at =inf, TrLoss=0.2440]
 Training POISON-otc-s1-T8-k120:  54%|█████▍    | 27/50 [00:06<00:05,  4.58it/s, Saved at =inf, TrLoss=0.2437]
 Training POISON-otc-s1-T8-k120:  56%|█████▌    | 28/50 [00:06<00:04,  4.63it/s, Saved at =inf, TrLoss=0.2437]
 Training POISON-otc-s1-T8-k120:  56%|█████▌    | 28/50 [00:06<00:04,  4.63it/s, Saved at =inf, TrLoss=0.2405]
 Training POISON-otc-s1-T8-k120:  58%|█████▊    | 29/50 [00:06<00:04,  4.61it/s, Saved at =inf, TrLoss=0.2405]
 Training POISON-otc-s1-T8-k120:  58%|█████▊    | 29/50 [00:06<00:04,  4.61it/s, Saved at =inf, TrLoss=0.2286]
 Training POISON-otc-s1-T8-k120:  60%|██████    | 30/50 [00:06<00:04,  4.55it/s, Saved at =inf, TrLoss=0.2286]
 Training POISON-otc-s1-T8-k120:  60%|██████    | 30/50 [00:06<00:04,  4.55it/s, Saved at =inf, TrLoss=0.2416]
 Training POISON-otc-s1-T8-k120:  62%|██████▏   | 31/50 [00:06<00:04,  4.42it/s, Saved at =inf, TrLoss=0.2416]
 Training POISON-otc-s1-T8-k120:  62%|██████▏   | 31/50 [00:06<00:04,  4.42it/s, Saved at =inf, TrLoss=0.2275]
 Training POISON-otc-s1-T8-k120:  64%|██████▍   | 32/50 [00:07<00:04,  4.48it/s, Saved at =inf, TrLoss=0.2275]
 Training POISON-otc-s1-T8-k120:  64%|██████▍   | 32/50 [00:07<00:04,  4.48it/s, Saved at =inf, TrLoss=0.2333]
 Training POISON-otc-s1-T8-k120:  66%|██████▌   | 33/50 [00:07<00:03,  4.50it/s, Saved at =inf, TrLoss=0.2333]
 Training POISON-otc-s1-T8-k120:  66%|██████▌   | 33/50 [00:07<00:03,  4.50it/s, Saved at =inf, TrLoss=0.2267]
 Training POISON-otc-s1-T8-k120:  68%|██████▊   | 34/50 [00:07<00:03,  4.44it/s, Saved at =inf, TrLoss=0.2267]
 Training POISON-otc-s1-T8-k120:  68%|██████▊   | 34/50 [00:07<00:03,  4.44it/s, Saved at =inf, TrLoss=0.2282]
 Training POISON-otc-s1-T8-k120:  70%|███████   | 35/50 [00:07<00:03,  4.54it/s, Saved at =inf, TrLoss=0.2282]
 Training POISON-otc-s1-T8-k120:  70%|███████   | 35/50 [00:07<00:03,  4.54it/s, Saved at =inf, TrLoss=0.2210]
 Training POISON-otc-s1-T8-k120:  72%|███████▏  | 36/50 [00:07<00:03,  4.59it/s, Saved at =inf, TrLoss=0.2210]
 Training POISON-otc-s1-T8-k120:  72%|███████▏  | 36/50 [00:08<00:03,  4.59it/s, Saved at =inf, TrLoss=0.2218]
 Training POISON-otc-s1-T8-k120:  74%|███████▍  | 37/50 [00:08<00:02,  4.59it/s, Saved at =inf, TrLoss=0.2218]
 Training POISON-otc-s1-T8-k120:  74%|███████▍  | 37/50 [00:08<00:02,  4.59it/s, Saved at =inf, TrLoss=0.2253]
 Training POISON-otc-s1-T8-k120:  76%|███████▌  | 38/50 [00:08<00:02,  4.54it/s, Saved at =inf, TrLoss=0.2253]
 Training POISON-otc-s1-T8-k120:  76%|███████▌  | 38/50 [00:08<00:02,  4.54it/s, Saved at =inf, TrLoss=0.2158]
 Training POISON-otc-s1-T8-k120:  78%|███████▊  | 39/50 [00:08<00:02,  4.37it/s, Saved at =inf, TrLoss=0.2158]
 Training POISON-otc-s1-T8-k120:  78%|███████▊  | 39/50 [00:08<00:02,  4.37it/s, Saved at =inf, TrLoss=0.2206]
 Training POISON-otc-s1-T8-k120:  80%|████████  | 40/50 [00:08<00:02,  4.45it/s, Saved at =inf, TrLoss=0.2206]
 Training POISON-otc-s1-T8-k120:  80%|████████  | 40/50 [00:08<00:02,  4.45it/s, Saved at =inf, TrLoss=0.2124]
 Training POISON-otc-s1-T8-k120:  82%|████████▏ | 41/50 [00:09<00:02,  4.48it/s, Saved at =inf, TrLoss=0.2124]
 Training POISON-otc-s1-T8-k120:  82%|████████▏ | 41/50 [00:09<00:02,  4.48it/s, Saved at =inf, TrLoss=0.2129]
 Training POISON-otc-s1-T8-k120:  84%|████████▍ | 42/50 [00:09<00:01,  4.49it/s, Saved at =inf, TrLoss=0.2129]
 Training POISON-otc-s1-T8-k120:  84%|████████▍ | 42/50 [00:09<00:01,  4.49it/s, Saved at =inf, TrLoss=0.2127]
 Training POISON-otc-s1-T8-k120:  86%|████████▌ | 43/50 [00:09<00:01,  4.48it/s, Saved at =inf, TrLoss=0.2127]
 Training POISON-otc-s1-T8-k120:  86%|████████▌ | 43/50 [00:09<00:01,  4.48it/s, Saved at =inf, TrLoss=0.2133]
 Training POISON-otc-s1-T8-k120:  88%|████████▊ | 44/50 [00:09<00:01,  4.54it/s, Saved at =inf, TrLoss=0.2133]
 Training POISON-otc-s1-T8-k120:  88%|████████▊ | 44/50 [00:09<00:01,  4.54it/s, Saved at =inf, TrLoss=0.2054]
 Training POISON-otc-s1-T8-k120:  90%|█████████ | 45/50 [00:09<00:01,  4.60it/s, Saved at =inf, TrLoss=0.2054]
 Training POISON-otc-s1-T8-k120:  90%|█████████ | 45/50 [00:10<00:01,  4.60it/s, Saved at =inf, TrLoss=0.2080]
 Training POISON-otc-s1-T8-k120:  92%|█████████▏| 46/50 [00:10<00:00,  4.60it/s, Saved at =inf, TrLoss=0.2080]
 Training POISON-otc-s1-T8-k120:  92%|█████████▏| 46/50 [00:10<00:00,  4.60it/s, Saved at =inf, TrLoss=0.2045]
 Training POISON-otc-s1-T8-k120:  94%|█████████▍| 47/50 [00:10<00:00,  4.58it/s, Saved at =inf, TrLoss=0.2045]
 Training POISON-otc-s1-T8-k120:  94%|█████████▍| 47/50 [00:10<00:00,  4.58it/s, Saved at =inf, TrLoss=0.2083]
 Training POISON-otc-s1-T8-k120:  96%|█████████▌| 48/50 [00:10<00:00,  4.56it/s, Saved at =inf, TrLoss=0.2083]
 Training POISON-otc-s1-T8-k120:  96%|█████████▌| 48/50 [00:10<00:00,  4.56it/s, Saved at =inf, TrLoss=0.1990]
 Training POISON-otc-s1-T8-k120:  98%|█████████▊| 49/50 [00:10<00:00,  4.61it/s, Saved at =inf, TrLoss=0.1990]
 Training POISON-otc-s1-T8-k120:  98%|█████████▊| 49/50 [00:10<00:00,  4.61it/s, Saved at =inf, TrLoss=0.1988]
 Training POISON-otc-s1-T8-k120: 100%|██████████| 50/50 [00:11<00:00,  4.51it/s, Saved at =inf, TrLoss=0.1988]
 Training POISON-otc-s1-T8-k120: 100%|██████████| 50/50 [00:11<00:00,  4.54it/s, Saved at =inf, TrLoss=0.1988]
[16:08:11]     seed 1: eligible 23, flipped 12, mean dR -0.177

 Training POISON-otc-s2-T8-k0:   0%|          | 0/50 [00:00<?, ?it/s]
 Training POISON-otc-s2-T8-k0:   0%|          | 0/50 [00:00<?, ?it/s, Saved at =inf, TrLoss=0.7297]
 Training POISON-otc-s2-T8-k0:   2%|▏         | 1/50 [00:00<00:11,  4.35it/s, Saved at =inf, TrLoss=0.7297]
 Training POISON-otc-s2-T8-k0:   2%|▏         | 1/50 [00:00<00:11,  4.35it/s, Saved at =inf, TrLoss=0.8857]
 Training POISON-otc-s2-T8-k0:   4%|▍         | 2/50 [00:00<00:10,  4.59it/s, Saved at =inf, TrLoss=0.8857]
 Training POISON-otc-s2-T8-k0:   4%|▍         | 2/50 [00:00<00:10,  4.59it/s, Saved at =inf, TrLoss=0.6249]
 Training POISON-otc-s2-T8-k0:   6%|▌         | 3/50 [00:00<00:10,  4.57it/s, Saved at =inf, TrLoss=0.6249]
 Training POISON-otc-s2-T8-k0:   6%|▌         | 3/50 [00:00<00:10,  4.57it/s, Saved at =inf, TrLoss=0.5947]
 Training POISON-otc-s2-T8-k0:   8%|▊         | 4/50 [00:00<00:10,  4.57it/s, Saved at =inf, TrLoss=0.5947]
 Training POISON-otc-s2-T8-k0:   8%|▊         | 4/50 [00:01<00:10,  4.57it/s, Saved at =inf, TrLoss=0.5866]
 Training POISON-otc-s2-T8-k0:  10%|█         | 5/50 [00:01<00:09,  4.55it/s, Saved at =inf, TrLoss=0.5866]
 Training POISON-otc-s2-T8-k0:  10%|█         | 5/50 [00:01<00:09,  4.55it/s, Saved at =inf, TrLoss=0.5619]
 Training POISON-otc-s2-T8-k0:  12%|█▏        | 6/50 [00:01<00:09,  4.55it/s, Saved at =inf, TrLoss=0.5619]
 Training POISON-otc-s2-T8-k0:  12%|█▏        | 6/50 [00:01<00:09,  4.55it/s, Saved at =inf, TrLoss=0.5168]
 Training POISON-otc-s2-T8-k0:  14%|█▍        | 7/50 [00:01<00:09,  4.62it/s, Saved at =inf, TrLoss=0.5168]
 Training POISON-otc-s2-T8-k0:  14%|█▍        | 7/50 [00:01<00:09,  4.62it/s, Saved at =inf, TrLoss=0.4850]
 Training POISON-otc-s2-T8-k0:  16%|█▌        | 8/50 [00:01<00:09,  4.58it/s, Saved at =inf, TrLoss=0.4850]
 Training POISON-otc-s2-T8-k0:  16%|█▌        | 8/50 [00:01<00:09,  4.58it/s, Saved at =inf, TrLoss=0.4413]
 Training POISON-otc-s2-T8-k0:  18%|█▊        | 9/50 [00:02<00:09,  4.28it/s, Saved at =inf, TrLoss=0.4413]
 Training POISON-otc-s2-T8-k0:  18%|█▊        | 9/50 [00:02<00:09,  4.28it/s, Saved at =inf, TrLoss=0.4020]
 Training POISON-otc-s2-T8-k0:  20%|██        | 10/50 [00:02<00:09,  4.19it/s, Saved at =inf, TrLoss=0.4020]
 Training POISON-otc-s2-T8-k0:  20%|██        | 10/50 [00:02<00:09,  4.19it/s, Saved at =inf, TrLoss=0.3541]
 Training POISON-otc-s2-T8-k0:  22%|██▏       | 11/50 [00:02<00:09,  4.32it/s, Saved at =inf, TrLoss=0.3541]
 Training POISON-otc-s2-T8-k0:  22%|██▏       | 11/50 [00:02<00:09,  4.32it/s, Saved at =inf, TrLoss=0.3168]
 Training POISON-otc-s2-T8-k0:  24%|██▍       | 12/50 [00:02<00:08,  4.39it/s, Saved at =inf, TrLoss=0.3168]
 Training POISON-otc-s2-T8-k0:  24%|██▍       | 12/50 [00:02<00:08,  4.39it/s, Saved at =inf, TrLoss=0.3257]
 Training POISON-otc-s2-T8-k0:  26%|██▌       | 13/50 [00:02<00:08,  4.44it/s, Saved at =inf, TrLoss=0.3257]
 Training POISON-otc-s2-T8-k0:  26%|██▌       | 13/50 [00:03<00:08,  4.44it/s, Saved at =inf, TrLoss=0.3820]
 Training POISON-otc-s2-T8-k0:  28%|██▊       | 14/50 [00:03<00:08,  4.48it/s, Saved at =inf, TrLoss=0.3820]
 Training POISON-otc-s2-T8-k0:  28%|██▊       | 14/50 [00:03<00:08,  4.48it/s, Saved at =inf, TrLoss=0.3812]
 Training POISON-otc-s2-T8-k0:  30%|███       | 15/50 [00:03<00:07,  4.39it/s, Saved at =inf, TrLoss=0.3812]
 Training POISON-otc-s2-T8-k0:  30%|███       | 15/50 [00:03<00:07,  4.39it/s, Saved at =inf, TrLoss=0.3151]
 Training POISON-otc-s2-T8-k0:  32%|███▏      | 16/50 [00:03<00:07,  4.45it/s, Saved at =inf, TrLoss=0.3151]
 Training POISON-otc-s2-T8-k0:  32%|███▏      | 16/50 [00:03<00:07,  4.45it/s, Saved at =inf, TrLoss=0.3208]
 Training POISON-otc-s2-T8-k0:  34%|███▍      | 17/50 [00:03<00:07,  4.54it/s, Saved at =inf, TrLoss=0.3208]
 Training POISON-otc-s2-T8-k0:  34%|███▍      | 17/50 [00:03<00:07,  4.54it/s, Saved at =inf, TrLoss=0.3159]
 Training POISON-otc-s2-T8-k0:  36%|███▌      | 18/50 [00:04<00:07,  4.57it/s, Saved at =inf, TrLoss=0.3159]
 Training POISON-otc-s2-T8-k0:  36%|███▌      | 18/50 [00:04<00:07,  4.57it/s, Saved at =inf, TrLoss=0.2880]
 Training POISON-otc-s2-T8-k0:  38%|███▊      | 19/50 [00:04<00:06,  4.56it/s, Saved at =inf, TrLoss=0.2880]
 Training POISON-otc-s2-T8-k0:  38%|███▊      | 19/50 [00:04<00:06,  4.56it/s, Saved at =inf, TrLoss=0.3069]
 Training POISON-otc-s2-T8-k0:  40%|████      | 20/50 [00:04<00:06,  4.55it/s, Saved at =inf, TrLoss=0.3069]
 Training POISON-otc-s2-T8-k0:  40%|████      | 20/50 [00:04<00:06,  4.55it/s, Saved at =inf, TrLoss=0.2895]
 Training POISON-otc-s2-T8-k0:  42%|████▏     | 21/50 [00:04<00:06,  4.56it/s, Saved at =inf, TrLoss=0.2895]
 Training POISON-otc-s2-T8-k0:  42%|████▏     | 21/50 [00:04<00:06,  4.56it/s, Saved at =inf, TrLoss=0.2818]
 Training POISON-otc-s2-T8-k0:  44%|████▍     | 22/50 [00:04<00:06,  4.56it/s, Saved at =inf, TrLoss=0.2818]
 Training POISON-otc-s2-T8-k0:  44%|████▍     | 22/50 [00:05<00:06,  4.56it/s, Saved at =inf, TrLoss=0.3010]
 Training POISON-otc-s2-T8-k0:  46%|████▌     | 23/50 [00:05<00:05,  4.62it/s, Saved at =inf, TrLoss=0.3010]
 Training POISON-otc-s2-T8-k0:  46%|████▌     | 23/50 [00:05<00:05,  4.62it/s, Saved at =inf, TrLoss=0.2767]
 Training POISON-otc-s2-T8-k0:  48%|████▊     | 24/50 [00:05<00:05,  4.60it/s, Saved at =inf, TrLoss=0.2767]
 Training POISON-otc-s2-T8-k0:  48%|████▊     | 24/50 [00:05<00:05,  4.60it/s, Saved at =inf, TrLoss=0.2772]
 Training POISON-otc-s2-T8-k0:  50%|█████     | 25/50 [00:05<00:05,  4.58it/s, Saved at =inf, TrLoss=0.2772]
 Training POISON-otc-s2-T8-k0:  50%|█████     | 25/50 [00:05<00:05,  4.58it/s, Saved at =inf, TrLoss=0.2811]
 Training POISON-otc-s2-T8-k0:  52%|█████▏    | 26/50 [00:05<00:05,  4.57it/s, Saved at =inf, TrLoss=0.2811]
 Training POISON-otc-s2-T8-k0:  52%|█████▏    | 26/50 [00:05<00:05,  4.57it/s, Saved at =inf, TrLoss=0.2685]
 Training POISON-otc-s2-T8-k0:  54%|█████▍    | 27/50 [00:05<00:05,  4.56it/s, Saved at =inf, TrLoss=0.2685]
 Training POISON-otc-s2-T8-k0:  54%|█████▍    | 27/50 [00:06<00:05,  4.56it/s, Saved at =inf, TrLoss=0.2585]
 Training POISON-otc-s2-T8-k0:  56%|█████▌    | 28/50 [00:06<00:05,  4.39it/s, Saved at =inf, TrLoss=0.2585]
 Training POISON-otc-s2-T8-k0:  56%|█████▌    | 28/50 [00:06<00:05,  4.39it/s, Saved at =inf, TrLoss=0.2684]
 Training POISON-otc-s2-T8-k0:  58%|█████▊    | 29/50 [00:06<00:04,  4.34it/s, Saved at =inf, TrLoss=0.2684]
 Training POISON-otc-s2-T8-k0:  58%|█████▊    | 29/50 [00:06<00:04,  4.34it/s, Saved at =inf, TrLoss=0.2537]
 Training POISON-otc-s2-T8-k0:  60%|██████    | 30/50 [00:06<00:04,  4.39it/s, Saved at =inf, TrLoss=0.2537]
 Training POISON-otc-s2-T8-k0:  60%|██████    | 30/50 [00:06<00:04,  4.39it/s, Saved at =inf, TrLoss=0.2551]
 Training POISON-otc-s2-T8-k0:  62%|██████▏   | 31/50 [00:06<00:04,  4.45it/s, Saved at =inf, TrLoss=0.2551]
 Training POISON-otc-s2-T8-k0:  62%|██████▏   | 31/50 [00:07<00:04,  4.45it/s, Saved at =inf, TrLoss=0.2555]
 Training POISON-otc-s2-T8-k0:  64%|██████▍   | 32/50 [00:07<00:04,  4.47it/s, Saved at =inf, TrLoss=0.2555]
 Training POISON-otc-s2-T8-k0:  64%|██████▍   | 32/50 [00:07<00:04,  4.47it/s, Saved at =inf, TrLoss=0.2446]
 Training POISON-otc-s2-T8-k0:  66%|██████▌   | 33/50 [00:07<00:03,  4.57it/s, Saved at =inf, TrLoss=0.2446]
 Training POISON-otc-s2-T8-k0:  66%|██████▌   | 33/50 [00:07<00:03,  4.57it/s, Saved at =inf, TrLoss=0.2506]
 Training POISON-otc-s2-T8-k0:  68%|██████▊   | 34/50 [00:07<00:03,  4.57it/s, Saved at =inf, TrLoss=0.2506]
 Training POISON-otc-s2-T8-k0:  68%|██████▊   | 34/50 [00:07<00:03,  4.57it/s, Saved at =inf, TrLoss=0.2464]
 Training POISON-otc-s2-T8-k0:  70%|███████   | 35/50 [00:07<00:03,  4.54it/s, Saved at =inf, TrLoss=0.2464]
 Training POISON-otc-s2-T8-k0:  70%|███████   | 35/50 [00:07<00:03,  4.54it/s, Saved at =inf, TrLoss=0.2463]
 Training POISON-otc-s2-T8-k0:  72%|███████▏  | 36/50 [00:08<00:03,  4.57it/s, Saved at =inf, TrLoss=0.2463]
 Training POISON-otc-s2-T8-k0:  72%|███████▏  | 36/50 [00:08<00:03,  4.57it/s, Saved at =inf, TrLoss=0.2421]
 Training POISON-otc-s2-T8-k0:  74%|███████▍  | 37/50 [00:08<00:02,  4.34it/s, Saved at =inf, TrLoss=0.2421]
 Training POISON-otc-s2-T8-k0:  74%|███████▍  | 37/50 [00:08<00:02,  4.34it/s, Saved at =inf, TrLoss=0.2348]
 Training POISON-otc-s2-T8-k0:  76%|███████▌  | 38/50 [00:08<00:02,  4.47it/s, Saved at =inf, TrLoss=0.2348]
 Training POISON-otc-s2-T8-k0:  76%|███████▌  | 38/50 [00:08<00:02,  4.47it/s, Saved at =inf, TrLoss=0.2377]
 Training POISON-otc-s2-T8-k0:  78%|███████▊  | 39/50 [00:08<00:02,  4.52it/s, Saved at =inf, TrLoss=0.2377]
 Training POISON-otc-s2-T8-k0:  78%|███████▊  | 39/50 [00:08<00:02,  4.52it/s, Saved at =inf, TrLoss=0.2383]
 Training POISON-otc-s2-T8-k0:  80%|████████  | 40/50 [00:08<00:02,  4.52it/s, Saved at =inf, TrLoss=0.2383]
 Training POISON-otc-s2-T8-k0:  80%|████████  | 40/50 [00:09<00:02,  4.52it/s, Saved at =inf, TrLoss=0.2366]
 Training POISON-otc-s2-T8-k0:  82%|████████▏ | 41/50 [00:09<00:01,  4.54it/s, Saved at =inf, TrLoss=0.2366]
 Training POISON-otc-s2-T8-k0:  82%|████████▏ | 41/50 [00:09<00:01,  4.54it/s, Saved at =inf, TrLoss=0.2352]
 Training POISON-otc-s2-T8-k0:  84%|████████▍ | 42/50 [00:09<00:01,  4.54it/s, Saved at =inf, TrLoss=0.2352]
 Training POISON-otc-s2-T8-k0:  84%|████████▍ | 42/50 [00:09<00:01,  4.54it/s, Saved at =inf, TrLoss=0.2315]
 Training POISON-otc-s2-T8-k0:  86%|████████▌ | 43/50 [00:09<00:01,  4.58it/s, Saved at =inf, TrLoss=0.2315]
 Training POISON-otc-s2-T8-k0:  86%|████████▌ | 43/50 [00:09<00:01,  4.58it/s, Saved at =inf, TrLoss=0.2270]
 Training POISON-otc-s2-T8-k0:  88%|████████▊ | 44/50 [00:09<00:01,  4.29it/s, Saved at =inf, TrLoss=0.2270]
 Training POISON-otc-s2-T8-k0:  88%|████████▊ | 44/50 [00:09<00:01,  4.29it/s, Saved at =inf, TrLoss=0.2304]
 Training POISON-otc-s2-T8-k0:  90%|█████████ | 45/50 [00:10<00:01,  4.33it/s, Saved at =inf, TrLoss=0.2304]
 Training POISON-otc-s2-T8-k0:  90%|█████████ | 45/50 [00:10<00:01,  4.33it/s, Saved at =inf, TrLoss=0.2257]
 Training POISON-otc-s2-T8-k0:  92%|█████████▏| 46/50 [00:10<00:00,  4.39it/s, Saved at =inf, TrLoss=0.2257]
 Training POISON-otc-s2-T8-k0:  92%|█████████▏| 46/50 [00:10<00:00,  4.39it/s, Saved at =inf, TrLoss=0.2235]
 Training POISON-otc-s2-T8-k0:  94%|█████████▍| 47/50 [00:10<00:00,  4.42it/s, Saved at =inf, TrLoss=0.2235]
 Training POISON-otc-s2-T8-k0:  94%|█████████▍| 47/50 [00:10<00:00,  4.42it/s, Saved at =inf, TrLoss=0.2294]
 Training POISON-otc-s2-T8-k0:  96%|█████████▌| 48/50 [00:10<00:00,  4.46it/s, Saved at =inf, TrLoss=0.2294]
 Training POISON-otc-s2-T8-k0:  96%|█████████▌| 48/50 [00:10<00:00,  4.46it/s, Saved at =inf, TrLoss=0.2244]
 Training POISON-otc-s2-T8-k0:  98%|█████████▊| 49/50 [00:10<00:00,  4.39it/s, Saved at =inf, TrLoss=0.2244]
 Training POISON-otc-s2-T8-k0:  98%|█████████▊| 49/50 [00:11<00:00,  4.39it/s, Saved at =inf, TrLoss=0.2243]
 Training POISON-otc-s2-T8-k0: 100%|██████████| 50/50 [00:11<00:00,  4.45it/s, Saved at =inf, TrLoss=0.2243]
 Training POISON-otc-s2-T8-k0: 100%|██████████| 50/50 [00:11<00:00,  4.48it/s, Saved at =inf, TrLoss=0.2243]

 Training POISON-otc-s2-T8-k120:   0%|          | 0/50 [00:00<?, ?it/s]
 Training POISON-otc-s2-T8-k120:   0%|          | 0/50 [00:00<?, ?it/s, Saved at =inf, TrLoss=0.7308]
 Training POISON-otc-s2-T8-k120:   2%|▏         | 1/50 [00:00<00:15,  3.24it/s, Saved at =inf, TrLoss=0.7308]
 Training POISON-otc-s2-T8-k120:   2%|▏         | 1/50 [00:00<00:15,  3.24it/s, Saved at =inf, TrLoss=0.8939]
 Training POISON-otc-s2-T8-k120:   4%|▍         | 2/50 [00:00<00:12,  3.91it/s, Saved at =inf, TrLoss=0.8939]
 Training POISON-otc-s2-T8-k120:   4%|▍         | 2/50 [00:00<00:12,  3.91it/s, Saved at =inf, TrLoss=0.6239]
 Training POISON-otc-s2-T8-k120:   6%|▌         | 3/50 [00:00<00:11,  4.17it/s, Saved at =inf, TrLoss=0.6239]
 Training POISON-otc-s2-T8-k120:   6%|▌         | 3/50 [00:00<00:11,  4.17it/s, Saved at =inf, TrLoss=0.5941]
 Training POISON-otc-s2-T8-k120:   8%|▊         | 4/50 [00:00<00:10,  4.35it/s, Saved at =inf, TrLoss=0.5941]
 Training POISON-otc-s2-T8-k120:   8%|▊         | 4/50 [00:01<00:10,  4.35it/s, Saved at =inf, TrLoss=0.5867]
 Training POISON-otc-s2-T8-k120:  10%|█         | 5/50 [00:01<00:09,  4.51it/s, Saved at =inf, TrLoss=0.5867]
 Training POISON-otc-s2-T8-k120:  10%|█         | 5/50 [00:01<00:09,  4.51it/s, Saved at =inf, TrLoss=0.5661]
 Training POISON-otc-s2-T8-k120:  12%|█▏        | 6/50 [00:01<00:09,  4.52it/s, Saved at =inf, TrLoss=0.5661]
 Training POISON-otc-s2-T8-k120:  12%|█▏        | 6/50 [00:01<00:09,  4.52it/s, Saved at =inf, TrLoss=0.5310]
 Training POISON-otc-s2-T8-k120:  14%|█▍        | 7/50 [00:01<00:09,  4.53it/s, Saved at =inf, TrLoss=0.5310]
 Training POISON-otc-s2-T8-k120:  14%|█▍        | 7/50 [00:01<00:09,  4.53it/s, Saved at =inf, TrLoss=0.4967]
 Training POISON-otc-s2-T8-k120:  16%|█▌        | 8/50 [00:01<00:09,  4.53it/s, Saved at =inf, TrLoss=0.4967]
 Training POISON-otc-s2-T8-k120:  16%|█▌        | 8/50 [00:01<00:09,  4.53it/s, Saved at =inf, TrLoss=0.4519]
 Training POISON-otc-s2-T8-k120:  18%|█▊        | 9/50 [00:02<00:09,  4.54it/s, Saved at =inf, TrLoss=0.4519]
 Training POISON-otc-s2-T8-k120:  18%|█▊        | 9/50 [00:02<00:09,  4.54it/s, Saved at =inf, TrLoss=0.4132]
 Training POISON-otc-s2-T8-k120:  20%|██        | 10/50 [00:02<00:08,  4.61it/s, Saved at =inf, TrLoss=0.4132]
 Training POISON-otc-s2-T8-k120:  20%|██        | 10/50 [00:02<00:08,  4.61it/s, Saved at =inf, TrLoss=0.3646]
 Training POISON-otc-s2-T8-k120:  22%|██▏       | 11/50 [00:02<00:08,  4.63it/s, Saved at =inf, TrLoss=0.3646]
 Training POISON-otc-s2-T8-k120:  22%|██▏       | 11/50 [00:02<00:08,  4.63it/s, Saved at =inf, TrLoss=0.3300]
 Training POISON-otc-s2-T8-k120:  24%|██▍       | 12/50 [00:02<00:08,  4.61it/s, Saved at =inf, TrLoss=0.3300]
 Training POISON-otc-s2-T8-k120:  24%|██▍       | 12/50 [00:02<00:08,  4.61it/s, Saved at =inf, TrLoss=0.3331]
 Training POISON-otc-s2-T8-k120:  26%|██▌       | 13/50 [00:02<00:08,  4.57it/s, Saved at =inf, TrLoss=0.3331]
 Training POISON-otc-s2-T8-k120:  26%|██▌       | 13/50 [00:03<00:08,  4.57it/s, Saved at =inf, TrLoss=0.3405]
 Training POISON-otc-s2-T8-k120:  28%|██▊       | 14/50 [00:03<00:07,  4.55it/s, Saved at =inf, TrLoss=0.3405]
 Training POISON-otc-s2-T8-k120:  28%|██▊       | 14/50 [00:03<00:07,  4.55it/s, Saved at =inf, TrLoss=0.3819]
 Training POISON-otc-s2-T8-k120:  30%|███       | 15/50 [00:03<00:07,  4.60it/s, Saved at =inf, TrLoss=0.3819]
 Training POISON-otc-s2-T8-k120:  30%|███       | 15/50 [00:03<00:07,  4.60it/s, Saved at =inf, TrLoss=0.3399]
 Training POISON-otc-s2-T8-k120:  32%|███▏      | 16/50 [00:03<00:07,  4.65it/s, Saved at =inf, TrLoss=0.3399]
 Training POISON-otc-s2-T8-k120:  32%|███▏      | 16/50 [00:03<00:07,  4.65it/s, Saved at =inf, TrLoss=0.3042]
 Training POISON-otc-s2-T8-k120:  34%|███▍      | 17/50 [00:03<00:07,  4.62it/s, Saved at =inf, TrLoss=0.3042]
 Training POISON-otc-s2-T8-k120:  34%|███▍      | 17/50 [00:03<00:07,  4.62it/s, Saved at =inf, TrLoss=0.3034]
 Training POISON-otc-s2-T8-k120:  36%|███▌      | 18/50 [00:03<00:06,  4.60it/s, Saved at =inf, TrLoss=0.3034]
 Training POISON-otc-s2-T8-k120:  36%|███▌      | 18/50 [00:04<00:06,  4.60it/s, Saved at =inf, TrLoss=0.3092]
 Training POISON-otc-s2-T8-k120:  38%|███▊      | 19/50 [00:04<00:06,  4.59it/s, Saved at =inf, TrLoss=0.3092]
 Training POISON-otc-s2-T8-k120:  38%|███▊      | 19/50 [00:04<00:06,  4.59it/s, Saved at =inf, TrLoss=0.2875]
 Training POISON-otc-s2-T8-k120:  40%|████      | 20/50 [00:04<00:06,  4.59it/s, Saved at =inf, TrLoss=0.2875]
 Training POISON-otc-s2-T8-k120:  40%|████      | 20/50 [00:04<00:06,  4.59it/s, Saved at =inf, TrLoss=0.3001]
 Training POISON-otc-s2-T8-k120:  42%|████▏     | 21/50 [00:04<00:06,  4.66it/s, Saved at =inf, TrLoss=0.3001]
 Training POISON-otc-s2-T8-k120:  42%|████▏     | 21/50 [00:04<00:06,  4.66it/s, Saved at =inf, TrLoss=0.2802]
 Training POISON-otc-s2-T8-k120:  44%|████▍     | 22/50 [00:04<00:06,  4.35it/s, Saved at =inf, TrLoss=0.2802]
 Training POISON-otc-s2-T8-k120:  44%|████▍     | 22/50 [00:05<00:06,  4.35it/s, Saved at =inf, TrLoss=0.2806]
 Training POISON-otc-s2-T8-k120:  46%|████▌     | 23/50 [00:05<00:06,  4.42it/s, Saved at =inf, TrLoss=0.2806]
 Training POISON-otc-s2-T8-k120:  46%|████▌     | 23/50 [00:05<00:06,  4.42it/s, Saved at =inf, TrLoss=0.2815]
 Training POISON-otc-s2-T8-k120:  48%|████▊     | 24/50 [00:05<00:05,  4.44it/s, Saved at =inf, TrLoss=0.2815]
 Training POISON-otc-s2-T8-k120:  48%|████▊     | 24/50 [00:05<00:05,  4.44it/s, Saved at =inf, TrLoss=0.2756]
 Training POISON-otc-s2-T8-k120:  50%|█████     | 25/50 [00:05<00:05,  4.43it/s, Saved at =inf, TrLoss=0.2756]
 Training POISON-otc-s2-T8-k120:  50%|█████     | 25/50 [00:05<00:05,  4.43it/s, Saved at =inf, TrLoss=0.2738]
 Training POISON-otc-s2-T8-k120:  52%|█████▏    | 26/50 [00:05<00:05,  4.08it/s, Saved at =inf, TrLoss=0.2738]
 Training POISON-otc-s2-T8-k120:  52%|█████▏    | 26/50 [00:06<00:05,  4.08it/s, Saved at =inf, TrLoss=0.2625]
 Training POISON-otc-s2-T8-k120:  54%|█████▍    | 27/50 [00:06<00:05,  4.17it/s, Saved at =inf, TrLoss=0.2625]
 Training POISON-otc-s2-T8-k120:  54%|█████▍    | 27/50 [00:06<00:05,  4.17it/s, Saved at =inf, TrLoss=0.2567]
 Training POISON-otc-s2-T8-k120:  56%|█████▌    | 28/50 [00:06<00:05,  4.27it/s, Saved at =inf, TrLoss=0.2567]
 Training POISON-otc-s2-T8-k120:  56%|█████▌    | 28/50 [00:06<00:05,  4.27it/s, Saved at =inf, TrLoss=0.2588]
 Training POISON-otc-s2-T8-k120:  58%|█████▊    | 29/50 [00:06<00:04,  4.35it/s, Saved at =inf, TrLoss=0.2588]
 Training POISON-otc-s2-T8-k120:  58%|█████▊    | 29/50 [00:06<00:04,  4.35it/s, Saved at =inf, TrLoss=0.2559]
 Training POISON-otc-s2-T8-k120:  60%|██████    | 30/50 [00:06<00:04,  4.41it/s, Saved at =inf, TrLoss=0.2559]
 Training POISON-otc-s2-T8-k120:  60%|██████    | 30/50 [00:06<00:04,  4.41it/s, Saved at =inf, TrLoss=0.2552]
 Training POISON-otc-s2-T8-k120:  62%|██████▏   | 31/50 [00:06<00:04,  4.46it/s, Saved at =inf, TrLoss=0.2552]
 Training POISON-otc-s2-T8-k120:  62%|██████▏   | 31/50 [00:07<00:04,  4.46it/s, Saved at =inf, TrLoss=0.2484]
 Training POISON-otc-s2-T8-k120:  64%|██████▍   | 32/50 [00:07<00:04,  4.18it/s, Saved at =inf, TrLoss=0.2484]
 Training POISON-otc-s2-T8-k120:  64%|██████▍   | 32/50 [00:07<00:04,  4.18it/s, Saved at =inf, TrLoss=0.2464]
 Training POISON-otc-s2-T8-k120:  66%|██████▌   | 33/50 [00:07<00:03,  4.29it/s, Saved at =inf, TrLoss=0.2464]
 Training POISON-otc-s2-T8-k120:  66%|██████▌   | 33/50 [00:07<00:03,  4.29it/s, Saved at =inf, TrLoss=0.2450]
 Training POISON-otc-s2-T8-k120:  68%|██████▊   | 34/50 [00:07<00:03,  4.36it/s, Saved at =inf, TrLoss=0.2450]
 Training POISON-otc-s2-T8-k120:  68%|██████▊   | 34/50 [00:07<00:03,  4.36it/s, Saved at =inf, TrLoss=0.2442]
 Training POISON-otc-s2-T8-k120:  70%|███████   | 35/50 [00:07<00:03,  4.42it/s, Saved at =inf, TrLoss=0.2442]
 Training POISON-otc-s2-T8-k120:  70%|███████   | 35/50 [00:08<00:03,  4.42it/s, Saved at =inf, TrLoss=0.2431]
 Training POISON-otc-s2-T8-k120:  72%|███████▏  | 36/50 [00:08<00:03,  4.51it/s, Saved at =inf, TrLoss=0.2431]
 Training POISON-otc-s2-T8-k120:  72%|███████▏  | 36/50 [00:08<00:03,  4.51it/s, Saved at =inf, TrLoss=0.2379]
 Training POISON-otc-s2-T8-k120:  74%|███████▍  | 37/50 [00:08<00:02,  4.54it/s, Saved at =inf, TrLoss=0.2379]
 Training POISON-otc-s2-T8-k120:  74%|███████▍  | 37/50 [00:08<00:02,  4.54it/s, Saved at =inf, TrLoss=0.2354]
 Training POISON-otc-s2-T8-k120:  76%|███████▌  | 38/50 [00:08<00:02,  4.53it/s, Saved at =inf, TrLoss=0.2354]
 Training POISON-otc-s2-T8-k120:  76%|███████▌  | 38/50 [00:08<00:02,  4.53it/s, Saved at =inf, TrLoss=0.2350]
 Training POISON-otc-s2-T8-k120:  78%|███████▊  | 39/50 [00:08<00:02,  4.48it/s, Saved at =inf, TrLoss=0.2350]
 Training POISON-otc-s2-T8-k120:  78%|███████▊  | 39/50 [00:08<00:02,  4.48it/s, Saved at =inf, TrLoss=0.2358]
 Training POISON-otc-s2-T8-k120:  80%|████████  | 40/50 [00:09<00:02,  4.50it/s, Saved at =inf, TrLoss=0.2358]
 Training POISON-otc-s2-T8-k120:  80%|████████  | 40/50 [00:09<00:02,  4.50it/s, Saved at =inf, TrLoss=0.2376]
 Training POISON-otc-s2-T8-k120:  82%|████████▏ | 41/50 [00:09<00:02,  4.47it/s, Saved at =inf, TrLoss=0.2376]
 Training POISON-otc-s2-T8-k120:  82%|████████▏ | 41/50 [00:09<00:02,  4.47it/s, Saved at =inf, TrLoss=0.2351]
 Training POISON-otc-s2-T8-k120:  84%|████████▍ | 42/50 [00:09<00:01,  4.56it/s, Saved at =inf, TrLoss=0.2351]
 Training POISON-otc-s2-T8-k120:  84%|████████▍ | 42/50 [00:09<00:01,  4.56it/s, Saved at =inf, TrLoss=0.2328]
 Training POISON-otc-s2-T8-k120:  86%|████████▌ | 43/50 [00:09<00:01,  4.50it/s, Saved at =inf, TrLoss=0.2328]
 Training POISON-otc-s2-T8-k120:  86%|████████▌ | 43/50 [00:09<00:01,  4.50it/s, Saved at =inf, TrLoss=0.2250]
 Training POISON-otc-s2-T8-k120:  88%|████████▊ | 44/50 [00:09<00:01,  4.28it/s, Saved at =inf, TrLoss=0.2250]
 Training POISON-otc-s2-T8-k120:  88%|████████▊ | 44/50 [00:10<00:01,  4.28it/s, Saved at =inf, TrLoss=0.2278]
 Training POISON-otc-s2-T8-k120:  90%|█████████ | 45/50 [00:10<00:01,  4.26it/s, Saved at =inf, TrLoss=0.2278]
 Training POISON-otc-s2-T8-k120:  90%|█████████ | 45/50 [00:10<00:01,  4.26it/s, Saved at =inf, TrLoss=0.2214]
 Training POISON-otc-s2-T8-k120:  92%|█████████▏| 46/50 [00:10<00:00,  4.35it/s, Saved at =inf, TrLoss=0.2214]
 Training POISON-otc-s2-T8-k120:  92%|█████████▏| 46/50 [00:10<00:00,  4.35it/s, Saved at =inf, TrLoss=0.2205]
 Training POISON-otc-s2-T8-k120:  94%|█████████▍| 47/50 [00:10<00:00,  4.48it/s, Saved at =inf, TrLoss=0.2205]
 Training POISON-otc-s2-T8-k120:  94%|█████████▍| 47/50 [00:10<00:00,  4.48it/s, Saved at =inf, TrLoss=0.2267]
 Training POISON-otc-s2-T8-k120:  96%|█████████▌| 48/50 [00:10<00:00,  4.53it/s, Saved at =inf, TrLoss=0.2267]
 Training POISON-otc-s2-T8-k120:  96%|█████████▌| 48/50 [00:10<00:00,  4.53it/s, Saved at =inf, TrLoss=0.2214]
 Training POISON-otc-s2-T8-k120:  98%|█████████▊| 49/50 [00:11<00:00,  4.54it/s, Saved at =inf, TrLoss=0.2214]
 Training POISON-otc-s2-T8-k120:  98%|█████████▊| 49/50 [00:11<00:00,  4.54it/s, Saved at =inf, TrLoss=0.2211]
 Training POISON-otc-s2-T8-k120: 100%|██████████| 50/50 [00:11<00:00,  4.53it/s, Saved at =inf, TrLoss=0.2211]
 Training POISON-otc-s2-T8-k120: 100%|██████████| 50/50 [00:11<00:00,  4.45it/s, Saved at =inf, TrLoss=0.2211]
[16:08:37]     seed 2: eligible 21, flipped 12, mean dR -0.200

 Training POISON-otc-s3-T8-k0:   0%|          | 0/50 [00:00<?, ?it/s]
 Training POISON-otc-s3-T8-k0:   0%|          | 0/50 [00:00<?, ?it/s, Saved at =inf, TrLoss=0.7184]
 Training POISON-otc-s3-T8-k0:   2%|▏         | 1/50 [00:00<00:11,  4.17it/s, Saved at =inf, TrLoss=0.7184]
 Training POISON-otc-s3-T8-k0:   2%|▏         | 1/50 [00:00<00:11,  4.17it/s, Saved at =inf, TrLoss=0.7799]
 Training POISON-otc-s3-T8-k0:   4%|▍         | 2/50 [00:00<00:10,  4.39it/s, Saved at =inf, TrLoss=0.7799]
 Training POISON-otc-s3-T8-k0:   4%|▍         | 2/50 [00:00<00:10,  4.39it/s, Saved at =inf, TrLoss=0.5871]
 Training POISON-otc-s3-T8-k0:   6%|▌         | 3/50 [00:00<00:10,  4.59it/s, Saved at =inf, TrLoss=0.5871]
 Training POISON-otc-s3-T8-k0:   6%|▌         | 3/50 [00:00<00:10,  4.59it/s, Saved at =inf, TrLoss=0.6106]
 Training POISON-otc-s3-T8-k0:   8%|▊         | 4/50 [00:00<00:10,  4.45it/s, Saved at =inf, TrLoss=0.6106]
 Training POISON-otc-s3-T8-k0:   8%|▊         | 4/50 [00:01<00:10,  4.45it/s, Saved at =inf, TrLoss=0.5145]
 Training POISON-otc-s3-T8-k0:  10%|█         | 5/50 [00:01<00:10,  4.48it/s, Saved at =inf, TrLoss=0.5145]
 Training POISON-otc-s3-T8-k0:  10%|█         | 5/50 [00:01<00:10,  4.48it/s, Saved at =inf, TrLoss=0.5092]
 Training POISON-otc-s3-T8-k0:  12%|█▏        | 6/50 [00:01<00:09,  4.46it/s, Saved at =inf, TrLoss=0.5092]
 Training POISON-otc-s3-T8-k0:  12%|█▏        | 6/50 [00:01<00:09,  4.46it/s, Saved at =inf, TrLoss=0.4448]
 Training POISON-otc-s3-T8-k0:  14%|█▍        | 7/50 [00:01<00:09,  4.48it/s, Saved at =inf, TrLoss=0.4448]
 Training POISON-otc-s3-T8-k0:  14%|█▍        | 7/50 [00:01<00:09,  4.48it/s, Saved at =inf, TrLoss=0.4010]
 Training POISON-otc-s3-T8-k0:  16%|█▌        | 8/50 [00:01<00:09,  4.47it/s, Saved at =inf, TrLoss=0.4010]
 Training POISON-otc-s3-T8-k0:  16%|█▌        | 8/50 [00:01<00:09,  4.47it/s, Saved at =inf, TrLoss=0.3730]
 Training POISON-otc-s3-T8-k0:  18%|█▊        | 9/50 [00:02<00:09,  4.54it/s, Saved at =inf, TrLoss=0.3730]
 Training POISON-otc-s3-T8-k0:  18%|█▊        | 9/50 [00:02<00:09,  4.54it/s, Saved at =inf, TrLoss=0.3584]
 Training POISON-otc-s3-T8-k0:  20%|██        | 10/50 [00:02<00:08,  4.53it/s, Saved at =inf, TrLoss=0.3584]
 Training POISON-otc-s3-T8-k0:  20%|██        | 10/50 [00:02<00:08,  4.53it/s, Saved at =inf, TrLoss=0.3459]
 Training POISON-otc-s3-T8-k0:  22%|██▏       | 11/50 [00:02<00:08,  4.51it/s, Saved at =inf, TrLoss=0.3459]
 Training POISON-otc-s3-T8-k0:  22%|██▏       | 11/50 [00:02<00:08,  4.51it/s, Saved at =inf, TrLoss=0.3507]
 Training POISON-otc-s3-T8-k0:  24%|██▍       | 12/50 [00:02<00:08,  4.52it/s, Saved at =inf, TrLoss=0.3507]
 Training POISON-otc-s3-T8-k0:  24%|██▍       | 12/50 [00:02<00:08,  4.52it/s, Saved at =inf, TrLoss=0.3030]
 Training POISON-otc-s3-T8-k0:  26%|██▌       | 13/50 [00:02<00:08,  4.53it/s, Saved at =inf, TrLoss=0.3030]
 Training POISON-otc-s3-T8-k0:  26%|██▌       | 13/50 [00:03<00:08,  4.53it/s, Saved at =inf, TrLoss=0.3064]
 Training POISON-otc-s3-T8-k0:  28%|██▊       | 14/50 [00:03<00:07,  4.61it/s, Saved at =inf, TrLoss=0.3064]
 Training POISON-otc-s3-T8-k0:  28%|██▊       | 14/50 [00:03<00:07,  4.61it/s, Saved at =inf, TrLoss=0.2923]
 Training POISON-otc-s3-T8-k0:  30%|███       | 15/50 [00:03<00:07,  4.60it/s, Saved at =inf, TrLoss=0.2923]
 Training POISON-otc-s3-T8-k0:  30%|███       | 15/50 [00:03<00:07,  4.60it/s, Saved at =inf, TrLoss=0.2946]
 Training POISON-otc-s3-T8-k0:  32%|███▏      | 16/50 [00:03<00:07,  4.57it/s, Saved at =inf, TrLoss=0.2946]
 Training POISON-otc-s3-T8-k0:  32%|███▏      | 16/50 [00:03<00:07,  4.57it/s, Saved at =inf, TrLoss=0.2833]
 Training POISON-otc-s3-T8-k0:  34%|███▍      | 17/50 [00:03<00:07,  4.56it/s, Saved at =inf, TrLoss=0.2833]
 Training POISON-otc-s3-T8-k0:  34%|███▍      | 17/50 [00:03<00:07,  4.56it/s, Saved at =inf, TrLoss=0.2859]
 Training POISON-otc-s3-T8-k0:  36%|███▌      | 18/50 [00:03<00:07,  4.56it/s, Saved at =inf, TrLoss=0.2859]
 Training POISON-otc-s3-T8-k0:  36%|███▌      | 18/50 [00:04<00:07,  4.56it/s, Saved at =inf, TrLoss=0.2728]
 Training POISON-otc-s3-T8-k0:  38%|███▊      | 19/50 [00:04<00:06,  4.62it/s, Saved at =inf, TrLoss=0.2728]
 Training POISON-otc-s3-T8-k0:  38%|███▊      | 19/50 [00:04<00:06,  4.62it/s, Saved at =inf, TrLoss=0.2756]
 Training POISON-otc-s3-T8-k0:  40%|████      | 20/50 [00:04<00:06,  4.63it/s, Saved at =inf, TrLoss=0.2756]
 Training POISON-otc-s3-T8-k0:  40%|████      | 20/50 [00:04<00:06,  4.63it/s, Saved at =inf, TrLoss=0.2637]
 Training POISON-otc-s3-T8-k0:  42%|████▏     | 21/50 [00:04<00:06,  4.58it/s, Saved at =inf, TrLoss=0.2637]
 Training POISON-otc-s3-T8-k0:  42%|████▏     | 21/50 [00:04<00:06,  4.58it/s, Saved at =inf, TrLoss=0.2689]
 Training POISON-otc-s3-T8-k0:  44%|████▍     | 22/50 [00:04<00:06,  4.57it/s, Saved at =inf, TrLoss=0.2689]
 Training POISON-otc-s3-T8-k0:  44%|████▍     | 22/50 [00:05<00:06,  4.57it/s, Saved at =inf, TrLoss=0.2524]
 Training POISON-otc-s3-T8-k0:  46%|████▌     | 23/50 [00:05<00:05,  4.56it/s, Saved at =inf, TrLoss=0.2524]
 Training POISON-otc-s3-T8-k0:  46%|████▌     | 23/50 [00:05<00:05,  4.56it/s, Saved at =inf, TrLoss=0.2522]
 Training POISON-otc-s3-T8-k0:  48%|████▊     | 24/50 [00:05<00:05,  4.58it/s, Saved at =inf, TrLoss=0.2522]
 Training POISON-otc-s3-T8-k0:  48%|████▊     | 24/50 [00:05<00:05,  4.58it/s, Saved at =inf, TrLoss=0.2456]
 Training POISON-otc-s3-T8-k0:  50%|█████     | 25/50 [00:05<00:05,  4.63it/s, Saved at =inf, TrLoss=0.2456]
 Training POISON-otc-s3-T8-k0:  50%|█████     | 25/50 [00:05<00:05,  4.63it/s, Saved at =inf, TrLoss=0.2425]
 Training POISON-otc-s3-T8-k0:  52%|█████▏    | 26/50 [00:05<00:05,  4.61it/s, Saved at =inf, TrLoss=0.2425]
 Training POISON-otc-s3-T8-k0:  52%|█████▏    | 26/50 [00:05<00:05,  4.61it/s, Saved at =inf, TrLoss=0.2423]
 Training POISON-otc-s3-T8-k0:  54%|█████▍    | 27/50 [00:05<00:05,  4.59it/s, Saved at =inf, TrLoss=0.2423]
 Training POISON-otc-s3-T8-k0:  54%|█████▍    | 27/50 [00:06<00:05,  4.59it/s, Saved at =inf, TrLoss=0.2372]
 Training POISON-otc-s3-T8-k0:  56%|█████▌    | 28/50 [00:06<00:04,  4.56it/s, Saved at =inf, TrLoss=0.2372]
 Training POISON-otc-s3-T8-k0:  56%|█████▌    | 28/50 [00:06<00:04,  4.56it/s, Saved at =inf, TrLoss=0.2354]
 Training POISON-otc-s3-T8-k0:  58%|█████▊    | 29/50 [00:06<00:04,  4.57it/s, Saved at =inf, TrLoss=0.2354]
 Training POISON-otc-s3-T8-k0:  58%|█████▊    | 29/50 [00:06<00:04,  4.57it/s, Saved at =inf, TrLoss=0.2313]
 Training POISON-otc-s3-T8-k0:  60%|██████    | 30/50 [00:06<00:04,  4.59it/s, Saved at =inf, TrLoss=0.2313]
 Training POISON-otc-s3-T8-k0:  60%|██████    | 30/50 [00:06<00:04,  4.59it/s, Saved at =inf, TrLoss=0.2350]
 Training POISON-otc-s3-T8-k0:  62%|██████▏   | 31/50 [00:06<00:04,  4.60it/s, Saved at =inf, TrLoss=0.2350]
 Training POISON-otc-s3-T8-k0:  62%|██████▏   | 31/50 [00:06<00:04,  4.60it/s, Saved at =inf, TrLoss=0.2244]
 Training POISON-otc-s3-T8-k0:  64%|██████▍   | 32/50 [00:07<00:03,  4.58it/s, Saved at =inf, TrLoss=0.2244]
 Training POISON-otc-s3-T8-k0:  64%|██████▍   | 32/50 [00:07<00:03,  4.58it/s, Saved at =inf, TrLoss=0.2239]
 Training POISON-otc-s3-T8-k0:  66%|██████▌   | 33/50 [00:07<00:03,  4.55it/s, Saved at =inf, TrLoss=0.2239]
 Training POISON-otc-s3-T8-k0:  66%|██████▌   | 33/50 [00:07<00:03,  4.55it/s, Saved at =inf, TrLoss=0.2212]
 Training POISON-otc-s3-T8-k0:  68%|██████▊   | 34/50 [00:07<00:03,  4.46it/s, Saved at =inf, TrLoss=0.2212]
 Training POISON-otc-s3-T8-k0:  68%|██████▊   | 34/50 [00:07<00:03,  4.46it/s, Saved at =inf, TrLoss=0.2245]
 Training POISON-otc-s3-T8-k0:  70%|███████   | 35/50 [00:07<00:03,  4.15it/s, Saved at =inf, TrLoss=0.2245]
 Training POISON-otc-s3-T8-k0:  70%|███████   | 35/50 [00:07<00:03,  4.15it/s, Saved at =inf, TrLoss=0.2157]
 Training POISON-otc-s3-T8-k0:  72%|███████▏  | 36/50 [00:08<00:03,  4.05it/s, Saved at =inf, TrLoss=0.2157]
 Training POISON-otc-s3-T8-k0:  72%|███████▏  | 36/50 [00:08<00:03,  4.05it/s, Saved at =inf, TrLoss=0.2116]
 Training POISON-otc-s3-T8-k0:  74%|███████▍  | 37/50 [00:08<00:03,  4.18it/s, Saved at =inf, TrLoss=0.2116]
 Training POISON-otc-s3-T8-k0:  74%|███████▍  | 37/50 [00:08<00:03,  4.18it/s, Saved at =inf, TrLoss=0.2099]
 Training POISON-otc-s3-T8-k0:  76%|███████▌  | 38/50 [00:08<00:02,  4.26it/s, Saved at =inf, TrLoss=0.2099]
 Training POISON-otc-s3-T8-k0:  76%|███████▌  | 38/50 [00:08<00:02,  4.26it/s, Saved at =inf, TrLoss=0.2096]
 Training POISON-otc-s3-T8-k0:  78%|███████▊  | 39/50 [00:08<00:02,  4.33it/s, Saved at =inf, TrLoss=0.2096]
 Training POISON-otc-s3-T8-k0:  78%|███████▊  | 39/50 [00:08<00:02,  4.33it/s, Saved at =inf, TrLoss=0.2097]
 Training POISON-otc-s3-T8-k0:  80%|████████  | 40/50 [00:08<00:02,  4.42it/s, Saved at =inf, TrLoss=0.2097]
 Training POISON-otc-s3-T8-k0:  80%|████████  | 40/50 [00:09<00:02,  4.42it/s, Saved at =inf, TrLoss=0.2030]
 Training POISON-otc-s3-T8-k0:  82%|████████▏ | 41/50 [00:09<00:01,  4.53it/s, Saved at =inf, TrLoss=0.2030]
 Training POISON-otc-s3-T8-k0:  82%|████████▏ | 41/50 [00:09<00:01,  4.53it/s, Saved at =inf, TrLoss=0.2072]
 Training POISON-otc-s3-T8-k0:  84%|████████▍ | 42/50 [00:09<00:01,  4.55it/s, Saved at =inf, TrLoss=0.2072]
 Training POISON-otc-s3-T8-k0:  84%|████████▍ | 42/50 [00:09<00:01,  4.55it/s, Saved at =inf, TrLoss=0.2120]
 Training POISON-otc-s3-T8-k0:  86%|████████▌ | 43/50 [00:09<00:01,  4.45it/s, Saved at =inf, TrLoss=0.2120]
 Training POISON-otc-s3-T8-k0:  86%|████████▌ | 43/50 [00:09<00:01,  4.45it/s, Saved at =inf, TrLoss=0.2136]
 Training POISON-otc-s3-T8-k0:  88%|████████▊ | 44/50 [00:09<00:01,  4.40it/s, Saved at =inf, TrLoss=0.2136]
 Training POISON-otc-s3-T8-k0:  88%|████████▊ | 44/50 [00:09<00:01,  4.40it/s, Saved at =inf, TrLoss=0.2014]
 Training POISON-otc-s3-T8-k0:  90%|█████████ | 45/50 [00:10<00:01,  4.27it/s, Saved at =inf, TrLoss=0.2014]
 Training POISON-otc-s3-T8-k0:  90%|█████████ | 45/50 [00:10<00:01,  4.27it/s, Saved at =inf, TrLoss=0.1947]
 Training POISON-otc-s3-T8-k0:  92%|█████████▏| 46/50 [00:10<00:00,  4.41it/s, Saved at =inf, TrLoss=0.1947]
 Training POISON-otc-s3-T8-k0:  92%|█████████▏| 46/50 [00:10<00:00,  4.41it/s, Saved at =inf, TrLoss=0.2027]
 Training POISON-otc-s3-T8-k0:  94%|█████████▍| 47/50 [00:10<00:00,  4.46it/s, Saved at =inf, TrLoss=0.2027]
 Training POISON-otc-s3-T8-k0:  94%|█████████▍| 47/50 [00:10<00:00,  4.46it/s, Saved at =inf, TrLoss=0.2023]
 Training POISON-otc-s3-T8-k0:  96%|█████████▌| 48/50 [00:10<00:00,  4.49it/s, Saved at =inf, TrLoss=0.2023]
 Training POISON-otc-s3-T8-k0:  96%|█████████▌| 48/50 [00:10<00:00,  4.49it/s, Saved at =inf, TrLoss=0.1973]
 Training POISON-otc-s3-T8-k0:  98%|█████████▊| 49/50 [00:10<00:00,  4.51it/s, Saved at =inf, TrLoss=0.1973]
 Training POISON-otc-s3-T8-k0:  98%|█████████▊| 49/50 [00:11<00:00,  4.51it/s, Saved at =inf, TrLoss=0.1966]
 Training POISON-otc-s3-T8-k0: 100%|██████████| 50/50 [00:11<00:00,  4.52it/s, Saved at =inf, TrLoss=0.1966]
 Training POISON-otc-s3-T8-k0: 100%|██████████| 50/50 [00:11<00:00,  4.49it/s, Saved at =inf, TrLoss=0.1966]

 Training POISON-otc-s3-T8-k120:   0%|          | 0/50 [00:00<?, ?it/s]
 Training POISON-otc-s3-T8-k120:   0%|          | 0/50 [00:00<?, ?it/s, Saved at =inf, TrLoss=0.7236]
 Training POISON-otc-s3-T8-k120:   2%|▏         | 1/50 [00:00<00:11,  4.26it/s, Saved at =inf, TrLoss=0.7236]
 Training POISON-otc-s3-T8-k120:   2%|▏         | 1/50 [00:00<00:11,  4.26it/s, Saved at =inf, TrLoss=0.7883]
 Training POISON-otc-s3-T8-k120:   4%|▍         | 2/50 [00:00<00:10,  4.53it/s, Saved at =inf, TrLoss=0.7883]
 Training POISON-otc-s3-T8-k120:   4%|▍         | 2/50 [00:00<00:10,  4.53it/s, Saved at =inf, TrLoss=0.5931]
 Training POISON-otc-s3-T8-k120:   6%|▌         | 3/50 [00:00<00:10,  4.57it/s, Saved at =inf, TrLoss=0.5931]
 Training POISON-otc-s3-T8-k120:   6%|▌         | 3/50 [00:00<00:10,  4.57it/s, Saved at =inf, TrLoss=0.6201]
 Training POISON-otc-s3-T8-k120:   8%|▊         | 4/50 [00:00<00:10,  4.54it/s, Saved at =inf, TrLoss=0.6201]
 Training POISON-otc-s3-T8-k120:   8%|▊         | 4/50 [00:01<00:10,  4.54it/s, Saved at =inf, TrLoss=0.5223]
 Training POISON-otc-s3-T8-k120:  10%|█         | 5/50 [00:01<00:09,  4.54it/s, Saved at =inf, TrLoss=0.5223]
 Training POISON-otc-s3-T8-k120:  10%|█         | 5/50 [00:01<00:09,  4.54it/s, Saved at =inf, TrLoss=0.5201]
 Training POISON-otc-s3-T8-k120:  12%|█▏        | 6/50 [00:01<00:09,  4.42it/s, Saved at =inf, TrLoss=0.5201]
 Training POISON-otc-s3-T8-k120:  12%|█▏        | 6/50 [00:01<00:09,  4.42it/s, Saved at =inf, TrLoss=0.4676]
 Training POISON-otc-s3-T8-k120:  14%|█▍        | 7/50 [00:01<00:10,  4.13it/s, Saved at =inf, TrLoss=0.4676]
 Training POISON-otc-s3-T8-k120:  14%|█▍        | 7/50 [00:01<00:10,  4.13it/s, Saved at =inf, TrLoss=0.4183]
 Training POISON-otc-s3-T8-k120:  16%|█▌        | 8/50 [00:01<00:09,  4.27it/s, Saved at =inf, TrLoss=0.4183]
 Training POISON-otc-s3-T8-k120:  16%|█▌        | 8/50 [00:01<00:09,  4.27it/s, Saved at =inf, TrLoss=0.3953]
 Training POISON-otc-s3-T8-k120:  18%|█▊        | 9/50 [00:02<00:09,  4.35it/s, Saved at =inf, TrLoss=0.3953]
 Training POISON-otc-s3-T8-k120:  18%|█▊        | 9/50 [00:02<00:09,  4.35it/s, Saved at =inf, TrLoss=0.3583]
 Training POISON-otc-s3-T8-k120:  20%|██        | 10/50 [00:02<00:09,  4.41it/s, Saved at =inf, TrLoss=0.3583]
 Training POISON-otc-s3-T8-k120:  20%|██        | 10/50 [00:02<00:09,  4.41it/s, Saved at =inf, TrLoss=0.3597]
 Training POISON-otc-s3-T8-k120:  22%|██▏       | 11/50 [00:02<00:08,  4.39it/s, Saved at =inf, TrLoss=0.3597]
 Training POISON-otc-s3-T8-k120:  22%|██▏       | 11/50 [00:02<00:08,  4.39it/s, Saved at =inf, TrLoss=0.3844]
 Training POISON-otc-s3-T8-k120:  24%|██▍       | 12/50 [00:02<00:08,  4.43it/s, Saved at =inf, TrLoss=0.3844]
 Training POISON-otc-s3-T8-k120:  24%|██▍       | 12/50 [00:02<00:08,  4.43it/s, Saved at =inf, TrLoss=0.3254]
 Training POISON-otc-s3-T8-k120:  26%|██▌       | 13/50 [00:02<00:08,  4.54it/s, Saved at =inf, TrLoss=0.3254]
 Training POISON-otc-s3-T8-k120:  26%|██▌       | 13/50 [00:03<00:08,  4.54it/s, Saved at =inf, TrLoss=0.3315]
 Training POISON-otc-s3-T8-k120:  28%|██▊       | 14/50 [00:03<00:07,  4.52it/s, Saved at =inf, TrLoss=0.3315]
 Training POISON-otc-s3-T8-k120:  28%|██▊       | 14/50 [00:03<00:07,  4.52it/s, Saved at =inf, TrLoss=0.3002]
 Training POISON-otc-s3-T8-k120:  30%|███       | 15/50 [00:03<00:07,  4.53it/s, Saved at =inf, TrLoss=0.3002]
 Training POISON-otc-s3-T8-k120:  30%|███       | 15/50 [00:03<00:07,  4.53it/s, Saved at =inf, TrLoss=0.3187]
 Training POISON-otc-s3-T8-k120:  32%|███▏      | 16/50 [00:03<00:07,  4.50it/s, Saved at =inf, TrLoss=0.3187]
 Training POISON-otc-s3-T8-k120:  32%|███▏      | 16/50 [00:03<00:07,  4.50it/s, Saved at =inf, TrLoss=0.3005]
 Training POISON-otc-s3-T8-k120:  34%|███▍      | 17/50 [00:03<00:07,  4.49it/s, Saved at =inf, TrLoss=0.3005]
 Training POISON-otc-s3-T8-k120:  34%|███▍      | 17/50 [00:03<00:07,  4.49it/s, Saved at =inf, TrLoss=0.2967]
 Training POISON-otc-s3-T8-k120:  36%|███▌      | 18/50 [00:04<00:07,  4.55it/s, Saved at =inf, TrLoss=0.2967]
 Training POISON-otc-s3-T8-k120:  36%|███▌      | 18/50 [00:04<00:07,  4.55it/s, Saved at =inf, TrLoss=0.2981]
 Training POISON-otc-s3-T8-k120:  38%|███▊      | 19/50 [00:04<00:06,  4.60it/s, Saved at =inf, TrLoss=0.2981]
 Training POISON-otc-s3-T8-k120:  38%|███▊      | 19/50 [00:04<00:06,  4.60it/s, Saved at =inf, TrLoss=0.2758]
 Training POISON-otc-s3-T8-k120:  40%|████      | 20/50 [00:04<00:06,  4.59it/s, Saved at =inf, TrLoss=0.2758]
 Training POISON-otc-s3-T8-k120:  40%|████      | 20/50 [00:04<00:06,  4.59it/s, Saved at =inf, TrLoss=0.2897]
 Training POISON-otc-s3-T8-k120:  42%|████▏     | 21/50 [00:04<00:06,  4.56it/s, Saved at =inf, TrLoss=0.2897]
 Training POISON-otc-s3-T8-k120:  42%|████▏     | 21/50 [00:04<00:06,  4.56it/s, Saved at =inf, TrLoss=0.2735]
 Training POISON-otc-s3-T8-k120:  44%|████▍     | 22/50 [00:04<00:06,  4.56it/s, Saved at =inf, TrLoss=0.2735]
 Training POISON-otc-s3-T8-k120:  44%|████▍     | 22/50 [00:05<00:06,  4.56it/s, Saved at =inf, TrLoss=0.2692]
 Training POISON-otc-s3-T8-k120:  46%|████▌     | 23/50 [00:05<00:05,  4.54it/s, Saved at =inf, TrLoss=0.2692]
 Training POISON-otc-s3-T8-k120:  46%|████▌     | 23/50 [00:05<00:05,  4.54it/s, Saved at =inf, TrLoss=0.2661]
 Training POISON-otc-s3-T8-k120:  48%|████▊     | 24/50 [00:05<00:05,  4.59it/s, Saved at =inf, TrLoss=0.2661]
 Training POISON-otc-s3-T8-k120:  48%|████▊     | 24/50 [00:05<00:05,  4.59it/s, Saved at =inf, TrLoss=0.2556]
 Training POISON-otc-s3-T8-k120:  50%|█████     | 25/50 [00:05<00:05,  4.60it/s, Saved at =inf, TrLoss=0.2556]
 Training POISON-otc-s3-T8-k120:  50%|█████     | 25/50 [00:05<00:05,  4.60it/s, Saved at =inf, TrLoss=0.2596]
 Training POISON-otc-s3-T8-k120:  52%|█████▏    | 26/50 [00:05<00:05,  4.55it/s, Saved at =inf, TrLoss=0.2596]
 Training POISON-otc-s3-T8-k120:  52%|█████▏    | 26/50 [00:05<00:05,  4.55it/s, Saved at =inf, TrLoss=0.2501]
 Training POISON-otc-s3-T8-k120:  54%|█████▍    | 27/50 [00:06<00:05,  4.56it/s, Saved at =inf, TrLoss=0.2501]
 Training POISON-otc-s3-T8-k120:  54%|█████▍    | 27/50 [00:06<00:05,  4.56it/s, Saved at =inf, TrLoss=0.2503]
 Training POISON-otc-s3-T8-k120:  56%|█████▌    | 28/50 [00:06<00:04,  4.55it/s, Saved at =inf, TrLoss=0.2503]
 Training POISON-otc-s3-T8-k120:  56%|█████▌    | 28/50 [00:06<00:04,  4.55it/s, Saved at =inf, TrLoss=0.2485]
 Training POISON-otc-s3-T8-k120:  58%|█████▊    | 29/50 [00:06<00:04,  4.56it/s, Saved at =inf, TrLoss=0.2485]
 Training POISON-otc-s3-T8-k120:  58%|█████▊    | 29/50 [00:06<00:04,  4.56it/s, Saved at =inf, TrLoss=0.2426]
 Training POISON-otc-s3-T8-k120:  60%|██████    | 30/50 [00:06<00:04,  4.63it/s, Saved at =inf, TrLoss=0.2426]
 Training POISON-otc-s3-T8-k120:  60%|██████    | 30/50 [00:06<00:04,  4.63it/s, Saved at =inf, TrLoss=0.2471]
 Training POISON-otc-s3-T8-k120:  62%|██████▏   | 31/50 [00:06<00:04,  4.61it/s, Saved at =inf, TrLoss=0.2471]
 Training POISON-otc-s3-T8-k120:  62%|██████▏   | 31/50 [00:07<00:04,  4.61it/s, Saved at =inf, TrLoss=0.2334]
 Training POISON-otc-s3-T8-k120:  64%|██████▍   | 32/50 [00:07<00:03,  4.60it/s, Saved at =inf, TrLoss=0.2334]
 Training POISON-otc-s3-T8-k120:  64%|██████▍   | 32/50 [00:07<00:03,  4.60it/s, Saved at =inf, TrLoss=0.2356]
 Training POISON-otc-s3-T8-k120:  66%|██████▌   | 33/50 [00:07<00:03,  4.59it/s, Saved at =inf, TrLoss=0.2356]
 Training POISON-otc-s3-T8-k120:  66%|██████▌   | 33/50 [00:07<00:03,  4.59it/s, Saved at =inf, TrLoss=0.2289]
 Training POISON-otc-s3-T8-k120:  68%|██████▊   | 34/50 [00:07<00:03,  4.57it/s, Saved at =inf, TrLoss=0.2289]
 Training POISON-otc-s3-T8-k120:  68%|██████▊   | 34/50 [00:07<00:03,  4.57it/s, Saved at =inf, TrLoss=0.2385]
 Training POISON-otc-s3-T8-k120:  70%|███████   | 35/50 [00:07<00:03,  4.63it/s, Saved at =inf, TrLoss=0.2385]
 Training POISON-otc-s3-T8-k120:  70%|███████   | 35/50 [00:07<00:03,  4.63it/s, Saved at =inf, TrLoss=0.2278]
 Training POISON-otc-s3-T8-k120:  72%|███████▏  | 36/50 [00:07<00:03,  4.65it/s, Saved at =inf, TrLoss=0.2278]
 Training POISON-otc-s3-T8-k120:  72%|███████▏  | 36/50 [00:08<00:03,  4.65it/s, Saved at =inf, TrLoss=0.2251]
 Training POISON-otc-s3-T8-k120:  74%|███████▍  | 37/50 [00:08<00:02,  4.63it/s, Saved at =inf, TrLoss=0.2251]
 Training POISON-otc-s3-T8-k120:  74%|███████▍  | 37/50 [00:08<00:02,  4.63it/s, Saved at =inf, TrLoss=0.2216]
 Training POISON-otc-s3-T8-k120:  76%|███████▌  | 38/50 [00:08<00:02,  4.59it/s, Saved at =inf, TrLoss=0.2216]
 Training POISON-otc-s3-T8-k120:  76%|███████▌  | 38/50 [00:08<00:02,  4.59it/s, Saved at =inf, TrLoss=0.2218]
 Training POISON-otc-s3-T8-k120:  78%|███████▊  | 39/50 [00:08<00:02,  4.63it/s, Saved at =inf, TrLoss=0.2218]
 Training POISON-otc-s3-T8-k120:  78%|███████▊  | 39/50 [00:08<00:02,  4.63it/s, Saved at =inf, TrLoss=0.2205]
 Training POISON-otc-s3-T8-k120:  80%|████████  | 40/50 [00:08<00:02,  4.41it/s, Saved at =inf, TrLoss=0.2205]
 Training POISON-otc-s3-T8-k120:  80%|████████  | 40/50 [00:09<00:02,  4.41it/s, Saved at =inf, TrLoss=0.2157]
 Training POISON-otc-s3-T8-k120:  82%|████████▏ | 41/50 [00:09<00:02,  4.08it/s, Saved at =inf, TrLoss=0.2157]
 Training POISON-otc-s3-T8-k120:  82%|████████▏ | 41/50 [00:09<00:02,  4.08it/s, Saved at =inf, TrLoss=0.2169]
 Training POISON-otc-s3-T8-k120:  84%|████████▍ | 42/50 [00:09<00:01,  4.15it/s, Saved at =inf, TrLoss=0.2169]
 Training POISON-otc-s3-T8-k120:  84%|████████▍ | 42/50 [00:09<00:01,  4.15it/s, Saved at =inf, TrLoss=0.2176]
 Training POISON-otc-s3-T8-k120:  86%|████████▌ | 43/50 [00:09<00:01,  4.27it/s, Saved at =inf, TrLoss=0.2176]
 Training POISON-otc-s3-T8-k120:  86%|████████▌ | 43/50 [00:09<00:01,  4.27it/s, Saved at =inf, TrLoss=0.2136]
 Training POISON-otc-s3-T8-k120:  88%|████████▊ | 44/50 [00:09<00:01,  4.35it/s, Saved at =inf, TrLoss=0.2136]
 Training POISON-otc-s3-T8-k120:  88%|████████▊ | 44/50 [00:10<00:01,  4.35it/s, Saved at =inf, TrLoss=0.2063]
 Training POISON-otc-s3-T8-k120:  90%|█████████ | 45/50 [00:10<00:01,  4.26it/s, Saved at =inf, TrLoss=0.2063]
 Training POISON-otc-s3-T8-k120:  90%|█████████ | 45/50 [00:10<00:01,  4.26it/s, Saved at =inf, TrLoss=0.2092]
 Training POISON-otc-s3-T8-k120:  92%|█████████▏| 46/50 [00:10<00:00,  4.15it/s, Saved at =inf, TrLoss=0.2092]
 Training POISON-otc-s3-T8-k120:  92%|█████████▏| 46/50 [00:10<00:00,  4.15it/s, Saved at =inf, TrLoss=0.2069]
 Training POISON-otc-s3-T8-k120:  94%|█████████▍| 47/50 [00:10<00:00,  4.30it/s, Saved at =inf, TrLoss=0.2069]
 Training POISON-otc-s3-T8-k120:  94%|█████████▍| 47/50 [00:10<00:00,  4.30it/s, Saved at =inf, TrLoss=0.2009]
 Training POISON-otc-s3-T8-k120:  96%|█████████▌| 48/50 [00:10<00:00,  4.28it/s, Saved at =inf, TrLoss=0.2009]
 Training POISON-otc-s3-T8-k120:  96%|█████████▌| 48/50 [00:10<00:00,  4.28it/s, Saved at =inf, TrLoss=0.2097]
 Training POISON-otc-s3-T8-k120:  98%|█████████▊| 49/50 [00:10<00:00,  4.38it/s, Saved at =inf, TrLoss=0.2097]
 Training POISON-otc-s3-T8-k120:  98%|█████████▊| 49/50 [00:11<00:00,  4.38it/s, Saved at =inf, TrLoss=0.2036]
 Training POISON-otc-s3-T8-k120: 100%|██████████| 50/50 [00:11<00:00,  4.18it/s, Saved at =inf, TrLoss=0.2036]
 Training POISON-otc-s3-T8-k120: 100%|██████████| 50/50 [00:11<00:00,  4.45it/s, Saved at =inf, TrLoss=0.2036]
[16:09:03]     seed 3: eligible 24, flipped 19, mean dR -0.311

 Training POISON-otc-s4-T8-k0:   0%|          | 0/50 [00:00<?, ?it/s]
 Training POISON-otc-s4-T8-k0:   0%|          | 0/50 [00:00<?, ?it/s, Saved at =inf, TrLoss=0.7721]
 Training POISON-otc-s4-T8-k0:   2%|▏         | 1/50 [00:00<00:11,  4.20it/s, Saved at =inf, TrLoss=0.7721]
 Training POISON-otc-s4-T8-k0:   2%|▏         | 1/50 [00:00<00:11,  4.20it/s, Saved at =inf, TrLoss=0.6725]
 Training POISON-otc-s4-T8-k0:   4%|▍         | 2/50 [00:00<00:10,  4.40it/s, Saved at =inf, TrLoss=0.6725]
 Training POISON-otc-s4-T8-k0:   4%|▍         | 2/50 [00:00<00:10,  4.40it/s, Saved at =inf, TrLoss=0.6078]
 Training POISON-otc-s4-T8-k0:   6%|▌         | 3/50 [00:00<00:10,  4.56it/s, Saved at =inf, TrLoss=0.6078]
 Training POISON-otc-s4-T8-k0:   6%|▌         | 3/50 [00:00<00:10,  4.56it/s, Saved at =inf, TrLoss=0.5685]
 Training POISON-otc-s4-T8-k0:   8%|▊         | 4/50 [00:00<00:10,  4.57it/s, Saved at =inf, TrLoss=0.5685]
 Training POISON-otc-s4-T8-k0:   8%|▊         | 4/50 [00:01<00:10,  4.57it/s, Saved at =inf, TrLoss=0.5233]
 Training POISON-otc-s4-T8-k0:  10%|█         | 5/50 [00:01<00:09,  4.55it/s, Saved at =inf, TrLoss=0.5233]
 Training POISON-otc-s4-T8-k0:  10%|█         | 5/50 [00:01<00:09,  4.55it/s, Saved at =inf, TrLoss=0.4696]
 Training POISON-otc-s4-T8-k0:  12%|█▏        | 6/50 [00:01<00:09,  4.56it/s, Saved at =inf, TrLoss=0.4696]
 Training POISON-otc-s4-T8-k0:  12%|█▏        | 6/50 [00:01<00:09,  4.56it/s, Saved at =inf, TrLoss=0.4058]
 Training POISON-otc-s4-T8-k0:  14%|█▍        | 7/50 [00:01<00:09,  4.54it/s, Saved at =inf, TrLoss=0.4058]
 Training POISON-otc-s4-T8-k0:  14%|█▍        | 7/50 [00:01<00:09,  4.54it/s, Saved at =inf, TrLoss=0.3847]
 Training POISON-otc-s4-T8-k0:  16%|█▌        | 8/50 [00:01<00:09,  4.54it/s, Saved at =inf, TrLoss=0.3847]
 Training POISON-otc-s4-T8-k0:  16%|█▌        | 8/50 [00:01<00:09,  4.54it/s, Saved at =inf, TrLoss=0.4639]
 Training POISON-otc-s4-T8-k0:  18%|█▊        | 9/50 [00:01<00:08,  4.60it/s, Saved at =inf, TrLoss=0.4639]
 Training POISON-otc-s4-T8-k0:  18%|█▊        | 9/50 [00:02<00:08,  4.60it/s, Saved at =inf, TrLoss=0.4112]
 Training POISON-otc-s4-T8-k0:  20%|██        | 10/50 [00:02<00:08,  4.63it/s, Saved at =inf, TrLoss=0.4112]
 Training POISON-otc-s4-T8-k0:  20%|██        | 10/50 [00:02<00:08,  4.63it/s, Saved at =inf, TrLoss=0.3718]
 Training POISON-otc-s4-T8-k0:  22%|██▏       | 11/50 [00:02<00:08,  4.62it/s, Saved at =inf, TrLoss=0.3718]
 Training POISON-otc-s4-T8-k0:  22%|██▏       | 11/50 [00:02<00:08,  4.62it/s, Saved at =inf, TrLoss=0.3359]
 Training POISON-otc-s4-T8-k0:  24%|██▍       | 12/50 [00:02<00:08,  4.52it/s, Saved at =inf, TrLoss=0.3359]
 Training POISON-otc-s4-T8-k0:  24%|██▍       | 12/50 [00:02<00:08,  4.52it/s, Saved at =inf, TrLoss=0.3651]
 Training POISON-otc-s4-T8-k0:  26%|██▌       | 13/50 [00:02<00:08,  4.53it/s, Saved at =inf, TrLoss=0.3651]
 Training POISON-otc-s4-T8-k0:  26%|██▌       | 13/50 [00:03<00:08,  4.53it/s, Saved at =inf, TrLoss=0.3271]
 Training POISON-otc-s4-T8-k0:  28%|██▊       | 14/50 [00:03<00:07,  4.54it/s, Saved at =inf, TrLoss=0.3271]
 Training POISON-otc-s4-T8-k0:  28%|██▊       | 14/50 [00:03<00:07,  4.54it/s, Saved at =inf, TrLoss=0.3229]
 Training POISON-otc-s4-T8-k0:  30%|███       | 15/50 [00:03<00:07,  4.59it/s, Saved at =inf, TrLoss=0.3229]
 Training POISON-otc-s4-T8-k0:  30%|███       | 15/50 [00:03<00:07,  4.59it/s, Saved at =inf, TrLoss=0.3420]
 Training POISON-otc-s4-T8-k0:  32%|███▏      | 16/50 [00:03<00:07,  4.61it/s, Saved at =inf, TrLoss=0.3420]
 Training POISON-otc-s4-T8-k0:  32%|███▏      | 16/50 [00:03<00:07,  4.61it/s, Saved at =inf, TrLoss=0.3193]
 Training POISON-otc-s4-T8-k0:  34%|███▍      | 17/50 [00:03<00:07,  4.58it/s, Saved at =inf, TrLoss=0.3193]
 Training POISON-otc-s4-T8-k0:  34%|███▍      | 17/50 [00:03<00:07,  4.58it/s, Saved at =inf, TrLoss=0.3029]
 Training POISON-otc-s4-T8-k0:  36%|███▌      | 18/50 [00:03<00:07,  4.56it/s, Saved at =inf, TrLoss=0.3029]
 Training POISON-otc-s4-T8-k0:  36%|███▌      | 18/50 [00:04<00:07,  4.56it/s, Saved at =inf, TrLoss=0.3042]
 Training POISON-otc-s4-T8-k0:  38%|███▊      | 19/50 [00:04<00:07,  4.12it/s, Saved at =inf, TrLoss=0.3042]
 Training POISON-otc-s4-T8-k0:  38%|███▊      | 19/50 [00:04<00:07,  4.12it/s, Saved at =inf, TrLoss=0.3038]
 Training POISON-otc-s4-T8-k0:  40%|████      | 20/50 [00:04<00:06,  4.29it/s, Saved at =inf, TrLoss=0.3038]
 Training POISON-otc-s4-T8-k0:  40%|████      | 20/50 [00:04<00:06,  4.29it/s, Saved at =inf, TrLoss=0.2886]
 Training POISON-otc-s4-T8-k0:  42%|████▏     | 21/50 [00:04<00:06,  4.38it/s, Saved at =inf, TrLoss=0.2886]
 Training POISON-otc-s4-T8-k0:  42%|████▏     | 21/50 [00:04<00:06,  4.38it/s, Saved at =inf, TrLoss=0.2878]
 Training POISON-otc-s4-T8-k0:  44%|████▍     | 22/50 [00:04<00:06,  4.42it/s, Saved at =inf, TrLoss=0.2878]
 Training POISON-otc-s4-T8-k0:  44%|████▍     | 22/50 [00:05<00:06,  4.42it/s, Saved at =inf, TrLoss=0.2856]
 Training POISON-otc-s4-T8-k0:  46%|████▌     | 23/50 [00:05<00:06,  4.44it/s, Saved at =inf, TrLoss=0.2856]
 Training POISON-otc-s4-T8-k0:  46%|████▌     | 23/50 [00:05<00:06,  4.44it/s, Saved at =inf, TrLoss=0.2718]
 Training POISON-otc-s4-T8-k0:  48%|████▊     | 24/50 [00:05<00:06,  4.25it/s, Saved at =inf, TrLoss=0.2718]
 Training POISON-otc-s4-T8-k0:  48%|████▊     | 24/50 [00:05<00:06,  4.25it/s, Saved at =inf, TrLoss=0.2781]
 Training POISON-otc-s4-T8-k0:  50%|█████     | 25/50 [00:05<00:05,  4.37it/s, Saved at =inf, TrLoss=0.2781]
 Training POISON-otc-s4-T8-k0:  50%|█████     | 25/50 [00:05<00:05,  4.37it/s, Saved at =inf, TrLoss=0.2713]
 Training POISON-otc-s4-T8-k0:  52%|█████▏    | 26/50 [00:05<00:05,  4.43it/s, Saved at =inf, TrLoss=0.2713]
 Training POISON-otc-s4-T8-k0:  52%|█████▏    | 26/50 [00:05<00:05,  4.43it/s, Saved at =inf, TrLoss=0.2623]
 Training POISON-otc-s4-T8-k0:  54%|█████▍    | 27/50 [00:06<00:05,  4.45it/s, Saved at =inf, TrLoss=0.2623]
 Training POISON-otc-s4-T8-k0:  54%|█████▍    | 27/50 [00:06<00:05,  4.45it/s, Saved at =inf, TrLoss=0.2661]
 Training POISON-otc-s4-T8-k0:  56%|█████▌    | 28/50 [00:06<00:04,  4.46it/s, Saved at =inf, TrLoss=0.2661]
 Training POISON-otc-s4-T8-k0:  56%|█████▌    | 28/50 [00:06<00:04,  4.46it/s, Saved at =inf, TrLoss=0.2550]
 Training POISON-otc-s4-T8-k0:  58%|█████▊    | 29/50 [00:06<00:04,  4.47it/s, Saved at =inf, TrLoss=0.2550]
 Training POISON-otc-s4-T8-k0:  58%|█████▊    | 29/50 [00:06<00:04,  4.47it/s, Saved at =inf, TrLoss=0.2561]
 Training POISON-otc-s4-T8-k0:  60%|██████    | 30/50 [00:06<00:04,  4.49it/s, Saved at =inf, TrLoss=0.2561]
 Training POISON-otc-s4-T8-k0:  60%|██████    | 30/50 [00:06<00:04,  4.49it/s, Saved at =inf, TrLoss=0.2517]
 Training POISON-otc-s4-T8-k0:  62%|██████▏   | 31/50 [00:06<00:04,  4.57it/s, Saved at =inf, TrLoss=0.2517]
 Training POISON-otc-s4-T8-k0:  62%|██████▏   | 31/50 [00:07<00:04,  4.57it/s, Saved at =inf, TrLoss=0.2427]
 Training POISON-otc-s4-T8-k0:  64%|██████▍   | 32/50 [00:07<00:03,  4.58it/s, Saved at =inf, TrLoss=0.2427]
 Training POISON-otc-s4-T8-k0:  64%|██████▍   | 32/50 [00:07<00:03,  4.58it/s, Saved at =inf, TrLoss=0.2514]
 Training POISON-otc-s4-T8-k0:  66%|██████▌   | 33/50 [00:07<00:03,  4.56it/s, Saved at =inf, TrLoss=0.2514]
 Training POISON-otc-s4-T8-k0:  66%|██████▌   | 33/50 [00:07<00:03,  4.56it/s, Saved at =inf, TrLoss=0.2428]
 Training POISON-otc-s4-T8-k0:  68%|██████▊   | 34/50 [00:07<00:03,  4.56it/s, Saved at =inf, TrLoss=0.2428]
 Training POISON-otc-s4-T8-k0:  68%|██████▊   | 34/50 [00:07<00:03,  4.56it/s, Saved at =inf, TrLoss=0.2393]
 Training POISON-otc-s4-T8-k0:  70%|███████   | 35/50 [00:07<00:03,  4.55it/s, Saved at =inf, TrLoss=0.2393]
 Training POISON-otc-s4-T8-k0:  70%|███████   | 35/50 [00:07<00:03,  4.55it/s, Saved at =inf, TrLoss=0.2320]
 Training POISON-otc-s4-T8-k0:  72%|███████▏  | 36/50 [00:08<00:03,  4.57it/s, Saved at =inf, TrLoss=0.2320]
 Training POISON-otc-s4-T8-k0:  72%|███████▏  | 36/50 [00:08<00:03,  4.57it/s, Saved at =inf, TrLoss=0.2323]
 Training POISON-otc-s4-T8-k0:  74%|███████▍  | 37/50 [00:08<00:02,  4.49it/s, Saved at =inf, TrLoss=0.2323]
 Training POISON-otc-s4-T8-k0:  74%|███████▍  | 37/50 [00:08<00:02,  4.49it/s, Saved at =inf, TrLoss=0.2365]
 Training POISON-otc-s4-T8-k0:  76%|███████▌  | 38/50 [00:08<00:02,  4.19it/s, Saved at =inf, TrLoss=0.2365]
 Training POISON-otc-s4-T8-k0:  76%|███████▌  | 38/50 [00:08<00:02,  4.19it/s, Saved at =inf, TrLoss=0.2358]
 Training POISON-otc-s4-T8-k0:  78%|███████▊  | 39/50 [00:08<00:02,  4.04it/s, Saved at =inf, TrLoss=0.2358]
 Training POISON-otc-s4-T8-k0:  78%|███████▊  | 39/50 [00:08<00:02,  4.04it/s, Saved at =inf, TrLoss=0.2349]
 Training POISON-otc-s4-T8-k0:  80%|████████  | 40/50 [00:09<00:02,  4.16it/s, Saved at =inf, TrLoss=0.2349]
 Training POISON-otc-s4-T8-k0:  80%|████████  | 40/50 [00:09<00:02,  4.16it/s, Saved at =inf, TrLoss=0.2293]
 Training POISON-otc-s4-T8-k0:  82%|████████▏ | 41/50 [00:09<00:02,  4.27it/s, Saved at =inf, TrLoss=0.2293]
 Training POISON-otc-s4-T8-k0:  82%|████████▏ | 41/50 [00:09<00:02,  4.27it/s, Saved at =inf, TrLoss=0.2290]
 Training POISON-otc-s4-T8-k0:  84%|████████▍ | 42/50 [00:09<00:01,  4.37it/s, Saved at =inf, TrLoss=0.2290]
 Training POISON-otc-s4-T8-k0:  84%|████████▍ | 42/50 [00:09<00:01,  4.37it/s, Saved at =inf, TrLoss=0.2285]
 Training POISON-otc-s4-T8-k0:  86%|████████▌ | 43/50 [00:09<00:01,  4.48it/s, Saved at =inf, TrLoss=0.2285]
 Training POISON-otc-s4-T8-k0:  86%|████████▌ | 43/50 [00:09<00:01,  4.48it/s, Saved at =inf, TrLoss=0.2237]
 Training POISON-otc-s4-T8-k0:  88%|████████▊ | 44/50 [00:09<00:01,  4.52it/s, Saved at =inf, TrLoss=0.2237]
 Training POISON-otc-s4-T8-k0:  88%|████████▊ | 44/50 [00:10<00:01,  4.52it/s, Saved at =inf, TrLoss=0.2206]
 Training POISON-otc-s4-T8-k0:  90%|█████████ | 45/50 [00:10<00:01,  4.54it/s, Saved at =inf, TrLoss=0.2206]
 Training POISON-otc-s4-T8-k0:  90%|█████████ | 45/50 [00:10<00:01,  4.54it/s, Saved at =inf, TrLoss=0.2207]
 Training POISON-otc-s4-T8-k0:  92%|█████████▏| 46/50 [00:10<00:00,  4.17it/s, Saved at =inf, TrLoss=0.2207]
 Training POISON-otc-s4-T8-k0:  92%|█████████▏| 46/50 [00:10<00:00,  4.17it/s, Saved at =inf, TrLoss=0.2185]
 Training POISON-otc-s4-T8-k0:  94%|█████████▍| 47/50 [00:10<00:00,  4.15it/s, Saved at =inf, TrLoss=0.2185]
 Training POISON-otc-s4-T8-k0:  94%|█████████▍| 47/50 [00:10<00:00,  4.15it/s, Saved at =inf, TrLoss=0.2149]
 Training POISON-otc-s4-T8-k0:  96%|█████████▌| 48/50 [00:10<00:00,  4.30it/s, Saved at =inf, TrLoss=0.2149]
 Training POISON-otc-s4-T8-k0:  96%|█████████▌| 48/50 [00:10<00:00,  4.30it/s, Saved at =inf, TrLoss=0.2135]
 Training POISON-otc-s4-T8-k0:  98%|█████████▊| 49/50 [00:11<00:00,  4.38it/s, Saved at =inf, TrLoss=0.2135]
 Training POISON-otc-s4-T8-k0:  98%|█████████▊| 49/50 [00:11<00:00,  4.38it/s, Saved at =inf, TrLoss=0.2140]
 Training POISON-otc-s4-T8-k0: 100%|██████████| 50/50 [00:11<00:00,  4.42it/s, Saved at =inf, TrLoss=0.2140]
 Training POISON-otc-s4-T8-k0: 100%|██████████| 50/50 [00:11<00:00,  4.44it/s, Saved at =inf, TrLoss=0.2140]

 Training POISON-otc-s4-T8-k120:   0%|          | 0/50 [00:00<?, ?it/s]
 Training POISON-otc-s4-T8-k120:   0%|          | 0/50 [00:00<?, ?it/s, Saved at =inf, TrLoss=0.7865]
 Training POISON-otc-s4-T8-k120:   2%|▏         | 1/50 [00:00<00:11,  4.18it/s, Saved at =inf, TrLoss=0.7865]
 Training POISON-otc-s4-T8-k120:   2%|▏         | 1/50 [00:00<00:11,  4.18it/s, Saved at =inf, TrLoss=0.6745]
 Training POISON-otc-s4-T8-k120:   4%|▍         | 2/50 [00:00<00:12,  3.88it/s, Saved at =inf, TrLoss=0.6745]
 Training POISON-otc-s4-T8-k120:   4%|▍         | 2/50 [00:00<00:12,  3.88it/s, Saved at =inf, TrLoss=0.6062]
 Training POISON-otc-s4-T8-k120:   6%|▌         | 3/50 [00:00<00:11,  4.19it/s, Saved at =inf, TrLoss=0.6062]
 Training POISON-otc-s4-T8-k120:   6%|▌         | 3/50 [00:00<00:11,  4.19it/s, Saved at =inf, TrLoss=0.5729]
 Training POISON-otc-s4-T8-k120:   8%|▊         | 4/50 [00:00<00:10,  4.42it/s, Saved at =inf, TrLoss=0.5729]
 Training POISON-otc-s4-T8-k120:   8%|▊         | 4/50 [00:01<00:10,  4.42it/s, Saved at =inf, TrLoss=0.5309]
 Training POISON-otc-s4-T8-k120:  10%|█         | 5/50 [00:01<00:10,  4.48it/s, Saved at =inf, TrLoss=0.5309]
 Training POISON-otc-s4-T8-k120:  10%|█         | 5/50 [00:01<00:10,  4.48it/s, Saved at =inf, TrLoss=0.4786]
 Training POISON-otc-s4-T8-k120:  12%|█▏        | 6/50 [00:01<00:09,  4.50it/s, Saved at =inf, TrLoss=0.4786]
 Training POISON-otc-s4-T8-k120:  12%|█▏        | 6/50 [00:01<00:09,  4.50it/s, Saved at =inf, TrLoss=0.4225]
 Training POISON-otc-s4-T8-k120:  14%|█▍        | 7/50 [00:01<00:09,  4.52it/s, Saved at =inf, TrLoss=0.4225]
 Training POISON-otc-s4-T8-k120:  14%|█▍        | 7/50 [00:01<00:09,  4.52it/s, Saved at =inf, TrLoss=0.4101]
 Training POISON-otc-s4-T8-k120:  16%|█▌        | 8/50 [00:01<00:09,  4.51it/s, Saved at =inf, TrLoss=0.4101]
 Training POISON-otc-s4-T8-k120:  16%|█▌        | 8/50 [00:01<00:09,  4.51it/s, Saved at =inf, TrLoss=0.4969]
 Training POISON-otc-s4-T8-k120:  18%|█▊        | 9/50 [00:02<00:08,  4.61it/s, Saved at =inf, TrLoss=0.4969]
 Training POISON-otc-s4-T8-k120:  18%|█▊        | 9/50 [00:02<00:08,  4.61it/s, Saved at =inf, TrLoss=0.4090]
 Training POISON-otc-s4-T8-k120:  20%|██        | 10/50 [00:02<00:08,  4.62it/s, Saved at =inf, TrLoss=0.4090]
 Training POISON-otc-s4-T8-k120:  20%|██        | 10/50 [00:02<00:08,  4.62it/s, Saved at =inf, TrLoss=0.3974]
 Training POISON-otc-s4-T8-k120:  22%|██▏       | 11/50 [00:02<00:08,  4.60it/s, Saved at =inf, TrLoss=0.3974]
 Training POISON-otc-s4-T8-k120:  22%|██▏       | 11/50 [00:02<00:08,  4.60it/s, Saved at =inf, TrLoss=0.3219]
 Training POISON-otc-s4-T8-k120:  24%|██▍       | 12/50 [00:02<00:08,  4.59it/s, Saved at =inf, TrLoss=0.3219]
 Training POISON-otc-s4-T8-k120:  24%|██▍       | 12/50 [00:02<00:08,  4.59it/s, Saved at =inf, TrLoss=0.3708]
 Training POISON-otc-s4-T8-k120:  26%|██▌       | 13/50 [00:02<00:08,  4.56it/s, Saved at =inf, TrLoss=0.3708]
 Training POISON-otc-s4-T8-k120:  26%|██▌       | 13/50 [00:03<00:08,  4.56it/s, Saved at =inf, TrLoss=0.3342]
 Training POISON-otc-s4-T8-k120:  28%|██▊       | 14/50 [00:03<00:07,  4.61it/s, Saved at =inf, TrLoss=0.3342]
 Training POISON-otc-s4-T8-k120:  28%|██▊       | 14/50 [00:03<00:07,  4.61it/s, Saved at =inf, TrLoss=0.3143]
 Training POISON-otc-s4-T8-k120:  30%|███       | 15/50 [00:03<00:07,  4.52it/s, Saved at =inf, TrLoss=0.3143]
 Training POISON-otc-s4-T8-k120:  30%|███       | 15/50 [00:03<00:07,  4.52it/s, Saved at =inf, TrLoss=0.3403]
 Training POISON-otc-s4-T8-k120:  32%|███▏      | 16/50 [00:03<00:08,  4.09it/s, Saved at =inf, TrLoss=0.3403]
 Training POISON-otc-s4-T8-k120:  32%|███▏      | 16/50 [00:03<00:08,  4.09it/s, Saved at =inf, TrLoss=0.3308]
 Training POISON-otc-s4-T8-k120:  34%|███▍      | 17/50 [00:03<00:07,  4.22it/s, Saved at =inf, TrLoss=0.3308]
 Training POISON-otc-s4-T8-k120:  34%|███▍      | 17/50 [00:04<00:07,  4.22it/s, Saved at =inf, TrLoss=0.3030]
 Training POISON-otc-s4-T8-k120:  36%|███▌      | 18/50 [00:04<00:07,  4.31it/s, Saved at =inf, TrLoss=0.3030]
 Training POISON-otc-s4-T8-k120:  36%|███▌      | 18/50 [00:04<00:07,  4.31it/s, Saved at =inf, TrLoss=0.2985]
 Training POISON-otc-s4-T8-k120:  38%|███▊      | 19/50 [00:04<00:06,  4.44it/s, Saved at =inf, TrLoss=0.2985]
 Training POISON-otc-s4-T8-k120:  38%|███▊      | 19/50 [00:04<00:06,  4.44it/s, Saved at =inf, TrLoss=0.3116]
 Training POISON-otc-s4-T8-k120:  40%|████      | 20/50 [00:04<00:06,  4.53it/s, Saved at =inf, TrLoss=0.3116]
 Training POISON-otc-s4-T8-k120:  40%|████      | 20/50 [00:04<00:06,  4.53it/s, Saved at =inf, TrLoss=0.2890]
 Training POISON-otc-s4-T8-k120:  42%|████▏     | 21/50 [00:04<00:06,  4.53it/s, Saved at =inf, TrLoss=0.2890]
 Training POISON-otc-s4-T8-k120:  42%|████▏     | 21/50 [00:04<00:06,  4.53it/s, Saved at =inf, TrLoss=0.2823]
 Training POISON-otc-s4-T8-k120:  44%|████▍     | 22/50 [00:04<00:06,  4.54it/s, Saved at =inf, TrLoss=0.2823]
 Training POISON-otc-s4-T8-k120:  44%|████▍     | 22/50 [00:05<00:06,  4.54it/s, Saved at =inf, TrLoss=0.2905]
 Training POISON-otc-s4-T8-k120:  46%|████▌     | 23/50 [00:05<00:05,  4.54it/s, Saved at =inf, TrLoss=0.2905]
 Training POISON-otc-s4-T8-k120:  46%|████▌     | 23/50 [00:05<00:05,  4.54it/s, Saved at =inf, TrLoss=0.2772]
 Training POISON-otc-s4-T8-k120:  48%|████▊     | 24/50 [00:05<00:05,  4.56it/s, Saved at =inf, TrLoss=0.2772]
 Training POISON-otc-s4-T8-k120:  48%|████▊     | 24/50 [00:05<00:05,  4.56it/s, Saved at =inf, TrLoss=0.2676]
 Training POISON-otc-s4-T8-k120:  50%|█████     | 25/50 [00:05<00:05,  4.64it/s, Saved at =inf, TrLoss=0.2676]
 Training POISON-otc-s4-T8-k120:  50%|█████     | 25/50 [00:05<00:05,  4.64it/s, Saved at =inf, TrLoss=0.2756]
 Training POISON-otc-s4-T8-k120:  52%|█████▏    | 26/50 [00:05<00:05,  4.63it/s, Saved at =inf, TrLoss=0.2756]
 Training POISON-otc-s4-T8-k120:  52%|█████▏    | 26/50 [00:05<00:05,  4.63it/s, Saved at =inf, TrLoss=0.2669]
 Training POISON-otc-s4-T8-k120:  54%|█████▍    | 27/50 [00:06<00:04,  4.61it/s, Saved at =inf, TrLoss=0.2669]
 Training POISON-otc-s4-T8-k120:  54%|█████▍    | 27/50 [00:06<00:04,  4.61it/s, Saved at =inf, TrLoss=0.2571]
 Training POISON-otc-s4-T8-k120:  56%|█████▌    | 28/50 [00:06<00:04,  4.59it/s, Saved at =inf, TrLoss=0.2571]
 Training POISON-otc-s4-T8-k120:  56%|█████▌    | 28/50 [00:06<00:04,  4.59it/s, Saved at =inf, TrLoss=0.2637]
 Training POISON-otc-s4-T8-k120:  58%|█████▊    | 29/50 [00:06<00:04,  4.57it/s, Saved at =inf, TrLoss=0.2637]
 Training POISON-otc-s4-T8-k120:  58%|█████▊    | 29/50 [00:06<00:04,  4.57it/s, Saved at =inf, TrLoss=0.2538]
 Training POISON-otc-s4-T8-k120:  60%|██████    | 30/50 [00:06<00:04,  4.60it/s, Saved at =inf, TrLoss=0.2538]
 Training POISON-otc-s4-T8-k120:  60%|██████    | 30/50 [00:06<00:04,  4.60it/s, Saved at =inf, TrLoss=0.2470]
 Training POISON-otc-s4-T8-k120:  62%|██████▏   | 31/50 [00:06<00:04,  4.46it/s, Saved at =inf, TrLoss=0.2470]
 Training POISON-otc-s4-T8-k120:  62%|██████▏   | 31/50 [00:07<00:04,  4.46it/s, Saved at =inf, TrLoss=0.2506]
 Training POISON-otc-s4-T8-k120:  64%|██████▍   | 32/50 [00:07<00:04,  4.48it/s, Saved at =inf, TrLoss=0.2506]
 Training POISON-otc-s4-T8-k120:  64%|██████▍   | 32/50 [00:07<00:04,  4.48it/s, Saved at =inf, TrLoss=0.2449]
 Training POISON-otc-s4-T8-k120:  66%|██████▌   | 33/50 [00:07<00:03,  4.50it/s, Saved at =inf, TrLoss=0.2449]
 Training POISON-otc-s4-T8-k120:  66%|██████▌   | 33/50 [00:07<00:03,  4.50it/s, Saved at =inf, TrLoss=0.2442]
 Training POISON-otc-s4-T8-k120:  68%|██████▊   | 34/50 [00:07<00:03,  4.50it/s, Saved at =inf, TrLoss=0.2442]
 Training POISON-otc-s4-T8-k120:  68%|██████▊   | 34/50 [00:07<00:03,  4.50it/s, Saved at =inf, TrLoss=0.2448]
 Training POISON-otc-s4-T8-k120:  70%|███████   | 35/50 [00:07<00:03,  4.53it/s, Saved at =inf, TrLoss=0.2448]
 Training POISON-otc-s4-T8-k120:  70%|███████   | 35/50 [00:07<00:03,  4.53it/s, Saved at =inf, TrLoss=0.2296]
 Training POISON-otc-s4-T8-k120:  72%|███████▏  | 36/50 [00:08<00:03,  4.42it/s, Saved at =inf, TrLoss=0.2296]
 Training POISON-otc-s4-T8-k120:  72%|███████▏  | 36/50 [00:08<00:03,  4.42it/s, Saved at =inf, TrLoss=0.2429]
 Training POISON-otc-s4-T8-k120:  74%|███████▍  | 37/50 [00:08<00:03,  4.13it/s, Saved at =inf, TrLoss=0.2429]
 Training POISON-otc-s4-T8-k120:  74%|███████▍  | 37/50 [00:08<00:03,  4.13it/s, Saved at =inf, TrLoss=0.2383]
 Training POISON-otc-s4-T8-k120:  76%|███████▌  | 38/50 [00:08<00:02,  4.21it/s, Saved at =inf, TrLoss=0.2383]
 Training POISON-otc-s4-T8-k120:  76%|███████▌  | 38/50 [00:08<00:02,  4.21it/s, Saved at =inf, TrLoss=0.2406]
 Training POISON-otc-s4-T8-k120:  78%|███████▊  | 39/50 [00:08<00:02,  4.30it/s, Saved at =inf, TrLoss=0.2406]
 Training POISON-otc-s4-T8-k120:  78%|███████▊  | 39/50 [00:08<00:02,  4.30it/s, Saved at =inf, TrLoss=0.2382]
 Training POISON-otc-s4-T8-k120:  80%|████████  | 40/50 [00:08<00:02,  4.39it/s, Saved at =inf, TrLoss=0.2382]
 Training POISON-otc-s4-T8-k120:  80%|████████  | 40/50 [00:09<00:02,  4.39it/s, Saved at =inf, TrLoss=0.2284]
 Training POISON-otc-s4-T8-k120:  82%|████████▏ | 41/50 [00:09<00:01,  4.51it/s, Saved at =inf, TrLoss=0.2284]
 Training POISON-otc-s4-T8-k120:  82%|████████▏ | 41/50 [00:09<00:01,  4.51it/s, Saved at =inf, TrLoss=0.2295]
 Training POISON-otc-s4-T8-k120:  84%|████████▍ | 42/50 [00:09<00:01,  4.53it/s, Saved at =inf, TrLoss=0.2295]
 Training POISON-otc-s4-T8-k120:  84%|████████▍ | 42/50 [00:09<00:01,  4.53it/s, Saved at =inf, TrLoss=0.2305]
 Training POISON-otc-s4-T8-k120:  86%|████████▌ | 43/50 [00:09<00:01,  4.56it/s, Saved at =inf, TrLoss=0.2305]
 Training POISON-otc-s4-T8-k120:  86%|████████▌ | 43/50 [00:09<00:01,  4.56it/s, Saved at =inf, TrLoss=0.2271]
 Training POISON-otc-s4-T8-k120:  88%|████████▊ | 44/50 [00:09<00:01,  4.54it/s, Saved at =inf, TrLoss=0.2271]
 Training POISON-otc-s4-T8-k120:  88%|████████▊ | 44/50 [00:10<00:01,  4.54it/s, Saved at =inf, TrLoss=0.2260]
 Training POISON-otc-s4-T8-k120:  90%|█████████ | 45/50 [00:10<00:01,  4.54it/s, Saved at =inf, TrLoss=0.2260]
 Training POISON-otc-s4-T8-k120:  90%|█████████ | 45/50 [00:10<00:01,  4.54it/s, Saved at =inf, TrLoss=0.2215]
 Training POISON-otc-s4-T8-k120:  92%|█████████▏| 46/50 [00:10<00:00,  4.57it/s, Saved at =inf, TrLoss=0.2215]
 Training POISON-otc-s4-T8-k120:  92%|█████████▏| 46/50 [00:10<00:00,  4.57it/s, Saved at =inf, TrLoss=0.2242]
 Training POISON-otc-s4-T8-k120:  94%|█████████▍| 47/50 [00:10<00:00,  4.63it/s, Saved at =inf, TrLoss=0.2242]
 Training POISON-otc-s4-T8-k120:  94%|█████████▍| 47/50 [00:10<00:00,  4.63it/s, Saved at =inf, TrLoss=0.2164]
 Training POISON-otc-s4-T8-k120:  96%|█████████▌| 48/50 [00:10<00:00,  4.61it/s, Saved at =inf, TrLoss=0.2164]
 Training POISON-otc-s4-T8-k120:  96%|█████████▌| 48/50 [00:10<00:00,  4.61it/s, Saved at =inf, TrLoss=0.2194]
 Training POISON-otc-s4-T8-k120:  98%|█████████▊| 49/50 [00:10<00:00,  4.60it/s, Saved at =inf, TrLoss=0.2194]
 Training POISON-otc-s4-T8-k120:  98%|█████████▊| 49/50 [00:11<00:00,  4.60it/s, Saved at =inf, TrLoss=0.2170]
 Training POISON-otc-s4-T8-k120: 100%|██████████| 50/50 [00:11<00:00,  4.45it/s, Saved at =inf, TrLoss=0.2170]
 Training POISON-otc-s4-T8-k120: 100%|██████████| 50/50 [00:11<00:00,  4.48it/s, Saved at =inf, TrLoss=0.2170]
[16:09:28]     seed 4: eligible 22, flipped 22, mean dR -0.289
[16:09:28]     causal-retrain T=8: pooled flip=70.2% CI(0.609, 0.784) over 114 victim-model pairs; per-seed 70.2±19.5; mean dR=-0.2109
[16:09:28] 
  CAUSAL RETRAIN (T=8, attack in new snapshot s7) — alpha

 Training POISON-alpha-s42-T8-k0:   0%|          | 0/50 [00:00<?, ?it/s]
 Training POISON-alpha-s42-T8-k0:   0%|          | 0/50 [00:00<?, ?it/s, Saved at =inf, TrLoss=0.7237]
 Training POISON-alpha-s42-T8-k0:   2%|▏         | 1/50 [00:00<00:12,  3.78it/s, Saved at =inf, TrLoss=0.7237]
 Training POISON-alpha-s42-T8-k0:   2%|▏         | 1/50 [00:00<00:12,  3.78it/s, Saved at =inf, TrLoss=0.7649]
 Training POISON-alpha-s42-T8-k0:   4%|▍         | 2/50 [00:00<00:12,  3.85it/s, Saved at =inf, TrLoss=0.7649]
 Training POISON-alpha-s42-T8-k0:   4%|▍         | 2/50 [00:00<00:12,  3.85it/s, Saved at =inf, TrLoss=0.6172]
 Training POISON-alpha-s42-T8-k0:   6%|▌         | 3/50 [00:00<00:10,  4.50it/s, Saved at =inf, TrLoss=0.6172]
 Training POISON-alpha-s42-T8-k0:   6%|▌         | 3/50 [00:00<00:10,  4.50it/s, Saved at =inf, TrLoss=0.6067]
 Training POISON-alpha-s42-T8-k0:   8%|▊         | 4/50 [00:00<00:09,  5.00it/s, Saved at =inf, TrLoss=0.6067]
 Training POISON-alpha-s42-T8-k0:   8%|▊         | 4/50 [00:00<00:09,  5.00it/s, Saved at =inf, TrLoss=0.5526]
 Training POISON-alpha-s42-T8-k0:  10%|█         | 5/50 [00:01<00:08,  5.40it/s, Saved at =inf, TrLoss=0.5526]
 Training POISON-alpha-s42-T8-k0:  10%|█         | 5/50 [00:01<00:08,  5.40it/s, Saved at =inf, TrLoss=0.5279]
 Training POISON-alpha-s42-T8-k0:  12%|█▏        | 6/50 [00:01<00:07,  5.67it/s, Saved at =inf, TrLoss=0.5279]
 Training POISON-alpha-s42-T8-k0:  12%|█▏        | 6/50 [00:01<00:07,  5.67it/s, Saved at =inf, TrLoss=0.5035]
 Training POISON-alpha-s42-T8-k0:  14%|█▍        | 7/50 [00:01<00:07,  5.77it/s, Saved at =inf, TrLoss=0.5035]
 Training POISON-alpha-s42-T8-k0:  14%|█▍        | 7/50 [00:01<00:07,  5.77it/s, Saved at =inf, TrLoss=0.4742]
 Training POISON-alpha-s42-T8-k0:  16%|█▌        | 8/50 [00:01<00:07,  5.84it/s, Saved at =inf, TrLoss=0.4742]
 Training POISON-alpha-s42-T8-k0:  16%|█▌        | 8/50 [00:01<00:07,  5.84it/s, Saved at =inf, TrLoss=0.4413]
 Training POISON-alpha-s42-T8-k0:  18%|█▊        | 9/50 [00:01<00:06,  5.89it/s, Saved at =inf, TrLoss=0.4413]
 Training POISON-alpha-s42-T8-k0:  18%|█▊        | 9/50 [00:01<00:06,  5.89it/s, Saved at =inf, TrLoss=0.3995]
 Training POISON-alpha-s42-T8-k0:  20%|██        | 10/50 [00:01<00:06,  5.94it/s, Saved at =inf, TrLoss=0.3995]
 Training POISON-alpha-s42-T8-k0:  20%|██        | 10/50 [00:01<00:06,  5.94it/s, Saved at =inf, TrLoss=0.3729]
 Training POISON-alpha-s42-T8-k0:  22%|██▏       | 11/50 [00:02<00:06,  6.02it/s, Saved at =inf, TrLoss=0.3729]
 Training POISON-alpha-s42-T8-k0:  22%|██▏       | 11/50 [00:02<00:06,  6.02it/s, Saved at =inf, TrLoss=0.3601]
 Training POISON-alpha-s42-T8-k0:  24%|██▍       | 12/50 [00:02<00:06,  6.11it/s, Saved at =inf, TrLoss=0.3601]
 Training POISON-alpha-s42-T8-k0:  24%|██▍       | 12/50 [00:02<00:06,  6.11it/s, Saved at =inf, TrLoss=0.3860]
 Training POISON-alpha-s42-T8-k0:  26%|██▌       | 13/50 [00:02<00:06,  6.00it/s, Saved at =inf, TrLoss=0.3860]
 Training POISON-alpha-s42-T8-k0:  26%|██▌       | 13/50 [00:02<00:06,  6.00it/s, Saved at =inf, TrLoss=0.3993]
 Training POISON-alpha-s42-T8-k0:  28%|██▊       | 14/50 [00:02<00:06,  5.98it/s, Saved at =inf, TrLoss=0.3993]
 Training POISON-alpha-s42-T8-k0:  28%|██▊       | 14/50 [00:02<00:06,  5.98it/s, Saved at =inf, TrLoss=0.3079]
 Training POISON-alpha-s42-T8-k0:  30%|███       | 15/50 [00:02<00:06,  5.80it/s, Saved at =inf, TrLoss=0.3079]
 Training POISON-alpha-s42-T8-k0:  30%|███       | 15/50 [00:02<00:06,  5.80it/s, Saved at =inf, TrLoss=0.3539]
 Training POISON-alpha-s42-T8-k0:  32%|███▏      | 16/50 [00:02<00:06,  5.61it/s, Saved at =inf, TrLoss=0.3539]
 Training POISON-alpha-s42-T8-k0:  32%|███▏      | 16/50 [00:03<00:06,  5.61it/s, Saved at =inf, TrLoss=0.3258]
 Training POISON-alpha-s42-T8-k0:  34%|███▍      | 17/50 [00:03<00:05,  5.74it/s, Saved at =inf, TrLoss=0.3258]
 Training POISON-alpha-s42-T8-k0:  34%|███▍      | 17/50 [00:03<00:05,  5.74it/s, Saved at =inf, TrLoss=0.3274]
 Training POISON-alpha-s42-T8-k0:  36%|███▌      | 18/50 [00:03<00:05,  5.84it/s, Saved at =inf, TrLoss=0.3274]
 Training POISON-alpha-s42-T8-k0:  36%|███▌      | 18/50 [00:03<00:05,  5.84it/s, Saved at =inf, TrLoss=0.3036]
 Training POISON-alpha-s42-T8-k0:  38%|███▊      | 19/50 [00:03<00:05,  5.98it/s, Saved at =inf, TrLoss=0.3036]
 Training POISON-alpha-s42-T8-k0:  38%|███▊      | 19/50 [00:03<00:05,  5.98it/s, Saved at =inf, TrLoss=0.3089]
 Training POISON-alpha-s42-T8-k0:  40%|████      | 20/50 [00:03<00:04,  6.03it/s, Saved at =inf, TrLoss=0.3089]
 Training POISON-alpha-s42-T8-k0:  40%|████      | 20/50 [00:03<00:04,  6.03it/s, Saved at =inf, TrLoss=0.2963]
 Training POISON-alpha-s42-T8-k0:  42%|████▏     | 21/50 [00:03<00:05,  4.95it/s, Saved at =inf, TrLoss=0.2963]
 Training POISON-alpha-s42-T8-k0:  42%|████▏     | 21/50 [00:04<00:05,  4.95it/s, Saved at =inf, TrLoss=0.3020]
 Training POISON-alpha-s42-T8-k0:  44%|████▍     | 22/50 [00:04<00:06,  4.58it/s, Saved at =inf, TrLoss=0.3020]
 Training POISON-alpha-s42-T8-k0:  44%|████▍     | 22/50 [00:04<00:06,  4.58it/s, Saved at =inf, TrLoss=0.2807]
 Training POISON-alpha-s42-T8-k0:  46%|████▌     | 23/50 [00:04<00:05,  4.92it/s, Saved at =inf, TrLoss=0.2807]
 Training POISON-alpha-s42-T8-k0:  46%|████▌     | 23/50 [00:04<00:05,  4.92it/s, Saved at =inf, TrLoss=0.2830]
 Training POISON-alpha-s42-T8-k0:  48%|████▊     | 24/50 [00:04<00:05,  5.09it/s, Saved at =inf, TrLoss=0.2830]
 Training POISON-alpha-s42-T8-k0:  48%|████▊     | 24/50 [00:04<00:05,  5.09it/s, Saved at =inf, TrLoss=0.2826]
 Training POISON-alpha-s42-T8-k0:  50%|█████     | 25/50 [00:04<00:05,  4.78it/s, Saved at =inf, TrLoss=0.2826]
 Training POISON-alpha-s42-T8-k0:  50%|█████     | 25/50 [00:04<00:05,  4.78it/s, Saved at =inf, TrLoss=0.2807]
 Training POISON-alpha-s42-T8-k0:  52%|█████▏    | 26/50 [00:04<00:04,  5.09it/s, Saved at =inf, TrLoss=0.2807]
 Training POISON-alpha-s42-T8-k0:  52%|█████▏    | 26/50 [00:04<00:04,  5.09it/s, Saved at =inf, TrLoss=0.2644]
 Training POISON-alpha-s42-T8-k0:  54%|█████▍    | 27/50 [00:05<00:04,  5.30it/s, Saved at =inf, TrLoss=0.2644]
 Training POISON-alpha-s42-T8-k0:  54%|█████▍    | 27/50 [00:05<00:04,  5.30it/s, Saved at =inf, TrLoss=0.2780]
 Training POISON-alpha-s42-T8-k0:  56%|█████▌    | 28/50 [00:05<00:04,  5.49it/s, Saved at =inf, TrLoss=0.2780]
 Training POISON-alpha-s42-T8-k0:  56%|█████▌    | 28/50 [00:05<00:04,  5.49it/s, Saved at =inf, TrLoss=0.2728]
 Training POISON-alpha-s42-T8-k0:  58%|█████▊    | 29/50 [00:05<00:03,  5.64it/s, Saved at =inf, TrLoss=0.2728]
 Training POISON-alpha-s42-T8-k0:  58%|█████▊    | 29/50 [00:05<00:03,  5.64it/s, Saved at =inf, TrLoss=0.2772]
 Training POISON-alpha-s42-T8-k0:  60%|██████    | 30/50 [00:05<00:03,  5.76it/s, Saved at =inf, TrLoss=0.2772]
 Training POISON-alpha-s42-T8-k0:  60%|██████    | 30/50 [00:05<00:03,  5.76it/s, Saved at =inf, TrLoss=0.2575]
 Training POISON-alpha-s42-T8-k0:  62%|██████▏   | 31/50 [00:05<00:03,  5.73it/s, Saved at =inf, TrLoss=0.2575]
 Training POISON-alpha-s42-T8-k0:  62%|██████▏   | 31/50 [00:05<00:03,  5.73it/s, Saved at =inf, TrLoss=0.2640]
 Training POISON-alpha-s42-T8-k0:  64%|██████▍   | 32/50 [00:05<00:03,  5.78it/s, Saved at =inf, TrLoss=0.2640]
 Training POISON-alpha-s42-T8-k0:  64%|██████▍   | 32/50 [00:05<00:03,  5.78it/s, Saved at =inf, TrLoss=0.2515]
 Training POISON-alpha-s42-T8-k0:  66%|██████▌   | 33/50 [00:06<00:02,  5.86it/s, Saved at =inf, TrLoss=0.2515]
 Training POISON-alpha-s42-T8-k0:  66%|██████▌   | 33/50 [00:06<00:02,  5.86it/s, Saved at =inf, TrLoss=0.2607]
 Training POISON-alpha-s42-T8-k0:  68%|██████▊   | 34/50 [00:06<00:02,  5.92it/s, Saved at =inf, TrLoss=0.2607]
 Training POISON-alpha-s42-T8-k0:  68%|██████▊   | 34/50 [00:06<00:02,  5.92it/s, Saved at =inf, TrLoss=0.2473]
 Training POISON-alpha-s42-T8-k0:  70%|███████   | 35/50 [00:06<00:02,  5.90it/s, Saved at =inf, TrLoss=0.2473]
 Training POISON-alpha-s42-T8-k0:  70%|███████   | 35/50 [00:06<00:02,  5.90it/s, Saved at =inf, TrLoss=0.2493]
 Training POISON-alpha-s42-T8-k0:  72%|███████▏  | 36/50 [00:06<00:02,  5.91it/s, Saved at =inf, TrLoss=0.2493]
 Training POISON-alpha-s42-T8-k0:  72%|███████▏  | 36/50 [00:06<00:02,  5.91it/s, Saved at =inf, TrLoss=0.2474]
 Training POISON-alpha-s42-T8-k0:  74%|███████▍  | 37/50 [00:06<00:02,  6.00it/s, Saved at =inf, TrLoss=0.2474]
 Training POISON-alpha-s42-T8-k0:  74%|███████▍  | 37/50 [00:06<00:02,  6.00it/s, Saved at =inf, TrLoss=0.2325]
 Training POISON-alpha-s42-T8-k0:  76%|███████▌  | 38/50 [00:06<00:01,  6.07it/s, Saved at =inf, TrLoss=0.2325]
 Training POISON-alpha-s42-T8-k0:  76%|███████▌  | 38/50 [00:06<00:01,  6.07it/s, Saved at =inf, TrLoss=0.2477]
 Training POISON-alpha-s42-T8-k0:  78%|███████▊  | 39/50 [00:07<00:01,  6.06it/s, Saved at =inf, TrLoss=0.2477]
 Training POISON-alpha-s42-T8-k0:  78%|███████▊  | 39/50 [00:07<00:01,  6.06it/s, Saved at =inf, TrLoss=0.2403]
 Training POISON-alpha-s42-T8-k0:  80%|████████  | 40/50 [00:07<00:01,  6.06it/s, Saved at =inf, TrLoss=0.2403]
 Training POISON-alpha-s42-T8-k0:  80%|████████  | 40/50 [00:07<00:01,  6.06it/s, Saved at =inf, TrLoss=0.2462]
 Training POISON-alpha-s42-T8-k0:  82%|████████▏ | 41/50 [00:07<00:01,  6.03it/s, Saved at =inf, TrLoss=0.2462]
 Training POISON-alpha-s42-T8-k0:  82%|████████▏ | 41/50 [00:07<00:01,  6.03it/s, Saved at =inf, TrLoss=0.2331]
 Training POISON-alpha-s42-T8-k0:  84%|████████▍ | 42/50 [00:07<00:01,  6.02it/s, Saved at =inf, TrLoss=0.2331]
 Training POISON-alpha-s42-T8-k0:  84%|████████▍ | 42/50 [00:07<00:01,  6.02it/s, Saved at =inf, TrLoss=0.2380]
 Training POISON-alpha-s42-T8-k0:  86%|████████▌ | 43/50 [00:07<00:01,  6.02it/s, Saved at =inf, TrLoss=0.2380]
 Training POISON-alpha-s42-T8-k0:  86%|████████▌ | 43/50 [00:07<00:01,  6.02it/s, Saved at =inf, TrLoss=0.2302]
 Training POISON-alpha-s42-T8-k0:  88%|████████▊ | 44/50 [00:07<00:00,  6.09it/s, Saved at =inf, TrLoss=0.2302]
 Training POISON-alpha-s42-T8-k0:  88%|████████▊ | 44/50 [00:07<00:00,  6.09it/s, Saved at =inf, TrLoss=0.2386]
 Training POISON-alpha-s42-T8-k0:  90%|█████████ | 45/50 [00:07<00:00,  6.10it/s, Saved at =inf, TrLoss=0.2386]
 Training POISON-alpha-s42-T8-k0:  90%|█████████ | 45/50 [00:08<00:00,  6.10it/s, Saved at =inf, TrLoss=0.2207]
 Training POISON-alpha-s42-T8-k0:  92%|█████████▏| 46/50 [00:08<00:00,  6.08it/s, Saved at =inf, TrLoss=0.2207]
 Training POISON-alpha-s42-T8-k0:  92%|█████████▏| 46/50 [00:08<00:00,  6.08it/s, Saved at =inf, TrLoss=0.2331]
 Training POISON-alpha-s42-T8-k0:  94%|█████████▍| 47/50 [00:08<00:00,  6.03it/s, Saved at =inf, TrLoss=0.2331]
 Training POISON-alpha-s42-T8-k0:  94%|█████████▍| 47/50 [00:08<00:00,  6.03it/s, Saved at =inf, TrLoss=0.2223]
 Training POISON-alpha-s42-T8-k0:  96%|█████████▌| 48/50 [00:08<00:00,  6.03it/s, Saved at =inf, TrLoss=0.2223]
 Training POISON-alpha-s42-T8-k0:  96%|█████████▌| 48/50 [00:08<00:00,  6.03it/s, Saved at =inf, TrLoss=0.2293]
 Training POISON-alpha-s42-T8-k0:  98%|█████████▊| 49/50 [00:08<00:00,  6.02it/s, Saved at =inf, TrLoss=0.2293]
 Training POISON-alpha-s42-T8-k0:  98%|█████████▊| 49/50 [00:08<00:00,  6.02it/s, Saved at =inf, TrLoss=0.2215]
 Training POISON-alpha-s42-T8-k0: 100%|██████████| 50/50 [00:08<00:00,  6.05it/s, Saved at =inf, TrLoss=0.2215]
 Training POISON-alpha-s42-T8-k0: 100%|██████████| 50/50 [00:08<00:00,  5.67it/s, Saved at =inf, TrLoss=0.2215]

 Training POISON-alpha-s42-T8-k0:   0%|          | 0/50 [00:00<?, ?it/s]
 Training POISON-alpha-s42-T8-k0:   0%|          | 0/50 [00:00<?, ?it/s, Saved at =inf, TrLoss=0.7237]
 Training POISON-alpha-s42-T8-k0:   2%|▏         | 1/50 [00:00<00:09,  5.23it/s, Saved at =inf, TrLoss=0.7237]
 Training POISON-alpha-s42-T8-k0:   2%|▏         | 1/50 [00:00<00:09,  5.23it/s, Saved at =inf, TrLoss=0.7649]
 Training POISON-alpha-s42-T8-k0:   4%|▍         | 2/50 [00:00<00:08,  5.54it/s, Saved at =inf, TrLoss=0.7649]
 Training POISON-alpha-s42-T8-k0:   4%|▍         | 2/50 [00:00<00:08,  5.54it/s, Saved at =inf, TrLoss=0.6172]
 Training POISON-alpha-s42-T8-k0:   6%|▌         | 3/50 [00:00<00:08,  5.75it/s, Saved at =inf, TrLoss=0.6172]
 Training POISON-alpha-s42-T8-k0:   6%|▌         | 3/50 [00:00<00:08,  5.75it/s, Saved at =inf, TrLoss=0.6067]
 Training POISON-alpha-s42-T8-k0:   8%|▊         | 4/50 [00:00<00:07,  5.91it/s, Saved at =inf, TrLoss=0.6067]
 Training POISON-alpha-s42-T8-k0:   8%|▊         | 4/50 [00:00<00:07,  5.91it/s, Saved at =inf, TrLoss=0.5526]
 Training POISON-alpha-s42-T8-k0:  10%|█         | 5/50 [00:00<00:07,  5.94it/s, Saved at =inf, TrLoss=0.5526]
 Training POISON-alpha-s42-T8-k0:  10%|█         | 5/50 [00:00<00:07,  5.94it/s, Saved at =inf, TrLoss=0.5279]
 Training POISON-alpha-s42-T8-k0:  12%|█▏        | 6/50 [00:01<00:07,  5.94it/s, Saved at =inf, TrLoss=0.5279]
 Training POISON-alpha-s42-T8-k0:  12%|█▏        | 6/50 [00:01<00:07,  5.94it/s, Saved at =inf, TrLoss=0.5035]
 Training POISON-alpha-s42-T8-k0:  14%|█▍        | 7/50 [00:01<00:07,  5.95it/s, Saved at =inf, TrLoss=0.5035]
 Training POISON-alpha-s42-T8-k0:  14%|█▍        | 7/50 [00:01<00:07,  5.95it/s, Saved at =inf, TrLoss=0.4742]
 Training POISON-alpha-s42-T8-k0:  16%|█▌        | 8/50 [00:01<00:07,  5.95it/s, Saved at =inf, TrLoss=0.4742]
 Training POISON-alpha-s42-T8-k0:  16%|█▌        | 8/50 [00:01<00:07,  5.95it/s, Saved at =inf, TrLoss=0.4413]
 Training POISON-alpha-s42-T8-k0:  18%|█▊        | 9/50 [00:01<00:06,  5.97it/s, Saved at =inf, TrLoss=0.4413]
 Training POISON-alpha-s42-T8-k0:  18%|█▊        | 9/50 [00:01<00:06,  5.97it/s, Saved at =inf, TrLoss=0.3995]
 Training POISON-alpha-s42-T8-k0:  20%|██        | 10/50 [00:01<00:06,  6.08it/s, Saved at =inf, TrLoss=0.3995]
 Training POISON-alpha-s42-T8-k0:  20%|██        | 10/50 [00:01<00:06,  6.08it/s, Saved at =inf, TrLoss=0.3729]
 Training POISON-alpha-s42-T8-k0:  22%|██▏       | 11/50 [00:01<00:06,  5.90it/s, Saved at =inf, TrLoss=0.3729]
 Training POISON-alpha-s42-T8-k0:  22%|██▏       | 11/50 [00:02<00:06,  5.90it/s, Saved at =inf, TrLoss=0.3601]
 Training POISON-alpha-s42-T8-k0:  24%|██▍       | 12/50 [00:02<00:06,  5.63it/s, Saved at =inf, TrLoss=0.3601]
 Training POISON-alpha-s42-T8-k0:  24%|██▍       | 12/50 [00:02<00:06,  5.63it/s, Saved at =inf, TrLoss=0.3860]
 Training POISON-alpha-s42-T8-k0:  26%|██▌       | 13/50 [00:02<00:06,  5.74it/s, Saved at =inf, TrLoss=0.3860]
 Training POISON-alpha-s42-T8-k0:  26%|██▌       | 13/50 [00:02<00:06,  5.74it/s, Saved at =inf, TrLoss=0.3993]
 Training POISON-alpha-s42-T8-k0:  28%|██▊       | 14/50 [00:02<00:06,  5.80it/s, Saved at =inf, TrLoss=0.3993]
 Training POISON-alpha-s42-T8-k0:  28%|██▊       | 14/50 [00:02<00:06,  5.80it/s, Saved at =inf, TrLoss=0.3079]
 Training POISON-alpha-s42-T8-k0:  30%|███       | 15/50 [00:02<00:05,  5.86it/s, Saved at =inf, TrLoss=0.3079]
 Training POISON-alpha-s42-T8-k0:  30%|███       | 15/50 [00:02<00:05,  5.86it/s, Saved at =inf, TrLoss=0.3539]
 Training POISON-alpha-s42-T8-k0:  32%|███▏      | 16/50 [00:02<00:05,  5.96it/s, Saved at =inf, TrLoss=0.3539]
 Training POISON-alpha-s42-T8-k0:  32%|███▏      | 16/50 [00:02<00:05,  5.96it/s, Saved at =inf, TrLoss=0.3258]
 Training POISON-alpha-s42-T8-k0:  34%|███▍      | 17/50 [00:02<00:06,  5.01it/s, Saved at =inf, TrLoss=0.3258]
 Training POISON-alpha-s42-T8-k0:  34%|███▍      | 17/50 [00:03<00:06,  5.01it/s, Saved at =inf, TrLoss=0.3274]
 Training POISON-alpha-s42-T8-k0:  36%|███▌      | 18/50 [00:03<00:06,  5.29it/s, Saved at =inf, TrLoss=0.3274]
 Training POISON-alpha-s42-T8-k0:  36%|███▌      | 18/50 [00:03<00:06,  5.29it/s, Saved at =inf, TrLoss=0.3036]
 Training POISON-alpha-s42-T8-k0:  38%|███▊      | 19/50 [00:03<00:05,  5.48it/s, Saved at =inf, TrLoss=0.3036]
 Training POISON-alpha-s42-T8-k0:  38%|███▊      | 19/50 [00:03<00:05,  5.48it/s, Saved at =inf, TrLoss=0.3089]
 Training POISON-alpha-s42-T8-k0:  40%|████      | 20/50 [00:03<00:05,  5.64it/s, Saved at =inf, TrLoss=0.3089]
 Training POISON-alpha-s42-T8-k0:  40%|████      | 20/50 [00:03<00:05,  5.64it/s, Saved at =inf, TrLoss=0.2963]
 Training POISON-alpha-s42-T8-k0:  42%|████▏     | 21/50 [00:03<00:05,  5.75it/s, Saved at =inf, TrLoss=0.2963]
 Training POISON-alpha-s42-T8-k0:  42%|████▏     | 21/50 [00:03<00:05,  5.75it/s, Saved at =inf, TrLoss=0.3020]
 Training POISON-alpha-s42-T8-k0:  44%|████▍     | 22/50 [00:03<00:05,  5.43it/s, Saved at =inf, TrLoss=0.3020]
 Training POISON-alpha-s42-T8-k0:  44%|████▍     | 22/50 [00:03<00:05,  5.43it/s, Saved at =inf, TrLoss=0.2807]
 Training POISON-alpha-s42-T8-k0:  46%|████▌     | 23/50 [00:04<00:04,  5.67it/s, Saved at =inf, TrLoss=0.2807]
 Training POISON-alpha-s42-T8-k0:  46%|████▌     | 23/50 [00:04<00:04,  5.67it/s, Saved at =inf, TrLoss=0.2830]
 Training POISON-alpha-s42-T8-k0:  48%|████▊     | 24/50 [00:04<00:04,  5.78it/s, Saved at =inf, TrLoss=0.2830]
 Training POISON-alpha-s42-T8-k0:  48%|████▊     | 24/50 [00:04<00:04,  5.78it/s, Saved at =inf, TrLoss=0.2826]
 Training POISON-alpha-s42-T8-k0:  50%|█████     | 25/50 [00:04<00:04,  5.86it/s, Saved at =inf, TrLoss=0.2826]
 Training POISON-alpha-s42-T8-k0:  50%|█████     | 25/50 [00:04<00:04,  5.86it/s, Saved at =inf, TrLoss=0.2807]
 Training POISON-alpha-s42-T8-k0:  52%|█████▏    | 26/50 [00:04<00:04,  5.89it/s, Saved at =inf, TrLoss=0.2807]
 Training POISON-alpha-s42-T8-k0:  52%|█████▏    | 26/50 [00:04<00:04,  5.89it/s, Saved at =inf, TrLoss=0.2644]
 Training POISON-alpha-s42-T8-k0:  54%|█████▍    | 27/50 [00:04<00:03,  5.94it/s, Saved at =inf, TrLoss=0.2644]
 Training POISON-alpha-s42-T8-k0:  54%|█████▍    | 27/50 [00:04<00:03,  5.94it/s, Saved at =inf, TrLoss=0.2780]
 Training POISON-alpha-s42-T8-k0:  56%|█████▌    | 28/50 [00:04<00:03,  5.96it/s, Saved at =inf, TrLoss=0.2780]
 Training POISON-alpha-s42-T8-k0:  56%|█████▌    | 28/50 [00:04<00:03,  5.96it/s, Saved at =inf, TrLoss=0.2728]
 Training POISON-alpha-s42-T8-k0:  58%|█████▊    | 29/50 [00:05<00:03,  6.04it/s, Saved at =inf, TrLoss=0.2728]
 Training POISON-alpha-s42-T8-k0:  58%|█████▊    | 29/50 [00:05<00:03,  6.04it/s, Saved at =inf, TrLoss=0.2772]
 Training POISON-alpha-s42-T8-k0:  60%|██████    | 30/50 [00:05<00:03,  5.69it/s, Saved at =inf, TrLoss=0.2772]
 Training POISON-alpha-s42-T8-k0:  60%|██████    | 30/50 [00:05<00:03,  5.69it/s, Saved at =inf, TrLoss=0.2575]
 Training POISON-alpha-s42-T8-k0:  62%|██████▏   | 31/50 [00:05<00:03,  5.67it/s, Saved at =inf, TrLoss=0.2575]
 Training POISON-alpha-s42-T8-k0:  62%|██████▏   | 31/50 [00:05<00:03,  5.67it/s, Saved at =inf, TrLoss=0.2640]
 Training POISON-alpha-s42-T8-k0:  64%|██████▍   | 32/50 [00:05<00:03,  5.76it/s, Saved at =inf, TrLoss=0.2640]
 Training POISON-alpha-s42-T8-k0:  64%|██████▍   | 32/50 [00:05<00:03,  5.76it/s, Saved at =inf, TrLoss=0.2515]
 Training POISON-alpha-s42-T8-k0:  66%|██████▌   | 33/50 [00:05<00:02,  5.83it/s, Saved at =inf, TrLoss=0.2515]
 Training POISON-alpha-s42-T8-k0:  66%|██████▌   | 33/50 [00:05<00:02,  5.83it/s, Saved at =inf, TrLoss=0.2607]
 Training POISON-alpha-s42-T8-k0:  68%|██████▊   | 34/50 [00:05<00:02,  5.87it/s, Saved at =inf, TrLoss=0.2607]
 Training POISON-alpha-s42-T8-k0:  68%|██████▊   | 34/50 [00:06<00:02,  5.87it/s, Saved at =inf, TrLoss=0.2473]
 Training POISON-alpha-s42-T8-k0:  70%|███████   | 35/50 [00:06<00:02,  5.99it/s, Saved at =inf, TrLoss=0.2473]
 Training POISON-alpha-s42-T8-k0:  70%|███████   | 35/50 [00:06<00:02,  5.99it/s, Saved at =inf, TrLoss=0.2493]
 Training POISON-alpha-s42-T8-k0:  72%|███████▏  | 36/50 [00:06<00:02,  6.04it/s, Saved at =inf, TrLoss=0.2493]
 Training POISON-alpha-s42-T8-k0:  72%|███████▏  | 36/50 [00:06<00:02,  6.04it/s, Saved at =inf, TrLoss=0.2474]
 Training POISON-alpha-s42-T8-k0:  74%|███████▍  | 37/50 [00:06<00:02,  6.03it/s, Saved at =inf, TrLoss=0.2474]
 Training POISON-alpha-s42-T8-k0:  74%|███████▍  | 37/50 [00:06<00:02,  6.03it/s, Saved at =inf, TrLoss=0.2325]
 Training POISON-alpha-s42-T8-k0:  76%|███████▌  | 38/50 [00:06<00:01,  6.01it/s, Saved at =inf, TrLoss=0.2325]
 Training POISON-alpha-s42-T8-k0:  76%|███████▌  | 38/50 [00:06<00:01,  6.01it/s, Saved at =inf, TrLoss=0.2477]
 Training POISON-alpha-s42-T8-k0:  78%|███████▊  | 39/50 [00:06<00:01,  6.01it/s, Saved at =inf, TrLoss=0.2477]
 Training POISON-alpha-s42-T8-k0:  78%|███████▊  | 39/50 [00:06<00:01,  6.01it/s, Saved at =inf, TrLoss=0.2403]
 Training POISON-alpha-s42-T8-k0:  80%|████████  | 40/50 [00:06<00:01,  6.00it/s, Saved at =inf, TrLoss=0.2403]
 Training POISON-alpha-s42-T8-k0:  80%|████████  | 40/50 [00:07<00:01,  6.00it/s, Saved at =inf, TrLoss=0.2462]
 Training POISON-alpha-s42-T8-k0:  82%|████████▏ | 41/50 [00:07<00:01,  6.05it/s, Saved at =inf, TrLoss=0.2462]
 Training POISON-alpha-s42-T8-k0:  82%|████████▏ | 41/50 [00:07<00:01,  6.05it/s, Saved at =inf, TrLoss=0.2331]
 Training POISON-alpha-s42-T8-k0:  84%|████████▍ | 42/50 [00:07<00:01,  6.10it/s, Saved at =inf, TrLoss=0.2331]
 Training POISON-alpha-s42-T8-k0:  84%|████████▍ | 42/50 [00:07<00:01,  6.10it/s, Saved at =inf, TrLoss=0.2380]
 Training POISON-alpha-s42-T8-k0:  86%|████████▌ | 43/50 [00:07<00:01,  6.09it/s, Saved at =inf, TrLoss=0.2380]
 Training POISON-alpha-s42-T8-k0:  86%|████████▌ | 43/50 [00:07<00:01,  6.09it/s, Saved at =inf, TrLoss=0.2302]
 Training POISON-alpha-s42-T8-k0:  88%|████████▊ | 44/50 [00:07<00:00,  6.05it/s, Saved at =inf, TrLoss=0.2302]
 Training POISON-alpha-s42-T8-k0:  88%|████████▊ | 44/50 [00:07<00:00,  6.05it/s, Saved at =inf, TrLoss=0.2386]
 Training POISON-alpha-s42-T8-k0:  90%|█████████ | 45/50 [00:07<00:00,  6.04it/s, Saved at =inf, TrLoss=0.2386]
 Training POISON-alpha-s42-T8-k0:  90%|█████████ | 45/50 [00:07<00:00,  6.04it/s, Saved at =inf, TrLoss=0.2207]
 Training POISON-alpha-s42-T8-k0:  92%|█████████▏| 46/50 [00:07<00:00,  6.02it/s, Saved at =inf, TrLoss=0.2207]
 Training POISON-alpha-s42-T8-k0:  92%|█████████▏| 46/50 [00:07<00:00,  6.02it/s, Saved at =inf, TrLoss=0.2331]
 Training POISON-alpha-s42-T8-k0:  94%|█████████▍| 47/50 [00:08<00:00,  6.00it/s, Saved at =inf, TrLoss=0.2331]
 Training POISON-alpha-s42-T8-k0:  94%|█████████▍| 47/50 [00:08<00:00,  6.00it/s, Saved at =inf, TrLoss=0.2223]
 Training POISON-alpha-s42-T8-k0:  96%|█████████▌| 48/50 [00:08<00:00,  6.09it/s, Saved at =inf, TrLoss=0.2223]
 Training POISON-alpha-s42-T8-k0:  96%|█████████▌| 48/50 [00:08<00:00,  6.09it/s, Saved at =inf, TrLoss=0.2293]
 Training POISON-alpha-s42-T8-k0:  98%|█████████▊| 49/50 [00:08<00:00,  6.12it/s, Saved at =inf, TrLoss=0.2293]
 Training POISON-alpha-s42-T8-k0:  98%|█████████▊| 49/50 [00:08<00:00,  6.12it/s, Saved at =inf, TrLoss=0.2215]
 Training POISON-alpha-s42-T8-k0: 100%|██████████| 50/50 [00:08<00:00,  6.11it/s, Saved at =inf, TrLoss=0.2215]
 Training POISON-alpha-s42-T8-k0: 100%|██████████| 50/50 [00:08<00:00,  5.86it/s, Saved at =inf, TrLoss=0.2215]

 Training POISON-alpha-s42-T8-k120:   0%|          | 0/50 [00:00<?, ?it/s]
 Training POISON-alpha-s42-T8-k120:   0%|          | 0/50 [00:00<?, ?it/s, Saved at =inf, TrLoss=0.7304]
 Training POISON-alpha-s42-T8-k120:   2%|▏         | 1/50 [00:00<00:10,  4.70it/s, Saved at =inf, TrLoss=0.7304]
 Training POISON-alpha-s42-T8-k120:   2%|▏         | 1/50 [00:00<00:10,  4.70it/s, Saved at =inf, TrLoss=0.7169]
 Training POISON-alpha-s42-T8-k120:   4%|▍         | 2/50 [00:00<00:08,  5.44it/s, Saved at =inf, TrLoss=0.7169]
 Training POISON-alpha-s42-T8-k120:   4%|▍         | 2/50 [00:00<00:08,  5.44it/s, Saved at =inf, TrLoss=0.6152]
 Training POISON-alpha-s42-T8-k120:   6%|▌         | 3/50 [00:00<00:08,  5.68it/s, Saved at =inf, TrLoss=0.6152]
 Training POISON-alpha-s42-T8-k120:   6%|▌         | 3/50 [00:00<00:08,  5.68it/s, Saved at =inf, TrLoss=0.5615]
 Training POISON-alpha-s42-T8-k120:   8%|▊         | 4/50 [00:00<00:07,  5.81it/s, Saved at =inf, TrLoss=0.5615]
 Training POISON-alpha-s42-T8-k120:   8%|▊         | 4/50 [00:00<00:07,  5.81it/s, Saved at =inf, TrLoss=0.5224]
 Training POISON-alpha-s42-T8-k120:  10%|█         | 5/50 [00:00<00:07,  5.87it/s, Saved at =inf, TrLoss=0.5224]
 Training POISON-alpha-s42-T8-k120:  10%|█         | 5/50 [00:00<00:07,  5.87it/s, Saved at =inf, TrLoss=0.5277]
 Training POISON-alpha-s42-T8-k120:  12%|█▏        | 6/50 [00:01<00:07,  5.91it/s, Saved at =inf, TrLoss=0.5277]
 Training POISON-alpha-s42-T8-k120:  12%|█▏        | 6/50 [00:01<00:07,  5.91it/s, Saved at =inf, TrLoss=0.5023]
 Training POISON-alpha-s42-T8-k120:  14%|█▍        | 7/50 [00:01<00:07,  5.96it/s, Saved at =inf, TrLoss=0.5023]
 Training POISON-alpha-s42-T8-k120:  14%|█▍        | 7/50 [00:01<00:07,  5.96it/s, Saved at =inf, TrLoss=0.4895]
 Training POISON-alpha-s42-T8-k120:  16%|█▌        | 8/50 [00:01<00:06,  6.05it/s, Saved at =inf, TrLoss=0.4895]
 Training POISON-alpha-s42-T8-k120:  16%|█▌        | 8/50 [00:01<00:06,  6.05it/s, Saved at =inf, TrLoss=0.4615]
 Training POISON-alpha-s42-T8-k120:  18%|█▊        | 9/50 [00:01<00:06,  5.89it/s, Saved at =inf, TrLoss=0.4615]
 Training POISON-alpha-s42-T8-k120:  18%|█▊        | 9/50 [00:01<00:06,  5.89it/s, Saved at =inf, TrLoss=0.4396]
 Training POISON-alpha-s42-T8-k120:  20%|██        | 10/50 [00:01<00:06,  5.91it/s, Saved at =inf, TrLoss=0.4396]
 Training POISON-alpha-s42-T8-k120:  20%|██        | 10/50 [00:01<00:06,  5.91it/s, Saved at =inf, TrLoss=0.4234]
 Training POISON-alpha-s42-T8-k120:  22%|██▏       | 11/50 [00:01<00:06,  5.94it/s, Saved at =inf, TrLoss=0.4234]
 Training POISON-alpha-s42-T8-k120:  22%|██▏       | 11/50 [00:02<00:06,  5.94it/s, Saved at =inf, TrLoss=0.3928]
 Training POISON-alpha-s42-T8-k120:  24%|██▍       | 12/50 [00:02<00:06,  5.97it/s, Saved at =inf, TrLoss=0.3928]
 Training POISON-alpha-s42-T8-k120:  24%|██▍       | 12/50 [00:02<00:06,  5.97it/s, Saved at =inf, TrLoss=0.3803]
 Training POISON-alpha-s42-T8-k120:  26%|██▌       | 13/50 [00:02<00:06,  5.98it/s, Saved at =inf, TrLoss=0.3803]
 Training POISON-alpha-s42-T8-k120:  26%|██▌       | 13/50 [00:02<00:06,  5.98it/s, Saved at =inf, TrLoss=0.3504]
 Training POISON-alpha-s42-T8-k120:  28%|██▊       | 14/50 [00:02<00:06,  6.00it/s, Saved at =inf, TrLoss=0.3504]
 Training POISON-alpha-s42-T8-k120:  28%|██▊       | 14/50 [00:02<00:06,  6.00it/s, Saved at =inf, TrLoss=0.3157]
 Training POISON-alpha-s42-T8-k120:  30%|███       | 15/50 [00:02<00:05,  6.09it/s, Saved at =inf, TrLoss=0.3157]
 Training POISON-alpha-s42-T8-k120:  30%|███       | 15/50 [00:02<00:05,  6.09it/s, Saved at =inf, TrLoss=0.3045]
 Training POISON-alpha-s42-T8-k120:  32%|███▏      | 16/50 [00:02<00:05,  6.08it/s, Saved at =inf, TrLoss=0.3045]
 Training POISON-alpha-s42-T8-k120:  32%|███▏      | 16/50 [00:02<00:05,  6.08it/s, Saved at =inf, TrLoss=0.3195]
 Training POISON-alpha-s42-T8-k120:  34%|███▍      | 17/50 [00:02<00:05,  6.04it/s, Saved at =inf, TrLoss=0.3195]
 Training POISON-alpha-s42-T8-k120:  34%|███▍      | 17/50 [00:02<00:05,  6.04it/s, Saved at =inf, TrLoss=0.3359]
 Training POISON-alpha-s42-T8-k120:  36%|███▌      | 18/50 [00:03<00:05,  6.02it/s, Saved at =inf, TrLoss=0.3359]
 Training POISON-alpha-s42-T8-k120:  36%|███▌      | 18/50 [00:03<00:05,  6.02it/s, Saved at =inf, TrLoss=0.3536]
 Training POISON-alpha-s42-T8-k120:  38%|███▊      | 19/50 [00:03<00:05,  5.99it/s, Saved at =inf, TrLoss=0.3536]
 Training POISON-alpha-s42-T8-k120:  38%|███▊      | 19/50 [00:03<00:05,  5.99it/s, Saved at =inf, TrLoss=0.3102]
 Training POISON-alpha-s42-T8-k120:  40%|████      | 20/50 [00:03<00:05,  5.99it/s, Saved at =inf, TrLoss=0.3102]
 Training POISON-alpha-s42-T8-k120:  40%|████      | 20/50 [00:03<00:05,  5.99it/s, Saved at =inf, TrLoss=0.3009]
 Training POISON-alpha-s42-T8-k120:  42%|████▏     | 21/50 [00:03<00:04,  5.87it/s, Saved at =inf, TrLoss=0.3009]
 Training POISON-alpha-s42-T8-k120:  42%|████▏     | 21/50 [00:03<00:04,  5.87it/s, Saved at =inf, TrLoss=0.2994]
 Training POISON-alpha-s42-T8-k120:  44%|████▍     | 22/50 [00:03<00:05,  5.60it/s, Saved at =inf, TrLoss=0.2994]
 Training POISON-alpha-s42-T8-k120:  44%|████▍     | 22/50 [00:03<00:05,  5.60it/s, Saved at =inf, TrLoss=0.2844]
 Training POISON-alpha-s42-T8-k120:  46%|████▌     | 23/50 [00:03<00:04,  5.75it/s, Saved at =inf, TrLoss=0.2844]
 Training POISON-alpha-s42-T8-k120:  46%|████▌     | 23/50 [00:04<00:04,  5.75it/s, Saved at =inf, TrLoss=0.2941]
 Training POISON-alpha-s42-T8-k120:  48%|████▊     | 24/50 [00:04<00:04,  5.81it/s, Saved at =inf, TrLoss=0.2941]
 Training POISON-alpha-s42-T8-k120:  48%|████▊     | 24/50 [00:04<00:04,  5.81it/s, Saved at =inf, TrLoss=0.2862]
 Training POISON-alpha-s42-T8-k120:  50%|█████     | 25/50 [00:04<00:04,  5.87it/s, Saved at =inf, TrLoss=0.2862]
 Training POISON-alpha-s42-T8-k120:  50%|█████     | 25/50 [00:04<00:04,  5.87it/s, Saved at =inf, TrLoss=0.2767]
 Training POISON-alpha-s42-T8-k120:  52%|█████▏    | 26/50 [00:04<00:04,  5.93it/s, Saved at =inf, TrLoss=0.2767]
 Training POISON-alpha-s42-T8-k120:  52%|█████▏    | 26/50 [00:04<00:04,  5.93it/s, Saved at =inf, TrLoss=0.2595]
 Training POISON-alpha-s42-T8-k120:  54%|█████▍    | 27/50 [00:04<00:03,  5.96it/s, Saved at =inf, TrLoss=0.2595]
 Training POISON-alpha-s42-T8-k120:  54%|█████▍    | 27/50 [00:04<00:03,  5.96it/s, Saved at =inf, TrLoss=0.2679]
 Training POISON-alpha-s42-T8-k120:  56%|█████▌    | 28/50 [00:04<00:03,  6.00it/s, Saved at =inf, TrLoss=0.2679]
 Training POISON-alpha-s42-T8-k120:  56%|█████▌    | 28/50 [00:04<00:03,  6.00it/s, Saved at =inf, TrLoss=0.2694]
 Training POISON-alpha-s42-T8-k120:  58%|█████▊    | 29/50 [00:04<00:03,  6.11it/s, Saved at =inf, TrLoss=0.2694]
 Training POISON-alpha-s42-T8-k120:  58%|█████▊    | 29/50 [00:05<00:03,  6.11it/s, Saved at =inf, TrLoss=0.2690]
 Training POISON-alpha-s42-T8-k120:  60%|██████    | 30/50 [00:05<00:03,  6.12it/s, Saved at =inf, TrLoss=0.2690]
 Training POISON-alpha-s42-T8-k120:  60%|██████    | 30/50 [00:05<00:03,  6.12it/s, Saved at =inf, TrLoss=0.2552]
 Training POISON-alpha-s42-T8-k120:  62%|██████▏   | 31/50 [00:05<00:03,  6.06it/s, Saved at =inf, TrLoss=0.2552]
 Training POISON-alpha-s42-T8-k120:  62%|██████▏   | 31/50 [00:05<00:03,  6.06it/s, Saved at =inf, TrLoss=0.2519]
 Training POISON-alpha-s42-T8-k120:  64%|██████▍   | 32/50 [00:05<00:02,  6.05it/s, Saved at =inf, TrLoss=0.2519]
 Training POISON-alpha-s42-T8-k120:  64%|██████▍   | 32/50 [00:05<00:02,  6.05it/s, Saved at =inf, TrLoss=0.2500]
 Training POISON-alpha-s42-T8-k120:  66%|██████▌   | 33/50 [00:05<00:02,  6.05it/s, Saved at =inf, TrLoss=0.2500]
 Training POISON-alpha-s42-T8-k120:  66%|██████▌   | 33/50 [00:05<00:02,  6.05it/s, Saved at =inf, TrLoss=0.2495]
 Training POISON-alpha-s42-T8-k120:  68%|██████▊   | 34/50 [00:05<00:02,  6.03it/s, Saved at =inf, TrLoss=0.2495]
 Training POISON-alpha-s42-T8-k120:  68%|██████▊   | 34/50 [00:05<00:02,  6.03it/s, Saved at =inf, TrLoss=0.2481]
 Training POISON-alpha-s42-T8-k120:  70%|███████   | 35/50 [00:05<00:02,  6.05it/s, Saved at =inf, TrLoss=0.2481]
 Training POISON-alpha-s42-T8-k120:  70%|███████   | 35/50 [00:06<00:02,  6.05it/s, Saved at =inf, TrLoss=0.2521]
 Training POISON-alpha-s42-T8-k120:  72%|███████▏  | 36/50 [00:06<00:02,  6.11it/s, Saved at =inf, TrLoss=0.2521]
 Training POISON-alpha-s42-T8-k120:  72%|███████▏  | 36/50 [00:06<00:02,  6.11it/s, Saved at =inf, TrLoss=0.2424]
 Training POISON-alpha-s42-T8-k120:  74%|███████▍  | 37/50 [00:06<00:02,  6.15it/s, Saved at =inf, TrLoss=0.2424]
 Training POISON-alpha-s42-T8-k120:  74%|███████▍  | 37/50 [00:06<00:02,  6.15it/s, Saved at =inf, TrLoss=0.2376]
 Training POISON-alpha-s42-T8-k120:  76%|███████▌  | 38/50 [00:06<00:02,  5.30it/s, Saved at =inf, TrLoss=0.2376]
 Training POISON-alpha-s42-T8-k120:  76%|███████▌  | 38/50 [00:06<00:02,  5.30it/s, Saved at =inf, TrLoss=0.2356]
 Training POISON-alpha-s42-T8-k120:  78%|███████▊  | 39/50 [00:06<00:02,  5.06it/s, Saved at =inf, TrLoss=0.2356]
 Training POISON-alpha-s42-T8-k120:  78%|███████▊  | 39/50 [00:06<00:02,  5.06it/s, Saved at =inf, TrLoss=0.2419]
 Training POISON-alpha-s42-T8-k120:  80%|████████  | 40/50 [00:06<00:01,  5.02it/s, Saved at =inf, TrLoss=0.2419]
 Training POISON-alpha-s42-T8-k120:  80%|████████  | 40/50 [00:07<00:01,  5.02it/s, Saved at =inf, TrLoss=0.2366]
 Training POISON-alpha-s42-T8-k120:  82%|████████▏ | 41/50 [00:07<00:01,  5.08it/s, Saved at =inf, TrLoss=0.2366]
 Training POISON-alpha-s42-T8-k120:  82%|████████▏ | 41/50 [00:07<00:01,  5.08it/s, Saved at =inf, TrLoss=0.2368]
 Training POISON-alpha-s42-T8-k120:  84%|████████▍ | 42/50 [00:07<00:01,  5.39it/s, Saved at =inf, TrLoss=0.2368]
 Training POISON-alpha-s42-T8-k120:  84%|████████▍ | 42/50 [00:07<00:01,  5.39it/s, Saved at =inf, TrLoss=0.2274]
 Training POISON-alpha-s42-T8-k120:  86%|████████▌ | 43/50 [00:07<00:01,  5.59it/s, Saved at =inf, TrLoss=0.2274]
 Training POISON-alpha-s42-T8-k120:  86%|████████▌ | 43/50 [00:07<00:01,  5.59it/s, Saved at =inf, TrLoss=0.2313]
 Training POISON-alpha-s42-T8-k120:  88%|████████▊ | 44/50 [00:07<00:01,  5.71it/s, Saved at =inf, TrLoss=0.2313]
 Training POISON-alpha-s42-T8-k120:  88%|████████▊ | 44/50 [00:07<00:01,  5.71it/s, Saved at =inf, TrLoss=0.2268]
 Training POISON-alpha-s42-T8-k120:  90%|█████████ | 45/50 [00:07<00:00,  5.35it/s, Saved at =inf, TrLoss=0.2268]
 Training POISON-alpha-s42-T8-k120:  90%|█████████ | 45/50 [00:07<00:00,  5.35it/s, Saved at =inf, TrLoss=0.2206]
 Training POISON-alpha-s42-T8-k120:  92%|█████████▏| 46/50 [00:07<00:00,  5.49it/s, Saved at =inf, TrLoss=0.2206]
 Training POISON-alpha-s42-T8-k120:  92%|█████████▏| 46/50 [00:08<00:00,  5.49it/s, Saved at =inf, TrLoss=0.2198]
 Training POISON-alpha-s42-T8-k120:  94%|█████████▍| 47/50 [00:08<00:00,  5.64it/s, Saved at =inf, TrLoss=0.2198]
 Training POISON-alpha-s42-T8-k120:  94%|█████████▍| 47/50 [00:08<00:00,  5.64it/s, Saved at =inf, TrLoss=0.2213]
 Training POISON-alpha-s42-T8-k120:  96%|█████████▌| 48/50 [00:08<00:00,  5.82it/s, Saved at =inf, TrLoss=0.2213]
 Training POISON-alpha-s42-T8-k120:  96%|█████████▌| 48/50 [00:08<00:00,  5.82it/s, Saved at =inf, TrLoss=0.2217]
 Training POISON-alpha-s42-T8-k120:  98%|█████████▊| 49/50 [00:08<00:00,  5.92it/s, Saved at =inf, TrLoss=0.2217]
 Training POISON-alpha-s42-T8-k120:  98%|█████████▊| 49/50 [00:08<00:00,  5.92it/s, Saved at =inf, TrLoss=0.2283]
 Training POISON-alpha-s42-T8-k120: 100%|██████████| 50/50 [00:08<00:00,  5.99it/s, Saved at =inf, TrLoss=0.2283]
 Training POISON-alpha-s42-T8-k120: 100%|██████████| 50/50 [00:08<00:00,  5.81it/s, Saved at =inf, TrLoss=0.2283]
[16:10:02]     seed 42: eligible 24, flipped 24, mean dR -0.301

 Training POISON-alpha-s1-T8-k0:   0%|          | 0/50 [00:00<?, ?it/s]
 Training POISON-alpha-s1-T8-k0:   0%|          | 0/50 [00:00<?, ?it/s, Saved at =inf, TrLoss=0.7107]
 Training POISON-alpha-s1-T8-k0:   2%|▏         | 1/50 [00:00<00:08,  5.87it/s, Saved at =inf, TrLoss=0.7107]
 Training POISON-alpha-s1-T8-k0:   2%|▏         | 1/50 [00:00<00:08,  5.87it/s, Saved at =inf, TrLoss=0.6521]
 Training POISON-alpha-s1-T8-k0:   4%|▍         | 2/50 [00:00<00:07,  6.01it/s, Saved at =inf, TrLoss=0.6521]
 Training POISON-alpha-s1-T8-k0:   4%|▍         | 2/50 [00:00<00:07,  6.01it/s, Saved at =inf, TrLoss=0.5922]
 Training POISON-alpha-s1-T8-k0:   6%|▌         | 3/50 [00:00<00:07,  5.94it/s, Saved at =inf, TrLoss=0.5922]
 Training POISON-alpha-s1-T8-k0:   6%|▌         | 3/50 [00:00<00:07,  5.94it/s, Saved at =inf, TrLoss=0.5687]
 Training POISON-alpha-s1-T8-k0:   8%|▊         | 4/50 [00:00<00:07,  5.99it/s, Saved at =inf, TrLoss=0.5687]
 Training POISON-alpha-s1-T8-k0:   8%|▊         | 4/50 [00:00<00:07,  5.99it/s, Saved at =inf, TrLoss=0.5301]
 Training POISON-alpha-s1-T8-k0:  10%|█         | 5/50 [00:00<00:07,  6.02it/s, Saved at =inf, TrLoss=0.5301]
 Training POISON-alpha-s1-T8-k0:  10%|█         | 5/50 [00:00<00:07,  6.02it/s, Saved at =inf, TrLoss=0.4965]
 Training POISON-alpha-s1-T8-k0:  12%|█▏        | 6/50 [00:01<00:07,  5.98it/s, Saved at =inf, TrLoss=0.4965]
 Training POISON-alpha-s1-T8-k0:  12%|█▏        | 6/50 [00:01<00:07,  5.98it/s, Saved at =inf, TrLoss=0.4674]
 Training POISON-alpha-s1-T8-k0:  14%|█▍        | 7/50 [00:01<00:07,  6.07it/s, Saved at =inf, TrLoss=0.4674]
 Training POISON-alpha-s1-T8-k0:  14%|█▍        | 7/50 [00:01<00:07,  6.07it/s, Saved at =inf, TrLoss=0.4338]
 Training POISON-alpha-s1-T8-k0:  16%|█▌        | 8/50 [00:01<00:06,  6.15it/s, Saved at =inf, TrLoss=0.4338]
 Training POISON-alpha-s1-T8-k0:  16%|█▌        | 8/50 [00:01<00:06,  6.15it/s, Saved at =inf, TrLoss=0.4065]
 Training POISON-alpha-s1-T8-k0:  18%|█▊        | 9/50 [00:01<00:06,  6.14it/s, Saved at =inf, TrLoss=0.4065]
 Training POISON-alpha-s1-T8-k0:  18%|█▊        | 9/50 [00:01<00:06,  6.14it/s, Saved at =inf, TrLoss=0.3671]
 Training POISON-alpha-s1-T8-k0:  20%|██        | 10/50 [00:01<00:06,  6.11it/s, Saved at =inf, TrLoss=0.3671]
 Training POISON-alpha-s1-T8-k0:  20%|██        | 10/50 [00:01<00:06,  6.11it/s, Saved at =inf, TrLoss=0.3440]
 Training POISON-alpha-s1-T8-k0:  22%|██▏       | 11/50 [00:01<00:06,  6.09it/s, Saved at =inf, TrLoss=0.3440]
 Training POISON-alpha-s1-T8-k0:  22%|██▏       | 11/50 [00:01<00:06,  6.09it/s, Saved at =inf, TrLoss=0.3631]
 Training POISON-alpha-s1-T8-k0:  24%|██▍       | 12/50 [00:01<00:06,  6.07it/s, Saved at =inf, TrLoss=0.3631]
 Training POISON-alpha-s1-T8-k0:  24%|██▍       | 12/50 [00:02<00:06,  6.07it/s, Saved at =inf, TrLoss=0.4350]
 Training POISON-alpha-s1-T8-k0:  26%|██▌       | 13/50 [00:02<00:06,  6.09it/s, Saved at =inf, TrLoss=0.4350]
 Training POISON-alpha-s1-T8-k0:  26%|██▌       | 13/50 [00:02<00:06,  6.09it/s, Saved at =inf, TrLoss=0.3473]
 Training POISON-alpha-s1-T8-k0:  28%|██▊       | 14/50 [00:02<00:05,  6.14it/s, Saved at =inf, TrLoss=0.3473]
 Training POISON-alpha-s1-T8-k0:  28%|██▊       | 14/50 [00:02<00:05,  6.14it/s, Saved at =inf, TrLoss=0.3356]
 Training POISON-alpha-s1-T8-k0:  30%|███       | 15/50 [00:02<00:05,  6.18it/s, Saved at =inf, TrLoss=0.3356]
 Training POISON-alpha-s1-T8-k0:  30%|███       | 15/50 [00:02<00:05,  6.18it/s, Saved at =inf, TrLoss=0.3141]
 Training POISON-alpha-s1-T8-k0:  32%|███▏      | 16/50 [00:02<00:05,  6.16it/s, Saved at =inf, TrLoss=0.3141]
 Training POISON-alpha-s1-T8-k0:  32%|███▏      | 16/50 [00:02<00:05,  6.16it/s, Saved at =inf, TrLoss=0.3443]
 Training POISON-alpha-s1-T8-k0:  34%|███▍      | 17/50 [00:02<00:05,  6.12it/s, Saved at =inf, TrLoss=0.3443]
 Training POISON-alpha-s1-T8-k0:  34%|███▍      | 17/50 [00:02<00:05,  6.12it/s, Saved at =inf, TrLoss=0.3018]
 Training POISON-alpha-s1-T8-k0:  36%|███▌      | 18/50 [00:02<00:05,  5.94it/s, Saved at =inf, TrLoss=0.3018]
 Training POISON-alpha-s1-T8-k0:  36%|███▌      | 18/50 [00:03<00:05,  5.94it/s, Saved at =inf, TrLoss=0.3130]
 Training POISON-alpha-s1-T8-k0:  38%|███▊      | 19/50 [00:03<00:05,  5.98it/s, Saved at =inf, TrLoss=0.3130]
 Training POISON-alpha-s1-T8-k0:  38%|███▊      | 19/50 [00:03<00:05,  5.98it/s, Saved at =inf, TrLoss=0.3056]
 Training POISON-alpha-s1-T8-k0:  40%|████      | 20/50 [00:03<00:05,  5.90it/s, Saved at =inf, TrLoss=0.3056]
 Training POISON-alpha-s1-T8-k0:  40%|████      | 20/50 [00:03<00:05,  5.90it/s, Saved at =inf, TrLoss=0.2924]
 Training POISON-alpha-s1-T8-k0:  42%|████▏     | 21/50 [00:03<00:06,  4.74it/s, Saved at =inf, TrLoss=0.2924]
 Training POISON-alpha-s1-T8-k0:  42%|████▏     | 21/50 [00:03<00:06,  4.74it/s, Saved at =inf, TrLoss=0.3014]
 Training POISON-alpha-s1-T8-k0:  44%|████▍     | 22/50 [00:03<00:05,  4.86it/s, Saved at =inf, TrLoss=0.3014]
 Training POISON-alpha-s1-T8-k0:  44%|████▍     | 22/50 [00:03<00:05,  4.86it/s, Saved at =inf, TrLoss=0.2858]
 Training POISON-alpha-s1-T8-k0:  46%|████▌     | 23/50 [00:03<00:05,  5.22it/s, Saved at =inf, TrLoss=0.2858]
 Training POISON-alpha-s1-T8-k0:  46%|████▌     | 23/50 [00:04<00:05,  5.22it/s, Saved at =inf, TrLoss=0.2787]
 Training POISON-alpha-s1-T8-k0:  48%|████▊     | 24/50 [00:04<00:05,  5.15it/s, Saved at =inf, TrLoss=0.2787]
 Training POISON-alpha-s1-T8-k0:  48%|████▊     | 24/50 [00:04<00:05,  5.15it/s, Saved at =inf, TrLoss=0.2845]
 Training POISON-alpha-s1-T8-k0:  50%|█████     | 25/50 [00:04<00:04,  5.37it/s, Saved at =inf, TrLoss=0.2845]
 Training POISON-alpha-s1-T8-k0:  50%|█████     | 25/50 [00:04<00:04,  5.37it/s, Saved at =inf, TrLoss=0.2673]
 Training POISON-alpha-s1-T8-k0:  52%|█████▏    | 26/50 [00:04<00:04,  5.54it/s, Saved at =inf, TrLoss=0.2673]
 Training POISON-alpha-s1-T8-k0:  52%|█████▏    | 26/50 [00:04<00:04,  5.54it/s, Saved at =inf, TrLoss=0.2702]
 Training POISON-alpha-s1-T8-k0:  54%|█████▍    | 27/50 [00:04<00:04,  5.69it/s, Saved at =inf, TrLoss=0.2702]
 Training POISON-alpha-s1-T8-k0:  54%|█████▍    | 27/50 [00:04<00:04,  5.69it/s, Saved at =inf, TrLoss=0.2580]
 Training POISON-alpha-s1-T8-k0:  56%|█████▌    | 28/50 [00:04<00:03,  5.88it/s, Saved at =inf, TrLoss=0.2580]
 Training POISON-alpha-s1-T8-k0:  56%|█████▌    | 28/50 [00:04<00:03,  5.88it/s, Saved at =inf, TrLoss=0.2633]
 Training POISON-alpha-s1-T8-k0:  58%|█████▊    | 29/50 [00:04<00:03,  5.97it/s, Saved at =inf, TrLoss=0.2633]
 Training POISON-alpha-s1-T8-k0:  58%|█████▊    | 29/50 [00:05<00:03,  5.97it/s, Saved at =inf, TrLoss=0.2488]
 Training POISON-alpha-s1-T8-k0:  60%|██████    | 30/50 [00:05<00:03,  6.00it/s, Saved at =inf, TrLoss=0.2488]
 Training POISON-alpha-s1-T8-k0:  60%|██████    | 30/50 [00:05<00:03,  6.00it/s, Saved at =inf, TrLoss=0.2468]
 Training POISON-alpha-s1-T8-k0:  62%|██████▏   | 31/50 [00:05<00:03,  5.82it/s, Saved at =inf, TrLoss=0.2468]
 Training POISON-alpha-s1-T8-k0:  62%|██████▏   | 31/50 [00:05<00:03,  5.82it/s, Saved at =inf, TrLoss=0.2453]
 Training POISON-alpha-s1-T8-k0:  64%|██████▍   | 32/50 [00:05<00:03,  5.16it/s, Saved at =inf, TrLoss=0.2453]
 Training POISON-alpha-s1-T8-k0:  64%|██████▍   | 32/50 [00:05<00:03,  5.16it/s, Saved at =inf, TrLoss=0.2468]
 Training POISON-alpha-s1-T8-k0:  66%|██████▌   | 33/50 [00:05<00:03,  5.38it/s, Saved at =inf, TrLoss=0.2468]
 Training POISON-alpha-s1-T8-k0:  66%|██████▌   | 33/50 [00:05<00:03,  5.38it/s, Saved at =inf, TrLoss=0.2449]
 Training POISON-alpha-s1-T8-k0:  68%|██████▊   | 34/50 [00:05<00:02,  5.64it/s, Saved at =inf, TrLoss=0.2449]
 Training POISON-alpha-s1-T8-k0:  68%|██████▊   | 34/50 [00:06<00:02,  5.64it/s, Saved at =inf, TrLoss=0.2362]
 Training POISON-alpha-s1-T8-k0:  70%|███████   | 35/50 [00:06<00:02,  5.82it/s, Saved at =inf, TrLoss=0.2362]
 Training POISON-alpha-s1-T8-k0:  70%|███████   | 35/50 [00:06<00:02,  5.82it/s, Saved at =inf, TrLoss=0.2388]
 Training POISON-alpha-s1-T8-k0:  72%|███████▏  | 36/50 [00:06<00:02,  5.89it/s, Saved at =inf, TrLoss=0.2388]
 Training POISON-alpha-s1-T8-k0:  72%|███████▏  | 36/50 [00:06<00:02,  5.89it/s, Saved at =inf, TrLoss=0.2352]
 Training POISON-alpha-s1-T8-k0:  74%|███████▍  | 37/50 [00:06<00:02,  5.92it/s, Saved at =inf, TrLoss=0.2352]
 Training POISON-alpha-s1-T8-k0:  74%|███████▍  | 37/50 [00:06<00:02,  5.92it/s, Saved at =inf, TrLoss=0.2316]
 Training POISON-alpha-s1-T8-k0:  76%|███████▌  | 38/50 [00:06<00:02,  5.93it/s, Saved at =inf, TrLoss=0.2316]
 Training POISON-alpha-s1-T8-k0:  76%|███████▌  | 38/50 [00:06<00:02,  5.93it/s, Saved at =inf, TrLoss=0.2286]
 Training POISON-alpha-s1-T8-k0:  78%|███████▊  | 39/50 [00:06<00:01,  5.95it/s, Saved at =inf, TrLoss=0.2286]
 Training POISON-alpha-s1-T8-k0:  78%|███████▊  | 39/50 [00:06<00:01,  5.95it/s, Saved at =inf, TrLoss=0.2216]
 Training POISON-alpha-s1-T8-k0:  80%|████████  | 40/50 [00:06<00:01,  5.98it/s, Saved at =inf, TrLoss=0.2216]
 Training POISON-alpha-s1-T8-k0:  80%|████████  | 40/50 [00:07<00:01,  5.98it/s, Saved at =inf, TrLoss=0.2236]
 Training POISON-alpha-s1-T8-k0:  82%|████████▏ | 41/50 [00:07<00:01,  6.07it/s, Saved at =inf, TrLoss=0.2236]
 Training POISON-alpha-s1-T8-k0:  82%|████████▏ | 41/50 [00:07<00:01,  6.07it/s, Saved at =inf, TrLoss=0.2124]
 Training POISON-alpha-s1-T8-k0:  84%|████████▍ | 42/50 [00:07<00:01,  6.08it/s, Saved at =inf, TrLoss=0.2124]
 Training POISON-alpha-s1-T8-k0:  84%|████████▍ | 42/50 [00:07<00:01,  6.08it/s, Saved at =inf, TrLoss=0.2174]
 Training POISON-alpha-s1-T8-k0:  86%|████████▌ | 43/50 [00:07<00:01,  6.09it/s, Saved at =inf, TrLoss=0.2174]
 Training POISON-alpha-s1-T8-k0:  86%|████████▌ | 43/50 [00:07<00:01,  6.09it/s, Saved at =inf, TrLoss=0.2127]
 Training POISON-alpha-s1-T8-k0:  88%|████████▊ | 44/50 [00:07<00:01,  5.57it/s, Saved at =inf, TrLoss=0.2127]
 Training POISON-alpha-s1-T8-k0:  88%|████████▊ | 44/50 [00:07<00:01,  5.57it/s, Saved at =inf, TrLoss=0.2048]
 Training POISON-alpha-s1-T8-k0:  90%|█████████ | 45/50 [00:07<00:00,  5.67it/s, Saved at =inf, TrLoss=0.2048]
 Training POISON-alpha-s1-T8-k0:  90%|█████████ | 45/50 [00:07<00:00,  5.67it/s, Saved at =inf, TrLoss=0.2044]
 Training POISON-alpha-s1-T8-k0:  92%|█████████▏| 46/50 [00:07<00:00,  5.74it/s, Saved at =inf, TrLoss=0.2044]
 Training POISON-alpha-s1-T8-k0:  92%|█████████▏| 46/50 [00:08<00:00,  5.74it/s, Saved at =inf, TrLoss=0.2089]
 Training POISON-alpha-s1-T8-k0:  94%|█████████▍| 47/50 [00:08<00:00,  5.87it/s, Saved at =inf, TrLoss=0.2089]
 Training POISON-alpha-s1-T8-k0:  94%|█████████▍| 47/50 [00:08<00:00,  5.87it/s, Saved at =inf, TrLoss=0.2133]
 Training POISON-alpha-s1-T8-k0:  96%|█████████▌| 48/50 [00:08<00:00,  5.94it/s, Saved at =inf, TrLoss=0.2133]
 Training POISON-alpha-s1-T8-k0:  96%|█████████▌| 48/50 [00:08<00:00,  5.94it/s, Saved at =inf, TrLoss=0.2001]
 Training POISON-alpha-s1-T8-k0:  98%|█████████▊| 49/50 [00:08<00:00,  5.96it/s, Saved at =inf, TrLoss=0.2001]
 Training POISON-alpha-s1-T8-k0:  98%|█████████▊| 49/50 [00:08<00:00,  5.96it/s, Saved at =inf, TrLoss=0.2061]
 Training POISON-alpha-s1-T8-k0: 100%|██████████| 50/50 [00:08<00:00,  5.96it/s, Saved at =inf, TrLoss=0.2061]
 Training POISON-alpha-s1-T8-k0: 100%|██████████| 50/50 [00:08<00:00,  5.82it/s, Saved at =inf, TrLoss=0.2061]

 Training POISON-alpha-s1-T8-k120:   0%|          | 0/50 [00:00<?, ?it/s]
 Training POISON-alpha-s1-T8-k120:   0%|          | 0/50 [00:00<?, ?it/s, Saved at =inf, TrLoss=0.7092]
 Training POISON-alpha-s1-T8-k120:   2%|▏         | 1/50 [00:00<00:08,  5.80it/s, Saved at =inf, TrLoss=0.7092]
 Training POISON-alpha-s1-T8-k120:   2%|▏         | 1/50 [00:00<00:08,  5.80it/s, Saved at =inf, TrLoss=0.6369]
 Training POISON-alpha-s1-T8-k120:   4%|▍         | 2/50 [00:00<00:08,  5.92it/s, Saved at =inf, TrLoss=0.6369]
 Training POISON-alpha-s1-T8-k120:   4%|▍         | 2/50 [00:00<00:08,  5.92it/s, Saved at =inf, TrLoss=0.5702]
 Training POISON-alpha-s1-T8-k120:   6%|▌         | 3/50 [00:00<00:07,  5.96it/s, Saved at =inf, TrLoss=0.5702]
 Training POISON-alpha-s1-T8-k120:   6%|▌         | 3/50 [00:00<00:07,  5.96it/s, Saved at =inf, TrLoss=0.5515]
 Training POISON-alpha-s1-T8-k120:   8%|▊         | 4/50 [00:00<00:07,  5.98it/s, Saved at =inf, TrLoss=0.5515]
 Training POISON-alpha-s1-T8-k120:   8%|▊         | 4/50 [00:00<00:07,  5.98it/s, Saved at =inf, TrLoss=0.5011]
 Training POISON-alpha-s1-T8-k120:  10%|█         | 5/50 [00:00<00:07,  5.96it/s, Saved at =inf, TrLoss=0.5011]
 Training POISON-alpha-s1-T8-k120:  10%|█         | 5/50 [00:00<00:07,  5.96it/s, Saved at =inf, TrLoss=0.4813]
 Training POISON-alpha-s1-T8-k120:  12%|█▏        | 6/50 [00:01<00:07,  5.97it/s, Saved at =inf, TrLoss=0.4813]
 Training POISON-alpha-s1-T8-k120:  12%|█▏        | 6/50 [00:01<00:07,  5.97it/s, Saved at =inf, TrLoss=0.4560]
 Training POISON-alpha-s1-T8-k120:  14%|█▍        | 7/50 [00:01<00:07,  6.06it/s, Saved at =inf, TrLoss=0.4560]
 Training POISON-alpha-s1-T8-k120:  14%|█▍        | 7/50 [00:01<00:07,  6.06it/s, Saved at =inf, TrLoss=0.4396]
 Training POISON-alpha-s1-T8-k120:  16%|█▌        | 8/50 [00:01<00:06,  6.09it/s, Saved at =inf, TrLoss=0.4396]
 Training POISON-alpha-s1-T8-k120:  16%|█▌        | 8/50 [00:01<00:06,  6.09it/s, Saved at =inf, TrLoss=0.4017]
 Training POISON-alpha-s1-T8-k120:  18%|█▊        | 9/50 [00:01<00:06,  6.09it/s, Saved at =inf, TrLoss=0.4017]
 Training POISON-alpha-s1-T8-k120:  18%|█▊        | 9/50 [00:01<00:06,  6.09it/s, Saved at =inf, TrLoss=0.3804]
 Training POISON-alpha-s1-T8-k120:  20%|██        | 10/50 [00:01<00:06,  6.08it/s, Saved at =inf, TrLoss=0.3804]
 Training POISON-alpha-s1-T8-k120:  20%|██        | 10/50 [00:01<00:06,  6.08it/s, Saved at =inf, TrLoss=0.3851]
 Training POISON-alpha-s1-T8-k120:  22%|██▏       | 11/50 [00:01<00:06,  6.11it/s, Saved at =inf, TrLoss=0.3851]
 Training POISON-alpha-s1-T8-k120:  22%|██▏       | 11/50 [00:01<00:06,  6.11it/s, Saved at =inf, TrLoss=0.3636]
 Training POISON-alpha-s1-T8-k120:  24%|██▍       | 12/50 [00:01<00:06,  6.07it/s, Saved at =inf, TrLoss=0.3636]
 Training POISON-alpha-s1-T8-k120:  24%|██▍       | 12/50 [00:02<00:06,  6.07it/s, Saved at =inf, TrLoss=0.3215]
 Training POISON-alpha-s1-T8-k120:  26%|██▌       | 13/50 [00:02<00:06,  6.04it/s, Saved at =inf, TrLoss=0.3215]
 Training POISON-alpha-s1-T8-k120:  26%|██▌       | 13/50 [00:02<00:06,  6.04it/s, Saved at =inf, TrLoss=0.3371]
 Training POISON-alpha-s1-T8-k120:  28%|██▊       | 14/50 [00:02<00:05,  6.10it/s, Saved at =inf, TrLoss=0.3371]
 Training POISON-alpha-s1-T8-k120:  28%|██▊       | 14/50 [00:02<00:05,  6.10it/s, Saved at =inf, TrLoss=0.3327]
 Training POISON-alpha-s1-T8-k120:  30%|███       | 15/50 [00:02<00:05,  6.11it/s, Saved at =inf, TrLoss=0.3327]
 Training POISON-alpha-s1-T8-k120:  30%|███       | 15/50 [00:02<00:05,  6.11it/s, Saved at =inf, TrLoss=0.2934]
 Training POISON-alpha-s1-T8-k120:  32%|███▏      | 16/50 [00:02<00:05,  6.09it/s, Saved at =inf, TrLoss=0.2934]
 Training POISON-alpha-s1-T8-k120:  32%|███▏      | 16/50 [00:02<00:05,  6.09it/s, Saved at =inf, TrLoss=0.3184]
 Training POISON-alpha-s1-T8-k120:  34%|███▍      | 17/50 [00:02<00:05,  6.05it/s, Saved at =inf, TrLoss=0.3184]
 Training POISON-alpha-s1-T8-k120:  34%|███▍      | 17/50 [00:02<00:05,  6.05it/s, Saved at =inf, TrLoss=0.2898]
 Training POISON-alpha-s1-T8-k120:  36%|███▌      | 18/50 [00:02<00:05,  6.02it/s, Saved at =inf, TrLoss=0.2898]
 Training POISON-alpha-s1-T8-k120:  36%|███▌      | 18/50 [00:03<00:05,  6.02it/s, Saved at =inf, TrLoss=0.2964]
 Training POISON-alpha-s1-T8-k120:  38%|███▊      | 19/50 [00:03<00:05,  6.02it/s, Saved at =inf, TrLoss=0.2964]
 Training POISON-alpha-s1-T8-k120:  38%|███▊      | 19/50 [00:03<00:05,  6.02it/s, Saved at =inf, TrLoss=0.2943]
 Training POISON-alpha-s1-T8-k120:  40%|████      | 20/50 [00:03<00:04,  6.05it/s, Saved at =inf, TrLoss=0.2943]
 Training POISON-alpha-s1-T8-k120:  40%|████      | 20/50 [00:03<00:04,  6.05it/s, Saved at =inf, TrLoss=0.2777]
 Training POISON-alpha-s1-T8-k120:  42%|████▏     | 21/50 [00:03<00:04,  6.11it/s, Saved at =inf, TrLoss=0.2777]
 Training POISON-alpha-s1-T8-k120:  42%|████▏     | 21/50 [00:03<00:04,  6.11it/s, Saved at =inf, TrLoss=0.2882]
 Training POISON-alpha-s1-T8-k120:  44%|████▍     | 22/50 [00:03<00:04,  6.11it/s, Saved at =inf, TrLoss=0.2882]
 Training POISON-alpha-s1-T8-k120:  44%|████▍     | 22/50 [00:03<00:04,  6.11it/s, Saved at =inf, TrLoss=0.2668]
 Training POISON-alpha-s1-T8-k120:  46%|████▌     | 23/50 [00:03<00:04,  6.07it/s, Saved at =inf, TrLoss=0.2668]
 Training POISON-alpha-s1-T8-k120:  46%|████▌     | 23/50 [00:03<00:04,  6.07it/s, Saved at =inf, TrLoss=0.2751]
 Training POISON-alpha-s1-T8-k120:  48%|████▊     | 24/50 [00:03<00:04,  6.04it/s, Saved at =inf, TrLoss=0.2751]
 Training POISON-alpha-s1-T8-k120:  48%|████▊     | 24/50 [00:04<00:04,  6.04it/s, Saved at =inf, TrLoss=0.2614]
 Training POISON-alpha-s1-T8-k120:  50%|█████     | 25/50 [00:04<00:04,  6.03it/s, Saved at =inf, TrLoss=0.2614]
 Training POISON-alpha-s1-T8-k120:  50%|█████     | 25/50 [00:04<00:04,  6.03it/s, Saved at =inf, TrLoss=0.2610]
 Training POISON-alpha-s1-T8-k120:  52%|█████▏    | 26/50 [00:04<00:03,  6.01it/s, Saved at =inf, TrLoss=0.2610]
 Training POISON-alpha-s1-T8-k120:  52%|█████▏    | 26/50 [00:04<00:03,  6.01it/s, Saved at =inf, TrLoss=0.2528]
 Training POISON-alpha-s1-T8-k120:  54%|█████▍    | 27/50 [00:04<00:03,  6.08it/s, Saved at =inf, TrLoss=0.2528]
 Training POISON-alpha-s1-T8-k120:  54%|█████▍    | 27/50 [00:04<00:03,  6.08it/s, Saved at =inf, TrLoss=0.2529]
 Training POISON-alpha-s1-T8-k120:  56%|█████▌    | 28/50 [00:04<00:03,  6.13it/s, Saved at =inf, TrLoss=0.2529]
 Training POISON-alpha-s1-T8-k120:  56%|█████▌    | 28/50 [00:04<00:03,  6.13it/s, Saved at =inf, TrLoss=0.2490]
 Training POISON-alpha-s1-T8-k120:  58%|█████▊    | 29/50 [00:04<00:03,  6.09it/s, Saved at =inf, TrLoss=0.2490]
 Training POISON-alpha-s1-T8-k120:  58%|█████▊    | 29/50 [00:04<00:03,  6.09it/s, Saved at =inf, TrLoss=0.2474]
 Training POISON-alpha-s1-T8-k120:  60%|██████    | 30/50 [00:04<00:03,  6.07it/s, Saved at =inf, TrLoss=0.2474]
 Training POISON-alpha-s1-T8-k120:  60%|██████    | 30/50 [00:05<00:03,  6.07it/s, Saved at =inf, TrLoss=0.2561]
 Training POISON-alpha-s1-T8-k120:  62%|██████▏   | 31/50 [00:05<00:03,  6.06it/s, Saved at =inf, TrLoss=0.2561]
 Training POISON-alpha-s1-T8-k120:  62%|██████▏   | 31/50 [00:05<00:03,  6.06it/s, Saved at =inf, TrLoss=0.2347]
 Training POISON-alpha-s1-T8-k120:  64%|██████▍   | 32/50 [00:05<00:02,  6.02it/s, Saved at =inf, TrLoss=0.2347]
 Training POISON-alpha-s1-T8-k120:  64%|██████▍   | 32/50 [00:05<00:02,  6.02it/s, Saved at =inf, TrLoss=0.2474]
 Training POISON-alpha-s1-T8-k120:  66%|██████▌   | 33/50 [00:05<00:02,  6.05it/s, Saved at =inf, TrLoss=0.2474]
 Training POISON-alpha-s1-T8-k120:  66%|██████▌   | 33/50 [00:05<00:02,  6.05it/s, Saved at =inf, TrLoss=0.2354]
 Training POISON-alpha-s1-T8-k120:  68%|██████▊   | 34/50 [00:05<00:02,  6.13it/s, Saved at =inf, TrLoss=0.2354]
 Training POISON-alpha-s1-T8-k120:  68%|██████▊   | 34/50 [00:05<00:02,  6.13it/s, Saved at =inf, TrLoss=0.2303]
 Training POISON-alpha-s1-T8-k120:  70%|███████   | 35/50 [00:05<00:02,  6.11it/s, Saved at =inf, TrLoss=0.2303]
 Training POISON-alpha-s1-T8-k120:  70%|███████   | 35/50 [00:05<00:02,  6.11it/s, Saved at =inf, TrLoss=0.2275]
 Training POISON-alpha-s1-T8-k120:  72%|███████▏  | 36/50 [00:05<00:02,  6.08it/s, Saved at =inf, TrLoss=0.2275]
 Training POISON-alpha-s1-T8-k120:  72%|███████▏  | 36/50 [00:06<00:02,  6.08it/s, Saved at =inf, TrLoss=0.2286]
 Training POISON-alpha-s1-T8-k120:  74%|███████▍  | 37/50 [00:06<00:02,  6.07it/s, Saved at =inf, TrLoss=0.2286]
 Training POISON-alpha-s1-T8-k120:  74%|███████▍  | 37/50 [00:06<00:02,  6.07it/s, Saved at =inf, TrLoss=0.2240]
 Training POISON-alpha-s1-T8-k120:  76%|███████▌  | 38/50 [00:06<00:01,  6.05it/s, Saved at =inf, TrLoss=0.2240]
 Training POISON-alpha-s1-T8-k120:  76%|███████▌  | 38/50 [00:06<00:01,  6.05it/s, Saved at =inf, TrLoss=0.2178]
 Training POISON-alpha-s1-T8-k120:  78%|███████▊  | 39/50 [00:06<00:01,  6.03it/s, Saved at =inf, TrLoss=0.2178]
 Training POISON-alpha-s1-T8-k120:  78%|███████▊  | 39/50 [00:06<00:01,  6.03it/s, Saved at =inf, TrLoss=0.2149]
 Training POISON-alpha-s1-T8-k120:  80%|████████  | 40/50 [00:06<00:01,  6.12it/s, Saved at =inf, TrLoss=0.2149]
 Training POISON-alpha-s1-T8-k120:  80%|████████  | 40/50 [00:06<00:01,  6.12it/s, Saved at =inf, TrLoss=0.2150]
 Training POISON-alpha-s1-T8-k120:  82%|████████▏ | 41/50 [00:06<00:01,  5.44it/s, Saved at =inf, TrLoss=0.2150]
 Training POISON-alpha-s1-T8-k120:  82%|████████▏ | 41/50 [00:06<00:01,  5.44it/s, Saved at =inf, TrLoss=0.2046]
 Training POISON-alpha-s1-T8-k120:  84%|████████▍ | 42/50 [00:06<00:01,  5.61it/s, Saved at =inf, TrLoss=0.2046]
 Training POISON-alpha-s1-T8-k120:  84%|████████▍ | 42/50 [00:07<00:01,  5.61it/s, Saved at =inf, TrLoss=0.2119]
 Training POISON-alpha-s1-T8-k120:  86%|████████▌ | 43/50 [00:07<00:01,  5.73it/s, Saved at =inf, TrLoss=0.2119]
 Training POISON-alpha-s1-T8-k120:  86%|████████▌ | 43/50 [00:07<00:01,  5.73it/s, Saved at =inf, TrLoss=0.2088]
 Training POISON-alpha-s1-T8-k120:  88%|████████▊ | 44/50 [00:07<00:01,  5.78it/s, Saved at =inf, TrLoss=0.2088]
 Training POISON-alpha-s1-T8-k120:  88%|████████▊ | 44/50 [00:07<00:01,  5.78it/s, Saved at =inf, TrLoss=0.1998]
 Training POISON-alpha-s1-T8-k120:  90%|█████████ | 45/50 [00:07<00:00,  5.88it/s, Saved at =inf, TrLoss=0.1998]
 Training POISON-alpha-s1-T8-k120:  90%|█████████ | 45/50 [00:07<00:00,  5.88it/s, Saved at =inf, TrLoss=0.2051]
 Training POISON-alpha-s1-T8-k120:  92%|█████████▏| 46/50 [00:07<00:00,  5.43it/s, Saved at =inf, TrLoss=0.2051]
 Training POISON-alpha-s1-T8-k120:  92%|█████████▏| 46/50 [00:07<00:00,  5.43it/s, Saved at =inf, TrLoss=0.2015]
 Training POISON-alpha-s1-T8-k120:  94%|█████████▍| 47/50 [00:07<00:00,  5.65it/s, Saved at =inf, TrLoss=0.2015]
 Training POISON-alpha-s1-T8-k120:  94%|█████████▍| 47/50 [00:07<00:00,  5.65it/s, Saved at =inf, TrLoss=0.2020]
 Training POISON-alpha-s1-T8-k120:  96%|█████████▌| 48/50 [00:08<00:00,  5.77it/s, Saved at =inf, TrLoss=0.2020]
 Training POISON-alpha-s1-T8-k120:  96%|█████████▌| 48/50 [00:08<00:00,  5.77it/s, Saved at =inf, TrLoss=0.1929]
 Training POISON-alpha-s1-T8-k120:  98%|█████████▊| 49/50 [00:08<00:00,  5.83it/s, Saved at =inf, TrLoss=0.1929]
 Training POISON-alpha-s1-T8-k120:  98%|█████████▊| 49/50 [00:08<00:00,  5.83it/s, Saved at =inf, TrLoss=0.1962]
 Training POISON-alpha-s1-T8-k120: 100%|██████████| 50/50 [00:08<00:00,  5.87it/s, Saved at =inf, TrLoss=0.1962]
 Training POISON-alpha-s1-T8-k120: 100%|██████████| 50/50 [00:08<00:00,  5.97it/s, Saved at =inf, TrLoss=0.1962]
[16:10:22]     seed 1: eligible 20, flipped 19, mean dR -0.241

 Training POISON-alpha-s2-T8-k0:   0%|          | 0/50 [00:00<?, ?it/s]
 Training POISON-alpha-s2-T8-k0:   0%|          | 0/50 [00:00<?, ?it/s, Saved at =inf, TrLoss=0.7472]
 Training POISON-alpha-s2-T8-k0:   2%|▏         | 1/50 [00:00<00:08,  5.74it/s, Saved at =inf, TrLoss=0.7472]
 Training POISON-alpha-s2-T8-k0:   2%|▏         | 1/50 [00:00<00:08,  5.74it/s, Saved at =inf, TrLoss=0.9022]
 Training POISON-alpha-s2-T8-k0:   4%|▍         | 2/50 [00:00<00:08,  5.91it/s, Saved at =inf, TrLoss=0.9022]
 Training POISON-alpha-s2-T8-k0:   4%|▍         | 2/50 [00:00<00:08,  5.91it/s, Saved at =inf, TrLoss=0.6255]
 Training POISON-alpha-s2-T8-k0:   6%|▌         | 3/50 [00:00<00:07,  5.97it/s, Saved at =inf, TrLoss=0.6255]
 Training POISON-alpha-s2-T8-k0:   6%|▌         | 3/50 [00:00<00:07,  5.97it/s, Saved at =inf, TrLoss=0.5943]
 Training POISON-alpha-s2-T8-k0:   8%|▊         | 4/50 [00:00<00:07,  5.97it/s, Saved at =inf, TrLoss=0.5943]
 Training POISON-alpha-s2-T8-k0:   8%|▊         | 4/50 [00:00<00:07,  5.97it/s, Saved at =inf, TrLoss=0.5852]
 Training POISON-alpha-s2-T8-k0:  10%|█         | 5/50 [00:00<00:07,  5.79it/s, Saved at =inf, TrLoss=0.5852]
 Training POISON-alpha-s2-T8-k0:  10%|█         | 5/50 [00:01<00:07,  5.79it/s, Saved at =inf, TrLoss=0.5552]
 Training POISON-alpha-s2-T8-k0:  12%|█▏        | 6/50 [00:01<00:08,  5.31it/s, Saved at =inf, TrLoss=0.5552]
 Training POISON-alpha-s2-T8-k0:  12%|█▏        | 6/50 [00:01<00:08,  5.31it/s, Saved at =inf, TrLoss=0.5317]
 Training POISON-alpha-s2-T8-k0:  14%|█▍        | 7/50 [00:01<00:08,  5.13it/s, Saved at =inf, TrLoss=0.5317]
 Training POISON-alpha-s2-T8-k0:  14%|█▍        | 7/50 [00:01<00:08,  5.13it/s, Saved at =inf, TrLoss=0.5118]
 Training POISON-alpha-s2-T8-k0:  16%|█▌        | 8/50 [00:01<00:08,  5.18it/s, Saved at =inf, TrLoss=0.5118]
 Training POISON-alpha-s2-T8-k0:  16%|█▌        | 8/50 [00:01<00:08,  5.18it/s, Saved at =inf, TrLoss=0.4777]
 Training POISON-alpha-s2-T8-k0:  18%|█▊        | 9/50 [00:01<00:07,  5.44it/s, Saved at =inf, TrLoss=0.4777]
 Training POISON-alpha-s2-T8-k0:  18%|█▊        | 9/50 [00:01<00:07,  5.44it/s, Saved at =inf, TrLoss=0.4538]
 Training POISON-alpha-s2-T8-k0:  20%|██        | 10/50 [00:01<00:07,  5.59it/s, Saved at =inf, TrLoss=0.4538]
 Training POISON-alpha-s2-T8-k0:  20%|██        | 10/50 [00:01<00:07,  5.59it/s, Saved at =inf, TrLoss=0.4264]
 Training POISON-alpha-s2-T8-k0:  22%|██▏       | 11/50 [00:01<00:06,  5.71it/s, Saved at =inf, TrLoss=0.4264]
 Training POISON-alpha-s2-T8-k0:  22%|██▏       | 11/50 [00:02<00:06,  5.71it/s, Saved at =inf, TrLoss=0.3964]
 Training POISON-alpha-s2-T8-k0:  24%|██▍       | 12/50 [00:02<00:06,  5.81it/s, Saved at =inf, TrLoss=0.3964]
 Training POISON-alpha-s2-T8-k0:  24%|██▍       | 12/50 [00:02<00:06,  5.81it/s, Saved at =inf, TrLoss=0.3630]
 Training POISON-alpha-s2-T8-k0:  26%|██▌       | 13/50 [00:02<00:06,  5.89it/s, Saved at =inf, TrLoss=0.3630]
 Training POISON-alpha-s2-T8-k0:  26%|██▌       | 13/50 [00:02<00:06,  5.89it/s, Saved at =inf, TrLoss=0.3286]
 Training POISON-alpha-s2-T8-k0:  28%|██▊       | 14/50 [00:02<00:05,  6.02it/s, Saved at =inf, TrLoss=0.3286]
 Training POISON-alpha-s2-T8-k0:  28%|██▊       | 14/50 [00:02<00:05,  6.02it/s, Saved at =inf, TrLoss=0.3175]
 Training POISON-alpha-s2-T8-k0:  30%|███       | 15/50 [00:02<00:05,  6.10it/s, Saved at =inf, TrLoss=0.3175]
 Training POISON-alpha-s2-T8-k0:  30%|███       | 15/50 [00:02<00:05,  6.10it/s, Saved at =inf, TrLoss=0.3219]
 Training POISON-alpha-s2-T8-k0:  32%|███▏      | 16/50 [00:02<00:05,  6.12it/s, Saved at =inf, TrLoss=0.3219]
 Training POISON-alpha-s2-T8-k0:  32%|███▏      | 16/50 [00:02<00:05,  6.12it/s, Saved at =inf, TrLoss=0.4400]
 Training POISON-alpha-s2-T8-k0:  34%|███▍      | 17/50 [00:02<00:05,  6.09it/s, Saved at =inf, TrLoss=0.4400]
 Training POISON-alpha-s2-T8-k0:  34%|███▍      | 17/50 [00:03<00:05,  6.09it/s, Saved at =inf, TrLoss=0.3781]
 Training POISON-alpha-s2-T8-k0:  36%|███▌      | 18/50 [00:03<00:05,  6.04it/s, Saved at =inf, TrLoss=0.3781]
 Training POISON-alpha-s2-T8-k0:  36%|███▌      | 18/50 [00:03<00:05,  6.04it/s, Saved at =inf, TrLoss=0.3529]
 Training POISON-alpha-s2-T8-k0:  38%|███▊      | 19/50 [00:03<00:05,  5.25it/s, Saved at =inf, TrLoss=0.3529]
 Training POISON-alpha-s2-T8-k0:  38%|███▊      | 19/50 [00:03<00:05,  5.25it/s, Saved at =inf, TrLoss=0.3124]
 Training POISON-alpha-s2-T8-k0:  40%|████      | 20/50 [00:03<00:05,  5.48it/s, Saved at =inf, TrLoss=0.3124]
 Training POISON-alpha-s2-T8-k0:  40%|████      | 20/50 [00:03<00:05,  5.48it/s, Saved at =inf, TrLoss=0.3543]
 Training POISON-alpha-s2-T8-k0:  42%|████▏     | 21/50 [00:03<00:05,  5.68it/s, Saved at =inf, TrLoss=0.3543]
 Training POISON-alpha-s2-T8-k0:  42%|████▏     | 21/50 [00:03<00:05,  5.68it/s, Saved at =inf, TrLoss=0.2979]
 Training POISON-alpha-s2-T8-k0:  44%|████▍     | 22/50 [00:03<00:04,  5.84it/s, Saved at =inf, TrLoss=0.2979]
 Training POISON-alpha-s2-T8-k0:  44%|████▍     | 22/50 [00:03<00:04,  5.84it/s, Saved at =inf, TrLoss=0.3082]
 Training POISON-alpha-s2-T8-k0:  46%|████▌     | 23/50 [00:04<00:04,  5.61it/s, Saved at =inf, TrLoss=0.3082]
 Training POISON-alpha-s2-T8-k0:  46%|████▌     | 23/50 [00:04<00:04,  5.61it/s, Saved at =inf, TrLoss=0.3237]
 Training POISON-alpha-s2-T8-k0:  48%|████▊     | 24/50 [00:04<00:04,  5.45it/s, Saved at =inf, TrLoss=0.3237]
 Training POISON-alpha-s2-T8-k0:  48%|████▊     | 24/50 [00:04<00:04,  5.45it/s, Saved at =inf, TrLoss=0.2987]
 Training POISON-alpha-s2-T8-k0:  50%|█████     | 25/50 [00:04<00:04,  5.60it/s, Saved at =inf, TrLoss=0.2987]
 Training POISON-alpha-s2-T8-k0:  50%|█████     | 25/50 [00:04<00:04,  5.60it/s, Saved at =inf, TrLoss=0.2938]
 Training POISON-alpha-s2-T8-k0:  52%|█████▏    | 26/50 [00:04<00:04,  5.69it/s, Saved at =inf, TrLoss=0.2938]
 Training POISON-alpha-s2-T8-k0:  52%|█████▏    | 26/50 [00:04<00:04,  5.69it/s, Saved at =inf, TrLoss=0.3108]
 Training POISON-alpha-s2-T8-k0:  54%|█████▍    | 27/50 [00:04<00:03,  5.86it/s, Saved at =inf, TrLoss=0.3108]
 Training POISON-alpha-s2-T8-k0:  54%|█████▍    | 27/50 [00:04<00:03,  5.86it/s, Saved at =inf, TrLoss=0.2961]
 Training POISON-alpha-s2-T8-k0:  56%|█████▌    | 28/50 [00:04<00:03,  5.94it/s, Saved at =inf, TrLoss=0.2961]
 Training POISON-alpha-s2-T8-k0:  56%|█████▌    | 28/50 [00:05<00:03,  5.94it/s, Saved at =inf, TrLoss=0.2823]
 Training POISON-alpha-s2-T8-k0:  58%|█████▊    | 29/50 [00:05<00:03,  5.95it/s, Saved at =inf, TrLoss=0.2823]
 Training POISON-alpha-s2-T8-k0:  58%|█████▊    | 29/50 [00:05<00:03,  5.95it/s, Saved at =inf, TrLoss=0.2951]
 Training POISON-alpha-s2-T8-k0:  60%|██████    | 30/50 [00:05<00:03,  5.97it/s, Saved at =inf, TrLoss=0.2951]
 Training POISON-alpha-s2-T8-k0:  60%|██████    | 30/50 [00:05<00:03,  5.97it/s, Saved at =inf, TrLoss=0.2828]
 Training POISON-alpha-s2-T8-k0:  62%|██████▏   | 31/50 [00:05<00:03,  5.98it/s, Saved at =inf, TrLoss=0.2828]
 Training POISON-alpha-s2-T8-k0:  62%|██████▏   | 31/50 [00:05<00:03,  5.98it/s, Saved at =inf, TrLoss=0.2719]
 Training POISON-alpha-s2-T8-k0:  64%|██████▍   | 32/50 [00:05<00:03,  5.99it/s, Saved at =inf, TrLoss=0.2719]
 Training POISON-alpha-s2-T8-k0:  64%|██████▍   | 32/50 [00:05<00:03,  5.99it/s, Saved at =inf, TrLoss=0.2796]
 Training POISON-alpha-s2-T8-k0:  66%|██████▌   | 33/50 [00:05<00:02,  6.07it/s, Saved at =inf, TrLoss=0.2796]
 Training POISON-alpha-s2-T8-k0:  66%|██████▌   | 33/50 [00:05<00:02,  6.07it/s, Saved at =inf, TrLoss=0.2820]
 Training POISON-alpha-s2-T8-k0:  68%|██████▊   | 34/50 [00:05<00:02,  6.10it/s, Saved at =inf, TrLoss=0.2820]
 Training POISON-alpha-s2-T8-k0:  68%|██████▊   | 34/50 [00:06<00:02,  6.10it/s, Saved at =inf, TrLoss=0.2684]
 Training POISON-alpha-s2-T8-k0:  70%|███████   | 35/50 [00:06<00:02,  6.09it/s, Saved at =inf, TrLoss=0.2684]
 Training POISON-alpha-s2-T8-k0:  70%|███████   | 35/50 [00:06<00:02,  6.09it/s, Saved at =inf, TrLoss=0.2861]
 Training POISON-alpha-s2-T8-k0:  72%|███████▏  | 36/50 [00:06<00:02,  6.06it/s, Saved at =inf, TrLoss=0.2861]
 Training POISON-alpha-s2-T8-k0:  72%|███████▏  | 36/50 [00:06<00:02,  6.06it/s, Saved at =inf, TrLoss=0.2646]
 Training POISON-alpha-s2-T8-k0:  74%|███████▍  | 37/50 [00:06<00:02,  6.02it/s, Saved at =inf, TrLoss=0.2646]
 Training POISON-alpha-s2-T8-k0:  74%|███████▍  | 37/50 [00:06<00:02,  6.02it/s, Saved at =inf, TrLoss=0.2612]
 Training POISON-alpha-s2-T8-k0:  76%|███████▌  | 38/50 [00:06<00:01,  6.03it/s, Saved at =inf, TrLoss=0.2612]
 Training POISON-alpha-s2-T8-k0:  76%|███████▌  | 38/50 [00:06<00:01,  6.03it/s, Saved at =inf, TrLoss=0.2622]
 Training POISON-alpha-s2-T8-k0:  78%|███████▊  | 39/50 [00:06<00:01,  6.04it/s, Saved at =inf, TrLoss=0.2622]
 Training POISON-alpha-s2-T8-k0:  78%|███████▊  | 39/50 [00:06<00:01,  6.04it/s, Saved at =inf, TrLoss=0.2591]
 Training POISON-alpha-s2-T8-k0:  80%|████████  | 40/50 [00:06<00:01,  6.07it/s, Saved at =inf, TrLoss=0.2591]
 Training POISON-alpha-s2-T8-k0:  80%|████████  | 40/50 [00:06<00:01,  6.07it/s, Saved at =inf, TrLoss=0.2588]
 Training POISON-alpha-s2-T8-k0:  82%|████████▏ | 41/50 [00:07<00:01,  6.12it/s, Saved at =inf, TrLoss=0.2588]
 Training POISON-alpha-s2-T8-k0:  82%|████████▏ | 41/50 [00:07<00:01,  6.12it/s, Saved at =inf, TrLoss=0.2652]
 Training POISON-alpha-s2-T8-k0:  84%|████████▍ | 42/50 [00:07<00:01,  6.09it/s, Saved at =inf, TrLoss=0.2652]
 Training POISON-alpha-s2-T8-k0:  84%|████████▍ | 42/50 [00:07<00:01,  6.09it/s, Saved at =inf, TrLoss=0.2570]
 Training POISON-alpha-s2-T8-k0:  86%|████████▌ | 43/50 [00:07<00:01,  6.04it/s, Saved at =inf, TrLoss=0.2570]
 Training POISON-alpha-s2-T8-k0:  86%|████████▌ | 43/50 [00:07<00:01,  6.04it/s, Saved at =inf, TrLoss=0.2542]
 Training POISON-alpha-s2-T8-k0:  88%|████████▊ | 44/50 [00:07<00:00,  6.03it/s, Saved at =inf, TrLoss=0.2542]
 Training POISON-alpha-s2-T8-k0:  88%|████████▊ | 44/50 [00:07<00:00,  6.03it/s, Saved at =inf, TrLoss=0.2443]
 Training POISON-alpha-s2-T8-k0:  90%|█████████ | 45/50 [00:07<00:00,  6.00it/s, Saved at =inf, TrLoss=0.2443]
 Training POISON-alpha-s2-T8-k0:  90%|█████████ | 45/50 [00:07<00:00,  6.00it/s, Saved at =inf, TrLoss=0.2503]
 Training POISON-alpha-s2-T8-k0:  92%|█████████▏| 46/50 [00:07<00:00,  6.02it/s, Saved at =inf, TrLoss=0.2503]
 Training POISON-alpha-s2-T8-k0:  92%|█████████▏| 46/50 [00:07<00:00,  6.02it/s, Saved at =inf, TrLoss=0.2413]
 Training POISON-alpha-s2-T8-k0:  94%|█████████▍| 47/50 [00:08<00:00,  6.11it/s, Saved at =inf, TrLoss=0.2413]
 Training POISON-alpha-s2-T8-k0:  94%|█████████▍| 47/50 [00:08<00:00,  6.11it/s, Saved at =inf, TrLoss=0.2393]
 Training POISON-alpha-s2-T8-k0:  96%|█████████▌| 48/50 [00:08<00:00,  6.09it/s, Saved at =inf, TrLoss=0.2393]
 Training POISON-alpha-s2-T8-k0:  96%|█████████▌| 48/50 [00:08<00:00,  6.09it/s, Saved at =inf, TrLoss=0.2394]
 Training POISON-alpha-s2-T8-k0:  98%|█████████▊| 49/50 [00:08<00:00,  6.07it/s, Saved at =inf, TrLoss=0.2394]
 Training POISON-alpha-s2-T8-k0:  98%|█████████▊| 49/50 [00:08<00:00,  6.07it/s, Saved at =inf, TrLoss=0.2462]
 Training POISON-alpha-s2-T8-k0: 100%|██████████| 50/50 [00:08<00:00,  6.04it/s, Saved at =inf, TrLoss=0.2462]
 Training POISON-alpha-s2-T8-k0: 100%|██████████| 50/50 [00:08<00:00,  5.86it/s, Saved at =inf, TrLoss=0.2462]

 Training POISON-alpha-s2-T8-k120:   0%|          | 0/50 [00:00<?, ?it/s]
 Training POISON-alpha-s2-T8-k120:   0%|          | 0/50 [00:00<?, ?it/s, Saved at =inf, TrLoss=0.7447]
 Training POISON-alpha-s2-T8-k120:   2%|▏         | 1/50 [00:00<00:08,  5.86it/s, Saved at =inf, TrLoss=0.7447]
 Training POISON-alpha-s2-T8-k120:   2%|▏         | 1/50 [00:00<00:08,  5.86it/s, Saved at =inf, TrLoss=0.9175]
 Training POISON-alpha-s2-T8-k120:   4%|▍         | 2/50 [00:00<00:09,  4.82it/s, Saved at =inf, TrLoss=0.9175]
 Training POISON-alpha-s2-T8-k120:   4%|▍         | 2/50 [00:00<00:09,  4.82it/s, Saved at =inf, TrLoss=0.6202]
 Training POISON-alpha-s2-T8-k120:   6%|▌         | 3/50 [00:00<00:09,  5.22it/s, Saved at =inf, TrLoss=0.6202]
 Training POISON-alpha-s2-T8-k120:   6%|▌         | 3/50 [00:00<00:09,  5.22it/s, Saved at =inf, TrLoss=0.5787]
 Training POISON-alpha-s2-T8-k120:   8%|▊         | 4/50 [00:00<00:08,  5.50it/s, Saved at =inf, TrLoss=0.5787]
 Training POISON-alpha-s2-T8-k120:   8%|▊         | 4/50 [00:00<00:08,  5.50it/s, Saved at =inf, TrLoss=0.5687]
 Training POISON-alpha-s2-T8-k120:  10%|█         | 5/50 [00:00<00:07,  5.66it/s, Saved at =inf, TrLoss=0.5687]
 Training POISON-alpha-s2-T8-k120:  10%|█         | 5/50 [00:01<00:07,  5.66it/s, Saved at =inf, TrLoss=0.5442]
 Training POISON-alpha-s2-T8-k120:  12%|█▏        | 6/50 [00:01<00:07,  5.79it/s, Saved at =inf, TrLoss=0.5442]
 Training POISON-alpha-s2-T8-k120:  12%|█▏        | 6/50 [00:01<00:07,  5.79it/s, Saved at =inf, TrLoss=0.5252]
 Training POISON-alpha-s2-T8-k120:  14%|█▍        | 7/50 [00:01<00:07,  5.94it/s, Saved at =inf, TrLoss=0.5252]
 Training POISON-alpha-s2-T8-k120:  14%|█▍        | 7/50 [00:01<00:07,  5.94it/s, Saved at =inf, TrLoss=0.4961]
 Training POISON-alpha-s2-T8-k120:  16%|█▌        | 8/50 [00:01<00:07,  5.94it/s, Saved at =inf, TrLoss=0.4961]
 Training POISON-alpha-s2-T8-k120:  16%|█▌        | 8/50 [00:01<00:07,  5.94it/s, Saved at =inf, TrLoss=0.4589]
 Training POISON-alpha-s2-T8-k120:  18%|█▊        | 9/50 [00:01<00:06,  5.96it/s, Saved at =inf, TrLoss=0.4589]
 Training POISON-alpha-s2-T8-k120:  18%|█▊        | 9/50 [00:01<00:06,  5.96it/s, Saved at =inf, TrLoss=0.4367]
 Training POISON-alpha-s2-T8-k120:  20%|██        | 10/50 [00:01<00:06,  5.97it/s, Saved at =inf, TrLoss=0.4367]
 Training POISON-alpha-s2-T8-k120:  20%|██        | 10/50 [00:01<00:06,  5.97it/s, Saved at =inf, TrLoss=0.4119]
 Training POISON-alpha-s2-T8-k120:  22%|██▏       | 11/50 [00:01<00:06,  5.95it/s, Saved at =inf, TrLoss=0.4119]
 Training POISON-alpha-s2-T8-k120:  22%|██▏       | 11/50 [00:02<00:06,  5.95it/s, Saved at =inf, TrLoss=0.3777]
 Training POISON-alpha-s2-T8-k120:  24%|██▍       | 12/50 [00:02<00:06,  5.98it/s, Saved at =inf, TrLoss=0.3777]
 Training POISON-alpha-s2-T8-k120:  24%|██▍       | 12/50 [00:02<00:06,  5.98it/s, Saved at =inf, TrLoss=0.3507]
 Training POISON-alpha-s2-T8-k120:  26%|██▌       | 13/50 [00:02<00:06,  6.07it/s, Saved at =inf, TrLoss=0.3507]
 Training POISON-alpha-s2-T8-k120:  26%|██▌       | 13/50 [00:02<00:06,  6.07it/s, Saved at =inf, TrLoss=0.3434]
 Training POISON-alpha-s2-T8-k120:  28%|██▊       | 14/50 [00:02<00:05,  6.12it/s, Saved at =inf, TrLoss=0.3434]
 Training POISON-alpha-s2-T8-k120:  28%|██▊       | 14/50 [00:02<00:05,  6.12it/s, Saved at =inf, TrLoss=0.3884]
 Training POISON-alpha-s2-T8-k120:  30%|███       | 15/50 [00:02<00:05,  6.10it/s, Saved at =inf, TrLoss=0.3884]
 Training POISON-alpha-s2-T8-k120:  30%|███       | 15/50 [00:02<00:05,  6.10it/s, Saved at =inf, TrLoss=0.3270]
 Training POISON-alpha-s2-T8-k120:  32%|███▏      | 16/50 [00:02<00:05,  6.07it/s, Saved at =inf, TrLoss=0.3270]
 Training POISON-alpha-s2-T8-k120:  32%|███▏      | 16/50 [00:02<00:05,  6.07it/s, Saved at =inf, TrLoss=0.3485]
 Training POISON-alpha-s2-T8-k120:  34%|███▍      | 17/50 [00:02<00:05,  6.05it/s, Saved at =inf, TrLoss=0.3485]
 Training POISON-alpha-s2-T8-k120:  34%|███▍      | 17/50 [00:03<00:05,  6.05it/s, Saved at =inf, TrLoss=0.3214]
 Training POISON-alpha-s2-T8-k120:  36%|███▌      | 18/50 [00:03<00:05,  6.07it/s, Saved at =inf, TrLoss=0.3214]
 Training POISON-alpha-s2-T8-k120:  36%|███▌      | 18/50 [00:03<00:05,  6.07it/s, Saved at =inf, TrLoss=0.3306]
 Training POISON-alpha-s2-T8-k120:  38%|███▊      | 19/50 [00:03<00:05,  6.06it/s, Saved at =inf, TrLoss=0.3306]
 Training POISON-alpha-s2-T8-k120:  38%|███▊      | 19/50 [00:03<00:05,  6.06it/s, Saved at =inf, TrLoss=0.2976]
 Training POISON-alpha-s2-T8-k120:  40%|████      | 20/50 [00:03<00:04,  6.13it/s, Saved at =inf, TrLoss=0.2976]
 Training POISON-alpha-s2-T8-k120:  40%|████      | 20/50 [00:03<00:04,  6.13it/s, Saved at =inf, TrLoss=0.3223]
 Training POISON-alpha-s2-T8-k120:  42%|████▏     | 21/50 [00:03<00:04,  6.15it/s, Saved at =inf, TrLoss=0.3223]
 Training POISON-alpha-s2-T8-k120:  42%|████▏     | 21/50 [00:03<00:04,  6.15it/s, Saved at =inf, TrLoss=0.2850]
 Training POISON-alpha-s2-T8-k120:  44%|████▍     | 22/50 [00:03<00:04,  6.09it/s, Saved at =inf, TrLoss=0.2850]
 Training POISON-alpha-s2-T8-k120:  44%|████▍     | 22/50 [00:03<00:04,  6.09it/s, Saved at =inf, TrLoss=0.3165]
 Training POISON-alpha-s2-T8-k120:  46%|████▌     | 23/50 [00:03<00:04,  6.08it/s, Saved at =inf, TrLoss=0.3165]
 Training POISON-alpha-s2-T8-k120:  46%|████▌     | 23/50 [00:03<00:04,  6.08it/s, Saved at =inf, TrLoss=0.2926]
 Training POISON-alpha-s2-T8-k120:  48%|████▊     | 24/50 [00:04<00:04,  6.05it/s, Saved at =inf, TrLoss=0.2926]
 Training POISON-alpha-s2-T8-k120:  48%|████▊     | 24/50 [00:04<00:04,  6.05it/s, Saved at =inf, TrLoss=0.2906]
 Training POISON-alpha-s2-T8-k120:  50%|█████     | 25/50 [00:04<00:04,  6.03it/s, Saved at =inf, TrLoss=0.2906]
 Training POISON-alpha-s2-T8-k120:  50%|█████     | 25/50 [00:04<00:04,  6.03it/s, Saved at =inf, TrLoss=0.2877]
 Training POISON-alpha-s2-T8-k120:  52%|█████▏    | 26/50 [00:04<00:03,  6.05it/s, Saved at =inf, TrLoss=0.2877]
 Training POISON-alpha-s2-T8-k120:  52%|█████▏    | 26/50 [00:04<00:03,  6.05it/s, Saved at =inf, TrLoss=0.2707]
 Training POISON-alpha-s2-T8-k120:  54%|█████▍    | 27/50 [00:04<00:03,  6.11it/s, Saved at =inf, TrLoss=0.2707]
 Training POISON-alpha-s2-T8-k120:  54%|█████▍    | 27/50 [00:04<00:03,  6.11it/s, Saved at =inf, TrLoss=0.2806]
 Training POISON-alpha-s2-T8-k120:  56%|█████▌    | 28/50 [00:04<00:03,  6.10it/s, Saved at =inf, TrLoss=0.2806]
 Training POISON-alpha-s2-T8-k120:  56%|█████▌    | 28/50 [00:04<00:03,  6.10it/s, Saved at =inf, TrLoss=0.2789]
 Training POISON-alpha-s2-T8-k120:  58%|█████▊    | 29/50 [00:04<00:03,  6.09it/s, Saved at =inf, TrLoss=0.2789]
 Training POISON-alpha-s2-T8-k120:  58%|█████▊    | 29/50 [00:04<00:03,  6.09it/s, Saved at =inf, TrLoss=0.2645]
 Training POISON-alpha-s2-T8-k120:  60%|██████    | 30/50 [00:05<00:03,  6.06it/s, Saved at =inf, TrLoss=0.2645]
 Training POISON-alpha-s2-T8-k120:  60%|██████    | 30/50 [00:05<00:03,  6.06it/s, Saved at =inf, TrLoss=0.2767]
 Training POISON-alpha-s2-T8-k120:  62%|██████▏   | 31/50 [00:05<00:03,  5.81it/s, Saved at =inf, TrLoss=0.2767]
 Training POISON-alpha-s2-T8-k120:  62%|██████▏   | 31/50 [00:05<00:03,  5.81it/s, Saved at =inf, TrLoss=0.2659]
 Training POISON-alpha-s2-T8-k120:  64%|██████▍   | 32/50 [00:05<00:03,  5.44it/s, Saved at =inf, TrLoss=0.2659]
 Training POISON-alpha-s2-T8-k120:  64%|██████▍   | 32/50 [00:05<00:03,  5.44it/s, Saved at =inf, TrLoss=0.2631]
 Training POISON-alpha-s2-T8-k120:  66%|██████▌   | 33/50 [00:05<00:03,  5.21it/s, Saved at =inf, TrLoss=0.2631]
 Training POISON-alpha-s2-T8-k120:  66%|██████▌   | 33/50 [00:05<00:03,  5.21it/s, Saved at =inf, TrLoss=0.2701]
 Training POISON-alpha-s2-T8-k120:  68%|██████▊   | 34/50 [00:05<00:02,  5.42it/s, Saved at =inf, TrLoss=0.2701]
 Training POISON-alpha-s2-T8-k120:  68%|██████▊   | 34/50 [00:05<00:02,  5.42it/s, Saved at =inf, TrLoss=0.2609]
 Training POISON-alpha-s2-T8-k120:  70%|███████   | 35/50 [00:05<00:02,  5.60it/s, Saved at =inf, TrLoss=0.2609]
 Training POISON-alpha-s2-T8-k120:  70%|███████   | 35/50 [00:06<00:02,  5.60it/s, Saved at =inf, TrLoss=0.2705]
 Training POISON-alpha-s2-T8-k120:  72%|███████▏  | 36/50 [00:06<00:02,  5.74it/s, Saved at =inf, TrLoss=0.2705]
 Training POISON-alpha-s2-T8-k120:  72%|███████▏  | 36/50 [00:06<00:02,  5.74it/s, Saved at =inf, TrLoss=0.2571]
 Training POISON-alpha-s2-T8-k120:  74%|███████▍  | 37/50 [00:06<00:02,  5.85it/s, Saved at =inf, TrLoss=0.2571]
 Training POISON-alpha-s2-T8-k120:  74%|███████▍  | 37/50 [00:06<00:02,  5.85it/s, Saved at =inf, TrLoss=0.2601]
 Training POISON-alpha-s2-T8-k120:  76%|███████▌  | 38/50 [00:06<00:02,  5.83it/s, Saved at =inf, TrLoss=0.2601]
 Training POISON-alpha-s2-T8-k120:  76%|███████▌  | 38/50 [00:06<00:02,  5.83it/s, Saved at =inf, TrLoss=0.2495]
 Training POISON-alpha-s2-T8-k120:  78%|███████▊  | 39/50 [00:06<00:01,  5.91it/s, Saved at =inf, TrLoss=0.2495]
 Training POISON-alpha-s2-T8-k120:  78%|███████▊  | 39/50 [00:06<00:01,  5.91it/s, Saved at =inf, TrLoss=0.2592]
 Training POISON-alpha-s2-T8-k120:  80%|████████  | 40/50 [00:06<00:01,  6.02it/s, Saved at =inf, TrLoss=0.2592]
 Training POISON-alpha-s2-T8-k120:  80%|████████  | 40/50 [00:06<00:01,  6.02it/s, Saved at =inf, TrLoss=0.2516]
 Training POISON-alpha-s2-T8-k120:  82%|████████▏ | 41/50 [00:06<00:01,  6.05it/s, Saved at =inf, TrLoss=0.2516]
 Training POISON-alpha-s2-T8-k120:  82%|████████▏ | 41/50 [00:07<00:01,  6.05it/s, Saved at =inf, TrLoss=0.2602]
 Training POISON-alpha-s2-T8-k120:  84%|████████▍ | 42/50 [00:07<00:01,  6.03it/s, Saved at =inf, TrLoss=0.2602]
 Training POISON-alpha-s2-T8-k120:  84%|████████▍ | 42/50 [00:07<00:01,  6.03it/s, Saved at =inf, TrLoss=0.2453]
 Training POISON-alpha-s2-T8-k120:  86%|████████▌ | 43/50 [00:07<00:01,  6.02it/s, Saved at =inf, TrLoss=0.2453]
 Training POISON-alpha-s2-T8-k120:  86%|████████▌ | 43/50 [00:07<00:01,  6.02it/s, Saved at =inf, TrLoss=0.2441]
 Training POISON-alpha-s2-T8-k120:  88%|████████▊ | 44/50 [00:07<00:01,  5.83it/s, Saved at =inf, TrLoss=0.2441]
 Training POISON-alpha-s2-T8-k120:  88%|████████▊ | 44/50 [00:07<00:01,  5.83it/s, Saved at =inf, TrLoss=0.2397]
 Training POISON-alpha-s2-T8-k120:  90%|█████████ | 45/50 [00:07<00:00,  5.85it/s, Saved at =inf, TrLoss=0.2397]
 Training POISON-alpha-s2-T8-k120:  90%|█████████ | 45/50 [00:07<00:00,  5.85it/s, Saved at =inf, TrLoss=0.2407]
 Training POISON-alpha-s2-T8-k120:  92%|█████████▏| 46/50 [00:07<00:00,  5.71it/s, Saved at =inf, TrLoss=0.2407]
 Training POISON-alpha-s2-T8-k120:  92%|█████████▏| 46/50 [00:07<00:00,  5.71it/s, Saved at =inf, TrLoss=0.2356]
 Training POISON-alpha-s2-T8-k120:  94%|█████████▍| 47/50 [00:07<00:00,  5.86it/s, Saved at =inf, TrLoss=0.2356]
 Training POISON-alpha-s2-T8-k120:  94%|█████████▍| 47/50 [00:08<00:00,  5.86it/s, Saved at =inf, TrLoss=0.2300]
 Training POISON-alpha-s2-T8-k120:  96%|█████████▌| 48/50 [00:08<00:00,  5.91it/s, Saved at =inf, TrLoss=0.2300]
 Training POISON-alpha-s2-T8-k120:  96%|█████████▌| 48/50 [00:08<00:00,  5.91it/s, Saved at =inf, TrLoss=0.2309]
 Training POISON-alpha-s2-T8-k120:  98%|█████████▊| 49/50 [00:08<00:00,  5.95it/s, Saved at =inf, TrLoss=0.2309]
 Training POISON-alpha-s2-T8-k120:  98%|█████████▊| 49/50 [00:08<00:00,  5.95it/s, Saved at =inf, TrLoss=0.2353]
 Training POISON-alpha-s2-T8-k120: 100%|██████████| 50/50 [00:08<00:00,  5.97it/s, Saved at =inf, TrLoss=0.2353]
 Training POISON-alpha-s2-T8-k120: 100%|██████████| 50/50 [00:08<00:00,  5.89it/s, Saved at =inf, TrLoss=0.2353]
[16:10:41]     seed 2: eligible 23, flipped 22, mean dR -0.307

 Training POISON-alpha-s3-T8-k0:   0%|          | 0/50 [00:00<?, ?it/s]
 Training POISON-alpha-s3-T8-k0:   0%|          | 0/50 [00:00<?, ?it/s, Saved at =inf, TrLoss=0.7245]
 Training POISON-alpha-s3-T8-k0:   2%|▏         | 1/50 [00:00<00:08,  5.78it/s, Saved at =inf, TrLoss=0.7245]
 Training POISON-alpha-s3-T8-k0:   2%|▏         | 1/50 [00:00<00:08,  5.78it/s, Saved at =inf, TrLoss=0.8241]
 Training POISON-alpha-s3-T8-k0:   4%|▍         | 2/50 [00:00<00:08,  5.90it/s, Saved at =inf, TrLoss=0.8241]
 Training POISON-alpha-s3-T8-k0:   4%|▍         | 2/50 [00:00<00:08,  5.90it/s, Saved at =inf, TrLoss=0.6085]
 Training POISON-alpha-s3-T8-k0:   6%|▌         | 3/50 [00:00<00:07,  5.95it/s, Saved at =inf, TrLoss=0.6085]
 Training POISON-alpha-s3-T8-k0:   6%|▌         | 3/50 [00:00<00:07,  5.95it/s, Saved at =inf, TrLoss=0.6199]
 Training POISON-alpha-s3-T8-k0:   8%|▊         | 4/50 [00:00<00:07,  5.99it/s, Saved at =inf, TrLoss=0.6199]
 Training POISON-alpha-s3-T8-k0:   8%|▊         | 4/50 [00:00<00:07,  5.99it/s, Saved at =inf, TrLoss=0.5395]
 Training POISON-alpha-s3-T8-k0:  10%|█         | 5/50 [00:00<00:07,  5.99it/s, Saved at =inf, TrLoss=0.5395]
 Training POISON-alpha-s3-T8-k0:  10%|█         | 5/50 [00:00<00:07,  5.99it/s, Saved at =inf, TrLoss=0.5272]
 Training POISON-alpha-s3-T8-k0:  12%|█▏        | 6/50 [00:01<00:07,  6.01it/s, Saved at =inf, TrLoss=0.5272]
 Training POISON-alpha-s3-T8-k0:  12%|█▏        | 6/50 [00:01<00:07,  6.01it/s, Saved at =inf, TrLoss=0.5048]
 Training POISON-alpha-s3-T8-k0:  14%|█▍        | 7/50 [00:01<00:07,  6.12it/s, Saved at =inf, TrLoss=0.5048]
 Training POISON-alpha-s3-T8-k0:  14%|█▍        | 7/50 [00:01<00:07,  6.12it/s, Saved at =inf, TrLoss=0.4541]
 Training POISON-alpha-s3-T8-k0:  16%|█▌        | 8/50 [00:01<00:06,  6.13it/s, Saved at =inf, TrLoss=0.4541]
 Training POISON-alpha-s3-T8-k0:  16%|█▌        | 8/50 [00:01<00:06,  6.13it/s, Saved at =inf, TrLoss=0.4269]
 Training POISON-alpha-s3-T8-k0:  18%|█▊        | 9/50 [00:01<00:06,  6.10it/s, Saved at =inf, TrLoss=0.4269]
 Training POISON-alpha-s3-T8-k0:  18%|█▊        | 9/50 [00:01<00:06,  6.10it/s, Saved at =inf, TrLoss=0.4046]
 Training POISON-alpha-s3-T8-k0:  20%|██        | 10/50 [00:01<00:06,  6.18it/s, Saved at =inf, TrLoss=0.4046]
 Training POISON-alpha-s3-T8-k0:  20%|██        | 10/50 [00:01<00:06,  6.18it/s, Saved at =inf, TrLoss=0.3901]
 Training POISON-alpha-s3-T8-k0:  22%|██▏       | 11/50 [00:01<00:06,  5.84it/s, Saved at =inf, TrLoss=0.3901]
 Training POISON-alpha-s3-T8-k0:  22%|██▏       | 11/50 [00:01<00:06,  5.84it/s, Saved at =inf, TrLoss=0.3554]
 Training POISON-alpha-s3-T8-k0:  24%|██▍       | 12/50 [00:02<00:06,  5.61it/s, Saved at =inf, TrLoss=0.3554]
 Training POISON-alpha-s3-T8-k0:  24%|██▍       | 12/50 [00:02<00:06,  5.61it/s, Saved at =inf, TrLoss=0.3582]
 Training POISON-alpha-s3-T8-k0:  26%|██▌       | 13/50 [00:02<00:06,  5.79it/s, Saved at =inf, TrLoss=0.3582]
 Training POISON-alpha-s3-T8-k0:  26%|██▌       | 13/50 [00:02<00:06,  5.79it/s, Saved at =inf, TrLoss=0.3306]
 Training POISON-alpha-s3-T8-k0:  28%|██▊       | 14/50 [00:02<00:06,  5.90it/s, Saved at =inf, TrLoss=0.3306]
 Training POISON-alpha-s3-T8-k0:  28%|██▊       | 14/50 [00:02<00:06,  5.90it/s, Saved at =inf, TrLoss=0.3222]
 Training POISON-alpha-s3-T8-k0:  30%|███       | 15/50 [00:02<00:05,  5.92it/s, Saved at =inf, TrLoss=0.3222]
 Training POISON-alpha-s3-T8-k0:  30%|███       | 15/50 [00:02<00:05,  5.92it/s, Saved at =inf, TrLoss=0.3319]
 Training POISON-alpha-s3-T8-k0:  32%|███▏      | 16/50 [00:02<00:05,  5.95it/s, Saved at =inf, TrLoss=0.3319]
 Training POISON-alpha-s3-T8-k0:  32%|███▏      | 16/50 [00:02<00:05,  5.95it/s, Saved at =inf, TrLoss=0.3217]
 Training POISON-alpha-s3-T8-k0:  34%|███▍      | 17/50 [00:02<00:05,  5.68it/s, Saved at =inf, TrLoss=0.3217]
 Training POISON-alpha-s3-T8-k0:  34%|███▍      | 17/50 [00:02<00:05,  5.68it/s, Saved at =inf, TrLoss=0.3133]
 Training POISON-alpha-s3-T8-k0:  36%|███▌      | 18/50 [00:03<00:05,  5.82it/s, Saved at =inf, TrLoss=0.3133]
 Training POISON-alpha-s3-T8-k0:  36%|███▌      | 18/50 [00:03<00:05,  5.82it/s, Saved at =inf, TrLoss=0.3210]
 Training POISON-alpha-s3-T8-k0:  38%|███▊      | 19/50 [00:03<00:05,  5.91it/s, Saved at =inf, TrLoss=0.3210]
 Training POISON-alpha-s3-T8-k0:  38%|███▊      | 19/50 [00:03<00:05,  5.91it/s, Saved at =inf, TrLoss=0.2901]
 Training POISON-alpha-s3-T8-k0:  40%|████      | 20/50 [00:03<00:04,  6.02it/s, Saved at =inf, TrLoss=0.2901]
 Training POISON-alpha-s3-T8-k0:  40%|████      | 20/50 [00:03<00:04,  6.02it/s, Saved at =inf, TrLoss=0.2986]
 Training POISON-alpha-s3-T8-k0:  42%|████▏     | 21/50 [00:03<00:04,  6.03it/s, Saved at =inf, TrLoss=0.2986]
 Training POISON-alpha-s3-T8-k0:  42%|████▏     | 21/50 [00:03<00:04,  6.03it/s, Saved at =inf, TrLoss=0.2807]
 Training POISON-alpha-s3-T8-k0:  44%|████▍     | 22/50 [00:03<00:04,  6.02it/s, Saved at =inf, TrLoss=0.2807]
 Training POISON-alpha-s3-T8-k0:  44%|████▍     | 22/50 [00:03<00:04,  6.02it/s, Saved at =inf, TrLoss=0.2827]
 Training POISON-alpha-s3-T8-k0:  46%|████▌     | 23/50 [00:03<00:04,  6.04it/s, Saved at =inf, TrLoss=0.2827]
 Training POISON-alpha-s3-T8-k0:  46%|████▌     | 23/50 [00:03<00:04,  6.04it/s, Saved at =inf, TrLoss=0.2730]
 Training POISON-alpha-s3-T8-k0:  48%|████▊     | 24/50 [00:04<00:04,  6.04it/s, Saved at =inf, TrLoss=0.2730]
 Training POISON-alpha-s3-T8-k0:  48%|████▊     | 24/50 [00:04<00:04,  6.04it/s, Saved at =inf, TrLoss=0.2787]
 Training POISON-alpha-s3-T8-k0:  50%|█████     | 25/50 [00:04<00:04,  6.03it/s, Saved at =inf, TrLoss=0.2787]
 Training POISON-alpha-s3-T8-k0:  50%|█████     | 25/50 [00:04<00:04,  6.03it/s, Saved at =inf, TrLoss=0.2761]
 Training POISON-alpha-s3-T8-k0:  52%|█████▏    | 26/50 [00:04<00:03,  6.14it/s, Saved at =inf, TrLoss=0.2761]
 Training POISON-alpha-s3-T8-k0:  52%|█████▏    | 26/50 [00:04<00:03,  6.14it/s, Saved at =inf, TrLoss=0.2602]
 Training POISON-alpha-s3-T8-k0:  54%|█████▍    | 27/50 [00:04<00:03,  6.18it/s, Saved at =inf, TrLoss=0.2602]
 Training POISON-alpha-s3-T8-k0:  54%|█████▍    | 27/50 [00:04<00:03,  6.18it/s, Saved at =inf, TrLoss=0.2759]
 Training POISON-alpha-s3-T8-k0:  56%|█████▌    | 28/50 [00:04<00:03,  6.14it/s, Saved at =inf, TrLoss=0.2759]
 Training POISON-alpha-s3-T8-k0:  56%|█████▌    | 28/50 [00:04<00:03,  6.14it/s, Saved at =inf, TrLoss=0.2625]
 Training POISON-alpha-s3-T8-k0:  58%|█████▊    | 29/50 [00:04<00:03,  6.11it/s, Saved at =inf, TrLoss=0.2625]
 Training POISON-alpha-s3-T8-k0:  58%|█████▊    | 29/50 [00:04<00:03,  6.11it/s, Saved at =inf, TrLoss=0.2702]
 Training POISON-alpha-s3-T8-k0:  60%|██████    | 30/50 [00:05<00:03,  6.09it/s, Saved at =inf, TrLoss=0.2702]
 Training POISON-alpha-s3-T8-k0:  60%|██████    | 30/50 [00:05<00:03,  6.09it/s, Saved at =inf, TrLoss=0.2652]
 Training POISON-alpha-s3-T8-k0:  62%|██████▏   | 31/50 [00:05<00:03,  6.08it/s, Saved at =inf, TrLoss=0.2652]
 Training POISON-alpha-s3-T8-k0:  62%|██████▏   | 31/50 [00:05<00:03,  6.08it/s, Saved at =inf, TrLoss=0.2518]
 Training POISON-alpha-s3-T8-k0:  64%|██████▍   | 32/50 [00:05<00:02,  6.10it/s, Saved at =inf, TrLoss=0.2518]
 Training POISON-alpha-s3-T8-k0:  64%|██████▍   | 32/50 [00:05<00:02,  6.10it/s, Saved at =inf, TrLoss=0.2724]
 Training POISON-alpha-s3-T8-k0:  66%|██████▌   | 33/50 [00:05<00:02,  6.18it/s, Saved at =inf, TrLoss=0.2724]
 Training POISON-alpha-s3-T8-k0:  66%|██████▌   | 33/50 [00:05<00:02,  6.18it/s, Saved at =inf, TrLoss=0.2522]
 Training POISON-alpha-s3-T8-k0:  68%|██████▊   | 34/50 [00:05<00:02,  6.15it/s, Saved at =inf, TrLoss=0.2522]
 Training POISON-alpha-s3-T8-k0:  68%|██████▊   | 34/50 [00:05<00:02,  6.15it/s, Saved at =inf, TrLoss=0.2618]
 Training POISON-alpha-s3-T8-k0:  70%|███████   | 35/50 [00:05<00:02,  6.13it/s, Saved at =inf, TrLoss=0.2618]
 Training POISON-alpha-s3-T8-k0:  70%|███████   | 35/50 [00:05<00:02,  6.13it/s, Saved at =inf, TrLoss=0.2403]
 Training POISON-alpha-s3-T8-k0:  72%|███████▏  | 36/50 [00:05<00:02,  6.10it/s, Saved at =inf, TrLoss=0.2403]
 Training POISON-alpha-s3-T8-k0:  72%|███████▏  | 36/50 [00:06<00:02,  6.10it/s, Saved at =inf, TrLoss=0.2535]
 Training POISON-alpha-s3-T8-k0:  74%|███████▍  | 37/50 [00:06<00:02,  6.07it/s, Saved at =inf, TrLoss=0.2535]
 Training POISON-alpha-s3-T8-k0:  74%|███████▍  | 37/50 [00:06<00:02,  6.07it/s, Saved at =inf, TrLoss=0.2361]
 Training POISON-alpha-s3-T8-k0:  76%|███████▌  | 38/50 [00:06<00:01,  6.06it/s, Saved at =inf, TrLoss=0.2361]
 Training POISON-alpha-s3-T8-k0:  76%|███████▌  | 38/50 [00:06<00:01,  6.06it/s, Saved at =inf, TrLoss=0.2500]
 Training POISON-alpha-s3-T8-k0:  78%|███████▊  | 39/50 [00:06<00:01,  6.13it/s, Saved at =inf, TrLoss=0.2500]
 Training POISON-alpha-s3-T8-k0:  78%|███████▊  | 39/50 [00:06<00:01,  6.13it/s, Saved at =inf, TrLoss=0.2345]
 Training POISON-alpha-s3-T8-k0:  80%|████████  | 40/50 [00:06<00:01,  6.17it/s, Saved at =inf, TrLoss=0.2345]
 Training POISON-alpha-s3-T8-k0:  80%|████████  | 40/50 [00:06<00:01,  6.17it/s, Saved at =inf, TrLoss=0.2346]
 Training POISON-alpha-s3-T8-k0:  82%|████████▏ | 41/50 [00:06<00:01,  6.14it/s, Saved at =inf, TrLoss=0.2346]
 Training POISON-alpha-s3-T8-k0:  82%|████████▏ | 41/50 [00:06<00:01,  6.14it/s, Saved at =inf, TrLoss=0.2275]
 Training POISON-alpha-s3-T8-k0:  84%|████████▍ | 42/50 [00:06<00:01,  6.11it/s, Saved at =inf, TrLoss=0.2275]
 Training POISON-alpha-s3-T8-k0:  84%|████████▍ | 42/50 [00:07<00:01,  6.11it/s, Saved at =inf, TrLoss=0.2374]
 Training POISON-alpha-s3-T8-k0:  86%|████████▌ | 43/50 [00:07<00:01,  6.09it/s, Saved at =inf, TrLoss=0.2374]
 Training POISON-alpha-s3-T8-k0:  86%|████████▌ | 43/50 [00:07<00:01,  6.09it/s, Saved at =inf, TrLoss=0.2438]
 Training POISON-alpha-s3-T8-k0:  88%|████████▊ | 44/50 [00:07<00:00,  6.10it/s, Saved at =inf, TrLoss=0.2438]
 Training POISON-alpha-s3-T8-k0:  88%|████████▊ | 44/50 [00:07<00:00,  6.10it/s, Saved at =inf, TrLoss=0.2188]
 Training POISON-alpha-s3-T8-k0:  90%|█████████ | 45/50 [00:07<00:00,  6.01it/s, Saved at =inf, TrLoss=0.2188]
 Training POISON-alpha-s3-T8-k0:  90%|█████████ | 45/50 [00:07<00:00,  6.01it/s, Saved at =inf, TrLoss=0.2384]
 Training POISON-alpha-s3-T8-k0:  92%|█████████▏| 46/50 [00:07<00:00,  6.13it/s, Saved at =inf, TrLoss=0.2384]
 Training POISON-alpha-s3-T8-k0:  92%|█████████▏| 46/50 [00:07<00:00,  6.13it/s, Saved at =inf, TrLoss=0.2174]
 Training POISON-alpha-s3-T8-k0:  94%|█████████▍| 47/50 [00:07<00:00,  5.98it/s, Saved at =inf, TrLoss=0.2174]
 Training POISON-alpha-s3-T8-k0:  94%|█████████▍| 47/50 [00:07<00:00,  5.98it/s, Saved at =inf, TrLoss=0.2351]
 Training POISON-alpha-s3-T8-k0:  96%|█████████▌| 48/50 [00:07<00:00,  6.06it/s, Saved at =inf, TrLoss=0.2351]
 Training POISON-alpha-s3-T8-k0:  96%|█████████▌| 48/50 [00:08<00:00,  6.06it/s, Saved at =inf, TrLoss=0.2141]
 Training POISON-alpha-s3-T8-k0:  98%|█████████▊| 49/50 [00:08<00:00,  6.08it/s, Saved at =inf, TrLoss=0.2141]
 Training POISON-alpha-s3-T8-k0:  98%|█████████▊| 49/50 [00:08<00:00,  6.08it/s, Saved at =inf, TrLoss=0.2215]
 Training POISON-alpha-s3-T8-k0: 100%|██████████| 50/50 [00:08<00:00,  6.08it/s, Saved at =inf, TrLoss=0.2215]
 Training POISON-alpha-s3-T8-k0: 100%|██████████| 50/50 [00:08<00:00,  6.03it/s, Saved at =inf, TrLoss=0.2215]

 Training POISON-alpha-s3-T8-k120:   0%|          | 0/50 [00:00<?, ?it/s]
 Training POISON-alpha-s3-T8-k120:   0%|          | 0/50 [00:00<?, ?it/s, Saved at =inf, TrLoss=0.7327]
 Training POISON-alpha-s3-T8-k120:   2%|▏         | 1/50 [00:00<00:08,  5.87it/s, Saved at =inf, TrLoss=0.7327]
 Training POISON-alpha-s3-T8-k120:   2%|▏         | 1/50 [00:00<00:08,  5.87it/s, Saved at =inf, TrLoss=0.8681]
 Training POISON-alpha-s3-T8-k120:   4%|▍         | 2/50 [00:00<00:07,  6.00it/s, Saved at =inf, TrLoss=0.8681]
 Training POISON-alpha-s3-T8-k120:   4%|▍         | 2/50 [00:00<00:07,  6.00it/s, Saved at =inf, TrLoss=0.6008]
 Training POISON-alpha-s3-T8-k120:   6%|▌         | 3/50 [00:00<00:07,  6.02it/s, Saved at =inf, TrLoss=0.6008]
 Training POISON-alpha-s3-T8-k120:   6%|▌         | 3/50 [00:00<00:07,  6.02it/s, Saved at =inf, TrLoss=0.6409]
 Training POISON-alpha-s3-T8-k120:   8%|▊         | 4/50 [00:00<00:07,  6.04it/s, Saved at =inf, TrLoss=0.6409]
 Training POISON-alpha-s3-T8-k120:   8%|▊         | 4/50 [00:00<00:07,  6.04it/s, Saved at =inf, TrLoss=0.5407]
 Training POISON-alpha-s3-T8-k120:  10%|█         | 5/50 [00:00<00:07,  6.02it/s, Saved at =inf, TrLoss=0.5407]
 Training POISON-alpha-s3-T8-k120:  10%|█         | 5/50 [00:00<00:07,  6.02it/s, Saved at =inf, TrLoss=0.5285]
 Training POISON-alpha-s3-T8-k120:  12%|█▏        | 6/50 [00:00<00:07,  6.04it/s, Saved at =inf, TrLoss=0.5285]
 Training POISON-alpha-s3-T8-k120:  12%|█▏        | 6/50 [00:01<00:07,  6.04it/s, Saved at =inf, TrLoss=0.5154]
 Training POISON-alpha-s3-T8-k120:  14%|█▍        | 7/50 [00:01<00:07,  6.13it/s, Saved at =inf, TrLoss=0.5154]
 Training POISON-alpha-s3-T8-k120:  14%|█▍        | 7/50 [00:01<00:07,  6.13it/s, Saved at =inf, TrLoss=0.4642]
 Training POISON-alpha-s3-T8-k120:  16%|█▌        | 8/50 [00:01<00:06,  6.21it/s, Saved at =inf, TrLoss=0.4642]
 Training POISON-alpha-s3-T8-k120:  16%|█▌        | 8/50 [00:01<00:06,  6.21it/s, Saved at =inf, TrLoss=0.4402]
 Training POISON-alpha-s3-T8-k120:  18%|█▊        | 9/50 [00:01<00:06,  6.01it/s, Saved at =inf, TrLoss=0.4402]
 Training POISON-alpha-s3-T8-k120:  18%|█▊        | 9/50 [00:01<00:06,  6.01it/s, Saved at =inf, TrLoss=0.4387]
 Training POISON-alpha-s3-T8-k120:  20%|██        | 10/50 [00:01<00:07,  5.54it/s, Saved at =inf, TrLoss=0.4387]
 Training POISON-alpha-s3-T8-k120:  20%|██        | 10/50 [00:01<00:07,  5.54it/s, Saved at =inf, TrLoss=0.4025]
 Training POISON-alpha-s3-T8-k120:  22%|██▏       | 11/50 [00:01<00:06,  5.68it/s, Saved at =inf, TrLoss=0.4025]
 Training POISON-alpha-s3-T8-k120:  22%|██▏       | 11/50 [00:01<00:06,  5.68it/s, Saved at =inf, TrLoss=0.3888]
 Training POISON-alpha-s3-T8-k120:  24%|██▍       | 12/50 [00:02<00:06,  5.78it/s, Saved at =inf, TrLoss=0.3888]
 Training POISON-alpha-s3-T8-k120:  24%|██▍       | 12/50 [00:02<00:06,  5.78it/s, Saved at =inf, TrLoss=0.3713]
 Training POISON-alpha-s3-T8-k120:  26%|██▌       | 13/50 [00:02<00:06,  5.93it/s, Saved at =inf, TrLoss=0.3713]
 Training POISON-alpha-s3-T8-k120:  26%|██▌       | 13/50 [00:02<00:06,  5.93it/s, Saved at =inf, TrLoss=0.3680]
 Training POISON-alpha-s3-T8-k120:  28%|██▊       | 14/50 [00:02<00:06,  5.99it/s, Saved at =inf, TrLoss=0.3680]
 Training POISON-alpha-s3-T8-k120:  28%|██▊       | 14/50 [00:02<00:06,  5.99it/s, Saved at =inf, TrLoss=0.3651]
 Training POISON-alpha-s3-T8-k120:  30%|███       | 15/50 [00:02<00:05,  5.96it/s, Saved at =inf, TrLoss=0.3651]
 Training POISON-alpha-s3-T8-k120:  30%|███       | 15/50 [00:02<00:05,  5.96it/s, Saved at =inf, TrLoss=0.3307]
 Training POISON-alpha-s3-T8-k120:  32%|███▏      | 16/50 [00:02<00:05,  5.79it/s, Saved at =inf, TrLoss=0.3307]
 Training POISON-alpha-s3-T8-k120:  32%|███▏      | 16/50 [00:02<00:05,  5.79it/s, Saved at =inf, TrLoss=0.3422]
 Training POISON-alpha-s3-T8-k120:  34%|███▍      | 17/50 [00:02<00:06,  5.29it/s, Saved at =inf, TrLoss=0.3422]
 Training POISON-alpha-s3-T8-k120:  34%|███▍      | 17/50 [00:03<00:06,  5.29it/s, Saved at =inf, TrLoss=0.3282]
 Training POISON-alpha-s3-T8-k120:  36%|███▌      | 18/50 [00:03<00:05,  5.55it/s, Saved at =inf, TrLoss=0.3282]
 Training POISON-alpha-s3-T8-k120:  36%|███▌      | 18/50 [00:03<00:05,  5.55it/s, Saved at =inf, TrLoss=0.3285]
 Training POISON-alpha-s3-T8-k120:  38%|███▊      | 19/50 [00:03<00:05,  5.76it/s, Saved at =inf, TrLoss=0.3285]
 Training POISON-alpha-s3-T8-k120:  38%|███▊      | 19/50 [00:03<00:05,  5.76it/s, Saved at =inf, TrLoss=0.3197]
 Training POISON-alpha-s3-T8-k120:  40%|████      | 20/50 [00:03<00:05,  5.85it/s, Saved at =inf, TrLoss=0.3197]
 Training POISON-alpha-s3-T8-k120:  40%|████      | 20/50 [00:03<00:05,  5.85it/s, Saved at =inf, TrLoss=0.2987]
 Training POISON-alpha-s3-T8-k120:  42%|████▏     | 21/50 [00:03<00:04,  5.88it/s, Saved at =inf, TrLoss=0.2987]
 Training POISON-alpha-s3-T8-k120:  42%|████▏     | 21/50 [00:03<00:04,  5.88it/s, Saved at =inf, TrLoss=0.3141]
 Training POISON-alpha-s3-T8-k120:  44%|████▍     | 22/50 [00:03<00:04,  5.93it/s, Saved at =inf, TrLoss=0.3141]
 Training POISON-alpha-s3-T8-k120:  44%|████▍     | 22/50 [00:03<00:04,  5.93it/s, Saved at =inf, TrLoss=0.2847]
 Training POISON-alpha-s3-T8-k120:  46%|████▌     | 23/50 [00:03<00:04,  5.95it/s, Saved at =inf, TrLoss=0.2847]
 Training POISON-alpha-s3-T8-k120:  46%|████▌     | 23/50 [00:04<00:04,  5.95it/s, Saved at =inf, TrLoss=0.3036]
 Training POISON-alpha-s3-T8-k120:  48%|████▊     | 24/50 [00:04<00:04,  5.94it/s, Saved at =inf, TrLoss=0.3036]
 Training POISON-alpha-s3-T8-k120:  48%|████▊     | 24/50 [00:04<00:04,  5.94it/s, Saved at =inf, TrLoss=0.3040]
 Training POISON-alpha-s3-T8-k120:  50%|█████     | 25/50 [00:04<00:04,  5.21it/s, Saved at =inf, TrLoss=0.3040]
 Training POISON-alpha-s3-T8-k120:  50%|█████     | 25/50 [00:04<00:04,  5.21it/s, Saved at =inf, TrLoss=0.2681]
 Training POISON-alpha-s3-T8-k120:  52%|█████▏    | 26/50 [00:04<00:04,  5.18it/s, Saved at =inf, TrLoss=0.2681]
 Training POISON-alpha-s3-T8-k120:  52%|█████▏    | 26/50 [00:04<00:04,  5.18it/s, Saved at =inf, TrLoss=0.2983]
 Training POISON-alpha-s3-T8-k120:  54%|█████▍    | 27/50 [00:04<00:04,  4.95it/s, Saved at =inf, TrLoss=0.2983]
 Training POISON-alpha-s3-T8-k120:  54%|█████▍    | 27/50 [00:04<00:04,  4.95it/s, Saved at =inf, TrLoss=0.2622]
 Training POISON-alpha-s3-T8-k120:  56%|█████▌    | 28/50 [00:04<00:04,  5.21it/s, Saved at =inf, TrLoss=0.2622]
 Training POISON-alpha-s3-T8-k120:  56%|█████▌    | 28/50 [00:05<00:04,  5.21it/s, Saved at =inf, TrLoss=0.2929]
 Training POISON-alpha-s3-T8-k120:  58%|█████▊    | 29/50 [00:05<00:03,  5.43it/s, Saved at =inf, TrLoss=0.2929]
 Training POISON-alpha-s3-T8-k120:  58%|█████▊    | 29/50 [00:05<00:03,  5.43it/s, Saved at =inf, TrLoss=0.2608]
 Training POISON-alpha-s3-T8-k120:  60%|██████    | 30/50 [00:05<00:03,  5.62it/s, Saved at =inf, TrLoss=0.2608]
 Training POISON-alpha-s3-T8-k120:  60%|██████    | 30/50 [00:05<00:03,  5.62it/s, Saved at =inf, TrLoss=0.2812]
 Training POISON-alpha-s3-T8-k120:  62%|██████▏   | 31/50 [00:05<00:03,  5.83it/s, Saved at =inf, TrLoss=0.2812]
 Training POISON-alpha-s3-T8-k120:  62%|██████▏   | 31/50 [00:05<00:03,  5.83it/s, Saved at =inf, TrLoss=0.2545]
 Training POISON-alpha-s3-T8-k120:  64%|██████▍   | 32/50 [00:05<00:03,  5.93it/s, Saved at =inf, TrLoss=0.2545]
 Training POISON-alpha-s3-T8-k120:  64%|██████▍   | 32/50 [00:05<00:03,  5.93it/s, Saved at =inf, TrLoss=0.2651]
 Training POISON-alpha-s3-T8-k120:  66%|██████▌   | 33/50 [00:05<00:02,  5.94it/s, Saved at =inf, TrLoss=0.2651]
 Training POISON-alpha-s3-T8-k120:  66%|██████▌   | 33/50 [00:05<00:02,  5.94it/s, Saved at =inf, TrLoss=0.2553]
 Training POISON-alpha-s3-T8-k120:  68%|██████▊   | 34/50 [00:05<00:02,  5.74it/s, Saved at =inf, TrLoss=0.2553]
 Training POISON-alpha-s3-T8-k120:  68%|██████▊   | 34/50 [00:06<00:02,  5.74it/s, Saved at =inf, TrLoss=0.2712]
 Training POISON-alpha-s3-T8-k120:  70%|███████   | 35/50 [00:06<00:02,  5.80it/s, Saved at =inf, TrLoss=0.2712]
 Training POISON-alpha-s3-T8-k120:  70%|███████   | 35/50 [00:06<00:02,  5.80it/s, Saved at =inf, TrLoss=0.2444]
 Training POISON-alpha-s3-T8-k120:  72%|███████▏  | 36/50 [00:06<00:02,  5.67it/s, Saved at =inf, TrLoss=0.2444]
 Training POISON-alpha-s3-T8-k120:  72%|███████▏  | 36/50 [00:06<00:02,  5.67it/s, Saved at =inf, TrLoss=0.2541]
 Training POISON-alpha-s3-T8-k120:  74%|███████▍  | 37/50 [00:06<00:02,  5.80it/s, Saved at =inf, TrLoss=0.2541]
 Training POISON-alpha-s3-T8-k120:  74%|███████▍  | 37/50 [00:06<00:02,  5.80it/s, Saved at =inf, TrLoss=0.2398]
 Training POISON-alpha-s3-T8-k120:  76%|███████▌  | 38/50 [00:06<00:02,  5.95it/s, Saved at =inf, TrLoss=0.2398]
 Training POISON-alpha-s3-T8-k120:  76%|███████▌  | 38/50 [00:06<00:02,  5.95it/s, Saved at =inf, TrLoss=0.2487]
 Training POISON-alpha-s3-T8-k120:  78%|███████▊  | 39/50 [00:06<00:01,  6.00it/s, Saved at =inf, TrLoss=0.2487]
 Training POISON-alpha-s3-T8-k120:  78%|███████▊  | 39/50 [00:06<00:01,  6.00it/s, Saved at =inf, TrLoss=0.2419]
 Training POISON-alpha-s3-T8-k120:  80%|████████  | 40/50 [00:06<00:01,  5.99it/s, Saved at =inf, TrLoss=0.2419]
 Training POISON-alpha-s3-T8-k120:  80%|████████  | 40/50 [00:07<00:01,  5.99it/s, Saved at =inf, TrLoss=0.2354]
 Training POISON-alpha-s3-T8-k120:  82%|████████▏ | 41/50 [00:07<00:01,  6.00it/s, Saved at =inf, TrLoss=0.2354]
 Training POISON-alpha-s3-T8-k120:  82%|████████▏ | 41/50 [00:07<00:01,  6.00it/s, Saved at =inf, TrLoss=0.2388]
 Training POISON-alpha-s3-T8-k120:  84%|████████▍ | 42/50 [00:07<00:01,  5.99it/s, Saved at =inf, TrLoss=0.2388]
 Training POISON-alpha-s3-T8-k120:  84%|████████▍ | 42/50 [00:07<00:01,  5.99it/s, Saved at =inf, TrLoss=0.2399]
 Training POISON-alpha-s3-T8-k120:  86%|████████▌ | 43/50 [00:07<00:01,  5.98it/s, Saved at =inf, TrLoss=0.2399]
 Training POISON-alpha-s3-T8-k120:  86%|████████▌ | 43/50 [00:07<00:01,  5.98it/s, Saved at =inf, TrLoss=0.2442]
 Training POISON-alpha-s3-T8-k120:  88%|████████▊ | 44/50 [00:07<00:00,  6.09it/s, Saved at =inf, TrLoss=0.2442]
 Training POISON-alpha-s3-T8-k120:  88%|████████▊ | 44/50 [00:07<00:00,  6.09it/s, Saved at =inf, TrLoss=0.2280]
 Training POISON-alpha-s3-T8-k120:  90%|█████████ | 45/50 [00:07<00:00,  6.12it/s, Saved at =inf, TrLoss=0.2280]
 Training POISON-alpha-s3-T8-k120:  90%|█████████ | 45/50 [00:07<00:00,  6.12it/s, Saved at =inf, TrLoss=0.2367]
 Training POISON-alpha-s3-T8-k120:  92%|█████████▏| 46/50 [00:07<00:00,  6.10it/s, Saved at =inf, TrLoss=0.2367]
 Training POISON-alpha-s3-T8-k120:  92%|█████████▏| 46/50 [00:08<00:00,  6.10it/s, Saved at =inf, TrLoss=0.2278]
 Training POISON-alpha-s3-T8-k120:  94%|█████████▍| 47/50 [00:08<00:00,  6.08it/s, Saved at =inf, TrLoss=0.2278]
 Training POISON-alpha-s3-T8-k120:  94%|█████████▍| 47/50 [00:08<00:00,  6.08it/s, Saved at =inf, TrLoss=0.2346]
 Training POISON-alpha-s3-T8-k120:  96%|█████████▌| 48/50 [00:08<00:00,  6.03it/s, Saved at =inf, TrLoss=0.2346]
 Training POISON-alpha-s3-T8-k120:  96%|█████████▌| 48/50 [00:08<00:00,  6.03it/s, Saved at =inf, TrLoss=0.2235]
 Training POISON-alpha-s3-T8-k120:  98%|█████████▊| 49/50 [00:08<00:00,  6.03it/s, Saved at =inf, TrLoss=0.2235]
 Training POISON-alpha-s3-T8-k120:  98%|█████████▊| 49/50 [00:08<00:00,  6.03it/s, Saved at =inf, TrLoss=0.2226]
 Training POISON-alpha-s3-T8-k120: 100%|██████████| 50/50 [00:08<00:00,  6.06it/s, Saved at =inf, TrLoss=0.2226]
 Training POISON-alpha-s3-T8-k120: 100%|██████████| 50/50 [00:08<00:00,  5.83it/s, Saved at =inf, TrLoss=0.2226]
[16:11:00]     seed 3: eligible 24, flipped 22, mean dR -0.245

 Training POISON-alpha-s4-T8-k0:   0%|          | 0/50 [00:00<?, ?it/s]
 Training POISON-alpha-s4-T8-k0:   0%|          | 0/50 [00:00<?, ?it/s, Saved at =inf, TrLoss=0.7797]
 Training POISON-alpha-s4-T8-k0:   2%|▏         | 1/50 [00:00<00:08,  5.64it/s, Saved at =inf, TrLoss=0.7797]
 Training POISON-alpha-s4-T8-k0:   2%|▏         | 1/50 [00:00<00:08,  5.64it/s, Saved at =inf, TrLoss=0.6754]
 Training POISON-alpha-s4-T8-k0:   4%|▍         | 2/50 [00:00<00:08,  5.84it/s, Saved at =inf, TrLoss=0.6754]
 Training POISON-alpha-s4-T8-k0:   4%|▍         | 2/50 [00:00<00:08,  5.84it/s, Saved at =inf, TrLoss=0.5963]
 Training POISON-alpha-s4-T8-k0:   6%|▌         | 3/50 [00:00<00:07,  5.91it/s, Saved at =inf, TrLoss=0.5963]
 Training POISON-alpha-s4-T8-k0:   6%|▌         | 3/50 [00:00<00:07,  5.91it/s, Saved at =inf, TrLoss=0.5728]
 Training POISON-alpha-s4-T8-k0:   8%|▊         | 4/50 [00:00<00:07,  5.75it/s, Saved at =inf, TrLoss=0.5728]
 Training POISON-alpha-s4-T8-k0:   8%|▊         | 4/50 [00:00<00:07,  5.75it/s, Saved at =inf, TrLoss=0.5345]
 Training POISON-alpha-s4-T8-k0:  10%|█         | 5/50 [00:00<00:07,  5.89it/s, Saved at =inf, TrLoss=0.5345]
 Training POISON-alpha-s4-T8-k0:  10%|█         | 5/50 [00:00<00:07,  5.89it/s, Saved at =inf, TrLoss=0.5029]
 Training POISON-alpha-s4-T8-k0:  12%|█▏        | 6/50 [00:01<00:08,  5.43it/s, Saved at =inf, TrLoss=0.5029]
 Training POISON-alpha-s4-T8-k0:  12%|█▏        | 6/50 [00:01<00:08,  5.43it/s, Saved at =inf, TrLoss=0.4634]
 Training POISON-alpha-s4-T8-k0:  14%|█▍        | 7/50 [00:01<00:08,  5.24it/s, Saved at =inf, TrLoss=0.4634]
 Training POISON-alpha-s4-T8-k0:  14%|█▍        | 7/50 [00:01<00:08,  5.24it/s, Saved at =inf, TrLoss=0.4402]
 Training POISON-alpha-s4-T8-k0:  16%|█▌        | 8/50 [00:01<00:07,  5.45it/s, Saved at =inf, TrLoss=0.4402]
 Training POISON-alpha-s4-T8-k0:  16%|█▌        | 8/50 [00:01<00:07,  5.45it/s, Saved at =inf, TrLoss=0.3909]
 Training POISON-alpha-s4-T8-k0:  18%|█▊        | 9/50 [00:01<00:07,  5.15it/s, Saved at =inf, TrLoss=0.3909]
 Training POISON-alpha-s4-T8-k0:  18%|█▊        | 9/50 [00:01<00:07,  5.15it/s, Saved at =inf, TrLoss=0.4051]
 Training POISON-alpha-s4-T8-k0:  20%|██        | 10/50 [00:01<00:07,  5.40it/s, Saved at =inf, TrLoss=0.4051]
 Training POISON-alpha-s4-T8-k0:  20%|██        | 10/50 [00:01<00:07,  5.40it/s, Saved at =inf, TrLoss=0.4471]
 Training POISON-alpha-s4-T8-k0:  22%|██▏       | 11/50 [00:01<00:06,  5.66it/s, Saved at =inf, TrLoss=0.4471]
 Training POISON-alpha-s4-T8-k0:  22%|██▏       | 11/50 [00:02<00:06,  5.66it/s, Saved at =inf, TrLoss=0.3469]
 Training POISON-alpha-s4-T8-k0:  24%|██▍       | 12/50 [00:02<00:06,  5.81it/s, Saved at =inf, TrLoss=0.3469]
 Training POISON-alpha-s4-T8-k0:  24%|██▍       | 12/50 [00:02<00:06,  5.81it/s, Saved at =inf, TrLoss=0.3900]
 Training POISON-alpha-s4-T8-k0:  26%|██▌       | 13/50 [00:02<00:06,  5.88it/s, Saved at =inf, TrLoss=0.3900]
 Training POISON-alpha-s4-T8-k0:  26%|██▌       | 13/50 [00:02<00:06,  5.88it/s, Saved at =inf, TrLoss=0.3305]
 Training POISON-alpha-s4-T8-k0:  28%|██▊       | 14/50 [00:02<00:06,  5.94it/s, Saved at =inf, TrLoss=0.3305]
 Training POISON-alpha-s4-T8-k0:  28%|██▊       | 14/50 [00:02<00:06,  5.94it/s, Saved at =inf, TrLoss=0.3594]
 Training POISON-alpha-s4-T8-k0:  30%|███       | 15/50 [00:02<00:05,  5.95it/s, Saved at =inf, TrLoss=0.3594]
 Training POISON-alpha-s4-T8-k0:  30%|███       | 15/50 [00:02<00:05,  5.95it/s, Saved at =inf, TrLoss=0.3397]
 Training POISON-alpha-s4-T8-k0:  32%|███▏      | 16/50 [00:02<00:05,  5.99it/s, Saved at =inf, TrLoss=0.3397]
 Training POISON-alpha-s4-T8-k0:  32%|███▏      | 16/50 [00:02<00:05,  5.99it/s, Saved at =inf, TrLoss=0.3297]
 Training POISON-alpha-s4-T8-k0:  34%|███▍      | 17/50 [00:02<00:05,  6.02it/s, Saved at =inf, TrLoss=0.3297]
 Training POISON-alpha-s4-T8-k0:  34%|███▍      | 17/50 [00:03<00:05,  6.02it/s, Saved at =inf, TrLoss=0.3345]
 Training POISON-alpha-s4-T8-k0:  36%|███▌      | 18/50 [00:03<00:05,  6.09it/s, Saved at =inf, TrLoss=0.3345]
 Training POISON-alpha-s4-T8-k0:  36%|███▌      | 18/50 [00:03<00:05,  6.09it/s, Saved at =inf, TrLoss=0.3178]
 Training POISON-alpha-s4-T8-k0:  38%|███▊      | 19/50 [00:03<00:05,  6.14it/s, Saved at =inf, TrLoss=0.3178]
 Training POISON-alpha-s4-T8-k0:  38%|███▊      | 19/50 [00:03<00:05,  6.14it/s, Saved at =inf, TrLoss=0.3165]
 Training POISON-alpha-s4-T8-k0:  40%|████      | 20/50 [00:03<00:04,  6.12it/s, Saved at =inf, TrLoss=0.3165]
 Training POISON-alpha-s4-T8-k0:  40%|████      | 20/50 [00:03<00:04,  6.12it/s, Saved at =inf, TrLoss=0.3179]
 Training POISON-alpha-s4-T8-k0:  42%|████▏     | 21/50 [00:03<00:04,  6.10it/s, Saved at =inf, TrLoss=0.3179]
 Training POISON-alpha-s4-T8-k0:  42%|████▏     | 21/50 [00:03<00:04,  6.10it/s, Saved at =inf, TrLoss=0.2990]
 Training POISON-alpha-s4-T8-k0:  44%|████▍     | 22/50 [00:03<00:04,  6.09it/s, Saved at =inf, TrLoss=0.2990]
 Training POISON-alpha-s4-T8-k0:  44%|████▍     | 22/50 [00:03<00:04,  6.09it/s, Saved at =inf, TrLoss=0.3080]
 Training POISON-alpha-s4-T8-k0:  46%|████▌     | 23/50 [00:03<00:04,  6.06it/s, Saved at =inf, TrLoss=0.3080]
 Training POISON-alpha-s4-T8-k0:  46%|████▌     | 23/50 [00:04<00:04,  6.06it/s, Saved at =inf, TrLoss=0.2924]
 Training POISON-alpha-s4-T8-k0:  48%|████▊     | 24/50 [00:04<00:04,  6.04it/s, Saved at =inf, TrLoss=0.2924]
 Training POISON-alpha-s4-T8-k0:  48%|████▊     | 24/50 [00:04<00:04,  6.04it/s, Saved at =inf, TrLoss=0.2986]
 Training POISON-alpha-s4-T8-k0:  50%|█████     | 25/50 [00:04<00:04,  6.14it/s, Saved at =inf, TrLoss=0.2986]
 Training POISON-alpha-s4-T8-k0:  50%|█████     | 25/50 [00:04<00:04,  6.14it/s, Saved at =inf, TrLoss=0.2861]
 Training POISON-alpha-s4-T8-k0:  52%|█████▏    | 26/50 [00:04<00:03,  6.13it/s, Saved at =inf, TrLoss=0.2861]
 Training POISON-alpha-s4-T8-k0:  52%|█████▏    | 26/50 [00:04<00:03,  6.13it/s, Saved at =inf, TrLoss=0.2973]
 Training POISON-alpha-s4-T8-k0:  54%|█████▍    | 27/50 [00:04<00:03,  6.12it/s, Saved at =inf, TrLoss=0.2973]
 Training POISON-alpha-s4-T8-k0:  54%|█████▍    | 27/50 [00:04<00:03,  6.12it/s, Saved at =inf, TrLoss=0.2652]
 Training POISON-alpha-s4-T8-k0:  56%|█████▌    | 28/50 [00:04<00:03,  6.10it/s, Saved at =inf, TrLoss=0.2652]
 Training POISON-alpha-s4-T8-k0:  56%|█████▌    | 28/50 [00:04<00:03,  6.10it/s, Saved at =inf, TrLoss=0.2913]
 Training POISON-alpha-s4-T8-k0:  58%|█████▊    | 29/50 [00:04<00:03,  6.04it/s, Saved at =inf, TrLoss=0.2913]
 Training POISON-alpha-s4-T8-k0:  58%|█████▊    | 29/50 [00:05<00:03,  6.04it/s, Saved at =inf, TrLoss=0.2636]
 Training POISON-alpha-s4-T8-k0:  60%|██████    | 30/50 [00:05<00:03,  6.04it/s, Saved at =inf, TrLoss=0.2636]
 Training POISON-alpha-s4-T8-k0:  60%|██████    | 30/50 [00:05<00:03,  6.04it/s, Saved at =inf, TrLoss=0.2724]
 Training POISON-alpha-s4-T8-k0:  62%|██████▏   | 31/50 [00:05<00:03,  6.05it/s, Saved at =inf, TrLoss=0.2724]
 Training POISON-alpha-s4-T8-k0:  62%|██████▏   | 31/50 [00:05<00:03,  6.05it/s, Saved at =inf, TrLoss=0.2637]
 Training POISON-alpha-s4-T8-k0:  64%|██████▍   | 32/50 [00:05<00:02,  6.12it/s, Saved at =inf, TrLoss=0.2637]
 Training POISON-alpha-s4-T8-k0:  64%|██████▍   | 32/50 [00:05<00:02,  6.12it/s, Saved at =inf, TrLoss=0.2718]
 Training POISON-alpha-s4-T8-k0:  66%|██████▌   | 33/50 [00:05<00:02,  6.17it/s, Saved at =inf, TrLoss=0.2718]
 Training POISON-alpha-s4-T8-k0:  66%|██████▌   | 33/50 [00:05<00:02,  6.17it/s, Saved at =inf, TrLoss=0.2631]
 Training POISON-alpha-s4-T8-k0:  68%|██████▊   | 34/50 [00:05<00:02,  6.13it/s, Saved at =inf, TrLoss=0.2631]
 Training POISON-alpha-s4-T8-k0:  68%|██████▊   | 34/50 [00:05<00:02,  6.13it/s, Saved at =inf, TrLoss=0.2667]
 Training POISON-alpha-s4-T8-k0:  70%|███████   | 35/50 [00:05<00:02,  6.11it/s, Saved at =inf, TrLoss=0.2667]
 Training POISON-alpha-s4-T8-k0:  70%|███████   | 35/50 [00:06<00:02,  6.11it/s, Saved at =inf, TrLoss=0.2486]
 Training POISON-alpha-s4-T8-k0:  72%|███████▏  | 36/50 [00:06<00:02,  6.09it/s, Saved at =inf, TrLoss=0.2486]
 Training POISON-alpha-s4-T8-k0:  72%|███████▏  | 36/50 [00:06<00:02,  6.09it/s, Saved at =inf, TrLoss=0.2603]
 Training POISON-alpha-s4-T8-k0:  74%|███████▍  | 37/50 [00:06<00:02,  6.11it/s, Saved at =inf, TrLoss=0.2603]
 Training POISON-alpha-s4-T8-k0:  74%|███████▍  | 37/50 [00:06<00:02,  6.11it/s, Saved at =inf, TrLoss=0.2444]
 Training POISON-alpha-s4-T8-k0:  76%|███████▌  | 38/50 [00:06<00:02,  5.93it/s, Saved at =inf, TrLoss=0.2444]
 Training POISON-alpha-s4-T8-k0:  76%|███████▌  | 38/50 [00:06<00:02,  5.93it/s, Saved at =inf, TrLoss=0.2590]
 Training POISON-alpha-s4-T8-k0:  78%|███████▊  | 39/50 [00:06<00:02,  5.49it/s, Saved at =inf, TrLoss=0.2590]
 Training POISON-alpha-s4-T8-k0:  78%|███████▊  | 39/50 [00:06<00:02,  5.49it/s, Saved at =inf, TrLoss=0.2429]
 Training POISON-alpha-s4-T8-k0:  80%|████████  | 40/50 [00:06<00:01,  5.75it/s, Saved at =inf, TrLoss=0.2429]
 Training POISON-alpha-s4-T8-k0:  80%|████████  | 40/50 [00:06<00:01,  5.75it/s, Saved at =inf, TrLoss=0.2575]
 Training POISON-alpha-s4-T8-k0:  82%|████████▏ | 41/50 [00:06<00:01,  5.84it/s, Saved at =inf, TrLoss=0.2575]
 Training POISON-alpha-s4-T8-k0:  82%|████████▏ | 41/50 [00:07<00:01,  5.84it/s, Saved at =inf, TrLoss=0.2428]
 Training POISON-alpha-s4-T8-k0:  84%|████████▍ | 42/50 [00:07<00:01,  5.91it/s, Saved at =inf, TrLoss=0.2428]
 Training POISON-alpha-s4-T8-k0:  84%|████████▍ | 42/50 [00:07<00:01,  5.91it/s, Saved at =inf, TrLoss=0.2363]
 Training POISON-alpha-s4-T8-k0:  86%|████████▌ | 43/50 [00:07<00:01,  5.95it/s, Saved at =inf, TrLoss=0.2363]
 Training POISON-alpha-s4-T8-k0:  86%|████████▌ | 43/50 [00:07<00:01,  5.95it/s, Saved at =inf, TrLoss=0.2370]
 Training POISON-alpha-s4-T8-k0:  88%|████████▊ | 44/50 [00:07<00:00,  6.02it/s, Saved at =inf, TrLoss=0.2370]
 Training POISON-alpha-s4-T8-k0:  88%|████████▊ | 44/50 [00:07<00:00,  6.02it/s, Saved at =inf, TrLoss=0.2284]
 Training POISON-alpha-s4-T8-k0:  90%|█████████ | 45/50 [00:07<00:00,  5.92it/s, Saved at =inf, TrLoss=0.2284]
 Training POISON-alpha-s4-T8-k0:  90%|█████████ | 45/50 [00:07<00:00,  5.92it/s, Saved at =inf, TrLoss=0.2343]
 Training POISON-alpha-s4-T8-k0:  92%|█████████▏| 46/50 [00:07<00:00,  6.04it/s, Saved at =inf, TrLoss=0.2343]
 Training POISON-alpha-s4-T8-k0:  92%|█████████▏| 46/50 [00:07<00:00,  6.04it/s, Saved at =inf, TrLoss=0.2303]
 Training POISON-alpha-s4-T8-k0:  94%|█████████▍| 47/50 [00:07<00:00,  6.12it/s, Saved at =inf, TrLoss=0.2303]
 Training POISON-alpha-s4-T8-k0:  94%|█████████▍| 47/50 [00:08<00:00,  6.12it/s, Saved at =inf, TrLoss=0.2300]
 Training POISON-alpha-s4-T8-k0:  96%|█████████▌| 48/50 [00:08<00:00,  6.00it/s, Saved at =inf, TrLoss=0.2300]
 Training POISON-alpha-s4-T8-k0:  96%|█████████▌| 48/50 [00:08<00:00,  6.00it/s, Saved at =inf, TrLoss=0.2215]
 Training POISON-alpha-s4-T8-k0:  98%|█████████▊| 49/50 [00:08<00:00,  5.94it/s, Saved at =inf, TrLoss=0.2215]
 Training POISON-alpha-s4-T8-k0:  98%|█████████▊| 49/50 [00:08<00:00,  5.94it/s, Saved at =inf, TrLoss=0.2213]
 Training POISON-alpha-s4-T8-k0: 100%|██████████| 50/50 [00:08<00:00,  5.59it/s, Saved at =inf, TrLoss=0.2213]
 Training POISON-alpha-s4-T8-k0: 100%|██████████| 50/50 [00:08<00:00,  5.89it/s, Saved at =inf, TrLoss=0.2213]

 Training POISON-alpha-s4-T8-k120:   0%|          | 0/50 [00:00<?, ?it/s]
 Training POISON-alpha-s4-T8-k120:   0%|          | 0/50 [00:00<?, ?it/s, Saved at =inf, TrLoss=0.8052]
 Training POISON-alpha-s4-T8-k120:   2%|▏         | 1/50 [00:00<00:08,  5.52it/s, Saved at =inf, TrLoss=0.8052]
 Training POISON-alpha-s4-T8-k120:   2%|▏         | 1/50 [00:00<00:08,  5.52it/s, Saved at =inf, TrLoss=0.6762]
 Training POISON-alpha-s4-T8-k120:   4%|▍         | 2/50 [00:00<00:08,  5.75it/s, Saved at =inf, TrLoss=0.6762]
 Training POISON-alpha-s4-T8-k120:   4%|▍         | 2/50 [00:00<00:08,  5.75it/s, Saved at =inf, TrLoss=0.5814]
 Training POISON-alpha-s4-T8-k120:   6%|▌         | 3/50 [00:00<00:07,  5.88it/s, Saved at =inf, TrLoss=0.5814]
 Training POISON-alpha-s4-T8-k120:   6%|▌         | 3/50 [00:00<00:07,  5.88it/s, Saved at =inf, TrLoss=0.5544]
 Training POISON-alpha-s4-T8-k120:   8%|▊         | 4/50 [00:00<00:07,  5.92it/s, Saved at =inf, TrLoss=0.5544]
 Training POISON-alpha-s4-T8-k120:   8%|▊         | 4/50 [00:00<00:07,  5.92it/s, Saved at =inf, TrLoss=0.5161]
 Training POISON-alpha-s4-T8-k120:  10%|█         | 5/50 [00:00<00:07,  5.90it/s, Saved at =inf, TrLoss=0.5161]
 Training POISON-alpha-s4-T8-k120:  10%|█         | 5/50 [00:00<00:07,  5.90it/s, Saved at =inf, TrLoss=0.4847]
 Training POISON-alpha-s4-T8-k120:  12%|█▏        | 6/50 [00:01<00:07,  5.87it/s, Saved at =inf, TrLoss=0.4847]
 Training POISON-alpha-s4-T8-k120:  12%|█▏        | 6/50 [00:01<00:07,  5.87it/s, Saved at =inf, TrLoss=0.4599]
 Training POISON-alpha-s4-T8-k120:  14%|█▍        | 7/50 [00:01<00:07,  5.87it/s, Saved at =inf, TrLoss=0.4599]
 Training POISON-alpha-s4-T8-k120:  14%|█▍        | 7/50 [00:01<00:07,  5.87it/s, Saved at =inf, TrLoss=0.4368]
 Training POISON-alpha-s4-T8-k120:  16%|█▌        | 8/50 [00:01<00:07,  5.99it/s, Saved at =inf, TrLoss=0.4368]
 Training POISON-alpha-s4-T8-k120:  16%|█▌        | 8/50 [00:01<00:07,  5.99it/s, Saved at =inf, TrLoss=0.4226]
 Training POISON-alpha-s4-T8-k120:  18%|█▊        | 9/50 [00:01<00:06,  6.03it/s, Saved at =inf, TrLoss=0.4226]
 Training POISON-alpha-s4-T8-k120:  18%|█▊        | 9/50 [00:01<00:06,  6.03it/s, Saved at =inf, TrLoss=0.3804]
 Training POISON-alpha-s4-T8-k120:  20%|██        | 10/50 [00:01<00:06,  5.93it/s, Saved at =inf, TrLoss=0.3804]
 Training POISON-alpha-s4-T8-k120:  20%|██        | 10/50 [00:01<00:06,  5.93it/s, Saved at =inf, TrLoss=0.3668]
 Training POISON-alpha-s4-T8-k120:  22%|██▏       | 11/50 [00:01<00:06,  5.93it/s, Saved at =inf, TrLoss=0.3668]
 Training POISON-alpha-s4-T8-k120:  22%|██▏       | 11/50 [00:01<00:06,  5.93it/s, Saved at =inf, TrLoss=0.3951]
 Training POISON-alpha-s4-T8-k120:  24%|██▍       | 12/50 [00:02<00:06,  5.94it/s, Saved at =inf, TrLoss=0.3951]
 Training POISON-alpha-s4-T8-k120:  24%|██▍       | 12/50 [00:02<00:06,  5.94it/s, Saved at =inf, TrLoss=0.3590]
 Training POISON-alpha-s4-T8-k120:  26%|██▌       | 13/50 [00:02<00:06,  5.95it/s, Saved at =inf, TrLoss=0.3590]
 Training POISON-alpha-s4-T8-k120:  26%|██▌       | 13/50 [00:02<00:06,  5.95it/s, Saved at =inf, TrLoss=0.3312]
 Training POISON-alpha-s4-T8-k120:  28%|██▊       | 14/50 [00:02<00:06,  5.99it/s, Saved at =inf, TrLoss=0.3312]
 Training POISON-alpha-s4-T8-k120:  28%|██▊       | 14/50 [00:02<00:06,  5.99it/s, Saved at =inf, TrLoss=0.3366]
 Training POISON-alpha-s4-T8-k120:  30%|███       | 15/50 [00:02<00:05,  6.01it/s, Saved at =inf, TrLoss=0.3366]
 Training POISON-alpha-s4-T8-k120:  30%|███       | 15/50 [00:02<00:05,  6.01it/s, Saved at =inf, TrLoss=0.3162]
 Training POISON-alpha-s4-T8-k120:  32%|███▏      | 16/50 [00:02<00:05,  6.07it/s, Saved at =inf, TrLoss=0.3162]
 Training POISON-alpha-s4-T8-k120:  32%|███▏      | 16/50 [00:02<00:05,  6.07it/s, Saved at =inf, TrLoss=0.3395]
 Training POISON-alpha-s4-T8-k120:  34%|███▍      | 17/50 [00:02<00:05,  6.05it/s, Saved at =inf, TrLoss=0.3395]
 Training POISON-alpha-s4-T8-k120:  34%|███▍      | 17/50 [00:02<00:05,  6.05it/s, Saved at =inf, TrLoss=0.2984]
 Training POISON-alpha-s4-T8-k120:  36%|███▌      | 18/50 [00:03<00:05,  6.05it/s, Saved at =inf, TrLoss=0.2984]
 Training POISON-alpha-s4-T8-k120:  36%|███▌      | 18/50 [00:03<00:05,  6.05it/s, Saved at =inf, TrLoss=0.3244]
 Training POISON-alpha-s4-T8-k120:  38%|███▊      | 19/50 [00:03<00:05,  6.06it/s, Saved at =inf, TrLoss=0.3244]
 Training POISON-alpha-s4-T8-k120:  38%|███▊      | 19/50 [00:03<00:05,  6.06it/s, Saved at =inf, TrLoss=0.2918]
 Training POISON-alpha-s4-T8-k120:  40%|████      | 20/50 [00:03<00:05,  5.93it/s, Saved at =inf, TrLoss=0.2918]
 Training POISON-alpha-s4-T8-k120:  40%|████      | 20/50 [00:03<00:05,  5.93it/s, Saved at =inf, TrLoss=0.3114]
 Training POISON-alpha-s4-T8-k120:  42%|████▏     | 21/50 [00:03<00:04,  5.96it/s, Saved at =inf, TrLoss=0.3114]
 Training POISON-alpha-s4-T8-k120:  42%|████▏     | 21/50 [00:03<00:04,  5.96it/s, Saved at =inf, TrLoss=0.2867]
 Training POISON-alpha-s4-T8-k120:  44%|████▍     | 22/50 [00:03<00:04,  5.67it/s, Saved at =inf, TrLoss=0.2867]
 Training POISON-alpha-s4-T8-k120:  44%|████▍     | 22/50 [00:03<00:04,  5.67it/s, Saved at =inf, TrLoss=0.2998]
 Training POISON-alpha-s4-T8-k120:  46%|████▌     | 23/50 [00:03<00:04,  5.82it/s, Saved at =inf, TrLoss=0.2998]
 Training POISON-alpha-s4-T8-k120:  46%|████▌     | 23/50 [00:04<00:04,  5.82it/s, Saved at =inf, TrLoss=0.2783]
 Training POISON-alpha-s4-T8-k120:  48%|████▊     | 24/50 [00:04<00:04,  5.89it/s, Saved at =inf, TrLoss=0.2783]
 Training POISON-alpha-s4-T8-k120:  48%|████▊     | 24/50 [00:04<00:04,  5.89it/s, Saved at =inf, TrLoss=0.2932]
 Training POISON-alpha-s4-T8-k120:  50%|█████     | 25/50 [00:04<00:04,  5.94it/s, Saved at =inf, TrLoss=0.2932]
 Training POISON-alpha-s4-T8-k120:  50%|█████     | 25/50 [00:04<00:04,  5.94it/s, Saved at =inf, TrLoss=0.2790]
 Training POISON-alpha-s4-T8-k120:  52%|█████▏    | 26/50 [00:04<00:04,  5.62it/s, Saved at =inf, TrLoss=0.2790]
 Training POISON-alpha-s4-T8-k120:  52%|█████▏    | 26/50 [00:04<00:04,  5.62it/s, Saved at =inf, TrLoss=0.2852]
 Training POISON-alpha-s4-T8-k120:  54%|█████▍    | 27/50 [00:04<00:04,  5.50it/s, Saved at =inf, TrLoss=0.2852]
 Training POISON-alpha-s4-T8-k120:  54%|█████▍    | 27/50 [00:04<00:04,  5.50it/s, Saved at =inf, TrLoss=0.2576]
 Training POISON-alpha-s4-T8-k120:  56%|█████▌    | 28/50 [00:04<00:03,  5.53it/s, Saved at =inf, TrLoss=0.2576]
 Training POISON-alpha-s4-T8-k120:  56%|█████▌    | 28/50 [00:04<00:03,  5.53it/s, Saved at =inf, TrLoss=0.2826]
 Training POISON-alpha-s4-T8-k120:  58%|█████▊    | 29/50 [00:04<00:03,  5.74it/s, Saved at =inf, TrLoss=0.2826]
 Training POISON-alpha-s4-T8-k120:  58%|█████▊    | 29/50 [00:05<00:03,  5.74it/s, Saved at =inf, TrLoss=0.2578]
 Training POISON-alpha-s4-T8-k120:  60%|██████    | 30/50 [00:05<00:03,  5.87it/s, Saved at =inf, TrLoss=0.2578]
 Training POISON-alpha-s4-T8-k120:  60%|██████    | 30/50 [00:05<00:03,  5.87it/s, Saved at =inf, TrLoss=0.2650]
 Training POISON-alpha-s4-T8-k120:  62%|██████▏   | 31/50 [00:05<00:03,  5.88it/s, Saved at =inf, TrLoss=0.2650]
 Training POISON-alpha-s4-T8-k120:  62%|██████▏   | 31/50 [00:05<00:03,  5.88it/s, Saved at =inf, TrLoss=0.2592]
 Training POISON-alpha-s4-T8-k120:  64%|██████▍   | 32/50 [00:05<00:03,  5.89it/s, Saved at =inf, TrLoss=0.2592]
 Training POISON-alpha-s4-T8-k120:  64%|██████▍   | 32/50 [00:05<00:03,  5.89it/s, Saved at =inf, TrLoss=0.2580]
 Training POISON-alpha-s4-T8-k120:  66%|██████▌   | 33/50 [00:05<00:02,  5.92it/s, Saved at =inf, TrLoss=0.2580]
 Training POISON-alpha-s4-T8-k120:  66%|██████▌   | 33/50 [00:05<00:02,  5.92it/s, Saved at =inf, TrLoss=0.2605]
 Training POISON-alpha-s4-T8-k120:  68%|██████▊   | 34/50 [00:05<00:02,  5.94it/s, Saved at =inf, TrLoss=0.2605]
 Training POISON-alpha-s4-T8-k120:  68%|██████▊   | 34/50 [00:05<00:02,  5.94it/s, Saved at =inf, TrLoss=0.2532]
 Training POISON-alpha-s4-T8-k120:  70%|███████   | 35/50 [00:05<00:02,  5.77it/s, Saved at =inf, TrLoss=0.2532]
 Training POISON-alpha-s4-T8-k120:  70%|███████   | 35/50 [00:06<00:02,  5.77it/s, Saved at =inf, TrLoss=0.2539]
 Training POISON-alpha-s4-T8-k120:  72%|███████▏  | 36/50 [00:06<00:02,  5.69it/s, Saved at =inf, TrLoss=0.2539]
 Training POISON-alpha-s4-T8-k120:  72%|███████▏  | 36/50 [00:06<00:02,  5.69it/s, Saved at =inf, TrLoss=0.2418]
 Training POISON-alpha-s4-T8-k120:  74%|███████▍  | 37/50 [00:06<00:02,  5.76it/s, Saved at =inf, TrLoss=0.2418]
 Training POISON-alpha-s4-T8-k120:  74%|███████▍  | 37/50 [00:06<00:02,  5.76it/s, Saved at =inf, TrLoss=0.2475]
 Training POISON-alpha-s4-T8-k120:  76%|███████▌  | 38/50 [00:06<00:02,  5.60it/s, Saved at =inf, TrLoss=0.2475]
 Training POISON-alpha-s4-T8-k120:  76%|███████▌  | 38/50 [00:06<00:02,  5.60it/s, Saved at =inf, TrLoss=0.2455]
 Training POISON-alpha-s4-T8-k120:  78%|███████▊  | 39/50 [00:06<00:02,  5.21it/s, Saved at =inf, TrLoss=0.2455]
 Training POISON-alpha-s4-T8-k120:  78%|███████▊  | 39/50 [00:06<00:02,  5.21it/s, Saved at =inf, TrLoss=0.2397]
 Training POISON-alpha-s4-T8-k120:  80%|████████  | 40/50 [00:06<00:01,  5.01it/s, Saved at =inf, TrLoss=0.2397]
 Training POISON-alpha-s4-T8-k120:  80%|████████  | 40/50 [00:07<00:01,  5.01it/s, Saved at =inf, TrLoss=0.2479]
 Training POISON-alpha-s4-T8-k120:  82%|████████▏ | 41/50 [00:07<00:01,  4.92it/s, Saved at =inf, TrLoss=0.2479]
 Training POISON-alpha-s4-T8-k120:  82%|████████▏ | 41/50 [00:07<00:01,  4.92it/s, Saved at =inf, TrLoss=0.2436]
 Training POISON-alpha-s4-T8-k120:  84%|████████▍ | 42/50 [00:07<00:01,  4.86it/s, Saved at =inf, TrLoss=0.2436]
 Training POISON-alpha-s4-T8-k120:  84%|████████▍ | 42/50 [00:07<00:01,  4.86it/s, Saved at =inf, TrLoss=0.2304]
 Training POISON-alpha-s4-T8-k120:  86%|████████▌ | 43/50 [00:07<00:01,  4.84it/s, Saved at =inf, TrLoss=0.2304]
 Training POISON-alpha-s4-T8-k120:  86%|████████▌ | 43/50 [00:07<00:01,  4.84it/s, Saved at =inf, TrLoss=0.2375]
 Training POISON-alpha-s4-T8-k120:  88%|████████▊ | 44/50 [00:07<00:01,  5.16it/s, Saved at =inf, TrLoss=0.2375]
 Training POISON-alpha-s4-T8-k120:  88%|████████▊ | 44/50 [00:07<00:01,  5.16it/s, Saved at =inf, TrLoss=0.2236]
 Training POISON-alpha-s4-T8-k120:  90%|█████████ | 45/50 [00:07<00:00,  5.38it/s, Saved at =inf, TrLoss=0.2236]
 Training POISON-alpha-s4-T8-k120:  90%|█████████ | 45/50 [00:08<00:00,  5.38it/s, Saved at =inf, TrLoss=0.2296]
 Training POISON-alpha-s4-T8-k120:  92%|█████████▏| 46/50 [00:08<00:00,  5.56it/s, Saved at =inf, TrLoss=0.2296]
 Training POISON-alpha-s4-T8-k120:  92%|█████████▏| 46/50 [00:08<00:00,  5.56it/s, Saved at =inf, TrLoss=0.2252]
 Training POISON-alpha-s4-T8-k120:  94%|█████████▍| 47/50 [00:08<00:00,  5.71it/s, Saved at =inf, TrLoss=0.2252]
 Training POISON-alpha-s4-T8-k120:  94%|█████████▍| 47/50 [00:08<00:00,  5.71it/s, Saved at =inf, TrLoss=0.2311]
 Training POISON-alpha-s4-T8-k120:  96%|█████████▌| 48/50 [00:08<00:00,  5.89it/s, Saved at =inf, TrLoss=0.2311]
 Training POISON-alpha-s4-T8-k120:  96%|█████████▌| 48/50 [00:08<00:00,  5.89it/s, Saved at =inf, TrLoss=0.2191]
 Training POISON-alpha-s4-T8-k120:  98%|█████████▊| 49/50 [00:08<00:00,  5.90it/s, Saved at =inf, TrLoss=0.2191]
 Training POISON-alpha-s4-T8-k120:  98%|█████████▊| 49/50 [00:08<00:00,  5.90it/s, Saved at =inf, TrLoss=0.2203]
 Training POISON-alpha-s4-T8-k120: 100%|██████████| 50/50 [00:08<00:00,  5.95it/s, Saved at =inf, TrLoss=0.2203]
 Training POISON-alpha-s4-T8-k120: 100%|██████████| 50/50 [00:08<00:00,  5.73it/s, Saved at =inf, TrLoss=0.2203]
[16:11:20]     seed 4: eligible 23, flipped 23, mean dR -0.342
[16:11:20]     causal-retrain T=8: pooled flip=96.5% CI(0.913, 0.99) over 114 victim-model pairs; per-seed 96.5±3.6; mean dR=-0.2871
[16:11:20] 
Wrote paper/results/unified/causal_retrain_s5.json
