<clones>/EvolveGCN/bitcoin_dl.py:47: UserWarning: torch.sparse.SparseTensor(indices, values, shape, *, device=) is deprecated.  Please use torch.sparse_coo_tensor(indices, values, shape, dtype=, device=). (Triggered internally at /opt/conda/conda-bld/pytorch_1720538438429/work/torch/csrc/utils/tensor_new.cpp:641.)
  neg_sp_edges = torch.sparse.LongTensor(neg_sp_indices
<clones>/EvolveGCN/taskers_utils.py:98: UserWarning: torch.sparse.SparseTensor(indices, values, *, device=) is deprecated.  Please use torch.sparse_coo_tensor(indices, values, dtype=, device=). (Triggered internally at /opt/conda/conda-bld/pytorch_1720538438429/work/torch/csrc/utils/tensor_new.cpp:629.)
  out = torch.sparse.FloatTensor(idx.t(),vals).coalesce()
Dataset splits sizes:  train 85 dev 13 test 29
CLS num_feats 200
Log: STDOUT
INFO:root:*** PARAMETERS ***
INFO:root:{'adj_mat_time_window': 1,
 'bitcoin_args': <utils.Namespace object at 0x7f01f3541db0>,
 'bitcoinalpha_args': {'aggr_time': 1200000,
                       'edges_file': 'soc-sign-bitcoinalpha.csv',
                       'feats_per_node': 3,
                       'folder': './data/'},
 'class_weights': [0.8, 0.2],
 'comments': ['comments'],
 'data': 'bitcoinalpha',
 'data_loading_params': {'batch_size': 1, 'num_workers': 8},
 'dev_proportion': 0.1,
 'device': 'cuda',
 'early_stop_patience': 100,
 'eval_after_epochs': 5,
 'gcn_parameters': {'cls_feats': 200,
                    'cls_feats_max': 500,
                    'cls_feats_min': 50,
                    'feats_per_node': 100,
                    'feats_per_node_max': 256,
                    'feats_per_node_min': 50,
                    'k_top_grcu': 200,
                    'layer_1_feats': 100,
                    'layer_1_feats_max': 200,
                    'layer_1_feats_min': 20,
                    'layer_2_feats': 100,
                    'layer_2_feats_same_as_l1': True,
                    'lstm_l1_feats': 100,
                    'lstm_l1_feats_max': 200,
                    'lstm_l1_feats_min': 20,
                    'lstm_l1_layers': 1,
                    'lstm_l2_feats': 100,
                    'lstm_l2_feats_same_as_l1': True,
                    'lstm_l2_layers': 1,
                    'num_layers': 2},
 'learning_rate': 0.001,
 'learning_rate_max': 0.1,
 'learning_rate_min': 0.0001,
 'model': 'egcn_h',
 'negative_mult_test': 100,
 'negative_mult_training': 20,
 'num_epochs': 1000,
 'num_hist_steps': 10,
 'num_hist_steps_max': 10,
 'num_hist_steps_min': 3,
 'rank': 0,
 'save_node_embeddings': False,
 'seed': 1234,
 'smart_neg_sampling': True,
 'steps_accum_gradients': 1,
 'target_class': 0,
 'target_measure': 'F1',
 'task': 'edge_cls',
 'train_proportion': 0.7,
 'use_1_hot_node_feats': True,
 'use_2_hot_node_feats': False,
 'use_cuda': True,
 'use_logfile': False,
 'wsize': 1}
INFO:root:
INFO:root:################ TRAIN epoch 0 ###################
INFO:root:TRAIN mean losses tensor(0.1600, device='cuda:0')
INFO:root:TRAIN mean errors 0.20936842262744904
INFO:root:TRAIN mean MRR 0.0 - mean MAP 0.9246665990568556
INFO:root:TRAIN tp {0: tensor(61, device='cuda:0'), 1: tensor(22472, device='cuda:0')},fn {0: tensor(2423, device='cuda:0'), 1: tensor(3544, device='cuda:0')},fp {0: tensor(3544, device='cuda:0'), 1: tensor(2423, device='cuda:0')}
INFO:root:TRAIN measures microavg - precision 0.7906 - recall 0.7906 - f1 0.7906 
INFO:root:TRAIN measures for class 0 - precision 0.0169 - recall 0.0246 - f1 0.0200 
INFO:root:TRAIN measures for class 1 - precision 0.9027 - recall 0.8638 - f1 0.8828 
INFO:root:TRAIN measures@10 microavg - precision 0.8686 - recall 0.0262 - f1 0.0509 
INFO:root:TRAIN measures@10 for class 0 - precision 0.0167 - recall 0.0004 - f1 0.0008 
INFO:root:TRAIN measures@10 for class 1 - precision 0.9325 - recall 0.0287 - f1 0.0556 
INFO:root:TRAIN measures@100 microavg - precision 0.8469 - recall 0.2555 - f1 0.3925 
INFO:root:TRAIN measures@100 for class 0 - precision 0.0151 - recall 0.0036 - f1 0.0058 
INFO:root:TRAIN measures@100 for class 1 - precision 0.9090 - recall 0.2795 - f1 0.4276 
INFO:root:TRAIN measures@1000 microavg - precision 0.7942 - recall 0.7706 - f1 0.7823 
INFO:root:TRAIN measures@1000 for class 0 - precision 0.0179 - recall 0.0242 - f1 0.0206 
INFO:root:TRAIN measures@1000 for class 1 - precision 0.9011 - recall 0.8419 - f1 0.8705 
INFO:root:TRAIN Total epoch time: 16.402072264812887
INFO:root:################ TRAIN epoch 1 ###################
INFO:root:TRAIN mean losses tensor(0.1616, device='cuda:0')
INFO:root:TRAIN mean errors 0.08715789765119553
INFO:root:TRAIN mean MRR 0.0 - mean MAP 0.9350536410997272
INFO:root:TRAIN tp {0: tensor(0, device='cuda:0'), 1: tensor(26016, device='cuda:0')},fn {0: tensor(2484, device='cuda:0'), 1: tensor(0, device='cuda:0')},fp {0: tensor(0, device='cuda:0'), 1: tensor(2484, device='cuda:0')}
INFO:root:TRAIN measures microavg - precision 0.9128 - recall 0.9128 - f1 0.9128 
INFO:root:TRAIN measures for class 0 - precision 0.0000 - recall 0.0000 - f1 0.0000 
INFO:root:TRAIN measures for class 1 - precision 0.9128 - recall 1.0000 - f1 0.9544 
INFO:root:TRAIN measures@10 microavg - precision 0.9612 - recall 0.0287 - f1 0.0557 
INFO:root:TRAIN measures@10 for class 0 - precision 0.0000 - recall 0.0000 - f1 0.0000 
INFO:root:TRAIN measures@10 for class 1 - precision 0.9612 - recall 0.0314 - f1 0.0608 
INFO:root:TRAIN measures@100 microavg - precision 0.9298 - recall 0.2773 - f1 0.4272 
INFO:root:TRAIN measures@100 for class 0 - precision 0.0000 - recall 0.0000 - f1 0.0000 
INFO:root:TRAIN measures@100 for class 1 - precision 0.9298 - recall 0.3038 - f1 0.4579 
INFO:root:TRAIN measures@1000 microavg - precision 0.9110 - recall 0.8808 - f1 0.8956 
INFO:root:TRAIN measures@1000 for class 0 - precision 0.0000 - recall 0.0000 - f1 0.0000 
INFO:root:TRAIN measures@1000 for class 1 - precision 0.9110 - recall 0.9649 - f1 0.9372 
INFO:root:TRAIN Total epoch time: 16.654335414990783
INFO:root:################ TRAIN epoch 2 ###################
INFO:root:TRAIN mean losses tensor(0.1556, device='cuda:0')
INFO:root:TRAIN mean errors 0.08715789765119553
INFO:root:TRAIN mean MRR 0.0 - mean MAP 0.9325808883178113
INFO:root:TRAIN tp {0: tensor(0, device='cuda:0'), 1: tensor(26016, device='cuda:0')},fn {0: tensor(2484, device='cuda:0'), 1: tensor(0, device='cuda:0')},fp {0: tensor(0, device='cuda:0'), 1: tensor(2484, device='cuda:0')}
INFO:root:TRAIN measures microavg - precision 0.9128 - recall 0.9128 - f1 0.9128 
INFO:root:TRAIN measures for class 0 - precision 0.0000 - recall 0.0000 - f1 0.0000 
INFO:root:TRAIN measures for class 1 - precision 0.9128 - recall 1.0000 - f1 0.9544 
INFO:root:TRAIN measures@10 microavg - precision 0.9612 - recall 0.0287 - f1 0.0557 
INFO:root:TRAIN measures@10 for class 0 - precision 0.0000 - recall 0.0000 - f1 0.0000 
INFO:root:TRAIN measures@10 for class 1 - precision 0.9612 - recall 0.0314 - f1 0.0608 
INFO:root:TRAIN measures@100 microavg - precision 0.9279 - recall 0.2767 - f1 0.4263 
INFO:root:TRAIN measures@100 for class 0 - precision 0.0000 - recall 0.0000 - f1 0.0000 
INFO:root:TRAIN measures@100 for class 1 - precision 0.9279 - recall 0.3032 - f1 0.4570 
INFO:root:TRAIN measures@1000 microavg - precision 0.9109 - recall 0.8807 - f1 0.8956 
INFO:root:TRAIN measures@1000 for class 0 - precision 0.0000 - recall 0.0000 - f1 0.0000 
INFO:root:TRAIN measures@1000 for class 1 - precision 0.9109 - recall 0.9648 - f1 0.9371 
INFO:root:TRAIN Total epoch time: 16.907720350660384
INFO:root:################ TRAIN epoch 3 ###################
INFO:root:TRAIN mean losses tensor(0.1551, device='cuda:0')
INFO:root:TRAIN mean errors 0.08715789765119553
INFO:root:TRAIN mean MRR 0.0 - mean MAP 0.9341627548601914
INFO:root:TRAIN tp {0: tensor(0, device='cuda:0'), 1: tensor(26016, device='cuda:0')},fn {0: tensor(2484, device='cuda:0'), 1: tensor(0, device='cuda:0')},fp {0: tensor(0, device='cuda:0'), 1: tensor(2484, device='cuda:0')}
INFO:root:TRAIN measures microavg - precision 0.9128 - recall 0.9128 - f1 0.9128 
INFO:root:TRAIN measures for class 0 - precision 0.0000 - recall 0.0000 - f1 0.0000 
INFO:root:TRAIN measures for class 1 - precision 0.9128 - recall 1.0000 - f1 0.9544 
INFO:root:TRAIN measures@10 microavg - precision 0.9565 - recall 0.0285 - f1 0.0554 
INFO:root:TRAIN measures@10 for class 0 - precision 0.0000 - recall 0.0000 - f1 0.0000 
INFO:root:TRAIN measures@10 for class 1 - precision 0.9565 - recall 0.0312 - f1 0.0605 
INFO:root:TRAIN measures@100 microavg - precision 0.9302 - recall 0.2774 - f1 0.4274 
INFO:root:TRAIN measures@100 for class 0 - precision 0.0000 - recall 0.0000 - f1 0.0000 
INFO:root:TRAIN measures@100 for class 1 - precision 0.9302 - recall 0.3039 - f1 0.4582 
INFO:root:TRAIN measures@1000 microavg - precision 0.9113 - recall 0.8811 - f1 0.8960 
INFO:root:TRAIN measures@1000 for class 0 - precision 0.0000 - recall 0.0000 - f1 0.0000 
INFO:root:TRAIN measures@1000 for class 1 - precision 0.9113 - recall 0.9652 - f1 0.9375 
INFO:root:TRAIN Total epoch time: 16.63322409428656
INFO:root:################ TRAIN epoch 4 ###################
INFO:root:TRAIN mean losses tensor(0.1539, device='cuda:0')
INFO:root:TRAIN mean errors 0.08715789765119553
INFO:root:TRAIN mean MRR 0.0 - mean MAP 0.9333229068154026
INFO:root:TRAIN tp {0: tensor(0, device='cuda:0'), 1: tensor(26016, device='cuda:0')},fn {0: tensor(2484, device='cuda:0'), 1: tensor(0, device='cuda:0')},fp {0: tensor(0, device='cuda:0'), 1: tensor(2484, device='cuda:0')}
INFO:root:TRAIN measures microavg - precision 0.9128 - recall 0.9128 - f1 0.9128 
INFO:root:TRAIN measures for class 0 - precision 0.0000 - recall 0.0000 - f1 0.0000 
INFO:root:TRAIN measures for class 1 - precision 0.9128 - recall 1.0000 - f1 0.9544 
INFO:root:TRAIN measures@10 microavg - precision 0.9506 - recall 0.0284 - f1 0.0551 
INFO:root:TRAIN measures@10 for class 0 - precision 0.0000 - recall 0.0000 - f1 0.0000 
INFO:root:TRAIN measures@10 for class 1 - precision 0.9506 - recall 0.0311 - f1 0.0602 
INFO:root:TRAIN measures@100 microavg - precision 0.9285 - recall 0.2769 - f1 0.4266 
INFO:root:TRAIN measures@100 for class 0 - precision 0.0000 - recall 0.0000 - f1 0.0000 
INFO:root:TRAIN measures@100 for class 1 - precision 0.9285 - recall 0.3034 - f1 0.4573 
INFO:root:TRAIN measures@1000 microavg - precision 0.9113 - recall 0.8811 - f1 0.8959 
INFO:root:TRAIN measures@1000 for class 0 - precision 0.0000 - recall 0.0000 - f1 0.0000 
INFO:root:TRAIN measures@1000 for class 1 - precision 0.9113 - recall 0.9652 - f1 0.9375 
INFO:root:TRAIN Total epoch time: 16.234623317606747
INFO:root:################ TRAIN epoch 5 ###################
INFO:root:TRAIN mean losses tensor(0.1517, device='cuda:0')
INFO:root:TRAIN mean errors 0.08715789765119553
INFO:root:TRAIN mean MRR 0.0 - mean MAP 0.9346377430387605
INFO:root:TRAIN tp {0: tensor(0, device='cuda:0'), 1: tensor(26016, device='cuda:0')},fn {0: tensor(2484, device='cuda:0'), 1: tensor(0, device='cuda:0')},fp {0: tensor(0, device='cuda:0'), 1: tensor(2484, device='cuda:0')}
INFO:root:TRAIN measures microavg - precision 0.9128 - recall 0.9128 - f1 0.9128 
INFO:root:TRAIN measures for class 0 - precision 0.0000 - recall 0.0000 - f1 0.0000 
INFO:root:TRAIN measures for class 1 - precision 0.9128 - recall 1.0000 - f1 0.9544 
INFO:root:TRAIN measures@10 microavg - precision 0.9600 - recall 0.0286 - f1 0.0556 
INFO:root:TRAIN measures@10 for class 0 - precision 0.0000 - recall 0.0000 - f1 0.0000 
INFO:root:TRAIN measures@10 for class 1 - precision 0.9600 - recall 0.0314 - f1 0.0607 
INFO:root:TRAIN measures@100 microavg - precision 0.9293 - recall 0.2772 - f1 0.4270 
INFO:root:TRAIN measures@100 for class 0 - precision 0.0000 - recall 0.0000 - f1 0.0000 
INFO:root:TRAIN measures@100 for class 1 - precision 0.9293 - recall 0.3036 - f1 0.4577 
INFO:root:TRAIN measures@1000 microavg - precision 0.9114 - recall 0.8812 - f1 0.8961 
INFO:root:TRAIN measures@1000 for class 0 - precision 0.0000 - recall 0.0000 - f1 0.0000 
INFO:root:TRAIN measures@1000 for class 1 - precision 0.9114 - recall 0.9653 - f1 0.9376 
INFO:root:TRAIN Total epoch time: 16.345805287361145
INFO:root:################ TRAIN epoch 6 ###################
INFO:root:TRAIN mean losses tensor(0.1511, device='cuda:0')
INFO:root:TRAIN mean errors 0.09382455796003342
INFO:root:TRAIN mean MRR 0.0 - mean MAP 0.9358340834554456
INFO:root:TRAIN tp {0: tensor(4, device='cuda:0'), 1: tensor(25822, device='cuda:0')},fn {0: tensor(2480, device='cuda:0'), 1: tensor(194, device='cuda:0')},fp {0: tensor(194, device='cuda:0'), 1: tensor(2480, device='cuda:0')}
INFO:root:TRAIN measures microavg - precision 0.9062 - recall 0.9062 - f1 0.9062 
INFO:root:TRAIN measures for class 0 - precision 0.0202 - recall 0.0016 - f1 0.0030 
INFO:root:TRAIN measures for class 1 - precision 0.9124 - recall 0.9925 - f1 0.9508 
INFO:root:TRAIN measures@10 microavg - precision 0.8946 - recall 0.0289 - f1 0.0559 
INFO:root:TRAIN measures@10 for class 0 - precision 0.0143 - recall 0.0004 - f1 0.0008 
INFO:root:TRAIN measures@10 for class 1 - precision 0.9671 - recall 0.0316 - f1 0.0612 
INFO:root:TRAIN measures@100 microavg - precision 0.9116 - recall 0.2782 - f1 0.4263 
INFO:root:TRAIN measures@100 for class 0 - precision 0.0202 - recall 0.0016 - f1 0.0030 
INFO:root:TRAIN measures@100 for class 1 - precision 0.9324 - recall 0.3046 - f1 0.4592 
INFO:root:TRAIN measures@1000 microavg - precision 0.9049 - recall 0.8773 - f1 0.8909 
INFO:root:TRAIN measures@1000 for class 0 - precision 0.0202 - recall 0.0016 - f1 0.0030 
INFO:root:TRAIN measures@1000 for class 1 - precision 0.9113 - recall 0.9609 - f1 0.9355 
INFO:root:TRAIN Total epoch time: 16.14003157429397
INFO:root:################ VALID epoch 6 ###################
INFO:root:VALID mean losses tensor(0.2697, device='cuda:0')
INFO:root:VALID mean errors 0.18522484600543976
INFO:root:VALID mean MRR 0.0 - mean MAP 0.8273957243227434
INFO:root:VALID tp {0: tensor(0, device='cuda:0'), 1: tensor(1522, device='cuda:0')},fn {0: tensor(346, device='cuda:0'), 1: tensor(0, device='cuda:0')},fp {0: tensor(0, device='cuda:0'), 1: tensor(346, device='cuda:0')}
INFO:root:VALID measures microavg - precision 0.8148 - recall 0.8148 - f1 0.8148 
INFO:root:VALID measures for class 0 - precision 0.0000 - recall 0.0000 - f1 0.0000 
INFO:root:VALID measures for class 1 - precision 0.8148 - recall 1.0000 - f1 0.8979 
INFO:root:VALID measures@10 microavg - precision 0.8615 - recall 0.0600 - f1 0.1121 
INFO:root:VALID measures@10 for class 0 - precision 0.0000 - recall 0.0000 - f1 0.0000 
INFO:root:VALID measures@10 for class 1 - precision 0.8615 - recall 0.0736 - f1 0.1356 
INFO:root:VALID measures@100 microavg - precision 0.8227 - recall 0.5637 - f1 0.6690 
INFO:root:VALID measures@100 for class 0 - precision 0.0000 - recall 0.0000 - f1 0.0000 
INFO:root:VALID measures@100 for class 1 - precision 0.8227 - recall 0.6919 - f1 0.7516 
INFO:root:VALID measures@1000 microavg - precision 0.8148 - recall 0.8148 - f1 0.8148 
INFO:root:VALID measures@1000 for class 0 - precision 0.0000 - recall 0.0000 - f1 0.0000 
INFO:root:VALID measures@1000 for class 1 - precision 0.8148 - recall 1.0000 - f1 0.8979 
INFO:root:VALID Total epoch time: 1.7858802089467645
INFO:root:################ TEST epoch 6 ###################
INFO:root:TEST batch 1 / 29 - partial error 0.2444 - partial loss 0.3154 - partial MRR  0.0000 - partial MAP 0.8772
INFO:root:TEST batch 1 / 29 -  partial tp {0: tensor(0, device='cuda:0'), 1: tensor(68, device='cuda:0')},fn {0: tensor(22, device='cuda:0'), 1: tensor(0, device='cuda:0')},fp {0: tensor(0, device='cuda:0'), 1: tensor(22, device='cuda:0')}
INFO:root:TEST batch 1 / 29 - measures partial microavg - precision 0.7556 - recall 0.7556 - f1 0.7556 
INFO:root:TEST batch 1 / 29 - measures partial for class 0 - precision 0.0000 - recall 0.0000 - f1 0.0000 
INFO:root:TEST batch 1 / 29 - measures partial for class 1 - precision 0.7556 - recall 1.0000 - f1 0.8608 
INFO:root:TEST batch 1 / 29 - Batch time 0 
INFO:root:TEST batch 2 / 29 - partial error 0.2090 - partial loss 0.2527 - partial MRR  0.0000 - partial MAP 0.9012
INFO:root:TEST batch 2 / 29 -  partial tp {0: tensor(0, device='cuda:0'), 1: tensor(38, device='cuda:0')},fn {0: tensor(6, device='cuda:0'), 1: tensor(0, device='cuda:0')},fp {0: tensor(0, device='cuda:0'), 1: tensor(6, device='cuda:0')}
INFO:root:TEST batch 2 / 29 - measures partial microavg - precision 0.8636 - recall 0.8636 - f1 0.8636 
INFO:root:TEST batch 2 / 29 - measures partial for class 0 - precision 0.0000 - recall 0.0000 - f1 0.0000 
INFO:root:TEST batch 2 / 29 - measures partial for class 1 - precision 0.8636 - recall 1.0000 - f1 0.9268 
INFO:root:TEST batch 2 / 29 - Batch time 0 
INFO:root:TEST batch 3 / 29 - partial error 0.2500 - partial loss 0.6690 - partial MRR  0.0000 - partial MAP 0.8561
INFO:root:TEST batch 3 / 29 -  partial tp {0: tensor(0, device='cuda:0'), 1: tensor(14, device='cuda:0')},fn {0: tensor(12, device='cuda:0'), 1: tensor(0, device='cuda:0')},fp {0: tensor(0, device='cuda:0'), 1: tensor(12, device='cuda:0')}
INFO:root:TEST batch 3 / 29 - measures partial microavg - precision 0.5385 - recall 0.5385 - f1 0.5385 
INFO:root:TEST batch 3 / 29 - measures partial for class 0 - precision 0.0000 - recall 0.0000 - f1 0.0000 
INFO:root:TEST batch 3 / 29 - measures partial for class 1 - precision 0.5385 - recall 1.0000 - f1 0.7000 
INFO:root:TEST batch 3 / 29 - Batch time 0 
INFO:root:TEST batch 4 / 29 - partial error 0.2323 - partial loss 0.5684 - partial MRR  0.0000 - partial MAP 0.8447
INFO:root:TEST batch 4 / 29 -  partial tp {0: tensor(0, device='cuda:0'), 1: tensor(32, device='cuda:0')},fn {0: tensor(6, device='cuda:0'), 1: tensor(0, device='cuda:0')},fp {0: tensor(0, device='cuda:0'), 1: tensor(6, device='cuda:0')}
INFO:root:TEST batch 4 / 29 - measures partial microavg - precision 0.8421 - recall 0.8421 - f1 0.8421 
INFO:root:TEST batch 4 / 29 - measures partial for class 0 - precision 0.0000 - recall 0.0000 - f1 0.0000 
INFO:root:TEST batch 4 / 29 - measures partial for class 1 - precision 0.8421 - recall 1.0000 - f1 0.9143 
INFO:root:TEST batch 4 / 29 - Batch time 0 
INFO:root:TEST batch 5 / 29 - partial error 0.2202 - partial loss 0.4913 - partial MRR  0.0000 - partial MAP 0.8484
INFO:root:TEST batch 5 / 29 -  partial tp {0: tensor(0, device='cuda:0'), 1: tensor(18, device='cuda:0')},fn {0: tensor(2, device='cuda:0'), 1: tensor(0, device='cuda:0')},fp {0: tensor(0, device='cuda:0'), 1: tensor(2, device='cuda:0')}
INFO:root:TEST batch 5 / 29 - measures partial microavg - precision 0.9000 - recall 0.9000 - f1 0.9000 
INFO:root:TEST batch 5 / 29 - measures partial for class 0 - precision 0.0000 - recall 0.0000 - f1 0.0000 
INFO:root:TEST batch 5 / 29 - measures partial for class 1 - precision 0.9000 - recall 1.0000 - f1 0.9474 
INFO:root:TEST batch 5 / 29 - Batch time 0 
INFO:root:TEST batch 6 / 29 - partial error 0.2155 - partial loss 0.4318 - partial MRR  0.0000 - partial MAP 0.8561
INFO:root:TEST batch 6 / 29 -  partial tp {0: tensor(0, device='cuda:0'), 1: tensor(12, device='cuda:0')},fn {0: tensor(2, device='cuda:0'), 1: tensor(0, device='cuda:0')},fp {0: tensor(0, device='cuda:0'), 1: tensor(2, device='cuda:0')}
INFO:root:TEST batch 6 / 29 - measures partial microavg - precision 0.8571 - recall 0.8571 - f1 0.8571 
INFO:root:TEST batch 6 / 29 - measures partial for class 0 - precision 0.0000 - recall 0.0000 - f1 0.0000 
INFO:root:TEST batch 6 / 29 - measures partial for class 1 - precision 0.8571 - recall 1.0000 - f1 0.9231 
INFO:root:TEST batch 6 / 29 - Batch time 0 
INFO:root:TEST batch 7 / 29 - partial error 0.2114 - partial loss 0.4014 - partial MRR  0.0000 - partial MAP 0.8567
INFO:root:TEST batch 7 / 29 -  partial tp {0: tensor(0, device='cuda:0'), 1: tensor(12, device='cuda:0')},fn {0: tensor(2, device='cuda:0'), 1: tensor(0, device='cuda:0')},fp {0: tensor(0, device='cuda:0'), 1: tensor(2, device='cuda:0')}
INFO:root:TEST batch 7 / 29 - measures partial microavg - precision 0.8571 - recall 0.8571 - f1 0.8571 
INFO:root:TEST batch 7 / 29 - measures partial for class 0 - precision 0.0000 - recall 0.0000 - f1 0.0000 
INFO:root:TEST batch 7 / 29 - measures partial for class 1 - precision 0.8571 - recall 1.0000 - f1 0.9231 
INFO:root:TEST batch 7 / 29 - Batch time 0 
INFO:root:TEST batch 8 / 29 - partial error 0.1926 - partial loss 0.3568 - partial MRR  0.0000 - partial MAP 0.8694
INFO:root:TEST batch 8 / 29 -  partial tp {0: tensor(0, device='cuda:0'), 1: tensor(24, device='cuda:0')},fn {0: tensor(0, device='cuda:0'), 1: tensor(0, device='cuda:0')},fp {0: tensor(0, device='cuda:0'), 1: tensor(0, device='cuda:0')}
INFO:root:TEST batch 8 / 29 - measures partial microavg - precision 1.0000 - recall 1.0000 - f1 1.0000 
INFO:root:TEST batch 8 / 29 - measures partial for class 0 - precision 0.0000 - recall 0.0000 - f1 0.0000 
INFO:root:TEST batch 8 / 29 - measures partial for class 1 - precision 1.0000 - recall 1.0000 - f1 1.0000 
INFO:root:TEST batch 8 / 29 - Batch time 0 
INFO:root:TEST batch 9 / 29 - partial error 0.1871 - partial loss 0.3214 - partial MRR  0.0000 - partial MAP 0.8732
INFO:root:TEST batch 9 / 29 -  partial tp {0: tensor(0, device='cuda:0'), 1: tensor(8, device='cuda:0')},fn {0: tensor(0, device='cuda:0'), 1: tensor(0, device='cuda:0')},fp {0: tensor(0, device='cuda:0'), 1: tensor(0, device='cuda:0')}
INFO:root:TEST batch 9 / 29 - measures partial microavg - precision 1.0000 - recall 1.0000 - f1 1.0000 
INFO:root:TEST batch 9 / 29 - measures partial for class 0 - precision 0.0000 - recall 0.0000 - f1 0.0000 
INFO:root:TEST batch 9 / 29 - measures partial for class 1 - precision 1.0000 - recall 1.0000 - f1 1.0000 
INFO:root:TEST batch 9 / 29 - Batch time 0 
INFO:root:TEST batch 10 / 29 - partial error 0.1414 - partial loss 0.2945 - partial MRR  0.0000 - partial MAP 0.9066
INFO:root:TEST batch 10 / 29 -  partial tp {0: tensor(0, device='cuda:0'), 1: tensor(102, device='cuda:0')},fn {0: tensor(2, device='cuda:0'), 1: tensor(0, device='cuda:0')},fp {0: tensor(0, device='cuda:0'), 1: tensor(2, device='cuda:0')}
INFO:root:TEST batch 10 / 29 - measures partial microavg - precision 0.9808 - recall 0.9808 - f1 0.9808 
INFO:root:TEST batch 10 / 29 - measures partial for class 0 - precision 0.0000 - recall 0.0000 - f1 0.0000 
INFO:root:TEST batch 10 / 29 - measures partial for class 1 - precision 0.9808 - recall 1.0000 - f1 0.9903 
INFO:root:TEST batch 10 / 29 - Batch time 0 
INFO:root:TEST batch 11 / 29 - partial error 0.1381 - partial loss 0.2824 - partial MRR  0.0000 - partial MAP 0.9112
INFO:root:TEST batch 11 / 29 -  partial tp {0: tensor(0, device='cuda:0'), 1: tensor(34, device='cuda:0')},fn {0: tensor(4, device='cuda:0'), 1: tensor(0, device='cuda:0')},fp {0: tensor(0, device='cuda:0'), 1: tensor(4, device='cuda:0')}
INFO:root:TEST batch 11 / 29 - measures partial microavg - precision 0.8947 - recall 0.8947 - f1 0.8947 
INFO:root:TEST batch 11 / 29 - measures partial for class 0 - precision 0.0000 - recall 0.0000 - f1 0.0000 
INFO:root:TEST batch 11 / 29 - measures partial for class 1 - precision 0.8947 - recall 1.0000 - f1 0.9444 
INFO:root:TEST batch 11 / 29 - Batch time 0 
INFO:root:TEST batch 12 / 29 - partial error 0.1447 - partial loss 0.2790 - partial MRR  0.0000 - partial MAP 0.9104
INFO:root:TEST batch 12 / 29 -  partial tp {0: tensor(0, device='cuda:0'), 1: tensor(40, device='cuda:0')},fn {0: tensor(10, device='cuda:0'), 1: tensor(0, device='cuda:0')},fp {0: tensor(0, device='cuda:0'), 1: tensor(10, device='cuda:0')}
INFO:root:TEST batch 12 / 29 - measures partial microavg - precision 0.8000 - recall 0.8000 - f1 0.8000 
INFO:root:TEST batch 12 / 29 - measures partial for class 0 - precision 0.0000 - recall 0.0000 - f1 0.0000 
INFO:root:TEST batch 12 / 29 - measures partial for class 1 - precision 0.8000 - recall 1.0000 - f1 0.8889 
INFO:root:TEST batch 12 / 29 - Batch time 0 
INFO:root:TEST batch 13 / 29 - partial error 0.1494 - partial loss 0.2863 - partial MRR  0.0000 - partial MAP 0.9053
INFO:root:TEST batch 13 / 29 -  partial tp {0: tensor(0, device='cuda:0'), 1: tensor(8, device='cuda:0')},fn {0: tensor(4, device='cuda:0'), 1: tensor(0, device='cuda:0')},fp {0: tensor(0, device='cuda:0'), 1: tensor(4, device='cuda:0')}
INFO:root:TEST batch 13 / 29 - measures partial microavg - precision 0.6667 - recall 0.6667 - f1 0.6667 
INFO:root:TEST batch 13 / 29 - measures partial for class 0 - precision 0.0000 - recall 0.0000 - f1 0.0000 
INFO:root:TEST batch 13 / 29 - measures partial for class 1 - precision 0.6667 - recall 1.0000 - f1 0.8000 
INFO:root:TEST batch 13 / 29 - Batch time 0 
INFO:root:TEST batch 14 / 29 - partial error 0.1423 - partial loss 0.2742 - partial MRR  0.0000 - partial MAP 0.9112
INFO:root:TEST batch 14 / 29 -  partial tp {0: tensor(0, device='cuda:0'), 1: tensor(36, device='cuda:0')},fn {0: tensor(2, device='cuda:0'), 1: tensor(0, device='cuda:0')},fp {0: tensor(0, device='cuda:0'), 1: tensor(2, device='cuda:0')}
INFO:root:TEST batch 14 / 29 - measures partial microavg - precision 0.9474 - recall 0.9474 - f1 0.9474 
INFO:root:TEST batch 14 / 29 - measures partial for class 0 - precision 0.0000 - recall 0.0000 - f1 0.0000 
INFO:root:TEST batch 14 / 29 - measures partial for class 1 - precision 0.9474 - recall 1.0000 - f1 0.9730 
INFO:root:TEST batch 14 / 29 - Batch time 0 
INFO:root:TEST batch 15 / 29 - partial error 0.1350 - partial loss 0.2592 - partial MRR  0.0000 - partial MAP 0.9157
INFO:root:TEST batch 15 / 29 -  partial tp {0: tensor(0, device='cuda:0'), 1: tensor(28, device='cuda:0')},fn {0: tensor(0, device='cuda:0'), 1: tensor(0, device='cuda:0')},fp {0: tensor(0, device='cuda:0'), 1: tensor(0, device='cuda:0')}
INFO:root:TEST batch 15 / 29 - measures partial microavg - precision 1.0000 - recall 1.0000 - f1 1.0000 
INFO:root:TEST batch 15 / 29 - measures partial for class 0 - precision 0.0000 - recall 0.0000 - f1 0.0000 
INFO:root:TEST batch 15 / 29 - measures partial for class 1 - precision 1.0000 - recall 1.0000 - f1 1.0000 
INFO:root:TEST batch 15 / 29 - Batch time 0 
INFO:root:TEST batch 16 / 29 - partial error 0.1294 - partial loss 0.2472 - partial MRR  0.0000 - partial MAP 0.9193
INFO:root:TEST batch 16 / 29 -  partial tp {0: tensor(0, device='cuda:0'), 1: tensor(24, device='cuda:0')},fn {0: tensor(0, device='cuda:0'), 1: tensor(0, device='cuda:0')},fp {0: tensor(0, device='cuda:0'), 1: tensor(0, device='cuda:0')}
INFO:root:TEST batch 16 / 29 - measures partial microavg - precision 1.0000 - recall 1.0000 - f1 1.0000 
INFO:root:TEST batch 16 / 29 - measures partial for class 0 - precision 0.0000 - recall 0.0000 - f1 0.0000 
INFO:root:TEST batch 16 / 29 - measures partial for class 1 - precision 1.0000 - recall 1.0000 - f1 1.0000 
INFO:root:TEST batch 16 / 29 - Batch time 0 
INFO:root:TEST batch 17 / 29 - partial error 0.1279 - partial loss 0.2438 - partial MRR  0.0000 - partial MAP 0.9184
INFO:root:TEST batch 17 / 29 -  partial tp {0: tensor(0, device='cuda:0'), 1: tensor(20, device='cuda:0')},fn {0: tensor(2, device='cuda:0'), 1: tensor(0, device='cuda:0')},fp {0: tensor(0, device='cuda:0'), 1: tensor(2, device='cuda:0')}
INFO:root:TEST batch 17 / 29 - measures partial microavg - precision 0.9091 - recall 0.9091 - f1 0.9091 
INFO:root:TEST batch 17 / 29 - measures partial for class 0 - precision 0.0000 - recall 0.0000 - f1 0.0000 
INFO:root:TEST batch 17 / 29 - measures partial for class 1 - precision 0.9091 - recall 1.0000 - f1 0.9524 
INFO:root:TEST batch 17 / 29 - Batch time 0 
INFO:root:TEST batch 18 / 29 - partial error 0.1296 - partial loss 0.2463 - partial MRR  0.0000 - partial MAP 0.9178
INFO:root:TEST batch 18 / 29 -  partial tp {0: tensor(0, device='cuda:0'), 1: tensor(6, device='cuda:0')},fn {0: tensor(2, device='cuda:0'), 1: tensor(0, device='cuda:0')},fp {0: tensor(0, device='cuda:0'), 1: tensor(2, device='cuda:0')}
INFO:root:TEST batch 18 / 29 - measures partial microavg - precision 0.7500 - recall 0.7500 - f1 0.7500 
INFO:root:TEST batch 18 / 29 - measures partial for class 0 - precision 0.0000 - recall 0.0000 - f1 0.0000 
INFO:root:TEST batch 18 / 29 - measures partial for class 1 - precision 0.7500 - recall 1.0000 - f1 0.8571 
INFO:root:TEST batch 18 / 29 - Batch time 0 
INFO:root:TEST batch 19 / 29 - partial error 0.1274 - partial loss 0.2405 - partial MRR  0.0000 - partial MAP 0.9207
INFO:root:TEST batch 19 / 29 -  partial tp {0: tensor(0, device='cuda:0'), 1: tensor(24, device='cuda:0')},fn {0: tensor(2, device='cuda:0'), 1: tensor(0, device='cuda:0')},fp {0: tensor(0, device='cuda:0'), 1: tensor(2, device='cuda:0')}
INFO:root:TEST batch 19 / 29 - measures partial microavg - precision 0.9231 - recall 0.9231 - f1 0.9231 
INFO:root:TEST batch 19 / 29 - measures partial for class 0 - precision 0.0000 - recall 0.0000 - f1 0.0000 
INFO:root:TEST batch 19 / 29 - measures partial for class 1 - precision 0.9231 - recall 1.0000 - f1 0.9600 
INFO:root:TEST batch 19 / 29 - Batch time 0 
INFO:root:TEST batch 20 / 29 - partial error 0.1262 - partial loss 0.2371 - partial MRR  0.0000 - partial MAP 0.9208
INFO:root:TEST batch 20 / 29 -  partial tp {0: tensor(0, device='cuda:0'), 1: tensor(20, device='cuda:0')},fn {0: tensor(2, device='cuda:0'), 1: tensor(0, device='cuda:0')},fp {0: tensor(0, device='cuda:0'), 1: tensor(2, device='cuda:0')}
INFO:root:TEST batch 20 / 29 - measures partial microavg - precision 0.9091 - recall 0.9091 - f1 0.9091 
INFO:root:TEST batch 20 / 29 - measures partial for class 0 - precision 0.0000 - recall 0.0000 - f1 0.0000 
INFO:root:TEST batch 20 / 29 - measures partial for class 1 - precision 0.9091 - recall 1.0000 - f1 0.9524 
INFO:root:TEST batch 20 / 29 - Batch time 0 
INFO:root:TEST batch 21 / 29 - partial error 0.1250 - partial loss 0.2353 - partial MRR  0.0000 - partial MAP 0.9205
INFO:root:TEST batch 21 / 29 -  partial tp {0: tensor(0, device='cuda:0'), 1: tensor(20, device='cuda:0')},fn {0: tensor(2, device='cuda:0'), 1: tensor(0, device='cuda:0')},fp {0: tensor(0, device='cuda:0'), 1: tensor(2, device='cuda:0')}
INFO:root:TEST batch 21 / 29 - measures partial microavg - precision 0.9091 - recall 0.9091 - f1 0.9091 
INFO:root:TEST batch 21 / 29 - measures partial for class 0 - precision 0.0000 - recall 0.0000 - f1 0.0000 
INFO:root:TEST batch 21 / 29 - measures partial for class 1 - precision 0.9091 - recall 1.0000 - f1 0.9524 
INFO:root:TEST batch 21 / 29 - Batch time 0 
INFO:root:TEST batch 22 / 29 - partial error 0.1228 - partial loss 0.2282 - partial MRR  0.0000 - partial MAP 0.9219
INFO:root:TEST batch 22 / 29 -  partial tp {0: tensor(0, device='cuda:0'), 1: tensor(12, device='cuda:0')},fn {0: tensor(0, device='cuda:0'), 1: tensor(0, device='cuda:0')},fp {0: tensor(0, device='cuda:0'), 1: tensor(0, device='cuda:0')}
INFO:root:TEST batch 22 / 29 - measures partial microavg - precision 1.0000 - recall 1.0000 - f1 1.0000 
INFO:root:TEST batch 22 / 29 - measures partial for class 0 - precision 0.0000 - recall 0.0000 - f1 0.0000 
INFO:root:TEST batch 22 / 29 - measures partial for class 1 - precision 1.0000 - recall 1.0000 - f1 1.0000 
INFO:root:TEST batch 22 / 29 - Batch time 0 
INFO:root:TEST batch 23 / 29 - partial error 0.1218 - partial loss 0.2257 - partial MRR  0.0000 - partial MAP 0.9205
INFO:root:TEST batch 23 / 29 -  partial tp {0: tensor(0, device='cuda:0'), 1: tensor(20, device='cuda:0')},fn {0: tensor(2, device='cuda:0'), 1: tensor(0, device='cuda:0')},fp {0: tensor(0, device='cuda:0'), 1: tensor(2, device='cuda:0')}
INFO:root:TEST batch 23 / 29 - measures partial microavg - precision 0.9091 - recall 0.9091 - f1 0.9091 
INFO:root:TEST batch 23 / 29 - measures partial for class 0 - precision 0.0000 - recall 0.0000 - f1 0.0000 
INFO:root:TEST batch 23 / 29 - measures partial for class 1 - precision 0.9091 - recall 1.0000 - f1 0.9524 
INFO:root:TEST batch 23 / 29 - Batch time 0 
INFO:root:TEST batch 24 / 29 - partial error 0.1211 - partial loss 0.2213 - partial MRR  0.0000 - partial MAP 0.9209
INFO:root:TEST batch 24 / 29 -  partial tp {0: tensor(0, device='cuda:0'), 1: tensor(4, device='cuda:0')},fn {0: tensor(0, device='cuda:0'), 1: tensor(0, device='cuda:0')},fp {0: tensor(0, device='cuda:0'), 1: tensor(0, device='cuda:0')}
INFO:root:TEST batch 24 / 29 - measures partial microavg - precision 1.0000 - recall 1.0000 - f1 1.0000 
INFO:root:TEST batch 24 / 29 - measures partial for class 0 - precision 0.0000 - recall 0.0000 - f1 0.0000 
INFO:root:TEST batch 24 / 29 - measures partial for class 1 - precision 1.0000 - recall 1.0000 - f1 1.0000 
INFO:root:TEST batch 24 / 29 - Batch time 0 
INFO:root:TEST batch 25 / 29 - partial error 0.1198 - partial loss 0.2168 - partial MRR  0.0000 - partial MAP 0.9218
INFO:root:TEST batch 25 / 29 -  partial tp {0: tensor(0, device='cuda:0'), 1: tensor(8, device='cuda:0')},fn {0: tensor(0, device='cuda:0'), 1: tensor(0, device='cuda:0')},fp {0: tensor(0, device='cuda:0'), 1: tensor(0, device='cuda:0')}
INFO:root:TEST batch 25 / 29 - measures partial microavg - precision 1.0000 - recall 1.0000 - f1 1.0000 
INFO:root:TEST batch 25 / 29 - measures partial for class 0 - precision 0.0000 - recall 0.0000 - f1 0.0000 
INFO:root:TEST batch 25 / 29 - measures partial for class 1 - precision 1.0000 - recall 1.0000 - f1 1.0000 
INFO:root:TEST batch 25 / 29 - Batch time 0 
INFO:root:TEST batch 26 / 29 - partial error 0.1205 - partial loss 0.2161 - partial MRR  0.0000 - partial MAP 0.9225
INFO:root:TEST batch 26 / 29 -  partial tp {0: tensor(0, device='cuda:0'), 1: tensor(10, device='cuda:0')},fn {0: tensor(2, device='cuda:0'), 1: tensor(0, device='cuda:0')},fp {0: tensor(0, device='cuda:0'), 1: tensor(2, device='cuda:0')}
INFO:root:TEST batch 26 / 29 - measures partial microavg - precision 0.8333 - recall 0.8333 - f1 0.8333 
INFO:root:TEST batch 26 / 29 - measures partial for class 0 - precision 0.0000 - recall 0.0000 - f1 0.0000 
INFO:root:TEST batch 26 / 29 - measures partial for class 1 - precision 0.8333 - recall 1.0000 - f1 0.9091 
INFO:root:TEST batch 26 / 29 - Batch time 0 
INFO:root:TEST batch 27 / 29 - partial error 0.1339 - partial loss 0.2210 - partial MRR  0.0000 - partial MAP 0.9078
INFO:root:TEST batch 27 / 29 -  partial tp {0: tensor(0, device='cuda:0'), 1: tensor(18, device='cuda:0')},fn {0: tensor(14, device='cuda:0'), 1: tensor(0, device='cuda:0')},fp {0: tensor(0, device='cuda:0'), 1: tensor(14, device='cuda:0')}
INFO:root:TEST batch 27 / 29 - measures partial microavg - precision 0.5625 - recall 0.5625 - f1 0.5625 
INFO:root:TEST batch 27 / 29 - measures partial for class 0 - precision 0.0000 - recall 0.0000 - f1 0.0000 
INFO:root:TEST batch 27 / 29 - measures partial for class 1 - precision 0.5625 - recall 1.0000 - f1 0.7200 
INFO:root:TEST batch 27 / 29 - Batch time 0 
INFO:root:TEST batch 28 / 29 - partial error 0.1335 - partial loss 0.2196 - partial MRR  0.0000 - partial MAP 0.9086
INFO:root:TEST batch 28 / 29 -  partial tp {0: tensor(0, device='cuda:0'), 1: tensor(28, device='cuda:0')},fn {0: tensor(4, device='cuda:0'), 1: tensor(0, device='cuda:0')},fp {0: tensor(0, device='cuda:0'), 1: tensor(4, device='cuda:0')}
INFO:root:TEST batch 28 / 29 - measures partial microavg - precision 0.8750 - recall 0.8750 - f1 0.8750 
INFO:root:TEST batch 28 / 29 - measures partial for class 0 - precision 0.0000 - recall 0.0000 - f1 0.0000 
INFO:root:TEST batch 28 / 29 - measures partial for class 1 - precision 0.8750 - recall 1.0000 - f1 0.9333 
INFO:root:TEST batch 28 / 29 - Batch time 0 
INFO:root:TEST batch 29 / 29 - partial error 0.1320 - partial loss 0.2172 - partial MRR  0.0000 - partial MAP 0.9113
INFO:root:TEST batch 29 / 29 -  partial tp {0: tensor(0, device='cuda:0'), 1: tensor(22, device='cuda:0')},fn {0: tensor(2, device='cuda:0'), 1: tensor(0, device='cuda:0')},fp {0: tensor(0, device='cuda:0'), 1: tensor(2, device='cuda:0')}
INFO:root:TEST batch 29 / 29 - measures partial microavg - precision 0.9167 - recall 0.9167 - f1 0.9167 
INFO:root:TEST batch 29 / 29 - measures partial for class 0 - precision 0.0000 - recall 0.0000 - f1 0.0000 
INFO:root:TEST batch 29 / 29 - measures partial for class 1 - precision 0.9167 - recall 1.0000 - f1 0.9565 
INFO:root:TEST batch 29 / 29 - Batch time 0 
INFO:root:TEST mean losses tensor(0.2172, device='cuda:0')
INFO:root:TEST mean errors 0.13202933967113495
INFO:root:TEST mean MRR 0.0 - mean MAP 0.9113266003428071
INFO:root:TEST tp {0: tensor(0, device='cuda:0'), 1: tensor(710, device='cuda:0')},fn {0: tensor(108, device='cuda:0'), 1: tensor(0, device='cuda:0')},fp {0: tensor(0, device='cuda:0'), 1: tensor(108, device='cuda:0')}
INFO:root:TEST measures microavg - precision 0.8680 - recall 0.8680 - f1 0.8680 
INFO:root:TEST measures for class 0 - precision 0.0000 - recall 0.0000 - f1 0.0000 
INFO:root:TEST measures for class 1 - precision 0.8680 - recall 1.0000 - f1 0.9293 
INFO:root:TEST measures@10 microavg - precision 0.8705 - recall 0.2958 - f1 0.4416 
INFO:root:TEST measures@10 for class 0 - precision 0.0000 - recall 0.0000 - f1 0.0000 
INFO:root:TEST measures@10 for class 1 - precision 0.8705 - recall 0.3408 - f1 0.4899 
INFO:root:TEST measures@100 microavg - precision 0.8673 - recall 0.8631 - f1 0.8652 
INFO:root:TEST measures@100 for class 0 - precision 0.0000 - recall 0.0000 - f1 0.0000 
INFO:root:TEST measures@100 for class 1 - precision 0.8673 - recall 0.9944 - f1 0.9265 
INFO:root:TEST measures@1000 microavg - precision 0.8680 - recall 0.8680 - f1 0.8680 
INFO:root:TEST measures@1000 for class 0 - precision 0.0000 - recall 0.0000 - f1 0.0000 
INFO:root:TEST measures@1000 for class 1 - precision 0.8680 - recall 1.0000 - f1 0.9293 
INFO:root:TEST Total epoch time: 3.7590398471802473
INFO:root:################ TRAIN epoch 7 ###################
INFO:root:TRAIN mean losses tensor(0.1503, device='cuda:0')
INFO:root:TRAIN mean errors 0.08715789765119553
INFO:root:TRAIN mean MRR 0.0 - mean MAP 0.934443526255323
INFO:root:TRAIN tp {0: tensor(0, device='cuda:0'), 1: tensor(26016, device='cuda:0')},fn {0: tensor(2484, device='cuda:0'), 1: tensor(0, device='cuda:0')},fp {0: tensor(0, device='cuda:0'), 1: tensor(2484, device='cuda:0')}
INFO:root:TRAIN measures microavg - precision 0.9128 - recall 0.9128 - f1 0.9128 
INFO:root:TRAIN measures for class 0 - precision 0.0000 - recall 0.0000 - f1 0.0000 
INFO:root:TRAIN measures for class 1 - precision 0.9128 - recall 1.0000 - f1 0.9544 
INFO:root:TRAIN measures@10 microavg - precision 0.9576 - recall 0.0286 - f1 0.0555 
INFO:root:TRAIN measures@10 for class 0 - precision 0.0000 - recall 0.0000 - f1 0.0000 
INFO:root:TRAIN measures@10 for class 1 - precision 0.9576 - recall 0.0313 - f1 0.0606 
INFO:root:TRAIN measures@100 microavg - precision 0.9280 - recall 0.2768 - f1 0.4264 
INFO:root:TRAIN measures@100 for class 0 - precision 0.0000 - recall 0.0000 - f1 0.0000 
INFO:root:TRAIN measures@100 for class 1 - precision 0.9280 - recall 0.3032 - f1 0.4571 
INFO:root:TRAIN measures@1000 microavg - precision 0.9112 - recall 0.8810 - f1 0.8959 
INFO:root:TRAIN measures@1000 for class 0 - precision 0.0000 - recall 0.0000 - f1 0.0000 
INFO:root:TRAIN measures@1000 for class 1 - precision 0.9112 - recall 0.9651 - f1 0.9374 
INFO:root:TRAIN Total epoch time: 16.250260177068412
INFO:root:################ VALID epoch 7 ###################
INFO:root:VALID mean losses tensor(0.2634, device='cuda:0')
INFO:root:VALID mean errors 0.18522484600543976
INFO:root:VALID mean MRR 0.0 - mean MAP 0.818784693712859
INFO:root:VALID tp {0: tensor(0, device='cuda:0'), 1: tensor(1522, device='cuda:0')},fn {0: tensor(346, device='cuda:0'), 1: tensor(0, device='cuda:0')},fp {0: tensor(0, device='cuda:0'), 1: tensor(346, device='cuda:0')}
INFO:root:VALID measures microavg - precision 0.8148 - recall 0.8148 - f1 0.8148 
INFO:root:VALID measures for class 0 - precision 0.0000 - recall 0.0000 - f1 0.0000 
INFO:root:VALID measures for class 1 - precision 0.8148 - recall 1.0000 - f1 0.8979 
INFO:root:VALID measures@10 microavg - precision 0.8615 - recall 0.0600 - f1 0.1121 
INFO:root:VALID measures@10 for class 0 - precision 0.0000 - recall 0.0000 - f1 0.0000 
INFO:root:VALID measures@10 for class 1 - precision 0.8615 - recall 0.0736 - f1 0.1356 
INFO:root:VALID measures@100 microavg - precision 0.8203 - recall 0.5621 - f1 0.6671 
INFO:root:VALID measures@100 for class 0 - precision 0.0000 - recall 0.0000 - f1 0.0000 
INFO:root:VALID measures@100 for class 1 - precision 0.8203 - recall 0.6899 - f1 0.7495 
INFO:root:VALID measures@1000 microavg - precision 0.8148 - recall 0.8148 - f1 0.8148 
INFO:root:VALID measures@1000 for class 0 - precision 0.0000 - recall 0.0000 - f1 0.0000 
INFO:root:VALID measures@1000 for class 1 - precision 0.8148 - recall 1.0000 - f1 0.8979 
INFO:root:VALID Total epoch time: 1.9507010849192739
INFO:root:################ TEST epoch 7 ###################
INFO:root:TEST batch 1 / 29 - partial error 0.2444 - partial loss 0.2876 - partial MRR  0.0000 - partial MAP 0.8877
INFO:root:TEST batch 1 / 29 -  partial tp {0: tensor(0, device='cuda:0'), 1: tensor(68, device='cuda:0')},fn {0: tensor(22, device='cuda:0'), 1: tensor(0, device='cuda:0')},fp {0: tensor(0, device='cuda:0'), 1: tensor(22, device='cuda:0')}
INFO:root:TEST batch 1 / 29 - measures partial microavg - precision 0.7556 - recall 0.7556 - f1 0.7556 
INFO:root:TEST batch 1 / 29 - measures partial for class 0 - precision 0.0000 - recall 0.0000 - f1 0.0000 
INFO:root:TEST batch 1 / 29 - measures partial for class 1 - precision 0.7556 - recall 1.0000 - f1 0.8608 
INFO:root:TEST batch 1 / 29 - Batch time 0 
INFO:root:TEST batch 2 / 29 - partial error 0.2090 - partial loss 0.2420 - partial MRR  0.0000 - partial MAP 0.8901
INFO:root:TEST batch 2 / 29 -  partial tp {0: tensor(0, device='cuda:0'), 1: tensor(38, device='cuda:0')},fn {0: tensor(6, device='cuda:0'), 1: tensor(0, device='cuda:0')},fp {0: tensor(0, device='cuda:0'), 1: tensor(6, device='cuda:0')}
INFO:root:TEST batch 2 / 29 - measures partial microavg - precision 0.8636 - recall 0.8636 - f1 0.8636 
INFO:root:TEST batch 2 / 29 - measures partial for class 0 - precision 0.0000 - recall 0.0000 - f1 0.0000 
INFO:root:TEST batch 2 / 29 - measures partial for class 1 - precision 0.8636 - recall 1.0000 - f1 0.9268 
INFO:root:TEST batch 2 / 29 - Batch time 0 
INFO:root:TEST batch 3 / 29 - partial error 0.2500 - partial loss 0.7918 - partial MRR  0.0000 - partial MAP 0.8425
INFO:root:TEST batch 3 / 29 -  partial tp {0: tensor(0, device='cuda:0'), 1: tensor(14, device='cuda:0')},fn {0: tensor(12, device='cuda:0'), 1: tensor(0, device='cuda:0')},fp {0: tensor(0, device='cuda:0'), 1: tensor(12, device='cuda:0')}
INFO:root:TEST batch 3 / 29 - measures partial microavg - precision 0.5385 - recall 0.5385 - f1 0.5385 
INFO:root:TEST batch 3 / 29 - measures partial for class 0 - precision 0.0000 - recall 0.0000 - f1 0.0000 
INFO:root:TEST batch 3 / 29 - measures partial for class 1 - precision 0.5385 - recall 1.0000 - f1 0.7000 
INFO:root:TEST batch 3 / 29 - Batch time 0 
INFO:root:TEST batch 4 / 29 - partial error 0.2323 - partial loss 0.6745 - partial MRR  0.0000 - partial MAP 0.8334
INFO:root:TEST batch 4 / 29 -  partial tp {0: tensor(0, device='cuda:0'), 1: tensor(32, device='cuda:0')},fn {0: tensor(6, device='cuda:0'), 1: tensor(0, device='cuda:0')},fp {0: tensor(0, device='cuda:0'), 1: tensor(6, device='cuda:0')}
INFO:root:TEST batch 4 / 29 - measures partial microavg - precision 0.8421 - recall 0.8421 - f1 0.8421 
INFO:root:TEST batch 4 / 29 - measures partial for class 0 - precision 0.0000 - recall 0.0000 - f1 0.0000 
INFO:root:TEST batch 4 / 29 - measures partial for class 1 - precision 0.8421 - recall 1.0000 - f1 0.9143 
INFO:root:TEST batch 4 / 29 - Batch time 0 
INFO:root:TEST batch 5 / 29 - partial error 0.2202 - partial loss 0.5772 - partial MRR  0.0000 - partial MAP 0.8397
INFO:root:TEST batch 5 / 29 -  partial tp {0: tensor(0, device='cuda:0'), 1: tensor(18, device='cuda:0')},fn {0: tensor(2, device='cuda:0'), 1: tensor(0, device='cuda:0')},fp {0: tensor(0, device='cuda:0'), 1: tensor(2, device='cuda:0')}
INFO:root:TEST batch 5 / 29 - measures partial microavg - precision 0.9000 - recall 0.9000 - f1 0.9000 
INFO:root:TEST batch 5 / 29 - measures partial for class 0 - precision 0.0000 - recall 0.0000 - f1 0.0000 
INFO:root:TEST batch 5 / 29 - measures partial for class 1 - precision 0.9000 - recall 1.0000 - f1 0.9474 
INFO:root:TEST batch 5 / 29 - Batch time 0 
INFO:root:TEST batch 6 / 29 - partial error 0.2155 - partial loss 0.5024 - partial MRR  0.0000 - partial MAP 0.8479
INFO:root:TEST batch 6 / 29 -  partial tp {0: tensor(0, device='cuda:0'), 1: tensor(12, device='cuda:0')},fn {0: tensor(2, device='cuda:0'), 1: tensor(0, device='cuda:0')},fp {0: tensor(0, device='cuda:0'), 1: tensor(2, device='cuda:0')}
INFO:root:TEST batch 6 / 29 - measures partial microavg - precision 0.8571 - recall 0.8571 - f1 0.8571 
INFO:root:TEST batch 6 / 29 - measures partial for class 0 - precision 0.0000 - recall 0.0000 - f1 0.0000 
INFO:root:TEST batch 6 / 29 - measures partial for class 1 - precision 0.8571 - recall 1.0000 - f1 0.9231 
INFO:root:TEST batch 6 / 29 - Batch time 0 
INFO:root:TEST batch 7 / 29 - partial error 0.2114 - partial loss 0.4668 - partial MRR  0.0000 - partial MAP 0.8455
INFO:root:TEST batch 7 / 29 -  partial tp {0: tensor(0, device='cuda:0'), 1: tensor(12, device='cuda:0')},fn {0: tensor(2, device='cuda:0'), 1: tensor(0, device='cuda:0')},fp {0: tensor(0, device='cuda:0'), 1: tensor(2, device='cuda:0')}
INFO:root:TEST batch 7 / 29 - measures partial microavg - precision 0.8571 - recall 0.8571 - f1 0.8571 
INFO:root:TEST batch 7 / 29 - measures partial for class 0 - precision 0.0000 - recall 0.0000 - f1 0.0000 
INFO:root:TEST batch 7 / 29 - measures partial for class 1 - precision 0.8571 - recall 1.0000 - f1 0.9231 
INFO:root:TEST batch 7 / 29 - Batch time 0 
INFO:root:TEST batch 8 / 29 - partial error 0.1926 - partial loss 0.4116 - partial MRR  0.0000 - partial MAP 0.8592
INFO:root:TEST batch 8 / 29 -  partial tp {0: tensor(0, device='cuda:0'), 1: tensor(24, device='cuda:0')},fn {0: tensor(0, device='cuda:0'), 1: tensor(0, device='cuda:0')},fp {0: tensor(0, device='cuda:0'), 1: tensor(0, device='cuda:0')}
INFO:root:TEST batch 8 / 29 - measures partial microavg - precision 1.0000 - recall 1.0000 - f1 1.0000 
INFO:root:TEST batch 8 / 29 - measures partial for class 0 - precision 0.0000 - recall 0.0000 - f1 0.0000 
INFO:root:TEST batch 8 / 29 - measures partial for class 1 - precision 1.0000 - recall 1.0000 - f1 1.0000 
INFO:root:TEST batch 8 / 29 - Batch time 0 
INFO:root:TEST batch 9 / 29 - partial error 0.1871 - partial loss 0.3697 - partial MRR  0.0000 - partial MAP 0.8633
INFO:root:TEST batch 9 / 29 -  partial tp {0: tensor(0, device='cuda:0'), 1: tensor(8, device='cuda:0')},fn {0: tensor(0, device='cuda:0'), 1: tensor(0, device='cuda:0')},fp {0: tensor(0, device='cuda:0'), 1: tensor(0, device='cuda:0')}
INFO:root:TEST batch 9 / 29 - measures partial microavg - precision 1.0000 - recall 1.0000 - f1 1.0000 
INFO:root:TEST batch 9 / 29 - measures partial for class 0 - precision 0.0000 - recall 0.0000 - f1 0.0000 
INFO:root:TEST batch 9 / 29 - measures partial for class 1 - precision 1.0000 - recall 1.0000 - f1 1.0000 
INFO:root:TEST batch 9 / 29 - Batch time 0 
INFO:root:TEST batch 10 / 29 - partial error 0.1414 - partial loss 0.3383 - partial MRR  0.0000 - partial MAP 0.8993
INFO:root:TEST batch 10 / 29 -  partial tp {0: tensor(0, device='cuda:0'), 1: tensor(102, device='cuda:0')},fn {0: tensor(2, device='cuda:0'), 1: tensor(0, device='cuda:0')},fp {0: tensor(0, device='cuda:0'), 1: tensor(2, device='cuda:0')}
INFO:root:TEST batch 10 / 29 - measures partial microavg - precision 0.9808 - recall 0.9808 - f1 0.9808 
INFO:root:TEST batch 10 / 29 - measures partial for class 0 - precision 0.0000 - recall 0.0000 - f1 0.0000 
INFO:root:TEST batch 10 / 29 - measures partial for class 1 - precision 0.9808 - recall 1.0000 - f1 0.9903 
INFO:root:TEST batch 10 / 29 - Batch time 0 
INFO:root:TEST batch 11 / 29 - partial error 0.1381 - partial loss 0.3214 - partial MRR  0.0000 - partial MAP 0.9044
INFO:root:TEST batch 11 / 29 -  partial tp {0: tensor(0, device='cuda:0'), 1: tensor(34, device='cuda:0')},fn {0: tensor(4, device='cuda:0'), 1: tensor(0, device='cuda:0')},fp {0: tensor(0, device='cuda:0'), 1: tensor(4, device='cuda:0')}
INFO:root:TEST batch 11 / 29 - measures partial microavg - precision 0.8947 - recall 0.8947 - f1 0.8947 
INFO:root:TEST batch 11 / 29 - measures partial for class 0 - precision 0.0000 - recall 0.0000 - f1 0.0000 
INFO:root:TEST batch 11 / 29 - measures partial for class 1 - precision 0.8947 - recall 1.0000 - f1 0.9444 
INFO:root:TEST batch 11 / 29 - Batch time 0 
INFO:root:TEST batch 12 / 29 - partial error 0.1447 - partial loss 0.3157 - partial MRR  0.0000 - partial MAP 0.9030
INFO:root:TEST batch 12 / 29 -  partial tp {0: tensor(0, device='cuda:0'), 1: tensor(40, device='cuda:0')},fn {0: tensor(10, device='cuda:0'), 1: tensor(0, device='cuda:0')},fp {0: tensor(0, device='cuda:0'), 1: tensor(10, device='cuda:0')}
INFO:root:TEST batch 12 / 29 - measures partial microavg - precision 0.8000 - recall 0.8000 - f1 0.8000 
INFO:root:TEST batch 12 / 29 - measures partial for class 0 - precision 0.0000 - recall 0.0000 - f1 0.0000 
INFO:root:TEST batch 12 / 29 - measures partial for class 1 - precision 0.8000 - recall 1.0000 - f1 0.8889 
INFO:root:TEST batch 12 / 29 - Batch time 0 
INFO:root:TEST batch 13 / 29 - partial error 0.1494 - partial loss 0.3243 - partial MRR  0.0000 - partial MAP 0.8990
INFO:root:TEST batch 13 / 29 -  partial tp {0: tensor(0, device='cuda:0'), 1: tensor(8, device='cuda:0')},fn {0: tensor(4, device='cuda:0'), 1: tensor(0, device='cuda:0')},fp {0: tensor(0, device='cuda:0'), 1: tensor(4, device='cuda:0')}
INFO:root:TEST batch 13 / 29 - measures partial microavg - precision 0.6667 - recall 0.6667 - f1 0.6667 
INFO:root:TEST batch 13 / 29 - measures partial for class 0 - precision 0.0000 - recall 0.0000 - f1 0.0000 
INFO:root:TEST batch 13 / 29 - measures partial for class 1 - precision 0.6667 - recall 1.0000 - f1 0.8000 
INFO:root:TEST batch 13 / 29 - Batch time 0 
INFO:root:TEST batch 14 / 29 - partial error 0.1423 - partial loss 0.3092 - partial MRR  0.0000 - partial MAP 0.9053
INFO:root:TEST batch 14 / 29 -  partial tp {0: tensor(0, device='cuda:0'), 1: tensor(36, device='cuda:0')},fn {0: tensor(2, device='cuda:0'), 1: tensor(0, device='cuda:0')},fp {0: tensor(0, device='cuda:0'), 1: tensor(2, device='cuda:0')}
INFO:root:TEST batch 14 / 29 - measures partial microavg - precision 0.9474 - recall 0.9474 - f1 0.9474 
INFO:root:TEST batch 14 / 29 - measures partial for class 0 - precision 0.0000 - recall 0.0000 - f1 0.0000 
INFO:root:TEST batch 14 / 29 - measures partial for class 1 - precision 0.9474 - recall 1.0000 - f1 0.9730 
INFO:root:TEST batch 14 / 29 - Batch time 0 
INFO:root:TEST batch 15 / 29 - partial error 0.1350 - partial loss 0.2910 - partial MRR  0.0000 - partial MAP 0.9101
INFO:root:TEST batch 15 / 29 -  partial tp {0: tensor(0, device='cuda:0'), 1: tensor(28, device='cuda:0')},fn {0: tensor(0, device='cuda:0'), 1: tensor(0, device='cuda:0')},fp {0: tensor(0, device='cuda:0'), 1: tensor(0, device='cuda:0')}
INFO:root:TEST batch 15 / 29 - measures partial microavg - precision 1.0000 - recall 1.0000 - f1 1.0000 
INFO:root:TEST batch 15 / 29 - measures partial for class 0 - precision 0.0000 - recall 0.0000 - f1 0.0000 
INFO:root:TEST batch 15 / 29 - measures partial for class 1 - precision 1.0000 - recall 1.0000 - f1 1.0000 
INFO:root:TEST batch 15 / 29 - Batch time 0 
INFO:root:TEST batch 16 / 29 - partial error 0.1294 - partial loss 0.2769 - partial MRR  0.0000 - partial MAP 0.9139
INFO:root:TEST batch 16 / 29 -  partial tp {0: tensor(0, device='cuda:0'), 1: tensor(24, device='cuda:0')},fn {0: tensor(0, device='cuda:0'), 1: tensor(0, device='cuda:0')},fp {0: tensor(0, device='cuda:0'), 1: tensor(0, device='cuda:0')}
INFO:root:TEST batch 16 / 29 - measures partial microavg - precision 1.0000 - recall 1.0000 - f1 1.0000 
INFO:root:TEST batch 16 / 29 - measures partial for class 0 - precision 0.0000 - recall 0.0000 - f1 0.0000 
INFO:root:TEST batch 16 / 29 - measures partial for class 1 - precision 1.0000 - recall 1.0000 - f1 1.0000 
INFO:root:TEST batch 16 / 29 - Batch time 0 
INFO:root:TEST batch 17 / 29 - partial error 0.1279 - partial loss 0.2723 - partial MRR  0.0000 - partial MAP 0.9150
INFO:root:TEST batch 17 / 29 -  partial tp {0: tensor(0, device='cuda:0'), 1: tensor(20, device='cuda:0')},fn {0: tensor(2, device='cuda:0'), 1: tensor(0, device='cuda:0')},fp {0: tensor(0, device='cuda:0'), 1: tensor(2, device='cuda:0')}
INFO:root:TEST batch 17 / 29 - measures partial microavg - precision 0.9091 - recall 0.9091 - f1 0.9091 
INFO:root:TEST batch 17 / 29 - measures partial for class 0 - precision 0.0000 - recall 0.0000 - f1 0.0000 
INFO:root:TEST batch 17 / 29 - measures partial for class 1 - precision 0.9091 - recall 1.0000 - f1 0.9524 
INFO:root:TEST batch 17 / 29 - Batch time 0 
INFO:root:TEST batch 18 / 29 - partial error 0.1296 - partial loss 0.2734 - partial MRR  0.0000 - partial MAP 0.9118
INFO:root:TEST batch 18 / 29 -  partial tp {0: tensor(0, device='cuda:0'), 1: tensor(6, device='cuda:0')},fn {0: tensor(2, device='cuda:0'), 1: tensor(0, device='cuda:0')},fp {0: tensor(0, device='cuda:0'), 1: tensor(2, device='cuda:0')}
INFO:root:TEST batch 18 / 29 - measures partial microavg - precision 0.7500 - recall 0.7500 - f1 0.7500 
INFO:root:TEST batch 18 / 29 - measures partial for class 0 - precision 0.0000 - recall 0.0000 - f1 0.0000 
INFO:root:TEST batch 18 / 29 - measures partial for class 1 - precision 0.7500 - recall 1.0000 - f1 0.8571 
INFO:root:TEST batch 18 / 29 - Batch time 0 
INFO:root:TEST batch 19 / 29 - partial error 0.1274 - partial loss 0.2677 - partial MRR  0.0000 - partial MAP 0.9148
INFO:root:TEST batch 19 / 29 -  partial tp {0: tensor(0, device='cuda:0'), 1: tensor(24, device='cuda:0')},fn {0: tensor(2, device='cuda:0'), 1: tensor(0, device='cuda:0')},fp {0: tensor(0, device='cuda:0'), 1: tensor(2, device='cuda:0')}
INFO:root:TEST batch 19 / 29 - measures partial microavg - precision 0.9231 - recall 0.9231 - f1 0.9231 
INFO:root:TEST batch 19 / 29 - measures partial for class 0 - precision 0.0000 - recall 0.0000 - f1 0.0000 
INFO:root:TEST batch 19 / 29 - measures partial for class 1 - precision 0.9231 - recall 1.0000 - f1 0.9600 
INFO:root:TEST batch 19 / 29 - Batch time 0 
INFO:root:TEST batch 20 / 29 - partial error 0.1262 - partial loss 0.2625 - partial MRR  0.0000 - partial MAP 0.9170
INFO:root:TEST batch 20 / 29 -  partial tp {0: tensor(0, device='cuda:0'), 1: tensor(20, device='cuda:0')},fn {0: tensor(2, device='cuda:0'), 1: tensor(0, device='cuda:0')},fp {0: tensor(0, device='cuda:0'), 1: tensor(2, device='cuda:0')}
INFO:root:TEST batch 20 / 29 - measures partial microavg - precision 0.9091 - recall 0.9091 - f1 0.9091 
INFO:root:TEST batch 20 / 29 - measures partial for class 0 - precision 0.0000 - recall 0.0000 - f1 0.0000 
INFO:root:TEST batch 20 / 29 - measures partial for class 1 - precision 0.9091 - recall 1.0000 - f1 0.9524 
INFO:root:TEST batch 20 / 29 - Batch time 0 
INFO:root:TEST batch 21 / 29 - partial error 0.1250 - partial loss 0.2610 - partial MRR  0.0000 - partial MAP 0.9156
INFO:root:TEST batch 21 / 29 -  partial tp {0: tensor(0, device='cuda:0'), 1: tensor(20, device='cuda:0')},fn {0: tensor(2, device='cuda:0'), 1: tensor(0, device='cuda:0')},fp {0: tensor(0, device='cuda:0'), 1: tensor(2, device='cuda:0')}
INFO:root:TEST batch 21 / 29 - measures partial microavg - precision 0.9091 - recall 0.9091 - f1 0.9091 
INFO:root:TEST batch 21 / 29 - measures partial for class 0 - precision 0.0000 - recall 0.0000 - f1 0.0000 
INFO:root:TEST batch 21 / 29 - measures partial for class 1 - precision 0.9091 - recall 1.0000 - f1 0.9524 
INFO:root:TEST batch 21 / 29 - Batch time 0 
INFO:root:TEST batch 22 / 29 - partial error 0.1228 - partial loss 0.2524 - partial MRR  0.0000 - partial MAP 0.9170
INFO:root:TEST batch 22 / 29 -  partial tp {0: tensor(0, device='cuda:0'), 1: tensor(12, device='cuda:0')},fn {0: tensor(0, device='cuda:0'), 1: tensor(0, device='cuda:0')},fp {0: tensor(0, device='cuda:0'), 1: tensor(0, device='cuda:0')}
INFO:root:TEST batch 22 / 29 - measures partial microavg - precision 1.0000 - recall 1.0000 - f1 1.0000 
INFO:root:TEST batch 22 / 29 - measures partial for class 0 - precision 0.0000 - recall 0.0000 - f1 0.0000 
INFO:root:TEST batch 22 / 29 - measures partial for class 1 - precision 1.0000 - recall 1.0000 - f1 1.0000 
INFO:root:TEST batch 22 / 29 - Batch time 0 
INFO:root:TEST batch 23 / 29 - partial error 0.1218 - partial loss 0.2504 - partial MRR  0.0000 - partial MAP 0.9166
INFO:root:TEST batch 23 / 29 -  partial tp {0: tensor(0, device='cuda:0'), 1: tensor(20, device='cuda:0')},fn {0: tensor(2, device='cuda:0'), 1: tensor(0, device='cuda:0')},fp {0: tensor(0, device='cuda:0'), 1: tensor(2, device='cuda:0')}
INFO:root:TEST batch 23 / 29 - measures partial microavg - precision 0.9091 - recall 0.9091 - f1 0.9091 
INFO:root:TEST batch 23 / 29 - measures partial for class 0 - precision 0.0000 - recall 0.0000 - f1 0.0000 
INFO:root:TEST batch 23 / 29 - measures partial for class 1 - precision 0.9091 - recall 1.0000 - f1 0.9524 
INFO:root:TEST batch 23 / 29 - Batch time 0 
INFO:root:TEST batch 24 / 29 - partial error 0.1211 - partial loss 0.2454 - partial MRR  0.0000 - partial MAP 0.9171
INFO:root:TEST batch 24 / 29 -  partial tp {0: tensor(0, device='cuda:0'), 1: tensor(4, device='cuda:0')},fn {0: tensor(0, device='cuda:0'), 1: tensor(0, device='cuda:0')},fp {0: tensor(0, device='cuda:0'), 1: tensor(0, device='cuda:0')}
INFO:root:TEST batch 24 / 29 - measures partial microavg - precision 1.0000 - recall 1.0000 - f1 1.0000 
INFO:root:TEST batch 24 / 29 - measures partial for class 0 - precision 0.0000 - recall 0.0000 - f1 0.0000 
INFO:root:TEST batch 24 / 29 - measures partial for class 1 - precision 1.0000 - recall 1.0000 - f1 1.0000 
INFO:root:TEST batch 24 / 29 - Batch time 0 
INFO:root:TEST batch 25 / 29 - partial error 0.1198 - partial loss 0.2400 - partial MRR  0.0000 - partial MAP 0.9180
INFO:root:TEST batch 25 / 29 -  partial tp {0: tensor(0, device='cuda:0'), 1: tensor(8, device='cuda:0')},fn {0: tensor(0, device='cuda:0'), 1: tensor(0, device='cuda:0')},fp {0: tensor(0, device='cuda:0'), 1: tensor(0, device='cuda:0')}
INFO:root:TEST batch 25 / 29 - measures partial microavg - precision 1.0000 - recall 1.0000 - f1 1.0000 
INFO:root:TEST batch 25 / 29 - measures partial for class 0 - precision 0.0000 - recall 0.0000 - f1 0.0000 
INFO:root:TEST batch 25 / 29 - measures partial for class 1 - precision 1.0000 - recall 1.0000 - f1 1.0000 
INFO:root:TEST batch 25 / 29 - Batch time 0 
INFO:root:TEST batch 26 / 29 - partial error 0.1205 - partial loss 0.2382 - partial MRR  0.0000 - partial MAP 0.9190
INFO:root:TEST batch 26 / 29 -  partial tp {0: tensor(0, device='cuda:0'), 1: tensor(10, device='cuda:0')},fn {0: tensor(2, device='cuda:0'), 1: tensor(0, device='cuda:0')},fp {0: tensor(0, device='cuda:0'), 1: tensor(2, device='cuda:0')}
INFO:root:TEST batch 26 / 29 - measures partial microavg - precision 0.8333 - recall 0.8333 - f1 0.8333 
INFO:root:TEST batch 26 / 29 - measures partial for class 0 - precision 0.0000 - recall 0.0000 - f1 0.0000 
INFO:root:TEST batch 26 / 29 - measures partial for class 1 - precision 0.8333 - recall 1.0000 - f1 0.9091 
INFO:root:TEST batch 26 / 29 - Batch time 0 
INFO:root:TEST batch 27 / 29 - partial error 0.1339 - partial loss 0.2425 - partial MRR  0.0000 - partial MAP 0.9075
INFO:root:TEST batch 27 / 29 -  partial tp {0: tensor(0, device='cuda:0'), 1: tensor(18, device='cuda:0')},fn {0: tensor(14, device='cuda:0'), 1: tensor(0, device='cuda:0')},fp {0: tensor(0, device='cuda:0'), 1: tensor(14, device='cuda:0')}
INFO:root:TEST batch 27 / 29 - measures partial microavg - precision 0.5625 - recall 0.5625 - f1 0.5625 
INFO:root:TEST batch 27 / 29 - measures partial for class 0 - precision 0.0000 - recall 0.0000 - f1 0.0000 
INFO:root:TEST batch 27 / 29 - measures partial for class 1 - precision 0.5625 - recall 1.0000 - f1 0.7200 
INFO:root:TEST batch 27 / 29 - Batch time 0 
INFO:root:TEST batch 28 / 29 - partial error 0.1335 - partial loss 0.2403 - partial MRR  0.0000 - partial MAP 0.9071
INFO:root:TEST batch 28 / 29 -  partial tp {0: tensor(0, device='cuda:0'), 1: tensor(28, device='cuda:0')},fn {0: tensor(4, device='cuda:0'), 1: tensor(0, device='cuda:0')},fp {0: tensor(0, device='cuda:0'), 1: tensor(4, device='cuda:0')}
INFO:root:TEST batch 28 / 29 - measures partial microavg - precision 0.8750 - recall 0.8750 - f1 0.8750 
INFO:root:TEST batch 28 / 29 - measures partial for class 0 - precision 0.0000 - recall 0.0000 - f1 0.0000 
INFO:root:TEST batch 28 / 29 - measures partial for class 1 - precision 0.8750 - recall 1.0000 - f1 0.9333 
INFO:root:TEST batch 28 / 29 - Batch time 0 
INFO:root:TEST batch 29 / 29 - partial error 0.1320 - partial loss 0.2371 - partial MRR  0.0000 - partial MAP 0.9091
INFO:root:TEST batch 29 / 29 -  partial tp {0: tensor(0, device='cuda:0'), 1: tensor(22, device='cuda:0')},fn {0: tensor(2, device='cuda:0'), 1: tensor(0, device='cuda:0')},fp {0: tensor(0, device='cuda:0'), 1: tensor(2, device='cuda:0')}
INFO:root:TEST batch 29 / 29 - measures partial microavg - precision 0.9167 - recall 0.9167 - f1 0.9167 
INFO:root:TEST batch 29 / 29 - measures partial for class 0 - precision 0.0000 - recall 0.0000 - f1 0.0000 
INFO:root:TEST batch 29 / 29 - measures partial for class 1 - precision 0.9167 - recall 1.0000 - f1 0.9565 
INFO:root:TEST batch 29 / 29 - Batch time 0 
INFO:root:TEST mean losses tensor(0.2371, device='cuda:0')
INFO:root:TEST mean errors 0.13202933967113495
INFO:root:TEST mean MRR 0.0 - mean MAP 0.9090704568054755
INFO:root:TEST tp {0: tensor(0, device='cuda:0'), 1: tensor(710, device='cuda:0')},fn {0: tensor(108, device='cuda:0'), 1: tensor(0, device='cuda:0')},fp {0: tensor(0, device='cuda:0'), 1: tensor(108, device='cuda:0')}
INFO:root:TEST measures microavg - precision 0.8680 - recall 0.8680 - f1 0.8680 
INFO:root:TEST measures for class 0 - precision 0.0000 - recall 0.0000 - f1 0.0000 
INFO:root:TEST measures for class 1 - precision 0.8680 - recall 1.0000 - f1 0.9293 
INFO:root:TEST measures@10 microavg - precision 0.9029 - recall 0.3068 - f1 0.4580 
INFO:root:TEST measures@10 for class 0 - precision 0.0000 - recall 0.0000 - f1 0.0000 
INFO:root:TEST measures@10 for class 1 - precision 0.9029 - recall 0.3535 - f1 0.5081 
INFO:root:TEST measures@100 microavg - precision 0.8673 - recall 0.8631 - f1 0.8652 
INFO:root:TEST measures@100 for class 0 - precision 0.0000 - recall 0.0000 - f1 0.0000 
INFO:root:TEST measures@100 for class 1 - precision 0.8673 - recall 0.9944 - f1 0.9265 
INFO:root:TEST measures@1000 microavg - precision 0.8680 - recall 0.8680 - f1 0.8680 
INFO:root:TEST measures@1000 for class 0 - precision 0.0000 - recall 0.0000 - f1 0.0000 
INFO:root:TEST measures@1000 for class 1 - precision 0.8680 - recall 1.0000 - f1 0.9293 
INFO:root:TEST Total epoch time: 3.8692807918414474
INFO:root:################ TRAIN epoch 8 ###################
INFO:root:TRAIN mean losses tensor(0.1488, device='cuda:0')
INFO:root:TRAIN mean errors 0.09452631324529648
INFO:root:TRAIN mean MRR 0.0 - mean MAP 0.9350751329470722
INFO:root:TRAIN tp {0: tensor(4, device='cuda:0'), 1: tensor(25802, device='cuda:0')},fn {0: tensor(2480, device='cuda:0'), 1: tensor(214, device='cuda:0')},fp {0: tensor(214, device='cuda:0'), 1: tensor(2480, device='cuda:0')}
INFO:root:TRAIN measures microavg - precision 0.9055 - recall 0.9055 - f1 0.9055 
INFO:root:TRAIN measures for class 0 - precision 0.0183 - recall 0.0016 - f1 0.0030 
INFO:root:TRAIN measures for class 1 - precision 0.9123 - recall 0.9918 - f1 0.9504 
INFO:root:TRAIN measures@10 microavg - precision 0.8723 - recall 0.0288 - f1 0.0557 
INFO:root:TRAIN measures@10 for class 0 - precision 0.0444 - recall 0.0016 - f1 0.0031 
INFO:root:TRAIN measures@10 for class 1 - precision 0.9600 - recall 0.0314 - f1 0.0607 
INFO:root:TRAIN measures@100 microavg - precision 0.9096 - recall 0.2782 - f1 0.4261 
INFO:root:TRAIN measures@100 for class 0 - precision 0.0183 - recall 0.0016 - f1 0.0030 
INFO:root:TRAIN measures@100 for class 1 - precision 0.9325 - recall 0.3047 - f1 0.4593 
INFO:root:TRAIN measures@1000 microavg - precision 0.9034 - recall 0.8756 - f1 0.8893 
INFO:root:TRAIN measures@1000 for class 0 - precision 0.0183 - recall 0.0016 - f1 0.0030 
INFO:root:TRAIN measures@1000 for class 1 - precision 0.9105 - recall 0.9591 - f1 0.9341 
INFO:root:TRAIN Total epoch time: 16.460188744589686
INFO:root:################ VALID epoch 8 ###################
INFO:root:VALID mean losses tensor(0.2952, device='cuda:0')
INFO:root:VALID mean errors 0.18522484600543976
INFO:root:VALID mean MRR 0.0 - mean MAP 0.8226885680504222
INFO:root:VALID tp {0: tensor(0, device='cuda:0'), 1: tensor(1522, device='cuda:0')},fn {0: tensor(346, device='cuda:0'), 1: tensor(0, device='cuda:0')},fp {0: tensor(0, device='cuda:0'), 1: tensor(346, device='cuda:0')}
INFO:root:VALID measures microavg - precision 0.8148 - recall 0.8148 - f1 0.8148 
INFO:root:VALID measures for class 0 - precision 0.0000 - recall 0.0000 - f1 0.0000 
INFO:root:VALID measures for class 1 - precision 0.8148 - recall 1.0000 - f1 0.8979 
INFO:root:VALID measures@10 microavg - precision 0.8462 - recall 0.0589 - f1 0.1101 
INFO:root:VALID measures@10 for class 0 - precision 0.0000 - recall 0.0000 - f1 0.0000 
INFO:root:VALID measures@10 for class 1 - precision 0.8462 - recall 0.0723 - f1 0.1332 
INFO:root:VALID measures@100 microavg - precision 0.8281 - recall 0.5675 - f1 0.6734 
INFO:root:VALID measures@100 for class 0 - precision 0.0000 - recall 0.0000 - f1 0.0000 
INFO:root:VALID measures@100 for class 1 - precision 0.8281 - recall 0.6965 - f1 0.7566 
INFO:root:VALID measures@1000 microavg - precision 0.8148 - recall 0.8148 - f1 0.8148 
INFO:root:VALID measures@1000 for class 0 - precision 0.0000 - recall 0.0000 - f1 0.0000 
INFO:root:VALID measures@1000 for class 1 - precision 0.8148 - recall 1.0000 - f1 0.8979 
INFO:root:VALID Total epoch time: 2.051053441129625
INFO:root:################ TEST epoch 8 ###################
INFO:root:TEST batch 1 / 29 - partial error 0.2444 - partial loss 0.3886 - partial MRR  0.0000 - partial MAP 0.8959
INFO:root:TEST batch 1 / 29 -  partial tp {0: tensor(0, device='cuda:0'), 1: tensor(68, device='cuda:0')},fn {0: tensor(22, device='cuda:0'), 1: tensor(0, device='cuda:0')},fp {0: tensor(0, device='cuda:0'), 1: tensor(22, device='cuda:0')}
INFO:root:TEST batch 1 / 29 - measures partial microavg - precision 0.7556 - recall 0.7556 - f1 0.7556 
INFO:root:TEST batch 1 / 29 - measures partial for class 0 - precision 0.0000 - recall 0.0000 - f1 0.0000 
INFO:root:TEST batch 1 / 29 - measures partial for class 1 - precision 0.7556 - recall 1.0000 - f1 0.8608 
INFO:root:TEST batch 1 / 29 - Batch time 0 
INFO:root:TEST batch 2 / 29 - partial error 0.2090 - partial loss 0.3058 - partial MRR  0.0000 - partial MAP 0.8941
INFO:root:TEST batch 2 / 29 -  partial tp {0: tensor(0, device='cuda:0'), 1: tensor(38, device='cuda:0')},fn {0: tensor(6, device='cuda:0'), 1: tensor(0, device='cuda:0')},fp {0: tensor(0, device='cuda:0'), 1: tensor(6, device='cuda:0')}
INFO:root:TEST batch 2 / 29 - measures partial microavg - precision 0.8636 - recall 0.8636 - f1 0.8636 
INFO:root:TEST batch 2 / 29 - measures partial for class 0 - precision 0.0000 - recall 0.0000 - f1 0.0000 
INFO:root:TEST batch 2 / 29 - measures partial for class 1 - precision 0.8636 - recall 1.0000 - f1 0.9268 
INFO:root:TEST batch 2 / 29 - Batch time 0 
INFO:root:TEST batch 3 / 29 - partial error 0.2500 - partial loss 0.8649 - partial MRR  0.0000 - partial MAP 0.8571
INFO:root:TEST batch 3 / 29 -  partial tp {0: tensor(0, device='cuda:0'), 1: tensor(14, device='cuda:0')},fn {0: tensor(12, device='cuda:0'), 1: tensor(0, device='cuda:0')},fp {0: tensor(0, device='cuda:0'), 1: tensor(12, device='cuda:0')}
INFO:root:TEST batch 3 / 29 - measures partial microavg - precision 0.5385 - recall 0.5385 - f1 0.5385 
INFO:root:TEST batch 3 / 29 - measures partial for class 0 - precision 0.0000 - recall 0.0000 - f1 0.0000 
INFO:root:TEST batch 3 / 29 - measures partial for class 1 - precision 0.5385 - recall 1.0000 - f1 0.7000 
INFO:root:TEST batch 3 / 29 - Batch time 0 
INFO:root:TEST batch 4 / 29 - partial error 0.2323 - partial loss 0.7414 - partial MRR  0.0000 - partial MAP 0.8427
INFO:root:TEST batch 4 / 29 -  partial tp {0: tensor(0, device='cuda:0'), 1: tensor(32, device='cuda:0')},fn {0: tensor(6, device='cuda:0'), 1: tensor(0, device='cuda:0')},fp {0: tensor(0, device='cuda:0'), 1: tensor(6, device='cuda:0')}
INFO:root:TEST batch 4 / 29 - measures partial microavg - precision 0.8421 - recall 0.8421 - f1 0.8421 
INFO:root:TEST batch 4 / 29 - measures partial for class 0 - precision 0.0000 - recall 0.0000 - f1 0.0000 
INFO:root:TEST batch 4 / 29 - measures partial for class 1 - precision 0.8421 - recall 1.0000 - f1 0.9143 
INFO:root:TEST batch 4 / 29 - Batch time 0 
INFO:root:TEST batch 5 / 29 - partial error 0.2202 - partial loss 0.6349 - partial MRR  0.0000 - partial MAP 0.8417
INFO:root:TEST batch 5 / 29 -  partial tp {0: tensor(0, device='cuda:0'), 1: tensor(18, device='cuda:0')},fn {0: tensor(2, device='cuda:0'), 1: tensor(0, device='cuda:0')},fp {0: tensor(0, device='cuda:0'), 1: tensor(2, device='cuda:0')}
INFO:root:TEST batch 5 / 29 - measures partial microavg - precision 0.9000 - recall 0.9000 - f1 0.9000 
INFO:root:TEST batch 5 / 29 - measures partial for class 0 - precision 0.0000 - recall 0.0000 - f1 0.0000 
INFO:root:TEST batch 5 / 29 - measures partial for class 1 - precision 0.9000 - recall 1.0000 - f1 0.9474 
INFO:root:TEST batch 5 / 29 - Batch time 0 
INFO:root:TEST batch 6 / 29 - partial error 0.2155 - partial loss 0.5497 - partial MRR  0.0000 - partial MAP 0.8512
INFO:root:TEST batch 6 / 29 -  partial tp {0: tensor(0, device='cuda:0'), 1: tensor(12, device='cuda:0')},fn {0: tensor(2, device='cuda:0'), 1: tensor(0, device='cuda:0')},fp {0: tensor(0, device='cuda:0'), 1: tensor(2, device='cuda:0')}
INFO:root:TEST batch 6 / 29 - measures partial microavg - precision 0.8571 - recall 0.8571 - f1 0.8571 
INFO:root:TEST batch 6 / 29 - measures partial for class 0 - precision 0.0000 - recall 0.0000 - f1 0.0000 
INFO:root:TEST batch 6 / 29 - measures partial for class 1 - precision 0.8571 - recall 1.0000 - f1 0.9231 
INFO:root:TEST batch 6 / 29 - Batch time 0 
INFO:root:TEST batch 7 / 29 - partial error 0.2114 - partial loss 0.5076 - partial MRR  0.0000 - partial MAP 0.8521
INFO:root:TEST batch 7 / 29 -  partial tp {0: tensor(0, device='cuda:0'), 1: tensor(12, device='cuda:0')},fn {0: tensor(2, device='cuda:0'), 1: tensor(0, device='cuda:0')},fp {0: tensor(0, device='cuda:0'), 1: tensor(2, device='cuda:0')}
INFO:root:TEST batch 7 / 29 - measures partial microavg - precision 0.8571 - recall 0.8571 - f1 0.8571 
INFO:root:TEST batch 7 / 29 - measures partial for class 0 - precision 0.0000 - recall 0.0000 - f1 0.0000 
INFO:root:TEST batch 7 / 29 - measures partial for class 1 - precision 0.8571 - recall 1.0000 - f1 0.9231 
INFO:root:TEST batch 7 / 29 - Batch time 0 
INFO:root:TEST batch 8 / 29 - partial error 0.1926 - partial loss 0.4476 - partial MRR  0.0000 - partial MAP 0.8652
INFO:root:TEST batch 8 / 29 -  partial tp {0: tensor(0, device='cuda:0'), 1: tensor(24, device='cuda:0')},fn {0: tensor(0, device='cuda:0'), 1: tensor(0, device='cuda:0')},fp {0: tensor(0, device='cuda:0'), 1: tensor(0, device='cuda:0')}
INFO:root:TEST batch 8 / 29 - measures partial microavg - precision 1.0000 - recall 1.0000 - f1 1.0000 
INFO:root:TEST batch 8 / 29 - measures partial for class 0 - precision 0.0000 - recall 0.0000 - f1 0.0000 
INFO:root:TEST batch 8 / 29 - measures partial for class 1 - precision 1.0000 - recall 1.0000 - f1 1.0000 
INFO:root:TEST batch 8 / 29 - Batch time 0 
INFO:root:TEST batch 9 / 29 - partial error 0.1871 - partial loss 0.4004 - partial MRR  0.0000 - partial MAP 0.8691
INFO:root:TEST batch 9 / 29 -  partial tp {0: tensor(0, device='cuda:0'), 1: tensor(8, device='cuda:0')},fn {0: tensor(0, device='cuda:0'), 1: tensor(0, device='cuda:0')},fp {0: tensor(0, device='cuda:0'), 1: tensor(0, device='cuda:0')}
INFO:root:TEST batch 9 / 29 - measures partial microavg - precision 1.0000 - recall 1.0000 - f1 1.0000 
INFO:root:TEST batch 9 / 29 - measures partial for class 0 - precision 0.0000 - recall 0.0000 - f1 0.0000 
INFO:root:TEST batch 9 / 29 - measures partial for class 1 - precision 1.0000 - recall 1.0000 - f1 1.0000 
INFO:root:TEST batch 9 / 29 - Batch time 0 
INFO:root:TEST batch 10 / 29 - partial error 0.1414 - partial loss 0.3657 - partial MRR  0.0000 - partial MAP 0.9040
INFO:root:TEST batch 10 / 29 -  partial tp {0: tensor(0, device='cuda:0'), 1: tensor(102, device='cuda:0')},fn {0: tensor(2, device='cuda:0'), 1: tensor(0, device='cuda:0')},fp {0: tensor(0, device='cuda:0'), 1: tensor(2, device='cuda:0')}
INFO:root:TEST batch 10 / 29 - measures partial microavg - precision 0.9808 - recall 0.9808 - f1 0.9808 
INFO:root:TEST batch 10 / 29 - measures partial for class 0 - precision 0.0000 - recall 0.0000 - f1 0.0000 
INFO:root:TEST batch 10 / 29 - measures partial for class 1 - precision 0.9808 - recall 1.0000 - f1 0.9903 
INFO:root:TEST batch 10 / 29 - Batch time 0 
INFO:root:TEST batch 11 / 29 - partial error 0.1381 - partial loss 0.3485 - partial MRR  0.0000 - partial MAP 0.9076
INFO:root:TEST batch 11 / 29 -  partial tp {0: tensor(0, device='cuda:0'), 1: tensor(34, device='cuda:0')},fn {0: tensor(4, device='cuda:0'), 1: tensor(0, device='cuda:0')},fp {0: tensor(0, device='cuda:0'), 1: tensor(4, device='cuda:0')}
INFO:root:TEST batch 11 / 29 - measures partial microavg - precision 0.8947 - recall 0.8947 - f1 0.8947 
INFO:root:TEST batch 11 / 29 - measures partial for class 0 - precision 0.0000 - recall 0.0000 - f1 0.0000 
INFO:root:TEST batch 11 / 29 - measures partial for class 1 - precision 0.8947 - recall 1.0000 - f1 0.9444 
INFO:root:TEST batch 11 / 29 - Batch time 0 
INFO:root:TEST batch 12 / 29 - partial error 0.1447 - partial loss 0.3411 - partial MRR  0.0000 - partial MAP 0.9059
INFO:root:TEST batch 12 / 29 -  partial tp {0: tensor(0, device='cuda:0'), 1: tensor(40, device='cuda:0')},fn {0: tensor(10, device='cuda:0'), 1: tensor(0, device='cuda:0')},fp {0: tensor(0, device='cuda:0'), 1: tensor(10, device='cuda:0')}
INFO:root:TEST batch 12 / 29 - measures partial microavg - precision 0.8000 - recall 0.8000 - f1 0.8000 
INFO:root:TEST batch 12 / 29 - measures partial for class 0 - precision 0.0000 - recall 0.0000 - f1 0.0000 
INFO:root:TEST batch 12 / 29 - measures partial for class 1 - precision 0.8000 - recall 1.0000 - f1 0.8889 
INFO:root:TEST batch 12 / 29 - Batch time 0 
INFO:root:TEST batch 13 / 29 - partial error 0.1494 - partial loss 0.3484 - partial MRR  0.0000 - partial MAP 0.9012
INFO:root:TEST batch 13 / 29 -  partial tp {0: tensor(0, device='cuda:0'), 1: tensor(8, device='cuda:0')},fn {0: tensor(4, device='cuda:0'), 1: tensor(0, device='cuda:0')},fp {0: tensor(0, device='cuda:0'), 1: tensor(4, device='cuda:0')}
INFO:root:TEST batch 13 / 29 - measures partial microavg - precision 0.6667 - recall 0.6667 - f1 0.6667 
INFO:root:TEST batch 13 / 29 - measures partial for class 0 - precision 0.0000 - recall 0.0000 - f1 0.0000 
INFO:root:TEST batch 13 / 29 - measures partial for class 1 - precision 0.6667 - recall 1.0000 - f1 0.8000 
INFO:root:TEST batch 13 / 29 - Batch time 0 
INFO:root:TEST batch 14 / 29 - partial error 0.1423 - partial loss 0.3311 - partial MRR  0.0000 - partial MAP 0.9083
INFO:root:TEST batch 14 / 29 -  partial tp {0: tensor(0, device='cuda:0'), 1: tensor(36, device='cuda:0')},fn {0: tensor(2, device='cuda:0'), 1: tensor(0, device='cuda:0')},fp {0: tensor(0, device='cuda:0'), 1: tensor(2, device='cuda:0')}
INFO:root:TEST batch 14 / 29 - measures partial microavg - precision 0.9474 - recall 0.9474 - f1 0.9474 
INFO:root:TEST batch 14 / 29 - measures partial for class 0 - precision 0.0000 - recall 0.0000 - f1 0.0000 
INFO:root:TEST batch 14 / 29 - measures partial for class 1 - precision 0.9474 - recall 1.0000 - f1 0.9730 
INFO:root:TEST batch 14 / 29 - Batch time 0 
INFO:root:TEST batch 15 / 29 - partial error 0.1350 - partial loss 0.3113 - partial MRR  0.0000 - partial MAP 0.9130
INFO:root:TEST batch 15 / 29 -  partial tp {0: tensor(0, device='cuda:0'), 1: tensor(28, device='cuda:0')},fn {0: tensor(0, device='cuda:0'), 1: tensor(0, device='cuda:0')},fp {0: tensor(0, device='cuda:0'), 1: tensor(0, device='cuda:0')}
INFO:root:TEST batch 15 / 29 - measures partial microavg - precision 1.0000 - recall 1.0000 - f1 1.0000 
INFO:root:TEST batch 15 / 29 - measures partial for class 0 - precision 0.0000 - recall 0.0000 - f1 0.0000 
INFO:root:TEST batch 15 / 29 - measures partial for class 1 - precision 1.0000 - recall 1.0000 - f1 1.0000 
INFO:root:TEST batch 15 / 29 - Batch time 0 
INFO:root:TEST batch 16 / 29 - partial error 0.1294 - partial loss 0.2949 - partial MRR  0.0000 - partial MAP 0.9167
INFO:root:TEST batch 16 / 29 -  partial tp {0: tensor(0, device='cuda:0'), 1: tensor(24, device='cuda:0')},fn {0: tensor(0, device='cuda:0'), 1: tensor(0, device='cuda:0')},fp {0: tensor(0, device='cuda:0'), 1: tensor(0, device='cuda:0')}
INFO:root:TEST batch 16 / 29 - measures partial microavg - precision 1.0000 - recall 1.0000 - f1 1.0000 
INFO:root:TEST batch 16 / 29 - measures partial for class 0 - precision 0.0000 - recall 0.0000 - f1 0.0000 
INFO:root:TEST batch 16 / 29 - measures partial for class 1 - precision 1.0000 - recall 1.0000 - f1 1.0000 
INFO:root:TEST batch 16 / 29 - Batch time 0 
INFO:root:TEST batch 17 / 29 - partial error 0.1279 - partial loss 0.2904 - partial MRR  0.0000 - partial MAP 0.9152
INFO:root:TEST batch 17 / 29 -  partial tp {0: tensor(0, device='cuda:0'), 1: tensor(20, device='cuda:0')},fn {0: tensor(2, device='cuda:0'), 1: tensor(0, device='cuda:0')},fp {0: tensor(0, device='cuda:0'), 1: tensor(2, device='cuda:0')}
INFO:root:TEST batch 17 / 29 - measures partial microavg - precision 0.9091 - recall 0.9091 - f1 0.9091 
INFO:root:TEST batch 17 / 29 - measures partial for class 0 - precision 0.0000 - recall 0.0000 - f1 0.0000 
INFO:root:TEST batch 17 / 29 - measures partial for class 1 - precision 0.9091 - recall 1.0000 - f1 0.9524 
INFO:root:TEST batch 17 / 29 - Batch time 0 
INFO:root:TEST batch 18 / 29 - partial error 0.1296 - partial loss 0.2928 - partial MRR  0.0000 - partial MAP 0.9113
INFO:root:TEST batch 18 / 29 -  partial tp {0: tensor(0, device='cuda:0'), 1: tensor(6, device='cuda:0')},fn {0: tensor(2, device='cuda:0'), 1: tensor(0, device='cuda:0')},fp {0: tensor(0, device='cuda:0'), 1: tensor(2, device='cuda:0')}
INFO:root:TEST batch 18 / 29 - measures partial microavg - precision 0.7500 - recall 0.7500 - f1 0.7500 
INFO:root:TEST batch 18 / 29 - measures partial for class 0 - precision 0.0000 - recall 0.0000 - f1 0.0000 
INFO:root:TEST batch 18 / 29 - measures partial for class 1 - precision 0.7500 - recall 1.0000 - f1 0.8571 
INFO:root:TEST batch 18 / 29 - Batch time 0 
INFO:root:TEST batch 19 / 29 - partial error 0.1274 - partial loss 0.2862 - partial MRR  0.0000 - partial MAP 0.9146
INFO:root:TEST batch 19 / 29 -  partial tp {0: tensor(0, device='cuda:0'), 1: tensor(24, device='cuda:0')},fn {0: tensor(2, device='cuda:0'), 1: tensor(0, device='cuda:0')},fp {0: tensor(0, device='cuda:0'), 1: tensor(2, device='cuda:0')}
INFO:root:TEST batch 19 / 29 - measures partial microavg - precision 0.9231 - recall 0.9231 - f1 0.9231 
INFO:root:TEST batch 19 / 29 - measures partial for class 0 - precision 0.0000 - recall 0.0000 - f1 0.0000 
INFO:root:TEST batch 19 / 29 - measures partial for class 1 - precision 0.9231 - recall 1.0000 - f1 0.9600 
INFO:root:TEST batch 19 / 29 - Batch time 0 
INFO:root:TEST batch 20 / 29 - partial error 0.1262 - partial loss 0.2811 - partial MRR  0.0000 - partial MAP 0.9149
INFO:root:TEST batch 20 / 29 -  partial tp {0: tensor(0, device='cuda:0'), 1: tensor(20, device='cuda:0')},fn {0: tensor(2, device='cuda:0'), 1: tensor(0, device='cuda:0')},fp {0: tensor(0, device='cuda:0'), 1: tensor(2, device='cuda:0')}
INFO:root:TEST batch 20 / 29 - measures partial microavg - precision 0.9091 - recall 0.9091 - f1 0.9091 
INFO:root:TEST batch 20 / 29 - measures partial for class 0 - precision 0.0000 - recall 0.0000 - f1 0.0000 
INFO:root:TEST batch 20 / 29 - measures partial for class 1 - precision 0.9091 - recall 1.0000 - f1 0.9524 
INFO:root:TEST batch 20 / 29 - Batch time 0 
INFO:root:TEST batch 21 / 29 - partial error 0.1250 - partial loss 0.2787 - partial MRR  0.0000 - partial MAP 0.9144
INFO:root:TEST batch 21 / 29 -  partial tp {0: tensor(0, device='cuda:0'), 1: tensor(20, device='cuda:0')},fn {0: tensor(2, device='cuda:0'), 1: tensor(0, device='cuda:0')},fp {0: tensor(0, device='cuda:0'), 1: tensor(2, device='cuda:0')}
INFO:root:TEST batch 21 / 29 - measures partial microavg - precision 0.9091 - recall 0.9091 - f1 0.9091 
INFO:root:TEST batch 21 / 29 - measures partial for class 0 - precision 0.0000 - recall 0.0000 - f1 0.0000 
INFO:root:TEST batch 21 / 29 - measures partial for class 1 - precision 0.9091 - recall 1.0000 - f1 0.9524 
INFO:root:TEST batch 21 / 29 - Batch time 0 
INFO:root:TEST batch 22 / 29 - partial error 0.1228 - partial loss 0.2688 - partial MRR  0.0000 - partial MAP 0.9159
INFO:root:TEST batch 22 / 29 -  partial tp {0: tensor(0, device='cuda:0'), 1: tensor(12, device='cuda:0')},fn {0: tensor(0, device='cuda:0'), 1: tensor(0, device='cuda:0')},fp {0: tensor(0, device='cuda:0'), 1: tensor(0, device='cuda:0')}
INFO:root:TEST batch 22 / 29 - measures partial microavg - precision 1.0000 - recall 1.0000 - f1 1.0000 
INFO:root:TEST batch 22 / 29 - measures partial for class 0 - precision 0.0000 - recall 0.0000 - f1 0.0000 
INFO:root:TEST batch 22 / 29 - measures partial for class 1 - precision 1.0000 - recall 1.0000 - f1 1.0000 
INFO:root:TEST batch 22 / 29 - Batch time 0 
INFO:root:TEST batch 23 / 29 - partial error 0.1218 - partial loss 0.2653 - partial MRR  0.0000 - partial MAP 0.9155
INFO:root:TEST batch 23 / 29 -  partial tp {0: tensor(0, device='cuda:0'), 1: tensor(20, device='cuda:0')},fn {0: tensor(2, device='cuda:0'), 1: tensor(0, device='cuda:0')},fp {0: tensor(0, device='cuda:0'), 1: tensor(2, device='cuda:0')}
INFO:root:TEST batch 23 / 29 - measures partial microavg - precision 0.9091 - recall 0.9091 - f1 0.9091 
INFO:root:TEST batch 23 / 29 - measures partial for class 0 - precision 0.0000 - recall 0.0000 - f1 0.0000 
INFO:root:TEST batch 23 / 29 - measures partial for class 1 - precision 0.9091 - recall 1.0000 - f1 0.9524 
INFO:root:TEST batch 23 / 29 - Batch time 0 
INFO:root:TEST batch 24 / 29 - partial error 0.1211 - partial loss 0.2593 - partial MRR  0.0000 - partial MAP 0.9160
INFO:root:TEST batch 24 / 29 -  partial tp {0: tensor(0, device='cuda:0'), 1: tensor(4, device='cuda:0')},fn {0: tensor(0, device='cuda:0'), 1: tensor(0, device='cuda:0')},fp {0: tensor(0, device='cuda:0'), 1: tensor(0, device='cuda:0')}
INFO:root:TEST batch 24 / 29 - measures partial microavg - precision 1.0000 - recall 1.0000 - f1 1.0000 
INFO:root:TEST batch 24 / 29 - measures partial for class 0 - precision 0.0000 - recall 0.0000 - f1 0.0000 
INFO:root:TEST batch 24 / 29 - measures partial for class 1 - precision 1.0000 - recall 1.0000 - f1 1.0000 
INFO:root:TEST batch 24 / 29 - Batch time 0 
INFO:root:TEST batch 25 / 29 - partial error 0.1198 - partial loss 0.2528 - partial MRR  0.0000 - partial MAP 0.9169
INFO:root:TEST batch 25 / 29 -  partial tp {0: tensor(0, device='cuda:0'), 1: tensor(8, device='cuda:0')},fn {0: tensor(0, device='cuda:0'), 1: tensor(0, device='cuda:0')},fp {0: tensor(0, device='cuda:0'), 1: tensor(0, device='cuda:0')}
INFO:root:TEST batch 25 / 29 - measures partial microavg - precision 1.0000 - recall 1.0000 - f1 1.0000 
INFO:root:TEST batch 25 / 29 - measures partial for class 0 - precision 0.0000 - recall 0.0000 - f1 0.0000 
INFO:root:TEST batch 25 / 29 - measures partial for class 1 - precision 1.0000 - recall 1.0000 - f1 1.0000 
INFO:root:TEST batch 25 / 29 - Batch time 0 
INFO:root:TEST batch 26 / 29 - partial error 0.1205 - partial loss 0.2505 - partial MRR  0.0000 - partial MAP 0.9177
INFO:root:TEST batch 26 / 29 -  partial tp {0: tensor(0, device='cuda:0'), 1: tensor(10, device='cuda:0')},fn {0: tensor(2, device='cuda:0'), 1: tensor(0, device='cuda:0')},fp {0: tensor(0, device='cuda:0'), 1: tensor(2, device='cuda:0')}
INFO:root:TEST batch 26 / 29 - measures partial microavg - precision 0.8333 - recall 0.8333 - f1 0.8333 
INFO:root:TEST batch 26 / 29 - measures partial for class 0 - precision 0.0000 - recall 0.0000 - f1 0.0000 
INFO:root:TEST batch 26 / 29 - measures partial for class 1 - precision 0.8333 - recall 1.0000 - f1 0.9091 
INFO:root:TEST batch 26 / 29 - Batch time 0 
INFO:root:TEST batch 27 / 29 - partial error 0.1339 - partial loss 0.2543 - partial MRR  0.0000 - partial MAP 0.9033
INFO:root:TEST batch 27 / 29 -  partial tp {0: tensor(0, device='cuda:0'), 1: tensor(18, device='cuda:0')},fn {0: tensor(14, device='cuda:0'), 1: tensor(0, device='cuda:0')},fp {0: tensor(0, device='cuda:0'), 1: tensor(14, device='cuda:0')}
INFO:root:TEST batch 27 / 29 - measures partial microavg - precision 0.5625 - recall 0.5625 - f1 0.5625 
INFO:root:TEST batch 27 / 29 - measures partial for class 0 - precision 0.0000 - recall 0.0000 - f1 0.0000 
INFO:root:TEST batch 27 / 29 - measures partial for class 1 - precision 0.5625 - recall 1.0000 - f1 0.7200 
INFO:root:TEST batch 27 / 29 - Batch time 0 
INFO:root:TEST batch 28 / 29 - partial error 0.1335 - partial loss 0.2516 - partial MRR  0.0000 - partial MAP 0.9033
INFO:root:TEST batch 28 / 29 -  partial tp {0: tensor(0, device='cuda:0'), 1: tensor(28, device='cuda:0')},fn {0: tensor(4, device='cuda:0'), 1: tensor(0, device='cuda:0')},fp {0: tensor(0, device='cuda:0'), 1: tensor(4, device='cuda:0')}
INFO:root:TEST batch 28 / 29 - measures partial microavg - precision 0.8750 - recall 0.8750 - f1 0.8750 
INFO:root:TEST batch 28 / 29 - measures partial for class 0 - precision 0.0000 - recall 0.0000 - f1 0.0000 
INFO:root:TEST batch 28 / 29 - measures partial for class 1 - precision 0.8750 - recall 1.0000 - f1 0.9333 
INFO:root:TEST batch 28 / 29 - Batch time 0 
INFO:root:TEST batch 29 / 29 - partial error 0.1320 - partial loss 0.2480 - partial MRR  0.0000 - partial MAP 0.9061
INFO:root:TEST batch 29 / 29 -  partial tp {0: tensor(0, device='cuda:0'), 1: tensor(22, device='cuda:0')},fn {0: tensor(2, device='cuda:0'), 1: tensor(0, device='cuda:0')},fp {0: tensor(0, device='cuda:0'), 1: tensor(2, device='cuda:0')}
INFO:root:TEST batch 29 / 29 - measures partial microavg - precision 0.9167 - recall 0.9167 - f1 0.9167 
INFO:root:TEST batch 29 / 29 - measures partial for class 0 - precision 0.0000 - recall 0.0000 - f1 0.0000 
INFO:root:TEST batch 29 / 29 - measures partial for class 1 - precision 0.9167 - recall 1.0000 - f1 0.9565 
INFO:root:TEST batch 29 / 29 - Batch time 0 
INFO:root:TEST mean losses tensor(0.2480, device='cuda:0')
INFO:root:TEST mean errors 0.13202933967113495
INFO:root:TEST mean MRR 0.0 - mean MAP 0.9061226408119378
INFO:root:TEST tp {0: tensor(0, device='cuda:0'), 1: tensor(710, device='cuda:0')},fn {0: tensor(108, device='cuda:0'), 1: tensor(0, device='cuda:0')},fp {0: tensor(0, device='cuda:0'), 1: tensor(108, device='cuda:0')}
INFO:root:TEST measures microavg - precision 0.8680 - recall 0.8680 - f1 0.8680 
INFO:root:TEST measures for class 0 - precision 0.0000 - recall 0.0000 - f1 0.0000 
INFO:root:TEST measures for class 1 - precision 0.8680 - recall 1.0000 - f1 0.9293 
INFO:root:TEST measures@10 microavg - precision 0.8777 - recall 0.2983 - f1 0.4453 
INFO:root:TEST measures@10 for class 0 - precision 0.0000 - recall 0.0000 - f1 0.0000 
INFO:root:TEST measures@10 for class 1 - precision 0.8777 - recall 0.3437 - f1 0.4939 
INFO:root:TEST measures@100 microavg - precision 0.8673 - recall 0.8631 - f1 0.8652 
INFO:root:TEST measures@100 for class 0 - precision 0.0000 - recall 0.0000 - f1 0.0000 
INFO:root:TEST measures@100 for class 1 - precision 0.8673 - recall 0.9944 - f1 0.9265 
INFO:root:TEST measures@1000 microavg - precision 0.8680 - recall 0.8680 - f1 0.8680 
INFO:root:TEST measures@1000 for class 0 - precision 0.0000 - recall 0.0000 - f1 0.0000 
INFO:root:TEST measures@1000 for class 1 - precision 0.8680 - recall 1.0000 - f1 0.9293 
INFO:root:TEST Total epoch time: 3.7703653778880835
INFO:root:################ TRAIN epoch 9 ###################
INFO:root:TRAIN mean losses tensor(0.1470, device='cuda:0')
INFO:root:TRAIN mean errors 0.08715789765119553
INFO:root:TRAIN mean MRR 0.0 - mean MAP 0.9380969443300904
INFO:root:TRAIN tp {0: tensor(0, device='cuda:0'), 1: tensor(26016, device='cuda:0')},fn {0: tensor(2484, device='cuda:0'), 1: tensor(0, device='cuda:0')},fp {0: tensor(0, device='cuda:0'), 1: tensor(2484, device='cuda:0')}
INFO:root:TRAIN measures microavg - precision 0.9128 - recall 0.9128 - f1 0.9128 
INFO:root:TRAIN measures for class 0 - precision 0.0000 - recall 0.0000 - f1 0.0000 
INFO:root:TRAIN measures for class 1 - precision 0.9128 - recall 1.0000 - f1 0.9544 
INFO:root:TRAIN measures@10 microavg - precision 0.9694 - recall 0.0289 - f1 0.0561 
INFO:root:TRAIN measures@10 for class 0 - precision 0.0000 - recall 0.0000 - f1 0.0000 
INFO:root:TRAIN measures@10 for class 1 - precision 0.9694 - recall 0.0317 - f1 0.0613 
INFO:root:TRAIN measures@100 microavg - precision 0.9346 - recall 0.2787 - f1 0.4294 
INFO:root:TRAIN measures@100 for class 0 - precision 0.0000 - recall 0.0000 - f1 0.0000 
INFO:root:TRAIN measures@100 for class 1 - precision 0.9346 - recall 0.3054 - f1 0.4603 
INFO:root:TRAIN measures@1000 microavg - precision 0.9112 - recall 0.8810 - f1 0.8959 
INFO:root:TRAIN measures@1000 for class 0 - precision 0.0000 - recall 0.0000 - f1 0.0000 
INFO:root:TRAIN measures@1000 for class 1 - precision 0.9112 - recall 0.9651 - f1 0.9374 
INFO:root:TRAIN Total epoch time: 16.44308180641383
INFO:root:################ VALID epoch 9 ###################
INFO:root:VALID mean losses tensor(0.3519, device='cuda:0')
INFO:root:VALID mean errors 0.20985010266304016
INFO:root:VALID mean MRR 0.0 - mean MAP 0.8160564538394356
INFO:root:VALID tp {0: tensor(0, device='cuda:0'), 1: tensor(1476, device='cuda:0')},fn {0: tensor(346, device='cuda:0'), 1: tensor(46, device='cuda:0')},fp {0: tensor(46, device='cuda:0'), 1: tensor(346, device='cuda:0')}
INFO:root:VALID measures microavg - precision 0.7901 - recall 0.7901 - f1 0.7901 
INFO:root:VALID measures for class 0 - precision 0.0000 - recall 0.0000 - f1 0.0000 
INFO:root:VALID measures for class 1 - precision 0.8101 - recall 0.9698 - f1 0.8828 
INFO:root:VALID measures@10 microavg - precision 0.7143 - recall 0.0535 - f1 0.0996 
INFO:root:VALID measures@10 for class 0 - precision 0.0000 - recall 0.0000 - f1 0.0000 
INFO:root:VALID measures@10 for class 1 - precision 0.7692 - recall 0.0657 - f1 0.1211 
INFO:root:VALID measures@100 microavg - precision 0.8054 - recall 0.5717 - f1 0.6688 
INFO:root:VALID measures@100 for class 0 - precision 0.0000 - recall 0.0000 - f1 0.0000 
INFO:root:VALID measures@100 for class 1 - precision 0.8344 - recall 0.7017 - f1 0.7623 
INFO:root:VALID measures@1000 microavg - precision 0.7901 - recall 0.7901 - f1 0.7901 
INFO:root:VALID measures@1000 for class 0 - precision 0.0000 - recall 0.0000 - f1 0.0000 
INFO:root:VALID measures@1000 for class 1 - precision 0.8101 - recall 0.9698 - f1 0.8828 
INFO:root:VALID Total epoch time: 1.959348869509995
INFO:root:################ TEST epoch 9 ###################
INFO:root:TEST batch 1 / 29 - partial error 0.2444 - partial loss 0.7169 - partial MRR  0.0000 - partial MAP 0.9198
INFO:root:TEST batch 1 / 29 -  partial tp {0: tensor(0, device='cuda:0'), 1: tensor(68, device='cuda:0')},fn {0: tensor(22, device='cuda:0'), 1: tensor(0, device='cuda:0')},fp {0: tensor(0, device='cuda:0'), 1: tensor(22, device='cuda:0')}
INFO:root:TEST batch 1 / 29 - measures partial microavg - precision 0.7556 - recall 0.7556 - f1 0.7556 
INFO:root:TEST batch 1 / 29 - measures partial for class 0 - precision 0.0000 - recall 0.0000 - f1 0.0000 
INFO:root:TEST batch 1 / 29 - measures partial for class 1 - precision 0.7556 - recall 1.0000 - f1 0.8608 
INFO:root:TEST batch 1 / 29 - Batch time 0 
INFO:root:TEST batch 2 / 29 - partial error 0.2090 - partial loss 0.5714 - partial MRR  0.0000 - partial MAP 0.9162
INFO:root:TEST batch 2 / 29 -  partial tp {0: tensor(0, device='cuda:0'), 1: tensor(38, device='cuda:0')},fn {0: tensor(6, device='cuda:0'), 1: tensor(0, device='cuda:0')},fp {0: tensor(0, device='cuda:0'), 1: tensor(6, device='cuda:0')}
INFO:root:TEST batch 2 / 29 - measures partial microavg - precision 0.8636 - recall 0.8636 - f1 0.8636 
INFO:root:TEST batch 2 / 29 - measures partial for class 0 - precision 0.0000 - recall 0.0000 - f1 0.0000 
INFO:root:TEST batch 2 / 29 - measures partial for class 1 - precision 0.8636 - recall 1.0000 - f1 0.9268 
INFO:root:TEST batch 2 / 29 - Batch time 0 
INFO:root:TEST batch 3 / 29 - partial error 0.2500 - partial loss 1.3175 - partial MRR  0.0000 - partial MAP 0.8455
INFO:root:TEST batch 3 / 29 -  partial tp {0: tensor(0, device='cuda:0'), 1: tensor(14, device='cuda:0')},fn {0: tensor(12, device='cuda:0'), 1: tensor(0, device='cuda:0')},fp {0: tensor(0, device='cuda:0'), 1: tensor(12, device='cuda:0')}
INFO:root:TEST batch 3 / 29 - measures partial microavg - precision 0.5385 - recall 0.5385 - f1 0.5385 
INFO:root:TEST batch 3 / 29 - measures partial for class 0 - precision 0.0000 - recall 0.0000 - f1 0.0000 
INFO:root:TEST batch 3 / 29 - measures partial for class 1 - precision 0.5385 - recall 1.0000 - f1 0.7000 
INFO:root:TEST batch 3 / 29 - Batch time 0 
INFO:root:TEST batch 4 / 29 - partial error 0.2323 - partial loss 1.1640 - partial MRR  0.0000 - partial MAP 0.8453
INFO:root:TEST batch 4 / 29 -  partial tp {0: tensor(0, device='cuda:0'), 1: tensor(32, device='cuda:0')},fn {0: tensor(6, device='cuda:0'), 1: tensor(0, device='cuda:0')},fp {0: tensor(0, device='cuda:0'), 1: tensor(6, device='cuda:0')}
INFO:root:TEST batch 4 / 29 - measures partial microavg - precision 0.8421 - recall 0.8421 - f1 0.8421 
INFO:root:TEST batch 4 / 29 - measures partial for class 0 - precision 0.0000 - recall 0.0000 - f1 0.0000 
INFO:root:TEST batch 4 / 29 - measures partial for class 1 - precision 0.8421 - recall 1.0000 - f1 0.9143 
INFO:root:TEST batch 4 / 29 - Batch time 0 
INFO:root:TEST batch 5 / 29 - partial error 0.2202 - partial loss 0.9987 - partial MRR  0.0000 - partial MAP 0.8440
INFO:root:TEST batch 5 / 29 -  partial tp {0: tensor(0, device='cuda:0'), 1: tensor(18, device='cuda:0')},fn {0: tensor(2, device='cuda:0'), 1: tensor(0, device='cuda:0')},fp {0: tensor(0, device='cuda:0'), 1: tensor(2, device='cuda:0')}
INFO:root:TEST batch 5 / 29 - measures partial microavg - precision 0.9000 - recall 0.9000 - f1 0.9000 
INFO:root:TEST batch 5 / 29 - measures partial for class 0 - precision 0.0000 - recall 0.0000 - f1 0.0000 
INFO:root:TEST batch 5 / 29 - measures partial for class 1 - precision 0.9000 - recall 1.0000 - f1 0.9474 
INFO:root:TEST batch 5 / 29 - Batch time 0 
INFO:root:TEST batch 6 / 29 - partial error 0.2155 - partial loss 0.8749 - partial MRR  0.0000 - partial MAP 0.8520
INFO:root:TEST batch 6 / 29 -  partial tp {0: tensor(0, device='cuda:0'), 1: tensor(12, device='cuda:0')},fn {0: tensor(2, device='cuda:0'), 1: tensor(0, device='cuda:0')},fp {0: tensor(0, device='cuda:0'), 1: tensor(2, device='cuda:0')}
INFO:root:TEST batch 6 / 29 - measures partial microavg - precision 0.8571 - recall 0.8571 - f1 0.8571 
INFO:root:TEST batch 6 / 29 - measures partial for class 0 - precision 0.0000 - recall 0.0000 - f1 0.0000 
INFO:root:TEST batch 6 / 29 - measures partial for class 1 - precision 0.8571 - recall 1.0000 - f1 0.9231 
INFO:root:TEST batch 6 / 29 - Batch time 0 
INFO:root:TEST batch 7 / 29 - partial error 0.2114 - partial loss 0.8017 - partial MRR  0.0000 - partial MAP 0.8438
INFO:root:TEST batch 7 / 29 -  partial tp {0: tensor(0, device='cuda:0'), 1: tensor(12, device='cuda:0')},fn {0: tensor(2, device='cuda:0'), 1: tensor(0, device='cuda:0')},fp {0: tensor(0, device='cuda:0'), 1: tensor(2, device='cuda:0')}
INFO:root:TEST batch 7 / 29 - measures partial microavg - precision 0.8571 - recall 0.8571 - f1 0.8571 
INFO:root:TEST batch 7 / 29 - measures partial for class 0 - precision 0.0000 - recall 0.0000 - f1 0.0000 
INFO:root:TEST batch 7 / 29 - measures partial for class 1 - precision 0.8571 - recall 1.0000 - f1 0.9231 
INFO:root:TEST batch 7 / 29 - Batch time 0 
INFO:root:TEST batch 8 / 29 - partial error 0.1926 - partial loss 0.7022 - partial MRR  0.0000 - partial MAP 0.8577
INFO:root:TEST batch 8 / 29 -  partial tp {0: tensor(0, device='cuda:0'), 1: tensor(24, device='cuda:0')},fn {0: tensor(0, device='cuda:0'), 1: tensor(0, device='cuda:0')},fp {0: tensor(0, device='cuda:0'), 1: tensor(0, device='cuda:0')}
INFO:root:TEST batch 8 / 29 - measures partial microavg - precision 1.0000 - recall 1.0000 - f1 1.0000 
INFO:root:TEST batch 8 / 29 - measures partial for class 0 - precision 0.0000 - recall 0.0000 - f1 0.0000 
INFO:root:TEST batch 8 / 29 - measures partial for class 1 - precision 1.0000 - recall 1.0000 - f1 1.0000 
INFO:root:TEST batch 8 / 29 - Batch time 0 
INFO:root:TEST batch 9 / 29 - partial error 0.1871 - partial loss 0.6250 - partial MRR  0.0000 - partial MAP 0.8617
INFO:root:TEST batch 9 / 29 -  partial tp {0: tensor(0, device='cuda:0'), 1: tensor(8, device='cuda:0')},fn {0: tensor(0, device='cuda:0'), 1: tensor(0, device='cuda:0')},fp {0: tensor(0, device='cuda:0'), 1: tensor(0, device='cuda:0')}
INFO:root:TEST batch 9 / 29 - measures partial microavg - precision 1.0000 - recall 1.0000 - f1 1.0000 
INFO:root:TEST batch 9 / 29 - measures partial for class 0 - precision 0.0000 - recall 0.0000 - f1 0.0000 
INFO:root:TEST batch 9 / 29 - measures partial for class 1 - precision 1.0000 - recall 1.0000 - f1 1.0000 
INFO:root:TEST batch 9 / 29 - Batch time 0 
INFO:root:TEST batch 10 / 29 - partial error 0.1414 - partial loss 0.5691 - partial MRR  0.0000 - partial MAP 0.8988
INFO:root:TEST batch 10 / 29 -  partial tp {0: tensor(0, device='cuda:0'), 1: tensor(102, device='cuda:0')},fn {0: tensor(2, device='cuda:0'), 1: tensor(0, device='cuda:0')},fp {0: tensor(0, device='cuda:0'), 1: tensor(2, device='cuda:0')}
INFO:root:TEST batch 10 / 29 - measures partial microavg - precision 0.9808 - recall 0.9808 - f1 0.9808 
INFO:root:TEST batch 10 / 29 - measures partial for class 0 - precision 0.0000 - recall 0.0000 - f1 0.0000 
INFO:root:TEST batch 10 / 29 - measures partial for class 1 - precision 0.9808 - recall 1.0000 - f1 0.9903 
INFO:root:TEST batch 10 / 29 - Batch time 0 
INFO:root:TEST batch 11 / 29 - partial error 0.1381 - partial loss 0.5368 - partial MRR  0.0000 - partial MAP 0.9041
INFO:root:TEST batch 11 / 29 -  partial tp {0: tensor(0, device='cuda:0'), 1: tensor(34, device='cuda:0')},fn {0: tensor(4, device='cuda:0'), 1: tensor(0, device='cuda:0')},fp {0: tensor(0, device='cuda:0'), 1: tensor(4, device='cuda:0')}
INFO:root:TEST batch 11 / 29 - measures partial microavg - precision 0.8947 - recall 0.8947 - f1 0.8947 
INFO:root:TEST batch 11 / 29 - measures partial for class 0 - precision 0.0000 - recall 0.0000 - f1 0.0000 
INFO:root:TEST batch 11 / 29 - measures partial for class 1 - precision 0.8947 - recall 1.0000 - f1 0.9444 
INFO:root:TEST batch 11 / 29 - Batch time 0 
INFO:root:TEST batch 12 / 29 - partial error 0.1447 - partial loss 0.5186 - partial MRR  0.0000 - partial MAP 0.9029
INFO:root:TEST batch 12 / 29 -  partial tp {0: tensor(0, device='cuda:0'), 1: tensor(40, device='cuda:0')},fn {0: tensor(10, device='cuda:0'), 1: tensor(0, device='cuda:0')},fp {0: tensor(0, device='cuda:0'), 1: tensor(10, device='cuda:0')}
INFO:root:TEST batch 12 / 29 - measures partial microavg - precision 0.8000 - recall 0.8000 - f1 0.8000 
INFO:root:TEST batch 12 / 29 - measures partial for class 0 - precision 0.0000 - recall 0.0000 - f1 0.0000 
INFO:root:TEST batch 12 / 29 - measures partial for class 1 - precision 0.8000 - recall 1.0000 - f1 0.8889 
INFO:root:TEST batch 12 / 29 - Batch time 0 
INFO:root:TEST batch 13 / 29 - partial error 0.1494 - partial loss 0.5246 - partial MRR  0.0000 - partial MAP 0.8947
INFO:root:TEST batch 13 / 29 -  partial tp {0: tensor(0, device='cuda:0'), 1: tensor(8, device='cuda:0')},fn {0: tensor(4, device='cuda:0'), 1: tensor(0, device='cuda:0')},fp {0: tensor(0, device='cuda:0'), 1: tensor(4, device='cuda:0')}
INFO:root:TEST batch 13 / 29 - measures partial microavg - precision 0.6667 - recall 0.6667 - f1 0.6667 
INFO:root:TEST batch 13 / 29 - measures partial for class 0 - precision 0.0000 - recall 0.0000 - f1 0.0000 
INFO:root:TEST batch 13 / 29 - measures partial for class 1 - precision 0.6667 - recall 1.0000 - f1 0.8000 
INFO:root:TEST batch 13 / 29 - Batch time 0 
INFO:root:TEST batch 14 / 29 - partial error 0.1423 - partial loss 0.4945 - partial MRR  0.0000 - partial MAP 0.9013
INFO:root:TEST batch 14 / 29 -  partial tp {0: tensor(0, device='cuda:0'), 1: tensor(36, device='cuda:0')},fn {0: tensor(2, device='cuda:0'), 1: tensor(0, device='cuda:0')},fp {0: tensor(0, device='cuda:0'), 1: tensor(2, device='cuda:0')}
INFO:root:TEST batch 14 / 29 - measures partial microavg - precision 0.9474 - recall 0.9474 - f1 0.9474 
INFO:root:TEST batch 14 / 29 - measures partial for class 0 - precision 0.0000 - recall 0.0000 - f1 0.0000 
INFO:root:TEST batch 14 / 29 - measures partial for class 1 - precision 0.9474 - recall 1.0000 - f1 0.9730 
INFO:root:TEST batch 14 / 29 - Batch time 0 
INFO:root:TEST batch 15 / 29 - partial error 0.1350 - partial loss 0.4625 - partial MRR  0.0000 - partial MAP 0.9063
INFO:root:TEST batch 15 / 29 -  partial tp {0: tensor(0, device='cuda:0'), 1: tensor(28, device='cuda:0')},fn {0: tensor(0, device='cuda:0'), 1: tensor(0, device='cuda:0')},fp {0: tensor(0, device='cuda:0'), 1: tensor(0, device='cuda:0')}
INFO:root:TEST batch 15 / 29 - measures partial microavg - precision 1.0000 - recall 1.0000 - f1 1.0000 
INFO:root:TEST batch 15 / 29 - measures partial for class 0 - precision 0.0000 - recall 0.0000 - f1 0.0000 
INFO:root:TEST batch 15 / 29 - measures partial for class 1 - precision 1.0000 - recall 1.0000 - f1 1.0000 
INFO:root:TEST batch 15 / 29 - Batch time 0 
INFO:root:TEST batch 16 / 29 - partial error 0.1294 - partial loss 0.4354 - partial MRR  0.0000 - partial MAP 0.9102
INFO:root:TEST batch 16 / 29 -  partial tp {0: tensor(0, device='cuda:0'), 1: tensor(24, device='cuda:0')},fn {0: tensor(0, device='cuda:0'), 1: tensor(0, device='cuda:0')},fp {0: tensor(0, device='cuda:0'), 1: tensor(0, device='cuda:0')}
INFO:root:TEST batch 16 / 29 - measures partial microavg - precision 1.0000 - recall 1.0000 - f1 1.0000 
INFO:root:TEST batch 16 / 29 - measures partial for class 0 - precision 0.0000 - recall 0.0000 - f1 0.0000 
INFO:root:TEST batch 16 / 29 - measures partial for class 1 - precision 1.0000 - recall 1.0000 - f1 1.0000 
INFO:root:TEST batch 16 / 29 - Batch time 0 
INFO:root:TEST batch 17 / 29 - partial error 0.1279 - partial loss 0.4261 - partial MRR  0.0000 - partial MAP 0.9076
INFO:root:TEST batch 17 / 29 -  partial tp {0: tensor(0, device='cuda:0'), 1: tensor(20, device='cuda:0')},fn {0: tensor(2, device='cuda:0'), 1: tensor(0, device='cuda:0')},fp {0: tensor(0, device='cuda:0'), 1: tensor(2, device='cuda:0')}
INFO:root:TEST batch 17 / 29 - measures partial microavg - precision 0.9091 - recall 0.9091 - f1 0.9091 
INFO:root:TEST batch 17 / 29 - measures partial for class 0 - precision 0.0000 - recall 0.0000 - f1 0.0000 
INFO:root:TEST batch 17 / 29 - measures partial for class 1 - precision 0.9091 - recall 1.0000 - f1 0.9524 
INFO:root:TEST batch 17 / 29 - Batch time 0 
INFO:root:TEST batch 18 / 29 - partial error 0.1296 - partial loss 0.4280 - partial MRR  0.0000 - partial MAP 0.9064
INFO:root:TEST batch 18 / 29 -  partial tp {0: tensor(0, device='cuda:0'), 1: tensor(6, device='cuda:0')},fn {0: tensor(2, device='cuda:0'), 1: tensor(0, device='cuda:0')},fp {0: tensor(0, device='cuda:0'), 1: tensor(2, device='cuda:0')}
INFO:root:TEST batch 18 / 29 - measures partial microavg - precision 0.7500 - recall 0.7500 - f1 0.7500 
INFO:root:TEST batch 18 / 29 - measures partial for class 0 - precision 0.0000 - recall 0.0000 - f1 0.0000 
INFO:root:TEST batch 18 / 29 - measures partial for class 1 - precision 0.7500 - recall 1.0000 - f1 0.8571 
INFO:root:TEST batch 18 / 29 - Batch time 0 
INFO:root:TEST batch 19 / 29 - partial error 0.1274 - partial loss 0.4180 - partial MRR  0.0000 - partial MAP 0.9096
INFO:root:TEST batch 19 / 29 -  partial tp {0: tensor(0, device='cuda:0'), 1: tensor(24, device='cuda:0')},fn {0: tensor(2, device='cuda:0'), 1: tensor(0, device='cuda:0')},fp {0: tensor(0, device='cuda:0'), 1: tensor(2, device='cuda:0')}
INFO:root:TEST batch 19 / 29 - measures partial microavg - precision 0.9231 - recall 0.9231 - f1 0.9231 
INFO:root:TEST batch 19 / 29 - measures partial for class 0 - precision 0.0000 - recall 0.0000 - f1 0.0000 
INFO:root:TEST batch 19 / 29 - measures partial for class 1 - precision 0.9231 - recall 1.0000 - f1 0.9600 
INFO:root:TEST batch 19 / 29 - Batch time 0 
INFO:root:TEST batch 20 / 29 - partial error 0.1262 - partial loss 0.4084 - partial MRR  0.0000 - partial MAP 0.9120
INFO:root:TEST batch 20 / 29 -  partial tp {0: tensor(0, device='cuda:0'), 1: tensor(20, device='cuda:0')},fn {0: tensor(2, device='cuda:0'), 1: tensor(0, device='cuda:0')},fp {0: tensor(0, device='cuda:0'), 1: tensor(2, device='cuda:0')}
INFO:root:TEST batch 20 / 29 - measures partial microavg - precision 0.9091 - recall 0.9091 - f1 0.9091 
INFO:root:TEST batch 20 / 29 - measures partial for class 0 - precision 0.0000 - recall 0.0000 - f1 0.0000 
INFO:root:TEST batch 20 / 29 - measures partial for class 1 - precision 0.9091 - recall 1.0000 - f1 0.9524 
INFO:root:TEST batch 20 / 29 - Batch time 0 
INFO:root:TEST batch 21 / 29 - partial error 0.1250 - partial loss 0.4029 - partial MRR  0.0000 - partial MAP 0.9112
INFO:root:TEST batch 21 / 29 -  partial tp {0: tensor(0, device='cuda:0'), 1: tensor(20, device='cuda:0')},fn {0: tensor(2, device='cuda:0'), 1: tensor(0, device='cuda:0')},fp {0: tensor(0, device='cuda:0'), 1: tensor(2, device='cuda:0')}
INFO:root:TEST batch 21 / 29 - measures partial microavg - precision 0.9091 - recall 0.9091 - f1 0.9091 
INFO:root:TEST batch 21 / 29 - measures partial for class 0 - precision 0.0000 - recall 0.0000 - f1 0.0000 
INFO:root:TEST batch 21 / 29 - measures partial for class 1 - precision 0.9091 - recall 1.0000 - f1 0.9524 
INFO:root:TEST batch 21 / 29 - Batch time 0 
INFO:root:TEST batch 22 / 29 - partial error 0.1228 - partial loss 0.3856 - partial MRR  0.0000 - partial MAP 0.9127
INFO:root:TEST batch 22 / 29 -  partial tp {0: tensor(0, device='cuda:0'), 1: tensor(12, device='cuda:0')},fn {0: tensor(0, device='cuda:0'), 1: tensor(0, device='cuda:0')},fp {0: tensor(0, device='cuda:0'), 1: tensor(0, device='cuda:0')}
INFO:root:TEST batch 22 / 29 - measures partial microavg - precision 1.0000 - recall 1.0000 - f1 1.0000 
INFO:root:TEST batch 22 / 29 - measures partial for class 0 - precision 0.0000 - recall 0.0000 - f1 0.0000 
INFO:root:TEST batch 22 / 29 - measures partial for class 1 - precision 1.0000 - recall 1.0000 - f1 1.0000 
INFO:root:TEST batch 22 / 29 - Batch time 0 
INFO:root:TEST batch 23 / 29 - partial error 0.1218 - partial loss 0.3811 - partial MRR  0.0000 - partial MAP 0.9116
INFO:root:TEST batch 23 / 29 -  partial tp {0: tensor(0, device='cuda:0'), 1: tensor(20, device='cuda:0')},fn {0: tensor(2, device='cuda:0'), 1: tensor(0, device='cuda:0')},fp {0: tensor(0, device='cuda:0'), 1: tensor(2, device='cuda:0')}
INFO:root:TEST batch 23 / 29 - measures partial microavg - precision 0.9091 - recall 0.9091 - f1 0.9091 
INFO:root:TEST batch 23 / 29 - measures partial for class 0 - precision 0.0000 - recall 0.0000 - f1 0.0000 
INFO:root:TEST batch 23 / 29 - measures partial for class 1 - precision 0.9091 - recall 1.0000 - f1 0.9524 
INFO:root:TEST batch 23 / 29 - Batch time 0 
INFO:root:TEST batch 24 / 29 - partial error 0.1211 - partial loss 0.3680 - partial MRR  0.0000 - partial MAP 0.9121
INFO:root:TEST batch 24 / 29 -  partial tp {0: tensor(0, device='cuda:0'), 1: tensor(4, device='cuda:0')},fn {0: tensor(0, device='cuda:0'), 1: tensor(0, device='cuda:0')},fp {0: tensor(0, device='cuda:0'), 1: tensor(0, device='cuda:0')}
INFO:root:TEST batch 24 / 29 - measures partial microavg - precision 1.0000 - recall 1.0000 - f1 1.0000 
INFO:root:TEST batch 24 / 29 - measures partial for class 0 - precision 0.0000 - recall 0.0000 - f1 0.0000 
INFO:root:TEST batch 24 / 29 - measures partial for class 1 - precision 1.0000 - recall 1.0000 - f1 1.0000 
INFO:root:TEST batch 24 / 29 - Batch time 0 
INFO:root:TEST batch 25 / 29 - partial error 0.1198 - partial loss 0.3554 - partial MRR  0.0000 - partial MAP 0.9131
INFO:root:TEST batch 25 / 29 -  partial tp {0: tensor(0, device='cuda:0'), 1: tensor(8, device='cuda:0')},fn {0: tensor(0, device='cuda:0'), 1: tensor(0, device='cuda:0')},fp {0: tensor(0, device='cuda:0'), 1: tensor(0, device='cuda:0')}
INFO:root:TEST batch 25 / 29 - measures partial microavg - precision 1.0000 - recall 1.0000 - f1 1.0000 
INFO:root:TEST batch 25 / 29 - measures partial for class 0 - precision 0.0000 - recall 0.0000 - f1 0.0000 
INFO:root:TEST batch 25 / 29 - measures partial for class 1 - precision 1.0000 - recall 1.0000 - f1 1.0000 
INFO:root:TEST batch 25 / 29 - Batch time 0 
INFO:root:TEST batch 26 / 29 - partial error 0.1205 - partial loss 0.3488 - partial MRR  0.0000 - partial MAP 0.9139
INFO:root:TEST batch 26 / 29 -  partial tp {0: tensor(0, device='cuda:0'), 1: tensor(10, device='cuda:0')},fn {0: tensor(2, device='cuda:0'), 1: tensor(0, device='cuda:0')},fp {0: tensor(0, device='cuda:0'), 1: tensor(2, device='cuda:0')}
INFO:root:TEST batch 26 / 29 - measures partial microavg - precision 0.8333 - recall 0.8333 - f1 0.8333 
INFO:root:TEST batch 26 / 29 - measures partial for class 0 - precision 0.0000 - recall 0.0000 - f1 0.0000 
INFO:root:TEST batch 26 / 29 - measures partial for class 1 - precision 0.8333 - recall 1.0000 - f1 0.9091 
INFO:root:TEST batch 26 / 29 - Batch time 0 
INFO:root:TEST batch 27 / 29 - partial error 0.1339 - partial loss 0.3502 - partial MRR  0.0000 - partial MAP 0.9014
INFO:root:TEST batch 27 / 29 -  partial tp {0: tensor(0, device='cuda:0'), 1: tensor(18, device='cuda:0')},fn {0: tensor(14, device='cuda:0'), 1: tensor(0, device='cuda:0')},fp {0: tensor(0, device='cuda:0'), 1: tensor(14, device='cuda:0')}
INFO:root:TEST batch 27 / 29 - measures partial microavg - precision 0.5625 - recall 0.5625 - f1 0.5625 
INFO:root:TEST batch 27 / 29 - measures partial for class 0 - precision 0.0000 - recall 0.0000 - f1 0.0000 
INFO:root:TEST batch 27 / 29 - measures partial for class 1 - precision 0.5625 - recall 1.0000 - f1 0.7200 
INFO:root:TEST batch 27 / 29 - Batch time 0 
INFO:root:TEST batch 28 / 29 - partial error 0.1335 - partial loss 0.3443 - partial MRR  0.0000 - partial MAP 0.8989
INFO:root:TEST batch 28 / 29 -  partial tp {0: tensor(0, device='cuda:0'), 1: tensor(28, device='cuda:0')},fn {0: tensor(4, device='cuda:0'), 1: tensor(0, device='cuda:0')},fp {0: tensor(0, device='cuda:0'), 1: tensor(4, device='cuda:0')}
INFO:root:TEST batch 28 / 29 - measures partial microavg - precision 0.8750 - recall 0.8750 - f1 0.8750 
INFO:root:TEST batch 28 / 29 - measures partial for class 0 - precision 0.0000 - recall 0.0000 - f1 0.0000 
INFO:root:TEST batch 28 / 29 - measures partial for class 1 - precision 0.8750 - recall 1.0000 - f1 0.9333 
INFO:root:TEST batch 28 / 29 - Batch time 0 
INFO:root:TEST batch 29 / 29 - partial error 0.1320 - partial loss 0.3374 - partial MRR  0.0000 - partial MAP 0.9016
INFO:root:TEST batch 29 / 29 -  partial tp {0: tensor(0, device='cuda:0'), 1: tensor(22, device='cuda:0')},fn {0: tensor(2, device='cuda:0'), 1: tensor(0, device='cuda:0')},fp {0: tensor(0, device='cuda:0'), 1: tensor(2, device='cuda:0')}
INFO:root:TEST batch 29 / 29 - measures partial microavg - precision 0.9167 - recall 0.9167 - f1 0.9167 
INFO:root:TEST batch 29 / 29 - measures partial for class 0 - precision 0.0000 - recall 0.0000 - f1 0.0000 
INFO:root:TEST batch 29 / 29 - measures partial for class 1 - precision 0.9167 - recall 1.0000 - f1 0.9565 
INFO:root:TEST batch 29 / 29 - Batch time 0 
INFO:root:TEST mean losses tensor(0.3374, device='cuda:0')
INFO:root:TEST mean errors 0.13202933967113495
INFO:root:TEST mean MRR 0.0 - mean MAP 0.9016044744439841
INFO:root:TEST tp {0: tensor(0, device='cuda:0'), 1: tensor(710, device='cuda:0')},fn {0: tensor(108, device='cuda:0'), 1: tensor(0, device='cuda:0')},fp {0: tensor(0, device='cuda:0'), 1: tensor(108, device='cuda:0')}
INFO:root:TEST measures microavg - precision 0.8680 - recall 0.8680 - f1 0.8680 
INFO:root:TEST measures for class 0 - precision 0.0000 - recall 0.0000 - f1 0.0000 
INFO:root:TEST measures for class 1 - precision 0.8680 - recall 1.0000 - f1 0.9293 
INFO:root:TEST measures@10 microavg - precision 0.8777 - recall 0.2983 - f1 0.4453 
INFO:root:TEST measures@10 for class 0 - precision 0.0000 - recall 0.0000 - f1 0.0000 
INFO:root:TEST measures@10 for class 1 - precision 0.8777 - recall 0.3437 - f1 0.4939 
INFO:root:TEST measures@100 microavg - precision 0.8673 - recall 0.8631 - f1 0.8652 
INFO:root:TEST measures@100 for class 0 - precision 0.0000 - recall 0.0000 - f1 0.0000 
INFO:root:TEST measures@100 for class 1 - precision 0.8673 - recall 0.9944 - f1 0.9265 
INFO:root:TEST measures@1000 microavg - precision 0.8680 - recall 0.8680 - f1 0.8680 
INFO:root:TEST measures@1000 for class 0 - precision 0.0000 - recall 0.0000 - f1 0.0000 
INFO:root:TEST measures@1000 for class 1 - precision 0.8680 - recall 1.0000 - f1 0.9293 
INFO:root:TEST Total epoch time: 3.8162720343098044
INFO:root:################ TRAIN epoch 10 ###################
INFO:root:TRAIN mean losses tensor(0.1495, device='cuda:0')
INFO:root:TRAIN mean errors 0.10126315802335739
INFO:root:TRAIN mean MRR 0.0 - mean MAP 0.9375928138137545
INFO:root:TRAIN tp {0: tensor(16, device='cuda:0'), 1: tensor(25598, device='cuda:0')},fn {0: tensor(2468, device='cuda:0'), 1: tensor(418, device='cuda:0')},fp {0: tensor(418, device='cuda:0'), 1: tensor(2468, device='cuda:0')}
INFO:root:TRAIN measures microavg - precision 0.8987 - recall 0.8987 - f1 0.8987 
INFO:root:TRAIN measures for class 0 - precision 0.0369 - recall 0.0064 - f1 0.0110 
INFO:root:TRAIN measures for class 1 - precision 0.9121 - recall 0.9839 - f1 0.9466 
INFO:root:TRAIN measures@10 microavg - precision 0.8819 - recall 0.0291 - f1 0.0563 
INFO:root:TRAIN measures@10 for class 0 - precision 0.0444 - recall 0.0016 - f1 0.0031 
INFO:root:TRAIN measures@10 for class 1 - precision 0.9706 - recall 0.0317 - f1 0.0614 
INFO:root:TRAIN measures@100 microavg - precision 0.8910 - recall 0.2793 - f1 0.4253 
INFO:root:TRAIN measures@100 for class 0 - precision 0.0369 - recall 0.0064 - f1 0.0110 
INFO:root:TRAIN measures@100 for class 1 - precision 0.9346 - recall 0.3054 - f1 0.4603 
INFO:root:TRAIN measures@1000 microavg - precision 0.8964 - recall 0.8667 - f1 0.8813 
INFO:root:TRAIN measures@1000 for class 0 - precision 0.0369 - recall 0.0064 - f1 0.0110 
INFO:root:TRAIN measures@1000 for class 1 - precision 0.9102 - recall 0.9488 - f1 0.9291 
INFO:root:TRAIN Total epoch time: 16.471103948540986
INFO:root:################ VALID epoch 10 ###################
INFO:root:VALID mean losses tensor(0.3848, device='cuda:0')
INFO:root:VALID mean errors 0.18522484600543976
INFO:root:VALID mean MRR 0.0 - mean MAP 0.811036591082764
INFO:root:VALID tp {0: tensor(0, device='cuda:0'), 1: tensor(1522, device='cuda:0')},fn {0: tensor(346, device='cuda:0'), 1: tensor(0, device='cuda:0')},fp {0: tensor(0, device='cuda:0'), 1: tensor(346, device='cuda:0')}
INFO:root:VALID measures microavg - precision 0.8148 - recall 0.8148 - f1 0.8148 
INFO:root:VALID measures for class 0 - precision 0.0000 - recall 0.0000 - f1 0.0000 
INFO:root:VALID measures for class 1 - precision 0.8148 - recall 1.0000 - f1 0.8979 
INFO:root:VALID measures@10 microavg - precision 0.7846 - recall 0.0546 - f1 0.1021 
INFO:root:VALID measures@10 for class 0 - precision 0.0000 - recall 0.0000 - f1 0.0000 
INFO:root:VALID measures@10 for class 1 - precision 0.7846 - recall 0.0670 - f1 0.1235 
INFO:root:VALID measures@100 microavg - precision 0.8320 - recall 0.5701 - f1 0.6766 
INFO:root:VALID measures@100 for class 0 - precision 0.0000 - recall 0.0000 - f1 0.0000 
INFO:root:VALID measures@100 for class 1 - precision 0.8320 - recall 0.6997 - f1 0.7602 
INFO:root:VALID measures@1000 microavg - precision 0.8148 - recall 0.8148 - f1 0.8148 
INFO:root:VALID measures@1000 for class 0 - precision 0.0000 - recall 0.0000 - f1 0.0000 
INFO:root:VALID measures@1000 for class 1 - precision 0.8148 - recall 1.0000 - f1 0.8979 
INFO:root:VALID Total epoch time: 1.8907950380817056
INFO:root:################ TEST epoch 10 ###################
INFO:root:TEST batch 1 / 29 - partial error 0.2444 - partial loss 0.6988 - partial MRR  0.0000 - partial MAP 0.8957
INFO:root:TEST batch 1 / 29 -  partial tp {0: tensor(0, device='cuda:0'), 1: tensor(68, device='cuda:0')},fn {0: tensor(22, device='cuda:0'), 1: tensor(0, device='cuda:0')},fp {0: tensor(0, device='cuda:0'), 1: tensor(22, device='cuda:0')}
INFO:root:TEST batch 1 / 29 - measures partial microavg - precision 0.7556 - recall 0.7556 - f1 0.7556 
INFO:root:TEST batch 1 / 29 - measures partial for class 0 - precision 0.0000 - recall 0.0000 - f1 0.0000 
INFO:root:TEST batch 1 / 29 - measures partial for class 1 - precision 0.7556 - recall 1.0000 - f1 0.8608 
INFO:root:TEST batch 1 / 29 - Batch time 0 
INFO:root:TEST batch 2 / 29 - partial error 0.2090 - partial loss 0.5446 - partial MRR  0.0000 - partial MAP 0.8874
INFO:root:TEST batch 2 / 29 -  partial tp {0: tensor(0, device='cuda:0'), 1: tensor(38, device='cuda:0')},fn {0: tensor(6, device='cuda:0'), 1: tensor(0, device='cuda:0')},fp {0: tensor(0, device='cuda:0'), 1: tensor(6, device='cuda:0')}
INFO:root:TEST batch 2 / 29 - measures partial microavg - precision 0.8636 - recall 0.8636 - f1 0.8636 
INFO:root:TEST batch 2 / 29 - measures partial for class 0 - precision 0.0000 - recall 0.0000 - f1 0.0000 
INFO:root:TEST batch 2 / 29 - measures partial for class 1 - precision 0.8636 - recall 1.0000 - f1 0.9268 
INFO:root:TEST batch 2 / 29 - Batch time 0 
INFO:root:TEST batch 3 / 29 - partial error 0.2500 - partial loss 1.0597 - partial MRR  0.0000 - partial MAP 0.8204
INFO:root:TEST batch 3 / 29 -  partial tp {0: tensor(0, device='cuda:0'), 1: tensor(14, device='cuda:0')},fn {0: tensor(12, device='cuda:0'), 1: tensor(0, device='cuda:0')},fp {0: tensor(0, device='cuda:0'), 1: tensor(12, device='cuda:0')}
INFO:root:TEST batch 3 / 29 - measures partial microavg - precision 0.5385 - recall 0.5385 - f1 0.5385 
INFO:root:TEST batch 3 / 29 - measures partial for class 0 - precision 0.0000 - recall 0.0000 - f1 0.0000 
INFO:root:TEST batch 3 / 29 - measures partial for class 1 - precision 0.5385 - recall 1.0000 - f1 0.7000 
INFO:root:TEST batch 3 / 29 - Batch time 0 
INFO:root:TEST batch 4 / 29 - partial error 0.2323 - partial loss 0.9223 - partial MRR  0.0000 - partial MAP 0.8262
INFO:root:TEST batch 4 / 29 -  partial tp {0: tensor(0, device='cuda:0'), 1: tensor(32, device='cuda:0')},fn {0: tensor(6, device='cuda:0'), 1: tensor(0, device='cuda:0')},fp {0: tensor(0, device='cuda:0'), 1: tensor(6, device='cuda:0')}
INFO:root:TEST batch 4 / 29 - measures partial microavg - precision 0.8421 - recall 0.8421 - f1 0.8421 
INFO:root:TEST batch 4 / 29 - measures partial for class 0 - precision 0.0000 - recall 0.0000 - f1 0.0000 
INFO:root:TEST batch 4 / 29 - measures partial for class 1 - precision 0.8421 - recall 1.0000 - f1 0.9143 
INFO:root:TEST batch 4 / 29 - Batch time 0 
INFO:root:TEST batch 5 / 29 - partial error 0.2202 - partial loss 0.8059 - partial MRR  0.0000 - partial MAP 0.8208
INFO:root:TEST batch 5 / 29 -  partial tp {0: tensor(0, device='cuda:0'), 1: tensor(18, device='cuda:0')},fn {0: tensor(2, device='cuda:0'), 1: tensor(0, device='cuda:0')},fp {0: tensor(0, device='cuda:0'), 1: tensor(2, device='cuda:0')}
INFO:root:TEST batch 5 / 29 - measures partial microavg - precision 0.9000 - recall 0.9000 - f1 0.9000 
INFO:root:TEST batch 5 / 29 - measures partial for class 0 - precision 0.0000 - recall 0.0000 - f1 0.0000 
INFO:root:TEST batch 5 / 29 - measures partial for class 1 - precision 0.9000 - recall 1.0000 - f1 0.9474 
INFO:root:TEST batch 5 / 29 - Batch time 0 
INFO:root:TEST batch 6 / 29 - partial error 0.2155 - partial loss 0.7167 - partial MRR  0.0000 - partial MAP 0.8316
INFO:root:TEST batch 6 / 29 -  partial tp {0: tensor(0, device='cuda:0'), 1: tensor(12, device='cuda:0')},fn {0: tensor(2, device='cuda:0'), 1: tensor(0, device='cuda:0')},fp {0: tensor(0, device='cuda:0'), 1: tensor(2, device='cuda:0')}
INFO:root:TEST batch 6 / 29 - measures partial microavg - precision 0.8571 - recall 0.8571 - f1 0.8571 
INFO:root:TEST batch 6 / 29 - measures partial for class 0 - precision 0.0000 - recall 0.0000 - f1 0.0000 
INFO:root:TEST batch 6 / 29 - measures partial for class 1 - precision 0.8571 - recall 1.0000 - f1 0.9231 
INFO:root:TEST batch 6 / 29 - Batch time 0 
INFO:root:TEST batch 7 / 29 - partial error 0.2114 - partial loss 0.6650 - partial MRR  0.0000 - partial MAP 0.8336
INFO:root:TEST batch 7 / 29 -  partial tp {0: tensor(0, device='cuda:0'), 1: tensor(12, device='cuda:0')},fn {0: tensor(2, device='cuda:0'), 1: tensor(0, device='cuda:0')},fp {0: tensor(0, device='cuda:0'), 1: tensor(2, device='cuda:0')}
INFO:root:TEST batch 7 / 29 - measures partial microavg - precision 0.8571 - recall 0.8571 - f1 0.8571 
INFO:root:TEST batch 7 / 29 - measures partial for class 0 - precision 0.0000 - recall 0.0000 - f1 0.0000 
INFO:root:TEST batch 7 / 29 - measures partial for class 1 - precision 0.8571 - recall 1.0000 - f1 0.9231 
INFO:root:TEST batch 7 / 29 - Batch time 0 
INFO:root:TEST batch 8 / 29 - partial error 0.1926 - partial loss 0.5835 - partial MRR  0.0000 - partial MAP 0.8484
INFO:root:TEST batch 8 / 29 -  partial tp {0: tensor(0, device='cuda:0'), 1: tensor(24, device='cuda:0')},fn {0: tensor(0, device='cuda:0'), 1: tensor(0, device='cuda:0')},fp {0: tensor(0, device='cuda:0'), 1: tensor(0, device='cuda:0')}
INFO:root:TEST batch 8 / 29 - measures partial microavg - precision 1.0000 - recall 1.0000 - f1 1.0000 
INFO:root:TEST batch 8 / 29 - measures partial for class 0 - precision 0.0000 - recall 0.0000 - f1 0.0000 
INFO:root:TEST batch 8 / 29 - measures partial for class 1 - precision 1.0000 - recall 1.0000 - f1 1.0000 
INFO:root:TEST batch 8 / 29 - Batch time 0 
INFO:root:TEST batch 9 / 29 - partial error 0.1871 - partial loss 0.5192 - partial MRR  0.0000 - partial MAP 0.8527
INFO:root:TEST batch 9 / 29 -  partial tp {0: tensor(0, device='cuda:0'), 1: tensor(8, device='cuda:0')},fn {0: tensor(0, device='cuda:0'), 1: tensor(0, device='cuda:0')},fp {0: tensor(0, device='cuda:0'), 1: tensor(0, device='cuda:0')}
INFO:root:TEST batch 9 / 29 - measures partial microavg - precision 1.0000 - recall 1.0000 - f1 1.0000 
INFO:root:TEST batch 9 / 29 - measures partial for class 0 - precision 0.0000 - recall 0.0000 - f1 0.0000 
INFO:root:TEST batch 9 / 29 - measures partial for class 1 - precision 1.0000 - recall 1.0000 - f1 1.0000 
INFO:root:TEST batch 9 / 29 - Batch time 0 
INFO:root:TEST batch 10 / 29 - partial error 0.1414 - partial loss 0.4724 - partial MRR  0.0000 - partial MAP 0.8926
INFO:root:TEST batch 10 / 29 -  partial tp {0: tensor(0, device='cuda:0'), 1: tensor(102, device='cuda:0')},fn {0: tensor(2, device='cuda:0'), 1: tensor(0, device='cuda:0')},fp {0: tensor(0, device='cuda:0'), 1: tensor(2, device='cuda:0')}
INFO:root:TEST batch 10 / 29 - measures partial microavg - precision 0.9808 - recall 0.9808 - f1 0.9808 
INFO:root:TEST batch 10 / 29 - measures partial for class 0 - precision 0.0000 - recall 0.0000 - f1 0.0000 
INFO:root:TEST batch 10 / 29 - measures partial for class 1 - precision 0.9808 - recall 1.0000 - f1 0.9903 
INFO:root:TEST batch 10 / 29 - Batch time 0 
INFO:root:TEST batch 11 / 29 - partial error 0.1381 - partial loss 0.4471 - partial MRR  0.0000 - partial MAP 0.8929
INFO:root:TEST batch 11 / 29 -  partial tp {0: tensor(0, device='cuda:0'), 1: tensor(34, device='cuda:0')},fn {0: tensor(4, device='cuda:0'), 1: tensor(0, device='cuda:0')},fp {0: tensor(0, device='cuda:0'), 1: tensor(4, device='cuda:0')}
INFO:root:TEST batch 11 / 29 - measures partial microavg - precision 0.8947 - recall 0.8947 - f1 0.8947 
INFO:root:TEST batch 11 / 29 - measures partial for class 0 - precision 0.0000 - recall 0.0000 - f1 0.0000 
INFO:root:TEST batch 11 / 29 - measures partial for class 1 - precision 0.8947 - recall 1.0000 - f1 0.9444 
INFO:root:TEST batch 11 / 29 - Batch time 0 
INFO:root:TEST batch 12 / 29 - partial error 0.1447 - partial loss 0.4339 - partial MRR  0.0000 - partial MAP 0.8923
INFO:root:TEST batch 12 / 29 -  partial tp {0: tensor(0, device='cuda:0'), 1: tensor(40, device='cuda:0')},fn {0: tensor(10, device='cuda:0'), 1: tensor(0, device='cuda:0')},fp {0: tensor(0, device='cuda:0'), 1: tensor(10, device='cuda:0')}
INFO:root:TEST batch 12 / 29 - measures partial microavg - precision 0.8000 - recall 0.8000 - f1 0.8000 
INFO:root:TEST batch 12 / 29 - measures partial for class 0 - precision 0.0000 - recall 0.0000 - f1 0.0000 
INFO:root:TEST batch 12 / 29 - measures partial for class 1 - precision 0.8000 - recall 1.0000 - f1 0.8889 
INFO:root:TEST batch 12 / 29 - Batch time 0 
INFO:root:TEST batch 13 / 29 - partial error 0.1494 - partial loss 0.4402 - partial MRR  0.0000 - partial MAP 0.8879
INFO:root:TEST batch 13 / 29 -  partial tp {0: tensor(0, device='cuda:0'), 1: tensor(8, device='cuda:0')},fn {0: tensor(4, device='cuda:0'), 1: tensor(0, device='cuda:0')},fp {0: tensor(0, device='cuda:0'), 1: tensor(4, device='cuda:0')}
INFO:root:TEST batch 13 / 29 - measures partial microavg - precision 0.6667 - recall 0.6667 - f1 0.6667 
INFO:root:TEST batch 13 / 29 - measures partial for class 0 - precision 0.0000 - recall 0.0000 - f1 0.0000 
INFO:root:TEST batch 13 / 29 - measures partial for class 1 - precision 0.6667 - recall 1.0000 - f1 0.8000 
INFO:root:TEST batch 13 / 29 - Batch time 0 
INFO:root:TEST batch 14 / 29 - partial error 0.1423 - partial loss 0.4157 - partial MRR  0.0000 - partial MAP 0.8959
INFO:root:TEST batch 14 / 29 -  partial tp {0: tensor(0, device='cuda:0'), 1: tensor(36, device='cuda:0')},fn {0: tensor(2, device='cuda:0'), 1: tensor(0, device='cuda:0')},fp {0: tensor(0, device='cuda:0'), 1: tensor(2, device='cuda:0')}
INFO:root:TEST batch 14 / 29 - measures partial microavg - precision 0.9474 - recall 0.9474 - f1 0.9474 
INFO:root:TEST batch 14 / 29 - measures partial for class 0 - precision 0.0000 - recall 0.0000 - f1 0.0000 
INFO:root:TEST batch 14 / 29 - measures partial for class 1 - precision 0.9474 - recall 1.0000 - f1 0.9730 
INFO:root:TEST batch 14 / 29 - Batch time 0 
INFO:root:TEST batch 15 / 29 - partial error 0.1350 - partial loss 0.3897 - partial MRR  0.0000 - partial MAP 0.9012
INFO:root:TEST batch 15 / 29 -  partial tp {0: tensor(0, device='cuda:0'), 1: tensor(28, device='cuda:0')},fn {0: tensor(0, device='cuda:0'), 1: tensor(0, device='cuda:0')},fp {0: tensor(0, device='cuda:0'), 1: tensor(0, device='cuda:0')}
INFO:root:TEST batch 15 / 29 - measures partial microavg - precision 1.0000 - recall 1.0000 - f1 1.0000 
INFO:root:TEST batch 15 / 29 - measures partial for class 0 - precision 0.0000 - recall 0.0000 - f1 0.0000 
INFO:root:TEST batch 15 / 29 - measures partial for class 1 - precision 1.0000 - recall 1.0000 - f1 1.0000 
INFO:root:TEST batch 15 / 29 - Batch time 0 
INFO:root:TEST batch 16 / 29 - partial error 0.1294 - partial loss 0.3673 - partial MRR  0.0000 - partial MAP 0.9054
INFO:root:TEST batch 16 / 29 -  partial tp {0: tensor(0, device='cuda:0'), 1: tensor(24, device='cuda:0')},fn {0: tensor(0, device='cuda:0'), 1: tensor(0, device='cuda:0')},fp {0: tensor(0, device='cuda:0'), 1: tensor(0, device='cuda:0')}
INFO:root:TEST batch 16 / 29 - measures partial microavg - precision 1.0000 - recall 1.0000 - f1 1.0000 
INFO:root:TEST batch 16 / 29 - measures partial for class 0 - precision 0.0000 - recall 0.0000 - f1 0.0000 
INFO:root:TEST batch 16 / 29 - measures partial for class 1 - precision 1.0000 - recall 1.0000 - f1 1.0000 
INFO:root:TEST batch 16 / 29 - Batch time 0 
INFO:root:TEST batch 17 / 29 - partial error 0.1279 - partial loss 0.3605 - partial MRR  0.0000 - partial MAP 0.9029
INFO:root:TEST batch 17 / 29 -  partial tp {0: tensor(0, device='cuda:0'), 1: tensor(20, device='cuda:0')},fn {0: tensor(2, device='cuda:0'), 1: tensor(0, device='cuda:0')},fp {0: tensor(0, device='cuda:0'), 1: tensor(2, device='cuda:0')}
INFO:root:TEST batch 17 / 29 - measures partial microavg - precision 0.9091 - recall 0.9091 - f1 0.9091 
INFO:root:TEST batch 17 / 29 - measures partial for class 0 - precision 0.0000 - recall 0.0000 - f1 0.0000 
INFO:root:TEST batch 17 / 29 - measures partial for class 1 - precision 0.9091 - recall 1.0000 - f1 0.9524 
INFO:root:TEST batch 17 / 29 - Batch time 0 
INFO:root:TEST batch 18 / 29 - partial error 0.1296 - partial loss 0.3660 - partial MRR  0.0000 - partial MAP 0.9030
INFO:root:TEST batch 18 / 29 -  partial tp {0: tensor(0, device='cuda:0'), 1: tensor(6, device='cuda:0')},fn {0: tensor(2, device='cuda:0'), 1: tensor(0, device='cuda:0')},fp {0: tensor(0, device='cuda:0'), 1: tensor(2, device='cuda:0')}
INFO:root:TEST batch 18 / 29 - measures partial microavg - precision 0.7500 - recall 0.7500 - f1 0.7500 
INFO:root:TEST batch 18 / 29 - measures partial for class 0 - precision 0.0000 - recall 0.0000 - f1 0.0000 
INFO:root:TEST batch 18 / 29 - measures partial for class 1 - precision 0.7500 - recall 1.0000 - f1 0.8571 
INFO:root:TEST batch 18 / 29 - Batch time 0 
INFO:root:TEST batch 19 / 29 - partial error 0.1274 - partial loss 0.3556 - partial MRR  0.0000 - partial MAP 0.9068
INFO:root:TEST batch 19 / 29 -  partial tp {0: tensor(0, device='cuda:0'), 1: tensor(24, device='cuda:0')},fn {0: tensor(2, device='cuda:0'), 1: tensor(0, device='cuda:0')},fp {0: tensor(0, device='cuda:0'), 1: tensor(2, device='cuda:0')}
INFO:root:TEST batch 19 / 29 - measures partial microavg - precision 0.9231 - recall 0.9231 - f1 0.9231 
INFO:root:TEST batch 19 / 29 - measures partial for class 0 - precision 0.0000 - recall 0.0000 - f1 0.0000 
INFO:root:TEST batch 19 / 29 - measures partial for class 1 - precision 0.9231 - recall 1.0000 - f1 0.9600 
INFO:root:TEST batch 19 / 29 - Batch time 0 
INFO:root:TEST batch 20 / 29 - partial error 0.1262 - partial loss 0.3480 - partial MRR  0.0000 - partial MAP 0.9073
INFO:root:TEST batch 20 / 29 -  partial tp {0: tensor(0, device='cuda:0'), 1: tensor(20, device='cuda:0')},fn {0: tensor(2, device='cuda:0'), 1: tensor(0, device='cuda:0')},fp {0: tensor(0, device='cuda:0'), 1: tensor(2, device='cuda:0')}
INFO:root:TEST batch 20 / 29 - measures partial microavg - precision 0.9091 - recall 0.9091 - f1 0.9091 
INFO:root:TEST batch 20 / 29 - measures partial for class 0 - precision 0.0000 - recall 0.0000 - f1 0.0000 
INFO:root:TEST batch 20 / 29 - measures partial for class 1 - precision 0.9091 - recall 1.0000 - f1 0.9524 
INFO:root:TEST batch 20 / 29 - Batch time 0 
INFO:root:TEST batch 21 / 29 - partial error 0.1250 - partial loss 0.3418 - partial MRR  0.0000 - partial MAP 0.9078
INFO:root:TEST batch 21 / 29 -  partial tp {0: tensor(0, device='cuda:0'), 1: tensor(20, device='cuda:0')},fn {0: tensor(2, device='cuda:0'), 1: tensor(0, device='cuda:0')},fp {0: tensor(0, device='cuda:0'), 1: tensor(2, device='cuda:0')}
INFO:root:TEST batch 21 / 29 - measures partial microavg - precision 0.9091 - recall 0.9091 - f1 0.9091 
INFO:root:TEST batch 21 / 29 - measures partial for class 0 - precision 0.0000 - recall 0.0000 - f1 0.0000 
INFO:root:TEST batch 21 / 29 - measures partial for class 1 - precision 0.9091 - recall 1.0000 - f1 0.9524 
INFO:root:TEST batch 21 / 29 - Batch time 0 
INFO:root:TEST batch 22 / 29 - partial error 0.1228 - partial loss 0.3276 - partial MRR  0.0000 - partial MAP 0.9094
INFO:root:TEST batch 22 / 29 -  partial tp {0: tensor(0, device='cuda:0'), 1: tensor(12, device='cuda:0')},fn {0: tensor(0, device='cuda:0'), 1: tensor(0, device='cuda:0')},fp {0: tensor(0, device='cuda:0'), 1: tensor(0, device='cuda:0')}
INFO:root:TEST batch 22 / 29 - measures partial microavg - precision 1.0000 - recall 1.0000 - f1 1.0000 
INFO:root:TEST batch 22 / 29 - measures partial for class 0 - precision 0.0000 - recall 0.0000 - f1 0.0000 
INFO:root:TEST batch 22 / 29 - measures partial for class 1 - precision 1.0000 - recall 1.0000 - f1 1.0000 
INFO:root:TEST batch 22 / 29 - Batch time 0 
INFO:root:TEST batch 23 / 29 - partial error 0.1218 - partial loss 0.3222 - partial MRR  0.0000 - partial MAP 0.9099
INFO:root:TEST batch 23 / 29 -  partial tp {0: tensor(0, device='cuda:0'), 1: tensor(20, device='cuda:0')},fn {0: tensor(2, device='cuda:0'), 1: tensor(0, device='cuda:0')},fp {0: tensor(0, device='cuda:0'), 1: tensor(2, device='cuda:0')}
INFO:root:TEST batch 23 / 29 - measures partial microavg - precision 0.9091 - recall 0.9091 - f1 0.9091 
INFO:root:TEST batch 23 / 29 - measures partial for class 0 - precision 0.0000 - recall 0.0000 - f1 0.0000 
INFO:root:TEST batch 23 / 29 - measures partial for class 1 - precision 0.9091 - recall 1.0000 - f1 0.9524 
INFO:root:TEST batch 23 / 29 - Batch time 0 
INFO:root:TEST batch 24 / 29 - partial error 0.1211 - partial loss 0.3111 - partial MRR  0.0000 - partial MAP 0.9104
INFO:root:TEST batch 24 / 29 -  partial tp {0: tensor(0, device='cuda:0'), 1: tensor(4, device='cuda:0')},fn {0: tensor(0, device='cuda:0'), 1: tensor(0, device='cuda:0')},fp {0: tensor(0, device='cuda:0'), 1: tensor(0, device='cuda:0')}
INFO:root:TEST batch 24 / 29 - measures partial microavg - precision 1.0000 - recall 1.0000 - f1 1.0000 
INFO:root:TEST batch 24 / 29 - measures partial for class 0 - precision 0.0000 - recall 0.0000 - f1 0.0000 
INFO:root:TEST batch 24 / 29 - measures partial for class 1 - precision 1.0000 - recall 1.0000 - f1 1.0000 
INFO:root:TEST batch 24 / 29 - Batch time 0 
INFO:root:TEST batch 25 / 29 - partial error 0.1198 - partial loss 0.3002 - partial MRR  0.0000 - partial MAP 0.9114
INFO:root:TEST batch 25 / 29 -  partial tp {0: tensor(0, device='cuda:0'), 1: tensor(8, device='cuda:0')},fn {0: tensor(0, device='cuda:0'), 1: tensor(0, device='cuda:0')},fp {0: tensor(0, device='cuda:0'), 1: tensor(0, device='cuda:0')}
INFO:root:TEST batch 25 / 29 - measures partial microavg - precision 1.0000 - recall 1.0000 - f1 1.0000 
INFO:root:TEST batch 25 / 29 - measures partial for class 0 - precision 0.0000 - recall 0.0000 - f1 0.0000 
INFO:root:TEST batch 25 / 29 - measures partial for class 1 - precision 1.0000 - recall 1.0000 - f1 1.0000 
INFO:root:TEST batch 25 / 29 - Batch time 0 
INFO:root:TEST batch 26 / 29 - partial error 0.1205 - partial loss 0.2963 - partial MRR  0.0000 - partial MAP 0.9107
INFO:root:TEST batch 26 / 29 -  partial tp {0: tensor(0, device='cuda:0'), 1: tensor(10, device='cuda:0')},fn {0: tensor(2, device='cuda:0'), 1: tensor(0, device='cuda:0')},fp {0: tensor(0, device='cuda:0'), 1: tensor(2, device='cuda:0')}
INFO:root:TEST batch 26 / 29 - measures partial microavg - precision 0.8333 - recall 0.8333 - f1 0.8333 
INFO:root:TEST batch 26 / 29 - measures partial for class 0 - precision 0.0000 - recall 0.0000 - f1 0.0000 
INFO:root:TEST batch 26 / 29 - measures partial for class 1 - precision 0.8333 - recall 1.0000 - f1 0.9091 
INFO:root:TEST batch 26 / 29 - Batch time 0 
INFO:root:TEST batch 27 / 29 - partial error 0.1339 - partial loss 0.3011 - partial MRR  0.0000 - partial MAP 0.9038
INFO:root:TEST batch 27 / 29 -  partial tp {0: tensor(0, device='cuda:0'), 1: tensor(18, device='cuda:0')},fn {0: tensor(14, device='cuda:0'), 1: tensor(0, device='cuda:0')},fp {0: tensor(0, device='cuda:0'), 1: tensor(14, device='cuda:0')}
INFO:root:TEST batch 27 / 29 - measures partial microavg - precision 0.5625 - recall 0.5625 - f1 0.5625 
INFO:root:TEST batch 27 / 29 - measures partial for class 0 - precision 0.0000 - recall 0.0000 - f1 0.0000 
INFO:root:TEST batch 27 / 29 - measures partial for class 1 - precision 0.5625 - recall 1.0000 - f1 0.7200 
INFO:root:TEST batch 27 / 29 - Batch time 0 
INFO:root:TEST batch 28 / 29 - partial error 0.1335 - partial loss 0.2971 - partial MRR  0.0000 - partial MAP 0.9012
INFO:root:TEST batch 28 / 29 -  partial tp {0: tensor(0, device='cuda:0'), 1: tensor(28, device='cuda:0')},fn {0: tensor(4, device='cuda:0'), 1: tensor(0, device='cuda:0')},fp {0: tensor(0, device='cuda:0'), 1: tensor(4, device='cuda:0')}
INFO:root:TEST batch 28 / 29 - measures partial microavg - precision 0.8750 - recall 0.8750 - f1 0.8750 
INFO:root:TEST batch 28 / 29 - measures partial for class 0 - precision 0.0000 - recall 0.0000 - f1 0.0000 
INFO:root:TEST batch 28 / 29 - measures partial for class 1 - precision 0.8750 - recall 1.0000 - f1 0.9333 
INFO:root:TEST batch 28 / 29 - Batch time 0 
INFO:root:TEST batch 29 / 29 - partial error 0.1320 - partial loss 0.2916 - partial MRR  0.0000 - partial MAP 0.9036
INFO:root:TEST batch 29 / 29 -  partial tp {0: tensor(0, device='cuda:0'), 1: tensor(22, device='cuda:0')},fn {0: tensor(2, device='cuda:0'), 1: tensor(0, device='cuda:0')},fp {0: tensor(0, device='cuda:0'), 1: tensor(2, device='cuda:0')}
INFO:root:TEST batch 29 / 29 - measures partial microavg - precision 0.9167 - recall 0.9167 - f1 0.9167 
INFO:root:TEST batch 29 / 29 - measures partial for class 0 - precision 0.0000 - recall 0.0000 - f1 0.0000 
INFO:root:TEST batch 29 / 29 - measures partial for class 1 - precision 0.9167 - recall 1.0000 - f1 0.9565 
INFO:root:TEST batch 29 / 29 - Batch time 0 
INFO:root:TEST mean losses tensor(0.2916, device='cuda:0')
INFO:root:TEST mean errors 0.13202933967113495
INFO:root:TEST mean MRR 0.0 - mean MAP 0.9036128371498313
INFO:root:TEST tp {0: tensor(0, device='cuda:0'), 1: tensor(710, device='cuda:0')},fn {0: tensor(108, device='cuda:0'), 1: tensor(0, device='cuda:0')},fp {0: tensor(0, device='cuda:0'), 1: tensor(108, device='cuda:0')}
INFO:root:TEST measures microavg - precision 0.8680 - recall 0.8680 - f1 0.8680 
INFO:root:TEST measures for class 0 - precision 0.0000 - recall 0.0000 - f1 0.0000 
INFO:root:TEST measures for class 1 - precision 0.8680 - recall 1.0000 - f1 0.9293 
INFO:root:TEST measures@10 microavg - precision 0.8561 - recall 0.2910 - f1 0.4343 
INFO:root:TEST measures@10 for class 0 - precision 0.0000 - recall 0.0000 - f1 0.0000 
INFO:root:TEST measures@10 for class 1 - precision 0.8561 - recall 0.3352 - f1 0.4818 
INFO:root:TEST measures@100 microavg - precision 0.8673 - recall 0.8631 - f1 0.8652 
INFO:root:TEST measures@100 for class 0 - precision 0.0000 - recall 0.0000 - f1 0.0000 
INFO:root:TEST measures@100 for class 1 - precision 0.8673 - recall 0.9944 - f1 0.9265 
INFO:root:TEST measures@1000 microavg - precision 0.8680 - recall 0.8680 - f1 0.8680 
INFO:root:TEST measures@1000 for class 0 - precision 0.0000 - recall 0.0000 - f1 0.0000 
INFO:root:TEST measures@1000 for class 1 - precision 0.8680 - recall 1.0000 - f1 0.9293 
INFO:root:TEST Total epoch time: 3.8894566409289837
INFO:root:################ TRAIN epoch 11 ###################
INFO:root:TRAIN mean losses tensor(0.1457, device='cuda:0')
INFO:root:TRAIN mean errors 0.0905614048242569
INFO:root:TRAIN mean MRR 0.0 - mean MAP 0.9418222028625051
INFO:root:TRAIN tp {0: tensor(79, device='cuda:0'), 1: tensor(25840, device='cuda:0')},fn {0: tensor(2405, device='cuda:0'), 1: tensor(176, device='cuda:0')},fp {0: tensor(176, device='cuda:0'), 1: tensor(2405, device='cuda:0')}
INFO:root:TRAIN measures microavg - precision 0.9094 - recall 0.9094 - f1 0.9094 
INFO:root:TRAIN measures for class 0 - precision 0.3098 - recall 0.0318 - f1 0.0577 
INFO:root:TRAIN measures for class 1 - precision 0.9149 - recall 0.9932 - f1 0.9524 
INFO:root:TRAIN measures@10 microavg - precision 0.9022 - recall 0.0304 - f1 0.0589 
INFO:root:TRAIN measures@10 for class 0 - precision 0.3333 - recall 0.0149 - f1 0.0285 
INFO:root:TRAIN measures@10 for class 1 - precision 0.9765 - recall 0.0319 - f1 0.0618 
INFO:root:TRAIN measures@100 microavg - precision 0.9176 - recall 0.2817 - f1 0.4311 
INFO:root:TRAIN measures@100 for class 0 - precision 0.3098 - recall 0.0318 - f1 0.0577 
INFO:root:TRAIN measures@100 for class 1 - precision 0.9358 - recall 0.3056 - f1 0.4607 
INFO:root:TRAIN measures@1000 microavg - precision 0.9076 - recall 0.8775 - f1 0.8923 
INFO:root:TRAIN measures@1000 for class 0 - precision 0.3098 - recall 0.0318 - f1 0.0577 
INFO:root:TRAIN measures@1000 for class 1 - precision 0.9132 - recall 0.9583 - f1 0.9352 
INFO:root:TRAIN Total epoch time: 15.93608377315104
INFO:root:################ VALID epoch 11 ###################
INFO:root:VALID mean losses tensor(0.4671, device='cuda:0')
INFO:root:VALID mean errors 0.20985010266304016
INFO:root:VALID mean MRR 0.0 - mean MAP 0.8087652106349533
INFO:root:VALID tp {0: tensor(0, device='cuda:0'), 1: tensor(1476, device='cuda:0')},fn {0: tensor(346, device='cuda:0'), 1: tensor(46, device='cuda:0')},fp {0: tensor(46, device='cuda:0'), 1: tensor(346, device='cuda:0')}
INFO:root:VALID measures microavg - precision 0.7901 - recall 0.7901 - f1 0.7901 
INFO:root:VALID measures for class 0 - precision 0.0000 - recall 0.0000 - f1 0.0000 
INFO:root:VALID measures for class 1 - precision 0.8101 - recall 0.9698 - f1 0.8828 
INFO:root:VALID measures@10 microavg - precision 0.7071 - recall 0.0530 - f1 0.0986 
INFO:root:VALID measures@10 for class 0 - precision 0.0000 - recall 0.0000 - f1 0.0000 
INFO:root:VALID measures@10 for class 1 - precision 0.7615 - recall 0.0650 - f1 0.1199 
INFO:root:VALID measures@100 microavg - precision 0.7994 - recall 0.5675 - f1 0.6637 
INFO:root:VALID measures@100 for class 0 - precision 0.0000 - recall 0.0000 - f1 0.0000 
INFO:root:VALID measures@100 for class 1 - precision 0.8281 - recall 0.6965 - f1 0.7566 
INFO:root:VALID measures@1000 microavg - precision 0.7901 - recall 0.7901 - f1 0.7901 
INFO:root:VALID measures@1000 for class 0 - precision 0.0000 - recall 0.0000 - f1 0.0000 
INFO:root:VALID measures@1000 for class 1 - precision 0.8101 - recall 0.9698 - f1 0.8828 
INFO:root:VALID Total epoch time: 2.103482843376696
INFO:root:################ TEST epoch 11 ###################
INFO:root:TEST batch 1 / 29 - partial error 0.2444 - partial loss 1.1481 - partial MRR  0.0000 - partial MAP 0.8786
INFO:root:TEST batch 1 / 29 -  partial tp {0: tensor(0, device='cuda:0'), 1: tensor(68, device='cuda:0')},fn {0: tensor(22, device='cuda:0'), 1: tensor(0, device='cuda:0')},fp {0: tensor(0, device='cuda:0'), 1: tensor(22, device='cuda:0')}
INFO:root:TEST batch 1 / 29 - measures partial microavg - precision 0.7556 - recall 0.7556 - f1 0.7556 
INFO:root:TEST batch 1 / 29 - measures partial for class 0 - precision 0.0000 - recall 0.0000 - f1 0.0000 
INFO:root:TEST batch 1 / 29 - measures partial for class 1 - precision 0.7556 - recall 1.0000 - f1 0.8608 
INFO:root:TEST batch 1 / 29 - Batch time 0 
INFO:root:TEST batch 2 / 29 - partial error 0.2090 - partial loss 0.8922 - partial MRR  0.0000 - partial MAP 0.8902
INFO:root:TEST batch 2 / 29 -  partial tp {0: tensor(0, device='cuda:0'), 1: tensor(38, device='cuda:0')},fn {0: tensor(6, device='cuda:0'), 1: tensor(0, device='cuda:0')},fp {0: tensor(0, device='cuda:0'), 1: tensor(6, device='cuda:0')}
INFO:root:TEST batch 2 / 29 - measures partial microavg - precision 0.8636 - recall 0.8636 - f1 0.8636 
INFO:root:TEST batch 2 / 29 - measures partial for class 0 - precision 0.0000 - recall 0.0000 - f1 0.0000 
INFO:root:TEST batch 2 / 29 - measures partial for class 1 - precision 0.8636 - recall 1.0000 - f1 0.9268 
INFO:root:TEST batch 2 / 29 - Batch time 0 
INFO:root:TEST batch 3 / 29 - partial error 0.2500 - partial loss 1.3003 - partial MRR  0.0000 - partial MAP 0.8607
INFO:root:TEST batch 3 / 29 -  partial tp {0: tensor(0, device='cuda:0'), 1: tensor(14, device='cuda:0')},fn {0: tensor(12, device='cuda:0'), 1: tensor(0, device='cuda:0')},fp {0: tensor(0, device='cuda:0'), 1: tensor(12, device='cuda:0')}
INFO:root:TEST batch 3 / 29 - measures partial microavg - precision 0.5385 - recall 0.5385 - f1 0.5385 
INFO:root:TEST batch 3 / 29 - measures partial for class 0 - precision 0.0000 - recall 0.0000 - f1 0.0000 
INFO:root:TEST batch 3 / 29 - measures partial for class 1 - precision 0.5385 - recall 1.0000 - f1 0.7000 
INFO:root:TEST batch 3 / 29 - Batch time 0 
INFO:root:TEST batch 4 / 29 - partial error 0.2323 - partial loss 1.1399 - partial MRR  0.0000 - partial MAP 0.8779
INFO:root:TEST batch 4 / 29 -  partial tp {0: tensor(0, device='cuda:0'), 1: tensor(32, device='cuda:0')},fn {0: tensor(6, device='cuda:0'), 1: tensor(0, device='cuda:0')},fp {0: tensor(0, device='cuda:0'), 1: tensor(6, device='cuda:0')}
INFO:root:TEST batch 4 / 29 - measures partial microavg - precision 0.8421 - recall 0.8421 - f1 0.8421 
INFO:root:TEST batch 4 / 29 - measures partial for class 0 - precision 0.0000 - recall 0.0000 - f1 0.0000 
INFO:root:TEST batch 4 / 29 - measures partial for class 1 - precision 0.8421 - recall 1.0000 - f1 0.9143 
INFO:root:TEST batch 4 / 29 - Batch time 0 
INFO:root:TEST batch 5 / 29 - partial error 0.2202 - partial loss 1.0201 - partial MRR  0.0000 - partial MAP 0.8678
INFO:root:TEST batch 5 / 29 -  partial tp {0: tensor(0, device='cuda:0'), 1: tensor(18, device='cuda:0')},fn {0: tensor(2, device='cuda:0'), 1: tensor(0, device='cuda:0')},fp {0: tensor(0, device='cuda:0'), 1: tensor(2, device='cuda:0')}
INFO:root:TEST batch 5 / 29 - measures partial microavg - precision 0.9000 - recall 0.9000 - f1 0.9000 
INFO:root:TEST batch 5 / 29 - measures partial for class 0 - precision 0.0000 - recall 0.0000 - f1 0.0000 
INFO:root:TEST batch 5 / 29 - measures partial for class 1 - precision 0.9000 - recall 1.0000 - f1 0.9474 
INFO:root:TEST batch 5 / 29 - Batch time 0 
INFO:root:TEST batch 6 / 29 - partial error 0.2155 - partial loss 0.9496 - partial MRR  0.0000 - partial MAP 0.8725
INFO:root:TEST batch 6 / 29 -  partial tp {0: tensor(0, device='cuda:0'), 1: tensor(12, device='cuda:0')},fn {0: tensor(2, device='cuda:0'), 1: tensor(0, device='cuda:0')},fp {0: tensor(0, device='cuda:0'), 1: tensor(2, device='cuda:0')}
INFO:root:TEST batch 6 / 29 - measures partial microavg - precision 0.8571 - recall 0.8571 - f1 0.8571 
INFO:root:TEST batch 6 / 29 - measures partial for class 0 - precision 0.0000 - recall 0.0000 - f1 0.0000 
INFO:root:TEST batch 6 / 29 - measures partial for class 1 - precision 0.8571 - recall 1.0000 - f1 0.9231 
INFO:root:TEST batch 6 / 29 - Batch time 0 
INFO:root:TEST batch 7 / 29 - partial error 0.2114 - partial loss 0.8778 - partial MRR  0.0000 - partial MAP 0.8767
INFO:root:TEST batch 7 / 29 -  partial tp {0: tensor(0, device='cuda:0'), 1: tensor(12, device='cuda:0')},fn {0: tensor(2, device='cuda:0'), 1: tensor(0, device='cuda:0')},fp {0: tensor(0, device='cuda:0'), 1: tensor(2, device='cuda:0')}
INFO:root:TEST batch 7 / 29 - measures partial microavg - precision 0.8571 - recall 0.8571 - f1 0.8571 
INFO:root:TEST batch 7 / 29 - measures partial for class 0 - precision 0.0000 - recall 0.0000 - f1 0.0000 
INFO:root:TEST batch 7 / 29 - measures partial for class 1 - precision 0.8571 - recall 1.0000 - f1 0.9231 
INFO:root:TEST batch 7 / 29 - Batch time 0 
INFO:root:TEST batch 8 / 29 - partial error 0.1926 - partial loss 0.7687 - partial MRR  0.0000 - partial MAP 0.8877
INFO:root:TEST batch 8 / 29 -  partial tp {0: tensor(0, device='cuda:0'), 1: tensor(24, device='cuda:0')},fn {0: tensor(0, device='cuda:0'), 1: tensor(0, device='cuda:0')},fp {0: tensor(0, device='cuda:0'), 1: tensor(0, device='cuda:0')}
INFO:root:TEST batch 8 / 29 - measures partial microavg - precision 1.0000 - recall 1.0000 - f1 1.0000 
INFO:root:TEST batch 8 / 29 - measures partial for class 0 - precision 0.0000 - recall 0.0000 - f1 0.0000 
INFO:root:TEST batch 8 / 29 - measures partial for class 1 - precision 1.0000 - recall 1.0000 - f1 1.0000 
INFO:root:TEST batch 8 / 29 - Batch time 0 
INFO:root:TEST batch 9 / 29 - partial error 0.1871 - partial loss 0.6834 - partial MRR  0.0000 - partial MAP 0.8909
INFO:root:TEST batch 9 / 29 -  partial tp {0: tensor(0, device='cuda:0'), 1: tensor(8, device='cuda:0')},fn {0: tensor(0, device='cuda:0'), 1: tensor(0, device='cuda:0')},fp {0: tensor(0, device='cuda:0'), 1: tensor(0, device='cuda:0')}
INFO:root:TEST batch 9 / 29 - measures partial microavg - precision 1.0000 - recall 1.0000 - f1 1.0000 
INFO:root:TEST batch 9 / 29 - measures partial for class 0 - precision 0.0000 - recall 0.0000 - f1 0.0000 
INFO:root:TEST batch 9 / 29 - measures partial for class 1 - precision 1.0000 - recall 1.0000 - f1 1.0000 
INFO:root:TEST batch 9 / 29 - Batch time 0 
INFO:root:TEST batch 10 / 29 - partial error 0.1414 - partial loss 0.6206 - partial MRR  0.0000 - partial MAP 0.9198
INFO:root:TEST batch 10 / 29 -  partial tp {0: tensor(0, device='cuda:0'), 1: tensor(102, device='cuda:0')},fn {0: tensor(2, device='cuda:0'), 1: tensor(0, device='cuda:0')},fp {0: tensor(0, device='cuda:0'), 1: tensor(2, device='cuda:0')}
INFO:root:TEST batch 10 / 29 - measures partial microavg - precision 0.9808 - recall 0.9808 - f1 0.9808 
INFO:root:TEST batch 10 / 29 - measures partial for class 0 - precision 0.0000 - recall 0.0000 - f1 0.0000 
INFO:root:TEST batch 10 / 29 - measures partial for class 1 - precision 0.9808 - recall 1.0000 - f1 0.9903 
INFO:root:TEST batch 10 / 29 - Batch time 0 
INFO:root:TEST batch 11 / 29 - partial error 0.1381 - partial loss 0.5868 - partial MRR  0.0000 - partial MAP 0.9161
INFO:root:TEST batch 11 / 29 -  partial tp {0: tensor(0, device='cuda:0'), 1: tensor(34, device='cuda:0')},fn {0: tensor(4, device='cuda:0'), 1: tensor(0, device='cuda:0')},fp {0: tensor(0, device='cuda:0'), 1: tensor(4, device='cuda:0')}
INFO:root:TEST batch 11 / 29 - measures partial microavg - precision 0.8947 - recall 0.8947 - f1 0.8947 
INFO:root:TEST batch 11 / 29 - measures partial for class 0 - precision 0.0000 - recall 0.0000 - f1 0.0000 
INFO:root:TEST batch 11 / 29 - measures partial for class 1 - precision 0.8947 - recall 1.0000 - f1 0.9444 
INFO:root:TEST batch 11 / 29 - Batch time 0 
INFO:root:TEST batch 12 / 29 - partial error 0.1447 - partial loss 0.5683 - partial MRR  0.0000 - partial MAP 0.9104
INFO:root:TEST batch 12 / 29 -  partial tp {0: tensor(0, device='cuda:0'), 1: tensor(40, device='cuda:0')},fn {0: tensor(10, device='cuda:0'), 1: tensor(0, device='cuda:0')},fp {0: tensor(0, device='cuda:0'), 1: tensor(10, device='cuda:0')}
INFO:root:TEST batch 12 / 29 - measures partial microavg - precision 0.8000 - recall 0.8000 - f1 0.8000 
INFO:root:TEST batch 12 / 29 - measures partial for class 0 - precision 0.0000 - recall 0.0000 - f1 0.0000 
INFO:root:TEST batch 12 / 29 - measures partial for class 1 - precision 0.8000 - recall 1.0000 - f1 0.8889 
INFO:root:TEST batch 12 / 29 - Batch time 0 
INFO:root:TEST batch 13 / 29 - partial error 0.1494 - partial loss 0.5742 - partial MRR  0.0000 - partial MAP 0.9045
INFO:root:TEST batch 13 / 29 -  partial tp {0: tensor(0, device='cuda:0'), 1: tensor(8, device='cuda:0')},fn {0: tensor(4, device='cuda:0'), 1: tensor(0, device='cuda:0')},fp {0: tensor(0, device='cuda:0'), 1: tensor(4, device='cuda:0')}
INFO:root:TEST batch 13 / 29 - measures partial microavg - precision 0.6667 - recall 0.6667 - f1 0.6667 
INFO:root:TEST batch 13 / 29 - measures partial for class 0 - precision 0.0000 - recall 0.0000 - f1 0.0000 
INFO:root:TEST batch 13 / 29 - measures partial for class 1 - precision 0.6667 - recall 1.0000 - f1 0.8000 
INFO:root:TEST batch 13 / 29 - Batch time 0 
INFO:root:TEST batch 14 / 29 - partial error 0.1423 - partial loss 0.5397 - partial MRR  0.0000 - partial MAP 0.9112
INFO:root:TEST batch 14 / 29 -  partial tp {0: tensor(0, device='cuda:0'), 1: tensor(36, device='cuda:0')},fn {0: tensor(2, device='cuda:0'), 1: tensor(0, device='cuda:0')},fp {0: tensor(0, device='cuda:0'), 1: tensor(2, device='cuda:0')}
INFO:root:TEST batch 14 / 29 - measures partial microavg - precision 0.9474 - recall 0.9474 - f1 0.9474 
INFO:root:TEST batch 14 / 29 - measures partial for class 0 - precision 0.0000 - recall 0.0000 - f1 0.0000 
INFO:root:TEST batch 14 / 29 - measures partial for class 1 - precision 0.9474 - recall 1.0000 - f1 0.9730 
INFO:root:TEST batch 14 / 29 - Batch time 0 
INFO:root:TEST batch 15 / 29 - partial error 0.1350 - partial loss 0.5048 - partial MRR  0.0000 - partial MAP 0.9158
INFO:root:TEST batch 15 / 29 -  partial tp {0: tensor(0, device='cuda:0'), 1: tensor(28, device='cuda:0')},fn {0: tensor(0, device='cuda:0'), 1: tensor(0, device='cuda:0')},fp {0: tensor(0, device='cuda:0'), 1: tensor(0, device='cuda:0')}
INFO:root:TEST batch 15 / 29 - measures partial microavg - precision 1.0000 - recall 1.0000 - f1 1.0000 
INFO:root:TEST batch 15 / 29 - measures partial for class 0 - precision 0.0000 - recall 0.0000 - f1 0.0000 
INFO:root:TEST batch 15 / 29 - measures partial for class 1 - precision 1.0000 - recall 1.0000 - f1 1.0000 
INFO:root:TEST batch 15 / 29 - Batch time 0 
INFO:root:TEST batch 16 / 29 - partial error 0.1294 - partial loss 0.4740 - partial MRR  0.0000 - partial MAP 0.9193
INFO:root:TEST batch 16 / 29 -  partial tp {0: tensor(0, device='cuda:0'), 1: tensor(24, device='cuda:0')},fn {0: tensor(0, device='cuda:0'), 1: tensor(0, device='cuda:0')},fp {0: tensor(0, device='cuda:0'), 1: tensor(0, device='cuda:0')}
INFO:root:TEST batch 16 / 29 - measures partial microavg - precision 1.0000 - recall 1.0000 - f1 1.0000 
INFO:root:TEST batch 16 / 29 - measures partial for class 0 - precision 0.0000 - recall 0.0000 - f1 0.0000 
INFO:root:TEST batch 16 / 29 - measures partial for class 1 - precision 1.0000 - recall 1.0000 - f1 1.0000 
INFO:root:TEST batch 16 / 29 - Batch time 0 
INFO:root:TEST batch 17 / 29 - partial error 0.1279 - partial loss 0.4665 - partial MRR  0.0000 - partial MAP 0.9163
INFO:root:TEST batch 17 / 29 -  partial tp {0: tensor(0, device='cuda:0'), 1: tensor(20, device='cuda:0')},fn {0: tensor(2, device='cuda:0'), 1: tensor(0, device='cuda:0')},fp {0: tensor(0, device='cuda:0'), 1: tensor(2, device='cuda:0')}
INFO:root:TEST batch 17 / 29 - measures partial microavg - precision 0.9091 - recall 0.9091 - f1 0.9091 
INFO:root:TEST batch 17 / 29 - measures partial for class 0 - precision 0.0000 - recall 0.0000 - f1 0.0000 
INFO:root:TEST batch 17 / 29 - measures partial for class 1 - precision 0.9091 - recall 1.0000 - f1 0.9524 
INFO:root:TEST batch 17 / 29 - Batch time 0 
INFO:root:TEST batch 18 / 29 - partial error 0.1296 - partial loss 0.4824 - partial MRR  0.0000 - partial MAP 0.9150
INFO:root:TEST batch 18 / 29 -  partial tp {0: tensor(0, device='cuda:0'), 1: tensor(6, device='cuda:0')},fn {0: tensor(2, device='cuda:0'), 1: tensor(0, device='cuda:0')},fp {0: tensor(0, device='cuda:0'), 1: tensor(2, device='cuda:0')}
INFO:root:TEST batch 18 / 29 - measures partial microavg - precision 0.7500 - recall 0.7500 - f1 0.7500 
INFO:root:TEST batch 18 / 29 - measures partial for class 0 - precision 0.0000 - recall 0.0000 - f1 0.0000 
INFO:root:TEST batch 18 / 29 - measures partial for class 1 - precision 0.7500 - recall 1.0000 - f1 0.8571 
INFO:root:TEST batch 18 / 29 - Batch time 0 
INFO:root:TEST batch 19 / 29 - partial error 0.1274 - partial loss 0.4676 - partial MRR  0.0000 - partial MAP 0.9181
INFO:root:TEST batch 19 / 29 -  partial tp {0: tensor(0, device='cuda:0'), 1: tensor(24, device='cuda:0')},fn {0: tensor(2, device='cuda:0'), 1: tensor(0, device='cuda:0')},fp {0: tensor(0, device='cuda:0'), 1: tensor(2, device='cuda:0')}
INFO:root:TEST batch 19 / 29 - measures partial microavg - precision 0.9231 - recall 0.9231 - f1 0.9231 
INFO:root:TEST batch 19 / 29 - measures partial for class 0 - precision 0.0000 - recall 0.0000 - f1 0.0000 
INFO:root:TEST batch 19 / 29 - measures partial for class 1 - precision 0.9231 - recall 1.0000 - f1 0.9600 
INFO:root:TEST batch 19 / 29 - Batch time 0 
INFO:root:TEST batch 20 / 29 - partial error 0.1262 - partial loss 0.4572 - partial MRR  0.0000 - partial MAP 0.9166
INFO:root:TEST batch 20 / 29 -  partial tp {0: tensor(0, device='cuda:0'), 1: tensor(20, device='cuda:0')},fn {0: tensor(2, device='cuda:0'), 1: tensor(0, device='cuda:0')},fp {0: tensor(0, device='cuda:0'), 1: tensor(2, device='cuda:0')}
INFO:root:TEST batch 20 / 29 - measures partial microavg - precision 0.9091 - recall 0.9091 - f1 0.9091 
INFO:root:TEST batch 20 / 29 - measures partial for class 0 - precision 0.0000 - recall 0.0000 - f1 0.0000 
INFO:root:TEST batch 20 / 29 - measures partial for class 1 - precision 0.9091 - recall 1.0000 - f1 0.9524 
INFO:root:TEST batch 20 / 29 - Batch time 0 
INFO:root:TEST batch 21 / 29 - partial error 0.1250 - partial loss 0.4476 - partial MRR  0.0000 - partial MAP 0.9174
INFO:root:TEST batch 21 / 29 -  partial tp {0: tensor(0, device='cuda:0'), 1: tensor(20, device='cuda:0')},fn {0: tensor(2, device='cuda:0'), 1: tensor(0, device='cuda:0')},fp {0: tensor(0, device='cuda:0'), 1: tensor(2, device='cuda:0')}
INFO:root:TEST batch 21 / 29 - measures partial microavg - precision 0.9091 - recall 0.9091 - f1 0.9091 
INFO:root:TEST batch 21 / 29 - measures partial for class 0 - precision 0.0000 - recall 0.0000 - f1 0.0000 
INFO:root:TEST batch 21 / 29 - measures partial for class 1 - precision 0.9091 - recall 1.0000 - f1 0.9524 
INFO:root:TEST batch 21 / 29 - Batch time 0 
INFO:root:TEST batch 22 / 29 - partial error 0.1228 - partial loss 0.4277 - partial MRR  0.0000 - partial MAP 0.9189
INFO:root:TEST batch 22 / 29 -  partial tp {0: tensor(0, device='cuda:0'), 1: tensor(12, device='cuda:0')},fn {0: tensor(0, device='cuda:0'), 1: tensor(0, device='cuda:0')},fp {0: tensor(0, device='cuda:0'), 1: tensor(0, device='cuda:0')}
INFO:root:TEST batch 22 / 29 - measures partial microavg - precision 1.0000 - recall 1.0000 - f1 1.0000 
INFO:root:TEST batch 22 / 29 - measures partial for class 0 - precision 0.0000 - recall 0.0000 - f1 0.0000 
INFO:root:TEST batch 22 / 29 - measures partial for class 1 - precision 1.0000 - recall 1.0000 - f1 1.0000 
INFO:root:TEST batch 22 / 29 - Batch time 0 
INFO:root:TEST batch 23 / 29 - partial error 0.1218 - partial loss 0.4186 - partial MRR  0.0000 - partial MAP 0.9208
INFO:root:TEST batch 23 / 29 -  partial tp {0: tensor(0, device='cuda:0'), 1: tensor(20, device='cuda:0')},fn {0: tensor(2, device='cuda:0'), 1: tensor(0, device='cuda:0')},fp {0: tensor(0, device='cuda:0'), 1: tensor(2, device='cuda:0')}
INFO:root:TEST batch 23 / 29 - measures partial microavg - precision 0.9091 - recall 0.9091 - f1 0.9091 
INFO:root:TEST batch 23 / 29 - measures partial for class 0 - precision 0.0000 - recall 0.0000 - f1 0.0000 
INFO:root:TEST batch 23 / 29 - measures partial for class 1 - precision 0.9091 - recall 1.0000 - f1 0.9524 
INFO:root:TEST batch 23 / 29 - Batch time 0 
INFO:root:TEST batch 24 / 29 - partial error 0.1211 - partial loss 0.4015 - partial MRR  0.0000 - partial MAP 0.9212
INFO:root:TEST batch 24 / 29 -  partial tp {0: tensor(0, device='cuda:0'), 1: tensor(4, device='cuda:0')},fn {0: tensor(0, device='cuda:0'), 1: tensor(0, device='cuda:0')},fp {0: tensor(0, device='cuda:0'), 1: tensor(0, device='cuda:0')}
INFO:root:TEST batch 24 / 29 - measures partial microavg - precision 1.0000 - recall 1.0000 - f1 1.0000 
INFO:root:TEST batch 24 / 29 - measures partial for class 0 - precision 0.0000 - recall 0.0000 - f1 0.0000 
INFO:root:TEST batch 24 / 29 - measures partial for class 1 - precision 1.0000 - recall 1.0000 - f1 1.0000 
INFO:root:TEST batch 24 / 29 - Batch time 0 
INFO:root:TEST batch 25 / 29 - partial error 0.1198 - partial loss 0.3856 - partial MRR  0.0000 - partial MAP 0.9221
INFO:root:TEST batch 25 / 29 -  partial tp {0: tensor(0, device='cuda:0'), 1: tensor(8, device='cuda:0')},fn {0: tensor(0, device='cuda:0'), 1: tensor(0, device='cuda:0')},fp {0: tensor(0, device='cuda:0'), 1: tensor(0, device='cuda:0')}
INFO:root:TEST batch 25 / 29 - measures partial microavg - precision 1.0000 - recall 1.0000 - f1 1.0000 
INFO:root:TEST batch 25 / 29 - measures partial for class 0 - precision 0.0000 - recall 0.0000 - f1 0.0000 
INFO:root:TEST batch 25 / 29 - measures partial for class 1 - precision 1.0000 - recall 1.0000 - f1 1.0000 
INFO:root:TEST batch 25 / 29 - Batch time 0 
INFO:root:TEST batch 26 / 29 - partial error 0.1205 - partial loss 0.3827 - partial MRR  0.0000 - partial MAP 0.9212
INFO:root:TEST batch 26 / 29 -  partial tp {0: tensor(0, device='cuda:0'), 1: tensor(10, device='cuda:0')},fn {0: tensor(2, device='cuda:0'), 1: tensor(0, device='cuda:0')},fp {0: tensor(0, device='cuda:0'), 1: tensor(2, device='cuda:0')}
INFO:root:TEST batch 26 / 29 - measures partial microavg - precision 0.8333 - recall 0.8333 - f1 0.8333 
INFO:root:TEST batch 26 / 29 - measures partial for class 0 - precision 0.0000 - recall 0.0000 - f1 0.0000 
INFO:root:TEST batch 26 / 29 - measures partial for class 1 - precision 0.8333 - recall 1.0000 - f1 0.9091 
INFO:root:TEST batch 26 / 29 - Batch time 0 
INFO:root:TEST batch 27 / 29 - partial error 0.1339 - partial loss 0.3891 - partial MRR  0.0000 - partial MAP 0.9158
INFO:root:TEST batch 27 / 29 -  partial tp {0: tensor(0, device='cuda:0'), 1: tensor(18, device='cuda:0')},fn {0: tensor(14, device='cuda:0'), 1: tensor(0, device='cuda:0')},fp {0: tensor(0, device='cuda:0'), 1: tensor(14, device='cuda:0')}
INFO:root:TEST batch 27 / 29 - measures partial microavg - precision 0.5625 - recall 0.5625 - f1 0.5625 
INFO:root:TEST batch 27 / 29 - measures partial for class 0 - precision 0.0000 - recall 0.0000 - f1 0.0000 
INFO:root:TEST batch 27 / 29 - measures partial for class 1 - precision 0.5625 - recall 1.0000 - f1 0.7200 
INFO:root:TEST batch 27 / 29 - Batch time 0 
INFO:root:TEST batch 28 / 29 - partial error 0.1335 - partial loss 0.3861 - partial MRR  0.0000 - partial MAP 0.9099
INFO:root:TEST batch 28 / 29 -  partial tp {0: tensor(0, device='cuda:0'), 1: tensor(28, device='cuda:0')},fn {0: tensor(4, device='cuda:0'), 1: tensor(0, device='cuda:0')},fp {0: tensor(0, device='cuda:0'), 1: tensor(4, device='cuda:0')}
INFO:root:TEST batch 28 / 29 - measures partial microavg - precision 0.8750 - recall 0.8750 - f1 0.8750 
INFO:root:TEST batch 28 / 29 - measures partial for class 0 - precision 0.0000 - recall 0.0000 - f1 0.0000 
INFO:root:TEST batch 28 / 29 - measures partial for class 1 - precision 0.8750 - recall 1.0000 - f1 0.9333 
INFO:root:TEST batch 28 / 29 - Batch time 0 
INFO:root:TEST batch 29 / 29 - partial error 0.1320 - partial loss 0.3773 - partial MRR  0.0000 - partial MAP 0.9115
INFO:root:TEST batch 29 / 29 -  partial tp {0: tensor(0, device='cuda:0'), 1: tensor(22, device='cuda:0')},fn {0: tensor(2, device='cuda:0'), 1: tensor(0, device='cuda:0')},fp {0: tensor(0, device='cuda:0'), 1: tensor(2, device='cuda:0')}
INFO:root:TEST batch 29 / 29 - measures partial microavg - precision 0.9167 - recall 0.9167 - f1 0.9167 
INFO:root:TEST batch 29 / 29 - measures partial for class 0 - precision 0.0000 - recall 0.0000 - f1 0.0000 
INFO:root:TEST batch 29 / 29 - measures partial for class 1 - precision 0.9167 - recall 1.0000 - f1 0.9565 
INFO:root:TEST batch 29 / 29 - Batch time 0 
INFO:root:TEST mean losses tensor(0.3773, device='cuda:0')
INFO:root:TEST mean errors 0.13202933967113495
INFO:root:TEST mean MRR 0.0 - mean MAP 0.9115121665747371
INFO:root:TEST tp {0: tensor(0, device='cuda:0'), 1: tensor(710, device='cuda:0')},fn {0: tensor(108, device='cuda:0'), 1: tensor(0, device='cuda:0')},fp {0: tensor(0, device='cuda:0'), 1: tensor(108, device='cuda:0')}
INFO:root:TEST measures microavg - precision 0.8680 - recall 0.8680 - f1 0.8680 
INFO:root:TEST measures for class 0 - precision 0.0000 - recall 0.0000 - f1 0.0000 
INFO:root:TEST measures for class 1 - precision 0.8680 - recall 1.0000 - f1 0.9293 
INFO:root:TEST measures@10 microavg - precision 0.8885 - recall 0.3020 - f1 0.4507 
INFO:root:TEST measures@10 for class 0 - precision 0.0000 - recall 0.0000 - f1 0.0000 
INFO:root:TEST measures@10 for class 1 - precision 0.8885 - recall 0.3479 - f1 0.5000 
INFO:root:TEST measures@100 microavg - precision 0.8673 - recall 0.8631 - f1 0.8652 
INFO:root:TEST measures@100 for class 0 - precision 0.0000 - recall 0.0000 - f1 0.0000 
INFO:root:TEST measures@100 for class 1 - precision 0.8673 - recall 0.9944 - f1 0.9265 
INFO:root:TEST measures@1000 microavg - precision 0.8680 - recall 0.8680 - f1 0.8680 
INFO:root:TEST measures@1000 for class 0 - precision 0.0000 - recall 0.0000 - f1 0.0000 
INFO:root:TEST measures@1000 for class 1 - precision 0.8680 - recall 1.0000 - f1 0.9293 
INFO:root:TEST Total epoch time: 3.9632112439721823
INFO:root:################ TRAIN epoch 12 ###################
INFO:root:TRAIN mean losses tensor(0.1459, device='cuda:0')
INFO:root:TRAIN mean errors 0.10224561393260956
INFO:root:TRAIN mean MRR 0.0 - mean MAP 0.940365877546693
INFO:root:TRAIN tp {0: tensor(106, device='cuda:0'), 1: tensor(25480, device='cuda:0')},fn {0: tensor(2378, device='cuda:0'), 1: tensor(536, device='cuda:0')},fp {0: tensor(536, device='cuda:0'), 1: tensor(2378, device='cuda:0')}
INFO:root:TRAIN measures microavg - precision 0.8978 - recall 0.8978 - f1 0.8978 
INFO:root:TRAIN measures for class 0 - precision 0.1651 - recall 0.0427 - f1 0.0678 
INFO:root:TRAIN measures for class 1 - precision 0.9146 - recall 0.9794 - f1 0.9459 
INFO:root:TRAIN measures@10 microavg - precision 0.8695 - recall 0.0304 - f1 0.0587 
INFO:root:TRAIN measures@10 for class 0 - precision 0.2192 - recall 0.0129 - f1 0.0243 
INFO:root:TRAIN measures@10 for class 1 - precision 0.9812 - recall 0.0321 - f1 0.0621 
INFO:root:TRAIN measures@100 microavg - precision 0.8811 - recall 0.2823 - f1 0.4276 
INFO:root:TRAIN measures@100 for class 0 - precision 0.1651 - recall 0.0427 - f1 0.0678 
INFO:root:TRAIN measures@100 for class 1 - precision 0.9352 - recall 0.3052 - f1 0.4602 
INFO:root:TRAIN measures@1000 microavg - precision 0.8958 - recall 0.8661 - f1 0.8807 
INFO:root:TRAIN measures@1000 for class 0 - precision 0.1651 - recall 0.0427 - f1 0.0678 
INFO:root:TRAIN measures@1000 for class 1 - precision 0.9133 - recall 0.9447 - f1 0.9287 
INFO:root:TRAIN Total epoch time: 16.87480161897838
INFO:root:################ VALID epoch 12 ###################
INFO:root:VALID mean losses tensor(0.5150, device='cuda:0')
INFO:root:VALID mean errors 0.20985010266304016
INFO:root:VALID mean MRR 0.0 - mean MAP 0.8033898805754911
INFO:root:VALID tp {0: tensor(0, device='cuda:0'), 1: tensor(1476, device='cuda:0')},fn {0: tensor(346, device='cuda:0'), 1: tensor(46, device='cuda:0')},fp {0: tensor(46, device='cuda:0'), 1: tensor(346, device='cuda:0')}
INFO:root:VALID measures microavg - precision 0.7901 - recall 0.7901 - f1 0.7901 
INFO:root:VALID measures for class 0 - precision 0.0000 - recall 0.0000 - f1 0.0000 
INFO:root:VALID measures for class 1 - precision 0.8101 - recall 0.9698 - f1 0.8828 
INFO:root:VALID measures@10 microavg - precision 0.6929 - recall 0.0519 - f1 0.0966 
INFO:root:VALID measures@10 for class 0 - precision 0.0000 - recall 0.0000 - f1 0.0000 
INFO:root:VALID measures@10 for class 1 - precision 0.7462 - recall 0.0637 - f1 0.1174 
INFO:root:VALID measures@100 microavg - precision 0.7971 - recall 0.5658 - f1 0.6619 
INFO:root:VALID measures@100 for class 0 - precision 0.0000 - recall 0.0000 - f1 0.0000 
INFO:root:VALID measures@100 for class 1 - precision 0.8258 - recall 0.6945 - f1 0.7545 
INFO:root:VALID measures@1000 microavg - precision 0.7901 - recall 0.7901 - f1 0.7901 
INFO:root:VALID measures@1000 for class 0 - precision 0.0000 - recall 0.0000 - f1 0.0000 
INFO:root:VALID measures@1000 for class 1 - precision 0.8101 - recall 0.9698 - f1 0.8828 
INFO:root:VALID Total epoch time: 2.0908808689564466
INFO:root:################ TEST epoch 12 ###################
INFO:root:TEST batch 1 / 29 - partial error 0.2444 - partial loss 1.1534 - partial MRR  0.0000 - partial MAP 0.9140
INFO:root:TEST batch 1 / 29 -  partial tp {0: tensor(0, device='cuda:0'), 1: tensor(68, device='cuda:0')},fn {0: tensor(22, device='cuda:0'), 1: tensor(0, device='cuda:0')},fp {0: tensor(0, device='cuda:0'), 1: tensor(22, device='cuda:0')}
INFO:root:TEST batch 1 / 29 - measures partial microavg - precision 0.7556 - recall 0.7556 - f1 0.7556 
INFO:root:TEST batch 1 / 29 - measures partial for class 0 - precision 0.0000 - recall 0.0000 - f1 0.0000 
INFO:root:TEST batch 1 / 29 - measures partial for class 1 - precision 0.7556 - recall 1.0000 - f1 0.8608 
INFO:root:TEST batch 1 / 29 - Batch time 0 
INFO:root:TEST batch 2 / 29 - partial error 0.2090 - partial loss 0.8732 - partial MRR  0.0000 - partial MAP 0.9064
INFO:root:TEST batch 2 / 29 -  partial tp {0: tensor(0, device='cuda:0'), 1: tensor(38, device='cuda:0')},fn {0: tensor(6, device='cuda:0'), 1: tensor(0, device='cuda:0')},fp {0: tensor(0, device='cuda:0'), 1: tensor(6, device='cuda:0')}
INFO:root:TEST batch 2 / 29 - measures partial microavg - precision 0.8636 - recall 0.8636 - f1 0.8636 
INFO:root:TEST batch 2 / 29 - measures partial for class 0 - precision 0.0000 - recall 0.0000 - f1 0.0000 
INFO:root:TEST batch 2 / 29 - measures partial for class 1 - precision 0.8636 - recall 1.0000 - f1 0.9268 
INFO:root:TEST batch 2 / 29 - Batch time 0 
INFO:root:TEST batch 3 / 29 - partial error 0.2500 - partial loss 1.3504 - partial MRR  0.0000 - partial MAP 0.8611
INFO:root:TEST batch 3 / 29 -  partial tp {0: tensor(0, device='cuda:0'), 1: tensor(14, device='cuda:0')},fn {0: tensor(12, device='cuda:0'), 1: tensor(0, device='cuda:0')},fp {0: tensor(0, device='cuda:0'), 1: tensor(12, device='cuda:0')}
INFO:root:TEST batch 3 / 29 - measures partial microavg - precision 0.5385 - recall 0.5385 - f1 0.5385 
INFO:root:TEST batch 3 / 29 - measures partial for class 0 - precision 0.0000 - recall 0.0000 - f1 0.0000 
INFO:root:TEST batch 3 / 29 - measures partial for class 1 - precision 0.5385 - recall 1.0000 - f1 0.7000 
INFO:root:TEST batch 3 / 29 - Batch time 0 
INFO:root:TEST batch 4 / 29 - partial error 0.2323 - partial loss 1.1640 - partial MRR  0.0000 - partial MAP 0.8799
INFO:root:TEST batch 4 / 29 -  partial tp {0: tensor(0, device='cuda:0'), 1: tensor(32, device='cuda:0')},fn {0: tensor(6, device='cuda:0'), 1: tensor(0, device='cuda:0')},fp {0: tensor(0, device='cuda:0'), 1: tensor(6, device='cuda:0')}
INFO:root:TEST batch 4 / 29 - measures partial microavg - precision 0.8421 - recall 0.8421 - f1 0.8421 
INFO:root:TEST batch 4 / 29 - measures partial for class 0 - precision 0.0000 - recall 0.0000 - f1 0.0000 
INFO:root:TEST batch 4 / 29 - measures partial for class 1 - precision 0.8421 - recall 1.0000 - f1 0.9143 
INFO:root:TEST batch 4 / 29 - Batch time 0 
INFO:root:TEST batch 5 / 29 - partial error 0.2202 - partial loss 1.0339 - partial MRR  0.0000 - partial MAP 0.8755
INFO:root:TEST batch 5 / 29 -  partial tp {0: tensor(0, device='cuda:0'), 1: tensor(18, device='cuda:0')},fn {0: tensor(2, device='cuda:0'), 1: tensor(0, device='cuda:0')},fp {0: tensor(0, device='cuda:0'), 1: tensor(2, device='cuda:0')}
INFO:root:TEST batch 5 / 29 - measures partial microavg - precision 0.9000 - recall 0.9000 - f1 0.9000 
INFO:root:TEST batch 5 / 29 - measures partial for class 0 - precision 0.0000 - recall 0.0000 - f1 0.0000 
INFO:root:TEST batch 5 / 29 - measures partial for class 1 - precision 0.9000 - recall 1.0000 - f1 0.9474 
INFO:root:TEST batch 5 / 29 - Batch time 0 
INFO:root:TEST batch 6 / 29 - partial error 0.2155 - partial loss 0.9414 - partial MRR  0.0000 - partial MAP 0.8815
INFO:root:TEST batch 6 / 29 -  partial tp {0: tensor(0, device='cuda:0'), 1: tensor(12, device='cuda:0')},fn {0: tensor(2, device='cuda:0'), 1: tensor(0, device='cuda:0')},fp {0: tensor(0, device='cuda:0'), 1: tensor(2, device='cuda:0')}
INFO:root:TEST batch 6 / 29 - measures partial microavg - precision 0.8571 - recall 0.8571 - f1 0.8571 
INFO:root:TEST batch 6 / 29 - measures partial for class 0 - precision 0.0000 - recall 0.0000 - f1 0.0000 
INFO:root:TEST batch 6 / 29 - measures partial for class 1 - precision 0.8571 - recall 1.0000 - f1 0.9231 
INFO:root:TEST batch 6 / 29 - Batch time 0 
INFO:root:TEST batch 7 / 29 - partial error 0.2114 - partial loss 0.8665 - partial MRR  0.0000 - partial MAP 0.8852
INFO:root:TEST batch 7 / 29 -  partial tp {0: tensor(0, device='cuda:0'), 1: tensor(12, device='cuda:0')},fn {0: tensor(2, device='cuda:0'), 1: tensor(0, device='cuda:0')},fp {0: tensor(0, device='cuda:0'), 1: tensor(2, device='cuda:0')}
INFO:root:TEST batch 7 / 29 - measures partial microavg - precision 0.8571 - recall 0.8571 - f1 0.8571 
INFO:root:TEST batch 7 / 29 - measures partial for class 0 - precision 0.0000 - recall 0.0000 - f1 0.0000 
INFO:root:TEST batch 7 / 29 - measures partial for class 1 - precision 0.8571 - recall 1.0000 - f1 0.9231 
INFO:root:TEST batch 7 / 29 - Batch time 0 
INFO:root:TEST batch 8 / 29 - partial error 0.1926 - partial loss 0.7588 - partial MRR  0.0000 - partial MAP 0.8954
INFO:root:TEST batch 8 / 29 -  partial tp {0: tensor(0, device='cuda:0'), 1: tensor(24, device='cuda:0')},fn {0: tensor(0, device='cuda:0'), 1: tensor(0, device='cuda:0')},fp {0: tensor(0, device='cuda:0'), 1: tensor(0, device='cuda:0')}
INFO:root:TEST batch 8 / 29 - measures partial microavg - precision 1.0000 - recall 1.0000 - f1 1.0000 
INFO:root:TEST batch 8 / 29 - measures partial for class 0 - precision 0.0000 - recall 0.0000 - f1 0.0000 
INFO:root:TEST batch 8 / 29 - measures partial for class 1 - precision 1.0000 - recall 1.0000 - f1 1.0000 
INFO:root:TEST batch 8 / 29 - Batch time 0 
INFO:root:TEST batch 9 / 29 - partial error 0.1871 - partial loss 0.6745 - partial MRR  0.0000 - partial MAP 0.8984
INFO:root:TEST batch 9 / 29 -  partial tp {0: tensor(0, device='cuda:0'), 1: tensor(8, device='cuda:0')},fn {0: tensor(0, device='cuda:0'), 1: tensor(0, device='cuda:0')},fp {0: tensor(0, device='cuda:0'), 1: tensor(0, device='cuda:0')}
INFO:root:TEST batch 9 / 29 - measures partial microavg - precision 1.0000 - recall 1.0000 - f1 1.0000 
INFO:root:TEST batch 9 / 29 - measures partial for class 0 - precision 0.0000 - recall 0.0000 - f1 0.0000 
INFO:root:TEST batch 9 / 29 - measures partial for class 1 - precision 1.0000 - recall 1.0000 - f1 1.0000 
INFO:root:TEST batch 9 / 29 - Batch time 0 
INFO:root:TEST batch 10 / 29 - partial error 0.1414 - partial loss 0.6133 - partial MRR  0.0000 - partial MAP 0.9245
INFO:root:TEST batch 10 / 29 -  partial tp {0: tensor(0, device='cuda:0'), 1: tensor(102, device='cuda:0')},fn {0: tensor(2, device='cuda:0'), 1: tensor(0, device='cuda:0')},fp {0: tensor(0, device='cuda:0'), 1: tensor(2, device='cuda:0')}
INFO:root:TEST batch 10 / 29 - measures partial microavg - precision 0.9808 - recall 0.9808 - f1 0.9808 
INFO:root:TEST batch 10 / 29 - measures partial for class 0 - precision 0.0000 - recall 0.0000 - f1 0.0000 
INFO:root:TEST batch 10 / 29 - measures partial for class 1 - precision 0.9808 - recall 1.0000 - f1 0.9903 
INFO:root:TEST batch 10 / 29 - Batch time 0 
INFO:root:TEST batch 11 / 29 - partial error 0.1381 - partial loss 0.5746 - partial MRR  0.0000 - partial MAP 0.9298
INFO:root:TEST batch 11 / 29 -  partial tp {0: tensor(0, device='cuda:0'), 1: tensor(34, device='cuda:0')},fn {0: tensor(4, device='cuda:0'), 1: tensor(0, device='cuda:0')},fp {0: tensor(0, device='cuda:0'), 1: tensor(4, device='cuda:0')}
INFO:root:TEST batch 11 / 29 - measures partial microavg - precision 0.8947 - recall 0.8947 - f1 0.8947 
INFO:root:TEST batch 11 / 29 - measures partial for class 0 - precision 0.0000 - recall 0.0000 - f1 0.0000 
INFO:root:TEST batch 11 / 29 - measures partial for class 1 - precision 0.8947 - recall 1.0000 - f1 0.9444 
INFO:root:TEST batch 11 / 29 - Batch time 0 
INFO:root:TEST batch 12 / 29 - partial error 0.1447 - partial loss 0.5573 - partial MRR  0.0000 - partial MAP 0.9198
INFO:root:TEST batch 12 / 29 -  partial tp {0: tensor(0, device='cuda:0'), 1: tensor(40, device='cuda:0')},fn {0: tensor(10, device='cuda:0'), 1: tensor(0, device='cuda:0')},fp {0: tensor(0, device='cuda:0'), 1: tensor(10, device='cuda:0')}
INFO:root:TEST batch 12 / 29 - measures partial microavg - precision 0.8000 - recall 0.8000 - f1 0.8000 
INFO:root:TEST batch 12 / 29 - measures partial for class 0 - precision 0.0000 - recall 0.0000 - f1 0.0000 
INFO:root:TEST batch 12 / 29 - measures partial for class 1 - precision 0.8000 - recall 1.0000 - f1 0.8889 
INFO:root:TEST batch 12 / 29 - Batch time 0 
INFO:root:TEST batch 13 / 29 - partial error 0.1494 - partial loss 0.5633 - partial MRR  0.0000 - partial MAP 0.9105
INFO:root:TEST batch 13 / 29 -  partial tp {0: tensor(0, device='cuda:0'), 1: tensor(8, device='cuda:0')},fn {0: tensor(4, device='cuda:0'), 1: tensor(0, device='cuda:0')},fp {0: tensor(0, device='cuda:0'), 1: tensor(4, device='cuda:0')}
INFO:root:TEST batch 13 / 29 - measures partial microavg - precision 0.6667 - recall 0.6667 - f1 0.6667 
INFO:root:TEST batch 13 / 29 - measures partial for class 0 - precision 0.0000 - recall 0.0000 - f1 0.0000 
INFO:root:TEST batch 13 / 29 - measures partial for class 1 - precision 0.6667 - recall 1.0000 - f1 0.8000 
INFO:root:TEST batch 13 / 29 - Batch time 0 
INFO:root:TEST batch 14 / 29 - partial error 0.1423 - partial loss 0.5297 - partial MRR  0.0000 - partial MAP 0.9168
INFO:root:TEST batch 14 / 29 -  partial tp {0: tensor(0, device='cuda:0'), 1: tensor(36, device='cuda:0')},fn {0: tensor(2, device='cuda:0'), 1: tensor(0, device='cuda:0')},fp {0: tensor(0, device='cuda:0'), 1: tensor(2, device='cuda:0')}
INFO:root:TEST batch 14 / 29 - measures partial microavg - precision 0.9474 - recall 0.9474 - f1 0.9474 
INFO:root:TEST batch 14 / 29 - measures partial for class 0 - precision 0.0000 - recall 0.0000 - f1 0.0000 
INFO:root:TEST batch 14 / 29 - measures partial for class 1 - precision 0.9474 - recall 1.0000 - f1 0.9730 
INFO:root:TEST batch 14 / 29 - Batch time 0 
INFO:root:TEST batch 15 / 29 - partial error 0.1350 - partial loss 0.4953 - partial MRR  0.0000 - partial MAP 0.9211
INFO:root:TEST batch 15 / 29 -  partial tp {0: tensor(0, device='cuda:0'), 1: tensor(28, device='cuda:0')},fn {0: tensor(0, device='cuda:0'), 1: tensor(0, device='cuda:0')},fp {0: tensor(0, device='cuda:0'), 1: tensor(0, device='cuda:0')}
INFO:root:TEST batch 15 / 29 - measures partial microavg - precision 1.0000 - recall 1.0000 - f1 1.0000 
INFO:root:TEST batch 15 / 29 - measures partial for class 0 - precision 0.0000 - recall 0.0000 - f1 0.0000 
INFO:root:TEST batch 15 / 29 - measures partial for class 1 - precision 1.0000 - recall 1.0000 - f1 1.0000 
INFO:root:TEST batch 15 / 29 - Batch time 0 
INFO:root:TEST batch 16 / 29 - partial error 0.1294 - partial loss 0.4651 - partial MRR  0.0000 - partial MAP 0.9244
INFO:root:TEST batch 16 / 29 -  partial tp {0: tensor(0, device='cuda:0'), 1: tensor(24, device='cuda:0')},fn {0: tensor(0, device='cuda:0'), 1: tensor(0, device='cuda:0')},fp {0: tensor(0, device='cuda:0'), 1: tensor(0, device='cuda:0')}
INFO:root:TEST batch 16 / 29 - measures partial microavg - precision 1.0000 - recall 1.0000 - f1 1.0000 
INFO:root:TEST batch 16 / 29 - measures partial for class 0 - precision 0.0000 - recall 0.0000 - f1 0.0000 
INFO:root:TEST batch 16 / 29 - measures partial for class 1 - precision 1.0000 - recall 1.0000 - f1 1.0000 
INFO:root:TEST batch 16 / 29 - Batch time 0 
INFO:root:TEST batch 17 / 29 - partial error 0.1279 - partial loss 0.4620 - partial MRR  0.0000 - partial MAP 0.9226
INFO:root:TEST batch 17 / 29 -  partial tp {0: tensor(0, device='cuda:0'), 1: tensor(20, device='cuda:0')},fn {0: tensor(2, device='cuda:0'), 1: tensor(0, device='cuda:0')},fp {0: tensor(0, device='cuda:0'), 1: tensor(2, device='cuda:0')}
INFO:root:TEST batch 17 / 29 - measures partial microavg - precision 0.9091 - recall 0.9091 - f1 0.9091 
INFO:root:TEST batch 17 / 29 - measures partial for class 0 - precision 0.0000 - recall 0.0000 - f1 0.0000 
INFO:root:TEST batch 17 / 29 - measures partial for class 1 - precision 0.9091 - recall 1.0000 - f1 0.9524 
INFO:root:TEST batch 17 / 29 - Batch time 0 
INFO:root:TEST batch 18 / 29 - partial error 0.1296 - partial loss 0.4797 - partial MRR  0.0000 - partial MAP 0.9182
INFO:root:TEST batch 18 / 29 -  partial tp {0: tensor(0, device='cuda:0'), 1: tensor(6, device='cuda:0')},fn {0: tensor(2, device='cuda:0'), 1: tensor(0, device='cuda:0')},fp {0: tensor(0, device='cuda:0'), 1: tensor(2, device='cuda:0')}
INFO:root:TEST batch 18 / 29 - measures partial microavg - precision 0.7500 - recall 0.7500 - f1 0.7500 
INFO:root:TEST batch 18 / 29 - measures partial for class 0 - precision 0.0000 - recall 0.0000 - f1 0.0000 
INFO:root:TEST batch 18 / 29 - measures partial for class 1 - precision 0.7500 - recall 1.0000 - f1 0.8571 
INFO:root:TEST batch 18 / 29 - Batch time 0 
INFO:root:TEST batch 19 / 29 - partial error 0.1274 - partial loss 0.4667 - partial MRR  0.0000 - partial MAP 0.9212
INFO:root:TEST batch 19 / 29 -  partial tp {0: tensor(0, device='cuda:0'), 1: tensor(24, device='cuda:0')},fn {0: tensor(2, device='cuda:0'), 1: tensor(0, device='cuda:0')},fp {0: tensor(0, device='cuda:0'), 1: tensor(2, device='cuda:0')}
INFO:root:TEST batch 19 / 29 - measures partial microavg - precision 0.9231 - recall 0.9231 - f1 0.9231 
INFO:root:TEST batch 19 / 29 - measures partial for class 0 - precision 0.0000 - recall 0.0000 - f1 0.0000 
INFO:root:TEST batch 19 / 29 - measures partial for class 1 - precision 0.9231 - recall 1.0000 - f1 0.9600 
INFO:root:TEST batch 19 / 29 - Batch time 0 
INFO:root:TEST batch 20 / 29 - partial error 0.1262 - partial loss 0.4577 - partial MRR  0.0000 - partial MAP 0.9197
INFO:root:TEST batch 20 / 29 -  partial tp {0: tensor(0, device='cuda:0'), 1: tensor(20, device='cuda:0')},fn {0: tensor(2, device='cuda:0'), 1: tensor(0, device='cuda:0')},fp {0: tensor(0, device='cuda:0'), 1: tensor(2, device='cuda:0')}
INFO:root:TEST batch 20 / 29 - measures partial microavg - precision 0.9091 - recall 0.9091 - f1 0.9091 
INFO:root:TEST batch 20 / 29 - measures partial for class 0 - precision 0.0000 - recall 0.0000 - f1 0.0000 
INFO:root:TEST batch 20 / 29 - measures partial for class 1 - precision 0.9091 - recall 1.0000 - f1 0.9524 
INFO:root:TEST batch 20 / 29 - Batch time 0 
INFO:root:TEST batch 21 / 29 - partial error 0.1250 - partial loss 0.4491 - partial MRR  0.0000 - partial MAP 0.9206
INFO:root:TEST batch 21 / 29 -  partial tp {0: tensor(0, device='cuda:0'), 1: tensor(20, device='cuda:0')},fn {0: tensor(2, device='cuda:0'), 1: tensor(0, device='cuda:0')},fp {0: tensor(0, device='cuda:0'), 1: tensor(2, device='cuda:0')}
INFO:root:TEST batch 21 / 29 - measures partial microavg - precision 0.9091 - recall 0.9091 - f1 0.9091 
INFO:root:TEST batch 21 / 29 - measures partial for class 0 - precision 0.0000 - recall 0.0000 - f1 0.0000 
INFO:root:TEST batch 21 / 29 - measures partial for class 1 - precision 0.9091 - recall 1.0000 - f1 0.9524 
INFO:root:TEST batch 21 / 29 - Batch time 0 
INFO:root:TEST batch 22 / 29 - partial error 0.1228 - partial loss 0.4292 - partial MRR  0.0000 - partial MAP 0.9220
INFO:root:TEST batch 22 / 29 -  partial tp {0: tensor(0, device='cuda:0'), 1: tensor(12, device='cuda:0')},fn {0: tensor(0, device='cuda:0'), 1: tensor(0, device='cuda:0')},fp {0: tensor(0, device='cuda:0'), 1: tensor(0, device='cuda:0')}
INFO:root:TEST batch 22 / 29 - measures partial microavg - precision 1.0000 - recall 1.0000 - f1 1.0000 
INFO:root:TEST batch 22 / 29 - measures partial for class 0 - precision 0.0000 - recall 0.0000 - f1 0.0000 
INFO:root:TEST batch 22 / 29 - measures partial for class 1 - precision 1.0000 - recall 1.0000 - f1 1.0000 
INFO:root:TEST batch 22 / 29 - Batch time 0 
INFO:root:TEST batch 23 / 29 - partial error 0.1218 - partial loss 0.4219 - partial MRR  0.0000 - partial MAP 0.9239
INFO:root:TEST batch 23 / 29 -  partial tp {0: tensor(0, device='cuda:0'), 1: tensor(20, device='cuda:0')},fn {0: tensor(2, device='cuda:0'), 1: tensor(0, device='cuda:0')},fp {0: tensor(0, device='cuda:0'), 1: tensor(2, device='cuda:0')}
INFO:root:TEST batch 23 / 29 - measures partial microavg - precision 0.9091 - recall 0.9091 - f1 0.9091 
INFO:root:TEST batch 23 / 29 - measures partial for class 0 - precision 0.0000 - recall 0.0000 - f1 0.0000 
INFO:root:TEST batch 23 / 29 - measures partial for class 1 - precision 0.9091 - recall 1.0000 - f1 0.9524 
INFO:root:TEST batch 23 / 29 - Batch time 0 
INFO:root:TEST batch 24 / 29 - partial error 0.1211 - partial loss 0.4049 - partial MRR  0.0000 - partial MAP 0.9243
INFO:root:TEST batch 24 / 29 -  partial tp {0: tensor(0, device='cuda:0'), 1: tensor(4, device='cuda:0')},fn {0: tensor(0, device='cuda:0'), 1: tensor(0, device='cuda:0')},fp {0: tensor(0, device='cuda:0'), 1: tensor(0, device='cuda:0')}
INFO:root:TEST batch 24 / 29 - measures partial microavg - precision 1.0000 - recall 1.0000 - f1 1.0000 
INFO:root:TEST batch 24 / 29 - measures partial for class 0 - precision 0.0000 - recall 0.0000 - f1 0.0000 
INFO:root:TEST batch 24 / 29 - measures partial for class 1 - precision 1.0000 - recall 1.0000 - f1 1.0000 
INFO:root:TEST batch 24 / 29 - Batch time 0 
INFO:root:TEST batch 25 / 29 - partial error 0.1198 - partial loss 0.3889 - partial MRR  0.0000 - partial MAP 0.9251
INFO:root:TEST batch 25 / 29 -  partial tp {0: tensor(0, device='cuda:0'), 1: tensor(8, device='cuda:0')},fn {0: tensor(0, device='cuda:0'), 1: tensor(0, device='cuda:0')},fp {0: tensor(0, device='cuda:0'), 1: tensor(0, device='cuda:0')}
INFO:root:TEST batch 25 / 29 - measures partial microavg - precision 1.0000 - recall 1.0000 - f1 1.0000 
INFO:root:TEST batch 25 / 29 - measures partial for class 0 - precision 0.0000 - recall 0.0000 - f1 0.0000 
INFO:root:TEST batch 25 / 29 - measures partial for class 1 - precision 1.0000 - recall 1.0000 - f1 1.0000 
INFO:root:TEST batch 25 / 29 - Batch time 0 
INFO:root:TEST batch 26 / 29 - partial error 0.1205 - partial loss 0.3850 - partial MRR  0.0000 - partial MAP 0.9264
INFO:root:TEST batch 26 / 29 -  partial tp {0: tensor(0, device='cuda:0'), 1: tensor(10, device='cuda:0')},fn {0: tensor(2, device='cuda:0'), 1: tensor(0, device='cuda:0')},fp {0: tensor(0, device='cuda:0'), 1: tensor(2, device='cuda:0')}
INFO:root:TEST batch 26 / 29 - measures partial microavg - precision 0.8333 - recall 0.8333 - f1 0.8333 
INFO:root:TEST batch 26 / 29 - measures partial for class 0 - precision 0.0000 - recall 0.0000 - f1 0.0000 
INFO:root:TEST batch 26 / 29 - measures partial for class 1 - precision 0.8333 - recall 1.0000 - f1 0.9091 
INFO:root:TEST batch 26 / 29 - Batch time 0 
INFO:root:TEST batch 27 / 29 - partial error 0.1339 - partial loss 0.3918 - partial MRR  0.0000 - partial MAP 0.9229
INFO:root:TEST batch 27 / 29 -  partial tp {0: tensor(0, device='cuda:0'), 1: tensor(18, device='cuda:0')},fn {0: tensor(14, device='cuda:0'), 1: tensor(0, device='cuda:0')},fp {0: tensor(0, device='cuda:0'), 1: tensor(14, device='cuda:0')}
INFO:root:TEST batch 27 / 29 - measures partial microavg - precision 0.5625 - recall 0.5625 - f1 0.5625 
INFO:root:TEST batch 27 / 29 - measures partial for class 0 - precision 0.0000 - recall 0.0000 - f1 0.0000 
INFO:root:TEST batch 27 / 29 - measures partial for class 1 - precision 0.5625 - recall 1.0000 - f1 0.7200 
INFO:root:TEST batch 27 / 29 - Batch time 0 
INFO:root:TEST batch 28 / 29 - partial error 0.1335 - partial loss 0.3897 - partial MRR  0.0000 - partial MAP 0.9168
INFO:root:TEST batch 28 / 29 -  partial tp {0: tensor(0, device='cuda:0'), 1: tensor(28, device='cuda:0')},fn {0: tensor(4, device='cuda:0'), 1: tensor(0, device='cuda:0')},fp {0: tensor(0, device='cuda:0'), 1: tensor(4, device='cuda:0')}
INFO:root:TEST batch 28 / 29 - measures partial microavg - precision 0.8750 - recall 0.8750 - f1 0.8750 
INFO:root:TEST batch 28 / 29 - measures partial for class 0 - precision 0.0000 - recall 0.0000 - f1 0.0000 
INFO:root:TEST batch 28 / 29 - measures partial for class 1 - precision 0.8750 - recall 1.0000 - f1 0.9333 
INFO:root:TEST batch 28 / 29 - Batch time 0 
INFO:root:TEST batch 29 / 29 - partial error 0.1320 - partial loss 0.3804 - partial MRR  0.0000 - partial MAP 0.9185
INFO:root:TEST batch 29 / 29 -  partial tp {0: tensor(0, device='cuda:0'), 1: tensor(22, device='cuda:0')},fn {0: tensor(2, device='cuda:0'), 1: tensor(0, device='cuda:0')},fp {0: tensor(0, device='cuda:0'), 1: tensor(2, device='cuda:0')}
INFO:root:TEST batch 29 / 29 - measures partial microavg - precision 0.9167 - recall 0.9167 - f1 0.9167 
INFO:root:TEST batch 29 / 29 - measures partial for class 0 - precision 0.0000 - recall 0.0000 - f1 0.0000 
INFO:root:TEST batch 29 / 29 - measures partial for class 1 - precision 0.9167 - recall 1.0000 - f1 0.9565 
INFO:root:TEST batch 29 / 29 - Batch time 0 
INFO:root:TEST mean losses tensor(0.3804, device='cuda:0')
INFO:root:TEST mean errors 0.13202933967113495
INFO:root:TEST mean MRR 0.0 - mean MAP 0.9185404133208283
INFO:root:TEST tp {0: tensor(0, device='cuda:0'), 1: tensor(710, device='cuda:0')},fn {0: tensor(108, device='cuda:0'), 1: tensor(0, device='cuda:0')},fp {0: tensor(0, device='cuda:0'), 1: tensor(108, device='cuda:0')}
INFO:root:TEST measures microavg - precision 0.8680 - recall 0.8680 - f1 0.8680 
INFO:root:TEST measures for class 0 - precision 0.0000 - recall 0.0000 - f1 0.0000 
INFO:root:TEST measures for class 1 - precision 0.8680 - recall 1.0000 - f1 0.9293 
INFO:root:TEST measures@10 microavg - precision 0.9065 - recall 0.3081 - f1 0.4599 
INFO:root:TEST measures@10 for class 0 - precision 0.0000 - recall 0.0000 - f1 0.0000 
INFO:root:TEST measures@10 for class 1 - precision 0.9065 - recall 0.3549 - f1 0.5101 
INFO:root:TEST measures@100 microavg - precision 0.8673 - recall 0.8631 - f1 0.8652 
INFO:root:TEST measures@100 for class 0 - precision 0.0000 - recall 0.0000 - f1 0.0000 
INFO:root:TEST measures@100 for class 1 - precision 0.8673 - recall 0.9944 - f1 0.9265 
INFO:root:TEST measures@1000 microavg - precision 0.8680 - recall 0.8680 - f1 0.8680 
INFO:root:TEST measures@1000 for class 0 - precision 0.0000 - recall 0.0000 - f1 0.0000 
INFO:root:TEST measures@1000 for class 1 - precision 0.8680 - recall 1.0000 - f1 0.9293 
INFO:root:TEST Total epoch time: 3.4756704419851303
INFO:root:################ TRAIN epoch 13 ###################
INFO:root:TRAIN mean losses tensor(0.1437, device='cuda:0')
INFO:root:TRAIN mean errors 0.09607017785310745
INFO:root:TRAIN mean MRR 0.0 - mean MAP 0.9465930847477745
INFO:root:TRAIN tp {0: tensor(111, device='cuda:0'), 1: tensor(25651, device='cuda:0')},fn {0: tensor(2373, device='cuda:0'), 1: tensor(365, device='cuda:0')},fp {0: tensor(365, device='cuda:0'), 1: tensor(2373, device='cuda:0')}
INFO:root:TRAIN measures microavg - precision 0.9039 - recall 0.9039 - f1 0.9039 
INFO:root:TRAIN measures for class 0 - precision 0.2332 - recall 0.0447 - f1 0.0750 
INFO:root:TRAIN measures for class 1 - precision 0.9153 - recall 0.9860 - f1 0.9493 
INFO:root:TRAIN measures@10 microavg - precision 0.8610 - recall 0.0302 - f1 0.0584 
INFO:root:TRAIN measures@10 for class 0 - precision 0.1800 - recall 0.0109 - f1 0.0205 
INFO:root:TRAIN measures@10 for class 1 - precision 0.9812 - recall 0.0321 - f1 0.0621 
INFO:root:TRAIN measures@100 microavg - precision 0.9044 - recall 0.2845 - f1 0.4329 
INFO:root:TRAIN measures@100 for class 0 - precision 0.2332 - recall 0.0447 - f1 0.0750 
INFO:root:TRAIN measures@100 for class 1 - precision 0.9420 - recall 0.3074 - f1 0.4636 
INFO:root:TRAIN measures@1000 microavg - precision 0.9024 - recall 0.8724 - f1 0.8871 
INFO:root:TRAIN measures@1000 for class 0 - precision 0.2332 - recall 0.0447 - f1 0.0750 
INFO:root:TRAIN measures@1000 for class 1 - precision 0.9141 - recall 0.9515 - f1 0.9324 
INFO:root:TRAIN Total epoch time: 16.954003989696503
INFO:root:################ VALID epoch 13 ###################
INFO:root:VALID mean losses tensor(0.3942, device='cuda:0')
INFO:root:VALID mean errors 0.2173447608947754
INFO:root:VALID mean MRR 0.0 - mean MAP 0.8044622357302068
INFO:root:VALID tp {0: tensor(0, device='cuda:0'), 1: tensor(1462, device='cuda:0')},fn {0: tensor(346, device='cuda:0'), 1: tensor(60, device='cuda:0')},fp {0: tensor(60, device='cuda:0'), 1: tensor(346, device='cuda:0')}
INFO:root:VALID measures microavg - precision 0.7827 - recall 0.7827 - f1 0.7827 
INFO:root:VALID measures for class 0 - precision 0.0000 - recall 0.0000 - f1 0.0000 
INFO:root:VALID measures for class 1 - precision 0.8086 - recall 0.9606 - f1 0.8781 
INFO:root:VALID measures@10 microavg - precision 0.7071 - recall 0.0530 - f1 0.0986 
INFO:root:VALID measures@10 for class 0 - precision 0.0000 - recall 0.0000 - f1 0.0000 
INFO:root:VALID measures@10 for class 1 - precision 0.7615 - recall 0.0650 - f1 0.1199 
INFO:root:VALID measures@100 microavg - precision 0.7881 - recall 0.5653 - f1 0.6584 
INFO:root:VALID measures@100 for class 0 - precision 0.0000 - recall 0.0000 - f1 0.0000 
INFO:root:VALID measures@100 for class 1 - precision 0.8250 - recall 0.6938 - f1 0.7537 
INFO:root:VALID measures@1000 microavg - precision 0.7827 - recall 0.7827 - f1 0.7827 
INFO:root:VALID measures@1000 for class 0 - precision 0.0000 - recall 0.0000 - f1 0.0000 
INFO:root:VALID measures@1000 for class 1 - precision 0.8086 - recall 0.9606 - f1 0.8781 
INFO:root:VALID Total epoch time: 1.869752787053585
INFO:root:################ TEST epoch 13 ###################
INFO:root:TEST batch 1 / 29 - partial error 0.2444 - partial loss 0.8458 - partial MRR  0.0000 - partial MAP 0.9294
INFO:root:TEST batch 1 / 29 -  partial tp {0: tensor(0, device='cuda:0'), 1: tensor(68, device='cuda:0')},fn {0: tensor(22, device='cuda:0'), 1: tensor(0, device='cuda:0')},fp {0: tensor(0, device='cuda:0'), 1: tensor(22, device='cuda:0')}
INFO:root:TEST batch 1 / 29 - measures partial microavg - precision 0.7556 - recall 0.7556 - f1 0.7556 
INFO:root:TEST batch 1 / 29 - measures partial for class 0 - precision 0.0000 - recall 0.0000 - f1 0.0000 
INFO:root:TEST batch 1 / 29 - measures partial for class 1 - precision 0.7556 - recall 1.0000 - f1 0.8608 
INFO:root:TEST batch 1 / 29 - Batch time 0 
INFO:root:TEST batch 2 / 29 - partial error 0.2090 - partial loss 0.6072 - partial MRR  0.0000 - partial MAP 0.9050
INFO:root:TEST batch 2 / 29 -  partial tp {0: tensor(0, device='cuda:0'), 1: tensor(38, device='cuda:0')},fn {0: tensor(6, device='cuda:0'), 1: tensor(0, device='cuda:0')},fp {0: tensor(0, device='cuda:0'), 1: tensor(6, device='cuda:0')}
INFO:root:TEST batch 2 / 29 - measures partial microavg - precision 0.8636 - recall 0.8636 - f1 0.8636 
INFO:root:TEST batch 2 / 29 - measures partial for class 0 - precision 0.0000 - recall 0.0000 - f1 0.0000 
INFO:root:TEST batch 2 / 29 - measures partial for class 1 - precision 0.8636 - recall 1.0000 - f1 0.9268 
INFO:root:TEST batch 2 / 29 - Batch time 0 
INFO:root:TEST batch 3 / 29 - partial error 0.2500 - partial loss 1.2810 - partial MRR  0.0000 - partial MAP 0.8823
INFO:root:TEST batch 3 / 29 -  partial tp {0: tensor(0, device='cuda:0'), 1: tensor(14, device='cuda:0')},fn {0: tensor(12, device='cuda:0'), 1: tensor(0, device='cuda:0')},fp {0: tensor(0, device='cuda:0'), 1: tensor(12, device='cuda:0')}
INFO:root:TEST batch 3 / 29 - measures partial microavg - precision 0.5385 - recall 0.5385 - f1 0.5385 
INFO:root:TEST batch 3 / 29 - measures partial for class 0 - precision 0.0000 - recall 0.0000 - f1 0.0000 
INFO:root:TEST batch 3 / 29 - measures partial for class 1 - precision 0.5385 - recall 1.0000 - f1 0.7000 
INFO:root:TEST batch 3 / 29 - Batch time 0 
INFO:root:TEST batch 4 / 29 - partial error 0.2323 - partial loss 1.0904 - partial MRR  0.0000 - partial MAP 0.8795
INFO:root:TEST batch 4 / 29 -  partial tp {0: tensor(0, device='cuda:0'), 1: tensor(32, device='cuda:0')},fn {0: tensor(6, device='cuda:0'), 1: tensor(0, device='cuda:0')},fp {0: tensor(0, device='cuda:0'), 1: tensor(6, device='cuda:0')}
INFO:root:TEST batch 4 / 29 - measures partial microavg - precision 0.8421 - recall 0.8421 - f1 0.8421 
INFO:root:TEST batch 4 / 29 - measures partial for class 0 - precision 0.0000 - recall 0.0000 - f1 0.0000 
INFO:root:TEST batch 4 / 29 - measures partial for class 1 - precision 0.8421 - recall 1.0000 - f1 0.9143 
INFO:root:TEST batch 4 / 29 - Batch time 0 
INFO:root:TEST batch 5 / 29 - partial error 0.2202 - partial loss 0.9341 - partial MRR  0.0000 - partial MAP 0.8692
INFO:root:TEST batch 5 / 29 -  partial tp {0: tensor(0, device='cuda:0'), 1: tensor(18, device='cuda:0')},fn {0: tensor(2, device='cuda:0'), 1: tensor(0, device='cuda:0')},fp {0: tensor(0, device='cuda:0'), 1: tensor(2, device='cuda:0')}
INFO:root:TEST batch 5 / 29 - measures partial microavg - precision 0.9000 - recall 0.9000 - f1 0.9000 
INFO:root:TEST batch 5 / 29 - measures partial for class 0 - precision 0.0000 - recall 0.0000 - f1 0.0000 
INFO:root:TEST batch 5 / 29 - measures partial for class 1 - precision 0.9000 - recall 1.0000 - f1 0.9474 
INFO:root:TEST batch 5 / 29 - Batch time 0 
INFO:root:TEST batch 6 / 29 - partial error 0.2155 - partial loss 0.8215 - partial MRR  0.0000 - partial MAP 0.8756
INFO:root:TEST batch 6 / 29 -  partial tp {0: tensor(0, device='cuda:0'), 1: tensor(12, device='cuda:0')},fn {0: tensor(2, device='cuda:0'), 1: tensor(0, device='cuda:0')},fp {0: tensor(0, device='cuda:0'), 1: tensor(2, device='cuda:0')}
INFO:root:TEST batch 6 / 29 - measures partial microavg - precision 0.8571 - recall 0.8571 - f1 0.8571 
INFO:root:TEST batch 6 / 29 - measures partial for class 0 - precision 0.0000 - recall 0.0000 - f1 0.0000 
INFO:root:TEST batch 6 / 29 - measures partial for class 1 - precision 0.8571 - recall 1.0000 - f1 0.9231 
INFO:root:TEST batch 6 / 29 - Batch time 0 
INFO:root:TEST batch 7 / 29 - partial error 0.2114 - partial loss 0.7423 - partial MRR  0.0000 - partial MAP 0.8751
INFO:root:TEST batch 7 / 29 -  partial tp {0: tensor(0, device='cuda:0'), 1: tensor(12, device='cuda:0')},fn {0: tensor(2, device='cuda:0'), 1: tensor(0, device='cuda:0')},fp {0: tensor(0, device='cuda:0'), 1: tensor(2, device='cuda:0')}
INFO:root:TEST batch 7 / 29 - measures partial microavg - precision 0.8571 - recall 0.8571 - f1 0.8571 
INFO:root:TEST batch 7 / 29 - measures partial for class 0 - precision 0.0000 - recall 0.0000 - f1 0.0000 
INFO:root:TEST batch 7 / 29 - measures partial for class 1 - precision 0.8571 - recall 1.0000 - f1 0.9231 
INFO:root:TEST batch 7 / 29 - Batch time 0 
INFO:root:TEST batch 8 / 29 - partial error 0.1926 - partial loss 0.6501 - partial MRR  0.0000 - partial MAP 0.8862
INFO:root:TEST batch 8 / 29 -  partial tp {0: tensor(0, device='cuda:0'), 1: tensor(24, device='cuda:0')},fn {0: tensor(0, device='cuda:0'), 1: tensor(0, device='cuda:0')},fp {0: tensor(0, device='cuda:0'), 1: tensor(0, device='cuda:0')}
INFO:root:TEST batch 8 / 29 - measures partial microavg - precision 1.0000 - recall 1.0000 - f1 1.0000 
INFO:root:TEST batch 8 / 29 - measures partial for class 0 - precision 0.0000 - recall 0.0000 - f1 0.0000 
INFO:root:TEST batch 8 / 29 - measures partial for class 1 - precision 1.0000 - recall 1.0000 - f1 1.0000 
INFO:root:TEST batch 8 / 29 - Batch time 0 
INFO:root:TEST batch 9 / 29 - partial error 0.1871 - partial loss 0.5779 - partial MRR  0.0000 - partial MAP 0.8894
INFO:root:TEST batch 9 / 29 -  partial tp {0: tensor(0, device='cuda:0'), 1: tensor(8, device='cuda:0')},fn {0: tensor(0, device='cuda:0'), 1: tensor(0, device='cuda:0')},fp {0: tensor(0, device='cuda:0'), 1: tensor(0, device='cuda:0')}
INFO:root:TEST batch 9 / 29 - measures partial microavg - precision 1.0000 - recall 1.0000 - f1 1.0000 
INFO:root:TEST batch 9 / 29 - measures partial for class 0 - precision 0.0000 - recall 0.0000 - f1 0.0000 
INFO:root:TEST batch 9 / 29 - measures partial for class 1 - precision 1.0000 - recall 1.0000 - f1 1.0000 
INFO:root:TEST batch 9 / 29 - Batch time 0 
INFO:root:TEST batch 10 / 29 - partial error 0.1414 - partial loss 0.5269 - partial MRR  0.0000 - partial MAP 0.9180
INFO:root:TEST batch 10 / 29 -  partial tp {0: tensor(0, device='cuda:0'), 1: tensor(102, device='cuda:0')},fn {0: tensor(2, device='cuda:0'), 1: tensor(0, device='cuda:0')},fp {0: tensor(0, device='cuda:0'), 1: tensor(2, device='cuda:0')}
INFO:root:TEST batch 10 / 29 - measures partial microavg - precision 0.9808 - recall 0.9808 - f1 0.9808 
INFO:root:TEST batch 10 / 29 - measures partial for class 0 - precision 0.0000 - recall 0.0000 - f1 0.0000 
INFO:root:TEST batch 10 / 29 - measures partial for class 1 - precision 0.9808 - recall 1.0000 - f1 0.9903 
INFO:root:TEST batch 10 / 29 - Batch time 0 
INFO:root:TEST batch 11 / 29 - partial error 0.1381 - partial loss 0.4966 - partial MRR  0.0000 - partial MAP 0.9239
INFO:root:TEST batch 11 / 29 -  partial tp {0: tensor(0, device='cuda:0'), 1: tensor(34, device='cuda:0')},fn {0: tensor(4, device='cuda:0'), 1: tensor(0, device='cuda:0')},fp {0: tensor(0, device='cuda:0'), 1: tensor(4, device='cuda:0')}
INFO:root:TEST batch 11 / 29 - measures partial microavg - precision 0.8947 - recall 0.8947 - f1 0.8947 
INFO:root:TEST batch 11 / 29 - measures partial for class 0 - precision 0.0000 - recall 0.0000 - f1 0.0000 
INFO:root:TEST batch 11 / 29 - measures partial for class 1 - precision 0.8947 - recall 1.0000 - f1 0.9444 
INFO:root:TEST batch 11 / 29 - Batch time 0 
INFO:root:TEST batch 12 / 29 - partial error 0.1447 - partial loss 0.4943 - partial MRR  0.0000 - partial MAP 0.9136
INFO:root:TEST batch 12 / 29 -  partial tp {0: tensor(0, device='cuda:0'), 1: tensor(40, device='cuda:0')},fn {0: tensor(10, device='cuda:0'), 1: tensor(0, device='cuda:0')},fp {0: tensor(0, device='cuda:0'), 1: tensor(10, device='cuda:0')}
INFO:root:TEST batch 12 / 29 - measures partial microavg - precision 0.8000 - recall 0.8000 - f1 0.8000 
INFO:root:TEST batch 12 / 29 - measures partial for class 0 - precision 0.0000 - recall 0.0000 - f1 0.0000 
INFO:root:TEST batch 12 / 29 - measures partial for class 1 - precision 0.8000 - recall 1.0000 - f1 0.8889 
INFO:root:TEST batch 12 / 29 - Batch time 0 
INFO:root:TEST batch 13 / 29 - partial error 0.1494 - partial loss 0.5063 - partial MRR  0.0000 - partial MAP 0.9034
INFO:root:TEST batch 13 / 29 -  partial tp {0: tensor(0, device='cuda:0'), 1: tensor(8, device='cuda:0')},fn {0: tensor(4, device='cuda:0'), 1: tensor(0, device='cuda:0')},fp {0: tensor(0, device='cuda:0'), 1: tensor(4, device='cuda:0')}
INFO:root:TEST batch 13 / 29 - measures partial microavg - precision 0.6667 - recall 0.6667 - f1 0.6667 
INFO:root:TEST batch 13 / 29 - measures partial for class 0 - precision 0.0000 - recall 0.0000 - f1 0.0000 
INFO:root:TEST batch 13 / 29 - measures partial for class 1 - precision 0.6667 - recall 1.0000 - f1 0.8000 
INFO:root:TEST batch 13 / 29 - Batch time 0 
INFO:root:TEST batch 14 / 29 - partial error 0.1423 - partial loss 0.4771 - partial MRR  0.0000 - partial MAP 0.9103
INFO:root:TEST batch 14 / 29 -  partial tp {0: tensor(0, device='cuda:0'), 1: tensor(36, device='cuda:0')},fn {0: tensor(2, device='cuda:0'), 1: tensor(0, device='cuda:0')},fp {0: tensor(0, device='cuda:0'), 1: tensor(2, device='cuda:0')}
INFO:root:TEST batch 14 / 29 - measures partial microavg - precision 0.9474 - recall 0.9474 - f1 0.9474 
INFO:root:TEST batch 14 / 29 - measures partial for class 0 - precision 0.0000 - recall 0.0000 - f1 0.0000 
INFO:root:TEST batch 14 / 29 - measures partial for class 1 - precision 0.9474 - recall 1.0000 - f1 0.9730 
INFO:root:TEST batch 14 / 29 - Batch time 0 
INFO:root:TEST batch 15 / 29 - partial error 0.1350 - partial loss 0.4458 - partial MRR  0.0000 - partial MAP 0.9149
INFO:root:TEST batch 15 / 29 -  partial tp {0: tensor(0, device='cuda:0'), 1: tensor(28, device='cuda:0')},fn {0: tensor(0, device='cuda:0'), 1: tensor(0, device='cuda:0')},fp {0: tensor(0, device='cuda:0'), 1: tensor(0, device='cuda:0')}
INFO:root:TEST batch 15 / 29 - measures partial microavg - precision 1.0000 - recall 1.0000 - f1 1.0000 
INFO:root:TEST batch 15 / 29 - measures partial for class 0 - precision 0.0000 - recall 0.0000 - f1 0.0000 
INFO:root:TEST batch 15 / 29 - measures partial for class 1 - precision 1.0000 - recall 1.0000 - f1 1.0000 
INFO:root:TEST batch 15 / 29 - Batch time 0 
INFO:root:TEST batch 16 / 29 - partial error 0.1294 - partial loss 0.4183 - partial MRR  0.0000 - partial MAP 0.9184
INFO:root:TEST batch 16 / 29 -  partial tp {0: tensor(0, device='cuda:0'), 1: tensor(24, device='cuda:0')},fn {0: tensor(0, device='cuda:0'), 1: tensor(0, device='cuda:0')},fp {0: tensor(0, device='cuda:0'), 1: tensor(0, device='cuda:0')}
INFO:root:TEST batch 16 / 29 - measures partial microavg - precision 1.0000 - recall 1.0000 - f1 1.0000 
INFO:root:TEST batch 16 / 29 - measures partial for class 0 - precision 0.0000 - recall 0.0000 - f1 0.0000 
INFO:root:TEST batch 16 / 29 - measures partial for class 1 - precision 1.0000 - recall 1.0000 - f1 1.0000 
INFO:root:TEST batch 16 / 29 - Batch time 0 
INFO:root:TEST batch 17 / 29 - partial error 0.1279 - partial loss 0.4269 - partial MRR  0.0000 - partial MAP 0.9158
INFO:root:TEST batch 17 / 29 -  partial tp {0: tensor(0, device='cuda:0'), 1: tensor(20, device='cuda:0')},fn {0: tensor(2, device='cuda:0'), 1: tensor(0, device='cuda:0')},fp {0: tensor(0, device='cuda:0'), 1: tensor(2, device='cuda:0')}
INFO:root:TEST batch 17 / 29 - measures partial microavg - precision 0.9091 - recall 0.9091 - f1 0.9091 
INFO:root:TEST batch 17 / 29 - measures partial for class 0 - precision 0.0000 - recall 0.0000 - f1 0.0000 
INFO:root:TEST batch 17 / 29 - measures partial for class 1 - precision 0.9091 - recall 1.0000 - f1 0.9524 
INFO:root:TEST batch 17 / 29 - Batch time 0 
INFO:root:TEST batch 18 / 29 - partial error 0.1296 - partial loss 0.4709 - partial MRR  0.0000 - partial MAP 0.9158
INFO:root:TEST batch 18 / 29 -  partial tp {0: tensor(0, device='cuda:0'), 1: tensor(6, device='cuda:0')},fn {0: tensor(2, device='cuda:0'), 1: tensor(0, device='cuda:0')},fp {0: tensor(0, device='cuda:0'), 1: tensor(2, device='cuda:0')}
INFO:root:TEST batch 18 / 29 - measures partial microavg - precision 0.7500 - recall 0.7500 - f1 0.7500 
INFO:root:TEST batch 18 / 29 - measures partial for class 0 - precision 0.0000 - recall 0.0000 - f1 0.0000 
INFO:root:TEST batch 18 / 29 - measures partial for class 1 - precision 0.7500 - recall 1.0000 - f1 0.8571 
INFO:root:TEST batch 18 / 29 - Batch time 0 
INFO:root:TEST batch 19 / 29 - partial error 0.1274 - partial loss 0.4629 - partial MRR  0.0000 - partial MAP 0.9188
INFO:root:TEST batch 19 / 29 -  partial tp {0: tensor(0, device='cuda:0'), 1: tensor(24, device='cuda:0')},fn {0: tensor(2, device='cuda:0'), 1: tensor(0, device='cuda:0')},fp {0: tensor(0, device='cuda:0'), 1: tensor(2, device='cuda:0')}
INFO:root:TEST batch 19 / 29 - measures partial microavg - precision 0.9231 - recall 0.9231 - f1 0.9231 
INFO:root:TEST batch 19 / 29 - measures partial for class 0 - precision 0.0000 - recall 0.0000 - f1 0.0000 
INFO:root:TEST batch 19 / 29 - measures partial for class 1 - precision 0.9231 - recall 1.0000 - f1 0.9600 
INFO:root:TEST batch 19 / 29 - Batch time 0 
INFO:root:TEST batch 20 / 29 - partial error 0.1262 - partial loss 0.4612 - partial MRR  0.0000 - partial MAP 0.9173
INFO:root:TEST batch 20 / 29 -  partial tp {0: tensor(0, device='cuda:0'), 1: tensor(20, device='cuda:0')},fn {0: tensor(2, device='cuda:0'), 1: tensor(0, device='cuda:0')},fp {0: tensor(0, device='cuda:0'), 1: tensor(2, device='cuda:0')}
INFO:root:TEST batch 20 / 29 - measures partial microavg - precision 0.9091 - recall 0.9091 - f1 0.9091 
INFO:root:TEST batch 20 / 29 - measures partial for class 0 - precision 0.0000 - recall 0.0000 - f1 0.0000 
INFO:root:TEST batch 20 / 29 - measures partial for class 1 - precision 0.9091 - recall 1.0000 - f1 0.9524 
INFO:root:TEST batch 20 / 29 - Batch time 0 
INFO:root:TEST batch 21 / 29 - partial error 0.1250 - partial loss 0.4559 - partial MRR  0.0000 - partial MAP 0.9183
INFO:root:TEST batch 21 / 29 -  partial tp {0: tensor(0, device='cuda:0'), 1: tensor(20, device='cuda:0')},fn {0: tensor(2, device='cuda:0'), 1: tensor(0, device='cuda:0')},fp {0: tensor(0, device='cuda:0'), 1: tensor(2, device='cuda:0')}
INFO:root:TEST batch 21 / 29 - measures partial microavg - precision 0.9091 - recall 0.9091 - f1 0.9091 
INFO:root:TEST batch 21 / 29 - measures partial for class 0 - precision 0.0000 - recall 0.0000 - f1 0.0000 
INFO:root:TEST batch 21 / 29 - measures partial for class 1 - precision 0.9091 - recall 1.0000 - f1 0.9524 
INFO:root:TEST batch 21 / 29 - Batch time 0 
INFO:root:TEST batch 22 / 29 - partial error 0.1228 - partial loss 0.4353 - partial MRR  0.0000 - partial MAP 0.9197
INFO:root:TEST batch 22 / 29 -  partial tp {0: tensor(0, device='cuda:0'), 1: tensor(12, device='cuda:0')},fn {0: tensor(0, device='cuda:0'), 1: tensor(0, device='cuda:0')},fp {0: tensor(0, device='cuda:0'), 1: tensor(0, device='cuda:0')}
INFO:root:TEST batch 22 / 29 - measures partial microavg - precision 1.0000 - recall 1.0000 - f1 1.0000 
INFO:root:TEST batch 22 / 29 - measures partial for class 0 - precision 0.0000 - recall 0.0000 - f1 0.0000 
INFO:root:TEST batch 22 / 29 - measures partial for class 1 - precision 1.0000 - recall 1.0000 - f1 1.0000 
INFO:root:TEST batch 22 / 29 - Batch time 0 
INFO:root:TEST batch 23 / 29 - partial error 0.1218 - partial loss 0.4290 - partial MRR  0.0000 - partial MAP 0.9216
INFO:root:TEST batch 23 / 29 -  partial tp {0: tensor(0, device='cuda:0'), 1: tensor(20, device='cuda:0')},fn {0: tensor(2, device='cuda:0'), 1: tensor(0, device='cuda:0')},fp {0: tensor(0, device='cuda:0'), 1: tensor(2, device='cuda:0')}
INFO:root:TEST batch 23 / 29 - measures partial microavg - precision 0.9091 - recall 0.9091 - f1 0.9091 
INFO:root:TEST batch 23 / 29 - measures partial for class 0 - precision 0.0000 - recall 0.0000 - f1 0.0000 
INFO:root:TEST batch 23 / 29 - measures partial for class 1 - precision 0.9091 - recall 1.0000 - f1 0.9524 
INFO:root:TEST batch 23 / 29 - Batch time 0 
INFO:root:TEST batch 24 / 29 - partial error 0.1211 - partial loss 0.4114 - partial MRR  0.0000 - partial MAP 0.9220
INFO:root:TEST batch 24 / 29 -  partial tp {0: tensor(0, device='cuda:0'), 1: tensor(4, device='cuda:0')},fn {0: tensor(0, device='cuda:0'), 1: tensor(0, device='cuda:0')},fp {0: tensor(0, device='cuda:0'), 1: tensor(0, device='cuda:0')}
INFO:root:TEST batch 24 / 29 - measures partial microavg - precision 1.0000 - recall 1.0000 - f1 1.0000 
INFO:root:TEST batch 24 / 29 - measures partial for class 0 - precision 0.0000 - recall 0.0000 - f1 0.0000 
INFO:root:TEST batch 24 / 29 - measures partial for class 1 - precision 1.0000 - recall 1.0000 - f1 1.0000 
INFO:root:TEST batch 24 / 29 - Batch time 0 
INFO:root:TEST batch 25 / 29 - partial error 0.1198 - partial loss 0.3950 - partial MRR  0.0000 - partial MAP 0.9229
INFO:root:TEST batch 25 / 29 -  partial tp {0: tensor(0, device='cuda:0'), 1: tensor(8, device='cuda:0')},fn {0: tensor(0, device='cuda:0'), 1: tensor(0, device='cuda:0')},fp {0: tensor(0, device='cuda:0'), 1: tensor(0, device='cuda:0')}
INFO:root:TEST batch 25 / 29 - measures partial microavg - precision 1.0000 - recall 1.0000 - f1 1.0000 
INFO:root:TEST batch 25 / 29 - measures partial for class 0 - precision 0.0000 - recall 0.0000 - f1 0.0000 
INFO:root:TEST batch 25 / 29 - measures partial for class 1 - precision 1.0000 - recall 1.0000 - f1 1.0000 
INFO:root:TEST batch 25 / 29 - Batch time 0 
INFO:root:TEST batch 26 / 29 - partial error 0.1205 - partial loss 0.3934 - partial MRR  0.0000 - partial MAP 0.9242
INFO:root:TEST batch 26 / 29 -  partial tp {0: tensor(0, device='cuda:0'), 1: tensor(10, device='cuda:0')},fn {0: tensor(2, device='cuda:0'), 1: tensor(0, device='cuda:0')},fp {0: tensor(0, device='cuda:0'), 1: tensor(2, device='cuda:0')}
INFO:root:TEST batch 26 / 29 - measures partial microavg - precision 0.8333 - recall 0.8333 - f1 0.8333 
INFO:root:TEST batch 26 / 29 - measures partial for class 0 - precision 0.0000 - recall 0.0000 - f1 0.0000 
INFO:root:TEST batch 26 / 29 - measures partial for class 1 - precision 0.8333 - recall 1.0000 - f1 0.9091 
INFO:root:TEST batch 26 / 29 - Batch time 0 
INFO:root:TEST batch 27 / 29 - partial error 0.1339 - partial loss 0.3964 - partial MRR  0.0000 - partial MAP 0.9178
INFO:root:TEST batch 27 / 29 -  partial tp {0: tensor(0, device='cuda:0'), 1: tensor(18, device='cuda:0')},fn {0: tensor(14, device='cuda:0'), 1: tensor(0, device='cuda:0')},fp {0: tensor(0, device='cuda:0'), 1: tensor(14, device='cuda:0')}
INFO:root:TEST batch 27 / 29 - measures partial microavg - precision 0.5625 - recall 0.5625 - f1 0.5625 
INFO:root:TEST batch 27 / 29 - measures partial for class 0 - precision 0.0000 - recall 0.0000 - f1 0.0000 
INFO:root:TEST batch 27 / 29 - measures partial for class 1 - precision 0.5625 - recall 1.0000 - f1 0.7200 
INFO:root:TEST batch 27 / 29 - Batch time 0 
INFO:root:TEST batch 28 / 29 - partial error 0.1335 - partial loss 0.4039 - partial MRR  0.0000 - partial MAP 0.9119
INFO:root:TEST batch 28 / 29 -  partial tp {0: tensor(0, device='cuda:0'), 1: tensor(28, device='cuda:0')},fn {0: tensor(4, device='cuda:0'), 1: tensor(0, device='cuda:0')},fp {0: tensor(0, device='cuda:0'), 1: tensor(4, device='cuda:0')}
INFO:root:TEST batch 28 / 29 - measures partial microavg - precision 0.8750 - recall 0.8750 - f1 0.8750 
INFO:root:TEST batch 28 / 29 - measures partial for class 0 - precision 0.0000 - recall 0.0000 - f1 0.0000 
INFO:root:TEST batch 28 / 29 - measures partial for class 1 - precision 0.8750 - recall 1.0000 - f1 0.9333 
INFO:root:TEST batch 28 / 29 - Batch time 0 
INFO:root:TEST batch 29 / 29 - partial error 0.1320 - partial loss 0.3952 - partial MRR  0.0000 - partial MAP 0.9145
INFO:root:TEST batch 29 / 29 -  partial tp {0: tensor(0, device='cuda:0'), 1: tensor(22, device='cuda:0')},fn {0: tensor(2, device='cuda:0'), 1: tensor(0, device='cuda:0')},fp {0: tensor(0, device='cuda:0'), 1: tensor(2, device='cuda:0')}
INFO:root:TEST batch 29 / 29 - measures partial microavg - precision 0.9167 - recall 0.9167 - f1 0.9167 
INFO:root:TEST batch 29 / 29 - measures partial for class 0 - precision 0.0000 - recall 0.0000 - f1 0.0000 
INFO:root:TEST batch 29 / 29 - measures partial for class 1 - precision 0.9167 - recall 1.0000 - f1 0.9565 
INFO:root:TEST batch 29 / 29 - Batch time 0 
INFO:root:TEST mean losses tensor(0.3952, device='cuda:0')
INFO:root:TEST mean errors 0.13202933967113495
INFO:root:TEST mean MRR 0.0 - mean MAP 0.9144821832154929
INFO:root:TEST tp {0: tensor(0, device='cuda:0'), 1: tensor(710, device='cuda:0')},fn {0: tensor(108, device='cuda:0'), 1: tensor(0, device='cuda:0')},fp {0: tensor(0, device='cuda:0'), 1: tensor(108, device='cuda:0')}
INFO:root:TEST measures microavg - precision 0.8680 - recall 0.8680 - f1 0.8680 
INFO:root:TEST measures for class 0 - precision 0.0000 - recall 0.0000 - f1 0.0000 
INFO:root:TEST measures for class 1 - precision 0.8680 - recall 1.0000 - f1 0.9293 
INFO:root:TEST measures@10 microavg - precision 0.9029 - recall 0.3068 - f1 0.4580 
INFO:root:TEST measures@10 for class 0 - precision 0.0000 - recall 0.0000 - f1 0.0000 
INFO:root:TEST measures@10 for class 1 - precision 0.9029 - recall 0.3535 - f1 0.5081 
INFO:root:TEST measures@100 microavg - precision 0.8673 - recall 0.8631 - f1 0.8652 
INFO:root:TEST measures@100 for class 0 - precision 0.0000 - recall 0.0000 - f1 0.0000 
INFO:root:TEST measures@100 for class 1 - precision 0.8673 - recall 0.9944 - f1 0.9265 
INFO:root:TEST measures@1000 microavg - precision 0.8680 - recall 0.8680 - f1 0.8680 
INFO:root:TEST measures@1000 for class 0 - precision 0.0000 - recall 0.0000 - f1 0.0000 
INFO:root:TEST measures@1000 for class 1 - precision 0.8680 - recall 1.0000 - f1 0.9293 
INFO:root:TEST Total epoch time: 3.5933022731915116
INFO:root:################ TRAIN epoch 14 ###################
INFO:root:TRAIN mean losses tensor(0.1406, device='cuda:0')
INFO:root:TRAIN mean errors 0.09708771854639053
INFO:root:TRAIN mean MRR 0.0 - mean MAP 0.946221960433043
INFO:root:TRAIN tp {0: tensor(347, device='cuda:0'), 1: tensor(25386, device='cuda:0')},fn {0: tensor(2137, device='cuda:0'), 1: tensor(630, device='cuda:0')},fp {0: tensor(630, device='cuda:0'), 1: tensor(2137, device='cuda:0')}
INFO:root:TRAIN measures microavg - precision 0.9029 - recall 0.9029 - f1 0.9029 
INFO:root:TRAIN measures for class 0 - precision 0.3552 - recall 0.1397 - f1 0.2005 
INFO:root:TRAIN measures for class 1 - precision 0.9224 - recall 0.9758 - f1 0.9483 
INFO:root:TRAIN measures@10 microavg - precision 0.8165 - recall 0.0309 - f1 0.0596 
INFO:root:TRAIN measures@10 for class 0 - precision 0.2227 - recall 0.0205 - f1 0.0376 
INFO:root:TRAIN measures@10 for class 1 - precision 0.9765 - recall 0.0319 - f1 0.0618 
INFO:root:TRAIN measures@100 microavg - precision 0.8856 - recall 0.2920 - f1 0.4391 
INFO:root:TRAIN measures@100 for class 0 - precision 0.3637 - recall 0.1365 - f1 0.1985 
INFO:root:TRAIN measures@100 for class 1 - precision 0.9431 - recall 0.3068 - f1 0.4630 
INFO:root:TRAIN measures@1000 microavg - precision 0.9010 - recall 0.8711 - f1 0.8858 
INFO:root:TRAIN measures@1000 for class 0 - precision 0.3552 - recall 0.1397 - f1 0.2005 
INFO:root:TRAIN measures@1000 for class 1 - precision 0.9211 - recall 0.9409 - f1 0.9309 
INFO:root:TRAIN Total epoch time: 17.47145624551922
INFO:root:################ VALID epoch 14 ###################
INFO:root:VALID mean losses tensor(0.2779, device='cuda:0')
INFO:root:VALID mean errors 0.23661670088768005
INFO:root:VALID mean MRR 0.0 - mean MAP 0.8004199648419333
INFO:root:VALID tp {0: tensor(8, device='cuda:0'), 1: tensor(1418, device='cuda:0')},fn {0: tensor(338, device='cuda:0'), 1: tensor(104, device='cuda:0')},fp {0: tensor(104, device='cuda:0'), 1: tensor(338, device='cuda:0')}
INFO:root:VALID measures microavg - precision 0.7634 - recall 0.7634 - f1 0.7634 
INFO:root:VALID measures for class 0 - precision 0.0714 - recall 0.0231 - f1 0.0349 
INFO:root:VALID measures for class 1 - precision 0.8075 - recall 0.9317 - f1 0.8652 
INFO:root:VALID measures@10 microavg - precision 0.6012 - recall 0.0541 - f1 0.0992 
INFO:root:VALID measures@10 for class 0 - precision 0.1579 - recall 0.0173 - f1 0.0312 
INFO:root:VALID measures@10 for class 1 - precision 0.7308 - recall 0.0624 - f1 0.1150 
INFO:root:VALID measures@100 microavg - precision 0.7629 - recall 0.5685 - f1 0.6515 
INFO:root:VALID measures@100 for class 0 - precision 0.0714 - recall 0.0231 - f1 0.0349 
INFO:root:VALID measures@100 for class 1 - precision 0.8234 - recall 0.6925 - f1 0.7523 
INFO:root:VALID measures@1000 microavg - precision 0.7634 - recall 0.7634 - f1 0.7634 
INFO:root:VALID measures@1000 for class 0 - precision 0.0714 - recall 0.0231 - f1 0.0349 
INFO:root:VALID measures@1000 for class 1 - precision 0.8075 - recall 0.9317 - f1 0.8652 
INFO:root:VALID Total epoch time: 1.8556302823126316
### w0) ep 14 - Best valid measure:0.034934497816593885
INFO:root:################ TEST epoch 14 ###################
INFO:root:TEST batch 1 / 29 - partial error 0.2444 - partial loss 0.4729 - partial MRR  0.0000 - partial MAP 0.8625
INFO:root:TEST batch 1 / 29 -  partial tp {0: tensor(0, device='cuda:0'), 1: tensor(68, device='cuda:0')},fn {0: tensor(22, device='cuda:0'), 1: tensor(0, device='cuda:0')},fp {0: tensor(0, device='cuda:0'), 1: tensor(22, device='cuda:0')}
INFO:root:TEST batch 1 / 29 - measures partial microavg - precision 0.7556 - recall 0.7556 - f1 0.7556 
INFO:root:TEST batch 1 / 29 - measures partial for class 0 - precision 0.0000 - recall 0.0000 - f1 0.0000 
INFO:root:TEST batch 1 / 29 - measures partial for class 1 - precision 0.7556 - recall 1.0000 - f1 0.8608 
INFO:root:TEST batch 1 / 29 - Batch time 0 
INFO:root:TEST batch 2 / 29 - partial error 0.2090 - partial loss 0.3711 - partial MRR  0.0000 - partial MAP 0.8642
INFO:root:TEST batch 2 / 29 -  partial tp {0: tensor(0, device='cuda:0'), 1: tensor(38, device='cuda:0')},fn {0: tensor(6, device='cuda:0'), 1: tensor(0, device='cuda:0')},fp {0: tensor(0, device='cuda:0'), 1: tensor(6, device='cuda:0')}
INFO:root:TEST batch 2 / 29 - measures partial microavg - precision 0.8636 - recall 0.8636 - f1 0.8636 
INFO:root:TEST batch 2 / 29 - measures partial for class 0 - precision 0.0000 - recall 0.0000 - f1 0.0000 
INFO:root:TEST batch 2 / 29 - measures partial for class 1 - precision 0.8636 - recall 1.0000 - f1 0.9268 
INFO:root:TEST batch 2 / 29 - Batch time 0 
INFO:root:TEST batch 3 / 29 - partial error 0.2500 - partial loss 0.5728 - partial MRR  0.0000 - partial MAP 0.8051
INFO:root:TEST batch 3 / 29 -  partial tp {0: tensor(0, device='cuda:0'), 1: tensor(14, device='cuda:0')},fn {0: tensor(12, device='cuda:0'), 1: tensor(0, device='cuda:0')},fp {0: tensor(0, device='cuda:0'), 1: tensor(12, device='cuda:0')}
INFO:root:TEST batch 3 / 29 - measures partial microavg - precision 0.5385 - recall 0.5385 - f1 0.5385 
INFO:root:TEST batch 3 / 29 - measures partial for class 0 - precision 0.0000 - recall 0.0000 - f1 0.0000 
INFO:root:TEST batch 3 / 29 - measures partial for class 1 - precision 0.5385 - recall 1.0000 - f1 0.7000 
INFO:root:TEST batch 3 / 29 - Batch time 0 
INFO:root:TEST batch 4 / 29 - partial error 0.2323 - partial loss 0.5041 - partial MRR  0.0000 - partial MAP 0.8261
INFO:root:TEST batch 4 / 29 -  partial tp {0: tensor(0, device='cuda:0'), 1: tensor(32, device='cuda:0')},fn {0: tensor(6, device='cuda:0'), 1: tensor(0, device='cuda:0')},fp {0: tensor(0, device='cuda:0'), 1: tensor(6, device='cuda:0')}
INFO:root:TEST batch 4 / 29 - measures partial microavg - precision 0.8421 - recall 0.8421 - f1 0.8421 
INFO:root:TEST batch 4 / 29 - measures partial for class 0 - precision 0.0000 - recall 0.0000 - f1 0.0000 
INFO:root:TEST batch 4 / 29 - measures partial for class 1 - precision 0.8421 - recall 1.0000 - f1 0.9143 
INFO:root:TEST batch 4 / 29 - Batch time 0 
INFO:root:TEST batch 5 / 29 - partial error 0.2202 - partial loss 0.4480 - partial MRR  0.0000 - partial MAP 0.8215
INFO:root:TEST batch 5 / 29 -  partial tp {0: tensor(0, device='cuda:0'), 1: tensor(18, device='cuda:0')},fn {0: tensor(2, device='cuda:0'), 1: tensor(0, device='cuda:0')},fp {0: tensor(0, device='cuda:0'), 1: tensor(2, device='cuda:0')}
INFO:root:TEST batch 5 / 29 - measures partial microavg - precision 0.9000 - recall 0.9000 - f1 0.9000 
INFO:root:TEST batch 5 / 29 - measures partial for class 0 - precision 0.0000 - recall 0.0000 - f1 0.0000 
INFO:root:TEST batch 5 / 29 - measures partial for class 1 - precision 0.9000 - recall 1.0000 - f1 0.9474 
INFO:root:TEST batch 5 / 29 - Batch time 0 
INFO:root:TEST batch 6 / 29 - partial error 0.2155 - partial loss 0.4155 - partial MRR  0.0000 - partial MAP 0.8205
INFO:root:TEST batch 6 / 29 -  partial tp {0: tensor(0, device='cuda:0'), 1: tensor(12, device='cuda:0')},fn {0: tensor(2, device='cuda:0'), 1: tensor(0, device='cuda:0')},fp {0: tensor(0, device='cuda:0'), 1: tensor(2, device='cuda:0')}
INFO:root:TEST batch 6 / 29 - measures partial microavg - precision 0.8571 - recall 0.8571 - f1 0.8571 
INFO:root:TEST batch 6 / 29 - measures partial for class 0 - precision 0.0000 - recall 0.0000 - f1 0.0000 
INFO:root:TEST batch 6 / 29 - measures partial for class 1 - precision 0.8571 - recall 1.0000 - f1 0.9231 
INFO:root:TEST batch 6 / 29 - Batch time 0 
INFO:root:TEST batch 7 / 29 - partial error 0.2114 - partial loss 0.3909 - partial MRR  0.0000 - partial MAP 0.8197
INFO:root:TEST batch 7 / 29 -  partial tp {0: tensor(0, device='cuda:0'), 1: tensor(12, device='cuda:0')},fn {0: tensor(2, device='cuda:0'), 1: tensor(0, device='cuda:0')},fp {0: tensor(0, device='cuda:0'), 1: tensor(2, device='cuda:0')}
INFO:root:TEST batch 7 / 29 - measures partial microavg - precision 0.8571 - recall 0.8571 - f1 0.8571 
INFO:root:TEST batch 7 / 29 - measures partial for class 0 - precision 0.0000 - recall 0.0000 - f1 0.0000 
INFO:root:TEST batch 7 / 29 - measures partial for class 1 - precision 0.8571 - recall 1.0000 - f1 0.9231 
INFO:root:TEST batch 7 / 29 - Batch time 0 
INFO:root:TEST batch 8 / 29 - partial error 0.1926 - partial loss 0.3462 - partial MRR  0.0000 - partial MAP 0.8357
INFO:root:TEST batch 8 / 29 -  partial tp {0: tensor(0, device='cuda:0'), 1: tensor(24, device='cuda:0')},fn {0: tensor(0, device='cuda:0'), 1: tensor(0, device='cuda:0')},fp {0: tensor(0, device='cuda:0'), 1: tensor(0, device='cuda:0')}
INFO:root:TEST batch 8 / 29 - measures partial microavg - precision 1.0000 - recall 1.0000 - f1 1.0000 
INFO:root:TEST batch 8 / 29 - measures partial for class 0 - precision 0.0000 - recall 0.0000 - f1 0.0000 
INFO:root:TEST batch 8 / 29 - measures partial for class 1 - precision 1.0000 - recall 1.0000 - f1 1.0000 
INFO:root:TEST batch 8 / 29 - Batch time 0 
INFO:root:TEST batch 9 / 29 - partial error 0.1871 - partial loss 0.3108 - partial MRR  0.0000 - partial MAP 0.8404
INFO:root:TEST batch 9 / 29 -  partial tp {0: tensor(0, device='cuda:0'), 1: tensor(8, device='cuda:0')},fn {0: tensor(0, device='cuda:0'), 1: tensor(0, device='cuda:0')},fp {0: tensor(0, device='cuda:0'), 1: tensor(0, device='cuda:0')}
INFO:root:TEST batch 9 / 29 - measures partial microavg - precision 1.0000 - recall 1.0000 - f1 1.0000 
INFO:root:TEST batch 9 / 29 - measures partial for class 0 - precision 0.0000 - recall 0.0000 - f1 0.0000 
INFO:root:TEST batch 9 / 29 - measures partial for class 1 - precision 1.0000 - recall 1.0000 - f1 1.0000 
INFO:root:TEST batch 9 / 29 - Batch time 0 
INFO:root:TEST batch 10 / 29 - partial error 0.1414 - partial loss 0.2856 - partial MRR  0.0000 - partial MAP 0.8835
INFO:root:TEST batch 10 / 29 -  partial tp {0: tensor(0, device='cuda:0'), 1: tensor(102, device='cuda:0')},fn {0: tensor(2, device='cuda:0'), 1: tensor(0, device='cuda:0')},fp {0: tensor(0, device='cuda:0'), 1: tensor(2, device='cuda:0')}
INFO:root:TEST batch 10 / 29 - measures partial microavg - precision 0.9808 - recall 0.9808 - f1 0.9808 
INFO:root:TEST batch 10 / 29 - measures partial for class 0 - precision 0.0000 - recall 0.0000 - f1 0.0000 
INFO:root:TEST batch 10 / 29 - measures partial for class 1 - precision 0.9808 - recall 1.0000 - f1 0.9903 
INFO:root:TEST batch 10 / 29 - Batch time 0 
INFO:root:TEST batch 11 / 29 - partial error 0.1381 - partial loss 0.2738 - partial MRR  0.0000 - partial MAP 0.8927
INFO:root:TEST batch 11 / 29 -  partial tp {0: tensor(0, device='cuda:0'), 1: tensor(34, device='cuda:0')},fn {0: tensor(4, device='cuda:0'), 1: tensor(0, device='cuda:0')},fp {0: tensor(0, device='cuda:0'), 1: tensor(4, device='cuda:0')}
INFO:root:TEST batch 11 / 29 - measures partial microavg - precision 0.8947 - recall 0.8947 - f1 0.8947 
INFO:root:TEST batch 11 / 29 - measures partial for class 0 - precision 0.0000 - recall 0.0000 - f1 0.0000 
INFO:root:TEST batch 11 / 29 - measures partial for class 1 - precision 0.8947 - recall 1.0000 - f1 0.9444 
INFO:root:TEST batch 11 / 29 - Batch time 0 
INFO:root:TEST batch 12 / 29 - partial error 0.1447 - partial loss 0.2730 - partial MRR  0.0000 - partial MAP 0.8865
INFO:root:TEST batch 12 / 29 -  partial tp {0: tensor(0, device='cuda:0'), 1: tensor(40, device='cuda:0')},fn {0: tensor(10, device='cuda:0'), 1: tensor(0, device='cuda:0')},fp {0: tensor(0, device='cuda:0'), 1: tensor(10, device='cuda:0')}
INFO:root:TEST batch 12 / 29 - measures partial microavg - precision 0.8000 - recall 0.8000 - f1 0.8000 
INFO:root:TEST batch 12 / 29 - measures partial for class 0 - precision 0.0000 - recall 0.0000 - f1 0.0000 
INFO:root:TEST batch 12 / 29 - measures partial for class 1 - precision 0.8000 - recall 1.0000 - f1 0.8889 
INFO:root:TEST batch 12 / 29 - Batch time 0 
INFO:root:TEST batch 13 / 29 - partial error 0.1494 - partial loss 0.2860 - partial MRR  0.0000 - partial MAP 0.8832
INFO:root:TEST batch 13 / 29 -  partial tp {0: tensor(0, device='cuda:0'), 1: tensor(8, device='cuda:0')},fn {0: tensor(4, device='cuda:0'), 1: tensor(0, device='cuda:0')},fp {0: tensor(0, device='cuda:0'), 1: tensor(4, device='cuda:0')}
INFO:root:TEST batch 13 / 29 - measures partial microavg - precision 0.6667 - recall 0.6667 - f1 0.6667 
INFO:root:TEST batch 13 / 29 - measures partial for class 0 - precision 0.0000 - recall 0.0000 - f1 0.0000 
INFO:root:TEST batch 13 / 29 - measures partial for class 1 - precision 0.6667 - recall 1.0000 - f1 0.8000 
INFO:root:TEST batch 13 / 29 - Batch time 0 
INFO:root:TEST batch 14 / 29 - partial error 0.1423 - partial loss 0.2742 - partial MRR  0.0000 - partial MAP 0.8865
INFO:root:TEST batch 14 / 29 -  partial tp {0: tensor(0, device='cuda:0'), 1: tensor(36, device='cuda:0')},fn {0: tensor(2, device='cuda:0'), 1: tensor(0, device='cuda:0')},fp {0: tensor(0, device='cuda:0'), 1: tensor(2, device='cuda:0')}
INFO:root:TEST batch 14 / 29 - measures partial microavg - precision 0.9474 - recall 0.9474 - f1 0.9474 
INFO:root:TEST batch 14 / 29 - measures partial for class 0 - precision 0.0000 - recall 0.0000 - f1 0.0000 
INFO:root:TEST batch 14 / 29 - measures partial for class 1 - precision 0.9474 - recall 1.0000 - f1 0.9730 
INFO:root:TEST batch 14 / 29 - Batch time 0 
INFO:root:TEST batch 15 / 29 - partial error 0.1350 - partial loss 0.2574 - partial MRR  0.0000 - partial MAP 0.8923
INFO:root:TEST batch 15 / 29 -  partial tp {0: tensor(0, device='cuda:0'), 1: tensor(28, device='cuda:0')},fn {0: tensor(0, device='cuda:0'), 1: tensor(0, device='cuda:0')},fp {0: tensor(0, device='cuda:0'), 1: tensor(0, device='cuda:0')}
INFO:root:TEST batch 15 / 29 - measures partial microavg - precision 1.0000 - recall 1.0000 - f1 1.0000 
INFO:root:TEST batch 15 / 29 - measures partial for class 0 - precision 0.0000 - recall 0.0000 - f1 0.0000 
INFO:root:TEST batch 15 / 29 - measures partial for class 1 - precision 1.0000 - recall 1.0000 - f1 1.0000 
INFO:root:TEST batch 15 / 29 - Batch time 0 
INFO:root:TEST batch 16 / 29 - partial error 0.1294 - partial loss 0.2430 - partial MRR  0.0000 - partial MAP 0.8968
INFO:root:TEST batch 16 / 29 -  partial tp {0: tensor(0, device='cuda:0'), 1: tensor(24, device='cuda:0')},fn {0: tensor(0, device='cuda:0'), 1: tensor(0, device='cuda:0')},fp {0: tensor(0, device='cuda:0'), 1: tensor(0, device='cuda:0')}
INFO:root:TEST batch 16 / 29 - measures partial microavg - precision 1.0000 - recall 1.0000 - f1 1.0000 
INFO:root:TEST batch 16 / 29 - measures partial for class 0 - precision 0.0000 - recall 0.0000 - f1 0.0000 
INFO:root:TEST batch 16 / 29 - measures partial for class 1 - precision 1.0000 - recall 1.0000 - f1 1.0000 
INFO:root:TEST batch 16 / 29 - Batch time 0 
INFO:root:TEST batch 17 / 29 - partial error 0.1279 - partial loss 0.2516 - partial MRR  0.0000 - partial MAP 0.8957
INFO:root:TEST batch 17 / 29 -  partial tp {0: tensor(0, device='cuda:0'), 1: tensor(20, device='cuda:0')},fn {0: tensor(2, device='cuda:0'), 1: tensor(0, device='cuda:0')},fp {0: tensor(0, device='cuda:0'), 1: tensor(2, device='cuda:0')}
INFO:root:TEST batch 17 / 29 - measures partial microavg - precision 0.9091 - recall 0.9091 - f1 0.9091 
INFO:root:TEST batch 17 / 29 - measures partial for class 0 - precision 0.0000 - recall 0.0000 - f1 0.0000 
INFO:root:TEST batch 17 / 29 - measures partial for class 1 - precision 0.9091 - recall 1.0000 - f1 0.9524 
INFO:root:TEST batch 17 / 29 - Batch time 0 
INFO:root:TEST batch 18 / 29 - partial error 0.1296 - partial loss 0.2654 - partial MRR  0.0000 - partial MAP 0.8946
INFO:root:TEST batch 18 / 29 -  partial tp {0: tensor(0, device='cuda:0'), 1: tensor(6, device='cuda:0')},fn {0: tensor(2, device='cuda:0'), 1: tensor(0, device='cuda:0')},fp {0: tensor(0, device='cuda:0'), 1: tensor(2, device='cuda:0')}
INFO:root:TEST batch 18 / 29 - measures partial microavg - precision 0.7500 - recall 0.7500 - f1 0.7500 
INFO:root:TEST batch 18 / 29 - measures partial for class 0 - precision 0.0000 - recall 0.0000 - f1 0.0000 
INFO:root:TEST batch 18 / 29 - measures partial for class 1 - precision 0.7500 - recall 1.0000 - f1 0.8571 
INFO:root:TEST batch 18 / 29 - Batch time 0 
INFO:root:TEST batch 19 / 29 - partial error 0.1274 - partial loss 0.2674 - partial MRR  0.0000 - partial MAP 0.8966
INFO:root:TEST batch 19 / 29 -  partial tp {0: tensor(0, device='cuda:0'), 1: tensor(24, device='cuda:0')},fn {0: tensor(2, device='cuda:0'), 1: tensor(0, device='cuda:0')},fp {0: tensor(0, device='cuda:0'), 1: tensor(2, device='cuda:0')}
INFO:root:TEST batch 19 / 29 - measures partial microavg - precision 0.9231 - recall 0.9231 - f1 0.9231 
INFO:root:TEST batch 19 / 29 - measures partial for class 0 - precision 0.0000 - recall 0.0000 - f1 0.0000 
INFO:root:TEST batch 19 / 29 - measures partial for class 1 - precision 0.9231 - recall 1.0000 - f1 0.9600 
INFO:root:TEST batch 19 / 29 - Batch time 0 
INFO:root:TEST batch 20 / 29 - partial error 0.1262 - partial loss 0.2640 - partial MRR  0.0000 - partial MAP 0.8994
INFO:root:TEST batch 20 / 29 -  partial tp {0: tensor(0, device='cuda:0'), 1: tensor(20, device='cuda:0')},fn {0: tensor(2, device='cuda:0'), 1: tensor(0, device='cuda:0')},fp {0: tensor(0, device='cuda:0'), 1: tensor(2, device='cuda:0')}
INFO:root:TEST batch 20 / 29 - measures partial microavg - precision 0.9091 - recall 0.9091 - f1 0.9091 
INFO:root:TEST batch 20 / 29 - measures partial for class 0 - precision 0.0000 - recall 0.0000 - f1 0.0000 
INFO:root:TEST batch 20 / 29 - measures partial for class 1 - precision 0.9091 - recall 1.0000 - f1 0.9524 
INFO:root:TEST batch 20 / 29 - Batch time 0 
INFO:root:TEST batch 21 / 29 - partial error 0.1250 - partial loss 0.2644 - partial MRR  0.0000 - partial MAP 0.8990
INFO:root:TEST batch 21 / 29 -  partial tp {0: tensor(0, device='cuda:0'), 1: tensor(20, device='cuda:0')},fn {0: tensor(2, device='cuda:0'), 1: tensor(0, device='cuda:0')},fp {0: tensor(0, device='cuda:0'), 1: tensor(2, device='cuda:0')}
INFO:root:TEST batch 21 / 29 - measures partial microavg - precision 0.9091 - recall 0.9091 - f1 0.9091 
INFO:root:TEST batch 21 / 29 - measures partial for class 0 - precision 0.0000 - recall 0.0000 - f1 0.0000 
INFO:root:TEST batch 21 / 29 - measures partial for class 1 - precision 0.9091 - recall 1.0000 - f1 0.9524 
INFO:root:TEST batch 21 / 29 - Batch time 0 
INFO:root:TEST batch 22 / 29 - partial error 0.1228 - partial loss 0.2529 - partial MRR  0.0000 - partial MAP 0.9008
INFO:root:TEST batch 22 / 29 -  partial tp {0: tensor(0, device='cuda:0'), 1: tensor(12, device='cuda:0')},fn {0: tensor(0, device='cuda:0'), 1: tensor(0, device='cuda:0')},fp {0: tensor(0, device='cuda:0'), 1: tensor(0, device='cuda:0')}
INFO:root:TEST batch 22 / 29 - measures partial microavg - precision 1.0000 - recall 1.0000 - f1 1.0000 
INFO:root:TEST batch 22 / 29 - measures partial for class 0 - precision 0.0000 - recall 0.0000 - f1 0.0000 
INFO:root:TEST batch 22 / 29 - measures partial for class 1 - precision 1.0000 - recall 1.0000 - f1 1.0000 
INFO:root:TEST batch 22 / 29 - Batch time 0 
INFO:root:TEST batch 23 / 29 - partial error 0.1218 - partial loss 0.2497 - partial MRR  0.0000 - partial MAP 0.9029
INFO:root:TEST batch 23 / 29 -  partial tp {0: tensor(0, device='cuda:0'), 1: tensor(20, device='cuda:0')},fn {0: tensor(2, device='cuda:0'), 1: tensor(0, device='cuda:0')},fp {0: tensor(0, device='cuda:0'), 1: tensor(2, device='cuda:0')}
INFO:root:TEST batch 23 / 29 - measures partial microavg - precision 0.9091 - recall 0.9091 - f1 0.9091 
INFO:root:TEST batch 23 / 29 - measures partial for class 0 - precision 0.0000 - recall 0.0000 - f1 0.0000 
INFO:root:TEST batch 23 / 29 - measures partial for class 1 - precision 0.9091 - recall 1.0000 - f1 0.9524 
INFO:root:TEST batch 23 / 29 - Batch time 0 
INFO:root:TEST batch 24 / 29 - partial error 0.1211 - partial loss 0.2417 - partial MRR  0.0000 - partial MAP 0.9035
INFO:root:TEST batch 24 / 29 -  partial tp {0: tensor(0, device='cuda:0'), 1: tensor(4, device='cuda:0')},fn {0: tensor(0, device='cuda:0'), 1: tensor(0, device='cuda:0')},fp {0: tensor(0, device='cuda:0'), 1: tensor(0, device='cuda:0')}
INFO:root:TEST batch 24 / 29 - measures partial microavg - precision 1.0000 - recall 1.0000 - f1 1.0000 
INFO:root:TEST batch 24 / 29 - measures partial for class 0 - precision 0.0000 - recall 0.0000 - f1 0.0000 
INFO:root:TEST batch 24 / 29 - measures partial for class 1 - precision 1.0000 - recall 1.0000 - f1 1.0000 
INFO:root:TEST batch 24 / 29 - Batch time 0 
INFO:root:TEST batch 25 / 29 - partial error 0.1198 - partial loss 0.2337 - partial MRR  0.0000 - partial MAP 0.9045
INFO:root:TEST batch 25 / 29 -  partial tp {0: tensor(0, device='cuda:0'), 1: tensor(8, device='cuda:0')},fn {0: tensor(0, device='cuda:0'), 1: tensor(0, device='cuda:0')},fp {0: tensor(0, device='cuda:0'), 1: tensor(0, device='cuda:0')}
INFO:root:TEST batch 25 / 29 - measures partial microavg - precision 1.0000 - recall 1.0000 - f1 1.0000 
INFO:root:TEST batch 25 / 29 - measures partial for class 0 - precision 0.0000 - recall 0.0000 - f1 0.0000 
INFO:root:TEST batch 25 / 29 - measures partial for class 1 - precision 1.0000 - recall 1.0000 - f1 1.0000 
INFO:root:TEST batch 25 / 29 - Batch time 0 
INFO:root:TEST batch 26 / 29 - partial error 0.1205 - partial loss 0.2328 - partial MRR  0.0000 - partial MAP 0.9061
INFO:root:TEST batch 26 / 29 -  partial tp {0: tensor(0, device='cuda:0'), 1: tensor(10, device='cuda:0')},fn {0: tensor(2, device='cuda:0'), 1: tensor(0, device='cuda:0')},fp {0: tensor(0, device='cuda:0'), 1: tensor(2, device='cuda:0')}
INFO:root:TEST batch 26 / 29 - measures partial microavg - precision 0.8333 - recall 0.8333 - f1 0.8333 
INFO:root:TEST batch 26 / 29 - measures partial for class 0 - precision 0.0000 - recall 0.0000 - f1 0.0000 
INFO:root:TEST batch 26 / 29 - measures partial for class 1 - precision 0.8333 - recall 1.0000 - f1 0.9091 
INFO:root:TEST batch 26 / 29 - Batch time 0 
INFO:root:TEST batch 27 / 29 - partial error 0.1339 - partial loss 0.2418 - partial MRR  0.0000 - partial MAP 0.8904
INFO:root:TEST batch 27 / 29 -  partial tp {0: tensor(0, device='cuda:0'), 1: tensor(18, device='cuda:0')},fn {0: tensor(14, device='cuda:0'), 1: tensor(0, device='cuda:0')},fp {0: tensor(0, device='cuda:0'), 1: tensor(14, device='cuda:0')}
INFO:root:TEST batch 27 / 29 - measures partial microavg - precision 0.5625 - recall 0.5625 - f1 0.5625 
INFO:root:TEST batch 27 / 29 - measures partial for class 0 - precision 0.0000 - recall 0.0000 - f1 0.0000 
INFO:root:TEST batch 27 / 29 - measures partial for class 1 - precision 0.5625 - recall 1.0000 - f1 0.7200 
INFO:root:TEST batch 27 / 29 - Batch time 0 
INFO:root:TEST batch 28 / 29 - partial error 0.1335 - partial loss 0.2472 - partial MRR  0.0000 - partial MAP 0.8856
INFO:root:TEST batch 28 / 29 -  partial tp {0: tensor(0, device='cuda:0'), 1: tensor(28, device='cuda:0')},fn {0: tensor(4, device='cuda:0'), 1: tensor(0, device='cuda:0')},fp {0: tensor(0, device='cuda:0'), 1: tensor(4, device='cuda:0')}
INFO:root:TEST batch 28 / 29 - measures partial microavg - precision 0.8750 - recall 0.8750 - f1 0.8750 
INFO:root:TEST batch 28 / 29 - measures partial for class 0 - precision 0.0000 - recall 0.0000 - f1 0.0000 
INFO:root:TEST batch 28 / 29 - measures partial for class 1 - precision 0.8750 - recall 1.0000 - f1 0.9333 
INFO:root:TEST batch 28 / 29 - Batch time 0 
INFO:root:TEST batch 29 / 29 - partial error 0.1320 - partial loss 0.2431 - partial MRR  0.0000 - partial MAP 0.8889
INFO:root:TEST batch 29 / 29 -  partial tp {0: tensor(0, device='cuda:0'), 1: tensor(22, device='cuda:0')},fn {0: tensor(2, device='cuda:0'), 1: tensor(0, device='cuda:0')},fp {0: tensor(0, device='cuda:0'), 1: tensor(2, device='cuda:0')}
INFO:root:TEST batch 29 / 29 - measures partial microavg - precision 0.9167 - recall 0.9167 - f1 0.9167 
INFO:root:TEST batch 29 / 29 - measures partial for class 0 - precision 0.0000 - recall 0.0000 - f1 0.0000 
INFO:root:TEST batch 29 / 29 - measures partial for class 1 - precision 0.9167 - recall 1.0000 - f1 0.9565 
INFO:root:TEST batch 29 / 29 - Batch time 0 
INFO:root:TEST mean losses tensor(0.2431, device='cuda:0')
INFO:root:TEST mean errors 0.13202933967113495
INFO:root:TEST mean MRR 0.0 - mean MAP 0.8889328975663146
INFO:root:TEST tp {0: tensor(0, device='cuda:0'), 1: tensor(710, device='cuda:0')},fn {0: tensor(108, device='cuda:0'), 1: tensor(0, device='cuda:0')},fp {0: tensor(0, device='cuda:0'), 1: tensor(108, device='cuda:0')}
INFO:root:TEST measures microavg - precision 0.8680 - recall 0.8680 - f1 0.8680 
INFO:root:TEST measures for class 0 - precision 0.0000 - recall 0.0000 - f1 0.0000 
INFO:root:TEST measures for class 1 - precision 0.8680 - recall 1.0000 - f1 0.9293 
INFO:root:TEST measures@10 microavg - precision 0.8669 - recall 0.2946 - f1 0.4398 
INFO:root:TEST measures@10 for class 0 - precision 0.0000 - recall 0.0000 - f1 0.0000 
INFO:root:TEST measures@10 for class 1 - precision 0.8669 - recall 0.3394 - f1 0.4879 
INFO:root:TEST measures@100 microavg - precision 0.8673 - recall 0.8631 - f1 0.8652 
INFO:root:TEST measures@100 for class 0 - precision 0.0000 - recall 0.0000 - f1 0.0000 
INFO:root:TEST measures@100 for class 1 - precision 0.8673 - recall 0.9944 - f1 0.9265 
INFO:root:TEST measures@1000 microavg - precision 0.8680 - recall 0.8680 - f1 0.8680 
INFO:root:TEST measures@1000 for class 0 - precision 0.0000 - recall 0.0000 - f1 0.0000 
INFO:root:TEST measures@1000 for class 1 - precision 0.8680 - recall 1.0000 - f1 0.9293 
INFO:root:TEST Total epoch time: 3.7979429364204407
INFO:root:################ TRAIN epoch 15 ###################
INFO:root:TRAIN mean losses tensor(0.1371, device='cuda:0')
INFO:root:TRAIN mean errors 0.10466666519641876
INFO:root:TRAIN mean MRR 0.0 - mean MAP 0.9460054436048814
INFO:root:TRAIN tp {0: tensor(534, device='cuda:0'), 1: tensor(24983, device='cuda:0')},fn {0: tensor(1950, device='cuda:0'), 1: tensor(1033, device='cuda:0')},fp {0: tensor(1033, device='cuda:0'), 1: tensor(1950, device='cuda:0')}
INFO:root:TRAIN measures microavg - precision 0.8953 - recall 0.8953 - f1 0.8953 
INFO:root:TRAIN measures for class 0 - precision 0.3408 - recall 0.2150 - f1 0.2636 
INFO:root:TRAIN measures for class 1 - precision 0.9276 - recall 0.9603 - f1 0.9437 
INFO:root:TRAIN measures@10 microavg - precision 0.7988 - recall 0.0316 - f1 0.0608 
INFO:root:TRAIN measures@10 for class 0 - precision 0.2554 - recall 0.0286 - f1 0.0514 
INFO:root:TRAIN measures@10 for class 1 - precision 0.9765 - recall 0.0319 - f1 0.0618 
INFO:root:TRAIN measures@100 microavg - precision 0.8663 - recall 0.2916 - f1 0.4363 
INFO:root:TRAIN measures@100 for class 0 - precision 0.3238 - recall 0.1634 - f1 0.2172 
INFO:root:TRAIN measures@100 for class 1 - precision 0.9479 - recall 0.3038 - f1 0.4602 
INFO:root:TRAIN measures@1000 microavg - precision 0.8929 - recall 0.8633 - f1 0.8778 
INFO:root:TRAIN measures@1000 for class 0 - precision 0.3408 - recall 0.2150 - f1 0.2636 
INFO:root:TRAIN measures@1000 for class 1 - precision 0.9262 - recall 0.9252 - f1 0.9257 
INFO:root:TRAIN Total epoch time: 17.33105675317347
INFO:root:################ VALID epoch 15 ###################
INFO:root:VALID mean losses tensor(0.2482, device='cuda:0')
INFO:root:VALID mean errors 0.2173447608947754
INFO:root:VALID mean MRR 0.0 - mean MAP 0.8248195564659409
INFO:root:VALID tp {0: tensor(0, device='cuda:0'), 1: tensor(1462, device='cuda:0')},fn {0: tensor(346, device='cuda:0'), 1: tensor(60, device='cuda:0')},fp {0: tensor(60, device='cuda:0'), 1: tensor(346, device='cuda:0')}
INFO:root:VALID measures microavg - precision 0.7827 - recall 0.7827 - f1 0.7827 
INFO:root:VALID measures for class 0 - precision 0.0000 - recall 0.0000 - f1 0.0000 
INFO:root:VALID measures for class 1 - precision 0.8086 - recall 0.9606 - f1 0.8781 
INFO:root:VALID measures@10 microavg - precision 0.8143 - recall 0.0610 - f1 0.1135 
INFO:root:VALID measures@10 for class 0 - precision 0.0000 - recall 0.0000 - f1 0.0000 
INFO:root:VALID measures@10 for class 1 - precision 0.8769 - recall 0.0749 - f1 0.1380 
INFO:root:VALID measures@100 microavg - precision 0.7843 - recall 0.5626 - f1 0.6552 
INFO:root:VALID measures@100 for class 0 - precision 0.0000 - recall 0.0000 - f1 0.0000 
INFO:root:VALID measures@100 for class 1 - precision 0.8211 - recall 0.6905 - f1 0.7502 
INFO:root:VALID measures@1000 microavg - precision 0.7827 - recall 0.7827 - f1 0.7827 
INFO:root:VALID measures@1000 for class 0 - precision 0.0000 - recall 0.0000 - f1 0.0000 
INFO:root:VALID measures@1000 for class 1 - precision 0.8086 - recall 0.9606 - f1 0.8781 
INFO:root:VALID Total epoch time: 1.819248341023922
INFO:root:################ TRAIN epoch 16 ###################
INFO:root:TRAIN mean losses tensor(0.1363, device='cuda:0')
INFO:root:TRAIN mean errors 0.09508772194385529
INFO:root:TRAIN mean MRR 0.0 - mean MAP 0.9474477530272838
INFO:root:TRAIN tp {0: tensor(302, device='cuda:0'), 1: tensor(25488, device='cuda:0')},fn {0: tensor(2182, device='cuda:0'), 1: tensor(528, device='cuda:0')},fp {0: tensor(528, device='cuda:0'), 1: tensor(2182, device='cuda:0')}
INFO:root:TRAIN measures microavg - precision 0.9049 - recall 0.9049 - f1 0.9049 
INFO:root:TRAIN measures for class 0 - precision 0.3639 - recall 0.1216 - f1 0.1823 
INFO:root:TRAIN measures for class 1 - precision 0.9211 - recall 0.9797 - f1 0.9495 
INFO:root:TRAIN measures@10 microavg - precision 0.8349 - recall 0.0311 - f1 0.0599 
INFO:root:TRAIN measures@10 for class 0 - precision 0.2476 - recall 0.0209 - f1 0.0386 
INFO:root:TRAIN measures@10 for class 1 - precision 0.9800 - recall 0.0320 - f1 0.0620 
INFO:root:TRAIN measures@100 microavg - precision 0.8935 - recall 0.2919 - f1 0.4401 
INFO:root:TRAIN measures@100 for class 0 - precision 0.3639 - recall 0.1216 - f1 0.1823 
INFO:root:TRAIN measures@100 for class 1 - precision 0.9453 - recall 0.3082 - f1 0.4648 
INFO:root:TRAIN measures@1000 microavg - precision 0.9031 - recall 0.8738 - f1 0.8882 
INFO:root:TRAIN measures@1000 for class 0 - precision 0.3639 - recall 0.1216 - f1 0.1823 
INFO:root:TRAIN measures@1000 for class 1 - precision 0.9198 - recall 0.9456 - f1 0.9326 
INFO:root:TRAIN Total epoch time: 17.25854834727943
INFO:root:################ VALID epoch 16 ###################
INFO:root:VALID mean losses tensor(0.3405, device='cuda:0')
INFO:root:VALID mean errors 0.23447537422180176
INFO:root:VALID mean MRR 0.0 - mean MAP 0.7991706613014038
INFO:root:VALID tp {0: tensor(2, device='cuda:0'), 1: tensor(1428, device='cuda:0')},fn {0: tensor(344, device='cuda:0'), 1: tensor(94, device='cuda:0')},fp {0: tensor(94, device='cuda:0'), 1: tensor(344, device='cuda:0')}
INFO:root:VALID measures microavg - precision 0.7655 - recall 0.7655 - f1 0.7655 
INFO:root:VALID measures for class 0 - precision 0.0208 - recall 0.0058 - f1 0.0090 
INFO:root:VALID measures for class 1 - precision 0.8059 - recall 0.9382 - f1 0.8670 
INFO:root:VALID measures@10 microavg - precision 0.6519 - recall 0.0551 - f1 0.1017 
INFO:root:VALID measures@10 for class 0 - precision 0.0000 - recall 0.0000 - f1 0.0000 
INFO:root:VALID measures@10 for class 1 - precision 0.7923 - recall 0.0677 - f1 0.1247 
INFO:root:VALID measures@100 microavg - precision 0.7573 - recall 0.5578 - f1 0.6424 
INFO:root:VALID measures@100 for class 0 - precision 0.0208 - recall 0.0058 - f1 0.0090 
INFO:root:VALID measures@100 for class 1 - precision 0.8125 - recall 0.6833 - f1 0.7423 
INFO:root:VALID measures@1000 microavg - precision 0.7655 - recall 0.7655 - f1 0.7655 
INFO:root:VALID measures@1000 for class 0 - precision 0.0208 - recall 0.0058 - f1 0.0090 
INFO:root:VALID measures@1000 for class 1 - precision 0.8059 - recall 0.9382 - f1 0.8670 
INFO:root:VALID Total epoch time: 1.8723556865006685
INFO:root:################ TRAIN epoch 17 ###################
INFO:root:TRAIN mean losses tensor(0.1385, device='cuda:0')
INFO:root:TRAIN mean errors 0.0972631573677063
INFO:root:TRAIN mean MRR 0.0 - mean MAP 0.9473052378950669
INFO:root:TRAIN tp {0: tensor(418, device='cuda:0'), 1: tensor(25310, device='cuda:0')},fn {0: tensor(2066, device='cuda:0'), 1: tensor(706, device='cuda:0')},fp {0: tensor(706, device='cuda:0'), 1: tensor(2066, device='cuda:0')}
INFO:root:TRAIN measures microavg - precision 0.9027 - recall 0.9027 - f1 0.9027 
INFO:root:TRAIN measures for class 0 - precision 0.3719 - recall 0.1683 - f1 0.2317 
INFO:root:TRAIN measures for class 1 - precision 0.9245 - recall 0.9729 - f1 0.9481 
INFO:root:TRAIN measures@10 microavg - precision 0.8512 - recall 0.0317 - f1 0.0612 
INFO:root:TRAIN measures@10 for class 0 - precision 0.3396 - recall 0.0290 - f1 0.0534 
INFO:root:TRAIN measures@10 for class 1 - precision 0.9788 - recall 0.0320 - f1 0.0619 
INFO:root:TRAIN measures@100 microavg - precision 0.8854 - recall 0.2926 - f1 0.4398 
INFO:root:TRAIN measures@100 for class 0 - precision 0.3621 - recall 0.1417 - f1 0.2037 
INFO:root:TRAIN measures@100 for class 1 - precision 0.9457 - recall 0.3070 - f1 0.4635 
INFO:root:TRAIN measures@1000 microavg - precision 0.9008 - recall 0.8709 - f1 0.8856 
INFO:root:TRAIN measures@1000 for class 0 - precision 0.3719 - recall 0.1683 - f1 0.2317 
INFO:root:TRAIN measures@1000 for class 1 - precision 0.9233 - recall 0.9380 - f1 0.9306 
INFO:root:TRAIN Total epoch time: 16.540213390253484
INFO:root:################ VALID epoch 17 ###################
INFO:root:VALID mean losses tensor(0.2695, device='cuda:0')
INFO:root:VALID mean errors 0.2152034193277359
INFO:root:VALID mean MRR 0.0 - mean MAP 0.8069156813544194
INFO:root:VALID tp {0: tensor(0, device='cuda:0'), 1: tensor(1466, device='cuda:0')},fn {0: tensor(346, device='cuda:0'), 1: tensor(56, device='cuda:0')},fp {0: tensor(56, device='cuda:0'), 1: tensor(346, device='cuda:0')}
INFO:root:VALID measures microavg - precision 0.7848 - recall 0.7848 - f1 0.7848 
INFO:root:VALID measures for class 0 - precision 0.0000 - recall 0.0000 - f1 0.0000 
INFO:root:VALID measures for class 1 - precision 0.8091 - recall 0.9632 - f1 0.8794 
INFO:root:VALID measures@10 microavg - precision 0.7714 - recall 0.0578 - f1 0.1076 
INFO:root:VALID measures@10 for class 0 - precision 0.0000 - recall 0.0000 - f1 0.0000 
INFO:root:VALID measures@10 for class 1 - precision 0.8308 - recall 0.0710 - f1 0.1308 
INFO:root:VALID measures@100 microavg - precision 0.7754 - recall 0.5546 - f1 0.6467 
INFO:root:VALID measures@100 for class 0 - precision 0.0000 - recall 0.0000 - f1 0.0000 
INFO:root:VALID measures@100 for class 1 - precision 0.8094 - recall 0.6807 - f1 0.7395 
INFO:root:VALID measures@1000 microavg - precision 0.7848 - recall 0.7848 - f1 0.7848 
INFO:root:VALID measures@1000 for class 0 - precision 0.0000 - recall 0.0000 - f1 0.0000 
INFO:root:VALID measures@1000 for class 1 - precision 0.8091 - recall 0.9632 - f1 0.8794 
INFO:root:VALID Total epoch time: 1.8464536052197218
INFO:root:################ TRAIN epoch 18 ###################
INFO:root:TRAIN mean losses tensor(0.1354, device='cuda:0')
INFO:root:TRAIN mean errors 0.10533333569765091
INFO:root:TRAIN mean MRR 0.0 - mean MAP 0.9488178337793257
INFO:root:TRAIN tp {0: tensor(572, device='cuda:0'), 1: tensor(24926, device='cuda:0')},fn {0: tensor(1912, device='cuda:0'), 1: tensor(1090, device='cuda:0')},fp {0: tensor(1090, device='cuda:0'), 1: tensor(1912, device='cuda:0')}
INFO:root:TRAIN measures microavg - precision 0.8947 - recall 0.8947 - f1 0.8947 
INFO:root:TRAIN measures for class 0 - precision 0.3442 - recall 0.2303 - f1 0.2759 
INFO:root:TRAIN measures for class 1 - precision 0.9288 - recall 0.9581 - f1 0.9432 
INFO:root:TRAIN measures@10 microavg - precision 0.8231 - recall 0.0320 - f1 0.0616 
INFO:root:TRAIN measures@10 for class 0 - precision 0.3217 - recall 0.0334 - f1 0.0605 
INFO:root:TRAIN measures@10 for class 1 - precision 0.9753 - recall 0.0319 - f1 0.0617 
INFO:root:TRAIN measures@100 microavg - precision 0.8627 - recall 0.2942 - f1 0.4388 
INFO:root:TRAIN measures@100 for class 0 - precision 0.3194 - recall 0.1755 - f1 0.2266 
INFO:root:TRAIN measures@100 for class 1 - precision 0.9514 - recall 0.3056 - f1 0.4626 
INFO:root:TRAIN measures@1000 microavg - precision 0.8923 - recall 0.8627 - f1 0.8772 
INFO:root:TRAIN measures@1000 for class 0 - precision 0.3442 - recall 0.2303 - f1 0.2759 
INFO:root:TRAIN measures@1000 for class 1 - precision 0.9275 - recall 0.9230 - f1 0.9253 
INFO:root:TRAIN Total epoch time: 16.58144576009363
INFO:root:################ VALID epoch 18 ###################
INFO:root:VALID mean losses tensor(0.3578, device='cuda:0')
INFO:root:VALID mean errors 0.21627408266067505
INFO:root:VALID mean MRR 0.0 - mean MAP 0.8203197516470098
INFO:root:VALID tp {0: tensor(0, device='cuda:0'), 1: tensor(1464, device='cuda:0')},fn {0: tensor(346, device='cuda:0'), 1: tensor(58, device='cuda:0')},fp {0: tensor(58, device='cuda:0'), 1: tensor(346, device='cuda:0')}
INFO:root:VALID measures microavg - precision 0.7837 - recall 0.7837 - f1 0.7837 
INFO:root:VALID measures for class 0 - precision 0.0000 - recall 0.0000 - f1 0.0000 
INFO:root:VALID measures for class 1 - precision 0.8088 - recall 0.9619 - f1 0.8788 
INFO:root:VALID measures@10 microavg - precision 0.8071 - recall 0.0605 - f1 0.1125 
INFO:root:VALID measures@10 for class 0 - precision 0.0000 - recall 0.0000 - f1 0.0000 
INFO:root:VALID measures@10 for class 1 - precision 0.8692 - recall 0.0742 - f1 0.1368 
INFO:root:VALID measures@100 microavg - precision 0.7825 - recall 0.5605 - f1 0.6532 
INFO:root:VALID measures@100 for class 0 - precision 0.0000 - recall 0.0000 - f1 0.0000 
INFO:root:VALID measures@100 for class 1 - precision 0.8180 - recall 0.6879 - f1 0.7473 
INFO:root:VALID measures@1000 microavg - precision 0.7837 - recall 0.7837 - f1 0.7837 
INFO:root:VALID measures@1000 for class 0 - precision 0.0000 - recall 0.0000 - f1 0.0000 
INFO:root:VALID measures@1000 for class 1 - precision 0.8088 - recall 0.9619 - f1 0.8788 
INFO:root:VALID Total epoch time: 1.9501799773424864
INFO:root:################ TRAIN epoch 19 ###################
INFO:root:TRAIN mean losses tensor(0.1329, device='cuda:0')
INFO:root:TRAIN mean errors 0.09354385733604431
INFO:root:TRAIN mean MRR 0.0 - mean MAP 0.9510119478592889
INFO:root:TRAIN tp {0: tensor(498, device='cuda:0'), 1: tensor(25336, device='cuda:0')},fn {0: tensor(1986, device='cuda:0'), 1: tensor(680, device='cuda:0')},fp {0: tensor(680, device='cuda:0'), 1: tensor(1986, device='cuda:0')}
INFO:root:TRAIN measures microavg - precision 0.9065 - recall 0.9065 - f1 0.9065 
INFO:root:TRAIN measures for class 0 - precision 0.4228 - recall 0.2005 - f1 0.2720 
INFO:root:TRAIN measures for class 1 - precision 0.9273 - recall 0.9739 - f1 0.9500 
INFO:root:TRAIN measures@10 microavg - precision 0.8359 - recall 0.0318 - f1 0.0613 
INFO:root:TRAIN measures@10 for class 0 - precision 0.3149 - recall 0.0298 - f1 0.0544 
INFO:root:TRAIN measures@10 for class 1 - precision 0.9800 - recall 0.0320 - f1 0.0620 
INFO:root:TRAIN measures@100 microavg - precision 0.8919 - recall 0.2960 - f1 0.4445 
INFO:root:TRAIN measures@100 for class 0 - precision 0.3935 - recall 0.1562 - f1 0.2236 
INFO:root:TRAIN measures@100 for class 1 - precision 0.9498 - recall 0.3094 - f1 0.4667 
INFO:root:TRAIN measures@1000 microavg - precision 0.9046 - recall 0.8748 - f1 0.8895 
INFO:root:TRAIN measures@1000 for class 0 - precision 0.4228 - recall 0.2005 - f1 0.2720 
INFO:root:TRAIN measures@1000 for class 1 - precision 0.9262 - recall 0.9392 - f1 0.9326 
INFO:root:TRAIN Total epoch time: 16.449323647655547
INFO:root:################ VALID epoch 19 ###################
INFO:root:VALID mean losses tensor(0.4218, device='cuda:0')
INFO:root:VALID mean errors 0.2194860875606537
INFO:root:VALID mean MRR 0.0 - mean MAP 0.8091691640657765
INFO:root:VALID tp {0: tensor(0, device='cuda:0'), 1: tensor(1458, device='cuda:0')},fn {0: tensor(346, device='cuda:0'), 1: tensor(64, device='cuda:0')},fp {0: tensor(64, device='cuda:0'), 1: tensor(346, device='cuda:0')}
INFO:root:VALID measures microavg - precision 0.7805 - recall 0.7805 - f1 0.7805 
INFO:root:VALID measures for class 0 - precision 0.0000 - recall 0.0000 - f1 0.0000 
INFO:root:VALID measures for class 1 - precision 0.8082 - recall 0.9580 - f1 0.8767 
INFO:root:VALID measures@10 microavg - precision 0.7500 - recall 0.0562 - f1 0.1046 
INFO:root:VALID measures@10 for class 0 - precision 0.0000 - recall 0.0000 - f1 0.0000 
INFO:root:VALID measures@10 for class 1 - precision 0.8077 - recall 0.0690 - f1 0.1271 
INFO:root:VALID measures@100 microavg - precision 0.7768 - recall 0.5589 - f1 0.6501 
INFO:root:VALID measures@100 for class 0 - precision 0.0000 - recall 0.0000 - f1 0.0000 
INFO:root:VALID measures@100 for class 1 - precision 0.8156 - recall 0.6859 - f1 0.7452 
INFO:root:VALID measures@1000 microavg - precision 0.7805 - recall 0.7805 - f1 0.7805 
INFO:root:VALID measures@1000 for class 0 - precision 0.0000 - recall 0.0000 - f1 0.0000 
INFO:root:VALID measures@1000 for class 1 - precision 0.8082 - recall 0.9580 - f1 0.8767 
INFO:root:VALID Total epoch time: 2.02537858299911
INFO:root:################ TRAIN epoch 20 ###################
INFO:root:TRAIN mean losses tensor(0.1316, device='cuda:0')
INFO:root:TRAIN mean errors 0.09964912384748459
INFO:root:TRAIN mean MRR 0.0 - mean MAP 0.9508502968470163
INFO:root:TRAIN tp {0: tensor(603, device='cuda:0'), 1: tensor(25057, device='cuda:0')},fn {0: tensor(1881, device='cuda:0'), 1: tensor(959, device='cuda:0')},fp {0: tensor(959, device='cuda:0'), 1: tensor(1881, device='cuda:0')}
INFO:root:TRAIN measures microavg - precision 0.9004 - recall 0.9004 - f1 0.9004 
INFO:root:TRAIN measures for class 0 - precision 0.3860 - recall 0.2428 - f1 0.2981 
INFO:root:TRAIN measures for class 1 - precision 0.9302 - recall 0.9631 - f1 0.9464 
INFO:root:TRAIN measures@10 microavg - precision 0.8029 - recall 0.0330 - f1 0.0634 
INFO:root:TRAIN measures@10 for class 0 - precision 0.3230 - recall 0.0419 - f1 0.0741 
INFO:root:TRAIN measures@10 for class 1 - precision 0.9847 - recall 0.0322 - f1 0.0623 
INFO:root:TRAIN measures@100 microavg - precision 0.8727 - recall 0.2981 - f1 0.4445 
INFO:root:TRAIN measures@100 for class 0 - precision 0.3693 - recall 0.1944 - f1 0.2547 
INFO:root:TRAIN measures@100 for class 1 - precision 0.9509 - recall 0.3080 - f1 0.4653 
INFO:root:TRAIN measures@1000 microavg - precision 0.8980 - recall 0.8694 - f1 0.8835 
INFO:root:TRAIN measures@1000 for class 0 - precision 0.3860 - recall 0.2428 - f1 0.2981 
INFO:root:TRAIN measures@1000 for class 1 - precision 0.9288 - recall 0.9292 - f1 0.9290 
INFO:root:TRAIN Total epoch time: 16.650472230277956
INFO:root:################ VALID epoch 20 ###################
INFO:root:VALID mean losses tensor(0.3260, device='cuda:0')
INFO:root:VALID mean errors 0.2194860875606537
INFO:root:VALID mean MRR 0.0 - mean MAP 0.797963682899275
INFO:root:VALID tp {0: tensor(0, device='cuda:0'), 1: tensor(1458, device='cuda:0')},fn {0: tensor(346, device='cuda:0'), 1: tensor(64, device='cuda:0')},fp {0: tensor(64, device='cuda:0'), 1: tensor(346, device='cuda:0')}
INFO:root:VALID measures microavg - precision 0.7805 - recall 0.7805 - f1 0.7805 
INFO:root:VALID measures for class 0 - precision 0.0000 - recall 0.0000 - f1 0.0000 
INFO:root:VALID measures for class 1 - precision 0.8082 - recall 0.9580 - f1 0.8767 
INFO:root:VALID measures@10 microavg - precision 0.7357 - recall 0.0551 - f1 0.1026 
INFO:root:VALID measures@10 for class 0 - precision 0.0000 - recall 0.0000 - f1 0.0000 
INFO:root:VALID measures@10 for class 1 - precision 0.7923 - recall 0.0677 - f1 0.1247 
INFO:root:VALID measures@100 microavg - precision 0.7686 - recall 0.5530 - f1 0.6432 
INFO:root:VALID measures@100 for class 0 - precision 0.0000 - recall 0.0000 - f1 0.0000 
INFO:root:VALID measures@100 for class 1 - precision 0.8070 - recall 0.6787 - f1 0.7373 
INFO:root:VALID measures@1000 microavg - precision 0.7805 - recall 0.7805 - f1 0.7805 
INFO:root:VALID measures@1000 for class 0 - precision 0.0000 - recall 0.0000 - f1 0.0000 
INFO:root:VALID measures@1000 for class 1 - precision 0.8082 - recall 0.9580 - f1 0.8767 
INFO:root:VALID Total epoch time: 1.7296086689457297
INFO:root:################ TRAIN epoch 21 ###################
INFO:root:TRAIN mean losses tensor(0.1293, device='cuda:0')
INFO:root:TRAIN mean errors 0.09494736790657043
INFO:root:TRAIN mean MRR 0.0 - mean MAP 0.9520981922349951
INFO:root:TRAIN tp {0: tensor(571, device='cuda:0'), 1: tensor(25223, device='cuda:0')},fn {0: tensor(1913, device='cuda:0'), 1: tensor(793, device='cuda:0')},fp {0: tensor(793, device='cuda:0'), 1: tensor(1913, device='cuda:0')}
INFO:root:TRAIN measures microavg - precision 0.9051 - recall 0.9051 - f1 0.9051 
INFO:root:TRAIN measures for class 0 - precision 0.4186 - recall 0.2299 - f1 0.2968 
INFO:root:TRAIN measures for class 1 - precision 0.9295 - recall 0.9695 - f1 0.9491 
INFO:root:TRAIN measures@10 microavg - precision 0.8483 - recall 0.0326 - f1 0.0627 
INFO:root:TRAIN measures@10 for class 0 - precision 0.3770 - recall 0.0370 - f1 0.0674 
INFO:root:TRAIN measures@10 for class 1 - precision 0.9835 - recall 0.0321 - f1 0.0622 
INFO:root:TRAIN measures@100 microavg - precision 0.8900 - recall 0.2973 - f1 0.4457 
INFO:root:TRAIN measures@100 for class 0 - precision 0.4013 - recall 0.1800 - f1 0.2485 
INFO:root:TRAIN measures@100 for class 1 - precision 0.9548 - recall 0.3085 - f1 0.4663 
INFO:root:TRAIN measures@1000 microavg - precision 0.9032 - recall 0.8733 - f1 0.8880 
INFO:root:TRAIN measures@1000 for class 0 - precision 0.4186 - recall 0.2299 - f1 0.2968 
INFO:root:TRAIN measures@1000 for class 1 - precision 0.9285 - recall 0.9347 - f1 0.9316 
INFO:root:TRAIN Total epoch time: 16.358762802556157
INFO:root:################ VALID epoch 21 ###################
INFO:root:VALID mean losses tensor(0.3668, device='cuda:0')
INFO:root:VALID mean errors 0.21841542422771454
INFO:root:VALID mean MRR 0.0 - mean MAP 0.8076389844846137
INFO:root:VALID tp {0: tensor(0, device='cuda:0'), 1: tensor(1460, device='cuda:0')},fn {0: tensor(346, device='cuda:0'), 1: tensor(62, device='cuda:0')},fp {0: tensor(62, device='cuda:0'), 1: tensor(346, device='cuda:0')}
INFO:root:VALID measures microavg - precision 0.7816 - recall 0.7816 - f1 0.7816 
INFO:root:VALID measures for class 0 - precision 0.0000 - recall 0.0000 - f1 0.0000 
INFO:root:VALID measures for class 1 - precision 0.8084 - recall 0.9593 - f1 0.8774 
INFO:root:VALID measures@10 microavg - precision 0.7571 - recall 0.0567 - f1 0.1056 
INFO:root:VALID measures@10 for class 0 - precision 0.0000 - recall 0.0000 - f1 0.0000 
INFO:root:VALID measures@10 for class 1 - precision 0.8154 - recall 0.0696 - f1 0.1283 
INFO:root:VALID measures@100 microavg - precision 0.7757 - recall 0.5573 - f1 0.6486 
INFO:root:VALID measures@100 for class 0 - precision 0.0000 - recall 0.0000 - f1 0.0000 
INFO:root:VALID measures@100 for class 1 - precision 0.8133 - recall 0.6840 - f1 0.7430 
INFO:root:VALID measures@1000 microavg - precision 0.7816 - recall 0.7816 - f1 0.7816 
INFO:root:VALID measures@1000 for class 0 - precision 0.0000 - recall 0.0000 - f1 0.0000 
INFO:root:VALID measures@1000 for class 1 - precision 0.8084 - recall 0.9593 - f1 0.8774 
INFO:root:VALID Total epoch time: 2.0988510651513934
INFO:root:################ TRAIN epoch 22 ###################
INFO:root:TRAIN mean losses tensor(0.1279, device='cuda:0')
INFO:root:TRAIN mean errors 0.09424561262130737
INFO:root:TRAIN mean MRR 0.0 - mean MAP 0.9532132625516525
INFO:root:TRAIN tp {0: tensor(600, device='cuda:0'), 1: tensor(25214, device='cuda:0')},fn {0: tensor(1884, device='cuda:0'), 1: tensor(802, device='cuda:0')},fp {0: tensor(802, device='cuda:0'), 1: tensor(1884, device='cuda:0')}
INFO:root:TRAIN measures microavg - precision 0.9058 - recall 0.9058 - f1 0.9058 
INFO:root:TRAIN measures for class 0 - precision 0.4280 - recall 0.2415 - f1 0.3088 
INFO:root:TRAIN measures for class 1 - precision 0.9305 - recall 0.9692 - f1 0.9494 
INFO:root:TRAIN measures@10 microavg - precision 0.8509 - recall 0.0326 - f1 0.0629 
INFO:root:TRAIN measures@10 for class 0 - precision 0.3909 - recall 0.0382 - f1 0.0697 
INFO:root:TRAIN measures@10 for class 1 - precision 0.9824 - recall 0.0321 - f1 0.0622 
INFO:root:TRAIN measures@100 microavg - precision 0.8908 - recall 0.2980 - f1 0.4466 
INFO:root:TRAIN measures@100 for class 0 - precision 0.4098 - recall 0.1920 - f1 0.2615 
INFO:root:TRAIN measures@100 for class 1 - precision 0.9577 - recall 0.3081 - f1 0.4662 
INFO:root:TRAIN measures@1000 microavg - precision 0.9039 - recall 0.8739 - f1 0.8887 
INFO:root:TRAIN measures@1000 for class 0 - precision 0.4280 - recall 0.2415 - f1 0.3088 
INFO:root:TRAIN measures@1000 for class 1 - precision 0.9295 - recall 0.9343 - f1 0.9319 
INFO:root:TRAIN Total epoch time: 16.137001272290945
INFO:root:################ VALID epoch 22 ###################
INFO:root:VALID mean losses tensor(0.3450, device='cuda:0')
INFO:root:VALID mean errors 0.23019272089004517
INFO:root:VALID mean MRR 0.0 - mean MAP 0.8150615562016214
INFO:root:VALID tp {0: tensor(6, device='cuda:0'), 1: tensor(1432, device='cuda:0')},fn {0: tensor(340, device='cuda:0'), 1: tensor(90, device='cuda:0')},fp {0: tensor(90, device='cuda:0'), 1: tensor(340, device='cuda:0')}
INFO:root:VALID measures microavg - precision 0.7698 - recall 0.7698 - f1 0.7698 
INFO:root:VALID measures for class 0 - precision 0.0625 - recall 0.0173 - f1 0.0271 
INFO:root:VALID measures for class 1 - precision 0.8081 - recall 0.9409 - f1 0.8695 
INFO:root:VALID measures@10 microavg - precision 0.7089 - recall 0.0600 - f1 0.1106 
INFO:root:VALID measures@10 for class 0 - precision 0.2143 - recall 0.0173 - f1 0.0321 
INFO:root:VALID measures@10 for class 1 - precision 0.8154 - recall 0.0696 - f1 0.1283 
INFO:root:VALID measures@100 microavg - precision 0.7682 - recall 0.5658 - f1 0.6517 
INFO:root:VALID measures@100 for class 0 - precision 0.0625 - recall 0.0173 - f1 0.0271 
INFO:root:VALID measures@100 for class 1 - precision 0.8211 - recall 0.6905 - f1 0.7502 
INFO:root:VALID measures@1000 microavg - precision 0.7698 - recall 0.7698 - f1 0.7698 
INFO:root:VALID measures@1000 for class 0 - precision 0.0625 - recall 0.0173 - f1 0.0271 
INFO:root:VALID measures@1000 for class 1 - precision 0.8081 - recall 0.9409 - f1 0.8695 
INFO:root:VALID Total epoch time: 1.7711664736270905
INFO:root:################ TRAIN epoch 23 ###################
INFO:root:TRAIN mean losses tensor(0.1273, device='cuda:0')
INFO:root:TRAIN mean errors 0.0929824560880661
INFO:root:TRAIN mean MRR 0.0 - mean MAP 0.9536608876609307
INFO:root:TRAIN tp {0: tensor(587, device='cuda:0'), 1: tensor(25263, device='cuda:0')},fn {0: tensor(1897, device='cuda:0'), 1: tensor(753, device='cuda:0')},fp {0: tensor(753, device='cuda:0'), 1: tensor(1897, device='cuda:0')}
INFO:root:TRAIN measures microavg - precision 0.9070 - recall 0.9070 - f1 0.9070 
INFO:root:TRAIN measures for class 0 - precision 0.4381 - recall 0.2363 - f1 0.3070 
INFO:root:TRAIN measures for class 1 - precision 0.9302 - recall 0.9711 - f1 0.9502 
INFO:root:TRAIN measures@10 microavg - precision 0.8713 - recall 0.0330 - f1 0.0636 
INFO:root:TRAIN measures@10 for class 0 - precision 0.4522 - recall 0.0419 - f1 0.0766 
INFO:root:TRAIN measures@10 for class 1 - precision 0.9847 - recall 0.0322 - f1 0.0623 
INFO:root:TRAIN measures@100 microavg - precision 0.8924 - recall 0.3007 - f1 0.4498 
INFO:root:TRAIN measures@100 for class 0 - precision 0.4135 - recall 0.1876 - f1 0.2581 
INFO:root:TRAIN measures@100 for class 1 - precision 0.9561 - recall 0.3115 - f1 0.4699 
INFO:root:TRAIN measures@1000 microavg - precision 0.9057 - recall 0.8756 - f1 0.8904 
INFO:root:TRAIN measures@1000 for class 0 - precision 0.4381 - recall 0.2363 - f1 0.3070 
INFO:root:TRAIN measures@1000 for class 1 - precision 0.9296 - recall 0.9367 - f1 0.9331 
INFO:root:TRAIN Total epoch time: 16.198764608241618
INFO:root:################ VALID epoch 23 ###################
INFO:root:VALID mean losses tensor(0.2749, device='cuda:0')
INFO:root:VALID mean errors 0.2435760200023651
INFO:root:VALID mean MRR 0.0 - mean MAP 0.8284719596389818
INFO:root:VALID tp {0: tensor(11, device='cuda:0'), 1: tensor(1402, device='cuda:0')},fn {0: tensor(335, device='cuda:0'), 1: tensor(120, device='cuda:0')},fp {0: tensor(120, device='cuda:0'), 1: tensor(335, device='cuda:0')}
INFO:root:VALID measures microavg - precision 0.7564 - recall 0.7564 - f1 0.7564 
INFO:root:VALID measures for class 0 - precision 0.0840 - recall 0.0318 - f1 0.0461 
INFO:root:VALID measures for class 1 - precision 0.8071 - recall 0.9212 - f1 0.8604 
INFO:root:VALID measures@10 microavg - precision 0.6768 - recall 0.0594 - f1 0.1093 
INFO:root:VALID measures@10 for class 0 - precision 0.0588 - recall 0.0058 - f1 0.0105 
INFO:root:VALID measures@10 for class 1 - precision 0.8385 - recall 0.0716 - f1 0.1320 
INFO:root:VALID measures@100 microavg - precision 0.7590 - recall 0.5733 - f1 0.6532 
INFO:root:VALID measures@100 for class 0 - precision 0.0840 - recall 0.0318 - f1 0.0461 
INFO:root:VALID measures@100 for class 1 - precision 0.8281 - recall 0.6965 - f1 0.7566 
INFO:root:VALID measures@1000 microavg - precision 0.7564 - recall 0.7564 - f1 0.7564 
INFO:root:VALID measures@1000 for class 0 - precision 0.0840 - recall 0.0318 - f1 0.0461 
INFO:root:VALID measures@1000 for class 1 - precision 0.8071 - recall 0.9212 - f1 0.8604 
INFO:root:VALID Total epoch time: 1.845372375100851
### w0) ep 23 - Best valid measure:0.046121593291404604
INFO:root:################ TEST epoch 23 ###################
INFO:root:TEST batch 1 / 29 - partial error 0.2444 - partial loss 0.2853 - partial MRR  0.0000 - partial MAP 0.8996
INFO:root:TEST batch 1 / 29 -  partial tp {0: tensor(0, device='cuda:0'), 1: tensor(68, device='cuda:0')},fn {0: tensor(22, device='cuda:0'), 1: tensor(0, device='cuda:0')},fp {0: tensor(0, device='cuda:0'), 1: tensor(22, device='cuda:0')}
INFO:root:TEST batch 1 / 29 - measures partial microavg - precision 0.7556 - recall 0.7556 - f1 0.7556 
INFO:root:TEST batch 1 / 29 - measures partial for class 0 - precision 0.0000 - recall 0.0000 - f1 0.0000 
INFO:root:TEST batch 1 / 29 - measures partial for class 1 - precision 0.7556 - recall 1.0000 - f1 0.8608 
INFO:root:TEST batch 1 / 29 - Batch time 0 
INFO:root:TEST batch 2 / 29 - partial error 0.2090 - partial loss 0.2582 - partial MRR  0.0000 - partial MAP 0.9053
INFO:root:TEST batch 2 / 29 -  partial tp {0: tensor(0, device='cuda:0'), 1: tensor(38, device='cuda:0')},fn {0: tensor(6, device='cuda:0'), 1: tensor(0, device='cuda:0')},fp {0: tensor(0, device='cuda:0'), 1: tensor(6, device='cuda:0')}
INFO:root:TEST batch 2 / 29 - measures partial microavg - precision 0.8636 - recall 0.8636 - f1 0.8636 
INFO:root:TEST batch 2 / 29 - measures partial for class 0 - precision 0.0000 - recall 0.0000 - f1 0.0000 
INFO:root:TEST batch 2 / 29 - measures partial for class 1 - precision 0.8636 - recall 1.0000 - f1 0.9268 
INFO:root:TEST batch 2 / 29 - Batch time 0 
INFO:root:TEST batch 3 / 29 - partial error 0.2500 - partial loss 0.6986 - partial MRR  0.0000 - partial MAP 0.8365
INFO:root:TEST batch 3 / 29 -  partial tp {0: tensor(0, device='cuda:0'), 1: tensor(14, device='cuda:0')},fn {0: tensor(12, device='cuda:0'), 1: tensor(0, device='cuda:0')},fp {0: tensor(0, device='cuda:0'), 1: tensor(12, device='cuda:0')}
INFO:root:TEST batch 3 / 29 - measures partial microavg - precision 0.5385 - recall 0.5385 - f1 0.5385 
INFO:root:TEST batch 3 / 29 - measures partial for class 0 - precision 0.0000 - recall 0.0000 - f1 0.0000 
INFO:root:TEST batch 3 / 29 - measures partial for class 1 - precision 0.5385 - recall 1.0000 - f1 0.7000 
INFO:root:TEST batch 3 / 29 - Batch time 0 
INFO:root:TEST batch 4 / 29 - partial error 0.2323 - partial loss 0.6048 - partial MRR  0.0000 - partial MAP 0.8479
INFO:root:TEST batch 4 / 29 -  partial tp {0: tensor(0, device='cuda:0'), 1: tensor(32, device='cuda:0')},fn {0: tensor(6, device='cuda:0'), 1: tensor(0, device='cuda:0')},fp {0: tensor(0, device='cuda:0'), 1: tensor(6, device='cuda:0')}
INFO:root:TEST batch 4 / 29 - measures partial microavg - precision 0.8421 - recall 0.8421 - f1 0.8421 
INFO:root:TEST batch 4 / 29 - measures partial for class 0 - precision 0.0000 - recall 0.0000 - f1 0.0000 
INFO:root:TEST batch 4 / 29 - measures partial for class 1 - precision 0.8421 - recall 1.0000 - f1 0.9143 
INFO:root:TEST batch 4 / 29 - Batch time 0 
INFO:root:TEST batch 5 / 29 - partial error 0.2202 - partial loss 0.5355 - partial MRR  0.0000 - partial MAP 0.8464
INFO:root:TEST batch 5 / 29 -  partial tp {0: tensor(0, device='cuda:0'), 1: tensor(18, device='cuda:0')},fn {0: tensor(2, device='cuda:0'), 1: tensor(0, device='cuda:0')},fp {0: tensor(0, device='cuda:0'), 1: tensor(2, device='cuda:0')}
INFO:root:TEST batch 5 / 29 - measures partial microavg - precision 0.9000 - recall 0.9000 - f1 0.9000 
INFO:root:TEST batch 5 / 29 - measures partial for class 0 - precision 0.0000 - recall 0.0000 - f1 0.0000 
INFO:root:TEST batch 5 / 29 - measures partial for class 1 - precision 0.9000 - recall 1.0000 - f1 0.9474 
INFO:root:TEST batch 5 / 29 - Batch time 0 
INFO:root:TEST batch 6 / 29 - partial error 0.2155 - partial loss 0.4918 - partial MRR  0.0000 - partial MAP 0.8556
INFO:root:TEST batch 6 / 29 -  partial tp {0: tensor(0, device='cuda:0'), 1: tensor(12, device='cuda:0')},fn {0: tensor(2, device='cuda:0'), 1: tensor(0, device='cuda:0')},fp {0: tensor(0, device='cuda:0'), 1: tensor(2, device='cuda:0')}
INFO:root:TEST batch 6 / 29 - measures partial microavg - precision 0.8571 - recall 0.8571 - f1 0.8571 
INFO:root:TEST batch 6 / 29 - measures partial for class 0 - precision 0.0000 - recall 0.0000 - f1 0.0000 
INFO:root:TEST batch 6 / 29 - measures partial for class 1 - precision 0.8571 - recall 1.0000 - f1 0.9231 
INFO:root:TEST batch 6 / 29 - Batch time 0 
INFO:root:TEST batch 7 / 29 - partial error 0.2114 - partial loss 0.4586 - partial MRR  0.0000 - partial MAP 0.8593
INFO:root:TEST batch 7 / 29 -  partial tp {0: tensor(0, device='cuda:0'), 1: tensor(12, device='cuda:0')},fn {0: tensor(2, device='cuda:0'), 1: tensor(0, device='cuda:0')},fp {0: tensor(0, device='cuda:0'), 1: tensor(2, device='cuda:0')}
INFO:root:TEST batch 7 / 29 - measures partial microavg - precision 0.8571 - recall 0.8571 - f1 0.8571 
INFO:root:TEST batch 7 / 29 - measures partial for class 0 - precision 0.0000 - recall 0.0000 - f1 0.0000 
INFO:root:TEST batch 7 / 29 - measures partial for class 1 - precision 0.8571 - recall 1.0000 - f1 0.9231 
INFO:root:TEST batch 7 / 29 - Batch time 0 
INFO:root:TEST batch 8 / 29 - partial error 0.1926 - partial loss 0.4039 - partial MRR  0.0000 - partial MAP 0.8718
INFO:root:TEST batch 8 / 29 -  partial tp {0: tensor(0, device='cuda:0'), 1: tensor(24, device='cuda:0')},fn {0: tensor(0, device='cuda:0'), 1: tensor(0, device='cuda:0')},fp {0: tensor(0, device='cuda:0'), 1: tensor(0, device='cuda:0')}
INFO:root:TEST batch 8 / 29 - measures partial microavg - precision 1.0000 - recall 1.0000 - f1 1.0000 
INFO:root:TEST batch 8 / 29 - measures partial for class 0 - precision 0.0000 - recall 0.0000 - f1 0.0000 
INFO:root:TEST batch 8 / 29 - measures partial for class 1 - precision 1.0000 - recall 1.0000 - f1 1.0000 
INFO:root:TEST batch 8 / 29 - Batch time 0 
INFO:root:TEST batch 9 / 29 - partial error 0.1871 - partial loss 0.3604 - partial MRR  0.0000 - partial MAP 0.8755
INFO:root:TEST batch 9 / 29 -  partial tp {0: tensor(0, device='cuda:0'), 1: tensor(8, device='cuda:0')},fn {0: tensor(0, device='cuda:0'), 1: tensor(0, device='cuda:0')},fp {0: tensor(0, device='cuda:0'), 1: tensor(0, device='cuda:0')}
INFO:root:TEST batch 9 / 29 - measures partial microavg - precision 1.0000 - recall 1.0000 - f1 1.0000 
INFO:root:TEST batch 9 / 29 - measures partial for class 0 - precision 0.0000 - recall 0.0000 - f1 0.0000 
INFO:root:TEST batch 9 / 29 - measures partial for class 1 - precision 1.0000 - recall 1.0000 - f1 1.0000 
INFO:root:TEST batch 9 / 29 - Batch time 0 
INFO:root:TEST batch 10 / 29 - partial error 0.1414 - partial loss 0.3337 - partial MRR  0.0000 - partial MAP 0.9089
INFO:root:TEST batch 10 / 29 -  partial tp {0: tensor(0, device='cuda:0'), 1: tensor(102, device='cuda:0')},fn {0: tensor(2, device='cuda:0'), 1: tensor(0, device='cuda:0')},fp {0: tensor(0, device='cuda:0'), 1: tensor(2, device='cuda:0')}
INFO:root:TEST batch 10 / 29 - measures partial microavg - precision 0.9808 - recall 0.9808 - f1 0.9808 
INFO:root:TEST batch 10 / 29 - measures partial for class 0 - precision 0.0000 - recall 0.0000 - f1 0.0000 
INFO:root:TEST batch 10 / 29 - measures partial for class 1 - precision 0.9808 - recall 1.0000 - f1 0.9903 
INFO:root:TEST batch 10 / 29 - Batch time 0 
INFO:root:TEST batch 11 / 29 - partial error 0.1381 - partial loss 0.3396 - partial MRR  0.0000 - partial MAP 0.9033
INFO:root:TEST batch 11 / 29 -  partial tp {0: tensor(0, device='cuda:0'), 1: tensor(34, device='cuda:0')},fn {0: tensor(4, device='cuda:0'), 1: tensor(0, device='cuda:0')},fp {0: tensor(0, device='cuda:0'), 1: tensor(4, device='cuda:0')}
INFO:root:TEST batch 11 / 29 - measures partial microavg - precision 0.8947 - recall 0.8947 - f1 0.8947 
INFO:root:TEST batch 11 / 29 - measures partial for class 0 - precision 0.0000 - recall 0.0000 - f1 0.0000 
INFO:root:TEST batch 11 / 29 - measures partial for class 1 - precision 0.8947 - recall 1.0000 - f1 0.9444 
INFO:root:TEST batch 11 / 29 - Batch time 0 
INFO:root:TEST batch 12 / 29 - partial error 0.1447 - partial loss 0.3566 - partial MRR  0.0000 - partial MAP 0.9033
INFO:root:TEST batch 12 / 29 -  partial tp {0: tensor(0, device='cuda:0'), 1: tensor(40, device='cuda:0')},fn {0: tensor(10, device='cuda:0'), 1: tensor(0, device='cuda:0')},fp {0: tensor(0, device='cuda:0'), 1: tensor(10, device='cuda:0')}
INFO:root:TEST batch 12 / 29 - measures partial microavg - precision 0.8000 - recall 0.8000 - f1 0.8000 
INFO:root:TEST batch 12 / 29 - measures partial for class 0 - precision 0.0000 - recall 0.0000 - f1 0.0000 
INFO:root:TEST batch 12 / 29 - measures partial for class 1 - precision 0.8000 - recall 1.0000 - f1 0.8889 
INFO:root:TEST batch 12 / 29 - Batch time 0 
INFO:root:TEST batch 13 / 29 - partial error 0.1494 - partial loss 0.3726 - partial MRR  0.0000 - partial MAP 0.8944
INFO:root:TEST batch 13 / 29 -  partial tp {0: tensor(0, device='cuda:0'), 1: tensor(8, device='cuda:0')},fn {0: tensor(4, device='cuda:0'), 1: tensor(0, device='cuda:0')},fp {0: tensor(0, device='cuda:0'), 1: tensor(4, device='cuda:0')}
INFO:root:TEST batch 13 / 29 - measures partial microavg - precision 0.6667 - recall 0.6667 - f1 0.6667 
INFO:root:TEST batch 13 / 29 - measures partial for class 0 - precision 0.0000 - recall 0.0000 - f1 0.0000 
INFO:root:TEST batch 13 / 29 - measures partial for class 1 - precision 0.6667 - recall 1.0000 - f1 0.8000 
INFO:root:TEST batch 13 / 29 - Batch time 0 
INFO:root:TEST batch 14 / 29 - partial error 0.1423 - partial loss 0.3541 - partial MRR  0.0000 - partial MAP 0.8965
INFO:root:TEST batch 14 / 29 -  partial tp {0: tensor(0, device='cuda:0'), 1: tensor(36, device='cuda:0')},fn {0: tensor(2, device='cuda:0'), 1: tensor(0, device='cuda:0')},fp {0: tensor(0, device='cuda:0'), 1: tensor(2, device='cuda:0')}
INFO:root:TEST batch 14 / 29 - measures partial microavg - precision 0.9474 - recall 0.9474 - f1 0.9474 
INFO:root:TEST batch 14 / 29 - measures partial for class 0 - precision 0.0000 - recall 0.0000 - f1 0.0000 
INFO:root:TEST batch 14 / 29 - measures partial for class 1 - precision 0.9474 - recall 1.0000 - f1 0.9730 
INFO:root:TEST batch 14 / 29 - Batch time 0 
INFO:root:TEST batch 15 / 29 - partial error 0.1350 - partial loss 0.3315 - partial MRR  0.0000 - partial MAP 0.9018
INFO:root:TEST batch 15 / 29 -  partial tp {0: tensor(0, device='cuda:0'), 1: tensor(28, device='cuda:0')},fn {0: tensor(0, device='cuda:0'), 1: tensor(0, device='cuda:0')},fp {0: tensor(0, device='cuda:0'), 1: tensor(0, device='cuda:0')}
INFO:root:TEST batch 15 / 29 - measures partial microavg - precision 1.0000 - recall 1.0000 - f1 1.0000 
INFO:root:TEST batch 15 / 29 - measures partial for class 0 - precision 0.0000 - recall 0.0000 - f1 0.0000 
INFO:root:TEST batch 15 / 29 - measures partial for class 1 - precision 1.0000 - recall 1.0000 - f1 1.0000 
INFO:root:TEST batch 15 / 29 - Batch time 0 
INFO:root:TEST batch 16 / 29 - partial error 0.1294 - partial loss 0.3110 - partial MRR  0.0000 - partial MAP 0.9059
INFO:root:TEST batch 16 / 29 -  partial tp {0: tensor(0, device='cuda:0'), 1: tensor(24, device='cuda:0')},fn {0: tensor(0, device='cuda:0'), 1: tensor(0, device='cuda:0')},fp {0: tensor(0, device='cuda:0'), 1: tensor(0, device='cuda:0')}
INFO:root:TEST batch 16 / 29 - measures partial microavg - precision 1.0000 - recall 1.0000 - f1 1.0000 
INFO:root:TEST batch 16 / 29 - measures partial for class 0 - precision 0.0000 - recall 0.0000 - f1 0.0000 
INFO:root:TEST batch 16 / 29 - measures partial for class 1 - precision 1.0000 - recall 1.0000 - f1 1.0000 
INFO:root:TEST batch 16 / 29 - Batch time 0 
INFO:root:TEST batch 17 / 29 - partial error 0.1279 - partial loss 0.3369 - partial MRR  0.0000 - partial MAP 0.9044
INFO:root:TEST batch 17 / 29 -  partial tp {0: tensor(0, device='cuda:0'), 1: tensor(20, device='cuda:0')},fn {0: tensor(2, device='cuda:0'), 1: tensor(0, device='cuda:0')},fp {0: tensor(0, device='cuda:0'), 1: tensor(2, device='cuda:0')}
INFO:root:TEST batch 17 / 29 - measures partial microavg - precision 0.9091 - recall 0.9091 - f1 0.9091 
INFO:root:TEST batch 17 / 29 - measures partial for class 0 - precision 0.0000 - recall 0.0000 - f1 0.0000 
INFO:root:TEST batch 17 / 29 - measures partial for class 1 - precision 0.9091 - recall 1.0000 - f1 0.9524 
INFO:root:TEST batch 17 / 29 - Batch time 0 
INFO:root:TEST batch 18 / 29 - partial error 0.1296 - partial loss 0.3771 - partial MRR  0.0000 - partial MAP 0.9003
INFO:root:TEST batch 18 / 29 -  partial tp {0: tensor(0, device='cuda:0'), 1: tensor(6, device='cuda:0')},fn {0: tensor(2, device='cuda:0'), 1: tensor(0, device='cuda:0')},fp {0: tensor(0, device='cuda:0'), 1: tensor(2, device='cuda:0')}
INFO:root:TEST batch 18 / 29 - measures partial microavg - precision 0.7500 - recall 0.7500 - f1 0.7500 
INFO:root:TEST batch 18 / 29 - measures partial for class 0 - precision 0.0000 - recall 0.0000 - f1 0.0000 
INFO:root:TEST batch 18 / 29 - measures partial for class 1 - precision 0.7500 - recall 1.0000 - f1 0.8571 
INFO:root:TEST batch 18 / 29 - Batch time 0 
INFO:root:TEST batch 19 / 29 - partial error 0.1274 - partial loss 0.3838 - partial MRR  0.0000 - partial MAP 0.8992
INFO:root:TEST batch 19 / 29 -  partial tp {0: tensor(0, device='cuda:0'), 1: tensor(24, device='cuda:0')},fn {0: tensor(2, device='cuda:0'), 1: tensor(0, device='cuda:0')},fp {0: tensor(0, device='cuda:0'), 1: tensor(2, device='cuda:0')}
INFO:root:TEST batch 19 / 29 - measures partial microavg - precision 0.9231 - recall 0.9231 - f1 0.9231 
INFO:root:TEST batch 19 / 29 - measures partial for class 0 - precision 0.0000 - recall 0.0000 - f1 0.0000 
INFO:root:TEST batch 19 / 29 - measures partial for class 1 - precision 0.9231 - recall 1.0000 - f1 0.9600 
INFO:root:TEST batch 19 / 29 - Batch time 0 
INFO:root:TEST batch 20 / 29 - partial error 0.1262 - partial loss 0.3830 - partial MRR  0.0000 - partial MAP 0.9020
INFO:root:TEST batch 20 / 29 -  partial tp {0: tensor(0, device='cuda:0'), 1: tensor(20, device='cuda:0')},fn {0: tensor(2, device='cuda:0'), 1: tensor(0, device='cuda:0')},fp {0: tensor(0, device='cuda:0'), 1: tensor(2, device='cuda:0')}
INFO:root:TEST batch 20 / 29 - measures partial microavg - precision 0.9091 - recall 0.9091 - f1 0.9091 
INFO:root:TEST batch 20 / 29 - measures partial for class 0 - precision 0.0000 - recall 0.0000 - f1 0.0000 
INFO:root:TEST batch 20 / 29 - measures partial for class 1 - precision 0.9091 - recall 1.0000 - f1 0.9524 
INFO:root:TEST batch 20 / 29 - Batch time 0 
INFO:root:TEST batch 21 / 29 - partial error 0.1250 - partial loss 0.3939 - partial MRR  0.0000 - partial MAP 0.9023
INFO:root:TEST batch 21 / 29 -  partial tp {0: tensor(0, device='cuda:0'), 1: tensor(20, device='cuda:0')},fn {0: tensor(2, device='cuda:0'), 1: tensor(0, device='cuda:0')},fp {0: tensor(0, device='cuda:0'), 1: tensor(2, device='cuda:0')}
INFO:root:TEST batch 21 / 29 - measures partial microavg - precision 0.9091 - recall 0.9091 - f1 0.9091 
INFO:root:TEST batch 21 / 29 - measures partial for class 0 - precision 0.0000 - recall 0.0000 - f1 0.0000 
INFO:root:TEST batch 21 / 29 - measures partial for class 1 - precision 0.9091 - recall 1.0000 - f1 0.9524 
INFO:root:TEST batch 21 / 29 - Batch time 0 
INFO:root:TEST batch 22 / 29 - partial error 0.1228 - partial loss 0.3760 - partial MRR  0.0000 - partial MAP 0.9040
INFO:root:TEST batch 22 / 29 -  partial tp {0: tensor(0, device='cuda:0'), 1: tensor(12, device='cuda:0')},fn {0: tensor(0, device='cuda:0'), 1: tensor(0, device='cuda:0')},fp {0: tensor(0, device='cuda:0'), 1: tensor(0, device='cuda:0')}
INFO:root:TEST batch 22 / 29 - measures partial microavg - precision 1.0000 - recall 1.0000 - f1 1.0000 
INFO:root:TEST batch 22 / 29 - measures partial for class 0 - precision 0.0000 - recall 0.0000 - f1 0.0000 
INFO:root:TEST batch 22 / 29 - measures partial for class 1 - precision 1.0000 - recall 1.0000 - f1 1.0000 
INFO:root:TEST batch 22 / 29 - Batch time 0 
INFO:root:TEST batch 23 / 29 - partial error 0.1218 - partial loss 0.3895 - partial MRR  0.0000 - partial MAP 0.9064
INFO:root:TEST batch 23 / 29 -  partial tp {0: tensor(0, device='cuda:0'), 1: tensor(20, device='cuda:0')},fn {0: tensor(2, device='cuda:0'), 1: tensor(0, device='cuda:0')},fp {0: tensor(0, device='cuda:0'), 1: tensor(2, device='cuda:0')}
INFO:root:TEST batch 23 / 29 - measures partial microavg - precision 0.9091 - recall 0.9091 - f1 0.9091 
INFO:root:TEST batch 23 / 29 - measures partial for class 0 - precision 0.0000 - recall 0.0000 - f1 0.0000 
INFO:root:TEST batch 23 / 29 - measures partial for class 1 - precision 0.9091 - recall 1.0000 - f1 0.9524 
INFO:root:TEST batch 23 / 29 - Batch time 0 
INFO:root:TEST batch 24 / 29 - partial error 0.1211 - partial loss 0.3732 - partial MRR  0.0000 - partial MAP 0.9069
INFO:root:TEST batch 24 / 29 -  partial tp {0: tensor(0, device='cuda:0'), 1: tensor(4, device='cuda:0')},fn {0: tensor(0, device='cuda:0'), 1: tensor(0, device='cuda:0')},fp {0: tensor(0, device='cuda:0'), 1: tensor(0, device='cuda:0')}
INFO:root:TEST batch 24 / 29 - measures partial microavg - precision 1.0000 - recall 1.0000 - f1 1.0000 
INFO:root:TEST batch 24 / 29 - measures partial for class 0 - precision 0.0000 - recall 0.0000 - f1 0.0000 
INFO:root:TEST batch 24 / 29 - measures partial for class 1 - precision 1.0000 - recall 1.0000 - f1 1.0000 
INFO:root:TEST batch 24 / 29 - Batch time 0 
INFO:root:TEST batch 25 / 29 - partial error 0.1198 - partial loss 0.3583 - partial MRR  0.0000 - partial MAP 0.9080
INFO:root:TEST batch 25 / 29 -  partial tp {0: tensor(0, device='cuda:0'), 1: tensor(8, device='cuda:0')},fn {0: tensor(0, device='cuda:0'), 1: tensor(0, device='cuda:0')},fp {0: tensor(0, device='cuda:0'), 1: tensor(0, device='cuda:0')}
INFO:root:TEST batch 25 / 29 - measures partial microavg - precision 1.0000 - recall 1.0000 - f1 1.0000 
INFO:root:TEST batch 25 / 29 - measures partial for class 0 - precision 0.0000 - recall 0.0000 - f1 0.0000 
INFO:root:TEST batch 25 / 29 - measures partial for class 1 - precision 1.0000 - recall 1.0000 - f1 1.0000 
INFO:root:TEST batch 25 / 29 - Batch time 0 
INFO:root:TEST batch 26 / 29 - partial error 0.1205 - partial loss 0.3674 - partial MRR  0.0000 - partial MAP 0.9095
INFO:root:TEST batch 26 / 29 -  partial tp {0: tensor(0, device='cuda:0'), 1: tensor(10, device='cuda:0')},fn {0: tensor(2, device='cuda:0'), 1: tensor(0, device='cuda:0')},fp {0: tensor(0, device='cuda:0'), 1: tensor(2, device='cuda:0')}
INFO:root:TEST batch 26 / 29 - measures partial microavg - precision 0.8333 - recall 0.8333 - f1 0.8333 
INFO:root:TEST batch 26 / 29 - measures partial for class 0 - precision 0.0000 - recall 0.0000 - f1 0.0000 
INFO:root:TEST batch 26 / 29 - measures partial for class 1 - precision 0.8333 - recall 1.0000 - f1 0.9091 
INFO:root:TEST batch 26 / 29 - Batch time 0 
INFO:root:TEST batch 27 / 29 - partial error 0.1339 - partial loss 0.3763 - partial MRR  0.0000 - partial MAP 0.9008
INFO:root:TEST batch 27 / 29 -  partial tp {0: tensor(0, device='cuda:0'), 1: tensor(18, device='cuda:0')},fn {0: tensor(14, device='cuda:0'), 1: tensor(0, device='cuda:0')},fp {0: tensor(0, device='cuda:0'), 1: tensor(14, device='cuda:0')}
INFO:root:TEST batch 27 / 29 - measures partial microavg - precision 0.5625 - recall 0.5625 - f1 0.5625 
INFO:root:TEST batch 27 / 29 - measures partial for class 0 - precision 0.0000 - recall 0.0000 - f1 0.0000 
INFO:root:TEST batch 27 / 29 - measures partial for class 1 - precision 0.5625 - recall 1.0000 - f1 0.7200 
INFO:root:TEST batch 27 / 29 - Batch time 0 
INFO:root:TEST batch 28 / 29 - partial error 0.1335 - partial loss 0.3913 - partial MRR  0.0000 - partial MAP 0.8955
INFO:root:TEST batch 28 / 29 -  partial tp {0: tensor(0, device='cuda:0'), 1: tensor(28, device='cuda:0')},fn {0: tensor(4, device='cuda:0'), 1: tensor(0, device='cuda:0')},fp {0: tensor(0, device='cuda:0'), 1: tensor(4, device='cuda:0')}
INFO:root:TEST batch 28 / 29 - measures partial microavg - precision 0.8750 - recall 0.8750 - f1 0.8750 
INFO:root:TEST batch 28 / 29 - measures partial for class 0 - precision 0.0000 - recall 0.0000 - f1 0.0000 
INFO:root:TEST batch 28 / 29 - measures partial for class 1 - precision 0.8750 - recall 1.0000 - f1 0.9333 
INFO:root:TEST batch 28 / 29 - Batch time 0 
INFO:root:TEST batch 29 / 29 - partial error 0.1320 - partial loss 0.3831 - partial MRR  0.0000 - partial MAP 0.8979
INFO:root:TEST batch 29 / 29 -  partial tp {0: tensor(0, device='cuda:0'), 1: tensor(22, device='cuda:0')},fn {0: tensor(2, device='cuda:0'), 1: tensor(0, device='cuda:0')},fp {0: tensor(0, device='cuda:0'), 1: tensor(2, device='cuda:0')}
INFO:root:TEST batch 29 / 29 - measures partial microavg - precision 0.9167 - recall 0.9167 - f1 0.9167 
INFO:root:TEST batch 29 / 29 - measures partial for class 0 - precision 0.0000 - recall 0.0000 - f1 0.0000 
INFO:root:TEST batch 29 / 29 - measures partial for class 1 - precision 0.9167 - recall 1.0000 - f1 0.9565 
INFO:root:TEST batch 29 / 29 - Batch time 0 
INFO:root:TEST mean losses tensor(0.3831, device='cuda:0')
INFO:root:TEST mean errors 0.13202933967113495
INFO:root:TEST mean MRR 0.0 - mean MAP 0.8978622029307176
INFO:root:TEST tp {0: tensor(0, device='cuda:0'), 1: tensor(710, device='cuda:0')},fn {0: tensor(108, device='cuda:0'), 1: tensor(0, device='cuda:0')},fp {0: tensor(0, device='cuda:0'), 1: tensor(108, device='cuda:0')}
INFO:root:TEST measures microavg - precision 0.8680 - recall 0.8680 - f1 0.8680 
INFO:root:TEST measures for class 0 - precision 0.0000 - recall 0.0000 - f1 0.0000 
INFO:root:TEST measures for class 1 - precision 0.8680 - recall 1.0000 - f1 0.9293 
INFO:root:TEST measures@10 microavg - precision 0.8633 - recall 0.2934 - f1 0.4380 
INFO:root:TEST measures@10 for class 0 - precision 0.0000 - recall 0.0000 - f1 0.0000 
INFO:root:TEST measures@10 for class 1 - precision 0.8633 - recall 0.3380 - f1 0.4858 
INFO:root:TEST measures@100 microavg - precision 0.8673 - recall 0.8631 - f1 0.8652 
INFO:root:TEST measures@100 for class 0 - precision 0.0000 - recall 0.0000 - f1 0.0000 
INFO:root:TEST measures@100 for class 1 - precision 0.8673 - recall 0.9944 - f1 0.9265 
INFO:root:TEST measures@1000 microavg - precision 0.8680 - recall 0.8680 - f1 0.8680 
INFO:root:TEST measures@1000 for class 0 - precision 0.0000 - recall 0.0000 - f1 0.0000 
INFO:root:TEST measures@1000 for class 1 - precision 0.8680 - recall 1.0000 - f1 0.9293 
INFO:root:TEST Total epoch time: 3.5121874744072556
INFO:root:################ TRAIN epoch 24 ###################
INFO:root:TRAIN mean losses tensor(0.1251, device='cuda:0')
INFO:root:TRAIN mean errors 0.09743859618902206
INFO:root:TRAIN mean MRR 0.0 - mean MAP 0.9546591089170411
INFO:root:TRAIN tp {0: tensor(658, device='cuda:0'), 1: tensor(25065, device='cuda:0')},fn {0: tensor(1826, device='cuda:0'), 1: tensor(951, device='cuda:0')},fp {0: tensor(951, device='cuda:0'), 1: tensor(1826, device='cuda:0')}
INFO:root:TRAIN measures microavg - precision 0.9026 - recall 0.9026 - f1 0.9026 
INFO:root:TRAIN measures for class 0 - precision 0.4089 - recall 0.2649 - f1 0.3215 
INFO:root:TRAIN measures for class 1 - precision 0.9321 - recall 0.9634 - f1 0.9475 
INFO:root:TRAIN measures@10 microavg - precision 0.8483 - recall 0.0338 - f1 0.0649 
INFO:root:TRAIN measures@10 for class 0 - precision 0.4401 - recall 0.0503 - f1 0.0903 
INFO:root:TRAIN measures@10 for class 1 - precision 0.9847 - recall 0.0322 - f1 0.0623 
INFO:root:TRAIN measures@100 microavg - precision 0.8789 - recall 0.3016 - f1 0.4492 
INFO:root:TRAIN measures@100 for class 0 - precision 0.3912 - recall 0.2150 - f1 0.2775 
INFO:root:TRAIN measures@100 for class 1 - precision 0.9581 - recall 0.3099 - f1 0.4683 
INFO:root:TRAIN measures@1000 microavg - precision 0.9005 - recall 0.8706 - f1 0.8853 
INFO:root:TRAIN measures@1000 for class 0 - precision 0.4089 - recall 0.2649 - f1 0.3215 
INFO:root:TRAIN measures@1000 for class 1 - precision 0.9309 - recall 0.9284 - f1 0.9297 
INFO:root:TRAIN Total epoch time: 23.861746937036514
INFO:root:################ VALID epoch 24 ###################
INFO:root:VALID mean losses tensor(0.4398, device='cuda:0')
INFO:root:VALID mean errors 0.22162741422653198
INFO:root:VALID mean MRR 0.0 - mean MAP 0.8021983953651625
INFO:root:VALID tp {0: tensor(2, device='cuda:0'), 1: tensor(1452, device='cuda:0')},fn {0: tensor(344, device='cuda:0'), 1: tensor(70, device='cuda:0')},fp {0: tensor(70, device='cuda:0'), 1: tensor(344, device='cuda:0')}
INFO:root:VALID measures microavg - precision 0.7784 - recall 0.7784 - f1 0.7784 
INFO:root:VALID measures for class 0 - precision 0.0278 - recall 0.0058 - f1 0.0096 
INFO:root:VALID measures for class 1 - precision 0.8085 - recall 0.9540 - f1 0.8752 
INFO:root:VALID measures@10 microavg - precision 0.7254 - recall 0.0551 - f1 0.1025 
INFO:root:VALID measures@10 for class 0 - precision 0.0000 - recall 0.0000 - f1 0.0000 
INFO:root:VALID measures@10 for class 1 - precision 0.7923 - recall 0.0677 - f1 0.1247 
INFO:root:VALID measures@100 microavg - precision 0.7707 - recall 0.5578 - f1 0.6472 
INFO:root:VALID measures@100 for class 0 - precision 0.0278 - recall 0.0058 - f1 0.0096 
INFO:root:VALID measures@100 for class 1 - precision 0.8125 - recall 0.6833 - f1 0.7423 
INFO:root:VALID measures@1000 microavg - precision 0.7784 - recall 0.7784 - f1 0.7784 
INFO:root:VALID measures@1000 for class 0 - precision 0.0278 - recall 0.0058 - f1 0.0096 
INFO:root:VALID measures@1000 for class 1 - precision 0.8085 - recall 0.9540 - f1 0.8752 
INFO:root:VALID Total epoch time: 3.1792176365852356
INFO:root:################ TRAIN epoch 25 ###################
INFO:root:TRAIN mean losses tensor(0.1247, device='cuda:0')
INFO:root:TRAIN mean errors 0.09259649366140366
INFO:root:TRAIN mean MRR 0.0 - mean MAP 0.9553472887044792
INFO:root:TRAIN tp {0: tensor(640, device='cuda:0'), 1: tensor(25221, device='cuda:0')},fn {0: tensor(1844, device='cuda:0'), 1: tensor(795, device='cuda:0')},fp {0: tensor(795, device='cuda:0'), 1: tensor(1844, device='cuda:0')}
INFO:root:TRAIN measures microavg - precision 0.9074 - recall 0.9074 - f1 0.9074 
INFO:root:TRAIN measures for class 0 - precision 0.4460 - recall 0.2576 - f1 0.3266 
INFO:root:TRAIN measures for class 1 - precision 0.9319 - recall 0.9694 - f1 0.9503 
INFO:root:TRAIN measures@10 microavg - precision 0.8904 - recall 0.0339 - f1 0.0654 
INFO:root:TRAIN measures@10 for class 0 - precision 0.5551 - recall 0.0527 - f1 0.0963 
INFO:root:TRAIN measures@10 for class 1 - precision 0.9835 - recall 0.0321 - f1 0.0622 
INFO:root:TRAIN measures@100 microavg - precision 0.8922 - recall 0.3012 - f1 0.4504 
INFO:root:TRAIN measures@100 for class 0 - precision 0.4320 - recall 0.2085 - f1 0.2813 
INFO:root:TRAIN measures@100 for class 1 - precision 0.9577 - recall 0.3100 - f1 0.4684 
INFO:root:TRAIN measures@1000 microavg - precision 0.9058 - recall 0.8758 - f1 0.8905 
INFO:root:TRAIN measures@1000 for class 0 - precision 0.4460 - recall 0.2576 - f1 0.3266 
INFO:root:TRAIN measures@1000 for class 1 - precision 0.9311 - recall 0.9348 - f1 0.9329 
INFO:root:TRAIN Total epoch time: 19.43069128971547
INFO:root:################ VALID epoch 25 ###################
INFO:root:VALID mean losses tensor(0.4294, device='cuda:0')
INFO:root:VALID mean errors 0.23875802755355835
INFO:root:VALID mean MRR 0.0 - mean MAP 0.8233729556543419
INFO:root:VALID tp {0: tensor(10, device='cuda:0'), 1: tensor(1412, device='cuda:0')},fn {0: tensor(336, device='cuda:0'), 1: tensor(110, device='cuda:0')},fp {0: tensor(110, device='cuda:0'), 1: tensor(336, device='cuda:0')}
INFO:root:VALID measures microavg - precision 0.7612 - recall 0.7612 - f1 0.7612 
INFO:root:VALID measures for class 0 - precision 0.0833 - recall 0.0289 - f1 0.0429 
INFO:root:VALID measures for class 1 - precision 0.8078 - recall 0.9277 - f1 0.8636 
INFO:root:VALID measures@10 microavg - precision 0.7375 - recall 0.0632 - f1 0.1164 
INFO:root:VALID measures@10 for class 0 - precision 0.2000 - recall 0.0173 - f1 0.0319 
INFO:root:VALID measures@10 for class 1 - precision 0.8615 - recall 0.0736 - f1 0.1356 
INFO:root:VALID measures@100 microavg - precision 0.7507 - recall 0.5626 - f1 0.6432 
INFO:root:VALID measures@100 for class 0 - precision 0.0833 - recall 0.0289 - f1 0.0429 
INFO:root:VALID measures@100 for class 1 - precision 0.8133 - recall 0.6840 - f1 0.7430 
INFO:root:VALID measures@1000 microavg - precision 0.7612 - recall 0.7612 - f1 0.7612 
INFO:root:VALID measures@1000 for class 0 - precision 0.0833 - recall 0.0289 - f1 0.0429 
INFO:root:VALID measures@1000 for class 1 - precision 0.8078 - recall 0.9277 - f1 0.8636 
INFO:root:VALID Total epoch time: 3.1862517604604363
INFO:root:################ TRAIN epoch 26 ###################
INFO:root:TRAIN mean losses tensor(0.1247, device='cuda:0')
INFO:root:TRAIN mean errors 0.09238596260547638
INFO:root:TRAIN mean MRR 0.0 - mean MAP 0.9553460565135146
INFO:root:TRAIN tp {0: tensor(641, device='cuda:0'), 1: tensor(25226, device='cuda:0')},fn {0: tensor(1843, device='cuda:0'), 1: tensor(790, device='cuda:0')},fp {0: tensor(790, device='cuda:0'), 1: tensor(1843, device='cuda:0')}
INFO:root:TRAIN measures microavg - precision 0.9076 - recall 0.9076 - f1 0.9076 
INFO:root:TRAIN measures for class 0 - precision 0.4479 - recall 0.2581 - f1 0.3275 
INFO:root:TRAIN measures for class 1 - precision 0.9319 - recall 0.9696 - f1 0.9504 
INFO:root:TRAIN measures@10 microavg - precision 0.8739 - recall 0.0335 - f1 0.0646 
INFO:root:TRAIN measures@10 for class 0 - precision 0.4877 - recall 0.0479 - f1 0.0872 
INFO:root:TRAIN measures@10 for class 1 - precision 0.9847 - recall 0.0322 - f1 0.0623 
INFO:root:TRAIN measures@100 microavg - precision 0.8968 - recall 0.2990 - f1 0.4485 
INFO:root:TRAIN measures@100 for class 0 - precision 0.4520 - recall 0.2085 - f1 0.2854 
INFO:root:TRAIN measures@100 for class 1 - precision 0.9578 - recall 0.3077 - f1 0.4657 
INFO:root:TRAIN measures@1000 microavg - precision 0.9061 - recall 0.8761 - f1 0.8909 
INFO:root:TRAIN measures@1000 for class 0 - precision 0.4479 - recall 0.2581 - f1 0.3275 
INFO:root:TRAIN measures@1000 for class 1 - precision 0.9312 - recall 0.9351 - f1 0.9332 
INFO:root:TRAIN Total epoch time: 23.48722735326737
INFO:root:################ VALID epoch 26 ###################
INFO:root:VALID mean losses tensor(0.4155, device='cuda:0')
INFO:root:VALID mean errors 0.20396146178245544
INFO:root:VALID mean MRR 0.0 - mean MAP 0.8201784112656041
INFO:root:VALID tp {0: tensor(0, device='cuda:0'), 1: tensor(1487, device='cuda:0')},fn {0: tensor(346, device='cuda:0'), 1: tensor(35, device='cuda:0')},fp {0: tensor(35, device='cuda:0'), 1: tensor(346, device='cuda:0')}
INFO:root:VALID measures microavg - precision 0.7960 - recall 0.7960 - f1 0.7960 
INFO:root:VALID measures for class 0 - precision 0.0000 - recall 0.0000 - f1 0.0000 
INFO:root:VALID measures for class 1 - precision 0.8112 - recall 0.9770 - f1 0.8864 
INFO:root:VALID measures@10 microavg - precision 0.8214 - recall 0.0616 - f1 0.1145 
INFO:root:VALID measures@10 for class 0 - precision 0.0000 - recall 0.0000 - f1 0.0000 
INFO:root:VALID measures@10 for class 1 - precision 0.8846 - recall 0.0756 - f1 0.1392 
INFO:root:VALID measures@100 microavg - precision 0.7954 - recall 0.5600 - f1 0.6572 
INFO:root:VALID measures@100 for class 0 - precision 0.0000 - recall 0.0000 - f1 0.0000 
INFO:root:VALID measures@100 for class 1 - precision 0.8172 - recall 0.6873 - f1 0.7466 
INFO:root:VALID measures@1000 microavg - precision 0.7960 - recall 0.7960 - f1 0.7960 
INFO:root:VALID measures@1000 for class 0 - precision 0.0000 - recall 0.0000 - f1 0.0000 
INFO:root:VALID measures@1000 for class 1 - precision 0.8112 - recall 0.9770 - f1 0.8864 
INFO:root:VALID Total epoch time: 5.884839717298746
INFO:root:################ TRAIN epoch 27 ###################
INFO:root:TRAIN mean losses tensor(0.1253, device='cuda:0')
INFO:root:TRAIN mean errors 0.09445614367723465
INFO:root:TRAIN mean MRR 0.0 - mean MAP 0.9561779980022381
INFO:root:TRAIN tp {0: tensor(668, device='cuda:0'), 1: tensor(25140, device='cuda:0')},fn {0: tensor(1816, device='cuda:0'), 1: tensor(876, device='cuda:0')},fp {0: tensor(876, device='cuda:0'), 1: tensor(1816, device='cuda:0')}
INFO:root:TRAIN measures microavg - precision 0.9055 - recall 0.9055 - f1 0.9055 
INFO:root:TRAIN measures for class 0 - precision 0.4326 - recall 0.2689 - f1 0.3317 
INFO:root:TRAIN measures for class 1 - precision 0.9326 - recall 0.9663 - f1 0.9492 
INFO:root:TRAIN measures@10 microavg - precision 0.8868 - recall 0.0335 - f1 0.0646 
INFO:root:TRAIN measures@10 for class 0 - precision 0.4956 - recall 0.0455 - f1 0.0833 
INFO:root:TRAIN measures@10 for class 1 - precision 0.9918 - recall 0.0324 - f1 0.0628 
INFO:root:TRAIN measures@100 microavg - precision 0.8943 - recall 0.2981 - f1 0.4472 
INFO:root:TRAIN measures@100 for class 0 - precision 0.4367 - recall 0.2166 - f1 0.2896 
INFO:root:TRAIN measures@100 for class 1 - precision 0.9625 - recall 0.3059 - f1 0.4642 
INFO:root:TRAIN measures@1000 microavg - precision 0.9041 - recall 0.8741 - f1 0.8889 
INFO:root:TRAIN measures@1000 for class 0 - precision 0.4326 - recall 0.2689 - f1 0.3317 
INFO:root:TRAIN measures@1000 for class 1 - precision 0.9321 - recall 0.9319 - f1 0.9320 
INFO:root:TRAIN Total epoch time: 37.59302818123251
INFO:root:################ VALID epoch 27 ###################
INFO:root:VALID mean losses tensor(0.3809, device='cuda:0')
INFO:root:VALID mean errors 0.20021413266658783
INFO:root:VALID mean MRR 0.0 - mean MAP 0.825204546560333
INFO:root:VALID tp {0: tensor(0, device='cuda:0'), 1: tensor(1494, device='cuda:0')},fn {0: tensor(346, device='cuda:0'), 1: tensor(28, device='cuda:0')},fp {0: tensor(28, device='cuda:0'), 1: tensor(346, device='cuda:0')}
INFO:root:VALID measures microavg - precision 0.7998 - recall 0.7998 - f1 0.7998 
INFO:root:VALID measures for class 0 - precision 0.0000 - recall 0.0000 - f1 0.0000 
INFO:root:VALID measures for class 1 - precision 0.8120 - recall 0.9816 - f1 0.8888 
INFO:root:VALID measures@10 microavg - precision 0.8071 - recall 0.0605 - f1 0.1125 
INFO:root:VALID measures@10 for class 0 - precision 0.0000 - recall 0.0000 - f1 0.0000 
INFO:root:VALID measures@10 for class 1 - precision 0.8692 - recall 0.0742 - f1 0.1368 
INFO:root:VALID measures@100 microavg - precision 0.8058 - recall 0.5642 - f1 0.6637 
INFO:root:VALID measures@100 for class 0 - precision 0.0000 - recall 0.0000 - f1 0.0000 
INFO:root:VALID measures@100 for class 1 - precision 0.8234 - recall 0.6925 - f1 0.7523 
INFO:root:VALID measures@1000 microavg - precision 0.7998 - recall 0.7998 - f1 0.7998 
INFO:root:VALID measures@1000 for class 0 - precision 0.0000 - recall 0.0000 - f1 0.0000 
INFO:root:VALID measures@1000 for class 1 - precision 0.8120 - recall 0.9816 - f1 0.8888 
INFO:root:VALID Total epoch time: 4.276122165843844
INFO:root:################ TRAIN epoch 28 ###################
INFO:root:TRAIN mean losses tensor(0.1288, device='cuda:0')
INFO:root:TRAIN mean errors 0.08403509110212326
INFO:root:TRAIN mean MRR 0.0 - mean MAP 0.9538597228797427
INFO:root:TRAIN tp {0: tensor(471, device='cuda:0'), 1: tensor(25634, device='cuda:0')},fn {0: tensor(2013, device='cuda:0'), 1: tensor(382, device='cuda:0')},fp {0: tensor(382, device='cuda:0'), 1: tensor(2013, device='cuda:0')}
INFO:root:TRAIN measures microavg - precision 0.9160 - recall 0.9160 - f1 0.9160 
INFO:root:TRAIN measures for class 0 - precision 0.5522 - recall 0.1896 - f1 0.2823 
INFO:root:TRAIN measures for class 1 - precision 0.9272 - recall 0.9853 - f1 0.9554 
INFO:root:TRAIN measures@10 microavg - precision 0.9043 - recall 0.0325 - f1 0.0627 
INFO:root:TRAIN measures@10 for class 0 - precision 0.5345 - recall 0.0374 - f1 0.0700 
INFO:root:TRAIN measures@10 for class 1 - precision 0.9800 - recall 0.0320 - f1 0.0620 
INFO:root:TRAIN measures@100 microavg - precision 0.9233 - recall 0.2965 - f1 0.4488 
INFO:root:TRAIN measures@100 for class 0 - precision 0.5599 - recall 0.1562 - f1 0.2443 
INFO:root:TRAIN measures@100 for class 1 - precision 0.9531 - recall 0.3098 - f1 0.4677 
INFO:root:TRAIN measures@1000 microavg - precision 0.9147 - recall 0.8844 - f1 0.8993 
INFO:root:TRAIN measures@1000 for class 0 - precision 0.5522 - recall 0.1896 - f1 0.2823 
INFO:root:TRAIN measures@1000 for class 1 - precision 0.9263 - recall 0.9507 - f1 0.9383 
INFO:root:TRAIN Total epoch time: 40.617072886787355
INFO:root:################ VALID epoch 28 ###################
INFO:root:VALID mean losses tensor(0.3107, device='cuda:0')
INFO:root:VALID mean errors 0.27516061067581177
INFO:root:VALID mean MRR 0.0 - mean MAP 0.809307197153553
INFO:root:VALID tp {0: tensor(40, device='cuda:0'), 1: tensor(1314, device='cuda:0')},fn {0: tensor(306, device='cuda:0'), 1: tensor(208, device='cuda:0')},fp {0: tensor(208, device='cuda:0'), 1: tensor(306, device='cuda:0')}
INFO:root:VALID measures microavg - precision 0.7248 - recall 0.7248 - f1 0.7248 
INFO:root:VALID measures for class 0 - precision 0.1613 - recall 0.1156 - f1 0.1347 
INFO:root:VALID measures for class 1 - precision 0.8111 - recall 0.8633 - f1 0.8364 
INFO:root:VALID measures@10 microavg - precision 0.5888 - recall 0.0675 - f1 0.1210 
INFO:root:VALID measures@10 for class 0 - precision 0.1905 - recall 0.0462 - f1 0.0744 
INFO:root:VALID measures@10 for class 1 - precision 0.8462 - recall 0.0723 - f1 0.1332 
INFO:root:VALID measures@100 microavg - precision 0.7121 - recall 0.5787 - f1 0.6385 
INFO:root:VALID measures@100 for class 0 - precision 0.1613 - recall 0.1156 - f1 0.1347 
INFO:root:VALID measures@100 for class 1 - precision 0.8197 - recall 0.6840 - f1 0.7457 
INFO:root:VALID measures@1000 microavg - precision 0.7248 - recall 0.7248 - f1 0.7248 
INFO:root:VALID measures@1000 for class 0 - precision 0.1613 - recall 0.1156 - f1 0.1347 
INFO:root:VALID measures@1000 for class 1 - precision 0.8111 - recall 0.8633 - f1 0.8364 
INFO:root:VALID Total epoch time: 4.86381705198437
### w0) ep 28 - Best valid measure:0.13468013468013468
INFO:root:################ TEST epoch 28 ###################
INFO:root:TEST batch 1 / 29 - partial error 0.2667 - partial loss 0.2805 - partial MRR  0.0000 - partial MAP 0.9171
INFO:root:TEST batch 1 / 29 -  partial tp {0: tensor(0, device='cuda:0'), 1: tensor(66, device='cuda:0')},fn {0: tensor(22, device='cuda:0'), 1: tensor(2, device='cuda:0')},fp {0: tensor(2, device='cuda:0'), 1: tensor(22, device='cuda:0')}
INFO:root:TEST batch 1 / 29 - measures partial microavg - precision 0.7333 - recall 0.7333 - f1 0.7333 
INFO:root:TEST batch 1 / 29 - measures partial for class 0 - precision 0.0000 - recall 0.0000 - f1 0.0000 
INFO:root:TEST batch 1 / 29 - measures partial for class 1 - precision 0.7500 - recall 0.9706 - f1 0.8462 
INFO:root:TEST batch 1 / 29 - Batch time 0 
INFO:root:TEST batch 2 / 29 - partial error 0.2239 - partial loss 0.2343 - partial MRR  0.0000 - partial MAP 0.9189
INFO:root:TEST batch 2 / 29 -  partial tp {0: tensor(0, device='cuda:0'), 1: tensor(38, device='cuda:0')},fn {0: tensor(6, device='cuda:0'), 1: tensor(0, device='cuda:0')},fp {0: tensor(0, device='cuda:0'), 1: tensor(6, device='cuda:0')}
INFO:root:TEST batch 2 / 29 - measures partial microavg - precision 0.8636 - recall 0.8636 - f1 0.8636 
INFO:root:TEST batch 2 / 29 - measures partial for class 0 - precision 0.0000 - recall 0.0000 - f1 0.0000 
INFO:root:TEST batch 2 / 29 - measures partial for class 1 - precision 0.8636 - recall 1.0000 - f1 0.9268 
INFO:root:TEST batch 2 / 29 - Batch time 0 
INFO:root:TEST batch 3 / 29 - partial error 0.2625 - partial loss 0.4977 - partial MRR  0.0000 - partial MAP 0.8333
INFO:root:TEST batch 3 / 29 -  partial tp {0: tensor(0, device='cuda:0'), 1: tensor(14, device='cuda:0')},fn {0: tensor(12, device='cuda:0'), 1: tensor(0, device='cuda:0')},fp {0: tensor(0, device='cuda:0'), 1: tensor(12, device='cuda:0')}
INFO:root:TEST batch 3 / 29 - measures partial microavg - precision 0.5385 - recall 0.5385 - f1 0.5385 
INFO:root:TEST batch 3 / 29 - measures partial for class 0 - precision 0.0000 - recall 0.0000 - f1 0.0000 
INFO:root:TEST batch 3 / 29 - measures partial for class 1 - precision 0.5385 - recall 1.0000 - f1 0.7000 
INFO:root:TEST batch 3 / 29 - Batch time 0 
INFO:root:TEST batch 4 / 29 - partial error 0.2424 - partial loss 0.4321 - partial MRR  0.0000 - partial MAP 0.8355
INFO:root:TEST batch 4 / 29 -  partial tp {0: tensor(0, device='cuda:0'), 1: tensor(32, device='cuda:0')},fn {0: tensor(6, device='cuda:0'), 1: tensor(0, device='cuda:0')},fp {0: tensor(0, device='cuda:0'), 1: tensor(6, device='cuda:0')}
INFO:root:TEST batch 4 / 29 - measures partial microavg - precision 0.8421 - recall 0.8421 - f1 0.8421 
INFO:root:TEST batch 4 / 29 - measures partial for class 0 - precision 0.0000 - recall 0.0000 - f1 0.0000 
INFO:root:TEST batch 4 / 29 - measures partial for class 1 - precision 0.8421 - recall 1.0000 - f1 0.9143 
INFO:root:TEST batch 4 / 29 - Batch time 0 
INFO:root:TEST batch 5 / 29 - partial error 0.2294 - partial loss 0.3830 - partial MRR  0.0000 - partial MAP 0.8352
INFO:root:TEST batch 5 / 29 -  partial tp {0: tensor(0, device='cuda:0'), 1: tensor(18, device='cuda:0')},fn {0: tensor(2, device='cuda:0'), 1: tensor(0, device='cuda:0')},fp {0: tensor(0, device='cuda:0'), 1: tensor(2, device='cuda:0')}
INFO:root:TEST batch 5 / 29 - measures partial microavg - precision 0.9000 - recall 0.9000 - f1 0.9000 
INFO:root:TEST batch 5 / 29 - measures partial for class 0 - precision 0.0000 - recall 0.0000 - f1 0.0000 
INFO:root:TEST batch 5 / 29 - measures partial for class 1 - precision 0.9000 - recall 1.0000 - f1 0.9474 
INFO:root:TEST batch 5 / 29 - Batch time 0 
INFO:root:TEST batch 6 / 29 - partial error 0.2241 - partial loss 0.3453 - partial MRR  0.0000 - partial MAP 0.8451
INFO:root:TEST batch 6 / 29 -  partial tp {0: tensor(0, device='cuda:0'), 1: tensor(12, device='cuda:0')},fn {0: tensor(2, device='cuda:0'), 1: tensor(0, device='cuda:0')},fp {0: tensor(0, device='cuda:0'), 1: tensor(2, device='cuda:0')}
INFO:root:TEST batch 6 / 29 - measures partial microavg - precision 0.8571 - recall 0.8571 - f1 0.8571 
INFO:root:TEST batch 6 / 29 - measures partial for class 0 - precision 0.0000 - recall 0.0000 - f1 0.0000 
INFO:root:TEST batch 6 / 29 - measures partial for class 1 - precision 0.8571 - recall 1.0000 - f1 0.9231 
INFO:root:TEST batch 6 / 29 - Batch time 0 
INFO:root:TEST batch 7 / 29 - partial error 0.2195 - partial loss 0.3277 - partial MRR  0.0000 - partial MAP 0.8463
INFO:root:TEST batch 7 / 29 -  partial tp {0: tensor(0, device='cuda:0'), 1: tensor(12, device='cuda:0')},fn {0: tensor(2, device='cuda:0'), 1: tensor(0, device='cuda:0')},fp {0: tensor(0, device='cuda:0'), 1: tensor(2, device='cuda:0')}
INFO:root:TEST batch 7 / 29 - measures partial microavg - precision 0.8571 - recall 0.8571 - f1 0.8571 
INFO:root:TEST batch 7 / 29 - measures partial for class 0 - precision 0.0000 - recall 0.0000 - f1 0.0000 
INFO:root:TEST batch 7 / 29 - measures partial for class 1 - precision 0.8571 - recall 1.0000 - f1 0.9231 
INFO:root:TEST batch 7 / 29 - Batch time 0 
INFO:root:TEST batch 8 / 29 - partial error 0.2000 - partial loss 0.2929 - partial MRR  0.0000 - partial MAP 0.8600
INFO:root:TEST batch 8 / 29 -  partial tp {0: tensor(0, device='cuda:0'), 1: tensor(24, device='cuda:0')},fn {0: tensor(0, device='cuda:0'), 1: tensor(0, device='cuda:0')},fp {0: tensor(0, device='cuda:0'), 1: tensor(0, device='cuda:0')}
INFO:root:TEST batch 8 / 29 - measures partial microavg - precision 1.0000 - recall 1.0000 - f1 1.0000 
INFO:root:TEST batch 8 / 29 - measures partial for class 0 - precision 0.0000 - recall 0.0000 - f1 0.0000 
INFO:root:TEST batch 8 / 29 - measures partial for class 1 - precision 1.0000 - recall 1.0000 - f1 1.0000 
INFO:root:TEST batch 8 / 29 - Batch time 0 
INFO:root:TEST batch 9 / 29 - partial error 0.1942 - partial loss 0.2636 - partial MRR  0.0000 - partial MAP 0.8640
INFO:root:TEST batch 9 / 29 -  partial tp {0: tensor(0, device='cuda:0'), 1: tensor(8, device='cuda:0')},fn {0: tensor(0, device='cuda:0'), 1: tensor(0, device='cuda:0')},fp {0: tensor(0, device='cuda:0'), 1: tensor(0, device='cuda:0')}
INFO:root:TEST batch 9 / 29 - measures partial microavg - precision 1.0000 - recall 1.0000 - f1 1.0000 
INFO:root:TEST batch 9 / 29 - measures partial for class 0 - precision 0.0000 - recall 0.0000 - f1 0.0000 
INFO:root:TEST batch 9 / 29 - measures partial for class 1 - precision 1.0000 - recall 1.0000 - f1 1.0000 
INFO:root:TEST batch 9 / 29 - Batch time 0 
INFO:root:TEST batch 10 / 29 - partial error 0.1466 - partial loss 0.2451 - partial MRR  0.0000 - partial MAP 0.9000
INFO:root:TEST batch 10 / 29 -  partial tp {0: tensor(0, device='cuda:0'), 1: tensor(102, device='cuda:0')},fn {0: tensor(2, device='cuda:0'), 1: tensor(0, device='cuda:0')},fp {0: tensor(0, device='cuda:0'), 1: tensor(2, device='cuda:0')}
INFO:root:TEST batch 10 / 29 - measures partial microavg - precision 0.9808 - recall 0.9808 - f1 0.9808 
INFO:root:TEST batch 10 / 29 - measures partial for class 0 - precision 0.0000 - recall 0.0000 - f1 0.0000 
INFO:root:TEST batch 10 / 29 - measures partial for class 1 - precision 0.9808 - recall 1.0000 - f1 0.9903 
INFO:root:TEST batch 10 / 29 - Batch time 0 
INFO:root:TEST batch 11 / 29 - partial error 0.1429 - partial loss 0.2591 - partial MRR  0.0000 - partial MAP 0.8924
INFO:root:TEST batch 11 / 29 -  partial tp {0: tensor(0, device='cuda:0'), 1: tensor(34, device='cuda:0')},fn {0: tensor(4, device='cuda:0'), 1: tensor(0, device='cuda:0')},fp {0: tensor(0, device='cuda:0'), 1: tensor(4, device='cuda:0')}
INFO:root:TEST batch 11 / 29 - measures partial microavg - precision 0.8947 - recall 0.8947 - f1 0.8947 
INFO:root:TEST batch 11 / 29 - measures partial for class 0 - precision 0.0000 - recall 0.0000 - f1 0.0000 
INFO:root:TEST batch 11 / 29 - measures partial for class 1 - precision 0.8947 - recall 1.0000 - f1 0.9444 
INFO:root:TEST batch 11 / 29 - Batch time 0 
INFO:root:TEST batch 12 / 29 - partial error 0.1489 - partial loss 0.2575 - partial MRR  0.0000 - partial MAP 0.8934
INFO:root:TEST batch 12 / 29 -  partial tp {0: tensor(0, device='cuda:0'), 1: tensor(40, device='cuda:0')},fn {0: tensor(10, device='cuda:0'), 1: tensor(0, device='cuda:0')},fp {0: tensor(0, device='cuda:0'), 1: tensor(10, device='cuda:0')}
INFO:root:TEST batch 12 / 29 - measures partial microavg - precision 0.8000 - recall 0.8000 - f1 0.8000 
INFO:root:TEST batch 12 / 29 - measures partial for class 0 - precision 0.0000 - recall 0.0000 - f1 0.0000 
INFO:root:TEST batch 12 / 29 - measures partial for class 1 - precision 0.8000 - recall 1.0000 - f1 0.8889 
INFO:root:TEST batch 12 / 29 - Batch time 0 
INFO:root:TEST batch 13 / 29 - partial error 0.1535 - partial loss 0.2675 - partial MRR  0.0000 - partial MAP 0.8834
INFO:root:TEST batch 13 / 29 -  partial tp {0: tensor(0, device='cuda:0'), 1: tensor(8, device='cuda:0')},fn {0: tensor(4, device='cuda:0'), 1: tensor(0, device='cuda:0')},fp {0: tensor(0, device='cuda:0'), 1: tensor(4, device='cuda:0')}
INFO:root:TEST batch 13 / 29 - measures partial microavg - precision 0.6667 - recall 0.6667 - f1 0.6667 
INFO:root:TEST batch 13 / 29 - measures partial for class 0 - precision 0.0000 - recall 0.0000 - f1 0.0000 
INFO:root:TEST batch 13 / 29 - measures partial for class 1 - precision 0.6667 - recall 1.0000 - f1 0.8000 
INFO:root:TEST batch 13 / 29 - Batch time 0 
INFO:root:TEST batch 14 / 29 - partial error 0.1462 - partial loss 0.2576 - partial MRR  0.0000 - partial MAP 0.8900
INFO:root:TEST batch 14 / 29 -  partial tp {0: tensor(0, device='cuda:0'), 1: tensor(36, device='cuda:0')},fn {0: tensor(2, device='cuda:0'), 1: tensor(0, device='cuda:0')},fp {0: tensor(0, device='cuda:0'), 1: tensor(2, device='cuda:0')}
INFO:root:TEST batch 14 / 29 - measures partial microavg - precision 0.9474 - recall 0.9474 - f1 0.9474 
INFO:root:TEST batch 14 / 29 - measures partial for class 0 - precision 0.0000 - recall 0.0000 - f1 0.0000 
INFO:root:TEST batch 14 / 29 - measures partial for class 1 - precision 0.9474 - recall 1.0000 - f1 0.9730 
INFO:root:TEST batch 14 / 29 - Batch time 0 
INFO:root:TEST batch 15 / 29 - partial error 0.1387 - partial loss 0.2450 - partial MRR  0.0000 - partial MAP 0.8956
INFO:root:TEST batch 15 / 29 -  partial tp {0: tensor(0, device='cuda:0'), 1: tensor(28, device='cuda:0')},fn {0: tensor(0, device='cuda:0'), 1: tensor(0, device='cuda:0')},fp {0: tensor(0, device='cuda:0'), 1: tensor(0, device='cuda:0')}
INFO:root:TEST batch 15 / 29 - measures partial microavg - precision 1.0000 - recall 1.0000 - f1 1.0000 
INFO:root:TEST batch 15 / 29 - measures partial for class 0 - precision 0.0000 - recall 0.0000 - f1 0.0000 
INFO:root:TEST batch 15 / 29 - measures partial for class 1 - precision 1.0000 - recall 1.0000 - f1 1.0000 
INFO:root:TEST batch 15 / 29 - Batch time 0 
INFO:root:TEST batch 16 / 29 - partial error 0.1329 - partial loss 0.2335 - partial MRR  0.0000 - partial MAP 0.9000
INFO:root:TEST batch 16 / 29 -  partial tp {0: tensor(0, device='cuda:0'), 1: tensor(24, device='cuda:0')},fn {0: tensor(0, device='cuda:0'), 1: tensor(0, device='cuda:0')},fp {0: tensor(0, device='cuda:0'), 1: tensor(0, device='cuda:0')}
INFO:root:TEST batch 16 / 29 - measures partial microavg - precision 1.0000 - recall 1.0000 - f1 1.0000 
INFO:root:TEST batch 16 / 29 - measures partial for class 0 - precision 0.0000 - recall 0.0000 - f1 0.0000 
INFO:root:TEST batch 16 / 29 - measures partial for class 1 - precision 1.0000 - recall 1.0000 - f1 1.0000 
INFO:root:TEST batch 16 / 29 - Batch time 0 
INFO:root:TEST batch 17 / 29 - partial error 0.1313 - partial loss 0.2311 - partial MRR  0.0000 - partial MAP 0.8991
INFO:root:TEST batch 17 / 29 -  partial tp {0: tensor(0, device='cuda:0'), 1: tensor(20, device='cuda:0')},fn {0: tensor(2, device='cuda:0'), 1: tensor(0, device='cuda:0')},fp {0: tensor(0, device='cuda:0'), 1: tensor(2, device='cuda:0')}
INFO:root:TEST batch 17 / 29 - measures partial microavg - precision 0.9091 - recall 0.9091 - f1 0.9091 
INFO:root:TEST batch 17 / 29 - measures partial for class 0 - precision 0.0000 - recall 0.0000 - f1 0.0000 
INFO:root:TEST batch 17 / 29 - measures partial for class 1 - precision 0.9091 - recall 1.0000 - f1 0.9524 
INFO:root:TEST batch 17 / 29 - Batch time 0 
INFO:root:TEST batch 18 / 29 - partial error 0.1329 - partial loss 0.2359 - partial MRR  0.0000 - partial MAP 0.8992
INFO:root:TEST batch 18 / 29 -  partial tp {0: tensor(0, device='cuda:0'), 1: tensor(6, device='cuda:0')},fn {0: tensor(2, device='cuda:0'), 1: tensor(0, device='cuda:0')},fp {0: tensor(0, device='cuda:0'), 1: tensor(2, device='cuda:0')}
INFO:root:TEST batch 18 / 29 - measures partial microavg - precision 0.7500 - recall 0.7500 - f1 0.7500 
INFO:root:TEST batch 18 / 29 - measures partial for class 0 - precision 0.0000 - recall 0.0000 - f1 0.0000 
INFO:root:TEST batch 18 / 29 - measures partial for class 1 - precision 0.7500 - recall 1.0000 - f1 0.8571 
INFO:root:TEST batch 18 / 29 - Batch time 0 
INFO:root:TEST batch 19 / 29 - partial error 0.1306 - partial loss 0.2364 - partial MRR  0.0000 - partial MAP 0.8973
INFO:root:TEST batch 19 / 29 -  partial tp {0: tensor(0, device='cuda:0'), 1: tensor(24, device='cuda:0')},fn {0: tensor(2, device='cuda:0'), 1: tensor(0, device='cuda:0')},fp {0: tensor(0, device='cuda:0'), 1: tensor(2, device='cuda:0')}
INFO:root:TEST batch 19 / 29 - measures partial microavg - precision 0.9231 - recall 0.9231 - f1 0.9231 
INFO:root:TEST batch 19 / 29 - measures partial for class 0 - precision 0.0000 - recall 0.0000 - f1 0.0000 
INFO:root:TEST batch 19 / 29 - measures partial for class 1 - precision 0.9231 - recall 1.0000 - f1 0.9600 
INFO:root:TEST batch 19 / 29 - Batch time 0 
INFO:root:TEST batch 20 / 29 - partial error 0.1292 - partial loss 0.2312 - partial MRR  0.0000 - partial MAP 0.9001
INFO:root:TEST batch 20 / 29 -  partial tp {0: tensor(0, device='cuda:0'), 1: tensor(20, device='cuda:0')},fn {0: tensor(2, device='cuda:0'), 1: tensor(0, device='cuda:0')},fp {0: tensor(0, device='cuda:0'), 1: tensor(2, device='cuda:0')}
INFO:root:TEST batch 20 / 29 - measures partial microavg - precision 0.9091 - recall 0.9091 - f1 0.9091 
INFO:root:TEST batch 20 / 29 - measures partial for class 0 - precision 0.0000 - recall 0.0000 - f1 0.0000 
INFO:root:TEST batch 20 / 29 - measures partial for class 1 - precision 0.9091 - recall 1.0000 - f1 0.9524 
INFO:root:TEST batch 20 / 29 - Batch time 0 
INFO:root:TEST batch 21 / 29 - partial error 0.1280 - partial loss 0.2270 - partial MRR  0.0000 - partial MAP 0.9034
INFO:root:TEST batch 21 / 29 -  partial tp {0: tensor(0, device='cuda:0'), 1: tensor(20, device='cuda:0')},fn {0: tensor(2, device='cuda:0'), 1: tensor(0, device='cuda:0')},fp {0: tensor(0, device='cuda:0'), 1: tensor(2, device='cuda:0')}
INFO:root:TEST batch 21 / 29 - measures partial microavg - precision 0.9091 - recall 0.9091 - f1 0.9091 
INFO:root:TEST batch 21 / 29 - measures partial for class 0 - precision 0.0000 - recall 0.0000 - f1 0.0000 
INFO:root:TEST batch 21 / 29 - measures partial for class 1 - precision 0.9091 - recall 1.0000 - f1 0.9524 
INFO:root:TEST batch 21 / 29 - Batch time 0 
INFO:root:TEST batch 22 / 29 - partial error 0.1257 - partial loss 0.2190 - partial MRR  0.0000 - partial MAP 0.9051
INFO:root:TEST batch 22 / 29 -  partial tp {0: tensor(0, device='cuda:0'), 1: tensor(12, device='cuda:0')},fn {0: tensor(0, device='cuda:0'), 1: tensor(0, device='cuda:0')},fp {0: tensor(0, device='cuda:0'), 1: tensor(0, device='cuda:0')}
INFO:root:TEST batch 22 / 29 - measures partial microavg - precision 1.0000 - recall 1.0000 - f1 1.0000 
INFO:root:TEST batch 22 / 29 - measures partial for class 0 - precision 0.0000 - recall 0.0000 - f1 0.0000 
INFO:root:TEST batch 22 / 29 - measures partial for class 1 - precision 1.0000 - recall 1.0000 - f1 1.0000 
INFO:root:TEST batch 22 / 29 - Batch time 0 
INFO:root:TEST batch 23 / 29 - partial error 0.1246 - partial loss 0.2167 - partial MRR  0.0000 - partial MAP 0.9071
INFO:root:TEST batch 23 / 29 -  partial tp {0: tensor(0, device='cuda:0'), 1: tensor(20, device='cuda:0')},fn {0: tensor(2, device='cuda:0'), 1: tensor(0, device='cuda:0')},fp {0: tensor(0, device='cuda:0'), 1: tensor(2, device='cuda:0')}
INFO:root:TEST batch 23 / 29 - measures partial microavg - precision 0.9091 - recall 0.9091 - f1 0.9091 
INFO:root:TEST batch 23 / 29 - measures partial for class 0 - precision 0.0000 - recall 0.0000 - f1 0.0000 
INFO:root:TEST batch 23 / 29 - measures partial for class 1 - precision 0.9091 - recall 1.0000 - f1 0.9524 
INFO:root:TEST batch 23 / 29 - Batch time 0 
INFO:root:TEST batch 24 / 29 - partial error 0.1239 - partial loss 0.2098 - partial MRR  0.0000 - partial MAP 0.9076
INFO:root:TEST batch 24 / 29 -  partial tp {0: tensor(0, device='cuda:0'), 1: tensor(4, device='cuda:0')},fn {0: tensor(0, device='cuda:0'), 1: tensor(0, device='cuda:0')},fp {0: tensor(0, device='cuda:0'), 1: tensor(0, device='cuda:0')}
INFO:root:TEST batch 24 / 29 - measures partial microavg - precision 1.0000 - recall 1.0000 - f1 1.0000 
INFO:root:TEST batch 24 / 29 - measures partial for class 0 - precision 0.0000 - recall 0.0000 - f1 0.0000 
INFO:root:TEST batch 24 / 29 - measures partial for class 1 - precision 1.0000 - recall 1.0000 - f1 1.0000 
INFO:root:TEST batch 24 / 29 - Batch time 0 
INFO:root:TEST batch 25 / 29 - partial error 0.1226 - partial loss 0.2024 - partial MRR  0.0000 - partial MAP 0.9086
INFO:root:TEST batch 25 / 29 -  partial tp {0: tensor(0, device='cuda:0'), 1: tensor(8, device='cuda:0')},fn {0: tensor(0, device='cuda:0'), 1: tensor(0, device='cuda:0')},fp {0: tensor(0, device='cuda:0'), 1: tensor(0, device='cuda:0')}
INFO:root:TEST batch 25 / 29 - measures partial microavg - precision 1.0000 - recall 1.0000 - f1 1.0000 
INFO:root:TEST batch 25 / 29 - measures partial for class 0 - precision 0.0000 - recall 0.0000 - f1 0.0000 
INFO:root:TEST batch 25 / 29 - measures partial for class 1 - precision 1.0000 - recall 1.0000 - f1 1.0000 
INFO:root:TEST batch 25 / 29 - Batch time 0 
INFO:root:TEST batch 26 / 29 - partial error 0.1233 - partial loss 0.2036 - partial MRR  0.0000 - partial MAP 0.9048
INFO:root:TEST batch 26 / 29 -  partial tp {0: tensor(0, device='cuda:0'), 1: tensor(10, device='cuda:0')},fn {0: tensor(2, device='cuda:0'), 1: tensor(0, device='cuda:0')},fp {0: tensor(0, device='cuda:0'), 1: tensor(2, device='cuda:0')}
INFO:root:TEST batch 26 / 29 - measures partial microavg - precision 0.8333 - recall 0.8333 - f1 0.8333 
INFO:root:TEST batch 26 / 29 - measures partial for class 0 - precision 0.0000 - recall 0.0000 - f1 0.0000 
INFO:root:TEST batch 26 / 29 - measures partial for class 1 - precision 0.8333 - recall 1.0000 - f1 0.9091 
INFO:root:TEST batch 26 / 29 - Batch time 0 
INFO:root:TEST batch 27 / 29 - partial error 0.1391 - partial loss 0.2083 - partial MRR  0.0000 - partial MAP 0.8944
INFO:root:TEST batch 27 / 29 -  partial tp {0: tensor(6, device='cuda:0'), 1: tensor(10, device='cuda:0')},fn {0: tensor(8, device='cuda:0'), 1: tensor(8, device='cuda:0')},fp {0: tensor(8, device='cuda:0'), 1: tensor(8, device='cuda:0')}
INFO:root:TEST batch 27 / 29 - measures partial microavg - precision 0.5000 - recall 0.5000 - f1 0.5000 
INFO:root:TEST batch 27 / 29 - measures partial for class 0 - precision 0.4286 - recall 0.4286 - f1 0.4286 
INFO:root:TEST batch 27 / 29 - measures partial for class 1 - precision 0.5556 - recall 0.5556 - f1 0.5556 
INFO:root:TEST batch 27 / 29 - Batch time 0 
INFO:root:TEST batch 28 / 29 - partial error 0.1385 - partial loss 0.2151 - partial MRR  0.0000 - partial MAP 0.8893
INFO:root:TEST batch 28 / 29 -  partial tp {0: tensor(0, device='cuda:0'), 1: tensor(28, device='cuda:0')},fn {0: tensor(4, device='cuda:0'), 1: tensor(0, device='cuda:0')},fp {0: tensor(0, device='cuda:0'), 1: tensor(4, device='cuda:0')}
INFO:root:TEST batch 28 / 29 - measures partial microavg - precision 0.8750 - recall 0.8750 - f1 0.8750 
INFO:root:TEST batch 28 / 29 - measures partial for class 0 - precision 0.0000 - recall 0.0000 - f1 0.0000 
INFO:root:TEST batch 28 / 29 - measures partial for class 1 - precision 0.8750 - recall 1.0000 - f1 0.9333 
INFO:root:TEST batch 28 / 29 - Batch time 0 
INFO:root:TEST batch 29 / 29 - partial error 0.1369 - partial loss 0.2126 - partial MRR  0.0000 - partial MAP 0.8924
INFO:root:TEST batch 29 / 29 -  partial tp {0: tensor(0, device='cuda:0'), 1: tensor(22, device='cuda:0')},fn {0: tensor(2, device='cuda:0'), 1: tensor(0, device='cuda:0')},fp {0: tensor(0, device='cuda:0'), 1: tensor(2, device='cuda:0')}
INFO:root:TEST batch 29 / 29 - measures partial microavg - precision 0.9167 - recall 0.9167 - f1 0.9167 
INFO:root:TEST batch 29 / 29 - measures partial for class 0 - precision 0.0000 - recall 0.0000 - f1 0.0000 
INFO:root:TEST batch 29 / 29 - measures partial for class 1 - precision 0.9167 - recall 1.0000 - f1 0.9565 
INFO:root:TEST batch 29 / 29 - Batch time 0 
INFO:root:TEST mean losses tensor(0.2126, device='cuda:0')
INFO:root:TEST mean errors 0.1369193196296692
INFO:root:TEST mean MRR 0.0 - mean MAP 0.8923668232750743
INFO:root:TEST tp {0: tensor(6, device='cuda:0'), 1: tensor(700, device='cuda:0')},fn {0: tensor(102, device='cuda:0'), 1: tensor(10, device='cuda:0')},fp {0: tensor(10, device='cuda:0'), 1: tensor(102, device='cuda:0')}
INFO:root:TEST measures microavg - precision 0.8631 - recall 0.8631 - f1 0.8631 
INFO:root:TEST measures for class 0 - precision 0.3750 - recall 0.0556 - f1 0.0968 
INFO:root:TEST measures for class 1 - precision 0.8728 - recall 0.9859 - f1 0.9259 
INFO:root:TEST measures@10 microavg - precision 0.8448 - recall 0.2995 - f1 0.4422 
INFO:root:TEST measures@10 for class 0 - precision 0.4167 - recall 0.0463 - f1 0.0833 
INFO:root:TEST measures@10 for class 1 - precision 0.8633 - recall 0.3380 - f1 0.4858 
INFO:root:TEST measures@100 microavg - precision 0.8624 - recall 0.8582 - f1 0.8603 
INFO:root:TEST measures@100 for class 0 - precision 0.3750 - recall 0.0556 - f1 0.0968 
INFO:root:TEST measures@100 for class 1 - precision 0.8722 - recall 0.9803 - f1 0.9231 
INFO:root:TEST measures@1000 microavg - precision 0.8631 - recall 0.8631 - f1 0.8631 
INFO:root:TEST measures@1000 for class 0 - precision 0.3750 - recall 0.0556 - f1 0.0968 
INFO:root:TEST measures@1000 for class 1 - precision 0.8728 - recall 0.9859 - f1 0.9259 
INFO:root:TEST Total epoch time: 8.907485947012901
INFO:root:################ TRAIN epoch 29 ###################
INFO:root:TRAIN mean losses tensor(0.1286, device='cuda:0')
INFO:root:TRAIN mean errors 0.10115789622068405
INFO:root:TRAIN mean MRR 0.0 - mean MAP 0.9554404268563422
INFO:root:TRAIN tp {0: tensor(672, device='cuda:0'), 1: tensor(24945, device='cuda:0')},fn {0: tensor(1812, device='cuda:0'), 1: tensor(1071, device='cuda:0')},fp {0: tensor(1071, device='cuda:0'), 1: tensor(1812, device='cuda:0')}
INFO:root:TRAIN measures microavg - precision 0.8988 - recall 0.8988 - f1 0.8988 
INFO:root:TRAIN measures for class 0 - precision 0.3855 - recall 0.2705 - f1 0.3180 
INFO:root:TRAIN measures for class 1 - precision 0.9323 - recall 0.9588 - f1 0.9454 
INFO:root:TRAIN measures@10 microavg - precision 0.8365 - recall 0.0345 - f1 0.0662 
INFO:root:TRAIN measures@10 for class 0 - precision 0.4537 - recall 0.0592 - f1 0.1047 
INFO:root:TRAIN measures@10 for class 1 - precision 0.9824 - recall 0.0321 - f1 0.0622 
INFO:root:TRAIN measures@100 microavg - precision 0.8755 - recall 0.2986 - f1 0.4453 
INFO:root:TRAIN measures@100 for class 0 - precision 0.3815 - recall 0.2222 - f1 0.2808 
INFO:root:TRAIN measures@100 for class 1 - precision 0.9619 - recall 0.3059 - f1 0.4642 
INFO:root:TRAIN measures@1000 microavg - precision 0.8969 - recall 0.8675 - f1 0.8820 
INFO:root:TRAIN measures@1000 for class 0 - precision 0.3855 - recall 0.2705 - f1 0.3180 
INFO:root:TRAIN measures@1000 for class 1 - precision 0.9314 - recall 0.9245 - f1 0.9279 
INFO:root:TRAIN Total epoch time: 41.26969408802688
INFO:root:################ VALID epoch 29 ###################
INFO:root:VALID mean losses tensor(0.2500, device='cuda:0')
INFO:root:VALID mean errors 0.3913276195526123
INFO:root:VALID mean MRR 0.0 - mean MAP 0.8307881932762594
INFO:root:VALID tp {0: tensor(74, device='cuda:0'), 1: tensor(1063, device='cuda:0')},fn {0: tensor(272, device='cuda:0'), 1: tensor(459, device='cuda:0')},fp {0: tensor(459, device='cuda:0'), 1: tensor(272, device='cuda:0')}
INFO:root:VALID measures microavg - precision 0.6087 - recall 0.6087 - f1 0.6087 
INFO:root:VALID measures for class 0 - precision 0.1388 - recall 0.2139 - f1 0.1684 
INFO:root:VALID measures for class 1 - precision 0.7963 - recall 0.6984 - f1 0.7441 
INFO:root:VALID measures@10 microavg - precision 0.5231 - recall 0.0728 - f1 0.1278 
INFO:root:VALID measures@10 for class 0 - precision 0.1385 - recall 0.0520 - f1 0.0756 
INFO:root:VALID measures@10 for class 1 - precision 0.9077 - recall 0.0775 - f1 0.1429 
INFO:root:VALID measures@100 microavg - precision 0.5862 - recall 0.5096 - f1 0.5452 
INFO:root:VALID measures@100 for class 0 - precision 0.1388 - recall 0.2139 - f1 0.1684 
INFO:root:VALID measures@100 for class 1 - precision 0.8048 - recall 0.5769 - f1 0.6720 
INFO:root:VALID measures@1000 microavg - precision 0.6087 - recall 0.6087 - f1 0.6087 
INFO:root:VALID measures@1000 for class 0 - precision 0.1388 - recall 0.2139 - f1 0.1684 
INFO:root:VALID measures@1000 for class 1 - precision 0.7963 - recall 0.6984 - f1 0.7441 
INFO:root:VALID Total epoch time: 4.909761011600494
### w0) ep 29 - Best valid measure:0.1683731513083049
INFO:root:################ TEST epoch 29 ###################
INFO:root:TEST batch 1 / 29 - partial error 0.5111 - partial loss 0.2156 - partial MRR  0.0000 - partial MAP 0.9176
INFO:root:TEST batch 1 / 29 -  partial tp {0: tensor(22, device='cuda:0'), 1: tensor(22, device='cuda:0')},fn {0: tensor(0, device='cuda:0'), 1: tensor(46, device='cuda:0')},fp {0: tensor(46, device='cuda:0'), 1: tensor(0, device='cuda:0')}
INFO:root:TEST batch 1 / 29 - measures partial microavg - precision 0.4889 - recall 0.4889 - f1 0.4889 
INFO:root:TEST batch 1 / 29 - measures partial for class 0 - precision 0.3235 - recall 1.0000 - f1 0.4889 
INFO:root:TEST batch 1 / 29 - measures partial for class 1 - precision 1.0000 - recall 0.3235 - f1 0.4889 
INFO:root:TEST batch 1 / 29 - Batch time 0 
INFO:root:TEST batch 2 / 29 - partial error 0.5672 - partial loss 0.2166 - partial MRR  0.0000 - partial MAP 0.9033
INFO:root:TEST batch 2 / 29 -  partial tp {0: tensor(4, device='cuda:0'), 1: tensor(10, device='cuda:0')},fn {0: tensor(2, device='cuda:0'), 1: tensor(28, device='cuda:0')},fp {0: tensor(28, device='cuda:0'), 1: tensor(2, device='cuda:0')}
INFO:root:TEST batch 2 / 29 - measures partial microavg - precision 0.3182 - recall 0.3182 - f1 0.3182 
INFO:root:TEST batch 2 / 29 - measures partial for class 0 - precision 0.1250 - recall 0.6667 - f1 0.2105 
INFO:root:TEST batch 2 / 29 - measures partial for class 1 - precision 0.8333 - recall 0.2632 - f1 0.4000 
INFO:root:TEST batch 2 / 29 - Batch time 0 
INFO:root:TEST batch 3 / 29 - partial error 0.5625 - partial loss 1.0086 - partial MRR  0.0000 - partial MAP 0.8239
INFO:root:TEST batch 3 / 29 -  partial tp {0: tensor(0, device='cuda:0'), 1: tensor(12, device='cuda:0')},fn {0: tensor(12, device='cuda:0'), 1: tensor(2, device='cuda:0')},fp {0: tensor(2, device='cuda:0'), 1: tensor(12, device='cuda:0')}
INFO:root:TEST batch 3 / 29 - measures partial microavg - precision 0.4615 - recall 0.4615 - f1 0.4615 
INFO:root:TEST batch 3 / 29 - measures partial for class 0 - precision 0.0000 - recall 0.0000 - f1 0.0000 
INFO:root:TEST batch 3 / 29 - measures partial for class 1 - precision 0.5000 - recall 0.8571 - f1 0.6316 
INFO:root:TEST batch 3 / 29 - Batch time 0 
INFO:root:TEST batch 4 / 29 - partial error 0.4949 - partial loss 0.8175 - partial MRR  0.0000 - partial MAP 0.8151
INFO:root:TEST batch 4 / 29 -  partial tp {0: tensor(0, device='cuda:0'), 1: tensor(30, device='cuda:0')},fn {0: tensor(6, device='cuda:0'), 1: tensor(2, device='cuda:0')},fp {0: tensor(2, device='cuda:0'), 1: tensor(6, device='cuda:0')}
INFO:root:TEST batch 4 / 29 - measures partial microavg - precision 0.7895 - recall 0.7895 - f1 0.7895 
INFO:root:TEST batch 4 / 29 - measures partial for class 0 - precision 0.0000 - recall 0.0000 - f1 0.0000 
INFO:root:TEST batch 4 / 29 - measures partial for class 1 - precision 0.8333 - recall 0.9375 - f1 0.8824 
INFO:root:TEST batch 4 / 29 - Batch time 0 
INFO:root:TEST batch 5 / 29 - partial error 0.4679 - partial loss 0.6895 - partial MRR  0.0000 - partial MAP 0.8231
INFO:root:TEST batch 5 / 29 -  partial tp {0: tensor(0, device='cuda:0'), 1: tensor(16, device='cuda:0')},fn {0: tensor(2, device='cuda:0'), 1: tensor(2, device='cuda:0')},fp {0: tensor(2, device='cuda:0'), 1: tensor(2, device='cuda:0')}
INFO:root:TEST batch 5 / 29 - measures partial microavg - precision 0.8000 - recall 0.8000 - f1 0.8000 
INFO:root:TEST batch 5 / 29 - measures partial for class 0 - precision 0.0000 - recall 0.0000 - f1 0.0000 
INFO:root:TEST batch 5 / 29 - measures partial for class 1 - precision 0.8889 - recall 0.8889 - f1 0.8889 
INFO:root:TEST batch 5 / 29 - Batch time 0 
INFO:root:TEST batch 6 / 29 - partial error 0.4483 - partial loss 0.6069 - partial MRR  0.0000 - partial MAP 0.8326
INFO:root:TEST batch 6 / 29 -  partial tp {0: tensor(0, device='cuda:0'), 1: tensor(12, device='cuda:0')},fn {0: tensor(2, device='cuda:0'), 1: tensor(0, device='cuda:0')},fp {0: tensor(0, device='cuda:0'), 1: tensor(2, device='cuda:0')}
INFO:root:TEST batch 6 / 29 - measures partial microavg - precision 0.8571 - recall 0.8571 - f1 0.8571 
INFO:root:TEST batch 6 / 29 - measures partial for class 0 - precision 0.0000 - recall 0.0000 - f1 0.0000 
INFO:root:TEST batch 6 / 29 - measures partial for class 1 - precision 0.8571 - recall 1.0000 - f1 0.9231 
INFO:root:TEST batch 6 / 29 - Batch time 0 
INFO:root:TEST batch 7 / 29 - partial error 0.4309 - partial loss 0.5510 - partial MRR  0.0000 - partial MAP 0.8255
INFO:root:TEST batch 7 / 29 -  partial tp {0: tensor(0, device='cuda:0'), 1: tensor(12, device='cuda:0')},fn {0: tensor(2, device='cuda:0'), 1: tensor(0, device='cuda:0')},fp {0: tensor(0, device='cuda:0'), 1: tensor(2, device='cuda:0')}
INFO:root:TEST batch 7 / 29 - measures partial microavg - precision 0.8571 - recall 0.8571 - f1 0.8571 
INFO:root:TEST batch 7 / 29 - measures partial for class 0 - precision 0.0000 - recall 0.0000 - f1 0.0000 
INFO:root:TEST batch 7 / 29 - measures partial for class 1 - precision 0.8571 - recall 1.0000 - f1 0.9231 
INFO:root:TEST batch 7 / 29 - Batch time 0 
INFO:root:TEST batch 8 / 29 - partial error 0.3926 - partial loss 0.4858 - partial MRR  0.0000 - partial MAP 0.8410
INFO:root:TEST batch 8 / 29 -  partial tp {0: tensor(0, device='cuda:0'), 1: tensor(24, device='cuda:0')},fn {0: tensor(0, device='cuda:0'), 1: tensor(0, device='cuda:0')},fp {0: tensor(0, device='cuda:0'), 1: tensor(0, device='cuda:0')}
INFO:root:TEST batch 8 / 29 - measures partial microavg - precision 1.0000 - recall 1.0000 - f1 1.0000 
INFO:root:TEST batch 8 / 29 - measures partial for class 0 - precision 0.0000 - recall 0.0000 - f1 0.0000 
INFO:root:TEST batch 8 / 29 - measures partial for class 1 - precision 1.0000 - recall 1.0000 - f1 1.0000 
INFO:root:TEST batch 8 / 29 - Batch time 0 
INFO:root:TEST batch 9 / 29 - partial error 0.3813 - partial loss 0.4320 - partial MRR  0.0000 - partial MAP 0.8456
INFO:root:TEST batch 9 / 29 -  partial tp {0: tensor(0, device='cuda:0'), 1: tensor(8, device='cuda:0')},fn {0: tensor(0, device='cuda:0'), 1: tensor(0, device='cuda:0')},fp {0: tensor(0, device='cuda:0'), 1: tensor(0, device='cuda:0')}
INFO:root:TEST batch 9 / 29 - measures partial microavg - precision 1.0000 - recall 1.0000 - f1 1.0000 
INFO:root:TEST batch 9 / 29 - measures partial for class 0 - precision 0.0000 - recall 0.0000 - f1 0.0000 
INFO:root:TEST batch 9 / 29 - measures partial for class 1 - precision 1.0000 - recall 1.0000 - f1 1.0000 
INFO:root:TEST batch 9 / 29 - Batch time 0 
INFO:root:TEST batch 10 / 29 - partial error 0.2827 - partial loss 0.4028 - partial MRR  0.0000 - partial MAP 0.8872
INFO:root:TEST batch 10 / 29 -  partial tp {0: tensor(0, device='cuda:0'), 1: tensor(102, device='cuda:0')},fn {0: tensor(2, device='cuda:0'), 1: tensor(0, device='cuda:0')},fp {0: tensor(0, device='cuda:0'), 1: tensor(2, device='cuda:0')}
INFO:root:TEST batch 10 / 29 - measures partial microavg - precision 0.9808 - recall 0.9808 - f1 0.9808 
INFO:root:TEST batch 10 / 29 - measures partial for class 0 - precision 0.0000 - recall 0.0000 - f1 0.0000 
INFO:root:TEST batch 10 / 29 - measures partial for class 1 - precision 0.9808 - recall 1.0000 - f1 0.9903 
INFO:root:TEST batch 10 / 29 - Batch time 0 
INFO:root:TEST batch 11 / 29 - partial error 0.2667 - partial loss 0.4045 - partial MRR  0.0000 - partial MAP 0.8801
INFO:root:TEST batch 11 / 29 -  partial tp {0: tensor(0, device='cuda:0'), 1: tensor(34, device='cuda:0')},fn {0: tensor(4, device='cuda:0'), 1: tensor(0, device='cuda:0')},fp {0: tensor(0, device='cuda:0'), 1: tensor(4, device='cuda:0')}
INFO:root:TEST batch 11 / 29 - measures partial microavg - precision 0.8947 - recall 0.8947 - f1 0.8947 
INFO:root:TEST batch 11 / 29 - measures partial for class 0 - precision 0.0000 - recall 0.0000 - f1 0.0000 
INFO:root:TEST batch 11 / 29 - measures partial for class 1 - precision 0.8947 - recall 1.0000 - f1 0.9444 
INFO:root:TEST batch 11 / 29 - Batch time 0 
INFO:root:TEST batch 12 / 29 - partial error 0.2596 - partial loss 0.4022 - partial MRR  0.0000 - partial MAP 0.8829
INFO:root:TEST batch 12 / 29 -  partial tp {0: tensor(0, device='cuda:0'), 1: tensor(40, device='cuda:0')},fn {0: tensor(10, device='cuda:0'), 1: tensor(0, device='cuda:0')},fp {0: tensor(0, device='cuda:0'), 1: tensor(10, device='cuda:0')}
INFO:root:TEST batch 12 / 29 - measures partial microavg - precision 0.8000 - recall 0.8000 - f1 0.8000 
INFO:root:TEST batch 12 / 29 - measures partial for class 0 - precision 0.0000 - recall 0.0000 - f1 0.0000 
INFO:root:TEST batch 12 / 29 - measures partial for class 1 - precision 0.8000 - recall 1.0000 - f1 0.8889 
INFO:root:TEST batch 12 / 29 - Batch time 0 
INFO:root:TEST batch 13 / 29 - partial error 0.2614 - partial loss 0.4030 - partial MRR  0.0000 - partial MAP 0.8797
INFO:root:TEST batch 13 / 29 -  partial tp {0: tensor(0, device='cuda:0'), 1: tensor(8, device='cuda:0')},fn {0: tensor(4, device='cuda:0'), 1: tensor(0, device='cuda:0')},fp {0: tensor(0, device='cuda:0'), 1: tensor(4, device='cuda:0')}
INFO:root:TEST batch 13 / 29 - measures partial microavg - precision 0.6667 - recall 0.6667 - f1 0.6667 
INFO:root:TEST batch 13 / 29 - measures partial for class 0 - precision 0.0000 - recall 0.0000 - f1 0.0000 
INFO:root:TEST batch 13 / 29 - measures partial for class 1 - precision 0.6667 - recall 1.0000 - f1 0.8000 
INFO:root:TEST batch 13 / 29 - Batch time 0 
INFO:root:TEST batch 14 / 29 - partial error 0.2462 - partial loss 0.3829 - partial MRR  0.0000 - partial MAP 0.8832
INFO:root:TEST batch 14 / 29 -  partial tp {0: tensor(0, device='cuda:0'), 1: tensor(36, device='cuda:0')},fn {0: tensor(2, device='cuda:0'), 1: tensor(0, device='cuda:0')},fp {0: tensor(0, device='cuda:0'), 1: tensor(2, device='cuda:0')}
INFO:root:TEST batch 14 / 29 - measures partial microavg - precision 0.9474 - recall 0.9474 - f1 0.9474 
INFO:root:TEST batch 14 / 29 - measures partial for class 0 - precision 0.0000 - recall 0.0000 - f1 0.0000 
INFO:root:TEST batch 14 / 29 - measures partial for class 1 - precision 0.9474 - recall 1.0000 - f1 0.9730 
INFO:root:TEST batch 14 / 29 - Batch time 0 
INFO:root:TEST batch 15 / 29 - partial error 0.2336 - partial loss 0.3588 - partial MRR  0.0000 - partial MAP 0.8891
INFO:root:TEST batch 15 / 29 -  partial tp {0: tensor(0, device='cuda:0'), 1: tensor(28, device='cuda:0')},fn {0: tensor(0, device='cuda:0'), 1: tensor(0, device='cuda:0')},fp {0: tensor(0, device='cuda:0'), 1: tensor(0, device='cuda:0')}
INFO:root:TEST batch 15 / 29 - measures partial microavg - precision 1.0000 - recall 1.0000 - f1 1.0000 
INFO:root:TEST batch 15 / 29 - measures partial for class 0 - precision 0.0000 - recall 0.0000 - f1 0.0000 
INFO:root:TEST batch 15 / 29 - measures partial for class 1 - precision 1.0000 - recall 1.0000 - f1 1.0000 
INFO:root:TEST batch 15 / 29 - Batch time 0 
INFO:root:TEST batch 16 / 29 - partial error 0.2238 - partial loss 0.3376 - partial MRR  0.0000 - partial MAP 0.8938
INFO:root:TEST batch 16 / 29 -  partial tp {0: tensor(0, device='cuda:0'), 1: tensor(24, device='cuda:0')},fn {0: tensor(0, device='cuda:0'), 1: tensor(0, device='cuda:0')},fp {0: tensor(0, device='cuda:0'), 1: tensor(0, device='cuda:0')}
INFO:root:TEST batch 16 / 29 - measures partial microavg - precision 1.0000 - recall 1.0000 - f1 1.0000 
INFO:root:TEST batch 16 / 29 - measures partial for class 0 - precision 0.0000 - recall 0.0000 - f1 0.0000 
INFO:root:TEST batch 16 / 29 - measures partial for class 1 - precision 1.0000 - recall 1.0000 - f1 1.0000 
INFO:root:TEST batch 16 / 29 - Batch time 0 
INFO:root:TEST batch 17 / 29 - partial error 0.2189 - partial loss 0.3491 - partial MRR  0.0000 - partial MAP 0.8928
INFO:root:TEST batch 17 / 29 -  partial tp {0: tensor(0, device='cuda:0'), 1: tensor(20, device='cuda:0')},fn {0: tensor(2, device='cuda:0'), 1: tensor(0, device='cuda:0')},fp {0: tensor(0, device='cuda:0'), 1: tensor(2, device='cuda:0')}
INFO:root:TEST batch 17 / 29 - measures partial microavg - precision 0.9091 - recall 0.9091 - f1 0.9091 
INFO:root:TEST batch 17 / 29 - measures partial for class 0 - precision 0.0000 - recall 0.0000 - f1 0.0000 
INFO:root:TEST batch 17 / 29 - measures partial for class 1 - precision 0.9091 - recall 1.0000 - f1 0.9524 
INFO:root:TEST batch 17 / 29 - Batch time 0 
INFO:root:TEST batch 18 / 29 - partial error 0.2193 - partial loss 0.3531 - partial MRR  0.0000 - partial MAP 0.8914
INFO:root:TEST batch 18 / 29 -  partial tp {0: tensor(0, device='cuda:0'), 1: tensor(6, device='cuda:0')},fn {0: tensor(2, device='cuda:0'), 1: tensor(0, device='cuda:0')},fp {0: tensor(0, device='cuda:0'), 1: tensor(2, device='cuda:0')}
INFO:root:TEST batch 18 / 29 - measures partial microavg - precision 0.7500 - recall 0.7500 - f1 0.7500 
INFO:root:TEST batch 18 / 29 - measures partial for class 0 - precision 0.0000 - recall 0.0000 - f1 0.0000 
INFO:root:TEST batch 18 / 29 - measures partial for class 1 - precision 0.7500 - recall 1.0000 - f1 0.8571 
INFO:root:TEST batch 18 / 29 - Batch time 0 
INFO:root:TEST batch 19 / 29 - partial error 0.2134 - partial loss 0.3617 - partial MRR  0.0000 - partial MAP 0.8907
INFO:root:TEST batch 19 / 29 -  partial tp {0: tensor(0, device='cuda:0'), 1: tensor(24, device='cuda:0')},fn {0: tensor(2, device='cuda:0'), 1: tensor(0, device='cuda:0')},fp {0: tensor(0, device='cuda:0'), 1: tensor(2, device='cuda:0')}
INFO:root:TEST batch 19 / 29 - measures partial microavg - precision 0.9231 - recall 0.9231 - f1 0.9231 
INFO:root:TEST batch 19 / 29 - measures partial for class 0 - precision 0.0000 - recall 0.0000 - f1 0.0000 
INFO:root:TEST batch 19 / 29 - measures partial for class 1 - precision 0.9231 - recall 1.0000 - f1 0.9600 
INFO:root:TEST batch 19 / 29 - Batch time 0 
INFO:root:TEST batch 20 / 29 - partial error 0.2092 - partial loss 0.3544 - partial MRR  0.0000 - partial MAP 0.8937
INFO:root:TEST batch 20 / 29 -  partial tp {0: tensor(0, device='cuda:0'), 1: tensor(20, device='cuda:0')},fn {0: tensor(2, device='cuda:0'), 1: tensor(0, device='cuda:0')},fp {0: tensor(0, device='cuda:0'), 1: tensor(2, device='cuda:0')}
INFO:root:TEST batch 20 / 29 - measures partial microavg - precision 0.9091 - recall 0.9091 - f1 0.9091 
INFO:root:TEST batch 20 / 29 - measures partial for class 0 - precision 0.0000 - recall 0.0000 - f1 0.0000 
INFO:root:TEST batch 20 / 29 - measures partial for class 1 - precision 0.9091 - recall 1.0000 - f1 0.9524 
INFO:root:TEST batch 20 / 29 - Batch time 0 
INFO:root:TEST batch 21 / 29 - partial error 0.2054 - partial loss 0.3682 - partial MRR  0.0000 - partial MAP 0.8930
INFO:root:TEST batch 21 / 29 -  partial tp {0: tensor(0, device='cuda:0'), 1: tensor(20, device='cuda:0')},fn {0: tensor(2, device='cuda:0'), 1: tensor(0, device='cuda:0')},fp {0: tensor(0, device='cuda:0'), 1: tensor(2, device='cuda:0')}
INFO:root:TEST batch 21 / 29 - measures partial microavg - precision 0.9091 - recall 0.9091 - f1 0.9091 
INFO:root:TEST batch 21 / 29 - measures partial for class 0 - precision 0.0000 - recall 0.0000 - f1 0.0000 
INFO:root:TEST batch 21 / 29 - measures partial for class 1 - precision 0.9091 - recall 1.0000 - f1 0.9524 
INFO:root:TEST batch 21 / 29 - Batch time 0 
INFO:root:TEST batch 22 / 29 - partial error 0.2018 - partial loss 0.3515 - partial MRR  0.0000 - partial MAP 0.8949
INFO:root:TEST batch 22 / 29 -  partial tp {0: tensor(0, device='cuda:0'), 1: tensor(12, device='cuda:0')},fn {0: tensor(0, device='cuda:0'), 1: tensor(0, device='cuda:0')},fp {0: tensor(0, device='cuda:0'), 1: tensor(0, device='cuda:0')}
INFO:root:TEST batch 22 / 29 - measures partial microavg - precision 1.0000 - recall 1.0000 - f1 1.0000 
INFO:root:TEST batch 22 / 29 - measures partial for class 0 - precision 0.0000 - recall 0.0000 - f1 0.0000 
INFO:root:TEST batch 22 / 29 - measures partial for class 1 - precision 1.0000 - recall 1.0000 - f1 1.0000 
INFO:root:TEST batch 22 / 29 - Batch time 0 
INFO:root:TEST batch 23 / 29 - partial error 0.1983 - partial loss 0.3636 - partial MRR  0.0000 - partial MAP 0.8943
INFO:root:TEST batch 23 / 29 -  partial tp {0: tensor(0, device='cuda:0'), 1: tensor(20, device='cuda:0')},fn {0: tensor(2, device='cuda:0'), 1: tensor(0, device='cuda:0')},fp {0: tensor(0, device='cuda:0'), 1: tensor(2, device='cuda:0')}
INFO:root:TEST batch 23 / 29 - measures partial microavg - precision 0.9091 - recall 0.9091 - f1 0.9091 
INFO:root:TEST batch 23 / 29 - measures partial for class 0 - precision 0.0000 - recall 0.0000 - f1 0.0000 
INFO:root:TEST batch 23 / 29 - measures partial for class 1 - precision 0.9091 - recall 1.0000 - f1 0.9524 
INFO:root:TEST batch 23 / 29 - Batch time 0 
INFO:root:TEST batch 24 / 29 - partial error 0.1972 - partial loss 0.3485 - partial MRR  0.0000 - partial MAP 0.8949
INFO:root:TEST batch 24 / 29 -  partial tp {0: tensor(0, device='cuda:0'), 1: tensor(4, device='cuda:0')},fn {0: tensor(0, device='cuda:0'), 1: tensor(0, device='cuda:0')},fp {0: tensor(0, device='cuda:0'), 1: tensor(0, device='cuda:0')}
INFO:root:TEST batch 24 / 29 - measures partial microavg - precision 1.0000 - recall 1.0000 - f1 1.0000 
INFO:root:TEST batch 24 / 29 - measures partial for class 0 - precision 0.0000 - recall 0.0000 - f1 0.0000 
INFO:root:TEST batch 24 / 29 - measures partial for class 1 - precision 1.0000 - recall 1.0000 - f1 1.0000 
INFO:root:TEST batch 24 / 29 - Batch time 0 
INFO:root:TEST batch 25 / 29 - partial error 0.1950 - partial loss 0.3346 - partial MRR  0.0000 - partial MAP 0.8961
INFO:root:TEST batch 25 / 29 -  partial tp {0: tensor(0, device='cuda:0'), 1: tensor(8, device='cuda:0')},fn {0: tensor(0, device='cuda:0'), 1: tensor(0, device='cuda:0')},fp {0: tensor(0, device='cuda:0'), 1: tensor(0, device='cuda:0')}
INFO:root:TEST batch 25 / 29 - measures partial microavg - precision 1.0000 - recall 1.0000 - f1 1.0000 
INFO:root:TEST batch 25 / 29 - measures partial for class 0 - precision 0.0000 - recall 0.0000 - f1 0.0000 
INFO:root:TEST batch 25 / 29 - measures partial for class 1 - precision 1.0000 - recall 1.0000 - f1 1.0000 
INFO:root:TEST batch 25 / 29 - Batch time 0 
INFO:root:TEST batch 26 / 29 - partial error 0.1945 - partial loss 0.3375 - partial MRR  0.0000 - partial MAP 0.8965
INFO:root:TEST batch 26 / 29 -  partial tp {0: tensor(0, device='cuda:0'), 1: tensor(10, device='cuda:0')},fn {0: tensor(2, device='cuda:0'), 1: tensor(0, device='cuda:0')},fp {0: tensor(0, device='cuda:0'), 1: tensor(2, device='cuda:0')}
INFO:root:TEST batch 26 / 29 - measures partial microavg - precision 0.8333 - recall 0.8333 - f1 0.8333 
INFO:root:TEST batch 26 / 29 - measures partial for class 0 - precision 0.0000 - recall 0.0000 - f1 0.0000 
INFO:root:TEST batch 26 / 29 - measures partial for class 1 - precision 0.8333 - recall 1.0000 - f1 0.9091 
INFO:root:TEST batch 26 / 29 - Batch time 0 
INFO:root:TEST batch 27 / 29 - partial error 0.2047 - partial loss 0.3478 - partial MRR  0.0000 - partial MAP 0.8865
INFO:root:TEST batch 27 / 29 -  partial tp {0: tensor(0, device='cuda:0'), 1: tensor(18, device='cuda:0')},fn {0: tensor(14, device='cuda:0'), 1: tensor(0, device='cuda:0')},fp {0: tensor(0, device='cuda:0'), 1: tensor(14, device='cuda:0')}
INFO:root:TEST batch 27 / 29 - measures partial microavg - precision 0.5625 - recall 0.5625 - f1 0.5625 
INFO:root:TEST batch 27 / 29 - measures partial for class 0 - precision 0.0000 - recall 0.0000 - f1 0.0000 
INFO:root:TEST batch 27 / 29 - measures partial for class 1 - precision 0.5625 - recall 1.0000 - f1 0.7200 
INFO:root:TEST batch 27 / 29 - Batch time 0 
INFO:root:TEST batch 28 / 29 - partial error 0.2015 - partial loss 0.3646 - partial MRR  0.0000 - partial MAP 0.8818
INFO:root:TEST batch 28 / 29 -  partial tp {0: tensor(0, device='cuda:0'), 1: tensor(28, device='cuda:0')},fn {0: tensor(4, device='cuda:0'), 1: tensor(0, device='cuda:0')},fp {0: tensor(0, device='cuda:0'), 1: tensor(4, device='cuda:0')}
INFO:root:TEST batch 28 / 29 - measures partial microavg - precision 0.8750 - recall 0.8750 - f1 0.8750 
INFO:root:TEST batch 28 / 29 - measures partial for class 0 - precision 0.0000 - recall 0.0000 - f1 0.0000 
INFO:root:TEST batch 28 / 29 - measures partial for class 1 - precision 0.8750 - recall 1.0000 - f1 0.9333 
INFO:root:TEST batch 28 / 29 - Batch time 0 
INFO:root:TEST batch 29 / 29 - partial error 0.1980 - partial loss 0.3571 - partial MRR  0.0000 - partial MAP 0.8850
INFO:root:TEST batch 29 / 29 -  partial tp {0: tensor(0, device='cuda:0'), 1: tensor(22, device='cuda:0')},fn {0: tensor(2, device='cuda:0'), 1: tensor(0, device='cuda:0')},fp {0: tensor(0, device='cuda:0'), 1: tensor(2, device='cuda:0')}
INFO:root:TEST batch 29 / 29 - measures partial microavg - precision 0.9167 - recall 0.9167 - f1 0.9167 
INFO:root:TEST batch 29 / 29 - measures partial for class 0 - precision 0.0000 - recall 0.0000 - f1 0.0000 
INFO:root:TEST batch 29 / 29 - measures partial for class 1 - precision 0.9167 - recall 1.0000 - f1 0.9565 
INFO:root:TEST batch 29 / 29 - Batch time 0 
INFO:root:TEST mean losses tensor(0.3571, device='cuda:0')
INFO:root:TEST mean errors 0.19804401695728302
INFO:root:TEST mean MRR 0.0 - mean MAP 0.8850236456842113
INFO:root:TEST tp {0: tensor(26, device='cuda:0'), 1: tensor(630, device='cuda:0')},fn {0: tensor(82, device='cuda:0'), 1: tensor(80, device='cuda:0')},fp {0: tensor(80, device='cuda:0'), 1: tensor(82, device='cuda:0')}
INFO:root:TEST measures microavg - precision 0.8020 - recall 0.8020 - f1 0.8020 
INFO:root:TEST measures for class 0 - precision 0.2453 - recall 0.2407 - f1 0.2430 
INFO:root:TEST measures for class 1 - precision 0.8848 - recall 0.8873 - f1 0.8861 
INFO:root:TEST measures@10 microavg - precision 0.7763 - recall 0.2885 - f1 0.4207 
INFO:root:TEST measures@10 for class 0 - precision 0.0769 - recall 0.0185 - f1 0.0299 
INFO:root:TEST measures@10 for class 1 - precision 0.8417 - recall 0.3296 - f1 0.4737 
INFO:root:TEST measures@100 microavg - precision 0.8010 - recall 0.7971 - f1 0.7990 
INFO:root:TEST measures@100 for class 0 - precision 0.2453 - recall 0.2407 - f1 0.2430 
INFO:root:TEST measures@100 for class 1 - precision 0.8842 - recall 0.8817 - f1 0.8829 
INFO:root:TEST measures@1000 microavg - precision 0.8020 - recall 0.8020 - f1 0.8020 
INFO:root:TEST measures@1000 for class 0 - precision 0.2453 - recall 0.2407 - f1 0.2430 
INFO:root:TEST measures@1000 for class 1 - precision 0.8848 - recall 0.8873 - f1 0.8861 
INFO:root:TEST Total epoch time: 8.929602324962616
INFO:root:################ TRAIN epoch 30 ###################
INFO:root:TRAIN mean losses tensor(0.1239, device='cuda:0')
INFO:root:TRAIN mean errors 0.09305263310670853
INFO:root:TRAIN mean MRR 0.0 - mean MAP 0.9576757018185078
INFO:root:TRAIN tp {0: tensor(642, device='cuda:0'), 1: tensor(25206, device='cuda:0')},fn {0: tensor(1842, device='cuda:0'), 1: tensor(810, device='cuda:0')},fp {0: tensor(810, device='cuda:0'), 1: tensor(1842, device='cuda:0')}
INFO:root:TRAIN measures microavg - precision 0.9069 - recall 0.9069 - f1 0.9069 
INFO:root:TRAIN measures for class 0 - precision 0.4421 - recall 0.2585 - f1 0.3262 
INFO:root:TRAIN measures for class 1 - precision 0.9319 - recall 0.9689 - f1 0.9500 
INFO:root:TRAIN measures@10 microavg - precision 0.8631 - recall 0.0336 - f1 0.0647 
INFO:root:TRAIN measures@10 for class 0 - precision 0.4769 - recall 0.0499 - f1 0.0904 
INFO:root:TRAIN measures@10 for class 1 - precision 0.9812 - recall 0.0321 - f1 0.0621 
INFO:root:TRAIN measures@100 microavg - precision 0.8936 - recall 0.3017 - f1 0.4511 
INFO:root:TRAIN measures@100 for class 0 - precision 0.4287 - recall 0.2130 - f1 0.2846 
INFO:root:TRAIN measures@100 for class 1 - precision 0.9620 - recall 0.3102 - f1 0.4691 
INFO:root:TRAIN measures@1000 microavg - precision 0.9053 - recall 0.8752 - f1 0.8900 
INFO:root:TRAIN measures@1000 for class 0 - precision 0.4421 - recall 0.2585 - f1 0.3262 
INFO:root:TRAIN measures@1000 for class 1 - precision 0.9310 - recall 0.9341 - f1 0.9326 
INFO:root:TRAIN Total epoch time: 32.53216739743948
INFO:root:################ VALID epoch 30 ###################
INFO:root:VALID mean losses tensor(0.2825, device='cuda:0')
INFO:root:VALID mean errors 0.2665952742099762
INFO:root:VALID mean MRR 0.0 - mean MAP 0.8185228649731433
INFO:root:VALID tp {0: tensor(30, device='cuda:0'), 1: tensor(1340, device='cuda:0')},fn {0: tensor(316, device='cuda:0'), 1: tensor(182, device='cuda:0')},fp {0: tensor(182, device='cuda:0'), 1: tensor(316, device='cuda:0')}
INFO:root:VALID measures microavg - precision 0.7334 - recall 0.7334 - f1 0.7334 
INFO:root:VALID measures for class 0 - precision 0.1415 - recall 0.0867 - f1 0.1075 
INFO:root:VALID measures for class 1 - precision 0.8092 - recall 0.8804 - f1 0.8433 
INFO:root:VALID measures@10 microavg - precision 0.6957 - recall 0.0685 - f1 0.1248 
INFO:root:VALID measures@10 for class 0 - precision 0.2037 - recall 0.0318 - f1 0.0550 
INFO:root:VALID measures@10 for class 1 - precision 0.9000 - recall 0.0769 - f1 0.1416 
INFO:root:VALID measures@100 microavg - precision 0.7245 - recall 0.5787 - f1 0.6435 
INFO:root:VALID measures@100 for class 0 - precision 0.1415 - recall 0.0867 - f1 0.1075 
INFO:root:VALID measures@100 for class 1 - precision 0.8211 - recall 0.6905 - f1 0.7502 
INFO:root:VALID measures@1000 microavg - precision 0.7334 - recall 0.7334 - f1 0.7334 
INFO:root:VALID measures@1000 for class 0 - precision 0.1415 - recall 0.0867 - f1 0.1075 
INFO:root:VALID measures@1000 for class 1 - precision 0.8092 - recall 0.8804 - f1 0.8433 
INFO:root:VALID Total epoch time: 4.276380557566881
INFO:root:################ TRAIN epoch 31 ###################
INFO:root:TRAIN mean losses tensor(0.1229, device='cuda:0')
INFO:root:TRAIN mean errors 0.09926316142082214
INFO:root:TRAIN mean MRR 0.0 - mean MAP 0.9585664809788842
INFO:root:TRAIN tp {0: tensor(785, device='cuda:0'), 1: tensor(24886, device='cuda:0')},fn {0: tensor(1699, device='cuda:0'), 1: tensor(1130, device='cuda:0')},fp {0: tensor(1130, device='cuda:0'), 1: tensor(1699, device='cuda:0')}
INFO:root:TRAIN measures microavg - precision 0.9007 - recall 0.9007 - f1 0.9007 
INFO:root:TRAIN measures for class 0 - precision 0.4099 - recall 0.3160 - f1 0.3569 
INFO:root:TRAIN measures for class 1 - precision 0.9361 - recall 0.9566 - f1 0.9462 
INFO:root:TRAIN measures@10 microavg - precision 0.8315 - recall 0.0348 - f1 0.0668 
INFO:root:TRAIN measures@10 for class 0 - precision 0.4490 - recall 0.0620 - f1 0.1089 
INFO:root:TRAIN measures@10 for class 1 - precision 0.9859 - recall 0.0322 - f1 0.0624 
INFO:root:TRAIN measures@100 microavg - precision 0.8741 - recall 0.3048 - f1 0.4520 
INFO:root:TRAIN measures@100 for class 0 - precision 0.4093 - recall 0.2661 - f1 0.3225 
INFO:root:TRAIN measures@100 for class 1 - precision 0.9643 - recall 0.3085 - f1 0.4675 
INFO:root:TRAIN measures@1000 microavg - precision 0.8987 - recall 0.8707 - f1 0.8845 
INFO:root:TRAIN measures@1000 for class 0 - precision 0.4099 - recall 0.3160 - f1 0.3569 
INFO:root:TRAIN measures@1000 for class 1 - precision 0.9351 - recall 0.9236 - f1 0.9293 
INFO:root:TRAIN Total epoch time: 38.85642737802118
INFO:root:################ VALID epoch 31 ###################
INFO:root:VALID mean losses tensor(0.5277, device='cuda:0')
INFO:root:VALID mean errors 0.2398286908864975
INFO:root:VALID mean MRR 0.0 - mean MAP 0.8048335955771927
INFO:root:VALID tp {0: tensor(10, device='cuda:0'), 1: tensor(1410, device='cuda:0')},fn {0: tensor(336, device='cuda:0'), 1: tensor(112, device='cuda:0')},fp {0: tensor(112, device='cuda:0'), 1: tensor(336, device='cuda:0')}
INFO:root:VALID measures microavg - precision 0.7602 - recall 0.7602 - f1 0.7602 
INFO:root:VALID measures for class 0 - precision 0.0820 - recall 0.0289 - f1 0.0427 
INFO:root:VALID measures for class 1 - precision 0.8076 - recall 0.9264 - f1 0.8629 
INFO:root:VALID measures@10 microavg - precision 0.6548 - recall 0.0589 - f1 0.1081 
INFO:root:VALID measures@10 for class 0 - precision 0.0000 - recall 0.0000 - f1 0.0000 
INFO:root:VALID measures@10 for class 1 - precision 0.8462 - recall 0.0723 - f1 0.1332 
INFO:root:VALID measures@100 microavg - precision 0.7489 - recall 0.5621 - f1 0.6422 
INFO:root:VALID measures@100 for class 0 - precision 0.0820 - recall 0.0289 - f1 0.0427 
INFO:root:VALID measures@100 for class 1 - precision 0.8125 - recall 0.6833 - f1 0.7423 
INFO:root:VALID measures@1000 microavg - precision 0.7602 - recall 0.7602 - f1 0.7602 
INFO:root:VALID measures@1000 for class 0 - precision 0.0820 - recall 0.0289 - f1 0.0427 
INFO:root:VALID measures@1000 for class 1 - precision 0.8076 - recall 0.9264 - f1 0.8629 
INFO:root:VALID Total epoch time: 3.5075197722762823
INFO:root:################ TRAIN epoch 32 ###################
INFO:root:TRAIN mean losses tensor(0.1226, device='cuda:0')
INFO:root:TRAIN mean errors 0.09628070145845413
INFO:root:TRAIN mean MRR 0.0 - mean MAP 0.958429064421252
INFO:root:TRAIN tp {0: tensor(712, device='cuda:0'), 1: tensor(25044, device='cuda:0')},fn {0: tensor(1772, device='cuda:0'), 1: tensor(972, device='cuda:0')},fp {0: tensor(972, device='cuda:0'), 1: tensor(1772, device='cuda:0')}
INFO:root:TRAIN measures microavg - precision 0.9037 - recall 0.9037 - f1 0.9037 
INFO:root:TRAIN measures for class 0 - precision 0.4228 - recall 0.2866 - f1 0.3417 
INFO:root:TRAIN measures for class 1 - precision 0.9339 - recall 0.9626 - f1 0.9481 
INFO:root:TRAIN measures@10 microavg - precision 0.8458 - recall 0.0352 - f1 0.0676 
INFO:root:TRAIN measures@10 for class 0 - precision 0.4955 - recall 0.0672 - f1 0.1184 
INFO:root:TRAIN measures@10 for class 1 - precision 0.9847 - recall 0.0322 - f1 0.0623 
INFO:root:TRAIN measures@100 microavg - precision 0.8873 - recall 0.3054 - f1 0.4544 
INFO:root:TRAIN measures@100 for class 0 - precision 0.4322 - recall 0.2375 - f1 0.3066 
INFO:root:TRAIN measures@100 for class 1 - precision 0.9609 - recall 0.3119 - f1 0.4709 
INFO:root:TRAIN measures@1000 microavg - precision 0.9021 - recall 0.8722 - f1 0.8869 
INFO:root:TRAIN measures@1000 for class 0 - precision 0.4228 - recall 0.2866 - f1 0.3417 
INFO:root:TRAIN measures@1000 for class 1 - precision 0.9333 - recall 0.9281 - f1 0.9307 
INFO:root:TRAIN Total epoch time: 33.95192289818078
INFO:root:################ VALID epoch 32 ###################
INFO:root:VALID mean losses tensor(0.3573, device='cuda:0')
INFO:root:VALID mean errors 0.25535333156585693
INFO:root:VALID mean MRR 0.0 - mean MAP 0.807252459511704
INFO:root:VALID tp {0: tensor(16, device='cuda:0'), 1: tensor(1375, device='cuda:0')},fn {0: tensor(330, device='cuda:0'), 1: tensor(147, device='cuda:0')},fp {0: tensor(147, device='cuda:0'), 1: tensor(330, device='cuda:0')}
INFO:root:VALID measures microavg - precision 0.7446 - recall 0.7446 - f1 0.7446 
INFO:root:VALID measures for class 0 - precision 0.0982 - recall 0.0462 - f1 0.0629 
INFO:root:VALID measures for class 1 - precision 0.8065 - recall 0.9034 - f1 0.8522 
INFO:root:VALID measures@10 microavg - precision 0.6609 - recall 0.0616 - f1 0.1126 
INFO:root:VALID measures@10 for class 0 - precision 0.0909 - recall 0.0116 - f1 0.0205 
INFO:root:VALID measures@10 for class 1 - precision 0.8538 - recall 0.0729 - f1 0.1344 
INFO:root:VALID measures@100 microavg - precision 0.7387 - recall 0.5707 - f1 0.6439 
INFO:root:VALID measures@100 for class 0 - precision 0.0982 - recall 0.0462 - f1 0.0629 
INFO:root:VALID measures@100 for class 1 - precision 0.8203 - recall 0.6899 - f1 0.7495 
INFO:root:VALID measures@1000 microavg - precision 0.7446 - recall 0.7446 - f1 0.7446 
INFO:root:VALID measures@1000 for class 0 - precision 0.0982 - recall 0.0462 - f1 0.0629 
INFO:root:VALID measures@1000 for class 1 - precision 0.8065 - recall 0.9034 - f1 0.8522 
INFO:root:VALID Total epoch time: 2.227150592021644
INFO:root:################ TRAIN epoch 33 ###################
INFO:root:TRAIN mean losses tensor(0.1212, device='cuda:0')
INFO:root:TRAIN mean errors 0.09473684430122375
INFO:root:TRAIN mean MRR 0.0 - mean MAP 0.9573627994327455
INFO:root:TRAIN tp {0: tensor(800, device='cuda:0'), 1: tensor(25000, device='cuda:0')},fn {0: tensor(1684, device='cuda:0'), 1: tensor(1016, device='cuda:0')},fp {0: tensor(1016, device='cuda:0'), 1: tensor(1684, device='cuda:0')}
INFO:root:TRAIN measures microavg - precision 0.9053 - recall 0.9053 - f1 0.9053 
INFO:root:TRAIN measures for class 0 - precision 0.4405 - recall 0.3221 - f1 0.3721 
INFO:root:TRAIN measures for class 1 - precision 0.9369 - recall 0.9609 - f1 0.9488 
INFO:root:TRAIN measures@10 microavg - precision 0.8439 - recall 0.0347 - f1 0.0667 
INFO:root:TRAIN measures@10 for class 0 - precision 0.5000 - recall 0.0648 - f1 0.1148 
INFO:root:TRAIN measures@10 for class 1 - precision 0.9741 - recall 0.0318 - f1 0.0616 
INFO:root:TRAIN measures@100 microavg - precision 0.8825 - recall 0.3065 - f1 0.4549 
INFO:root:TRAIN measures@100 for class 0 - precision 0.4458 - recall 0.2729 - f1 0.3386 
INFO:root:TRAIN measures@100 for class 1 - precision 0.9618 - recall 0.3097 - f1 0.4685 
INFO:root:TRAIN measures@1000 microavg - precision 0.9036 - recall 0.8736 - f1 0.8884 
INFO:root:TRAIN measures@1000 for class 0 - precision 0.4405 - recall 0.3221 - f1 0.3721 
INFO:root:TRAIN measures@1000 for class 1 - precision 0.9363 - recall 0.9263 - f1 0.9313 
INFO:root:TRAIN Total epoch time: 19.390906188637018
INFO:root:################ VALID epoch 33 ###################
INFO:root:VALID mean losses tensor(0.5278, device='cuda:0')
INFO:root:VALID mean errors 0.22644539177417755
INFO:root:VALID mean MRR 0.0 - mean MAP 0.8121096567022277
INFO:root:VALID tp {0: tensor(6, device='cuda:0'), 1: tensor(1439, device='cuda:0')},fn {0: tensor(340, device='cuda:0'), 1: tensor(83, device='cuda:0')},fp {0: tensor(83, device='cuda:0'), 1: tensor(340, device='cuda:0')}
INFO:root:VALID measures microavg - precision 0.7736 - recall 0.7736 - f1 0.7736 
INFO:root:VALID measures for class 0 - precision 0.0674 - recall 0.0173 - f1 0.0276 
INFO:root:VALID measures for class 1 - precision 0.8089 - recall 0.9455 - f1 0.8719 
INFO:root:VALID measures@10 microavg - precision 0.6746 - recall 0.0610 - f1 0.1119 
INFO:root:VALID measures@10 for class 0 - precision 0.0513 - recall 0.0058 - f1 0.0104 
INFO:root:VALID measures@10 for class 1 - precision 0.8615 - recall 0.0736 - f1 0.1356 
INFO:root:VALID measures@100 microavg - precision 0.7765 - recall 0.5691 - f1 0.6568 
INFO:root:VALID measures@100 for class 0 - precision 0.0674 - recall 0.0173 - f1 0.0276 
INFO:root:VALID measures@100 for class 1 - precision 0.8258 - recall 0.6945 - f1 0.7545 
INFO:root:VALID measures@1000 microavg - precision 0.7736 - recall 0.7736 - f1 0.7736 
INFO:root:VALID measures@1000 for class 0 - precision 0.0674 - recall 0.0173 - f1 0.0276 
INFO:root:VALID measures@1000 for class 1 - precision 0.8089 - recall 0.9455 - f1 0.8719 
INFO:root:VALID Total epoch time: 2.0608999794349074
INFO:root:################ TRAIN epoch 34 ###################
INFO:root:TRAIN mean losses tensor(0.1197, device='cuda:0')
INFO:root:TRAIN mean errors 0.09757895022630692
INFO:root:TRAIN mean MRR 0.0 - mean MAP 0.9582407464250976
INFO:root:TRAIN tp {0: tensor(856, device='cuda:0'), 1: tensor(24863, device='cuda:0')},fn {0: tensor(1628, device='cuda:0'), 1: tensor(1153, device='cuda:0')},fp {0: tensor(1153, device='cuda:0'), 1: tensor(1628, device='cuda:0')}
INFO:root:TRAIN measures microavg - precision 0.9024 - recall 0.9024 - f1 0.9024 
INFO:root:TRAIN measures for class 0 - precision 0.4261 - recall 0.3446 - f1 0.3810 
INFO:root:TRAIN measures for class 1 - precision 0.9385 - recall 0.9557 - f1 0.9470 
INFO:root:TRAIN measures@10 microavg - precision 0.8288 - recall 0.0350 - f1 0.0671 
INFO:root:TRAIN measures@10 for class 0 - precision 0.4533 - recall 0.0644 - f1 0.1128 
INFO:root:TRAIN measures@10 for class 1 - precision 0.9847 - recall 0.0322 - f1 0.0623 
INFO:root:TRAIN measures@100 microavg - precision 0.8756 - recall 0.3085 - f1 0.4562 
INFO:root:TRAIN measures@100 for class 0 - precision 0.4333 - recall 0.2903 - f1 0.3476 
INFO:root:TRAIN measures@100 for class 1 - precision 0.9635 - recall 0.3102 - f1 0.4693 
INFO:root:TRAIN measures@1000 microavg - precision 0.9007 - recall 0.8708 - f1 0.8855 
INFO:root:TRAIN measures@1000 for class 0 - precision 0.4261 - recall 0.3446 - f1 0.3810 
INFO:root:TRAIN measures@1000 for class 1 - precision 0.9381 - recall 0.9211 - f1 0.9295 
INFO:root:TRAIN Total epoch time: 20.256887081079185
INFO:root:################ VALID epoch 34 ###################
INFO:root:VALID mean losses tensor(0.4900, device='cuda:0')
INFO:root:VALID mean errors 0.2478586733341217
INFO:root:VALID mean MRR 0.0 - mean MAP 0.8106119581808018
INFO:root:VALID tp {0: tensor(14, device='cuda:0'), 1: tensor(1391, device='cuda:0')},fn {0: tensor(332, device='cuda:0'), 1: tensor(131, device='cuda:0')},fp {0: tensor(131, device='cuda:0'), 1: tensor(332, device='cuda:0')}
INFO:root:VALID measures microavg - precision 0.7521 - recall 0.7521 - f1 0.7521 
INFO:root:VALID measures for class 0 - precision 0.0966 - recall 0.0405 - f1 0.0570 
INFO:root:VALID measures for class 1 - precision 0.8073 - recall 0.9139 - f1 0.8573 
INFO:root:VALID measures@10 microavg - precision 0.6765 - recall 0.0616 - f1 0.1129 
INFO:root:VALID measures@10 for class 0 - precision 0.1000 - recall 0.0116 - f1 0.0207 
INFO:root:VALID measures@10 for class 1 - precision 0.8538 - recall 0.0729 - f1 0.1344 
INFO:root:VALID measures@100 microavg - precision 0.7460 - recall 0.5691 - f1 0.6456 
INFO:root:VALID measures@100 for class 0 - precision 0.0966 - recall 0.0405 - f1 0.0570 
INFO:root:VALID measures@100 for class 1 - precision 0.8195 - recall 0.6892 - f1 0.7488 
INFO:root:VALID measures@1000 microavg - precision 0.7521 - recall 0.7521 - f1 0.7521 
INFO:root:VALID measures@1000 for class 0 - precision 0.0966 - recall 0.0405 - f1 0.0570 
INFO:root:VALID measures@1000 for class 1 - precision 0.8073 - recall 0.9139 - f1 0.8573 
INFO:root:VALID Total epoch time: 2.0211779037490487
INFO:root:################ TRAIN epoch 35 ###################
INFO:root:TRAIN mean losses tensor(0.1184, device='cuda:0')
INFO:root:TRAIN mean errors 0.0892280712723732
INFO:root:TRAIN mean MRR 0.0 - mean MAP 0.9612727708769682
INFO:root:TRAIN tp {0: tensor(800, device='cuda:0'), 1: tensor(25157, device='cuda:0')},fn {0: tensor(1684, device='cuda:0'), 1: tensor(859, device='cuda:0')},fp {0: tensor(859, device='cuda:0'), 1: tensor(1684, device='cuda:0')}
INFO:root:TRAIN measures microavg - precision 0.9108 - recall 0.9108 - f1 0.9108 
INFO:root:TRAIN measures for class 0 - precision 0.4822 - recall 0.3221 - f1 0.3862 
INFO:root:TRAIN measures for class 1 - precision 0.9373 - recall 0.9670 - f1 0.9519 
INFO:root:TRAIN measures@10 microavg - precision 0.8809 - recall 0.0348 - f1 0.0669 
INFO:root:TRAIN measures@10 for class 0 - precision 0.5527 - recall 0.0612 - f1 0.1102 
INFO:root:TRAIN measures@10 for class 1 - precision 0.9871 - recall 0.0322 - f1 0.0625 
INFO:root:TRAIN measures@100 microavg - precision 0.8996 - recall 0.3072 - f1 0.4580 
INFO:root:TRAIN measures@100 for class 0 - precision 0.4923 - recall 0.2693 - f1 0.3482 
INFO:root:TRAIN measures@100 for class 1 - precision 0.9657 - recall 0.3108 - f1 0.4703 
INFO:root:TRAIN measures@1000 microavg - precision 0.9095 - recall 0.8793 - f1 0.8941 
INFO:root:TRAIN measures@1000 for class 0 - precision 0.4822 - recall 0.3221 - f1 0.3862 
INFO:root:TRAIN measures@1000 for class 1 - precision 0.9368 - recall 0.9325 - f1 0.9346 
INFO:root:TRAIN Total epoch time: 17.480977763421834
INFO:root:################ VALID epoch 35 ###################
INFO:root:VALID mean losses tensor(0.4091, device='cuda:0')
INFO:root:VALID mean errors 0.2419700175523758
INFO:root:VALID mean MRR 0.0 - mean MAP 0.8040824116676278
INFO:root:VALID tp {0: tensor(8, device='cuda:0'), 1: tensor(1408, device='cuda:0')},fn {0: tensor(338, device='cuda:0'), 1: tensor(114, device='cuda:0')},fp {0: tensor(114, device='cuda:0'), 1: tensor(338, device='cuda:0')}
INFO:root:VALID measures microavg - precision 0.7580 - recall 0.7580 - f1 0.7580 
INFO:root:VALID measures for class 0 - precision 0.0656 - recall 0.0231 - f1 0.0342 
INFO:root:VALID measures for class 1 - precision 0.8064 - recall 0.9251 - f1 0.8617 
INFO:root:VALID measures@10 microavg - precision 0.6548 - recall 0.0589 - f1 0.1081 
INFO:root:VALID measures@10 for class 0 - precision 0.0000 - recall 0.0000 - f1 0.0000 
INFO:root:VALID measures@10 for class 1 - precision 0.8462 - recall 0.0723 - f1 0.1332 
INFO:root:VALID measures@100 microavg - precision 0.7575 - recall 0.5685 - f1 0.6495 
INFO:root:VALID measures@100 for class 0 - precision 0.0656 - recall 0.0231 - f1 0.0342 
INFO:root:VALID measures@100 for class 1 - precision 0.8234 - recall 0.6925 - f1 0.7523 
INFO:root:VALID measures@1000 microavg - precision 0.7580 - recall 0.7580 - f1 0.7580 
INFO:root:VALID measures@1000 for class 0 - precision 0.0656 - recall 0.0231 - f1 0.0342 
INFO:root:VALID measures@1000 for class 1 - precision 0.8064 - recall 0.9251 - f1 0.8617 
INFO:root:VALID Total epoch time: 2.0074738087132573
INFO:root:################ TRAIN epoch 36 ###################
INFO:root:TRAIN mean losses tensor(0.1172, device='cuda:0')
INFO:root:TRAIN mean errors 0.08947368711233139
INFO:root:TRAIN mean MRR 0.0 - mean MAP 0.9599394494327333
INFO:root:TRAIN tp {0: tensor(861, device='cuda:0'), 1: tensor(25089, device='cuda:0')},fn {0: tensor(1623, device='cuda:0'), 1: tensor(927, device='cuda:0')},fp {0: tensor(927, device='cuda:0'), 1: tensor(1623, device='cuda:0')}
INFO:root:TRAIN measures microavg - precision 0.9105 - recall 0.9105 - f1 0.9105 
INFO:root:TRAIN measures for class 0 - precision 0.4815 - recall 0.3466 - f1 0.4031 
INFO:root:TRAIN measures for class 1 - precision 0.9392 - recall 0.9644 - f1 0.9516 
INFO:root:TRAIN measures@10 microavg - precision 0.8707 - recall 0.0345 - f1 0.0664 
INFO:root:TRAIN measures@10 for class 0 - precision 0.5305 - recall 0.0596 - f1 0.1071 
INFO:root:TRAIN measures@10 for class 1 - precision 0.9824 - recall 0.0321 - f1 0.0622 
INFO:root:TRAIN measures@100 microavg - precision 0.8931 - recall 0.3093 - f1 0.4595 
INFO:root:TRAIN measures@100 for class 0 - precision 0.4876 - recall 0.2927 - f1 0.3658 
INFO:root:TRAIN measures@100 for class 1 - precision 0.9653 - recall 0.3109 - f1 0.4703 
INFO:root:TRAIN measures@1000 microavg - precision 0.9092 - recall 0.8790 - f1 0.8938 
INFO:root:TRAIN measures@1000 for class 0 - precision 0.4815 - recall 0.3466 - f1 0.4031 
INFO:root:TRAIN measures@1000 for class 1 - precision 0.9388 - recall 0.9298 - f1 0.9343 
INFO:root:TRAIN Total epoch time: 16.230438021942973
INFO:root:################ VALID epoch 36 ###################
INFO:root:VALID mean losses tensor(0.4064, device='cuda:0')
INFO:root:VALID mean errors 0.1948608160018921
INFO:root:VALID mean MRR 0.0 - mean MAP 0.8134724538614031
INFO:root:VALID tp {0: tensor(2, device='cuda:0'), 1: tensor(1502, device='cuda:0')},fn {0: tensor(344, device='cuda:0'), 1: tensor(20, device='cuda:0')},fp {0: tensor(20, device='cuda:0'), 1: tensor(344, device='cuda:0')}
INFO:root:VALID measures microavg - precision 0.8051 - recall 0.8051 - f1 0.8051 
INFO:root:VALID measures for class 0 - precision 0.0909 - recall 0.0058 - f1 0.0109 
INFO:root:VALID measures for class 1 - precision 0.8137 - recall 0.9869 - f1 0.8919 
INFO:root:VALID measures@10 microavg - precision 0.7733 - recall 0.0621 - f1 0.1150 
INFO:root:VALID measures@10 for class 0 - precision 0.1000 - recall 0.0058 - f1 0.0109 
INFO:root:VALID measures@10 for class 1 - precision 0.8769 - recall 0.0749 - f1 0.1380 
INFO:root:VALID measures@100 microavg - precision 0.8003 - recall 0.5578 - f1 0.6574 
INFO:root:VALID measures@100 for class 0 - precision 0.0909 - recall 0.0058 - f1 0.0109 
INFO:root:VALID measures@100 for class 1 - precision 0.8125 - recall 0.6833 - f1 0.7423 
INFO:root:VALID measures@1000 microavg - precision 0.8051 - recall 0.8051 - f1 0.8051 
INFO:root:VALID measures@1000 for class 0 - precision 0.0909 - recall 0.0058 - f1 0.0109 
INFO:root:VALID measures@1000 for class 1 - precision 0.8137 - recall 0.9869 - f1 0.8919 
INFO:root:VALID Total epoch time: 2.0958642987534404
INFO:root:################ TRAIN epoch 37 ###################
INFO:root:TRAIN mean losses tensor(0.1153, device='cuda:0')
INFO:root:TRAIN mean errors 0.08849123120307922
INFO:root:TRAIN mean MRR 0.0 - mean MAP 0.9621066044188751
INFO:root:TRAIN tp {0: tensor(866, device='cuda:0'), 1: tensor(25112, device='cuda:0')},fn {0: tensor(1618, device='cuda:0'), 1: tensor(904, device='cuda:0')},fp {0: tensor(904, device='cuda:0'), 1: tensor(1618, device='cuda:0')}
INFO:root:TRAIN measures microavg - precision 0.9115 - recall 0.9115 - f1 0.9115 
INFO:root:TRAIN measures for class 0 - precision 0.4893 - recall 0.3486 - f1 0.4071 
INFO:root:TRAIN measures for class 1 - precision 0.9395 - recall 0.9653 - f1 0.9522 
INFO:root:TRAIN measures@10 microavg - precision 0.8631 - recall 0.0349 - f1 0.0672 
INFO:root:TRAIN measures@10 for class 0 - precision 0.5099 - recall 0.0624 - f1 0.1112 
INFO:root:TRAIN measures@10 for class 1 - precision 0.9894 - recall 0.0323 - f1 0.0626 
INFO:root:TRAIN measures@100 microavg - precision 0.8940 - recall 0.3098 - f1 0.4601 
INFO:root:TRAIN measures@100 for class 0 - precision 0.4940 - recall 0.2995 - f1 0.3729 
INFO:root:TRAIN measures@100 for class 1 - precision 0.9659 - recall 0.3107 - f1 0.4702 
INFO:root:TRAIN measures@1000 microavg - precision 0.9107 - recall 0.8806 - f1 0.8954 
INFO:root:TRAIN measures@1000 for class 0 - precision 0.4893 - recall 0.3486 - f1 0.4071 
INFO:root:TRAIN measures@1000 for class 1 - precision 0.9397 - recall 0.9314 - f1 0.9355 
INFO:root:TRAIN Total epoch time: 15.495166435837746
INFO:root:################ VALID epoch 37 ###################
INFO:root:VALID mean losses tensor(0.3430, device='cuda:0')
INFO:root:VALID mean errors 0.1986081302165985
INFO:root:VALID mean MRR 0.0 - mean MAP 0.799243724095197
INFO:root:VALID tp {0: tensor(2, device='cuda:0'), 1: tensor(1495, device='cuda:0')},fn {0: tensor(344, device='cuda:0'), 1: tensor(27, device='cuda:0')},fp {0: tensor(27, device='cuda:0'), 1: tensor(344, device='cuda:0')}
INFO:root:VALID measures microavg - precision 0.8014 - recall 0.8014 - f1 0.8014 
INFO:root:VALID measures for class 0 - precision 0.0690 - recall 0.0058 - f1 0.0107 
INFO:root:VALID measures for class 1 - precision 0.8129 - recall 0.9823 - f1 0.8896 
INFO:root:VALID measures@10 microavg - precision 0.7219 - recall 0.0584 - f1 0.1080 
INFO:root:VALID measures@10 for class 0 - precision 0.0952 - recall 0.0058 - f1 0.0109 
INFO:root:VALID measures@10 for class 1 - precision 0.8231 - recall 0.0703 - f1 0.1295 
INFO:root:VALID measures@100 microavg - precision 0.7939 - recall 0.5546 - f1 0.6530 
INFO:root:VALID measures@100 for class 0 - precision 0.0690 - recall 0.0058 - f1 0.0107 
INFO:root:VALID measures@100 for class 1 - precision 0.8103 - recall 0.6794 - f1 0.7391 
INFO:root:VALID measures@1000 microavg - precision 0.8014 - recall 0.8014 - f1 0.8014 
INFO:root:VALID measures@1000 for class 0 - precision 0.0690 - recall 0.0058 - f1 0.0107 
INFO:root:VALID measures@1000 for class 1 - precision 0.8129 - recall 0.9823 - f1 0.8896 
INFO:root:VALID Total epoch time: 1.7155592096969485
INFO:root:################ TRAIN epoch 38 ###################
INFO:root:TRAIN mean losses tensor(0.1150, device='cuda:0')
INFO:root:TRAIN mean errors 0.08782456070184708
INFO:root:TRAIN mean MRR 0.0 - mean MAP 0.9631297129042116
INFO:root:TRAIN tp {0: tensor(842, device='cuda:0'), 1: tensor(25155, device='cuda:0')},fn {0: tensor(1642, device='cuda:0'), 1: tensor(861, device='cuda:0')},fp {0: tensor(861, device='cuda:0'), 1: tensor(1642, device='cuda:0')}
INFO:root:TRAIN measures microavg - precision 0.9122 - recall 0.9122 - f1 0.9122 
INFO:root:TRAIN measures for class 0 - precision 0.4944 - recall 0.3390 - f1 0.4022 
INFO:root:TRAIN measures for class 1 - precision 0.9387 - recall 0.9669 - f1 0.9526 
INFO:root:TRAIN measures@10 microavg - precision 0.8575 - recall 0.0351 - f1 0.0674 
INFO:root:TRAIN measures@10 for class 0 - precision 0.4984 - recall 0.0632 - f1 0.1122 
INFO:root:TRAIN measures@10 for class 1 - precision 0.9906 - recall 0.0324 - f1 0.0627 
INFO:root:TRAIN measures@100 microavg - precision 0.8959 - recall 0.3087 - f1 0.4591 
INFO:root:TRAIN measures@100 for class 0 - precision 0.4870 - recall 0.2862 - f1 0.3605 
INFO:root:TRAIN measures@100 for class 1 - precision 0.9673 - recall 0.3108 - f1 0.4705 
INFO:root:TRAIN measures@1000 microavg - precision 0.9117 - recall 0.8829 - f1 0.8971 
INFO:root:TRAIN measures@1000 for class 0 - precision 0.4944 - recall 0.3390 - f1 0.4022 
INFO:root:TRAIN measures@1000 for class 1 - precision 0.9392 - recall 0.9348 - f1 0.9370 
INFO:root:TRAIN Total epoch time: 15.85092174820602
INFO:root:################ VALID epoch 38 ###################
INFO:root:VALID mean losses tensor(0.5950, device='cuda:0')
INFO:root:VALID mean errors 0.20770877599716187
INFO:root:VALID mean MRR 0.0 - mean MAP 0.795605520384306
INFO:root:VALID tp {0: tensor(0, device='cuda:0'), 1: tensor(1480, device='cuda:0')},fn {0: tensor(346, device='cuda:0'), 1: tensor(42, device='cuda:0')},fp {0: tensor(42, device='cuda:0'), 1: tensor(346, device='cuda:0')}
INFO:root:VALID measures microavg - precision 0.7923 - recall 0.7923 - f1 0.7923 
INFO:root:VALID measures for class 0 - precision 0.0000 - recall 0.0000 - f1 0.0000 
INFO:root:VALID measures for class 1 - precision 0.8105 - recall 0.9724 - f1 0.8841 
INFO:root:VALID measures@10 microavg - precision 0.7643 - recall 0.0573 - f1 0.1066 
INFO:root:VALID measures@10 for class 0 - precision 0.0000 - recall 0.0000 - f1 0.0000 
INFO:root:VALID measures@10 for class 1 - precision 0.8231 - recall 0.0703 - f1 0.1295 
INFO:root:VALID measures@100 microavg - precision 0.7958 - recall 0.5632 - f1 0.6596 
INFO:root:VALID measures@100 for class 0 - precision 0.0000 - recall 0.0000 - f1 0.0000 
INFO:root:VALID measures@100 for class 1 - precision 0.8219 - recall 0.6912 - f1 0.7509 
INFO:root:VALID measures@1000 microavg - precision 0.7923 - recall 0.7923 - f1 0.7923 
INFO:root:VALID measures@1000 for class 0 - precision 0.0000 - recall 0.0000 - f1 0.0000 
INFO:root:VALID measures@1000 for class 1 - precision 0.8105 - recall 0.9724 - f1 0.8841 
INFO:root:VALID Total epoch time: 1.812482800334692
INFO:root:################ TRAIN epoch 39 ###################
INFO:root:TRAIN mean losses tensor(0.1145, device='cuda:0')
INFO:root:TRAIN mean errors 0.0878947377204895
INFO:root:TRAIN mean MRR 0.0 - mean MAP 0.9641354184709177
INFO:root:TRAIN tp {0: tensor(862, device='cuda:0'), 1: tensor(25133, device='cuda:0')},fn {0: tensor(1622, device='cuda:0'), 1: tensor(883, device='cuda:0')},fp {0: tensor(883, device='cuda:0'), 1: tensor(1622, device='cuda:0')}
INFO:root:TRAIN measures microavg - precision 0.9121 - recall 0.9121 - f1 0.9121 
INFO:root:TRAIN measures for class 0 - precision 0.4940 - recall 0.3470 - f1 0.4077 
INFO:root:TRAIN measures for class 1 - precision 0.9394 - recall 0.9661 - f1 0.9525 
INFO:root:TRAIN measures@10 microavg - precision 0.8724 - recall 0.0358 - f1 0.0687 
INFO:root:TRAIN measures@10 for class 0 - precision 0.5472 - recall 0.0700 - f1 0.1242 
INFO:root:TRAIN measures@10 for class 1 - precision 0.9941 - recall 0.0325 - f1 0.0629 
INFO:root:TRAIN measures@100 microavg - precision 0.9008 - recall 0.3103 - f1 0.4616 
INFO:root:TRAIN measures@100 for class 0 - precision 0.5021 - recall 0.2919 - f1 0.3691 
INFO:root:TRAIN measures@100 for class 1 - precision 0.9695 - recall 0.3121 - f1 0.4722 
INFO:root:TRAIN measures@1000 microavg - precision 0.9112 - recall 0.8810 - f1 0.8959 
INFO:root:TRAIN measures@1000 for class 0 - precision 0.4940 - recall 0.3470 - f1 0.4077 
INFO:root:TRAIN measures@1000 for class 1 - precision 0.9394 - recall 0.9320 - f1 0.9357 
INFO:root:TRAIN Total epoch time: 17.19375927466899
INFO:root:################ VALID epoch 39 ###################
INFO:root:VALID mean losses tensor(0.3478, device='cuda:0')
INFO:root:VALID mean errors 0.22644539177417755
INFO:root:VALID mean MRR 0.0 - mean MAP 0.802193887141736
INFO:root:VALID tp {0: tensor(10, device='cuda:0'), 1: tensor(1435, device='cuda:0')},fn {0: tensor(336, device='cuda:0'), 1: tensor(87, device='cuda:0')},fp {0: tensor(87, device='cuda:0'), 1: tensor(336, device='cuda:0')}
INFO:root:VALID measures microavg - precision 0.7736 - recall 0.7736 - f1 0.7736 
INFO:root:VALID measures for class 0 - precision 0.1031 - recall 0.0289 - f1 0.0451 
INFO:root:VALID measures for class 1 - precision 0.8103 - recall 0.9428 - f1 0.8715 
INFO:root:VALID measures@10 microavg - precision 0.6524 - recall 0.0573 - f1 0.1053 
INFO:root:VALID measures@10 for class 0 - precision 0.1176 - recall 0.0116 - f1 0.0211 
INFO:root:VALID measures@10 for class 1 - precision 0.7923 - recall 0.0677 - f1 0.1247 
INFO:root:VALID measures@100 microavg - precision 0.7596 - recall 0.5600 - f1 0.6447 
INFO:root:VALID measures@100 for class 0 - precision 0.1031 - recall 0.0289 - f1 0.0451 
INFO:root:VALID measures@100 for class 1 - precision 0.8094 - recall 0.6807 - f1 0.7395 
INFO:root:VALID measures@1000 microavg - precision 0.7736 - recall 0.7736 - f1 0.7736 
INFO:root:VALID measures@1000 for class 0 - precision 0.1031 - recall 0.0289 - f1 0.0451 
INFO:root:VALID measures@1000 for class 1 - precision 0.8103 - recall 0.9428 - f1 0.8715 
INFO:root:VALID Total epoch time: 2.0994151141494513
INFO:root:################ TRAIN epoch 40 ###################
INFO:root:TRAIN mean losses tensor(0.1146, device='cuda:0')
INFO:root:TRAIN mean errors 0.09385965019464493
INFO:root:TRAIN mean MRR 0.0 - mean MAP 0.9644399369916739
INFO:root:TRAIN tp {0: tensor(928, device='cuda:0'), 1: tensor(24897, device='cuda:0')},fn {0: tensor(1556, device='cuda:0'), 1: tensor(1119, device='cuda:0')},fp {0: tensor(1119, device='cuda:0'), 1: tensor(1556, device='cuda:0')}
INFO:root:TRAIN measures microavg - precision 0.9061 - recall 0.9061 - f1 0.9061 
INFO:root:TRAIN measures for class 0 - precision 0.4533 - recall 0.3736 - f1 0.4096 
INFO:root:TRAIN measures for class 1 - precision 0.9412 - recall 0.9570 - f1 0.9490 
INFO:root:TRAIN measures@10 microavg - precision 0.8566 - recall 0.0371 - f1 0.0711 
INFO:root:TRAIN measures@10 for class 0 - precision 0.5521 - recall 0.0853 - f1 0.1478 
INFO:root:TRAIN measures@10 for class 1 - precision 0.9941 - recall 0.0325 - f1 0.0629 
INFO:root:TRAIN measures@100 microavg - precision 0.8893 - recall 0.3114 - f1 0.4613 
INFO:root:TRAIN measures@100 for class 0 - precision 0.4757 - recall 0.3112 - f1 0.3762 
INFO:root:TRAIN measures@100 for class 1 - precision 0.9697 - recall 0.3115 - f1 0.4715 
INFO:root:TRAIN measures@1000 microavg - precision 0.9054 - recall 0.8760 - f1 0.8905 
INFO:root:TRAIN measures@1000 for class 0 - precision 0.4533 - recall 0.3736 - f1 0.4096 
INFO:root:TRAIN measures@1000 for class 1 - precision 0.9416 - recall 0.9240 - f1 0.9327 
INFO:root:TRAIN Total epoch time: 17.68230994231999
INFO:root:################ VALID epoch 40 ###################
INFO:root:VALID mean losses tensor(0.3530, device='cuda:0')
INFO:root:VALID mean errors 0.2596359848976135
INFO:root:VALID mean MRR 0.0 - mean MAP 0.8037382831522821
INFO:root:VALID tp {0: tensor(26, device='cuda:0'), 1: tensor(1357, device='cuda:0')},fn {0: tensor(320, device='cuda:0'), 1: tensor(165, device='cuda:0')},fp {0: tensor(165, device='cuda:0'), 1: tensor(320, device='cuda:0')}
INFO:root:VALID measures microavg - precision 0.7404 - recall 0.7404 - f1 0.7404 
INFO:root:VALID measures for class 0 - precision 0.1361 - recall 0.0751 - f1 0.0968 
INFO:root:VALID measures for class 1 - precision 0.8092 - recall 0.8916 - f1 0.8484 
INFO:root:VALID measures@10 microavg - precision 0.5990 - recall 0.0616 - f1 0.1117 
INFO:root:VALID measures@10 for class 0 - precision 0.1613 - recall 0.0289 - f1 0.0490 
INFO:root:VALID measures@10 for class 1 - precision 0.8077 - recall 0.0690 - f1 0.1271 
INFO:root:VALID measures@100 microavg - precision 0.7172 - recall 0.5648 - f1 0.6319 
INFO:root:VALID measures@100 for class 0 - precision 0.1361 - recall 0.0751 - f1 0.0968 
INFO:root:VALID measures@100 for class 1 - precision 0.8039 - recall 0.6761 - f1 0.7345 
INFO:root:VALID measures@1000 microavg - precision 0.7404 - recall 0.7404 - f1 0.7404 
INFO:root:VALID measures@1000 for class 0 - precision 0.1361 - recall 0.0751 - f1 0.0968 
INFO:root:VALID measures@1000 for class 1 - precision 0.8092 - recall 0.8916 - f1 0.8484 
INFO:root:VALID Total epoch time: 2.0313170021399856
INFO:root:################ TRAIN epoch 41 ###################
INFO:root:TRAIN mean losses tensor(0.1175, device='cuda:0')
INFO:root:TRAIN mean errors 0.09017543494701385
INFO:root:TRAIN mean MRR 0.0 - mean MAP 0.9640621931845342
INFO:root:TRAIN tp {0: tensor(802, device='cuda:0'), 1: tensor(25128, device='cuda:0')},fn {0: tensor(1682, device='cuda:0'), 1: tensor(888, device='cuda:0')},fp {0: tensor(888, device='cuda:0'), 1: tensor(1682, device='cuda:0')}
INFO:root:TRAIN measures microavg - precision 0.9098 - recall 0.9098 - f1 0.9098 
INFO:root:TRAIN measures for class 0 - precision 0.4746 - recall 0.3229 - f1 0.3843 
INFO:root:TRAIN measures for class 1 - precision 0.9373 - recall 0.9659 - f1 0.9513 
INFO:root:TRAIN measures@10 microavg - precision 0.8598 - recall 0.0353 - f1 0.0678 
INFO:root:TRAIN measures@10 for class 0 - precision 0.5031 - recall 0.0648 - f1 0.1148 
INFO:root:TRAIN measures@10 for class 1 - precision 0.9941 - recall 0.0325 - f1 0.0629 
INFO:root:TRAIN measures@100 microavg - precision 0.8999 - recall 0.3077 - f1 0.4586 
INFO:root:TRAIN measures@100 for class 0 - precision 0.4862 - recall 0.2701 - f1 0.3473 
INFO:root:TRAIN measures@100 for class 1 - precision 0.9682 - recall 0.3113 - f1 0.4711 
INFO:root:TRAIN measures@1000 microavg - precision 0.9093 - recall 0.8792 - f1 0.8940 
INFO:root:TRAIN measures@1000 for class 0 - precision 0.4746 - recall 0.3229 - f1 0.3843 
INFO:root:TRAIN measures@1000 for class 1 - precision 0.9377 - recall 0.9323 - f1 0.9350 
INFO:root:TRAIN Total epoch time: 17.740737604908645
INFO:root:################ VALID epoch 41 ###################
INFO:root:VALID mean losses tensor(0.4481, device='cuda:0')
INFO:root:VALID mean errors 0.22055675089359283
INFO:root:VALID mean MRR 0.0 - mean MAP 0.7901724452629189
INFO:root:VALID tp {0: tensor(8, device='cuda:0'), 1: tensor(1448, device='cuda:0')},fn {0: tensor(338, device='cuda:0'), 1: tensor(74, device='cuda:0')},fp {0: tensor(74, device='cuda:0'), 1: tensor(338, device='cuda:0')}
INFO:root:VALID measures microavg - precision 0.7794 - recall 0.7794 - f1 0.7794 
INFO:root:VALID measures for class 0 - precision 0.0976 - recall 0.0231 - f1 0.0374 
INFO:root:VALID measures for class 1 - precision 0.8108 - recall 0.9514 - f1 0.8755 
INFO:root:VALID measures@10 microavg - precision 0.6667 - recall 0.0600 - f1 0.1100 
INFO:root:VALID measures@10 for class 0 - precision 0.1579 - recall 0.0173 - f1 0.0312 
INFO:root:VALID measures@10 for class 1 - precision 0.8154 - recall 0.0696 - f1 0.1283 
INFO:root:VALID measures@100 microavg - precision 0.7651 - recall 0.5578 - f1 0.6452 
INFO:root:VALID measures@100 for class 0 - precision 0.0976 - recall 0.0231 - f1 0.0374 
INFO:root:VALID measures@100 for class 1 - precision 0.8078 - recall 0.6794 - f1 0.7380 
INFO:root:VALID measures@1000 microavg - precision 0.7794 - recall 0.7794 - f1 0.7794 
INFO:root:VALID measures@1000 for class 0 - precision 0.0976 - recall 0.0231 - f1 0.0374 
INFO:root:VALID measures@1000 for class 1 - precision 0.8108 - recall 0.9514 - f1 0.8755 
INFO:root:VALID Total epoch time: 2.182245733216405
INFO:root:################ TRAIN epoch 42 ###################
INFO:root:TRAIN mean losses tensor(0.1219, device='cuda:0')
INFO:root:TRAIN mean errors 0.10466666519641876
INFO:root:TRAIN mean MRR 0.0 - mean MAP 0.9619377349062266
INFO:root:TRAIN tp {0: tensor(924, device='cuda:0'), 1: tensor(24593, device='cuda:0')},fn {0: tensor(1560, device='cuda:0'), 1: tensor(1423, device='cuda:0')},fp {0: tensor(1423, device='cuda:0'), 1: tensor(1560, device='cuda:0')}
INFO:root:TRAIN measures microavg - precision 0.8953 - recall 0.8953 - f1 0.8953 
INFO:root:TRAIN measures for class 0 - precision 0.3937 - recall 0.3720 - f1 0.3825 
INFO:root:TRAIN measures for class 1 - precision 0.9404 - recall 0.9453 - f1 0.9428 
INFO:root:TRAIN measures@10 microavg - precision 0.8455 - recall 0.0357 - f1 0.0685 
INFO:root:TRAIN measures@10 for class 0 - precision 0.5028 - recall 0.0717 - f1 0.1254 
INFO:root:TRAIN measures@10 for class 1 - precision 0.9882 - recall 0.0323 - f1 0.0625 
INFO:root:TRAIN measures@100 microavg - precision 0.8638 - recall 0.3115 - f1 0.4579 
INFO:root:TRAIN measures@100 for class 0 - precision 0.4048 - recall 0.3108 - f1 0.3516 
INFO:root:TRAIN measures@100 for class 1 - precision 0.9683 - recall 0.3116 - f1 0.4715 
INFO:root:TRAIN measures@1000 microavg - precision 0.8942 - recall 0.8700 - f1 0.8819 
INFO:root:TRAIN measures@1000 for class 0 - precision 0.3937 - recall 0.3720 - f1 0.3825 
INFO:root:TRAIN measures@1000 for class 1 - precision 0.9404 - recall 0.9176 - f1 0.9289 
INFO:root:TRAIN Total epoch time: 17.206605000421405
INFO:root:################ VALID epoch 42 ###################
INFO:root:VALID mean losses tensor(0.3042, device='cuda:0')
INFO:root:VALID mean errors 0.20556744933128357
INFO:root:VALID mean MRR 0.0 - mean MAP 0.8080111832628124
INFO:root:VALID tp {0: tensor(2, device='cuda:0'), 1: tensor(1482, device='cuda:0')},fn {0: tensor(344, device='cuda:0'), 1: tensor(40, device='cuda:0')},fp {0: tensor(40, device='cuda:0'), 1: tensor(344, device='cuda:0')}
INFO:root:VALID measures microavg - precision 0.7944 - recall 0.7944 - f1 0.7944 
INFO:root:VALID measures for class 0 - precision 0.0476 - recall 0.0058 - f1 0.0103 
INFO:root:VALID measures for class 1 - precision 0.8116 - recall 0.9737 - f1 0.8853 
INFO:root:VALID measures@10 microavg - precision 0.7133 - recall 0.0573 - f1 0.1060 
INFO:root:VALID measures@10 for class 0 - precision 0.1000 - recall 0.0058 - f1 0.0109 
INFO:root:VALID measures@10 for class 1 - precision 0.8077 - recall 0.0690 - f1 0.1271 
INFO:root:VALID measures@100 microavg - precision 0.7867 - recall 0.5567 - f1 0.6520 
INFO:root:VALID measures@100 for class 0 - precision 0.0476 - recall 0.0058 - f1 0.0103 
INFO:root:VALID measures@100 for class 1 - precision 0.8109 - recall 0.6820 - f1 0.7409 
INFO:root:VALID measures@1000 microavg - precision 0.7944 - recall 0.7944 - f1 0.7944 
INFO:root:VALID measures@1000 for class 0 - precision 0.0476 - recall 0.0058 - f1 0.0103 
INFO:root:VALID measures@1000 for class 1 - precision 0.8116 - recall 0.9737 - f1 0.8853 
INFO:root:VALID Total epoch time: 2.0494167571887374
INFO:root:################ TRAIN epoch 43 ###################
INFO:root:TRAIN mean losses tensor(0.1149, device='cuda:0')
INFO:root:TRAIN mean errors 0.08564912527799606
INFO:root:TRAIN mean MRR 0.0 - mean MAP 0.9630698918378642
INFO:root:TRAIN tp {0: tensor(857, device='cuda:0'), 1: tensor(25202, device='cuda:0')},fn {0: tensor(1627, device='cuda:0'), 1: tensor(814, device='cuda:0')},fp {0: tensor(814, device='cuda:0'), 1: tensor(1627, device='cuda:0')}
INFO:root:TRAIN measures microavg - precision 0.9144 - recall 0.9144 - f1 0.9144 
INFO:root:TRAIN measures for class 0 - precision 0.5129 - recall 0.3450 - f1 0.4125 
INFO:root:TRAIN measures for class 1 - precision 0.9394 - recall 0.9687 - f1 0.9538 
INFO:root:TRAIN measures@10 microavg - precision 0.8731 - recall 0.0350 - f1 0.0673 
INFO:root:TRAIN measures@10 for class 0 - precision 0.5392 - recall 0.0636 - f1 0.1138 
INFO:root:TRAIN measures@10 for class 1 - precision 0.9882 - recall 0.0323 - f1 0.0625 
INFO:root:TRAIN measures@100 microavg - precision 0.9074 - recall 0.3095 - f1 0.4616 
INFO:root:TRAIN measures@100 for class 0 - precision 0.5268 - recall 0.2890 - f1 0.3733 
INFO:root:TRAIN measures@100 for class 1 - precision 0.9695 - recall 0.3115 - f1 0.4715 
INFO:root:TRAIN measures@1000 microavg - precision 0.9138 - recall 0.8834 - f1 0.8983 
INFO:root:TRAIN measures@1000 for class 0 - precision 0.5129 - recall 0.3450 - f1 0.4125 
INFO:root:TRAIN measures@1000 for class 1 - precision 0.9397 - recall 0.9348 - f1 0.9372 
INFO:root:TRAIN Total epoch time: 17.786814115941525
INFO:root:################ VALID epoch 43 ###################
INFO:root:VALID mean losses tensor(0.5127, device='cuda:0')
INFO:root:VALID mean errors 0.2398286908864975
INFO:root:VALID mean MRR 0.0 - mean MAP 0.7933463758706951
INFO:root:VALID tp {0: tensor(8, device='cuda:0'), 1: tensor(1412, device='cuda:0')},fn {0: tensor(338, device='cuda:0'), 1: tensor(110, device='cuda:0')},fp {0: tensor(110, device='cuda:0'), 1: tensor(338, device='cuda:0')}
INFO:root:VALID measures microavg - precision 0.7602 - recall 0.7602 - f1 0.7602 
INFO:root:VALID measures for class 0 - precision 0.0678 - recall 0.0231 - f1 0.0345 
INFO:root:VALID measures for class 1 - precision 0.8069 - recall 0.9277 - f1 0.8631 
INFO:root:VALID measures@10 microavg - precision 0.6379 - recall 0.0594 - f1 0.1087 
INFO:root:VALID measures@10 for class 0 - precision 0.0909 - recall 0.0116 - f1 0.0205 
INFO:root:VALID measures@10 for class 1 - precision 0.8231 - recall 0.0703 - f1 0.1295 
INFO:root:VALID measures@100 microavg - precision 0.7504 - recall 0.5616 - f1 0.6424 
INFO:root:VALID measures@100 for class 0 - precision 0.0678 - recall 0.0231 - f1 0.0345 
INFO:root:VALID measures@100 for class 1 - precision 0.8133 - recall 0.6840 - f1 0.7430 
INFO:root:VALID measures@1000 microavg - precision 0.7602 - recall 0.7602 - f1 0.7602 
INFO:root:VALID measures@1000 for class 0 - precision 0.0678 - recall 0.0231 - f1 0.0345 
INFO:root:VALID measures@1000 for class 1 - precision 0.8069 - recall 0.9277 - f1 0.8631 
INFO:root:VALID Total epoch time: 2.3549103485420346
INFO:root:################ TRAIN epoch 44 ###################
INFO:root:TRAIN mean losses tensor(0.1133, device='cuda:0')
INFO:root:TRAIN mean errors 0.09322807192802429
INFO:root:TRAIN mean MRR 0.0 - mean MAP 0.9647163582849352
INFO:root:TRAIN tp {0: tensor(938, device='cuda:0'), 1: tensor(24905, device='cuda:0')},fn {0: tensor(1546, device='cuda:0'), 1: tensor(1111, device='cuda:0')},fp {0: tensor(1111, device='cuda:0'), 1: tensor(1546, device='cuda:0')}
INFO:root:TRAIN measures microavg - precision 0.9068 - recall 0.9068 - f1 0.9068 
INFO:root:TRAIN measures for class 0 - precision 0.4578 - recall 0.3776 - f1 0.4139 
INFO:root:TRAIN measures for class 1 - precision 0.9416 - recall 0.9573 - f1 0.9494 
INFO:root:TRAIN measures@10 microavg - precision 0.8180 - recall 0.0367 - f1 0.0703 
INFO:root:TRAIN measures@10 for class 0 - precision 0.4674 - recall 0.0809 - f1 0.1380 
INFO:root:TRAIN measures@10 for class 1 - precision 0.9953 - recall 0.0325 - f1 0.0630 
INFO:root:TRAIN measures@100 microavg - precision 0.8861 - recall 0.3129 - f1 0.4625 
INFO:root:TRAIN measures@100 for class 0 - precision 0.4663 - recall 0.3176 - f1 0.3779 
INFO:root:TRAIN measures@100 for class 1 - precision 0.9710 - recall 0.3124 - f1 0.4727 
INFO:root:TRAIN measures@1000 microavg - precision 0.9048 - recall 0.8748 - f1 0.8895 
INFO:root:TRAIN measures@1000 for class 0 - precision 0.4578 - recall 0.3776 - f1 0.4139 
INFO:root:TRAIN measures@1000 for class 1 - precision 0.9407 - recall 0.9222 - f1 0.9314 
INFO:root:TRAIN Total epoch time: 17.37067930214107
INFO:root:################ VALID epoch 44 ###################
INFO:root:VALID mean losses tensor(0.8524, device='cuda:0')
INFO:root:VALID mean errors 0.2419700175523758
INFO:root:VALID mean MRR 0.0 - mean MAP 0.8013640941003425
INFO:root:VALID tp {0: tensor(12, device='cuda:0'), 1: tensor(1404, device='cuda:0')},fn {0: tensor(334, device='cuda:0'), 1: tensor(118, device='cuda:0')},fp {0: tensor(118, device='cuda:0'), 1: tensor(334, device='cuda:0')}
INFO:root:VALID measures microavg - precision 0.7580 - recall 0.7580 - f1 0.7580 
INFO:root:VALID measures for class 0 - precision 0.0923 - recall 0.0347 - f1 0.0504 
INFO:root:VALID measures for class 1 - precision 0.8078 - recall 0.9225 - f1 0.8613 
INFO:root:VALID measures@10 microavg - precision 0.5920 - recall 0.0551 - f1 0.1009 
INFO:root:VALID measures@10 for class 0 - precision 0.0455 - recall 0.0058 - f1 0.0103 
INFO:root:VALID measures@10 for class 1 - precision 0.7769 - recall 0.0664 - f1 0.1223 
INFO:root:VALID measures@100 microavg - precision 0.7496 - recall 0.5658 - f1 0.6449 
INFO:root:VALID measures@100 for class 0 - precision 0.0923 - recall 0.0347 - f1 0.0504 
INFO:root:VALID measures@100 for class 1 - precision 0.8164 - recall 0.6866 - f1 0.7459 
INFO:root:VALID measures@1000 microavg - precision 0.7580 - recall 0.7580 - f1 0.7580 
INFO:root:VALID measures@1000 for class 0 - precision 0.0923 - recall 0.0347 - f1 0.0504 
INFO:root:VALID measures@1000 for class 1 - precision 0.8078 - recall 0.9225 - f1 0.8613 
INFO:root:VALID Total epoch time: 2.191098396666348
INFO:root:################ TRAIN epoch 45 ###################
INFO:root:TRAIN mean losses tensor(0.1145, device='cuda:0')
INFO:root:TRAIN mean errors 0.09392982721328735
INFO:root:TRAIN mean MRR 0.0 - mean MAP 0.9653624885346498
INFO:root:TRAIN tp {0: tensor(968, device='cuda:0'), 1: tensor(24855, device='cuda:0')},fn {0: tensor(1516, device='cuda:0'), 1: tensor(1161, device='cuda:0')},fp {0: tensor(1161, device='cuda:0'), 1: tensor(1516, device='cuda:0')}
INFO:root:TRAIN measures microavg - precision 0.9061 - recall 0.9061 - f1 0.9061 
INFO:root:TRAIN measures for class 0 - precision 0.4547 - recall 0.3897 - f1 0.4197 
INFO:root:TRAIN measures for class 1 - precision 0.9425 - recall 0.9554 - f1 0.9489 
INFO:root:TRAIN measures@10 microavg - precision 0.8114 - recall 0.0364 - f1 0.0696 
INFO:root:TRAIN measures@10 for class 0 - precision 0.4603 - recall 0.0793 - f1 0.1353 
INFO:root:TRAIN measures@10 for class 1 - precision 0.9882 - recall 0.0323 - f1 0.0625 
INFO:root:TRAIN measures@100 microavg - precision 0.8940 - recall 0.3132 - f1 0.4638 
INFO:root:TRAIN measures@100 for class 0 - precision 0.4915 - recall 0.3124 - f1 0.3820 
INFO:root:TRAIN measures@100 for class 1 - precision 0.9697 - recall 0.3132 - f1 0.4735 
INFO:root:TRAIN measures@1000 microavg - precision 0.9048 - recall 0.8748 - f1 0.8896 
INFO:root:TRAIN measures@1000 for class 0 - precision 0.4547 - recall 0.3897 - f1 0.4197 
INFO:root:TRAIN measures@1000 for class 1 - precision 0.9425 - recall 0.9211 - f1 0.9317 
INFO:root:TRAIN Total epoch time: 18.00074200052768
INFO:root:################ VALID epoch 45 ###################
INFO:root:VALID mean losses tensor(0.5142, device='cuda:0')
INFO:root:VALID mean errors 0.25321200489997864
INFO:root:VALID mean MRR 0.0 - mean MAP 0.7968164896209503
INFO:root:VALID tp {0: tensor(11, device='cuda:0'), 1: tensor(1384, device='cuda:0')},fn {0: tensor(335, device='cuda:0'), 1: tensor(138, device='cuda:0')},fp {0: tensor(138, device='cuda:0'), 1: tensor(335, device='cuda:0')}
INFO:root:VALID measures microavg - precision 0.7468 - recall 0.7468 - f1 0.7468 
INFO:root:VALID measures for class 0 - precision 0.0738 - recall 0.0318 - f1 0.0444 
INFO:root:VALID measures for class 1 - precision 0.8051 - recall 0.9093 - f1 0.8541 
INFO:root:VALID measures@10 microavg - precision 0.5889 - recall 0.0567 - f1 0.1035 
INFO:root:VALID measures@10 for class 0 - precision 0.0800 - recall 0.0116 - f1 0.0202 
INFO:root:VALID measures@10 for class 1 - precision 0.7846 - recall 0.0670 - f1 0.1235 
INFO:root:VALID measures@100 microavg - precision 0.7299 - recall 0.5584 - f1 0.6327 
INFO:root:VALID measures@100 for class 0 - precision 0.0738 - recall 0.0318 - f1 0.0444 
INFO:root:VALID measures@100 for class 1 - precision 0.8063 - recall 0.6781 - f1 0.7366 
INFO:root:VALID measures@1000 microavg - precision 0.7468 - recall 0.7468 - f1 0.7468 
INFO:root:VALID measures@1000 for class 0 - precision 0.0738 - recall 0.0318 - f1 0.0444 
INFO:root:VALID measures@1000 for class 1 - precision 0.8051 - recall 0.9093 - f1 0.8541 
INFO:root:VALID Total epoch time: 1.8242495562881231
INFO:root:################ TRAIN epoch 46 ###################
INFO:root:TRAIN mean losses tensor(0.1127, device='cuda:0')
INFO:root:TRAIN mean errors 0.0932631567120552
INFO:root:TRAIN mean MRR 0.0 - mean MAP 0.9655810376948808
INFO:root:TRAIN tp {0: tensor(1038, device='cuda:0'), 1: tensor(24804, device='cuda:0')},fn {0: tensor(1446, device='cuda:0'), 1: tensor(1212, device='cuda:0')},fp {0: tensor(1212, device='cuda:0'), 1: tensor(1446, device='cuda:0')}
INFO:root:TRAIN measures microavg - precision 0.9067 - recall 0.9067 - f1 0.9067 
INFO:root:TRAIN measures for class 0 - precision 0.4613 - recall 0.4179 - f1 0.4385 
INFO:root:TRAIN measures for class 1 - precision 0.9449 - recall 0.9534 - f1 0.9491 
INFO:root:TRAIN measures@10 microavg - precision 0.8488 - recall 0.0372 - f1 0.0713 
INFO:root:TRAIN measures@10 for class 0 - precision 0.5450 - recall 0.0878 - f1 0.1512 
INFO:root:TRAIN measures@10 for class 1 - precision 0.9918 - recall 0.0324 - f1 0.0628 
INFO:root:TRAIN measures@100 microavg - precision 0.8925 - recall 0.3151 - f1 0.4658 
INFO:root:TRAIN measures@100 for class 0 - precision 0.5024 - recall 0.3394 - f1 0.4051 
INFO:root:TRAIN measures@100 for class 1 - precision 0.9705 - recall 0.3128 - f1 0.4731 
INFO:root:TRAIN measures@1000 microavg - precision 0.9061 - recall 0.8761 - f1 0.8909 
INFO:root:TRAIN measures@1000 for class 0 - precision 0.4613 - recall 0.4179 - f1 0.4385 
INFO:root:TRAIN measures@1000 for class 1 - precision 0.9457 - recall 0.9198 - f1 0.9326 
INFO:root:TRAIN Total epoch time: 18.074944600462914
INFO:root:################ VALID epoch 46 ###################
INFO:root:VALID mean losses tensor(0.5065, device='cuda:0')
INFO:root:VALID mean errors 0.22162741422653198
INFO:root:VALID mean MRR 0.0 - mean MAP 0.7944853514525549
INFO:root:VALID tp {0: tensor(8, device='cuda:0'), 1: tensor(1446, device='cuda:0')},fn {0: tensor(338, device='cuda:0'), 1: tensor(76, device='cuda:0')},fp {0: tensor(76, device='cuda:0'), 1: tensor(338, device='cuda:0')}
INFO:root:VALID measures microavg - precision 0.7784 - recall 0.7784 - f1 0.7784 
INFO:root:VALID measures for class 0 - precision 0.0952 - recall 0.0231 - f1 0.0372 
INFO:root:VALID measures for class 1 - precision 0.8105 - recall 0.9501 - f1 0.8748 
INFO:root:VALID measures@10 microavg - precision 0.6506 - recall 0.0578 - f1 0.1062 
INFO:root:VALID measures@10 for class 0 - precision 0.0556 - recall 0.0058 - f1 0.0105 
INFO:root:VALID measures@10 for class 1 - precision 0.8154 - recall 0.0696 - f1 0.1283 
INFO:root:VALID measures@100 microavg - precision 0.7647 - recall 0.5584 - f1 0.6454 
INFO:root:VALID measures@100 for class 0 - precision 0.0952 - recall 0.0231 - f1 0.0372 
INFO:root:VALID measures@100 for class 1 - precision 0.8086 - recall 0.6800 - f1 0.7388 
INFO:root:VALID measures@1000 microavg - precision 0.7784 - recall 0.7784 - f1 0.7784 
INFO:root:VALID measures@1000 for class 0 - precision 0.0952 - recall 0.0231 - f1 0.0372 
INFO:root:VALID measures@1000 for class 1 - precision 0.8105 - recall 0.9501 - f1 0.8748 
INFO:root:VALID Total epoch time: 2.2709798347204924
INFO:root:################ TRAIN epoch 47 ###################
INFO:root:TRAIN mean losses tensor(0.1147, device='cuda:0')
INFO:root:TRAIN mean errors 0.09119298309087753
INFO:root:TRAIN mean MRR 0.0 - mean MAP 0.9660707808040135
INFO:root:TRAIN tp {0: tensor(882, device='cuda:0'), 1: tensor(25019, device='cuda:0')},fn {0: tensor(1602, device='cuda:0'), 1: tensor(997, device='cuda:0')},fp {0: tensor(997, device='cuda:0'), 1: tensor(1602, device='cuda:0')}
INFO:root:TRAIN measures microavg - precision 0.9088 - recall 0.9088 - f1 0.9088 
INFO:root:TRAIN measures for class 0 - precision 0.4694 - recall 0.3551 - f1 0.4043 
INFO:root:TRAIN measures for class 1 - precision 0.9398 - recall 0.9617 - f1 0.9506 
INFO:root:TRAIN measures@10 microavg - precision 0.8306 - recall 0.0358 - f1 0.0686 
INFO:root:TRAIN measures@10 for class 0 - precision 0.4656 - recall 0.0709 - f1 0.1230 
INFO:root:TRAIN measures@10 for class 1 - precision 0.9929 - recall 0.0324 - f1 0.0628 
INFO:root:TRAIN measures@100 microavg - precision 0.8936 - recall 0.3094 - f1 0.4597 
INFO:root:TRAIN measures@100 for class 0 - precision 0.4801 - recall 0.2919 - f1 0.3630 
INFO:root:TRAIN measures@100 for class 1 - precision 0.9683 - recall 0.3111 - f1 0.4709 
INFO:root:TRAIN measures@1000 microavg - precision 0.9083 - recall 0.8783 - f1 0.8930 
INFO:root:TRAIN measures@1000 for class 0 - precision 0.4694 - recall 0.3551 - f1 0.4043 
INFO:root:TRAIN measures@1000 for class 1 - precision 0.9404 - recall 0.9282 - f1 0.9343 
INFO:root:TRAIN Total epoch time: 17.809656312689185
INFO:root:################ VALID epoch 47 ###################
INFO:root:VALID mean losses tensor(0.6848, device='cuda:0')
INFO:root:VALID mean errors 0.18522484600543976
INFO:root:VALID mean MRR 0.0 - mean MAP 0.8066650873733764
INFO:root:VALID tp {0: tensor(0, device='cuda:0'), 1: tensor(1522, device='cuda:0')},fn {0: tensor(346, device='cuda:0'), 1: tensor(0, device='cuda:0')},fp {0: tensor(0, device='cuda:0'), 1: tensor(346, device='cuda:0')}
INFO:root:VALID measures microavg - precision 0.8148 - recall 0.8148 - f1 0.8148 
INFO:root:VALID measures for class 0 - precision 0.0000 - recall 0.0000 - f1 0.0000 
INFO:root:VALID measures for class 1 - precision 0.8148 - recall 1.0000 - f1 0.8979 
INFO:root:VALID measures@10 microavg - precision 0.8385 - recall 0.0584 - f1 0.1091 
INFO:root:VALID measures@10 for class 0 - precision 0.0000 - recall 0.0000 - f1 0.0000 
INFO:root:VALID measures@10 for class 1 - precision 0.8385 - recall 0.0716 - f1 0.1320 
INFO:root:VALID measures@100 microavg - precision 0.8133 - recall 0.5573 - f1 0.6614 
INFO:root:VALID measures@100 for class 0 - precision 0.0000 - recall 0.0000 - f1 0.0000 
INFO:root:VALID measures@100 for class 1 - precision 0.8133 - recall 0.6840 - f1 0.7430 
INFO:root:VALID measures@1000 microavg - precision 0.8148 - recall 0.8148 - f1 0.8148 
INFO:root:VALID measures@1000 for class 0 - precision 0.0000 - recall 0.0000 - f1 0.0000 
INFO:root:VALID measures@1000 for class 1 - precision 0.8148 - recall 1.0000 - f1 0.8979 
INFO:root:VALID Total epoch time: 2.326858850196004
INFO:root:################ TRAIN epoch 48 ###################
INFO:root:TRAIN mean losses tensor(0.1223, device='cuda:0')
INFO:root:TRAIN mean errors 0.104491226375103
INFO:root:TRAIN mean MRR 0.0 - mean MAP 0.9618864462210638
INFO:root:TRAIN tp {0: tensor(807, device='cuda:0'), 1: tensor(24715, device='cuda:0')},fn {0: tensor(1677, device='cuda:0'), 1: tensor(1301, device='cuda:0')},fp {0: tensor(1301, device='cuda:0'), 1: tensor(1677, device='cuda:0')}
INFO:root:TRAIN measures microavg - precision 0.8955 - recall 0.8955 - f1 0.8955 
INFO:root:TRAIN measures for class 0 - precision 0.3828 - recall 0.3249 - f1 0.3515 
INFO:root:TRAIN measures for class 1 - precision 0.9365 - recall 0.9500 - f1 0.9432 
INFO:root:TRAIN measures@10 microavg - precision 0.8076 - recall 0.0351 - f1 0.0672 
INFO:root:TRAIN measures@10 for class 0 - precision 0.4238 - recall 0.0660 - f1 0.1142 
INFO:root:TRAIN measures@10 for class 1 - precision 0.9824 - recall 0.0321 - f1 0.0622 
INFO:root:TRAIN measures@100 microavg - precision 0.8721 - recall 0.3041 - f1 0.4510 
INFO:root:TRAIN measures@100 for class 0 - precision 0.3953 - recall 0.2697 - f1 0.3207 
INFO:root:TRAIN measures@100 for class 1 - precision 0.9702 - recall 0.3074 - f1 0.4669 
INFO:root:TRAIN measures@1000 microavg - precision 0.8942 - recall 0.8675 - f1 0.8807 
INFO:root:TRAIN measures@1000 for class 0 - precision 0.3828 - recall 0.3249 - f1 0.3515 
INFO:root:TRAIN measures@1000 for class 1 - precision 0.9365 - recall 0.9193 - f1 0.9278 
INFO:root:TRAIN Total epoch time: 17.60763956606388
INFO:root:################ VALID epoch 48 ###################
INFO:root:VALID mean losses tensor(0.3687, device='cuda:0')
INFO:root:VALID mean errors 0.2419700175523758
INFO:root:VALID mean MRR 0.0 - mean MAP 0.8094247733988911
INFO:root:VALID tp {0: tensor(14, device='cuda:0'), 1: tensor(1402, device='cuda:0')},fn {0: tensor(332, device='cuda:0'), 1: tensor(120, device='cuda:0')},fp {0: tensor(120, device='cuda:0'), 1: tensor(332, device='cuda:0')}
INFO:root:VALID measures microavg - precision 0.7580 - recall 0.7580 - f1 0.7580 
INFO:root:VALID measures for class 0 - precision 0.1045 - recall 0.0405 - f1 0.0583 
INFO:root:VALID measures for class 1 - precision 0.8085 - recall 0.9212 - f1 0.8612 
INFO:root:VALID measures@10 microavg - precision 0.6724 - recall 0.0626 - f1 0.1146 
INFO:root:VALID measures@10 for class 0 - precision 0.1818 - recall 0.0231 - f1 0.0410 
INFO:root:VALID measures@10 for class 1 - precision 0.8385 - recall 0.0716 - f1 0.1320 
INFO:root:VALID measures@100 microavg - precision 0.7440 - recall 0.5632 - f1 0.6411 
INFO:root:VALID measures@100 for class 0 - precision 0.1045 - recall 0.0405 - f1 0.0583 
INFO:root:VALID measures@100 for class 1 - precision 0.8109 - recall 0.6820 - f1 0.7409 
INFO:root:VALID measures@1000 microavg - precision 0.7580 - recall 0.7580 - f1 0.7580 
INFO:root:VALID measures@1000 for class 0 - precision 0.1045 - recall 0.0405 - f1 0.0583 
INFO:root:VALID measures@1000 for class 1 - precision 0.8085 - recall 0.9212 - f1 0.8612 
INFO:root:VALID Total epoch time: 2.113093351945281
INFO:root:################ TRAIN epoch 49 ###################
INFO:root:TRAIN mean losses tensor(0.1156, device='cuda:0')
INFO:root:TRAIN mean errors 0.08782456070184708
INFO:root:TRAIN mean MRR 0.0 - mean MAP 0.9620717782440998
INFO:root:TRAIN tp {0: tensor(876, device='cuda:0'), 1: tensor(25121, device='cuda:0')},fn {0: tensor(1608, device='cuda:0'), 1: tensor(895, device='cuda:0')},fp {0: tensor(895, device='cuda:0'), 1: tensor(1608, device='cuda:0')}
INFO:root:TRAIN measures microavg - precision 0.9122 - recall 0.9122 - f1 0.9122 
INFO:root:TRAIN measures for class 0 - precision 0.4946 - recall 0.3527 - f1 0.4118 
INFO:root:TRAIN measures for class 1 - precision 0.9398 - recall 0.9656 - f1 0.9525 
INFO:root:TRAIN measures@10 microavg - precision 0.8662 - recall 0.0354 - f1 0.0681 
INFO:root:TRAIN measures@10 for class 0 - precision 0.5411 - recall 0.0688 - f1 0.1221 
INFO:root:TRAIN measures@10 for class 1 - precision 0.9871 - recall 0.0322 - f1 0.0625 
INFO:root:TRAIN measures@100 microavg - precision 0.9009 - recall 0.3101 - f1 0.4614 
INFO:root:TRAIN measures@100 for class 0 - precision 0.5056 - recall 0.2919 - f1 0.3701 
INFO:root:TRAIN measures@100 for class 1 - precision 0.9686 - recall 0.3118 - f1 0.4718 
INFO:root:TRAIN measures@1000 microavg - precision 0.9108 - recall 0.8811 - f1 0.8957 
INFO:root:TRAIN measures@1000 for class 0 - precision 0.4946 - recall 0.3527 - f1 0.4118 
INFO:root:TRAIN measures@1000 for class 1 - precision 0.9394 - recall 0.9316 - f1 0.9355 
INFO:root:TRAIN Total epoch time: 17.94190757535398
INFO:root:################ VALID epoch 49 ###################
INFO:root:VALID mean losses tensor(0.3415, device='cuda:0')
INFO:root:VALID mean errors 0.26124197244644165
INFO:root:VALID mean MRR 0.0 - mean MAP 0.7968017611705084
INFO:root:VALID tp {0: tensor(20, device='cuda:0'), 1: tensor(1360, device='cuda:0')},fn {0: tensor(326, device='cuda:0'), 1: tensor(162, device='cuda:0')},fp {0: tensor(162, device='cuda:0'), 1: tensor(326, device='cuda:0')}
INFO:root:VALID measures microavg - precision 0.7388 - recall 0.7388 - f1 0.7388 
INFO:root:VALID measures for class 0 - precision 0.1099 - recall 0.0578 - f1 0.0758 
INFO:root:VALID measures for class 1 - precision 0.8066 - recall 0.8936 - f1 0.8479 
INFO:root:VALID measures@10 microavg - precision 0.5602 - recall 0.0573 - f1 0.1039 
INFO:root:VALID measures@10 for class 0 - precision 0.1311 - recall 0.0231 - f1 0.0393 
INFO:root:VALID measures@10 for class 1 - precision 0.7615 - recall 0.0650 - f1 0.1199 
INFO:root:VALID measures@100 microavg - precision 0.7196 - recall 0.5632 - f1 0.6318 
INFO:root:VALID measures@100 for class 0 - precision 0.1099 - recall 0.0578 - f1 0.0758 
INFO:root:VALID measures@100 for class 1 - precision 0.8063 - recall 0.6781 - f1 0.7366 
INFO:root:VALID measures@1000 microavg - precision 0.7388 - recall 0.7388 - f1 0.7388 
INFO:root:VALID measures@1000 for class 0 - precision 0.1099 - recall 0.0578 - f1 0.0758 
INFO:root:VALID measures@1000 for class 1 - precision 0.8066 - recall 0.8936 - f1 0.8479 
INFO:root:VALID Total epoch time: 2.0228027999401093
INFO:root:################ TRAIN epoch 50 ###################
INFO:root:TRAIN mean losses tensor(0.1129, device='cuda:0')
INFO:root:TRAIN mean errors 0.10519298166036606
INFO:root:TRAIN mean MRR 0.0 - mean MAP 0.9669980382867966
INFO:root:TRAIN tp {0: tensor(1076, device='cuda:0'), 1: tensor(24426, device='cuda:0')},fn {0: tensor(1408, device='cuda:0'), 1: tensor(1590, device='cuda:0')},fp {0: tensor(1590, device='cuda:0'), 1: tensor(1408, device='cuda:0')}
INFO:root:TRAIN measures microavg - precision 0.8948 - recall 0.8948 - f1 0.8948 
INFO:root:TRAIN measures for class 0 - precision 0.4036 - recall 0.4332 - f1 0.4179 
INFO:root:TRAIN measures for class 1 - precision 0.9455 - recall 0.9389 - f1 0.9422 
INFO:root:TRAIN measures@10 microavg - precision 0.8194 - recall 0.0374 - f1 0.0715 
INFO:root:TRAIN measures@10 for class 0 - precision 0.4922 - recall 0.0894 - f1 0.1513 
INFO:root:TRAIN measures@10 for class 1 - precision 0.9929 - recall 0.0324 - f1 0.0628 
INFO:root:TRAIN measures@100 microavg - precision 0.8591 - recall 0.3145 - f1 0.4605 
INFO:root:TRAIN measures@100 for class 0 - precision 0.4210 - recall 0.3647 - f1 0.3909 
INFO:root:TRAIN measures@100 for class 1 - precision 0.9730 - recall 0.3097 - f1 0.4699 
INFO:root:TRAIN measures@1000 microavg - precision 0.8935 - recall 0.8681 - f1 0.8806 
INFO:root:TRAIN measures@1000 for class 0 - precision 0.4036 - recall 0.4332 - f1 0.4179 
INFO:root:TRAIN measures@1000 for class 1 - precision 0.9457 - recall 0.9097 - f1 0.9273 
INFO:root:TRAIN Total epoch time: 17.46971132326871
INFO:root:################ VALID epoch 50 ###################
INFO:root:VALID mean losses tensor(0.4052, device='cuda:0')
INFO:root:VALID mean errors 0.20128479599952698
INFO:root:VALID mean MRR 0.0 - mean MAP 0.8025629168580678
INFO:root:VALID tp {0: tensor(0, device='cuda:0'), 1: tensor(1492, device='cuda:0')},fn {0: tensor(346, device='cuda:0'), 1: tensor(30, device='cuda:0')},fp {0: tensor(30, device='cuda:0'), 1: tensor(346, device='cuda:0')}
INFO:root:VALID measures microavg - precision 0.7987 - recall 0.7987 - f1 0.7987 
INFO:root:VALID measures for class 0 - precision 0.0000 - recall 0.0000 - f1 0.0000 
INFO:root:VALID measures for class 1 - precision 0.8118 - recall 0.9803 - f1 0.8881 
INFO:root:VALID measures@10 microavg - precision 0.7214 - recall 0.0541 - f1 0.1006 
INFO:root:VALID measures@10 for class 0 - precision 0.0000 - recall 0.0000 - f1 0.0000 
INFO:root:VALID measures@10 for class 1 - precision 0.7769 - recall 0.0664 - f1 0.1223 
INFO:root:VALID measures@100 microavg - precision 0.8023 - recall 0.5626 - f1 0.6614 
INFO:root:VALID measures@100 for class 0 - precision 0.0000 - recall 0.0000 - f1 0.0000 
INFO:root:VALID measures@100 for class 1 - precision 0.8211 - recall 0.6905 - f1 0.7502 
INFO:root:VALID measures@1000 microavg - precision 0.7987 - recall 0.7987 - f1 0.7987 
INFO:root:VALID measures@1000 for class 0 - precision 0.0000 - recall 0.0000 - f1 0.0000 
INFO:root:VALID measures@1000 for class 1 - precision 0.8118 - recall 0.9803 - f1 0.8881 
INFO:root:VALID Total epoch time: 1.9859525747597218
INFO:root:################ TRAIN epoch 51 ###################
INFO:root:TRAIN mean losses tensor(0.1104, device='cuda:0')
INFO:root:TRAIN mean errors 0.08824561536312103
INFO:root:TRAIN mean MRR 0.0 - mean MAP 0.9670131289088073
INFO:root:TRAIN tp {0: tensor(924, device='cuda:0'), 1: tensor(25061, device='cuda:0')},fn {0: tensor(1560, device='cuda:0'), 1: tensor(955, device='cuda:0')},fp {0: tensor(955, device='cuda:0'), 1: tensor(1560, device='cuda:0')}
INFO:root:TRAIN measures microavg - precision 0.9118 - recall 0.9118 - f1 0.9118 
INFO:root:TRAIN measures for class 0 - precision 0.4918 - recall 0.3720 - f1 0.4236 
INFO:root:TRAIN measures for class 1 - precision 0.9414 - recall 0.9633 - f1 0.9522 
INFO:root:TRAIN measures@10 microavg - precision 0.8497 - recall 0.0365 - f1 0.0700 
INFO:root:TRAIN measures@10 for class 0 - precision 0.5160 - recall 0.0777 - f1 0.1351 
INFO:root:TRAIN measures@10 for class 1 - precision 0.9965 - recall 0.0326 - f1 0.0631 
INFO:root:TRAIN measures@100 microavg - precision 0.8994 - recall 0.3141 - f1 0.4656 
INFO:root:TRAIN measures@100 for class 0 - precision 0.5063 - recall 0.3221 - f1 0.3937 
INFO:root:TRAIN measures@100 for class 1 - precision 0.9736 - recall 0.3134 - f1 0.4741 
INFO:root:TRAIN measures@1000 microavg - precision 0.9107 - recall 0.8807 - f1 0.8955 
INFO:root:TRAIN measures@1000 for class 0 - precision 0.4918 - recall 0.3720 - f1 0.4236 
INFO:root:TRAIN measures@1000 for class 1 - precision 0.9414 - recall 0.9293 - f1 0.9353 
INFO:root:TRAIN Total epoch time: 17.741415402852
INFO:root:################ VALID epoch 51 ###################
INFO:root:VALID mean losses tensor(0.6450, device='cuda:0')
INFO:root:VALID mean errors 0.23608137667179108
INFO:root:VALID mean MRR 0.0 - mean MAP 0.8037465180820299
INFO:root:VALID tp {0: tensor(18, device='cuda:0'), 1: tensor(1409, device='cuda:0')},fn {0: tensor(328, device='cuda:0'), 1: tensor(113, device='cuda:0')},fp {0: tensor(113, device='cuda:0'), 1: tensor(328, device='cuda:0')}
INFO:root:VALID measures microavg - precision 0.7639 - recall 0.7639 - f1 0.7639 
INFO:root:VALID measures for class 0 - precision 0.1374 - recall 0.0520 - f1 0.0755 
INFO:root:VALID measures for class 1 - precision 0.8112 - recall 0.9258 - f1 0.8647 
INFO:root:VALID measures@10 microavg - precision 0.6552 - recall 0.0610 - f1 0.1117 
INFO:root:VALID measures@10 for class 0 - precision 0.1364 - recall 0.0173 - f1 0.0308 
INFO:root:VALID measures@10 for class 1 - precision 0.8308 - recall 0.0710 - f1 0.1308 
INFO:root:VALID measures@100 microavg - precision 0.7484 - recall 0.5653 - f1 0.6441 
INFO:root:VALID measures@100 for class 0 - precision 0.1374 - recall 0.0520 - f1 0.0755 
INFO:root:VALID measures@100 for class 1 - precision 0.8109 - recall 0.6820 - f1 0.7409 
INFO:root:VALID measures@1000 microavg - precision 0.7639 - recall 0.7639 - f1 0.7639 
INFO:root:VALID measures@1000 for class 0 - precision 0.1374 - recall 0.0520 - f1 0.0755 
INFO:root:VALID measures@1000 for class 1 - precision 0.8112 - recall 0.9258 - f1 0.8647 
INFO:root:VALID Total epoch time: 2.083662779070437
INFO:root:################ TRAIN epoch 52 ###################
INFO:root:TRAIN mean losses tensor(0.1102, device='cuda:0')
INFO:root:TRAIN mean errors 0.10333333164453506
INFO:root:TRAIN mean MRR 0.0 - mean MAP 0.9676657993808836
INFO:root:TRAIN tp {0: tensor(1097, device='cuda:0'), 1: tensor(24458, device='cuda:0')},fn {0: tensor(1387, device='cuda:0'), 1: tensor(1558, device='cuda:0')},fp {0: tensor(1558, device='cuda:0'), 1: tensor(1387, device='cuda:0')}
INFO:root:TRAIN measures microavg - precision 0.8967 - recall 0.8967 - f1 0.8967 
INFO:root:TRAIN measures for class 0 - precision 0.4132 - recall 0.4416 - f1 0.4269 
INFO:root:TRAIN measures for class 1 - precision 0.9463 - recall 0.9401 - f1 0.9432 
INFO:root:TRAIN measures@10 microavg - precision 0.8050 - recall 0.0385 - f1 0.0735 
INFO:root:TRAIN measures@10 for class 0 - precision 0.4903 - recall 0.1014 - f1 0.1681 
INFO:root:TRAIN measures@10 for class 1 - precision 0.9953 - recall 0.0325 - f1 0.0630 
INFO:root:TRAIN measures@100 microavg - precision 0.8531 - recall 0.3200 - f1 0.4654 
INFO:root:TRAIN measures@100 for class 0 - precision 0.4204 - recall 0.3925 - f1 0.4060 
INFO:root:TRAIN measures@100 for class 1 - precision 0.9730 - recall 0.3131 - f1 0.4737 
INFO:root:TRAIN measures@1000 microavg - precision 0.8954 - recall 0.8680 - f1 0.8815 
INFO:root:TRAIN measures@1000 for class 0 - precision 0.4132 - recall 0.4416 - f1 0.4269 
INFO:root:TRAIN measures@1000 for class 1 - precision 0.9467 - recall 0.9087 - f1 0.9273 
INFO:root:TRAIN Total epoch time: 17.74467265792191
INFO:root:################ VALID epoch 52 ###################
INFO:root:VALID mean losses tensor(0.6401, device='cuda:0')
INFO:root:VALID mean errors 0.2173447608947754
INFO:root:VALID mean MRR 0.0 - mean MAP 0.8000484247547451
INFO:root:VALID tp {0: tensor(2, device='cuda:0'), 1: tensor(1460, device='cuda:0')},fn {0: tensor(344, device='cuda:0'), 1: tensor(62, device='cuda:0')},fp {0: tensor(62, device='cuda:0'), 1: tensor(344, device='cuda:0')}
INFO:root:VALID measures microavg - precision 0.7827 - recall 0.7827 - f1 0.7827 
INFO:root:VALID measures for class 0 - precision 0.0312 - recall 0.0058 - f1 0.0098 
INFO:root:VALID measures for class 1 - precision 0.8093 - recall 0.9593 - f1 0.8779 
INFO:root:VALID measures@10 microavg - precision 0.6753 - recall 0.0557 - f1 0.1029 
INFO:root:VALID measures@10 for class 0 - precision 0.0833 - recall 0.0058 - f1 0.0108 
INFO:root:VALID measures@10 for class 1 - precision 0.7846 - recall 0.0670 - f1 0.1235 
INFO:root:VALID measures@100 microavg - precision 0.7731 - recall 0.5562 - f1 0.6469 
INFO:root:VALID measures@100 for class 0 - precision 0.0312 - recall 0.0058 - f1 0.0098 
INFO:root:VALID measures@100 for class 1 - precision 0.8102 - recall 0.6813 - f1 0.7402 
INFO:root:VALID measures@1000 microavg - precision 0.7827 - recall 0.7827 - f1 0.7827 
INFO:root:VALID measures@1000 for class 0 - precision 0.0312 - recall 0.0058 - f1 0.0098 
INFO:root:VALID measures@1000 for class 1 - precision 0.8093 - recall 0.9593 - f1 0.8779 
INFO:root:VALID Total epoch time: 2.20022293087095
INFO:root:################ TRAIN epoch 53 ###################
INFO:root:TRAIN mean losses tensor(0.1111, device='cuda:0')
INFO:root:TRAIN mean errors 0.09814035147428513
INFO:root:TRAIN mean MRR 0.0 - mean MAP 0.9669720601985295
INFO:root:TRAIN tp {0: tensor(904, device='cuda:0'), 1: tensor(24799, device='cuda:0')},fn {0: tensor(1580, device='cuda:0'), 1: tensor(1217, device='cuda:0')},fp {0: tensor(1217, device='cuda:0'), 1: tensor(1580, device='cuda:0')}
INFO:root:TRAIN measures microavg - precision 0.9019 - recall 0.9019 - f1 0.9019 
INFO:root:TRAIN measures for class 0 - precision 0.4262 - recall 0.3639 - f1 0.3926 
INFO:root:TRAIN measures for class 1 - precision 0.9401 - recall 0.9532 - f1 0.9466 
INFO:root:TRAIN measures@10 microavg - precision 0.8353 - recall 0.0372 - f1 0.0712 
INFO:root:TRAIN measures@10 for class 0 - precision 0.5084 - recall 0.0857 - f1 0.1467 
INFO:root:TRAIN measures@10 for class 1 - precision 0.9965 - recall 0.0326 - f1 0.0631 
INFO:root:TRAIN measures@100 microavg - precision 0.8805 - recall 0.3149 - f1 0.4639 
INFO:root:TRAIN measures@100 for class 0 - precision 0.4629 - recall 0.3442 - f1 0.3948 
INFO:root:TRAIN measures@100 for class 1 - precision 0.9729 - recall 0.3121 - f1 0.4726 
INFO:root:TRAIN measures@1000 microavg - precision 0.9007 - recall 0.8722 - f1 0.8862 
INFO:root:TRAIN measures@1000 for class 0 - precision 0.4262 - recall 0.3639 - f1 0.3926 
INFO:root:TRAIN measures@1000 for class 1 - precision 0.9403 - recall 0.9207 - f1 0.9304 
INFO:root:TRAIN Total epoch time: 17.731761385686696
INFO:root:################ VALID epoch 53 ###################
INFO:root:VALID mean losses tensor(0.6390, device='cuda:0')
INFO:root:VALID mean errors 0.22216273844242096
INFO:root:VALID mean MRR 0.0 - mean MAP 0.8110219815159972
INFO:root:VALID tp {0: tensor(11, device='cuda:0'), 1: tensor(1442, device='cuda:0')},fn {0: tensor(335, device='cuda:0'), 1: tensor(80, device='cuda:0')},fp {0: tensor(80, device='cuda:0'), 1: tensor(335, device='cuda:0')}
INFO:root:VALID measures microavg - precision 0.7778 - recall 0.7778 - f1 0.7778 
INFO:root:VALID measures for class 0 - precision 0.1209 - recall 0.0318 - f1 0.0503 
INFO:root:VALID measures for class 1 - precision 0.8115 - recall 0.9474 - f1 0.8742 
INFO:root:VALID measures@10 microavg - precision 0.7069 - recall 0.0658 - f1 0.1205 
INFO:root:VALID measures@10 for class 0 - precision 0.2045 - recall 0.0260 - f1 0.0462 
INFO:root:VALID measures@10 for class 1 - precision 0.8769 - recall 0.0749 - f1 0.1380 
INFO:root:VALID measures@100 microavg - precision 0.7681 - recall 0.5637 - f1 0.6502 
INFO:root:VALID measures@100 for class 0 - precision 0.1209 - recall 0.0318 - f1 0.0503 
INFO:root:VALID measures@100 for class 1 - precision 0.8141 - recall 0.6846 - f1 0.7438 
INFO:root:VALID measures@1000 microavg - precision 0.7778 - recall 0.7778 - f1 0.7778 
INFO:root:VALID measures@1000 for class 0 - precision 0.1209 - recall 0.0318 - f1 0.0503 
INFO:root:VALID measures@1000 for class 1 - precision 0.8115 - recall 0.9474 - f1 0.8742 
INFO:root:VALID Total epoch time: 2.23570145573467
INFO:root:################ TRAIN epoch 54 ###################
INFO:root:TRAIN mean losses tensor(0.1098, device='cuda:0')
INFO:root:TRAIN mean errors 0.08985964953899384
INFO:root:TRAIN mean MRR 0.0 - mean MAP 0.9671679559678286
INFO:root:TRAIN tp {0: tensor(965, device='cuda:0'), 1: tensor(24974, device='cuda:0')},fn {0: tensor(1519, device='cuda:0'), 1: tensor(1042, device='cuda:0')},fp {0: tensor(1042, device='cuda:0'), 1: tensor(1519, device='cuda:0')}
INFO:root:TRAIN measures microavg - precision 0.9101 - recall 0.9101 - f1 0.9101 
INFO:root:TRAIN measures for class 0 - precision 0.4808 - recall 0.3885 - f1 0.4297 
INFO:root:TRAIN measures for class 1 - precision 0.9427 - recall 0.9599 - f1 0.9512 
INFO:root:TRAIN measures@10 microavg - precision 0.8507 - recall 0.0370 - f1 0.0709 
INFO:root:TRAIN measures@10 for class 0 - precision 0.5296 - recall 0.0829 - f1 0.1434 
INFO:root:TRAIN measures@10 for class 1 - precision 0.9976 - recall 0.0326 - f1 0.0631 
INFO:root:TRAIN measures@100 microavg - precision 0.8939 - recall 0.3155 - f1 0.4664 
INFO:root:TRAIN measures@100 for class 0 - precision 0.4943 - recall 0.3325 - f1 0.3976 
INFO:root:TRAIN measures@100 for class 1 - precision 0.9735 - recall 0.3139 - f1 0.4748 
INFO:root:TRAIN measures@1000 microavg - precision 0.9092 - recall 0.8794 - f1 0.8940 
INFO:root:TRAIN measures@1000 for class 0 - precision 0.4808 - recall 0.3885 - f1 0.4297 
INFO:root:TRAIN measures@1000 for class 1 - precision 0.9429 - recall 0.9262 - f1 0.9345 
INFO:root:TRAIN Total epoch time: 17.649101900868118
INFO:root:################ VALID epoch 54 ###################
INFO:root:VALID mean losses tensor(0.5501, device='cuda:0')
INFO:root:VALID mean errors 0.2623126208782196
INFO:root:VALID mean MRR 0.0 - mean MAP 0.8060460165648605
INFO:root:VALID tp {0: tensor(24, device='cuda:0'), 1: tensor(1354, device='cuda:0')},fn {0: tensor(322, device='cuda:0'), 1: tensor(168, device='cuda:0')},fp {0: tensor(168, device='cuda:0'), 1: tensor(322, device='cuda:0')}
INFO:root:VALID measures microavg - precision 0.7377 - recall 0.7377 - f1 0.7377 
INFO:root:VALID measures for class 0 - precision 0.1250 - recall 0.0694 - f1 0.0892 
INFO:root:VALID measures for class 1 - precision 0.8079 - recall 0.8896 - f1 0.8468 
INFO:root:VALID measures@10 microavg - precision 0.6022 - recall 0.0600 - f1 0.1091 
INFO:root:VALID measures@10 for class 0 - precision 0.1429 - recall 0.0231 - f1 0.0398 
INFO:root:VALID measures@10 for class 1 - precision 0.8000 - recall 0.0683 - f1 0.1259 
INFO:root:VALID measures@100 microavg - precision 0.7249 - recall 0.5712 - f1 0.6389 
INFO:root:VALID measures@100 for class 0 - precision 0.1250 - recall 0.0694 - f1 0.0892 
INFO:root:VALID measures@100 for class 1 - precision 0.8148 - recall 0.6853 - f1 0.7445 
INFO:root:VALID measures@1000 microavg - precision 0.7377 - recall 0.7377 - f1 0.7377 
INFO:root:VALID measures@1000 for class 0 - precision 0.1250 - recall 0.0694 - f1 0.0892 
INFO:root:VALID measures@1000 for class 1 - precision 0.8079 - recall 0.8896 - f1 0.8468 
INFO:root:VALID Total epoch time: 2.1544843576848507
INFO:root:################ TRAIN epoch 55 ###################
INFO:root:TRAIN mean losses tensor(0.1072, device='cuda:0')
INFO:root:TRAIN mean errors 0.09849122911691666
INFO:root:TRAIN mean MRR 0.0 - mean MAP 0.9702247607797847
INFO:root:TRAIN tp {0: tensor(1154, device='cuda:0'), 1: tensor(24539, device='cuda:0')},fn {0: tensor(1330, device='cuda:0'), 1: tensor(1477, device='cuda:0')},fp {0: tensor(1477, device='cuda:0'), 1: tensor(1330, device='cuda:0')}
INFO:root:TRAIN measures microavg - precision 0.9015 - recall 0.9015 - f1 0.9015 
INFO:root:TRAIN measures for class 0 - precision 0.4386 - recall 0.4646 - f1 0.4512 
INFO:root:TRAIN measures for class 1 - precision 0.9486 - recall 0.9432 - f1 0.9459 
INFO:root:TRAIN measures@10 microavg - precision 0.8147 - recall 0.0381 - f1 0.0728 
INFO:root:TRAIN measures@10 for class 0 - precision 0.4969 - recall 0.0966 - f1 0.1618 
INFO:root:TRAIN measures@10 for class 1 - precision 0.9953 - recall 0.0325 - f1 0.0630 
INFO:root:TRAIN measures@100 microavg - precision 0.8706 - recall 0.3221 - f1 0.4703 
INFO:root:TRAIN measures@100 for class 0 - precision 0.4572 - recall 0.3953 - f1 0.4240 
INFO:root:TRAIN measures@100 for class 1 - precision 0.9763 - recall 0.3152 - f1 0.4765 
INFO:root:TRAIN measures@1000 microavg - precision 0.9005 - recall 0.8749 - f1 0.8875 
INFO:root:TRAIN measures@1000 for class 0 - precision 0.4386 - recall 0.4646 - f1 0.4512 
INFO:root:TRAIN measures@1000 for class 1 - precision 0.9490 - recall 0.9141 - f1 0.9312 
INFO:root:TRAIN Total epoch time: 17.67720132507384
INFO:root:################ VALID epoch 55 ###################
INFO:root:VALID mean losses tensor(0.7318, device='cuda:0')
INFO:root:VALID mean errors 0.2334047108888626
INFO:root:VALID mean MRR 0.0 - mean MAP 0.8106417955507521
INFO:root:VALID tp {0: tensor(19, device='cuda:0'), 1: tensor(1413, device='cuda:0')},fn {0: tensor(327, device='cuda:0'), 1: tensor(109, device='cuda:0')},fp {0: tensor(109, device='cuda:0'), 1: tensor(327, device='cuda:0')}
INFO:root:VALID measures microavg - precision 0.7666 - recall 0.7666 - f1 0.7666 
INFO:root:VALID measures for class 0 - precision 0.1484 - recall 0.0549 - f1 0.0802 
INFO:root:VALID measures for class 1 - precision 0.8121 - recall 0.9284 - f1 0.8663 
INFO:root:VALID measures@10 microavg - precision 0.6573 - recall 0.0626 - f1 0.1144 
INFO:root:VALID measures@10 for class 0 - precision 0.2500 - recall 0.0347 - f1 0.0609 
INFO:root:VALID measures@10 for class 1 - precision 0.8077 - recall 0.0690 - f1 0.1271 
INFO:root:VALID measures@100 microavg - precision 0.7571 - recall 0.5707 - f1 0.6508 
INFO:root:VALID measures@100 for class 0 - precision 0.1484 - recall 0.0549 - f1 0.0802 
INFO:root:VALID measures@100 for class 1 - precision 0.8180 - recall 0.6879 - f1 0.7473 
INFO:root:VALID measures@1000 microavg - precision 0.7666 - recall 0.7666 - f1 0.7666 
INFO:root:VALID measures@1000 for class 0 - precision 0.1484 - recall 0.0549 - f1 0.0802 
INFO:root:VALID measures@1000 for class 1 - precision 0.8121 - recall 0.9284 - f1 0.8663 
INFO:root:VALID Total epoch time: 1.9681151630356908
INFO:root:################ TRAIN epoch 56 ###################
INFO:root:TRAIN mean losses tensor(0.1067, device='cuda:0')
INFO:root:TRAIN mean errors 0.09519298374652863
INFO:root:TRAIN mean MRR 0.0 - mean MAP 0.9703696975479864
INFO:root:TRAIN tp {0: tensor(1135, device='cuda:0'), 1: tensor(24652, device='cuda:0')},fn {0: tensor(1349, device='cuda:0'), 1: tensor(1364, device='cuda:0')},fp {0: tensor(1364, device='cuda:0'), 1: tensor(1349, device='cuda:0')}
INFO:root:TRAIN measures microavg - precision 0.9048 - recall 0.9048 - f1 0.9048 
INFO:root:TRAIN measures for class 0 - precision 0.4542 - recall 0.4569 - f1 0.4555 
INFO:root:TRAIN measures for class 1 - precision 0.9481 - recall 0.9476 - f1 0.9478 
INFO:root:TRAIN measures@10 microavg - precision 0.8251 - recall 0.0382 - f1 0.0731 
INFO:root:TRAIN measures@10 for class 0 - precision 0.5159 - recall 0.0978 - f1 0.1645 
INFO:root:TRAIN measures@10 for class 1 - precision 0.9965 - recall 0.0326 - f1 0.0631 
INFO:root:TRAIN measures@100 microavg - precision 0.8799 - recall 0.3222 - f1 0.4717 
INFO:root:TRAIN measures@100 for class 0 - precision 0.4808 - recall 0.3937 - f1 0.4329 
INFO:root:TRAIN measures@100 for class 1 - precision 0.9766 - recall 0.3154 - f1 0.4768 
INFO:root:TRAIN measures@1000 microavg - precision 0.9044 - recall 0.8745 - f1 0.8892 
INFO:root:TRAIN measures@1000 for class 0 - precision 0.4542 - recall 0.4569 - f1 0.4555 
INFO:root:TRAIN measures@1000 for class 1 - precision 0.9493 - recall 0.9144 - f1 0.9315 
INFO:root:TRAIN Total epoch time: 18.24563021864742
INFO:root:################ VALID epoch 56 ###################
INFO:root:VALID mean losses tensor(1.2549, device='cuda:0')
INFO:root:VALID mean errors 0.22055675089359283
INFO:root:VALID mean MRR 0.0 - mean MAP 0.804386274374583
INFO:root:VALID tp {0: tensor(4, device='cuda:0'), 1: tensor(1452, device='cuda:0')},fn {0: tensor(342, device='cuda:0'), 1: tensor(70, device='cuda:0')},fp {0: tensor(70, device='cuda:0'), 1: tensor(342, device='cuda:0')}
INFO:root:VALID measures microavg - precision 0.7794 - recall 0.7794 - f1 0.7794 
INFO:root:VALID measures for class 0 - precision 0.0541 - recall 0.0116 - f1 0.0190 
INFO:root:VALID measures for class 1 - precision 0.8094 - recall 0.9540 - f1 0.8758 
INFO:root:VALID measures@10 microavg - precision 0.7188 - recall 0.0616 - f1 0.1134 
INFO:root:VALID measures@10 for class 0 - precision 0.1333 - recall 0.0116 - f1 0.0213 
INFO:root:VALID measures@10 for class 1 - precision 0.8538 - recall 0.0729 - f1 0.1344 
INFO:root:VALID measures@100 microavg - precision 0.7755 - recall 0.5621 - f1 0.6518 
INFO:root:VALID measures@100 for class 0 - precision 0.0541 - recall 0.0116 - f1 0.0190 
INFO:root:VALID measures@100 for class 1 - precision 0.8172 - recall 0.6873 - f1 0.7466 
INFO:root:VALID measures@1000 microavg - precision 0.7794 - recall 0.7794 - f1 0.7794 
INFO:root:VALID measures@1000 for class 0 - precision 0.0541 - recall 0.0116 - f1 0.0190 
INFO:root:VALID measures@1000 for class 1 - precision 0.8094 - recall 0.9540 - f1 0.8758 
INFO:root:VALID Total epoch time: 1.939233704470098
INFO:root:################ TRAIN epoch 57 ###################
INFO:root:TRAIN mean losses tensor(0.1089, device='cuda:0')
INFO:root:TRAIN mean errors 0.0913684219121933
INFO:root:TRAIN mean MRR 0.0 - mean MAP 0.9687798868573162
INFO:root:TRAIN tp {0: tensor(1032, device='cuda:0'), 1: tensor(24864, device='cuda:0')},fn {0: tensor(1452, device='cuda:0'), 1: tensor(1152, device='cuda:0')},fp {0: tensor(1152, device='cuda:0'), 1: tensor(1452, device='cuda:0')}
INFO:root:TRAIN measures microavg - precision 0.9086 - recall 0.9086 - f1 0.9086 
INFO:root:TRAIN measures for class 0 - precision 0.4725 - recall 0.4155 - f1 0.4422 
INFO:root:TRAIN measures for class 1 - precision 0.9448 - recall 0.9557 - f1 0.9502 
INFO:root:TRAIN measures@10 microavg - precision 0.8433 - recall 0.0385 - f1 0.0737 
INFO:root:TRAIN measures@10 for class 0 - precision 0.5619 - recall 0.1023 - f1 0.1730 
INFO:root:TRAIN measures@10 for class 1 - precision 0.9929 - recall 0.0324 - f1 0.0628 
INFO:root:TRAIN measures@100 microavg - precision 0.8853 - recall 0.3170 - f1 0.4668 
INFO:root:TRAIN measures@100 for class 0 - precision 0.4839 - recall 0.3579 - f1 0.4115 
INFO:root:TRAIN measures@100 for class 1 - precision 0.9735 - recall 0.3131 - f1 0.4738 
INFO:root:TRAIN measures@1000 microavg - precision 0.9079 - recall 0.8781 - f1 0.8928 
INFO:root:TRAIN measures@1000 for class 0 - precision 0.4725 - recall 0.4155 - f1 0.4422 
INFO:root:TRAIN measures@1000 for class 1 - precision 0.9453 - recall 0.9223 - f1 0.9337 
INFO:root:TRAIN Total epoch time: 17.694778660312295
INFO:root:################ VALID epoch 57 ###################
INFO:root:VALID mean losses tensor(0.5634, device='cuda:0')
INFO:root:VALID mean errors 0.1948608160018921
INFO:root:VALID mean MRR 0.0 - mean MAP 0.8035126721829868
INFO:root:VALID tp {0: tensor(2, device='cuda:0'), 1: tensor(1502, device='cuda:0')},fn {0: tensor(344, device='cuda:0'), 1: tensor(20, device='cuda:0')},fp {0: tensor(20, device='cuda:0'), 1: tensor(344, device='cuda:0')}
INFO:root:VALID measures microavg - precision 0.8051 - recall 0.8051 - f1 0.8051 
INFO:root:VALID measures for class 0 - precision 0.0909 - recall 0.0058 - f1 0.0109 
INFO:root:VALID measures for class 1 - precision 0.8137 - recall 0.9869 - f1 0.8919 
INFO:root:VALID measures@10 microavg - precision 0.7067 - recall 0.0567 - f1 0.1051 
INFO:root:VALID measures@10 for class 0 - precision 0.0000 - recall 0.0000 - f1 0.0000 
INFO:root:VALID measures@10 for class 1 - precision 0.8154 - recall 0.0696 - f1 0.1283 
INFO:root:VALID measures@100 microavg - precision 0.8011 - recall 0.5584 - f1 0.6580 
INFO:root:VALID measures@100 for class 0 - precision 0.0909 - recall 0.0058 - f1 0.0109 
INFO:root:VALID measures@100 for class 1 - precision 0.8133 - recall 0.6840 - f1 0.7430 
INFO:root:VALID measures@1000 microavg - precision 0.8051 - recall 0.8051 - f1 0.8051 
INFO:root:VALID measures@1000 for class 0 - precision 0.0909 - recall 0.0058 - f1 0.0109 
INFO:root:VALID measures@1000 for class 1 - precision 0.8137 - recall 0.9869 - f1 0.8919 
INFO:root:VALID Total epoch time: 2.6425308333709836
INFO:root:################ TRAIN epoch 58 ###################
INFO:root:TRAIN mean losses tensor(0.1067, device='cuda:0')
INFO:root:TRAIN mean errors 0.08691228181123734
INFO:root:TRAIN mean MRR 0.0 - mean MAP 0.971691402251197
INFO:root:TRAIN tp {0: tensor(1029, device='cuda:0'), 1: tensor(24994, device='cuda:0')},fn {0: tensor(1455, device='cuda:0'), 1: tensor(1022, device='cuda:0')},fp {0: tensor(1022, device='cuda:0'), 1: tensor(1455, device='cuda:0')}
INFO:root:TRAIN measures microavg - precision 0.9131 - recall 0.9131 - f1 0.9131 
INFO:root:TRAIN measures for class 0 - precision 0.5017 - recall 0.4143 - f1 0.4538 
INFO:root:TRAIN measures for class 1 - precision 0.9450 - recall 0.9607 - f1 0.9528 
INFO:root:TRAIN measures@10 microavg - precision 0.8618 - recall 0.0379 - f1 0.0725 
INFO:root:TRAIN measures@10 for class 0 - precision 0.5746 - recall 0.0930 - f1 0.1601 
INFO:root:TRAIN measures@10 for class 1 - precision 0.9976 - recall 0.0326 - f1 0.0631 
INFO:root:TRAIN measures@100 microavg - precision 0.9024 - recall 0.3175 - f1 0.4698 
INFO:root:TRAIN measures@100 for class 0 - precision 0.5334 - recall 0.3571 - f1 0.4278 
INFO:root:TRAIN measures@100 for class 1 - precision 0.9757 - recall 0.3138 - f1 0.4748 
INFO:root:TRAIN measures@1000 microavg - precision 0.9128 - recall 0.8846 - f1 0.8985 
INFO:root:TRAIN measures@1000 for class 0 - precision 0.5017 - recall 0.4143 - f1 0.4538 
INFO:root:TRAIN measures@1000 for class 1 - precision 0.9458 - recall 0.9295 - f1 0.9376 
INFO:root:TRAIN Total epoch time: 17.351779364980757
INFO:root:################ VALID epoch 58 ###################
INFO:root:VALID mean losses tensor(0.5046, device='cuda:0')
INFO:root:VALID mean errors 0.1905781626701355
INFO:root:VALID mean MRR 0.0 - mean MAP 0.8159334155354399
INFO:root:VALID tp {0: tensor(2, device='cuda:0'), 1: tensor(1510, device='cuda:0')},fn {0: tensor(344, device='cuda:0'), 1: tensor(12, device='cuda:0')},fp {0: tensor(12, device='cuda:0'), 1: tensor(344, device='cuda:0')}
INFO:root:VALID measures microavg - precision 0.8094 - recall 0.8094 - f1 0.8094 
INFO:root:VALID measures for class 0 - precision 0.1429 - recall 0.0058 - f1 0.0111 
INFO:root:VALID measures for class 1 - precision 0.8145 - recall 0.9921 - f1 0.8945 
INFO:root:VALID measures@10 microavg - precision 0.8194 - recall 0.0632 - f1 0.1173 
INFO:root:VALID measures@10 for class 0 - precision 0.1429 - recall 0.0058 - f1 0.0111 
INFO:root:VALID measures@10 for class 1 - precision 0.8923 - recall 0.0762 - f1 0.1404 
INFO:root:VALID measures@100 microavg - precision 0.8037 - recall 0.5567 - f1 0.6578 
INFO:root:VALID measures@100 for class 0 - precision 0.1429 - recall 0.0058 - f1 0.0111 
INFO:root:VALID measures@100 for class 1 - precision 0.8109 - recall 0.6820 - f1 0.7409 
INFO:root:VALID measures@1000 microavg - precision 0.8094 - recall 0.8094 - f1 0.8094 
INFO:root:VALID measures@1000 for class 0 - precision 0.1429 - recall 0.0058 - f1 0.0111 
INFO:root:VALID measures@1000 for class 1 - precision 0.8145 - recall 0.9921 - f1 0.8945 
INFO:root:VALID Total epoch time: 2.299283121712506
INFO:root:################ TRAIN epoch 59 ###################
INFO:root:TRAIN mean losses tensor(0.1070, device='cuda:0')
INFO:root:TRAIN mean errors 0.09080702066421509
INFO:root:TRAIN mean MRR 0.0 - mean MAP 0.9710968782224431
INFO:root:TRAIN tp {0: tensor(1114, device='cuda:0'), 1: tensor(24798, device='cuda:0')},fn {0: tensor(1370, device='cuda:0'), 1: tensor(1218, device='cuda:0')},fp {0: tensor(1218, device='cuda:0'), 1: tensor(1370, device='cuda:0')}
INFO:root:TRAIN measures microavg - precision 0.9092 - recall 0.9092 - f1 0.9092 
INFO:root:TRAIN measures for class 0 - precision 0.4777 - recall 0.4485 - f1 0.4626 
INFO:root:TRAIN measures for class 1 - precision 0.9476 - recall 0.9532 - f1 0.9504 
INFO:root:TRAIN measures@10 microavg - precision 0.8743 - recall 0.0383 - f1 0.0734 
INFO:root:TRAIN measures@10 for class 0 - precision 0.6216 - recall 0.0998 - f1 0.1720 
INFO:root:TRAIN measures@10 for class 1 - precision 0.9929 - recall 0.0324 - f1 0.0628 
INFO:root:TRAIN measures@100 microavg - precision 0.8888 - recall 0.3196 - f1 0.4702 
INFO:root:TRAIN measures@100 for class 0 - precision 0.4945 - recall 0.3820 - f1 0.4311 
INFO:root:TRAIN measures@100 for class 1 - precision 0.9796 - recall 0.3137 - f1 0.4752 
INFO:root:TRAIN measures@1000 microavg - precision 0.9087 - recall 0.8801 - f1 0.8941 
INFO:root:TRAIN measures@1000 for class 0 - precision 0.4777 - recall 0.4485 - f1 0.4626 
INFO:root:TRAIN measures@1000 for class 1 - precision 0.9484 - recall 0.9213 - f1 0.9347 
INFO:root:TRAIN Total epoch time: 17.82040847092867
INFO:root:################ VALID epoch 59 ###################
INFO:root:VALID mean losses tensor(0.5509, device='cuda:0')
INFO:root:VALID mean errors 0.20663811266422272
INFO:root:VALID mean MRR 0.0 - mean MAP 0.8113134383856407
INFO:root:VALID tp {0: tensor(0, device='cuda:0'), 1: tensor(1482, device='cuda:0')},fn {0: tensor(346, device='cuda:0'), 1: tensor(40, device='cuda:0')},fp {0: tensor(40, device='cuda:0'), 1: tensor(346, device='cuda:0')}
INFO:root:VALID measures microavg - precision 0.7934 - recall 0.7934 - f1 0.7934 
INFO:root:VALID measures for class 0 - precision 0.0000 - recall 0.0000 - f1 0.0000 
INFO:root:VALID measures for class 1 - precision 0.8107 - recall 0.9737 - f1 0.8848 
INFO:root:VALID measures@10 microavg - precision 0.7500 - recall 0.0578 - f1 0.1074 
INFO:root:VALID measures@10 for class 0 - precision 0.0000 - recall 0.0000 - f1 0.0000 
INFO:root:VALID measures@10 for class 1 - precision 0.8308 - recall 0.0710 - f1 0.1308 
INFO:root:VALID measures@100 microavg - precision 0.7939 - recall 0.5610 - f1 0.6575 
INFO:root:VALID measures@100 for class 0 - precision 0.0000 - recall 0.0000 - f1 0.0000 
INFO:root:VALID measures@100 for class 1 - precision 0.8187 - recall 0.6886 - f1 0.7480 
INFO:root:VALID measures@1000 microavg - precision 0.7934 - recall 0.7934 - f1 0.7934 
INFO:root:VALID measures@1000 for class 0 - precision 0.0000 - recall 0.0000 - f1 0.0000 
INFO:root:VALID measures@1000 for class 1 - precision 0.8107 - recall 0.9737 - f1 0.8848 
INFO:root:VALID Total epoch time: 1.8637722888961434
INFO:root:################ TRAIN epoch 60 ###################
INFO:root:TRAIN mean losses tensor(0.1076, device='cuda:0')
INFO:root:TRAIN mean errors 0.0873684212565422
INFO:root:TRAIN mean MRR 0.0 - mean MAP 0.97111247020997
INFO:root:TRAIN tp {0: tensor(971, device='cuda:0'), 1: tensor(25039, device='cuda:0')},fn {0: tensor(1513, device='cuda:0'), 1: tensor(977, device='cuda:0')},fp {0: tensor(977, device='cuda:0'), 1: tensor(1513, device='cuda:0')}
INFO:root:TRAIN measures microavg - precision 0.9126 - recall 0.9126 - f1 0.9126 
INFO:root:TRAIN measures for class 0 - precision 0.4985 - recall 0.3909 - f1 0.4382 
INFO:root:TRAIN measures for class 1 - precision 0.9430 - recall 0.9624 - f1 0.9526 
INFO:root:TRAIN measures@10 microavg - precision 0.8571 - recall 0.0381 - f1 0.0730 
INFO:root:TRAIN measures@10 for class 0 - precision 0.5731 - recall 0.0962 - f1 0.1648 
INFO:root:TRAIN measures@10 for class 1 - precision 0.9965 - recall 0.0326 - f1 0.0631 
INFO:root:TRAIN measures@100 microavg - precision 0.8988 - recall 0.3178 - f1 0.4696 
INFO:root:TRAIN measures@100 for class 0 - precision 0.5024 - recall 0.3414 - f1 0.4065 
INFO:root:TRAIN measures@100 for class 1 - precision 0.9785 - recall 0.3155 - f1 0.4772 
INFO:root:TRAIN measures@1000 microavg - precision 0.9123 - recall 0.8840 - f1 0.8979 
INFO:root:TRAIN measures@1000 for class 0 - precision 0.4985 - recall 0.3909 - f1 0.4382 
INFO:root:TRAIN measures@1000 for class 1 - precision 0.9437 - recall 0.9311 - f1 0.9374 
INFO:root:TRAIN Total epoch time: 17.84700154978782
INFO:root:################ VALID epoch 60 ###################
INFO:root:VALID mean losses tensor(0.3111, device='cuda:0')
INFO:root:VALID mean errors 0.2885439097881317
INFO:root:VALID mean MRR 0.0 - mean MAP 0.8193360010662492
INFO:root:VALID tp {0: tensor(45, device='cuda:0'), 1: tensor(1284, device='cuda:0')},fn {0: tensor(301, device='cuda:0'), 1: tensor(238, device='cuda:0')},fp {0: tensor(238, device='cuda:0'), 1: tensor(301, device='cuda:0')}
INFO:root:VALID measures microavg - precision 0.7115 - recall 0.7115 - f1 0.7115 
INFO:root:VALID measures for class 0 - precision 0.1590 - recall 0.1301 - f1 0.1431 
INFO:root:VALID measures for class 1 - precision 0.8101 - recall 0.8436 - f1 0.8265 
INFO:root:VALID measures@10 microavg - precision 0.5598 - recall 0.0626 - f1 0.1127 
INFO:root:VALID measures@10 for class 0 - precision 0.1899 - recall 0.0434 - f1 0.0706 
INFO:root:VALID measures@10 for class 1 - precision 0.7846 - recall 0.0670 - f1 0.1235 
INFO:root:VALID measures@100 microavg - precision 0.7107 - recall 0.5840 - f1 0.6412 
INFO:root:VALID measures@100 for class 0 - precision 0.1524 - recall 0.1185 - f1 0.1333 
INFO:root:VALID measures@100 for class 1 - precision 0.8294 - recall 0.6899 - f1 0.7532 
INFO:root:VALID measures@1000 microavg - precision 0.7115 - recall 0.7115 - f1 0.7115 
INFO:root:VALID measures@1000 for class 0 - precision 0.1590 - recall 0.1301 - f1 0.1431 
INFO:root:VALID measures@1000 for class 1 - precision 0.8101 - recall 0.8436 - f1 0.8265 
INFO:root:VALID Total epoch time: 2.1046212716028094
INFO:root:################ TRAIN epoch 61 ###################
INFO:root:TRAIN mean losses tensor(0.1077, device='cuda:0')
INFO:root:TRAIN mean errors 0.09414035081863403
INFO:root:TRAIN mean MRR 0.0 - mean MAP 0.971053216834417
INFO:root:TRAIN tp {0: tensor(1092, device='cuda:0'), 1: tensor(24725, device='cuda:0')},fn {0: tensor(1392, device='cuda:0'), 1: tensor(1291, device='cuda:0')},fp {0: tensor(1291, device='cuda:0'), 1: tensor(1392, device='cuda:0')}
INFO:root:TRAIN measures microavg - precision 0.9059 - recall 0.9059 - f1 0.9059 
INFO:root:TRAIN measures for class 0 - precision 0.4582 - recall 0.4396 - f1 0.4487 
INFO:root:TRAIN measures for class 1 - precision 0.9467 - recall 0.9504 - f1 0.9485 
INFO:root:TRAIN measures@10 microavg - precision 0.8072 - recall 0.0386 - f1 0.0737 
INFO:root:TRAIN measures@10 for class 0 - precision 0.4942 - recall 0.1023 - f1 0.1694 
INFO:root:TRAIN measures@10 for class 1 - precision 0.9965 - recall 0.0326 - f1 0.0631 
INFO:root:TRAIN measures@100 microavg - precision 0.8750 - recall 0.3214 - f1 0.4701 
INFO:root:TRAIN measures@100 for class 0 - precision 0.4639 - recall 0.3877 - f1 0.4224 
INFO:root:TRAIN measures@100 for class 1 - precision 0.9766 - recall 0.3150 - f1 0.4764 
INFO:root:TRAIN measures@1000 microavg - precision 0.9054 - recall 0.8768 - f1 0.8909 
INFO:root:TRAIN measures@1000 for class 0 - precision 0.4582 - recall 0.4396 - f1 0.4487 
INFO:root:TRAIN measures@1000 for class 1 - precision 0.9476 - recall 0.9186 - f1 0.9329 
INFO:root:TRAIN Total epoch time: 17.818910870701075
INFO:root:################ VALID epoch 61 ###################
INFO:root:VALID mean losses tensor(0.6354, device='cuda:0')
INFO:root:VALID mean errors 0.26766595244407654
INFO:root:VALID mean MRR 0.0 - mean MAP 0.8160721079697417
INFO:root:VALID tp {0: tensor(30, device='cuda:0'), 1: tensor(1338, device='cuda:0')},fn {0: tensor(316, device='cuda:0'), 1: tensor(184, device='cuda:0')},fp {0: tensor(184, device='cuda:0'), 1: tensor(316, device='cuda:0')}
INFO:root:VALID measures microavg - precision 0.7323 - recall 0.7323 - f1 0.7323 
INFO:root:VALID measures for class 0 - precision 0.1402 - recall 0.0867 - f1 0.1071 
INFO:root:VALID measures for class 1 - precision 0.8089 - recall 0.8791 - f1 0.8426 
INFO:root:VALID measures@10 microavg - precision 0.6211 - recall 0.0632 - f1 0.1147 
INFO:root:VALID measures@10 for class 0 - precision 0.1500 - recall 0.0260 - f1 0.0443 
INFO:root:VALID measures@10 for class 1 - precision 0.8385 - recall 0.0716 - f1 0.1320 
INFO:root:VALID measures@100 microavg - precision 0.7209 - recall 0.5766 - f1 0.6407 
INFO:root:VALID measures@100 for class 0 - precision 0.1402 - recall 0.0867 - f1 0.1071 
INFO:root:VALID measures@100 for class 1 - precision 0.8180 - recall 0.6879 - f1 0.7473 
INFO:root:VALID measures@1000 microavg - precision 0.7323 - recall 0.7323 - f1 0.7323 
INFO:root:VALID measures@1000 for class 0 - precision 0.1402 - recall 0.0867 - f1 0.1071 
INFO:root:VALID measures@1000 for class 1 - precision 0.8089 - recall 0.8791 - f1 0.8426 
INFO:root:VALID Total epoch time: 1.8930960586294532
INFO:root:################ TRAIN epoch 62 ###################
INFO:root:TRAIN mean losses tensor(0.1072, device='cuda:0')
INFO:root:TRAIN mean errors 0.1004912257194519
INFO:root:TRAIN mean MRR 0.0 - mean MAP 0.972011691987226
INFO:root:TRAIN tp {0: tensor(1123, device='cuda:0'), 1: tensor(24513, device='cuda:0')},fn {0: tensor(1361, device='cuda:0'), 1: tensor(1503, device='cuda:0')},fp {0: tensor(1503, device='cuda:0'), 1: tensor(1361, device='cuda:0')}
INFO:root:TRAIN measures microavg - precision 0.8995 - recall 0.8995 - f1 0.8995 
INFO:root:TRAIN measures for class 0 - precision 0.4276 - recall 0.4521 - f1 0.4395 
INFO:root:TRAIN measures for class 1 - precision 0.9474 - recall 0.9422 - f1 0.9448 
INFO:root:TRAIN measures@10 microavg - precision 0.8467 - recall 0.0388 - f1 0.0741 
INFO:root:TRAIN measures@10 for class 0 - precision 0.5626 - recall 0.1031 - f1 0.1742 
INFO:root:TRAIN measures@10 for class 1 - precision 0.9988 - recall 0.0326 - f1 0.0632 
INFO:root:TRAIN measures@100 microavg - precision 0.8838 - recall 0.3196 - f1 0.4695 
INFO:root:TRAIN measures@100 for class 0 - precision 0.4793 - recall 0.3732 - f1 0.4196 
INFO:root:TRAIN measures@100 for class 1 - precision 0.9772 - recall 0.3145 - f1 0.4759 
INFO:root:TRAIN measures@1000 microavg - precision 0.8987 - recall 0.8699 - f1 0.8841 
INFO:root:TRAIN measures@1000 for class 0 - precision 0.4276 - recall 0.4521 - f1 0.4395 
INFO:root:TRAIN measures@1000 for class 1 - precision 0.9482 - recall 0.9098 - f1 0.9286 
INFO:root:TRAIN Total epoch time: 17.76512971520424
INFO:root:################ VALID epoch 62 ###################
INFO:root:VALID mean losses tensor(0.6766, device='cuda:0')
INFO:root:VALID mean errors 0.2398286908864975
INFO:root:VALID mean MRR 0.0 - mean MAP 0.805597657408006
INFO:root:VALID tp {0: tensor(16, device='cuda:0'), 1: tensor(1404, device='cuda:0')},fn {0: tensor(330, device='cuda:0'), 1: tensor(118, device='cuda:0')},fp {0: tensor(118, device='cuda:0'), 1: tensor(330, device='cuda:0')}
INFO:root:VALID measures microavg - precision 0.7602 - recall 0.7602 - f1 0.7602 
INFO:root:VALID measures for class 0 - precision 0.1194 - recall 0.0462 - f1 0.0667 
INFO:root:VALID measures for class 1 - precision 0.8097 - recall 0.9225 - f1 0.8624 
INFO:root:VALID measures@10 microavg - precision 0.6480 - recall 0.0621 - f1 0.1133 
INFO:root:VALID measures@10 for class 0 - precision 0.1633 - recall 0.0231 - f1 0.0405 
INFO:root:VALID measures@10 for class 1 - precision 0.8308 - recall 0.0710 - f1 0.1308 
INFO:root:VALID measures@100 microavg - precision 0.7546 - recall 0.5712 - f1 0.6502 
INFO:root:VALID measures@100 for class 0 - precision 0.1194 - recall 0.0462 - f1 0.0667 
INFO:root:VALID measures@100 for class 1 - precision 0.8211 - recall 0.6905 - f1 0.7502 
INFO:root:VALID measures@1000 microavg - precision 0.7602 - recall 0.7602 - f1 0.7602 
INFO:root:VALID measures@1000 for class 0 - precision 0.1194 - recall 0.0462 - f1 0.0667 
INFO:root:VALID measures@1000 for class 1 - precision 0.8097 - recall 0.9225 - f1 0.8624 
INFO:root:VALID Total epoch time: 2.0979008805006742
INFO:root:################ TRAIN epoch 63 ###################
INFO:root:TRAIN mean losses tensor(0.1066, device='cuda:0')
INFO:root:TRAIN mean errors 0.09017543494701385
INFO:root:TRAIN mean MRR 0.0 - mean MAP 0.9724262413847947
INFO:root:TRAIN tp {0: tensor(1025, device='cuda:0'), 1: tensor(24905, device='cuda:0')},fn {0: tensor(1459, device='cuda:0'), 1: tensor(1111, device='cuda:0')},fp {0: tensor(1111, device='cuda:0'), 1: tensor(1459, device='cuda:0')}
INFO:root:TRAIN measures microavg - precision 0.9098 - recall 0.9098 - f1 0.9098 
INFO:root:TRAIN measures for class 0 - precision 0.4799 - recall 0.4126 - f1 0.4437 
INFO:root:TRAIN measures for class 1 - precision 0.9447 - recall 0.9573 - f1 0.9509 
INFO:root:TRAIN measures@10 microavg - precision 0.8542 - recall 0.0380 - f1 0.0728 
INFO:root:TRAIN measures@10 for class 0 - precision 0.5609 - recall 0.0946 - f1 0.1619 
INFO:root:TRAIN measures@10 for class 1 - precision 0.9988 - recall 0.0326 - f1 0.0632 
INFO:root:TRAIN measures@100 microavg - precision 0.8872 - recall 0.3198 - f1 0.4701 
INFO:root:TRAIN measures@100 for class 0 - precision 0.4809 - recall 0.3643 - f1 0.4146 
INFO:root:TRAIN measures@100 for class 1 - precision 0.9783 - recall 0.3155 - f1 0.4771 
INFO:root:TRAIN measures@1000 microavg - precision 0.9098 - recall 0.8798 - f1 0.8946 
INFO:root:TRAIN measures@1000 for class 0 - precision 0.4799 - recall 0.4126 - f1 0.4437 
INFO:root:TRAIN measures@1000 for class 1 - precision 0.9460 - recall 0.9244 - f1 0.9351 
INFO:root:TRAIN Total epoch time: 17.305143325589597
INFO:root:################ VALID epoch 63 ###################
INFO:root:VALID mean losses tensor(0.7311, device='cuda:0')
INFO:root:VALID mean errors 0.2071734517812729
INFO:root:VALID mean MRR 0.0 - mean MAP 0.7964059002196123
INFO:root:VALID tp {0: tensor(4, device='cuda:0'), 1: tensor(1477, device='cuda:0')},fn {0: tensor(342, device='cuda:0'), 1: tensor(45, device='cuda:0')},fp {0: tensor(45, device='cuda:0'), 1: tensor(342, device='cuda:0')}
INFO:root:VALID measures microavg - precision 0.7928 - recall 0.7928 - f1 0.7928 
INFO:root:VALID measures for class 0 - precision 0.0816 - recall 0.0116 - f1 0.0203 
INFO:root:VALID measures for class 1 - precision 0.8120 - recall 0.9704 - f1 0.8842 
INFO:root:VALID measures@10 microavg - precision 0.5932 - recall 0.0562 - f1 0.1027 
INFO:root:VALID measures@10 for class 0 - precision 0.0851 - recall 0.0116 - f1 0.0204 
INFO:root:VALID measures@10 for class 1 - precision 0.7769 - recall 0.0664 - f1 0.1223 
INFO:root:VALID measures@100 microavg - precision 0.7840 - recall 0.5578 - f1 0.6519 
INFO:root:VALID measures@100 for class 0 - precision 0.0816 - recall 0.0116 - f1 0.0203 
INFO:root:VALID measures@100 for class 1 - precision 0.8109 - recall 0.6820 - f1 0.7409 
INFO:root:VALID measures@1000 microavg - precision 0.7928 - recall 0.7928 - f1 0.7928 
INFO:root:VALID measures@1000 for class 0 - precision 0.0816 - recall 0.0116 - f1 0.0203 
INFO:root:VALID measures@1000 for class 1 - precision 0.8120 - recall 0.9704 - f1 0.8842 
INFO:root:VALID Total epoch time: 1.8974494198337197
INFO:root:################ TRAIN epoch 64 ###################
INFO:root:TRAIN mean losses tensor(0.1047, device='cuda:0')
INFO:root:TRAIN mean errors 0.09175438433885574
INFO:root:TRAIN mean MRR 0.0 - mean MAP 0.9724113299948779
INFO:root:TRAIN tp {0: tensor(1128, device='cuda:0'), 1: tensor(24757, device='cuda:0')},fn {0: tensor(1356, device='cuda:0'), 1: tensor(1259, device='cuda:0')},fp {0: tensor(1259, device='cuda:0'), 1: tensor(1356, device='cuda:0')}
INFO:root:TRAIN measures microavg - precision 0.9082 - recall 0.9082 - f1 0.9082 
INFO:root:TRAIN measures for class 0 - precision 0.4726 - recall 0.4541 - f1 0.4631 
INFO:root:TRAIN measures for class 1 - precision 0.9481 - recall 0.9516 - f1 0.9498 
INFO:root:TRAIN measures@10 microavg - precision 0.8568 - recall 0.0391 - f1 0.0747 
INFO:root:TRAIN measures@10 for class 0 - precision 0.5947 - recall 0.1075 - f1 0.1821 
INFO:root:TRAIN measures@10 for class 1 - precision 0.9953 - recall 0.0325 - f1 0.0630 
INFO:root:TRAIN measures@100 microavg - precision 0.8878 - recall 0.3220 - f1 0.4726 
INFO:root:TRAIN measures@100 for class 0 - precision 0.4892 - recall 0.3812 - f1 0.4285 
INFO:root:TRAIN measures@100 for class 1 - precision 0.9796 - recall 0.3164 - f1 0.4783 
INFO:root:TRAIN measures@1000 microavg - precision 0.9067 - recall 0.8795 - f1 0.8929 
INFO:root:TRAIN measures@1000 for class 0 - precision 0.4726 - recall 0.4541 - f1 0.4631 
INFO:root:TRAIN measures@1000 for class 1 - precision 0.9477 - recall 0.9201 - f1 0.9337 
INFO:root:TRAIN Total epoch time: 17.17517210356891
INFO:root:################ VALID epoch 64 ###################
INFO:root:VALID mean losses tensor(0.7875, device='cuda:0')
INFO:root:VALID mean errors 0.1986081302165985
INFO:root:VALID mean MRR 0.0 - mean MAP 0.7940722058135875
INFO:root:VALID tp {0: tensor(2, device='cuda:0'), 1: tensor(1495, device='cuda:0')},fn {0: tensor(344, device='cuda:0'), 1: tensor(27, device='cuda:0')},fp {0: tensor(27, device='cuda:0'), 1: tensor(344, device='cuda:0')}
INFO:root:VALID measures microavg - precision 0.8014 - recall 0.8014 - f1 0.8014 
INFO:root:VALID measures for class 0 - precision 0.0690 - recall 0.0058 - f1 0.0107 
INFO:root:VALID measures for class 1 - precision 0.8129 - recall 0.9823 - f1 0.8896 
INFO:root:VALID measures@10 microavg - precision 0.6474 - recall 0.0541 - f1 0.0998 
INFO:root:VALID measures@10 for class 0 - precision 0.0769 - recall 0.0058 - f1 0.0108 
INFO:root:VALID measures@10 for class 1 - precision 0.7615 - recall 0.0650 - f1 0.1199 
INFO:root:VALID measures@100 microavg - precision 0.7937 - recall 0.5562 - f1 0.6541 
INFO:root:VALID measures@100 for class 0 - precision 0.0690 - recall 0.0058 - f1 0.0107 
INFO:root:VALID measures@100 for class 1 - precision 0.8102 - recall 0.6813 - f1 0.7402 
INFO:root:VALID measures@1000 microavg - precision 0.8014 - recall 0.8014 - f1 0.8014 
INFO:root:VALID measures@1000 for class 0 - precision 0.0690 - recall 0.0058 - f1 0.0107 
INFO:root:VALID measures@1000 for class 1 - precision 0.8129 - recall 0.9823 - f1 0.8896 
INFO:root:VALID Total epoch time: 2.0008753407746553
INFO:root:################ TRAIN epoch 65 ###################
INFO:root:TRAIN mean losses tensor(0.1024, device='cuda:0')
INFO:root:TRAIN mean errors 0.08659648895263672
INFO:root:TRAIN mean MRR 0.0 - mean MAP 0.9741468096446619
INFO:root:TRAIN tp {0: tensor(1147, device='cuda:0'), 1: tensor(24885, device='cuda:0')},fn {0: tensor(1337, device='cuda:0'), 1: tensor(1131, device='cuda:0')},fp {0: tensor(1131, device='cuda:0'), 1: tensor(1337, device='cuda:0')}
INFO:root:TRAIN measures microavg - precision 0.9134 - recall 0.9134 - f1 0.9134 
INFO:root:TRAIN measures for class 0 - precision 0.5035 - recall 0.4618 - f1 0.4817 
INFO:root:TRAIN measures for class 1 - precision 0.9490 - recall 0.9565 - f1 0.9528 
INFO:root:TRAIN measures@10 microavg - precision 0.8639 - recall 0.0392 - f1 0.0750 
INFO:root:TRAIN measures@10 for class 0 - precision 0.6072 - recall 0.1083 - f1 0.1838 
INFO:root:TRAIN measures@10 for class 1 - precision 0.9976 - recall 0.0326 - f1 0.0631 
INFO:root:TRAIN measures@100 microavg - precision 0.8932 - recall 0.3240 - f1 0.4756 
INFO:root:TRAIN measures@100 for class 0 - precision 0.5105 - recall 0.4014 - f1 0.4494 
INFO:root:TRAIN measures@100 for class 1 - precision 0.9824 - recall 0.3167 - f1 0.4789 
INFO:root:TRAIN measures@1000 microavg - precision 0.9127 - recall 0.8862 - f1 0.8993 
INFO:root:TRAIN measures@1000 for class 0 - precision 0.5035 - recall 0.4618 - f1 0.4817 
INFO:root:TRAIN measures@1000 for class 1 - precision 0.9494 - recall 0.9267 - f1 0.9379 
INFO:root:TRAIN Total epoch time: 17.457777369767427
INFO:root:################ VALID epoch 65 ###################
INFO:root:VALID mean losses tensor(0.4907, device='cuda:0')
INFO:root:VALID mean errors 0.20985010266304016
INFO:root:VALID mean MRR 0.0 - mean MAP 0.8060016250462151
INFO:root:VALID tp {0: tensor(6, device='cuda:0'), 1: tensor(1470, device='cuda:0')},fn {0: tensor(340, device='cuda:0'), 1: tensor(52, device='cuda:0')},fp {0: tensor(52, device='cuda:0'), 1: tensor(340, device='cuda:0')}
INFO:root:VALID measures microavg - precision 0.7901 - recall 0.7901 - f1 0.7901 
INFO:root:VALID measures for class 0 - precision 0.1034 - recall 0.0173 - f1 0.0297 
INFO:root:VALID measures for class 1 - precision 0.8122 - recall 0.9658 - f1 0.8824 
INFO:root:VALID measures@10 microavg - precision 0.6118 - recall 0.0557 - f1 0.1021 
INFO:root:VALID measures@10 for class 0 - precision 0.1000 - recall 0.0116 - f1 0.0207 
INFO:root:VALID measures@10 for class 1 - precision 0.7692 - recall 0.0657 - f1 0.1211 
INFO:root:VALID measures@100 microavg - precision 0.7892 - recall 0.5653 - f1 0.6588 
INFO:root:VALID measures@100 for class 0 - precision 0.1034 - recall 0.0173 - f1 0.0297 
INFO:root:VALID measures@100 for class 1 - precision 0.8203 - recall 0.6899 - f1 0.7495 
INFO:root:VALID measures@1000 microavg - precision 0.7901 - recall 0.7901 - f1 0.7901 
INFO:root:VALID measures@1000 for class 0 - precision 0.1034 - recall 0.0173 - f1 0.0297 
INFO:root:VALID measures@1000 for class 1 - precision 0.8122 - recall 0.9658 - f1 0.8824 
INFO:root:VALID Total epoch time: 2.1134568536654115
INFO:root:################ TRAIN epoch 66 ###################
INFO:root:TRAIN mean losses tensor(0.1010, device='cuda:0')
INFO:root:TRAIN mean errors 0.08670175075531006
INFO:root:TRAIN mean MRR 0.0 - mean MAP 0.9752563890271571
INFO:root:TRAIN tp {0: tensor(1200, device='cuda:0'), 1: tensor(24829, device='cuda:0')},fn {0: tensor(1284, device='cuda:0'), 1: tensor(1187, device='cuda:0')},fp {0: tensor(1187, device='cuda:0'), 1: tensor(1284, device='cuda:0')}
INFO:root:TRAIN measures microavg - precision 0.9133 - recall 0.9133 - f1 0.9133 
INFO:root:TRAIN measures for class 0 - precision 0.5027 - recall 0.4831 - f1 0.4927 
INFO:root:TRAIN measures for class 1 - precision 0.9508 - recall 0.9544 - f1 0.9526 
INFO:root:TRAIN measures@10 microavg - precision 0.8624 - recall 0.0396 - f1 0.0757 
INFO:root:TRAIN measures@10 for class 0 - precision 0.6135 - recall 0.1131 - f1 0.1910 
INFO:root:TRAIN measures@10 for class 1 - precision 0.9965 - recall 0.0326 - f1 0.0631 
INFO:root:TRAIN measures@100 microavg - precision 0.8997 - recall 0.3249 - f1 0.4774 
INFO:root:TRAIN measures@100 for class 0 - precision 0.5336 - recall 0.4090 - f1 0.4631 
INFO:root:TRAIN measures@100 for class 1 - precision 0.9827 - recall 0.3169 - f1 0.4793 
INFO:root:TRAIN measures@1000 microavg - precision 0.9129 - recall 0.8843 - f1 0.8984 
INFO:root:TRAIN measures@1000 for class 0 - precision 0.5027 - recall 0.4831 - f1 0.4927 
INFO:root:TRAIN measures@1000 for class 1 - precision 0.9517 - recall 0.9226 - f1 0.9369 
INFO:root:TRAIN Total epoch time: 17.809646129608154
INFO:root:################ VALID epoch 66 ###################
INFO:root:VALID mean losses tensor(0.7024, device='cuda:0')
INFO:root:VALID mean errors 0.19967879354953766
INFO:root:VALID mean MRR 0.0 - mean MAP 0.8066774196701655
INFO:root:VALID tp {0: tensor(6, device='cuda:0'), 1: tensor(1489, device='cuda:0')},fn {0: tensor(340, device='cuda:0'), 1: tensor(33, device='cuda:0')},fp {0: tensor(33, device='cuda:0'), 1: tensor(340, device='cuda:0')}
INFO:root:VALID measures microavg - precision 0.8003 - recall 0.8003 - f1 0.8003 
INFO:root:VALID measures for class 0 - precision 0.1538 - recall 0.0173 - f1 0.0312 
INFO:root:VALID measures for class 1 - precision 0.8141 - recall 0.9783 - f1 0.8887 
INFO:root:VALID measures@10 microavg - precision 0.6564 - recall 0.0573 - f1 0.1054 
INFO:root:VALID measures@10 for class 0 - precision 0.1212 - recall 0.0116 - f1 0.0211 
INFO:root:VALID measures@10 for class 1 - precision 0.7923 - recall 0.0677 - f1 0.1247 
INFO:root:VALID measures@100 microavg - precision 0.7976 - recall 0.5632 - f1 0.6602 
INFO:root:VALID measures@100 for class 0 - precision 0.1538 - recall 0.0173 - f1 0.0312 
INFO:root:VALID measures@100 for class 1 - precision 0.8172 - recall 0.6873 - f1 0.7466 
INFO:root:VALID measures@1000 microavg - precision 0.8003 - recall 0.8003 - f1 0.8003 
INFO:root:VALID measures@1000 for class 0 - precision 0.1538 - recall 0.0173 - f1 0.0312 
INFO:root:VALID measures@1000 for class 1 - precision 0.8141 - recall 0.9783 - f1 0.8887 
INFO:root:VALID Total epoch time: 1.9868479827418923
INFO:root:################ TRAIN epoch 67 ###################
INFO:root:TRAIN mean losses tensor(0.1000, device='cuda:0')
INFO:root:TRAIN mean errors 0.09077192842960358
INFO:root:TRAIN mean MRR 0.0 - mean MAP 0.9760651798927621
INFO:root:TRAIN tp {0: tensor(1192, device='cuda:0'), 1: tensor(24721, device='cuda:0')},fn {0: tensor(1292, device='cuda:0'), 1: tensor(1295, device='cuda:0')},fp {0: tensor(1295, device='cuda:0'), 1: tensor(1292, device='cuda:0')}
INFO:root:TRAIN measures microavg - precision 0.9092 - recall 0.9092 - f1 0.9092 
INFO:root:TRAIN measures for class 0 - precision 0.4793 - recall 0.4799 - f1 0.4796 
INFO:root:TRAIN measures for class 1 - precision 0.9503 - recall 0.9502 - f1 0.9503 
INFO:root:TRAIN measures@10 microavg - precision 0.8709 - recall 0.0402 - f1 0.0769 
INFO:root:TRAIN measures@10 for class 0 - precision 0.6381 - recall 0.1200 - f1 0.2020 
INFO:root:TRAIN measures@10 for class 1 - precision 0.9988 - recall 0.0326 - f1 0.0632 
INFO:root:TRAIN measures@100 microavg - precision 0.8917 - recall 0.3261 - f1 0.4775 
INFO:root:TRAIN measures@100 for class 0 - precision 0.5091 - recall 0.4147 - f1 0.4571 
INFO:root:TRAIN measures@100 for class 1 - precision 0.9838 - recall 0.3176 - f1 0.4802 
INFO:root:TRAIN measures@1000 microavg - precision 0.9085 - recall 0.8816 - f1 0.8949 
INFO:root:TRAIN measures@1000 for class 0 - precision 0.4793 - recall 0.4799 - f1 0.4796 
INFO:root:TRAIN measures@1000 for class 1 - precision 0.9509 - recall 0.9200 - f1 0.9352 
INFO:root:TRAIN Total epoch time: 17.483294332399964
INFO:root:################ VALID epoch 67 ###################
INFO:root:VALID mean losses tensor(0.6587, device='cuda:0')
INFO:root:VALID mean errors 0.22269807755947113
INFO:root:VALID mean MRR 0.0 - mean MAP 0.8059829820267815
INFO:root:VALID tp {0: tensor(12, device='cuda:0'), 1: tensor(1440, device='cuda:0')},fn {0: tensor(334, device='cuda:0'), 1: tensor(82, device='cuda:0')},fp {0: tensor(82, device='cuda:0'), 1: tensor(334, device='cuda:0')}
INFO:root:VALID measures microavg - precision 0.7773 - recall 0.7773 - f1 0.7773 
INFO:root:VALID measures for class 0 - precision 0.1277 - recall 0.0347 - f1 0.0545 
INFO:root:VALID measures for class 1 - precision 0.8117 - recall 0.9461 - f1 0.8738 
INFO:root:VALID measures@10 microavg - precision 0.6077 - recall 0.0589 - f1 0.1074 
INFO:root:VALID measures@10 for class 0 - precision 0.1176 - recall 0.0173 - f1 0.0302 
INFO:root:VALID measures@10 for class 1 - precision 0.8000 - recall 0.0683 - f1 0.1259 
INFO:root:VALID measures@100 microavg - precision 0.7681 - recall 0.5637 - f1 0.6502 
INFO:root:VALID measures@100 for class 0 - precision 0.1277 - recall 0.0347 - f1 0.0545 
INFO:root:VALID measures@100 for class 1 - precision 0.8152 - recall 0.6840 - f1 0.7438 
INFO:root:VALID measures@1000 microavg - precision 0.7773 - recall 0.7773 - f1 0.7773 
INFO:root:VALID measures@1000 for class 0 - precision 0.1277 - recall 0.0347 - f1 0.0545 
INFO:root:VALID measures@1000 for class 1 - precision 0.8117 - recall 0.9461 - f1 0.8738 
INFO:root:VALID Total epoch time: 2.0403424464166164
INFO:root:################ TRAIN epoch 68 ###################
INFO:root:TRAIN mean losses tensor(0.1036, device='cuda:0')
INFO:root:TRAIN mean errors 0.0929824560880661
INFO:root:TRAIN mean MRR 0.0 - mean MAP 0.9756241708141722
INFO:root:TRAIN tp {0: tensor(1150, device='cuda:0'), 1: tensor(24700, device='cuda:0')},fn {0: tensor(1334, device='cuda:0'), 1: tensor(1316, device='cuda:0')},fp {0: tensor(1316, device='cuda:0'), 1: tensor(1334, device='cuda:0')}
INFO:root:TRAIN measures microavg - precision 0.9070 - recall 0.9070 - f1 0.9070 
INFO:root:TRAIN measures for class 0 - precision 0.4663 - recall 0.4630 - f1 0.4646 
INFO:root:TRAIN measures for class 1 - precision 0.9488 - recall 0.9494 - f1 0.9491 
INFO:root:TRAIN measures@10 microavg - precision 0.8711 - recall 0.0396 - f1 0.0758 
INFO:root:TRAIN measures@10 for class 0 - precision 0.6345 - recall 0.1139 - f1 0.1932 
INFO:root:TRAIN measures@10 for class 1 - precision 0.9953 - recall 0.0325 - f1 0.0630 
INFO:root:TRAIN measures@100 microavg - precision 0.8863 - recall 0.3225 - f1 0.4729 
INFO:root:TRAIN measures@100 for class 0 - precision 0.4983 - recall 0.4042 - f1 0.4463 
INFO:root:TRAIN measures@100 for class 1 - precision 0.9799 - recall 0.3147 - f1 0.4764 
INFO:root:TRAIN measures@1000 microavg - precision 0.9068 - recall 0.8770 - f1 0.8917 
INFO:root:TRAIN measures@1000 for class 0 - precision 0.4663 - recall 0.4630 - f1 0.4646 
INFO:root:TRAIN measures@1000 for class 1 - precision 0.9501 - recall 0.9166 - f1 0.9330 
INFO:root:TRAIN Total epoch time: 17.077188975177705
INFO:root:################ VALID epoch 68 ###################
INFO:root:VALID mean losses tensor(0.8140, device='cuda:0')
INFO:root:VALID mean errors 0.2109207659959793
INFO:root:VALID mean MRR 0.0 - mean MAP 0.820050324080501
INFO:root:VALID tp {0: tensor(2, device='cuda:0'), 1: tensor(1472, device='cuda:0')},fn {0: tensor(344, device='cuda:0'), 1: tensor(50, device='cuda:0')},fp {0: tensor(50, device='cuda:0'), 1: tensor(344, device='cuda:0')}
INFO:root:VALID measures microavg - precision 0.7891 - recall 0.7891 - f1 0.7891 
INFO:root:VALID measures for class 0 - precision 0.0385 - recall 0.0058 - f1 0.0101 
INFO:root:VALID measures for class 1 - precision 0.8106 - recall 0.9671 - f1 0.8820 
INFO:root:VALID measures@10 microavg - precision 0.7566 - recall 0.0616 - f1 0.1139 
INFO:root:VALID measures@10 for class 0 - precision 0.0909 - recall 0.0058 - f1 0.0109 
INFO:root:VALID measures@10 for class 1 - precision 0.8692 - recall 0.0742 - f1 0.1368 
INFO:root:VALID measures@100 microavg - precision 0.7898 - recall 0.5632 - f1 0.6575 
INFO:root:VALID measures@100 for class 0 - precision 0.0385 - recall 0.0058 - f1 0.0101 
INFO:root:VALID measures@100 for class 1 - precision 0.8203 - recall 0.6899 - f1 0.7495 
INFO:root:VALID measures@1000 microavg - precision 0.7891 - recall 0.7891 - f1 0.7891 
INFO:root:VALID measures@1000 for class 0 - precision 0.0385 - recall 0.0058 - f1 0.0101 
INFO:root:VALID measures@1000 for class 1 - precision 0.8106 - recall 0.9671 - f1 0.8820 
INFO:root:VALID Total epoch time: 1.8192264614626765
INFO:root:################ TRAIN epoch 69 ###################
INFO:root:TRAIN mean losses tensor(0.1076, device='cuda:0')
INFO:root:TRAIN mean errors 0.09347368776798248
INFO:root:TRAIN mean MRR 0.0 - mean MAP 0.9722468613978084
INFO:root:TRAIN tp {0: tensor(1102, device='cuda:0'), 1: tensor(24734, device='cuda:0')},fn {0: tensor(1382, device='cuda:0'), 1: tensor(1282, device='cuda:0')},fp {0: tensor(1282, device='cuda:0'), 1: tensor(1382, device='cuda:0')}
INFO:root:TRAIN measures microavg - precision 0.9065 - recall 0.9065 - f1 0.9065 
INFO:root:TRAIN measures for class 0 - precision 0.4622 - recall 0.4436 - f1 0.4528 
INFO:root:TRAIN measures for class 1 - precision 0.9471 - recall 0.9507 - f1 0.9489 
INFO:root:TRAIN measures@10 microavg - precision 0.8439 - recall 0.0389 - f1 0.0743 
INFO:root:TRAIN measures@10 for class 0 - precision 0.5659 - recall 0.1055 - f1 0.1778 
INFO:root:TRAIN measures@10 for class 1 - precision 0.9953 - recall 0.0325 - f1 0.0630 
INFO:root:TRAIN measures@100 microavg - precision 0.8869 - recall 0.3193 - f1 0.4696 
INFO:root:TRAIN measures@100 for class 0 - precision 0.4829 - recall 0.3704 - f1 0.4192 
INFO:root:TRAIN measures@100 for class 1 - precision 0.9791 - recall 0.3144 - f1 0.4760 
INFO:root:TRAIN measures@1000 microavg - precision 0.9055 - recall 0.8772 - f1 0.8911 
INFO:root:TRAIN measures@1000 for class 0 - precision 0.4622 - recall 0.4436 - f1 0.4528 
INFO:root:TRAIN measures@1000 for class 1 - precision 0.9474 - recall 0.9186 - f1 0.9328 
INFO:root:TRAIN Total epoch time: 16.953031796962023
INFO:root:################ VALID epoch 69 ###################
INFO:root:VALID mean losses tensor(0.4422, device='cuda:0')
INFO:root:VALID mean errors 0.22162741422653198
INFO:root:VALID mean MRR 0.0 - mean MAP 0.8050738536201687
INFO:root:VALID tp {0: tensor(20, device='cuda:0'), 1: tensor(1434, device='cuda:0')},fn {0: tensor(326, device='cuda:0'), 1: tensor(88, device='cuda:0')},fp {0: tensor(88, device='cuda:0'), 1: tensor(326, device='cuda:0')}
INFO:root:VALID measures microavg - precision 0.7784 - recall 0.7784 - f1 0.7784 
INFO:root:VALID measures for class 0 - precision 0.1852 - recall 0.0578 - f1 0.0881 
INFO:root:VALID measures for class 1 - precision 0.8148 - recall 0.9422 - f1 0.8739 
INFO:root:VALID measures@10 microavg - precision 0.5670 - recall 0.0589 - f1 0.1067 
INFO:root:VALID measures@10 for class 0 - precision 0.2344 - recall 0.0434 - f1 0.0732 
INFO:root:VALID measures@10 for class 1 - precision 0.7308 - recall 0.0624 - f1 0.1150 
INFO:root:VALID measures@100 microavg - precision 0.7795 - recall 0.5792 - f1 0.6646 
INFO:root:VALID measures@100 for class 0 - precision 0.1852 - recall 0.0578 - f1 0.0881 
INFO:root:VALID measures@100 for class 1 - precision 0.8297 - recall 0.6978 - f1 0.7580 
INFO:root:VALID measures@1000 microavg - precision 0.7784 - recall 0.7784 - f1 0.7784 
INFO:root:VALID measures@1000 for class 0 - precision 0.1852 - recall 0.0578 - f1 0.0881 
INFO:root:VALID measures@1000 for class 1 - precision 0.8148 - recall 0.9422 - f1 0.8739 
INFO:root:VALID Total epoch time: 1.9686062587425113
INFO:root:################ TRAIN epoch 70 ###################
INFO:root:TRAIN mean losses tensor(0.1037, device='cuda:0')
INFO:root:TRAIN mean errors 0.0951228067278862
INFO:root:TRAIN mean MRR 0.0 - mean MAP 0.97608894297204
INFO:root:TRAIN tp {0: tensor(1116, device='cuda:0'), 1: tensor(24673, device='cuda:0')},fn {0: tensor(1368, device='cuda:0'), 1: tensor(1343, device='cuda:0')},fp {0: tensor(1343, device='cuda:0'), 1: tensor(1368, device='cuda:0')}
INFO:root:TRAIN measures microavg - precision 0.9049 - recall 0.9049 - f1 0.9049 
INFO:root:TRAIN measures for class 0 - precision 0.4538 - recall 0.4493 - f1 0.4515 
INFO:root:TRAIN measures for class 1 - precision 0.9475 - recall 0.9484 - f1 0.9479 
INFO:root:TRAIN measures@10 microavg - precision 0.8642 - recall 0.0386 - f1 0.0740 
INFO:root:TRAIN measures@10 for class 0 - precision 0.5920 - recall 0.1010 - f1 0.1726 
INFO:root:TRAIN measures@10 for class 1 - precision 1.0000 - recall 0.0327 - f1 0.0633 
INFO:root:TRAIN measures@100 microavg - precision 0.8785 - recall 0.3235 - f1 0.4728 
INFO:root:TRAIN measures@100 for class 0 - precision 0.4602 - recall 0.3929 - f1 0.4239 
INFO:root:TRAIN measures@100 for class 1 - precision 0.9845 - recall 0.3168 - f1 0.4794 
INFO:root:TRAIN measures@1000 microavg - precision 0.9036 - recall 0.8796 - f1 0.8915 
INFO:root:TRAIN measures@1000 for class 0 - precision 0.4538 - recall 0.4493 - f1 0.4515 
INFO:root:TRAIN measures@1000 for class 1 - precision 0.9474 - recall 0.9207 - f1 0.9339 
INFO:root:TRAIN Total epoch time: 16.676397433504462
INFO:root:################ VALID epoch 70 ###################
INFO:root:VALID mean losses tensor(0.6606, device='cuda:0')
INFO:root:VALID mean errors 0.20770877599716187
INFO:root:VALID mean MRR 0.0 - mean MAP 0.8133497297400093
INFO:root:VALID tp {0: tensor(2, device='cuda:0'), 1: tensor(1478, device='cuda:0')},fn {0: tensor(344, device='cuda:0'), 1: tensor(44, device='cuda:0')},fp {0: tensor(44, device='cuda:0'), 1: tensor(344, device='cuda:0')}
INFO:root:VALID measures microavg - precision 0.7923 - recall 0.7923 - f1 0.7923 
INFO:root:VALID measures for class 0 - precision 0.0435 - recall 0.0058 - f1 0.0102 
INFO:root:VALID measures for class 1 - precision 0.8112 - recall 0.9711 - f1 0.8840 
INFO:root:VALID measures@10 microavg - precision 0.8071 - recall 0.0605 - f1 0.1125 
INFO:root:VALID measures@10 for class 0 - precision 0.0000 - recall 0.0000 - f1 0.0000 
INFO:root:VALID measures@10 for class 1 - precision 0.8692 - recall 0.0742 - f1 0.1368 
INFO:root:VALID measures@100 microavg - precision 0.7843 - recall 0.5567 - f1 0.6512 
INFO:root:VALID measures@100 for class 0 - precision 0.0435 - recall 0.0058 - f1 0.0102 
INFO:root:VALID measures@100 for class 1 - precision 0.8109 - recall 0.6820 - f1 0.7409 
INFO:root:VALID measures@1000 microavg - precision 0.7923 - recall 0.7923 - f1 0.7923 
INFO:root:VALID measures@1000 for class 0 - precision 0.0435 - recall 0.0058 - f1 0.0102 
INFO:root:VALID measures@1000 for class 1 - precision 0.8112 - recall 0.9711 - f1 0.8840 
INFO:root:VALID Total epoch time: 1.931862591765821
INFO:root:################ TRAIN epoch 71 ###################
INFO:root:TRAIN mean losses tensor(0.1052, device='cuda:0')
INFO:root:TRAIN mean errors 0.09224561601877213
INFO:root:TRAIN mean MRR 0.0 - mean MAP 0.9731292491972867
INFO:root:TRAIN tp {0: tensor(1077, device='cuda:0'), 1: tensor(24794, device='cuda:0')},fn {0: tensor(1407, device='cuda:0'), 1: tensor(1222, device='cuda:0')},fp {0: tensor(1222, device='cuda:0'), 1: tensor(1407, device='cuda:0')}
INFO:root:TRAIN measures microavg - precision 0.9078 - recall 0.9078 - f1 0.9078 
INFO:root:TRAIN measures for class 0 - precision 0.4685 - recall 0.4336 - f1 0.4503 
INFO:root:TRAIN measures for class 1 - precision 0.9463 - recall 0.9530 - f1 0.9497 
INFO:root:TRAIN measures@10 microavg - precision 0.8580 - recall 0.0392 - f1 0.0750 
INFO:root:TRAIN measures@10 for class 0 - precision 0.5960 - recall 0.1087 - f1 0.1839 
INFO:root:TRAIN measures@10 for class 1 - precision 0.9976 - recall 0.0326 - f1 0.0631 
INFO:root:TRAIN measures@100 microavg - precision 0.8808 - recall 0.3218 - f1 0.4713 
INFO:root:TRAIN measures@100 for class 0 - precision 0.4666 - recall 0.3800 - f1 0.4189 
INFO:root:TRAIN measures@100 for class 1 - precision 0.9807 - recall 0.3162 - f1 0.4782 
INFO:root:TRAIN measures@1000 microavg - precision 0.9066 - recall 0.8779 - f1 0.8920 
INFO:root:TRAIN measures@1000 for class 0 - precision 0.4685 - recall 0.4336 - f1 0.4503 
INFO:root:TRAIN measures@1000 for class 1 - precision 0.9464 - recall 0.9203 - f1 0.9332 
INFO:root:TRAIN Total epoch time: 17.26093157567084
INFO:root:################ VALID epoch 71 ###################
INFO:root:VALID mean losses tensor(0.5696, device='cuda:0')
INFO:root:VALID mean errors 0.26980727910995483
INFO:root:VALID mean MRR 0.0 - mean MAP 0.8035529793080389
INFO:root:VALID tp {0: tensor(29, device='cuda:0'), 1: tensor(1335, device='cuda:0')},fn {0: tensor(317, device='cuda:0'), 1: tensor(187, device='cuda:0')},fp {0: tensor(187, device='cuda:0'), 1: tensor(317, device='cuda:0')}
INFO:root:VALID measures microavg - precision 0.7302 - recall 0.7302 - f1 0.7302 
INFO:root:VALID measures for class 0 - precision 0.1343 - recall 0.0838 - f1 0.1032 
INFO:root:VALID measures for class 1 - precision 0.8081 - recall 0.8771 - f1 0.8412 
INFO:root:VALID measures@10 microavg - precision 0.5990 - recall 0.0616 - f1 0.1117 
INFO:root:VALID measures@10 for class 0 - precision 0.1613 - recall 0.0289 - f1 0.0490 
INFO:root:VALID measures@10 for class 1 - precision 0.8077 - recall 0.0690 - f1 0.1271 
INFO:root:VALID measures@100 microavg - precision 0.7145 - recall 0.5680 - f1 0.6329 
INFO:root:VALID measures@100 for class 0 - precision 0.1280 - recall 0.0780 - f1 0.0969 
INFO:root:VALID measures@100 for class 1 - precision 0.8116 - recall 0.6794 - f1 0.7396 
INFO:root:VALID measures@1000 microavg - precision 0.7302 - recall 0.7302 - f1 0.7302 
INFO:root:VALID measures@1000 for class 0 - precision 0.1343 - recall 0.0838 - f1 0.1032 
INFO:root:VALID measures@1000 for class 1 - precision 0.8081 - recall 0.8771 - f1 0.8412 
INFO:root:VALID Total epoch time: 2.0971541898325086
INFO:root:################ TRAIN epoch 72 ###################
INFO:root:TRAIN mean losses tensor(0.1013, device='cuda:0')
INFO:root:TRAIN mean errors 0.09480701386928558
INFO:root:TRAIN mean MRR 0.0 - mean MAP 0.9755853299508264
INFO:root:TRAIN tp {0: tensor(1228, device='cuda:0'), 1: tensor(24570, device='cuda:0')},fn {0: tensor(1256, device='cuda:0'), 1: tensor(1446, device='cuda:0')},fp {0: tensor(1446, device='cuda:0'), 1: tensor(1256, device='cuda:0')}
INFO:root:TRAIN measures microavg - precision 0.9052 - recall 0.9052 - f1 0.9052 
INFO:root:TRAIN measures for class 0 - precision 0.4592 - recall 0.4944 - f1 0.4762 
INFO:root:TRAIN measures for class 1 - precision 0.9514 - recall 0.9444 - f1 0.9479 
INFO:root:TRAIN measures@10 microavg - precision 0.8284 - recall 0.0396 - f1 0.0757 
INFO:root:TRAIN measures@10 for class 0 - precision 0.5447 - recall 0.1127 - f1 0.1868 
INFO:root:TRAIN measures@10 for class 1 - precision 1.0000 - recall 0.0327 - f1 0.0633 
INFO:root:TRAIN measures@100 microavg - precision 0.8785 - recall 0.3253 - f1 0.4748 
INFO:root:TRAIN measures@100 for class 0 - precision 0.4801 - recall 0.4179 - f1 0.4468 
INFO:root:TRAIN measures@100 for class 1 - precision 0.9812 - recall 0.3165 - f1 0.4786 
INFO:root:TRAIN measures@1000 microavg - precision 0.9042 - recall 0.8766 - f1 0.8902 
INFO:root:TRAIN measures@1000 for class 0 - precision 0.4592 - recall 0.4944 - f1 0.4762 
INFO:root:TRAIN measures@1000 for class 1 - precision 0.9519 - recall 0.9131 - f1 0.9321 
INFO:root:TRAIN Total epoch time: 17.171223843470216
INFO:root:################ VALID epoch 72 ###################
INFO:root:VALID mean losses tensor(0.6217, device='cuda:0')
INFO:root:VALID mean errors 0.2789079248905182
INFO:root:VALID mean MRR 0.0 - mean MAP 0.809704765969186
INFO:root:VALID tp {0: tensor(29, device='cuda:0'), 1: tensor(1318, device='cuda:0')},fn {0: tensor(317, device='cuda:0'), 1: tensor(204, device='cuda:0')},fp {0: tensor(204, device='cuda:0'), 1: tensor(317, device='cuda:0')}
INFO:root:VALID measures microavg - precision 0.7211 - recall 0.7211 - f1 0.7211 
INFO:root:VALID measures for class 0 - precision 0.1245 - recall 0.0838 - f1 0.1002 
INFO:root:VALID measures for class 1 - precision 0.8061 - recall 0.8660 - f1 0.8350 
INFO:root:VALID measures@10 microavg - precision 0.6094 - recall 0.0626 - f1 0.1136 
INFO:root:VALID measures@10 for class 0 - precision 0.1290 - recall 0.0231 - f1 0.0392 
INFO:root:VALID measures@10 for class 1 - precision 0.8385 - recall 0.0716 - f1 0.1320 
INFO:root:VALID measures@100 microavg - precision 0.7186 - recall 0.5675 - f1 0.6342 
INFO:root:VALID measures@100 for class 0 - precision 0.1318 - recall 0.0838 - f1 0.1025 
INFO:root:VALID measures@100 for class 1 - precision 0.8215 - recall 0.6774 - f1 0.7425 
INFO:root:VALID measures@1000 microavg - precision 0.7211 - recall 0.7211 - f1 0.7211 
INFO:root:VALID measures@1000 for class 0 - precision 0.1245 - recall 0.0838 - f1 0.1002 
INFO:root:VALID measures@1000 for class 1 - precision 0.8061 - recall 0.8660 - f1 0.8350 
INFO:root:VALID Total epoch time: 2.2002283660694957
INFO:root:################ TRAIN epoch 73 ###################
INFO:root:TRAIN mean losses tensor(0.1017, device='cuda:0')
INFO:root:TRAIN mean errors 0.0951228067278862
INFO:root:TRAIN mean MRR 0.0 - mean MAP 0.9765230115164288
INFO:root:TRAIN tp {0: tensor(1194, device='cuda:0'), 1: tensor(24595, device='cuda:0')},fn {0: tensor(1290, device='cuda:0'), 1: tensor(1421, device='cuda:0')},fp {0: tensor(1421, device='cuda:0'), 1: tensor(1290, device='cuda:0')}
INFO:root:TRAIN measures microavg - precision 0.9049 - recall 0.9049 - f1 0.9049 
INFO:root:TRAIN measures for class 0 - precision 0.4566 - recall 0.4807 - f1 0.4683 
INFO:root:TRAIN measures for class 1 - precision 0.9502 - recall 0.9454 - f1 0.9478 
INFO:root:TRAIN measures@10 microavg - precision 0.8147 - recall 0.0393 - f1 0.0750 
INFO:root:TRAIN measures@10 for class 0 - precision 0.5171 - recall 0.1095 - f1 0.1807 
INFO:root:TRAIN measures@10 for class 1 - precision 0.9988 - recall 0.0326 - f1 0.0632 
INFO:root:TRAIN measures@100 microavg - precision 0.8788 - recall 0.3255 - f1 0.4750 
INFO:root:TRAIN measures@100 for class 0 - precision 0.4754 - recall 0.4126 - f1 0.4418 
INFO:root:TRAIN measures@100 for class 1 - precision 0.9824 - recall 0.3172 - f1 0.4795 
INFO:root:TRAIN measures@1000 microavg - precision 0.9044 - recall 0.8751 - f1 0.8895 
INFO:root:TRAIN measures@1000 for class 0 - precision 0.4566 - recall 0.4807 - f1 0.4683 
INFO:root:TRAIN measures@1000 for class 1 - precision 0.9513 - recall 0.9127 - f1 0.9316 
INFO:root:TRAIN Total epoch time: 16.924567396752536
INFO:root:################ VALID epoch 73 ###################
INFO:root:VALID mean losses tensor(0.9240, device='cuda:0')
INFO:root:VALID mean errors 0.19967879354953766
INFO:root:VALID mean MRR 0.0 - mean MAP 0.807946434253622
INFO:root:VALID tp {0: tensor(0, device='cuda:0'), 1: tensor(1495, device='cuda:0')},fn {0: tensor(346, device='cuda:0'), 1: tensor(27, device='cuda:0')},fp {0: tensor(27, device='cuda:0'), 1: tensor(346, device='cuda:0')}
INFO:root:VALID measures microavg - precision 0.8003 - recall 0.8003 - f1 0.8003 
INFO:root:VALID measures for class 0 - precision 0.0000 - recall 0.0000 - f1 0.0000 
INFO:root:VALID measures for class 1 - precision 0.8121 - recall 0.9823 - f1 0.8891 
INFO:root:VALID measures@10 microavg - precision 0.6561 - recall 0.0551 - f1 0.1017 
INFO:root:VALID measures@10 for class 0 - precision 0.0000 - recall 0.0000 - f1 0.0000 
INFO:root:VALID measures@10 for class 1 - precision 0.7923 - recall 0.0677 - f1 0.1247 
INFO:root:VALID measures@100 microavg - precision 0.7934 - recall 0.5551 - f1 0.6532 
INFO:root:VALID measures@100 for class 0 - precision 0.0000 - recall 0.0000 - f1 0.0000 
INFO:root:VALID measures@100 for class 1 - precision 0.8102 - recall 0.6813 - f1 0.7402 
INFO:root:VALID measures@1000 microavg - precision 0.8003 - recall 0.8003 - f1 0.8003 
INFO:root:VALID measures@1000 for class 0 - precision 0.0000 - recall 0.0000 - f1 0.0000 
INFO:root:VALID measures@1000 for class 1 - precision 0.8121 - recall 0.9823 - f1 0.8891 
INFO:root:VALID Total epoch time: 2.025818131864071
INFO:root:################ TRAIN epoch 74 ###################
INFO:root:TRAIN mean losses tensor(0.0996, device='cuda:0')
INFO:root:TRAIN mean errors 0.08505263179540634
INFO:root:TRAIN mean MRR 0.0 - mean MAP 0.9776095660022478
INFO:root:TRAIN tp {0: tensor(1150, device='cuda:0'), 1: tensor(24926, device='cuda:0')},fn {0: tensor(1334, device='cuda:0'), 1: tensor(1090, device='cuda:0')},fp {0: tensor(1090, device='cuda:0'), 1: tensor(1334, device='cuda:0')}
INFO:root:TRAIN measures microavg - precision 0.9149 - recall 0.9149 - f1 0.9149 
INFO:root:TRAIN measures for class 0 - precision 0.5134 - recall 0.4630 - f1 0.4869 
INFO:root:TRAIN measures for class 1 - precision 0.9492 - recall 0.9581 - f1 0.9536 
INFO:root:TRAIN measures@10 microavg - precision 0.8552 - recall 0.0398 - f1 0.0760 
INFO:root:TRAIN measures@10 for class 0 - precision 0.5966 - recall 0.1143 - f1 0.1919 
INFO:root:TRAIN measures@10 for class 1 - precision 1.0000 - recall 0.0327 - f1 0.0633 
INFO:root:TRAIN measures@100 microavg - precision 0.9002 - recall 0.3241 - f1 0.4766 
INFO:root:TRAIN measures@100 for class 0 - precision 0.5219 - recall 0.3937 - f1 0.4488 
INFO:root:TRAIN measures@100 for class 1 - precision 0.9847 - recall 0.3175 - f1 0.4801 
INFO:root:TRAIN measures@1000 microavg - precision 0.9144 - recall 0.8859 - f1 0.8999 
INFO:root:TRAIN measures@1000 for class 0 - precision 0.5134 - recall 0.4630 - f1 0.4869 
INFO:root:TRAIN measures@1000 for class 1 - precision 0.9499 - recall 0.9262 - f1 0.9379 
INFO:root:TRAIN Total epoch time: 17.08265933394432
INFO:root:################ VALID epoch 74 ###################
INFO:root:VALID mean losses tensor(0.5741, device='cuda:0')
INFO:root:VALID mean errors 0.24464668333530426
INFO:root:VALID mean MRR 0.0 - mean MAP 0.8089201844484991
INFO:root:VALID tp {0: tensor(8, device='cuda:0'), 1: tensor(1403, device='cuda:0')},fn {0: tensor(338, device='cuda:0'), 1: tensor(119, device='cuda:0')},fp {0: tensor(119, device='cuda:0'), 1: tensor(338, device='cuda:0')}
INFO:root:VALID measures microavg - precision 0.7554 - recall 0.7554 - f1 0.7554 
INFO:root:VALID measures for class 0 - precision 0.0630 - recall 0.0231 - f1 0.0338 
INFO:root:VALID measures for class 1 - precision 0.8059 - recall 0.9218 - f1 0.8599 
INFO:root:VALID measures@10 microavg - precision 0.5521 - recall 0.0567 - f1 0.1029 
INFO:root:VALID measures@10 for class 0 - precision 0.0645 - recall 0.0116 - f1 0.0196 
INFO:root:VALID measures@10 for class 1 - precision 0.7846 - recall 0.0670 - f1 0.1235 
INFO:root:VALID measures@100 microavg - precision 0.7484 - recall 0.5637 - f1 0.6431 
INFO:root:VALID measures@100 for class 0 - precision 0.0630 - recall 0.0231 - f1 0.0338 
INFO:root:VALID measures@100 for class 1 - precision 0.8164 - recall 0.6866 - f1 0.7459 
INFO:root:VALID measures@1000 microavg - precision 0.7554 - recall 0.7554 - f1 0.7554 
INFO:root:VALID measures@1000 for class 0 - precision 0.0630 - recall 0.0231 - f1 0.0338 
INFO:root:VALID measures@1000 for class 1 - precision 0.8059 - recall 0.9218 - f1 0.8599 
INFO:root:VALID Total epoch time: 2.165286428295076
INFO:root:################ TRAIN epoch 75 ###################
INFO:root:TRAIN mean losses tensor(0.0952, device='cuda:0')
INFO:root:TRAIN mean errors 0.08943859487771988
INFO:root:TRAIN mean MRR 0.0 - mean MAP 0.9796225978559929
INFO:root:TRAIN tp {0: tensor(1279, device='cuda:0'), 1: tensor(24672, device='cuda:0')},fn {0: tensor(1205, device='cuda:0'), 1: tensor(1344, device='cuda:0')},fp {0: tensor(1344, device='cuda:0'), 1: tensor(1205, device='cuda:0')}
INFO:root:TRAIN measures microavg - precision 0.9106 - recall 0.9106 - f1 0.9106 
INFO:root:TRAIN measures for class 0 - precision 0.4876 - recall 0.5149 - f1 0.5009 
INFO:root:TRAIN measures for class 1 - precision 0.9534 - recall 0.9483 - f1 0.9509 
INFO:root:TRAIN measures@10 microavg - precision 0.8699 - recall 0.0406 - f1 0.0776 
INFO:root:TRAIN measures@10 for class 0 - precision 0.6396 - recall 0.1236 - f1 0.2072 
INFO:root:TRAIN measures@10 for class 1 - precision 1.0000 - recall 0.0327 - f1 0.0633 
INFO:root:TRAIN measures@100 microavg - precision 0.8924 - recall 0.3295 - f1 0.4813 
INFO:root:TRAIN measures@100 for class 0 - precision 0.5156 - recall 0.4457 - f1 0.4781 
INFO:root:TRAIN measures@100 for class 1 - precision 0.9890 - recall 0.3185 - f1 0.4818 
INFO:root:TRAIN measures@1000 microavg - precision 0.9097 - recall 0.8835 - f1 0.8964 
INFO:root:TRAIN measures@1000 for class 0 - precision 0.4876 - recall 0.5149 - f1 0.5009 
INFO:root:TRAIN measures@1000 for class 1 - precision 0.9539 - recall 0.9187 - f1 0.9359 
INFO:root:TRAIN Total epoch time: 17.121339730918407
INFO:root:################ VALID epoch 75 ###################
INFO:root:VALID mean losses tensor(0.6083, device='cuda:0')
INFO:root:VALID mean errors 0.26927193999290466
INFO:root:VALID mean MRR 0.0 - mean MAP 0.8051815775701833
INFO:root:VALID tp {0: tensor(14, device='cuda:0'), 1: tensor(1351, device='cuda:0')},fn {0: tensor(332, device='cuda:0'), 1: tensor(171, device='cuda:0')},fp {0: tensor(171, device='cuda:0'), 1: tensor(332, device='cuda:0')}
INFO:root:VALID measures microavg - precision 0.7307 - recall 0.7307 - f1 0.7307 
INFO:root:VALID measures for class 0 - precision 0.0757 - recall 0.0405 - f1 0.0527 
INFO:root:VALID measures for class 1 - precision 0.8027 - recall 0.8876 - f1 0.8431 
INFO:root:VALID measures@10 microavg - precision 0.5594 - recall 0.0605 - f1 0.1092 
INFO:root:VALID measures@10 for class 0 - precision 0.1389 - recall 0.0289 - f1 0.0478 
INFO:root:VALID measures@10 for class 1 - precision 0.7923 - recall 0.0677 - f1 0.1247 
INFO:root:VALID measures@100 microavg - precision 0.7179 - recall 0.5600 - f1 0.6292 
INFO:root:VALID measures@100 for class 0 - precision 0.0757 - recall 0.0405 - f1 0.0527 
INFO:root:VALID measures@100 for class 1 - precision 0.8113 - recall 0.6781 - f1 0.7387 
INFO:root:VALID measures@1000 microavg - precision 0.7307 - recall 0.7307 - f1 0.7307 
INFO:root:VALID measures@1000 for class 0 - precision 0.0757 - recall 0.0405 - f1 0.0527 
INFO:root:VALID measures@1000 for class 1 - precision 0.8027 - recall 0.8876 - f1 0.8431 
INFO:root:VALID Total epoch time: 2.115250987932086
INFO:root:################ TRAIN epoch 76 ###################
INFO:root:TRAIN mean losses tensor(0.0946, device='cuda:0')
INFO:root:TRAIN mean errors 0.09098245948553085
INFO:root:TRAIN mean MRR 0.0 - mean MAP 0.9801107009968437
INFO:root:TRAIN tp {0: tensor(1281, device='cuda:0'), 1: tensor(24626, device='cuda:0')},fn {0: tensor(1203, device='cuda:0'), 1: tensor(1390, device='cuda:0')},fp {0: tensor(1390, device='cuda:0'), 1: tensor(1203, device='cuda:0')}
INFO:root:TRAIN measures microavg - precision 0.9090 - recall 0.9090 - f1 0.9090 
INFO:root:TRAIN measures for class 0 - precision 0.4796 - recall 0.5157 - f1 0.4970 
INFO:root:TRAIN measures for class 1 - precision 0.9534 - recall 0.9466 - f1 0.9500 
INFO:root:TRAIN measures@10 microavg - precision 0.8425 - recall 0.0404 - f1 0.0770 
INFO:root:TRAIN measures@10 for class 0 - precision 0.5825 - recall 0.1208 - f1 0.2001 
INFO:root:TRAIN measures@10 for class 1 - precision 1.0000 - recall 0.0327 - f1 0.0633 
INFO:root:TRAIN measures@100 microavg - precision 0.8923 - recall 0.3286 - f1 0.4803 
INFO:root:TRAIN measures@100 for class 0 - precision 0.5128 - recall 0.4356 - f1 0.4710 
INFO:root:TRAIN measures@100 for class 1 - precision 0.9878 - recall 0.3183 - f1 0.4815 
INFO:root:TRAIN measures@1000 microavg - precision 0.9087 - recall 0.8798 - f1 0.8940 
INFO:root:TRAIN measures@1000 for class 0 - precision 0.4796 - recall 0.5157 - f1 0.4970 
INFO:root:TRAIN measures@1000 for class 1 - precision 0.9547 - recall 0.9145 - f1 0.9342 
INFO:root:TRAIN Total epoch time: 16.800489807501435
INFO:root:################ VALID epoch 76 ###################
INFO:root:VALID mean losses tensor(0.7025, device='cuda:0')
INFO:root:VALID mean errors 0.2805139124393463
INFO:root:VALID mean MRR 0.0 - mean MAP 0.811326184897839
INFO:root:VALID tp {0: tensor(30, device='cuda:0'), 1: tensor(1314, device='cuda:0')},fn {0: tensor(316, device='cuda:0'), 1: tensor(208, device='cuda:0')},fp {0: tensor(208, device='cuda:0'), 1: tensor(316, device='cuda:0')}
INFO:root:VALID measures microavg - precision 0.7195 - recall 0.7195 - f1 0.7195 
INFO:root:VALID measures for class 0 - precision 0.1261 - recall 0.0867 - f1 0.1027 
INFO:root:VALID measures for class 1 - precision 0.8061 - recall 0.8633 - f1 0.8338 
INFO:root:VALID measures@10 microavg - precision 0.5263 - recall 0.0642 - f1 0.1145 
INFO:root:VALID measures@10 for class 0 - precision 0.1224 - recall 0.0347 - f1 0.0541 
INFO:root:VALID measures@10 for class 1 - precision 0.8308 - recall 0.0710 - f1 0.1308 
INFO:root:VALID measures@100 microavg - precision 0.7038 - recall 0.5610 - f1 0.6244 
INFO:root:VALID measures@100 for class 0 - precision 0.1261 - recall 0.0867 - f1 0.1027 
INFO:root:VALID measures@100 for class 1 - precision 0.8137 - recall 0.6689 - f1 0.7342 
INFO:root:VALID measures@1000 microavg - precision 0.7195 - recall 0.7195 - f1 0.7195 
INFO:root:VALID measures@1000 for class 0 - precision 0.1261 - recall 0.0867 - f1 0.1027 
INFO:root:VALID measures@1000 for class 1 - precision 0.8061 - recall 0.8633 - f1 0.8338 
INFO:root:VALID Total epoch time: 1.8829829087480903
INFO:root:################ TRAIN epoch 77 ###################
INFO:root:TRAIN mean losses tensor(0.0937, device='cuda:0')
INFO:root:TRAIN mean errors 0.08873683959245682
INFO:root:TRAIN mean MRR 0.0 - mean MAP 0.981071864733974
INFO:root:TRAIN tp {0: tensor(1239, device='cuda:0'), 1: tensor(24732, device='cuda:0')},fn {0: tensor(1245, device='cuda:0'), 1: tensor(1284, device='cuda:0')},fp {0: tensor(1284, device='cuda:0'), 1: tensor(1245, device='cuda:0')}
INFO:root:TRAIN measures microavg - precision 0.9113 - recall 0.9113 - f1 0.9113 
INFO:root:TRAIN measures for class 0 - precision 0.4911 - recall 0.4988 - f1 0.4949 
INFO:root:TRAIN measures for class 1 - precision 0.9521 - recall 0.9506 - f1 0.9514 
INFO:root:TRAIN measures@10 microavg - precision 0.8427 - recall 0.0412 - f1 0.0785 
INFO:root:TRAIN measures@10 for class 0 - precision 0.5959 - recall 0.1300 - f1 0.2135 
INFO:root:TRAIN measures@10 for class 1 - precision 1.0000 - recall 0.0327 - f1 0.0633 
INFO:root:TRAIN measures@100 microavg - precision 0.8979 - recall 0.3288 - f1 0.4813 
INFO:root:TRAIN measures@100 for class 0 - precision 0.5244 - recall 0.4287 - f1 0.4718 
INFO:root:TRAIN measures@100 for class 1 - precision 0.9881 - recall 0.3193 - f1 0.4826 
INFO:root:TRAIN measures@1000 microavg - precision 0.9113 - recall 0.8818 - f1 0.8963 
INFO:root:TRAIN measures@1000 for class 0 - precision 0.4911 - recall 0.4988 - f1 0.4949 
INFO:root:TRAIN measures@1000 for class 1 - precision 0.9536 - recall 0.9184 - f1 0.9357 
INFO:root:TRAIN Total epoch time: 16.750734058208764
INFO:root:################ VALID epoch 77 ###################
INFO:root:VALID mean losses tensor(0.9367, device='cuda:0')
INFO:root:VALID mean errors 0.22912205755710602
INFO:root:VALID mean MRR 0.0 - mean MAP 0.8088224915873866
INFO:root:VALID tp {0: tensor(18, device='cuda:0'), 1: tensor(1422, device='cuda:0')},fn {0: tensor(328, device='cuda:0'), 1: tensor(100, device='cuda:0')},fp {0: tensor(100, device='cuda:0'), 1: tensor(328, device='cuda:0')}
INFO:root:VALID measures microavg - precision 0.7709 - recall 0.7709 - f1 0.7709 
INFO:root:VALID measures for class 0 - precision 0.1525 - recall 0.0520 - f1 0.0776 
INFO:root:VALID measures for class 1 - precision 0.8126 - recall 0.9343 - f1 0.8692 
INFO:root:VALID measures@10 microavg - precision 0.5891 - recall 0.0637 - f1 0.1150 
INFO:root:VALID measures@10 for class 0 - precision 0.1667 - recall 0.0347 - f1 0.0574 
INFO:root:VALID measures@10 for class 1 - precision 0.8231 - recall 0.0703 - f1 0.1295 
INFO:root:VALID measures@100 microavg - precision 0.7566 - recall 0.5642 - f1 0.6464 
INFO:root:VALID measures@100 for class 0 - precision 0.1525 - recall 0.0520 - f1 0.0776 
INFO:root:VALID measures@100 for class 1 - precision 0.8125 - recall 0.6807 - f1 0.7408 
INFO:root:VALID measures@1000 microavg - precision 0.7709 - recall 0.7709 - f1 0.7709 
INFO:root:VALID measures@1000 for class 0 - precision 0.1525 - recall 0.0520 - f1 0.0776 
INFO:root:VALID measures@1000 for class 1 - precision 0.8126 - recall 0.9343 - f1 0.8692 
INFO:root:VALID Total epoch time: 1.8935441374778748
INFO:root:################ TRAIN epoch 78 ###################
INFO:root:TRAIN mean losses tensor(0.0992, device='cuda:0')
INFO:root:TRAIN mean errors 0.09238596260547638
INFO:root:TRAIN mean MRR 0.0 - mean MAP 0.9782702501995425
INFO:root:TRAIN tp {0: tensor(1240, device='cuda:0'), 1: tensor(24627, device='cuda:0')},fn {0: tensor(1244, device='cuda:0'), 1: tensor(1389, device='cuda:0')},fp {0: tensor(1389, device='cuda:0'), 1: tensor(1244, device='cuda:0')}
INFO:root:TRAIN measures microavg - precision 0.9076 - recall 0.9076 - f1 0.9076 
INFO:root:TRAIN measures for class 0 - precision 0.4717 - recall 0.4992 - f1 0.4850 
INFO:root:TRAIN measures for class 1 - precision 0.9519 - recall 0.9466 - f1 0.9493 
INFO:root:TRAIN measures@10 microavg - precision 0.8246 - recall 0.0409 - f1 0.0780 
INFO:root:TRAIN measures@10 for class 0 - precision 0.5603 - recall 0.1272 - f1 0.2073 
INFO:root:TRAIN measures@10 for class 1 - precision 1.0000 - recall 0.0327 - f1 0.0633 
INFO:root:TRAIN measures@100 microavg - precision 0.8747 - recall 0.3265 - f1 0.4755 
INFO:root:TRAIN measures@100 for class 0 - precision 0.4724 - recall 0.4368 - f1 0.4539 
INFO:root:TRAIN measures@100 for class 1 - precision 0.9855 - recall 0.3160 - f1 0.4785 
INFO:root:TRAIN measures@1000 microavg - precision 0.9070 - recall 0.8789 - f1 0.8927 
INFO:root:TRAIN measures@1000 for class 0 - precision 0.4717 - recall 0.4992 - f1 0.4850 
INFO:root:TRAIN measures@1000 for class 1 - precision 0.9528 - recall 0.9152 - f1 0.9336 
INFO:root:TRAIN Total epoch time: 14.504984684288502
INFO:root:################ VALID epoch 78 ###################
INFO:root:VALID mean losses tensor(0.9063, device='cuda:0')
INFO:root:VALID mean errors 0.20610278844833374
INFO:root:VALID mean MRR 0.0 - mean MAP 0.8148896585826743
INFO:root:VALID tp {0: tensor(8, device='cuda:0'), 1: tensor(1475, device='cuda:0')},fn {0: tensor(338, device='cuda:0'), 1: tensor(47, device='cuda:0')},fp {0: tensor(47, device='cuda:0'), 1: tensor(338, device='cuda:0')}
INFO:root:VALID measures microavg - precision 0.7939 - recall 0.7939 - f1 0.7939 
INFO:root:VALID measures for class 0 - precision 0.1455 - recall 0.0231 - f1 0.0399 
INFO:root:VALID measures for class 1 - precision 0.8136 - recall 0.9691 - f1 0.8846 
INFO:root:VALID measures@10 microavg - precision 0.7763 - recall 0.0632 - f1 0.1168 
INFO:root:VALID measures@10 for class 0 - precision 0.3636 - recall 0.0231 - f1 0.0435 
INFO:root:VALID measures@10 for class 1 - precision 0.8462 - recall 0.0723 - f1 0.1332 
INFO:root:VALID measures@100 microavg - precision 0.7903 - recall 0.5648 - f1 0.6588 
INFO:root:VALID measures@100 for class 0 - precision 0.1455 - recall 0.0231 - f1 0.0399 
INFO:root:VALID measures@100 for class 1 - precision 0.8180 - recall 0.6879 - f1 0.7473 
INFO:root:VALID measures@1000 microavg - precision 0.7939 - recall 0.7939 - f1 0.7939 
INFO:root:VALID measures@1000 for class 0 - precision 0.1455 - recall 0.0231 - f1 0.0399 
INFO:root:VALID measures@1000 for class 1 - precision 0.8136 - recall 0.9691 - f1 0.8846 
INFO:root:VALID Total epoch time: 1.6386522082611918
INFO:root:################ TRAIN epoch 79 ###################
INFO:root:TRAIN mean losses tensor(0.0993, device='cuda:0')
INFO:root:TRAIN mean errors 0.08768421411514282
INFO:root:TRAIN mean MRR 0.0 - mean MAP 0.9788409350604411
INFO:root:TRAIN tp {0: tensor(1152, device='cuda:0'), 1: tensor(24849, device='cuda:0')},fn {0: tensor(1332, device='cuda:0'), 1: tensor(1167, device='cuda:0')},fp {0: tensor(1167, device='cuda:0'), 1: tensor(1332, device='cuda:0')}
INFO:root:TRAIN measures microavg - precision 0.9123 - recall 0.9123 - f1 0.9123 
INFO:root:TRAIN measures for class 0 - precision 0.4968 - recall 0.4638 - f1 0.4797 
INFO:root:TRAIN measures for class 1 - precision 0.9491 - recall 0.9551 - f1 0.9521 
INFO:root:TRAIN measures@10 microavg - precision 0.8278 - recall 0.0396 - f1 0.0757 
INFO:root:TRAIN measures@10 for class 0 - precision 0.5456 - recall 0.1131 - f1 0.1874 
INFO:root:TRAIN measures@10 for class 1 - precision 0.9988 - recall 0.0326 - f1 0.0632 
INFO:root:TRAIN measures@100 microavg - precision 0.8978 - recall 0.3259 - f1 0.4782 
INFO:root:TRAIN measures@100 for class 0 - precision 0.5134 - recall 0.3945 - f1 0.4462 
INFO:root:TRAIN measures@100 for class 1 - precision 0.9848 - recall 0.3193 - f1 0.4823 
INFO:root:TRAIN measures@1000 microavg - precision 0.9121 - recall 0.8831 - f1 0.8974 
INFO:root:TRAIN measures@1000 for class 0 - precision 0.4968 - recall 0.4638 - f1 0.4797 
INFO:root:TRAIN measures@1000 for class 1 - precision 0.9502 - recall 0.9232 - f1 0.9365 
INFO:root:TRAIN Total epoch time: 11.324124401435256
INFO:root:################ VALID epoch 79 ###################
INFO:root:VALID mean losses tensor(0.4184, device='cuda:0')
INFO:root:VALID mean errors 0.30835118889808655
INFO:root:VALID mean MRR 0.0 - mean MAP 0.8128364589140707
INFO:root:VALID tp {0: tensor(47, device='cuda:0'), 1: tensor(1245, device='cuda:0')},fn {0: tensor(299, device='cuda:0'), 1: tensor(277, device='cuda:0')},fp {0: tensor(277, device='cuda:0'), 1: tensor(299, device='cuda:0')}
INFO:root:VALID measures microavg - precision 0.6916 - recall 0.6916 - f1 0.6916 
INFO:root:VALID measures for class 0 - precision 0.1451 - recall 0.1358 - f1 0.1403 
INFO:root:VALID measures for class 1 - precision 0.8063 - recall 0.8180 - f1 0.8121 
INFO:root:VALID measures@10 microavg - precision 0.5000 - recall 0.0653 - f1 0.1155 
INFO:root:VALID measures@10 for class 0 - precision 0.1667 - recall 0.0549 - f1 0.0826 
INFO:root:VALID measures@10 for class 1 - precision 0.7923 - recall 0.0677 - f1 0.1247 
INFO:root:VALID measures@100 microavg - precision 0.6714 - recall 0.5535 - f1 0.6068 
INFO:root:VALID measures@100 for class 0 - precision 0.1451 - recall 0.1358 - f1 0.1403 
INFO:root:VALID measures@100 for class 1 - precision 0.8117 - recall 0.6485 - f1 0.7210 
INFO:root:VALID measures@1000 microavg - precision 0.6916 - recall 0.6916 - f1 0.6916 
INFO:root:VALID measures@1000 for class 0 - precision 0.1451 - recall 0.1358 - f1 0.1403 
INFO:root:VALID measures@1000 for class 1 - precision 0.8063 - recall 0.8180 - f1 0.8121 
INFO:root:VALID Total epoch time: 1.4527584593743086
INFO:root:################ TRAIN epoch 80 ###################
INFO:root:TRAIN mean losses tensor(0.0952, device='cuda:0')
INFO:root:TRAIN mean errors 0.09491228312253952
INFO:root:TRAIN mean MRR 0.0 - mean MAP 0.980807372362249
INFO:root:TRAIN tp {0: tensor(1334, device='cuda:0'), 1: tensor(24461, device='cuda:0')},fn {0: tensor(1150, device='cuda:0'), 1: tensor(1555, device='cuda:0')},fp {0: tensor(1555, device='cuda:0'), 1: tensor(1150, device='cuda:0')}
INFO:root:TRAIN measures microavg - precision 0.9051 - recall 0.9051 - f1 0.9051 
INFO:root:TRAIN measures for class 0 - precision 0.4618 - recall 0.5370 - f1 0.4966 
INFO:root:TRAIN measures for class 1 - precision 0.9551 - recall 0.9402 - f1 0.9476 
INFO:root:TRAIN measures@10 microavg - precision 0.8214 - recall 0.0407 - f1 0.0775 
INFO:root:TRAIN measures@10 for class 0 - precision 0.5508 - recall 0.1244 - f1 0.2030 
INFO:root:TRAIN measures@10 for class 1 - precision 1.0000 - recall 0.0327 - f1 0.0633 
INFO:root:TRAIN measures@100 microavg - precision 0.8756 - recall 0.3318 - f1 0.4812 
INFO:root:TRAIN measures@100 for class 0 - precision 0.4785 - recall 0.4605 - f1 0.4693 
INFO:root:TRAIN measures@100 for class 1 - precision 0.9886 - recall 0.3195 - f1 0.4829 
INFO:root:TRAIN measures@1000 microavg - precision 0.9036 - recall 0.8818 - f1 0.8926 
INFO:root:TRAIN measures@1000 for class 0 - precision 0.4618 - recall 0.5370 - f1 0.4966 
INFO:root:TRAIN measures@1000 for class 1 - precision 0.9549 - recall 0.9147 - f1 0.9343 
INFO:root:TRAIN Total epoch time: 11.881140718236566
INFO:root:################ VALID epoch 80 ###################
INFO:root:VALID mean losses tensor(0.7702, device='cuda:0')
INFO:root:VALID mean errors 0.22055675089359283
INFO:root:VALID mean MRR 0.0 - mean MAP 0.8065492238637023
INFO:root:VALID tp {0: tensor(4, device='cuda:0'), 1: tensor(1452, device='cuda:0')},fn {0: tensor(342, device='cuda:0'), 1: tensor(70, device='cuda:0')},fp {0: tensor(70, device='cuda:0'), 1: tensor(342, device='cuda:0')}
INFO:root:VALID measures microavg - precision 0.7794 - recall 0.7794 - f1 0.7794 
INFO:root:VALID measures for class 0 - precision 0.0541 - recall 0.0116 - f1 0.0190 
INFO:root:VALID measures for class 1 - precision 0.8094 - recall 0.9540 - f1 0.8758 
INFO:root:VALID measures@10 microavg - precision 0.5714 - recall 0.0557 - f1 0.1015 
INFO:root:VALID measures@10 for class 0 - precision 0.0385 - recall 0.0058 - f1 0.0101 
INFO:root:VALID measures@10 for class 1 - precision 0.7846 - recall 0.0670 - f1 0.1235 
INFO:root:VALID measures@100 microavg - precision 0.7733 - recall 0.5605 - f1 0.6499 
INFO:root:VALID measures@100 for class 0 - precision 0.0541 - recall 0.0116 - f1 0.0190 
INFO:root:VALID measures@100 for class 1 - precision 0.8148 - recall 0.6853 - f1 0.7445 
INFO:root:VALID measures@1000 microavg - precision 0.7794 - recall 0.7794 - f1 0.7794 
INFO:root:VALID measures@1000 for class 0 - precision 0.0541 - recall 0.0116 - f1 0.0190 
INFO:root:VALID measures@1000 for class 1 - precision 0.8094 - recall 0.9540 - f1 0.8758 
INFO:root:VALID Total epoch time: 1.52260163705796
INFO:root:################ TRAIN epoch 81 ###################
INFO:root:TRAIN mean losses tensor(0.0938, device='cuda:0')
INFO:root:TRAIN mean errors 0.0900350883603096
INFO:root:TRAIN mean MRR 0.0 - mean MAP 0.9811216151892406
INFO:root:TRAIN tp {0: tensor(1288, device='cuda:0'), 1: tensor(24646, device='cuda:0')},fn {0: tensor(1196, device='cuda:0'), 1: tensor(1370, device='cuda:0')},fp {0: tensor(1370, device='cuda:0'), 1: tensor(1196, device='cuda:0')}
INFO:root:TRAIN measures microavg - precision 0.9100 - recall 0.9100 - f1 0.9100 
INFO:root:TRAIN measures for class 0 - precision 0.4846 - recall 0.5185 - f1 0.5010 
INFO:root:TRAIN measures for class 1 - precision 0.9537 - recall 0.9473 - f1 0.9505 
INFO:root:TRAIN measures@10 microavg - precision 0.8182 - recall 0.0406 - f1 0.0774 
INFO:root:TRAIN measures@10 for class 0 - precision 0.5443 - recall 0.1236 - f1 0.2014 
INFO:root:TRAIN measures@10 for class 1 - precision 1.0000 - recall 0.0327 - f1 0.0633 
INFO:root:TRAIN measures@100 microavg - precision 0.8918 - recall 0.3307 - f1 0.4825 
INFO:root:TRAIN measures@100 for class 0 - precision 0.5072 - recall 0.4416 - f1 0.4721 
INFO:root:TRAIN measures@100 for class 1 - precision 0.9907 - recall 0.3201 - f1 0.4839 
INFO:root:TRAIN measures@1000 microavg - precision 0.9097 - recall 0.8806 - f1 0.8949 
INFO:root:TRAIN measures@1000 for class 0 - precision 0.4846 - recall 0.5185 - f1 0.5010 
INFO:root:TRAIN measures@1000 for class 1 - precision 0.9550 - recall 0.9152 - f1 0.9347 
INFO:root:TRAIN Total epoch time: 11.845760232768953
INFO:root:################ VALID epoch 81 ###################
INFO:root:VALID mean losses tensor(0.7564, device='cuda:0')
INFO:root:VALID mean errors 0.2275160551071167
INFO:root:VALID mean MRR 0.0 - mean MAP 0.8077856936791932
INFO:root:VALID tp {0: tensor(6, device='cuda:0'), 1: tensor(1437, device='cuda:0')},fn {0: tensor(340, device='cuda:0'), 1: tensor(85, device='cuda:0')},fp {0: tensor(85, device='cuda:0'), 1: tensor(340, device='cuda:0')}
INFO:root:VALID measures microavg - precision 0.7725 - recall 0.7725 - f1 0.7725 
INFO:root:VALID measures for class 0 - precision 0.0659 - recall 0.0173 - f1 0.0275 
INFO:root:VALID measures for class 1 - precision 0.8087 - recall 0.9442 - f1 0.8712 
INFO:root:VALID measures@10 microavg - precision 0.6175 - recall 0.0605 - f1 0.1102 
INFO:root:VALID measures@10 for class 0 - precision 0.1132 - recall 0.0173 - f1 0.0301 
INFO:root:VALID measures@10 for class 1 - precision 0.8231 - recall 0.0703 - f1 0.1295 
INFO:root:VALID measures@100 microavg - precision 0.7571 - recall 0.5557 - f1 0.6409 
INFO:root:VALID measures@100 for class 0 - precision 0.0659 - recall 0.0173 - f1 0.0275 
INFO:root:VALID measures@100 for class 1 - precision 0.8063 - recall 0.6781 - f1 0.7366 
INFO:root:VALID measures@1000 microavg - precision 0.7725 - recall 0.7725 - f1 0.7725 
INFO:root:VALID measures@1000 for class 0 - precision 0.0659 - recall 0.0173 - f1 0.0275 
INFO:root:VALID measures@1000 for class 1 - precision 0.8087 - recall 0.9442 - f1 0.8712 
INFO:root:VALID Total epoch time: 1.4356714189052582
INFO:root:################ TRAIN epoch 82 ###################
INFO:root:TRAIN mean losses tensor(0.0938, device='cuda:0')
INFO:root:TRAIN mean errors 0.09010526537895203
INFO:root:TRAIN mean MRR 0.0 - mean MAP 0.9810195519625818
INFO:root:TRAIN tp {0: tensor(1313, device='cuda:0'), 1: tensor(24619, device='cuda:0')},fn {0: tensor(1171, device='cuda:0'), 1: tensor(1397, device='cuda:0')},fp {0: tensor(1397, device='cuda:0'), 1: tensor(1171, device='cuda:0')}
INFO:root:TRAIN measures microavg - precision 0.9099 - recall 0.9099 - f1 0.9099 
INFO:root:TRAIN measures for class 0 - precision 0.4845 - recall 0.5286 - f1 0.5056 
INFO:root:TRAIN measures for class 1 - precision 0.9546 - recall 0.9463 - f1 0.9504 
INFO:root:TRAIN measures@10 microavg - precision 0.8296 - recall 0.0413 - f1 0.0787 
INFO:root:TRAIN measures@10 for class 0 - precision 0.5754 - recall 0.1320 - f1 0.2148 
INFO:root:TRAIN measures@10 for class 1 - precision 1.0000 - recall 0.0327 - f1 0.0633 
INFO:root:TRAIN measures@100 microavg - precision 0.8845 - recall 0.3317 - f1 0.4825 
INFO:root:TRAIN measures@100 for class 0 - precision 0.5009 - recall 0.4622 - f1 0.4807 
INFO:root:TRAIN measures@100 for class 1 - precision 0.9892 - recall 0.3193 - f1 0.4827 
INFO:root:TRAIN measures@1000 microavg - precision 0.9095 - recall 0.8812 - f1 0.8951 
INFO:root:TRAIN measures@1000 for class 0 - precision 0.4845 - recall 0.5286 - f1 0.5056 
INFO:root:TRAIN measures@1000 for class 1 - precision 0.9557 - recall 0.9148 - f1 0.9348 
INFO:root:TRAIN Total epoch time: 12.479424809105694
INFO:root:################ VALID epoch 82 ###################
INFO:root:VALID mean losses tensor(0.5360, device='cuda:0')
INFO:root:VALID mean errors 0.2639186382293701
INFO:root:VALID mean MRR 0.0 - mean MAP 0.8051517986528876
INFO:root:VALID tp {0: tensor(32, device='cuda:0'), 1: tensor(1343, device='cuda:0')},fn {0: tensor(314, device='cuda:0'), 1: tensor(179, device='cuda:0')},fp {0: tensor(179, device='cuda:0'), 1: tensor(314, device='cuda:0')}
INFO:root:VALID measures microavg - precision 0.7361 - recall 0.7361 - f1 0.7361 
INFO:root:VALID measures for class 0 - precision 0.1517 - recall 0.0925 - f1 0.1149 
INFO:root:VALID measures for class 1 - precision 0.8105 - recall 0.8824 - f1 0.8449 
INFO:root:VALID measures@10 microavg - precision 0.4850 - recall 0.0605 - f1 0.1076 
INFO:root:VALID measures@10 for class 0 - precision 0.1650 - recall 0.0491 - f1 0.0757 
INFO:root:VALID measures@10 for class 1 - precision 0.7385 - recall 0.0631 - f1 0.1162 
INFO:root:VALID measures@100 microavg - precision 0.7185 - recall 0.5466 - f1 0.6209 
INFO:root:VALID measures@100 for class 0 - precision 0.1517 - recall 0.0925 - f1 0.1149 
INFO:root:VALID measures@100 for class 1 - precision 0.8174 - recall 0.6498 - f1 0.7240 
INFO:root:VALID measures@1000 microavg - precision 0.7361 - recall 0.7361 - f1 0.7361 
INFO:root:VALID measures@1000 for class 0 - precision 0.1517 - recall 0.0925 - f1 0.1149 
INFO:root:VALID measures@1000 for class 1 - precision 0.8105 - recall 0.8824 - f1 0.8449 
INFO:root:VALID Total epoch time: 1.5036970088258386
INFO:root:################ TRAIN epoch 83 ###################
INFO:root:TRAIN mean losses tensor(0.0921, device='cuda:0')
INFO:root:TRAIN mean errors 0.08743859827518463
INFO:root:TRAIN mean MRR 0.0 - mean MAP 0.9821970217769634
INFO:root:TRAIN tp {0: tensor(1310, device='cuda:0'), 1: tensor(24698, device='cuda:0')},fn {0: tensor(1174, device='cuda:0'), 1: tensor(1318, device='cuda:0')},fp {0: tensor(1318, device='cuda:0'), 1: tensor(1174, device='cuda:0')}
INFO:root:TRAIN measures microavg - precision 0.9126 - recall 0.9126 - f1 0.9126 
INFO:root:TRAIN measures for class 0 - precision 0.4985 - recall 0.5274 - f1 0.5125 
INFO:root:TRAIN measures for class 1 - precision 0.9546 - recall 0.9493 - f1 0.9520 
INFO:root:TRAIN measures@10 microavg - precision 0.8291 - recall 0.0410 - f1 0.0782 
INFO:root:TRAIN measures@10 for class 0 - precision 0.5696 - recall 0.1284 - f1 0.2096 
INFO:root:TRAIN measures@10 for class 1 - precision 1.0000 - recall 0.0327 - f1 0.0633 
INFO:root:TRAIN measures@100 microavg - precision 0.8918 - recall 0.3316 - f1 0.4834 
INFO:root:TRAIN measures@100 for class 0 - precision 0.5175 - recall 0.4581 - f1 0.4860 
INFO:root:TRAIN measures@100 for class 1 - precision 0.9898 - recall 0.3195 - f1 0.4831 
INFO:root:TRAIN measures@1000 microavg - precision 0.9117 - recall 0.8843 - f1 0.8978 
INFO:root:TRAIN measures@1000 for class 0 - precision 0.4985 - recall 0.5274 - f1 0.5125 
INFO:root:TRAIN measures@1000 for class 1 - precision 0.9551 - recall 0.9184 - f1 0.9364 
INFO:root:TRAIN Total epoch time: 11.636734668165445
INFO:root:################ VALID epoch 83 ###################
INFO:root:VALID mean losses tensor(0.8878, device='cuda:0')
INFO:root:VALID mean errors 0.21359743177890778
INFO:root:VALID mean MRR 0.0 - mean MAP 0.8120218661300961
INFO:root:VALID tp {0: tensor(13, device='cuda:0'), 1: tensor(1456, device='cuda:0')},fn {0: tensor(333, device='cuda:0'), 1: tensor(66, device='cuda:0')},fp {0: tensor(66, device='cuda:0'), 1: tensor(333, device='cuda:0')}
INFO:root:VALID measures microavg - precision 0.7864 - recall 0.7864 - f1 0.7864 
INFO:root:VALID measures for class 0 - precision 0.1646 - recall 0.0376 - f1 0.0612 
INFO:root:VALID measures for class 1 - precision 0.8139 - recall 0.9566 - f1 0.8795 
INFO:root:VALID measures@10 microavg - precision 0.6611 - recall 0.0637 - f1 0.1162 
INFO:root:VALID measures@10 for class 0 - precision 0.1600 - recall 0.0231 - f1 0.0404 
INFO:root:VALID measures@10 for class 1 - precision 0.8538 - recall 0.0729 - f1 0.1344 
INFO:root:VALID measures@100 microavg - precision 0.7712 - recall 0.5610 - f1 0.6495 
INFO:root:VALID measures@100 for class 0 - precision 0.1646 - recall 0.0376 - f1 0.0612 
INFO:root:VALID measures@100 for class 1 - precision 0.8086 - recall 0.6800 - f1 0.7388 
INFO:root:VALID measures@1000 microavg - precision 0.7864 - recall 0.7864 - f1 0.7864 
INFO:root:VALID measures@1000 for class 0 - precision 0.1646 - recall 0.0376 - f1 0.0612 
INFO:root:VALID measures@1000 for class 1 - precision 0.8139 - recall 0.9566 - f1 0.8795 
INFO:root:VALID Total epoch time: 1.5873224418610334
INFO:root:################ TRAIN epoch 84 ###################
INFO:root:TRAIN mean losses tensor(0.0918, device='cuda:0')
INFO:root:TRAIN mean errors 0.08459649235010147
INFO:root:TRAIN mean MRR 0.0 - mean MAP 0.9815246152886633
INFO:root:TRAIN tp {0: tensor(1293, device='cuda:0'), 1: tensor(24796, device='cuda:0')},fn {0: tensor(1191, device='cuda:0'), 1: tensor(1220, device='cuda:0')},fp {0: tensor(1220, device='cuda:0'), 1: tensor(1191, device='cuda:0')}
INFO:root:TRAIN measures microavg - precision 0.9154 - recall 0.9154 - f1 0.9154 
INFO:root:TRAIN measures for class 0 - precision 0.5145 - recall 0.5205 - f1 0.5175 
INFO:root:TRAIN measures for class 1 - precision 0.9542 - recall 0.9531 - f1 0.9536 
INFO:root:TRAIN measures@10 microavg - precision 0.8604 - recall 0.0420 - f1 0.0800 
INFO:root:TRAIN measures@10 for class 0 - precision 0.6407 - recall 0.1393 - f1 0.2288 
INFO:root:TRAIN measures@10 for class 1 - precision 1.0000 - recall 0.0327 - f1 0.0633 
INFO:root:TRAIN measures@100 microavg - precision 0.8988 - recall 0.3307 - f1 0.4835 
INFO:root:TRAIN measures@100 for class 0 - precision 0.5346 - recall 0.4513 - f1 0.4894 
INFO:root:TRAIN measures@100 for class 1 - precision 0.9899 - recall 0.3192 - f1 0.4828 
INFO:root:TRAIN measures@1000 microavg - precision 0.9153 - recall 0.8860 - f1 0.9004 
INFO:root:TRAIN measures@1000 for class 0 - precision 0.5145 - recall 0.5205 - f1 0.5175 
INFO:root:TRAIN measures@1000 for class 1 - precision 0.9554 - recall 0.9209 - f1 0.9378 
INFO:root:TRAIN Total epoch time: 11.792741919867694
INFO:root:################ VALID epoch 84 ###################
INFO:root:VALID mean losses tensor(0.7843, device='cuda:0')
INFO:root:VALID mean errors 0.25535333156585693
INFO:root:VALID mean MRR 0.0 - mean MAP 0.7923163288552054
INFO:root:VALID tp {0: tensor(30, device='cuda:0'), 1: tensor(1361, device='cuda:0')},fn {0: tensor(316, device='cuda:0'), 1: tensor(161, device='cuda:0')},fp {0: tensor(161, device='cuda:0'), 1: tensor(316, device='cuda:0')}
INFO:root:VALID measures microavg - precision 0.7446 - recall 0.7446 - f1 0.7446 
INFO:root:VALID measures for class 0 - precision 0.1571 - recall 0.0867 - f1 0.1117 
INFO:root:VALID measures for class 1 - precision 0.8116 - recall 0.8942 - f1 0.8509 
INFO:root:VALID measures@10 microavg - precision 0.5000 - recall 0.0578 - f1 0.1036 
INFO:root:VALID measures@10 for class 0 - precision 0.1395 - recall 0.0347 - f1 0.0556 
INFO:root:VALID measures@10 for class 1 - precision 0.7385 - recall 0.0631 - f1 0.1162 
INFO:root:VALID measures@100 microavg - precision 0.7302 - recall 0.5621 - f1 0.6352 
INFO:root:VALID measures@100 for class 0 - precision 0.1571 - recall 0.0867 - f1 0.1117 
INFO:root:VALID measures@100 for class 1 - precision 0.8180 - recall 0.6702 - f1 0.7367 
INFO:root:VALID measures@1000 microavg - precision 0.7446 - recall 0.7446 - f1 0.7446 
INFO:root:VALID measures@1000 for class 0 - precision 0.1571 - recall 0.0867 - f1 0.1117 
INFO:root:VALID measures@1000 for class 1 - precision 0.8116 - recall 0.8942 - f1 0.8509 
INFO:root:VALID Total epoch time: 1.5469726417213678
INFO:root:################ TRAIN epoch 85 ###################
INFO:root:TRAIN mean losses tensor(0.0916, device='cuda:0')
INFO:root:TRAIN mean errors 0.08585964888334274
INFO:root:TRAIN mean MRR 0.0 - mean MAP 0.9819728897385176
INFO:root:TRAIN tp {0: tensor(1278, device='cuda:0'), 1: tensor(24775, device='cuda:0')},fn {0: tensor(1206, device='cuda:0'), 1: tensor(1241, device='cuda:0')},fp {0: tensor(1241, device='cuda:0'), 1: tensor(1206, device='cuda:0')}
INFO:root:TRAIN measures microavg - precision 0.9141 - recall 0.9141 - f1 0.9141 
INFO:root:TRAIN measures for class 0 - precision 0.5073 - recall 0.5145 - f1 0.5109 
INFO:root:TRAIN measures for class 1 - precision 0.9536 - recall 0.9523 - f1 0.9529 
INFO:root:TRAIN measures@10 microavg - precision 0.8380 - recall 0.0410 - f1 0.0782 
INFO:root:TRAIN measures@10 for class 0 - precision 0.5853 - recall 0.1284 - f1 0.2106 
INFO:root:TRAIN measures@10 for class 1 - precision 1.0000 - recall 0.0327 - f1 0.0633 
INFO:root:TRAIN measures@100 microavg - precision 0.8909 - recall 0.3325 - f1 0.4843 
INFO:root:TRAIN measures@100 for class 0 - precision 0.5104 - recall 0.4545 - f1 0.4808 
INFO:root:TRAIN measures@100 for class 1 - precision 0.9909 - recall 0.3208 - f1 0.4847 
INFO:root:TRAIN measures@1000 microavg - precision 0.9131 - recall 0.8869 - f1 0.8998 
INFO:root:TRAIN measures@1000 for class 0 - precision 0.5073 - recall 0.5145 - f1 0.5109 
INFO:root:TRAIN measures@1000 for class 1 - precision 0.9537 - recall 0.9225 - f1 0.9378 
INFO:root:TRAIN Total epoch time: 11.807889812625945
INFO:root:################ VALID epoch 85 ###################
INFO:root:VALID mean losses tensor(0.6749, device='cuda:0')
INFO:root:VALID mean errors 0.24732333421707153
INFO:root:VALID mean MRR 0.0 - mean MAP 0.8083662809841158
INFO:root:VALID tp {0: tensor(20, device='cuda:0'), 1: tensor(1386, device='cuda:0')},fn {0: tensor(326, device='cuda:0'), 1: tensor(136, device='cuda:0')},fp {0: tensor(136, device='cuda:0'), 1: tensor(326, device='cuda:0')}
INFO:root:VALID measures microavg - precision 0.7527 - recall 0.7527 - f1 0.7527 
INFO:root:VALID measures for class 0 - precision 0.1282 - recall 0.0578 - f1 0.0797 
INFO:root:VALID measures for class 1 - precision 0.8096 - recall 0.9106 - f1 0.8571 
INFO:root:VALID measures@10 microavg - precision 0.5223 - recall 0.0626 - f1 0.1119 
INFO:root:VALID measures@10 for class 0 - precision 0.1277 - recall 0.0347 - f1 0.0545 
INFO:root:VALID measures@10 for class 1 - precision 0.8077 - recall 0.0690 - f1 0.1271 
INFO:root:VALID measures@100 microavg - precision 0.7361 - recall 0.5584 - f1 0.6350 
INFO:root:VALID measures@100 for class 0 - precision 0.1282 - recall 0.0578 - f1 0.0797 
INFO:root:VALID measures@100 for class 1 - precision 0.8113 - recall 0.6721 - f1 0.7352 
INFO:root:VALID measures@1000 microavg - precision 0.7527 - recall 0.7527 - f1 0.7527 
INFO:root:VALID measures@1000 for class 0 - precision 0.1282 - recall 0.0578 - f1 0.0797 
INFO:root:VALID measures@1000 for class 1 - precision 0.8096 - recall 0.9106 - f1 0.8571 
INFO:root:VALID Total epoch time: 1.496024001389742
INFO:root:################ TRAIN epoch 86 ###################
INFO:root:TRAIN mean losses tensor(0.0910, device='cuda:0')
INFO:root:TRAIN mean errors 0.08852631598711014
INFO:root:TRAIN mean MRR 0.0 - mean MAP 0.9826183212296592
INFO:root:TRAIN tp {0: tensor(1353, device='cuda:0'), 1: tensor(24624, device='cuda:0')},fn {0: tensor(1131, device='cuda:0'), 1: tensor(1392, device='cuda:0')},fp {0: tensor(1392, device='cuda:0'), 1: tensor(1131, device='cuda:0')}
INFO:root:TRAIN measures microavg - precision 0.9115 - recall 0.9115 - f1 0.9115 
INFO:root:TRAIN measures for class 0 - precision 0.4929 - recall 0.5447 - f1 0.5175 
INFO:root:TRAIN measures for class 1 - precision 0.9561 - recall 0.9465 - f1 0.9513 
INFO:root:TRAIN measures@10 microavg - precision 0.8373 - recall 0.0417 - f1 0.0795 
INFO:root:TRAIN measures@10 for class 0 - precision 0.5947 - recall 0.1365 - f1 0.2220 
INFO:root:TRAIN measures@10 for class 1 - precision 1.0000 - recall 0.0327 - f1 0.0633 
INFO:root:TRAIN measures@100 microavg - precision 0.8869 - recall 0.3343 - f1 0.4856 
INFO:root:TRAIN measures@100 for class 0 - precision 0.5123 - recall 0.4795 - f1 0.4953 
INFO:root:TRAIN measures@100 for class 1 - precision 0.9904 - recall 0.3204 - f1 0.4842 
INFO:root:TRAIN measures@1000 microavg - precision 0.9115 - recall 0.8825 - f1 0.8968 
INFO:root:TRAIN measures@1000 for class 0 - precision 0.4929 - recall 0.5447 - f1 0.5175 
INFO:root:TRAIN measures@1000 for class 1 - precision 0.9577 - recall 0.9148 - f1 0.9358 
INFO:root:TRAIN Total epoch time: 11.414987559430301
INFO:root:################ VALID epoch 86 ###################
INFO:root:VALID mean losses tensor(0.9372, device='cuda:0')
INFO:root:VALID mean errors 0.20824411511421204
INFO:root:VALID mean MRR 0.0 - mean MAP 0.8078032742221297
INFO:root:VALID tp {0: tensor(6, device='cuda:0'), 1: tensor(1473, device='cuda:0')},fn {0: tensor(340, device='cuda:0'), 1: tensor(49, device='cuda:0')},fp {0: tensor(49, device='cuda:0'), 1: tensor(340, device='cuda:0')}
INFO:root:VALID measures microavg - precision 0.7918 - recall 0.7918 - f1 0.7918 
INFO:root:VALID measures for class 0 - precision 0.1091 - recall 0.0173 - f1 0.0299 
INFO:root:VALID measures for class 1 - precision 0.8125 - recall 0.9678 - f1 0.8834 
INFO:root:VALID measures@10 microavg - precision 0.6890 - recall 0.0605 - f1 0.1112 
INFO:root:VALID measures@10 for class 0 - precision 0.1765 - recall 0.0173 - f1 0.0316 
INFO:root:VALID measures@10 for class 1 - precision 0.8231 - recall 0.0703 - f1 0.1295 
INFO:root:VALID measures@100 microavg - precision 0.7888 - recall 0.5637 - f1 0.6575 
INFO:root:VALID measures@100 for class 0 - precision 0.1091 - recall 0.0173 - f1 0.0299 
INFO:root:VALID measures@100 for class 1 - precision 0.8180 - recall 0.6879 - f1 0.7473 
INFO:root:VALID measures@1000 microavg - precision 0.7918 - recall 0.7918 - f1 0.7918 
INFO:root:VALID measures@1000 for class 0 - precision 0.1091 - recall 0.0173 - f1 0.0299 
INFO:root:VALID measures@1000 for class 1 - precision 0.8125 - recall 0.9678 - f1 0.8834 
INFO:root:VALID Total epoch time: 1.422037840820849
INFO:root:################ TRAIN epoch 87 ###################
INFO:root:TRAIN mean losses tensor(0.1002, device='cuda:0')
INFO:root:TRAIN mean errors 0.09729824215173721
INFO:root:TRAIN mean MRR 0.0 - mean MAP 0.9776021478370236
INFO:root:TRAIN tp {0: tensor(1223, device='cuda:0'), 1: tensor(24504, device='cuda:0')},fn {0: tensor(1261, device='cuda:0'), 1: tensor(1512, device='cuda:0')},fp {0: tensor(1512, device='cuda:0'), 1: tensor(1261, device='cuda:0')}
INFO:root:TRAIN measures microavg - precision 0.9027 - recall 0.9027 - f1 0.9027 
INFO:root:TRAIN measures for class 0 - precision 0.4472 - recall 0.4924 - f1 0.4687 
INFO:root:TRAIN measures for class 1 - precision 0.9511 - recall 0.9419 - f1 0.9464 
INFO:root:TRAIN measures@10 microavg - precision 0.8073 - recall 0.0401 - f1 0.0765 
INFO:root:TRAIN measures@10 for class 0 - precision 0.5256 - recall 0.1200 - f1 0.1953 
INFO:root:TRAIN measures@10 for class 1 - precision 0.9953 - recall 0.0325 - f1 0.0630 
INFO:root:TRAIN measures@100 microavg - precision 0.8737 - recall 0.3262 - f1 0.4751 
INFO:root:TRAIN measures@100 for class 0 - precision 0.4637 - recall 0.4267 - f1 0.4444 
INFO:root:TRAIN measures@100 for class 1 - precision 0.9859 - recall 0.3166 - f1 0.4793 
INFO:root:TRAIN measures@1000 microavg - precision 0.9021 - recall 0.8740 - f1 0.8878 
INFO:root:TRAIN measures@1000 for class 0 - precision 0.4472 - recall 0.4924 - f1 0.4687 
INFO:root:TRAIN measures@1000 for class 1 - precision 0.9521 - recall 0.9104 - f1 0.9308 
INFO:root:TRAIN Total epoch time: 11.95530530065298
INFO:root:################ VALID epoch 87 ###################
INFO:root:VALID mean losses tensor(0.6972, device='cuda:0')
INFO:root:VALID mean errors 0.22591006755828857
INFO:root:VALID mean MRR 0.0 - mean MAP 0.8120163829036263
INFO:root:VALID tp {0: tensor(10, device='cuda:0'), 1: tensor(1436, device='cuda:0')},fn {0: tensor(336, device='cuda:0'), 1: tensor(86, device='cuda:0')},fp {0: tensor(86, device='cuda:0'), 1: tensor(336, device='cuda:0')}
INFO:root:VALID measures microavg - precision 0.7741 - recall 0.7741 - f1 0.7741 
INFO:root:VALID measures for class 0 - precision 0.1042 - recall 0.0289 - f1 0.0452 
INFO:root:VALID measures for class 1 - precision 0.8104 - recall 0.9435 - f1 0.8719 
INFO:root:VALID measures@10 microavg - precision 0.6216 - recall 0.0616 - f1 0.1120 
INFO:root:VALID measures@10 for class 0 - precision 0.1818 - recall 0.0289 - f1 0.0499 
INFO:root:VALID measures@10 for class 1 - precision 0.8077 - recall 0.0690 - f1 0.1271 
INFO:root:VALID measures@100 microavg - precision 0.7711 - recall 0.5664 - f1 0.6531 
INFO:root:VALID measures@100 for class 0 - precision 0.1042 - recall 0.0289 - f1 0.0452 
INFO:root:VALID measures@100 for class 1 - precision 0.8213 - recall 0.6886 - f1 0.7491 
INFO:root:VALID measures@1000 microavg - precision 0.7741 - recall 0.7741 - f1 0.7741 
INFO:root:VALID measures@1000 for class 0 - precision 0.1042 - recall 0.0289 - f1 0.0452 
INFO:root:VALID measures@1000 for class 1 - precision 0.8104 - recall 0.9435 - f1 0.8719 
INFO:root:VALID Total epoch time: 1.5063199158757925
INFO:root:################ TRAIN epoch 88 ###################
INFO:root:TRAIN mean losses tensor(0.0955, device='cuda:0')
INFO:root:TRAIN mean errors 0.08859649300575256
INFO:root:TRAIN mean MRR 0.0 - mean MAP 0.9808931470679928
INFO:root:TRAIN tp {0: tensor(1280, device='cuda:0'), 1: tensor(24695, device='cuda:0')},fn {0: tensor(1204, device='cuda:0'), 1: tensor(1321, device='cuda:0')},fp {0: tensor(1321, device='cuda:0'), 1: tensor(1204, device='cuda:0')}
INFO:root:TRAIN measures microavg - precision 0.9114 - recall 0.9114 - f1 0.9114 
INFO:root:TRAIN measures for class 0 - precision 0.4921 - recall 0.5153 - f1 0.5034 
INFO:root:TRAIN measures for class 1 - precision 0.9535 - recall 0.9492 - f1 0.9514 
INFO:root:TRAIN measures@10 microavg - precision 0.8213 - recall 0.0409 - f1 0.0780 
INFO:root:TRAIN measures@10 for class 0 - precision 0.5569 - recall 0.1280 - f1 0.2082 
INFO:root:TRAIN measures@10 for class 1 - precision 0.9988 - recall 0.0326 - f1 0.0632 
INFO:root:TRAIN measures@100 microavg - precision 0.8906 - recall 0.3316 - f1 0.4833 
INFO:root:TRAIN measures@100 for class 0 - precision 0.5140 - recall 0.4501 - f1 0.4799 
INFO:root:TRAIN measures@100 for class 1 - precision 0.9877 - recall 0.3203 - f1 0.4837 
INFO:root:TRAIN measures@1000 microavg - precision 0.9105 - recall 0.8836 - f1 0.8969 
INFO:root:TRAIN measures@1000 for class 0 - precision 0.4921 - recall 0.5153 - f1 0.5034 
INFO:root:TRAIN measures@1000 for class 1 - precision 0.9540 - recall 0.9188 - f1 0.9361 
INFO:root:TRAIN Total epoch time: 11.994566935114563
INFO:root:################ VALID epoch 88 ###################
INFO:root:VALID mean losses tensor(0.5046, device='cuda:0')
INFO:root:VALID mean errors 0.3356530964374542
INFO:root:VALID mean MRR 0.0 - mean MAP 0.8049524438930947
INFO:root:VALID tp {0: tensor(43, device='cuda:0'), 1: tensor(1198, device='cuda:0')},fn {0: tensor(303, device='cuda:0'), 1: tensor(324, device='cuda:0')},fp {0: tensor(324, device='cuda:0'), 1: tensor(303, device='cuda:0')}
INFO:root:VALID measures microavg - precision 0.6643 - recall 0.6643 - f1 0.6643 
INFO:root:VALID measures for class 0 - precision 0.1172 - recall 0.1243 - f1 0.1206 
INFO:root:VALID measures for class 1 - precision 0.7981 - recall 0.7871 - f1 0.7926 
INFO:root:VALID measures@10 microavg - precision 0.5284 - recall 0.0648 - f1 0.1154 
INFO:root:VALID measures@10 for class 0 - precision 0.1919 - recall 0.0549 - f1 0.0854 
INFO:root:VALID measures@10 for class 1 - precision 0.7846 - recall 0.0670 - f1 0.1235 
INFO:root:VALID measures@100 microavg - precision 0.6449 - recall 0.5385 - f1 0.5869 
INFO:root:VALID measures@100 for class 0 - precision 0.1172 - recall 0.1243 - f1 0.1206 
INFO:root:VALID measures@100 for class 1 - precision 0.8072 - recall 0.6327 - f1 0.7094 
INFO:root:VALID measures@1000 microavg - precision 0.6643 - recall 0.6643 - f1 0.6643 
INFO:root:VALID measures@1000 for class 0 - precision 0.1172 - recall 0.1243 - f1 0.1206 
INFO:root:VALID measures@1000 for class 1 - precision 0.7981 - recall 0.7871 - f1 0.7926 
INFO:root:VALID Total epoch time: 1.8568749530240893
INFO:root:################ TRAIN epoch 89 ###################
INFO:root:TRAIN mean losses tensor(0.0955, device='cuda:0')
INFO:root:TRAIN mean errors 0.0940350890159607
INFO:root:TRAIN mean MRR 0.0 - mean MAP 0.9789086572567318
INFO:root:TRAIN tp {0: tensor(1252, device='cuda:0'), 1: tensor(24568, device='cuda:0')},fn {0: tensor(1232, device='cuda:0'), 1: tensor(1448, device='cuda:0')},fp {0: tensor(1448, device='cuda:0'), 1: tensor(1232, device='cuda:0')}
INFO:root:TRAIN measures microavg - precision 0.9060 - recall 0.9060 - f1 0.9060 
INFO:root:TRAIN measures for class 0 - precision 0.4637 - recall 0.5040 - f1 0.4830 
INFO:root:TRAIN measures for class 1 - precision 0.9522 - recall 0.9443 - f1 0.9483 
INFO:root:TRAIN measures@10 microavg - precision 0.8192 - recall 0.0421 - f1 0.0802 
INFO:root:TRAIN measures@10 for class 0 - precision 0.5747 - recall 0.1425 - f1 0.2284 
INFO:root:TRAIN measures@10 for class 1 - precision 0.9965 - recall 0.0326 - f1 0.0631 
INFO:root:TRAIN measures@100 microavg - precision 0.8732 - recall 0.3307 - f1 0.4798 
INFO:root:TRAIN measures@100 for class 0 - precision 0.4691 - recall 0.4436 - f1 0.4560 
INFO:root:TRAIN measures@100 for class 1 - precision 0.9856 - recall 0.3200 - f1 0.4831 
INFO:root:TRAIN measures@1000 microavg - precision 0.9050 - recall 0.8789 - f1 0.8918 
INFO:root:TRAIN measures@1000 for class 0 - precision 0.4637 - recall 0.5040 - f1 0.4830 
INFO:root:TRAIN measures@1000 for class 1 - precision 0.9528 - recall 0.9147 - f1 0.9333 
INFO:root:TRAIN Total epoch time: 11.55269104335457
INFO:root:################ VALID epoch 89 ###################
INFO:root:VALID mean losses tensor(1.0754, device='cuda:0')
INFO:root:VALID mean errors 0.29068523645401
INFO:root:VALID mean MRR 0.0 - mean MAP 0.8136768398526527
INFO:root:VALID tp {0: tensor(31, device='cuda:0'), 1: tensor(1294, device='cuda:0')},fn {0: tensor(315, device='cuda:0'), 1: tensor(228, device='cuda:0')},fp {0: tensor(228, device='cuda:0'), 1: tensor(315, device='cuda:0')}
INFO:root:VALID measures microavg - precision 0.7093 - recall 0.7093 - f1 0.7093 
INFO:root:VALID measures for class 0 - precision 0.1197 - recall 0.0896 - f1 0.1025 
INFO:root:VALID measures for class 1 - precision 0.8042 - recall 0.8502 - f1 0.8266 
INFO:root:VALID measures@10 microavg - precision 0.5179 - recall 0.0621 - f1 0.1109 
INFO:root:VALID measures@10 for class 0 - precision 0.0851 - recall 0.0231 - f1 0.0364 
INFO:root:VALID measures@10 for class 1 - precision 0.8308 - recall 0.0710 - f1 0.1308 
INFO:root:VALID measures@100 microavg - precision 0.6880 - recall 0.5514 - f1 0.6122 
INFO:root:VALID measures@100 for class 0 - precision 0.1197 - recall 0.0896 - f1 0.1025 
INFO:root:VALID measures@100 for class 1 - precision 0.8069 - recall 0.6564 - f1 0.7239 
INFO:root:VALID measures@1000 microavg - precision 0.7093 - recall 0.7093 - f1 0.7093 
INFO:root:VALID measures@1000 for class 0 - precision 0.1197 - recall 0.0896 - f1 0.1025 
INFO:root:VALID measures@1000 for class 1 - precision 0.8042 - recall 0.8502 - f1 0.8266 
INFO:root:VALID Total epoch time: 1.7476781271398067
INFO:root:################ TRAIN epoch 90 ###################
INFO:root:TRAIN mean losses tensor(0.0989, device='cuda:0')
INFO:root:TRAIN mean errors 0.09859649091959
INFO:root:TRAIN mean MRR 0.0 - mean MAP 0.9799673441862136
INFO:root:TRAIN tp {0: tensor(1229, device='cuda:0'), 1: tensor(24461, device='cuda:0')},fn {0: tensor(1255, device='cuda:0'), 1: tensor(1555, device='cuda:0')},fp {0: tensor(1555, device='cuda:0'), 1: tensor(1255, device='cuda:0')}
INFO:root:TRAIN measures microavg - precision 0.9014 - recall 0.9014 - f1 0.9014 
INFO:root:TRAIN measures for class 0 - precision 0.4415 - recall 0.4948 - f1 0.4666 
INFO:root:TRAIN measures for class 1 - precision 0.9512 - recall 0.9402 - f1 0.9457 
INFO:root:TRAIN measures@10 microavg - precision 0.8120 - recall 0.0403 - f1 0.0768 
INFO:root:TRAIN measures@10 for class 0 - precision 0.5292 - recall 0.1204 - f1 0.1961 
INFO:root:TRAIN measures@10 for class 1 - precision 1.0000 - recall 0.0327 - f1 0.0633 
INFO:root:TRAIN measures@100 microavg - precision 0.8653 - recall 0.3294 - f1 0.4772 
INFO:root:TRAIN measures@100 for class 0 - precision 0.4412 - recall 0.4364 - f1 0.4388 
INFO:root:TRAIN measures@100 for class 1 - precision 0.9894 - recall 0.3192 - f1 0.4827 
INFO:root:TRAIN measures@1000 microavg - precision 0.9012 - recall 0.8722 - f1 0.8865 
INFO:root:TRAIN measures@1000 for class 0 - precision 0.4415 - recall 0.4948 - f1 0.4666 
INFO:root:TRAIN measures@1000 for class 1 - precision 0.9528 - recall 0.9082 - f1 0.9300 
INFO:root:TRAIN Total epoch time: 11.676155528053641
INFO:root:################ VALID epoch 90 ###################
INFO:root:VALID mean losses tensor(0.8307, device='cuda:0')
INFO:root:VALID mean errors 0.19325481355190277
INFO:root:VALID mean MRR 0.0 - mean MAP 0.8113269801176053
INFO:root:VALID tp {0: tensor(5, device='cuda:0'), 1: tensor(1502, device='cuda:0')},fn {0: tensor(341, device='cuda:0'), 1: tensor(20, device='cuda:0')},fp {0: tensor(20, device='cuda:0'), 1: tensor(341, device='cuda:0')}
INFO:root:VALID measures microavg - precision 0.8067 - recall 0.8067 - f1 0.8067 
INFO:root:VALID measures for class 0 - precision 0.2000 - recall 0.0145 - f1 0.0270 
INFO:root:VALID measures for class 1 - precision 0.8150 - recall 0.9869 - f1 0.8927 
INFO:root:VALID measures@10 microavg - precision 0.7320 - recall 0.0600 - f1 0.1108 
INFO:root:VALID measures@10 for class 0 - precision 0.2174 - recall 0.0145 - f1 0.0271 
INFO:root:VALID measures@10 for class 1 - precision 0.8231 - recall 0.0703 - f1 0.1295 
INFO:root:VALID measures@100 microavg - precision 0.8008 - recall 0.5594 - f1 0.6587 
INFO:root:VALID measures@100 for class 0 - precision 0.2000 - recall 0.0145 - f1 0.0270 
INFO:root:VALID measures@100 for class 1 - precision 0.8125 - recall 0.6833 - f1 0.7423 
INFO:root:VALID measures@1000 microavg - precision 0.8067 - recall 0.8067 - f1 0.8067 
INFO:root:VALID measures@1000 for class 0 - precision 0.2000 - recall 0.0145 - f1 0.0270 
INFO:root:VALID measures@1000 for class 1 - precision 0.8150 - recall 0.9869 - f1 0.8927 
INFO:root:VALID Total epoch time: 1.5762139596045017
INFO:root:################ TRAIN epoch 91 ###################
INFO:root:TRAIN mean losses tensor(0.0961, device='cuda:0')
INFO:root:TRAIN mean errors 0.0895087718963623
INFO:root:TRAIN mean MRR 0.0 - mean MAP 0.9808430844707048
INFO:root:TRAIN tp {0: tensor(1209, device='cuda:0'), 1: tensor(24740, device='cuda:0')},fn {0: tensor(1275, device='cuda:0'), 1: tensor(1276, device='cuda:0')},fp {0: tensor(1276, device='cuda:0'), 1: tensor(1275, device='cuda:0')}
INFO:root:TRAIN measures microavg - precision 0.9105 - recall 0.9105 - f1 0.9105 
INFO:root:TRAIN measures for class 0 - precision 0.4865 - recall 0.4867 - f1 0.4866 
INFO:root:TRAIN measures for class 1 - precision 0.9510 - recall 0.9510 - f1 0.9510 
INFO:root:TRAIN measures@10 microavg - precision 0.8277 - recall 0.0409 - f1 0.0780 
INFO:root:TRAIN measures@10 for class 0 - precision 0.5679 - recall 0.1280 - f1 0.2089 
INFO:root:TRAIN measures@10 for class 1 - precision 0.9988 - recall 0.0326 - f1 0.0632 
INFO:root:TRAIN measures@100 microavg - precision 0.8946 - recall 0.3282 - f1 0.4803 
INFO:root:TRAIN measures@100 for class 0 - precision 0.5117 - recall 0.4223 - f1 0.4627 
INFO:root:TRAIN measures@100 for class 1 - precision 0.9880 - recall 0.3193 - f1 0.4826 
INFO:root:TRAIN measures@1000 microavg - precision 0.9101 - recall 0.8829 - f1 0.8963 
INFO:root:TRAIN measures@1000 for class 0 - precision 0.4865 - recall 0.4867 - f1 0.4866 
INFO:root:TRAIN measures@1000 for class 1 - precision 0.9520 - recall 0.9207 - f1 0.9361 
INFO:root:TRAIN Total epoch time: 11.52704219892621
INFO:root:################ VALID epoch 91 ###################
INFO:root:VALID mean losses tensor(0.5893, device='cuda:0')
INFO:root:VALID mean errors 0.2210920751094818
INFO:root:VALID mean MRR 0.0 - mean MAP 0.7992680301504509
INFO:root:VALID tp {0: tensor(13, device='cuda:0'), 1: tensor(1442, device='cuda:0')},fn {0: tensor(333, device='cuda:0'), 1: tensor(80, device='cuda:0')},fp {0: tensor(80, device='cuda:0'), 1: tensor(333, device='cuda:0')}
INFO:root:VALID measures microavg - precision 0.7789 - recall 0.7789 - f1 0.7789 
INFO:root:VALID measures for class 0 - precision 0.1398 - recall 0.0376 - f1 0.0592 
INFO:root:VALID measures for class 1 - precision 0.8124 - recall 0.9474 - f1 0.8747 
INFO:root:VALID measures@10 microavg - precision 0.6209 - recall 0.0605 - f1 0.1102 
INFO:root:VALID measures@10 for class 0 - precision 0.2115 - recall 0.0318 - f1 0.0553 
INFO:root:VALID measures@10 for class 1 - precision 0.7846 - recall 0.0670 - f1 0.1235 
INFO:root:VALID measures@100 microavg - precision 0.7672 - recall 0.5626 - f1 0.6492 
INFO:root:VALID measures@100 for class 0 - precision 0.1398 - recall 0.0376 - f1 0.0592 
INFO:root:VALID measures@100 for class 1 - precision 0.8128 - recall 0.6820 - f1 0.7417 
INFO:root:VALID measures@1000 microavg - precision 0.7789 - recall 0.7789 - f1 0.7789 
INFO:root:VALID measures@1000 for class 0 - precision 0.1398 - recall 0.0376 - f1 0.0592 
INFO:root:VALID measures@1000 for class 1 - precision 0.8124 - recall 0.9474 - f1 0.8747 
INFO:root:VALID Total epoch time: 1.4218758028000593
INFO:root:################ TRAIN epoch 92 ###################
INFO:root:TRAIN mean losses tensor(0.0885, device='cuda:0')
INFO:root:TRAIN mean errors 0.08936841785907745
INFO:root:TRAIN mean MRR 0.0 - mean MAP 0.983286469770117
INFO:root:TRAIN tp {0: tensor(1305, device='cuda:0'), 1: tensor(24648, device='cuda:0')},fn {0: tensor(1179, device='cuda:0'), 1: tensor(1368, device='cuda:0')},fp {0: tensor(1368, device='cuda:0'), 1: tensor(1179, device='cuda:0')}
INFO:root:TRAIN measures microavg - precision 0.9106 - recall 0.9106 - f1 0.9106 
INFO:root:TRAIN measures for class 0 - precision 0.4882 - recall 0.5254 - f1 0.5061 
INFO:root:TRAIN measures for class 1 - precision 0.9544 - recall 0.9474 - f1 0.9509 
INFO:root:TRAIN measures@10 microavg - precision 0.8405 - recall 0.0416 - f1 0.0793 
INFO:root:TRAIN measures@10 for class 0 - precision 0.5989 - recall 0.1353 - f1 0.2207 
INFO:root:TRAIN measures@10 for class 1 - precision 1.0000 - recall 0.0327 - f1 0.0633 
INFO:root:TRAIN measures@100 microavg - precision 0.8908 - recall 0.3330 - f1 0.4848 
INFO:root:TRAIN measures@100 for class 0 - precision 0.5098 - recall 0.4585 - f1 0.4828 
INFO:root:TRAIN measures@100 for class 1 - precision 0.9919 - recall 0.3210 - f1 0.4850 
INFO:root:TRAIN measures@1000 microavg - precision 0.9098 - recall 0.8834 - f1 0.8964 
INFO:root:TRAIN measures@1000 for class 0 - precision 0.4882 - recall 0.5254 - f1 0.5061 
INFO:root:TRAIN measures@1000 for class 1 - precision 0.9548 - recall 0.9176 - f1 0.9358 
INFO:root:TRAIN Total epoch time: 11.360261945053935
INFO:root:################ VALID epoch 92 ###################
INFO:root:VALID mean losses tensor(0.9741, device='cuda:0')
INFO:root:VALID mean errors 0.22591006755828857
INFO:root:VALID mean MRR 0.0 - mean MAP 0.8052392243994088
INFO:root:VALID tp {0: tensor(6, device='cuda:0'), 1: tensor(1440, device='cuda:0')},fn {0: tensor(340, device='cuda:0'), 1: tensor(82, device='cuda:0')},fp {0: tensor(82, device='cuda:0'), 1: tensor(340, device='cuda:0')}
INFO:root:VALID measures microavg - precision 0.7741 - recall 0.7741 - f1 0.7741 
INFO:root:VALID measures for class 0 - precision 0.0682 - recall 0.0173 - f1 0.0276 
INFO:root:VALID measures for class 1 - precision 0.8090 - recall 0.9461 - f1 0.8722 
INFO:root:VALID measures@10 microavg - precision 0.6167 - recall 0.0594 - f1 0.1084 
INFO:root:VALID measures@10 for class 0 - precision 0.1200 - recall 0.0173 - f1 0.0303 
INFO:root:VALID measures@10 for class 1 - precision 0.8077 - recall 0.0690 - f1 0.1271 
INFO:root:VALID measures@100 microavg - precision 0.7613 - recall 0.5567 - f1 0.6432 
INFO:root:VALID measures@100 for class 0 - precision 0.0682 - recall 0.0173 - f1 0.0276 
INFO:root:VALID measures@100 for class 1 - precision 0.8091 - recall 0.6794 - f1 0.7386 
INFO:root:VALID measures@1000 microavg - precision 0.7741 - recall 0.7741 - f1 0.7741 
INFO:root:VALID measures@1000 for class 0 - precision 0.0682 - recall 0.0173 - f1 0.0276 
INFO:root:VALID measures@1000 for class 1 - precision 0.8090 - recall 0.9461 - f1 0.8722 
INFO:root:VALID Total epoch time: 1.502569236792624
INFO:root:################ TRAIN epoch 93 ###################
INFO:root:TRAIN mean losses tensor(0.0867, device='cuda:0')
INFO:root:TRAIN mean errors 0.08996491134166718
INFO:root:TRAIN mean MRR 0.0 - mean MAP 0.9847011985382672
INFO:root:TRAIN tp {0: tensor(1408, device='cuda:0'), 1: tensor(24528, device='cuda:0')},fn {0: tensor(1076, device='cuda:0'), 1: tensor(1488, device='cuda:0')},fp {0: tensor(1488, device='cuda:0'), 1: tensor(1076, device='cuda:0')}
INFO:root:TRAIN measures microavg - precision 0.9100 - recall 0.9100 - f1 0.9100 
INFO:root:TRAIN measures for class 0 - precision 0.4862 - recall 0.5668 - f1 0.5234 
INFO:root:TRAIN measures for class 1 - precision 0.9580 - recall 0.9428 - f1 0.9503 
INFO:root:TRAIN measures@10 microavg - precision 0.8444 - recall 0.0427 - f1 0.0812 
INFO:root:TRAIN measures@10 for class 0 - precision 0.6203 - recall 0.1473 - f1 0.2381 
INFO:root:TRAIN measures@10 for class 1 - precision 1.0000 - recall 0.0327 - f1 0.0633 
INFO:root:TRAIN measures@100 microavg - precision 0.8879 - recall 0.3371 - f1 0.4886 
INFO:root:TRAIN measures@100 for class 0 - precision 0.5189 - recall 0.4972 - f1 0.5078 
INFO:root:TRAIN measures@100 for class 1 - precision 0.9919 - recall 0.3218 - f1 0.4859 
INFO:root:TRAIN measures@1000 microavg - precision 0.9098 - recall 0.8804 - f1 0.8949 
INFO:root:TRAIN measures@1000 for class 0 - precision 0.4862 - recall 0.5668 - f1 0.5234 
INFO:root:TRAIN measures@1000 for class 1 - precision 0.9595 - recall 0.9104 - f1 0.9343 
INFO:root:TRAIN Total epoch time: 11.771411432884634
INFO:root:################ VALID epoch 93 ###################
INFO:root:VALID mean losses tensor(0.8446, device='cuda:0')
INFO:root:VALID mean errors 0.21680942177772522
INFO:root:VALID mean MRR 0.0 - mean MAP 0.806383025520964
INFO:root:VALID tp {0: tensor(13, device='cuda:0'), 1: tensor(1450, device='cuda:0')},fn {0: tensor(333, device='cuda:0'), 1: tensor(72, device='cuda:0')},fp {0: tensor(72, device='cuda:0'), 1: tensor(333, device='cuda:0')}
INFO:root:VALID measures microavg - precision 0.7832 - recall 0.7832 - f1 0.7832 
INFO:root:VALID measures for class 0 - precision 0.1529 - recall 0.0376 - f1 0.0603 
INFO:root:VALID measures for class 1 - precision 0.8132 - recall 0.9527 - f1 0.8775 
INFO:root:VALID measures@10 microavg - precision 0.5628 - recall 0.0600 - f1 0.1084 
INFO:root:VALID measures@10 for class 0 - precision 0.1739 - recall 0.0347 - f1 0.0578 
INFO:root:VALID measures@10 for class 1 - precision 0.7692 - recall 0.0657 - f1 0.1211 
INFO:root:VALID measures@100 microavg - precision 0.7766 - recall 0.5675 - f1 0.6557 
INFO:root:VALID measures@100 for class 0 - precision 0.1529 - recall 0.0376 - f1 0.0603 
INFO:root:VALID measures@100 for class 1 - precision 0.8180 - recall 0.6879 - f1 0.7473 
INFO:root:VALID measures@1000 microavg - precision 0.7832 - recall 0.7832 - f1 0.7832 
INFO:root:VALID measures@1000 for class 0 - precision 0.1529 - recall 0.0376 - f1 0.0603 
INFO:root:VALID measures@1000 for class 1 - precision 0.8132 - recall 0.9527 - f1 0.8775 
INFO:root:VALID Total epoch time: 1.6529596811160445
INFO:root:################ TRAIN epoch 94 ###################
INFO:root:TRAIN mean losses tensor(0.0852, device='cuda:0')
INFO:root:TRAIN mean errors 0.08799999952316284
INFO:root:TRAIN mean MRR 0.0 - mean MAP 0.9848343610082982
INFO:root:TRAIN tp {0: tensor(1442, device='cuda:0'), 1: tensor(24550, device='cuda:0')},fn {0: tensor(1042, device='cuda:0'), 1: tensor(1466, device='cuda:0')},fp {0: tensor(1466, device='cuda:0'), 1: tensor(1042, device='cuda:0')}
INFO:root:TRAIN measures microavg - precision 0.9120 - recall 0.9120 - f1 0.9120 
INFO:root:TRAIN measures for class 0 - precision 0.4959 - recall 0.5805 - f1 0.5349 
INFO:root:TRAIN measures for class 1 - precision 0.9593 - recall 0.9437 - f1 0.9514 
INFO:root:TRAIN measures@10 microavg - precision 0.8447 - recall 0.0420 - f1 0.0800 
INFO:root:TRAIN measures@10 for class 0 - precision 0.6120 - recall 0.1397 - f1 0.2275 
INFO:root:TRAIN measures@10 for class 1 - precision 1.0000 - recall 0.0327 - f1 0.0633 
INFO:root:TRAIN measures@100 microavg - precision 0.8811 - recall 0.3373 - f1 0.4878 
INFO:root:TRAIN measures@100 for class 0 - precision 0.5078 - recall 0.5109 - f1 0.5093 
INFO:root:TRAIN measures@100 for class 1 - precision 0.9920 - recall 0.3207 - f1 0.4847 
INFO:root:TRAIN measures@1000 microavg - precision 0.9111 - recall 0.8847 - f1 0.8977 
INFO:root:TRAIN measures@1000 for class 0 - precision 0.4959 - recall 0.5805 - f1 0.5349 
INFO:root:TRAIN measures@1000 for class 1 - precision 0.9599 - recall 0.9137 - f1 0.9362 
INFO:root:TRAIN Total epoch time: 11.964224006980658
INFO:root:################ VALID epoch 94 ###################
INFO:root:VALID mean losses tensor(0.9263, device='cuda:0')
INFO:root:VALID mean errors 0.2130620926618576
INFO:root:VALID mean MRR 0.0 - mean MAP 0.80066619567868
INFO:root:VALID tp {0: tensor(6, device='cuda:0'), 1: tensor(1464, device='cuda:0')},fn {0: tensor(340, device='cuda:0'), 1: tensor(58, device='cuda:0')},fp {0: tensor(58, device='cuda:0'), 1: tensor(340, device='cuda:0')}
INFO:root:VALID measures microavg - precision 0.7869 - recall 0.7869 - f1 0.7869 
INFO:root:VALID measures for class 0 - precision 0.0938 - recall 0.0173 - f1 0.0293 
INFO:root:VALID measures for class 1 - precision 0.8115 - recall 0.9619 - f1 0.8803 
INFO:root:VALID measures@10 microavg - precision 0.6264 - recall 0.0584 - f1 0.1068 
INFO:root:VALID measures@10 for class 0 - precision 0.1136 - recall 0.0145 - f1 0.0256 
INFO:root:VALID measures@10 for class 1 - precision 0.8000 - recall 0.0683 - f1 0.1259 
INFO:root:VALID measures@100 microavg - precision 0.7894 - recall 0.5680 - f1 0.6606 
INFO:root:VALID measures@100 for class 0 - precision 0.0938 - recall 0.0173 - f1 0.0293 
INFO:root:VALID measures@100 for class 1 - precision 0.8242 - recall 0.6932 - f1 0.7530 
INFO:root:VALID measures@1000 microavg - precision 0.7869 - recall 0.7869 - f1 0.7869 
INFO:root:VALID measures@1000 for class 0 - precision 0.0938 - recall 0.0173 - f1 0.0293 
INFO:root:VALID measures@1000 for class 1 - precision 0.8115 - recall 0.9619 - f1 0.8803 
INFO:root:VALID Total epoch time: 1.6280519580468535
INFO:root:################ TRAIN epoch 95 ###################
INFO:root:TRAIN mean losses tensor(0.0849, device='cuda:0')
INFO:root:TRAIN mean errors 0.08175438642501831
INFO:root:TRAIN mean MRR 0.0 - mean MAP 0.9848972355290956
INFO:root:TRAIN tp {0: tensor(1390, device='cuda:0'), 1: tensor(24780, device='cuda:0')},fn {0: tensor(1094, device='cuda:0'), 1: tensor(1236, device='cuda:0')},fp {0: tensor(1236, device='cuda:0'), 1: tensor(1094, device='cuda:0')}
INFO:root:TRAIN measures microavg - precision 0.9182 - recall 0.9182 - f1 0.9182 
INFO:root:TRAIN measures for class 0 - precision 0.5293 - recall 0.5596 - f1 0.5440 
INFO:root:TRAIN measures for class 1 - precision 0.9577 - recall 0.9525 - f1 0.9551 
INFO:root:TRAIN measures@10 microavg - precision 0.8386 - recall 0.0432 - f1 0.0822 
INFO:root:TRAIN measures@10 for class 0 - precision 0.6165 - recall 0.1534 - f1 0.2456 
INFO:root:TRAIN measures@10 for class 1 - precision 1.0000 - recall 0.0327 - f1 0.0633 
INFO:root:TRAIN measures@100 microavg - precision 0.8984 - recall 0.3372 - f1 0.4903 
INFO:root:TRAIN measures@100 for class 0 - precision 0.5483 - recall 0.5004 - f1 0.5233 
INFO:root:TRAIN measures@100 for class 1 - precision 0.9925 - recall 0.3216 - f1 0.4858 
INFO:root:TRAIN measures@1000 microavg - precision 0.9174 - recall 0.8896 - f1 0.9033 
INFO:root:TRAIN measures@1000 for class 0 - precision 0.5293 - recall 0.5596 - f1 0.5440 
INFO:root:TRAIN measures@1000 for class 1 - precision 0.9582 - recall 0.9212 - f1 0.9393 
INFO:root:TRAIN Total epoch time: 11.371201030910015
INFO:root:################ VALID epoch 95 ###################
INFO:root:VALID mean losses tensor(0.8108, device='cuda:0')
INFO:root:VALID mean errors 0.2419700175523758
INFO:root:VALID mean MRR 0.0 - mean MAP 0.8000512738777829
INFO:root:VALID tp {0: tensor(22, device='cuda:0'), 1: tensor(1394, device='cuda:0')},fn {0: tensor(324, device='cuda:0'), 1: tensor(128, device='cuda:0')},fp {0: tensor(128, device='cuda:0'), 1: tensor(324, device='cuda:0')}
INFO:root:VALID measures microavg - precision 0.7580 - recall 0.7580 - f1 0.7580 
INFO:root:VALID measures for class 0 - precision 0.1467 - recall 0.0636 - f1 0.0887 
INFO:root:VALID measures for class 1 - precision 0.8114 - recall 0.9159 - f1 0.8605 
INFO:root:VALID measures@10 microavg - precision 0.5463 - recall 0.0600 - f1 0.1081 
INFO:root:VALID measures@10 for class 0 - precision 0.1867 - recall 0.0405 - f1 0.0665 
INFO:root:VALID measures@10 for class 1 - precision 0.7538 - recall 0.0644 - f1 0.1186 
INFO:root:VALID measures@100 microavg - precision 0.7484 - recall 0.5621 - f1 0.6420 
INFO:root:VALID measures@100 for class 0 - precision 0.1467 - recall 0.0636 - f1 0.0887 
INFO:root:VALID measures@100 for class 1 - precision 0.8204 - recall 0.6754 - f1 0.7409 
INFO:root:VALID measures@1000 microavg - precision 0.7580 - recall 0.7580 - f1 0.7580 
INFO:root:VALID measures@1000 for class 0 - precision 0.1467 - recall 0.0636 - f1 0.0887 
INFO:root:VALID measures@1000 for class 1 - precision 0.8114 - recall 0.9159 - f1 0.8605 
INFO:root:VALID Total epoch time: 1.2973903259262443
INFO:root:################ TRAIN epoch 96 ###################
INFO:root:TRAIN mean losses tensor(0.0860, device='cuda:0')
INFO:root:TRAIN mean errors 0.09814035147428513
INFO:root:TRAIN mean MRR 0.0 - mean MAP 0.9846028487260666
INFO:root:TRAIN tp {0: tensor(1504, device='cuda:0'), 1: tensor(24199, device='cuda:0')},fn {0: tensor(980, device='cuda:0'), 1: tensor(1817, device='cuda:0')},fp {0: tensor(1817, device='cuda:0'), 1: tensor(980, device='cuda:0')}
INFO:root:TRAIN measures microavg - precision 0.9019 - recall 0.9019 - f1 0.9019 
INFO:root:TRAIN measures for class 0 - precision 0.4529 - recall 0.6055 - f1 0.5182 
INFO:root:TRAIN measures for class 1 - precision 0.9611 - recall 0.9302 - f1 0.9454 
INFO:root:TRAIN measures@10 microavg - precision 0.8386 - recall 0.0427 - f1 0.0812 
INFO:root:TRAIN measures@10 for class 0 - precision 0.6100 - recall 0.1473 - f1 0.2374 
INFO:root:TRAIN measures@10 for class 1 - precision 1.0000 - recall 0.0327 - f1 0.0633 
INFO:root:TRAIN measures@100 microavg - precision 0.8710 - recall 0.3398 - f1 0.4888 
INFO:root:TRAIN measures@100 for class 0 - precision 0.4922 - recall 0.5362 - f1 0.5133 
INFO:root:TRAIN measures@100 for class 1 - precision 0.9929 - recall 0.3210 - f1 0.4851 
INFO:root:TRAIN measures@1000 microavg - precision 0.9006 - recall 0.8789 - f1 0.8896 
INFO:root:TRAIN measures@1000 for class 0 - precision 0.4529 - recall 0.6055 - f1 0.5182 
INFO:root:TRAIN measures@1000 for class 1 - precision 0.9613 - recall 0.9050 - f1 0.9323 
INFO:root:TRAIN Total epoch time: 11.558248834684491
INFO:root:################ VALID epoch 96 ###################
INFO:root:VALID mean losses tensor(0.9126, device='cuda:0')
INFO:root:VALID mean errors 0.20931477844715118
INFO:root:VALID mean MRR 0.0 - mean MAP 0.8049173570530099
INFO:root:VALID tp {0: tensor(6, device='cuda:0'), 1: tensor(1471, device='cuda:0')},fn {0: tensor(340, device='cuda:0'), 1: tensor(51, device='cuda:0')},fp {0: tensor(51, device='cuda:0'), 1: tensor(340, device='cuda:0')}
INFO:root:VALID measures microavg - precision 0.7907 - recall 0.7907 - f1 0.7907 
INFO:root:VALID measures for class 0 - precision 0.1053 - recall 0.0173 - f1 0.0298 
INFO:root:VALID measures for class 1 - precision 0.8123 - recall 0.9665 - f1 0.8827 
INFO:root:VALID measures@10 microavg - precision 0.6416 - recall 0.0594 - f1 0.1088 
INFO:root:VALID measures@10 for class 0 - precision 0.1395 - recall 0.0173 - f1 0.0308 
INFO:root:VALID measures@10 for class 1 - precision 0.8077 - recall 0.0690 - f1 0.1271 
INFO:root:VALID measures@100 microavg - precision 0.7853 - recall 0.5621 - f1 0.6552 
INFO:root:VALID measures@100 for class 0 - precision 0.1053 - recall 0.0173 - f1 0.0298 
INFO:root:VALID measures@100 for class 1 - precision 0.8156 - recall 0.6859 - f1 0.7452 
INFO:root:VALID measures@1000 microavg - precision 0.7907 - recall 0.7907 - f1 0.7907 
INFO:root:VALID measures@1000 for class 0 - precision 0.1053 - recall 0.0173 - f1 0.0298 
INFO:root:VALID measures@1000 for class 1 - precision 0.8123 - recall 0.9665 - f1 0.8827 
INFO:root:VALID Total epoch time: 1.3346382565796375
INFO:root:################ TRAIN epoch 97 ###################
INFO:root:TRAIN mean losses tensor(0.0851, device='cuda:0')
INFO:root:TRAIN mean errors 0.08554385602474213
INFO:root:TRAIN mean MRR 0.0 - mean MAP 0.9849845809106306
INFO:root:TRAIN tp {0: tensor(1405, device='cuda:0'), 1: tensor(24657, device='cuda:0')},fn {0: tensor(1079, device='cuda:0'), 1: tensor(1359, device='cuda:0')},fp {0: tensor(1359, device='cuda:0'), 1: tensor(1079, device='cuda:0')}
INFO:root:TRAIN measures microavg - precision 0.9145 - recall 0.9145 - f1 0.9145 
INFO:root:TRAIN measures for class 0 - precision 0.5083 - recall 0.5656 - f1 0.5354 
INFO:root:TRAIN measures for class 1 - precision 0.9581 - recall 0.9478 - f1 0.9529 
INFO:root:TRAIN measures@10 microavg - precision 0.8563 - recall 0.0427 - f1 0.0813 
INFO:root:TRAIN measures@10 for class 0 - precision 0.6421 - recall 0.1473 - f1 0.2397 
INFO:root:TRAIN measures@10 for class 1 - precision 1.0000 - recall 0.0327 - f1 0.0633 
INFO:root:TRAIN measures@100 microavg - precision 0.8844 - recall 0.3375 - f1 0.4886 
INFO:root:TRAIN measures@100 for class 0 - precision 0.5143 - recall 0.5060 - f1 0.5101 
INFO:root:TRAIN measures@100 for class 1 - precision 0.9917 - recall 0.3215 - f1 0.4855 
INFO:root:TRAIN measures@1000 microavg - precision 0.9142 - recall 0.8855 - f1 0.8996 
INFO:root:TRAIN measures@1000 for class 0 - precision 0.5083 - recall 0.5656 - f1 0.5354 
INFO:root:TRAIN measures@1000 for class 1 - precision 0.9593 - recall 0.9161 - f1 0.9372 
INFO:root:TRAIN Total epoch time: 11.713074430823326
INFO:root:################ VALID epoch 97 ###################
INFO:root:VALID mean losses tensor(0.8931, device='cuda:0')
INFO:root:VALID mean errors 0.23875802755355835
INFO:root:VALID mean MRR 0.0 - mean MAP 0.8095092498651005
INFO:root:VALID tp {0: tensor(20, device='cuda:0'), 1: tensor(1402, device='cuda:0')},fn {0: tensor(326, device='cuda:0'), 1: tensor(120, device='cuda:0')},fp {0: tensor(120, device='cuda:0'), 1: tensor(326, device='cuda:0')}
INFO:root:VALID measures microavg - precision 0.7612 - recall 0.7612 - f1 0.7612 
INFO:root:VALID measures for class 0 - precision 0.1429 - recall 0.0578 - f1 0.0823 
INFO:root:VALID measures for class 1 - precision 0.8113 - recall 0.9212 - f1 0.8628 
INFO:root:VALID measures@10 microavg - precision 0.5969 - recall 0.0610 - f1 0.1107 
INFO:root:VALID measures@10 for class 0 - precision 0.1639 - recall 0.0289 - f1 0.0491 
INFO:root:VALID measures@10 for class 1 - precision 0.8000 - recall 0.0683 - f1 0.1259 
INFO:root:VALID measures@100 microavg - precision 0.7504 - recall 0.5648 - f1 0.6445 
INFO:root:VALID measures@100 for class 0 - precision 0.1429 - recall 0.0578 - f1 0.0823 
INFO:root:VALID measures@100 for class 1 - precision 0.8175 - recall 0.6800 - f1 0.7425 
INFO:root:VALID measures@1000 microavg - precision 0.7612 - recall 0.7612 - f1 0.7612 
INFO:root:VALID measures@1000 for class 0 - precision 0.1429 - recall 0.0578 - f1 0.0823 
INFO:root:VALID measures@1000 for class 1 - precision 0.8113 - recall 0.9212 - f1 0.8628 
INFO:root:VALID Total epoch time: 1.4142671972513199
INFO:root:################ TRAIN epoch 98 ###################
INFO:root:TRAIN mean losses tensor(0.0875, device='cuda:0')
INFO:root:TRAIN mean errors 0.09354385733604431
INFO:root:TRAIN mean MRR 0.0 - mean MAP 0.9836939127725333
INFO:root:TRAIN tp {0: tensor(1428, device='cuda:0'), 1: tensor(24406, device='cuda:0')},fn {0: tensor(1056, device='cuda:0'), 1: tensor(1610, device='cuda:0')},fp {0: tensor(1610, device='cuda:0'), 1: tensor(1056, device='cuda:0')}
INFO:root:TRAIN measures microavg - precision 0.9065 - recall 0.9065 - f1 0.9065 
INFO:root:TRAIN measures for class 0 - precision 0.4700 - recall 0.5749 - f1 0.5172 
INFO:root:TRAIN measures for class 1 - precision 0.9585 - recall 0.9381 - f1 0.9482 
INFO:root:TRAIN measures@10 microavg - precision 0.8488 - recall 0.0421 - f1 0.0803 
INFO:root:TRAIN measures@10 for class 0 - precision 0.6212 - recall 0.1413 - f1 0.2302 
INFO:root:TRAIN measures@10 for class 1 - precision 1.0000 - recall 0.0327 - f1 0.0633 
INFO:root:TRAIN measures@100 microavg - precision 0.8699 - recall 0.3366 - f1 0.4853 
INFO:root:TRAIN measures@100 for class 0 - precision 0.4820 - recall 0.5161 - f1 0.4984 
INFO:root:TRAIN measures@100 for class 1 - precision 0.9932 - recall 0.3194 - f1 0.4834 
INFO:root:TRAIN measures@1000 microavg - precision 0.9056 - recall 0.8808 - f1 0.8930 
INFO:root:TRAIN measures@1000 for class 0 - precision 0.4700 - recall 0.5749 - f1 0.5172 
INFO:root:TRAIN measures@1000 for class 1 - precision 0.9592 - recall 0.9101 - f1 0.9340 
INFO:root:TRAIN Total epoch time: 11.447114144451916
INFO:root:################ VALID epoch 98 ###################
INFO:root:VALID mean losses tensor(0.7729, device='cuda:0')
INFO:root:VALID mean errors 0.24518200755119324
INFO:root:VALID mean MRR 0.0 - mean MAP 0.8158888575492744
INFO:root:VALID tp {0: tensor(10, device='cuda:0'), 1: tensor(1400, device='cuda:0')},fn {0: tensor(336, device='cuda:0'), 1: tensor(122, device='cuda:0')},fp {0: tensor(122, device='cuda:0'), 1: tensor(336, device='cuda:0')}
INFO:root:VALID measures microavg - precision 0.7548 - recall 0.7548 - f1 0.7548 
INFO:root:VALID measures for class 0 - precision 0.0758 - recall 0.0289 - f1 0.0418 
INFO:root:VALID measures for class 1 - precision 0.8065 - recall 0.9198 - f1 0.8594 
INFO:root:VALID measures@10 microavg - precision 0.6170 - recall 0.0621 - f1 0.1128 
INFO:root:VALID measures@10 for class 0 - precision 0.0690 - recall 0.0116 - f1 0.0198 
INFO:root:VALID measures@10 for class 1 - precision 0.8615 - recall 0.0736 - f1 0.1356 
INFO:root:VALID measures@100 microavg - precision 0.7468 - recall 0.5621 - f1 0.6414 
INFO:root:VALID measures@100 for class 0 - precision 0.0758 - recall 0.0289 - f1 0.0418 
INFO:root:VALID measures@100 for class 1 - precision 0.8163 - recall 0.6833 - f1 0.7439 
INFO:root:VALID measures@1000 microavg - precision 0.7548 - recall 0.7548 - f1 0.7548 
INFO:root:VALID measures@1000 for class 0 - precision 0.0758 - recall 0.0289 - f1 0.0418 
INFO:root:VALID measures@1000 for class 1 - precision 0.8065 - recall 0.9198 - f1 0.8594 
INFO:root:VALID Total epoch time: 1.3478968366980553
INFO:root:################ TRAIN epoch 99 ###################
INFO:root:TRAIN mean losses tensor(0.0860, device='cuda:0')
INFO:root:TRAIN mean errors 0.08519298583269119
INFO:root:TRAIN mean MRR 0.0 - mean MAP 0.9848979061085952
INFO:root:TRAIN tp {0: tensor(1433, device='cuda:0'), 1: tensor(24639, device='cuda:0')},fn {0: tensor(1051, device='cuda:0'), 1: tensor(1377, device='cuda:0')},fp {0: tensor(1377, device='cuda:0'), 1: tensor(1051, device='cuda:0')}
INFO:root:TRAIN measures microavg - precision 0.9148 - recall 0.9148 - f1 0.9148 
INFO:root:TRAIN measures for class 0 - precision 0.5100 - recall 0.5769 - f1 0.5414 
INFO:root:TRAIN measures for class 1 - precision 0.9591 - recall 0.9471 - f1 0.9530 
INFO:root:TRAIN measures@10 microavg - precision 0.8453 - recall 0.0431 - f1 0.0821 
INFO:root:TRAIN measures@10 for class 0 - precision 0.6275 - recall 0.1526 - f1 0.2455 
INFO:root:TRAIN measures@10 for class 1 - precision 1.0000 - recall 0.0327 - f1 0.0633 
INFO:root:TRAIN measures@100 microavg - precision 0.8866 - recall 0.3374 - f1 0.4888 
INFO:root:TRAIN measures@100 for class 0 - precision 0.5235 - recall 0.5117 - f1 0.5175 
INFO:root:TRAIN measures@100 for class 1 - precision 0.9913 - recall 0.3208 - f1 0.4847 
INFO:root:TRAIN measures@1000 microavg - precision 0.9146 - recall 0.8859 - f1 0.9000 
INFO:root:TRAIN measures@1000 for class 0 - precision 0.5100 - recall 0.5769 - f1 0.5414 
INFO:root:TRAIN measures@1000 for class 1 - precision 0.9604 - recall 0.9154 - f1 0.9374 
INFO:root:TRAIN Total epoch time: 11.858428725972772
INFO:root:################ VALID epoch 99 ###################
INFO:root:VALID mean losses tensor(1.0625, device='cuda:0')
INFO:root:VALID mean errors 0.22002141177654266
INFO:root:VALID mean MRR 0.0 - mean MAP 0.8186175046627007
INFO:root:VALID tp {0: tensor(16, device='cuda:0'), 1: tensor(1441, device='cuda:0')},fn {0: tensor(330, device='cuda:0'), 1: tensor(81, device='cuda:0')},fp {0: tensor(81, device='cuda:0'), 1: tensor(330, device='cuda:0')}
INFO:root:VALID measures microavg - precision 0.7800 - recall 0.7800 - f1 0.7800 
INFO:root:VALID measures for class 0 - precision 0.1649 - recall 0.0462 - f1 0.0722 
INFO:root:VALID measures for class 1 - precision 0.8137 - recall 0.9468 - f1 0.8752 
INFO:root:VALID measures@10 microavg - precision 0.6776 - recall 0.0664 - f1 0.1209 
INFO:root:VALID measures@10 for class 0 - precision 0.2453 - recall 0.0376 - f1 0.0652 
INFO:root:VALID measures@10 for class 1 - precision 0.8538 - recall 0.0729 - f1 0.1344 
INFO:root:VALID measures@100 microavg - precision 0.7683 - recall 0.5664 - f1 0.6521 
INFO:root:VALID measures@100 for class 0 - precision 0.1649 - recall 0.0462 - f1 0.0722 
INFO:root:VALID measures@100 for class 1 - precision 0.8141 - recall 0.6846 - f1 0.7438 
INFO:root:VALID measures@1000 microavg - precision 0.7800 - recall 0.7800 - f1 0.7800 
INFO:root:VALID measures@1000 for class 0 - precision 0.1649 - recall 0.0462 - f1 0.0722 
INFO:root:VALID measures@1000 for class 1 - precision 0.8137 - recall 0.9468 - f1 0.8752 
INFO:root:VALID Total epoch time: 1.3909689672291279
INFO:root:################ TRAIN epoch 100 ###################
INFO:root:TRAIN mean losses tensor(0.0920, device='cuda:0')
INFO:root:TRAIN mean errors 0.0932631567120552
INFO:root:TRAIN mean MRR 0.0 - mean MAP 0.9820522612671824
INFO:root:TRAIN tp {0: tensor(1364, device='cuda:0'), 1: tensor(24478, device='cuda:0')},fn {0: tensor(1120, device='cuda:0'), 1: tensor(1538, device='cuda:0')},fp {0: tensor(1538, device='cuda:0'), 1: tensor(1120, device='cuda:0')}
INFO:root:TRAIN measures microavg - precision 0.9067 - recall 0.9067 - f1 0.9067 
INFO:root:TRAIN measures for class 0 - precision 0.4700 - recall 0.5491 - f1 0.5065 
INFO:root:TRAIN measures for class 1 - precision 0.9562 - recall 0.9409 - f1 0.9485 
INFO:root:TRAIN measures@10 microavg - precision 0.8236 - recall 0.0416 - f1 0.0792 
INFO:root:TRAIN measures@10 for class 0 - precision 0.5712 - recall 0.1357 - f1 0.2193 
INFO:root:TRAIN measures@10 for class 1 - precision 0.9988 - recall 0.0326 - f1 0.0632 
INFO:root:TRAIN measures@100 microavg - precision 0.8693 - recall 0.3352 - f1 0.4839 
INFO:root:TRAIN measures@100 for class 0 - precision 0.4756 - recall 0.4911 - f1 0.4833 
INFO:root:TRAIN measures@100 for class 1 - precision 0.9892 - recall 0.3203 - f1 0.4840 
INFO:root:TRAIN measures@1000 microavg - precision 0.9058 - recall 0.8796 - f1 0.8925 
INFO:root:TRAIN measures@1000 for class 0 - precision 0.4700 - recall 0.5491 - f1 0.5065 
INFO:root:TRAIN measures@1000 for class 1 - precision 0.9569 - recall 0.9111 - f1 0.9334 
INFO:root:TRAIN Total epoch time: 12.09183248784393
INFO:root:################ VALID epoch 100 ###################
INFO:root:VALID mean losses tensor(0.7878, device='cuda:0')
INFO:root:VALID mean errors 0.3137044906616211
INFO:root:VALID mean MRR 0.0 - mean MAP 0.8091666916818269
INFO:root:VALID tp {0: tensor(48, device='cuda:0'), 1: tensor(1234, device='cuda:0')},fn {0: tensor(298, device='cuda:0'), 1: tensor(288, device='cuda:0')},fp {0: tensor(288, device='cuda:0'), 1: tensor(298, device='cuda:0')}
INFO:root:VALID measures microavg - precision 0.6863 - recall 0.6863 - f1 0.6863 
INFO:root:VALID measures for class 0 - precision 0.1429 - recall 0.1387 - f1 0.1408 
INFO:root:VALID measures for class 1 - precision 0.8055 - recall 0.8108 - f1 0.8081 
INFO:root:VALID measures@10 microavg - precision 0.5000 - recall 0.0669 - f1 0.1180 
INFO:root:VALID measures@10 for class 0 - precision 0.1833 - recall 0.0636 - f1 0.0944 
INFO:root:VALID measures@10 for class 1 - precision 0.7923 - recall 0.0677 - f1 0.1247 
INFO:root:VALID measures@100 microavg - precision 0.6642 - recall 0.5359 - f1 0.5932 
INFO:root:VALID measures@100 for class 0 - precision 0.1429 - recall 0.1387 - f1 0.1408 
INFO:root:VALID measures@100 for class 1 - precision 0.8138 - recall 0.6261 - f1 0.7078 
INFO:root:VALID measures@1000 microavg - precision 0.6863 - recall 0.6863 - f1 0.6863 
INFO:root:VALID measures@1000 for class 0 - precision 0.1429 - recall 0.1387 - f1 0.1408 
INFO:root:VALID measures@1000 for class 1 - precision 0.8055 - recall 0.8108 - f1 0.8081 
INFO:root:VALID Total epoch time: 1.3439314411953092
INFO:root:################ TRAIN epoch 101 ###################
INFO:root:TRAIN mean losses tensor(0.0903, device='cuda:0')
INFO:root:TRAIN mean errors 0.09957894682884216
INFO:root:TRAIN mean MRR 0.0 - mean MAP 0.9841623600273484
INFO:root:TRAIN tp {0: tensor(1376, device='cuda:0'), 1: tensor(24286, device='cuda:0')},fn {0: tensor(1108, device='cuda:0'), 1: tensor(1730, device='cuda:0')},fp {0: tensor(1730, device='cuda:0'), 1: tensor(1108, device='cuda:0')}
INFO:root:TRAIN measures microavg - precision 0.9004 - recall 0.9004 - f1 0.9004 
INFO:root:TRAIN measures for class 0 - precision 0.4430 - recall 0.5539 - f1 0.4923 
INFO:root:TRAIN measures for class 1 - precision 0.9564 - recall 0.9335 - f1 0.9448 
INFO:root:TRAIN measures@10 microavg - precision 0.8245 - recall 0.0424 - f1 0.0806 
INFO:root:TRAIN measures@10 for class 0 - precision 0.5831 - recall 0.1441 - f1 0.2311 
INFO:root:TRAIN measures@10 for class 1 - precision 0.9988 - recall 0.0326 - f1 0.0632 
INFO:root:TRAIN measures@100 microavg - precision 0.8623 - recall 0.3346 - f1 0.4822 
INFO:root:TRAIN measures@100 for class 0 - precision 0.4547 - recall 0.4907 - f1 0.4720 
INFO:root:TRAIN measures@100 for class 1 - precision 0.9927 - recall 0.3197 - f1 0.4837 
INFO:root:TRAIN measures@1000 microavg - precision 0.8994 - recall 0.8738 - f1 0.8864 
INFO:root:TRAIN measures@1000 for class 0 - precision 0.4430 - recall 0.5539 - f1 0.4923 
INFO:root:TRAIN measures@1000 for class 1 - precision 0.9571 - recall 0.9043 - f1 0.9300 
INFO:root:TRAIN Total epoch time: 11.286036436446011
INFO:root:################ VALID epoch 101 ###################
INFO:root:VALID mean losses tensor(0.9031, device='cuda:0')
INFO:root:VALID mean errors 0.21038544178009033
INFO:root:VALID mean MRR 0.0 - mean MAP 0.8133803376012934
INFO:root:VALID tp {0: tensor(10, device='cuda:0'), 1: tensor(1465, device='cuda:0')},fn {0: tensor(336, device='cuda:0'), 1: tensor(57, device='cuda:0')},fp {0: tensor(57, device='cuda:0'), 1: tensor(336, device='cuda:0')}
INFO:root:VALID measures microavg - precision 0.7896 - recall 0.7896 - f1 0.7896 
INFO:root:VALID measures for class 0 - precision 0.1493 - recall 0.0289 - f1 0.0484 
INFO:root:VALID measures for class 1 - precision 0.8134 - recall 0.9625 - f1 0.8817 
INFO:root:VALID measures@10 microavg - precision 0.6782 - recall 0.0632 - f1 0.1156 
INFO:root:VALID measures@10 for class 0 - precision 0.2045 - recall 0.0260 - f1 0.0462 
INFO:root:VALID measures@10 for class 1 - precision 0.8385 - recall 0.0716 - f1 0.1320 
INFO:root:VALID measures@100 microavg - precision 0.7817 - recall 0.5637 - f1 0.6551 
INFO:root:VALID measures@100 for class 0 - precision 0.1493 - recall 0.0289 - f1 0.0484 
INFO:root:VALID measures@100 for class 1 - precision 0.8148 - recall 0.6853 - f1 0.7445 
INFO:root:VALID measures@1000 microavg - precision 0.7896 - recall 0.7896 - f1 0.7896 
INFO:root:VALID measures@1000 for class 0 - precision 0.1493 - recall 0.0289 - f1 0.0484 
INFO:root:VALID measures@1000 for class 1 - precision 0.8134 - recall 0.9625 - f1 0.8817 
INFO:root:VALID Total epoch time: 1.5071836449205875
INFO:root:################ TRAIN epoch 102 ###################
INFO:root:TRAIN mean losses tensor(0.0921, device='cuda:0')
INFO:root:TRAIN mean errors 0.09375438839197159
INFO:root:TRAIN mean MRR 0.0 - mean MAP 0.9818272543375574
INFO:root:TRAIN tp {0: tensor(1314, device='cuda:0'), 1: tensor(24514, device='cuda:0')},fn {0: tensor(1170, device='cuda:0'), 1: tensor(1502, device='cuda:0')},fp {0: tensor(1502, device='cuda:0'), 1: tensor(1170, device='cuda:0')}
INFO:root:TRAIN measures microavg - precision 0.9062 - recall 0.9062 - f1 0.9062 
INFO:root:TRAIN measures for class 0 - precision 0.4666 - recall 0.5290 - f1 0.4958 
INFO:root:TRAIN measures for class 1 - precision 0.9544 - recall 0.9423 - f1 0.9483 
INFO:root:TRAIN measures@10 microavg - precision 0.8227 - recall 0.0417 - f1 0.0793 
INFO:root:TRAIN measures@10 for class 0 - precision 0.5690 - recall 0.1361 - f1 0.2196 
INFO:root:TRAIN measures@10 for class 1 - precision 1.0000 - recall 0.0327 - f1 0.0633 
INFO:root:TRAIN measures@100 microavg - precision 0.8731 - recall 0.3346 - f1 0.4838 
INFO:root:TRAIN measures@100 for class 0 - precision 0.4783 - recall 0.4742 - f1 0.4762 
INFO:root:TRAIN measures@100 for class 1 - precision 0.9881 - recall 0.3212 - f1 0.4848 
INFO:root:TRAIN measures@1000 microavg - precision 0.9052 - recall 0.8821 - f1 0.8935 
INFO:root:TRAIN measures@1000 for class 0 - precision 0.4666 - recall 0.5290 - f1 0.4958 
INFO:root:TRAIN measures@1000 for class 1 - precision 0.9547 - recall 0.9158 - f1 0.9349 
INFO:root:TRAIN Total epoch time: 11.780480729416013
INFO:root:################ VALID epoch 102 ###################
INFO:root:VALID mean losses tensor(0.6427, device='cuda:0')
INFO:root:VALID mean errors 0.26766595244407654
INFO:root:VALID mean MRR 0.0 - mean MAP 0.8226459127285088
INFO:root:VALID tp {0: tensor(26, device='cuda:0'), 1: tensor(1342, device='cuda:0')},fn {0: tensor(320, device='cuda:0'), 1: tensor(180, device='cuda:0')},fp {0: tensor(180, device='cuda:0'), 1: tensor(320, device='cuda:0')}
INFO:root:VALID measures microavg - precision 0.7323 - recall 0.7323 - f1 0.7323 
INFO:root:VALID measures for class 0 - precision 0.1262 - recall 0.0751 - f1 0.0942 
INFO:root:VALID measures for class 1 - precision 0.8075 - recall 0.8817 - f1 0.8430 
INFO:root:VALID measures@10 microavg - precision 0.6310 - recall 0.0632 - f1 0.1148 
INFO:root:VALID measures@10 for class 0 - precision 0.1930 - recall 0.0318 - f1 0.0546 
INFO:root:VALID measures@10 for class 1 - precision 0.8231 - recall 0.0703 - f1 0.1295 
INFO:root:VALID measures@100 microavg - precision 0.7209 - recall 0.5669 - f1 0.6347 
INFO:root:VALID measures@100 for class 0 - precision 0.1262 - recall 0.0751 - f1 0.0942 
INFO:root:VALID measures@100 for class 1 - precision 0.8179 - recall 0.6787 - f1 0.7418 
INFO:root:VALID measures@1000 microavg - precision 0.7323 - recall 0.7323 - f1 0.7323 
INFO:root:VALID measures@1000 for class 0 - precision 0.1262 - recall 0.0751 - f1 0.0942 
INFO:root:VALID measures@1000 for class 1 - precision 0.8075 - recall 0.8817 - f1 0.8430 
INFO:root:VALID Total epoch time: 1.502993700094521
INFO:root:################ TRAIN epoch 103 ###################
INFO:root:TRAIN mean losses tensor(0.0883, device='cuda:0')
INFO:root:TRAIN mean errors 0.09578947722911835
INFO:root:TRAIN mean MRR 0.0 - mean MAP 0.9842177875518581
INFO:root:TRAIN tp {0: tensor(1476, device='cuda:0'), 1: tensor(24294, device='cuda:0')},fn {0: tensor(1008, device='cuda:0'), 1: tensor(1722, device='cuda:0')},fp {0: tensor(1722, device='cuda:0'), 1: tensor(1008, device='cuda:0')}
INFO:root:TRAIN measures microavg - precision 0.9042 - recall 0.9042 - f1 0.9042 
INFO:root:TRAIN measures for class 0 - precision 0.4615 - recall 0.5942 - f1 0.5195 
INFO:root:TRAIN measures for class 1 - precision 0.9602 - recall 0.9338 - f1 0.9468 
INFO:root:TRAIN measures@10 microavg - precision 0.8194 - recall 0.0430 - f1 0.0817 
INFO:root:TRAIN measures@10 for class 0 - precision 0.5829 - recall 0.1514 - f1 0.2403 
INFO:root:TRAIN measures@10 for class 1 - precision 0.9988 - recall 0.0326 - f1 0.0632 
INFO:root:TRAIN measures@100 microavg - precision 0.8721 - recall 0.3390 - f1 0.4882 
INFO:root:TRAIN measures@100 for class 0 - precision 0.4894 - recall 0.5193 - f1 0.5039 
INFO:root:TRAIN measures@100 for class 1 - precision 0.9916 - recall 0.3218 - f1 0.4859 
INFO:root:TRAIN measures@1000 microavg - precision 0.9036 - recall 0.8747 - f1 0.8889 
INFO:root:TRAIN measures@1000 for class 0 - precision 0.4615 - recall 0.5942 - f1 0.5195 
INFO:root:TRAIN measures@1000 for class 1 - precision 0.9615 - recall 0.9015 - f1 0.9305 
INFO:root:TRAIN Total epoch time: 11.800215346738696
INFO:root:################ VALID epoch 103 ###################
INFO:root:VALID mean losses tensor(0.8529, device='cuda:0')
INFO:root:VALID mean errors 0.2516059875488281
INFO:root:VALID mean MRR 0.0 - mean MAP 0.8080149097014573
INFO:root:VALID tp {0: tensor(16, device='cuda:0'), 1: tensor(1382, device='cuda:0')},fn {0: tensor(330, device='cuda:0'), 1: tensor(140, device='cuda:0')},fp {0: tensor(140, device='cuda:0'), 1: tensor(330, device='cuda:0')}
INFO:root:VALID measures microavg - precision 0.7484 - recall 0.7484 - f1 0.7484 
INFO:root:VALID measures for class 0 - precision 0.1026 - recall 0.0462 - f1 0.0637 
INFO:root:VALID measures for class 1 - precision 0.8072 - recall 0.9080 - f1 0.8547 
INFO:root:VALID measures@10 microavg - precision 0.6685 - recall 0.0637 - f1 0.1163 
INFO:root:VALID measures@10 for class 0 - precision 0.2500 - recall 0.0347 - f1 0.0609 
INFO:root:VALID measures@10 for class 1 - precision 0.8231 - recall 0.0703 - f1 0.1295 
INFO:root:VALID measures@100 microavg - precision 0.7356 - recall 0.5616 - f1 0.6369 
INFO:root:VALID measures@100 for class 0 - precision 0.1026 - recall 0.0462 - f1 0.0637 
INFO:root:VALID measures@100 for class 1 - precision 0.8134 - recall 0.6787 - f1 0.7400 
INFO:root:VALID measures@1000 microavg - precision 0.7484 - recall 0.7484 - f1 0.7484 
INFO:root:VALID measures@1000 for class 0 - precision 0.1026 - recall 0.0462 - f1 0.0637 
INFO:root:VALID measures@1000 for class 1 - precision 0.8072 - recall 0.9080 - f1 0.8547 
INFO:root:VALID Total epoch time: 1.3868719888851047
INFO:root:################ TRAIN epoch 104 ###################
INFO:root:TRAIN mean losses tensor(0.0817, device='cuda:0')
INFO:root:TRAIN mean errors 0.08978947252035141
INFO:root:TRAIN mean MRR 0.0 - mean MAP 0.9865424694081518
INFO:root:TRAIN tp {0: tensor(1483, device='cuda:0'), 1: tensor(24458, device='cuda:0')},fn {0: tensor(1001, device='cuda:0'), 1: tensor(1558, device='cuda:0')},fp {0: tensor(1558, device='cuda:0'), 1: tensor(1001, device='cuda:0')}
INFO:root:TRAIN measures microavg - precision 0.9102 - recall 0.9102 - f1 0.9102 
INFO:root:TRAIN measures for class 0 - precision 0.4877 - recall 0.5970 - f1 0.5368 
INFO:root:TRAIN measures for class 1 - precision 0.9607 - recall 0.9401 - f1 0.9503 
INFO:root:TRAIN measures@10 microavg - precision 0.8483 - recall 0.0434 - f1 0.0825 
INFO:root:TRAIN measures@10 for class 0 - precision 0.6359 - recall 0.1554 - f1 0.2498 
INFO:root:TRAIN measures@10 for class 1 - precision 1.0000 - recall 0.0327 - f1 0.0633 
INFO:root:TRAIN measures@100 microavg - precision 0.8779 - recall 0.3403 - f1 0.4905 
INFO:root:TRAIN measures@100 for class 0 - precision 0.5030 - recall 0.5314 - f1 0.5168 
INFO:root:TRAIN measures@100 for class 1 - precision 0.9947 - recall 0.3220 - f1 0.4865 
INFO:root:TRAIN measures@1000 microavg - precision 0.9097 - recall 0.8816 - f1 0.8954 
INFO:root:TRAIN measures@1000 for class 0 - precision 0.4877 - recall 0.5970 - f1 0.5368 
INFO:root:TRAIN measures@1000 for class 1 - precision 0.9619 - recall 0.9087 - f1 0.9346 
INFO:root:TRAIN Total epoch time: 12.081720115616918
INFO:root:################ VALID epoch 104 ###################
INFO:root:VALID mean losses tensor(0.8462, device='cuda:0')
INFO:root:VALID mean errors 0.24518200755119324
INFO:root:VALID mean MRR 0.0 - mean MAP 0.821027037194773
INFO:root:VALID tp {0: tensor(18, device='cuda:0'), 1: tensor(1392, device='cuda:0')},fn {0: tensor(328, device='cuda:0'), 1: tensor(130, device='cuda:0')},fp {0: tensor(130, device='cuda:0'), 1: tensor(328, device='cuda:0')}
INFO:root:VALID measures microavg - precision 0.7548 - recall 0.7548 - f1 0.7548 
INFO:root:VALID measures for class 0 - precision 0.1216 - recall 0.0520 - f1 0.0729 
INFO:root:VALID measures for class 1 - precision 0.8093 - recall 0.9146 - f1 0.8587 
INFO:root:VALID measures@10 microavg - precision 0.6082 - recall 0.0632 - f1 0.1145 
INFO:root:VALID measures@10 for class 0 - precision 0.1250 - recall 0.0231 - f1 0.0390 
INFO:root:VALID measures@10 for class 1 - precision 0.8462 - recall 0.0723 - f1 0.1332 
INFO:root:VALID measures@100 microavg - precision 0.7395 - recall 0.5562 - f1 0.6349 
INFO:root:VALID measures@100 for class 0 - precision 0.1216 - recall 0.0520 - f1 0.0729 
INFO:root:VALID measures@100 for class 1 - precision 0.8123 - recall 0.6708 - f1 0.7348 
INFO:root:VALID measures@1000 microavg - precision 0.7548 - recall 0.7548 - f1 0.7548 
INFO:root:VALID measures@1000 for class 0 - precision 0.1216 - recall 0.0520 - f1 0.0729 
INFO:root:VALID measures@1000 for class 1 - precision 0.8093 - recall 0.9146 - f1 0.8587 
INFO:root:VALID Total epoch time: 1.4035745756700635
INFO:root:################ TRAIN epoch 105 ###################
INFO:root:TRAIN mean losses tensor(0.0791, device='cuda:0')
INFO:root:TRAIN mean errors 0.08659648895263672
INFO:root:TRAIN mean MRR 0.0 - mean MAP 0.9874536446275185
INFO:root:TRAIN tp {0: tensor(1500, device='cuda:0'), 1: tensor(24532, device='cuda:0')},fn {0: tensor(984, device='cuda:0'), 1: tensor(1484, device='cuda:0')},fp {0: tensor(1484, device='cuda:0'), 1: tensor(984, device='cuda:0')}
INFO:root:TRAIN measures microavg - precision 0.9134 - recall 0.9134 - f1 0.9134 
INFO:root:TRAIN measures for class 0 - precision 0.5027 - recall 0.6039 - f1 0.5486 
INFO:root:TRAIN measures for class 1 - precision 0.9614 - recall 0.9430 - f1 0.9521 
INFO:root:TRAIN measures@10 microavg - precision 0.8459 - recall 0.0439 - f1 0.0835 
INFO:root:TRAIN measures@10 for class 0 - precision 0.6381 - recall 0.1618 - f1 0.2582 
INFO:root:TRAIN measures@10 for class 1 - precision 1.0000 - recall 0.0327 - f1 0.0633 
INFO:root:TRAIN measures@100 microavg - precision 0.8880 - recall 0.3416 - f1 0.4934 
INFO:root:TRAIN measures@100 for class 0 - precision 0.5320 - recall 0.5395 - f1 0.5357 
INFO:root:TRAIN measures@100 for class 1 - precision 0.9942 - recall 0.3227 - f1 0.4872 
INFO:root:TRAIN measures@1000 microavg - precision 0.9131 - recall 0.8849 - f1 0.8988 
INFO:root:TRAIN measures@1000 for class 0 - precision 0.5027 - recall 0.6039 - f1 0.5486 
INFO:root:TRAIN measures@1000 for class 1 - precision 0.9628 - recall 0.9117 - f1 0.9365 
INFO:root:TRAIN Total epoch time: 12.075724282301962
INFO:root:################ VALID epoch 105 ###################
INFO:root:VALID mean losses tensor(1.1585, device='cuda:0')
INFO:root:VALID mean errors 0.21841542422771454
INFO:root:VALID mean MRR 0.0 - mean MAP 0.8093007156829011
INFO:root:VALID tp {0: tensor(14, device='cuda:0'), 1: tensor(1446, device='cuda:0')},fn {0: tensor(332, device='cuda:0'), 1: tensor(76, device='cuda:0')},fp {0: tensor(76, device='cuda:0'), 1: tensor(332, device='cuda:0')}
INFO:root:VALID measures microavg - precision 0.7816 - recall 0.7816 - f1 0.7816 
INFO:root:VALID measures for class 0 - precision 0.1556 - recall 0.0405 - f1 0.0642 
INFO:root:VALID measures for class 1 - precision 0.8133 - recall 0.9501 - f1 0.8764 
INFO:root:VALID measures@10 microavg - precision 0.6613 - recall 0.0658 - f1 0.1198 
INFO:root:VALID measures@10 for class 0 - precision 0.2143 - recall 0.0347 - f1 0.0597 
INFO:root:VALID measures@10 for class 1 - precision 0.8538 - recall 0.0729 - f1 0.1344 
INFO:root:VALID measures@100 microavg - precision 0.7715 - recall 0.5658 - f1 0.6529 
INFO:root:VALID measures@100 for class 0 - precision 0.1556 - recall 0.0405 - f1 0.0642 
INFO:root:VALID measures@100 for class 1 - precision 0.8148 - recall 0.6853 - f1 0.7445 
INFO:root:VALID measures@1000 microavg - precision 0.7816 - recall 0.7816 - f1 0.7816 
INFO:root:VALID measures@1000 for class 0 - precision 0.1556 - recall 0.0405 - f1 0.0642 
INFO:root:VALID measures@1000 for class 1 - precision 0.8133 - recall 0.9501 - f1 0.8764 
INFO:root:VALID Total epoch time: 1.4299629013985395
INFO:root:################ TRAIN epoch 106 ###################
INFO:root:TRAIN mean losses tensor(0.0806, device='cuda:0')
INFO:root:TRAIN mean errors 0.08747368305921555
INFO:root:TRAIN mean MRR 0.0 - mean MAP 0.9871340245391891
INFO:root:TRAIN tp {0: tensor(1570, device='cuda:0'), 1: tensor(24437, device='cuda:0')},fn {0: tensor(914, device='cuda:0'), 1: tensor(1579, device='cuda:0')},fp {0: tensor(1579, device='cuda:0'), 1: tensor(914, device='cuda:0')}
INFO:root:TRAIN measures microavg - precision 0.9125 - recall 0.9125 - f1 0.9125 
INFO:root:TRAIN measures for class 0 - precision 0.4986 - recall 0.6320 - f1 0.5574 
INFO:root:TRAIN measures for class 1 - precision 0.9639 - recall 0.9393 - f1 0.9515 
INFO:root:TRAIN measures@10 microavg - precision 0.8589 - recall 0.0448 - f1 0.0852 
INFO:root:TRAIN measures@10 for class 0 - precision 0.6708 - recall 0.1723 - f1 0.2742 
INFO:root:TRAIN measures@10 for class 1 - precision 1.0000 - recall 0.0327 - f1 0.0633 
INFO:root:TRAIN measures@100 microavg - precision 0.8807 - recall 0.3429 - f1 0.4936 
INFO:root:TRAIN measures@100 for class 0 - precision 0.5212 - recall 0.5604 - f1 0.5401 
INFO:root:TRAIN measures@100 for class 1 - precision 0.9947 - recall 0.3221 - f1 0.4866 
INFO:root:TRAIN measures@1000 microavg - precision 0.9120 - recall 0.8845 - f1 0.8980 
INFO:root:TRAIN measures@1000 for class 0 - precision 0.4986 - recall 0.6320 - f1 0.5574 
INFO:root:TRAIN measures@1000 for class 1 - precision 0.9651 - recall 0.9086 - f1 0.9360 
INFO:root:TRAIN Total epoch time: 10.074692335911095
INFO:root:################ VALID epoch 106 ###################
INFO:root:VALID mean losses tensor(0.8317, device='cuda:0')
INFO:root:VALID mean errors 0.22002141177654266
INFO:root:VALID mean MRR 0.0 - mean MAP 0.8165733098125746
INFO:root:VALID tp {0: tensor(6, device='cuda:0'), 1: tensor(1451, device='cuda:0')},fn {0: tensor(340, device='cuda:0'), 1: tensor(71, device='cuda:0')},fp {0: tensor(71, device='cuda:0'), 1: tensor(340, device='cuda:0')}
INFO:root:VALID measures microavg - precision 0.7800 - recall 0.7800 - f1 0.7800 
INFO:root:VALID measures for class 0 - precision 0.0779 - recall 0.0173 - f1 0.0284 
INFO:root:VALID measures for class 1 - precision 0.8102 - recall 0.9534 - f1 0.8759 
INFO:root:VALID measures@10 microavg - precision 0.6552 - recall 0.0610 - f1 0.1117 
INFO:root:VALID measures@10 for class 0 - precision 0.1364 - recall 0.0173 - f1 0.0308 
INFO:root:VALID measures@10 for class 1 - precision 0.8308 - recall 0.0710 - f1 0.1308 
INFO:root:VALID measures@100 microavg - precision 0.7856 - recall 0.5707 - f1 0.6611 
INFO:root:VALID measures@100 for class 0 - precision 0.0779 - recall 0.0173 - f1 0.0284 
INFO:root:VALID measures@100 for class 1 - precision 0.8281 - recall 0.6965 - f1 0.7566 
INFO:root:VALID measures@1000 microavg - precision 0.7800 - recall 0.7800 - f1 0.7800 
INFO:root:VALID measures@1000 for class 0 - precision 0.0779 - recall 0.0173 - f1 0.0284 
INFO:root:VALID measures@1000 for class 1 - precision 0.8102 - recall 0.9534 - f1 0.8759 
INFO:root:VALID Total epoch time: 1.2562970453873277
INFO:root:################ TRAIN epoch 107 ###################
INFO:root:TRAIN mean losses tensor(0.0797, device='cuda:0')
INFO:root:TRAIN mean errors 0.08582456409931183
INFO:root:TRAIN mean MRR 0.0 - mean MAP 0.9879965882853403
INFO:root:TRAIN tp {0: tensor(1578, device='cuda:0'), 1: tensor(24476, device='cuda:0')},fn {0: tensor(906, device='cuda:0'), 1: tensor(1540, device='cuda:0')},fp {0: tensor(1540, device='cuda:0'), 1: tensor(906, device='cuda:0')}
INFO:root:TRAIN measures microavg - precision 0.9142 - recall 0.9142 - f1 0.9142 
INFO:root:TRAIN measures for class 0 - precision 0.5061 - recall 0.6353 - f1 0.5634 
INFO:root:TRAIN measures for class 1 - precision 0.9643 - recall 0.9408 - f1 0.9524 
INFO:root:TRAIN measures@10 microavg - precision 0.8562 - recall 0.0439 - f1 0.0834 
INFO:root:TRAIN measures@10 for class 0 - precision 0.6557 - recall 0.1610 - f1 0.2586 
INFO:root:TRAIN measures@10 for class 1 - precision 1.0000 - recall 0.0327 - f1 0.0633 
INFO:root:TRAIN measures@100 microavg - precision 0.8813 - recall 0.3436 - f1 0.4944 
INFO:root:TRAIN measures@100 for class 0 - precision 0.5268 - recall 0.5729 - f1 0.5489 
INFO:root:TRAIN measures@100 for class 1 - precision 0.9951 - recall 0.3217 - f1 0.4862 
INFO:root:TRAIN measures@1000 microavg - precision 0.9134 - recall 0.8871 - f1 0.9001 
INFO:root:TRAIN measures@1000 for class 0 - precision 0.5061 - recall 0.6353 - f1 0.5634 
INFO:root:TRAIN measures@1000 for class 1 - precision 0.9651 - recall 0.9111 - f1 0.9373 
INFO:root:TRAIN Total epoch time: 9.25033213198185
INFO:root:################ VALID epoch 107 ###################
INFO:root:VALID mean losses tensor(1.1082, device='cuda:0')
INFO:root:VALID mean errors 0.21199142932891846
INFO:root:VALID mean MRR 0.0 - mean MAP 0.813374038334155
INFO:root:VALID tp {0: tensor(12, device='cuda:0'), 1: tensor(1460, device='cuda:0')},fn {0: tensor(334, device='cuda:0'), 1: tensor(62, device='cuda:0')},fp {0: tensor(62, device='cuda:0'), 1: tensor(334, device='cuda:0')}
INFO:root:VALID measures microavg - precision 0.7880 - recall 0.7880 - f1 0.7880 
INFO:root:VALID measures for class 0 - precision 0.1622 - recall 0.0347 - f1 0.0571 
INFO:root:VALID measures for class 1 - precision 0.8138 - recall 0.9593 - f1 0.8806 
INFO:root:VALID measures@10 microavg - precision 0.6854 - recall 0.0653 - f1 0.1193 
INFO:root:VALID measures@10 for class 0 - precision 0.2083 - recall 0.0289 - f1 0.0508 
INFO:root:VALID measures@10 for class 1 - precision 0.8615 - recall 0.0736 - f1 0.1356 
INFO:root:VALID measures@100 microavg - precision 0.7777 - recall 0.5637 - f1 0.6536 
INFO:root:VALID measures@100 for class 0 - precision 0.1622 - recall 0.0347 - f1 0.0571 
INFO:root:VALID measures@100 for class 1 - precision 0.8133 - recall 0.6840 - f1 0.7430 
INFO:root:VALID measures@1000 microavg - precision 0.7880 - recall 0.7880 - f1 0.7880 
INFO:root:VALID measures@1000 for class 0 - precision 0.1622 - recall 0.0347 - f1 0.0571 
INFO:root:VALID measures@1000 for class 1 - precision 0.8138 - recall 0.9593 - f1 0.8806 
INFO:root:VALID Total epoch time: 1.2067856369540095
INFO:root:################ TRAIN epoch 108 ###################
INFO:root:TRAIN mean losses tensor(0.0829, device='cuda:0')
INFO:root:TRAIN mean errors 0.08915789425373077
INFO:root:TRAIN mean MRR 0.0 - mean MAP 0.9865960598919163
INFO:root:TRAIN tp {0: tensor(1530, device='cuda:0'), 1: tensor(24429, device='cuda:0')},fn {0: tensor(954, device='cuda:0'), 1: tensor(1587, device='cuda:0')},fp {0: tensor(1587, device='cuda:0'), 1: tensor(954, device='cuda:0')}
INFO:root:TRAIN measures microavg - precision 0.9108 - recall 0.9108 - f1 0.9108 
INFO:root:TRAIN measures for class 0 - precision 0.4909 - recall 0.6159 - f1 0.5463 
INFO:root:TRAIN measures for class 1 - precision 0.9624 - recall 0.9390 - f1 0.9506 
INFO:root:TRAIN measures@10 microavg - precision 0.8275 - recall 0.0433 - f1 0.0822 
INFO:root:TRAIN measures@10 for class 0 - precision 0.5984 - recall 0.1542 - f1 0.2452 
INFO:root:TRAIN measures@10 for class 1 - precision 1.0000 - recall 0.0327 - f1 0.0633 
INFO:root:TRAIN measures@100 microavg - precision 0.8744 - recall 0.3412 - f1 0.4908 
INFO:root:TRAIN measures@100 for class 0 - precision 0.5059 - recall 0.5535 - f1 0.5286 
INFO:root:TRAIN measures@100 for class 1 - precision 0.9936 - recall 0.3209 - f1 0.4851 
INFO:root:TRAIN measures@1000 microavg - precision 0.9101 - recall 0.8844 - f1 0.8971 
INFO:root:TRAIN measures@1000 for class 0 - precision 0.4909 - recall 0.6159 - f1 0.5463 
INFO:root:TRAIN measures@1000 for class 1 - precision 0.9633 - recall 0.9100 - f1 0.9359 
INFO:root:TRAIN Total epoch time: 9.603790175169706
INFO:root:################ VALID epoch 108 ###################
INFO:root:VALID mean losses tensor(0.8289, device='cuda:0')
INFO:root:VALID mean errors 0.24036403000354767
INFO:root:VALID mean MRR 0.0 - mean MAP 0.8258678293209628
INFO:root:VALID tp {0: tensor(10, device='cuda:0'), 1: tensor(1409, device='cuda:0')},fn {0: tensor(336, device='cuda:0'), 1: tensor(113, device='cuda:0')},fp {0: tensor(113, device='cuda:0'), 1: tensor(336, device='cuda:0')}
INFO:root:VALID measures microavg - precision 0.7596 - recall 0.7596 - f1 0.7596 
INFO:root:VALID measures for class 0 - precision 0.0813 - recall 0.0289 - f1 0.0426 
INFO:root:VALID measures for class 1 - precision 0.8074 - recall 0.9258 - f1 0.8626 
INFO:root:VALID measures@10 microavg - precision 0.6094 - recall 0.0626 - f1 0.1136 
INFO:root:VALID measures@10 for class 0 - precision 0.0806 - recall 0.0145 - f1 0.0245 
INFO:root:VALID measures@10 for class 1 - precision 0.8615 - recall 0.0736 - f1 0.1356 
INFO:root:VALID measures@100 microavg - precision 0.7489 - recall 0.5573 - f1 0.6390 
INFO:root:VALID measures@100 for class 0 - precision 0.0813 - recall 0.0289 - f1 0.0426 
INFO:root:VALID measures@100 for class 1 - precision 0.8137 - recall 0.6774 - f1 0.7393 
INFO:root:VALID measures@1000 microavg - precision 0.7596 - recall 0.7596 - f1 0.7596 
INFO:root:VALID measures@1000 for class 0 - precision 0.0813 - recall 0.0289 - f1 0.0426 
INFO:root:VALID measures@1000 for class 1 - precision 0.8074 - recall 0.9258 - f1 0.8626 
INFO:root:VALID Total epoch time: 1.1136140730232
INFO:root:################ TRAIN epoch 109 ###################
INFO:root:TRAIN mean losses tensor(0.0876, device='cuda:0')
INFO:root:TRAIN mean errors 0.09663157910108566
INFO:root:TRAIN mean MRR 0.0 - mean MAP 0.9847940942288811
INFO:root:TRAIN tp {0: tensor(1457, device='cuda:0'), 1: tensor(24289, device='cuda:0')},fn {0: tensor(1027, device='cuda:0'), 1: tensor(1727, device='cuda:0')},fp {0: tensor(1727, device='cuda:0'), 1: tensor(1027, device='cuda:0')}
INFO:root:TRAIN measures microavg - precision 0.9034 - recall 0.9034 - f1 0.9034 
INFO:root:TRAIN measures for class 0 - precision 0.4576 - recall 0.5866 - f1 0.5141 
INFO:root:TRAIN measures for class 1 - precision 0.9594 - recall 0.9336 - f1 0.9463 
INFO:root:TRAIN measures@10 microavg - precision 0.8216 - recall 0.0440 - f1 0.0835 
INFO:root:TRAIN measures@10 for class 0 - precision 0.5970 - recall 0.1622 - f1 0.2551 
INFO:root:TRAIN measures@10 for class 1 - precision 1.0000 - recall 0.0327 - f1 0.0633 
INFO:root:TRAIN measures@100 microavg - precision 0.8690 - recall 0.3381 - f1 0.4868 
INFO:root:TRAIN measures@100 for class 0 - precision 0.4877 - recall 0.5262 - f1 0.5062 
INFO:root:TRAIN measures@100 for class 1 - precision 0.9905 - recall 0.3202 - f1 0.4839 
INFO:root:TRAIN measures@1000 microavg - precision 0.9021 - recall 0.8831 - f1 0.8925 
INFO:root:TRAIN measures@1000 for class 0 - precision 0.4576 - recall 0.5866 - f1 0.5141 
INFO:root:TRAIN measures@1000 for class 1 - precision 0.9594 - recall 0.9114 - f1 0.9348 
INFO:root:TRAIN Total epoch time: 9.620608596131206
INFO:root:################ VALID epoch 109 ###################
INFO:root:VALID mean losses tensor(0.7151, device='cuda:0')
INFO:root:VALID mean errors 0.3115631639957428
INFO:root:VALID mean MRR 0.0 - mean MAP 0.8077987001752803
INFO:root:VALID tp {0: tensor(44, device='cuda:0'), 1: tensor(1242, device='cuda:0')},fn {0: tensor(302, device='cuda:0'), 1: tensor(280, device='cuda:0')},fp {0: tensor(280, device='cuda:0'), 1: tensor(302, device='cuda:0')}
INFO:root:VALID measures microavg - precision 0.6884 - recall 0.6884 - f1 0.6884 
INFO:root:VALID measures for class 0 - precision 0.1358 - recall 0.1272 - f1 0.1313 
INFO:root:VALID measures for class 1 - precision 0.8044 - recall 0.8160 - f1 0.8102 
INFO:root:VALID measures@10 microavg - precision 0.5105 - recall 0.0648 - f1 0.1150 
INFO:root:VALID measures@10 for class 0 - precision 0.1682 - recall 0.0520 - f1 0.0795 
INFO:root:VALID measures@10 for class 1 - precision 0.7923 - recall 0.0677 - f1 0.1247 
INFO:root:VALID measures@100 microavg - precision 0.6759 - recall 0.5594 - f1 0.6122 
INFO:root:VALID measures@100 for class 0 - precision 0.1358 - recall 0.1272 - f1 0.1313 
INFO:root:VALID measures@100 for class 1 - precision 0.8191 - recall 0.6577 - f1 0.7296 
INFO:root:VALID measures@1000 microavg - precision 0.6884 - recall 0.6884 - f1 0.6884 
INFO:root:VALID measures@1000 for class 0 - precision 0.1358 - recall 0.1272 - f1 0.1313 
INFO:root:VALID measures@1000 for class 1 - precision 0.8044 - recall 0.8160 - f1 0.8102 
INFO:root:VALID Total epoch time: 1.2214609505608678
INFO:root:################ TRAIN epoch 110 ###################
INFO:root:TRAIN mean losses tensor(0.0827, device='cuda:0')
INFO:root:TRAIN mean errors 0.0929824560880661
INFO:root:TRAIN mean MRR 0.0 - mean MAP 0.9863110438441355
INFO:root:TRAIN tp {0: tensor(1516, device='cuda:0'), 1: tensor(24334, device='cuda:0')},fn {0: tensor(968, device='cuda:0'), 1: tensor(1682, device='cuda:0')},fp {0: tensor(1682, device='cuda:0'), 1: tensor(968, device='cuda:0')}
INFO:root:TRAIN measures microavg - precision 0.9070 - recall 0.9070 - f1 0.9070 
INFO:root:TRAIN measures for class 0 - precision 0.4740 - recall 0.6103 - f1 0.5336 
INFO:root:TRAIN measures for class 1 - precision 0.9617 - recall 0.9353 - f1 0.9484 
INFO:root:TRAIN measures@10 microavg - precision 0.8119 - recall 0.0435 - f1 0.0825 
INFO:root:TRAIN measures@10 for class 0 - precision 0.5784 - recall 0.1574 - f1 0.2475 
INFO:root:TRAIN measures@10 for class 1 - precision 0.9976 - recall 0.0326 - f1 0.0631 
INFO:root:TRAIN measures@100 microavg - precision 0.8696 - recall 0.3420 - f1 0.4909 
INFO:root:TRAIN measures@100 for class 0 - precision 0.4887 - recall 0.5487 - f1 0.5170 
INFO:root:TRAIN measures@100 for class 1 - precision 0.9957 - recall 0.3223 - f1 0.4869 
INFO:root:TRAIN measures@1000 microavg - precision 0.9063 - recall 0.8792 - f1 0.8925 
INFO:root:TRAIN measures@1000 for class 0 - precision 0.4740 - recall 0.6103 - f1 0.5336 
INFO:root:TRAIN measures@1000 for class 1 - precision 0.9629 - recall 0.9048 - f1 0.9330 
INFO:root:TRAIN Total epoch time: 9.134203695692122
INFO:root:################ VALID epoch 110 ###################
INFO:root:VALID mean losses tensor(1.3971, device='cuda:0')
INFO:root:VALID mean errors 0.21038544178009033
INFO:root:VALID mean MRR 0.0 - mean MAP 0.814536745954824
INFO:root:VALID tp {0: tensor(17, device='cuda:0'), 1: tensor(1458, device='cuda:0')},fn {0: tensor(329, device='cuda:0'), 1: tensor(64, device='cuda:0')},fp {0: tensor(64, device='cuda:0'), 1: tensor(329, device='cuda:0')}
INFO:root:VALID measures microavg - precision 0.7896 - recall 0.7896 - f1 0.7896 
INFO:root:VALID measures for class 0 - precision 0.2099 - recall 0.0491 - f1 0.0796 
INFO:root:VALID measures for class 1 - precision 0.8159 - recall 0.9580 - f1 0.8812 
INFO:root:VALID measures@10 microavg - precision 0.6813 - recall 0.0664 - f1 0.1210 
INFO:root:VALID measures@10 for class 0 - precision 0.2500 - recall 0.0376 - f1 0.0653 
INFO:root:VALID measures@10 for class 1 - precision 0.8538 - recall 0.0729 - f1 0.1344 
INFO:root:VALID measures@100 microavg - precision 0.7784 - recall 0.5605 - f1 0.6517 
INFO:root:VALID measures@100 for class 0 - precision 0.2099 - recall 0.0491 - f1 0.0796 
INFO:root:VALID measures@100 for class 1 - precision 0.8149 - recall 0.6767 - f1 0.7394 
INFO:root:VALID measures@1000 microavg - precision 0.7896 - recall 0.7896 - f1 0.7896 
INFO:root:VALID measures@1000 for class 0 - precision 0.2099 - recall 0.0491 - f1 0.0796 
INFO:root:VALID measures@1000 for class 1 - precision 0.8159 - recall 0.9580 - f1 0.8812 
INFO:root:VALID Total epoch time: 1.4279841892421246
INFO:root:################ TRAIN epoch 111 ###################
INFO:root:TRAIN mean losses tensor(0.0786, device='cuda:0')
INFO:root:TRAIN mean errors 0.09028070420026779
INFO:root:TRAIN mean MRR 0.0 - mean MAP 0.9874950130589252
INFO:root:TRAIN tp {0: tensor(1557, device='cuda:0'), 1: tensor(24370, device='cuda:0')},fn {0: tensor(927, device='cuda:0'), 1: tensor(1646, device='cuda:0')},fp {0: tensor(1646, device='cuda:0'), 1: tensor(927, device='cuda:0')}
INFO:root:TRAIN measures microavg - precision 0.9097 - recall 0.9097 - f1 0.9097 
INFO:root:TRAIN measures for class 0 - precision 0.4861 - recall 0.6268 - f1 0.5476 
INFO:root:TRAIN measures for class 1 - precision 0.9634 - recall 0.9367 - f1 0.9499 
INFO:root:TRAIN measures@10 microavg - precision 0.8344 - recall 0.0439 - f1 0.0833 
INFO:root:TRAIN measures@10 for class 0 - precision 0.6173 - recall 0.1610 - f1 0.2554 
INFO:root:TRAIN measures@10 for class 1 - precision 1.0000 - recall 0.0327 - f1 0.0633 
INFO:root:TRAIN measures@100 microavg - precision 0.8764 - recall 0.3424 - f1 0.4924 
INFO:root:TRAIN measures@100 for class 0 - precision 0.5083 - recall 0.5556 - f1 0.5309 
INFO:root:TRAIN measures@100 for class 1 - precision 0.9951 - recall 0.3221 - f1 0.4866 
INFO:root:TRAIN measures@1000 microavg - precision 0.9095 - recall 0.8806 - f1 0.8948 
INFO:root:TRAIN measures@1000 for class 0 - precision 0.4861 - recall 0.6268 - f1 0.5476 
INFO:root:TRAIN measures@1000 for class 1 - precision 0.9651 - recall 0.9048 - f1 0.9340 
INFO:root:TRAIN Total epoch time: 8.971530532464385
INFO:root:################ VALID epoch 111 ###################
INFO:root:VALID mean losses tensor(0.9835, device='cuda:0')
INFO:root:VALID mean errors 0.2109207659959793
INFO:root:VALID mean MRR 0.0 - mean MAP 0.8217416280974909
INFO:root:VALID tp {0: tensor(8, device='cuda:0'), 1: tensor(1466, device='cuda:0')},fn {0: tensor(338, device='cuda:0'), 1: tensor(56, device='cuda:0')},fp {0: tensor(56, device='cuda:0'), 1: tensor(338, device='cuda:0')}
INFO:root:VALID measures microavg - precision 0.7891 - recall 0.7891 - f1 0.7891 
INFO:root:VALID measures for class 0 - precision 0.1250 - recall 0.0231 - f1 0.0390 
INFO:root:VALID measures for class 1 - precision 0.8126 - recall 0.9632 - f1 0.8815 
INFO:root:VALID measures@10 microavg - precision 0.6416 - recall 0.0594 - f1 0.1088 
INFO:root:VALID measures@10 for class 0 - precision 0.0930 - recall 0.0116 - f1 0.0206 
INFO:root:VALID measures@10 for class 1 - precision 0.8231 - recall 0.0703 - f1 0.1295 
INFO:root:VALID measures@100 microavg - precision 0.7835 - recall 0.5637 - f1 0.6557 
INFO:root:VALID measures@100 for class 0 - precision 0.1250 - recall 0.0231 - f1 0.0390 
INFO:root:VALID measures@100 for class 1 - precision 0.8164 - recall 0.6866 - f1 0.7459 
INFO:root:VALID measures@1000 microavg - precision 0.7891 - recall 0.7891 - f1 0.7891 
INFO:root:VALID measures@1000 for class 0 - precision 0.1250 - recall 0.0231 - f1 0.0390 
INFO:root:VALID measures@1000 for class 1 - precision 0.8126 - recall 0.9632 - f1 0.8815 
INFO:root:VALID Total epoch time: 1.316423125565052
INFO:root:################ TRAIN epoch 112 ###################
INFO:root:TRAIN mean losses tensor(0.0773, device='cuda:0')
INFO:root:TRAIN mean errors 0.09494736790657043
INFO:root:TRAIN mean MRR 0.0 - mean MAP 0.9888153906056094
INFO:root:TRAIN tp {0: tensor(1672, device='cuda:0'), 1: tensor(24122, device='cuda:0')},fn {0: tensor(812, device='cuda:0'), 1: tensor(1894, device='cuda:0')},fp {0: tensor(1894, device='cuda:0'), 1: tensor(812, device='cuda:0')}
INFO:root:TRAIN measures microavg - precision 0.9051 - recall 0.9051 - f1 0.9051 
INFO:root:TRAIN measures for class 0 - precision 0.4689 - recall 0.6731 - f1 0.5527 
INFO:root:TRAIN measures for class 1 - precision 0.9674 - recall 0.9272 - f1 0.9469 
INFO:root:TRAIN measures@10 microavg - precision 0.8448 - recall 0.0445 - f1 0.0845 
INFO:root:TRAIN measures@10 for class 0 - precision 0.6421 - recall 0.1683 - f1 0.2667 
INFO:root:TRAIN measures@10 for class 1 - precision 1.0000 - recall 0.0327 - f1 0.0633 
INFO:root:TRAIN measures@100 microavg - precision 0.8630 - recall 0.3464 - f1 0.4943 
INFO:root:TRAIN measures@100 for class 0 - precision 0.4964 - recall 0.6071 - f1 0.5462 
INFO:root:TRAIN measures@100 for class 1 - precision 0.9956 - recall 0.3215 - f1 0.4860 
INFO:root:TRAIN measures@1000 microavg - precision 0.9038 - recall 0.8827 - f1 0.8931 
INFO:root:TRAIN measures@1000 for class 0 - precision 0.4689 - recall 0.6731 - f1 0.5527 
INFO:root:TRAIN measures@1000 for class 1 - precision 0.9677 - recall 0.9028 - f1 0.9341 
INFO:root:TRAIN Total epoch time: 9.630236838944256
INFO:root:################ VALID epoch 112 ###################
INFO:root:VALID mean losses tensor(0.8116, device='cuda:0')
INFO:root:VALID mean errors 0.24036403000354767
INFO:root:VALID mean MRR 0.0 - mean MAP 0.824242372792924
INFO:root:VALID tp {0: tensor(21, device='cuda:0'), 1: tensor(1398, device='cuda:0')},fn {0: tensor(325, device='cuda:0'), 1: tensor(124, device='cuda:0')},fp {0: tensor(124, device='cuda:0'), 1: tensor(325, device='cuda:0')}
INFO:root:VALID measures microavg - precision 0.7596 - recall 0.7596 - f1 0.7596 
INFO:root:VALID measures for class 0 - precision 0.1448 - recall 0.0607 - f1 0.0855 
INFO:root:VALID measures for class 1 - precision 0.8114 - recall 0.9185 - f1 0.8616 
INFO:root:VALID measures@10 microavg - precision 0.6244 - recall 0.0685 - f1 0.1235 
INFO:root:VALID measures@10 for class 0 - precision 0.1867 - recall 0.0405 - f1 0.0665 
INFO:root:VALID measures@10 for class 1 - precision 0.8769 - recall 0.0749 - f1 0.1380 
INFO:root:VALID measures@100 microavg - precision 0.7521 - recall 0.5701 - f1 0.6486 
INFO:root:VALID measures@100 for class 0 - precision 0.1448 - recall 0.0607 - f1 0.0855 
INFO:root:VALID measures@100 for class 1 - precision 0.8214 - recall 0.6859 - f1 0.7476 
INFO:root:VALID measures@1000 microavg - precision 0.7596 - recall 0.7596 - f1 0.7596 
INFO:root:VALID measures@1000 for class 0 - precision 0.1448 - recall 0.0607 - f1 0.0855 
INFO:root:VALID measures@1000 for class 1 - precision 0.8114 - recall 0.9185 - f1 0.8616 
INFO:root:VALID Total epoch time: 1.1588893327862024
INFO:root:################ TRAIN epoch 113 ###################
INFO:root:TRAIN mean losses tensor(0.0797, device='cuda:0')
INFO:root:TRAIN mean errors 0.08957894891500473
INFO:root:TRAIN mean MRR 0.0 - mean MAP 0.987371172953944
INFO:root:TRAIN tp {0: tensor(1564, device='cuda:0'), 1: tensor(24383, device='cuda:0')},fn {0: tensor(920, device='cuda:0'), 1: tensor(1633, device='cuda:0')},fp {0: tensor(1633, device='cuda:0'), 1: tensor(920, device='cuda:0')}
INFO:root:TRAIN measures microavg - precision 0.9104 - recall 0.9104 - f1 0.9104 
INFO:root:TRAIN measures for class 0 - precision 0.4892 - recall 0.6296 - f1 0.5506 
INFO:root:TRAIN measures for class 1 - precision 0.9636 - recall 0.9372 - f1 0.9503 
INFO:root:TRAIN measures@10 microavg - precision 0.8386 - recall 0.0445 - f1 0.0845 
INFO:root:TRAIN measures@10 for class 0 - precision 0.6314 - recall 0.1683 - f1 0.2657 
INFO:root:TRAIN measures@10 for class 1 - precision 1.0000 - recall 0.0327 - f1 0.0633 
INFO:root:TRAIN measures@100 microavg - precision 0.8697 - recall 0.3444 - f1 0.4934 
INFO:root:TRAIN measures@100 for class 0 - precision 0.5007 - recall 0.5753 - f1 0.5354 
INFO:root:TRAIN measures@100 for class 1 - precision 0.9945 - recall 0.3224 - f1 0.4869 
INFO:root:TRAIN measures@1000 microavg - precision 0.9098 - recall 0.8833 - f1 0.8964 
INFO:root:TRAIN measures@1000 for class 0 - precision 0.4892 - recall 0.6296 - f1 0.5506 
INFO:root:TRAIN measures@1000 for class 1 - precision 0.9647 - recall 0.9076 - f1 0.9353 
INFO:root:TRAIN Total epoch time: 9.411621167324483
INFO:root:################ VALID epoch 113 ###################
INFO:root:VALID mean losses tensor(1.1153, device='cuda:0')
INFO:root:VALID mean errors 0.26124197244644165
INFO:root:VALID mean MRR 0.0 - mean MAP 0.8110648536691575
INFO:root:VALID tp {0: tensor(30, device='cuda:0'), 1: tensor(1350, device='cuda:0')},fn {0: tensor(316, device='cuda:0'), 1: tensor(172, device='cuda:0')},fp {0: tensor(172, device='cuda:0'), 1: tensor(316, device='cuda:0')}
INFO:root:VALID measures microavg - precision 0.7388 - recall 0.7388 - f1 0.7388 
INFO:root:VALID measures for class 0 - precision 0.1485 - recall 0.0867 - f1 0.1095 
INFO:root:VALID measures for class 1 - precision 0.8103 - recall 0.8870 - f1 0.8469 
INFO:root:VALID measures@10 microavg - precision 0.5805 - recall 0.0637 - f1 0.1148 
INFO:root:VALID measures@10 for class 0 - precision 0.2533 - recall 0.0549 - f1 0.0903 
INFO:root:VALID measures@10 for class 1 - precision 0.7692 - recall 0.0657 - f1 0.1211 
INFO:root:VALID measures@100 microavg - precision 0.7230 - recall 0.5546 - f1 0.6277 
INFO:root:VALID measures@100 for class 0 - precision 0.1485 - recall 0.0867 - f1 0.1095 
INFO:root:VALID measures@100 for class 1 - precision 0.8172 - recall 0.6610 - f1 0.7308 
INFO:root:VALID measures@1000 microavg - precision 0.7388 - recall 0.7388 - f1 0.7388 
INFO:root:VALID measures@1000 for class 0 - precision 0.1485 - recall 0.0867 - f1 0.1095 
INFO:root:VALID measures@1000 for class 1 - precision 0.8103 - recall 0.8870 - f1 0.8469 
INFO:root:VALID Total epoch time: 1.1506124902516603
INFO:root:################ TRAIN epoch 114 ###################
INFO:root:TRAIN mean losses tensor(0.0833, device='cuda:0')
INFO:root:TRAIN mean errors 0.09922806918621063
INFO:root:TRAIN mean MRR 0.0 - mean MAP 0.9861368568466413
INFO:root:TRAIN tp {0: tensor(1573, device='cuda:0'), 1: tensor(24099, device='cuda:0')},fn {0: tensor(911, device='cuda:0'), 1: tensor(1917, device='cuda:0')},fp {0: tensor(1917, device='cuda:0'), 1: tensor(911, device='cuda:0')}
INFO:root:TRAIN measures microavg - precision 0.9008 - recall 0.9008 - f1 0.9008 
INFO:root:TRAIN measures for class 0 - precision 0.4507 - recall 0.6333 - f1 0.5266 
INFO:root:TRAIN measures for class 1 - precision 0.9636 - recall 0.9263 - f1 0.9446 
INFO:root:TRAIN measures@10 microavg - precision 0.8259 - recall 0.0446 - f1 0.0846 
INFO:root:TRAIN measures@10 for class 0 - precision 0.6110 - recall 0.1695 - f1 0.2654 
INFO:root:TRAIN measures@10 for class 1 - precision 1.0000 - recall 0.0327 - f1 0.0633 
INFO:root:TRAIN measures@100 microavg - precision 0.8660 - recall 0.3432 - f1 0.4916 
INFO:root:TRAIN measures@100 for class 0 - precision 0.4899 - recall 0.5640 - f1 0.5243 
INFO:root:TRAIN measures@100 for class 1 - precision 0.9935 - recall 0.3221 - f1 0.4865 
INFO:root:TRAIN measures@1000 microavg - precision 0.8994 - recall 0.8745 - f1 0.8868 
INFO:root:TRAIN measures@1000 for class 0 - precision 0.4507 - recall 0.6333 - f1 0.5266 
INFO:root:TRAIN measures@1000 for class 1 - precision 0.9641 - recall 0.8975 - f1 0.9296 
INFO:root:TRAIN Total epoch time: 10.100132901221514
INFO:root:################ VALID epoch 114 ###################
INFO:root:VALID mean losses tensor(1.2192, device='cuda:0')
INFO:root:VALID mean errors 0.24518200755119324
INFO:root:VALID mean MRR 0.0 - mean MAP 0.8177174264796951
INFO:root:VALID tp {0: tensor(27, device='cuda:0'), 1: tensor(1383, device='cuda:0')},fn {0: tensor(319, device='cuda:0'), 1: tensor(139, device='cuda:0')},fp {0: tensor(139, device='cuda:0'), 1: tensor(319, device='cuda:0')}
INFO:root:VALID measures microavg - precision 0.7548 - recall 0.7548 - f1 0.7548 
INFO:root:VALID measures for class 0 - precision 0.1627 - recall 0.0780 - f1 0.1055 
INFO:root:VALID measures for class 1 - precision 0.8126 - recall 0.9087 - f1 0.8579 
INFO:root:VALID measures@10 microavg - precision 0.6029 - recall 0.0658 - f1 0.1187 
INFO:root:VALID measures@10 for class 0 - precision 0.1892 - recall 0.0405 - f1 0.0667 
INFO:root:VALID measures@10 for class 1 - precision 0.8385 - recall 0.0716 - f1 0.1320 
INFO:root:VALID measures@100 microavg - precision 0.7373 - recall 0.5589 - f1 0.6358 
INFO:root:VALID measures@100 for class 0 - precision 0.1627 - recall 0.0780 - f1 0.1055 
INFO:root:VALID measures@100 for class 1 - precision 0.8136 - recall 0.6682 - f1 0.7338 
INFO:root:VALID measures@1000 microavg - precision 0.7548 - recall 0.7548 - f1 0.7548 
INFO:root:VALID measures@1000 for class 0 - precision 0.1627 - recall 0.0780 - f1 0.1055 
INFO:root:VALID measures@1000 for class 1 - precision 0.8126 - recall 0.9087 - f1 0.8579 
INFO:root:VALID Total epoch time: 1.188224095851183
INFO:root:################ TRAIN epoch 115 ###################
INFO:root:TRAIN mean losses tensor(0.0868, device='cuda:0')
INFO:root:TRAIN mean errors 0.09392982721328735
INFO:root:TRAIN mean MRR 0.0 - mean MAP 0.9851491200661752
INFO:root:TRAIN tp {0: tensor(1476, device='cuda:0'), 1: tensor(24347, device='cuda:0')},fn {0: tensor(1008, device='cuda:0'), 1: tensor(1669, device='cuda:0')},fp {0: tensor(1669, device='cuda:0'), 1: tensor(1008, device='cuda:0')}
INFO:root:TRAIN measures microavg - precision 0.9061 - recall 0.9061 - f1 0.9061 
INFO:root:TRAIN measures for class 0 - precision 0.4693 - recall 0.5942 - f1 0.5244 
INFO:root:TRAIN measures for class 1 - precision 0.9602 - recall 0.9358 - f1 0.9479 
INFO:root:TRAIN measures@10 microavg - precision 0.8153 - recall 0.0440 - f1 0.0835 
INFO:root:TRAIN measures@10 for class 0 - precision 0.5872 - recall 0.1626 - f1 0.2547 
INFO:root:TRAIN measures@10 for class 1 - precision 1.0000 - recall 0.0327 - f1 0.0633 
INFO:root:TRAIN measures@100 microavg - precision 0.8634 - recall 0.3408 - f1 0.4887 
INFO:root:TRAIN measures@100 for class 0 - precision 0.4770 - recall 0.5435 - f1 0.5081 
INFO:root:TRAIN measures@100 for class 1 - precision 0.9932 - recall 0.3214 - f1 0.4857 
INFO:root:TRAIN measures@1000 microavg - precision 0.9053 - recall 0.8767 - f1 0.8908 
INFO:root:TRAIN measures@1000 for class 0 - precision 0.4693 - recall 0.5942 - f1 0.5244 
INFO:root:TRAIN measures@1000 for class 1 - precision 0.9613 - recall 0.9037 - f1 0.9316 
INFO:root:TRAIN Total epoch time: 8.967129297554493
INFO:root:################ VALID epoch 115 ###################
INFO:root:VALID mean losses tensor(1.5994, device='cuda:0')
INFO:root:VALID mean errors 0.19004282355308533
INFO:root:VALID mean MRR 0.0 - mean MAP 0.8173345184590596
INFO:root:VALID tp {0: tensor(10, device='cuda:0'), 1: tensor(1503, device='cuda:0')},fn {0: tensor(336, device='cuda:0'), 1: tensor(19, device='cuda:0')},fp {0: tensor(19, device='cuda:0'), 1: tensor(336, device='cuda:0')}
INFO:root:VALID measures microavg - precision 0.8100 - recall 0.8100 - f1 0.8100 
INFO:root:VALID measures for class 0 - precision 0.3448 - recall 0.0289 - f1 0.0533 
INFO:root:VALID measures for class 1 - precision 0.8173 - recall 0.9875 - f1 0.8944 
INFO:root:VALID measures@10 microavg - precision 0.7516 - recall 0.0632 - f1 0.1165 
INFO:root:VALID measures@10 for class 0 - precision 0.3704 - recall 0.0289 - f1 0.0536 
INFO:root:VALID measures@10 for class 1 - precision 0.8308 - recall 0.0710 - f1 0.1308 
INFO:root:VALID measures@100 microavg - precision 0.8029 - recall 0.5626 - f1 0.6616 
INFO:root:VALID measures@100 for class 0 - precision 0.3448 - recall 0.0289 - f1 0.0533 
INFO:root:VALID measures@100 for class 1 - precision 0.8133 - recall 0.6840 - f1 0.7430 
INFO:root:VALID measures@1000 microavg - precision 0.8100 - recall 0.8100 - f1 0.8100 
INFO:root:VALID measures@1000 for class 0 - precision 0.3448 - recall 0.0289 - f1 0.0533 
INFO:root:VALID measures@1000 for class 1 - precision 0.8173 - recall 0.9875 - f1 0.8944 
INFO:root:VALID Total epoch time: 1.1652824375778437
INFO:root:################ TRAIN epoch 116 ###################
INFO:root:TRAIN mean losses tensor(0.0789, device='cuda:0')
INFO:root:TRAIN mean errors 0.09371929615736008
INFO:root:TRAIN mean MRR 0.0 - mean MAP 0.9876984729876356
INFO:root:TRAIN tp {0: tensor(1599, device='cuda:0'), 1: tensor(24230, device='cuda:0')},fn {0: tensor(885, device='cuda:0'), 1: tensor(1786, device='cuda:0')},fp {0: tensor(1786, device='cuda:0'), 1: tensor(885, device='cuda:0')}
INFO:root:TRAIN measures microavg - precision 0.9063 - recall 0.9063 - f1 0.9063 
INFO:root:TRAIN measures for class 0 - precision 0.4724 - recall 0.6437 - f1 0.5449 
INFO:root:TRAIN measures for class 1 - precision 0.9648 - recall 0.9313 - f1 0.9478 
INFO:root:TRAIN measures@10 microavg - precision 0.8482 - recall 0.0437 - f1 0.0832 
INFO:root:TRAIN measures@10 for class 0 - precision 0.6397 - recall 0.1594 - f1 0.2552 
INFO:root:TRAIN measures@10 for class 1 - precision 1.0000 - recall 0.0327 - f1 0.0633 
INFO:root:TRAIN measures@100 microavg - precision 0.8691 - recall 0.3446 - f1 0.4935 
INFO:root:TRAIN measures@100 for class 0 - precision 0.5019 - recall 0.5817 - f1 0.5389 
INFO:root:TRAIN measures@100 for class 1 - precision 0.9947 - recall 0.3219 - f1 0.4864 
INFO:root:TRAIN measures@1000 microavg - precision 0.9049 - recall 0.8807 - f1 0.8927 
INFO:root:TRAIN measures@1000 for class 0 - precision 0.4724 - recall 0.6437 - f1 0.5449 
INFO:root:TRAIN measures@1000 for class 1 - precision 0.9651 - recall 0.9033 - f1 0.9332 
INFO:root:TRAIN Total epoch time: 9.544540457427502
INFO:root:################ VALID epoch 116 ###################
INFO:root:VALID mean losses tensor(0.8755, device='cuda:0')
INFO:root:VALID mean errors 0.23608137667179108
INFO:root:VALID mean MRR 0.0 - mean MAP 0.8223414861763334
INFO:root:VALID tp {0: tensor(20, device='cuda:0'), 1: tensor(1407, device='cuda:0')},fn {0: tensor(326, device='cuda:0'), 1: tensor(115, device='cuda:0')},fp {0: tensor(115, device='cuda:0'), 1: tensor(326, device='cuda:0')}
INFO:root:VALID measures microavg - precision 0.7639 - recall 0.7639 - f1 0.7639 
INFO:root:VALID measures for class 0 - precision 0.1481 - recall 0.0578 - f1 0.0832 
INFO:root:VALID measures for class 1 - precision 0.8119 - recall 0.9244 - f1 0.8645 
INFO:root:VALID measures@10 microavg - precision 0.6313 - recall 0.0669 - f1 0.1210 
INFO:root:VALID measures@10 for class 0 - precision 0.2353 - recall 0.0462 - f1 0.0773 
INFO:root:VALID measures@10 for class 1 - precision 0.8385 - recall 0.0716 - f1 0.1320 
INFO:root:VALID measures@100 microavg - precision 0.7541 - recall 0.5648 - f1 0.6459 
INFO:root:VALID measures@100 for class 0 - precision 0.1481 - recall 0.0578 - f1 0.0832 
INFO:root:VALID measures@100 for class 1 - precision 0.8188 - recall 0.6800 - f1 0.7430 
INFO:root:VALID measures@1000 microavg - precision 0.7639 - recall 0.7639 - f1 0.7639 
INFO:root:VALID measures@1000 for class 0 - precision 0.1481 - recall 0.0578 - f1 0.0832 
INFO:root:VALID measures@1000 for class 1 - precision 0.8119 - recall 0.9244 - f1 0.8645 
INFO:root:VALID Total epoch time: 1.200704274699092
INFO:root:################ TRAIN epoch 117 ###################
INFO:root:TRAIN mean losses tensor(0.0746, device='cuda:0')
INFO:root:TRAIN mean errors 0.10231579095125198
INFO:root:TRAIN mean MRR 0.0 - mean MAP 0.9893191989491499
INFO:root:TRAIN tp {0: tensor(1691, device='cuda:0'), 1: tensor(23893, device='cuda:0')},fn {0: tensor(793, device='cuda:0'), 1: tensor(2123, device='cuda:0')},fp {0: tensor(2123, device='cuda:0'), 1: tensor(793, device='cuda:0')}
INFO:root:TRAIN measures microavg - precision 0.8977 - recall 0.8977 - f1 0.8977 
INFO:root:TRAIN measures for class 0 - precision 0.4434 - recall 0.6808 - f1 0.5370 
INFO:root:TRAIN measures for class 1 - precision 0.9679 - recall 0.9184 - f1 0.9425 
INFO:root:TRAIN measures@10 microavg - precision 0.8436 - recall 0.0448 - f1 0.0852 
INFO:root:TRAIN measures@10 for class 0 - precision 0.6436 - recall 0.1723 - f1 0.2718 
INFO:root:TRAIN measures@10 for class 1 - precision 1.0000 - recall 0.0327 - f1 0.0633 
INFO:root:TRAIN measures@100 microavg - precision 0.8645 - recall 0.3478 - f1 0.4960 
INFO:root:TRAIN measures@100 for class 0 - precision 0.4965 - recall 0.6047 - f1 0.5453 
INFO:root:TRAIN measures@100 for class 1 - precision 0.9964 - recall 0.3233 - f1 0.4882 
INFO:root:TRAIN measures@1000 microavg - precision 0.8965 - recall 0.8824 - f1 0.8894 
INFO:root:TRAIN measures@1000 for class 0 - precision 0.4434 - recall 0.6808 - f1 0.5370 
INFO:root:TRAIN measures@1000 for class 1 - precision 0.9678 - recall 0.9016 - f1 0.9335 
INFO:root:TRAIN Total epoch time: 9.654956345446408
INFO:root:################ VALID epoch 117 ###################
INFO:root:VALID mean losses tensor(0.9954, device='cuda:0')
INFO:root:VALID mean errors 0.2665952742099762
INFO:root:VALID mean MRR 0.0 - mean MAP 0.826736457116413
INFO:root:VALID tp {0: tensor(21, device='cuda:0'), 1: tensor(1349, device='cuda:0')},fn {0: tensor(325, device='cuda:0'), 1: tensor(173, device='cuda:0')},fp {0: tensor(173, device='cuda:0'), 1: tensor(325, device='cuda:0')}
INFO:root:VALID measures microavg - precision 0.7334 - recall 0.7334 - f1 0.7334 
INFO:root:VALID measures for class 0 - precision 0.1082 - recall 0.0607 - f1 0.0778 
INFO:root:VALID measures for class 1 - precision 0.8059 - recall 0.8863 - f1 0.8442 
INFO:root:VALID measures@10 microavg - precision 0.6019 - recall 0.0680 - f1 0.1222 
INFO:root:VALID measures@10 for class 0 - precision 0.1975 - recall 0.0462 - f1 0.0749 
INFO:root:VALID measures@10 for class 1 - precision 0.8538 - recall 0.0729 - f1 0.1344 
INFO:root:VALID measures@100 microavg - precision 0.7215 - recall 0.5562 - f1 0.6282 
INFO:root:VALID measures@100 for class 0 - precision 0.1082 - recall 0.0607 - f1 0.0778 
INFO:root:VALID measures@100 for class 1 - precision 0.8170 - recall 0.6689 - f1 0.7355 
INFO:root:VALID measures@1000 microavg - precision 0.7334 - recall 0.7334 - f1 0.7334 
INFO:root:VALID measures@1000 for class 0 - precision 0.1082 - recall 0.0607 - f1 0.0778 
INFO:root:VALID measures@1000 for class 1 - precision 0.8059 - recall 0.8863 - f1 0.8442 
INFO:root:VALID Total epoch time: 1.2213000962510705
INFO:root:################ TRAIN epoch 118 ###################
INFO:root:TRAIN mean losses tensor(0.0733, device='cuda:0')
INFO:root:TRAIN mean errors 0.08757894486188889
INFO:root:TRAIN mean MRR 0.0 - mean MAP 0.9895608629927255
INFO:root:TRAIN tp {0: tensor(1690, device='cuda:0'), 1: tensor(24314, device='cuda:0')},fn {0: tensor(794, device='cuda:0'), 1: tensor(1702, device='cuda:0')},fp {0: tensor(1702, device='cuda:0'), 1: tensor(794, device='cuda:0')}
INFO:root:TRAIN measures microavg - precision 0.9124 - recall 0.9124 - f1 0.9124 
INFO:root:TRAIN measures for class 0 - precision 0.4982 - recall 0.6804 - f1 0.5752 
INFO:root:TRAIN measures for class 1 - precision 0.9684 - recall 0.9346 - f1 0.9512 
INFO:root:TRAIN measures@10 microavg - precision 0.8539 - recall 0.0464 - f1 0.0879 
INFO:root:TRAIN measures@10 for class 0 - precision 0.6758 - recall 0.1896 - f1 0.2961 
INFO:root:TRAIN measures@10 for class 1 - precision 1.0000 - recall 0.0327 - f1 0.0633 
INFO:root:TRAIN measures@100 microavg - precision 0.8749 - recall 0.3475 - f1 0.4975 
INFO:root:TRAIN measures@100 for class 0 - precision 0.5235 - recall 0.6107 - f1 0.5637 
INFO:root:TRAIN measures@100 for class 1 - precision 0.9958 - recall 0.3224 - f1 0.4871 
INFO:root:TRAIN measures@1000 microavg - precision 0.9118 - recall 0.8840 - f1 0.8977 
INFO:root:TRAIN measures@1000 for class 0 - precision 0.4982 - recall 0.6804 - f1 0.5752 
INFO:root:TRAIN measures@1000 for class 1 - precision 0.9697 - recall 0.9035 - f1 0.9354 
INFO:root:TRAIN Total epoch time: 9.370615771971643
INFO:root:################ VALID epoch 118 ###################
INFO:root:VALID mean losses tensor(1.1656, device='cuda:0')
INFO:root:VALID mean errors 0.22591006755828857
INFO:root:VALID mean MRR 0.0 - mean MAP 0.8241662506673172
INFO:root:VALID tp {0: tensor(16, device='cuda:0'), 1: tensor(1430, device='cuda:0')},fn {0: tensor(330, device='cuda:0'), 1: tensor(92, device='cuda:0')},fp {0: tensor(92, device='cuda:0'), 1: tensor(330, device='cuda:0')}
INFO:root:VALID measures microavg - precision 0.7741 - recall 0.7741 - f1 0.7741 
INFO:root:VALID measures for class 0 - precision 0.1481 - recall 0.0462 - f1 0.0705 
INFO:root:VALID measures for class 1 - precision 0.8125 - recall 0.9396 - f1 0.8714 
INFO:root:VALID measures@10 microavg - precision 0.7119 - recall 0.0675 - f1 0.1232 
INFO:root:VALID measures@10 for class 0 - precision 0.2553 - recall 0.0347 - f1 0.0611 
INFO:root:VALID measures@10 for class 1 - precision 0.8769 - recall 0.0749 - f1 0.1380 
INFO:root:VALID measures@100 microavg - precision 0.7672 - recall 0.5680 - f1 0.6527 
INFO:root:VALID measures@100 for class 0 - precision 0.1481 - recall 0.0462 - f1 0.0705 
INFO:root:VALID measures@100 for class 1 - precision 0.8196 - recall 0.6866 - f1 0.7472 
INFO:root:VALID measures@1000 microavg - precision 0.7741 - recall 0.7741 - f1 0.7741 
INFO:root:VALID measures@1000 for class 0 - precision 0.1481 - recall 0.0462 - f1 0.0705 
INFO:root:VALID measures@1000 for class 1 - precision 0.8125 - recall 0.9396 - f1 0.8714 
INFO:root:VALID Total epoch time: 1.304784302599728
INFO:root:################ TRAIN epoch 119 ###################
INFO:root:TRAIN mean losses tensor(0.0724, device='cuda:0')
INFO:root:TRAIN mean errors 0.0852280706167221
INFO:root:TRAIN mean MRR 0.0 - mean MAP 0.9898298575269417
INFO:root:TRAIN tp {0: tensor(1658, device='cuda:0'), 1: tensor(24413, device='cuda:0')},fn {0: tensor(826, device='cuda:0'), 1: tensor(1603, device='cuda:0')},fp {0: tensor(1603, device='cuda:0'), 1: tensor(826, device='cuda:0')}
INFO:root:TRAIN measures microavg - precision 0.9148 - recall 0.9148 - f1 0.9148 
INFO:root:TRAIN measures for class 0 - precision 0.5084 - recall 0.6675 - f1 0.5772 
INFO:root:TRAIN measures for class 1 - precision 0.9673 - recall 0.9384 - f1 0.9526 
INFO:root:TRAIN measures@10 microavg - precision 0.8556 - recall 0.0455 - f1 0.0865 
INFO:root:TRAIN measures@10 for class 0 - precision 0.6717 - recall 0.1804 - f1 0.2844 
INFO:root:TRAIN measures@10 for class 1 - precision 1.0000 - recall 0.0327 - f1 0.0633 
INFO:root:TRAIN measures@100 microavg - precision 0.8780 - recall 0.3481 - f1 0.4986 
INFO:root:TRAIN measures@100 for class 0 - precision 0.5285 - recall 0.6075 - f1 0.5653 
INFO:root:TRAIN measures@100 for class 1 - precision 0.9962 - recall 0.3233 - f1 0.4882 
INFO:root:TRAIN measures@1000 microavg - precision 0.9142 - recall 0.8864 - f1 0.9001 
INFO:root:TRAIN measures@1000 for class 0 - precision 0.5084 - recall 0.6675 - f1 0.5772 
INFO:root:TRAIN measures@1000 for class 1 - precision 0.9685 - recall 0.9073 - f1 0.9369 
INFO:root:TRAIN Total epoch time: 8.79843469709158
INFO:root:################ VALID epoch 119 ###################
INFO:root:VALID mean losses tensor(1.5143, device='cuda:0')
INFO:root:VALID mean errors 0.22216273844242096
INFO:root:VALID mean MRR 0.0 - mean MAP 0.825619005231806
INFO:root:VALID tp {0: tensor(18, device='cuda:0'), 1: tensor(1435, device='cuda:0')},fn {0: tensor(328, device='cuda:0'), 1: tensor(87, device='cuda:0')},fp {0: tensor(87, device='cuda:0'), 1: tensor(328, device='cuda:0')}
INFO:root:VALID measures microavg - precision 0.7778 - recall 0.7778 - f1 0.7778 
INFO:root:VALID measures for class 0 - precision 0.1714 - recall 0.0520 - f1 0.0798 
INFO:root:VALID measures for class 1 - precision 0.8140 - recall 0.9428 - f1 0.8737 
INFO:root:VALID measures@10 microavg - precision 0.6556 - recall 0.0632 - f1 0.1152 
INFO:root:VALID measures@10 for class 0 - precision 0.1800 - recall 0.0260 - f1 0.0455 
INFO:root:VALID measures@10 for class 1 - precision 0.8385 - recall 0.0716 - f1 0.1320 
INFO:root:VALID measures@100 microavg - precision 0.7754 - recall 0.5712 - f1 0.6578 
INFO:root:VALID measures@100 for class 0 - precision 0.1714 - recall 0.0520 - f1 0.0798 
INFO:root:VALID measures@100 for class 1 - precision 0.8253 - recall 0.6892 - f1 0.7512 
INFO:root:VALID measures@1000 microavg - precision 0.7778 - recall 0.7778 - f1 0.7778 
INFO:root:VALID measures@1000 for class 0 - precision 0.1714 - recall 0.0520 - f1 0.0798 
INFO:root:VALID measures@1000 for class 1 - precision 0.8140 - recall 0.9428 - f1 0.8737 
INFO:root:VALID Total epoch time: 1.339112558402121
INFO:root:################ TRAIN epoch 120 ###################
INFO:root:TRAIN mean losses tensor(0.0751, device='cuda:0')
INFO:root:TRAIN mean errors 0.09480701386928558
INFO:root:TRAIN mean MRR 0.0 - mean MAP 0.9892702444581167
INFO:root:TRAIN tp {0: tensor(1689, device='cuda:0'), 1: tensor(24109, device='cuda:0')},fn {0: tensor(795, device='cuda:0'), 1: tensor(1907, device='cuda:0')},fp {0: tensor(1907, device='cuda:0'), 1: tensor(795, device='cuda:0')}
INFO:root:TRAIN measures microavg - precision 0.9052 - recall 0.9052 - f1 0.9052 
INFO:root:TRAIN measures for class 0 - precision 0.4697 - recall 0.6800 - f1 0.5556 
INFO:root:TRAIN measures for class 1 - precision 0.9681 - recall 0.9267 - f1 0.9469 
INFO:root:TRAIN measures@10 microavg - precision 0.8409 - recall 0.0449 - f1 0.0852 
INFO:root:TRAIN measures@10 for class 0 - precision 0.6393 - recall 0.1727 - f1 0.2719 
INFO:root:TRAIN measures@10 for class 1 - precision 1.0000 - recall 0.0327 - f1 0.0633 
INFO:root:TRAIN measures@100 microavg - precision 0.8685 - recall 0.3448 - f1 0.4936 
INFO:root:TRAIN measures@100 for class 0 - precision 0.5066 - recall 0.6055 - f1 0.5516 
INFO:root:TRAIN measures@100 for class 1 - precision 0.9972 - recall 0.3199 - f1 0.4844 
INFO:root:TRAIN measures@1000 microavg - precision 0.9040 - recall 0.8819 - f1 0.8928 
INFO:root:TRAIN measures@1000 for class 0 - precision 0.4697 - recall 0.6800 - f1 0.5556 
INFO:root:TRAIN measures@1000 for class 1 - precision 0.9686 - recall 0.9012 - f1 0.9337 
INFO:root:TRAIN Total epoch time: 8.628405010327697
INFO:root:################ VALID epoch 120 ###################
INFO:root:VALID mean losses tensor(1.0216, device='cuda:0')
INFO:root:VALID mean errors 0.21038544178009033
INFO:root:VALID mean MRR 0.0 - mean MAP 0.826013552707372
INFO:root:VALID tp {0: tensor(16, device='cuda:0'), 1: tensor(1459, device='cuda:0')},fn {0: tensor(330, device='cuda:0'), 1: tensor(63, device='cuda:0')},fp {0: tensor(63, device='cuda:0'), 1: tensor(330, device='cuda:0')}
INFO:root:VALID measures microavg - precision 0.7896 - recall 0.7896 - f1 0.7896 
INFO:root:VALID measures for class 0 - precision 0.2025 - recall 0.0462 - f1 0.0753 
INFO:root:VALID measures for class 1 - precision 0.8155 - recall 0.9586 - f1 0.8813 
INFO:root:VALID measures@10 microavg - precision 0.6742 - recall 0.0642 - f1 0.1173 
INFO:root:VALID measures@10 for class 0 - precision 0.2500 - recall 0.0347 - f1 0.0609 
INFO:root:VALID measures@10 for class 1 - precision 0.8308 - recall 0.0710 - f1 0.1308 
INFO:root:VALID measures@100 microavg - precision 0.7910 - recall 0.5755 - f1 0.6663 
INFO:root:VALID measures@100 for class 0 - precision 0.2025 - recall 0.0462 - f1 0.0753 
INFO:root:VALID measures@100 for class 1 - precision 0.8273 - recall 0.6958 - f1 0.7559 
INFO:root:VALID measures@1000 microavg - precision 0.7896 - recall 0.7896 - f1 0.7896 
INFO:root:VALID measures@1000 for class 0 - precision 0.2025 - recall 0.0462 - f1 0.0753 
INFO:root:VALID measures@1000 for class 1 - precision 0.8155 - recall 0.9586 - f1 0.8813 
INFO:root:VALID Total epoch time: 1.190918993204832
INFO:root:################ TRAIN epoch 121 ###################
INFO:root:TRAIN mean losses tensor(0.0761, device='cuda:0')
INFO:root:TRAIN mean errors 0.08743859827518463
INFO:root:TRAIN mean MRR 0.0 - mean MAP 0.9892016159027208
INFO:root:TRAIN tp {0: tensor(1617, device='cuda:0'), 1: tensor(24391, device='cuda:0')},fn {0: tensor(867, device='cuda:0'), 1: tensor(1625, device='cuda:0')},fp {0: tensor(1625, device='cuda:0'), 1: tensor(867, device='cuda:0')}
INFO:root:TRAIN measures microavg - precision 0.9126 - recall 0.9126 - f1 0.9126 
INFO:root:TRAIN measures for class 0 - precision 0.4988 - recall 0.6510 - f1 0.5648 
INFO:root:TRAIN measures for class 1 - precision 0.9657 - recall 0.9375 - f1 0.9514 
INFO:root:TRAIN measures@10 microavg - precision 0.8529 - recall 0.0449 - f1 0.0854 
INFO:root:TRAIN measures@10 for class 0 - precision 0.6610 - recall 0.1735 - f1 0.2749 
INFO:root:TRAIN measures@10 for class 1 - precision 1.0000 - recall 0.0327 - f1 0.0633 
INFO:root:TRAIN measures@100 microavg - precision 0.8739 - recall 0.3465 - f1 0.4963 
INFO:root:TRAIN measures@100 for class 0 - precision 0.5151 - recall 0.5970 - f1 0.5530 
INFO:root:TRAIN measures@100 for class 1 - precision 0.9966 - recall 0.3226 - f1 0.4874 
INFO:root:TRAIN measures@1000 microavg - precision 0.9115 - recall 0.8856 - f1 0.8984 
INFO:root:TRAIN measures@1000 for class 0 - precision 0.4988 - recall 0.6510 - f1 0.5648 
INFO:root:TRAIN measures@1000 for class 1 - precision 0.9662 - recall 0.9081 - f1 0.9362 
INFO:root:TRAIN Total epoch time: 8.95287356711924
INFO:root:################ VALID epoch 121 ###################
INFO:root:VALID mean losses tensor(0.8542, device='cuda:0')
INFO:root:VALID mean errors 0.3099571764469147
INFO:root:VALID mean MRR 0.0 - mean MAP 0.830169040913442
INFO:root:VALID tp {0: tensor(42, device='cuda:0'), 1: tensor(1247, device='cuda:0')},fn {0: tensor(304, device='cuda:0'), 1: tensor(275, device='cuda:0')},fp {0: tensor(275, device='cuda:0'), 1: tensor(304, device='cuda:0')}
INFO:root:VALID measures microavg - precision 0.6900 - recall 0.6900 - f1 0.6900 
INFO:root:VALID measures for class 0 - precision 0.1325 - recall 0.1214 - f1 0.1267 
INFO:root:VALID measures for class 1 - precision 0.8040 - recall 0.8193 - f1 0.8116 
INFO:root:VALID measures@10 microavg - precision 0.5744 - recall 0.0744 - f1 0.1318 
INFO:root:VALID measures@10 for class 0 - precision 0.1786 - recall 0.0578 - f1 0.0873 
INFO:root:VALID measures@10 for class 1 - precision 0.9154 - recall 0.0782 - f1 0.1441 
INFO:root:VALID measures@100 microavg - precision 0.6777 - recall 0.5594 - f1 0.6129 
INFO:root:VALID measures@100 for class 0 - precision 0.1325 - recall 0.1214 - f1 0.1267 
INFO:root:VALID measures@100 for class 1 - precision 0.8188 - recall 0.6590 - f1 0.7303 
INFO:root:VALID measures@1000 microavg - precision 0.6900 - recall 0.6900 - f1 0.6900 
INFO:root:VALID measures@1000 for class 0 - precision 0.1325 - recall 0.1214 - f1 0.1267 
INFO:root:VALID measures@1000 for class 1 - precision 0.8040 - recall 0.8193 - f1 0.8116 
INFO:root:VALID Total epoch time: 1.18912139441818
INFO:root:################ TRAIN epoch 122 ###################
INFO:root:TRAIN mean losses tensor(0.0731, device='cuda:0')
INFO:root:TRAIN mean errors 0.09294737130403519
INFO:root:TRAIN mean MRR 0.0 - mean MAP 0.9896447309828457
INFO:root:TRAIN tp {0: tensor(1745, device='cuda:0'), 1: tensor(24106, device='cuda:0')},fn {0: tensor(739, device='cuda:0'), 1: tensor(1910, device='cuda:0')},fp {0: tensor(1910, device='cuda:0'), 1: tensor(739, device='cuda:0')}
INFO:root:TRAIN measures microavg - precision 0.9071 - recall 0.9071 - f1 0.9071 
INFO:root:TRAIN measures for class 0 - precision 0.4774 - recall 0.7025 - f1 0.5685 
INFO:root:TRAIN measures for class 1 - precision 0.9703 - recall 0.9266 - f1 0.9479 
INFO:root:TRAIN measures@10 microavg - precision 0.8288 - recall 0.0455 - f1 0.0863 
INFO:root:TRAIN measures@10 for class 0 - precision 0.6252 - recall 0.1800 - f1 0.2795 
INFO:root:TRAIN measures@10 for class 1 - precision 1.0000 - recall 0.0327 - f1 0.0633 
INFO:root:TRAIN measures@100 microavg - precision 0.8594 - recall 0.3496 - f1 0.4970 
INFO:root:TRAIN measures@100 for class 0 - precision 0.4943 - recall 0.6280 - f1 0.5532 
INFO:root:TRAIN measures@100 for class 1 - precision 0.9960 - recall 0.3230 - f1 0.4878 
INFO:root:TRAIN measures@1000 microavg - precision 0.9056 - recall 0.8832 - f1 0.8942 
INFO:root:TRAIN measures@1000 for class 0 - precision 0.4774 - recall 0.7025 - f1 0.5685 
INFO:root:TRAIN measures@1000 for class 1 - precision 0.9705 - recall 0.9004 - f1 0.9341 
INFO:root:TRAIN Total epoch time: 9.10588701441884
INFO:root:################ VALID epoch 122 ###################
INFO:root:VALID mean losses tensor(0.8236, device='cuda:0')
INFO:root:VALID mean errors 0.2762312591075897
INFO:root:VALID mean MRR 0.0 - mean MAP 0.8302364363888889
INFO:root:VALID tp {0: tensor(30, device='cuda:0'), 1: tensor(1322, device='cuda:0')},fn {0: tensor(316, device='cuda:0'), 1: tensor(200, device='cuda:0')},fp {0: tensor(200, device='cuda:0'), 1: tensor(316, device='cuda:0')}
INFO:root:VALID measures microavg - precision 0.7238 - recall 0.7238 - f1 0.7238 
INFO:root:VALID measures for class 0 - precision 0.1304 - recall 0.0867 - f1 0.1042 
INFO:root:VALID measures for class 1 - precision 0.8071 - recall 0.8686 - f1 0.8367 
INFO:root:VALID measures@10 microavg - precision 0.5901 - recall 0.0701 - f1 0.1254 
INFO:root:VALID measures@10 for class 0 - precision 0.1739 - recall 0.0462 - f1 0.0731 
INFO:root:VALID measures@10 for class 1 - precision 0.8846 - recall 0.0756 - f1 0.1392 
INFO:root:VALID measures@100 microavg - precision 0.7192 - recall 0.5621 - f1 0.6310 
INFO:root:VALID measures@100 for class 0 - precision 0.1304 - recall 0.0867 - f1 0.1042 
INFO:root:VALID measures@100 for class 1 - precision 0.8293 - recall 0.6702 - f1 0.7413 
INFO:root:VALID measures@1000 microavg - precision 0.7238 - recall 0.7238 - f1 0.7238 
INFO:root:VALID measures@1000 for class 0 - precision 0.1304 - recall 0.0867 - f1 0.1042 
INFO:root:VALID measures@1000 for class 1 - precision 0.8071 - recall 0.8686 - f1 0.8367 
INFO:root:VALID Total epoch time: 0.9951631082221866
INFO:root:################ TRAIN epoch 123 ###################
INFO:root:TRAIN mean losses tensor(0.0772, device='cuda:0')
INFO:root:TRAIN mean errors 0.09389473497867584
INFO:root:TRAIN mean MRR 0.0 - mean MAP 0.9891867995210796
INFO:root:TRAIN tp {0: tensor(1641, device='cuda:0'), 1: tensor(24183, device='cuda:0')},fn {0: tensor(843, device='cuda:0'), 1: tensor(1833, device='cuda:0')},fp {0: tensor(1833, device='cuda:0'), 1: tensor(843, device='cuda:0')}
INFO:root:TRAIN measures microavg - precision 0.9061 - recall 0.9061 - f1 0.9061 
INFO:root:TRAIN measures for class 0 - precision 0.4724 - recall 0.6606 - f1 0.5509 
INFO:root:TRAIN measures for class 1 - precision 0.9663 - recall 0.9295 - f1 0.9476 
INFO:root:TRAIN measures@10 microavg - precision 0.8319 - recall 0.0455 - f1 0.0863 
INFO:root:TRAIN measures@10 for class 0 - precision 0.6305 - recall 0.1800 - f1 0.2800 
INFO:root:TRAIN measures@10 for class 1 - precision 1.0000 - recall 0.0327 - f1 0.0633 
INFO:root:TRAIN measures@100 microavg - precision 0.8618 - recall 0.3474 - f1 0.4951 
INFO:root:TRAIN measures@100 for class 0 - precision 0.4887 - recall 0.6010 - f1 0.5391 
INFO:root:TRAIN measures@100 for class 1 - precision 0.9969 - recall 0.3231 - f1 0.4881 
INFO:root:TRAIN measures@1000 microavg - precision 0.9059 - recall 0.8772 - f1 0.8913 
INFO:root:TRAIN measures@1000 for class 0 - precision 0.4724 - recall 0.6606 - f1 0.5509 
INFO:root:TRAIN measures@1000 for class 1 - precision 0.9683 - recall 0.8978 - f1 0.9317 
INFO:root:TRAIN Total epoch time: 7.979758187197149
INFO:root:################ VALID epoch 123 ###################
INFO:root:VALID mean losses tensor(1.5148, device='cuda:0')
INFO:root:VALID mean errors 0.19967879354953766
INFO:root:VALID mean MRR 0.0 - mean MAP 0.8241067097251095
INFO:root:VALID tp {0: tensor(12, device='cuda:0'), 1: tensor(1483, device='cuda:0')},fn {0: tensor(334, device='cuda:0'), 1: tensor(39, device='cuda:0')},fp {0: tensor(39, device='cuda:0'), 1: tensor(334, device='cuda:0')}
INFO:root:VALID measures microavg - precision 0.8003 - recall 0.8003 - f1 0.8003 
INFO:root:VALID measures for class 0 - precision 0.2353 - recall 0.0347 - f1 0.0605 
INFO:root:VALID measures for class 1 - precision 0.8162 - recall 0.9744 - f1 0.8883 
INFO:root:VALID measures@10 microavg - precision 0.7358 - recall 0.0626 - f1 0.1154 
INFO:root:VALID measures@10 for class 0 - precision 0.3448 - recall 0.0289 - f1 0.0533 
INFO:root:VALID measures@10 for class 1 - precision 0.8231 - recall 0.0703 - f1 0.1295 
INFO:root:VALID measures@100 microavg - precision 0.7956 - recall 0.5669 - f1 0.6621 
INFO:root:VALID measures@100 for class 0 - precision 0.2353 - recall 0.0347 - f1 0.0605 
INFO:root:VALID measures@100 for class 1 - precision 0.8180 - recall 0.6879 - f1 0.7473 
INFO:root:VALID measures@1000 microavg - precision 0.8003 - recall 0.8003 - f1 0.8003 
INFO:root:VALID measures@1000 for class 0 - precision 0.2353 - recall 0.0347 - f1 0.0605 
INFO:root:VALID measures@1000 for class 1 - precision 0.8162 - recall 0.9744 - f1 0.8883 
INFO:root:VALID Total epoch time: 1.154708506539464
INFO:root:################ TRAIN epoch 124 ###################
INFO:root:TRAIN mean losses tensor(0.0734, device='cuda:0')
INFO:root:TRAIN mean errors 0.08663158118724823
INFO:root:TRAIN mean MRR 0.0 - mean MAP 0.9898960439045054
INFO:root:TRAIN tp {0: tensor(1647, device='cuda:0'), 1: tensor(24384, device='cuda:0')},fn {0: tensor(837, device='cuda:0'), 1: tensor(1632, device='cuda:0')},fp {0: tensor(1632, device='cuda:0'), 1: tensor(837, device='cuda:0')}
INFO:root:TRAIN measures microavg - precision 0.9134 - recall 0.9134 - f1 0.9134 
INFO:root:TRAIN measures for class 0 - precision 0.5023 - recall 0.6630 - f1 0.5716 
INFO:root:TRAIN measures for class 1 - precision 0.9668 - recall 0.9373 - f1 0.9518 
INFO:root:TRAIN measures@10 microavg - precision 0.8405 - recall 0.0451 - f1 0.0856 
INFO:root:TRAIN measures@10 for class 0 - precision 0.6412 - recall 0.1755 - f1 0.2756 
INFO:root:TRAIN measures@10 for class 1 - precision 1.0000 - recall 0.0327 - f1 0.0633 
INFO:root:TRAIN measures@100 microavg - precision 0.8729 - recall 0.3473 - f1 0.4969 
INFO:root:TRAIN measures@100 for class 0 - precision 0.5153 - recall 0.6051 - f1 0.5566 
INFO:root:TRAIN measures@100 for class 1 - precision 0.9967 - recall 0.3227 - f1 0.4876 
INFO:root:TRAIN measures@1000 microavg - precision 0.9137 - recall 0.8846 - f1 0.8989 
INFO:root:TRAIN measures@1000 for class 0 - precision 0.5023 - recall 0.6630 - f1 0.5716 
INFO:root:TRAIN measures@1000 for class 1 - precision 0.9692 - recall 0.9058 - f1 0.9364 
INFO:root:TRAIN Total epoch time: 7.682601830922067
INFO:root:################ VALID epoch 124 ###################
INFO:root:VALID mean losses tensor(1.0442, device='cuda:0')
INFO:root:VALID mean errors 0.2419700175523758
INFO:root:VALID mean MRR 0.0 - mean MAP 0.8202210231590248
INFO:root:VALID tp {0: tensor(16, device='cuda:0'), 1: tensor(1400, device='cuda:0')},fn {0: tensor(330, device='cuda:0'), 1: tensor(122, device='cuda:0')},fp {0: tensor(122, device='cuda:0'), 1: tensor(330, device='cuda:0')}
INFO:root:VALID measures microavg - precision 0.7580 - recall 0.7580 - f1 0.7580 
INFO:root:VALID measures for class 0 - precision 0.1159 - recall 0.0462 - f1 0.0661 
INFO:root:VALID measures for class 1 - precision 0.8092 - recall 0.9198 - f1 0.8610 
INFO:root:VALID measures@10 microavg - precision 0.5735 - recall 0.0648 - f1 0.1164 
INFO:root:VALID measures@10 for class 0 - precision 0.1111 - recall 0.0260 - f1 0.0422 
INFO:root:VALID measures@10 for class 1 - precision 0.8615 - recall 0.0736 - f1 0.1356 
INFO:root:VALID measures@100 microavg - precision 0.7489 - recall 0.5685 - f1 0.6464 
INFO:root:VALID measures@100 for class 0 - precision 0.1159 - recall 0.0462 - f1 0.0661 
INFO:root:VALID measures@100 for class 1 - precision 0.8172 - recall 0.6873 - f1 0.7466 
INFO:root:VALID measures@1000 microavg - precision 0.7580 - recall 0.7580 - f1 0.7580 
INFO:root:VALID measures@1000 for class 0 - precision 0.1159 - recall 0.0462 - f1 0.0661 
INFO:root:VALID measures@1000 for class 1 - precision 0.8092 - recall 0.9198 - f1 0.8610 
INFO:root:VALID Total epoch time: 0.9643039600923657
INFO:root:################ TRAIN epoch 125 ###################
INFO:root:TRAIN mean losses tensor(0.0709, device='cuda:0')
INFO:root:TRAIN mean errors 0.0932631567120552
INFO:root:TRAIN mean MRR 0.0 - mean MAP 0.99024857181266
INFO:root:TRAIN tp {0: tensor(1796, device='cuda:0'), 1: tensor(24046, device='cuda:0')},fn {0: tensor(688, device='cuda:0'), 1: tensor(1970, device='cuda:0')},fp {0: tensor(1970, device='cuda:0'), 1: tensor(688, device='cuda:0')}
INFO:root:TRAIN measures microavg - precision 0.9067 - recall 0.9067 - f1 0.9067 
INFO:root:TRAIN measures for class 0 - precision 0.4769 - recall 0.7230 - f1 0.5747 
INFO:root:TRAIN measures for class 1 - precision 0.9722 - recall 0.9243 - f1 0.9476 
INFO:root:TRAIN measures@10 microavg - precision 0.8679 - recall 0.0468 - f1 0.0888 
INFO:root:TRAIN measures@10 for class 0 - precision 0.7045 - recall 0.1948 - f1 0.3053 
INFO:root:TRAIN measures@10 for class 1 - precision 1.0000 - recall 0.0327 - f1 0.0633 
INFO:root:TRAIN measures@100 microavg - precision 0.8675 - recall 0.3513 - f1 0.5001 
INFO:root:TRAIN measures@100 for class 0 - precision 0.5187 - recall 0.6477 - f1 0.5761 
INFO:root:TRAIN measures@100 for class 1 - precision 0.9957 - recall 0.3230 - f1 0.4878 
INFO:root:TRAIN measures@1000 microavg - precision 0.9055 - recall 0.8849 - f1 0.8951 
INFO:root:TRAIN measures@1000 for class 0 - precision 0.4769 - recall 0.7230 - f1 0.5747 
INFO:root:TRAIN measures@1000 for class 1 - precision 0.9726 - recall 0.9004 - f1 0.9351 
INFO:root:TRAIN Total epoch time: 8.172106727957726
INFO:root:################ VALID epoch 125 ###################
INFO:root:VALID mean losses tensor(0.8333, device='cuda:0')
INFO:root:VALID mean errors 0.2831905782222748
INFO:root:VALID mean MRR 0.0 - mean MAP 0.8225488526410203
INFO:root:VALID tp {0: tensor(25, device='cuda:0'), 1: tensor(1314, device='cuda:0')},fn {0: tensor(321, device='cuda:0'), 1: tensor(208, device='cuda:0')},fp {0: tensor(208, device='cuda:0'), 1: tensor(321, device='cuda:0')}
INFO:root:VALID measures microavg - precision 0.7168 - recall 0.7168 - f1 0.7168 
INFO:root:VALID measures for class 0 - precision 0.1073 - recall 0.0723 - f1 0.0864 
INFO:root:VALID measures for class 1 - precision 0.8037 - recall 0.8633 - f1 0.8324 
INFO:root:VALID measures@10 microavg - precision 0.5631 - recall 0.0669 - f1 0.1196 
INFO:root:VALID measures@10 for class 0 - precision 0.1630 - recall 0.0434 - f1 0.0685 
INFO:root:VALID measures@10 for class 1 - precision 0.8462 - recall 0.0723 - f1 0.1332 
INFO:root:VALID measures@100 microavg - precision 0.7031 - recall 0.5551 - f1 0.6204 
INFO:root:VALID measures@100 for class 0 - precision 0.1073 - recall 0.0723 - f1 0.0864 
INFO:root:VALID measures@100 for class 1 - precision 0.8148 - recall 0.6649 - f1 0.7323 
INFO:root:VALID measures@1000 microavg - precision 0.7168 - recall 0.7168 - f1 0.7168 
INFO:root:VALID measures@1000 for class 0 - precision 0.1073 - recall 0.0723 - f1 0.0864 
INFO:root:VALID measures@1000 for class 1 - precision 0.8037 - recall 0.8633 - f1 0.8324 
INFO:root:VALID Total epoch time: 1.0220458749681711
INFO:root:################ TRAIN epoch 126 ###################
INFO:root:TRAIN mean losses tensor(0.0697, device='cuda:0')
INFO:root:TRAIN mean errors 0.09112280607223511
INFO:root:TRAIN mean MRR 0.0 - mean MAP 0.9906420538847601
INFO:root:TRAIN tp {0: tensor(1775, device='cuda:0'), 1: tensor(24128, device='cuda:0')},fn {0: tensor(709, device='cuda:0'), 1: tensor(1888, device='cuda:0')},fp {0: tensor(1888, device='cuda:0'), 1: tensor(709, device='cuda:0')}
INFO:root:TRAIN measures microavg - precision 0.9089 - recall 0.9089 - f1 0.9089 
INFO:root:TRAIN measures for class 0 - precision 0.4846 - recall 0.7146 - f1 0.5775 
INFO:root:TRAIN measures for class 1 - precision 0.9715 - recall 0.9274 - f1 0.9489 
INFO:root:TRAIN measures@10 microavg - precision 0.8438 - recall 0.0466 - f1 0.0884 
INFO:root:TRAIN measures@10 for class 0 - precision 0.6607 - recall 0.1928 - f1 0.2985 
INFO:root:TRAIN measures@10 for class 1 - precision 1.0000 - recall 0.0327 - f1 0.0633 
INFO:root:TRAIN measures@100 microavg - precision 0.8657 - recall 0.3512 - f1 0.4997 
INFO:root:TRAIN measures@100 for class 0 - precision 0.5163 - recall 0.6514 - f1 0.5760 
INFO:root:TRAIN measures@100 for class 1 - precision 0.9956 - recall 0.3225 - f1 0.4872 
INFO:root:TRAIN measures@1000 microavg - precision 0.9077 - recall 0.8833 - f1 0.8953 
INFO:root:TRAIN measures@1000 for class 0 - precision 0.4846 - recall 0.7146 - f1 0.5775 
INFO:root:TRAIN measures@1000 for class 1 - precision 0.9721 - recall 0.8994 - f1 0.9343 
INFO:root:TRAIN Total epoch time: 7.959000869654119
INFO:root:################ VALID epoch 126 ###################
INFO:root:VALID mean losses tensor(1.0300, device='cuda:0')
INFO:root:VALID mean errors 0.23126338422298431
INFO:root:VALID mean MRR 0.0 - mean MAP 0.8364272354701859
INFO:root:VALID tp {0: tensor(21, device='cuda:0'), 1: tensor(1415, device='cuda:0')},fn {0: tensor(325, device='cuda:0'), 1: tensor(107, device='cuda:0')},fp {0: tensor(107, device='cuda:0'), 1: tensor(325, device='cuda:0')}
INFO:root:VALID measures microavg - precision 0.7687 - recall 0.7687 - f1 0.7687 
INFO:root:VALID measures for class 0 - precision 0.1641 - recall 0.0607 - f1 0.0886 
INFO:root:VALID measures for class 1 - precision 0.8132 - recall 0.9297 - f1 0.8676 
INFO:root:VALID measures@10 microavg - precision 0.6386 - recall 0.0691 - f1 0.1246 
INFO:root:VALID measures@10 for class 0 - precision 0.2083 - recall 0.0434 - f1 0.0718 
INFO:root:VALID measures@10 for class 1 - precision 0.8769 - recall 0.0749 - f1 0.1380 
INFO:root:VALID measures@100 microavg - precision 0.7653 - recall 0.5744 - f1 0.6563 
INFO:root:VALID measures@100 for class 0 - precision 0.1641 - recall 0.0607 - f1 0.0886 
INFO:root:VALID measures@100 for class 1 - precision 0.8257 - recall 0.6912 - f1 0.7525 
INFO:root:VALID measures@1000 microavg - precision 0.7687 - recall 0.7687 - f1 0.7687 
INFO:root:VALID measures@1000 for class 0 - precision 0.1641 - recall 0.0607 - f1 0.0886 
INFO:root:VALID measures@1000 for class 1 - precision 0.8132 - recall 0.9297 - f1 0.8676 
INFO:root:VALID Total epoch time: 0.9538863645866513
INFO:root:################ TRAIN epoch 127 ###################
INFO:root:TRAIN mean losses tensor(0.0716, device='cuda:0')
INFO:root:TRAIN mean errors 0.0910877212882042
INFO:root:TRAIN mean MRR 0.0 - mean MAP 0.9905244791157618
INFO:root:TRAIN tp {0: tensor(1782, device='cuda:0'), 1: tensor(24122, device='cuda:0')},fn {0: tensor(702, device='cuda:0'), 1: tensor(1894, device='cuda:0')},fp {0: tensor(1894, device='cuda:0'), 1: tensor(702, device='cuda:0')}
INFO:root:TRAIN measures microavg - precision 0.9089 - recall 0.9089 - f1 0.9089 
INFO:root:TRAIN measures for class 0 - precision 0.4848 - recall 0.7174 - f1 0.5786 
INFO:root:TRAIN measures for class 1 - precision 0.9717 - recall 0.9272 - f1 0.9489 
INFO:root:TRAIN measures@10 microavg - precision 0.8420 - recall 0.0458 - f1 0.0869 
INFO:root:TRAIN measures@10 for class 0 - precision 0.6505 - recall 0.1836 - f1 0.2863 
INFO:root:TRAIN measures@10 for class 1 - precision 1.0000 - recall 0.0327 - f1 0.0633 
INFO:root:TRAIN measures@100 microavg - precision 0.8588 - recall 0.3519 - f1 0.4992 
INFO:root:TRAIN measures@100 for class 0 - precision 0.5031 - recall 0.6606 - f1 0.5712 
INFO:root:TRAIN measures@100 for class 1 - precision 0.9967 - recall 0.3224 - f1 0.4872 
INFO:root:TRAIN measures@1000 microavg - precision 0.9082 - recall 0.8809 - f1 0.8944 
INFO:root:TRAIN measures@1000 for class 0 - precision 0.4848 - recall 0.7174 - f1 0.5786 
INFO:root:TRAIN measures@1000 for class 1 - precision 0.9731 - recall 0.8966 - f1 0.9333 
INFO:root:TRAIN Total epoch time: 7.716999473050237
INFO:root:################ VALID epoch 127 ###################
INFO:root:VALID mean losses tensor(1.1193, device='cuda:0')
INFO:root:VALID mean errors 0.21038544178009033
INFO:root:VALID mean MRR 0.0 - mean MAP 0.818237415454255
INFO:root:VALID tp {0: tensor(16, device='cuda:0'), 1: tensor(1459, device='cuda:0')},fn {0: tensor(330, device='cuda:0'), 1: tensor(63, device='cuda:0')},fp {0: tensor(63, device='cuda:0'), 1: tensor(330, device='cuda:0')}
INFO:root:VALID measures microavg - precision 0.7896 - recall 0.7896 - f1 0.7896 
INFO:root:VALID measures for class 0 - precision 0.2025 - recall 0.0462 - f1 0.0753 
INFO:root:VALID measures for class 1 - precision 0.8155 - recall 0.9586 - f1 0.8813 
INFO:root:VALID measures@10 microavg - precision 0.6705 - recall 0.0632 - f1 0.1155 
INFO:root:VALID measures@10 for class 0 - precision 0.2609 - recall 0.0347 - f1 0.0612 
INFO:root:VALID measures@10 for class 1 - precision 0.8154 - recall 0.0696 - f1 0.1283 
INFO:root:VALID measures@100 microavg - precision 0.7822 - recall 0.5691 - f1 0.6588 
INFO:root:VALID measures@100 for class 0 - precision 0.2025 - recall 0.0462 - f1 0.0753 
INFO:root:VALID measures@100 for class 1 - precision 0.8180 - recall 0.6879 - f1 0.7473 
INFO:root:VALID measures@1000 microavg - precision 0.7896 - recall 0.7896 - f1 0.7896 
INFO:root:VALID measures@1000 for class 0 - precision 0.2025 - recall 0.0462 - f1 0.0753 
INFO:root:VALID measures@1000 for class 1 - precision 0.8155 - recall 0.9586 - f1 0.8813 
INFO:root:VALID Total epoch time: 1.1895433375611901
INFO:root:################ TRAIN epoch 128 ###################
INFO:root:TRAIN mean losses tensor(0.0697, device='cuda:0')
INFO:root:TRAIN mean errors 0.08719298243522644
INFO:root:TRAIN mean MRR 0.0 - mean MAP 0.9909514150523825
INFO:root:TRAIN tp {0: tensor(1756, device='cuda:0'), 1: tensor(24259, device='cuda:0')},fn {0: tensor(728, device='cuda:0'), 1: tensor(1757, device='cuda:0')},fp {0: tensor(1757, device='cuda:0'), 1: tensor(728, device='cuda:0')}
INFO:root:TRAIN measures microavg - precision 0.9128 - recall 0.9128 - f1 0.9128 
INFO:root:TRAIN measures for class 0 - precision 0.4999 - recall 0.7069 - f1 0.5856 
INFO:root:TRAIN measures for class 1 - precision 0.9709 - recall 0.9325 - f1 0.9513 
INFO:root:TRAIN measures@10 microavg - precision 0.8532 - recall 0.0459 - f1 0.0871 
INFO:root:TRAIN measures@10 for class 0 - precision 0.6706 - recall 0.1844 - f1 0.2892 
INFO:root:TRAIN measures@10 for class 1 - precision 1.0000 - recall 0.0327 - f1 0.0633 
INFO:root:TRAIN measures@100 microavg - precision 0.8666 - recall 0.3504 - f1 0.4991 
INFO:root:TRAIN measures@100 for class 0 - precision 0.5152 - recall 0.6502 - f1 0.5748 
INFO:root:TRAIN measures@100 for class 1 - precision 0.9980 - recall 0.3218 - f1 0.4867 
INFO:root:TRAIN measures@1000 microavg - precision 0.9127 - recall 0.8856 - f1 0.8990 
INFO:root:TRAIN measures@1000 for class 0 - precision 0.4999 - recall 0.7069 - f1 0.5856 
INFO:root:TRAIN measures@1000 for class 1 - precision 0.9728 - recall 0.9027 - f1 0.9364 
INFO:root:TRAIN Total epoch time: 7.650861451402307
INFO:root:################ VALID epoch 128 ###################
INFO:root:VALID mean losses tensor(0.9358, device='cuda:0')
INFO:root:VALID mean errors 0.23501071333885193
INFO:root:VALID mean MRR 0.0 - mean MAP 0.8129296363095158
INFO:root:VALID tp {0: tensor(22, device='cuda:0'), 1: tensor(1407, device='cuda:0')},fn {0: tensor(324, device='cuda:0'), 1: tensor(115, device='cuda:0')},fp {0: tensor(115, device='cuda:0'), 1: tensor(324, device='cuda:0')}
INFO:root:VALID measures microavg - precision 0.7650 - recall 0.7650 - f1 0.7650 
INFO:root:VALID measures for class 0 - precision 0.1606 - recall 0.0636 - f1 0.0911 
INFO:root:VALID measures for class 1 - precision 0.8128 - recall 0.9244 - f1 0.8650 
INFO:root:VALID measures@10 microavg - precision 0.6106 - recall 0.0680 - f1 0.1224 
INFO:root:VALID measures@10 for class 0 - precision 0.2308 - recall 0.0520 - f1 0.0849 
INFO:root:VALID measures@10 for class 1 - precision 0.8385 - recall 0.0716 - f1 0.1320 
INFO:root:VALID measures@100 microavg - precision 0.7541 - recall 0.5680 - f1 0.6479 
INFO:root:VALID measures@100 for class 0 - precision 0.1606 - recall 0.0636 - f1 0.0911 
INFO:root:VALID measures@100 for class 1 - precision 0.8181 - recall 0.6827 - f1 0.7443 
INFO:root:VALID measures@1000 microavg - precision 0.7650 - recall 0.7650 - f1 0.7650 
INFO:root:VALID measures@1000 for class 0 - precision 0.1606 - recall 0.0636 - f1 0.0911 
INFO:root:VALID measures@1000 for class 1 - precision 0.8128 - recall 0.9244 - f1 0.8650 
INFO:root:VALID Total epoch time: 1.0206315089017153
INFO:root:################ TRAIN epoch 129 ###################
INFO:root:TRAIN mean losses tensor(0.0704, device='cuda:0')
INFO:root:TRAIN mean errors 0.08533333241939545
INFO:root:TRAIN mean MRR 0.0 - mean MAP 0.9907387560292232
INFO:root:TRAIN tp {0: tensor(1756, device='cuda:0'), 1: tensor(24312, device='cuda:0')},fn {0: tensor(728, device='cuda:0'), 1: tensor(1704, device='cuda:0')},fp {0: tensor(1704, device='cuda:0'), 1: tensor(728, device='cuda:0')}
INFO:root:TRAIN measures microavg - precision 0.9147 - recall 0.9147 - f1 0.9147 
INFO:root:TRAIN measures for class 0 - precision 0.5075 - recall 0.7069 - f1 0.5908 
INFO:root:TRAIN measures for class 1 - precision 0.9709 - recall 0.9345 - f1 0.9524 
INFO:root:TRAIN measures@10 microavg - precision 0.8646 - recall 0.0466 - f1 0.0884 
INFO:root:TRAIN measures@10 for class 0 - precision 0.6968 - recall 0.1924 - f1 0.3016 
INFO:root:TRAIN measures@10 for class 1 - precision 1.0000 - recall 0.0327 - f1 0.0633 
INFO:root:TRAIN measures@100 microavg - precision 0.8739 - recall 0.3505 - f1 0.5003 
INFO:root:TRAIN measures@100 for class 0 - precision 0.5310 - recall 0.6421 - f1 0.5813 
INFO:root:TRAIN measures@100 for class 1 - precision 0.9962 - recall 0.3226 - f1 0.4874 
INFO:root:TRAIN measures@1000 microavg - precision 0.9134 - recall 0.8907 - f1 0.9019 
INFO:root:TRAIN measures@1000 for class 0 - precision 0.5075 - recall 0.7069 - f1 0.5908 
INFO:root:TRAIN measures@1000 for class 1 - precision 0.9711 - recall 0.9083 - f1 0.9386 
INFO:root:TRAIN Total epoch time: 7.994992227293551
INFO:root:################ VALID epoch 129 ###################
INFO:root:VALID mean losses tensor(0.8485, device='cuda:0')
INFO:root:VALID mean errors 0.28800857067108154
INFO:root:VALID mean MRR 0.0 - mean MAP 0.8084728049967469
INFO:root:VALID tp {0: tensor(37, device='cuda:0'), 1: tensor(1293, device='cuda:0')},fn {0: tensor(309, device='cuda:0'), 1: tensor(229, device='cuda:0')},fp {0: tensor(229, device='cuda:0'), 1: tensor(309, device='cuda:0')}
INFO:root:VALID measures microavg - precision 0.7120 - recall 0.7120 - f1 0.7120 
INFO:root:VALID measures for class 0 - precision 0.1391 - recall 0.1069 - f1 0.1209 
INFO:root:VALID measures for class 1 - precision 0.8071 - recall 0.8495 - f1 0.8278 
INFO:root:VALID measures@10 microavg - precision 0.4698 - recall 0.0584 - f1 0.1038 
INFO:root:VALID measures@10 for class 0 - precision 0.1078 - recall 0.0318 - f1 0.0491 
INFO:root:VALID measures@10 for class 1 - precision 0.7538 - recall 0.0644 - f1 0.1186 
INFO:root:VALID measures@100 microavg - precision 0.6890 - recall 0.5444 - f1 0.6083 
INFO:root:VALID measures@100 for class 0 - precision 0.1391 - recall 0.1069 - f1 0.1209 
INFO:root:VALID measures@100 for class 1 - precision 0.8099 - recall 0.6439 - f1 0.7174 
INFO:root:VALID measures@1000 microavg - precision 0.7120 - recall 0.7120 - f1 0.7120 
INFO:root:VALID measures@1000 for class 0 - precision 0.1391 - recall 0.1069 - f1 0.1209 
INFO:root:VALID measures@1000 for class 1 - precision 0.8071 - recall 0.8495 - f1 0.8278 
INFO:root:VALID Total epoch time: 1.0330034187063575
INFO:root:################ TRAIN epoch 130 ###################
INFO:root:TRAIN mean losses tensor(0.0754, device='cuda:0')
INFO:root:TRAIN mean errors 0.09035087376832962
INFO:root:TRAIN mean MRR 0.0 - mean MAP 0.989583486165783
INFO:root:TRAIN tp {0: tensor(1686, device='cuda:0'), 1: tensor(24239, device='cuda:0')},fn {0: tensor(798, device='cuda:0'), 1: tensor(1777, device='cuda:0')},fp {0: tensor(1777, device='cuda:0'), 1: tensor(798, device='cuda:0')}
INFO:root:TRAIN measures microavg - precision 0.9096 - recall 0.9096 - f1 0.9096 
INFO:root:TRAIN measures for class 0 - precision 0.4869 - recall 0.6787 - f1 0.5670 
INFO:root:TRAIN measures for class 1 - precision 0.9681 - recall 0.9317 - f1 0.9496 
INFO:root:TRAIN measures@10 microavg - precision 0.8169 - recall 0.0455 - f1 0.0863 
INFO:root:TRAIN measures@10 for class 0 - precision 0.6062 - recall 0.1804 - f1 0.2780 
INFO:root:TRAIN measures@10 for class 1 - precision 1.0000 - recall 0.0327 - f1 0.0633 
INFO:root:TRAIN measures@100 microavg - precision 0.8596 - recall 0.3500 - f1 0.4975 
INFO:root:TRAIN measures@100 for class 0 - precision 0.4959 - recall 0.6308 - f1 0.5553 
INFO:root:TRAIN measures@100 for class 1 - precision 0.9957 - recall 0.3232 - f1 0.4880 
INFO:root:TRAIN measures@1000 microavg - precision 0.9084 - recall 0.8839 - f1 0.8959 
INFO:root:TRAIN measures@1000 for class 0 - precision 0.4869 - recall 0.6787 - f1 0.5670 
INFO:root:TRAIN measures@1000 for class 1 - precision 0.9685 - recall 0.9034 - f1 0.9349 
INFO:root:TRAIN Total epoch time: 7.977814136072993
INFO:root:################ VALID epoch 130 ###################
INFO:root:VALID mean losses tensor(1.1956, device='cuda:0')
INFO:root:VALID mean errors 0.27569591999053955
INFO:root:VALID mean MRR 0.0 - mean MAP 0.8164068981561872
INFO:root:VALID tp {0: tensor(46, device='cuda:0'), 1: tensor(1307, device='cuda:0')},fn {0: tensor(300, device='cuda:0'), 1: tensor(215, device='cuda:0')},fp {0: tensor(215, device='cuda:0'), 1: tensor(300, device='cuda:0')}
INFO:root:VALID measures microavg - precision 0.7243 - recall 0.7243 - f1 0.7243 
INFO:root:VALID measures for class 0 - precision 0.1762 - recall 0.1329 - f1 0.1516 
INFO:root:VALID measures for class 1 - precision 0.8133 - recall 0.8587 - f1 0.8354 
INFO:root:VALID measures@10 microavg - precision 0.5909 - recall 0.0696 - f1 0.1245 
INFO:root:VALID measures@10 for class 0 - precision 0.2111 - recall 0.0549 - f1 0.0872 
INFO:root:VALID measures@10 for class 1 - precision 0.8538 - recall 0.0729 - f1 0.1344 
INFO:root:VALID measures@100 microavg - precision 0.7062 - recall 0.5648 - f1 0.6276 
INFO:root:VALID measures@100 for class 0 - precision 0.1762 - recall 0.1329 - f1 0.1516 
INFO:root:VALID measures@100 for class 1 - precision 0.8183 - recall 0.6629 - f1 0.7325 
INFO:root:VALID measures@1000 microavg - precision 0.7243 - recall 0.7243 - f1 0.7243 
INFO:root:VALID measures@1000 for class 0 - precision 0.1762 - recall 0.1329 - f1 0.1516 
INFO:root:VALID measures@1000 for class 1 - precision 0.8133 - recall 0.8587 - f1 0.8354 
INFO:root:VALID Total epoch time: 1.07406291551888
### w0) ep 130 - Early stop.
CLS num_feats 200
bitcoinalpha {
 "98": {
  "dR_total": 0.04130364954471588,
  "dR_prop": 0.00012943148612976074,
  "emb_change": 0.008123791449179407,
  "label_delta": 0.0
 },
 "99": {
  "dR_total": 0.04096174240112305,
  "dR_prop": 4.4624010721842446e-05,
  "emb_change": 0.00011752426924734512,
  "label_delta": 0.0
 },
 "100": {
  "dR_total": 0.040774847070376076,
  "dR_prop": 2.6812156041463215e-05,
  "emb_change": 0.014852340565994382,
  "label_delta": 0.0
 },
 "101": {
  "dR_total": 0.041101147731145225,
  "dR_prop": 0.0003765672445297241,
  "emb_change": 0.007950754525760809,
  "label_delta": 0.0
 },
 "102": {
  "dR_total": 0.0412806769212087,
  "dR_prop": 0.0005301882823308309,
  "emb_change": 0.011199262458831072,
  "label_delta": 0.0
 },
 "103": {
  "dR_total": 0.04380253950754801,
  "dR_prop": 0.0033038556575775146,
  "emb_change": 0.01600480906199664,
  "label_delta": 0.0
 },
 "104": {
  "dR_total": 0.03465257088343302,
  "dR_prop": -0.007799151043097178,
  "emb_change": 0.02742370086101194,
  "label_delta": 0.0
 },
 "105": {
  "dR_total": 0.051753113667170204,
  "dR_prop": 0.011137257019678751,
  "emb_change": 0.06028985197190195,
  "label_delta": 0.0
 },
 "106": {
  "dR_total": 0.03535082936286926,
  "dR_prop": -0.005732436974843343,
  "emb_change": 0.0196206506419306,
  "label_delta": 0.0
 },
 "107": {
  "dR_total": 0.03562321265538534,
  "dR_prop": -0.004684070746103923,
  "emb_change": 0.01942342915572226,
  "label_delta": 0.0
 },
 "108": {
  "dR_total": -0.018214747309684753,
  "dR_prop": 0.014542639255523682,
  "emb_change": 0.22406965711464485,
  "label_delta": 0.0
 },
 "109": {
  "dR_total": 0.04092466334501902,
  "dR_prop": 0.0,
  "emb_change": 0.0,
  "label_delta": 0.0
 }
} {'n': 5, 'k_total': 1, 'k_prop': 0, 'total_pct': 20.0, 'prop_pct': 0.0, 'random_k_total': 1, 'random_k_prop': 0} {'selected_epoch': 29, 'valid_f1_class0': 0.1683731513083049, 'test_microavg_f1': 0.8019559902200489, 'test_f1_class0': 0.24299065420560748, 'test_f1_class1': 0.8860759493670887}
saved paper/results/unified/evolvegcn_placement_egcn_h_alpha.json
