<ps-env>/lib/python3.10/site-packages/networkx/utils/backends.py:563: RuntimeWarning: Error encountered when loading info for backend cugraph: No module named '_nx_cugraph'
  backend_info.update(_get_backends("networkx.backend_info", load_and_call=True))
[07:33:40] 
================================================================
  PHASE 0 LINCHPIN — edg30000
================================================================
[07:33:40] Training GDTE on edg30000 (seed=42)...

 Training FV-edg30000-s42-t2:   0%|          | 0/50 [00:00<?, ?it/s]
 Training FV-edg30000-s42-t2:   0%|          | 0/50 [00:00<?, ?it/s, Saved at =inf, TrLoss=0.7541]
 Training FV-edg30000-s42-t2:   2%|▏         | 1/50 [00:00<00:41,  1.17it/s, Saved at =inf, TrLoss=0.7541]
 Training FV-edg30000-s42-t2:   2%|▏         | 1/50 [00:00<00:41,  1.17it/s, Saved at =inf, TrLoss=0.5373]
 Training FV-edg30000-s42-t2:   4%|▍         | 2/50 [00:01<00:27,  1.71it/s, Saved at =inf, TrLoss=0.5373]
 Training FV-edg30000-s42-t2:   4%|▍         | 2/50 [00:01<00:27,  1.71it/s, Saved at =inf, TrLoss=0.4099]
 Training FV-edg30000-s42-t2:   6%|▌         | 3/50 [00:01<00:24,  1.90it/s, Saved at =inf, TrLoss=0.4099]
 Training FV-edg30000-s42-t2:   6%|▌         | 3/50 [00:01<00:24,  1.90it/s, Saved at =inf, TrLoss=0.2954]
 Training FV-edg30000-s42-t2:   8%|▊         | 4/50 [00:02<00:21,  2.11it/s, Saved at =inf, TrLoss=0.2954]
 Training FV-edg30000-s42-t2:   8%|▊         | 4/50 [00:02<00:21,  2.11it/s, Saved at =inf, TrLoss=0.2856]
 Training FV-edg30000-s42-t2:  10%|█         | 5/50 [00:02<00:22,  2.04it/s, Saved at =inf, TrLoss=0.2856]
 Training FV-edg30000-s42-t2:  10%|█         | 5/50 [00:02<00:22,  2.04it/s, Saved at =inf, TrLoss=0.2586]
 Training FV-edg30000-s42-t2:  12%|█▏        | 6/50 [00:02<00:18,  2.39it/s, Saved at =inf, TrLoss=0.2586]
 Training FV-edg30000-s42-t2:  12%|█▏        | 6/50 [00:03<00:18,  2.39it/s, Saved at =inf, TrLoss=0.2451]
 Training FV-edg30000-s42-t2:  14%|█▍        | 7/50 [00:03<00:17,  2.40it/s, Saved at =inf, TrLoss=0.2451]
 Training FV-edg30000-s42-t2:  14%|█▍        | 7/50 [00:03<00:17,  2.40it/s, Saved at =inf, TrLoss=0.2310]
 Training FV-edg30000-s42-t2:  16%|█▌        | 8/50 [00:03<00:17,  2.39it/s, Saved at =inf, TrLoss=0.2310]
 Training FV-edg30000-s42-t2:  16%|█▌        | 8/50 [00:03<00:17,  2.39it/s, Saved at =inf, TrLoss=0.2293]
 Training FV-edg30000-s42-t2:  18%|█▊        | 9/50 [00:04<00:17,  2.39it/s, Saved at =inf, TrLoss=0.2293]
 Training FV-edg30000-s42-t2:  18%|█▊        | 9/50 [00:04<00:17,  2.39it/s, Saved at =inf, TrLoss=0.2301]
 Training FV-edg30000-s42-t2:  20%|██        | 10/50 [00:04<00:16,  2.50it/s, Saved at =inf, TrLoss=0.2301]
 Training FV-edg30000-s42-t2:  20%|██        | 10/50 [00:04<00:16,  2.50it/s, Saved at =inf, TrLoss=0.2096]
 Training FV-edg30000-s42-t2:  22%|██▏       | 11/50 [00:05<00:16,  2.31it/s, Saved at =inf, TrLoss=0.2096]
 Training FV-edg30000-s42-t2:  22%|██▏       | 11/50 [00:05<00:16,  2.31it/s, Saved at =inf, TrLoss=0.2078]
 Training FV-edg30000-s42-t2:  24%|██▍       | 12/50 [00:05<00:17,  2.14it/s, Saved at =inf, TrLoss=0.2078]
 Training FV-edg30000-s42-t2:  24%|██▍       | 12/50 [00:05<00:17,  2.14it/s, Saved at =inf, TrLoss=0.1920]
 Training FV-edg30000-s42-t2:  26%|██▌       | 13/50 [00:06<00:17,  2.15it/s, Saved at =inf, TrLoss=0.1920]
 Training FV-edg30000-s42-t2:  26%|██▌       | 13/50 [00:06<00:17,  2.15it/s, Saved at =inf, TrLoss=0.1956]
 Training FV-edg30000-s42-t2:  28%|██▊       | 14/50 [00:06<00:16,  2.24it/s, Saved at =inf, TrLoss=0.1956]
 Training FV-edg30000-s42-t2:  28%|██▊       | 14/50 [00:06<00:16,  2.24it/s, Saved at =inf, TrLoss=0.1891]
 Training FV-edg30000-s42-t2:  30%|███       | 15/50 [00:06<00:15,  2.27it/s, Saved at =inf, TrLoss=0.1891]
 Training FV-edg30000-s42-t2:  30%|███       | 15/50 [00:06<00:15,  2.27it/s, Saved at =inf, TrLoss=0.1845]
 Training FV-edg30000-s42-t2:  32%|███▏      | 16/50 [00:07<00:14,  2.37it/s, Saved at =inf, TrLoss=0.1845]
 Training FV-edg30000-s42-t2:  32%|███▏      | 16/50 [00:07<00:14,  2.37it/s, Saved at =inf, TrLoss=0.1860]
 Training FV-edg30000-s42-t2:  34%|███▍      | 17/50 [00:07<00:14,  2.24it/s, Saved at =inf, TrLoss=0.1860]
 Training FV-edg30000-s42-t2:  34%|███▍      | 17/50 [00:07<00:14,  2.24it/s, Saved at =inf, TrLoss=0.1787]
 Training FV-edg30000-s42-t2:  36%|███▌      | 18/50 [00:08<00:13,  2.29it/s, Saved at =inf, TrLoss=0.1787]
 Training FV-edg30000-s42-t2:  36%|███▌      | 18/50 [00:08<00:13,  2.29it/s, Saved at =inf, TrLoss=0.1805]
 Training FV-edg30000-s42-t2:  38%|███▊      | 19/50 [00:08<00:13,  2.34it/s, Saved at =inf, TrLoss=0.1805]
 Training FV-edg30000-s42-t2:  38%|███▊      | 19/50 [00:08<00:13,  2.34it/s, Saved at =inf, TrLoss=0.1695]
 Training FV-edg30000-s42-t2:  40%|████      | 20/50 [00:09<00:13,  2.20it/s, Saved at =inf, TrLoss=0.1695]
 Training FV-edg30000-s42-t2:  40%|████      | 20/50 [00:09<00:13,  2.20it/s, Saved at =inf, TrLoss=0.1728]
 Training FV-edg30000-s42-t2:  42%|████▏     | 21/50 [00:09<00:13,  2.14it/s, Saved at =inf, TrLoss=0.1728]
 Training FV-edg30000-s42-t2:  42%|████▏     | 21/50 [00:09<00:13,  2.14it/s, Saved at =inf, TrLoss=0.1673]
 Training FV-edg30000-s42-t2:  44%|████▍     | 22/50 [00:09<00:12,  2.19it/s, Saved at =inf, TrLoss=0.1673]
 Training FV-edg30000-s42-t2:  44%|████▍     | 22/50 [00:10<00:12,  2.19it/s, Saved at =inf, TrLoss=0.1680]
 Training FV-edg30000-s42-t2:  46%|████▌     | 23/50 [00:10<00:12,  2.25it/s, Saved at =inf, TrLoss=0.1680]
 Training FV-edg30000-s42-t2:  46%|████▌     | 23/50 [00:10<00:12,  2.25it/s, Saved at =inf, TrLoss=0.1634]
 Training FV-edg30000-s42-t2:  48%|████▊     | 24/50 [00:10<00:11,  2.23it/s, Saved at =inf, TrLoss=0.1634]
 Training FV-edg30000-s42-t2:  48%|████▊     | 24/50 [00:11<00:11,  2.23it/s, Saved at =inf, TrLoss=0.1632]
 Training FV-edg30000-s42-t2:  50%|█████     | 25/50 [00:11<00:10,  2.29it/s, Saved at =inf, TrLoss=0.1632]
 Training FV-edg30000-s42-t2:  50%|█████     | 25/50 [00:11<00:10,  2.29it/s, Saved at =inf, TrLoss=0.1599]
 Training FV-edg30000-s42-t2:  52%|█████▏    | 26/50 [00:11<00:09,  2.43it/s, Saved at =inf, TrLoss=0.1599]
 Training FV-edg30000-s42-t2:  52%|█████▏    | 26/50 [00:11<00:09,  2.43it/s, Saved at =inf, TrLoss=0.1586]
 Training FV-edg30000-s42-t2:  54%|█████▍    | 27/50 [00:12<00:09,  2.34it/s, Saved at =inf, TrLoss=0.1586]
 Training FV-edg30000-s42-t2:  54%|█████▍    | 27/50 [00:12<00:09,  2.34it/s, Saved at =inf, TrLoss=0.1564]
 Training FV-edg30000-s42-t2:  56%|█████▌    | 28/50 [00:12<00:09,  2.30it/s, Saved at =inf, TrLoss=0.1564]
 Training FV-edg30000-s42-t2:  56%|█████▌    | 28/50 [00:12<00:09,  2.30it/s, Saved at =inf, TrLoss=0.1554]
 Training FV-edg30000-s42-t2:  58%|█████▊    | 29/50 [00:12<00:09,  2.33it/s, Saved at =inf, TrLoss=0.1554]
 Training FV-edg30000-s42-t2:  58%|█████▊    | 29/50 [00:13<00:09,  2.33it/s, Saved at =inf, TrLoss=0.1532]
 Training FV-edg30000-s42-t2:  60%|██████    | 30/50 [00:13<00:08,  2.28it/s, Saved at =inf, TrLoss=0.1532]
 Training FV-edg30000-s42-t2:  60%|██████    | 30/50 [00:13<00:08,  2.28it/s, Saved at =inf, TrLoss=0.1543]
 Training FV-edg30000-s42-t2:  62%|██████▏   | 31/50 [00:13<00:08,  2.23it/s, Saved at =inf, TrLoss=0.1543]
 Training FV-edg30000-s42-t2:  62%|██████▏   | 31/50 [00:14<00:08,  2.23it/s, Saved at =inf, TrLoss=0.1520]
 Training FV-edg30000-s42-t2:  64%|██████▍   | 32/50 [00:14<00:08,  2.24it/s, Saved at =inf, TrLoss=0.1520]
 Training FV-edg30000-s42-t2:  64%|██████▍   | 32/50 [00:14<00:08,  2.24it/s, Saved at =inf, TrLoss=0.1500]
 Training FV-edg30000-s42-t2:  66%|██████▌   | 33/50 [00:14<00:07,  2.34it/s, Saved at =inf, TrLoss=0.1500]
 Training FV-edg30000-s42-t2:  66%|██████▌   | 33/50 [00:14<00:07,  2.34it/s, Saved at =inf, TrLoss=0.1469]
 Training FV-edg30000-s42-t2:  68%|██████▊   | 34/50 [00:15<00:06,  2.54it/s, Saved at =inf, TrLoss=0.1469]
 Training FV-edg30000-s42-t2:  68%|██████▊   | 34/50 [00:15<00:06,  2.54it/s, Saved at =inf, TrLoss=0.1483]
 Training FV-edg30000-s42-t2:  70%|███████   | 35/50 [00:15<00:06,  2.38it/s, Saved at =inf, TrLoss=0.1483]
 Training FV-edg30000-s42-t2:  70%|███████   | 35/50 [00:15<00:06,  2.38it/s, Saved at =inf, TrLoss=0.1487]
 Training FV-edg30000-s42-t2:  72%|███████▏  | 36/50 [00:15<00:05,  2.42it/s, Saved at =inf, TrLoss=0.1487]
 Training FV-edg30000-s42-t2:  72%|███████▏  | 36/50 [00:16<00:05,  2.42it/s, Saved at =inf, TrLoss=0.1460]
 Training FV-edg30000-s42-t2:  74%|███████▍  | 37/50 [00:16<00:05,  2.37it/s, Saved at =inf, TrLoss=0.1460]
 Training FV-edg30000-s42-t2:  74%|███████▍  | 37/50 [00:16<00:05,  2.37it/s, Saved at =inf, TrLoss=0.1442]
 Training FV-edg30000-s42-t2:  76%|███████▌  | 38/50 [00:16<00:04,  2.49it/s, Saved at =inf, TrLoss=0.1442]
 Training FV-edg30000-s42-t2:  76%|███████▌  | 38/50 [00:16<00:04,  2.49it/s, Saved at =inf, TrLoss=0.1447]
 Training FV-edg30000-s42-t2:  78%|███████▊  | 39/50 [00:17<00:04,  2.40it/s, Saved at =inf, TrLoss=0.1447]
 Training FV-edg30000-s42-t2:  78%|███████▊  | 39/50 [00:17<00:04,  2.40it/s, Saved at =inf, TrLoss=0.1422]
 Training FV-edg30000-s42-t2:  80%|████████  | 40/50 [00:17<00:04,  2.31it/s, Saved at =inf, TrLoss=0.1422]
 Training FV-edg30000-s42-t2:  80%|████████  | 40/50 [00:17<00:04,  2.31it/s, Saved at =inf, TrLoss=0.1433]
 Training FV-edg30000-s42-t2:  82%|████████▏ | 41/50 [00:17<00:03,  2.48it/s, Saved at =inf, TrLoss=0.1433]
 Training FV-edg30000-s42-t2:  82%|████████▏ | 41/50 [00:18<00:03,  2.48it/s, Saved at =inf, TrLoss=0.1421]
 Training FV-edg30000-s42-t2:  84%|████████▍ | 42/50 [00:18<00:03,  2.51it/s, Saved at =inf, TrLoss=0.1421]
 Training FV-edg30000-s42-t2:  84%|████████▍ | 42/50 [00:18<00:03,  2.51it/s, Saved at =inf, TrLoss=0.1423]
 Training FV-edg30000-s42-t2:  86%|████████▌ | 43/50 [00:18<00:02,  2.43it/s, Saved at =inf, TrLoss=0.1423]
 Training FV-edg30000-s42-t2:  86%|████████▌ | 43/50 [00:18<00:02,  2.43it/s, Saved at =inf, TrLoss=0.1408]
 Training FV-edg30000-s42-t2:  88%|████████▊ | 44/50 [00:19<00:02,  2.66it/s, Saved at =inf, TrLoss=0.1408]
 Training FV-edg30000-s42-t2:  88%|████████▊ | 44/50 [00:19<00:02,  2.66it/s, Saved at =inf, TrLoss=0.1378]
 Training FV-edg30000-s42-t2:  90%|█████████ | 45/50 [00:19<00:01,  2.81it/s, Saved at =inf, TrLoss=0.1378]
 Training FV-edg30000-s42-t2:  90%|█████████ | 45/50 [00:19<00:01,  2.81it/s, Saved at =inf, TrLoss=0.1405]
 Training FV-edg30000-s42-t2:  92%|█████████▏| 46/50 [00:19<00:01,  2.89it/s, Saved at =inf, TrLoss=0.1405]
 Training FV-edg30000-s42-t2:  92%|█████████▏| 46/50 [00:19<00:01,  2.89it/s, Saved at =inf, TrLoss=0.1386]
 Training FV-edg30000-s42-t2:  94%|█████████▍| 47/50 [00:19<00:00,  3.15it/s, Saved at =inf, TrLoss=0.1386]
 Training FV-edg30000-s42-t2:  94%|█████████▍| 47/50 [00:20<00:00,  3.15it/s, Saved at =inf, TrLoss=0.1398]
 Training FV-edg30000-s42-t2:  96%|█████████▌| 48/50 [00:20<00:00,  3.14it/s, Saved at =inf, TrLoss=0.1398]
 Training FV-edg30000-s42-t2:  96%|█████████▌| 48/50 [00:20<00:00,  3.14it/s, Saved at =inf, TrLoss=0.1376]
 Training FV-edg30000-s42-t2:  98%|█████████▊| 49/50 [00:20<00:00,  3.09it/s, Saved at =inf, TrLoss=0.1376]
 Training FV-edg30000-s42-t2:  98%|█████████▊| 49/50 [00:20<00:00,  3.09it/s, Saved at =inf, TrLoss=0.1358]
 Training FV-edg30000-s42-t2: 100%|██████████| 50/50 [00:20<00:00,  3.24it/s, Saved at =inf, TrLoss=0.1358]
 Training FV-edg30000-s42-t2: 100%|██████████| 50/50 [00:20<00:00,  2.39it/s, Saved at =inf, TrLoss=0.1358]

 Training FV-edg30000-s42-t3:   0%|          | 0/50 [00:00<?, ?it/s]
 Training FV-edg30000-s42-t3:   0%|          | 0/50 [00:00<?, ?it/s, Saved at =inf, TrLoss=0.7658]
 Training FV-edg30000-s42-t3:   2%|▏         | 1/50 [00:00<00:20,  2.34it/s, Saved at =inf, TrLoss=0.7658]
 Training FV-edg30000-s42-t3:   2%|▏         | 1/50 [00:00<00:20,  2.34it/s, Saved at =inf, TrLoss=0.6748]
 Training FV-edg30000-s42-t3:   4%|▍         | 2/50 [00:00<00:17,  2.79it/s, Saved at =inf, TrLoss=0.6748]
 Training FV-edg30000-s42-t3:   4%|▍         | 2/50 [00:00<00:17,  2.79it/s, Saved at =inf, TrLoss=0.4804]
 Training FV-edg30000-s42-t3:   6%|▌         | 3/50 [00:01<00:15,  3.02it/s, Saved at =inf, TrLoss=0.4804]
 Training FV-edg30000-s42-t3:   6%|▌         | 3/50 [00:01<00:15,  3.02it/s, Saved at =inf, TrLoss=0.3799]
 Training FV-edg30000-s42-t3:   8%|▊         | 4/50 [00:01<00:15,  2.90it/s, Saved at =inf, TrLoss=0.3799]
 Training FV-edg30000-s42-t3:   8%|▊         | 4/50 [00:01<00:15,  2.90it/s, Saved at =inf, TrLoss=0.2933]
 Training FV-edg30000-s42-t3:  10%|█         | 5/50 [00:01<00:16,  2.76it/s, Saved at =inf, TrLoss=0.2933]
 Training FV-edg30000-s42-t3:  10%|█         | 5/50 [00:02<00:16,  2.76it/s, Saved at =inf, TrLoss=0.2899]
 Training FV-edg30000-s42-t3:  12%|█▏        | 6/50 [00:02<00:17,  2.51it/s, Saved at =inf, TrLoss=0.2899]
 Training FV-edg30000-s42-t3:  12%|█▏        | 6/50 [00:02<00:17,  2.51it/s, Saved at =inf, TrLoss=0.2884]
 Training FV-edg30000-s42-t3:  14%|█▍        | 7/50 [00:02<00:17,  2.46it/s, Saved at =inf, TrLoss=0.2884]
 Training FV-edg30000-s42-t3:  14%|█▍        | 7/50 [00:02<00:17,  2.46it/s, Saved at =inf, TrLoss=0.2920]
 Training FV-edg30000-s42-t3:  16%|█▌        | 8/50 [00:03<00:17,  2.36it/s, Saved at =inf, TrLoss=0.2920]
 Training FV-edg30000-s42-t3:  16%|█▌        | 8/50 [00:03<00:17,  2.36it/s, Saved at =inf, TrLoss=0.2596]
 Training FV-edg30000-s42-t3:  18%|█▊        | 9/50 [00:03<00:18,  2.21it/s, Saved at =inf, TrLoss=0.2596]
 Training FV-edg30000-s42-t3:  18%|█▊        | 9/50 [00:03<00:18,  2.21it/s, Saved at =inf, TrLoss=0.2438]
 Training FV-edg30000-s42-t3:  20%|██        | 10/50 [00:04<00:19,  2.09it/s, Saved at =inf, TrLoss=0.2438]
 Training FV-edg30000-s42-t3:  20%|██        | 10/50 [00:04<00:19,  2.09it/s, Saved at =inf, TrLoss=0.2236]
 Training FV-edg30000-s42-t3:  22%|██▏       | 11/50 [00:04<00:18,  2.12it/s, Saved at =inf, TrLoss=0.2236]
 Training FV-edg30000-s42-t3:  22%|██▏       | 11/50 [00:04<00:18,  2.12it/s, Saved at =inf, TrLoss=0.2110]
 Training FV-edg30000-s42-t3:  24%|██▍       | 12/50 [00:05<00:17,  2.13it/s, Saved at =inf, TrLoss=0.2110]
 Training FV-edg30000-s42-t3:  24%|██▍       | 12/50 [00:05<00:17,  2.13it/s, Saved at =inf, TrLoss=0.2142]
 Training FV-edg30000-s42-t3:  26%|██▌       | 13/50 [00:05<00:18,  2.01it/s, Saved at =inf, TrLoss=0.2142]
 Training FV-edg30000-s42-t3:  26%|██▌       | 13/50 [00:05<00:18,  2.01it/s, Saved at =inf, TrLoss=0.2044]
 Training FV-edg30000-s42-t3:  28%|██▊       | 14/50 [00:06<00:18,  1.99it/s, Saved at =inf, TrLoss=0.2044]
 Training FV-edg30000-s42-t3:  28%|██▊       | 14/50 [00:06<00:18,  1.99it/s, Saved at =inf, TrLoss=0.2059]
 Training FV-edg30000-s42-t3:  30%|███       | 15/50 [00:06<00:17,  2.03it/s, Saved at =inf, TrLoss=0.2059]
 Training FV-edg30000-s42-t3:  30%|███       | 15/50 [00:06<00:17,  2.03it/s, Saved at =inf, TrLoss=0.1989]
 Training FV-edg30000-s42-t3:  32%|███▏      | 16/50 [00:07<00:17,  2.00it/s, Saved at =inf, TrLoss=0.1989]
 Training FV-edg30000-s42-t3:  32%|███▏      | 16/50 [00:07<00:17,  2.00it/s, Saved at =inf, TrLoss=0.1968]
 Training FV-edg30000-s42-t3:  34%|███▍      | 17/50 [00:07<00:16,  2.03it/s, Saved at =inf, TrLoss=0.1968]
 Training FV-edg30000-s42-t3:  34%|███▍      | 17/50 [00:07<00:16,  2.03it/s, Saved at =inf, TrLoss=0.1895]
 Training FV-edg30000-s42-t3:  36%|███▌      | 18/50 [00:08<00:16,  1.98it/s, Saved at =inf, TrLoss=0.1895]
 Training FV-edg30000-s42-t3:  36%|███▌      | 18/50 [00:08<00:16,  1.98it/s, Saved at =inf, TrLoss=0.1883]
 Training FV-edg30000-s42-t3:  38%|███▊      | 19/50 [00:08<00:14,  2.19it/s, Saved at =inf, TrLoss=0.1883]
 Training FV-edg30000-s42-t3:  38%|███▊      | 19/50 [00:08<00:14,  2.19it/s, Saved at =inf, TrLoss=0.1833]
 Training FV-edg30000-s42-t3:  40%|████      | 20/50 [00:08<00:12,  2.40it/s, Saved at =inf, TrLoss=0.1833]
 Training FV-edg30000-s42-t3:  40%|████      | 20/50 [00:09<00:12,  2.40it/s, Saved at =inf, TrLoss=0.1849]
 Training FV-edg30000-s42-t3:  42%|████▏     | 21/50 [00:09<00:12,  2.30it/s, Saved at =inf, TrLoss=0.1849]
 Training FV-edg30000-s42-t3:  42%|████▏     | 21/50 [00:09<00:12,  2.30it/s, Saved at =inf, TrLoss=0.1803]
 Training FV-edg30000-s42-t3:  44%|████▍     | 22/50 [00:09<00:13,  2.12it/s, Saved at =inf, TrLoss=0.1803]
 Training FV-edg30000-s42-t3:  44%|████▍     | 22/50 [00:10<00:13,  2.12it/s, Saved at =inf, TrLoss=0.1798]
 Training FV-edg30000-s42-t3:  46%|████▌     | 23/50 [00:10<00:11,  2.28it/s, Saved at =inf, TrLoss=0.1798]
 Training FV-edg30000-s42-t3:  46%|████▌     | 23/50 [00:10<00:11,  2.28it/s, Saved at =inf, TrLoss=0.1753]
 Training FV-edg30000-s42-t3:  48%|████▊     | 24/50 [00:10<00:10,  2.37it/s, Saved at =inf, TrLoss=0.1753]
 Training FV-edg30000-s42-t3:  48%|████▊     | 24/50 [00:10<00:10,  2.37it/s, Saved at =inf, TrLoss=0.1731]
 Training FV-edg30000-s42-t3:  50%|█████     | 25/50 [00:11<00:10,  2.33it/s, Saved at =inf, TrLoss=0.1731]
 Training FV-edg30000-s42-t3:  50%|█████     | 25/50 [00:11<00:10,  2.33it/s, Saved at =inf, TrLoss=0.1718]
 Training FV-edg30000-s42-t3:  52%|█████▏    | 26/50 [00:11<00:11,  2.10it/s, Saved at =inf, TrLoss=0.1718]
 Training FV-edg30000-s42-t3:  52%|█████▏    | 26/50 [00:11<00:11,  2.10it/s, Saved at =inf, TrLoss=0.1688]
 Training FV-edg30000-s42-t3:  54%|█████▍    | 27/50 [00:12<00:11,  1.99it/s, Saved at =inf, TrLoss=0.1688]
 Training FV-edg30000-s42-t3:  54%|█████▍    | 27/50 [00:12<00:11,  1.99it/s, Saved at =inf, TrLoss=0.1716]
 Training FV-edg30000-s42-t3:  56%|█████▌    | 28/50 [00:12<00:10,  2.02it/s, Saved at =inf, TrLoss=0.1716]
 Training FV-edg30000-s42-t3:  56%|█████▌    | 28/50 [00:12<00:10,  2.02it/s, Saved at =inf, TrLoss=0.1682]
 Training FV-edg30000-s42-t3:  58%|█████▊    | 29/50 [00:13<00:10,  1.94it/s, Saved at =inf, TrLoss=0.1682]
 Training FV-edg30000-s42-t3:  58%|█████▊    | 29/50 [00:13<00:10,  1.94it/s, Saved at =inf, TrLoss=0.1643]
 Training FV-edg30000-s42-t3:  60%|██████    | 30/50 [00:13<00:09,  2.20it/s, Saved at =inf, TrLoss=0.1643]
 Training FV-edg30000-s42-t3:  60%|██████    | 30/50 [00:13<00:09,  2.20it/s, Saved at =inf, TrLoss=0.1662]
 Training FV-edg30000-s42-t3:  62%|██████▏   | 31/50 [00:14<00:08,  2.14it/s, Saved at =inf, TrLoss=0.1662]
 Training FV-edg30000-s42-t3:  62%|██████▏   | 31/50 [00:14<00:08,  2.14it/s, Saved at =inf, TrLoss=0.1636]
 Training FV-edg30000-s42-t3:  64%|██████▍   | 32/50 [00:14<00:08,  2.10it/s, Saved at =inf, TrLoss=0.1636]
 Training FV-edg30000-s42-t3:  64%|██████▍   | 32/50 [00:14<00:08,  2.10it/s, Saved at =inf, TrLoss=0.1587]
 Training FV-edg30000-s42-t3:  66%|██████▌   | 33/50 [00:15<00:08,  2.07it/s, Saved at =inf, TrLoss=0.1587]
 Training FV-edg30000-s42-t3:  66%|██████▌   | 33/50 [00:15<00:08,  2.07it/s, Saved at =inf, TrLoss=0.1625]
 Training FV-edg30000-s42-t3:  68%|██████▊   | 34/50 [00:15<00:07,  2.15it/s, Saved at =inf, TrLoss=0.1625]
 Training FV-edg30000-s42-t3:  68%|██████▊   | 34/50 [00:15<00:07,  2.15it/s, Saved at =inf, TrLoss=0.1653]
 Training FV-edg30000-s42-t3:  70%|███████   | 35/50 [00:15<00:06,  2.17it/s, Saved at =inf, TrLoss=0.1653]
 Training FV-edg30000-s42-t3:  70%|███████   | 35/50 [00:16<00:06,  2.17it/s, Saved at =inf, TrLoss=0.1595]
 Training FV-edg30000-s42-t3:  72%|███████▏  | 36/50 [00:16<00:06,  2.15it/s, Saved at =inf, TrLoss=0.1595]
 Training FV-edg30000-s42-t3:  72%|███████▏  | 36/50 [00:16<00:06,  2.15it/s, Saved at =inf, TrLoss=0.1583]
 Training FV-edg30000-s42-t3:  74%|███████▍  | 37/50 [00:16<00:06,  2.14it/s, Saved at =inf, TrLoss=0.1583]
 Training FV-edg30000-s42-t3:  74%|███████▍  | 37/50 [00:17<00:06,  2.14it/s, Saved at =inf, TrLoss=0.1609]
 Training FV-edg30000-s42-t3:  76%|███████▌  | 38/50 [00:17<00:05,  2.17it/s, Saved at =inf, TrLoss=0.1609]
 Training FV-edg30000-s42-t3:  76%|███████▌  | 38/50 [00:17<00:05,  2.17it/s, Saved at =inf, TrLoss=0.1569]
 Training FV-edg30000-s42-t3:  78%|███████▊  | 39/50 [00:17<00:05,  2.09it/s, Saved at =inf, TrLoss=0.1569]
 Training FV-edg30000-s42-t3:  78%|███████▊  | 39/50 [00:18<00:05,  2.09it/s, Saved at =inf, TrLoss=0.1519]
 Training FV-edg30000-s42-t3:  80%|████████  | 40/50 [00:18<00:05,  2.00it/s, Saved at =inf, TrLoss=0.1519]
 Training FV-edg30000-s42-t3:  80%|████████  | 40/50 [00:18<00:05,  2.00it/s, Saved at =inf, TrLoss=0.1578]
 Training FV-edg30000-s42-t3:  82%|████████▏ | 41/50 [00:18<00:04,  1.95it/s, Saved at =inf, TrLoss=0.1578]
 Training FV-edg30000-s42-t3:  82%|████████▏ | 41/50 [00:19<00:04,  1.95it/s, Saved at =inf, TrLoss=0.1533]
 Training FV-edg30000-s42-t3:  84%|████████▍ | 42/50 [00:19<00:03,  2.06it/s, Saved at =inf, TrLoss=0.1533]
 Training FV-edg30000-s42-t3:  84%|████████▍ | 42/50 [00:19<00:03,  2.06it/s, Saved at =inf, TrLoss=0.1501]
 Training FV-edg30000-s42-t3:  86%|████████▌ | 43/50 [00:19<00:03,  2.13it/s, Saved at =inf, TrLoss=0.1501]
 Training FV-edg30000-s42-t3:  86%|████████▌ | 43/50 [00:20<00:03,  2.13it/s, Saved at =inf, TrLoss=0.1512]
 Training FV-edg30000-s42-t3:  88%|████████▊ | 44/50 [00:20<00:02,  2.34it/s, Saved at =inf, TrLoss=0.1512]
 Training FV-edg30000-s42-t3:  88%|████████▊ | 44/50 [00:20<00:02,  2.34it/s, Saved at =inf, TrLoss=0.1500]
 Training FV-edg30000-s42-t3:  90%|█████████ | 45/50 [00:20<00:02,  2.29it/s, Saved at =inf, TrLoss=0.1500]
 Training FV-edg30000-s42-t3:  90%|█████████ | 45/50 [00:20<00:02,  2.29it/s, Saved at =inf, TrLoss=0.1499]
 Training FV-edg30000-s42-t3:  92%|█████████▏| 46/50 [00:21<00:01,  2.21it/s, Saved at =inf, TrLoss=0.1499]
 Training FV-edg30000-s42-t3:  92%|█████████▏| 46/50 [00:21<00:01,  2.21it/s, Saved at =inf, TrLoss=0.1468]
 Training FV-edg30000-s42-t3:  94%|█████████▍| 47/50 [00:21<00:01,  2.11it/s, Saved at =inf, TrLoss=0.1468]
 Training FV-edg30000-s42-t3:  94%|█████████▍| 47/50 [00:21<00:01,  2.11it/s, Saved at =inf, TrLoss=0.1472]
 Training FV-edg30000-s42-t3:  96%|█████████▌| 48/50 [00:22<00:00,  2.10it/s, Saved at =inf, TrLoss=0.1472]
 Training FV-edg30000-s42-t3:  96%|█████████▌| 48/50 [00:22<00:00,  2.10it/s, Saved at =inf, TrLoss=0.1530]
 Training FV-edg30000-s42-t3:  98%|█████████▊| 49/50 [00:22<00:00,  2.01it/s, Saved at =inf, TrLoss=0.1530]
 Training FV-edg30000-s42-t3:  98%|█████████▊| 49/50 [00:22<00:00,  2.01it/s, Saved at =inf, TrLoss=0.1473]
 Training FV-edg30000-s42-t3: 100%|██████████| 50/50 [00:23<00:00,  2.02it/s, Saved at =inf, TrLoss=0.1473]
 Training FV-edg30000-s42-t3: 100%|██████████| 50/50 [00:23<00:00,  2.16it/s, Saved at =inf, TrLoss=0.1473]

 Training FV-edg30000-s42-t4:   0%|          | 0/50 [00:00<?, ?it/s]
 Training FV-edg30000-s42-t4:   0%|          | 0/50 [00:00<?, ?it/s, Saved at =inf, TrLoss=0.8304]
 Training FV-edg30000-s42-t4:   2%|▏         | 1/50 [00:00<00:15,  3.11it/s, Saved at =inf, TrLoss=0.8304]
 Training FV-edg30000-s42-t4:   2%|▏         | 1/50 [00:00<00:15,  3.11it/s, Saved at =inf, TrLoss=0.6014]
 Training FV-edg30000-s42-t4:   4%|▍         | 2/50 [00:00<00:16,  2.87it/s, Saved at =inf, TrLoss=0.6014]
 Training FV-edg30000-s42-t4:   4%|▍         | 2/50 [00:00<00:16,  2.87it/s, Saved at =inf, TrLoss=0.4874]
 Training FV-edg30000-s42-t4:   6%|▌         | 3/50 [00:01<00:16,  2.80it/s, Saved at =inf, TrLoss=0.4874]
 Training FV-edg30000-s42-t4:   6%|▌         | 3/50 [00:01<00:16,  2.80it/s, Saved at =inf, TrLoss=0.3557]
 Training FV-edg30000-s42-t4:   8%|▊         | 4/50 [00:01<00:16,  2.78it/s, Saved at =inf, TrLoss=0.3557]
 Training FV-edg30000-s42-t4:   8%|▊         | 4/50 [00:01<00:16,  2.78it/s, Saved at =inf, TrLoss=0.3801]
 Training FV-edg30000-s42-t4:  10%|█         | 5/50 [00:01<00:18,  2.45it/s, Saved at =inf, TrLoss=0.3801]
 Training FV-edg30000-s42-t4:  10%|█         | 5/50 [00:02<00:18,  2.45it/s, Saved at =inf, TrLoss=0.3658]
 Training FV-edg30000-s42-t4:  12%|█▏        | 6/50 [00:02<00:20,  2.18it/s, Saved at =inf, TrLoss=0.3658]
 Training FV-edg30000-s42-t4:  12%|█▏        | 6/50 [00:02<00:20,  2.18it/s, Saved at =inf, TrLoss=0.3161]
 Training FV-edg30000-s42-t4:  14%|█▍        | 7/50 [00:03<00:22,  1.93it/s, Saved at =inf, TrLoss=0.3161]
 Training FV-edg30000-s42-t4:  14%|█▍        | 7/50 [00:03<00:22,  1.93it/s, Saved at =inf, TrLoss=0.2962]
 Training FV-edg30000-s42-t4:  16%|█▌        | 8/50 [00:03<00:21,  1.93it/s, Saved at =inf, TrLoss=0.2962]
 Training FV-edg30000-s42-t4:  16%|█▌        | 8/50 [00:03<00:21,  1.93it/s, Saved at =inf, TrLoss=0.2977]
 Training FV-edg30000-s42-t4:  18%|█▊        | 9/50 [00:04<00:19,  2.09it/s, Saved at =inf, TrLoss=0.2977]
 Training FV-edg30000-s42-t4:  18%|█▊        | 9/50 [00:04<00:19,  2.09it/s, Saved at =inf, TrLoss=0.2702]
 Training FV-edg30000-s42-t4:  20%|██        | 10/50 [00:04<00:19,  2.06it/s, Saved at =inf, TrLoss=0.2702]
 Training FV-edg30000-s42-t4:  20%|██        | 10/50 [00:04<00:19,  2.06it/s, Saved at =inf, TrLoss=0.2623]
 Training FV-edg30000-s42-t4:  22%|██▏       | 11/50 [00:04<00:18,  2.13it/s, Saved at =inf, TrLoss=0.2623]
 Training FV-edg30000-s42-t4:  22%|██▏       | 11/50 [00:05<00:18,  2.13it/s, Saved at =inf, TrLoss=0.2737]
 Training FV-edg30000-s42-t4:  24%|██▍       | 12/50 [00:05<00:19,  1.99it/s, Saved at =inf, TrLoss=0.2737]
 Training FV-edg30000-s42-t4:  24%|██▍       | 12/50 [00:05<00:19,  1.99it/s, Saved at =inf, TrLoss=0.2503]
 Training FV-edg30000-s42-t4:  26%|██▌       | 13/50 [00:06<00:20,  1.80it/s, Saved at =inf, TrLoss=0.2503]
 Training FV-edg30000-s42-t4:  26%|██▌       | 13/50 [00:06<00:20,  1.80it/s, Saved at =inf, TrLoss=0.2378]
 Training FV-edg30000-s42-t4:  28%|██▊       | 14/50 [00:06<00:19,  1.89it/s, Saved at =inf, TrLoss=0.2378]
 Training FV-edg30000-s42-t4:  28%|██▊       | 14/50 [00:06<00:19,  1.89it/s, Saved at =inf, TrLoss=0.2418]
 Training FV-edg30000-s42-t4:  30%|███       | 15/50 [00:07<00:19,  1.79it/s, Saved at =inf, TrLoss=0.2418]
 Training FV-edg30000-s42-t4:  30%|███       | 15/50 [00:07<00:19,  1.79it/s, Saved at =inf, TrLoss=0.2388]
 Training FV-edg30000-s42-t4:  32%|███▏      | 16/50 [00:07<00:17,  1.97it/s, Saved at =inf, TrLoss=0.2388]
 Training FV-edg30000-s42-t4:  32%|███▏      | 16/50 [00:07<00:17,  1.97it/s, Saved at =inf, TrLoss=0.2285]
 Training FV-edg30000-s42-t4:  34%|███▍      | 17/50 [00:08<00:17,  1.91it/s, Saved at =inf, TrLoss=0.2285]
 Training FV-edg30000-s42-t4:  34%|███▍      | 17/50 [00:08<00:17,  1.91it/s, Saved at =inf, TrLoss=0.2267]
 Training FV-edg30000-s42-t4:  36%|███▌      | 18/50 [00:08<00:15,  2.11it/s, Saved at =inf, TrLoss=0.2267]
 Training FV-edg30000-s42-t4:  36%|███▌      | 18/50 [00:08<00:15,  2.11it/s, Saved at =inf, TrLoss=0.2199]
 Training FV-edg30000-s42-t4:  38%|███▊      | 19/50 [00:09<00:15,  2.01it/s, Saved at =inf, TrLoss=0.2199]
 Training FV-edg30000-s42-t4:  38%|███▊      | 19/50 [00:09<00:15,  2.01it/s, Saved at =inf, TrLoss=0.2131]
 Training FV-edg30000-s42-t4:  40%|████      | 20/50 [00:09<00:14,  2.02it/s, Saved at =inf, TrLoss=0.2131]
 Training FV-edg30000-s42-t4:  40%|████      | 20/50 [00:09<00:14,  2.02it/s, Saved at =inf, TrLoss=0.2138]
 Training FV-edg30000-s42-t4:  42%|████▏     | 21/50 [00:10<00:14,  1.99it/s, Saved at =inf, TrLoss=0.2138]
 Training FV-edg30000-s42-t4:  42%|████▏     | 21/50 [00:10<00:14,  1.99it/s, Saved at =inf, TrLoss=0.2096]
 Training FV-edg30000-s42-t4:  44%|████▍     | 22/50 [00:10<00:14,  1.95it/s, Saved at =inf, TrLoss=0.2096]
 Training FV-edg30000-s42-t4:  44%|████▍     | 22/50 [00:10<00:14,  1.95it/s, Saved at =inf, TrLoss=0.2044]
 Training FV-edg30000-s42-t4:  46%|████▌     | 23/50 [00:11<00:14,  1.89it/s, Saved at =inf, TrLoss=0.2044]
 Training FV-edg30000-s42-t4:  46%|████▌     | 23/50 [00:11<00:14,  1.89it/s, Saved at =inf, TrLoss=0.2048]
 Training FV-edg30000-s42-t4:  48%|████▊     | 24/50 [00:11<00:13,  1.91it/s, Saved at =inf, TrLoss=0.2048]
 Training FV-edg30000-s42-t4:  48%|████▊     | 24/50 [00:12<00:13,  1.91it/s, Saved at =inf, TrLoss=0.1998]
 Training FV-edg30000-s42-t4:  50%|█████     | 25/50 [00:12<00:12,  1.93it/s, Saved at =inf, TrLoss=0.1998]
 Training FV-edg30000-s42-t4:  50%|█████     | 25/50 [00:12<00:12,  1.93it/s, Saved at =inf, TrLoss=0.1954]
 Training FV-edg30000-s42-t4:  52%|█████▏    | 26/50 [00:12<00:12,  1.88it/s, Saved at =inf, TrLoss=0.1954]
 Training FV-edg30000-s42-t4:  52%|█████▏    | 26/50 [00:13<00:12,  1.88it/s, Saved at =inf, TrLoss=0.1949]
 Training FV-edg30000-s42-t4:  54%|█████▍    | 27/50 [00:13<00:11,  2.06it/s, Saved at =inf, TrLoss=0.1949]
 Training FV-edg30000-s42-t4:  54%|█████▍    | 27/50 [00:13<00:11,  2.06it/s, Saved at =inf, TrLoss=0.1883]
 Training FV-edg30000-s42-t4:  56%|█████▌    | 28/50 [00:13<00:11,  1.92it/s, Saved at =inf, TrLoss=0.1883]
 Training FV-edg30000-s42-t4:  56%|█████▌    | 28/50 [00:14<00:11,  1.92it/s, Saved at =inf, TrLoss=0.1874]
 Training FV-edg30000-s42-t4:  58%|█████▊    | 29/50 [00:14<00:11,  1.86it/s, Saved at =inf, TrLoss=0.1874]
 Training FV-edg30000-s42-t4:  58%|█████▊    | 29/50 [00:14<00:11,  1.86it/s, Saved at =inf, TrLoss=0.1845]
 Training FV-edg30000-s42-t4:  60%|██████    | 30/50 [00:14<00:11,  1.82it/s, Saved at =inf, TrLoss=0.1845]
 Training FV-edg30000-s42-t4:  60%|██████    | 30/50 [00:15<00:11,  1.82it/s, Saved at =inf, TrLoss=0.1842]
 Training FV-edg30000-s42-t4:  62%|██████▏   | 31/50 [00:15<00:10,  1.74it/s, Saved at =inf, TrLoss=0.1842]
 Training FV-edg30000-s42-t4:  62%|██████▏   | 31/50 [00:15<00:10,  1.74it/s, Saved at =inf, TrLoss=0.1811]
 Training FV-edg30000-s42-t4:  64%|██████▍   | 32/50 [00:16<00:10,  1.71it/s, Saved at =inf, TrLoss=0.1811]
 Training FV-edg30000-s42-t4:  64%|██████▍   | 32/50 [00:16<00:10,  1.71it/s, Saved at =inf, TrLoss=0.1798]
 Training FV-edg30000-s42-t4:  66%|██████▌   | 33/50 [00:16<00:09,  1.77it/s, Saved at =inf, TrLoss=0.1798]
 Training FV-edg30000-s42-t4:  66%|██████▌   | 33/50 [00:17<00:09,  1.77it/s, Saved at =inf, TrLoss=0.1769]
 Training FV-edg30000-s42-t4:  68%|██████▊   | 34/50 [00:17<00:08,  1.88it/s, Saved at =inf, TrLoss=0.1769]
 Training FV-edg30000-s42-t4:  68%|██████▊   | 34/50 [00:17<00:08,  1.88it/s, Saved at =inf, TrLoss=0.1770]
 Training FV-edg30000-s42-t4:  70%|███████   | 35/50 [00:17<00:07,  1.88it/s, Saved at =inf, TrLoss=0.1770]
 Training FV-edg30000-s42-t4:  70%|███████   | 35/50 [00:18<00:07,  1.88it/s, Saved at =inf, TrLoss=0.1748]
 Training FV-edg30000-s42-t4:  72%|███████▏  | 36/50 [00:18<00:08,  1.70it/s, Saved at =inf, TrLoss=0.1748]
 Training FV-edg30000-s42-t4:  72%|███████▏  | 36/50 [00:18<00:08,  1.70it/s, Saved at =inf, TrLoss=0.1741]
 Training FV-edg30000-s42-t4:  74%|███████▍  | 37/50 [00:19<00:07,  1.69it/s, Saved at =inf, TrLoss=0.1741]
 Training FV-edg30000-s42-t4:  74%|███████▍  | 37/50 [00:19<00:07,  1.69it/s, Saved at =inf, TrLoss=0.1720]
 Training FV-edg30000-s42-t4:  76%|███████▌  | 38/50 [00:19<00:06,  1.84it/s, Saved at =inf, TrLoss=0.1720]
 Training FV-edg30000-s42-t4:  76%|███████▌  | 38/50 [00:19<00:06,  1.84it/s, Saved at =inf, TrLoss=0.1712]
 Training FV-edg30000-s42-t4:  78%|███████▊  | 39/50 [00:19<00:05,  1.88it/s, Saved at =inf, TrLoss=0.1712]
 Training FV-edg30000-s42-t4:  78%|███████▊  | 39/50 [00:20<00:05,  1.88it/s, Saved at =inf, TrLoss=0.1677]
 Training FV-edg30000-s42-t4:  80%|████████  | 40/50 [00:20<00:05,  1.84it/s, Saved at =inf, TrLoss=0.1677]
 Training FV-edg30000-s42-t4:  80%|████████  | 40/50 [00:20<00:05,  1.84it/s, Saved at =inf, TrLoss=0.1686]
 Training FV-edg30000-s42-t4:  82%|████████▏ | 41/50 [00:21<00:04,  1.87it/s, Saved at =inf, TrLoss=0.1686]
 Training FV-edg30000-s42-t4:  82%|████████▏ | 41/50 [00:21<00:04,  1.87it/s, Saved at =inf, TrLoss=0.1656]
 Training FV-edg30000-s42-t4:  84%|████████▍ | 42/50 [00:21<00:04,  1.83it/s, Saved at =inf, TrLoss=0.1656]
 Training FV-edg30000-s42-t4:  84%|████████▍ | 42/50 [00:21<00:04,  1.83it/s, Saved at =inf, TrLoss=0.1658]
 Training FV-edg30000-s42-t4:  86%|████████▌ | 43/50 [00:22<00:03,  1.78it/s, Saved at =inf, TrLoss=0.1658]
 Training FV-edg30000-s42-t4:  86%|████████▌ | 43/50 [00:22<00:03,  1.78it/s, Saved at =inf, TrLoss=0.1652]
 Training FV-edg30000-s42-t4:  88%|████████▊ | 44/50 [00:22<00:03,  1.86it/s, Saved at =inf, TrLoss=0.1652]
 Training FV-edg30000-s42-t4:  88%|████████▊ | 44/50 [00:23<00:03,  1.86it/s, Saved at =inf, TrLoss=0.1611]
 Training FV-edg30000-s42-t4:  90%|█████████ | 45/50 [00:23<00:02,  1.81it/s, Saved at =inf, TrLoss=0.1611]
 Training FV-edg30000-s42-t4:  90%|█████████ | 45/50 [00:23<00:02,  1.81it/s, Saved at =inf, TrLoss=0.1626]
 Training FV-edg30000-s42-t4:  92%|█████████▏| 46/50 [00:23<00:02,  1.94it/s, Saved at =inf, TrLoss=0.1626]
 Training FV-edg30000-s42-t4:  92%|█████████▏| 46/50 [00:24<00:02,  1.94it/s, Saved at =inf, TrLoss=0.1614]
 Training FV-edg30000-s42-t4:  94%|█████████▍| 47/50 [00:24<00:01,  1.78it/s, Saved at =inf, TrLoss=0.1614]
 Training FV-edg30000-s42-t4:  94%|█████████▍| 47/50 [00:24<00:01,  1.78it/s, Saved at =inf, TrLoss=0.1598]
 Training FV-edg30000-s42-t4:  96%|█████████▌| 48/50 [00:24<00:01,  1.81it/s, Saved at =inf, TrLoss=0.1598]
 Training FV-edg30000-s42-t4:  96%|█████████▌| 48/50 [00:25<00:01,  1.81it/s, Saved at =inf, TrLoss=0.1612]
 Training FV-edg30000-s42-t4:  98%|█████████▊| 49/50 [00:25<00:00,  1.77it/s, Saved at =inf, TrLoss=0.1612]
 Training FV-edg30000-s42-t4:  98%|█████████▊| 49/50 [00:25<00:00,  1.77it/s, Saved at =inf, TrLoss=0.1602]
 Training FV-edg30000-s42-t4: 100%|██████████| 50/50 [00:26<00:00,  1.76it/s, Saved at =inf, TrLoss=0.1602]
 Training FV-edg30000-s42-t4: 100%|██████████| 50/50 [00:26<00:00,  1.91it/s, Saved at =inf, TrLoss=0.1602]

 Training FV-edg30000-s42-t5:   0%|          | 0/50 [00:00<?, ?it/s]
 Training FV-edg30000-s42-t5:   0%|          | 0/50 [00:00<?, ?it/s, Saved at =inf, TrLoss=0.6584]
 Training FV-edg30000-s42-t5:   2%|▏         | 1/50 [00:00<00:31,  1.58it/s, Saved at =inf, TrLoss=0.6584]
 Training FV-edg30000-s42-t5:   2%|▏         | 1/50 [00:00<00:31,  1.58it/s, Saved at =inf, TrLoss=0.4431]
 Training FV-edg30000-s42-t5:   4%|▍         | 2/50 [00:01<00:26,  1.81it/s, Saved at =inf, TrLoss=0.4431]
 Training FV-edg30000-s42-t5:   4%|▍         | 2/50 [00:01<00:26,  1.81it/s, Saved at =inf, TrLoss=0.5860]
 Training FV-edg30000-s42-t5:   6%|▌         | 3/50 [00:01<00:24,  1.90it/s, Saved at =inf, TrLoss=0.5860]
 Training FV-edg30000-s42-t5:   6%|▌         | 3/50 [00:01<00:24,  1.90it/s, Saved at =inf, TrLoss=0.5285]
 Training FV-edg30000-s42-t5:   8%|▊         | 4/50 [00:02<00:22,  2.04it/s, Saved at =inf, TrLoss=0.5285]
 Training FV-edg30000-s42-t5:   8%|▊         | 4/50 [00:02<00:22,  2.04it/s, Saved at =inf, TrLoss=0.4374]
 Training FV-edg30000-s42-t5:  10%|█         | 5/50 [00:02<00:22,  1.99it/s, Saved at =inf, TrLoss=0.4374]
 Training FV-edg30000-s42-t5:  10%|█         | 5/50 [00:02<00:22,  1.99it/s, Saved at =inf, TrLoss=0.3422]
 Training FV-edg30000-s42-t5:  12%|█▏        | 6/50 [00:03<00:22,  1.95it/s, Saved at =inf, TrLoss=0.3422]
 Training FV-edg30000-s42-t5:  12%|█▏        | 6/50 [00:03<00:22,  1.95it/s, Saved at =inf, TrLoss=0.3766]
 Training FV-edg30000-s42-t5:  14%|█▍        | 7/50 [00:03<00:22,  1.88it/s, Saved at =inf, TrLoss=0.3766]
 Training FV-edg30000-s42-t5:  14%|█▍        | 7/50 [00:04<00:22,  1.88it/s, Saved at =inf, TrLoss=0.3826]
 Training FV-edg30000-s42-t5:  16%|█▌        | 8/50 [00:04<00:22,  1.85it/s, Saved at =inf, TrLoss=0.3826]
 Training FV-edg30000-s42-t5:  16%|█▌        | 8/50 [00:04<00:22,  1.85it/s, Saved at =inf, TrLoss=0.3392]
 Training FV-edg30000-s42-t5:  18%|█▊        | 9/50 [00:04<00:23,  1.75it/s, Saved at =inf, TrLoss=0.3392]
 Training FV-edg30000-s42-t5:  18%|█▊        | 9/50 [00:05<00:23,  1.75it/s, Saved at =inf, TrLoss=0.3185]
 Training FV-edg30000-s42-t5:  20%|██        | 10/50 [00:05<00:23,  1.72it/s, Saved at =inf, TrLoss=0.3185]
 Training FV-edg30000-s42-t5:  20%|██        | 10/50 [00:05<00:23,  1.72it/s, Saved at =inf, TrLoss=0.3193]
 Training FV-edg30000-s42-t5:  22%|██▏       | 11/50 [00:06<00:24,  1.62it/s, Saved at =inf, TrLoss=0.3193]
 Training FV-edg30000-s42-t5:  22%|██▏       | 11/50 [00:06<00:24,  1.62it/s, Saved at =inf, TrLoss=0.3113]
 Training FV-edg30000-s42-t5:  24%|██▍       | 12/50 [00:06<00:23,  1.60it/s, Saved at =inf, TrLoss=0.3113]
 Training FV-edg30000-s42-t5:  24%|██▍       | 12/50 [00:07<00:23,  1.60it/s, Saved at =inf, TrLoss=0.2843]
 Training FV-edg30000-s42-t5:  26%|██▌       | 13/50 [00:07<00:22,  1.63it/s, Saved at =inf, TrLoss=0.2843]
 Training FV-edg30000-s42-t5:  26%|██▌       | 13/50 [00:07<00:22,  1.63it/s, Saved at =inf, TrLoss=0.2692]
 Training FV-edg30000-s42-t5:  28%|██▊       | 14/50 [00:08<00:22,  1.61it/s, Saved at =inf, TrLoss=0.2692]
 Training FV-edg30000-s42-t5:  28%|██▊       | 14/50 [00:08<00:22,  1.61it/s, Saved at =inf, TrLoss=0.2724]
 Training FV-edg30000-s42-t5:  30%|███       | 15/50 [00:08<00:22,  1.54it/s, Saved at =inf, TrLoss=0.2724]
 Training FV-edg30000-s42-t5:  30%|███       | 15/50 [00:09<00:22,  1.54it/s, Saved at =inf, TrLoss=0.2752]
 Training FV-edg30000-s42-t5:  32%|███▏      | 16/50 [00:09<00:21,  1.55it/s, Saved at =inf, TrLoss=0.2752]
 Training FV-edg30000-s42-t5:  32%|███▏      | 16/50 [00:09<00:21,  1.55it/s, Saved at =inf, TrLoss=0.2599]
 Training FV-edg30000-s42-t5:  34%|███▍      | 17/50 [00:10<00:21,  1.52it/s, Saved at =inf, TrLoss=0.2599]
 Training FV-edg30000-s42-t5:  34%|███▍      | 17/50 [00:10<00:21,  1.52it/s, Saved at =inf, TrLoss=0.2453]
 Training FV-edg30000-s42-t5:  36%|███▌      | 18/50 [00:10<00:20,  1.57it/s, Saved at =inf, TrLoss=0.2453]
 Training FV-edg30000-s42-t5:  36%|███▌      | 18/50 [00:11<00:20,  1.57it/s, Saved at =inf, TrLoss=0.2490]
 Training FV-edg30000-s42-t5:  38%|███▊      | 19/50 [00:11<00:19,  1.59it/s, Saved at =inf, TrLoss=0.2490]
 Training FV-edg30000-s42-t5:  38%|███▊      | 19/50 [00:11<00:19,  1.59it/s, Saved at =inf, TrLoss=0.2481]
 Training FV-edg30000-s42-t5:  40%|████      | 20/50 [00:11<00:19,  1.57it/s, Saved at =inf, TrLoss=0.2481]
 Training FV-edg30000-s42-t5:  40%|████      | 20/50 [00:12<00:19,  1.57it/s, Saved at =inf, TrLoss=0.2370]
 Training FV-edg30000-s42-t5:  42%|████▏     | 21/50 [00:12<00:17,  1.67it/s, Saved at =inf, TrLoss=0.2370]
 Training FV-edg30000-s42-t5:  42%|████▏     | 21/50 [00:12<00:17,  1.67it/s, Saved at =inf, TrLoss=0.2372]
 Training FV-edg30000-s42-t5:  44%|████▍     | 22/50 [00:13<00:16,  1.68it/s, Saved at =inf, TrLoss=0.2372]
 Training FV-edg30000-s42-t5:  44%|████▍     | 22/50 [00:13<00:16,  1.68it/s, Saved at =inf, TrLoss=0.2380]
 Training FV-edg30000-s42-t5:  46%|████▌     | 23/50 [00:13<00:15,  1.69it/s, Saved at =inf, TrLoss=0.2380]
 Training FV-edg30000-s42-t5:  46%|████▌     | 23/50 [00:13<00:15,  1.69it/s, Saved at =inf, TrLoss=0.2260]
 Training FV-edg30000-s42-t5:  48%|████▊     | 24/50 [00:14<00:15,  1.72it/s, Saved at =inf, TrLoss=0.2260]
 Training FV-edg30000-s42-t5:  48%|████▊     | 24/50 [00:14<00:15,  1.72it/s, Saved at =inf, TrLoss=0.2210]
 Training FV-edg30000-s42-t5:  50%|█████     | 25/50 [00:14<00:14,  1.72it/s, Saved at =inf, TrLoss=0.2210]
 Training FV-edg30000-s42-t5:  50%|█████     | 25/50 [00:15<00:14,  1.72it/s, Saved at =inf, TrLoss=0.2230]
 Training FV-edg30000-s42-t5:  52%|█████▏    | 26/50 [00:15<00:14,  1.68it/s, Saved at =inf, TrLoss=0.2230]
 Training FV-edg30000-s42-t5:  52%|█████▏    | 26/50 [00:15<00:14,  1.68it/s, Saved at =inf, TrLoss=0.2207]
 Training FV-edg30000-s42-t5:  54%|█████▍    | 27/50 [00:15<00:13,  1.72it/s, Saved at =inf, TrLoss=0.2207]
 Training FV-edg30000-s42-t5:  54%|█████▍    | 27/50 [00:16<00:13,  1.72it/s, Saved at =inf, TrLoss=0.2148]
 Training FV-edg30000-s42-t5:  56%|█████▌    | 28/50 [00:16<00:13,  1.68it/s, Saved at =inf, TrLoss=0.2148]
 Training FV-edg30000-s42-t5:  56%|█████▌    | 28/50 [00:16<00:13,  1.68it/s, Saved at =inf, TrLoss=0.2155]
 Training FV-edg30000-s42-t5:  58%|█████▊    | 29/50 [00:17<00:13,  1.59it/s, Saved at =inf, TrLoss=0.2155]
 Training FV-edg30000-s42-t5:  58%|█████▊    | 29/50 [00:17<00:13,  1.59it/s, Saved at =inf, TrLoss=0.2159]
 Training FV-edg30000-s42-t5:  60%|██████    | 30/50 [00:17<00:12,  1.63it/s, Saved at =inf, TrLoss=0.2159]
 Training FV-edg30000-s42-t5:  60%|██████    | 30/50 [00:18<00:12,  1.63it/s, Saved at =inf, TrLoss=0.2082]
 Training FV-edg30000-s42-t5:  62%|██████▏   | 31/50 [00:18<00:11,  1.72it/s, Saved at =inf, TrLoss=0.2082]
 Training FV-edg30000-s42-t5:  62%|██████▏   | 31/50 [00:18<00:11,  1.72it/s, Saved at =inf, TrLoss=0.2086]
 Training FV-edg30000-s42-t5:  64%|██████▍   | 32/50 [00:19<00:11,  1.63it/s, Saved at =inf, TrLoss=0.2086]
 Training FV-edg30000-s42-t5:  64%|██████▍   | 32/50 [00:19<00:11,  1.63it/s, Saved at =inf, TrLoss=0.2089]
 Training FV-edg30000-s42-t5:  66%|██████▌   | 33/50 [00:19<00:10,  1.64it/s, Saved at =inf, TrLoss=0.2089]
 Training FV-edg30000-s42-t5:  66%|██████▌   | 33/50 [00:19<00:10,  1.64it/s, Saved at =inf, TrLoss=0.2026]
 Training FV-edg30000-s42-t5:  68%|██████▊   | 34/50 [00:20<00:09,  1.74it/s, Saved at =inf, TrLoss=0.2026]
 Training FV-edg30000-s42-t5:  68%|██████▊   | 34/50 [00:20<00:09,  1.74it/s, Saved at =inf, TrLoss=0.2036]
 Training FV-edg30000-s42-t5:  70%|███████   | 35/50 [00:20<00:08,  1.75it/s, Saved at =inf, TrLoss=0.2036]
 Training FV-edg30000-s42-t5:  70%|███████   | 35/50 [00:20<00:08,  1.75it/s, Saved at =inf, TrLoss=0.2029]
 Training FV-edg30000-s42-t5:  72%|███████▏  | 36/50 [00:21<00:07,  1.92it/s, Saved at =inf, TrLoss=0.2029]
 Training FV-edg30000-s42-t5:  72%|███████▏  | 36/50 [00:21<00:07,  1.92it/s, Saved at =inf, TrLoss=0.1994]
 Training FV-edg30000-s42-t5:  74%|███████▍  | 37/50 [00:21<00:06,  1.89it/s, Saved at =inf, TrLoss=0.1994]
 Training FV-edg30000-s42-t5:  74%|███████▍  | 37/50 [00:22<00:06,  1.89it/s, Saved at =inf, TrLoss=0.1992]
 Training FV-edg30000-s42-t5:  76%|███████▌  | 38/50 [00:22<00:06,  1.80it/s, Saved at =inf, TrLoss=0.1992]
 Training FV-edg30000-s42-t5:  76%|███████▌  | 38/50 [00:22<00:06,  1.80it/s, Saved at =inf, TrLoss=0.1983]
 Training FV-edg30000-s42-t5:  78%|███████▊  | 39/50 [00:22<00:06,  1.73it/s, Saved at =inf, TrLoss=0.1983]
 Training FV-edg30000-s42-t5:  78%|███████▊  | 39/50 [00:23<00:06,  1.73it/s, Saved at =inf, TrLoss=0.1936]
 Training FV-edg30000-s42-t5:  80%|████████  | 40/50 [00:23<00:05,  1.88it/s, Saved at =inf, TrLoss=0.1936]
 Training FV-edg30000-s42-t5:  80%|████████  | 40/50 [00:23<00:05,  1.88it/s, Saved at =inf, TrLoss=0.1962]
 Training FV-edg30000-s42-t5:  82%|████████▏ | 41/50 [00:23<00:04,  1.86it/s, Saved at =inf, TrLoss=0.1962]
 Training FV-edg30000-s42-t5:  82%|████████▏ | 41/50 [00:24<00:04,  1.86it/s, Saved at =inf, TrLoss=0.1927]
 Training FV-edg30000-s42-t5:  84%|████████▍ | 42/50 [00:24<00:04,  1.75it/s, Saved at =inf, TrLoss=0.1927]
 Training FV-edg30000-s42-t5:  84%|████████▍ | 42/50 [00:24<00:04,  1.75it/s, Saved at =inf, TrLoss=0.1900]
 Training FV-edg30000-s42-t5:  86%|████████▌ | 43/50 [00:25<00:03,  1.76it/s, Saved at =inf, TrLoss=0.1900]
 Training FV-edg30000-s42-t5:  86%|████████▌ | 43/50 [00:25<00:03,  1.76it/s, Saved at =inf, TrLoss=0.1891]
 Training FV-edg30000-s42-t5:  88%|████████▊ | 44/50 [00:25<00:03,  1.75it/s, Saved at =inf, TrLoss=0.1891]
 Training FV-edg30000-s42-t5:  88%|████████▊ | 44/50 [00:26<00:03,  1.75it/s, Saved at =inf, TrLoss=0.1871]
 Training FV-edg30000-s42-t5:  90%|█████████ | 45/50 [00:26<00:02,  1.70it/s, Saved at =inf, TrLoss=0.1871]
 Training FV-edg30000-s42-t5:  90%|█████████ | 45/50 [00:26<00:02,  1.70it/s, Saved at =inf, TrLoss=0.1856]
 Training FV-edg30000-s42-t5:  92%|█████████▏| 46/50 [00:26<00:02,  1.69it/s, Saved at =inf, TrLoss=0.1856]
 Training FV-edg30000-s42-t5:  92%|█████████▏| 46/50 [00:27<00:02,  1.69it/s, Saved at =inf, TrLoss=0.1854]
 Training FV-edg30000-s42-t5:  94%|█████████▍| 47/50 [00:27<00:01,  1.66it/s, Saved at =inf, TrLoss=0.1854]
 Training FV-edg30000-s42-t5:  94%|█████████▍| 47/50 [00:27<00:01,  1.66it/s, Saved at =inf, TrLoss=0.1839]
 Training FV-edg30000-s42-t5:  96%|█████████▌| 48/50 [00:28<00:01,  1.72it/s, Saved at =inf, TrLoss=0.1839]
 Training FV-edg30000-s42-t5:  96%|█████████▌| 48/50 [00:28<00:01,  1.72it/s, Saved at =inf, TrLoss=0.1853]
 Training FV-edg30000-s42-t5:  98%|█████████▊| 49/50 [00:28<00:00,  1.73it/s, Saved at =inf, TrLoss=0.1853]
 Training FV-edg30000-s42-t5:  98%|█████████▊| 49/50 [00:28<00:00,  1.73it/s, Saved at =inf, TrLoss=0.1815]
 Training FV-edg30000-s42-t5: 100%|██████████| 50/50 [00:29<00:00,  1.79it/s, Saved at =inf, TrLoss=0.1815]
 Training FV-edg30000-s42-t5: 100%|██████████| 50/50 [00:29<00:00,  1.72it/s, Saved at =inf, TrLoss=0.1815]

 Training FV-edg30000-s42-t6:   0%|          | 0/50 [00:00<?, ?it/s]
 Training FV-edg30000-s42-t6:   0%|          | 0/50 [00:00<?, ?it/s, Saved at =inf, TrLoss=0.7287]
 Training FV-edg30000-s42-t6:   2%|▏         | 1/50 [00:00<00:27,  1.77it/s, Saved at =inf, TrLoss=0.7287]
 Training FV-edg30000-s42-t6:   2%|▏         | 1/50 [00:00<00:27,  1.77it/s, Saved at =inf, TrLoss=0.8679]
 Training FV-edg30000-s42-t6:   4%|▍         | 2/50 [00:01<00:25,  1.87it/s, Saved at =inf, TrLoss=0.8679]
 Training FV-edg30000-s42-t6:   4%|▍         | 2/50 [00:01<00:25,  1.87it/s, Saved at =inf, TrLoss=0.5454]
 Training FV-edg30000-s42-t6:   6%|▌         | 3/50 [00:01<00:24,  1.94it/s, Saved at =inf, TrLoss=0.5454]
 Training FV-edg30000-s42-t6:   6%|▌         | 3/50 [00:01<00:24,  1.94it/s, Saved at =inf, TrLoss=0.5056]
 Training FV-edg30000-s42-t6:   8%|▊         | 4/50 [00:02<00:25,  1.79it/s, Saved at =inf, TrLoss=0.5056]
 Training FV-edg30000-s42-t6:   8%|▊         | 4/50 [00:02<00:25,  1.79it/s, Saved at =inf, TrLoss=0.4645]
 Training FV-edg30000-s42-t6:  10%|█         | 5/50 [00:02<00:24,  1.83it/s, Saved at =inf, TrLoss=0.4645]
 Training FV-edg30000-s42-t6:  10%|█         | 5/50 [00:03<00:24,  1.83it/s, Saved at =inf, TrLoss=0.4038]
 Training FV-edg30000-s42-t6:  12%|█▏        | 6/50 [00:03<00:24,  1.78it/s, Saved at =inf, TrLoss=0.4038]
 Training FV-edg30000-s42-t6:  12%|█▏        | 6/50 [00:03<00:24,  1.78it/s, Saved at =inf, TrLoss=0.3935]
 Training FV-edg30000-s42-t6:  14%|█▍        | 7/50 [00:03<00:25,  1.68it/s, Saved at =inf, TrLoss=0.3935]
 Training FV-edg30000-s42-t6:  14%|█▍        | 7/50 [00:04<00:25,  1.68it/s, Saved at =inf, TrLoss=0.4015]
 Training FV-edg30000-s42-t6:  16%|█▌        | 8/50 [00:04<00:24,  1.71it/s, Saved at =inf, TrLoss=0.4015]
 Training FV-edg30000-s42-t6:  16%|█▌        | 8/50 [00:04<00:24,  1.71it/s, Saved at =inf, TrLoss=0.3727]
 Training FV-edg30000-s42-t6:  18%|█▊        | 9/50 [00:05<00:24,  1.64it/s, Saved at =inf, TrLoss=0.3727]
 Training FV-edg30000-s42-t6:  18%|█▊        | 9/50 [00:05<00:24,  1.64it/s, Saved at =inf, TrLoss=0.3495]
 Training FV-edg30000-s42-t6:  20%|██        | 10/50 [00:05<00:23,  1.73it/s, Saved at =inf, TrLoss=0.3495]
 Training FV-edg30000-s42-t6:  20%|██        | 10/50 [00:06<00:23,  1.73it/s, Saved at =inf, TrLoss=0.3177]
 Training FV-edg30000-s42-t6:  22%|██▏       | 11/50 [00:06<00:22,  1.71it/s, Saved at =inf, TrLoss=0.3177]
 Training FV-edg30000-s42-t6:  22%|██▏       | 11/50 [00:06<00:22,  1.71it/s, Saved at =inf, TrLoss=0.2827]
 Training FV-edg30000-s42-t6:  24%|██▍       | 12/50 [00:06<00:23,  1.63it/s, Saved at =inf, TrLoss=0.2827]
 Training FV-edg30000-s42-t6:  24%|██▍       | 12/50 [00:07<00:23,  1.63it/s, Saved at =inf, TrLoss=0.2946]
 Training FV-edg30000-s42-t6:  26%|██▌       | 13/50 [00:07<00:23,  1.60it/s, Saved at =inf, TrLoss=0.2946]
 Training FV-edg30000-s42-t6:  26%|██▌       | 13/50 [00:08<00:23,  1.60it/s, Saved at =inf, TrLoss=0.2731]
 Training FV-edg30000-s42-t6:  28%|██▊       | 14/50 [00:08<00:21,  1.64it/s, Saved at =inf, TrLoss=0.2731]
 Training FV-edg30000-s42-t6:  28%|██▊       | 14/50 [00:08<00:21,  1.64it/s, Saved at =inf, TrLoss=0.2701]
 Training FV-edg30000-s42-t6:  30%|███       | 15/50 [00:08<00:21,  1.66it/s, Saved at =inf, TrLoss=0.2701]
 Training FV-edg30000-s42-t6:  30%|███       | 15/50 [00:09<00:21,  1.66it/s, Saved at =inf, TrLoss=0.2454]
 Training FV-edg30000-s42-t6:  32%|███▏      | 16/50 [00:09<00:20,  1.67it/s, Saved at =inf, TrLoss=0.2454]
 Training FV-edg30000-s42-t6:  32%|███▏      | 16/50 [00:09<00:20,  1.67it/s, Saved at =inf, TrLoss=0.2393]
 Training FV-edg30000-s42-t6:  34%|███▍      | 17/50 [00:10<00:20,  1.64it/s, Saved at =inf, TrLoss=0.2393]
 Training FV-edg30000-s42-t6:  34%|███▍      | 17/50 [00:10<00:20,  1.64it/s, Saved at =inf, TrLoss=0.2332]
 Training FV-edg30000-s42-t6:  36%|███▌      | 18/50 [00:10<00:19,  1.62it/s, Saved at =inf, TrLoss=0.2332]
 Training FV-edg30000-s42-t6:  36%|███▌      | 18/50 [00:11<00:19,  1.62it/s, Saved at =inf, TrLoss=0.2280]
 Training FV-edg30000-s42-t6:  38%|███▊      | 19/50 [00:11<00:20,  1.51it/s, Saved at =inf, TrLoss=0.2280]
 Training FV-edg30000-s42-t6:  38%|███▊      | 19/50 [00:11<00:20,  1.51it/s, Saved at =inf, TrLoss=0.2249]
 Training FV-edg30000-s42-t6:  40%|████      | 20/50 [00:12<00:19,  1.53it/s, Saved at =inf, TrLoss=0.2249]
 Training FV-edg30000-s42-t6:  40%|████      | 20/50 [00:12<00:19,  1.53it/s, Saved at =inf, TrLoss=0.2156]
 Training FV-edg30000-s42-t6:  42%|████▏     | 21/50 [00:12<00:18,  1.53it/s, Saved at =inf, TrLoss=0.2156]
 Training FV-edg30000-s42-t6:  42%|████▏     | 21/50 [00:13<00:18,  1.53it/s, Saved at =inf, TrLoss=0.2179]
 Training FV-edg30000-s42-t6:  44%|████▍     | 22/50 [00:13<00:17,  1.60it/s, Saved at =inf, TrLoss=0.2179]
 Training FV-edg30000-s42-t6:  44%|████▍     | 22/50 [00:13<00:17,  1.60it/s, Saved at =inf, TrLoss=0.2056]
 Training FV-edg30000-s42-t6:  46%|████▌     | 23/50 [00:14<00:17,  1.52it/s, Saved at =inf, TrLoss=0.2056]
 Training FV-edg30000-s42-t6:  46%|████▌     | 23/50 [00:14<00:17,  1.52it/s, Saved at =inf, TrLoss=0.2124]
 Training FV-edg30000-s42-t6:  48%|████▊     | 24/50 [00:14<00:16,  1.54it/s, Saved at =inf, TrLoss=0.2124]
 Training FV-edg30000-s42-t6:  48%|████▊     | 24/50 [00:15<00:16,  1.54it/s, Saved at =inf, TrLoss=0.2028]
 Training FV-edg30000-s42-t6:  50%|█████     | 25/50 [00:15<00:15,  1.57it/s, Saved at =inf, TrLoss=0.2028]
 Training FV-edg30000-s42-t6:  50%|█████     | 25/50 [00:15<00:15,  1.57it/s, Saved at =inf, TrLoss=0.2056]
 Training FV-edg30000-s42-t6:  52%|█████▏    | 26/50 [00:15<00:14,  1.64it/s, Saved at =inf, TrLoss=0.2056]
 Training FV-edg30000-s42-t6:  52%|█████▏    | 26/50 [00:16<00:14,  1.64it/s, Saved at =inf, TrLoss=0.1994]
 Training FV-edg30000-s42-t6:  54%|█████▍    | 27/50 [00:16<00:13,  1.67it/s, Saved at =inf, TrLoss=0.1994]
 Training FV-edg30000-s42-t6:  54%|█████▍    | 27/50 [00:16<00:13,  1.67it/s, Saved at =inf, TrLoss=0.1942]
 Training FV-edg30000-s42-t6:  56%|█████▌    | 28/50 [00:16<00:13,  1.65it/s, Saved at =inf, TrLoss=0.1942]
 Training FV-edg30000-s42-t6:  56%|█████▌    | 28/50 [00:17<00:13,  1.65it/s, Saved at =inf, TrLoss=0.1927]
 Training FV-edg30000-s42-t6:  58%|█████▊    | 29/50 [00:17<00:13,  1.53it/s, Saved at =inf, TrLoss=0.1927]
 Training FV-edg30000-s42-t6:  58%|█████▊    | 29/50 [00:18<00:13,  1.53it/s, Saved at =inf, TrLoss=0.1860]
 Training FV-edg30000-s42-t6:  60%|██████    | 30/50 [00:18<00:13,  1.53it/s, Saved at =inf, TrLoss=0.1860]
 Training FV-edg30000-s42-t6:  60%|██████    | 30/50 [00:18<00:13,  1.53it/s, Saved at =inf, TrLoss=0.1924]
 Training FV-edg30000-s42-t6:  62%|██████▏   | 31/50 [00:19<00:12,  1.56it/s, Saved at =inf, TrLoss=0.1924]
 Training FV-edg30000-s42-t6:  62%|██████▏   | 31/50 [00:19<00:12,  1.56it/s, Saved at =inf, TrLoss=0.1870]
 Training FV-edg30000-s42-t6:  64%|██████▍   | 32/50 [00:19<00:11,  1.55it/s, Saved at =inf, TrLoss=0.1870]
 Training FV-edg30000-s42-t6:  64%|██████▍   | 32/50 [00:20<00:11,  1.55it/s, Saved at =inf, TrLoss=0.1858]
 Training FV-edg30000-s42-t6:  66%|██████▌   | 33/50 [00:20<00:11,  1.54it/s, Saved at =inf, TrLoss=0.1858]
 Training FV-edg30000-s42-t6:  66%|██████▌   | 33/50 [00:20<00:11,  1.54it/s, Saved at =inf, TrLoss=0.1853]
 Training FV-edg30000-s42-t6:  68%|██████▊   | 34/50 [00:20<00:10,  1.55it/s, Saved at =inf, TrLoss=0.1853]
 Training FV-edg30000-s42-t6:  68%|██████▊   | 34/50 [00:21<00:10,  1.55it/s, Saved at =inf, TrLoss=0.1815]
 Training FV-edg30000-s42-t6:  70%|███████   | 35/50 [00:21<00:09,  1.51it/s, Saved at =inf, TrLoss=0.1815]
 Training FV-edg30000-s42-t6:  70%|███████   | 35/50 [00:22<00:09,  1.51it/s, Saved at =inf, TrLoss=0.1838]
 Training FV-edg30000-s42-t6:  72%|███████▏  | 36/50 [00:22<00:09,  1.51it/s, Saved at =inf, TrLoss=0.1838]
 Training FV-edg30000-s42-t6:  72%|███████▏  | 36/50 [00:22<00:09,  1.51it/s, Saved at =inf, TrLoss=0.1811]
 Training FV-edg30000-s42-t6:  74%|███████▍  | 37/50 [00:22<00:08,  1.52it/s, Saved at =inf, TrLoss=0.1811]
 Training FV-edg30000-s42-t6:  74%|███████▍  | 37/50 [00:23<00:08,  1.52it/s, Saved at =inf, TrLoss=0.1789]
 Training FV-edg30000-s42-t6:  76%|███████▌  | 38/50 [00:23<00:07,  1.54it/s, Saved at =inf, TrLoss=0.1789]
 Training FV-edg30000-s42-t6:  76%|███████▌  | 38/50 [00:23<00:07,  1.54it/s, Saved at =inf, TrLoss=0.1817]
 Training FV-edg30000-s42-t6:  78%|███████▊  | 39/50 [00:24<00:06,  1.59it/s, Saved at =inf, TrLoss=0.1817]
 Training FV-edg30000-s42-t6:  78%|███████▊  | 39/50 [00:24<00:06,  1.59it/s, Saved at =inf, TrLoss=0.1755]
 Training FV-edg30000-s42-t6:  80%|████████  | 40/50 [00:24<00:05,  1.67it/s, Saved at =inf, TrLoss=0.1755]
 Training FV-edg30000-s42-t6:  80%|████████  | 40/50 [00:25<00:05,  1.67it/s, Saved at =inf, TrLoss=0.1774]
 Training FV-edg30000-s42-t6:  82%|████████▏ | 41/50 [00:25<00:05,  1.63it/s, Saved at =inf, TrLoss=0.1774]
 Training FV-edg30000-s42-t6:  82%|████████▏ | 41/50 [00:25<00:05,  1.63it/s, Saved at =inf, TrLoss=0.1766]
 Training FV-edg30000-s42-t6:  84%|████████▍ | 42/50 [00:25<00:04,  1.64it/s, Saved at =inf, TrLoss=0.1766]
 Training FV-edg30000-s42-t6:  84%|████████▍ | 42/50 [00:26<00:04,  1.64it/s, Saved at =inf, TrLoss=0.1729]
 Training FV-edg30000-s42-t6:  86%|████████▌ | 43/50 [00:26<00:04,  1.60it/s, Saved at =inf, TrLoss=0.1729]
 Training FV-edg30000-s42-t6:  86%|████████▌ | 43/50 [00:27<00:04,  1.60it/s, Saved at =inf, TrLoss=0.1737]
 Training FV-edg30000-s42-t6:  88%|████████▊ | 44/50 [00:27<00:03,  1.57it/s, Saved at =inf, TrLoss=0.1737]
 Training FV-edg30000-s42-t6:  88%|████████▊ | 44/50 [00:27<00:03,  1.57it/s, Saved at =inf, TrLoss=0.1707]
 Training FV-edg30000-s42-t6:  90%|█████████ | 45/50 [00:27<00:03,  1.57it/s, Saved at =inf, TrLoss=0.1707]
 Training FV-edg30000-s42-t6:  90%|█████████ | 45/50 [00:28<00:03,  1.57it/s, Saved at =inf, TrLoss=0.1709]
 Training FV-edg30000-s42-t6:  92%|█████████▏| 46/50 [00:28<00:02,  1.58it/s, Saved at =inf, TrLoss=0.1709]
 Training FV-edg30000-s42-t6:  92%|█████████▏| 46/50 [00:28<00:02,  1.58it/s, Saved at =inf, TrLoss=0.1704]
 Training FV-edg30000-s42-t6:  94%|█████████▍| 47/50 [00:29<00:01,  1.56it/s, Saved at =inf, TrLoss=0.1704]
 Training FV-edg30000-s42-t6:  94%|█████████▍| 47/50 [00:29<00:01,  1.56it/s, Saved at =inf, TrLoss=0.1689]
 Training FV-edg30000-s42-t6:  96%|█████████▌| 48/50 [00:29<00:01,  1.64it/s, Saved at =inf, TrLoss=0.1689]
 Training FV-edg30000-s42-t6:  96%|█████████▌| 48/50 [00:30<00:01,  1.64it/s, Saved at =inf, TrLoss=0.1710]
 Training FV-edg30000-s42-t6:  98%|█████████▊| 49/50 [00:30<00:00,  1.63it/s, Saved at =inf, TrLoss=0.1710]
 Training FV-edg30000-s42-t6:  98%|█████████▊| 49/50 [00:30<00:00,  1.63it/s, Saved at =inf, TrLoss=0.1674]
 Training FV-edg30000-s42-t6: 100%|██████████| 50/50 [00:31<00:00,  1.59it/s, Saved at =inf, TrLoss=0.1674]
 Training FV-edg30000-s42-t6: 100%|██████████| 50/50 [00:31<00:00,  1.61it/s, Saved at =inf, TrLoss=0.1674]

 Training FV-edg30000-s42-t7:   0%|          | 0/50 [00:00<?, ?it/s]
 Training FV-edg30000-s42-t7:   0%|          | 0/50 [00:00<?, ?it/s, Saved at =inf, TrLoss=0.8029]
 Training FV-edg30000-s42-t7:   2%|▏         | 1/50 [00:00<00:35,  1.37it/s, Saved at =inf, TrLoss=0.8029]
 Training FV-edg30000-s42-t7:   2%|▏         | 1/50 [00:01<00:35,  1.37it/s, Saved at =inf, TrLoss=0.6876]
 Training FV-edg30000-s42-t7:   4%|▍         | 2/50 [00:01<00:35,  1.35it/s, Saved at =inf, TrLoss=0.6876]
 Training FV-edg30000-s42-t7:   4%|▍         | 2/50 [00:01<00:35,  1.35it/s, Saved at =inf, TrLoss=0.5102]
 Training FV-edg30000-s42-t7:   6%|▌         | 3/50 [00:02<00:36,  1.30it/s, Saved at =inf, TrLoss=0.5102]
 Training FV-edg30000-s42-t7:   6%|▌         | 3/50 [00:02<00:36,  1.30it/s, Saved at =inf, TrLoss=0.4843]
 Training FV-edg30000-s42-t7:   8%|▊         | 4/50 [00:02<00:32,  1.40it/s, Saved at =inf, TrLoss=0.4843]
 Training FV-edg30000-s42-t7:   8%|▊         | 4/50 [00:03<00:32,  1.40it/s, Saved at =inf, TrLoss=0.4316]
 Training FV-edg30000-s42-t7:  10%|█         | 5/50 [00:03<00:29,  1.51it/s, Saved at =inf, TrLoss=0.4316]
 Training FV-edg30000-s42-t7:  10%|█         | 5/50 [00:03<00:29,  1.51it/s, Saved at =inf, TrLoss=0.4069]
 Training FV-edg30000-s42-t7:  12%|█▏        | 6/50 [00:04<00:29,  1.48it/s, Saved at =inf, TrLoss=0.4069]
 Training FV-edg30000-s42-t7:  12%|█▏        | 6/50 [00:04<00:29,  1.48it/s, Saved at =inf, TrLoss=0.3515]
 Training FV-edg30000-s42-t7:  14%|█▍        | 7/50 [00:04<00:30,  1.41it/s, Saved at =inf, TrLoss=0.3515]
 Training FV-edg30000-s42-t7:  14%|█▍        | 7/50 [00:05<00:30,  1.41it/s, Saved at =inf, TrLoss=0.3422]
 Training FV-edg30000-s42-t7:  16%|█▌        | 8/50 [00:05<00:30,  1.37it/s, Saved at =inf, TrLoss=0.3422]
 Training FV-edg30000-s42-t7:  16%|█▌        | 8/50 [00:06<00:30,  1.37it/s, Saved at =inf, TrLoss=0.3129]
 Training FV-edg30000-s42-t7:  18%|█▊        | 9/50 [00:06<00:29,  1.40it/s, Saved at =inf, TrLoss=0.3129]
 Training FV-edg30000-s42-t7:  18%|█▊        | 9/50 [00:06<00:29,  1.40it/s, Saved at =inf, TrLoss=0.3190]
 Training FV-edg30000-s42-t7:  20%|██        | 10/50 [00:07<00:29,  1.37it/s, Saved at =inf, TrLoss=0.3190]
 Training FV-edg30000-s42-t7:  20%|██        | 10/50 [00:07<00:29,  1.37it/s, Saved at =inf, TrLoss=0.2855]
 Training FV-edg30000-s42-t7:  22%|██▏       | 11/50 [00:07<00:27,  1.41it/s, Saved at =inf, TrLoss=0.2855]
 Training FV-edg30000-s42-t7:  22%|██▏       | 11/50 [00:08<00:27,  1.41it/s, Saved at =inf, TrLoss=0.2927]
 Training FV-edg30000-s42-t7:  24%|██▍       | 12/50 [00:08<00:26,  1.46it/s, Saved at =inf, TrLoss=0.2927]
 Training FV-edg30000-s42-t7:  24%|██▍       | 12/50 [00:08<00:26,  1.46it/s, Saved at =inf, TrLoss=0.2828]
 Training FV-edg30000-s42-t7:  26%|██▌       | 13/50 [00:09<00:25,  1.45it/s, Saved at =inf, TrLoss=0.2828]
 Training FV-edg30000-s42-t7:  26%|██▌       | 13/50 [00:09<00:25,  1.45it/s, Saved at =inf, TrLoss=0.2829]
 Training FV-edg30000-s42-t7:  28%|██▊       | 14/50 [00:09<00:25,  1.44it/s, Saved at =inf, TrLoss=0.2829]
 Training FV-edg30000-s42-t7:  28%|██▊       | 14/50 [00:10<00:25,  1.44it/s, Saved at =inf, TrLoss=0.2661]
 Training FV-edg30000-s42-t7:  30%|███       | 15/50 [00:10<00:25,  1.39it/s, Saved at =inf, TrLoss=0.2661]
 Training FV-edg30000-s42-t7:  30%|███       | 15/50 [00:11<00:25,  1.39it/s, Saved at =inf, TrLoss=0.2577]
 Training FV-edg30000-s42-t7:  32%|███▏      | 16/50 [00:11<00:24,  1.37it/s, Saved at =inf, TrLoss=0.2577]
 Training FV-edg30000-s42-t7:  32%|███▏      | 16/50 [00:11<00:24,  1.37it/s, Saved at =inf, TrLoss=0.2475]
 Training FV-edg30000-s42-t7:  34%|███▍      | 17/50 [00:12<00:23,  1.39it/s, Saved at =inf, TrLoss=0.2475]
 Training FV-edg30000-s42-t7:  34%|███▍      | 17/50 [00:12<00:23,  1.39it/s, Saved at =inf, TrLoss=0.2430]
 Training FV-edg30000-s42-t7:  36%|███▌      | 18/50 [00:12<00:23,  1.37it/s, Saved at =inf, TrLoss=0.2430]
 Training FV-edg30000-s42-t7:  36%|███▌      | 18/50 [00:13<00:23,  1.37it/s, Saved at =inf, TrLoss=0.2384]
 Training FV-edg30000-s42-t7:  38%|███▊      | 19/50 [00:13<00:22,  1.41it/s, Saved at =inf, TrLoss=0.2384]
 Training FV-edg30000-s42-t7:  38%|███▊      | 19/50 [00:13<00:22,  1.41it/s, Saved at =inf, TrLoss=0.2301]
 Training FV-edg30000-s42-t7:  40%|████      | 20/50 [00:14<00:21,  1.38it/s, Saved at =inf, TrLoss=0.2301]
 Training FV-edg30000-s42-t7:  40%|████      | 20/50 [00:14<00:21,  1.38it/s, Saved at =inf, TrLoss=0.2292]
 Training FV-edg30000-s42-t7:  42%|████▏     | 21/50 [00:15<00:21,  1.34it/s, Saved at =inf, TrLoss=0.2292]
 Training FV-edg30000-s42-t7:  42%|████▏     | 21/50 [00:15<00:21,  1.34it/s, Saved at =inf, TrLoss=0.2176]
 Training FV-edg30000-s42-t7:  44%|████▍     | 22/50 [00:15<00:20,  1.35it/s, Saved at =inf, TrLoss=0.2176]
 Training FV-edg30000-s42-t7:  44%|████▍     | 22/50 [00:16<00:20,  1.35it/s, Saved at =inf, TrLoss=0.2170]
 Training FV-edg30000-s42-t7:  46%|████▌     | 23/50 [00:16<00:20,  1.32it/s, Saved at =inf, TrLoss=0.2170]
 Training FV-edg30000-s42-t7:  46%|████▌     | 23/50 [00:17<00:20,  1.32it/s, Saved at =inf, TrLoss=0.2136]
 Training FV-edg30000-s42-t7:  48%|████▊     | 24/50 [00:17<00:19,  1.34it/s, Saved at =inf, TrLoss=0.2136]
 Training FV-edg30000-s42-t7:  48%|████▊     | 24/50 [00:17<00:19,  1.34it/s, Saved at =inf, TrLoss=0.2074]
 Training FV-edg30000-s42-t7:  50%|█████     | 25/50 [00:18<00:19,  1.29it/s, Saved at =inf, TrLoss=0.2074]
 Training FV-edg30000-s42-t7:  50%|█████     | 25/50 [00:18<00:19,  1.29it/s, Saved at =inf, TrLoss=0.2062]
 Training FV-edg30000-s42-t7:  52%|█████▏    | 26/50 [00:18<00:18,  1.28it/s, Saved at =inf, TrLoss=0.2062]
 Training FV-edg30000-s42-t7:  52%|█████▏    | 26/50 [00:19<00:18,  1.28it/s, Saved at =inf, TrLoss=0.2016]
 Training FV-edg30000-s42-t7:  54%|█████▍    | 27/50 [00:19<00:17,  1.28it/s, Saved at =inf, TrLoss=0.2016]
 Training FV-edg30000-s42-t7:  54%|█████▍    | 27/50 [00:20<00:17,  1.28it/s, Saved at =inf, TrLoss=0.1959]
 Training FV-edg30000-s42-t7:  56%|█████▌    | 28/50 [00:20<00:16,  1.29it/s, Saved at =inf, TrLoss=0.1959]
 Training FV-edg30000-s42-t7:  56%|█████▌    | 28/50 [00:20<00:16,  1.29it/s, Saved at =inf, TrLoss=0.1952]
 Training FV-edg30000-s42-t7:  58%|█████▊    | 29/50 [00:21<00:16,  1.29it/s, Saved at =inf, TrLoss=0.1952]
 Training FV-edg30000-s42-t7:  58%|█████▊    | 29/50 [00:21<00:16,  1.29it/s, Saved at =inf, TrLoss=0.1923]
 Training FV-edg30000-s42-t7:  60%|██████    | 30/50 [00:21<00:14,  1.36it/s, Saved at =inf, TrLoss=0.1923]
 Training FV-edg30000-s42-t7:  60%|██████    | 30/50 [00:22<00:14,  1.36it/s, Saved at =inf, TrLoss=0.1890]
 Training FV-edg30000-s42-t7:  62%|██████▏   | 31/50 [00:22<00:13,  1.37it/s, Saved at =inf, TrLoss=0.1890]
 Training FV-edg30000-s42-t7:  62%|██████▏   | 31/50 [00:23<00:13,  1.37it/s, Saved at =inf, TrLoss=0.1903]
 Training FV-edg30000-s42-t7:  64%|██████▍   | 32/50 [00:23<00:12,  1.39it/s, Saved at =inf, TrLoss=0.1903]
 Training FV-edg30000-s42-t7:  64%|██████▍   | 32/50 [00:23<00:12,  1.39it/s, Saved at =inf, TrLoss=0.1871]
 Training FV-edg30000-s42-t7:  66%|██████▌   | 33/50 [00:24<00:12,  1.36it/s, Saved at =inf, TrLoss=0.1871]
 Training FV-edg30000-s42-t7:  66%|██████▌   | 33/50 [00:24<00:12,  1.36it/s, Saved at =inf, TrLoss=0.1859]
 Training FV-edg30000-s42-t7:  68%|██████▊   | 34/50 [00:24<00:11,  1.38it/s, Saved at =inf, TrLoss=0.1859]
 Training FV-edg30000-s42-t7:  68%|██████▊   | 34/50 [00:25<00:11,  1.38it/s, Saved at =inf, TrLoss=0.1846]
 Training FV-edg30000-s42-t7:  70%|███████   | 35/50 [00:25<00:10,  1.39it/s, Saved at =inf, TrLoss=0.1846]
 Training FV-edg30000-s42-t7:  70%|███████   | 35/50 [00:25<00:10,  1.39it/s, Saved at =inf, TrLoss=0.1842]
 Training FV-edg30000-s42-t7:  72%|███████▏  | 36/50 [00:26<00:10,  1.39it/s, Saved at =inf, TrLoss=0.1842]
 Training FV-edg30000-s42-t7:  72%|███████▏  | 36/50 [00:26<00:10,  1.39it/s, Saved at =inf, TrLoss=0.1828]
 Training FV-edg30000-s42-t7:  74%|███████▍  | 37/50 [00:26<00:09,  1.44it/s, Saved at =inf, TrLoss=0.1828]
 Training FV-edg30000-s42-t7:  74%|███████▍  | 37/50 [00:27<00:09,  1.44it/s, Saved at =inf, TrLoss=0.1822]
 Training FV-edg30000-s42-t7:  76%|███████▌  | 38/50 [00:27<00:08,  1.44it/s, Saved at =inf, TrLoss=0.1822]
 Training FV-edg30000-s42-t7:  76%|███████▌  | 38/50 [00:28<00:08,  1.44it/s, Saved at =inf, TrLoss=0.1816]
 Training FV-edg30000-s42-t7:  78%|███████▊  | 39/50 [00:28<00:07,  1.41it/s, Saved at =inf, TrLoss=0.1816]
 Training FV-edg30000-s42-t7:  78%|███████▊  | 39/50 [00:28<00:07,  1.41it/s, Saved at =inf, TrLoss=0.1790]
 Training FV-edg30000-s42-t7:  80%|████████  | 40/50 [00:29<00:07,  1.41it/s, Saved at =inf, TrLoss=0.1790]
 Training FV-edg30000-s42-t7:  80%|████████  | 40/50 [00:29<00:07,  1.41it/s, Saved at =inf, TrLoss=0.1794]
 Training FV-edg30000-s42-t7:  82%|████████▏ | 41/50 [00:29<00:06,  1.40it/s, Saved at =inf, TrLoss=0.1794]
 Training FV-edg30000-s42-t7:  82%|████████▏ | 41/50 [00:30<00:06,  1.40it/s, Saved at =inf, TrLoss=0.1780]
 Training FV-edg30000-s42-t7:  84%|████████▍ | 42/50 [00:30<00:05,  1.38it/s, Saved at =inf, TrLoss=0.1780]
 Training FV-edg30000-s42-t7:  84%|████████▍ | 42/50 [00:30<00:05,  1.38it/s, Saved at =inf, TrLoss=0.1758]
 Training FV-edg30000-s42-t7:  86%|████████▌ | 43/50 [00:31<00:05,  1.39it/s, Saved at =inf, TrLoss=0.1758]
 Training FV-edg30000-s42-t7:  86%|████████▌ | 43/50 [00:31<00:05,  1.39it/s, Saved at =inf, TrLoss=0.1772]
 Training FV-edg30000-s42-t7:  88%|████████▊ | 44/50 [00:32<00:04,  1.34it/s, Saved at =inf, TrLoss=0.1772]
 Training FV-edg30000-s42-t7:  88%|████████▊ | 44/50 [00:32<00:04,  1.34it/s, Saved at =inf, TrLoss=0.1820]
 Training FV-edg30000-s42-t7:  90%|█████████ | 45/50 [00:32<00:03,  1.34it/s, Saved at =inf, TrLoss=0.1820]
 Training FV-edg30000-s42-t7:  90%|█████████ | 45/50 [00:33<00:03,  1.34it/s, Saved at =inf, TrLoss=0.1923]
 Training FV-edg30000-s42-t7:  92%|█████████▏| 46/50 [00:33<00:02,  1.35it/s, Saved at =inf, TrLoss=0.1923]
 Training FV-edg30000-s42-t7:  92%|█████████▏| 46/50 [00:33<00:02,  1.35it/s, Saved at =inf, TrLoss=0.1863]
 Training FV-edg30000-s42-t7:  94%|█████████▍| 47/50 [00:34<00:02,  1.37it/s, Saved at =inf, TrLoss=0.1863]
 Training FV-edg30000-s42-t7:  94%|█████████▍| 47/50 [00:34<00:02,  1.37it/s, Saved at =inf, TrLoss=0.1712]
 Training FV-edg30000-s42-t7:  96%|█████████▌| 48/50 [00:34<00:01,  1.38it/s, Saved at =inf, TrLoss=0.1712]
 Training FV-edg30000-s42-t7:  96%|█████████▌| 48/50 [00:35<00:01,  1.38it/s, Saved at =inf, TrLoss=0.1827]
 Training FV-edg30000-s42-t7:  98%|█████████▊| 49/50 [00:35<00:00,  1.44it/s, Saved at =inf, TrLoss=0.1827]
 Training FV-edg30000-s42-t7:  98%|█████████▊| 49/50 [00:35<00:00,  1.44it/s, Saved at =inf, TrLoss=0.1780]
 Training FV-edg30000-s42-t7: 100%|██████████| 50/50 [00:36<00:00,  1.52it/s, Saved at =inf, TrLoss=0.1780]
 Training FV-edg30000-s42-t7: 100%|██████████| 50/50 [00:36<00:00,  1.39it/s, Saved at =inf, TrLoss=0.1780]

 Training FV-edg30000-s42-t8:   0%|          | 0/50 [00:00<?, ?it/s]
 Training FV-edg30000-s42-t8:   0%|          | 0/50 [00:00<?, ?it/s, Saved at =inf, TrLoss=0.7923]
 Training FV-edg30000-s42-t8:   2%|▏         | 1/50 [00:00<00:41,  1.18it/s, Saved at =inf, TrLoss=0.7923]
 Training FV-edg30000-s42-t8:   2%|▏         | 1/50 [00:01<00:41,  1.18it/s, Saved at =inf, TrLoss=0.6436]
 Training FV-edg30000-s42-t8:   4%|▍         | 2/50 [00:01<00:38,  1.26it/s, Saved at =inf, TrLoss=0.6436]
 Training FV-edg30000-s42-t8:   4%|▍         | 2/50 [00:02<00:38,  1.26it/s, Saved at =inf, TrLoss=0.5069]
 Training FV-edg30000-s42-t8:   6%|▌         | 3/50 [00:02<00:38,  1.22it/s, Saved at =inf, TrLoss=0.5069]
 Training FV-edg30000-s42-t8:   6%|▌         | 3/50 [00:02<00:38,  1.22it/s, Saved at =inf, TrLoss=0.4648]
 Training FV-edg30000-s42-t8:   8%|▊         | 4/50 [00:03<00:35,  1.30it/s, Saved at =inf, TrLoss=0.4648]
 Training FV-edg30000-s42-t8:   8%|▊         | 4/50 [00:03<00:35,  1.30it/s, Saved at =inf, TrLoss=0.4650]
 Training FV-edg30000-s42-t8:  10%|█         | 5/50 [00:03<00:33,  1.35it/s, Saved at =inf, TrLoss=0.4650]
 Training FV-edg30000-s42-t8:  10%|█         | 5/50 [00:04<00:33,  1.35it/s, Saved at =inf, TrLoss=0.4190]
 Training FV-edg30000-s42-t8:  12%|█▏        | 6/50 [00:04<00:33,  1.31it/s, Saved at =inf, TrLoss=0.4190]
 Training FV-edg30000-s42-t8:  12%|█▏        | 6/50 [00:05<00:33,  1.31it/s, Saved at =inf, TrLoss=0.3811]
 Training FV-edg30000-s42-t8:  14%|█▍        | 7/50 [00:05<00:32,  1.31it/s, Saved at =inf, TrLoss=0.3811]
 Training FV-edg30000-s42-t8:  14%|█▍        | 7/50 [00:05<00:32,  1.31it/s, Saved at =inf, TrLoss=0.3346]
 Training FV-edg30000-s42-t8:  16%|█▌        | 8/50 [00:06<00:32,  1.31it/s, Saved at =inf, TrLoss=0.3346]
 Training FV-edg30000-s42-t8:  16%|█▌        | 8/50 [00:06<00:32,  1.31it/s, Saved at =inf, TrLoss=0.3180]
 Training FV-edg30000-s42-t8:  18%|█▊        | 9/50 [00:07<00:32,  1.25it/s, Saved at =inf, TrLoss=0.3180]
 Training FV-edg30000-s42-t8:  18%|█▊        | 9/50 [00:07<00:32,  1.25it/s, Saved at =inf, TrLoss=0.3424]
 Training FV-edg30000-s42-t8:  20%|██        | 10/50 [00:07<00:31,  1.27it/s, Saved at =inf, TrLoss=0.3424]
 Training FV-edg30000-s42-t8:  20%|██        | 10/50 [00:08<00:31,  1.27it/s, Saved at =inf, TrLoss=0.3350]
 Training FV-edg30000-s42-t8:  22%|██▏       | 11/50 [00:08<00:30,  1.28it/s, Saved at =inf, TrLoss=0.3350]
 Training FV-edg30000-s42-t8:  22%|██▏       | 11/50 [00:09<00:30,  1.28it/s, Saved at =inf, TrLoss=0.2832]
 Training FV-edg30000-s42-t8:  24%|██▍       | 12/50 [00:09<00:29,  1.29it/s, Saved at =inf, TrLoss=0.2832]
 Training FV-edg30000-s42-t8:  24%|██▍       | 12/50 [00:09<00:29,  1.29it/s, Saved at =inf, TrLoss=0.3046]
 Training FV-edg30000-s42-t8:  26%|██▌       | 13/50 [00:10<00:28,  1.29it/s, Saved at =inf, TrLoss=0.3046]
 Training FV-edg30000-s42-t8:  26%|██▌       | 13/50 [00:10<00:28,  1.29it/s, Saved at =inf, TrLoss=0.2788]
 Training FV-edg30000-s42-t8:  28%|██▊       | 14/50 [00:10<00:27,  1.29it/s, Saved at =inf, TrLoss=0.2788]
 Training FV-edg30000-s42-t8:  28%|██▊       | 14/50 [00:11<00:27,  1.29it/s, Saved at =inf, TrLoss=0.2767]
 Training FV-edg30000-s42-t8:  30%|███       | 15/50 [00:11<00:27,  1.26it/s, Saved at =inf, TrLoss=0.2767]
 Training FV-edg30000-s42-t8:  30%|███       | 15/50 [00:12<00:27,  1.26it/s, Saved at =inf, TrLoss=0.2662]
 Training FV-edg30000-s42-t8:  32%|███▏      | 16/50 [00:12<00:27,  1.24it/s, Saved at =inf, TrLoss=0.2662]
 Training FV-edg30000-s42-t8:  32%|███▏      | 16/50 [00:13<00:27,  1.24it/s, Saved at =inf, TrLoss=0.2566]
 Training FV-edg30000-s42-t8:  34%|███▍      | 17/50 [00:13<00:26,  1.24it/s, Saved at =inf, TrLoss=0.2566]
 Training FV-edg30000-s42-t8:  34%|███▍      | 17/50 [00:13<00:26,  1.24it/s, Saved at =inf, TrLoss=0.2583]
 Training FV-edg30000-s42-t8:  36%|███▌      | 18/50 [00:14<00:25,  1.24it/s, Saved at =inf, TrLoss=0.2583]
 Training FV-edg30000-s42-t8:  36%|███▌      | 18/50 [00:14<00:25,  1.24it/s, Saved at =inf, TrLoss=0.2397]
 Training FV-edg30000-s42-t8:  38%|███▊      | 19/50 [00:15<00:25,  1.20it/s, Saved at =inf, TrLoss=0.2397]
 Training FV-edg30000-s42-t8:  38%|███▊      | 19/50 [00:15<00:25,  1.20it/s, Saved at =inf, TrLoss=0.2438]
 Training FV-edg30000-s42-t8:  40%|████      | 20/50 [00:15<00:25,  1.18it/s, Saved at =inf, TrLoss=0.2438]
 Training FV-edg30000-s42-t8:  40%|████      | 20/50 [00:16<00:25,  1.18it/s, Saved at =inf, TrLoss=0.2267]
 Training FV-edg30000-s42-t8:  42%|████▏     | 21/50 [00:16<00:23,  1.23it/s, Saved at =inf, TrLoss=0.2267]
 Training FV-edg30000-s42-t8:  42%|████▏     | 21/50 [00:17<00:23,  1.23it/s, Saved at =inf, TrLoss=0.2343]
 Training FV-edg30000-s42-t8:  44%|████▍     | 22/50 [00:17<00:22,  1.27it/s, Saved at =inf, TrLoss=0.2343]
 Training FV-edg30000-s42-t8:  44%|████▍     | 22/50 [00:17<00:22,  1.27it/s, Saved at =inf, TrLoss=0.2194]
 Training FV-edg30000-s42-t8:  46%|████▌     | 23/50 [00:18<00:21,  1.26it/s, Saved at =inf, TrLoss=0.2194]
 Training FV-edg30000-s42-t8:  46%|████▌     | 23/50 [00:18<00:21,  1.26it/s, Saved at =inf, TrLoss=0.2282]
 Training FV-edg30000-s42-t8:  48%|████▊     | 24/50 [00:18<00:20,  1.28it/s, Saved at =inf, TrLoss=0.2282]
 Training FV-edg30000-s42-t8:  48%|████▊     | 24/50 [00:19<00:20,  1.28it/s, Saved at =inf, TrLoss=0.2135]
 Training FV-edg30000-s42-t8:  50%|█████     | 25/50 [00:19<00:20,  1.25it/s, Saved at =inf, TrLoss=0.2135]
 Training FV-edg30000-s42-t8:  50%|█████     | 25/50 [00:20<00:20,  1.25it/s, Saved at =inf, TrLoss=0.2196]
 Training FV-edg30000-s42-t8:  52%|█████▏    | 26/50 [00:20<00:19,  1.24it/s, Saved at =inf, TrLoss=0.2196]
 Training FV-edg30000-s42-t8:  52%|█████▏    | 26/50 [00:21<00:19,  1.24it/s, Saved at =inf, TrLoss=0.2084]
 Training FV-edg30000-s42-t8:  54%|█████▍    | 27/50 [00:21<00:19,  1.20it/s, Saved at =inf, TrLoss=0.2084]
 Training FV-edg30000-s42-t8:  54%|█████▍    | 27/50 [00:22<00:19,  1.20it/s, Saved at =inf, TrLoss=0.2114]
 Training FV-edg30000-s42-t8:  56%|█████▌    | 28/50 [00:22<00:18,  1.19it/s, Saved at =inf, TrLoss=0.2114]
 Training FV-edg30000-s42-t8:  56%|█████▌    | 28/50 [00:22<00:18,  1.19it/s, Saved at =inf, TrLoss=0.2063]
 Training FV-edg30000-s42-t8:  58%|█████▊    | 29/50 [00:23<00:17,  1.18it/s, Saved at =inf, TrLoss=0.2063]
 Training FV-edg30000-s42-t8:  58%|█████▊    | 29/50 [00:23<00:17,  1.18it/s, Saved at =inf, TrLoss=0.2031]
 Training FV-edg30000-s42-t8:  60%|██████    | 30/50 [00:24<00:16,  1.22it/s, Saved at =inf, TrLoss=0.2031]
 Training FV-edg30000-s42-t8:  60%|██████    | 30/50 [00:24<00:16,  1.22it/s, Saved at =inf, TrLoss=0.2022]
 Training FV-edg30000-s42-t8:  62%|██████▏   | 31/50 [00:24<00:16,  1.19it/s, Saved at =inf, TrLoss=0.2022]
 Training FV-edg30000-s42-t8:  62%|██████▏   | 31/50 [00:25<00:16,  1.19it/s, Saved at =inf, TrLoss=0.1960]
 Training FV-edg30000-s42-t8:  64%|██████▍   | 32/50 [00:25<00:15,  1.16it/s, Saved at =inf, TrLoss=0.1960]
 Training FV-edg30000-s42-t8:  64%|██████▍   | 32/50 [00:26<00:15,  1.16it/s, Saved at =inf, TrLoss=0.1987]
 Training FV-edg30000-s42-t8:  66%|██████▌   | 33/50 [00:26<00:14,  1.18it/s, Saved at =inf, TrLoss=0.1987]
 Training FV-edg30000-s42-t8:  66%|██████▌   | 33/50 [00:27<00:14,  1.18it/s, Saved at =inf, TrLoss=0.1900]
 Training FV-edg30000-s42-t8:  68%|██████▊   | 34/50 [00:27<00:13,  1.18it/s, Saved at =inf, TrLoss=0.1900]
 Training FV-edg30000-s42-t8:  68%|██████▊   | 34/50 [00:28<00:13,  1.18it/s, Saved at =inf, TrLoss=0.1925]
 Training FV-edg30000-s42-t8:  70%|███████   | 35/50 [00:28<00:12,  1.21it/s, Saved at =inf, TrLoss=0.1925]
 Training FV-edg30000-s42-t8:  70%|███████   | 35/50 [00:28<00:12,  1.21it/s, Saved at =inf, TrLoss=0.1902]
 Training FV-edg30000-s42-t8:  72%|███████▏  | 36/50 [00:28<00:11,  1.25it/s, Saved at =inf, TrLoss=0.1902]
 Training FV-edg30000-s42-t8:  72%|███████▏  | 36/50 [00:29<00:11,  1.25it/s, Saved at =inf, TrLoss=0.1892]
 Training FV-edg30000-s42-t8:  74%|███████▍  | 37/50 [00:29<00:10,  1.30it/s, Saved at =inf, TrLoss=0.1892]
 Training FV-edg30000-s42-t8:  74%|███████▍  | 37/50 [00:30<00:10,  1.30it/s, Saved at =inf, TrLoss=0.1904]
 Training FV-edg30000-s42-t8:  76%|███████▌  | 38/50 [00:30<00:09,  1.31it/s, Saved at =inf, TrLoss=0.1904]
 Training FV-edg30000-s42-t8:  76%|███████▌  | 38/50 [00:30<00:09,  1.31it/s, Saved at =inf, TrLoss=0.1859]
 Training FV-edg30000-s42-t8:  78%|███████▊  | 39/50 [00:31<00:08,  1.27it/s, Saved at =inf, TrLoss=0.1859]
 Training FV-edg30000-s42-t8:  78%|███████▊  | 39/50 [00:31<00:08,  1.27it/s, Saved at =inf, TrLoss=0.1852]
 Training FV-edg30000-s42-t8:  80%|████████  | 40/50 [00:32<00:07,  1.25it/s, Saved at =inf, TrLoss=0.1852]
 Training FV-edg30000-s42-t8:  80%|████████  | 40/50 [00:32<00:07,  1.25it/s, Saved at =inf, TrLoss=0.1845]
 Training FV-edg30000-s42-t8:  82%|████████▏ | 41/50 [00:32<00:07,  1.26it/s, Saved at =inf, TrLoss=0.1845]
 Training FV-edg30000-s42-t8:  82%|████████▏ | 41/50 [00:33<00:07,  1.26it/s, Saved at =inf, TrLoss=0.1836]
 Training FV-edg30000-s42-t8:  84%|████████▍ | 42/50 [00:33<00:06,  1.24it/s, Saved at =inf, TrLoss=0.1836]
 Training FV-edg30000-s42-t8:  84%|████████▍ | 42/50 [00:34<00:06,  1.24it/s, Saved at =inf, TrLoss=0.1829]
 Training FV-edg30000-s42-t8:  86%|████████▌ | 43/50 [00:34<00:05,  1.21it/s, Saved at =inf, TrLoss=0.1829]
 Training FV-edg30000-s42-t8:  86%|████████▌ | 43/50 [00:35<00:05,  1.21it/s, Saved at =inf, TrLoss=0.1785]
 Training FV-edg30000-s42-t8:  88%|████████▊ | 44/50 [00:35<00:04,  1.23it/s, Saved at =inf, TrLoss=0.1785]
 Training FV-edg30000-s42-t8:  88%|████████▊ | 44/50 [00:35<00:04,  1.23it/s, Saved at =inf, TrLoss=0.1799]
 Training FV-edg30000-s42-t8:  90%|█████████ | 45/50 [00:36<00:04,  1.24it/s, Saved at =inf, TrLoss=0.1799]
 Training FV-edg30000-s42-t8:  90%|█████████ | 45/50 [00:36<00:04,  1.24it/s, Saved at =inf, TrLoss=0.1786]
 Training FV-edg30000-s42-t8:  92%|█████████▏| 46/50 [00:36<00:03,  1.28it/s, Saved at =inf, TrLoss=0.1786]
 Training FV-edg30000-s42-t8:  92%|█████████▏| 46/50 [00:37<00:03,  1.28it/s, Saved at =inf, TrLoss=0.1754]
 Training FV-edg30000-s42-t8:  94%|█████████▍| 47/50 [00:37<00:02,  1.31it/s, Saved at =inf, TrLoss=0.1754]
 Training FV-edg30000-s42-t8:  94%|█████████▍| 47/50 [00:38<00:02,  1.31it/s, Saved at =inf, TrLoss=0.1764]
 Training FV-edg30000-s42-t8:  96%|█████████▌| 48/50 [00:38<00:01,  1.33it/s, Saved at =inf, TrLoss=0.1764]
 Training FV-edg30000-s42-t8:  96%|█████████▌| 48/50 [00:38<00:01,  1.33it/s, Saved at =inf, TrLoss=0.1767]
 Training FV-edg30000-s42-t8:  98%|█████████▊| 49/50 [00:39<00:00,  1.36it/s, Saved at =inf, TrLoss=0.1767]
 Training FV-edg30000-s42-t8:  98%|█████████▊| 49/50 [00:39<00:00,  1.36it/s, Saved at =inf, TrLoss=0.1741]
 Training FV-edg30000-s42-t8: 100%|██████████| 50/50 [00:39<00:00,  1.35it/s, Saved at =inf, TrLoss=0.1741]
 Training FV-edg30000-s42-t8: 100%|██████████| 50/50 [00:39<00:00,  1.26it/s, Saved at =inf, TrLoss=0.1741]

 Training FV-edg30000-s42-t9:   0%|          | 0/50 [00:00<?, ?it/s]
 Training FV-edg30000-s42-t9:   0%|          | 0/50 [00:00<?, ?it/s, Saved at =inf, TrLoss=0.7526]
 Training FV-edg30000-s42-t9:   2%|▏         | 1/50 [00:00<00:47,  1.04it/s, Saved at =inf, TrLoss=0.7526]
 Training FV-edg30000-s42-t9:   2%|▏         | 1/50 [00:01<00:47,  1.04it/s, Saved at =inf, TrLoss=0.6121]
 Training FV-edg30000-s42-t9:   4%|▍         | 2/50 [00:01<00:42,  1.12it/s, Saved at =inf, TrLoss=0.6121]
 Training FV-edg30000-s42-t9:   4%|▍         | 2/50 [00:02<00:42,  1.12it/s, Saved at =inf, TrLoss=0.5192]
 Training FV-edg30000-s42-t9:   6%|▌         | 3/50 [00:02<00:40,  1.16it/s, Saved at =inf, TrLoss=0.5192]
 Training FV-edg30000-s42-t9:   6%|▌         | 3/50 [00:03<00:40,  1.16it/s, Saved at =inf, TrLoss=0.4934]
 Training FV-edg30000-s42-t9:   8%|▊         | 4/50 [00:03<00:40,  1.14it/s, Saved at =inf, TrLoss=0.4934]
 Training FV-edg30000-s42-t9:   8%|▊         | 4/50 [00:04<00:40,  1.14it/s, Saved at =inf, TrLoss=0.4643]
 Training FV-edg30000-s42-t9:  10%|█         | 5/50 [00:04<00:40,  1.12it/s, Saved at =inf, TrLoss=0.4643]
 Training FV-edg30000-s42-t9:  10%|█         | 5/50 [00:05<00:40,  1.12it/s, Saved at =inf, TrLoss=0.4424]
 Training FV-edg30000-s42-t9:  12%|█▏        | 6/50 [00:05<00:39,  1.12it/s, Saved at =inf, TrLoss=0.4424]
 Training FV-edg30000-s42-t9:  12%|█▏        | 6/50 [00:05<00:39,  1.12it/s, Saved at =inf, TrLoss=0.4095]
 Training FV-edg30000-s42-t9:  14%|█▍        | 7/50 [00:06<00:37,  1.14it/s, Saved at =inf, TrLoss=0.4095]
 Training FV-edg30000-s42-t9:  14%|█▍        | 7/50 [00:06<00:37,  1.14it/s, Saved at =inf, TrLoss=0.3816]
 Training FV-edg30000-s42-t9:  16%|█▌        | 8/50 [00:07<00:36,  1.16it/s, Saved at =inf, TrLoss=0.3816]
 Training FV-edg30000-s42-t9:  16%|█▌        | 8/50 [00:07<00:36,  1.16it/s, Saved at =inf, TrLoss=0.3629]
 Training FV-edg30000-s42-t9:  18%|█▊        | 9/50 [00:07<00:34,  1.17it/s, Saved at =inf, TrLoss=0.3629]
 Training FV-edg30000-s42-t9:  18%|█▊        | 9/50 [00:08<00:34,  1.17it/s, Saved at =inf, TrLoss=0.3384]
 Training FV-edg30000-s42-t9:  20%|██        | 10/50 [00:08<00:33,  1.18it/s, Saved at =inf, TrLoss=0.3384]
 Training FV-edg30000-s42-t9:  20%|██        | 10/50 [00:09<00:33,  1.18it/s, Saved at =inf, TrLoss=0.3362]
 Training FV-edg30000-s42-t9:  22%|██▏       | 11/50 [00:09<00:33,  1.17it/s, Saved at =inf, TrLoss=0.3362]
 Training FV-edg30000-s42-t9:  22%|██▏       | 11/50 [00:10<00:33,  1.17it/s, Saved at =inf, TrLoss=0.3344]
 Training FV-edg30000-s42-t9:  24%|██▍       | 12/50 [00:10<00:32,  1.18it/s, Saved at =inf, TrLoss=0.3344]
 Training FV-edg30000-s42-t9:  24%|██▍       | 12/50 [00:11<00:32,  1.18it/s, Saved at =inf, TrLoss=0.3047]
 Training FV-edg30000-s42-t9:  26%|██▌       | 13/50 [00:11<00:31,  1.16it/s, Saved at =inf, TrLoss=0.3047]
 Training FV-edg30000-s42-t9:  26%|██▌       | 13/50 [00:11<00:31,  1.16it/s, Saved at =inf, TrLoss=0.2864]
 Training FV-edg30000-s42-t9:  28%|██▊       | 14/50 [00:12<00:31,  1.14it/s, Saved at =inf, TrLoss=0.2864]
 Training FV-edg30000-s42-t9:  28%|██▊       | 14/50 [00:12<00:31,  1.14it/s, Saved at =inf, TrLoss=0.2886]
 Training FV-edg30000-s42-t9:  30%|███       | 15/50 [00:12<00:29,  1.18it/s, Saved at =inf, TrLoss=0.2886]
 Training FV-edg30000-s42-t9:  30%|███       | 15/50 [00:13<00:29,  1.18it/s, Saved at =inf, TrLoss=0.2596]
 Training FV-edg30000-s42-t9:  32%|███▏      | 16/50 [00:13<00:29,  1.17it/s, Saved at =inf, TrLoss=0.2596]
 Training FV-edg30000-s42-t9:  32%|███▏      | 16/50 [00:14<00:29,  1.17it/s, Saved at =inf, TrLoss=0.2571]
 Training FV-edg30000-s42-t9:  34%|███▍      | 17/50 [00:14<00:28,  1.14it/s, Saved at =inf, TrLoss=0.2571]
 Training FV-edg30000-s42-t9:  34%|███▍      | 17/50 [00:15<00:28,  1.14it/s, Saved at =inf, TrLoss=0.2730]
 Training FV-edg30000-s42-t9:  36%|███▌      | 18/50 [00:15<00:27,  1.16it/s, Saved at =inf, TrLoss=0.2730]
 Training FV-edg30000-s42-t9:  36%|███▌      | 18/50 [00:16<00:27,  1.16it/s, Saved at =inf, TrLoss=0.2581]
 Training FV-edg30000-s42-t9:  38%|███▊      | 19/50 [00:16<00:25,  1.19it/s, Saved at =inf, TrLoss=0.2581]
 Training FV-edg30000-s42-t9:  38%|███▊      | 19/50 [00:16<00:25,  1.19it/s, Saved at =inf, TrLoss=0.2304]
 Training FV-edg30000-s42-t9:  40%|████      | 20/50 [00:17<00:25,  1.18it/s, Saved at =inf, TrLoss=0.2304]
 Training FV-edg30000-s42-t9:  40%|████      | 20/50 [00:17<00:25,  1.18it/s, Saved at =inf, TrLoss=0.2470]
 Training FV-edg30000-s42-t9:  42%|████▏     | 21/50 [00:18<00:24,  1.17it/s, Saved at =inf, TrLoss=0.2470]
 Training FV-edg30000-s42-t9:  42%|████▏     | 21/50 [00:18<00:24,  1.17it/s, Saved at =inf, TrLoss=0.2338]
 Training FV-edg30000-s42-t9:  44%|████▍     | 22/50 [00:18<00:24,  1.16it/s, Saved at =inf, TrLoss=0.2338]
 Training FV-edg30000-s42-t9:  44%|████▍     | 22/50 [00:19<00:24,  1.16it/s, Saved at =inf, TrLoss=0.2273]
 Training FV-edg30000-s42-t9:  46%|████▌     | 23/50 [00:19<00:23,  1.14it/s, Saved at =inf, TrLoss=0.2273]
 Training FV-edg30000-s42-t9:  46%|████▌     | 23/50 [00:20<00:23,  1.14it/s, Saved at =inf, TrLoss=0.2326]
 Training FV-edg30000-s42-t9:  48%|████▊     | 24/50 [00:20<00:22,  1.14it/s, Saved at =inf, TrLoss=0.2326]
 Training FV-edg30000-s42-t9:  48%|████▊     | 24/50 [00:21<00:22,  1.14it/s, Saved at =inf, TrLoss=0.2171]
 Training FV-edg30000-s42-t9:  50%|█████     | 25/50 [00:21<00:21,  1.17it/s, Saved at =inf, TrLoss=0.2171]
 Training FV-edg30000-s42-t9:  50%|█████     | 25/50 [00:22<00:21,  1.17it/s, Saved at =inf, TrLoss=0.2272]
 Training FV-edg30000-s42-t9:  52%|█████▏    | 26/50 [00:22<00:20,  1.18it/s, Saved at =inf, TrLoss=0.2272]
 Training FV-edg30000-s42-t9:  52%|█████▏    | 26/50 [00:23<00:20,  1.18it/s, Saved at =inf, TrLoss=0.2182]
 Training FV-edg30000-s42-t9:  54%|█████▍    | 27/50 [00:23<00:19,  1.17it/s, Saved at =inf, TrLoss=0.2182]
 Training FV-edg30000-s42-t9:  54%|█████▍    | 27/50 [00:23<00:19,  1.17it/s, Saved at =inf, TrLoss=0.2157]
 Training FV-edg30000-s42-t9:  56%|█████▌    | 28/50 [00:24<00:18,  1.18it/s, Saved at =inf, TrLoss=0.2157]
 Training FV-edg30000-s42-t9:  56%|█████▌    | 28/50 [00:24<00:18,  1.18it/s, Saved at =inf, TrLoss=0.2223]
 Training FV-edg30000-s42-t9:  58%|█████▊    | 29/50 [00:25<00:18,  1.15it/s, Saved at =inf, TrLoss=0.2223]
 Training FV-edg30000-s42-t9:  58%|█████▊    | 29/50 [00:25<00:18,  1.15it/s, Saved at =inf, TrLoss=0.2075]
 Training FV-edg30000-s42-t9:  60%|██████    | 30/50 [00:25<00:17,  1.14it/s, Saved at =inf, TrLoss=0.2075]
 Training FV-edg30000-s42-t9:  60%|██████    | 30/50 [00:26<00:17,  1.14it/s, Saved at =inf, TrLoss=0.2138]
 Training FV-edg30000-s42-t9:  62%|██████▏   | 31/50 [00:26<00:16,  1.17it/s, Saved at =inf, TrLoss=0.2138]
 Training FV-edg30000-s42-t9:  62%|██████▏   | 31/50 [00:27<00:16,  1.17it/s, Saved at =inf, TrLoss=0.2077]
 Training FV-edg30000-s42-t9:  64%|██████▍   | 32/50 [00:27<00:15,  1.18it/s, Saved at =inf, TrLoss=0.2077]
 Training FV-edg30000-s42-t9:  64%|██████▍   | 32/50 [00:28<00:15,  1.18it/s, Saved at =inf, TrLoss=0.2094]
 Training FV-edg30000-s42-t9:  66%|██████▌   | 33/50 [00:28<00:15,  1.10it/s, Saved at =inf, TrLoss=0.2094]
 Training FV-edg30000-s42-t9:  66%|██████▌   | 33/50 [00:29<00:15,  1.10it/s, Saved at =inf, TrLoss=0.2036]
 Training FV-edg30000-s42-t9:  68%|██████▊   | 34/50 [00:29<00:14,  1.11it/s, Saved at =inf, TrLoss=0.2036]
 Training FV-edg30000-s42-t9:  68%|██████▊   | 34/50 [00:30<00:14,  1.11it/s, Saved at =inf, TrLoss=0.2054]
 Training FV-edg30000-s42-t9:  70%|███████   | 35/50 [00:30<00:13,  1.15it/s, Saved at =inf, TrLoss=0.2054]
 Training FV-edg30000-s42-t9:  70%|███████   | 35/50 [00:30<00:13,  1.15it/s, Saved at =inf, TrLoss=0.2019]
 Training FV-edg30000-s42-t9:  72%|███████▏  | 36/50 [00:31<00:12,  1.13it/s, Saved at =inf, TrLoss=0.2019]
 Training FV-edg30000-s42-t9:  72%|███████▏  | 36/50 [00:31<00:12,  1.13it/s, Saved at =inf, TrLoss=0.2019]
 Training FV-edg30000-s42-t9:  74%|███████▍  | 37/50 [00:32<00:11,  1.16it/s, Saved at =inf, TrLoss=0.2019]
 Training FV-edg30000-s42-t9:  74%|███████▍  | 37/50 [00:32<00:11,  1.16it/s, Saved at =inf, TrLoss=0.2001]
 Training FV-edg30000-s42-t9:  76%|███████▌  | 38/50 [00:32<00:10,  1.18it/s, Saved at =inf, TrLoss=0.2001]
 Training FV-edg30000-s42-t9:  76%|███████▌  | 38/50 [00:33<00:10,  1.18it/s, Saved at =inf, TrLoss=0.1983]
 Training FV-edg30000-s42-t9:  78%|███████▊  | 39/50 [00:33<00:09,  1.14it/s, Saved at =inf, TrLoss=0.1983]
 Training FV-edg30000-s42-t9:  78%|███████▊  | 39/50 [00:34<00:09,  1.14it/s, Saved at =inf, TrLoss=0.1964]
 Training FV-edg30000-s42-t9:  80%|████████  | 40/50 [00:34<00:08,  1.16it/s, Saved at =inf, TrLoss=0.1964]
 Training FV-edg30000-s42-t9:  80%|████████  | 40/50 [00:35<00:08,  1.16it/s, Saved at =inf, TrLoss=0.1946]
 Training FV-edg30000-s42-t9:  82%|████████▏ | 41/50 [00:35<00:07,  1.18it/s, Saved at =inf, TrLoss=0.1946]
 Training FV-edg30000-s42-t9:  82%|████████▏ | 41/50 [00:36<00:07,  1.18it/s, Saved at =inf, TrLoss=0.1947]
 Training FV-edg30000-s42-t9:  84%|████████▍ | 42/50 [00:36<00:06,  1.14it/s, Saved at =inf, TrLoss=0.1947]
 Training FV-edg30000-s42-t9:  84%|████████▍ | 42/50 [00:37<00:06,  1.14it/s, Saved at =inf, TrLoss=0.1922]
 Training FV-edg30000-s42-t9:  86%|████████▌ | 43/50 [00:37<00:06,  1.14it/s, Saved at =inf, TrLoss=0.1922]
 Training FV-edg30000-s42-t9:  86%|████████▌ | 43/50 [00:37<00:06,  1.14it/s, Saved at =inf, TrLoss=0.1909]
 Training FV-edg30000-s42-t9:  88%|████████▊ | 44/50 [00:38<00:05,  1.09it/s, Saved at =inf, TrLoss=0.1909]
 Training FV-edg30000-s42-t9:  88%|████████▊ | 44/50 [00:38<00:05,  1.09it/s, Saved at =inf, TrLoss=0.1927]
 Training FV-edg30000-s42-t9:  90%|█████████ | 45/50 [00:39<00:04,  1.11it/s, Saved at =inf, TrLoss=0.1927]
 Training FV-edg30000-s42-t9:  90%|█████████ | 45/50 [00:39<00:04,  1.11it/s, Saved at =inf, TrLoss=0.1876]
 Training FV-edg30000-s42-t9:  92%|█████████▏| 46/50 [00:40<00:03,  1.10it/s, Saved at =inf, TrLoss=0.1876]
 Training FV-edg30000-s42-t9:  92%|█████████▏| 46/50 [00:40<00:03,  1.10it/s, Saved at =inf, TrLoss=0.1876]
 Training FV-edg30000-s42-t9:  94%|█████████▍| 47/50 [00:40<00:02,  1.11it/s, Saved at =inf, TrLoss=0.1876]
 Training FV-edg30000-s42-t9:  94%|█████████▍| 47/50 [00:41<00:02,  1.11it/s, Saved at =inf, TrLoss=0.1863]
 Training FV-edg30000-s42-t9:  96%|█████████▌| 48/50 [00:41<00:01,  1.11it/s, Saved at =inf, TrLoss=0.1863]
 Training FV-edg30000-s42-t9:  96%|█████████▌| 48/50 [00:42<00:01,  1.11it/s, Saved at =inf, TrLoss=0.1876]
 Training FV-edg30000-s42-t9:  98%|█████████▊| 49/50 [00:42<00:00,  1.11it/s, Saved at =inf, TrLoss=0.1876]
 Training FV-edg30000-s42-t9:  98%|█████████▊| 49/50 [00:43<00:00,  1.11it/s, Saved at =inf, TrLoss=0.1851]
 Training FV-edg30000-s42-t9: 100%|██████████| 50/50 [00:43<00:00,  1.11it/s, Saved at =inf, TrLoss=0.1851]
 Training FV-edg30000-s42-t9: 100%|██████████| 50/50 [00:43<00:00,  1.15it/s, Saved at =inf, TrLoss=0.1851]

 Training ATK-edg30000-s42-t7:   0%|          | 0/50 [00:00<?, ?it/s]
 Training ATK-edg30000-s42-t7:   0%|          | 0/50 [00:00<?, ?it/s, Saved at =inf, TrLoss=0.8029]
 Training ATK-edg30000-s42-t7:   2%|▏         | 1/50 [00:00<00:27,  1.77it/s, Saved at =inf, TrLoss=0.8029]
 Training ATK-edg30000-s42-t7:   2%|▏         | 1/50 [00:00<00:27,  1.77it/s, Saved at =inf, TrLoss=0.6876]
 Training ATK-edg30000-s42-t7:   4%|▍         | 2/50 [00:01<00:27,  1.77it/s, Saved at =inf, TrLoss=0.6876]
 Training ATK-edg30000-s42-t7:   4%|▍         | 2/50 [00:01<00:27,  1.77it/s, Saved at =inf, TrLoss=0.5102]
 Training ATK-edg30000-s42-t7:   6%|▌         | 3/50 [00:01<00:27,  1.70it/s, Saved at =inf, TrLoss=0.5102]
 Training ATK-edg30000-s42-t7:   6%|▌         | 3/50 [00:02<00:27,  1.70it/s, Saved at =inf, TrLoss=0.4843]
 Training ATK-edg30000-s42-t7:   8%|▊         | 4/50 [00:02<00:26,  1.73it/s, Saved at =inf, TrLoss=0.4843]
 Training ATK-edg30000-s42-t7:   8%|▊         | 4/50 [00:02<00:26,  1.73it/s, Saved at =inf, TrLoss=0.4316]
 Training ATK-edg30000-s42-t7:  10%|█         | 5/50 [00:02<00:25,  1.74it/s, Saved at =inf, TrLoss=0.4316]
 Training ATK-edg30000-s42-t7:  10%|█         | 5/50 [00:03<00:25,  1.74it/s, Saved at =inf, TrLoss=0.4069]
 Training ATK-edg30000-s42-t7:  12%|█▏        | 6/50 [00:03<00:25,  1.71it/s, Saved at =inf, TrLoss=0.4069]
 Training ATK-edg30000-s42-t7:  12%|█▏        | 6/50 [00:03<00:25,  1.71it/s, Saved at =inf, TrLoss=0.3515]
 Training ATK-edg30000-s42-t7:  14%|█▍        | 7/50 [00:04<00:25,  1.65it/s, Saved at =inf, TrLoss=0.3515]
 Training ATK-edg30000-s42-t7:  14%|█▍        | 7/50 [00:04<00:25,  1.65it/s, Saved at =inf, TrLoss=0.3422]
 Training ATK-edg30000-s42-t7:  16%|█▌        | 8/50 [00:04<00:25,  1.64it/s, Saved at =inf, TrLoss=0.3422]
 Training ATK-edg30000-s42-t7:  16%|█▌        | 8/50 [00:05<00:25,  1.64it/s, Saved at =inf, TrLoss=0.3129]
 Training ATK-edg30000-s42-t7:  18%|█▊        | 9/50 [00:05<00:25,  1.62it/s, Saved at =inf, TrLoss=0.3129]
 Training ATK-edg30000-s42-t7:  18%|█▊        | 9/50 [00:05<00:25,  1.62it/s, Saved at =inf, TrLoss=0.3190]
 Training ATK-edg30000-s42-t7:  20%|██        | 10/50 [00:06<00:24,  1.61it/s, Saved at =inf, TrLoss=0.3190]
 Training ATK-edg30000-s42-t7:  20%|██        | 10/50 [00:06<00:24,  1.61it/s, Saved at =inf, TrLoss=0.2855]
 Training ATK-edg30000-s42-t7:  22%|██▏       | 11/50 [00:06<00:25,  1.56it/s, Saved at =inf, TrLoss=0.2855]
 Training ATK-edg30000-s42-t7:  22%|██▏       | 11/50 [00:07<00:25,  1.56it/s, Saved at =inf, TrLoss=0.2927]
 Training ATK-edg30000-s42-t7:  24%|██▍       | 12/50 [00:07<00:24,  1.53it/s, Saved at =inf, TrLoss=0.2927]
 Training ATK-edg30000-s42-t7:  24%|██▍       | 12/50 [00:07<00:24,  1.53it/s, Saved at =inf, TrLoss=0.2828]
 Training ATK-edg30000-s42-t7:  26%|██▌       | 13/50 [00:08<00:25,  1.47it/s, Saved at =inf, TrLoss=0.2828]
 Training ATK-edg30000-s42-t7:  26%|██▌       | 13/50 [00:08<00:25,  1.47it/s, Saved at =inf, TrLoss=0.2829]
 Training ATK-edg30000-s42-t7:  28%|██▊       | 14/50 [00:08<00:25,  1.41it/s, Saved at =inf, TrLoss=0.2829]
 Training ATK-edg30000-s42-t7:  28%|██▊       | 14/50 [00:09<00:25,  1.41it/s, Saved at =inf, TrLoss=0.2661]
 Training ATK-edg30000-s42-t7:  30%|███       | 15/50 [00:09<00:25,  1.38it/s, Saved at =inf, TrLoss=0.2661]
 Training ATK-edg30000-s42-t7:  30%|███       | 15/50 [00:10<00:25,  1.38it/s, Saved at =inf, TrLoss=0.2577]
 Training ATK-edg30000-s42-t7:  32%|███▏      | 16/50 [00:10<00:24,  1.37it/s, Saved at =inf, TrLoss=0.2577]
 Training ATK-edg30000-s42-t7:  32%|███▏      | 16/50 [00:10<00:24,  1.37it/s, Saved at =inf, TrLoss=0.2475]
 Training ATK-edg30000-s42-t7:  34%|███▍      | 17/50 [00:11<00:24,  1.36it/s, Saved at =inf, TrLoss=0.2475]
 Training ATK-edg30000-s42-t7:  34%|███▍      | 17/50 [00:11<00:24,  1.36it/s, Saved at =inf, TrLoss=0.2430]
 Training ATK-edg30000-s42-t7:  36%|███▌      | 18/50 [00:12<00:24,  1.29it/s, Saved at =inf, TrLoss=0.2430]
 Training ATK-edg30000-s42-t7:  36%|███▌      | 18/50 [00:12<00:24,  1.29it/s, Saved at =inf, TrLoss=0.2384]
 Training ATK-edg30000-s42-t7:  38%|███▊      | 19/50 [00:12<00:23,  1.30it/s, Saved at =inf, TrLoss=0.2384]
 Training ATK-edg30000-s42-t7:  38%|███▊      | 19/50 [00:13<00:23,  1.30it/s, Saved at =inf, TrLoss=0.2301]
 Training ATK-edg30000-s42-t7:  40%|████      | 20/50 [00:13<00:22,  1.33it/s, Saved at =inf, TrLoss=0.2301]
 Training ATK-edg30000-s42-t7:  40%|████      | 20/50 [00:13<00:22,  1.33it/s, Saved at =inf, TrLoss=0.2292]
 Training ATK-edg30000-s42-t7:  42%|████▏     | 21/50 [00:14<00:22,  1.32it/s, Saved at =inf, TrLoss=0.2292]
 Training ATK-edg30000-s42-t7:  42%|████▏     | 21/50 [00:14<00:22,  1.32it/s, Saved at =inf, TrLoss=0.2176]
 Training ATK-edg30000-s42-t7:  44%|████▍     | 22/50 [00:15<00:21,  1.29it/s, Saved at =inf, TrLoss=0.2176]
 Training ATK-edg30000-s42-t7:  44%|████▍     | 22/50 [00:15<00:21,  1.29it/s, Saved at =inf, TrLoss=0.2170]
 Training ATK-edg30000-s42-t7:  46%|████▌     | 23/50 [00:15<00:20,  1.34it/s, Saved at =inf, TrLoss=0.2170]
 Training ATK-edg30000-s42-t7:  46%|████▌     | 23/50 [00:16<00:20,  1.34it/s, Saved at =inf, TrLoss=0.2136]
 Training ATK-edg30000-s42-t7:  48%|████▊     | 24/50 [00:16<00:18,  1.41it/s, Saved at =inf, TrLoss=0.2136]
 Training ATK-edg30000-s42-t7:  48%|████▊     | 24/50 [00:16<00:18,  1.41it/s, Saved at =inf, TrLoss=0.2074]
 Training ATK-edg30000-s42-t7:  50%|█████     | 25/50 [00:16<00:16,  1.50it/s, Saved at =inf, TrLoss=0.2074]
 Training ATK-edg30000-s42-t7:  50%|█████     | 25/50 [00:17<00:16,  1.50it/s, Saved at =inf, TrLoss=0.2062]
 Training ATK-edg30000-s42-t7:  52%|█████▏    | 26/50 [00:17<00:15,  1.51it/s, Saved at =inf, TrLoss=0.2062]
 Training ATK-edg30000-s42-t7:  52%|█████▏    | 26/50 [00:18<00:15,  1.51it/s, Saved at =inf, TrLoss=0.2016]
 Training ATK-edg30000-s42-t7:  54%|█████▍    | 27/50 [00:18<00:15,  1.45it/s, Saved at =inf, TrLoss=0.2016]
 Training ATK-edg30000-s42-t7:  54%|█████▍    | 27/50 [00:18<00:15,  1.45it/s, Saved at =inf, TrLoss=0.1959]
 Training ATK-edg30000-s42-t7:  56%|█████▌    | 28/50 [00:19<00:15,  1.44it/s, Saved at =inf, TrLoss=0.1959]
 Training ATK-edg30000-s42-t7:  56%|█████▌    | 28/50 [00:19<00:15,  1.44it/s, Saved at =inf, TrLoss=0.1952]
 Training ATK-edg30000-s42-t7:  58%|█████▊    | 29/50 [00:19<00:14,  1.42it/s, Saved at =inf, TrLoss=0.1952]
 Training ATK-edg30000-s42-t7:  58%|█████▊    | 29/50 [00:20<00:14,  1.42it/s, Saved at =inf, TrLoss=0.1923]
 Training ATK-edg30000-s42-t7:  60%|██████    | 30/50 [00:20<00:14,  1.41it/s, Saved at =inf, TrLoss=0.1923]
 Training ATK-edg30000-s42-t7:  60%|██████    | 30/50 [00:20<00:14,  1.41it/s, Saved at =inf, TrLoss=0.1890]
 Training ATK-edg30000-s42-t7:  62%|██████▏   | 31/50 [00:21<00:13,  1.43it/s, Saved at =inf, TrLoss=0.1890]
 Training ATK-edg30000-s42-t7:  62%|██████▏   | 31/50 [00:21<00:13,  1.43it/s, Saved at =inf, TrLoss=0.1903]
 Training ATK-edg30000-s42-t7:  64%|██████▍   | 32/50 [00:21<00:12,  1.44it/s, Saved at =inf, TrLoss=0.1903]
 Training ATK-edg30000-s42-t7:  64%|██████▍   | 32/50 [00:22<00:12,  1.44it/s, Saved at =inf, TrLoss=0.1871]
 Training ATK-edg30000-s42-t7:  66%|██████▌   | 33/50 [00:22<00:11,  1.43it/s, Saved at =inf, TrLoss=0.1871]
 Training ATK-edg30000-s42-t7:  66%|██████▌   | 33/50 [00:23<00:11,  1.43it/s, Saved at =inf, TrLoss=0.1859]
 Training ATK-edg30000-s42-t7:  68%|██████▊   | 34/50 [00:23<00:11,  1.39it/s, Saved at =inf, TrLoss=0.1859]
 Training ATK-edg30000-s42-t7:  68%|██████▊   | 34/50 [00:23<00:11,  1.39it/s, Saved at =inf, TrLoss=0.1846]
 Training ATK-edg30000-s42-t7:  70%|███████   | 35/50 [00:24<00:11,  1.33it/s, Saved at =inf, TrLoss=0.1846]
 Training ATK-edg30000-s42-t7:  70%|███████   | 35/50 [00:24<00:11,  1.33it/s, Saved at =inf, TrLoss=0.1842]
 Training ATK-edg30000-s42-t7:  72%|███████▏  | 36/50 [00:24<00:10,  1.40it/s, Saved at =inf, TrLoss=0.1842]
 Training ATK-edg30000-s42-t7:  72%|███████▏  | 36/50 [00:25<00:10,  1.40it/s, Saved at =inf, TrLoss=0.1828]
 Training ATK-edg30000-s42-t7:  74%|███████▍  | 37/50 [00:25<00:09,  1.41it/s, Saved at =inf, TrLoss=0.1828]
 Training ATK-edg30000-s42-t7:  74%|███████▍  | 37/50 [00:25<00:09,  1.41it/s, Saved at =inf, TrLoss=0.1822]
 Training ATK-edg30000-s42-t7:  76%|███████▌  | 38/50 [00:26<00:08,  1.46it/s, Saved at =inf, TrLoss=0.1822]
 Training ATK-edg30000-s42-t7:  76%|███████▌  | 38/50 [00:26<00:08,  1.46it/s, Saved at =inf, TrLoss=0.1816]
 Training ATK-edg30000-s42-t7:  78%|███████▊  | 39/50 [00:26<00:07,  1.46it/s, Saved at =inf, TrLoss=0.1816]
 Training ATK-edg30000-s42-t7:  78%|███████▊  | 39/50 [00:27<00:07,  1.46it/s, Saved at =inf, TrLoss=0.1790]
 Training ATK-edg30000-s42-t7:  80%|████████  | 40/50 [00:27<00:06,  1.46it/s, Saved at =inf, TrLoss=0.1790]
 Training ATK-edg30000-s42-t7:  80%|████████  | 40/50 [00:27<00:06,  1.46it/s, Saved at =inf, TrLoss=0.1794]
 Training ATK-edg30000-s42-t7:  82%|████████▏ | 41/50 [00:28<00:06,  1.47it/s, Saved at =inf, TrLoss=0.1794]
 Training ATK-edg30000-s42-t7:  82%|████████▏ | 41/50 [00:28<00:06,  1.47it/s, Saved at =inf, TrLoss=0.1780]
 Training ATK-edg30000-s42-t7:  84%|████████▍ | 42/50 [00:28<00:05,  1.44it/s, Saved at =inf, TrLoss=0.1780]
 Training ATK-edg30000-s42-t7:  84%|████████▍ | 42/50 [00:29<00:05,  1.44it/s, Saved at =inf, TrLoss=0.1758]
 Training ATK-edg30000-s42-t7:  86%|████████▌ | 43/50 [00:29<00:04,  1.44it/s, Saved at =inf, TrLoss=0.1758]
 Training ATK-edg30000-s42-t7:  86%|████████▌ | 43/50 [00:30<00:04,  1.44it/s, Saved at =inf, TrLoss=0.1772]
 Training ATK-edg30000-s42-t7:  88%|████████▊ | 44/50 [00:30<00:04,  1.42it/s, Saved at =inf, TrLoss=0.1772]
 Training ATK-edg30000-s42-t7:  88%|████████▊ | 44/50 [00:30<00:04,  1.42it/s, Saved at =inf, TrLoss=0.1820]
 Training ATK-edg30000-s42-t7:  90%|█████████ | 45/50 [00:31<00:03,  1.38it/s, Saved at =inf, TrLoss=0.1820]
 Training ATK-edg30000-s42-t7:  90%|█████████ | 45/50 [00:31<00:03,  1.38it/s, Saved at =inf, TrLoss=0.1923]
 Training ATK-edg30000-s42-t7:  92%|█████████▏| 46/50 [00:31<00:02,  1.40it/s, Saved at =inf, TrLoss=0.1923]
 Training ATK-edg30000-s42-t7:  92%|█████████▏| 46/50 [00:32<00:02,  1.40it/s, Saved at =inf, TrLoss=0.1863]
 Training ATK-edg30000-s42-t7:  94%|█████████▍| 47/50 [00:32<00:02,  1.41it/s, Saved at =inf, TrLoss=0.1863]
 Training ATK-edg30000-s42-t7:  94%|█████████▍| 47/50 [00:32<00:02,  1.41it/s, Saved at =inf, TrLoss=0.1712]
 Training ATK-edg30000-s42-t7:  96%|█████████▌| 48/50 [00:33<00:01,  1.42it/s, Saved at =inf, TrLoss=0.1712]
 Training ATK-edg30000-s42-t7:  96%|█████████▌| 48/50 [00:33<00:01,  1.42it/s, Saved at =inf, TrLoss=0.1827]
 Training ATK-edg30000-s42-t7:  98%|█████████▊| 49/50 [00:33<00:00,  1.45it/s, Saved at =inf, TrLoss=0.1827]
 Training ATK-edg30000-s42-t7:  98%|█████████▊| 49/50 [00:34<00:00,  1.45it/s, Saved at =inf, TrLoss=0.1780]
 Training ATK-edg30000-s42-t7: 100%|██████████| 50/50 [00:34<00:00,  1.50it/s, Saved at =inf, TrLoss=0.1780]
 Training ATK-edg30000-s42-t7: 100%|██████████| 50/50 [00:34<00:00,  1.45it/s, Saved at =inf, TrLoss=0.1780]
[07:38:48]   MCC=0.605±0.067, AUC=0.896±0.029, BAcc=0.811±0.036
[07:38:58]   20 targets (moderate+low), C=50
[07:39:46]   [1/20] t=1663  appended ΔR=+0.0019 (lblΔ=3.6e-09)  processed ΔR=-0.0398 (lblΔ=0.049)  ρ(grad,proc)=+0.205
[07:40:35]   [2/20] t=2797  appended ΔR=+0.0024 (lblΔ=6.2e-08)  processed ΔR=-0.0100 (lblΔ=0.014)  ρ(grad,proc)=-0.809
[07:41:23]   [3/20] t=3884  appended ΔR=+0.0030 (lblΔ=7.2e-09)  processed ΔR=+0.0490 (lblΔ=0.005)  ρ(grad,proc)=+0.217
[07:42:12]   [4/20] t=4339  appended ΔR=-0.0011 (lblΔ=5.8e-08)  processed ΔR=-0.0943 (lblΔ=0.100)  ρ(grad,proc)=-0.662
[07:43:00]   [5/20] t=4498  appended ΔR=+0.0030 (lblΔ=6.7e-08)  processed ΔR=-0.0660 (lblΔ=0.080)  ρ(grad,proc)=-0.825
[07:43:49]   [6/20] t=4746  appended ΔR=+0.0043 (lblΔ=6.8e-08)  processed ΔR=+0.0151 (lblΔ=0.032)  ρ(grad,proc)=-0.811
[07:44:37]   [7/20] t=5944  appended ΔR=-0.0037 (lblΔ=4.8e-09)  processed ΔR=-0.0330 (lblΔ=0.062)  ρ(grad,proc)=-0.596
[07:45:27]   [8/20] t=6635  appended ΔR=+0.0016 (lblΔ=1.2e-07)  processed ΔR=-0.0173 (lblΔ=0.074)  ρ(grad,proc)=-0.692
[07:46:15]   [9/20] t=16502  appended ΔR=+0.0014 (lblΔ=6.4e-08)  processed ΔR=-0.0379 (lblΔ=0.041)  ρ(grad,proc)=-0.606
[07:47:04]   [10/20] t=7  appended ΔR=+0.0009 (lblΔ=1.5e-08)  processed ΔR=-0.0147 (lblΔ=0.025)  ρ(grad,proc)=-0.577
[07:47:52]   [11/20] t=3192  appended ΔR=+0.0015 (lblΔ=1.7e-08)  processed ΔR=-0.0290 (lblΔ=0.084)  ρ(grad,proc)=-0.599
[07:48:41]   [12/20] t=13  appended ΔR=+0.0056 (lblΔ=1.3e-08)  processed ΔR=-0.0384 (lblΔ=0.063)  ρ(grad,proc)=-0.799
[07:49:30]   [13/20] t=118  appended ΔR=+0.0021 (lblΔ=6.0e-09)  processed ΔR=-0.0321 (lblΔ=0.038)  ρ(grad,proc)=-0.399
[07:50:18]   [14/20] t=9675  appended ΔR=+0.0101 (lblΔ=5.6e-08)  processed ΔR=+0.0017 (lblΔ=0.010)  ρ(grad,proc)=-0.898
[07:51:07]   [15/20] t=10296  appended ΔR=+0.0097 (lblΔ=5.8e-08)  processed ΔR=-0.0206 (lblΔ=0.078)  ρ(grad,proc)=-0.774
[07:51:55]   [16/20] t=14305  appended ΔR=+0.0078 (lblΔ=1.1e-08)  processed ΔR=-0.0415 (lblΔ=0.051)  ρ(grad,proc)=-0.916
[07:52:43]   [17/20] t=19023  appended ΔR=+0.0061 (lblΔ=1.2e-08)  processed ΔR=-0.0405 (lblΔ=0.051)  ρ(grad,proc)=-0.855
[07:53:32]   [18/20] t=8864  appended ΔR=+0.0060 (lblΔ=1.5e-08)  processed ΔR=-0.0132 (lblΔ=0.019)  ρ(grad,proc)=-0.876
[07:54:20]   [19/20] t=14783  appended ΔR=+0.0120 (lblΔ=3.8e-08)  processed ΔR=-0.0135 (lblΔ=0.035)  ρ(grad,proc)=-0.831
[07:55:08]   [20/20] t=1675  appended ΔR=+0.0039 (lblΔ=1.2e-07)  processed ΔR=-0.0148 (lblΔ=0.091)  ρ(grad,proc)=-0.896
[07:55:08] 
  SUMMARY [edg30000]
[07:55:08]     appended  (paper):  mean ΔR=+0.0039   label-Δ=4.07e-08  (≈0 => label ignored)
[07:55:08]     processed (real) :  mean ΔR=-0.0245   label-Δ=0.050  (large => true distrust attack)
[07:55:08]     ρ(grad, processed-cf) = -0.650   ρ(grad, appended-cf) = -0.686
[07:55:09] 
Saved paper/results/unified/p0_linchpin_edg.json
[07:55:09] 
================================================================
  GATE VERDICT
================================================================
[07:55:09]   edg30000: processed ΔR=-0.0245 vs appended +0.0039; ρ(grad,proc)=-0.650 => REVIEW
