<ps-env>/lib/python3.10/site-packages/networkx/utils/backends.py:563: RuntimeWarning: Error encountered when loading info for backend cugraph: No module named '_nx_cugraph'
  backend_info.update(_get_backends("networkx.backend_info", load_and_call=True))
[06:17:25] 
################################################################
#  REVIEWER REBUTTAL — otc
################################################################
[06:17:25] Training GDTE on otc (seed=42)...

 Training FV-otc-s42-t2:   0%|          | 0/50 [00:00<?, ?it/s]
 Training FV-otc-s42-t2:   0%|          | 0/50 [00:00<?, ?it/s, Saved at =inf, TrLoss=0.7166]
 Training FV-otc-s42-t2:   2%|▏         | 1/50 [00:00<00:19,  2.51it/s, Saved at =inf, TrLoss=0.7166]
 Training FV-otc-s42-t2:   2%|▏         | 1/50 [00:00<00:19,  2.51it/s, Saved at =inf, TrLoss=0.5475]
 Training FV-otc-s42-t2:   2%|▏         | 1/50 [00:00<00:19,  2.51it/s, Saved at =inf, TrLoss=0.4565]
 Training FV-otc-s42-t2:   2%|▏         | 1/50 [00:00<00:19,  2.51it/s, Saved at =inf, TrLoss=0.4664]
 Training FV-otc-s42-t2:   8%|▊         | 4/50 [00:00<00:04,  9.71it/s, Saved at =inf, TrLoss=0.4664]
 Training FV-otc-s42-t2:   8%|▊         | 4/50 [00:00<00:04,  9.71it/s, Saved at =inf, TrLoss=0.3041]
 Training FV-otc-s42-t2:   8%|▊         | 4/50 [00:00<00:04,  9.71it/s, Saved at =inf, TrLoss=0.2621]
 Training FV-otc-s42-t2:   8%|▊         | 4/50 [00:00<00:04,  9.71it/s, Saved at =inf, TrLoss=0.2439]
 Training FV-otc-s42-t2:   8%|▊         | 4/50 [00:00<00:04,  9.71it/s, Saved at =inf, TrLoss=0.2127]
 Training FV-otc-s42-t2:  16%|█▌        | 8/50 [00:00<00:02, 16.66it/s, Saved at =inf, TrLoss=0.2127]
 Training FV-otc-s42-t2:  16%|█▌        | 8/50 [00:00<00:02, 16.66it/s, Saved at =inf, TrLoss=0.2005]
 Training FV-otc-s42-t2:  16%|█▌        | 8/50 [00:00<00:02, 16.66it/s, Saved at =inf, TrLoss=0.1819]
 Training FV-otc-s42-t2:  16%|█▌        | 8/50 [00:00<00:02, 16.66it/s, Saved at =inf, TrLoss=0.1937]
 Training FV-otc-s42-t2:  16%|█▌        | 8/50 [00:00<00:02, 16.66it/s, Saved at =inf, TrLoss=0.1659]
 Training FV-otc-s42-t2:  24%|██▍       | 12/50 [00:00<00:01, 21.25it/s, Saved at =inf, TrLoss=0.1659]
 Training FV-otc-s42-t2:  24%|██▍       | 12/50 [00:00<00:01, 21.25it/s, Saved at =inf, TrLoss=0.1853]
 Training FV-otc-s42-t2:  24%|██▍       | 12/50 [00:00<00:01, 21.25it/s, Saved at =inf, TrLoss=0.1716]
 Training FV-otc-s42-t2:  24%|██▍       | 12/50 [00:00<00:01, 21.25it/s, Saved at =inf, TrLoss=0.1648]
 Training FV-otc-s42-t2:  24%|██▍       | 12/50 [00:00<00:01, 21.25it/s, Saved at =inf, TrLoss=0.1360]
 Training FV-otc-s42-t2:  32%|███▏      | 16/50 [00:00<00:01, 24.35it/s, Saved at =inf, TrLoss=0.1360]
 Training FV-otc-s42-t2:  32%|███▏      | 16/50 [00:00<00:01, 24.35it/s, Saved at =inf, TrLoss=0.1428]
 Training FV-otc-s42-t2:  32%|███▏      | 16/50 [00:00<00:01, 24.35it/s, Saved at =inf, TrLoss=0.1449]
 Training FV-otc-s42-t2:  32%|███▏      | 16/50 [00:00<00:01, 24.35it/s, Saved at =inf, TrLoss=0.1301]
 Training FV-otc-s42-t2:  32%|███▏      | 16/50 [00:01<00:01, 24.35it/s, Saved at =inf, TrLoss=0.1274]
 Training FV-otc-s42-t2:  40%|████      | 20/50 [00:01<00:01, 26.45it/s, Saved at =inf, TrLoss=0.1274]
 Training FV-otc-s42-t2:  40%|████      | 20/50 [00:01<00:01, 26.45it/s, Saved at =inf, TrLoss=0.1132]
 Training FV-otc-s42-t2:  40%|████      | 20/50 [00:01<00:01, 26.45it/s, Saved at =inf, TrLoss=0.1381]
 Training FV-otc-s42-t2:  40%|████      | 20/50 [00:01<00:01, 26.45it/s, Saved at =inf, TrLoss=0.1426]
 Training FV-otc-s42-t2:  40%|████      | 20/50 [00:01<00:01, 26.45it/s, Saved at =inf, TrLoss=0.1545]
 Training FV-otc-s42-t2:  48%|████▊     | 24/50 [00:01<00:00, 27.90it/s, Saved at =inf, TrLoss=0.1545]
 Training FV-otc-s42-t2:  48%|████▊     | 24/50 [00:01<00:00, 27.90it/s, Saved at =inf, TrLoss=0.1197]
 Training FV-otc-s42-t2:  48%|████▊     | 24/50 [00:01<00:00, 27.90it/s, Saved at =inf, TrLoss=0.1561]
 Training FV-otc-s42-t2:  48%|████▊     | 24/50 [00:01<00:00, 27.90it/s, Saved at =inf, TrLoss=0.1100]
 Training FV-otc-s42-t2:  48%|████▊     | 24/50 [00:01<00:00, 27.90it/s, Saved at =inf, TrLoss=0.1477]
 Training FV-otc-s42-t2:  56%|█████▌    | 28/50 [00:01<00:00, 28.89it/s, Saved at =inf, TrLoss=0.1477]
 Training FV-otc-s42-t2:  56%|█████▌    | 28/50 [00:01<00:00, 28.89it/s, Saved at =inf, TrLoss=0.1211]
 Training FV-otc-s42-t2:  56%|█████▌    | 28/50 [00:01<00:00, 28.89it/s, Saved at =inf, TrLoss=0.1001]
 Training FV-otc-s42-t2:  56%|█████▌    | 28/50 [00:01<00:00, 28.89it/s, Saved at =inf, TrLoss=0.0955]
 Training FV-otc-s42-t2:  56%|█████▌    | 28/50 [00:01<00:00, 28.89it/s, Saved at =inf, TrLoss=0.0998]
 Training FV-otc-s42-t2:  64%|██████▍   | 32/50 [00:01<00:00, 29.59it/s, Saved at =inf, TrLoss=0.0998]
 Training FV-otc-s42-t2:  64%|██████▍   | 32/50 [00:01<00:00, 29.59it/s, Saved at =inf, TrLoss=0.0999]
 Training FV-otc-s42-t2:  64%|██████▍   | 32/50 [00:01<00:00, 29.59it/s, Saved at =inf, TrLoss=0.1059]
 Training FV-otc-s42-t2:  64%|██████▍   | 32/50 [00:01<00:00, 29.59it/s, Saved at =inf, TrLoss=0.0818]
 Training FV-otc-s42-t2:  64%|██████▍   | 32/50 [00:01<00:00, 29.59it/s, Saved at =inf, TrLoss=0.0888]
 Training FV-otc-s42-t2:  72%|███████▏  | 36/50 [00:01<00:00, 30.06it/s, Saved at =inf, TrLoss=0.0888]
 Training FV-otc-s42-t2:  72%|███████▏  | 36/50 [00:01<00:00, 30.06it/s, Saved at =inf, TrLoss=0.0775]
 Training FV-otc-s42-t2:  72%|███████▏  | 36/50 [00:01<00:00, 30.06it/s, Saved at =inf, TrLoss=0.0803]
 Training FV-otc-s42-t2:  72%|███████▏  | 36/50 [00:01<00:00, 30.06it/s, Saved at =inf, TrLoss=0.0659]
 Training FV-otc-s42-t2:  72%|███████▏  | 36/50 [00:01<00:00, 30.06it/s, Saved at =inf, TrLoss=0.0807]
 Training FV-otc-s42-t2:  80%|████████  | 40/50 [00:01<00:00, 30.40it/s, Saved at =inf, TrLoss=0.0807]
 Training FV-otc-s42-t2:  80%|████████  | 40/50 [00:01<00:00, 30.40it/s, Saved at =inf, TrLoss=0.0765]
 Training FV-otc-s42-t2:  80%|████████  | 40/50 [00:01<00:00, 30.40it/s, Saved at =inf, TrLoss=0.0715]
 Training FV-otc-s42-t2:  80%|████████  | 40/50 [00:01<00:00, 30.40it/s, Saved at =inf, TrLoss=0.0706]
 Training FV-otc-s42-t2:  80%|████████  | 40/50 [00:01<00:00, 30.40it/s, Saved at =inf, TrLoss=0.0752]
 Training FV-otc-s42-t2:  88%|████████▊ | 44/50 [00:01<00:00, 30.64it/s, Saved at =inf, TrLoss=0.0752]
 Training FV-otc-s42-t2:  88%|████████▊ | 44/50 [00:01<00:00, 30.64it/s, Saved at =inf, TrLoss=0.0783]
 Training FV-otc-s42-t2:  88%|████████▊ | 44/50 [00:01<00:00, 30.64it/s, Saved at =inf, TrLoss=0.0620]
 Training FV-otc-s42-t2:  88%|████████▊ | 44/50 [00:01<00:00, 30.64it/s, Saved at =inf, TrLoss=0.0691]
 Training FV-otc-s42-t2:  88%|████████▊ | 44/50 [00:01<00:00, 30.64it/s, Saved at =inf, TrLoss=0.0604]
 Training FV-otc-s42-t2:  96%|█████████▌| 48/50 [00:01<00:00, 30.76it/s, Saved at =inf, TrLoss=0.0604]
 Training FV-otc-s42-t2:  96%|█████████▌| 48/50 [00:01<00:00, 30.76it/s, Saved at =inf, TrLoss=0.1090]
 Training FV-otc-s42-t2:  96%|█████████▌| 48/50 [00:01<00:00, 30.76it/s, Saved at =inf, TrLoss=0.0814]
 Training FV-otc-s42-t2: 100%|██████████| 50/50 [00:01<00:00, 25.29it/s, Saved at =inf, TrLoss=0.0814]

 Training FV-otc-s42-t3:   0%|          | 0/50 [00:00<?, ?it/s]
 Training FV-otc-s42-t3:   0%|          | 0/50 [00:00<?, ?it/s, Saved at =inf, TrLoss=0.7878]
 Training FV-otc-s42-t3:   0%|          | 0/50 [00:00<?, ?it/s, Saved at =inf, TrLoss=0.8257]
 Training FV-otc-s42-t3:   4%|▍         | 2/50 [00:00<00:02, 19.60it/s, Saved at =inf, TrLoss=0.8257]
 Training FV-otc-s42-t3:   4%|▍         | 2/50 [00:00<00:02, 19.60it/s, Saved at =inf, TrLoss=0.5418]
 Training FV-otc-s42-t3:   4%|▍         | 2/50 [00:00<00:02, 19.60it/s, Saved at =inf, TrLoss=0.5495]
 Training FV-otc-s42-t3:   4%|▍         | 2/50 [00:00<00:02, 19.60it/s, Saved at =inf, TrLoss=0.4595]
 Training FV-otc-s42-t3:  10%|█         | 5/50 [00:00<00:02, 20.11it/s, Saved at =inf, TrLoss=0.4595]
 Training FV-otc-s42-t3:  10%|█         | 5/50 [00:00<00:02, 20.11it/s, Saved at =inf, TrLoss=0.4075]
 Training FV-otc-s42-t3:  10%|█         | 5/50 [00:00<00:02, 20.11it/s, Saved at =inf, TrLoss=0.3605]
 Training FV-otc-s42-t3:  10%|█         | 5/50 [00:00<00:02, 20.11it/s, Saved at =inf, TrLoss=0.3026]
 Training FV-otc-s42-t3:  16%|█▌        | 8/50 [00:00<00:02, 20.24it/s, Saved at =inf, TrLoss=0.3026]
 Training FV-otc-s42-t3:  16%|█▌        | 8/50 [00:00<00:02, 20.24it/s, Saved at =inf, TrLoss=0.2979]
 Training FV-otc-s42-t3:  16%|█▌        | 8/50 [00:00<00:02, 20.24it/s, Saved at =inf, TrLoss=0.2708]
 Training FV-otc-s42-t3:  16%|█▌        | 8/50 [00:00<00:02, 20.24it/s, Saved at =inf, TrLoss=0.2568]
 Training FV-otc-s42-t3:  22%|██▏       | 11/50 [00:00<00:01, 20.25it/s, Saved at =inf, TrLoss=0.2568]
 Training FV-otc-s42-t3:  22%|██▏       | 11/50 [00:00<00:01, 20.25it/s, Saved at =inf, TrLoss=0.2341]
 Training FV-otc-s42-t3:  22%|██▏       | 11/50 [00:00<00:01, 20.25it/s, Saved at =inf, TrLoss=0.1972]
 Training FV-otc-s42-t3:  22%|██▏       | 11/50 [00:00<00:01, 20.25it/s, Saved at =inf, TrLoss=0.2004]
 Training FV-otc-s42-t3:  28%|██▊       | 14/50 [00:00<00:01, 20.28it/s, Saved at =inf, TrLoss=0.2004]
 Training FV-otc-s42-t3:  28%|██▊       | 14/50 [00:00<00:01, 20.28it/s, Saved at =inf, TrLoss=0.2121]
 Training FV-otc-s42-t3:  28%|██▊       | 14/50 [00:00<00:01, 20.28it/s, Saved at =inf, TrLoss=0.1767]
 Training FV-otc-s42-t3:  28%|██▊       | 14/50 [00:00<00:01, 20.28it/s, Saved at =inf, TrLoss=0.1722]
 Training FV-otc-s42-t3:  34%|███▍      | 17/50 [00:00<00:01, 20.32it/s, Saved at =inf, TrLoss=0.1722]
 Training FV-otc-s42-t3:  34%|███▍      | 17/50 [00:00<00:01, 20.32it/s, Saved at =inf, TrLoss=0.1718]
 Training FV-otc-s42-t3:  34%|███▍      | 17/50 [00:00<00:01, 20.32it/s, Saved at =inf, TrLoss=0.1734]
 Training FV-otc-s42-t3:  34%|███▍      | 17/50 [00:00<00:01, 20.32it/s, Saved at =inf, TrLoss=0.1734]
 Training FV-otc-s42-t3:  40%|████      | 20/50 [00:00<00:01, 20.34it/s, Saved at =inf, TrLoss=0.1734]
 Training FV-otc-s42-t3:  40%|████      | 20/50 [00:01<00:01, 20.34it/s, Saved at =inf, TrLoss=0.1637]
 Training FV-otc-s42-t3:  40%|████      | 20/50 [00:01<00:01, 20.34it/s, Saved at =inf, TrLoss=0.1857]
 Training FV-otc-s42-t3:  40%|████      | 20/50 [00:01<00:01, 20.34it/s, Saved at =inf, TrLoss=0.1904]
 Training FV-otc-s42-t3:  46%|████▌     | 23/50 [00:01<00:01, 20.35it/s, Saved at =inf, TrLoss=0.1904]
 Training FV-otc-s42-t3:  46%|████▌     | 23/50 [00:01<00:01, 20.35it/s, Saved at =inf, TrLoss=0.1766]
 Training FV-otc-s42-t3:  46%|████▌     | 23/50 [00:01<00:01, 20.35it/s, Saved at =inf, TrLoss=0.1657]
 Training FV-otc-s42-t3:  46%|████▌     | 23/50 [00:01<00:01, 20.35it/s, Saved at =inf, TrLoss=0.1610]
 Training FV-otc-s42-t3:  52%|█████▏    | 26/50 [00:01<00:01, 20.36it/s, Saved at =inf, TrLoss=0.1610]
 Training FV-otc-s42-t3:  52%|█████▏    | 26/50 [00:01<00:01, 20.36it/s, Saved at =inf, TrLoss=0.1493]
 Training FV-otc-s42-t3:  52%|█████▏    | 26/50 [00:01<00:01, 20.36it/s, Saved at =inf, TrLoss=0.1511]
 Training FV-otc-s42-t3:  52%|█████▏    | 26/50 [00:01<00:01, 20.36it/s, Saved at =inf, TrLoss=0.1431]
 Training FV-otc-s42-t3:  58%|█████▊    | 29/50 [00:01<00:01, 20.21it/s, Saved at =inf, TrLoss=0.1431]
 Training FV-otc-s42-t3:  58%|█████▊    | 29/50 [00:01<00:01, 20.21it/s, Saved at =inf, TrLoss=0.1442]
 Training FV-otc-s42-t3:  58%|█████▊    | 29/50 [00:01<00:01, 20.21it/s, Saved at =inf, TrLoss=0.1567]
 Training FV-otc-s42-t3:  58%|█████▊    | 29/50 [00:01<00:01, 20.21it/s, Saved at =inf, TrLoss=0.1396]
 Training FV-otc-s42-t3:  64%|██████▍   | 32/50 [00:01<00:00, 20.25it/s, Saved at =inf, TrLoss=0.1396]
 Training FV-otc-s42-t3:  64%|██████▍   | 32/50 [00:01<00:00, 20.25it/s, Saved at =inf, TrLoss=0.1311]
 Training FV-otc-s42-t3:  64%|██████▍   | 32/50 [00:01<00:00, 20.25it/s, Saved at =inf, TrLoss=0.1433]
 Training FV-otc-s42-t3:  64%|██████▍   | 32/50 [00:01<00:00, 20.25it/s, Saved at =inf, TrLoss=0.1330]
 Training FV-otc-s42-t3:  70%|███████   | 35/50 [00:01<00:00, 20.29it/s, Saved at =inf, TrLoss=0.1330]
 Training FV-otc-s42-t3:  70%|███████   | 35/50 [00:01<00:00, 20.29it/s, Saved at =inf, TrLoss=0.1199]
 Training FV-otc-s42-t3:  70%|███████   | 35/50 [00:01<00:00, 20.29it/s, Saved at =inf, TrLoss=0.1277]
 Training FV-otc-s42-t3:  70%|███████   | 35/50 [00:01<00:00, 20.29it/s, Saved at =inf, TrLoss=0.1376]
 Training FV-otc-s42-t3:  76%|███████▌  | 38/50 [00:01<00:00, 20.32it/s, Saved at =inf, TrLoss=0.1376]
 Training FV-otc-s42-t3:  76%|███████▌  | 38/50 [00:01<00:00, 20.32it/s, Saved at =inf, TrLoss=0.1160]
 Training FV-otc-s42-t3:  76%|███████▌  | 38/50 [00:01<00:00, 20.32it/s, Saved at =inf, TrLoss=0.1142]
 Training FV-otc-s42-t3:  76%|███████▌  | 38/50 [00:01<00:00, 20.32it/s, Saved at =inf, TrLoss=0.1374]
 Training FV-otc-s42-t3:  82%|████████▏ | 41/50 [00:02<00:00, 20.34it/s, Saved at =inf, TrLoss=0.1374]
 Training FV-otc-s42-t3:  82%|████████▏ | 41/50 [00:02<00:00, 20.34it/s, Saved at =inf, TrLoss=0.1077]
 Training FV-otc-s42-t3:  82%|████████▏ | 41/50 [00:02<00:00, 20.34it/s, Saved at =inf, TrLoss=0.1375]
 Training FV-otc-s42-t3:  82%|████████▏ | 41/50 [00:02<00:00, 20.34it/s, Saved at =inf, TrLoss=0.1207]
 Training FV-otc-s42-t3:  88%|████████▊ | 44/50 [00:02<00:00, 20.19it/s, Saved at =inf, TrLoss=0.1207]
 Training FV-otc-s42-t3:  88%|████████▊ | 44/50 [00:02<00:00, 20.19it/s, Saved at =inf, TrLoss=0.1450]
 Training FV-otc-s42-t3:  88%|████████▊ | 44/50 [00:02<00:00, 20.19it/s, Saved at =inf, TrLoss=0.1028]
 Training FV-otc-s42-t3:  88%|████████▊ | 44/50 [00:02<00:00, 20.19it/s, Saved at =inf, TrLoss=0.1372]
 Training FV-otc-s42-t3:  94%|█████████▍| 47/50 [00:02<00:00, 20.25it/s, Saved at =inf, TrLoss=0.1372]
 Training FV-otc-s42-t3:  94%|█████████▍| 47/50 [00:02<00:00, 20.25it/s, Saved at =inf, TrLoss=0.1060]
 Training FV-otc-s42-t3:  94%|█████████▍| 47/50 [00:02<00:00, 20.25it/s, Saved at =inf, TrLoss=0.1639]
 Training FV-otc-s42-t3:  94%|█████████▍| 47/50 [00:02<00:00, 20.25it/s, Saved at =inf, TrLoss=0.1138]
 Training FV-otc-s42-t3: 100%|██████████| 50/50 [00:02<00:00, 20.29it/s, Saved at =inf, TrLoss=0.1138]
 Training FV-otc-s42-t3: 100%|██████████| 50/50 [00:02<00:00, 20.27it/s, Saved at =inf, TrLoss=0.1138]

 Training FV-otc-s42-t4:   0%|          | 0/50 [00:00<?, ?it/s]
 Training FV-otc-s42-t4:   0%|          | 0/50 [00:00<?, ?it/s, Saved at =inf, TrLoss=0.6963]
 Training FV-otc-s42-t4:   0%|          | 0/50 [00:00<?, ?it/s, Saved at =inf, TrLoss=0.8827]
 Training FV-otc-s42-t4:   4%|▍         | 2/50 [00:00<00:03, 14.81it/s, Saved at =inf, TrLoss=0.8827]
 Training FV-otc-s42-t4:   4%|▍         | 2/50 [00:00<00:03, 14.81it/s, Saved at =inf, TrLoss=0.6009]
 Training FV-otc-s42-t4:   4%|▍         | 2/50 [00:00<00:03, 14.81it/s, Saved at =inf, TrLoss=0.5355]
 Training FV-otc-s42-t4:   8%|▊         | 4/50 [00:00<00:03, 15.13it/s, Saved at =inf, TrLoss=0.5355]
 Training FV-otc-s42-t4:   8%|▊         | 4/50 [00:00<00:03, 15.13it/s, Saved at =inf, TrLoss=0.4425]
 Training FV-otc-s42-t4:   8%|▊         | 4/50 [00:00<00:03, 15.13it/s, Saved at =inf, TrLoss=0.4332]
 Training FV-otc-s42-t4:  12%|█▏        | 6/50 [00:00<00:02, 15.04it/s, Saved at =inf, TrLoss=0.4332]
 Training FV-otc-s42-t4:  12%|█▏        | 6/50 [00:00<00:02, 15.04it/s, Saved at =inf, TrLoss=0.3929]
 Training FV-otc-s42-t4:  12%|█▏        | 6/50 [00:00<00:02, 15.04it/s, Saved at =inf, TrLoss=0.3765]
 Training FV-otc-s42-t4:  16%|█▌        | 8/50 [00:00<00:02, 15.16it/s, Saved at =inf, TrLoss=0.3765]
 Training FV-otc-s42-t4:  16%|█▌        | 8/50 [00:00<00:02, 15.16it/s, Saved at =inf, TrLoss=0.3488]
 Training FV-otc-s42-t4:  16%|█▌        | 8/50 [00:00<00:02, 15.16it/s, Saved at =inf, TrLoss=0.3053]
 Training FV-otc-s42-t4:  20%|██        | 10/50 [00:00<00:02, 15.23it/s, Saved at =inf, TrLoss=0.3053]
 Training FV-otc-s42-t4:  20%|██        | 10/50 [00:00<00:02, 15.23it/s, Saved at =inf, TrLoss=0.2828]
 Training FV-otc-s42-t4:  20%|██        | 10/50 [00:00<00:02, 15.23it/s, Saved at =inf, TrLoss=0.2498]
 Training FV-otc-s42-t4:  24%|██▍       | 12/50 [00:00<00:02, 15.26it/s, Saved at =inf, TrLoss=0.2498]
 Training FV-otc-s42-t4:  24%|██▍       | 12/50 [00:00<00:02, 15.26it/s, Saved at =inf, TrLoss=0.2575]
 Training FV-otc-s42-t4:  24%|██▍       | 12/50 [00:00<00:02, 15.26it/s, Saved at =inf, TrLoss=0.2647]
 Training FV-otc-s42-t4:  28%|██▊       | 14/50 [00:00<00:02, 15.28it/s, Saved at =inf, TrLoss=0.2647]
 Training FV-otc-s42-t4:  28%|██▊       | 14/50 [00:00<00:02, 15.28it/s, Saved at =inf, TrLoss=0.2308]
 Training FV-otc-s42-t4:  28%|██▊       | 14/50 [00:01<00:02, 15.28it/s, Saved at =inf, TrLoss=0.2300]
 Training FV-otc-s42-t4:  32%|███▏      | 16/50 [00:01<00:02, 15.31it/s, Saved at =inf, TrLoss=0.2300]
 Training FV-otc-s42-t4:  32%|███▏      | 16/50 [00:01<00:02, 15.31it/s, Saved at =inf, TrLoss=0.2191]
 Training FV-otc-s42-t4:  32%|███▏      | 16/50 [00:01<00:02, 15.31it/s, Saved at =inf, TrLoss=0.1995]
 Training FV-otc-s42-t4:  36%|███▌      | 18/50 [00:01<00:02, 15.32it/s, Saved at =inf, TrLoss=0.1995]
 Training FV-otc-s42-t4:  36%|███▌      | 18/50 [00:01<00:02, 15.32it/s, Saved at =inf, TrLoss=0.2103]
 Training FV-otc-s42-t4:  36%|███▌      | 18/50 [00:01<00:02, 15.32it/s, Saved at =inf, TrLoss=0.1901]
 Training FV-otc-s42-t4:  40%|████      | 20/50 [00:01<00:01, 15.28it/s, Saved at =inf, TrLoss=0.1901]
 Training FV-otc-s42-t4:  40%|████      | 20/50 [00:01<00:01, 15.28it/s, Saved at =inf, TrLoss=0.1888]
 Training FV-otc-s42-t4:  40%|████      | 20/50 [00:01<00:01, 15.28it/s, Saved at =inf, TrLoss=0.1829]
 Training FV-otc-s42-t4:  44%|████▍     | 22/50 [00:01<00:01, 15.29it/s, Saved at =inf, TrLoss=0.1829]
 Training FV-otc-s42-t4:  44%|████▍     | 22/50 [00:01<00:01, 15.29it/s, Saved at =inf, TrLoss=0.1853]
 Training FV-otc-s42-t4:  44%|████▍     | 22/50 [00:01<00:01, 15.29it/s, Saved at =inf, TrLoss=0.1855]
 Training FV-otc-s42-t4:  48%|████▊     | 24/50 [00:01<00:01, 15.31it/s, Saved at =inf, TrLoss=0.1855]
 Training FV-otc-s42-t4:  48%|████▊     | 24/50 [00:01<00:01, 15.31it/s, Saved at =inf, TrLoss=0.1791]
 Training FV-otc-s42-t4:  48%|████▊     | 24/50 [00:01<00:01, 15.31it/s, Saved at =inf, TrLoss=0.1743]
 Training FV-otc-s42-t4:  52%|█████▏    | 26/50 [00:01<00:01, 15.32it/s, Saved at =inf, TrLoss=0.1743]
 Training FV-otc-s42-t4:  52%|█████▏    | 26/50 [00:01<00:01, 15.32it/s, Saved at =inf, TrLoss=0.1610]
 Training FV-otc-s42-t4:  52%|█████▏    | 26/50 [00:01<00:01, 15.32it/s, Saved at =inf, TrLoss=0.1701]
 Training FV-otc-s42-t4:  56%|█████▌    | 28/50 [00:01<00:01, 15.33it/s, Saved at =inf, TrLoss=0.1701]
 Training FV-otc-s42-t4:  56%|█████▌    | 28/50 [00:01<00:01, 15.33it/s, Saved at =inf, TrLoss=0.1674]
 Training FV-otc-s42-t4:  56%|█████▌    | 28/50 [00:01<00:01, 15.33it/s, Saved at =inf, TrLoss=0.1545]
 Training FV-otc-s42-t4:  60%|██████    | 30/50 [00:01<00:01, 15.34it/s, Saved at =inf, TrLoss=0.1545]
 Training FV-otc-s42-t4:  60%|██████    | 30/50 [00:02<00:01, 15.34it/s, Saved at =inf, TrLoss=0.1596]
 Training FV-otc-s42-t4:  60%|██████    | 30/50 [00:02<00:01, 15.34it/s, Saved at =inf, TrLoss=0.1678]
 Training FV-otc-s42-t4:  64%|██████▍   | 32/50 [00:02<00:01, 15.34it/s, Saved at =inf, TrLoss=0.1678]
 Training FV-otc-s42-t4:  64%|██████▍   | 32/50 [00:02<00:01, 15.34it/s, Saved at =inf, TrLoss=0.1534]
 Training FV-otc-s42-t4:  64%|██████▍   | 32/50 [00:02<00:01, 15.34it/s, Saved at =inf, TrLoss=0.1583]
 Training FV-otc-s42-t4:  68%|██████▊   | 34/50 [00:02<00:01, 15.29it/s, Saved at =inf, TrLoss=0.1583]
 Training FV-otc-s42-t4:  68%|██████▊   | 34/50 [00:02<00:01, 15.29it/s, Saved at =inf, TrLoss=0.1559]
 Training FV-otc-s42-t4:  68%|██████▊   | 34/50 [00:02<00:01, 15.29it/s, Saved at =inf, TrLoss=0.1496]
 Training FV-otc-s42-t4:  72%|███████▏  | 36/50 [00:02<00:00, 15.30it/s, Saved at =inf, TrLoss=0.1496]
 Training FV-otc-s42-t4:  72%|███████▏  | 36/50 [00:02<00:00, 15.30it/s, Saved at =inf, TrLoss=0.1507]
 Training FV-otc-s42-t4:  72%|███████▏  | 36/50 [00:02<00:00, 15.30it/s, Saved at =inf, TrLoss=0.1541]
 Training FV-otc-s42-t4:  76%|███████▌  | 38/50 [00:02<00:00, 15.31it/s, Saved at =inf, TrLoss=0.1541]
 Training FV-otc-s42-t4:  76%|███████▌  | 38/50 [00:02<00:00, 15.31it/s, Saved at =inf, TrLoss=0.1416]
 Training FV-otc-s42-t4:  76%|███████▌  | 38/50 [00:02<00:00, 15.31it/s, Saved at =inf, TrLoss=0.1499]
 Training FV-otc-s42-t4:  80%|████████  | 40/50 [00:02<00:00, 15.32it/s, Saved at =inf, TrLoss=0.1499]
 Training FV-otc-s42-t4:  80%|████████  | 40/50 [00:02<00:00, 15.32it/s, Saved at =inf, TrLoss=0.1472]
 Training FV-otc-s42-t4:  80%|████████  | 40/50 [00:02<00:00, 15.32it/s, Saved at =inf, TrLoss=0.1456]
 Training FV-otc-s42-t4:  84%|████████▍ | 42/50 [00:02<00:00, 15.33it/s, Saved at =inf, TrLoss=0.1456]
 Training FV-otc-s42-t4:  84%|████████▍ | 42/50 [00:02<00:00, 15.33it/s, Saved at =inf, TrLoss=0.1495]
 Training FV-otc-s42-t4:  84%|████████▍ | 42/50 [00:02<00:00, 15.33it/s, Saved at =inf, TrLoss=0.1422]
 Training FV-otc-s42-t4:  88%|████████▊ | 44/50 [00:02<00:00, 15.33it/s, Saved at =inf, TrLoss=0.1422]
 Training FV-otc-s42-t4:  88%|████████▊ | 44/50 [00:02<00:00, 15.33it/s, Saved at =inf, TrLoss=0.1487]
 Training FV-otc-s42-t4:  88%|████████▊ | 44/50 [00:02<00:00, 15.33it/s, Saved at =inf, TrLoss=0.1421]
 Training FV-otc-s42-t4:  92%|█████████▏| 46/50 [00:03<00:00, 15.34it/s, Saved at =inf, TrLoss=0.1421]
 Training FV-otc-s42-t4:  92%|█████████▏| 46/50 [00:03<00:00, 15.34it/s, Saved at =inf, TrLoss=0.1444]
 Training FV-otc-s42-t4:  92%|█████████▏| 46/50 [00:03<00:00, 15.34it/s, Saved at =inf, TrLoss=0.1413]
 Training FV-otc-s42-t4:  96%|█████████▌| 48/50 [00:03<00:00, 15.34it/s, Saved at =inf, TrLoss=0.1413]
 Training FV-otc-s42-t4:  96%|█████████▌| 48/50 [00:03<00:00, 15.34it/s, Saved at =inf, TrLoss=0.1515]
 Training FV-otc-s42-t4:  96%|█████████▌| 48/50 [00:03<00:00, 15.34it/s, Saved at =inf, TrLoss=0.1435]
 Training FV-otc-s42-t4: 100%|██████████| 50/50 [00:03<00:00, 15.29it/s, Saved at =inf, TrLoss=0.1435]
 Training FV-otc-s42-t4: 100%|██████████| 50/50 [00:03<00:00, 15.28it/s, Saved at =inf, TrLoss=0.1435]

 Training FV-otc-s42-t5:   0%|          | 0/50 [00:00<?, ?it/s]
 Training FV-otc-s42-t5:   0%|          | 0/50 [00:00<?, ?it/s, Saved at =inf, TrLoss=0.7378]
 Training FV-otc-s42-t5:   0%|          | 0/50 [00:00<?, ?it/s, Saved at =inf, TrLoss=0.8734]
 Training FV-otc-s42-t5:   4%|▍         | 2/50 [00:00<00:04, 11.39it/s, Saved at =inf, TrLoss=0.8734]
 Training FV-otc-s42-t5:   4%|▍         | 2/50 [00:00<00:04, 11.39it/s, Saved at =inf, TrLoss=0.5441]
 Training FV-otc-s42-t5:   4%|▍         | 2/50 [00:00<00:04, 11.39it/s, Saved at =inf, TrLoss=0.5321]
 Training FV-otc-s42-t5:   8%|▊         | 4/50 [00:00<00:03, 11.93it/s, Saved at =inf, TrLoss=0.5321]
 Training FV-otc-s42-t5:   8%|▊         | 4/50 [00:00<00:03, 11.93it/s, Saved at =inf, TrLoss=0.4604]
 Training FV-otc-s42-t5:   8%|▊         | 4/50 [00:00<00:03, 11.93it/s, Saved at =inf, TrLoss=0.4349]
 Training FV-otc-s42-t5:  12%|█▏        | 6/50 [00:00<00:03, 12.01it/s, Saved at =inf, TrLoss=0.4349]
 Training FV-otc-s42-t5:  12%|█▏        | 6/50 [00:00<00:03, 12.01it/s, Saved at =inf, TrLoss=0.4177]
 Training FV-otc-s42-t5:  12%|█▏        | 6/50 [00:00<00:03, 12.01it/s, Saved at =inf, TrLoss=0.3898]
 Training FV-otc-s42-t5:  16%|█▌        | 8/50 [00:00<00:03, 12.04it/s, Saved at =inf, TrLoss=0.3898]
 Training FV-otc-s42-t5:  16%|█▌        | 8/50 [00:00<00:03, 12.04it/s, Saved at =inf, TrLoss=0.3747]
 Training FV-otc-s42-t5:  16%|█▌        | 8/50 [00:00<00:03, 12.04it/s, Saved at =inf, TrLoss=0.3443]
 Training FV-otc-s42-t5:  20%|██        | 10/50 [00:00<00:03, 12.04it/s, Saved at =inf, TrLoss=0.3443]
 Training FV-otc-s42-t5:  20%|██        | 10/50 [00:00<00:03, 12.04it/s, Saved at =inf, TrLoss=0.3306]
 Training FV-otc-s42-t5:  20%|██        | 10/50 [00:00<00:03, 12.04it/s, Saved at =inf, TrLoss=0.2984]
 Training FV-otc-s42-t5:  24%|██▍       | 12/50 [00:01<00:03, 12.05it/s, Saved at =inf, TrLoss=0.2984]
 Training FV-otc-s42-t5:  24%|██▍       | 12/50 [00:01<00:03, 12.05it/s, Saved at =inf, TrLoss=0.3062]
 Training FV-otc-s42-t5:  24%|██▍       | 12/50 [00:01<00:03, 12.05it/s, Saved at =inf, TrLoss=0.2811]
 Training FV-otc-s42-t5:  28%|██▊       | 14/50 [00:01<00:02, 12.06it/s, Saved at =inf, TrLoss=0.2811]
 Training FV-otc-s42-t5:  28%|██▊       | 14/50 [00:01<00:02, 12.06it/s, Saved at =inf, TrLoss=0.2702]
 Training FV-otc-s42-t5:  28%|██▊       | 14/50 [00:01<00:02, 12.06it/s, Saved at =inf, TrLoss=0.2814]
 Training FV-otc-s42-t5:  32%|███▏      | 16/50 [00:01<00:02, 12.07it/s, Saved at =inf, TrLoss=0.2814]
 Training FV-otc-s42-t5:  32%|███▏      | 16/50 [00:01<00:02, 12.07it/s, Saved at =inf, TrLoss=0.2734]
 Training FV-otc-s42-t5:  32%|███▏      | 16/50 [00:01<00:02, 12.07it/s, Saved at =inf, TrLoss=0.2628]
 Training FV-otc-s42-t5:  36%|███▌      | 18/50 [00:01<00:02, 12.08it/s, Saved at =inf, TrLoss=0.2628]
 Training FV-otc-s42-t5:  36%|███▌      | 18/50 [00:01<00:02, 12.08it/s, Saved at =inf, TrLoss=0.2629]
 Training FV-otc-s42-t5:  36%|███▌      | 18/50 [00:01<00:02, 12.08it/s, Saved at =inf, TrLoss=0.2532]
 Training FV-otc-s42-t5:  40%|████      | 20/50 [00:01<00:02, 12.08it/s, Saved at =inf, TrLoss=0.2532]
 Training FV-otc-s42-t5:  40%|████      | 20/50 [00:01<00:02, 12.08it/s, Saved at =inf, TrLoss=0.2548]
 Training FV-otc-s42-t5:  40%|████      | 20/50 [00:01<00:02, 12.08it/s, Saved at =inf, TrLoss=0.2573]
 Training FV-otc-s42-t5:  44%|████▍     | 22/50 [00:01<00:02, 12.08it/s, Saved at =inf, TrLoss=0.2573]
 Training FV-otc-s42-t5:  44%|████▍     | 22/50 [00:01<00:02, 12.08it/s, Saved at =inf, TrLoss=0.2420]
 Training FV-otc-s42-t5:  44%|████▍     | 22/50 [00:01<00:02, 12.08it/s, Saved at =inf, TrLoss=0.2374]
 Training FV-otc-s42-t5:  48%|████▊     | 24/50 [00:01<00:02, 12.08it/s, Saved at =inf, TrLoss=0.2374]
 Training FV-otc-s42-t5:  48%|████▊     | 24/50 [00:02<00:02, 12.08it/s, Saved at =inf, TrLoss=0.2410]
 Training FV-otc-s42-t5:  48%|████▊     | 24/50 [00:02<00:02, 12.08it/s, Saved at =inf, TrLoss=0.2268]
 Training FV-otc-s42-t5:  52%|█████▏    | 26/50 [00:02<00:01, 12.08it/s, Saved at =inf, TrLoss=0.2268]
 Training FV-otc-s42-t5:  52%|█████▏    | 26/50 [00:02<00:01, 12.08it/s, Saved at =inf, TrLoss=0.2265]
 Training FV-otc-s42-t5:  52%|█████▏    | 26/50 [00:02<00:01, 12.08it/s, Saved at =inf, TrLoss=0.2305]
 Training FV-otc-s42-t5:  56%|█████▌    | 28/50 [00:02<00:01, 12.08it/s, Saved at =inf, TrLoss=0.2305]
 Training FV-otc-s42-t5:  56%|█████▌    | 28/50 [00:02<00:01, 12.08it/s, Saved at =inf, TrLoss=0.2103]
 Training FV-otc-s42-t5:  56%|█████▌    | 28/50 [00:02<00:01, 12.08it/s, Saved at =inf, TrLoss=0.2240]
 Training FV-otc-s42-t5:  60%|██████    | 30/50 [00:02<00:01, 12.09it/s, Saved at =inf, TrLoss=0.2240]
 Training FV-otc-s42-t5:  60%|██████    | 30/50 [00:02<00:01, 12.09it/s, Saved at =inf, TrLoss=0.2163]
 Training FV-otc-s42-t5:  60%|██████    | 30/50 [00:02<00:01, 12.09it/s, Saved at =inf, TrLoss=0.2043]
 Training FV-otc-s42-t5:  64%|██████▍   | 32/50 [00:02<00:01, 12.08it/s, Saved at =inf, TrLoss=0.2043]
 Training FV-otc-s42-t5:  64%|██████▍   | 32/50 [00:02<00:01, 12.08it/s, Saved at =inf, TrLoss=0.2064]
 Training FV-otc-s42-t5:  64%|██████▍   | 32/50 [00:02<00:01, 12.08it/s, Saved at =inf, TrLoss=0.2046]
 Training FV-otc-s42-t5:  68%|██████▊   | 34/50 [00:02<00:01, 12.09it/s, Saved at =inf, TrLoss=0.2046]
 Training FV-otc-s42-t5:  68%|██████▊   | 34/50 [00:02<00:01, 12.09it/s, Saved at =inf, TrLoss=0.2024]
 Training FV-otc-s42-t5:  68%|██████▊   | 34/50 [00:02<00:01, 12.09it/s, Saved at =inf, TrLoss=0.1901]
 Training FV-otc-s42-t5:  72%|███████▏  | 36/50 [00:02<00:01, 12.09it/s, Saved at =inf, TrLoss=0.1901]
 Training FV-otc-s42-t5:  72%|███████▏  | 36/50 [00:03<00:01, 12.09it/s, Saved at =inf, TrLoss=0.1963]
 Training FV-otc-s42-t5:  72%|███████▏  | 36/50 [00:03<00:01, 12.09it/s, Saved at =inf, TrLoss=0.1943]
 Training FV-otc-s42-t5:  76%|███████▌  | 38/50 [00:03<00:00, 12.08it/s, Saved at =inf, TrLoss=0.1943]
 Training FV-otc-s42-t5:  76%|███████▌  | 38/50 [00:03<00:00, 12.08it/s, Saved at =inf, TrLoss=0.1883]
 Training FV-otc-s42-t5:  76%|███████▌  | 38/50 [00:03<00:00, 12.08it/s, Saved at =inf, TrLoss=0.1885]
 Training FV-otc-s42-t5:  80%|████████  | 40/50 [00:03<00:00, 12.08it/s, Saved at =inf, TrLoss=0.1885]
 Training FV-otc-s42-t5:  80%|████████  | 40/50 [00:03<00:00, 12.08it/s, Saved at =inf, TrLoss=0.1853]
 Training FV-otc-s42-t5:  80%|████████  | 40/50 [00:03<00:00, 12.08it/s, Saved at =inf, TrLoss=0.1827]
 Training FV-otc-s42-t5:  84%|████████▍ | 42/50 [00:03<00:00, 12.08it/s, Saved at =inf, TrLoss=0.1827]
 Training FV-otc-s42-t5:  84%|████████▍ | 42/50 [00:03<00:00, 12.08it/s, Saved at =inf, TrLoss=0.1860]
 Training FV-otc-s42-t5:  84%|████████▍ | 42/50 [00:03<00:00, 12.08it/s, Saved at =inf, TrLoss=0.1791]
 Training FV-otc-s42-t5:  88%|████████▊ | 44/50 [00:03<00:00, 12.08it/s, Saved at =inf, TrLoss=0.1791]
 Training FV-otc-s42-t5:  88%|████████▊ | 44/50 [00:03<00:00, 12.08it/s, Saved at =inf, TrLoss=0.1803]
 Training FV-otc-s42-t5:  88%|████████▊ | 44/50 [00:03<00:00, 12.08it/s, Saved at =inf, TrLoss=0.1764]
 Training FV-otc-s42-t5:  92%|█████████▏| 46/50 [00:03<00:00, 12.08it/s, Saved at =inf, TrLoss=0.1764]
 Training FV-otc-s42-t5:  92%|█████████▏| 46/50 [00:03<00:00, 12.08it/s, Saved at =inf, TrLoss=0.1809]
 Training FV-otc-s42-t5:  92%|█████████▏| 46/50 [00:03<00:00, 12.08it/s, Saved at =inf, TrLoss=0.1788]
 Training FV-otc-s42-t5:  96%|█████████▌| 48/50 [00:03<00:00, 12.08it/s, Saved at =inf, TrLoss=0.1788]
 Training FV-otc-s42-t5:  96%|█████████▌| 48/50 [00:04<00:00, 12.08it/s, Saved at =inf, TrLoss=0.1711]
 Training FV-otc-s42-t5:  96%|█████████▌| 48/50 [00:04<00:00, 12.08it/s, Saved at =inf, TrLoss=0.1699]
 Training FV-otc-s42-t5: 100%|██████████| 50/50 [00:04<00:00, 12.08it/s, Saved at =inf, TrLoss=0.1699]
 Training FV-otc-s42-t5: 100%|██████████| 50/50 [00:04<00:00, 12.06it/s, Saved at =inf, TrLoss=0.1699]

 Training FV-otc-s42-t6:   0%|          | 0/50 [00:00<?, ?it/s]
 Training FV-otc-s42-t6:   0%|          | 0/50 [00:00<?, ?it/s, Saved at =inf, TrLoss=0.6962]
 Training FV-otc-s42-t6:   2%|▏         | 1/50 [00:00<00:05,  9.53it/s, Saved at =inf, TrLoss=0.6962]
 Training FV-otc-s42-t6:   2%|▏         | 1/50 [00:00<00:05,  9.53it/s, Saved at =inf, TrLoss=0.5905]
 Training FV-otc-s42-t6:   2%|▏         | 1/50 [00:00<00:05,  9.53it/s, Saved at =inf, TrLoss=0.4984]
 Training FV-otc-s42-t6:   6%|▌         | 3/50 [00:00<00:04, 10.46it/s, Saved at =inf, TrLoss=0.4984]
 Training FV-otc-s42-t6:   6%|▌         | 3/50 [00:00<00:04, 10.46it/s, Saved at =inf, TrLoss=0.4327]
 Training FV-otc-s42-t6:   6%|▌         | 3/50 [00:00<00:04, 10.46it/s, Saved at =inf, TrLoss=0.4235]
 Training FV-otc-s42-t6:  10%|█         | 5/50 [00:00<00:04, 10.60it/s, Saved at =inf, TrLoss=0.4235]
 Training FV-otc-s42-t6:  10%|█         | 5/50 [00:00<00:04, 10.60it/s, Saved at =inf, TrLoss=0.4097]
 Training FV-otc-s42-t6:  10%|█         | 5/50 [00:00<00:04, 10.60it/s, Saved at =inf, TrLoss=0.3973]
 Training FV-otc-s42-t6:  14%|█▍        | 7/50 [00:00<00:04, 10.60it/s, Saved at =inf, TrLoss=0.3973]
 Training FV-otc-s42-t6:  14%|█▍        | 7/50 [00:00<00:04, 10.60it/s, Saved at =inf, TrLoss=0.3572]
 Training FV-otc-s42-t6:  14%|█▍        | 7/50 [00:00<00:04, 10.60it/s, Saved at =inf, TrLoss=0.3253]
 Training FV-otc-s42-t6:  18%|█▊        | 9/50 [00:00<00:03, 10.64it/s, Saved at =inf, TrLoss=0.3253]
 Training FV-otc-s42-t6:  18%|█▊        | 9/50 [00:00<00:03, 10.64it/s, Saved at =inf, TrLoss=0.3043]
 Training FV-otc-s42-t6:  18%|█▊        | 9/50 [00:01<00:03, 10.64it/s, Saved at =inf, TrLoss=0.2843]
 Training FV-otc-s42-t6:  22%|██▏       | 11/50 [00:01<00:03, 10.67it/s, Saved at =inf, TrLoss=0.2843]
 Training FV-otc-s42-t6:  22%|██▏       | 11/50 [00:01<00:03, 10.67it/s, Saved at =inf, TrLoss=0.2702]
 Training FV-otc-s42-t6:  22%|██▏       | 11/50 [00:01<00:03, 10.67it/s, Saved at =inf, TrLoss=0.2847]
 Training FV-otc-s42-t6:  26%|██▌       | 13/50 [00:01<00:03, 10.69it/s, Saved at =inf, TrLoss=0.2847]
 Training FV-otc-s42-t6:  26%|██▌       | 13/50 [00:01<00:03, 10.69it/s, Saved at =inf, TrLoss=0.3014]
 Training FV-otc-s42-t6:  26%|██▌       | 13/50 [00:01<00:03, 10.69it/s, Saved at =inf, TrLoss=0.2728]
 Training FV-otc-s42-t6:  30%|███       | 15/50 [00:01<00:03, 10.70it/s, Saved at =inf, TrLoss=0.2728]
 Training FV-otc-s42-t6:  30%|███       | 15/50 [00:01<00:03, 10.70it/s, Saved at =inf, TrLoss=0.2593]
 Training FV-otc-s42-t6:  30%|███       | 15/50 [00:01<00:03, 10.70it/s, Saved at =inf, TrLoss=0.2594]
 Training FV-otc-s42-t6:  34%|███▍      | 17/50 [00:01<00:03, 10.71it/s, Saved at =inf, TrLoss=0.2594]
 Training FV-otc-s42-t6:  34%|███▍      | 17/50 [00:01<00:03, 10.71it/s, Saved at =inf, TrLoss=0.2405]
 Training FV-otc-s42-t6:  34%|███▍      | 17/50 [00:01<00:03, 10.71it/s, Saved at =inf, TrLoss=0.2543]
 Training FV-otc-s42-t6:  38%|███▊      | 19/50 [00:01<00:02, 10.71it/s, Saved at =inf, TrLoss=0.2543]
 Training FV-otc-s42-t6:  38%|███▊      | 19/50 [00:01<00:02, 10.71it/s, Saved at =inf, TrLoss=0.2401]
 Training FV-otc-s42-t6:  38%|███▊      | 19/50 [00:01<00:02, 10.71it/s, Saved at =inf, TrLoss=0.2376]
 Training FV-otc-s42-t6:  42%|████▏     | 21/50 [00:01<00:02, 10.71it/s, Saved at =inf, TrLoss=0.2376]
 Training FV-otc-s42-t6:  42%|████▏     | 21/50 [00:02<00:02, 10.71it/s, Saved at =inf, TrLoss=0.2428]
 Training FV-otc-s42-t6:  42%|████▏     | 21/50 [00:02<00:02, 10.71it/s, Saved at =inf, TrLoss=0.2326]
 Training FV-otc-s42-t6:  46%|████▌     | 23/50 [00:02<00:02, 10.72it/s, Saved at =inf, TrLoss=0.2326]
 Training FV-otc-s42-t6:  46%|████▌     | 23/50 [00:02<00:02, 10.72it/s, Saved at =inf, TrLoss=0.2243]
 Training FV-otc-s42-t6:  46%|████▌     | 23/50 [00:02<00:02, 10.72it/s, Saved at =inf, TrLoss=0.2234]
 Training FV-otc-s42-t6:  50%|█████     | 25/50 [00:02<00:02, 10.72it/s, Saved at =inf, TrLoss=0.2234]
 Training FV-otc-s42-t6:  50%|█████     | 25/50 [00:02<00:02, 10.72it/s, Saved at =inf, TrLoss=0.2211]
 Training FV-otc-s42-t6:  50%|█████     | 25/50 [00:02<00:02, 10.72it/s, Saved at =inf, TrLoss=0.2186]
 Training FV-otc-s42-t6:  54%|█████▍    | 27/50 [00:02<00:02, 10.72it/s, Saved at =inf, TrLoss=0.2186]
 Training FV-otc-s42-t6:  54%|█████▍    | 27/50 [00:02<00:02, 10.72it/s, Saved at =inf, TrLoss=0.2192]
 Training FV-otc-s42-t6:  54%|█████▍    | 27/50 [00:02<00:02, 10.72it/s, Saved at =inf, TrLoss=0.2118]
 Training FV-otc-s42-t6:  58%|█████▊    | 29/50 [00:02<00:01, 10.71it/s, Saved at =inf, TrLoss=0.2118]
 Training FV-otc-s42-t6:  58%|█████▊    | 29/50 [00:02<00:01, 10.71it/s, Saved at =inf, TrLoss=0.2170]
 Training FV-otc-s42-t6:  58%|█████▊    | 29/50 [00:02<00:01, 10.71it/s, Saved at =inf, TrLoss=0.2098]
 Training FV-otc-s42-t6:  62%|██████▏   | 31/50 [00:02<00:01, 10.67it/s, Saved at =inf, TrLoss=0.2098]
 Training FV-otc-s42-t6:  62%|██████▏   | 31/50 [00:02<00:01, 10.67it/s, Saved at =inf, TrLoss=0.2078]
 Training FV-otc-s42-t6:  62%|██████▏   | 31/50 [00:03<00:01, 10.67it/s, Saved at =inf, TrLoss=0.2049]
 Training FV-otc-s42-t6:  66%|██████▌   | 33/50 [00:03<00:01, 10.69it/s, Saved at =inf, TrLoss=0.2049]
 Training FV-otc-s42-t6:  66%|██████▌   | 33/50 [00:03<00:01, 10.69it/s, Saved at =inf, TrLoss=0.2045]
 Training FV-otc-s42-t6:  66%|██████▌   | 33/50 [00:03<00:01, 10.69it/s, Saved at =inf, TrLoss=0.2085]
 Training FV-otc-s42-t6:  70%|███████   | 35/50 [00:03<00:01, 10.70it/s, Saved at =inf, TrLoss=0.2085]
 Training FV-otc-s42-t6:  70%|███████   | 35/50 [00:03<00:01, 10.70it/s, Saved at =inf, TrLoss=0.1994]
 Training FV-otc-s42-t6:  70%|███████   | 35/50 [00:03<00:01, 10.70it/s, Saved at =inf, TrLoss=0.2045]
 Training FV-otc-s42-t6:  74%|███████▍  | 37/50 [00:03<00:01, 10.70it/s, Saved at =inf, TrLoss=0.2045]
 Training FV-otc-s42-t6:  74%|███████▍  | 37/50 [00:03<00:01, 10.70it/s, Saved at =inf, TrLoss=0.2004]
 Training FV-otc-s42-t6:  74%|███████▍  | 37/50 [00:03<00:01, 10.70it/s, Saved at =inf, TrLoss=0.2006]
 Training FV-otc-s42-t6:  78%|███████▊  | 39/50 [00:03<00:01, 10.71it/s, Saved at =inf, TrLoss=0.2006]
 Training FV-otc-s42-t6:  78%|███████▊  | 39/50 [00:03<00:01, 10.71it/s, Saved at =inf, TrLoss=0.1998]
 Training FV-otc-s42-t6:  78%|███████▊  | 39/50 [00:03<00:01, 10.71it/s, Saved at =inf, TrLoss=0.1894]
 Training FV-otc-s42-t6:  82%|████████▏ | 41/50 [00:03<00:00, 10.71it/s, Saved at =inf, TrLoss=0.1894]
 Training FV-otc-s42-t6:  82%|████████▏ | 41/50 [00:03<00:00, 10.71it/s, Saved at =inf, TrLoss=0.1949]
 Training FV-otc-s42-t6:  82%|████████▏ | 41/50 [00:03<00:00, 10.71it/s, Saved at =inf, TrLoss=0.1867]
 Training FV-otc-s42-t6:  86%|████████▌ | 43/50 [00:04<00:00, 10.72it/s, Saved at =inf, TrLoss=0.1867]
 Training FV-otc-s42-t6:  86%|████████▌ | 43/50 [00:04<00:00, 10.72it/s, Saved at =inf, TrLoss=0.1890]
 Training FV-otc-s42-t6:  86%|████████▌ | 43/50 [00:04<00:00, 10.72it/s, Saved at =inf, TrLoss=0.1854]
 Training FV-otc-s42-t6:  90%|█████████ | 45/50 [00:04<00:00, 10.72it/s, Saved at =inf, TrLoss=0.1854]
 Training FV-otc-s42-t6:  90%|█████████ | 45/50 [00:04<00:00, 10.72it/s, Saved at =inf, TrLoss=0.1850]
 Training FV-otc-s42-t6:  90%|█████████ | 45/50 [00:04<00:00, 10.72it/s, Saved at =inf, TrLoss=0.1912]
 Training FV-otc-s42-t6:  94%|█████████▍| 47/50 [00:04<00:00, 10.72it/s, Saved at =inf, TrLoss=0.1912]
 Training FV-otc-s42-t6:  94%|█████████▍| 47/50 [00:04<00:00, 10.72it/s, Saved at =inf, TrLoss=0.1813]
 Training FV-otc-s42-t6:  94%|█████████▍| 47/50 [00:04<00:00, 10.72it/s, Saved at =inf, TrLoss=0.1877]
 Training FV-otc-s42-t6:  98%|█████████▊| 49/50 [00:04<00:00, 10.72it/s, Saved at =inf, TrLoss=0.1877]
 Training FV-otc-s42-t6:  98%|█████████▊| 49/50 [00:04<00:00, 10.72it/s, Saved at =inf, TrLoss=0.1772]
 Training FV-otc-s42-t6: 100%|██████████| 50/50 [00:04<00:00, 10.69it/s, Saved at =inf, TrLoss=0.1772]

 Training FV-otc-s42-t7:   0%|          | 0/50 [00:00<?, ?it/s]
 Training FV-otc-s42-t7:   0%|          | 0/50 [00:00<?, ?it/s, Saved at =inf, TrLoss=0.6894]
 Training FV-otc-s42-t7:   2%|▏         | 1/50 [00:00<00:05,  8.36it/s, Saved at =inf, TrLoss=0.6894]
 Training FV-otc-s42-t7:   2%|▏         | 1/50 [00:00<00:05,  8.36it/s, Saved at =inf, TrLoss=0.6593]
 Training FV-otc-s42-t7:   4%|▍         | 2/50 [00:00<00:05,  8.91it/s, Saved at =inf, TrLoss=0.6593]
 Training FV-otc-s42-t7:   4%|▍         | 2/50 [00:00<00:05,  8.91it/s, Saved at =inf, TrLoss=0.6793]
 Training FV-otc-s42-t7:   6%|▌         | 3/50 [00:00<00:05,  9.09it/s, Saved at =inf, TrLoss=0.6793]
 Training FV-otc-s42-t7:   6%|▌         | 3/50 [00:00<00:05,  9.09it/s, Saved at =inf, TrLoss=0.5581]
 Training FV-otc-s42-t7:   8%|▊         | 4/50 [00:00<00:05,  9.18it/s, Saved at =inf, TrLoss=0.5581]
 Training FV-otc-s42-t7:   8%|▊         | 4/50 [00:00<00:05,  9.18it/s, Saved at =inf, TrLoss=0.4691]
 Training FV-otc-s42-t7:  10%|█         | 5/50 [00:00<00:04,  9.14it/s, Saved at =inf, TrLoss=0.4691]
 Training FV-otc-s42-t7:  10%|█         | 5/50 [00:00<00:04,  9.14it/s, Saved at =inf, TrLoss=0.5048]
 Training FV-otc-s42-t7:  12%|█▏        | 6/50 [00:00<00:04,  9.21it/s, Saved at =inf, TrLoss=0.5048]
 Training FV-otc-s42-t7:  12%|█▏        | 6/50 [00:00<00:04,  9.21it/s, Saved at =inf, TrLoss=0.4910]
 Training FV-otc-s42-t7:  14%|█▍        | 7/50 [00:00<00:04,  9.25it/s, Saved at =inf, TrLoss=0.4910]
 Training FV-otc-s42-t7:  14%|█▍        | 7/50 [00:00<00:04,  9.25it/s, Saved at =inf, TrLoss=0.4054]
 Training FV-otc-s42-t7:  16%|█▌        | 8/50 [00:00<00:04,  9.27it/s, Saved at =inf, TrLoss=0.4054]
 Training FV-otc-s42-t7:  16%|█▌        | 8/50 [00:00<00:04,  9.27it/s, Saved at =inf, TrLoss=0.3655]
 Training FV-otc-s42-t7:  18%|█▊        | 9/50 [00:00<00:04,  9.28it/s, Saved at =inf, TrLoss=0.3655]
 Training FV-otc-s42-t7:  18%|█▊        | 9/50 [00:01<00:04,  9.28it/s, Saved at =inf, TrLoss=0.3788]
 Training FV-otc-s42-t7:  20%|██        | 10/50 [00:01<00:04,  9.28it/s, Saved at =inf, TrLoss=0.3788]
 Training FV-otc-s42-t7:  20%|██        | 10/50 [00:01<00:04,  9.28it/s, Saved at =inf, TrLoss=0.3430]
 Training FV-otc-s42-t7:  22%|██▏       | 11/50 [00:01<00:04,  9.29it/s, Saved at =inf, TrLoss=0.3430]
 Training FV-otc-s42-t7:  22%|██▏       | 11/50 [00:01<00:04,  9.29it/s, Saved at =inf, TrLoss=0.3530]
 Training FV-otc-s42-t7:  24%|██▍       | 12/50 [00:01<00:04,  9.31it/s, Saved at =inf, TrLoss=0.3530]
 Training FV-otc-s42-t7:  24%|██▍       | 12/50 [00:01<00:04,  9.31it/s, Saved at =inf, TrLoss=0.3435]
 Training FV-otc-s42-t7:  26%|██▌       | 13/50 [00:01<00:03,  9.32it/s, Saved at =inf, TrLoss=0.3435]
 Training FV-otc-s42-t7:  26%|██▌       | 13/50 [00:01<00:03,  9.32it/s, Saved at =inf, TrLoss=0.3108]
 Training FV-otc-s42-t7:  28%|██▊       | 14/50 [00:01<00:03,  9.33it/s, Saved at =inf, TrLoss=0.3108]
 Training FV-otc-s42-t7:  28%|██▊       | 14/50 [00:01<00:03,  9.33it/s, Saved at =inf, TrLoss=0.3025]
 Training FV-otc-s42-t7:  30%|███       | 15/50 [00:01<00:03,  9.33it/s, Saved at =inf, TrLoss=0.3025]
 Training FV-otc-s42-t7:  30%|███       | 15/50 [00:01<00:03,  9.33it/s, Saved at =inf, TrLoss=0.2961]
 Training FV-otc-s42-t7:  32%|███▏      | 16/50 [00:01<00:03,  9.34it/s, Saved at =inf, TrLoss=0.2961]
 Training FV-otc-s42-t7:  32%|███▏      | 16/50 [00:01<00:03,  9.34it/s, Saved at =inf, TrLoss=0.2880]
 Training FV-otc-s42-t7:  34%|███▍      | 17/50 [00:01<00:03,  9.25it/s, Saved at =inf, TrLoss=0.2880]
 Training FV-otc-s42-t7:  34%|███▍      | 17/50 [00:01<00:03,  9.25it/s, Saved at =inf, TrLoss=0.2832]
 Training FV-otc-s42-t7:  36%|███▌      | 18/50 [00:01<00:03,  9.23it/s, Saved at =inf, TrLoss=0.2832]
 Training FV-otc-s42-t7:  36%|███▌      | 18/50 [00:02<00:03,  9.23it/s, Saved at =inf, TrLoss=0.2840]
 Training FV-otc-s42-t7:  38%|███▊      | 19/50 [00:02<00:03,  9.26it/s, Saved at =inf, TrLoss=0.2840]
 Training FV-otc-s42-t7:  38%|███▊      | 19/50 [00:02<00:03,  9.26it/s, Saved at =inf, TrLoss=0.2722]
 Training FV-otc-s42-t7:  40%|████      | 20/50 [00:02<00:03,  9.12it/s, Saved at =inf, TrLoss=0.2722]
 Training FV-otc-s42-t7:  40%|████      | 20/50 [00:02<00:03,  9.12it/s, Saved at =inf, TrLoss=0.2772]
 Training FV-otc-s42-t7:  42%|████▏     | 21/50 [00:02<00:03,  9.16it/s, Saved at =inf, TrLoss=0.2772]
 Training FV-otc-s42-t7:  42%|████▏     | 21/50 [00:02<00:03,  9.16it/s, Saved at =inf, TrLoss=0.2685]
 Training FV-otc-s42-t7:  44%|████▍     | 22/50 [00:02<00:03,  9.18it/s, Saved at =inf, TrLoss=0.2685]
 Training FV-otc-s42-t7:  44%|████▍     | 22/50 [00:02<00:03,  9.18it/s, Saved at =inf, TrLoss=0.2601]
 Training FV-otc-s42-t7:  46%|████▌     | 23/50 [00:02<00:02,  9.23it/s, Saved at =inf, TrLoss=0.2601]
 Training FV-otc-s42-t7:  46%|████▌     | 23/50 [00:02<00:02,  9.23it/s, Saved at =inf, TrLoss=0.2494]
 Training FV-otc-s42-t7:  48%|████▊     | 24/50 [00:02<00:02,  9.06it/s, Saved at =inf, TrLoss=0.2494]
 Training FV-otc-s42-t7:  48%|████▊     | 24/50 [00:02<00:02,  9.06it/s, Saved at =inf, TrLoss=0.2472]
 Training FV-otc-s42-t7:  50%|█████     | 25/50 [00:02<00:02,  8.79it/s, Saved at =inf, TrLoss=0.2472]
 Training FV-otc-s42-t7:  50%|█████     | 25/50 [00:02<00:02,  8.79it/s, Saved at =inf, TrLoss=0.2412]
 Training FV-otc-s42-t7:  52%|█████▏    | 26/50 [00:02<00:02,  8.41it/s, Saved at =inf, TrLoss=0.2412]
 Training FV-otc-s42-t7:  52%|█████▏    | 26/50 [00:02<00:02,  8.41it/s, Saved at =inf, TrLoss=0.2396]
 Training FV-otc-s42-t7:  54%|█████▍    | 27/50 [00:02<00:02,  8.18it/s, Saved at =inf, TrLoss=0.2396]
 Training FV-otc-s42-t7:  54%|█████▍    | 27/50 [00:03<00:02,  8.18it/s, Saved at =inf, TrLoss=0.2361]
 Training FV-otc-s42-t7:  56%|█████▌    | 28/50 [00:03<00:02,  8.03it/s, Saved at =inf, TrLoss=0.2361]
 Training FV-otc-s42-t7:  56%|█████▌    | 28/50 [00:03<00:02,  8.03it/s, Saved at =inf, TrLoss=0.2320]
 Training FV-otc-s42-t7:  58%|█████▊    | 29/50 [00:03<00:02,  8.03it/s, Saved at =inf, TrLoss=0.2320]
 Training FV-otc-s42-t7:  58%|█████▊    | 29/50 [00:03<00:02,  8.03it/s, Saved at =inf, TrLoss=0.2271]
 Training FV-otc-s42-t7:  60%|██████    | 30/50 [00:03<00:02,  8.01it/s, Saved at =inf, TrLoss=0.2271]
 Training FV-otc-s42-t7:  60%|██████    | 30/50 [00:03<00:02,  8.01it/s, Saved at =inf, TrLoss=0.2270]
 Training FV-otc-s42-t7:  62%|██████▏   | 31/50 [00:03<00:02,  8.37it/s, Saved at =inf, TrLoss=0.2270]
 Training FV-otc-s42-t7:  62%|██████▏   | 31/50 [00:03<00:02,  8.37it/s, Saved at =inf, TrLoss=0.2257]
 Training FV-otc-s42-t7:  64%|██████▍   | 32/50 [00:03<00:02,  8.64it/s, Saved at =inf, TrLoss=0.2257]
 Training FV-otc-s42-t7:  64%|██████▍   | 32/50 [00:03<00:02,  8.64it/s, Saved at =inf, TrLoss=0.2195]
 Training FV-otc-s42-t7:  66%|██████▌   | 33/50 [00:03<00:01,  8.84it/s, Saved at =inf, TrLoss=0.2195]
 Training FV-otc-s42-t7:  66%|██████▌   | 33/50 [00:03<00:01,  8.84it/s, Saved at =inf, TrLoss=0.2213]
 Training FV-otc-s42-t7:  68%|██████▊   | 34/50 [00:03<00:01,  8.98it/s, Saved at =inf, TrLoss=0.2213]
 Training FV-otc-s42-t7:  68%|██████▊   | 34/50 [00:03<00:01,  8.98it/s, Saved at =inf, TrLoss=0.2239]
 Training FV-otc-s42-t7:  70%|███████   | 35/50 [00:03<00:01,  9.09it/s, Saved at =inf, TrLoss=0.2239]
 Training FV-otc-s42-t7:  70%|███████   | 35/50 [00:03<00:01,  9.09it/s, Saved at =inf, TrLoss=0.2121]
 Training FV-otc-s42-t7:  72%|███████▏  | 36/50 [00:04<00:01,  9.17it/s, Saved at =inf, TrLoss=0.2121]
 Training FV-otc-s42-t7:  72%|███████▏  | 36/50 [00:04<00:01,  9.17it/s, Saved at =inf, TrLoss=0.2111]
 Training FV-otc-s42-t7:  74%|███████▍  | 37/50 [00:04<00:01,  9.22it/s, Saved at =inf, TrLoss=0.2111]
 Training FV-otc-s42-t7:  74%|███████▍  | 37/50 [00:04<00:01,  9.22it/s, Saved at =inf, TrLoss=0.2079]
 Training FV-otc-s42-t7:  76%|███████▌  | 38/50 [00:04<00:01,  9.26it/s, Saved at =inf, TrLoss=0.2079]
 Training FV-otc-s42-t7:  76%|███████▌  | 38/50 [00:04<00:01,  9.26it/s, Saved at =inf, TrLoss=0.2049]
 Training FV-otc-s42-t7:  78%|███████▊  | 39/50 [00:04<00:01,  9.28it/s, Saved at =inf, TrLoss=0.2049]
 Training FV-otc-s42-t7:  78%|███████▊  | 39/50 [00:04<00:01,  9.28it/s, Saved at =inf, TrLoss=0.2071]
 Training FV-otc-s42-t7:  80%|████████  | 40/50 [00:04<00:01,  9.30it/s, Saved at =inf, TrLoss=0.2071]
 Training FV-otc-s42-t7:  80%|████████  | 40/50 [00:04<00:01,  9.30it/s, Saved at =inf, TrLoss=0.1977]
 Training FV-otc-s42-t7:  82%|████████▏ | 41/50 [00:04<00:00,  9.30it/s, Saved at =inf, TrLoss=0.1977]
 Training FV-otc-s42-t7:  82%|████████▏ | 41/50 [00:04<00:00,  9.30it/s, Saved at =inf, TrLoss=0.1997]
 Training FV-otc-s42-t7:  84%|████████▍ | 42/50 [00:04<00:00,  9.31it/s, Saved at =inf, TrLoss=0.1997]
 Training FV-otc-s42-t7:  84%|████████▍ | 42/50 [00:04<00:00,  9.31it/s, Saved at =inf, TrLoss=0.1943]
 Training FV-otc-s42-t7:  86%|████████▌ | 43/50 [00:04<00:00,  9.27it/s, Saved at =inf, TrLoss=0.1943]
 Training FV-otc-s42-t7:  86%|████████▌ | 43/50 [00:04<00:00,  9.27it/s, Saved at =inf, TrLoss=0.2030]
 Training FV-otc-s42-t7:  88%|████████▊ | 44/50 [00:04<00:00,  9.26it/s, Saved at =inf, TrLoss=0.2030]
 Training FV-otc-s42-t7:  88%|████████▊ | 44/50 [00:04<00:00,  9.26it/s, Saved at =inf, TrLoss=0.1984]
 Training FV-otc-s42-t7:  90%|█████████ | 45/50 [00:04<00:00,  9.28it/s, Saved at =inf, TrLoss=0.1984]
 Training FV-otc-s42-t7:  90%|█████████ | 45/50 [00:05<00:00,  9.28it/s, Saved at =inf, TrLoss=0.2006]
 Training FV-otc-s42-t7:  92%|█████████▏| 46/50 [00:05<00:00,  9.30it/s, Saved at =inf, TrLoss=0.2006]
 Training FV-otc-s42-t7:  92%|█████████▏| 46/50 [00:05<00:00,  9.30it/s, Saved at =inf, TrLoss=0.1993]
 Training FV-otc-s42-t7:  94%|█████████▍| 47/50 [00:05<00:00,  9.31it/s, Saved at =inf, TrLoss=0.1993]
 Training FV-otc-s42-t7:  94%|█████████▍| 47/50 [00:05<00:00,  9.31it/s, Saved at =inf, TrLoss=0.1928]
 Training FV-otc-s42-t7:  96%|█████████▌| 48/50 [00:05<00:00,  9.32it/s, Saved at =inf, TrLoss=0.1928]
 Training FV-otc-s42-t7:  96%|█████████▌| 48/50 [00:05<00:00,  9.32it/s, Saved at =inf, TrLoss=0.2001]
 Training FV-otc-s42-t7:  98%|█████████▊| 49/50 [00:05<00:00,  9.33it/s, Saved at =inf, TrLoss=0.2001]
 Training FV-otc-s42-t7:  98%|█████████▊| 49/50 [00:05<00:00,  9.33it/s, Saved at =inf, TrLoss=0.1817]
 Training FV-otc-s42-t7: 100%|██████████| 50/50 [00:05<00:00,  9.33it/s, Saved at =inf, TrLoss=0.1817]
 Training FV-otc-s42-t7: 100%|██████████| 50/50 [00:05<00:00,  9.06it/s, Saved at =inf, TrLoss=0.1817]

 Training FV-otc-s42-t8:   0%|          | 0/50 [00:00<?, ?it/s]
 Training FV-otc-s42-t8:   0%|          | 0/50 [00:00<?, ?it/s, Saved at =inf, TrLoss=0.7212]
 Training FV-otc-s42-t8:   2%|▏         | 1/50 [00:00<00:07,  6.94it/s, Saved at =inf, TrLoss=0.7212]
 Training FV-otc-s42-t8:   2%|▏         | 1/50 [00:00<00:07,  6.94it/s, Saved at =inf, TrLoss=0.7883]
 Training FV-otc-s42-t8:   4%|▍         | 2/50 [00:00<00:07,  6.85it/s, Saved at =inf, TrLoss=0.7883]
 Training FV-otc-s42-t8:   4%|▍         | 2/50 [00:00<00:07,  6.85it/s, Saved at =inf, TrLoss=0.6035]
 Training FV-otc-s42-t8:   6%|▌         | 3/50 [00:00<00:06,  7.22it/s, Saved at =inf, TrLoss=0.6035]
 Training FV-otc-s42-t8:   6%|▌         | 3/50 [00:00<00:06,  7.22it/s, Saved at =inf, TrLoss=0.5991]
 Training FV-otc-s42-t8:   8%|▊         | 4/50 [00:00<00:06,  7.43it/s, Saved at =inf, TrLoss=0.5991]
 Training FV-otc-s42-t8:   8%|▊         | 4/50 [00:00<00:06,  7.43it/s, Saved at =inf, TrLoss=0.5429]
 Training FV-otc-s42-t8:  10%|█         | 5/50 [00:00<00:05,  7.65it/s, Saved at =inf, TrLoss=0.5429]
 Training FV-otc-s42-t8:  10%|█         | 5/50 [00:00<00:05,  7.65it/s, Saved at =inf, TrLoss=0.4989]
 Training FV-otc-s42-t8:  12%|█▏        | 6/50 [00:00<00:05,  7.66it/s, Saved at =inf, TrLoss=0.4989]
 Training FV-otc-s42-t8:  12%|█▏        | 6/50 [00:00<00:05,  7.66it/s, Saved at =inf, TrLoss=0.4820]
 Training FV-otc-s42-t8:  14%|█▍        | 7/50 [00:00<00:05,  7.36it/s, Saved at =inf, TrLoss=0.4820]
 Training FV-otc-s42-t8:  14%|█▍        | 7/50 [00:01<00:05,  7.36it/s, Saved at =inf, TrLoss=0.4272]
 Training FV-otc-s42-t8:  16%|█▌        | 8/50 [00:01<00:05,  7.62it/s, Saved at =inf, TrLoss=0.4272]
 Training FV-otc-s42-t8:  16%|█▌        | 8/50 [00:01<00:05,  7.62it/s, Saved at =inf, TrLoss=0.4122]
 Training FV-otc-s42-t8:  18%|█▊        | 9/50 [00:01<00:05,  7.63it/s, Saved at =inf, TrLoss=0.4122]
 Training FV-otc-s42-t8:  18%|█▊        | 9/50 [00:01<00:05,  7.63it/s, Saved at =inf, TrLoss=0.3677]
 Training FV-otc-s42-t8:  20%|██        | 10/50 [00:01<00:05,  7.31it/s, Saved at =inf, TrLoss=0.3677]
 Training FV-otc-s42-t8:  20%|██        | 10/50 [00:01<00:05,  7.31it/s, Saved at =inf, TrLoss=0.4060]
 Training FV-otc-s42-t8:  22%|██▏       | 11/50 [00:01<00:05,  7.42it/s, Saved at =inf, TrLoss=0.4060]
 Training FV-otc-s42-t8:  22%|██▏       | 11/50 [00:01<00:05,  7.42it/s, Saved at =inf, TrLoss=0.3620]
 Training FV-otc-s42-t8:  24%|██▍       | 12/50 [00:01<00:05,  7.16it/s, Saved at =inf, TrLoss=0.3620]
 Training FV-otc-s42-t8:  24%|██▍       | 12/50 [00:01<00:05,  7.16it/s, Saved at =inf, TrLoss=0.3707]
 Training FV-otc-s42-t8:  26%|██▌       | 13/50 [00:01<00:05,  7.33it/s, Saved at =inf, TrLoss=0.3707]
 Training FV-otc-s42-t8:  26%|██▌       | 13/50 [00:01<00:05,  7.33it/s, Saved at =inf, TrLoss=0.3242]
 Training FV-otc-s42-t8:  28%|██▊       | 14/50 [00:01<00:04,  7.56it/s, Saved at =inf, TrLoss=0.3242]
 Training FV-otc-s42-t8:  28%|██▊       | 14/50 [00:01<00:04,  7.56it/s, Saved at =inf, TrLoss=0.3287]
 Training FV-otc-s42-t8:  30%|███       | 15/50 [00:02<00:04,  7.74it/s, Saved at =inf, TrLoss=0.3287]
 Training FV-otc-s42-t8:  30%|███       | 15/50 [00:02<00:04,  7.74it/s, Saved at =inf, TrLoss=0.3159]
 Training FV-otc-s42-t8:  32%|███▏      | 16/50 [00:02<00:04,  7.89it/s, Saved at =inf, TrLoss=0.3159]
 Training FV-otc-s42-t8:  32%|███▏      | 16/50 [00:02<00:04,  7.89it/s, Saved at =inf, TrLoss=0.3283]
 Training FV-otc-s42-t8:  34%|███▍      | 17/50 [00:02<00:04,  7.99it/s, Saved at =inf, TrLoss=0.3283]
 Training FV-otc-s42-t8:  34%|███▍      | 17/50 [00:02<00:04,  7.99it/s, Saved at =inf, TrLoss=0.3003]
 Training FV-otc-s42-t8:  36%|███▌      | 18/50 [00:02<00:03,  8.06it/s, Saved at =inf, TrLoss=0.3003]
 Training FV-otc-s42-t8:  36%|███▌      | 18/50 [00:02<00:03,  8.06it/s, Saved at =inf, TrLoss=0.3049]
 Training FV-otc-s42-t8:  38%|███▊      | 19/50 [00:02<00:03,  8.09it/s, Saved at =inf, TrLoss=0.3049]
 Training FV-otc-s42-t8:  38%|███▊      | 19/50 [00:02<00:03,  8.09it/s, Saved at =inf, TrLoss=0.2851]
 Training FV-otc-s42-t8:  40%|████      | 20/50 [00:02<00:03,  8.12it/s, Saved at =inf, TrLoss=0.2851]
 Training FV-otc-s42-t8:  40%|████      | 20/50 [00:02<00:03,  8.12it/s, Saved at =inf, TrLoss=0.2871]
 Training FV-otc-s42-t8:  42%|████▏     | 21/50 [00:02<00:03,  8.13it/s, Saved at =inf, TrLoss=0.2871]
 Training FV-otc-s42-t8:  42%|████▏     | 21/50 [00:02<00:03,  8.13it/s, Saved at =inf, TrLoss=0.2757]
 Training FV-otc-s42-t8:  44%|████▍     | 22/50 [00:02<00:03,  8.17it/s, Saved at =inf, TrLoss=0.2757]
 Training FV-otc-s42-t8:  44%|████▍     | 22/50 [00:02<00:03,  8.17it/s, Saved at =inf, TrLoss=0.2861]
 Training FV-otc-s42-t8:  46%|████▌     | 23/50 [00:02<00:03,  8.19it/s, Saved at =inf, TrLoss=0.2861]
 Training FV-otc-s42-t8:  46%|████▌     | 23/50 [00:03<00:03,  8.19it/s, Saved at =inf, TrLoss=0.2606]
 Training FV-otc-s42-t8:  48%|████▊     | 24/50 [00:03<00:03,  8.18it/s, Saved at =inf, TrLoss=0.2606]
 Training FV-otc-s42-t8:  48%|████▊     | 24/50 [00:03<00:03,  8.18it/s, Saved at =inf, TrLoss=0.2780]
 Training FV-otc-s42-t8:  50%|█████     | 25/50 [00:03<00:03,  8.20it/s, Saved at =inf, TrLoss=0.2780]
 Training FV-otc-s42-t8:  50%|█████     | 25/50 [00:03<00:03,  8.20it/s, Saved at =inf, TrLoss=0.2547]
 Training FV-otc-s42-t8:  52%|█████▏    | 26/50 [00:03<00:02,  8.11it/s, Saved at =inf, TrLoss=0.2547]
 Training FV-otc-s42-t8:  52%|█████▏    | 26/50 [00:03<00:02,  8.11it/s, Saved at =inf, TrLoss=0.2688]
 Training FV-otc-s42-t8:  54%|█████▍    | 27/50 [00:03<00:02,  8.15it/s, Saved at =inf, TrLoss=0.2688]
 Training FV-otc-s42-t8:  54%|█████▍    | 27/50 [00:03<00:02,  8.15it/s, Saved at =inf, TrLoss=0.2587]
 Training FV-otc-s42-t8:  56%|█████▌    | 28/50 [00:03<00:02,  8.16it/s, Saved at =inf, TrLoss=0.2587]
 Training FV-otc-s42-t8:  56%|█████▌    | 28/50 [00:03<00:02,  8.16it/s, Saved at =inf, TrLoss=0.2521]
 Training FV-otc-s42-t8:  58%|█████▊    | 29/50 [00:03<00:02,  8.17it/s, Saved at =inf, TrLoss=0.2521]
 Training FV-otc-s42-t8:  58%|█████▊    | 29/50 [00:03<00:02,  8.17it/s, Saved at =inf, TrLoss=0.2465]
 Training FV-otc-s42-t8:  60%|██████    | 30/50 [00:03<00:02,  8.17it/s, Saved at =inf, TrLoss=0.2465]
 Training FV-otc-s42-t8:  60%|██████    | 30/50 [00:03<00:02,  8.17it/s, Saved at =inf, TrLoss=0.2450]
 Training FV-otc-s42-t8:  62%|██████▏   | 31/50 [00:03<00:02,  8.19it/s, Saved at =inf, TrLoss=0.2450]
 Training FV-otc-s42-t8:  62%|██████▏   | 31/50 [00:04<00:02,  8.19it/s, Saved at =inf, TrLoss=0.2433]
 Training FV-otc-s42-t8:  64%|██████▍   | 32/50 [00:04<00:02,  8.20it/s, Saved at =inf, TrLoss=0.2433]
 Training FV-otc-s42-t8:  64%|██████▍   | 32/50 [00:04<00:02,  8.20it/s, Saved at =inf, TrLoss=0.2399]
 Training FV-otc-s42-t8:  66%|██████▌   | 33/50 [00:04<00:02,  8.21it/s, Saved at =inf, TrLoss=0.2399]
 Training FV-otc-s42-t8:  66%|██████▌   | 33/50 [00:04<00:02,  8.21it/s, Saved at =inf, TrLoss=0.2353]
 Training FV-otc-s42-t8:  68%|██████▊   | 34/50 [00:04<00:01,  8.22it/s, Saved at =inf, TrLoss=0.2353]
 Training FV-otc-s42-t8:  68%|██████▊   | 34/50 [00:04<00:01,  8.22it/s, Saved at =inf, TrLoss=0.2370]
 Training FV-otc-s42-t8:  70%|███████   | 35/50 [00:04<00:01,  8.19it/s, Saved at =inf, TrLoss=0.2370]
 Training FV-otc-s42-t8:  70%|███████   | 35/50 [00:04<00:01,  8.19it/s, Saved at =inf, TrLoss=0.2343]
 Training FV-otc-s42-t8:  72%|███████▏  | 36/50 [00:04<00:01,  8.20it/s, Saved at =inf, TrLoss=0.2343]
 Training FV-otc-s42-t8:  72%|███████▏  | 36/50 [00:04<00:01,  8.20it/s, Saved at =inf, TrLoss=0.2345]
 Training FV-otc-s42-t8:  74%|███████▍  | 37/50 [00:04<00:01,  8.21it/s, Saved at =inf, TrLoss=0.2345]
 Training FV-otc-s42-t8:  74%|███████▍  | 37/50 [00:04<00:01,  8.21it/s, Saved at =inf, TrLoss=0.2334]
 Training FV-otc-s42-t8:  76%|███████▌  | 38/50 [00:04<00:01,  8.22it/s, Saved at =inf, TrLoss=0.2334]
 Training FV-otc-s42-t8:  76%|███████▌  | 38/50 [00:04<00:01,  8.22it/s, Saved at =inf, TrLoss=0.2289]
 Training FV-otc-s42-t8:  78%|███████▊  | 39/50 [00:04<00:01,  8.18it/s, Saved at =inf, TrLoss=0.2289]
 Training FV-otc-s42-t8:  78%|███████▊  | 39/50 [00:05<00:01,  8.18it/s, Saved at =inf, TrLoss=0.2313]
 Training FV-otc-s42-t8:  80%|████████  | 40/50 [00:05<00:01,  8.20it/s, Saved at =inf, TrLoss=0.2313]
 Training FV-otc-s42-t8:  80%|████████  | 40/50 [00:05<00:01,  8.20it/s, Saved at =inf, TrLoss=0.2220]
 Training FV-otc-s42-t8:  82%|████████▏ | 41/50 [00:05<00:01,  8.21it/s, Saved at =inf, TrLoss=0.2220]
 Training FV-otc-s42-t8:  82%|████████▏ | 41/50 [00:05<00:01,  8.21it/s, Saved at =inf, TrLoss=0.2294]
 Training FV-otc-s42-t8:  84%|████████▍ | 42/50 [00:05<00:00,  8.22it/s, Saved at =inf, TrLoss=0.2294]
 Training FV-otc-s42-t8:  84%|████████▍ | 42/50 [00:05<00:00,  8.22it/s, Saved at =inf, TrLoss=0.2211]
 Training FV-otc-s42-t8:  86%|████████▌ | 43/50 [00:05<00:00,  8.23it/s, Saved at =inf, TrLoss=0.2211]
 Training FV-otc-s42-t8:  86%|████████▌ | 43/50 [00:05<00:00,  8.23it/s, Saved at =inf, TrLoss=0.2257]
 Training FV-otc-s42-t8:  88%|████████▊ | 44/50 [00:05<00:00,  8.23it/s, Saved at =inf, TrLoss=0.2257]
 Training FV-otc-s42-t8:  88%|████████▊ | 44/50 [00:05<00:00,  8.23it/s, Saved at =inf, TrLoss=0.2235]
 Training FV-otc-s42-t8:  90%|█████████ | 45/50 [00:05<00:00,  8.24it/s, Saved at =inf, TrLoss=0.2235]
 Training FV-otc-s42-t8:  90%|█████████ | 45/50 [00:05<00:00,  8.24it/s, Saved at =inf, TrLoss=0.2221]
 Training FV-otc-s42-t8:  92%|█████████▏| 46/50 [00:05<00:00,  8.24it/s, Saved at =inf, TrLoss=0.2221]
 Training FV-otc-s42-t8:  92%|█████████▏| 46/50 [00:05<00:00,  8.24it/s, Saved at =inf, TrLoss=0.2233]
 Training FV-otc-s42-t8:  94%|█████████▍| 47/50 [00:05<00:00,  8.24it/s, Saved at =inf, TrLoss=0.2233]
 Training FV-otc-s42-t8:  94%|█████████▍| 47/50 [00:05<00:00,  8.24it/s, Saved at =inf, TrLoss=0.2143]
 Training FV-otc-s42-t8:  96%|█████████▌| 48/50 [00:06<00:00,  8.24it/s, Saved at =inf, TrLoss=0.2143]
 Training FV-otc-s42-t8:  96%|█████████▌| 48/50 [00:06<00:00,  8.24it/s, Saved at =inf, TrLoss=0.2241]
 Training FV-otc-s42-t8:  98%|█████████▊| 49/50 [00:06<00:00,  8.24it/s, Saved at =inf, TrLoss=0.2241]
 Training FV-otc-s42-t8:  98%|█████████▊| 49/50 [00:06<00:00,  8.24it/s, Saved at =inf, TrLoss=0.2075]
 Training FV-otc-s42-t8: 100%|██████████| 50/50 [00:06<00:00,  8.20it/s, Saved at =inf, TrLoss=0.2075]
 Training FV-otc-s42-t8: 100%|██████████| 50/50 [00:06<00:00,  7.97it/s, Saved at =inf, TrLoss=0.2075]

 Training FV-otc-s42-t9:   0%|          | 0/50 [00:00<?, ?it/s]
 Training FV-otc-s42-t9:   0%|          | 0/50 [00:00<?, ?it/s, Saved at =inf, TrLoss=0.9548]
 Training FV-otc-s42-t9:   2%|▏         | 1/50 [00:00<00:07,  6.42it/s, Saved at =inf, TrLoss=0.9548]
 Training FV-otc-s42-t9:   2%|▏         | 1/50 [00:00<00:07,  6.42it/s, Saved at =inf, TrLoss=0.7471]
 Training FV-otc-s42-t9:   4%|▍         | 2/50 [00:00<00:07,  6.82it/s, Saved at =inf, TrLoss=0.7471]
 Training FV-otc-s42-t9:   4%|▍         | 2/50 [00:00<00:07,  6.82it/s, Saved at =inf, TrLoss=0.7085]
 Training FV-otc-s42-t9:   6%|▌         | 3/50 [00:00<00:06,  6.95it/s, Saved at =inf, TrLoss=0.7085]
 Training FV-otc-s42-t9:   6%|▌         | 3/50 [00:00<00:06,  6.95it/s, Saved at =inf, TrLoss=0.6100]
 Training FV-otc-s42-t9:   8%|▊         | 4/50 [00:00<00:06,  7.01it/s, Saved at =inf, TrLoss=0.6100]
 Training FV-otc-s42-t9:   8%|▊         | 4/50 [00:00<00:06,  7.01it/s, Saved at =inf, TrLoss=0.6046]
 Training FV-otc-s42-t9:  10%|█         | 5/50 [00:00<00:06,  7.05it/s, Saved at =inf, TrLoss=0.6046]
 Training FV-otc-s42-t9:  10%|█         | 5/50 [00:00<00:06,  7.05it/s, Saved at =inf, TrLoss=0.5337]
 Training FV-otc-s42-t9:  12%|█▏        | 6/50 [00:00<00:06,  7.08it/s, Saved at =inf, TrLoss=0.5337]
 Training FV-otc-s42-t9:  12%|█▏        | 6/50 [00:00<00:06,  7.08it/s, Saved at =inf, TrLoss=0.4918]
 Training FV-otc-s42-t9:  14%|█▍        | 7/50 [00:00<00:06,  7.10it/s, Saved at =inf, TrLoss=0.4918]
 Training FV-otc-s42-t9:  14%|█▍        | 7/50 [00:01<00:06,  7.10it/s, Saved at =inf, TrLoss=0.4298]
 Training FV-otc-s42-t9:  16%|█▌        | 8/50 [00:01<00:05,  7.11it/s, Saved at =inf, TrLoss=0.4298]
 Training FV-otc-s42-t9:  16%|█▌        | 8/50 [00:01<00:05,  7.11it/s, Saved at =inf, TrLoss=0.4117]
 Training FV-otc-s42-t9:  18%|█▊        | 9/50 [00:01<00:05,  7.09it/s, Saved at =inf, TrLoss=0.4117]
 Training FV-otc-s42-t9:  18%|█▊        | 9/50 [00:01<00:05,  7.09it/s, Saved at =inf, TrLoss=0.3715]
 Training FV-otc-s42-t9:  20%|██        | 10/50 [00:01<00:05,  7.10it/s, Saved at =inf, TrLoss=0.3715]
 Training FV-otc-s42-t9:  20%|██        | 10/50 [00:01<00:05,  7.10it/s, Saved at =inf, TrLoss=0.3872]
 Training FV-otc-s42-t9:  22%|██▏       | 11/50 [00:01<00:05,  7.11it/s, Saved at =inf, TrLoss=0.3872]
 Training FV-otc-s42-t9:  22%|██▏       | 11/50 [00:01<00:05,  7.11it/s, Saved at =inf, TrLoss=0.3852]
 Training FV-otc-s42-t9:  24%|██▍       | 12/50 [00:01<00:05,  7.12it/s, Saved at =inf, TrLoss=0.3852]
 Training FV-otc-s42-t9:  24%|██▍       | 12/50 [00:01<00:05,  7.12it/s, Saved at =inf, TrLoss=0.3640]
 Training FV-otc-s42-t9:  26%|██▌       | 13/50 [00:01<00:05,  7.12it/s, Saved at =inf, TrLoss=0.3640]
 Training FV-otc-s42-t9:  26%|██▌       | 13/50 [00:01<00:05,  7.12it/s, Saved at =inf, TrLoss=0.3441]
 Training FV-otc-s42-t9:  28%|██▊       | 14/50 [00:01<00:05,  7.13it/s, Saved at =inf, TrLoss=0.3441]
 Training FV-otc-s42-t9:  28%|██▊       | 14/50 [00:02<00:05,  7.13it/s, Saved at =inf, TrLoss=0.3265]
 Training FV-otc-s42-t9:  30%|███       | 15/50 [00:02<00:04,  7.13it/s, Saved at =inf, TrLoss=0.3265]
 Training FV-otc-s42-t9:  30%|███       | 15/50 [00:02<00:04,  7.13it/s, Saved at =inf, TrLoss=0.3238]
 Training FV-otc-s42-t9:  32%|███▏      | 16/50 [00:02<00:04,  7.13it/s, Saved at =inf, TrLoss=0.3238]
 Training FV-otc-s42-t9:  32%|███▏      | 16/50 [00:02<00:04,  7.13it/s, Saved at =inf, TrLoss=0.3214]
 Training FV-otc-s42-t9:  34%|███▍      | 17/50 [00:02<00:04,  7.13it/s, Saved at =inf, TrLoss=0.3214]
 Training FV-otc-s42-t9:  34%|███▍      | 17/50 [00:02<00:04,  7.13it/s, Saved at =inf, TrLoss=0.3052]
 Training FV-otc-s42-t9:  36%|███▌      | 18/50 [00:02<00:04,  7.13it/s, Saved at =inf, TrLoss=0.3052]
 Training FV-otc-s42-t9:  36%|███▌      | 18/50 [00:02<00:04,  7.13it/s, Saved at =inf, TrLoss=0.3050]
 Training FV-otc-s42-t9:  38%|███▊      | 19/50 [00:02<00:04,  7.13it/s, Saved at =inf, TrLoss=0.3050]
 Training FV-otc-s42-t9:  38%|███▊      | 19/50 [00:02<00:04,  7.13it/s, Saved at =inf, TrLoss=0.2984]
 Training FV-otc-s42-t9:  40%|████      | 20/50 [00:02<00:04,  7.13it/s, Saved at =inf, TrLoss=0.2984]
 Training FV-otc-s42-t9:  40%|████      | 20/50 [00:02<00:04,  7.13it/s, Saved at =inf, TrLoss=0.2916]
 Training FV-otc-s42-t9:  42%|████▏     | 21/50 [00:02<00:04,  7.13it/s, Saved at =inf, TrLoss=0.2916]
 Training FV-otc-s42-t9:  42%|████▏     | 21/50 [00:03<00:04,  7.13it/s, Saved at =inf, TrLoss=0.2817]
 Training FV-otc-s42-t9:  44%|████▍     | 22/50 [00:03<00:03,  7.13it/s, Saved at =inf, TrLoss=0.2817]
 Training FV-otc-s42-t9:  44%|████▍     | 22/50 [00:03<00:03,  7.13it/s, Saved at =inf, TrLoss=0.2785]
 Training FV-otc-s42-t9:  46%|████▌     | 23/50 [00:03<00:03,  7.13it/s, Saved at =inf, TrLoss=0.2785]
 Training FV-otc-s42-t9:  46%|████▌     | 23/50 [00:03<00:03,  7.13it/s, Saved at =inf, TrLoss=0.2755]
 Training FV-otc-s42-t9:  48%|████▊     | 24/50 [00:03<00:03,  7.13it/s, Saved at =inf, TrLoss=0.2755]
 Training FV-otc-s42-t9:  48%|████▊     | 24/50 [00:03<00:03,  7.13it/s, Saved at =inf, TrLoss=0.2669]
 Training FV-otc-s42-t9:  50%|█████     | 25/50 [00:03<00:03,  7.13it/s, Saved at =inf, TrLoss=0.2669]
 Training FV-otc-s42-t9:  50%|█████     | 25/50 [00:03<00:03,  7.13it/s, Saved at =inf, TrLoss=0.2637]
 Training FV-otc-s42-t9:  52%|█████▏    | 26/50 [00:03<00:03,  7.13it/s, Saved at =inf, TrLoss=0.2637]
 Training FV-otc-s42-t9:  52%|█████▏    | 26/50 [00:03<00:03,  7.13it/s, Saved at =inf, TrLoss=0.2601]
 Training FV-otc-s42-t9:  54%|█████▍    | 27/50 [00:03<00:03,  7.13it/s, Saved at =inf, TrLoss=0.2601]
 Training FV-otc-s42-t9:  54%|█████▍    | 27/50 [00:03<00:03,  7.13it/s, Saved at =inf, TrLoss=0.2597]
 Training FV-otc-s42-t9:  56%|█████▌    | 28/50 [00:03<00:03,  7.13it/s, Saved at =inf, TrLoss=0.2597]
 Training FV-otc-s42-t9:  56%|█████▌    | 28/50 [00:04<00:03,  7.13it/s, Saved at =inf, TrLoss=0.2625]
 Training FV-otc-s42-t9:  58%|█████▊    | 29/50 [00:04<00:02,  7.13it/s, Saved at =inf, TrLoss=0.2625]
 Training FV-otc-s42-t9:  58%|█████▊    | 29/50 [00:04<00:02,  7.13it/s, Saved at =inf, TrLoss=0.2657]
 Training FV-otc-s42-t9:  60%|██████    | 30/50 [00:04<00:02,  7.13it/s, Saved at =inf, TrLoss=0.2657]
 Training FV-otc-s42-t9:  60%|██████    | 30/50 [00:04<00:02,  7.13it/s, Saved at =inf, TrLoss=0.2544]
 Training FV-otc-s42-t9:  62%|██████▏   | 31/50 [00:04<00:02,  7.13it/s, Saved at =inf, TrLoss=0.2544]
 Training FV-otc-s42-t9:  62%|██████▏   | 31/50 [00:04<00:02,  7.13it/s, Saved at =inf, TrLoss=0.2405]
 Training FV-otc-s42-t9:  64%|██████▍   | 32/50 [00:04<00:02,  7.13it/s, Saved at =inf, TrLoss=0.2405]
 Training FV-otc-s42-t9:  64%|██████▍   | 32/50 [00:04<00:02,  7.13it/s, Saved at =inf, TrLoss=0.2483]
 Training FV-otc-s42-t9:  66%|██████▌   | 33/50 [00:04<00:02,  7.14it/s, Saved at =inf, TrLoss=0.2483]
 Training FV-otc-s42-t9:  66%|██████▌   | 33/50 [00:04<00:02,  7.14it/s, Saved at =inf, TrLoss=0.2435]
 Training FV-otc-s42-t9:  68%|██████▊   | 34/50 [00:04<00:02,  7.10it/s, Saved at =inf, TrLoss=0.2435]
 Training FV-otc-s42-t9:  68%|██████▊   | 34/50 [00:04<00:02,  7.10it/s, Saved at =inf, TrLoss=0.2368]
 Training FV-otc-s42-t9:  70%|███████   | 35/50 [00:04<00:02,  7.11it/s, Saved at =inf, TrLoss=0.2368]
 Training FV-otc-s42-t9:  70%|███████   | 35/50 [00:05<00:02,  7.11it/s, Saved at =inf, TrLoss=0.2399]
 Training FV-otc-s42-t9:  72%|███████▏  | 36/50 [00:05<00:01,  7.12it/s, Saved at =inf, TrLoss=0.2399]
 Training FV-otc-s42-t9:  72%|███████▏  | 36/50 [00:05<00:01,  7.12it/s, Saved at =inf, TrLoss=0.2308]
 Training FV-otc-s42-t9:  74%|███████▍  | 37/50 [00:05<00:01,  7.12it/s, Saved at =inf, TrLoss=0.2308]
 Training FV-otc-s42-t9:  74%|███████▍  | 37/50 [00:05<00:01,  7.12it/s, Saved at =inf, TrLoss=0.2286]
 Training FV-otc-s42-t9:  76%|███████▌  | 38/50 [00:05<00:01,  7.12it/s, Saved at =inf, TrLoss=0.2286]
 Training FV-otc-s42-t9:  76%|███████▌  | 38/50 [00:05<00:01,  7.12it/s, Saved at =inf, TrLoss=0.2286]
 Training FV-otc-s42-t9:  78%|███████▊  | 39/50 [00:05<00:01,  7.11it/s, Saved at =inf, TrLoss=0.2286]
 Training FV-otc-s42-t9:  78%|███████▊  | 39/50 [00:05<00:01,  7.11it/s, Saved at =inf, TrLoss=0.2249]
 Training FV-otc-s42-t9:  80%|████████  | 40/50 [00:05<00:01,  7.12it/s, Saved at =inf, TrLoss=0.2249]
 Training FV-otc-s42-t9:  80%|████████  | 40/50 [00:05<00:01,  7.12it/s, Saved at =inf, TrLoss=0.2228]
 Training FV-otc-s42-t9:  82%|████████▏ | 41/50 [00:05<00:01,  7.11it/s, Saved at =inf, TrLoss=0.2228]
 Training FV-otc-s42-t9:  82%|████████▏ | 41/50 [00:05<00:01,  7.11it/s, Saved at =inf, TrLoss=0.2231]
 Training FV-otc-s42-t9:  84%|████████▍ | 42/50 [00:05<00:01,  7.12it/s, Saved at =inf, TrLoss=0.2231]
 Training FV-otc-s42-t9:  84%|████████▍ | 42/50 [00:06<00:01,  7.12it/s, Saved at =inf, TrLoss=0.2217]
 Training FV-otc-s42-t9:  86%|████████▌ | 43/50 [00:06<00:00,  7.12it/s, Saved at =inf, TrLoss=0.2217]
 Training FV-otc-s42-t9:  86%|████████▌ | 43/50 [00:06<00:00,  7.12it/s, Saved at =inf, TrLoss=0.2240]
 Training FV-otc-s42-t9:  88%|████████▊ | 44/50 [00:06<00:00,  7.12it/s, Saved at =inf, TrLoss=0.2240]
 Training FV-otc-s42-t9:  88%|████████▊ | 44/50 [00:06<00:00,  7.12it/s, Saved at =inf, TrLoss=0.2232]
 Training FV-otc-s42-t9:  90%|█████████ | 45/50 [00:06<00:00,  7.12it/s, Saved at =inf, TrLoss=0.2232]
 Training FV-otc-s42-t9:  90%|█████████ | 45/50 [00:06<00:00,  7.12it/s, Saved at =inf, TrLoss=0.2135]
 Training FV-otc-s42-t9:  92%|█████████▏| 46/50 [00:06<00:00,  7.13it/s, Saved at =inf, TrLoss=0.2135]
 Training FV-otc-s42-t9:  92%|█████████▏| 46/50 [00:06<00:00,  7.13it/s, Saved at =inf, TrLoss=0.2243]
 Training FV-otc-s42-t9:  94%|█████████▍| 47/50 [00:06<00:00,  7.13it/s, Saved at =inf, TrLoss=0.2243]
 Training FV-otc-s42-t9:  94%|█████████▍| 47/50 [00:06<00:00,  7.13it/s, Saved at =inf, TrLoss=0.2119]
 Training FV-otc-s42-t9:  96%|█████████▌| 48/50 [00:06<00:00,  7.13it/s, Saved at =inf, TrLoss=0.2119]
 Training FV-otc-s42-t9:  96%|█████████▌| 48/50 [00:06<00:00,  7.13it/s, Saved at =inf, TrLoss=0.2143]
 Training FV-otc-s42-t9:  98%|█████████▊| 49/50 [00:06<00:00,  7.13it/s, Saved at =inf, TrLoss=0.2143]
 Training FV-otc-s42-t9:  98%|█████████▊| 49/50 [00:07<00:00,  7.13it/s, Saved at =inf, TrLoss=0.2131]
 Training FV-otc-s42-t9: 100%|██████████| 50/50 [00:07<00:00,  7.11it/s, Saved at =inf, TrLoss=0.2131]
 Training FV-otc-s42-t9: 100%|██████████| 50/50 [00:07<00:00,  7.11it/s, Saved at =inf, TrLoss=0.2131]

 Training ATK-otc-s42-t7:   0%|          | 0/50 [00:00<?, ?it/s]
 Training ATK-otc-s42-t7:   0%|          | 0/50 [00:00<?, ?it/s, Saved at =inf, TrLoss=0.6894]
 Training ATK-otc-s42-t7:   2%|▏         | 1/50 [00:00<00:05,  8.43it/s, Saved at =inf, TrLoss=0.6894]
 Training ATK-otc-s42-t7:   2%|▏         | 1/50 [00:00<00:05,  8.43it/s, Saved at =inf, TrLoss=0.6593]
 Training ATK-otc-s42-t7:   4%|▍         | 2/50 [00:00<00:05,  8.94it/s, Saved at =inf, TrLoss=0.6593]
 Training ATK-otc-s42-t7:   4%|▍         | 2/50 [00:00<00:05,  8.94it/s, Saved at =inf, TrLoss=0.6793]
 Training ATK-otc-s42-t7:   6%|▌         | 3/50 [00:00<00:05,  9.12it/s, Saved at =inf, TrLoss=0.6793]
 Training ATK-otc-s42-t7:   6%|▌         | 3/50 [00:00<00:05,  9.12it/s, Saved at =inf, TrLoss=0.5581]
 Training ATK-otc-s42-t7:   8%|▊         | 4/50 [00:00<00:04,  9.21it/s, Saved at =inf, TrLoss=0.5581]
 Training ATK-otc-s42-t7:   8%|▊         | 4/50 [00:00<00:04,  9.21it/s, Saved at =inf, TrLoss=0.4691]
 Training ATK-otc-s42-t7:  10%|█         | 5/50 [00:00<00:04,  9.29it/s, Saved at =inf, TrLoss=0.4691]
 Training ATK-otc-s42-t7:  10%|█         | 5/50 [00:00<00:04,  9.29it/s, Saved at =inf, TrLoss=0.5048]
 Training ATK-otc-s42-t7:  12%|█▏        | 6/50 [00:00<00:04,  9.31it/s, Saved at =inf, TrLoss=0.5048]
 Training ATK-otc-s42-t7:  12%|█▏        | 6/50 [00:00<00:04,  9.31it/s, Saved at =inf, TrLoss=0.4910]
 Training ATK-otc-s42-t7:  14%|█▍        | 7/50 [00:00<00:04,  9.32it/s, Saved at =inf, TrLoss=0.4910]
 Training ATK-otc-s42-t7:  14%|█▍        | 7/50 [00:00<00:04,  9.32it/s, Saved at =inf, TrLoss=0.4054]
 Training ATK-otc-s42-t7:  16%|█▌        | 8/50 [00:00<00:04,  9.33it/s, Saved at =inf, TrLoss=0.4054]
 Training ATK-otc-s42-t7:  16%|█▌        | 8/50 [00:00<00:04,  9.33it/s, Saved at =inf, TrLoss=0.3655]
 Training ATK-otc-s42-t7:  18%|█▊        | 9/50 [00:00<00:04,  9.33it/s, Saved at =inf, TrLoss=0.3655]
 Training ATK-otc-s42-t7:  18%|█▊        | 9/50 [00:01<00:04,  9.33it/s, Saved at =inf, TrLoss=0.3788]
 Training ATK-otc-s42-t7:  20%|██        | 10/50 [00:01<00:04,  9.33it/s, Saved at =inf, TrLoss=0.3788]
 Training ATK-otc-s42-t7:  20%|██        | 10/50 [00:01<00:04,  9.33it/s, Saved at =inf, TrLoss=0.3430]
 Training ATK-otc-s42-t7:  22%|██▏       | 11/50 [00:01<00:04,  9.34it/s, Saved at =inf, TrLoss=0.3430]
 Training ATK-otc-s42-t7:  22%|██▏       | 11/50 [00:01<00:04,  9.34it/s, Saved at =inf, TrLoss=0.3530]
 Training ATK-otc-s42-t7:  24%|██▍       | 12/50 [00:01<00:04,  9.30it/s, Saved at =inf, TrLoss=0.3530]
 Training ATK-otc-s42-t7:  24%|██▍       | 12/50 [00:01<00:04,  9.30it/s, Saved at =inf, TrLoss=0.3435]
 Training ATK-otc-s42-t7:  26%|██▌       | 13/50 [00:01<00:03,  9.31it/s, Saved at =inf, TrLoss=0.3435]
 Training ATK-otc-s42-t7:  26%|██▌       | 13/50 [00:01<00:03,  9.31it/s, Saved at =inf, TrLoss=0.3108]
 Training ATK-otc-s42-t7:  28%|██▊       | 14/50 [00:01<00:03,  9.32it/s, Saved at =inf, TrLoss=0.3108]
 Training ATK-otc-s42-t7:  28%|██▊       | 14/50 [00:01<00:03,  9.32it/s, Saved at =inf, TrLoss=0.3025]
 Training ATK-otc-s42-t7:  30%|███       | 15/50 [00:01<00:03,  8.87it/s, Saved at =inf, TrLoss=0.3025]
 Training ATK-otc-s42-t7:  30%|███       | 15/50 [00:01<00:03,  8.87it/s, Saved at =inf, TrLoss=0.2961]
 Training ATK-otc-s42-t7:  32%|███▏      | 16/50 [00:01<00:03,  8.72it/s, Saved at =inf, TrLoss=0.2961]
 Training ATK-otc-s42-t7:  32%|███▏      | 16/50 [00:01<00:03,  8.72it/s, Saved at =inf, TrLoss=0.2880]
 Training ATK-otc-s42-t7:  34%|███▍      | 17/50 [00:01<00:03,  8.57it/s, Saved at =inf, TrLoss=0.2880]
 Training ATK-otc-s42-t7:  34%|███▍      | 17/50 [00:01<00:03,  8.57it/s, Saved at =inf, TrLoss=0.2832]
 Training ATK-otc-s42-t7:  36%|███▌      | 18/50 [00:02<00:03,  8.22it/s, Saved at =inf, TrLoss=0.2832]
 Training ATK-otc-s42-t7:  36%|███▌      | 18/50 [00:02<00:03,  8.22it/s, Saved at =inf, TrLoss=0.2840]
 Training ATK-otc-s42-t7:  38%|███▊      | 19/50 [00:02<00:03,  7.95it/s, Saved at =inf, TrLoss=0.2840]
 Training ATK-otc-s42-t7:  38%|███▊      | 19/50 [00:02<00:03,  7.95it/s, Saved at =inf, TrLoss=0.2722]
 Training ATK-otc-s42-t7:  40%|████      | 20/50 [00:02<00:03,  7.80it/s, Saved at =inf, TrLoss=0.2722]
 Training ATK-otc-s42-t7:  40%|████      | 20/50 [00:02<00:03,  7.80it/s, Saved at =inf, TrLoss=0.2772]
 Training ATK-otc-s42-t7:  42%|████▏     | 21/50 [00:02<00:03,  7.86it/s, Saved at =inf, TrLoss=0.2772]
 Training ATK-otc-s42-t7:  42%|████▏     | 21/50 [00:02<00:03,  7.86it/s, Saved at =inf, TrLoss=0.2685]
 Training ATK-otc-s42-t7:  44%|████▍     | 22/50 [00:02<00:03,  7.89it/s, Saved at =inf, TrLoss=0.2685]
 Training ATK-otc-s42-t7:  44%|████▍     | 22/50 [00:02<00:03,  7.89it/s, Saved at =inf, TrLoss=0.2602]
 Training ATK-otc-s42-t7:  46%|████▌     | 23/50 [00:02<00:03,  7.64it/s, Saved at =inf, TrLoss=0.2602]
 Training ATK-otc-s42-t7:  46%|████▌     | 23/50 [00:02<00:03,  7.64it/s, Saved at =inf, TrLoss=0.2494]
 Training ATK-otc-s42-t7:  48%|████▊     | 24/50 [00:02<00:03,  7.59it/s, Saved at =inf, TrLoss=0.2494]
 Training ATK-otc-s42-t7:  48%|████▊     | 24/50 [00:02<00:03,  7.59it/s, Saved at =inf, TrLoss=0.2472]
 Training ATK-otc-s42-t7:  50%|█████     | 25/50 [00:02<00:03,  7.53it/s, Saved at =inf, TrLoss=0.2472]
 Training ATK-otc-s42-t7:  50%|█████     | 25/50 [00:03<00:03,  7.53it/s, Saved at =inf, TrLoss=0.2412]
 Training ATK-otc-s42-t7:  52%|█████▏    | 26/50 [00:03<00:03,  7.77it/s, Saved at =inf, TrLoss=0.2412]
 Training ATK-otc-s42-t7:  52%|█████▏    | 26/50 [00:03<00:03,  7.77it/s, Saved at =inf, TrLoss=0.2396]
 Training ATK-otc-s42-t7:  54%|█████▍    | 27/50 [00:03<00:02,  8.17it/s, Saved at =inf, TrLoss=0.2396]
 Training ATK-otc-s42-t7:  54%|█████▍    | 27/50 [00:03<00:02,  8.17it/s, Saved at =inf, TrLoss=0.2361]
 Training ATK-otc-s42-t7:  56%|█████▌    | 28/50 [00:03<00:02,  8.49it/s, Saved at =inf, TrLoss=0.2361]
 Training ATK-otc-s42-t7:  56%|█████▌    | 28/50 [00:03<00:02,  8.49it/s, Saved at =inf, TrLoss=0.2319]
 Training ATK-otc-s42-t7:  58%|█████▊    | 29/50 [00:03<00:02,  8.73it/s, Saved at =inf, TrLoss=0.2319]
 Training ATK-otc-s42-t7:  58%|█████▊    | 29/50 [00:03<00:02,  8.73it/s, Saved at =inf, TrLoss=0.2271]
 Training ATK-otc-s42-t7:  60%|██████    | 30/50 [00:03<00:02,  8.91it/s, Saved at =inf, TrLoss=0.2271]
 Training ATK-otc-s42-t7:  60%|██████    | 30/50 [00:03<00:02,  8.91it/s, Saved at =inf, TrLoss=0.2273]
 Training ATK-otc-s42-t7:  62%|██████▏   | 31/50 [00:03<00:02,  9.04it/s, Saved at =inf, TrLoss=0.2273]
 Training ATK-otc-s42-t7:  62%|██████▏   | 31/50 [00:03<00:02,  9.04it/s, Saved at =inf, TrLoss=0.2258]
 Training ATK-otc-s42-t7:  64%|██████▍   | 32/50 [00:03<00:02,  8.47it/s, Saved at =inf, TrLoss=0.2258]
 Training ATK-otc-s42-t7:  64%|██████▍   | 32/50 [00:03<00:02,  8.47it/s, Saved at =inf, TrLoss=0.2195]
 Training ATK-otc-s42-t7:  66%|██████▌   | 33/50 [00:03<00:02,  8.22it/s, Saved at =inf, TrLoss=0.2195]
 Training ATK-otc-s42-t7:  66%|██████▌   | 33/50 [00:03<00:02,  8.22it/s, Saved at =inf, TrLoss=0.2214]
 Training ATK-otc-s42-t7:  68%|██████▊   | 34/50 [00:04<00:02,  7.81it/s, Saved at =inf, TrLoss=0.2214]
 Training ATK-otc-s42-t7:  68%|██████▊   | 34/50 [00:04<00:02,  7.81it/s, Saved at =inf, TrLoss=0.2239]
 Training ATK-otc-s42-t7:  70%|███████   | 35/50 [00:04<00:01,  8.21it/s, Saved at =inf, TrLoss=0.2239]
 Training ATK-otc-s42-t7:  70%|███████   | 35/50 [00:04<00:01,  8.21it/s, Saved at =inf, TrLoss=0.2121]
 Training ATK-otc-s42-t7:  72%|███████▏  | 36/50 [00:04<00:01,  8.52it/s, Saved at =inf, TrLoss=0.2121]
 Training ATK-otc-s42-t7:  72%|███████▏  | 36/50 [00:04<00:01,  8.52it/s, Saved at =inf, TrLoss=0.2112]
 Training ATK-otc-s42-t7:  74%|███████▍  | 37/50 [00:04<00:01,  8.75it/s, Saved at =inf, TrLoss=0.2112]
 Training ATK-otc-s42-t7:  74%|███████▍  | 37/50 [00:04<00:01,  8.75it/s, Saved at =inf, TrLoss=0.2078]
 Training ATK-otc-s42-t7:  76%|███████▌  | 38/50 [00:04<00:01,  8.92it/s, Saved at =inf, TrLoss=0.2078]
 Training ATK-otc-s42-t7:  76%|███████▌  | 38/50 [00:04<00:01,  8.92it/s, Saved at =inf, TrLoss=0.2052]
 Training ATK-otc-s42-t7:  78%|███████▊  | 39/50 [00:04<00:01,  9.04it/s, Saved at =inf, TrLoss=0.2052]
 Training ATK-otc-s42-t7:  78%|███████▊  | 39/50 [00:04<00:01,  9.04it/s, Saved at =inf, TrLoss=0.2068]
 Training ATK-otc-s42-t7:  80%|████████  | 40/50 [00:04<00:01,  9.13it/s, Saved at =inf, TrLoss=0.2068]
 Training ATK-otc-s42-t7:  80%|████████  | 40/50 [00:04<00:01,  9.13it/s, Saved at =inf, TrLoss=0.1981]
 Training ATK-otc-s42-t7:  82%|████████▏ | 41/50 [00:04<00:00,  9.19it/s, Saved at =inf, TrLoss=0.1981]
 Training ATK-otc-s42-t7:  82%|████████▏ | 41/50 [00:04<00:00,  9.19it/s, Saved at =inf, TrLoss=0.1996]
 Training ATK-otc-s42-t7:  84%|████████▍ | 42/50 [00:04<00:00,  9.24it/s, Saved at =inf, TrLoss=0.1996]
 Training ATK-otc-s42-t7:  84%|████████▍ | 42/50 [00:04<00:00,  9.24it/s, Saved at =inf, TrLoss=0.1946]
 Training ATK-otc-s42-t7:  86%|████████▌ | 43/50 [00:04<00:00,  9.23it/s, Saved at =inf, TrLoss=0.1946]
 Training ATK-otc-s42-t7:  86%|████████▌ | 43/50 [00:05<00:00,  9.23it/s, Saved at =inf, TrLoss=0.2029]
 Training ATK-otc-s42-t7:  88%|████████▊ | 44/50 [00:05<00:00,  9.26it/s, Saved at =inf, TrLoss=0.2029]
 Training ATK-otc-s42-t7:  88%|████████▊ | 44/50 [00:05<00:00,  9.26it/s, Saved at =inf, TrLoss=0.1983]
 Training ATK-otc-s42-t7:  90%|█████████ | 45/50 [00:05<00:00,  9.28it/s, Saved at =inf, TrLoss=0.1983]
 Training ATK-otc-s42-t7:  90%|█████████ | 45/50 [00:05<00:00,  9.28it/s, Saved at =inf, TrLoss=0.2011]
 Training ATK-otc-s42-t7:  92%|█████████▏| 46/50 [00:05<00:00,  9.30it/s, Saved at =inf, TrLoss=0.2011]
 Training ATK-otc-s42-t7:  92%|█████████▏| 46/50 [00:05<00:00,  9.30it/s, Saved at =inf, TrLoss=0.1988]
 Training ATK-otc-s42-t7:  94%|█████████▍| 47/50 [00:05<00:00,  9.31it/s, Saved at =inf, TrLoss=0.1988]
 Training ATK-otc-s42-t7:  94%|█████████▍| 47/50 [00:05<00:00,  9.31it/s, Saved at =inf, TrLoss=0.1935]
 Training ATK-otc-s42-t7:  96%|█████████▌| 48/50 [00:05<00:00,  9.31it/s, Saved at =inf, TrLoss=0.1935]
 Training ATK-otc-s42-t7:  96%|█████████▌| 48/50 [00:05<00:00,  9.31it/s, Saved at =inf, TrLoss=0.1996]
 Training ATK-otc-s42-t7:  98%|█████████▊| 49/50 [00:05<00:00,  9.31it/s, Saved at =inf, TrLoss=0.1996]
 Training ATK-otc-s42-t7:  98%|█████████▊| 49/50 [00:05<00:00,  9.31it/s, Saved at =inf, TrLoss=0.1818]
 Training ATK-otc-s42-t7: 100%|██████████| 50/50 [00:05<00:00,  9.32it/s, Saved at =inf, TrLoss=0.1818]
 Training ATK-otc-s42-t7: 100%|██████████| 50/50 [00:05<00:00,  8.75it/s, Saved at =inf, TrLoss=0.1818]
[06:18:09]   MCC=0.397±0.105, AUC=0.760±0.075, BAcc=0.680±0.047
[06:18:09] Training GDTE on otc (seed=1)...

 Training FV-otc-s1-t2:   0%|          | 0/50 [00:00<?, ?it/s]
 Training FV-otc-s1-t2:   0%|          | 0/50 [00:00<?, ?it/s, Saved at =inf, TrLoss=0.7166]
 Training FV-otc-s1-t2:   0%|          | 0/50 [00:00<?, ?it/s, Saved at =inf, TrLoss=0.5475]
 Training FV-otc-s1-t2:   0%|          | 0/50 [00:00<?, ?it/s, Saved at =inf, TrLoss=0.4565]
 Training FV-otc-s1-t2:   0%|          | 0/50 [00:00<?, ?it/s, Saved at =inf, TrLoss=0.4664]
 Training FV-otc-s1-t2:   8%|▊         | 4/50 [00:00<00:01, 31.27it/s, Saved at =inf, TrLoss=0.4664]
 Training FV-otc-s1-t2:   8%|▊         | 4/50 [00:00<00:01, 31.27it/s, Saved at =inf, TrLoss=0.3041]
 Training FV-otc-s1-t2:   8%|▊         | 4/50 [00:00<00:01, 31.27it/s, Saved at =inf, TrLoss=0.2621]
 Training FV-otc-s1-t2:   8%|▊         | 4/50 [00:00<00:01, 31.27it/s, Saved at =inf, TrLoss=0.2439]
 Training FV-otc-s1-t2:   8%|▊         | 4/50 [00:00<00:01, 31.27it/s, Saved at =inf, TrLoss=0.2127]
 Training FV-otc-s1-t2:  16%|█▌        | 8/50 [00:00<00:01, 31.39it/s, Saved at =inf, TrLoss=0.2127]
 Training FV-otc-s1-t2:  16%|█▌        | 8/50 [00:00<00:01, 31.39it/s, Saved at =inf, TrLoss=0.2005]
 Training FV-otc-s1-t2:  16%|█▌        | 8/50 [00:00<00:01, 31.39it/s, Saved at =inf, TrLoss=0.1819]
 Training FV-otc-s1-t2:  16%|█▌        | 8/50 [00:00<00:01, 31.39it/s, Saved at =inf, TrLoss=0.1937]
 Training FV-otc-s1-t2:  16%|█▌        | 8/50 [00:00<00:01, 31.39it/s, Saved at =inf, TrLoss=0.1659]
 Training FV-otc-s1-t2:  24%|██▍       | 12/50 [00:00<00:01, 31.43it/s, Saved at =inf, TrLoss=0.1659]
 Training FV-otc-s1-t2:  24%|██▍       | 12/50 [00:00<00:01, 31.43it/s, Saved at =inf, TrLoss=0.1853]
 Training FV-otc-s1-t2:  24%|██▍       | 12/50 [00:00<00:01, 31.43it/s, Saved at =inf, TrLoss=0.1716]
 Training FV-otc-s1-t2:  24%|██▍       | 12/50 [00:00<00:01, 31.43it/s, Saved at =inf, TrLoss=0.1648]
 Training FV-otc-s1-t2:  24%|██▍       | 12/50 [00:00<00:01, 31.43it/s, Saved at =inf, TrLoss=0.1360]
 Training FV-otc-s1-t2:  32%|███▏      | 16/50 [00:00<00:01, 31.47it/s, Saved at =inf, TrLoss=0.1360]
 Training FV-otc-s1-t2:  32%|███▏      | 16/50 [00:00<00:01, 31.47it/s, Saved at =inf, TrLoss=0.1428]
 Training FV-otc-s1-t2:  32%|███▏      | 16/50 [00:00<00:01, 31.47it/s, Saved at =inf, TrLoss=0.1449]
 Training FV-otc-s1-t2:  32%|███▏      | 16/50 [00:00<00:01, 31.47it/s, Saved at =inf, TrLoss=0.1301]
 Training FV-otc-s1-t2:  32%|███▏      | 16/50 [00:00<00:01, 31.47it/s, Saved at =inf, TrLoss=0.1274]
 Training FV-otc-s1-t2:  40%|████      | 20/50 [00:00<00:00, 31.47it/s, Saved at =inf, TrLoss=0.1274]
 Training FV-otc-s1-t2:  40%|████      | 20/50 [00:00<00:00, 31.47it/s, Saved at =inf, TrLoss=0.1132]
 Training FV-otc-s1-t2:  40%|████      | 20/50 [00:00<00:00, 31.47it/s, Saved at =inf, TrLoss=0.1381]
 Training FV-otc-s1-t2:  40%|████      | 20/50 [00:00<00:00, 31.47it/s, Saved at =inf, TrLoss=0.1426]
 Training FV-otc-s1-t2:  40%|████      | 20/50 [00:00<00:00, 31.47it/s, Saved at =inf, TrLoss=0.1545]
 Training FV-otc-s1-t2:  48%|████▊     | 24/50 [00:00<00:00, 31.48it/s, Saved at =inf, TrLoss=0.1545]
 Training FV-otc-s1-t2:  48%|████▊     | 24/50 [00:00<00:00, 31.48it/s, Saved at =inf, TrLoss=0.1197]
 Training FV-otc-s1-t2:  48%|████▊     | 24/50 [00:00<00:00, 31.48it/s, Saved at =inf, TrLoss=0.1561]
 Training FV-otc-s1-t2:  48%|████▊     | 24/50 [00:00<00:00, 31.48it/s, Saved at =inf, TrLoss=0.1100]
 Training FV-otc-s1-t2:  48%|████▊     | 24/50 [00:00<00:00, 31.48it/s, Saved at =inf, TrLoss=0.1477]
 Training FV-otc-s1-t2:  56%|█████▌    | 28/50 [00:00<00:00, 31.50it/s, Saved at =inf, TrLoss=0.1477]
 Training FV-otc-s1-t2:  56%|█████▌    | 28/50 [00:00<00:00, 31.50it/s, Saved at =inf, TrLoss=0.1211]
 Training FV-otc-s1-t2:  56%|█████▌    | 28/50 [00:00<00:00, 31.50it/s, Saved at =inf, TrLoss=0.1001]
 Training FV-otc-s1-t2:  56%|█████▌    | 28/50 [00:00<00:00, 31.50it/s, Saved at =inf, TrLoss=0.0955]
 Training FV-otc-s1-t2:  56%|█████▌    | 28/50 [00:01<00:00, 31.50it/s, Saved at =inf, TrLoss=0.0998]
 Training FV-otc-s1-t2:  64%|██████▍   | 32/50 [00:01<00:00, 31.49it/s, Saved at =inf, TrLoss=0.0998]
 Training FV-otc-s1-t2:  64%|██████▍   | 32/50 [00:01<00:00, 31.49it/s, Saved at =inf, TrLoss=0.0999]
 Training FV-otc-s1-t2:  64%|██████▍   | 32/50 [00:01<00:00, 31.49it/s, Saved at =inf, TrLoss=0.1059]
 Training FV-otc-s1-t2:  64%|██████▍   | 32/50 [00:01<00:00, 31.49it/s, Saved at =inf, TrLoss=0.0818]
 Training FV-otc-s1-t2:  64%|██████▍   | 32/50 [00:01<00:00, 31.49it/s, Saved at =inf, TrLoss=0.0888]
 Training FV-otc-s1-t2:  72%|███████▏  | 36/50 [00:01<00:00, 31.49it/s, Saved at =inf, TrLoss=0.0888]
 Training FV-otc-s1-t2:  72%|███████▏  | 36/50 [00:01<00:00, 31.49it/s, Saved at =inf, TrLoss=0.0775]
 Training FV-otc-s1-t2:  72%|███████▏  | 36/50 [00:01<00:00, 31.49it/s, Saved at =inf, TrLoss=0.0803]
 Training FV-otc-s1-t2:  72%|███████▏  | 36/50 [00:01<00:00, 31.49it/s, Saved at =inf, TrLoss=0.0659]
 Training FV-otc-s1-t2:  72%|███████▏  | 36/50 [00:01<00:00, 31.49it/s, Saved at =inf, TrLoss=0.0807]
 Training FV-otc-s1-t2:  80%|████████  | 40/50 [00:01<00:00, 31.49it/s, Saved at =inf, TrLoss=0.0807]
 Training FV-otc-s1-t2:  80%|████████  | 40/50 [00:01<00:00, 31.49it/s, Saved at =inf, TrLoss=0.0765]
 Training FV-otc-s1-t2:  80%|████████  | 40/50 [00:01<00:00, 31.49it/s, Saved at =inf, TrLoss=0.0715]
 Training FV-otc-s1-t2:  80%|████████  | 40/50 [00:01<00:00, 31.49it/s, Saved at =inf, TrLoss=0.0706]
 Training FV-otc-s1-t2:  80%|████████  | 40/50 [00:01<00:00, 31.49it/s, Saved at =inf, TrLoss=0.0752]
 Training FV-otc-s1-t2:  88%|████████▊ | 44/50 [00:01<00:00, 31.49it/s, Saved at =inf, TrLoss=0.0752]
 Training FV-otc-s1-t2:  88%|████████▊ | 44/50 [00:01<00:00, 31.49it/s, Saved at =inf, TrLoss=0.0783]
 Training FV-otc-s1-t2:  88%|████████▊ | 44/50 [00:01<00:00, 31.49it/s, Saved at =inf, TrLoss=0.0620]
 Training FV-otc-s1-t2:  88%|████████▊ | 44/50 [00:01<00:00, 31.49it/s, Saved at =inf, TrLoss=0.0691]
 Training FV-otc-s1-t2:  88%|████████▊ | 44/50 [00:01<00:00, 31.49it/s, Saved at =inf, TrLoss=0.0604]
 Training FV-otc-s1-t2:  96%|█████████▌| 48/50 [00:01<00:00, 31.50it/s, Saved at =inf, TrLoss=0.0604]
 Training FV-otc-s1-t2:  96%|█████████▌| 48/50 [00:01<00:00, 31.50it/s, Saved at =inf, TrLoss=0.1090]
 Training FV-otc-s1-t2:  96%|█████████▌| 48/50 [00:01<00:00, 31.50it/s, Saved at =inf, TrLoss=0.0814]
 Training FV-otc-s1-t2: 100%|██████████| 50/50 [00:01<00:00, 31.48it/s, Saved at =inf, TrLoss=0.0814]

 Training FV-otc-s1-t3:   0%|          | 0/50 [00:00<?, ?it/s]
 Training FV-otc-s1-t3:   0%|          | 0/50 [00:00<?, ?it/s, Saved at =inf, TrLoss=0.7878]
 Training FV-otc-s1-t3:   0%|          | 0/50 [00:00<?, ?it/s, Saved at =inf, TrLoss=0.8257]
 Training FV-otc-s1-t3:   0%|          | 0/50 [00:00<?, ?it/s, Saved at =inf, TrLoss=0.5418]
 Training FV-otc-s1-t3:   6%|▌         | 3/50 [00:00<00:02, 20.52it/s, Saved at =inf, TrLoss=0.5418]
 Training FV-otc-s1-t3:   6%|▌         | 3/50 [00:00<00:02, 20.52it/s, Saved at =inf, TrLoss=0.5495]
 Training FV-otc-s1-t3:   6%|▌         | 3/50 [00:00<00:02, 20.52it/s, Saved at =inf, TrLoss=0.4595]
 Training FV-otc-s1-t3:   6%|▌         | 3/50 [00:00<00:02, 20.52it/s, Saved at =inf, TrLoss=0.4075]
 Training FV-otc-s1-t3:  12%|█▏        | 6/50 [00:00<00:02, 20.53it/s, Saved at =inf, TrLoss=0.4075]
 Training FV-otc-s1-t3:  12%|█▏        | 6/50 [00:00<00:02, 20.53it/s, Saved at =inf, TrLoss=0.3605]
 Training FV-otc-s1-t3:  12%|█▏        | 6/50 [00:00<00:02, 20.53it/s, Saved at =inf, TrLoss=0.3026]
 Training FV-otc-s1-t3:  12%|█▏        | 6/50 [00:00<00:02, 20.53it/s, Saved at =inf, TrLoss=0.2979]
 Training FV-otc-s1-t3:  18%|█▊        | 9/50 [00:00<00:01, 20.53it/s, Saved at =inf, TrLoss=0.2979]
 Training FV-otc-s1-t3:  18%|█▊        | 9/50 [00:00<00:01, 20.53it/s, Saved at =inf, TrLoss=0.2708]
 Training FV-otc-s1-t3:  18%|█▊        | 9/50 [00:00<00:01, 20.53it/s, Saved at =inf, TrLoss=0.2568]
 Training FV-otc-s1-t3:  18%|█▊        | 9/50 [00:00<00:01, 20.53it/s, Saved at =inf, TrLoss=0.2341]
 Training FV-otc-s1-t3:  24%|██▍       | 12/50 [00:00<00:01, 20.53it/s, Saved at =inf, TrLoss=0.2341]
 Training FV-otc-s1-t3:  24%|██▍       | 12/50 [00:00<00:01, 20.53it/s, Saved at =inf, TrLoss=0.1972]
 Training FV-otc-s1-t3:  24%|██▍       | 12/50 [00:00<00:01, 20.53it/s, Saved at =inf, TrLoss=0.2004]
 Training FV-otc-s1-t3:  24%|██▍       | 12/50 [00:00<00:01, 20.53it/s, Saved at =inf, TrLoss=0.2121]
 Training FV-otc-s1-t3:  30%|███       | 15/50 [00:00<00:01, 20.54it/s, Saved at =inf, TrLoss=0.2121]
 Training FV-otc-s1-t3:  30%|███       | 15/50 [00:00<00:01, 20.54it/s, Saved at =inf, TrLoss=0.1767]
 Training FV-otc-s1-t3:  30%|███       | 15/50 [00:00<00:01, 20.54it/s, Saved at =inf, TrLoss=0.1722]
 Training FV-otc-s1-t3:  30%|███       | 15/50 [00:00<00:01, 20.54it/s, Saved at =inf, TrLoss=0.1718]
 Training FV-otc-s1-t3:  36%|███▌      | 18/50 [00:00<00:01, 20.54it/s, Saved at =inf, TrLoss=0.1718]
 Training FV-otc-s1-t3:  36%|███▌      | 18/50 [00:00<00:01, 20.54it/s, Saved at =inf, TrLoss=0.1734]
 Training FV-otc-s1-t3:  36%|███▌      | 18/50 [00:00<00:01, 20.54it/s, Saved at =inf, TrLoss=0.1734]
 Training FV-otc-s1-t3:  36%|███▌      | 18/50 [00:01<00:01, 20.54it/s, Saved at =inf, TrLoss=0.1637]
 Training FV-otc-s1-t3:  42%|████▏     | 21/50 [00:01<00:01, 20.55it/s, Saved at =inf, TrLoss=0.1637]
 Training FV-otc-s1-t3:  42%|████▏     | 21/50 [00:01<00:01, 20.55it/s, Saved at =inf, TrLoss=0.1857]
 Training FV-otc-s1-t3:  42%|████▏     | 21/50 [00:01<00:01, 20.55it/s, Saved at =inf, TrLoss=0.1904]
 Training FV-otc-s1-t3:  42%|████▏     | 21/50 [00:01<00:01, 20.55it/s, Saved at =inf, TrLoss=0.1766]
 Training FV-otc-s1-t3:  48%|████▊     | 24/50 [00:01<00:01, 20.55it/s, Saved at =inf, TrLoss=0.1766]
 Training FV-otc-s1-t3:  48%|████▊     | 24/50 [00:01<00:01, 20.55it/s, Saved at =inf, TrLoss=0.1657]
 Training FV-otc-s1-t3:  48%|████▊     | 24/50 [00:01<00:01, 20.55it/s, Saved at =inf, TrLoss=0.1610]
 Training FV-otc-s1-t3:  48%|████▊     | 24/50 [00:01<00:01, 20.55it/s, Saved at =inf, TrLoss=0.1493]
 Training FV-otc-s1-t3:  54%|█████▍    | 27/50 [00:01<00:01, 20.55it/s, Saved at =inf, TrLoss=0.1493]
 Training FV-otc-s1-t3:  54%|█████▍    | 27/50 [00:01<00:01, 20.55it/s, Saved at =inf, TrLoss=0.1511]
 Training FV-otc-s1-t3:  54%|█████▍    | 27/50 [00:01<00:01, 20.55it/s, Saved at =inf, TrLoss=0.1431]
 Training FV-otc-s1-t3:  54%|█████▍    | 27/50 [00:01<00:01, 20.55it/s, Saved at =inf, TrLoss=0.1442]
 Training FV-otc-s1-t3:  60%|██████    | 30/50 [00:01<00:00, 20.54it/s, Saved at =inf, TrLoss=0.1442]
 Training FV-otc-s1-t3:  60%|██████    | 30/50 [00:01<00:00, 20.54it/s, Saved at =inf, TrLoss=0.1567]
 Training FV-otc-s1-t3:  60%|██████    | 30/50 [00:01<00:00, 20.54it/s, Saved at =inf, TrLoss=0.1396]
 Training FV-otc-s1-t3:  60%|██████    | 30/50 [00:01<00:00, 20.54it/s, Saved at =inf, TrLoss=0.1311]
 Training FV-otc-s1-t3:  66%|██████▌   | 33/50 [00:01<00:00, 20.55it/s, Saved at =inf, TrLoss=0.1311]
 Training FV-otc-s1-t3:  66%|██████▌   | 33/50 [00:01<00:00, 20.55it/s, Saved at =inf, TrLoss=0.1433]
 Training FV-otc-s1-t3:  66%|██████▌   | 33/50 [00:01<00:00, 20.55it/s, Saved at =inf, TrLoss=0.1330]
 Training FV-otc-s1-t3:  66%|██████▌   | 33/50 [00:01<00:00, 20.55it/s, Saved at =inf, TrLoss=0.1199]
 Training FV-otc-s1-t3:  72%|███████▏  | 36/50 [00:01<00:00, 20.55it/s, Saved at =inf, TrLoss=0.1199]
 Training FV-otc-s1-t3:  72%|███████▏  | 36/50 [00:01<00:00, 20.55it/s, Saved at =inf, TrLoss=0.1277]
 Training FV-otc-s1-t3:  72%|███████▏  | 36/50 [00:01<00:00, 20.55it/s, Saved at =inf, TrLoss=0.1376]
 Training FV-otc-s1-t3:  72%|███████▏  | 36/50 [00:01<00:00, 20.55it/s, Saved at =inf, TrLoss=0.1160]
 Training FV-otc-s1-t3:  78%|███████▊  | 39/50 [00:01<00:00, 20.55it/s, Saved at =inf, TrLoss=0.1160]
 Training FV-otc-s1-t3:  78%|███████▊  | 39/50 [00:01<00:00, 20.55it/s, Saved at =inf, TrLoss=0.1142]
 Training FV-otc-s1-t3:  78%|███████▊  | 39/50 [00:01<00:00, 20.55it/s, Saved at =inf, TrLoss=0.1374]
 Training FV-otc-s1-t3:  78%|███████▊  | 39/50 [00:02<00:00, 20.55it/s, Saved at =inf, TrLoss=0.1077]
 Training FV-otc-s1-t3:  84%|████████▍ | 42/50 [00:02<00:00, 20.52it/s, Saved at =inf, TrLoss=0.1077]
 Training FV-otc-s1-t3:  84%|████████▍ | 42/50 [00:02<00:00, 20.52it/s, Saved at =inf, TrLoss=0.1375]
 Training FV-otc-s1-t3:  84%|████████▍ | 42/50 [00:02<00:00, 20.52it/s, Saved at =inf, TrLoss=0.1207]
 Training FV-otc-s1-t3:  84%|████████▍ | 42/50 [00:02<00:00, 20.52it/s, Saved at =inf, TrLoss=0.1450]
 Training FV-otc-s1-t3:  90%|█████████ | 45/50 [00:02<00:00, 20.52it/s, Saved at =inf, TrLoss=0.1450]
 Training FV-otc-s1-t3:  90%|█████████ | 45/50 [00:02<00:00, 20.52it/s, Saved at =inf, TrLoss=0.1028]
 Training FV-otc-s1-t3:  90%|█████████ | 45/50 [00:02<00:00, 20.52it/s, Saved at =inf, TrLoss=0.1372]
 Training FV-otc-s1-t3:  90%|█████████ | 45/50 [00:02<00:00, 20.52it/s, Saved at =inf, TrLoss=0.1060]
 Training FV-otc-s1-t3:  96%|█████████▌| 48/50 [00:02<00:00, 20.53it/s, Saved at =inf, TrLoss=0.1060]
 Training FV-otc-s1-t3:  96%|█████████▌| 48/50 [00:02<00:00, 20.53it/s, Saved at =inf, TrLoss=0.1639]
 Training FV-otc-s1-t3:  96%|█████████▌| 48/50 [00:02<00:00, 20.53it/s, Saved at =inf, TrLoss=0.1138]
 Training FV-otc-s1-t3: 100%|██████████| 50/50 [00:02<00:00, 20.54it/s, Saved at =inf, TrLoss=0.1138]

 Training FV-otc-s1-t4:   0%|          | 0/50 [00:00<?, ?it/s]
 Training FV-otc-s1-t4:   0%|          | 0/50 [00:00<?, ?it/s, Saved at =inf, TrLoss=0.6963]
 Training FV-otc-s1-t4:   0%|          | 0/50 [00:00<?, ?it/s, Saved at =inf, TrLoss=0.8827]
 Training FV-otc-s1-t4:   4%|▍         | 2/50 [00:00<00:03, 15.37it/s, Saved at =inf, TrLoss=0.8827]
 Training FV-otc-s1-t4:   4%|▍         | 2/50 [00:00<00:03, 15.37it/s, Saved at =inf, TrLoss=0.6009]
 Training FV-otc-s1-t4:   4%|▍         | 2/50 [00:00<00:03, 15.37it/s, Saved at =inf, TrLoss=0.5355]
 Training FV-otc-s1-t4:   8%|▊         | 4/50 [00:00<00:02, 15.43it/s, Saved at =inf, TrLoss=0.5355]
 Training FV-otc-s1-t4:   8%|▊         | 4/50 [00:00<00:02, 15.43it/s, Saved at =inf, TrLoss=0.4425]
 Training FV-otc-s1-t4:   8%|▊         | 4/50 [00:00<00:02, 15.43it/s, Saved at =inf, TrLoss=0.4332]
 Training FV-otc-s1-t4:  12%|█▏        | 6/50 [00:00<00:02, 15.45it/s, Saved at =inf, TrLoss=0.4332]
 Training FV-otc-s1-t4:  12%|█▏        | 6/50 [00:00<00:02, 15.45it/s, Saved at =inf, TrLoss=0.3929]
 Training FV-otc-s1-t4:  12%|█▏        | 6/50 [00:00<00:02, 15.45it/s, Saved at =inf, TrLoss=0.3765]
 Training FV-otc-s1-t4:  16%|█▌        | 8/50 [00:00<00:02, 15.45it/s, Saved at =inf, TrLoss=0.3765]
 Training FV-otc-s1-t4:  16%|█▌        | 8/50 [00:00<00:02, 15.45it/s, Saved at =inf, TrLoss=0.3488]
 Training FV-otc-s1-t4:  16%|█▌        | 8/50 [00:00<00:02, 15.45it/s, Saved at =inf, TrLoss=0.3053]
 Training FV-otc-s1-t4:  20%|██        | 10/50 [00:00<00:02, 15.45it/s, Saved at =inf, TrLoss=0.3053]
 Training FV-otc-s1-t4:  20%|██        | 10/50 [00:00<00:02, 15.45it/s, Saved at =inf, TrLoss=0.2828]
 Training FV-otc-s1-t4:  20%|██        | 10/50 [00:00<00:02, 15.45it/s, Saved at =inf, TrLoss=0.2498]
 Training FV-otc-s1-t4:  24%|██▍       | 12/50 [00:00<00:02, 15.45it/s, Saved at =inf, TrLoss=0.2498]
 Training FV-otc-s1-t4:  24%|██▍       | 12/50 [00:00<00:02, 15.45it/s, Saved at =inf, TrLoss=0.2575]
 Training FV-otc-s1-t4:  24%|██▍       | 12/50 [00:00<00:02, 15.45it/s, Saved at =inf, TrLoss=0.2647]
 Training FV-otc-s1-t4:  28%|██▊       | 14/50 [00:00<00:02, 15.43it/s, Saved at =inf, TrLoss=0.2647]
 Training FV-otc-s1-t4:  28%|██▊       | 14/50 [00:00<00:02, 15.43it/s, Saved at =inf, TrLoss=0.2308]
 Training FV-otc-s1-t4:  28%|██▊       | 14/50 [00:01<00:02, 15.43it/s, Saved at =inf, TrLoss=0.2300]
 Training FV-otc-s1-t4:  32%|███▏      | 16/50 [00:01<00:02, 15.45it/s, Saved at =inf, TrLoss=0.2300]
 Training FV-otc-s1-t4:  32%|███▏      | 16/50 [00:01<00:02, 15.45it/s, Saved at =inf, TrLoss=0.2191]
 Training FV-otc-s1-t4:  32%|███▏      | 16/50 [00:01<00:02, 15.45it/s, Saved at =inf, TrLoss=0.1995]
 Training FV-otc-s1-t4:  36%|███▌      | 18/50 [00:01<00:02, 15.45it/s, Saved at =inf, TrLoss=0.1995]
 Training FV-otc-s1-t4:  36%|███▌      | 18/50 [00:01<00:02, 15.45it/s, Saved at =inf, TrLoss=0.2103]
 Training FV-otc-s1-t4:  36%|███▌      | 18/50 [00:01<00:02, 15.45it/s, Saved at =inf, TrLoss=0.1901]
 Training FV-otc-s1-t4:  40%|████      | 20/50 [00:01<00:01, 15.46it/s, Saved at =inf, TrLoss=0.1901]
 Training FV-otc-s1-t4:  40%|████      | 20/50 [00:01<00:01, 15.46it/s, Saved at =inf, TrLoss=0.1888]
 Training FV-otc-s1-t4:  40%|████      | 20/50 [00:01<00:01, 15.46it/s, Saved at =inf, TrLoss=0.1829]
 Training FV-otc-s1-t4:  44%|████▍     | 22/50 [00:01<00:01, 15.46it/s, Saved at =inf, TrLoss=0.1829]
 Training FV-otc-s1-t4:  44%|████▍     | 22/50 [00:01<00:01, 15.46it/s, Saved at =inf, TrLoss=0.1853]
 Training FV-otc-s1-t4:  44%|████▍     | 22/50 [00:01<00:01, 15.46it/s, Saved at =inf, TrLoss=0.1855]
 Training FV-otc-s1-t4:  48%|████▊     | 24/50 [00:01<00:01, 15.46it/s, Saved at =inf, TrLoss=0.1855]
 Training FV-otc-s1-t4:  48%|████▊     | 24/50 [00:01<00:01, 15.46it/s, Saved at =inf, TrLoss=0.1791]
 Training FV-otc-s1-t4:  48%|████▊     | 24/50 [00:01<00:01, 15.46it/s, Saved at =inf, TrLoss=0.1743]
 Training FV-otc-s1-t4:  52%|█████▏    | 26/50 [00:01<00:01, 15.46it/s, Saved at =inf, TrLoss=0.1743]
 Training FV-otc-s1-t4:  52%|█████▏    | 26/50 [00:01<00:01, 15.46it/s, Saved at =inf, TrLoss=0.1610]
 Training FV-otc-s1-t4:  52%|█████▏    | 26/50 [00:01<00:01, 15.46it/s, Saved at =inf, TrLoss=0.1701]
 Training FV-otc-s1-t4:  56%|█████▌    | 28/50 [00:01<00:01, 15.46it/s, Saved at =inf, TrLoss=0.1701]
 Training FV-otc-s1-t4:  56%|█████▌    | 28/50 [00:01<00:01, 15.46it/s, Saved at =inf, TrLoss=0.1674]
 Training FV-otc-s1-t4:  56%|█████▌    | 28/50 [00:01<00:01, 15.46it/s, Saved at =inf, TrLoss=0.1545]
 Training FV-otc-s1-t4:  60%|██████    | 30/50 [00:01<00:01, 15.46it/s, Saved at =inf, TrLoss=0.1545]
 Training FV-otc-s1-t4:  60%|██████    | 30/50 [00:01<00:01, 15.46it/s, Saved at =inf, TrLoss=0.1596]
 Training FV-otc-s1-t4:  60%|██████    | 30/50 [00:02<00:01, 15.46it/s, Saved at =inf, TrLoss=0.1678]
 Training FV-otc-s1-t4:  64%|██████▍   | 32/50 [00:02<00:01, 15.45it/s, Saved at =inf, TrLoss=0.1678]
 Training FV-otc-s1-t4:  64%|██████▍   | 32/50 [00:02<00:01, 15.45it/s, Saved at =inf, TrLoss=0.1534]
 Training FV-otc-s1-t4:  64%|██████▍   | 32/50 [00:02<00:01, 15.45it/s, Saved at =inf, TrLoss=0.1583]
 Training FV-otc-s1-t4:  68%|██████▊   | 34/50 [00:02<00:01, 15.46it/s, Saved at =inf, TrLoss=0.1583]
 Training FV-otc-s1-t4:  68%|██████▊   | 34/50 [00:02<00:01, 15.46it/s, Saved at =inf, TrLoss=0.1559]
 Training FV-otc-s1-t4:  68%|██████▊   | 34/50 [00:02<00:01, 15.46it/s, Saved at =inf, TrLoss=0.1496]
 Training FV-otc-s1-t4:  72%|███████▏  | 36/50 [00:02<00:00, 15.46it/s, Saved at =inf, TrLoss=0.1496]
 Training FV-otc-s1-t4:  72%|███████▏  | 36/50 [00:02<00:00, 15.46it/s, Saved at =inf, TrLoss=0.1507]
 Training FV-otc-s1-t4:  72%|███████▏  | 36/50 [00:02<00:00, 15.46it/s, Saved at =inf, TrLoss=0.1541]
 Training FV-otc-s1-t4:  76%|███████▌  | 38/50 [00:02<00:00, 15.43it/s, Saved at =inf, TrLoss=0.1541]
 Training FV-otc-s1-t4:  76%|███████▌  | 38/50 [00:02<00:00, 15.43it/s, Saved at =inf, TrLoss=0.1416]
 Training FV-otc-s1-t4:  76%|███████▌  | 38/50 [00:02<00:00, 15.43it/s, Saved at =inf, TrLoss=0.1499]
 Training FV-otc-s1-t4:  80%|████████  | 40/50 [00:02<00:00, 15.44it/s, Saved at =inf, TrLoss=0.1499]
 Training FV-otc-s1-t4:  80%|████████  | 40/50 [00:02<00:00, 15.44it/s, Saved at =inf, TrLoss=0.1472]
 Training FV-otc-s1-t4:  80%|████████  | 40/50 [00:02<00:00, 15.44it/s, Saved at =inf, TrLoss=0.1456]
 Training FV-otc-s1-t4:  84%|████████▍ | 42/50 [00:02<00:00, 15.45it/s, Saved at =inf, TrLoss=0.1456]
 Training FV-otc-s1-t4:  84%|████████▍ | 42/50 [00:02<00:00, 15.45it/s, Saved at =inf, TrLoss=0.1495]
 Training FV-otc-s1-t4:  84%|████████▍ | 42/50 [00:02<00:00, 15.45it/s, Saved at =inf, TrLoss=0.1423]
 Training FV-otc-s1-t4:  88%|████████▊ | 44/50 [00:02<00:00, 15.45it/s, Saved at =inf, TrLoss=0.1423]
 Training FV-otc-s1-t4:  88%|████████▊ | 44/50 [00:02<00:00, 15.45it/s, Saved at =inf, TrLoss=0.1487]
 Training FV-otc-s1-t4:  88%|████████▊ | 44/50 [00:02<00:00, 15.45it/s, Saved at =inf, TrLoss=0.1421]
 Training FV-otc-s1-t4:  92%|█████████▏| 46/50 [00:02<00:00, 15.46it/s, Saved at =inf, TrLoss=0.1421]
 Training FV-otc-s1-t4:  92%|█████████▏| 46/50 [00:03<00:00, 15.46it/s, Saved at =inf, TrLoss=0.1444]
 Training FV-otc-s1-t4:  92%|█████████▏| 46/50 [00:03<00:00, 15.46it/s, Saved at =inf, TrLoss=0.1413]
 Training FV-otc-s1-t4:  96%|█████████▌| 48/50 [00:03<00:00, 15.42it/s, Saved at =inf, TrLoss=0.1413]
 Training FV-otc-s1-t4:  96%|█████████▌| 48/50 [00:03<00:00, 15.42it/s, Saved at =inf, TrLoss=0.1515]
 Training FV-otc-s1-t4:  96%|█████████▌| 48/50 [00:03<00:00, 15.42it/s, Saved at =inf, TrLoss=0.1435]
 Training FV-otc-s1-t4: 100%|██████████| 50/50 [00:03<00:00, 15.41it/s, Saved at =inf, TrLoss=0.1435]
 Training FV-otc-s1-t4: 100%|██████████| 50/50 [00:03<00:00, 15.44it/s, Saved at =inf, TrLoss=0.1435]

 Training FV-otc-s1-t5:   0%|          | 0/50 [00:00<?, ?it/s]
 Training FV-otc-s1-t5:   0%|          | 0/50 [00:00<?, ?it/s, Saved at =inf, TrLoss=0.7378]
 Training FV-otc-s1-t5:   0%|          | 0/50 [00:00<?, ?it/s, Saved at =inf, TrLoss=0.8734]
 Training FV-otc-s1-t5:   4%|▍         | 2/50 [00:00<00:04, 11.77it/s, Saved at =inf, TrLoss=0.8734]
 Training FV-otc-s1-t5:   4%|▍         | 2/50 [00:00<00:04, 11.77it/s, Saved at =inf, TrLoss=0.5441]
 Training FV-otc-s1-t5:   4%|▍         | 2/50 [00:00<00:04, 11.77it/s, Saved at =inf, TrLoss=0.5321]
 Training FV-otc-s1-t5:   8%|▊         | 4/50 [00:00<00:03, 12.15it/s, Saved at =inf, TrLoss=0.5321]
 Training FV-otc-s1-t5:   8%|▊         | 4/50 [00:00<00:03, 12.15it/s, Saved at =inf, TrLoss=0.4604]
 Training FV-otc-s1-t5:   8%|▊         | 4/50 [00:00<00:03, 12.15it/s, Saved at =inf, TrLoss=0.4349]
 Training FV-otc-s1-t5:  12%|█▏        | 6/50 [00:00<00:03, 12.17it/s, Saved at =inf, TrLoss=0.4349]
 Training FV-otc-s1-t5:  12%|█▏        | 6/50 [00:00<00:03, 12.17it/s, Saved at =inf, TrLoss=0.4177]
 Training FV-otc-s1-t5:  12%|█▏        | 6/50 [00:00<00:03, 12.17it/s, Saved at =inf, TrLoss=0.3898]
 Training FV-otc-s1-t5:  16%|█▌        | 8/50 [00:00<00:03, 12.17it/s, Saved at =inf, TrLoss=0.3898]
 Training FV-otc-s1-t5:  16%|█▌        | 8/50 [00:00<00:03, 12.17it/s, Saved at =inf, TrLoss=0.3747]
 Training FV-otc-s1-t5:  16%|█▌        | 8/50 [00:00<00:03, 12.17it/s, Saved at =inf, TrLoss=0.3443]
 Training FV-otc-s1-t5:  20%|██        | 10/50 [00:00<00:03, 12.17it/s, Saved at =inf, TrLoss=0.3443]
 Training FV-otc-s1-t5:  20%|██        | 10/50 [00:00<00:03, 12.17it/s, Saved at =inf, TrLoss=0.3306]
 Training FV-otc-s1-t5:  20%|██        | 10/50 [00:00<00:03, 12.17it/s, Saved at =inf, TrLoss=0.2984]
 Training FV-otc-s1-t5:  24%|██▍       | 12/50 [00:00<00:03, 12.17it/s, Saved at =inf, TrLoss=0.2984]
 Training FV-otc-s1-t5:  24%|██▍       | 12/50 [00:01<00:03, 12.17it/s, Saved at =inf, TrLoss=0.3062]
 Training FV-otc-s1-t5:  24%|██▍       | 12/50 [00:01<00:03, 12.17it/s, Saved at =inf, TrLoss=0.2811]
 Training FV-otc-s1-t5:  28%|██▊       | 14/50 [00:01<00:02, 12.18it/s, Saved at =inf, TrLoss=0.2811]
 Training FV-otc-s1-t5:  28%|██▊       | 14/50 [00:01<00:02, 12.18it/s, Saved at =inf, TrLoss=0.2702]
 Training FV-otc-s1-t5:  28%|██▊       | 14/50 [00:01<00:02, 12.18it/s, Saved at =inf, TrLoss=0.2814]
 Training FV-otc-s1-t5:  32%|███▏      | 16/50 [00:01<00:02, 12.18it/s, Saved at =inf, TrLoss=0.2814]
 Training FV-otc-s1-t5:  32%|███▏      | 16/50 [00:01<00:02, 12.18it/s, Saved at =inf, TrLoss=0.2734]
 Training FV-otc-s1-t5:  32%|███▏      | 16/50 [00:01<00:02, 12.18it/s, Saved at =inf, TrLoss=0.2628]
 Training FV-otc-s1-t5:  36%|███▌      | 18/50 [00:01<00:02, 12.18it/s, Saved at =inf, TrLoss=0.2628]
 Training FV-otc-s1-t5:  36%|███▌      | 18/50 [00:01<00:02, 12.18it/s, Saved at =inf, TrLoss=0.2629]
 Training FV-otc-s1-t5:  36%|███▌      | 18/50 [00:01<00:02, 12.18it/s, Saved at =inf, TrLoss=0.2532]
 Training FV-otc-s1-t5:  40%|████      | 20/50 [00:01<00:02, 12.18it/s, Saved at =inf, TrLoss=0.2532]
 Training FV-otc-s1-t5:  40%|████      | 20/50 [00:01<00:02, 12.18it/s, Saved at =inf, TrLoss=0.2548]
 Training FV-otc-s1-t5:  40%|████      | 20/50 [00:01<00:02, 12.18it/s, Saved at =inf, TrLoss=0.2573]
 Training FV-otc-s1-t5:  44%|████▍     | 22/50 [00:01<00:02, 12.18it/s, Saved at =inf, TrLoss=0.2573]
 Training FV-otc-s1-t5:  44%|████▍     | 22/50 [00:01<00:02, 12.18it/s, Saved at =inf, TrLoss=0.2420]
 Training FV-otc-s1-t5:  44%|████▍     | 22/50 [00:01<00:02, 12.18it/s, Saved at =inf, TrLoss=0.2374]
 Training FV-otc-s1-t5:  48%|████▊     | 24/50 [00:01<00:02, 12.19it/s, Saved at =inf, TrLoss=0.2374]
 Training FV-otc-s1-t5:  48%|████▊     | 24/50 [00:02<00:02, 12.19it/s, Saved at =inf, TrLoss=0.2410]
 Training FV-otc-s1-t5:  48%|████▊     | 24/50 [00:02<00:02, 12.19it/s, Saved at =inf, TrLoss=0.2268]
 Training FV-otc-s1-t5:  52%|█████▏    | 26/50 [00:02<00:01, 12.18it/s, Saved at =inf, TrLoss=0.2268]
 Training FV-otc-s1-t5:  52%|█████▏    | 26/50 [00:02<00:01, 12.18it/s, Saved at =inf, TrLoss=0.2265]
 Training FV-otc-s1-t5:  52%|█████▏    | 26/50 [00:02<00:01, 12.18it/s, Saved at =inf, TrLoss=0.2305]
 Training FV-otc-s1-t5:  56%|█████▌    | 28/50 [00:02<00:01, 12.18it/s, Saved at =inf, TrLoss=0.2305]
 Training FV-otc-s1-t5:  56%|█████▌    | 28/50 [00:02<00:01, 12.18it/s, Saved at =inf, TrLoss=0.2103]
 Training FV-otc-s1-t5:  56%|█████▌    | 28/50 [00:02<00:01, 12.18it/s, Saved at =inf, TrLoss=0.2240]
 Training FV-otc-s1-t5:  60%|██████    | 30/50 [00:02<00:01, 12.17it/s, Saved at =inf, TrLoss=0.2240]
 Training FV-otc-s1-t5:  60%|██████    | 30/50 [00:02<00:01, 12.17it/s, Saved at =inf, TrLoss=0.2163]
 Training FV-otc-s1-t5:  60%|██████    | 30/50 [00:02<00:01, 12.17it/s, Saved at =inf, TrLoss=0.2043]
 Training FV-otc-s1-t5:  64%|██████▍   | 32/50 [00:02<00:01, 12.18it/s, Saved at =inf, TrLoss=0.2043]
 Training FV-otc-s1-t5:  64%|██████▍   | 32/50 [00:02<00:01, 12.18it/s, Saved at =inf, TrLoss=0.2064]
 Training FV-otc-s1-t5:  64%|██████▍   | 32/50 [00:02<00:01, 12.18it/s, Saved at =inf, TrLoss=0.2046]
 Training FV-otc-s1-t5:  68%|██████▊   | 34/50 [00:02<00:01, 12.18it/s, Saved at =inf, TrLoss=0.2046]
 Training FV-otc-s1-t5:  68%|██████▊   | 34/50 [00:02<00:01, 12.18it/s, Saved at =inf, TrLoss=0.2024]
 Training FV-otc-s1-t5:  68%|██████▊   | 34/50 [00:02<00:01, 12.18it/s, Saved at =inf, TrLoss=0.1901]
 Training FV-otc-s1-t5:  72%|███████▏  | 36/50 [00:02<00:01, 12.18it/s, Saved at =inf, TrLoss=0.1901]
 Training FV-otc-s1-t5:  72%|███████▏  | 36/50 [00:03<00:01, 12.18it/s, Saved at =inf, TrLoss=0.1963]
 Training FV-otc-s1-t5:  72%|███████▏  | 36/50 [00:03<00:01, 12.18it/s, Saved at =inf, TrLoss=0.1943]
 Training FV-otc-s1-t5:  76%|███████▌  | 38/50 [00:03<00:00, 12.18it/s, Saved at =inf, TrLoss=0.1943]
 Training FV-otc-s1-t5:  76%|███████▌  | 38/50 [00:03<00:00, 12.18it/s, Saved at =inf, TrLoss=0.1883]
 Training FV-otc-s1-t5:  76%|███████▌  | 38/50 [00:03<00:00, 12.18it/s, Saved at =inf, TrLoss=0.1885]
 Training FV-otc-s1-t5:  80%|████████  | 40/50 [00:03<00:00, 12.18it/s, Saved at =inf, TrLoss=0.1885]
 Training FV-otc-s1-t5:  80%|████████  | 40/50 [00:03<00:00, 12.18it/s, Saved at =inf, TrLoss=0.1853]
 Training FV-otc-s1-t5:  80%|████████  | 40/50 [00:03<00:00, 12.18it/s, Saved at =inf, TrLoss=0.1827]
 Training FV-otc-s1-t5:  84%|████████▍ | 42/50 [00:03<00:00, 12.18it/s, Saved at =inf, TrLoss=0.1827]
 Training FV-otc-s1-t5:  84%|████████▍ | 42/50 [00:03<00:00, 12.18it/s, Saved at =inf, TrLoss=0.1860]
 Training FV-otc-s1-t5:  84%|████████▍ | 42/50 [00:03<00:00, 12.18it/s, Saved at =inf, TrLoss=0.1791]
 Training FV-otc-s1-t5:  88%|████████▊ | 44/50 [00:03<00:00, 12.18it/s, Saved at =inf, TrLoss=0.1791]
 Training FV-otc-s1-t5:  88%|████████▊ | 44/50 [00:03<00:00, 12.18it/s, Saved at =inf, TrLoss=0.1803]
 Training FV-otc-s1-t5:  88%|████████▊ | 44/50 [00:03<00:00, 12.18it/s, Saved at =inf, TrLoss=0.1764]
 Training FV-otc-s1-t5:  92%|█████████▏| 46/50 [00:03<00:00, 12.18it/s, Saved at =inf, TrLoss=0.1764]
 Training FV-otc-s1-t5:  92%|█████████▏| 46/50 [00:03<00:00, 12.18it/s, Saved at =inf, TrLoss=0.1809]
 Training FV-otc-s1-t5:  92%|█████████▏| 46/50 [00:03<00:00, 12.18it/s, Saved at =inf, TrLoss=0.1788]
 Training FV-otc-s1-t5:  96%|█████████▌| 48/50 [00:03<00:00, 12.18it/s, Saved at =inf, TrLoss=0.1788]
 Training FV-otc-s1-t5:  96%|█████████▌| 48/50 [00:03<00:00, 12.18it/s, Saved at =inf, TrLoss=0.1711]
 Training FV-otc-s1-t5:  96%|█████████▌| 48/50 [00:04<00:00, 12.18it/s, Saved at =inf, TrLoss=0.1699]
 Training FV-otc-s1-t5: 100%|██████████| 50/50 [00:04<00:00, 12.18it/s, Saved at =inf, TrLoss=0.1699]
 Training FV-otc-s1-t5: 100%|██████████| 50/50 [00:04<00:00, 12.17it/s, Saved at =inf, TrLoss=0.1699]

 Training FV-otc-s1-t6:   0%|          | 0/50 [00:00<?, ?it/s]
 Training FV-otc-s1-t6:   0%|          | 0/50 [00:00<?, ?it/s, Saved at =inf, TrLoss=0.6962]
 Training FV-otc-s1-t6:   2%|▏         | 1/50 [00:00<00:04,  9.95it/s, Saved at =inf, TrLoss=0.6962]
 Training FV-otc-s1-t6:   2%|▏         | 1/50 [00:00<00:04,  9.95it/s, Saved at =inf, TrLoss=0.5905]
 Training FV-otc-s1-t6:   2%|▏         | 1/50 [00:00<00:04,  9.95it/s, Saved at =inf, TrLoss=0.4984]
 Training FV-otc-s1-t6:   6%|▌         | 3/50 [00:00<00:04, 10.63it/s, Saved at =inf, TrLoss=0.4984]
 Training FV-otc-s1-t6:   6%|▌         | 3/50 [00:00<00:04, 10.63it/s, Saved at =inf, TrLoss=0.4327]
 Training FV-otc-s1-t6:   6%|▌         | 3/50 [00:00<00:04, 10.63it/s, Saved at =inf, TrLoss=0.4235]
 Training FV-otc-s1-t6:  10%|█         | 5/50 [00:00<00:04, 10.67it/s, Saved at =inf, TrLoss=0.4235]
 Training FV-otc-s1-t6:  10%|█         | 5/50 [00:00<00:04, 10.67it/s, Saved at =inf, TrLoss=0.4097]
 Training FV-otc-s1-t6:  10%|█         | 5/50 [00:00<00:04, 10.67it/s, Saved at =inf, TrLoss=0.3973]
 Training FV-otc-s1-t6:  14%|█▍        | 7/50 [00:00<00:04, 10.72it/s, Saved at =inf, TrLoss=0.3973]
 Training FV-otc-s1-t6:  14%|█▍        | 7/50 [00:00<00:04, 10.72it/s, Saved at =inf, TrLoss=0.3572]
 Training FV-otc-s1-t6:  14%|█▍        | 7/50 [00:00<00:04, 10.72it/s, Saved at =inf, TrLoss=0.3254]
 Training FV-otc-s1-t6:  18%|█▊        | 9/50 [00:00<00:03, 10.72it/s, Saved at =inf, TrLoss=0.3254]
 Training FV-otc-s1-t6:  18%|█▊        | 9/50 [00:00<00:03, 10.72it/s, Saved at =inf, TrLoss=0.3043]
 Training FV-otc-s1-t6:  18%|█▊        | 9/50 [00:00<00:03, 10.72it/s, Saved at =inf, TrLoss=0.2843]
 Training FV-otc-s1-t6:  22%|██▏       | 11/50 [00:01<00:03, 10.74it/s, Saved at =inf, TrLoss=0.2843]
 Training FV-otc-s1-t6:  22%|██▏       | 11/50 [00:01<00:03, 10.74it/s, Saved at =inf, TrLoss=0.2702]
 Training FV-otc-s1-t6:  22%|██▏       | 11/50 [00:01<00:03, 10.74it/s, Saved at =inf, TrLoss=0.2847]
 Training FV-otc-s1-t6:  26%|██▌       | 13/50 [00:01<00:03, 10.75it/s, Saved at =inf, TrLoss=0.2847]
 Training FV-otc-s1-t6:  26%|██▌       | 13/50 [00:01<00:03, 10.75it/s, Saved at =inf, TrLoss=0.3014]
 Training FV-otc-s1-t6:  26%|██▌       | 13/50 [00:01<00:03, 10.75it/s, Saved at =inf, TrLoss=0.2728]
 Training FV-otc-s1-t6:  30%|███       | 15/50 [00:01<00:03, 10.76it/s, Saved at =inf, TrLoss=0.2728]
 Training FV-otc-s1-t6:  30%|███       | 15/50 [00:01<00:03, 10.76it/s, Saved at =inf, TrLoss=0.2593]
 Training FV-otc-s1-t6:  30%|███       | 15/50 [00:01<00:03, 10.76it/s, Saved at =inf, TrLoss=0.2594]
 Training FV-otc-s1-t6:  34%|███▍      | 17/50 [00:01<00:03, 10.77it/s, Saved at =inf, TrLoss=0.2594]
 Training FV-otc-s1-t6:  34%|███▍      | 17/50 [00:01<00:03, 10.77it/s, Saved at =inf, TrLoss=0.2405]
 Training FV-otc-s1-t6:  34%|███▍      | 17/50 [00:01<00:03, 10.77it/s, Saved at =inf, TrLoss=0.2543]
 Training FV-otc-s1-t6:  38%|███▊      | 19/50 [00:01<00:02, 10.77it/s, Saved at =inf, TrLoss=0.2543]
 Training FV-otc-s1-t6:  38%|███▊      | 19/50 [00:01<00:02, 10.77it/s, Saved at =inf, TrLoss=0.2401]
 Training FV-otc-s1-t6:  38%|███▊      | 19/50 [00:01<00:02, 10.77it/s, Saved at =inf, TrLoss=0.2376]
 Training FV-otc-s1-t6:  42%|████▏     | 21/50 [00:01<00:02, 10.77it/s, Saved at =inf, TrLoss=0.2376]
 Training FV-otc-s1-t6:  42%|████▏     | 21/50 [00:02<00:02, 10.77it/s, Saved at =inf, TrLoss=0.2428]
 Training FV-otc-s1-t6:  42%|████▏     | 21/50 [00:02<00:02, 10.77it/s, Saved at =inf, TrLoss=0.2326]
 Training FV-otc-s1-t6:  46%|████▌     | 23/50 [00:02<00:02, 10.77it/s, Saved at =inf, TrLoss=0.2326]
 Training FV-otc-s1-t6:  46%|████▌     | 23/50 [00:02<00:02, 10.77it/s, Saved at =inf, TrLoss=0.2243]
 Training FV-otc-s1-t6:  46%|████▌     | 23/50 [00:02<00:02, 10.77it/s, Saved at =inf, TrLoss=0.2234]
 Training FV-otc-s1-t6:  50%|█████     | 25/50 [00:02<00:02, 10.77it/s, Saved at =inf, TrLoss=0.2234]
 Training FV-otc-s1-t6:  50%|█████     | 25/50 [00:02<00:02, 10.77it/s, Saved at =inf, TrLoss=0.2211]
 Training FV-otc-s1-t6:  50%|█████     | 25/50 [00:02<00:02, 10.77it/s, Saved at =inf, TrLoss=0.2186]
 Training FV-otc-s1-t6:  54%|█████▍    | 27/50 [00:02<00:02, 10.77it/s, Saved at =inf, TrLoss=0.2186]
 Training FV-otc-s1-t6:  54%|█████▍    | 27/50 [00:02<00:02, 10.77it/s, Saved at =inf, TrLoss=0.2192]
 Training FV-otc-s1-t6:  54%|█████▍    | 27/50 [00:02<00:02, 10.77it/s, Saved at =inf, TrLoss=0.2118]
 Training FV-otc-s1-t6:  58%|█████▊    | 29/50 [00:02<00:01, 10.75it/s, Saved at =inf, TrLoss=0.2118]
 Training FV-otc-s1-t6:  58%|█████▊    | 29/50 [00:02<00:01, 10.75it/s, Saved at =inf, TrLoss=0.2170]
 Training FV-otc-s1-t6:  58%|█████▊    | 29/50 [00:02<00:01, 10.75it/s, Saved at =inf, TrLoss=0.2098]
 Training FV-otc-s1-t6:  62%|██████▏   | 31/50 [00:02<00:01, 10.75it/s, Saved at =inf, TrLoss=0.2098]
 Training FV-otc-s1-t6:  62%|██████▏   | 31/50 [00:02<00:01, 10.75it/s, Saved at =inf, TrLoss=0.2078]
 Training FV-otc-s1-t6:  62%|██████▏   | 31/50 [00:03<00:01, 10.75it/s, Saved at =inf, TrLoss=0.2049]
 Training FV-otc-s1-t6:  66%|██████▌   | 33/50 [00:03<00:01, 10.76it/s, Saved at =inf, TrLoss=0.2049]
 Training FV-otc-s1-t6:  66%|██████▌   | 33/50 [00:03<00:01, 10.76it/s, Saved at =inf, TrLoss=0.2045]
 Training FV-otc-s1-t6:  66%|██████▌   | 33/50 [00:03<00:01, 10.76it/s, Saved at =inf, TrLoss=0.2086]
 Training FV-otc-s1-t6:  70%|███████   | 35/50 [00:03<00:01, 10.76it/s, Saved at =inf, TrLoss=0.2086]
 Training FV-otc-s1-t6:  70%|███████   | 35/50 [00:03<00:01, 10.76it/s, Saved at =inf, TrLoss=0.1995]
 Training FV-otc-s1-t6:  70%|███████   | 35/50 [00:03<00:01, 10.76it/s, Saved at =inf, TrLoss=0.2045]
 Training FV-otc-s1-t6:  74%|███████▍  | 37/50 [00:03<00:01, 10.76it/s, Saved at =inf, TrLoss=0.2045]
 Training FV-otc-s1-t6:  74%|███████▍  | 37/50 [00:03<00:01, 10.76it/s, Saved at =inf, TrLoss=0.2004]
 Training FV-otc-s1-t6:  74%|███████▍  | 37/50 [00:03<00:01, 10.76it/s, Saved at =inf, TrLoss=0.2006]
 Training FV-otc-s1-t6:  78%|███████▊  | 39/50 [00:03<00:01, 10.77it/s, Saved at =inf, TrLoss=0.2006]
 Training FV-otc-s1-t6:  78%|███████▊  | 39/50 [00:03<00:01, 10.77it/s, Saved at =inf, TrLoss=0.1998]
 Training FV-otc-s1-t6:  78%|███████▊  | 39/50 [00:03<00:01, 10.77it/s, Saved at =inf, TrLoss=0.1893]
 Training FV-otc-s1-t6:  82%|████████▏ | 41/50 [00:03<00:00, 10.77it/s, Saved at =inf, TrLoss=0.1893]
 Training FV-otc-s1-t6:  82%|████████▏ | 41/50 [00:03<00:00, 10.77it/s, Saved at =inf, TrLoss=0.1949]
 Training FV-otc-s1-t6:  82%|████████▏ | 41/50 [00:03<00:00, 10.77it/s, Saved at =inf, TrLoss=0.1867]
 Training FV-otc-s1-t6:  86%|████████▌ | 43/50 [00:04<00:00, 10.77it/s, Saved at =inf, TrLoss=0.1867]
 Training FV-otc-s1-t6:  86%|████████▌ | 43/50 [00:04<00:00, 10.77it/s, Saved at =inf, TrLoss=0.1890]
 Training FV-otc-s1-t6:  86%|████████▌ | 43/50 [00:04<00:00, 10.77it/s, Saved at =inf, TrLoss=0.1854]
 Training FV-otc-s1-t6:  90%|█████████ | 45/50 [00:04<00:00, 10.77it/s, Saved at =inf, TrLoss=0.1854]
 Training FV-otc-s1-t6:  90%|█████████ | 45/50 [00:04<00:00, 10.77it/s, Saved at =inf, TrLoss=0.1850]
 Training FV-otc-s1-t6:  90%|█████████ | 45/50 [00:04<00:00, 10.77it/s, Saved at =inf, TrLoss=0.1914]
 Training FV-otc-s1-t6:  94%|█████████▍| 47/50 [00:04<00:00, 10.78it/s, Saved at =inf, TrLoss=0.1914]
 Training FV-otc-s1-t6:  94%|█████████▍| 47/50 [00:04<00:00, 10.78it/s, Saved at =inf, TrLoss=0.1811]
 Training FV-otc-s1-t6:  94%|█████████▍| 47/50 [00:04<00:00, 10.78it/s, Saved at =inf, TrLoss=0.1879]
 Training FV-otc-s1-t6:  98%|█████████▊| 49/50 [00:04<00:00, 10.77it/s, Saved at =inf, TrLoss=0.1879]
 Training FV-otc-s1-t6:  98%|█████████▊| 49/50 [00:04<00:00, 10.77it/s, Saved at =inf, TrLoss=0.1773]
 Training FV-otc-s1-t6: 100%|██████████| 50/50 [00:04<00:00, 10.75it/s, Saved at =inf, TrLoss=0.1773]

 Training FV-otc-s1-t7:   0%|          | 0/50 [00:00<?, ?it/s]
 Training FV-otc-s1-t7:   0%|          | 0/50 [00:00<?, ?it/s, Saved at =inf, TrLoss=0.6894]
 Training FV-otc-s1-t7:   2%|▏         | 1/50 [00:00<00:05,  8.68it/s, Saved at =inf, TrLoss=0.6894]
 Training FV-otc-s1-t7:   2%|▏         | 1/50 [00:00<00:05,  8.68it/s, Saved at =inf, TrLoss=0.6593]
 Training FV-otc-s1-t7:   4%|▍         | 2/50 [00:00<00:05,  9.07it/s, Saved at =inf, TrLoss=0.6593]
 Training FV-otc-s1-t7:   4%|▍         | 2/50 [00:00<00:05,  9.07it/s, Saved at =inf, TrLoss=0.6793]
 Training FV-otc-s1-t7:   6%|▌         | 3/50 [00:00<00:05,  9.19it/s, Saved at =inf, TrLoss=0.6793]
 Training FV-otc-s1-t7:   6%|▌         | 3/50 [00:00<00:05,  9.19it/s, Saved at =inf, TrLoss=0.5581]
 Training FV-otc-s1-t7:   8%|▊         | 4/50 [00:00<00:04,  9.25it/s, Saved at =inf, TrLoss=0.5581]
 Training FV-otc-s1-t7:   8%|▊         | 4/50 [00:00<00:04,  9.25it/s, Saved at =inf, TrLoss=0.4691]
 Training FV-otc-s1-t7:  10%|█         | 5/50 [00:00<00:04,  9.33it/s, Saved at =inf, TrLoss=0.4691]
 Training FV-otc-s1-t7:  10%|█         | 5/50 [00:00<00:04,  9.33it/s, Saved at =inf, TrLoss=0.5048]
 Training FV-otc-s1-t7:  12%|█▏        | 6/50 [00:00<00:04,  9.33it/s, Saved at =inf, TrLoss=0.5048]
 Training FV-otc-s1-t7:  12%|█▏        | 6/50 [00:00<00:04,  9.33it/s, Saved at =inf, TrLoss=0.4910]
 Training FV-otc-s1-t7:  14%|█▍        | 7/50 [00:00<00:04,  9.33it/s, Saved at =inf, TrLoss=0.4910]
 Training FV-otc-s1-t7:  14%|█▍        | 7/50 [00:00<00:04,  9.33it/s, Saved at =inf, TrLoss=0.4054]
 Training FV-otc-s1-t7:  16%|█▌        | 8/50 [00:00<00:04,  9.34it/s, Saved at =inf, TrLoss=0.4054]
 Training FV-otc-s1-t7:  16%|█▌        | 8/50 [00:00<00:04,  9.34it/s, Saved at =inf, TrLoss=0.3655]
 Training FV-otc-s1-t7:  18%|█▊        | 9/50 [00:00<00:04,  9.34it/s, Saved at =inf, TrLoss=0.3655]
 Training FV-otc-s1-t7:  18%|█▊        | 9/50 [00:01<00:04,  9.34it/s, Saved at =inf, TrLoss=0.3788]
 Training FV-otc-s1-t7:  20%|██        | 10/50 [00:01<00:04,  9.34it/s, Saved at =inf, TrLoss=0.3788]
 Training FV-otc-s1-t7:  20%|██        | 10/50 [00:01<00:04,  9.34it/s, Saved at =inf, TrLoss=0.3430]
 Training FV-otc-s1-t7:  22%|██▏       | 11/50 [00:01<00:04,  9.34it/s, Saved at =inf, TrLoss=0.3430]
 Training FV-otc-s1-t7:  22%|██▏       | 11/50 [00:01<00:04,  9.34it/s, Saved at =inf, TrLoss=0.3530]
 Training FV-otc-s1-t7:  24%|██▍       | 12/50 [00:01<00:04,  9.35it/s, Saved at =inf, TrLoss=0.3530]
 Training FV-otc-s1-t7:  24%|██▍       | 12/50 [00:01<00:04,  9.35it/s, Saved at =inf, TrLoss=0.3435]
 Training FV-otc-s1-t7:  26%|██▌       | 13/50 [00:01<00:03,  9.35it/s, Saved at =inf, TrLoss=0.3435]
 Training FV-otc-s1-t7:  26%|██▌       | 13/50 [00:01<00:03,  9.35it/s, Saved at =inf, TrLoss=0.3108]
 Training FV-otc-s1-t7:  28%|██▊       | 14/50 [00:01<00:03,  9.35it/s, Saved at =inf, TrLoss=0.3108]
 Training FV-otc-s1-t7:  28%|██▊       | 14/50 [00:01<00:03,  9.35it/s, Saved at =inf, TrLoss=0.3025]
 Training FV-otc-s1-t7:  30%|███       | 15/50 [00:01<00:03,  9.35it/s, Saved at =inf, TrLoss=0.3025]
 Training FV-otc-s1-t7:  30%|███       | 15/50 [00:01<00:03,  9.35it/s, Saved at =inf, TrLoss=0.2961]
 Training FV-otc-s1-t7:  32%|███▏      | 16/50 [00:01<00:03,  9.35it/s, Saved at =inf, TrLoss=0.2961]
 Training FV-otc-s1-t7:  32%|███▏      | 16/50 [00:01<00:03,  9.35it/s, Saved at =inf, TrLoss=0.2880]
 Training FV-otc-s1-t7:  34%|███▍      | 17/50 [00:01<00:03,  9.35it/s, Saved at =inf, TrLoss=0.2880]
 Training FV-otc-s1-t7:  34%|███▍      | 17/50 [00:01<00:03,  9.35it/s, Saved at =inf, TrLoss=0.2832]
 Training FV-otc-s1-t7:  36%|███▌      | 18/50 [00:01<00:03,  9.35it/s, Saved at =inf, TrLoss=0.2832]
 Training FV-otc-s1-t7:  36%|███▌      | 18/50 [00:02<00:03,  9.35it/s, Saved at =inf, TrLoss=0.2840]
 Training FV-otc-s1-t7:  38%|███▊      | 19/50 [00:02<00:03,  9.35it/s, Saved at =inf, TrLoss=0.2840]
 Training FV-otc-s1-t7:  38%|███▊      | 19/50 [00:02<00:03,  9.35it/s, Saved at =inf, TrLoss=0.2722]
 Training FV-otc-s1-t7:  40%|████      | 20/50 [00:02<00:03,  9.34it/s, Saved at =inf, TrLoss=0.2722]
 Training FV-otc-s1-t7:  40%|████      | 20/50 [00:02<00:03,  9.34it/s, Saved at =inf, TrLoss=0.2772]
 Training FV-otc-s1-t7:  42%|████▏     | 21/50 [00:02<00:03,  9.34it/s, Saved at =inf, TrLoss=0.2772]
 Training FV-otc-s1-t7:  42%|████▏     | 21/50 [00:02<00:03,  9.34it/s, Saved at =inf, TrLoss=0.2685]
 Training FV-otc-s1-t7:  44%|████▍     | 22/50 [00:02<00:02,  9.34it/s, Saved at =inf, TrLoss=0.2685]
 Training FV-otc-s1-t7:  44%|████▍     | 22/50 [00:02<00:02,  9.34it/s, Saved at =inf, TrLoss=0.2602]
 Training FV-otc-s1-t7:  46%|████▌     | 23/50 [00:02<00:02,  9.34it/s, Saved at =inf, TrLoss=0.2602]
 Training FV-otc-s1-t7:  46%|████▌     | 23/50 [00:02<00:02,  9.34it/s, Saved at =inf, TrLoss=0.2494]
 Training FV-otc-s1-t7:  48%|████▊     | 24/50 [00:02<00:02,  9.34it/s, Saved at =inf, TrLoss=0.2494]
 Training FV-otc-s1-t7:  48%|████▊     | 24/50 [00:02<00:02,  9.34it/s, Saved at =inf, TrLoss=0.2472]
 Training FV-otc-s1-t7:  50%|█████     | 25/50 [00:02<00:02,  9.33it/s, Saved at =inf, TrLoss=0.2472]
 Training FV-otc-s1-t7:  50%|█████     | 25/50 [00:02<00:02,  9.33it/s, Saved at =inf, TrLoss=0.2413]
 Training FV-otc-s1-t7:  52%|█████▏    | 26/50 [00:02<00:02,  9.33it/s, Saved at =inf, TrLoss=0.2413]
 Training FV-otc-s1-t7:  52%|█████▏    | 26/50 [00:02<00:02,  9.33it/s, Saved at =inf, TrLoss=0.2396]
 Training FV-otc-s1-t7:  54%|█████▍    | 27/50 [00:02<00:02,  9.33it/s, Saved at =inf, TrLoss=0.2396]
 Training FV-otc-s1-t7:  54%|█████▍    | 27/50 [00:02<00:02,  9.33it/s, Saved at =inf, TrLoss=0.2362]
 Training FV-otc-s1-t7:  56%|█████▌    | 28/50 [00:03<00:02,  9.32it/s, Saved at =inf, TrLoss=0.2362]
 Training FV-otc-s1-t7:  56%|█████▌    | 28/50 [00:03<00:02,  9.32it/s, Saved at =inf, TrLoss=0.2319]
 Training FV-otc-s1-t7:  58%|█████▊    | 29/50 [00:03<00:02,  9.28it/s, Saved at =inf, TrLoss=0.2319]
 Training FV-otc-s1-t7:  58%|█████▊    | 29/50 [00:03<00:02,  9.28it/s, Saved at =inf, TrLoss=0.2271]
 Training FV-otc-s1-t7:  60%|██████    | 30/50 [00:03<00:02,  9.30it/s, Saved at =inf, TrLoss=0.2271]
 Training FV-otc-s1-t7:  60%|██████    | 30/50 [00:03<00:02,  9.30it/s, Saved at =inf, TrLoss=0.2272]
 Training FV-otc-s1-t7:  62%|██████▏   | 31/50 [00:03<00:02,  9.31it/s, Saved at =inf, TrLoss=0.2272]
 Training FV-otc-s1-t7:  62%|██████▏   | 31/50 [00:03<00:02,  9.31it/s, Saved at =inf, TrLoss=0.2256]
 Training FV-otc-s1-t7:  64%|██████▍   | 32/50 [00:03<00:01,  9.32it/s, Saved at =inf, TrLoss=0.2256]
 Training FV-otc-s1-t7:  64%|██████▍   | 32/50 [00:03<00:01,  9.32it/s, Saved at =inf, TrLoss=0.2195]
 Training FV-otc-s1-t7:  66%|██████▌   | 33/50 [00:03<00:01,  9.33it/s, Saved at =inf, TrLoss=0.2195]
 Training FV-otc-s1-t7:  66%|██████▌   | 33/50 [00:03<00:01,  9.33it/s, Saved at =inf, TrLoss=0.2214]
 Training FV-otc-s1-t7:  68%|██████▊   | 34/50 [00:03<00:01,  9.33it/s, Saved at =inf, TrLoss=0.2214]
 Training FV-otc-s1-t7:  68%|██████▊   | 34/50 [00:03<00:01,  9.33it/s, Saved at =inf, TrLoss=0.2240]
 Training FV-otc-s1-t7:  70%|███████   | 35/50 [00:03<00:01,  9.33it/s, Saved at =inf, TrLoss=0.2240]
 Training FV-otc-s1-t7:  70%|███████   | 35/50 [00:03<00:01,  9.33it/s, Saved at =inf, TrLoss=0.2122]
 Training FV-otc-s1-t7:  72%|███████▏  | 36/50 [00:03<00:01,  9.33it/s, Saved at =inf, TrLoss=0.2122]
 Training FV-otc-s1-t7:  72%|███████▏  | 36/50 [00:03<00:01,  9.33it/s, Saved at =inf, TrLoss=0.2112]
 Training FV-otc-s1-t7:  74%|███████▍  | 37/50 [00:03<00:01,  9.33it/s, Saved at =inf, TrLoss=0.2112]
 Training FV-otc-s1-t7:  74%|███████▍  | 37/50 [00:04<00:01,  9.33it/s, Saved at =inf, TrLoss=0.2082]
 Training FV-otc-s1-t7:  76%|███████▌  | 38/50 [00:04<00:01,  9.31it/s, Saved at =inf, TrLoss=0.2082]
 Training FV-otc-s1-t7:  76%|███████▌  | 38/50 [00:04<00:01,  9.31it/s, Saved at =inf, TrLoss=0.2048]
 Training FV-otc-s1-t7:  78%|███████▊  | 39/50 [00:04<00:01,  9.31it/s, Saved at =inf, TrLoss=0.2048]
 Training FV-otc-s1-t7:  78%|███████▊  | 39/50 [00:04<00:01,  9.31it/s, Saved at =inf, TrLoss=0.2074]
 Training FV-otc-s1-t7:  80%|████████  | 40/50 [00:04<00:01,  9.31it/s, Saved at =inf, TrLoss=0.2074]
 Training FV-otc-s1-t7:  80%|████████  | 40/50 [00:04<00:01,  9.31it/s, Saved at =inf, TrLoss=0.1979]
 Training FV-otc-s1-t7:  82%|████████▏ | 41/50 [00:04<00:00,  9.32it/s, Saved at =inf, TrLoss=0.1979]
 Training FV-otc-s1-t7:  82%|████████▏ | 41/50 [00:04<00:00,  9.32it/s, Saved at =inf, TrLoss=0.2000]
 Training FV-otc-s1-t7:  84%|████████▍ | 42/50 [00:04<00:00,  9.11it/s, Saved at =inf, TrLoss=0.2000]
 Training FV-otc-s1-t7:  84%|████████▍ | 42/50 [00:04<00:00,  9.11it/s, Saved at =inf, TrLoss=0.1945]
 Training FV-otc-s1-t7:  86%|████████▌ | 43/50 [00:04<00:00,  9.18it/s, Saved at =inf, TrLoss=0.1945]
 Training FV-otc-s1-t7:  86%|████████▌ | 43/50 [00:04<00:00,  9.18it/s, Saved at =inf, TrLoss=0.2030]
 Training FV-otc-s1-t7:  88%|████████▊ | 44/50 [00:04<00:00,  9.20it/s, Saved at =inf, TrLoss=0.2030]
 Training FV-otc-s1-t7:  88%|████████▊ | 44/50 [00:04<00:00,  9.20it/s, Saved at =inf, TrLoss=0.1981]
 Training FV-otc-s1-t7:  90%|█████████ | 45/50 [00:04<00:00,  8.99it/s, Saved at =inf, TrLoss=0.1981]
 Training FV-otc-s1-t7:  90%|█████████ | 45/50 [00:04<00:00,  8.99it/s, Saved at =inf, TrLoss=0.2014]
 Training FV-otc-s1-t7:  92%|█████████▏| 46/50 [00:04<00:00,  8.82it/s, Saved at =inf, TrLoss=0.2014]
 Training FV-otc-s1-t7:  92%|█████████▏| 46/50 [00:05<00:00,  8.82it/s, Saved at =inf, TrLoss=0.1984]
 Training FV-otc-s1-t7:  94%|█████████▍| 47/50 [00:05<00:00,  8.86it/s, Saved at =inf, TrLoss=0.1984]
 Training FV-otc-s1-t7:  94%|█████████▍| 47/50 [00:05<00:00,  8.86it/s, Saved at =inf, TrLoss=0.1941]
 Training FV-otc-s1-t7:  96%|█████████▌| 48/50 [00:05<00:00,  8.84it/s, Saved at =inf, TrLoss=0.1941]
 Training FV-otc-s1-t7:  96%|█████████▌| 48/50 [00:05<00:00,  8.84it/s, Saved at =inf, TrLoss=0.1986]
 Training FV-otc-s1-t7:  98%|█████████▊| 49/50 [00:05<00:00,  8.90it/s, Saved at =inf, TrLoss=0.1986]
 Training FV-otc-s1-t7:  98%|█████████▊| 49/50 [00:05<00:00,  8.90it/s, Saved at =inf, TrLoss=0.1824]
 Training FV-otc-s1-t7: 100%|██████████| 50/50 [00:05<00:00,  9.02it/s, Saved at =inf, TrLoss=0.1824]
 Training FV-otc-s1-t7: 100%|██████████| 50/50 [00:05<00:00,  9.24it/s, Saved at =inf, TrLoss=0.1824]

 Training FV-otc-s1-t8:   0%|          | 0/50 [00:00<?, ?it/s]
 Training FV-otc-s1-t8:   0%|          | 0/50 [00:00<?, ?it/s, Saved at =inf, TrLoss=0.7212]
 Training FV-otc-s1-t8:   2%|▏         | 1/50 [00:00<00:06,  7.59it/s, Saved at =inf, TrLoss=0.7212]
 Training FV-otc-s1-t8:   2%|▏         | 1/50 [00:00<00:06,  7.59it/s, Saved at =inf, TrLoss=0.7883]
 Training FV-otc-s1-t8:   4%|▍         | 2/50 [00:00<00:06,  7.99it/s, Saved at =inf, TrLoss=0.7883]
 Training FV-otc-s1-t8:   4%|▍         | 2/50 [00:00<00:06,  7.99it/s, Saved at =inf, TrLoss=0.6035]
 Training FV-otc-s1-t8:   6%|▌         | 3/50 [00:00<00:05,  8.13it/s, Saved at =inf, TrLoss=0.6035]
 Training FV-otc-s1-t8:   6%|▌         | 3/50 [00:00<00:05,  8.13it/s, Saved at =inf, TrLoss=0.5991]
 Training FV-otc-s1-t8:   8%|▊         | 4/50 [00:00<00:05,  8.19it/s, Saved at =inf, TrLoss=0.5991]
 Training FV-otc-s1-t8:   8%|▊         | 4/50 [00:00<00:05,  8.19it/s, Saved at =inf, TrLoss=0.5429]
 Training FV-otc-s1-t8:  10%|█         | 5/50 [00:00<00:05,  8.19it/s, Saved at =inf, TrLoss=0.5429]
 Training FV-otc-s1-t8:  10%|█         | 5/50 [00:00<00:05,  8.19it/s, Saved at =inf, TrLoss=0.4989]
 Training FV-otc-s1-t8:  12%|█▏        | 6/50 [00:00<00:05,  8.22it/s, Saved at =inf, TrLoss=0.4989]
 Training FV-otc-s1-t8:  12%|█▏        | 6/50 [00:00<00:05,  8.22it/s, Saved at =inf, TrLoss=0.4820]
 Training FV-otc-s1-t8:  14%|█▍        | 7/50 [00:00<00:05,  8.23it/s, Saved at =inf, TrLoss=0.4820]
 Training FV-otc-s1-t8:  14%|█▍        | 7/50 [00:00<00:05,  8.23it/s, Saved at =inf, TrLoss=0.4272]
 Training FV-otc-s1-t8:  16%|█▌        | 8/50 [00:00<00:05,  8.24it/s, Saved at =inf, TrLoss=0.4272]
 Training FV-otc-s1-t8:  16%|█▌        | 8/50 [00:01<00:05,  8.24it/s, Saved at =inf, TrLoss=0.4122]
 Training FV-otc-s1-t8:  18%|█▊        | 9/50 [00:01<00:04,  8.25it/s, Saved at =inf, TrLoss=0.4122]
 Training FV-otc-s1-t8:  18%|█▊        | 9/50 [00:01<00:04,  8.25it/s, Saved at =inf, TrLoss=0.3677]
 Training FV-otc-s1-t8:  20%|██        | 10/50 [00:01<00:04,  8.25it/s, Saved at =inf, TrLoss=0.3677]
 Training FV-otc-s1-t8:  20%|██        | 10/50 [00:01<00:04,  8.25it/s, Saved at =inf, TrLoss=0.4060]
 Training FV-otc-s1-t8:  22%|██▏       | 11/50 [00:01<00:04,  8.25it/s, Saved at =inf, TrLoss=0.4060]
 Training FV-otc-s1-t8:  22%|██▏       | 11/50 [00:01<00:04,  8.25it/s, Saved at =inf, TrLoss=0.3620]
 Training FV-otc-s1-t8:  24%|██▍       | 12/50 [00:01<00:04,  8.25it/s, Saved at =inf, TrLoss=0.3620]
 Training FV-otc-s1-t8:  24%|██▍       | 12/50 [00:01<00:04,  8.25it/s, Saved at =inf, TrLoss=0.3707]
 Training FV-otc-s1-t8:  26%|██▌       | 13/50 [00:01<00:04,  8.26it/s, Saved at =inf, TrLoss=0.3707]
 Training FV-otc-s1-t8:  26%|██▌       | 13/50 [00:01<00:04,  8.26it/s, Saved at =inf, TrLoss=0.3242]
 Training FV-otc-s1-t8:  28%|██▊       | 14/50 [00:01<00:04,  8.26it/s, Saved at =inf, TrLoss=0.3242]
 Training FV-otc-s1-t8:  28%|██▊       | 14/50 [00:01<00:04,  8.26it/s, Saved at =inf, TrLoss=0.3287]
 Training FV-otc-s1-t8:  30%|███       | 15/50 [00:01<00:04,  8.26it/s, Saved at =inf, TrLoss=0.3287]
 Training FV-otc-s1-t8:  30%|███       | 15/50 [00:01<00:04,  8.26it/s, Saved at =inf, TrLoss=0.3159]
 Training FV-otc-s1-t8:  32%|███▏      | 16/50 [00:01<00:04,  8.26it/s, Saved at =inf, TrLoss=0.3159]
 Training FV-otc-s1-t8:  32%|███▏      | 16/50 [00:02<00:04,  8.26it/s, Saved at =inf, TrLoss=0.3283]
 Training FV-otc-s1-t8:  34%|███▍      | 17/50 [00:02<00:03,  8.25it/s, Saved at =inf, TrLoss=0.3283]
 Training FV-otc-s1-t8:  34%|███▍      | 17/50 [00:02<00:03,  8.25it/s, Saved at =inf, TrLoss=0.3003]
 Training FV-otc-s1-t8:  36%|███▌      | 18/50 [00:02<00:03,  8.23it/s, Saved at =inf, TrLoss=0.3003]
 Training FV-otc-s1-t8:  36%|███▌      | 18/50 [00:02<00:03,  8.23it/s, Saved at =inf, TrLoss=0.3047]
 Training FV-otc-s1-t8:  38%|███▊      | 19/50 [00:02<00:03,  8.19it/s, Saved at =inf, TrLoss=0.3047]
 Training FV-otc-s1-t8:  38%|███▊      | 19/50 [00:02<00:03,  8.19it/s, Saved at =inf, TrLoss=0.2851]
 Training FV-otc-s1-t8:  40%|████      | 20/50 [00:02<00:03,  8.21it/s, Saved at =inf, TrLoss=0.2851]
 Training FV-otc-s1-t8:  40%|████      | 20/50 [00:02<00:03,  8.21it/s, Saved at =inf, TrLoss=0.2871]
 Training FV-otc-s1-t8:  42%|████▏     | 21/50 [00:02<00:03,  8.22it/s, Saved at =inf, TrLoss=0.2871]
 Training FV-otc-s1-t8:  42%|████▏     | 21/50 [00:02<00:03,  8.22it/s, Saved at =inf, TrLoss=0.2758]
 Training FV-otc-s1-t8:  44%|████▍     | 22/50 [00:02<00:03,  8.23it/s, Saved at =inf, TrLoss=0.2758]
 Training FV-otc-s1-t8:  44%|████▍     | 22/50 [00:02<00:03,  8.23it/s, Saved at =inf, TrLoss=0.2861]
 Training FV-otc-s1-t8:  46%|████▌     | 23/50 [00:02<00:03,  8.24it/s, Saved at =inf, TrLoss=0.2861]
 Training FV-otc-s1-t8:  46%|████▌     | 23/50 [00:02<00:03,  8.24it/s, Saved at =inf, TrLoss=0.2606]
 Training FV-otc-s1-t8:  48%|████▊     | 24/50 [00:02<00:03,  8.24it/s, Saved at =inf, TrLoss=0.2606]
 Training FV-otc-s1-t8:  48%|████▊     | 24/50 [00:03<00:03,  8.24it/s, Saved at =inf, TrLoss=0.2781]
 Training FV-otc-s1-t8:  50%|█████     | 25/50 [00:03<00:03,  8.24it/s, Saved at =inf, TrLoss=0.2781]
 Training FV-otc-s1-t8:  50%|█████     | 25/50 [00:03<00:03,  8.24it/s, Saved at =inf, TrLoss=0.2548]
 Training FV-otc-s1-t8:  52%|█████▏    | 26/50 [00:03<00:02,  8.24it/s, Saved at =inf, TrLoss=0.2548]
 Training FV-otc-s1-t8:  52%|█████▏    | 26/50 [00:03<00:02,  8.24it/s, Saved at =inf, TrLoss=0.2688]
 Training FV-otc-s1-t8:  54%|█████▍    | 27/50 [00:03<00:02,  8.22it/s, Saved at =inf, TrLoss=0.2688]
 Training FV-otc-s1-t8:  54%|█████▍    | 27/50 [00:03<00:02,  8.22it/s, Saved at =inf, TrLoss=0.2586]
 Training FV-otc-s1-t8:  56%|█████▌    | 28/50 [00:03<00:02,  8.23it/s, Saved at =inf, TrLoss=0.2586]
 Training FV-otc-s1-t8:  56%|█████▌    | 28/50 [00:03<00:02,  8.23it/s, Saved at =inf, TrLoss=0.2521]
 Training FV-otc-s1-t8:  58%|█████▊    | 29/50 [00:03<00:02,  8.24it/s, Saved at =inf, TrLoss=0.2521]
 Training FV-otc-s1-t8:  58%|█████▊    | 29/50 [00:03<00:02,  8.24it/s, Saved at =inf, TrLoss=0.2465]
 Training FV-otc-s1-t8:  60%|██████    | 30/50 [00:03<00:02,  8.24it/s, Saved at =inf, TrLoss=0.2465]
 Training FV-otc-s1-t8:  60%|██████    | 30/50 [00:03<00:02,  8.24it/s, Saved at =inf, TrLoss=0.2451]
 Training FV-otc-s1-t8:  62%|██████▏   | 31/50 [00:03<00:02,  8.24it/s, Saved at =inf, TrLoss=0.2451]
 Training FV-otc-s1-t8:  62%|██████▏   | 31/50 [00:03<00:02,  8.24it/s, Saved at =inf, TrLoss=0.2433]
 Training FV-otc-s1-t8:  64%|██████▍   | 32/50 [00:03<00:02,  8.23it/s, Saved at =inf, TrLoss=0.2433]
 Training FV-otc-s1-t8:  64%|██████▍   | 32/50 [00:03<00:02,  8.23it/s, Saved at =inf, TrLoss=0.2399]
 Training FV-otc-s1-t8:  66%|██████▌   | 33/50 [00:04<00:02,  8.21it/s, Saved at =inf, TrLoss=0.2399]
 Training FV-otc-s1-t8:  66%|██████▌   | 33/50 [00:04<00:02,  8.21it/s, Saved at =inf, TrLoss=0.2354]
 Training FV-otc-s1-t8:  68%|██████▊   | 34/50 [00:04<00:01,  8.22it/s, Saved at =inf, TrLoss=0.2354]
 Training FV-otc-s1-t8:  68%|██████▊   | 34/50 [00:04<00:01,  8.22it/s, Saved at =inf, TrLoss=0.2371]
 Training FV-otc-s1-t8:  70%|███████   | 35/50 [00:04<00:01,  8.23it/s, Saved at =inf, TrLoss=0.2371]
 Training FV-otc-s1-t8:  70%|███████   | 35/50 [00:04<00:01,  8.23it/s, Saved at =inf, TrLoss=0.2343]
 Training FV-otc-s1-t8:  72%|███████▏  | 36/50 [00:04<00:01,  8.23it/s, Saved at =inf, TrLoss=0.2343]
 Training FV-otc-s1-t8:  72%|███████▏  | 36/50 [00:04<00:01,  8.23it/s, Saved at =inf, TrLoss=0.2345]
 Training FV-otc-s1-t8:  74%|███████▍  | 37/50 [00:04<00:01,  8.23it/s, Saved at =inf, TrLoss=0.2345]
 Training FV-otc-s1-t8:  74%|███████▍  | 37/50 [00:04<00:01,  8.23it/s, Saved at =inf, TrLoss=0.2333]
 Training FV-otc-s1-t8:  76%|███████▌  | 38/50 [00:04<00:01,  8.20it/s, Saved at =inf, TrLoss=0.2333]
 Training FV-otc-s1-t8:  76%|███████▌  | 38/50 [00:04<00:01,  8.20it/s, Saved at =inf, TrLoss=0.2289]
 Training FV-otc-s1-t8:  78%|███████▊  | 39/50 [00:04<00:01,  8.22it/s, Saved at =inf, TrLoss=0.2289]
 Training FV-otc-s1-t8:  78%|███████▊  | 39/50 [00:04<00:01,  8.22it/s, Saved at =inf, TrLoss=0.2314]
 Training FV-otc-s1-t8:  80%|████████  | 40/50 [00:04<00:01,  8.23it/s, Saved at =inf, TrLoss=0.2314]
 Training FV-otc-s1-t8:  80%|████████  | 40/50 [00:04<00:01,  8.23it/s, Saved at =inf, TrLoss=0.2220]
 Training FV-otc-s1-t8:  82%|████████▏ | 41/50 [00:04<00:01,  8.24it/s, Saved at =inf, TrLoss=0.2220]
 Training FV-otc-s1-t8:  82%|████████▏ | 41/50 [00:05<00:01,  8.24it/s, Saved at =inf, TrLoss=0.2294]
 Training FV-otc-s1-t8:  84%|████████▍ | 42/50 [00:05<00:00,  8.22it/s, Saved at =inf, TrLoss=0.2294]
 Training FV-otc-s1-t8:  84%|████████▍ | 42/50 [00:05<00:00,  8.22it/s, Saved at =inf, TrLoss=0.2212]
 Training FV-otc-s1-t8:  86%|████████▌ | 43/50 [00:05<00:00,  8.19it/s, Saved at =inf, TrLoss=0.2212]
 Training FV-otc-s1-t8:  86%|████████▌ | 43/50 [00:05<00:00,  8.19it/s, Saved at =inf, TrLoss=0.2259]
 Training FV-otc-s1-t8:  88%|████████▊ | 44/50 [00:05<00:00,  8.19it/s, Saved at =inf, TrLoss=0.2259]
 Training FV-otc-s1-t8:  88%|████████▊ | 44/50 [00:05<00:00,  8.19it/s, Saved at =inf, TrLoss=0.2236]
 Training FV-otc-s1-t8:  90%|█████████ | 45/50 [00:05<00:00,  8.21it/s, Saved at =inf, TrLoss=0.2236]
 Training FV-otc-s1-t8:  90%|█████████ | 45/50 [00:05<00:00,  8.21it/s, Saved at =inf, TrLoss=0.2221]
 Training FV-otc-s1-t8:  92%|█████████▏| 46/50 [00:05<00:00,  8.22it/s, Saved at =inf, TrLoss=0.2221]
 Training FV-otc-s1-t8:  92%|█████████▏| 46/50 [00:05<00:00,  8.22it/s, Saved at =inf, TrLoss=0.2236]
 Training FV-otc-s1-t8:  94%|█████████▍| 47/50 [00:05<00:00,  8.23it/s, Saved at =inf, TrLoss=0.2236]
 Training FV-otc-s1-t8:  94%|█████████▍| 47/50 [00:05<00:00,  8.23it/s, Saved at =inf, TrLoss=0.2143]
 Training FV-otc-s1-t8:  96%|█████████▌| 48/50 [00:05<00:00,  8.24it/s, Saved at =inf, TrLoss=0.2143]
 Training FV-otc-s1-t8:  96%|█████████▌| 48/50 [00:05<00:00,  8.24it/s, Saved at =inf, TrLoss=0.2242]
 Training FV-otc-s1-t8:  98%|█████████▊| 49/50 [00:05<00:00,  8.23it/s, Saved at =inf, TrLoss=0.2242]
 Training FV-otc-s1-t8:  98%|█████████▊| 49/50 [00:06<00:00,  8.23it/s, Saved at =inf, TrLoss=0.2074]
 Training FV-otc-s1-t8: 100%|██████████| 50/50 [00:06<00:00,  8.24it/s, Saved at =inf, TrLoss=0.2074]
 Training FV-otc-s1-t8: 100%|██████████| 50/50 [00:06<00:00,  8.22it/s, Saved at =inf, TrLoss=0.2074]

 Training FV-otc-s1-t9:   0%|          | 0/50 [00:00<?, ?it/s]
 Training FV-otc-s1-t9:   0%|          | 0/50 [00:00<?, ?it/s, Saved at =inf, TrLoss=0.9548]
 Training FV-otc-s1-t9:   2%|▏         | 1/50 [00:00<00:07,  6.35it/s, Saved at =inf, TrLoss=0.9548]
 Training FV-otc-s1-t9:   2%|▏         | 1/50 [00:00<00:07,  6.35it/s, Saved at =inf, TrLoss=0.7471]
 Training FV-otc-s1-t9:   4%|▍         | 2/50 [00:00<00:07,  6.70it/s, Saved at =inf, TrLoss=0.7471]
 Training FV-otc-s1-t9:   4%|▍         | 2/50 [00:00<00:07,  6.70it/s, Saved at =inf, TrLoss=0.7085]
 Training FV-otc-s1-t9:   6%|▌         | 3/50 [00:00<00:06,  6.89it/s, Saved at =inf, TrLoss=0.7085]
 Training FV-otc-s1-t9:   6%|▌         | 3/50 [00:00<00:06,  6.89it/s, Saved at =inf, TrLoss=0.6100]
 Training FV-otc-s1-t9:   8%|▊         | 4/50 [00:00<00:06,  6.99it/s, Saved at =inf, TrLoss=0.6100]
 Training FV-otc-s1-t9:   8%|▊         | 4/50 [00:00<00:06,  6.99it/s, Saved at =inf, TrLoss=0.6046]
 Training FV-otc-s1-t9:  10%|█         | 5/50 [00:00<00:06,  7.04it/s, Saved at =inf, TrLoss=0.6046]
 Training FV-otc-s1-t9:  10%|█         | 5/50 [00:00<00:06,  7.04it/s, Saved at =inf, TrLoss=0.5337]
 Training FV-otc-s1-t9:  12%|█▏        | 6/50 [00:00<00:06,  7.07it/s, Saved at =inf, TrLoss=0.5337]
 Training FV-otc-s1-t9:  12%|█▏        | 6/50 [00:00<00:06,  7.07it/s, Saved at =inf, TrLoss=0.4918]
 Training FV-otc-s1-t9:  14%|█▍        | 7/50 [00:01<00:06,  7.09it/s, Saved at =inf, TrLoss=0.4918]
 Training FV-otc-s1-t9:  14%|█▍        | 7/50 [00:01<00:06,  7.09it/s, Saved at =inf, TrLoss=0.4298]
 Training FV-otc-s1-t9:  16%|█▌        | 8/50 [00:01<00:05,  7.10it/s, Saved at =inf, TrLoss=0.4298]
 Training FV-otc-s1-t9:  16%|█▌        | 8/50 [00:01<00:05,  7.10it/s, Saved at =inf, TrLoss=0.4117]
 Training FV-otc-s1-t9:  18%|█▊        | 9/50 [00:01<00:05,  7.11it/s, Saved at =inf, TrLoss=0.4117]
 Training FV-otc-s1-t9:  18%|█▊        | 9/50 [00:01<00:05,  7.11it/s, Saved at =inf, TrLoss=0.3715]
 Training FV-otc-s1-t9:  20%|██        | 10/50 [00:01<00:05,  7.12it/s, Saved at =inf, TrLoss=0.3715]
 Training FV-otc-s1-t9:  20%|██        | 10/50 [00:01<00:05,  7.12it/s, Saved at =inf, TrLoss=0.3872]
 Training FV-otc-s1-t9:  22%|██▏       | 11/50 [00:01<00:05,  7.12it/s, Saved at =inf, TrLoss=0.3872]
 Training FV-otc-s1-t9:  22%|██▏       | 11/50 [00:01<00:05,  7.12it/s, Saved at =inf, TrLoss=0.3852]
 Training FV-otc-s1-t9:  24%|██▍       | 12/50 [00:01<00:05,  7.12it/s, Saved at =inf, TrLoss=0.3852]
 Training FV-otc-s1-t9:  24%|██▍       | 12/50 [00:01<00:05,  7.12it/s, Saved at =inf, TrLoss=0.3640]
 Training FV-otc-s1-t9:  26%|██▌       | 13/50 [00:01<00:05,  7.13it/s, Saved at =inf, TrLoss=0.3640]
 Training FV-otc-s1-t9:  26%|██▌       | 13/50 [00:01<00:05,  7.13it/s, Saved at =inf, TrLoss=0.3441]
 Training FV-otc-s1-t9:  28%|██▊       | 14/50 [00:01<00:05,  7.13it/s, Saved at =inf, TrLoss=0.3441]
 Training FV-otc-s1-t9:  28%|██▊       | 14/50 [00:02<00:05,  7.13it/s, Saved at =inf, TrLoss=0.3265]
 Training FV-otc-s1-t9:  30%|███       | 15/50 [00:02<00:04,  7.13it/s, Saved at =inf, TrLoss=0.3265]
 Training FV-otc-s1-t9:  30%|███       | 15/50 [00:02<00:04,  7.13it/s, Saved at =inf, TrLoss=0.3238]
 Training FV-otc-s1-t9:  32%|███▏      | 16/50 [00:02<00:04,  7.13it/s, Saved at =inf, TrLoss=0.3238]
 Training FV-otc-s1-t9:  32%|███▏      | 16/50 [00:02<00:04,  7.13it/s, Saved at =inf, TrLoss=0.3214]
 Training FV-otc-s1-t9:  34%|███▍      | 17/50 [00:02<00:04,  7.13it/s, Saved at =inf, TrLoss=0.3214]
 Training FV-otc-s1-t9:  34%|███▍      | 17/50 [00:02<00:04,  7.13it/s, Saved at =inf, TrLoss=0.3052]
 Training FV-otc-s1-t9:  36%|███▌      | 18/50 [00:02<00:04,  7.13it/s, Saved at =inf, TrLoss=0.3052]
 Training FV-otc-s1-t9:  36%|███▌      | 18/50 [00:02<00:04,  7.13it/s, Saved at =inf, TrLoss=0.3050]
 Training FV-otc-s1-t9:  38%|███▊      | 19/50 [00:02<00:04,  7.13it/s, Saved at =inf, TrLoss=0.3050]
 Training FV-otc-s1-t9:  38%|███▊      | 19/50 [00:02<00:04,  7.13it/s, Saved at =inf, TrLoss=0.2984]
 Training FV-otc-s1-t9:  40%|████      | 20/50 [00:02<00:04,  7.13it/s, Saved at =inf, TrLoss=0.2984]
 Training FV-otc-s1-t9:  40%|████      | 20/50 [00:02<00:04,  7.13it/s, Saved at =inf, TrLoss=0.2916]
 Training FV-otc-s1-t9:  42%|████▏     | 21/50 [00:02<00:04,  7.13it/s, Saved at =inf, TrLoss=0.2916]
 Training FV-otc-s1-t9:  42%|████▏     | 21/50 [00:03<00:04,  7.13it/s, Saved at =inf, TrLoss=0.2817]
 Training FV-otc-s1-t9:  44%|████▍     | 22/50 [00:03<00:03,  7.13it/s, Saved at =inf, TrLoss=0.2817]
 Training FV-otc-s1-t9:  44%|████▍     | 22/50 [00:03<00:03,  7.13it/s, Saved at =inf, TrLoss=0.2785]
 Training FV-otc-s1-t9:  46%|████▌     | 23/50 [00:03<00:03,  7.13it/s, Saved at =inf, TrLoss=0.2785]
 Training FV-otc-s1-t9:  46%|████▌     | 23/50 [00:03<00:03,  7.13it/s, Saved at =inf, TrLoss=0.2755]
 Training FV-otc-s1-t9:  48%|████▊     | 24/50 [00:03<00:03,  7.13it/s, Saved at =inf, TrLoss=0.2755]
 Training FV-otc-s1-t9:  48%|████▊     | 24/50 [00:03<00:03,  7.13it/s, Saved at =inf, TrLoss=0.2669]
 Training FV-otc-s1-t9:  50%|█████     | 25/50 [00:03<00:03,  7.13it/s, Saved at =inf, TrLoss=0.2669]
 Training FV-otc-s1-t9:  50%|█████     | 25/50 [00:03<00:03,  7.13it/s, Saved at =inf, TrLoss=0.2637]
 Training FV-otc-s1-t9:  52%|█████▏    | 26/50 [00:03<00:03,  7.13it/s, Saved at =inf, TrLoss=0.2637]
 Training FV-otc-s1-t9:  52%|█████▏    | 26/50 [00:03<00:03,  7.13it/s, Saved at =inf, TrLoss=0.2601]
 Training FV-otc-s1-t9:  54%|█████▍    | 27/50 [00:03<00:03,  7.13it/s, Saved at =inf, TrLoss=0.2601]
 Training FV-otc-s1-t9:  54%|█████▍    | 27/50 [00:03<00:03,  7.13it/s, Saved at =inf, TrLoss=0.2597]
 Training FV-otc-s1-t9:  56%|█████▌    | 28/50 [00:03<00:03,  7.13it/s, Saved at =inf, TrLoss=0.2597]
 Training FV-otc-s1-t9:  56%|█████▌    | 28/50 [00:04<00:03,  7.13it/s, Saved at =inf, TrLoss=0.2625]
 Training FV-otc-s1-t9:  58%|█████▊    | 29/50 [00:04<00:02,  7.12it/s, Saved at =inf, TrLoss=0.2625]
 Training FV-otc-s1-t9:  58%|█████▊    | 29/50 [00:04<00:02,  7.12it/s, Saved at =inf, TrLoss=0.2657]
 Training FV-otc-s1-t9:  60%|██████    | 30/50 [00:04<00:02,  7.13it/s, Saved at =inf, TrLoss=0.2657]
 Training FV-otc-s1-t9:  60%|██████    | 30/50 [00:04<00:02,  7.13it/s, Saved at =inf, TrLoss=0.2544]
 Training FV-otc-s1-t9:  62%|██████▏   | 31/50 [00:04<00:02,  7.13it/s, Saved at =inf, TrLoss=0.2544]
 Training FV-otc-s1-t9:  62%|██████▏   | 31/50 [00:04<00:02,  7.13it/s, Saved at =inf, TrLoss=0.2405]
 Training FV-otc-s1-t9:  64%|██████▍   | 32/50 [00:04<00:02,  7.10it/s, Saved at =inf, TrLoss=0.2405]
 Training FV-otc-s1-t9:  64%|██████▍   | 32/50 [00:04<00:02,  7.10it/s, Saved at =inf, TrLoss=0.2483]
 Training FV-otc-s1-t9:  66%|██████▌   | 33/50 [00:04<00:02,  7.11it/s, Saved at =inf, TrLoss=0.2483]
 Training FV-otc-s1-t9:  66%|██████▌   | 33/50 [00:04<00:02,  7.11it/s, Saved at =inf, TrLoss=0.2435]
 Training FV-otc-s1-t9:  68%|██████▊   | 34/50 [00:04<00:02,  7.12it/s, Saved at =inf, TrLoss=0.2435]
 Training FV-otc-s1-t9:  68%|██████▊   | 34/50 [00:04<00:02,  7.12it/s, Saved at =inf, TrLoss=0.2368]
 Training FV-otc-s1-t9:  70%|███████   | 35/50 [00:04<00:02,  7.12it/s, Saved at =inf, TrLoss=0.2368]
 Training FV-otc-s1-t9:  70%|███████   | 35/50 [00:05<00:02,  7.12it/s, Saved at =inf, TrLoss=0.2399]
 Training FV-otc-s1-t9:  72%|███████▏  | 36/50 [00:05<00:01,  7.12it/s, Saved at =inf, TrLoss=0.2399]
 Training FV-otc-s1-t9:  72%|███████▏  | 36/50 [00:05<00:01,  7.12it/s, Saved at =inf, TrLoss=0.2308]
 Training FV-otc-s1-t9:  74%|███████▍  | 37/50 [00:05<00:01,  7.13it/s, Saved at =inf, TrLoss=0.2308]
 Training FV-otc-s1-t9:  74%|███████▍  | 37/50 [00:05<00:01,  7.13it/s, Saved at =inf, TrLoss=0.2286]
 Training FV-otc-s1-t9:  76%|███████▌  | 38/50 [00:05<00:01,  7.13it/s, Saved at =inf, TrLoss=0.2286]
 Training FV-otc-s1-t9:  76%|███████▌  | 38/50 [00:05<00:01,  7.13it/s, Saved at =inf, TrLoss=0.2286]
 Training FV-otc-s1-t9:  78%|███████▊  | 39/50 [00:05<00:01,  7.13it/s, Saved at =inf, TrLoss=0.2286]
 Training FV-otc-s1-t9:  78%|███████▊  | 39/50 [00:05<00:01,  7.13it/s, Saved at =inf, TrLoss=0.2249]
 Training FV-otc-s1-t9:  80%|████████  | 40/50 [00:05<00:01,  7.13it/s, Saved at =inf, TrLoss=0.2249]
 Training FV-otc-s1-t9:  80%|████████  | 40/50 [00:05<00:01,  7.13it/s, Saved at =inf, TrLoss=0.2228]
 Training FV-otc-s1-t9:  82%|████████▏ | 41/50 [00:05<00:01,  7.13it/s, Saved at =inf, TrLoss=0.2228]
 Training FV-otc-s1-t9:  82%|████████▏ | 41/50 [00:05<00:01,  7.13it/s, Saved at =inf, TrLoss=0.2231]
 Training FV-otc-s1-t9:  84%|████████▍ | 42/50 [00:05<00:01,  7.13it/s, Saved at =inf, TrLoss=0.2231]
 Training FV-otc-s1-t9:  84%|████████▍ | 42/50 [00:06<00:01,  7.13it/s, Saved at =inf, TrLoss=0.2217]
 Training FV-otc-s1-t9:  86%|████████▌ | 43/50 [00:06<00:00,  7.13it/s, Saved at =inf, TrLoss=0.2217]
 Training FV-otc-s1-t9:  86%|████████▌ | 43/50 [00:06<00:00,  7.13it/s, Saved at =inf, TrLoss=0.2240]
 Training FV-otc-s1-t9:  88%|████████▊ | 44/50 [00:06<00:00,  7.13it/s, Saved at =inf, TrLoss=0.2240]
 Training FV-otc-s1-t9:  88%|████████▊ | 44/50 [00:06<00:00,  7.13it/s, Saved at =inf, TrLoss=0.2232]
 Training FV-otc-s1-t9:  90%|█████████ | 45/50 [00:06<00:00,  7.13it/s, Saved at =inf, TrLoss=0.2232]
 Training FV-otc-s1-t9:  90%|█████████ | 45/50 [00:06<00:00,  7.13it/s, Saved at =inf, TrLoss=0.2135]
 Training FV-otc-s1-t9:  92%|█████████▏| 46/50 [00:06<00:00,  7.13it/s, Saved at =inf, TrLoss=0.2135]
 Training FV-otc-s1-t9:  92%|█████████▏| 46/50 [00:06<00:00,  7.13it/s, Saved at =inf, TrLoss=0.2243]
 Training FV-otc-s1-t9:  94%|█████████▍| 47/50 [00:06<00:00,  7.13it/s, Saved at =inf, TrLoss=0.2243]
 Training FV-otc-s1-t9:  94%|█████████▍| 47/50 [00:06<00:00,  7.13it/s, Saved at =inf, TrLoss=0.2119]
 Training FV-otc-s1-t9:  96%|█████████▌| 48/50 [00:06<00:00,  7.13it/s, Saved at =inf, TrLoss=0.2119]
 Training FV-otc-s1-t9:  96%|█████████▌| 48/50 [00:06<00:00,  7.13it/s, Saved at =inf, TrLoss=0.2143]
 Training FV-otc-s1-t9:  98%|█████████▊| 49/50 [00:06<00:00,  7.13it/s, Saved at =inf, TrLoss=0.2143]
 Training FV-otc-s1-t9:  98%|█████████▊| 49/50 [00:07<00:00,  7.13it/s, Saved at =inf, TrLoss=0.2131]
 Training FV-otc-s1-t9: 100%|██████████| 50/50 [00:07<00:00,  7.13it/s, Saved at =inf, TrLoss=0.2131]
 Training FV-otc-s1-t9: 100%|██████████| 50/50 [00:07<00:00,  7.11it/s, Saved at =inf, TrLoss=0.2131]

 Training ATK-otc-s1-t7:   0%|          | 0/50 [00:00<?, ?it/s]
 Training ATK-otc-s1-t7:   0%|          | 0/50 [00:00<?, ?it/s, Saved at =inf, TrLoss=0.6894]
 Training ATK-otc-s1-t7:   2%|▏         | 1/50 [00:00<00:05,  8.66it/s, Saved at =inf, TrLoss=0.6894]
 Training ATK-otc-s1-t7:   2%|▏         | 1/50 [00:00<00:05,  8.66it/s, Saved at =inf, TrLoss=0.6593]
 Training ATK-otc-s1-t7:   4%|▍         | 2/50 [00:00<00:05,  8.98it/s, Saved at =inf, TrLoss=0.6593]
 Training ATK-otc-s1-t7:   4%|▍         | 2/50 [00:00<00:05,  8.98it/s, Saved at =inf, TrLoss=0.6793]
 Training ATK-otc-s1-t7:   6%|▌         | 3/50 [00:00<00:05,  9.09it/s, Saved at =inf, TrLoss=0.6793]
 Training ATK-otc-s1-t7:   6%|▌         | 3/50 [00:00<00:05,  9.09it/s, Saved at =inf, TrLoss=0.5581]
 Training ATK-otc-s1-t7:   8%|▊         | 4/50 [00:00<00:05,  9.14it/s, Saved at =inf, TrLoss=0.5581]
 Training ATK-otc-s1-t7:   8%|▊         | 4/50 [00:00<00:05,  9.14it/s, Saved at =inf, TrLoss=0.4691]
 Training ATK-otc-s1-t7:  10%|█         | 5/50 [00:00<00:04,  9.18it/s, Saved at =inf, TrLoss=0.4691]
 Training ATK-otc-s1-t7:  10%|█         | 5/50 [00:00<00:04,  9.18it/s, Saved at =inf, TrLoss=0.5048]
 Training ATK-otc-s1-t7:  12%|█▏        | 6/50 [00:00<00:04,  9.19it/s, Saved at =inf, TrLoss=0.5048]
 Training ATK-otc-s1-t7:  12%|█▏        | 6/50 [00:00<00:04,  9.19it/s, Saved at =inf, TrLoss=0.4910]
 Training ATK-otc-s1-t7:  14%|█▍        | 7/50 [00:00<00:04,  9.20it/s, Saved at =inf, TrLoss=0.4910]
 Training ATK-otc-s1-t7:  14%|█▍        | 7/50 [00:00<00:04,  9.20it/s, Saved at =inf, TrLoss=0.4054]
 Training ATK-otc-s1-t7:  16%|█▌        | 8/50 [00:00<00:04,  9.21it/s, Saved at =inf, TrLoss=0.4054]
 Training ATK-otc-s1-t7:  16%|█▌        | 8/50 [00:00<00:04,  9.21it/s, Saved at =inf, TrLoss=0.3655]
 Training ATK-otc-s1-t7:  18%|█▊        | 9/50 [00:00<00:04,  9.21it/s, Saved at =inf, TrLoss=0.3655]
 Training ATK-otc-s1-t7:  18%|█▊        | 9/50 [00:01<00:04,  9.21it/s, Saved at =inf, TrLoss=0.3788]
 Training ATK-otc-s1-t7:  20%|██        | 10/50 [00:01<00:04,  9.21it/s, Saved at =inf, TrLoss=0.3788]
 Training ATK-otc-s1-t7:  20%|██        | 10/50 [00:01<00:04,  9.21it/s, Saved at =inf, TrLoss=0.3430]
 Training ATK-otc-s1-t7:  22%|██▏       | 11/50 [00:01<00:04,  9.22it/s, Saved at =inf, TrLoss=0.3430]
 Training ATK-otc-s1-t7:  22%|██▏       | 11/50 [00:01<00:04,  9.22it/s, Saved at =inf, TrLoss=0.3530]
 Training ATK-otc-s1-t7:  24%|██▍       | 12/50 [00:01<00:04,  9.22it/s, Saved at =inf, TrLoss=0.3530]
 Training ATK-otc-s1-t7:  24%|██▍       | 12/50 [00:01<00:04,  9.22it/s, Saved at =inf, TrLoss=0.3435]
 Training ATK-otc-s1-t7:  26%|██▌       | 13/50 [00:01<00:04,  9.22it/s, Saved at =inf, TrLoss=0.3435]
 Training ATK-otc-s1-t7:  26%|██▌       | 13/50 [00:01<00:04,  9.22it/s, Saved at =inf, TrLoss=0.3108]
 Training ATK-otc-s1-t7:  28%|██▊       | 14/50 [00:01<00:03,  9.22it/s, Saved at =inf, TrLoss=0.3108]
 Training ATK-otc-s1-t7:  28%|██▊       | 14/50 [00:01<00:03,  9.22it/s, Saved at =inf, TrLoss=0.3025]
 Training ATK-otc-s1-t7:  30%|███       | 15/50 [00:01<00:03,  9.22it/s, Saved at =inf, TrLoss=0.3025]
 Training ATK-otc-s1-t7:  30%|███       | 15/50 [00:01<00:03,  9.22it/s, Saved at =inf, TrLoss=0.2961]
 Training ATK-otc-s1-t7:  32%|███▏      | 16/50 [00:01<00:03,  8.62it/s, Saved at =inf, TrLoss=0.2961]
 Training ATK-otc-s1-t7:  32%|███▏      | 16/50 [00:01<00:03,  8.62it/s, Saved at =inf, TrLoss=0.2880]
 Training ATK-otc-s1-t7:  34%|███▍      | 17/50 [00:01<00:03,  8.79it/s, Saved at =inf, TrLoss=0.2880]
 Training ATK-otc-s1-t7:  34%|███▍      | 17/50 [00:01<00:03,  8.79it/s, Saved at =inf, TrLoss=0.2832]
 Training ATK-otc-s1-t7:  36%|███▌      | 18/50 [00:01<00:03,  8.92it/s, Saved at =inf, TrLoss=0.2832]
 Training ATK-otc-s1-t7:  36%|███▌      | 18/50 [00:02<00:03,  8.92it/s, Saved at =inf, TrLoss=0.2840]
 Training ATK-otc-s1-t7:  38%|███▊      | 19/50 [00:02<00:03,  9.01it/s, Saved at =inf, TrLoss=0.2840]
 Training ATK-otc-s1-t7:  38%|███▊      | 19/50 [00:02<00:03,  9.01it/s, Saved at =inf, TrLoss=0.2722]
 Training ATK-otc-s1-t7:  40%|████      | 20/50 [00:02<00:03,  9.09it/s, Saved at =inf, TrLoss=0.2722]
 Training ATK-otc-s1-t7:  40%|████      | 20/50 [00:02<00:03,  9.09it/s, Saved at =inf, TrLoss=0.2772]
 Training ATK-otc-s1-t7:  42%|████▏     | 21/50 [00:02<00:03,  9.16it/s, Saved at =inf, TrLoss=0.2772]
 Training ATK-otc-s1-t7:  42%|████▏     | 21/50 [00:02<00:03,  9.16it/s, Saved at =inf, TrLoss=0.2685]
 Training ATK-otc-s1-t7:  44%|████▍     | 22/50 [00:02<00:03,  9.22it/s, Saved at =inf, TrLoss=0.2685]
 Training ATK-otc-s1-t7:  44%|████▍     | 22/50 [00:02<00:03,  9.22it/s, Saved at =inf, TrLoss=0.2602]
 Training ATK-otc-s1-t7:  46%|████▌     | 23/50 [00:02<00:02,  9.22it/s, Saved at =inf, TrLoss=0.2602]
 Training ATK-otc-s1-t7:  46%|████▌     | 23/50 [00:02<00:02,  9.22it/s, Saved at =inf, TrLoss=0.2494]
 Training ATK-otc-s1-t7:  48%|████▊     | 24/50 [00:02<00:02,  9.24it/s, Saved at =inf, TrLoss=0.2494]
 Training ATK-otc-s1-t7:  48%|████▊     | 24/50 [00:02<00:02,  9.24it/s, Saved at =inf, TrLoss=0.2472]
 Training ATK-otc-s1-t7:  50%|█████     | 25/50 [00:02<00:02,  9.27it/s, Saved at =inf, TrLoss=0.2472]
 Training ATK-otc-s1-t7:  50%|█████     | 25/50 [00:02<00:02,  9.27it/s, Saved at =inf, TrLoss=0.2413]
 Training ATK-otc-s1-t7:  52%|█████▏    | 26/50 [00:02<00:02,  9.29it/s, Saved at =inf, TrLoss=0.2413]
 Training ATK-otc-s1-t7:  52%|█████▏    | 26/50 [00:02<00:02,  9.29it/s, Saved at =inf, TrLoss=0.2396]
 Training ATK-otc-s1-t7:  54%|█████▍    | 27/50 [00:02<00:02,  9.30it/s, Saved at =inf, TrLoss=0.2396]
 Training ATK-otc-s1-t7:  54%|█████▍    | 27/50 [00:03<00:02,  9.30it/s, Saved at =inf, TrLoss=0.2362]
 Training ATK-otc-s1-t7:  56%|█████▌    | 28/50 [00:03<00:02,  9.30it/s, Saved at =inf, TrLoss=0.2362]
 Training ATK-otc-s1-t7:  56%|█████▌    | 28/50 [00:03<00:02,  9.30it/s, Saved at =inf, TrLoss=0.2319]
 Training ATK-otc-s1-t7:  58%|█████▊    | 29/50 [00:03<00:02,  9.31it/s, Saved at =inf, TrLoss=0.2319]
 Training ATK-otc-s1-t7:  58%|█████▊    | 29/50 [00:03<00:02,  9.31it/s, Saved at =inf, TrLoss=0.2271]
 Training ATK-otc-s1-t7:  60%|██████    | 30/50 [00:03<00:02,  9.30it/s, Saved at =inf, TrLoss=0.2271]
 Training ATK-otc-s1-t7:  60%|██████    | 30/50 [00:03<00:02,  9.30it/s, Saved at =inf, TrLoss=0.2272]
 Training ATK-otc-s1-t7:  62%|██████▏   | 31/50 [00:03<00:02,  9.31it/s, Saved at =inf, TrLoss=0.2272]
 Training ATK-otc-s1-t7:  62%|██████▏   | 31/50 [00:03<00:02,  9.31it/s, Saved at =inf, TrLoss=0.2256]
 Training ATK-otc-s1-t7:  64%|██████▍   | 32/50 [00:03<00:01,  9.17it/s, Saved at =inf, TrLoss=0.2256]
 Training ATK-otc-s1-t7:  64%|██████▍   | 32/50 [00:03<00:01,  9.17it/s, Saved at =inf, TrLoss=0.2195]
 Training ATK-otc-s1-t7:  66%|██████▌   | 33/50 [00:03<00:01,  9.18it/s, Saved at =inf, TrLoss=0.2195]
 Training ATK-otc-s1-t7:  66%|██████▌   | 33/50 [00:03<00:01,  9.18it/s, Saved at =inf, TrLoss=0.2214]
 Training ATK-otc-s1-t7:  68%|██████▊   | 34/50 [00:03<00:01,  9.20it/s, Saved at =inf, TrLoss=0.2214]
 Training ATK-otc-s1-t7:  68%|██████▊   | 34/50 [00:03<00:01,  9.20it/s, Saved at =inf, TrLoss=0.2240]
 Training ATK-otc-s1-t7:  70%|███████   | 35/50 [00:03<00:01,  9.24it/s, Saved at =inf, TrLoss=0.2240]
 Training ATK-otc-s1-t7:  70%|███████   | 35/50 [00:03<00:01,  9.24it/s, Saved at =inf, TrLoss=0.2122]
 Training ATK-otc-s1-t7:  72%|███████▏  | 36/50 [00:03<00:01,  9.27it/s, Saved at =inf, TrLoss=0.2122]
 Training ATK-otc-s1-t7:  72%|███████▏  | 36/50 [00:04<00:01,  9.27it/s, Saved at =inf, TrLoss=0.2113]
 Training ATK-otc-s1-t7:  74%|███████▍  | 37/50 [00:04<00:01,  9.29it/s, Saved at =inf, TrLoss=0.2113]
 Training ATK-otc-s1-t7:  74%|███████▍  | 37/50 [00:04<00:01,  9.29it/s, Saved at =inf, TrLoss=0.2081]
 Training ATK-otc-s1-t7:  76%|███████▌  | 38/50 [00:04<00:01,  9.30it/s, Saved at =inf, TrLoss=0.2081]
 Training ATK-otc-s1-t7:  76%|███████▌  | 38/50 [00:04<00:01,  9.30it/s, Saved at =inf, TrLoss=0.2049]
 Training ATK-otc-s1-t7:  78%|███████▊  | 39/50 [00:04<00:01,  9.32it/s, Saved at =inf, TrLoss=0.2049]
 Training ATK-otc-s1-t7:  78%|███████▊  | 39/50 [00:04<00:01,  9.32it/s, Saved at =inf, TrLoss=0.2074]
 Training ATK-otc-s1-t7:  80%|████████  | 40/50 [00:04<00:01,  9.32it/s, Saved at =inf, TrLoss=0.2074]
 Training ATK-otc-s1-t7:  80%|████████  | 40/50 [00:04<00:01,  9.32it/s, Saved at =inf, TrLoss=0.1979]
 Training ATK-otc-s1-t7:  82%|████████▏ | 41/50 [00:04<00:00,  9.32it/s, Saved at =inf, TrLoss=0.1979]
 Training ATK-otc-s1-t7:  82%|████████▏ | 41/50 [00:04<00:00,  9.32it/s, Saved at =inf, TrLoss=0.1999]
 Training ATK-otc-s1-t7:  84%|████████▍ | 42/50 [00:04<00:00,  9.30it/s, Saved at =inf, TrLoss=0.1999]
 Training ATK-otc-s1-t7:  84%|████████▍ | 42/50 [00:04<00:00,  9.30it/s, Saved at =inf, TrLoss=0.1945]
 Training ATK-otc-s1-t7:  86%|████████▌ | 43/50 [00:04<00:00,  9.31it/s, Saved at =inf, TrLoss=0.1945]
 Training ATK-otc-s1-t7:  86%|████████▌ | 43/50 [00:04<00:00,  9.31it/s, Saved at =inf, TrLoss=0.2030]
 Training ATK-otc-s1-t7:  88%|████████▊ | 44/50 [00:04<00:00,  9.31it/s, Saved at =inf, TrLoss=0.2030]
 Training ATK-otc-s1-t7:  88%|████████▊ | 44/50 [00:04<00:00,  9.31it/s, Saved at =inf, TrLoss=0.1981]
 Training ATK-otc-s1-t7:  90%|█████████ | 45/50 [00:04<00:00,  9.32it/s, Saved at =inf, TrLoss=0.1981]
 Training ATK-otc-s1-t7:  90%|█████████ | 45/50 [00:04<00:00,  9.32it/s, Saved at =inf, TrLoss=0.2014]
 Training ATK-otc-s1-t7:  92%|█████████▏| 46/50 [00:04<00:00,  9.32it/s, Saved at =inf, TrLoss=0.2014]
 Training ATK-otc-s1-t7:  92%|█████████▏| 46/50 [00:05<00:00,  9.32it/s, Saved at =inf, TrLoss=0.1986]
 Training ATK-otc-s1-t7:  94%|█████████▍| 47/50 [00:05<00:00,  9.32it/s, Saved at =inf, TrLoss=0.1986]
 Training ATK-otc-s1-t7:  94%|█████████▍| 47/50 [00:05<00:00,  9.32it/s, Saved at =inf, TrLoss=0.1934]
 Training ATK-otc-s1-t7:  96%|█████████▌| 48/50 [00:05<00:00,  9.32it/s, Saved at =inf, TrLoss=0.1934]
 Training ATK-otc-s1-t7:  96%|█████████▌| 48/50 [00:05<00:00,  9.32it/s, Saved at =inf, TrLoss=0.1990]
 Training ATK-otc-s1-t7:  98%|█████████▊| 49/50 [00:05<00:00,  9.31it/s, Saved at =inf, TrLoss=0.1990]
 Training ATK-otc-s1-t7:  98%|█████████▊| 49/50 [00:05<00:00,  9.31it/s, Saved at =inf, TrLoss=0.1819]
 Training ATK-otc-s1-t7: 100%|██████████| 50/50 [00:05<00:00,  9.32it/s, Saved at =inf, TrLoss=0.1819]
 Training ATK-otc-s1-t7: 100%|██████████| 50/50 [00:05<00:00,  9.21it/s, Saved at =inf, TrLoss=0.1819]
[06:18:51]   MCC=0.397±0.105, AUC=0.760±0.075, BAcc=0.680±0.047
[06:18:51] Training GDTE on otc (seed=2)...

 Training FV-otc-s2-t2:   0%|          | 0/50 [00:00<?, ?it/s]
 Training FV-otc-s2-t2:   0%|          | 0/50 [00:00<?, ?it/s, Saved at =inf, TrLoss=0.7166]
 Training FV-otc-s2-t2:   0%|          | 0/50 [00:00<?, ?it/s, Saved at =inf, TrLoss=0.5475]
 Training FV-otc-s2-t2:   0%|          | 0/50 [00:00<?, ?it/s, Saved at =inf, TrLoss=0.4565]
 Training FV-otc-s2-t2:   0%|          | 0/50 [00:00<?, ?it/s, Saved at =inf, TrLoss=0.4664]
 Training FV-otc-s2-t2:   8%|▊         | 4/50 [00:00<00:01, 31.09it/s, Saved at =inf, TrLoss=0.4664]
 Training FV-otc-s2-t2:   8%|▊         | 4/50 [00:00<00:01, 31.09it/s, Saved at =inf, TrLoss=0.3041]
 Training FV-otc-s2-t2:   8%|▊         | 4/50 [00:00<00:01, 31.09it/s, Saved at =inf, TrLoss=0.2621]
 Training FV-otc-s2-t2:   8%|▊         | 4/50 [00:00<00:01, 31.09it/s, Saved at =inf, TrLoss=0.2439]
 Training FV-otc-s2-t2:   8%|▊         | 4/50 [00:00<00:01, 31.09it/s, Saved at =inf, TrLoss=0.2127]
 Training FV-otc-s2-t2:  16%|█▌        | 8/50 [00:00<00:01, 31.17it/s, Saved at =inf, TrLoss=0.2127]
 Training FV-otc-s2-t2:  16%|█▌        | 8/50 [00:00<00:01, 31.17it/s, Saved at =inf, TrLoss=0.2005]
 Training FV-otc-s2-t2:  16%|█▌        | 8/50 [00:00<00:01, 31.17it/s, Saved at =inf, TrLoss=0.1819]
 Training FV-otc-s2-t2:  16%|█▌        | 8/50 [00:00<00:01, 31.17it/s, Saved at =inf, TrLoss=0.1937]
 Training FV-otc-s2-t2:  16%|█▌        | 8/50 [00:00<00:01, 31.17it/s, Saved at =inf, TrLoss=0.1659]
 Training FV-otc-s2-t2:  24%|██▍       | 12/50 [00:00<00:01, 31.32it/s, Saved at =inf, TrLoss=0.1659]
 Training FV-otc-s2-t2:  24%|██▍       | 12/50 [00:00<00:01, 31.32it/s, Saved at =inf, TrLoss=0.1853]
 Training FV-otc-s2-t2:  24%|██▍       | 12/50 [00:00<00:01, 31.32it/s, Saved at =inf, TrLoss=0.1716]
 Training FV-otc-s2-t2:  24%|██▍       | 12/50 [00:00<00:01, 31.32it/s, Saved at =inf, TrLoss=0.1648]
 Training FV-otc-s2-t2:  24%|██▍       | 12/50 [00:00<00:01, 31.32it/s, Saved at =inf, TrLoss=0.1360]
 Training FV-otc-s2-t2:  32%|███▏      | 16/50 [00:00<00:01, 31.39it/s, Saved at =inf, TrLoss=0.1360]
 Training FV-otc-s2-t2:  32%|███▏      | 16/50 [00:00<00:01, 31.39it/s, Saved at =inf, TrLoss=0.1428]
 Training FV-otc-s2-t2:  32%|███▏      | 16/50 [00:00<00:01, 31.39it/s, Saved at =inf, TrLoss=0.1449]
 Training FV-otc-s2-t2:  32%|███▏      | 16/50 [00:00<00:01, 31.39it/s, Saved at =inf, TrLoss=0.1301]
 Training FV-otc-s2-t2:  32%|███▏      | 16/50 [00:00<00:01, 31.39it/s, Saved at =inf, TrLoss=0.1274]
 Training FV-otc-s2-t2:  40%|████      | 20/50 [00:00<00:00, 31.30it/s, Saved at =inf, TrLoss=0.1274]
 Training FV-otc-s2-t2:  40%|████      | 20/50 [00:00<00:00, 31.30it/s, Saved at =inf, TrLoss=0.1132]
 Training FV-otc-s2-t2:  40%|████      | 20/50 [00:00<00:00, 31.30it/s, Saved at =inf, TrLoss=0.1381]
 Training FV-otc-s2-t2:  40%|████      | 20/50 [00:00<00:00, 31.30it/s, Saved at =inf, TrLoss=0.1426]
 Training FV-otc-s2-t2:  40%|████      | 20/50 [00:00<00:00, 31.30it/s, Saved at =inf, TrLoss=0.1545]
 Training FV-otc-s2-t2:  48%|████▊     | 24/50 [00:00<00:00, 31.34it/s, Saved at =inf, TrLoss=0.1545]
 Training FV-otc-s2-t2:  48%|████▊     | 24/50 [00:00<00:00, 31.34it/s, Saved at =inf, TrLoss=0.1197]
 Training FV-otc-s2-t2:  48%|████▊     | 24/50 [00:00<00:00, 31.34it/s, Saved at =inf, TrLoss=0.1561]
 Training FV-otc-s2-t2:  48%|████▊     | 24/50 [00:00<00:00, 31.34it/s, Saved at =inf, TrLoss=0.1100]
 Training FV-otc-s2-t2:  48%|████▊     | 24/50 [00:00<00:00, 31.34it/s, Saved at =inf, TrLoss=0.1477]
 Training FV-otc-s2-t2:  56%|█████▌    | 28/50 [00:00<00:00, 31.38it/s, Saved at =inf, TrLoss=0.1477]
 Training FV-otc-s2-t2:  56%|█████▌    | 28/50 [00:00<00:00, 31.38it/s, Saved at =inf, TrLoss=0.1211]
 Training FV-otc-s2-t2:  56%|█████▌    | 28/50 [00:00<00:00, 31.38it/s, Saved at =inf, TrLoss=0.1001]
 Training FV-otc-s2-t2:  56%|█████▌    | 28/50 [00:00<00:00, 31.38it/s, Saved at =inf, TrLoss=0.0955]
 Training FV-otc-s2-t2:  56%|█████▌    | 28/50 [00:01<00:00, 31.38it/s, Saved at =inf, TrLoss=0.0998]
 Training FV-otc-s2-t2:  64%|██████▍   | 32/50 [00:01<00:00, 31.41it/s, Saved at =inf, TrLoss=0.0998]
 Training FV-otc-s2-t2:  64%|██████▍   | 32/50 [00:01<00:00, 31.41it/s, Saved at =inf, TrLoss=0.0999]
 Training FV-otc-s2-t2:  64%|██████▍   | 32/50 [00:01<00:00, 31.41it/s, Saved at =inf, TrLoss=0.1059]
 Training FV-otc-s2-t2:  64%|██████▍   | 32/50 [00:01<00:00, 31.41it/s, Saved at =inf, TrLoss=0.0818]
 Training FV-otc-s2-t2:  64%|██████▍   | 32/50 [00:01<00:00, 31.41it/s, Saved at =inf, TrLoss=0.0888]
 Training FV-otc-s2-t2:  72%|███████▏  | 36/50 [00:01<00:00, 31.40it/s, Saved at =inf, TrLoss=0.0888]
 Training FV-otc-s2-t2:  72%|███████▏  | 36/50 [00:01<00:00, 31.40it/s, Saved at =inf, TrLoss=0.0775]
 Training FV-otc-s2-t2:  72%|███████▏  | 36/50 [00:01<00:00, 31.40it/s, Saved at =inf, TrLoss=0.0803]
 Training FV-otc-s2-t2:  72%|███████▏  | 36/50 [00:01<00:00, 31.40it/s, Saved at =inf, TrLoss=0.0659]
 Training FV-otc-s2-t2:  72%|███████▏  | 36/50 [00:01<00:00, 31.40it/s, Saved at =inf, TrLoss=0.0807]
 Training FV-otc-s2-t2:  80%|████████  | 40/50 [00:01<00:00, 31.43it/s, Saved at =inf, TrLoss=0.0807]
 Training FV-otc-s2-t2:  80%|████████  | 40/50 [00:01<00:00, 31.43it/s, Saved at =inf, TrLoss=0.0765]
 Training FV-otc-s2-t2:  80%|████████  | 40/50 [00:01<00:00, 31.43it/s, Saved at =inf, TrLoss=0.0715]
 Training FV-otc-s2-t2:  80%|████████  | 40/50 [00:01<00:00, 31.43it/s, Saved at =inf, TrLoss=0.0706]
 Training FV-otc-s2-t2:  80%|████████  | 40/50 [00:01<00:00, 31.43it/s, Saved at =inf, TrLoss=0.0752]
 Training FV-otc-s2-t2:  88%|████████▊ | 44/50 [00:01<00:00, 31.45it/s, Saved at =inf, TrLoss=0.0752]
 Training FV-otc-s2-t2:  88%|████████▊ | 44/50 [00:01<00:00, 31.45it/s, Saved at =inf, TrLoss=0.0783]
 Training FV-otc-s2-t2:  88%|████████▊ | 44/50 [00:01<00:00, 31.45it/s, Saved at =inf, TrLoss=0.0620]
 Training FV-otc-s2-t2:  88%|████████▊ | 44/50 [00:01<00:00, 31.45it/s, Saved at =inf, TrLoss=0.0691]
 Training FV-otc-s2-t2:  88%|████████▊ | 44/50 [00:01<00:00, 31.45it/s, Saved at =inf, TrLoss=0.0604]
 Training FV-otc-s2-t2:  96%|█████████▌| 48/50 [00:01<00:00, 31.35it/s, Saved at =inf, TrLoss=0.0604]
 Training FV-otc-s2-t2:  96%|█████████▌| 48/50 [00:01<00:00, 31.35it/s, Saved at =inf, TrLoss=0.1090]
 Training FV-otc-s2-t2:  96%|█████████▌| 48/50 [00:01<00:00, 31.35it/s, Saved at =inf, TrLoss=0.0814]
 Training FV-otc-s2-t2: 100%|██████████| 50/50 [00:01<00:00, 31.36it/s, Saved at =inf, TrLoss=0.0814]

 Training FV-otc-s2-t3:   0%|          | 0/50 [00:00<?, ?it/s]
 Training FV-otc-s2-t3:   0%|          | 0/50 [00:00<?, ?it/s, Saved at =inf, TrLoss=0.7878]
 Training FV-otc-s2-t3:   0%|          | 0/50 [00:00<?, ?it/s, Saved at =inf, TrLoss=0.8257]
 Training FV-otc-s2-t3:   0%|          | 0/50 [00:00<?, ?it/s, Saved at =inf, TrLoss=0.5418]
 Training FV-otc-s2-t3:   6%|▌         | 3/50 [00:00<00:02, 20.68it/s, Saved at =inf, TrLoss=0.5418]
 Training FV-otc-s2-t3:   6%|▌         | 3/50 [00:00<00:02, 20.68it/s, Saved at =inf, TrLoss=0.5495]
 Training FV-otc-s2-t3:   6%|▌         | 3/50 [00:00<00:02, 20.68it/s, Saved at =inf, TrLoss=0.4595]
 Training FV-otc-s2-t3:   6%|▌         | 3/50 [00:00<00:02, 20.68it/s, Saved at =inf, TrLoss=0.4075]
 Training FV-otc-s2-t3:  12%|█▏        | 6/50 [00:00<00:02, 20.61it/s, Saved at =inf, TrLoss=0.4075]
 Training FV-otc-s2-t3:  12%|█▏        | 6/50 [00:00<00:02, 20.61it/s, Saved at =inf, TrLoss=0.3605]
 Training FV-otc-s2-t3:  12%|█▏        | 6/50 [00:00<00:02, 20.61it/s, Saved at =inf, TrLoss=0.3026]
 Training FV-otc-s2-t3:  12%|█▏        | 6/50 [00:00<00:02, 20.61it/s, Saved at =inf, TrLoss=0.2979]
 Training FV-otc-s2-t3:  18%|█▊        | 9/50 [00:00<00:01, 20.52it/s, Saved at =inf, TrLoss=0.2979]
 Training FV-otc-s2-t3:  18%|█▊        | 9/50 [00:00<00:01, 20.52it/s, Saved at =inf, TrLoss=0.2708]
 Training FV-otc-s2-t3:  18%|█▊        | 9/50 [00:00<00:01, 20.52it/s, Saved at =inf, TrLoss=0.2568]
 Training FV-otc-s2-t3:  18%|█▊        | 9/50 [00:00<00:01, 20.52it/s, Saved at =inf, TrLoss=0.2341]
 Training FV-otc-s2-t3:  24%|██▍       | 12/50 [00:00<00:01, 20.53it/s, Saved at =inf, TrLoss=0.2341]
 Training FV-otc-s2-t3:  24%|██▍       | 12/50 [00:00<00:01, 20.53it/s, Saved at =inf, TrLoss=0.1972]
 Training FV-otc-s2-t3:  24%|██▍       | 12/50 [00:00<00:01, 20.53it/s, Saved at =inf, TrLoss=0.2004]
 Training FV-otc-s2-t3:  24%|██▍       | 12/50 [00:00<00:01, 20.53it/s, Saved at =inf, TrLoss=0.2121]
 Training FV-otc-s2-t3:  30%|███       | 15/50 [00:00<00:01, 20.54it/s, Saved at =inf, TrLoss=0.2121]
 Training FV-otc-s2-t3:  30%|███       | 15/50 [00:00<00:01, 20.54it/s, Saved at =inf, TrLoss=0.1767]
 Training FV-otc-s2-t3:  30%|███       | 15/50 [00:00<00:01, 20.54it/s, Saved at =inf, TrLoss=0.1722]
 Training FV-otc-s2-t3:  30%|███       | 15/50 [00:00<00:01, 20.54it/s, Saved at =inf, TrLoss=0.1718]
 Training FV-otc-s2-t3:  36%|███▌      | 18/50 [00:00<00:01, 20.48it/s, Saved at =inf, TrLoss=0.1718]
 Training FV-otc-s2-t3:  36%|███▌      | 18/50 [00:00<00:01, 20.48it/s, Saved at =inf, TrLoss=0.1734]
 Training FV-otc-s2-t3:  36%|███▌      | 18/50 [00:00<00:01, 20.48it/s, Saved at =inf, TrLoss=0.1734]
 Training FV-otc-s2-t3:  36%|███▌      | 18/50 [00:01<00:01, 20.48it/s, Saved at =inf, TrLoss=0.1637]
 Training FV-otc-s2-t3:  42%|████▏     | 21/50 [00:01<00:01, 20.51it/s, Saved at =inf, TrLoss=0.1637]
 Training FV-otc-s2-t3:  42%|████▏     | 21/50 [00:01<00:01, 20.51it/s, Saved at =inf, TrLoss=0.1857]
 Training FV-otc-s2-t3:  42%|████▏     | 21/50 [00:01<00:01, 20.51it/s, Saved at =inf, TrLoss=0.1904]
 Training FV-otc-s2-t3:  42%|████▏     | 21/50 [00:01<00:01, 20.51it/s, Saved at =inf, TrLoss=0.1766]
 Training FV-otc-s2-t3:  48%|████▊     | 24/50 [00:01<00:01, 20.52it/s, Saved at =inf, TrLoss=0.1766]
 Training FV-otc-s2-t3:  48%|████▊     | 24/50 [00:01<00:01, 20.52it/s, Saved at =inf, TrLoss=0.1657]
 Training FV-otc-s2-t3:  48%|████▊     | 24/50 [00:01<00:01, 20.52it/s, Saved at =inf, TrLoss=0.1610]
 Training FV-otc-s2-t3:  48%|████▊     | 24/50 [00:01<00:01, 20.52it/s, Saved at =inf, TrLoss=0.1493]
 Training FV-otc-s2-t3:  54%|█████▍    | 27/50 [00:01<00:01, 20.53it/s, Saved at =inf, TrLoss=0.1493]
 Training FV-otc-s2-t3:  54%|█████▍    | 27/50 [00:01<00:01, 20.53it/s, Saved at =inf, TrLoss=0.1511]
 Training FV-otc-s2-t3:  54%|█████▍    | 27/50 [00:01<00:01, 20.53it/s, Saved at =inf, TrLoss=0.1431]
 Training FV-otc-s2-t3:  54%|█████▍    | 27/50 [00:01<00:01, 20.53it/s, Saved at =inf, TrLoss=0.1442]
 Training FV-otc-s2-t3:  60%|██████    | 30/50 [00:01<00:00, 20.54it/s, Saved at =inf, TrLoss=0.1442]
 Training FV-otc-s2-t3:  60%|██████    | 30/50 [00:01<00:00, 20.54it/s, Saved at =inf, TrLoss=0.1567]
 Training FV-otc-s2-t3:  60%|██████    | 30/50 [00:01<00:00, 20.54it/s, Saved at =inf, TrLoss=0.1396]
 Training FV-otc-s2-t3:  60%|██████    | 30/50 [00:01<00:00, 20.54it/s, Saved at =inf, TrLoss=0.1311]
 Training FV-otc-s2-t3:  66%|██████▌   | 33/50 [00:01<00:00, 20.43it/s, Saved at =inf, TrLoss=0.1311]
 Training FV-otc-s2-t3:  66%|██████▌   | 33/50 [00:01<00:00, 20.43it/s, Saved at =inf, TrLoss=0.1433]
 Training FV-otc-s2-t3:  66%|██████▌   | 33/50 [00:01<00:00, 20.43it/s, Saved at =inf, TrLoss=0.1330]
 Training FV-otc-s2-t3:  66%|██████▌   | 33/50 [00:01<00:00, 20.43it/s, Saved at =inf, TrLoss=0.1199]
 Training FV-otc-s2-t3:  72%|███████▏  | 36/50 [00:01<00:00, 20.47it/s, Saved at =inf, TrLoss=0.1199]
 Training FV-otc-s2-t3:  72%|███████▏  | 36/50 [00:01<00:00, 20.47it/s, Saved at =inf, TrLoss=0.1277]
 Training FV-otc-s2-t3:  72%|███████▏  | 36/50 [00:01<00:00, 20.47it/s, Saved at =inf, TrLoss=0.1376]
 Training FV-otc-s2-t3:  72%|███████▏  | 36/50 [00:01<00:00, 20.47it/s, Saved at =inf, TrLoss=0.1160]
 Training FV-otc-s2-t3:  78%|███████▊  | 39/50 [00:01<00:00, 20.49it/s, Saved at =inf, TrLoss=0.1160]
 Training FV-otc-s2-t3:  78%|███████▊  | 39/50 [00:01<00:00, 20.49it/s, Saved at =inf, TrLoss=0.1142]
 Training FV-otc-s2-t3:  78%|███████▊  | 39/50 [00:01<00:00, 20.49it/s, Saved at =inf, TrLoss=0.1374]
 Training FV-otc-s2-t3:  78%|███████▊  | 39/50 [00:02<00:00, 20.49it/s, Saved at =inf, TrLoss=0.1077]
 Training FV-otc-s2-t3:  84%|████████▍ | 42/50 [00:02<00:00, 20.51it/s, Saved at =inf, TrLoss=0.1077]
 Training FV-otc-s2-t3:  84%|████████▍ | 42/50 [00:02<00:00, 20.51it/s, Saved at =inf, TrLoss=0.1375]
 Training FV-otc-s2-t3:  84%|████████▍ | 42/50 [00:02<00:00, 20.51it/s, Saved at =inf, TrLoss=0.1207]
 Training FV-otc-s2-t3:  84%|████████▍ | 42/50 [00:02<00:00, 20.51it/s, Saved at =inf, TrLoss=0.1450]
 Training FV-otc-s2-t3:  90%|█████████ | 45/50 [00:02<00:00, 20.52it/s, Saved at =inf, TrLoss=0.1450]
 Training FV-otc-s2-t3:  90%|█████████ | 45/50 [00:02<00:00, 20.52it/s, Saved at =inf, TrLoss=0.1028]
 Training FV-otc-s2-t3:  90%|█████████ | 45/50 [00:02<00:00, 20.52it/s, Saved at =inf, TrLoss=0.1372]
 Training FV-otc-s2-t3:  90%|█████████ | 45/50 [00:02<00:00, 20.52it/s, Saved at =inf, TrLoss=0.1060]
 Training FV-otc-s2-t3:  96%|█████████▌| 48/50 [00:02<00:00, 20.53it/s, Saved at =inf, TrLoss=0.1060]
 Training FV-otc-s2-t3:  96%|█████████▌| 48/50 [00:02<00:00, 20.53it/s, Saved at =inf, TrLoss=0.1639]
 Training FV-otc-s2-t3:  96%|█████████▌| 48/50 [00:02<00:00, 20.53it/s, Saved at =inf, TrLoss=0.1138]
 Training FV-otc-s2-t3: 100%|██████████| 50/50 [00:02<00:00, 20.52it/s, Saved at =inf, TrLoss=0.1138]

 Training FV-otc-s2-t4:   0%|          | 0/50 [00:00<?, ?it/s]
 Training FV-otc-s2-t4:   0%|          | 0/50 [00:00<?, ?it/s, Saved at =inf, TrLoss=0.6963]
 Training FV-otc-s2-t4:   0%|          | 0/50 [00:00<?, ?it/s, Saved at =inf, TrLoss=0.8827]
 Training FV-otc-s2-t4:   4%|▍         | 2/50 [00:00<00:03, 15.54it/s, Saved at =inf, TrLoss=0.8827]
 Training FV-otc-s2-t4:   4%|▍         | 2/50 [00:00<00:03, 15.54it/s, Saved at =inf, TrLoss=0.6009]
 Training FV-otc-s2-t4:   4%|▍         | 2/50 [00:00<00:03, 15.54it/s, Saved at =inf, TrLoss=0.5355]
 Training FV-otc-s2-t4:   8%|▊         | 4/50 [00:00<00:02, 15.50it/s, Saved at =inf, TrLoss=0.5355]
 Training FV-otc-s2-t4:   8%|▊         | 4/50 [00:00<00:02, 15.50it/s, Saved at =inf, TrLoss=0.4425]
 Training FV-otc-s2-t4:   8%|▊         | 4/50 [00:00<00:02, 15.50it/s, Saved at =inf, TrLoss=0.4332]
 Training FV-otc-s2-t4:  12%|█▏        | 6/50 [00:00<00:02, 15.49it/s, Saved at =inf, TrLoss=0.4332]
 Training FV-otc-s2-t4:  12%|█▏        | 6/50 [00:00<00:02, 15.49it/s, Saved at =inf, TrLoss=0.3929]
 Training FV-otc-s2-t4:  12%|█▏        | 6/50 [00:00<00:02, 15.49it/s, Saved at =inf, TrLoss=0.3765]
 Training FV-otc-s2-t4:  16%|█▌        | 8/50 [00:00<00:02, 15.48it/s, Saved at =inf, TrLoss=0.3765]
 Training FV-otc-s2-t4:  16%|█▌        | 8/50 [00:00<00:02, 15.48it/s, Saved at =inf, TrLoss=0.3488]
 Training FV-otc-s2-t4:  16%|█▌        | 8/50 [00:00<00:02, 15.48it/s, Saved at =inf, TrLoss=0.3053]
 Training FV-otc-s2-t4:  20%|██        | 10/50 [00:00<00:02, 15.40it/s, Saved at =inf, TrLoss=0.3053]
 Training FV-otc-s2-t4:  20%|██        | 10/50 [00:00<00:02, 15.40it/s, Saved at =inf, TrLoss=0.2828]
 Training FV-otc-s2-t4:  20%|██        | 10/50 [00:00<00:02, 15.40it/s, Saved at =inf, TrLoss=0.2498]
 Training FV-otc-s2-t4:  24%|██▍       | 12/50 [00:00<00:02, 15.43it/s, Saved at =inf, TrLoss=0.2498]
 Training FV-otc-s2-t4:  24%|██▍       | 12/50 [00:00<00:02, 15.43it/s, Saved at =inf, TrLoss=0.2575]
 Training FV-otc-s2-t4:  24%|██▍       | 12/50 [00:00<00:02, 15.43it/s, Saved at =inf, TrLoss=0.2647]
 Training FV-otc-s2-t4:  28%|██▊       | 14/50 [00:00<00:02, 15.44it/s, Saved at =inf, TrLoss=0.2647]
 Training FV-otc-s2-t4:  28%|██▊       | 14/50 [00:00<00:02, 15.44it/s, Saved at =inf, TrLoss=0.2308]
 Training FV-otc-s2-t4:  28%|██▊       | 14/50 [00:01<00:02, 15.44it/s, Saved at =inf, TrLoss=0.2300]
 Training FV-otc-s2-t4:  32%|███▏      | 16/50 [00:01<00:02, 15.45it/s, Saved at =inf, TrLoss=0.2300]
 Training FV-otc-s2-t4:  32%|███▏      | 16/50 [00:01<00:02, 15.45it/s, Saved at =inf, TrLoss=0.2191]
 Training FV-otc-s2-t4:  32%|███▏      | 16/50 [00:01<00:02, 15.45it/s, Saved at =inf, TrLoss=0.1995]
 Training FV-otc-s2-t4:  36%|███▌      | 18/50 [00:01<00:02, 15.46it/s, Saved at =inf, TrLoss=0.1995]
 Training FV-otc-s2-t4:  36%|███▌      | 18/50 [00:01<00:02, 15.46it/s, Saved at =inf, TrLoss=0.2103]
 Training FV-otc-s2-t4:  36%|███▌      | 18/50 [00:01<00:02, 15.46it/s, Saved at =inf, TrLoss=0.1901]
 Training FV-otc-s2-t4:  40%|████      | 20/50 [00:01<00:01, 15.46it/s, Saved at =inf, TrLoss=0.1901]
 Training FV-otc-s2-t4:  40%|████      | 20/50 [00:01<00:01, 15.46it/s, Saved at =inf, TrLoss=0.1888]
 Training FV-otc-s2-t4:  40%|████      | 20/50 [00:01<00:01, 15.46it/s, Saved at =inf, TrLoss=0.1829]
 Training FV-otc-s2-t4:  44%|████▍     | 22/50 [00:01<00:01, 15.46it/s, Saved at =inf, TrLoss=0.1829]
 Training FV-otc-s2-t4:  44%|████▍     | 22/50 [00:01<00:01, 15.46it/s, Saved at =inf, TrLoss=0.1853]
 Training FV-otc-s2-t4:  44%|████▍     | 22/50 [00:01<00:01, 15.46it/s, Saved at =inf, TrLoss=0.1855]
 Training FV-otc-s2-t4:  48%|████▊     | 24/50 [00:01<00:01, 15.42it/s, Saved at =inf, TrLoss=0.1855]
 Training FV-otc-s2-t4:  48%|████▊     | 24/50 [00:01<00:01, 15.42it/s, Saved at =inf, TrLoss=0.1791]
 Training FV-otc-s2-t4:  48%|████▊     | 24/50 [00:01<00:01, 15.42it/s, Saved at =inf, TrLoss=0.1743]
 Training FV-otc-s2-t4:  52%|█████▏    | 26/50 [00:01<00:01, 15.44it/s, Saved at =inf, TrLoss=0.1743]
 Training FV-otc-s2-t4:  52%|█████▏    | 26/50 [00:01<00:01, 15.44it/s, Saved at =inf, TrLoss=0.1610]
 Training FV-otc-s2-t4:  52%|█████▏    | 26/50 [00:01<00:01, 15.44it/s, Saved at =inf, TrLoss=0.1701]
 Training FV-otc-s2-t4:  56%|█████▌    | 28/50 [00:01<00:01, 15.45it/s, Saved at =inf, TrLoss=0.1701]
 Training FV-otc-s2-t4:  56%|█████▌    | 28/50 [00:01<00:01, 15.45it/s, Saved at =inf, TrLoss=0.1674]
 Training FV-otc-s2-t4:  56%|█████▌    | 28/50 [00:01<00:01, 15.45it/s, Saved at =inf, TrLoss=0.1545]
 Training FV-otc-s2-t4:  60%|██████    | 30/50 [00:01<00:01, 15.46it/s, Saved at =inf, TrLoss=0.1545]
 Training FV-otc-s2-t4:  60%|██████    | 30/50 [00:01<00:01, 15.46it/s, Saved at =inf, TrLoss=0.1596]
 Training FV-otc-s2-t4:  60%|██████    | 30/50 [00:02<00:01, 15.46it/s, Saved at =inf, TrLoss=0.1678]
 Training FV-otc-s2-t4:  64%|██████▍   | 32/50 [00:02<00:01, 15.48it/s, Saved at =inf, TrLoss=0.1678]
 Training FV-otc-s2-t4:  64%|██████▍   | 32/50 [00:02<00:01, 15.48it/s, Saved at =inf, TrLoss=0.1534]
 Training FV-otc-s2-t4:  64%|██████▍   | 32/50 [00:02<00:01, 15.48it/s, Saved at =inf, TrLoss=0.1583]
 Training FV-otc-s2-t4:  68%|██████▊   | 34/50 [00:02<00:01, 15.47it/s, Saved at =inf, TrLoss=0.1583]
 Training FV-otc-s2-t4:  68%|██████▊   | 34/50 [00:02<00:01, 15.47it/s, Saved at =inf, TrLoss=0.1559]
 Training FV-otc-s2-t4:  68%|██████▊   | 34/50 [00:02<00:01, 15.47it/s, Saved at =inf, TrLoss=0.1496]
 Training FV-otc-s2-t4:  72%|███████▏  | 36/50 [00:02<00:00, 15.48it/s, Saved at =inf, TrLoss=0.1496]
 Training FV-otc-s2-t4:  72%|███████▏  | 36/50 [00:02<00:00, 15.48it/s, Saved at =inf, TrLoss=0.1507]
 Training FV-otc-s2-t4:  72%|███████▏  | 36/50 [00:02<00:00, 15.48it/s, Saved at =inf, TrLoss=0.1541]
 Training FV-otc-s2-t4:  76%|███████▌  | 38/50 [00:02<00:00, 15.48it/s, Saved at =inf, TrLoss=0.1541]
 Training FV-otc-s2-t4:  76%|███████▌  | 38/50 [00:02<00:00, 15.48it/s, Saved at =inf, TrLoss=0.1416]
 Training FV-otc-s2-t4:  76%|███████▌  | 38/50 [00:02<00:00, 15.48it/s, Saved at =inf, TrLoss=0.1499]
 Training FV-otc-s2-t4:  80%|████████  | 40/50 [00:02<00:00, 15.46it/s, Saved at =inf, TrLoss=0.1499]
 Training FV-otc-s2-t4:  80%|████████  | 40/50 [00:02<00:00, 15.46it/s, Saved at =inf, TrLoss=0.1472]
 Training FV-otc-s2-t4:  80%|████████  | 40/50 [00:02<00:00, 15.46it/s, Saved at =inf, TrLoss=0.1456]
 Training FV-otc-s2-t4:  84%|████████▍ | 42/50 [00:02<00:00, 15.46it/s, Saved at =inf, TrLoss=0.1456]
 Training FV-otc-s2-t4:  84%|████████▍ | 42/50 [00:02<00:00, 15.46it/s, Saved at =inf, TrLoss=0.1495]
 Training FV-otc-s2-t4:  84%|████████▍ | 42/50 [00:02<00:00, 15.46it/s, Saved at =inf, TrLoss=0.1422]
 Training FV-otc-s2-t4:  88%|████████▊ | 44/50 [00:02<00:00, 15.46it/s, Saved at =inf, TrLoss=0.1422]
 Training FV-otc-s2-t4:  88%|████████▊ | 44/50 [00:02<00:00, 15.46it/s, Saved at =inf, TrLoss=0.1487]
 Training FV-otc-s2-t4:  88%|████████▊ | 44/50 [00:02<00:00, 15.46it/s, Saved at =inf, TrLoss=0.1421]
 Training FV-otc-s2-t4:  92%|█████████▏| 46/50 [00:02<00:00, 15.47it/s, Saved at =inf, TrLoss=0.1421]
 Training FV-otc-s2-t4:  92%|█████████▏| 46/50 [00:03<00:00, 15.47it/s, Saved at =inf, TrLoss=0.1444]
 Training FV-otc-s2-t4:  92%|█████████▏| 46/50 [00:03<00:00, 15.47it/s, Saved at =inf, TrLoss=0.1413]
 Training FV-otc-s2-t4:  96%|█████████▌| 48/50 [00:03<00:00, 15.46it/s, Saved at =inf, TrLoss=0.1413]
 Training FV-otc-s2-t4:  96%|█████████▌| 48/50 [00:03<00:00, 15.46it/s, Saved at =inf, TrLoss=0.1515]
 Training FV-otc-s2-t4:  96%|█████████▌| 48/50 [00:03<00:00, 15.46it/s, Saved at =inf, TrLoss=0.1435]
 Training FV-otc-s2-t4: 100%|██████████| 50/50 [00:03<00:00, 15.47it/s, Saved at =inf, TrLoss=0.1435]
 Training FV-otc-s2-t4: 100%|██████████| 50/50 [00:03<00:00, 15.46it/s, Saved at =inf, TrLoss=0.1435]

 Training FV-otc-s2-t5:   0%|          | 0/50 [00:00<?, ?it/s]
 Training FV-otc-s2-t5:   0%|          | 0/50 [00:00<?, ?it/s, Saved at =inf, TrLoss=0.7378]
 Training FV-otc-s2-t5:   0%|          | 0/50 [00:00<?, ?it/s, Saved at =inf, TrLoss=0.8734]
 Training FV-otc-s2-t5:   4%|▍         | 2/50 [00:00<00:04, 11.87it/s, Saved at =inf, TrLoss=0.8734]
 Training FV-otc-s2-t5:   4%|▍         | 2/50 [00:00<00:04, 11.87it/s, Saved at =inf, TrLoss=0.5441]
 Training FV-otc-s2-t5:   4%|▍         | 2/50 [00:00<00:04, 11.87it/s, Saved at =inf, TrLoss=0.5321]
 Training FV-otc-s2-t5:   8%|▊         | 4/50 [00:00<00:03, 12.19it/s, Saved at =inf, TrLoss=0.5321]
 Training FV-otc-s2-t5:   8%|▊         | 4/50 [00:00<00:03, 12.19it/s, Saved at =inf, TrLoss=0.4604]
 Training FV-otc-s2-t5:   8%|▊         | 4/50 [00:00<00:03, 12.19it/s, Saved at =inf, TrLoss=0.4349]
 Training FV-otc-s2-t5:  12%|█▏        | 6/50 [00:00<00:03, 12.18it/s, Saved at =inf, TrLoss=0.4349]
 Training FV-otc-s2-t5:  12%|█▏        | 6/50 [00:00<00:03, 12.18it/s, Saved at =inf, TrLoss=0.4177]
 Training FV-otc-s2-t5:  12%|█▏        | 6/50 [00:00<00:03, 12.18it/s, Saved at =inf, TrLoss=0.3898]
 Training FV-otc-s2-t5:  16%|█▌        | 8/50 [00:00<00:03, 12.17it/s, Saved at =inf, TrLoss=0.3898]
 Training FV-otc-s2-t5:  16%|█▌        | 8/50 [00:00<00:03, 12.17it/s, Saved at =inf, TrLoss=0.3747]
 Training FV-otc-s2-t5:  16%|█▌        | 8/50 [00:00<00:03, 12.17it/s, Saved at =inf, TrLoss=0.3443]
 Training FV-otc-s2-t5:  20%|██        | 10/50 [00:00<00:03, 12.17it/s, Saved at =inf, TrLoss=0.3443]
 Training FV-otc-s2-t5:  20%|██        | 10/50 [00:00<00:03, 12.17it/s, Saved at =inf, TrLoss=0.3306]
 Training FV-otc-s2-t5:  20%|██        | 10/50 [00:00<00:03, 12.17it/s, Saved at =inf, TrLoss=0.2984]
 Training FV-otc-s2-t5:  24%|██▍       | 12/50 [00:00<00:03, 12.17it/s, Saved at =inf, TrLoss=0.2984]
 Training FV-otc-s2-t5:  24%|██▍       | 12/50 [00:01<00:03, 12.17it/s, Saved at =inf, TrLoss=0.3062]
 Training FV-otc-s2-t5:  24%|██▍       | 12/50 [00:01<00:03, 12.17it/s, Saved at =inf, TrLoss=0.2811]
 Training FV-otc-s2-t5:  28%|██▊       | 14/50 [00:01<00:02, 12.16it/s, Saved at =inf, TrLoss=0.2811]
 Training FV-otc-s2-t5:  28%|██▊       | 14/50 [00:01<00:02, 12.16it/s, Saved at =inf, TrLoss=0.2702]
 Training FV-otc-s2-t5:  28%|██▊       | 14/50 [00:01<00:02, 12.16it/s, Saved at =inf, TrLoss=0.2814]
 Training FV-otc-s2-t5:  32%|███▏      | 16/50 [00:01<00:02, 12.16it/s, Saved at =inf, TrLoss=0.2814]
 Training FV-otc-s2-t5:  32%|███▏      | 16/50 [00:01<00:02, 12.16it/s, Saved at =inf, TrLoss=0.2734]
 Training FV-otc-s2-t5:  32%|███▏      | 16/50 [00:01<00:02, 12.16it/s, Saved at =inf, TrLoss=0.2628]
 Training FV-otc-s2-t5:  36%|███▌      | 18/50 [00:01<00:02, 12.16it/s, Saved at =inf, TrLoss=0.2628]
 Training FV-otc-s2-t5:  36%|███▌      | 18/50 [00:01<00:02, 12.16it/s, Saved at =inf, TrLoss=0.2629]
 Training FV-otc-s2-t5:  36%|███▌      | 18/50 [00:01<00:02, 12.16it/s, Saved at =inf, TrLoss=0.2532]
 Training FV-otc-s2-t5:  40%|████      | 20/50 [00:01<00:02, 12.16it/s, Saved at =inf, TrLoss=0.2532]
 Training FV-otc-s2-t5:  40%|████      | 20/50 [00:01<00:02, 12.16it/s, Saved at =inf, TrLoss=0.2548]
 Training FV-otc-s2-t5:  40%|████      | 20/50 [00:01<00:02, 12.16it/s, Saved at =inf, TrLoss=0.2573]
 Training FV-otc-s2-t5:  44%|████▍     | 22/50 [00:01<00:02, 12.16it/s, Saved at =inf, TrLoss=0.2573]
 Training FV-otc-s2-t5:  44%|████▍     | 22/50 [00:01<00:02, 12.16it/s, Saved at =inf, TrLoss=0.2420]
 Training FV-otc-s2-t5:  44%|████▍     | 22/50 [00:01<00:02, 12.16it/s, Saved at =inf, TrLoss=0.2374]
 Training FV-otc-s2-t5:  48%|████▊     | 24/50 [00:01<00:02, 12.16it/s, Saved at =inf, TrLoss=0.2374]
 Training FV-otc-s2-t5:  48%|████▊     | 24/50 [00:02<00:02, 12.16it/s, Saved at =inf, TrLoss=0.2410]
 Training FV-otc-s2-t5:  48%|████▊     | 24/50 [00:02<00:02, 12.16it/s, Saved at =inf, TrLoss=0.2268]
 Training FV-otc-s2-t5:  52%|█████▏    | 26/50 [00:02<00:01, 12.17it/s, Saved at =inf, TrLoss=0.2268]
 Training FV-otc-s2-t5:  52%|█████▏    | 26/50 [00:02<00:01, 12.17it/s, Saved at =inf, TrLoss=0.2265]
 Training FV-otc-s2-t5:  52%|█████▏    | 26/50 [00:02<00:01, 12.17it/s, Saved at =inf, TrLoss=0.2305]
 Training FV-otc-s2-t5:  56%|█████▌    | 28/50 [00:02<00:01, 12.17it/s, Saved at =inf, TrLoss=0.2305]
 Training FV-otc-s2-t5:  56%|█████▌    | 28/50 [00:02<00:01, 12.17it/s, Saved at =inf, TrLoss=0.2103]
 Training FV-otc-s2-t5:  56%|█████▌    | 28/50 [00:02<00:01, 12.17it/s, Saved at =inf, TrLoss=0.2240]
 Training FV-otc-s2-t5:  60%|██████    | 30/50 [00:02<00:01, 12.17it/s, Saved at =inf, TrLoss=0.2240]
 Training FV-otc-s2-t5:  60%|██████    | 30/50 [00:02<00:01, 12.17it/s, Saved at =inf, TrLoss=0.2163]
 Training FV-otc-s2-t5:  60%|██████    | 30/50 [00:02<00:01, 12.17it/s, Saved at =inf, TrLoss=0.2043]
 Training FV-otc-s2-t5:  64%|██████▍   | 32/50 [00:02<00:01, 12.17it/s, Saved at =inf, TrLoss=0.2043]
 Training FV-otc-s2-t5:  64%|██████▍   | 32/50 [00:02<00:01, 12.17it/s, Saved at =inf, TrLoss=0.2064]
 Training FV-otc-s2-t5:  64%|██████▍   | 32/50 [00:02<00:01, 12.17it/s, Saved at =inf, TrLoss=0.2046]
 Training FV-otc-s2-t5:  68%|██████▊   | 34/50 [00:02<00:01, 12.17it/s, Saved at =inf, TrLoss=0.2046]
 Training FV-otc-s2-t5:  68%|██████▊   | 34/50 [00:02<00:01, 12.17it/s, Saved at =inf, TrLoss=0.2024]
 Training FV-otc-s2-t5:  68%|██████▊   | 34/50 [00:02<00:01, 12.17it/s, Saved at =inf, TrLoss=0.1901]
 Training FV-otc-s2-t5:  72%|███████▏  | 36/50 [00:02<00:01, 12.16it/s, Saved at =inf, TrLoss=0.1901]
 Training FV-otc-s2-t5:  72%|███████▏  | 36/50 [00:03<00:01, 12.16it/s, Saved at =inf, TrLoss=0.1963]
 Training FV-otc-s2-t5:  72%|███████▏  | 36/50 [00:03<00:01, 12.16it/s, Saved at =inf, TrLoss=0.1943]
 Training FV-otc-s2-t5:  76%|███████▌  | 38/50 [00:03<00:00, 12.16it/s, Saved at =inf, TrLoss=0.1943]
 Training FV-otc-s2-t5:  76%|███████▌  | 38/50 [00:03<00:00, 12.16it/s, Saved at =inf, TrLoss=0.1883]
 Training FV-otc-s2-t5:  76%|███████▌  | 38/50 [00:03<00:00, 12.16it/s, Saved at =inf, TrLoss=0.1885]
 Training FV-otc-s2-t5:  80%|████████  | 40/50 [00:03<00:00, 12.16it/s, Saved at =inf, TrLoss=0.1885]
 Training FV-otc-s2-t5:  80%|████████  | 40/50 [00:03<00:00, 12.16it/s, Saved at =inf, TrLoss=0.1853]
 Training FV-otc-s2-t5:  80%|████████  | 40/50 [00:03<00:00, 12.16it/s, Saved at =inf, TrLoss=0.1827]
 Training FV-otc-s2-t5:  84%|████████▍ | 42/50 [00:03<00:00, 12.16it/s, Saved at =inf, TrLoss=0.1827]
 Training FV-otc-s2-t5:  84%|████████▍ | 42/50 [00:03<00:00, 12.16it/s, Saved at =inf, TrLoss=0.1860]
 Training FV-otc-s2-t5:  84%|████████▍ | 42/50 [00:03<00:00, 12.16it/s, Saved at =inf, TrLoss=0.1791]
 Training FV-otc-s2-t5:  88%|████████▊ | 44/50 [00:03<00:00, 12.16it/s, Saved at =inf, TrLoss=0.1791]
 Training FV-otc-s2-t5:  88%|████████▊ | 44/50 [00:03<00:00, 12.16it/s, Saved at =inf, TrLoss=0.1803]
 Training FV-otc-s2-t5:  88%|████████▊ | 44/50 [00:03<00:00, 12.16it/s, Saved at =inf, TrLoss=0.1764]
 Training FV-otc-s2-t5:  92%|█████████▏| 46/50 [00:03<00:00, 12.14it/s, Saved at =inf, TrLoss=0.1764]
 Training FV-otc-s2-t5:  92%|█████████▏| 46/50 [00:03<00:00, 12.14it/s, Saved at =inf, TrLoss=0.1809]
 Training FV-otc-s2-t5:  92%|█████████▏| 46/50 [00:03<00:00, 12.14it/s, Saved at =inf, TrLoss=0.1788]
 Training FV-otc-s2-t5:  96%|█████████▌| 48/50 [00:03<00:00, 12.15it/s, Saved at =inf, TrLoss=0.1788]
 Training FV-otc-s2-t5:  96%|█████████▌| 48/50 [00:03<00:00, 12.15it/s, Saved at =inf, TrLoss=0.1711]
 Training FV-otc-s2-t5:  96%|█████████▌| 48/50 [00:04<00:00, 12.15it/s, Saved at =inf, TrLoss=0.1699]
 Training FV-otc-s2-t5: 100%|██████████| 50/50 [00:04<00:00, 12.15it/s, Saved at =inf, TrLoss=0.1699]
 Training FV-otc-s2-t5: 100%|██████████| 50/50 [00:04<00:00, 12.16it/s, Saved at =inf, TrLoss=0.1699]

 Training FV-otc-s2-t6:   0%|          | 0/50 [00:00<?, ?it/s]
 Training FV-otc-s2-t6:   0%|          | 0/50 [00:00<?, ?it/s, Saved at =inf, TrLoss=0.6962]
 Training FV-otc-s2-t6:   0%|          | 0/50 [00:00<?, ?it/s, Saved at =inf, TrLoss=0.5905]
 Training FV-otc-s2-t6:   4%|▍         | 2/50 [00:00<00:04, 10.54it/s, Saved at =inf, TrLoss=0.5905]
 Training FV-otc-s2-t6:   4%|▍         | 2/50 [00:00<00:04, 10.54it/s, Saved at =inf, TrLoss=0.4984]
 Training FV-otc-s2-t6:   4%|▍         | 2/50 [00:00<00:04, 10.54it/s, Saved at =inf, TrLoss=0.4327]
 Training FV-otc-s2-t6:   8%|▊         | 4/50 [00:00<00:04, 10.69it/s, Saved at =inf, TrLoss=0.4327]
 Training FV-otc-s2-t6:   8%|▊         | 4/50 [00:00<00:04, 10.69it/s, Saved at =inf, TrLoss=0.4235]
 Training FV-otc-s2-t6:   8%|▊         | 4/50 [00:00<00:04, 10.69it/s, Saved at =inf, TrLoss=0.4097]
 Training FV-otc-s2-t6:  12%|█▏        | 6/50 [00:00<00:04, 10.74it/s, Saved at =inf, TrLoss=0.4097]
 Training FV-otc-s2-t6:  12%|█▏        | 6/50 [00:00<00:04, 10.74it/s, Saved at =inf, TrLoss=0.3973]
 Training FV-otc-s2-t6:  12%|█▏        | 6/50 [00:00<00:04, 10.74it/s, Saved at =inf, TrLoss=0.3572]
 Training FV-otc-s2-t6:  16%|█▌        | 8/50 [00:00<00:03, 10.76it/s, Saved at =inf, TrLoss=0.3572]
 Training FV-otc-s2-t6:  16%|█▌        | 8/50 [00:00<00:03, 10.76it/s, Saved at =inf, TrLoss=0.3254]
 Training FV-otc-s2-t6:  16%|█▌        | 8/50 [00:00<00:03, 10.76it/s, Saved at =inf, TrLoss=0.3043]
 Training FV-otc-s2-t6:  20%|██        | 10/50 [00:00<00:03, 10.78it/s, Saved at =inf, TrLoss=0.3043]
 Training FV-otc-s2-t6:  20%|██        | 10/50 [00:00<00:03, 10.78it/s, Saved at =inf, TrLoss=0.2843]
 Training FV-otc-s2-t6:  20%|██        | 10/50 [00:01<00:03, 10.78it/s, Saved at =inf, TrLoss=0.2702]
 Training FV-otc-s2-t6:  24%|██▍       | 12/50 [00:01<00:03, 10.79it/s, Saved at =inf, TrLoss=0.2702]
 Training FV-otc-s2-t6:  24%|██▍       | 12/50 [00:01<00:03, 10.79it/s, Saved at =inf, TrLoss=0.2847]
 Training FV-otc-s2-t6:  24%|██▍       | 12/50 [00:01<00:03, 10.79it/s, Saved at =inf, TrLoss=0.3014]
 Training FV-otc-s2-t6:  28%|██▊       | 14/50 [00:01<00:03, 10.79it/s, Saved at =inf, TrLoss=0.3014]
 Training FV-otc-s2-t6:  28%|██▊       | 14/50 [00:01<00:03, 10.79it/s, Saved at =inf, TrLoss=0.2728]
 Training FV-otc-s2-t6:  28%|██▊       | 14/50 [00:01<00:03, 10.79it/s, Saved at =inf, TrLoss=0.2593]
 Training FV-otc-s2-t6:  32%|███▏      | 16/50 [00:01<00:03, 10.79it/s, Saved at =inf, TrLoss=0.2593]
 Training FV-otc-s2-t6:  32%|███▏      | 16/50 [00:01<00:03, 10.79it/s, Saved at =inf, TrLoss=0.2594]
 Training FV-otc-s2-t6:  32%|███▏      | 16/50 [00:01<00:03, 10.79it/s, Saved at =inf, TrLoss=0.2405]
 Training FV-otc-s2-t6:  36%|███▌      | 18/50 [00:01<00:02, 10.79it/s, Saved at =inf, TrLoss=0.2405]
 Training FV-otc-s2-t6:  36%|███▌      | 18/50 [00:01<00:02, 10.79it/s, Saved at =inf, TrLoss=0.2543]
 Training FV-otc-s2-t6:  36%|███▌      | 18/50 [00:01<00:02, 10.79it/s, Saved at =inf, TrLoss=0.2401]
 Training FV-otc-s2-t6:  40%|████      | 20/50 [00:01<00:02, 10.79it/s, Saved at =inf, TrLoss=0.2401]
 Training FV-otc-s2-t6:  40%|████      | 20/50 [00:01<00:02, 10.79it/s, Saved at =inf, TrLoss=0.2376]
 Training FV-otc-s2-t6:  40%|████      | 20/50 [00:02<00:02, 10.79it/s, Saved at =inf, TrLoss=0.2428]
 Training FV-otc-s2-t6:  44%|████▍     | 22/50 [00:02<00:02, 10.79it/s, Saved at =inf, TrLoss=0.2428]
 Training FV-otc-s2-t6:  44%|████▍     | 22/50 [00:02<00:02, 10.79it/s, Saved at =inf, TrLoss=0.2326]
 Training FV-otc-s2-t6:  44%|████▍     | 22/50 [00:02<00:02, 10.79it/s, Saved at =inf, TrLoss=0.2243]
 Training FV-otc-s2-t6:  48%|████▊     | 24/50 [00:02<00:02, 10.79it/s, Saved at =inf, TrLoss=0.2243]
 Training FV-otc-s2-t6:  48%|████▊     | 24/50 [00:02<00:02, 10.79it/s, Saved at =inf, TrLoss=0.2234]
 Training FV-otc-s2-t6:  48%|████▊     | 24/50 [00:02<00:02, 10.79it/s, Saved at =inf, TrLoss=0.2211]
 Training FV-otc-s2-t6:  52%|█████▏    | 26/50 [00:02<00:02, 10.79it/s, Saved at =inf, TrLoss=0.2211]
 Training FV-otc-s2-t6:  52%|█████▏    | 26/50 [00:02<00:02, 10.79it/s, Saved at =inf, TrLoss=0.2186]
 Training FV-otc-s2-t6:  52%|█████▏    | 26/50 [00:02<00:02, 10.79it/s, Saved at =inf, TrLoss=0.2192]
 Training FV-otc-s2-t6:  56%|█████▌    | 28/50 [00:02<00:02, 10.77it/s, Saved at =inf, TrLoss=0.2192]
 Training FV-otc-s2-t6:  56%|█████▌    | 28/50 [00:02<00:02, 10.77it/s, Saved at =inf, TrLoss=0.2118]
 Training FV-otc-s2-t6:  56%|█████▌    | 28/50 [00:02<00:02, 10.77it/s, Saved at =inf, TrLoss=0.2170]
 Training FV-otc-s2-t6:  60%|██████    | 30/50 [00:02<00:01, 10.78it/s, Saved at =inf, TrLoss=0.2170]
 Training FV-otc-s2-t6:  60%|██████    | 30/50 [00:02<00:01, 10.78it/s, Saved at =inf, TrLoss=0.2098]
 Training FV-otc-s2-t6:  60%|██████    | 30/50 [00:02<00:01, 10.78it/s, Saved at =inf, TrLoss=0.2078]
 Training FV-otc-s2-t6:  64%|██████▍   | 32/50 [00:02<00:01, 10.78it/s, Saved at =inf, TrLoss=0.2078]
 Training FV-otc-s2-t6:  64%|██████▍   | 32/50 [00:03<00:01, 10.78it/s, Saved at =inf, TrLoss=0.2049]
 Training FV-otc-s2-t6:  64%|██████▍   | 32/50 [00:03<00:01, 10.78it/s, Saved at =inf, TrLoss=0.2045]
 Training FV-otc-s2-t6:  68%|██████▊   | 34/50 [00:03<00:01, 10.78it/s, Saved at =inf, TrLoss=0.2045]
 Training FV-otc-s2-t6:  68%|██████▊   | 34/50 [00:03<00:01, 10.78it/s, Saved at =inf, TrLoss=0.2086]
 Training FV-otc-s2-t6:  68%|██████▊   | 34/50 [00:03<00:01, 10.78it/s, Saved at =inf, TrLoss=0.1995]
 Training FV-otc-s2-t6:  72%|███████▏  | 36/50 [00:03<00:01, 10.78it/s, Saved at =inf, TrLoss=0.1995]
 Training FV-otc-s2-t6:  72%|███████▏  | 36/50 [00:03<00:01, 10.78it/s, Saved at =inf, TrLoss=0.2045]
 Training FV-otc-s2-t6:  72%|███████▏  | 36/50 [00:03<00:01, 10.78it/s, Saved at =inf, TrLoss=0.2004]
 Training FV-otc-s2-t6:  76%|███████▌  | 38/50 [00:03<00:01, 10.77it/s, Saved at =inf, TrLoss=0.2004]
 Training FV-otc-s2-t6:  76%|███████▌  | 38/50 [00:03<00:01, 10.77it/s, Saved at =inf, TrLoss=0.2006]
 Training FV-otc-s2-t6:  76%|███████▌  | 38/50 [00:03<00:01, 10.77it/s, Saved at =inf, TrLoss=0.1998]
 Training FV-otc-s2-t6:  80%|████████  | 40/50 [00:03<00:00, 10.72it/s, Saved at =inf, TrLoss=0.1998]
 Training FV-otc-s2-t6:  80%|████████  | 40/50 [00:03<00:00, 10.72it/s, Saved at =inf, TrLoss=0.1893]
 Training FV-otc-s2-t6:  80%|████████  | 40/50 [00:03<00:00, 10.72it/s, Saved at =inf, TrLoss=0.1949]
 Training FV-otc-s2-t6:  84%|████████▍ | 42/50 [00:03<00:00, 10.72it/s, Saved at =inf, TrLoss=0.1949]
 Training FV-otc-s2-t6:  84%|████████▍ | 42/50 [00:03<00:00, 10.72it/s, Saved at =inf, TrLoss=0.1867]
 Training FV-otc-s2-t6:  84%|████████▍ | 42/50 [00:04<00:00, 10.72it/s, Saved at =inf, TrLoss=0.1890]
 Training FV-otc-s2-t6:  88%|████████▊ | 44/50 [00:04<00:00, 10.72it/s, Saved at =inf, TrLoss=0.1890]
 Training FV-otc-s2-t6:  88%|████████▊ | 44/50 [00:04<00:00, 10.72it/s, Saved at =inf, TrLoss=0.1854]
 Training FV-otc-s2-t6:  88%|████████▊ | 44/50 [00:04<00:00, 10.72it/s, Saved at =inf, TrLoss=0.1850]
 Training FV-otc-s2-t6:  92%|█████████▏| 46/50 [00:04<00:00, 10.68it/s, Saved at =inf, TrLoss=0.1850]
 Training FV-otc-s2-t6:  92%|█████████▏| 46/50 [00:04<00:00, 10.68it/s, Saved at =inf, TrLoss=0.1914]
 Training FV-otc-s2-t6:  92%|█████████▏| 46/50 [00:04<00:00, 10.68it/s, Saved at =inf, TrLoss=0.1811]
 Training FV-otc-s2-t6:  96%|█████████▌| 48/50 [00:04<00:00, 10.69it/s, Saved at =inf, TrLoss=0.1811]
 Training FV-otc-s2-t6:  96%|█████████▌| 48/50 [00:04<00:00, 10.69it/s, Saved at =inf, TrLoss=0.1879]
 Training FV-otc-s2-t6:  96%|█████████▌| 48/50 [00:04<00:00, 10.69it/s, Saved at =inf, TrLoss=0.1773]
 Training FV-otc-s2-t6: 100%|██████████| 50/50 [00:04<00:00, 10.69it/s, Saved at =inf, TrLoss=0.1773]
 Training FV-otc-s2-t6: 100%|██████████| 50/50 [00:04<00:00, 10.75it/s, Saved at =inf, TrLoss=0.1773]

 Training FV-otc-s2-t7:   0%|          | 0/50 [00:00<?, ?it/s]
 Training FV-otc-s2-t7:   0%|          | 0/50 [00:00<?, ?it/s, Saved at =inf, TrLoss=0.6894]
 Training FV-otc-s2-t7:   2%|▏         | 1/50 [00:00<00:05,  8.81it/s, Saved at =inf, TrLoss=0.6894]
 Training FV-otc-s2-t7:   2%|▏         | 1/50 [00:00<00:05,  8.81it/s, Saved at =inf, TrLoss=0.6593]
 Training FV-otc-s2-t7:   4%|▍         | 2/50 [00:00<00:05,  9.10it/s, Saved at =inf, TrLoss=0.6593]
 Training FV-otc-s2-t7:   4%|▍         | 2/50 [00:00<00:05,  9.10it/s, Saved at =inf, TrLoss=0.6793]
 Training FV-otc-s2-t7:   6%|▌         | 3/50 [00:00<00:05,  9.20it/s, Saved at =inf, TrLoss=0.6793]
 Training FV-otc-s2-t7:   6%|▌         | 3/50 [00:00<00:05,  9.20it/s, Saved at =inf, TrLoss=0.5581]
 Training FV-otc-s2-t7:   8%|▊         | 4/50 [00:00<00:04,  9.24it/s, Saved at =inf, TrLoss=0.5581]
 Training FV-otc-s2-t7:   8%|▊         | 4/50 [00:00<00:04,  9.24it/s, Saved at =inf, TrLoss=0.4691]
 Training FV-otc-s2-t7:  10%|█         | 5/50 [00:00<00:04,  9.32it/s, Saved at =inf, TrLoss=0.4691]
 Training FV-otc-s2-t7:  10%|█         | 5/50 [00:00<00:04,  9.32it/s, Saved at =inf, TrLoss=0.5048]
 Training FV-otc-s2-t7:  12%|█▏        | 6/50 [00:00<00:04,  9.33it/s, Saved at =inf, TrLoss=0.5048]
 Training FV-otc-s2-t7:  12%|█▏        | 6/50 [00:00<00:04,  9.33it/s, Saved at =inf, TrLoss=0.4910]
 Training FV-otc-s2-t7:  14%|█▍        | 7/50 [00:00<00:04,  9.29it/s, Saved at =inf, TrLoss=0.4910]
 Training FV-otc-s2-t7:  14%|█▍        | 7/50 [00:00<00:04,  9.29it/s, Saved at =inf, TrLoss=0.4054]
 Training FV-otc-s2-t7:  16%|█▌        | 8/50 [00:00<00:04,  9.20it/s, Saved at =inf, TrLoss=0.4054]
 Training FV-otc-s2-t7:  16%|█▌        | 8/50 [00:00<00:04,  9.20it/s, Saved at =inf, TrLoss=0.3655]
 Training FV-otc-s2-t7:  18%|█▊        | 9/50 [00:00<00:04,  9.23it/s, Saved at =inf, TrLoss=0.3655]
 Training FV-otc-s2-t7:  18%|█▊        | 9/50 [00:01<00:04,  9.23it/s, Saved at =inf, TrLoss=0.3788]
 Training FV-otc-s2-t7:  20%|██        | 10/50 [00:01<00:04,  9.20it/s, Saved at =inf, TrLoss=0.3788]
 Training FV-otc-s2-t7:  20%|██        | 10/50 [00:01<00:04,  9.20it/s, Saved at =inf, TrLoss=0.3430]
 Training FV-otc-s2-t7:  22%|██▏       | 11/50 [00:01<00:04,  9.24it/s, Saved at =inf, TrLoss=0.3430]
 Training FV-otc-s2-t7:  22%|██▏       | 11/50 [00:01<00:04,  9.24it/s, Saved at =inf, TrLoss=0.3530]
 Training FV-otc-s2-t7:  24%|██▍       | 12/50 [00:01<00:04,  9.27it/s, Saved at =inf, TrLoss=0.3530]
 Training FV-otc-s2-t7:  24%|██▍       | 12/50 [00:01<00:04,  9.27it/s, Saved at =inf, TrLoss=0.3435]
 Training FV-otc-s2-t7:  26%|██▌       | 13/50 [00:01<00:04,  9.25it/s, Saved at =inf, TrLoss=0.3435]
 Training FV-otc-s2-t7:  26%|██▌       | 13/50 [00:01<00:04,  9.25it/s, Saved at =inf, TrLoss=0.3108]
 Training FV-otc-s2-t7:  28%|██▊       | 14/50 [00:01<00:03,  9.26it/s, Saved at =inf, TrLoss=0.3108]
 Training FV-otc-s2-t7:  28%|██▊       | 14/50 [00:01<00:03,  9.26it/s, Saved at =inf, TrLoss=0.3025]
 Training FV-otc-s2-t7:  30%|███       | 15/50 [00:01<00:03,  9.28it/s, Saved at =inf, TrLoss=0.3025]
 Training FV-otc-s2-t7:  30%|███       | 15/50 [00:01<00:03,  9.28it/s, Saved at =inf, TrLoss=0.2961]
 Training FV-otc-s2-t7:  32%|███▏      | 16/50 [00:01<00:03,  9.29it/s, Saved at =inf, TrLoss=0.2961]
 Training FV-otc-s2-t7:  32%|███▏      | 16/50 [00:01<00:03,  9.29it/s, Saved at =inf, TrLoss=0.2879]
 Training FV-otc-s2-t7:  34%|███▍      | 17/50 [00:01<00:03,  9.30it/s, Saved at =inf, TrLoss=0.2879]
 Training FV-otc-s2-t7:  34%|███▍      | 17/50 [00:01<00:03,  9.30it/s, Saved at =inf, TrLoss=0.2832]
 Training FV-otc-s2-t7:  36%|███▌      | 18/50 [00:01<00:03,  9.31it/s, Saved at =inf, TrLoss=0.2832]
 Training FV-otc-s2-t7:  36%|███▌      | 18/50 [00:02<00:03,  9.31it/s, Saved at =inf, TrLoss=0.2840]
 Training FV-otc-s2-t7:  38%|███▊      | 19/50 [00:02<00:03,  9.30it/s, Saved at =inf, TrLoss=0.2840]
 Training FV-otc-s2-t7:  38%|███▊      | 19/50 [00:02<00:03,  9.30it/s, Saved at =inf, TrLoss=0.2722]
 Training FV-otc-s2-t7:  40%|████      | 20/50 [00:02<00:03,  8.83it/s, Saved at =inf, TrLoss=0.2722]
 Training FV-otc-s2-t7:  40%|████      | 20/50 [00:02<00:03,  8.83it/s, Saved at =inf, TrLoss=0.2772]
 Training FV-otc-s2-t7:  42%|████▏     | 21/50 [00:02<00:03,  8.85it/s, Saved at =inf, TrLoss=0.2772]
 Training FV-otc-s2-t7:  42%|████▏     | 21/50 [00:02<00:03,  8.85it/s, Saved at =inf, TrLoss=0.2685]
 Training FV-otc-s2-t7:  44%|████▍     | 22/50 [00:02<00:03,  8.99it/s, Saved at =inf, TrLoss=0.2685]
 Training FV-otc-s2-t7:  44%|████▍     | 22/50 [00:02<00:03,  8.99it/s, Saved at =inf, TrLoss=0.2601]
 Training FV-otc-s2-t7:  46%|████▌     | 23/50 [00:02<00:02,  9.09it/s, Saved at =inf, TrLoss=0.2601]
 Training FV-otc-s2-t7:  46%|████▌     | 23/50 [00:02<00:02,  9.09it/s, Saved at =inf, TrLoss=0.2494]
 Training FV-otc-s2-t7:  48%|████▊     | 24/50 [00:02<00:02,  9.17it/s, Saved at =inf, TrLoss=0.2494]
 Training FV-otc-s2-t7:  48%|████▊     | 24/50 [00:02<00:02,  9.17it/s, Saved at =inf, TrLoss=0.2472]
 Training FV-otc-s2-t7:  50%|█████     | 25/50 [00:02<00:02,  9.22it/s, Saved at =inf, TrLoss=0.2472]
 Training FV-otc-s2-t7:  50%|█████     | 25/50 [00:02<00:02,  9.22it/s, Saved at =inf, TrLoss=0.2412]
 Training FV-otc-s2-t7:  52%|█████▏    | 26/50 [00:02<00:02,  9.26it/s, Saved at =inf, TrLoss=0.2412]
 Training FV-otc-s2-t7:  52%|█████▏    | 26/50 [00:02<00:02,  9.26it/s, Saved at =inf, TrLoss=0.2396]
 Training FV-otc-s2-t7:  54%|█████▍    | 27/50 [00:02<00:02,  9.28it/s, Saved at =inf, TrLoss=0.2396]
 Training FV-otc-s2-t7:  54%|█████▍    | 27/50 [00:03<00:02,  9.28it/s, Saved at =inf, TrLoss=0.2361]
 Training FV-otc-s2-t7:  56%|█████▌    | 28/50 [00:03<00:02,  9.24it/s, Saved at =inf, TrLoss=0.2361]
 Training FV-otc-s2-t7:  56%|█████▌    | 28/50 [00:03<00:02,  9.24it/s, Saved at =inf, TrLoss=0.2320]
 Training FV-otc-s2-t7:  58%|█████▊    | 29/50 [00:03<00:02,  9.27it/s, Saved at =inf, TrLoss=0.2320]
 Training FV-otc-s2-t7:  58%|█████▊    | 29/50 [00:03<00:02,  9.27it/s, Saved at =inf, TrLoss=0.2271]
 Training FV-otc-s2-t7:  60%|██████    | 30/50 [00:03<00:02,  9.29it/s, Saved at =inf, TrLoss=0.2271]
 Training FV-otc-s2-t7:  60%|██████    | 30/50 [00:03<00:02,  9.29it/s, Saved at =inf, TrLoss=0.2270]
 Training FV-otc-s2-t7:  62%|██████▏   | 31/50 [00:03<00:02,  9.31it/s, Saved at =inf, TrLoss=0.2270]
 Training FV-otc-s2-t7:  62%|██████▏   | 31/50 [00:03<00:02,  9.31it/s, Saved at =inf, TrLoss=0.2257]
 Training FV-otc-s2-t7:  64%|██████▍   | 32/50 [00:03<00:01,  9.31it/s, Saved at =inf, TrLoss=0.2257]
 Training FV-otc-s2-t7:  64%|██████▍   | 32/50 [00:03<00:01,  9.31it/s, Saved at =inf, TrLoss=0.2195]
 Training FV-otc-s2-t7:  66%|██████▌   | 33/50 [00:03<00:01,  9.32it/s, Saved at =inf, TrLoss=0.2195]
 Training FV-otc-s2-t7:  66%|██████▌   | 33/50 [00:03<00:01,  9.32it/s, Saved at =inf, TrLoss=0.2213]
 Training FV-otc-s2-t7:  68%|██████▊   | 34/50 [00:03<00:01,  9.31it/s, Saved at =inf, TrLoss=0.2213]
 Training FV-otc-s2-t7:  68%|██████▊   | 34/50 [00:03<00:01,  9.31it/s, Saved at =inf, TrLoss=0.2239]
 Training FV-otc-s2-t7:  70%|███████   | 35/50 [00:03<00:01,  9.31it/s, Saved at =inf, TrLoss=0.2239]
 Training FV-otc-s2-t7:  70%|███████   | 35/50 [00:03<00:01,  9.31it/s, Saved at =inf, TrLoss=0.2121]
 Training FV-otc-s2-t7:  72%|███████▏  | 36/50 [00:03<00:01,  9.32it/s, Saved at =inf, TrLoss=0.2121]
 Training FV-otc-s2-t7:  72%|███████▏  | 36/50 [00:03<00:01,  9.32it/s, Saved at =inf, TrLoss=0.2111]
 Training FV-otc-s2-t7:  74%|███████▍  | 37/50 [00:04<00:01,  9.26it/s, Saved at =inf, TrLoss=0.2111]
 Training FV-otc-s2-t7:  74%|███████▍  | 37/50 [00:04<00:01,  9.26it/s, Saved at =inf, TrLoss=0.2079]
 Training FV-otc-s2-t7:  76%|███████▌  | 38/50 [00:04<00:01,  9.25it/s, Saved at =inf, TrLoss=0.2079]
 Training FV-otc-s2-t7:  76%|███████▌  | 38/50 [00:04<00:01,  9.25it/s, Saved at =inf, TrLoss=0.2049]
 Training FV-otc-s2-t7:  78%|███████▊  | 39/50 [00:04<00:01,  9.28it/s, Saved at =inf, TrLoss=0.2049]
 Training FV-otc-s2-t7:  78%|███████▊  | 39/50 [00:04<00:01,  9.28it/s, Saved at =inf, TrLoss=0.2071]
 Training FV-otc-s2-t7:  80%|████████  | 40/50 [00:04<00:01,  9.30it/s, Saved at =inf, TrLoss=0.2071]
 Training FV-otc-s2-t7:  80%|████████  | 40/50 [00:04<00:01,  9.30it/s, Saved at =inf, TrLoss=0.1977]
 Training FV-otc-s2-t7:  82%|████████▏ | 41/50 [00:04<00:00,  9.29it/s, Saved at =inf, TrLoss=0.1977]
 Training FV-otc-s2-t7:  82%|████████▏ | 41/50 [00:04<00:00,  9.29it/s, Saved at =inf, TrLoss=0.1997]
 Training FV-otc-s2-t7:  84%|████████▍ | 42/50 [00:04<00:00,  9.30it/s, Saved at =inf, TrLoss=0.1997]
 Training FV-otc-s2-t7:  84%|████████▍ | 42/50 [00:04<00:00,  9.30it/s, Saved at =inf, TrLoss=0.1943]
 Training FV-otc-s2-t7:  86%|████████▌ | 43/50 [00:04<00:00,  9.31it/s, Saved at =inf, TrLoss=0.1943]
 Training FV-otc-s2-t7:  86%|████████▌ | 43/50 [00:04<00:00,  9.31it/s, Saved at =inf, TrLoss=0.2030]
 Training FV-otc-s2-t7:  88%|████████▊ | 44/50 [00:04<00:00,  9.32it/s, Saved at =inf, TrLoss=0.2030]
 Training FV-otc-s2-t7:  88%|████████▊ | 44/50 [00:04<00:00,  9.32it/s, Saved at =inf, TrLoss=0.1984]
 Training FV-otc-s2-t7:  90%|█████████ | 45/50 [00:04<00:00,  9.33it/s, Saved at =inf, TrLoss=0.1984]
 Training FV-otc-s2-t7:  90%|█████████ | 45/50 [00:04<00:00,  9.33it/s, Saved at =inf, TrLoss=0.2006]
 Training FV-otc-s2-t7:  92%|█████████▏| 46/50 [00:04<00:00,  9.28it/s, Saved at =inf, TrLoss=0.2006]
 Training FV-otc-s2-t7:  92%|█████████▏| 46/50 [00:05<00:00,  9.28it/s, Saved at =inf, TrLoss=0.1993]
 Training FV-otc-s2-t7:  94%|█████████▍| 47/50 [00:05<00:00,  9.30it/s, Saved at =inf, TrLoss=0.1993]
 Training FV-otc-s2-t7:  94%|█████████▍| 47/50 [00:05<00:00,  9.30it/s, Saved at =inf, TrLoss=0.1928]
 Training FV-otc-s2-t7:  96%|█████████▌| 48/50 [00:05<00:00,  9.31it/s, Saved at =inf, TrLoss=0.1928]
 Training FV-otc-s2-t7:  96%|█████████▌| 48/50 [00:05<00:00,  9.31it/s, Saved at =inf, TrLoss=0.2001]
 Training FV-otc-s2-t7:  98%|█████████▊| 49/50 [00:05<00:00,  9.32it/s, Saved at =inf, TrLoss=0.2001]
 Training FV-otc-s2-t7:  98%|█████████▊| 49/50 [00:05<00:00,  9.32it/s, Saved at =inf, TrLoss=0.1816]
 Training FV-otc-s2-t7: 100%|██████████| 50/50 [00:05<00:00,  9.32it/s, Saved at =inf, TrLoss=0.1816]
 Training FV-otc-s2-t7: 100%|██████████| 50/50 [00:05<00:00,  9.25it/s, Saved at =inf, TrLoss=0.1816]

 Training FV-otc-s2-t8:   0%|          | 0/50 [00:00<?, ?it/s]
 Training FV-otc-s2-t8:   0%|          | 0/50 [00:00<?, ?it/s, Saved at =inf, TrLoss=0.7212]
 Training FV-otc-s2-t8:   2%|▏         | 1/50 [00:00<00:06,  7.71it/s, Saved at =inf, TrLoss=0.7212]
 Training FV-otc-s2-t8:   2%|▏         | 1/50 [00:00<00:06,  7.71it/s, Saved at =inf, TrLoss=0.7883]
 Training FV-otc-s2-t8:   4%|▍         | 2/50 [00:00<00:05,  8.05it/s, Saved at =inf, TrLoss=0.7883]
 Training FV-otc-s2-t8:   4%|▍         | 2/50 [00:00<00:05,  8.05it/s, Saved at =inf, TrLoss=0.6035]
 Training FV-otc-s2-t8:   6%|▌         | 3/50 [00:00<00:05,  8.16it/s, Saved at =inf, TrLoss=0.6035]
 Training FV-otc-s2-t8:   6%|▌         | 3/50 [00:00<00:05,  8.16it/s, Saved at =inf, TrLoss=0.5991]
 Training FV-otc-s2-t8:   8%|▊         | 4/50 [00:00<00:05,  8.21it/s, Saved at =inf, TrLoss=0.5991]
 Training FV-otc-s2-t8:   8%|▊         | 4/50 [00:00<00:05,  8.21it/s, Saved at =inf, TrLoss=0.5429]
 Training FV-otc-s2-t8:  10%|█         | 5/50 [00:00<00:05,  8.20it/s, Saved at =inf, TrLoss=0.5429]
 Training FV-otc-s2-t8:  10%|█         | 5/50 [00:00<00:05,  8.20it/s, Saved at =inf, TrLoss=0.4989]
 Training FV-otc-s2-t8:  12%|█▏        | 6/50 [00:00<00:05,  8.22it/s, Saved at =inf, TrLoss=0.4989]
 Training FV-otc-s2-t8:  12%|█▏        | 6/50 [00:00<00:05,  8.22it/s, Saved at =inf, TrLoss=0.4820]
 Training FV-otc-s2-t8:  14%|█▍        | 7/50 [00:00<00:05,  8.23it/s, Saved at =inf, TrLoss=0.4820]
 Training FV-otc-s2-t8:  14%|█▍        | 7/50 [00:00<00:05,  8.23it/s, Saved at =inf, TrLoss=0.4272]
 Training FV-otc-s2-t8:  16%|█▌        | 8/50 [00:00<00:05,  8.24it/s, Saved at =inf, TrLoss=0.4272]
 Training FV-otc-s2-t8:  16%|█▌        | 8/50 [00:01<00:05,  8.24it/s, Saved at =inf, TrLoss=0.4122]
 Training FV-otc-s2-t8:  18%|█▊        | 9/50 [00:01<00:04,  8.24it/s, Saved at =inf, TrLoss=0.4122]
 Training FV-otc-s2-t8:  18%|█▊        | 9/50 [00:01<00:04,  8.24it/s, Saved at =inf, TrLoss=0.3677]
 Training FV-otc-s2-t8:  20%|██        | 10/50 [00:01<00:04,  8.25it/s, Saved at =inf, TrLoss=0.3677]
 Training FV-otc-s2-t8:  20%|██        | 10/50 [00:01<00:04,  8.25it/s, Saved at =inf, TrLoss=0.4060]
 Training FV-otc-s2-t8:  22%|██▏       | 11/50 [00:01<00:04,  8.25it/s, Saved at =inf, TrLoss=0.4060]
 Training FV-otc-s2-t8:  22%|██▏       | 11/50 [00:01<00:04,  8.25it/s, Saved at =inf, TrLoss=0.3620]
 Training FV-otc-s2-t8:  24%|██▍       | 12/50 [00:01<00:04,  8.25it/s, Saved at =inf, TrLoss=0.3620]
 Training FV-otc-s2-t8:  24%|██▍       | 12/50 [00:01<00:04,  8.25it/s, Saved at =inf, TrLoss=0.3707]
 Training FV-otc-s2-t8:  26%|██▌       | 13/50 [00:01<00:04,  8.25it/s, Saved at =inf, TrLoss=0.3707]
 Training FV-otc-s2-t8:  26%|██▌       | 13/50 [00:01<00:04,  8.25it/s, Saved at =inf, TrLoss=0.3242]
 Training FV-otc-s2-t8:  28%|██▊       | 14/50 [00:01<00:04,  8.25it/s, Saved at =inf, TrLoss=0.3242]
 Training FV-otc-s2-t8:  28%|██▊       | 14/50 [00:01<00:04,  8.25it/s, Saved at =inf, TrLoss=0.3287]
 Training FV-otc-s2-t8:  30%|███       | 15/50 [00:01<00:04,  8.22it/s, Saved at =inf, TrLoss=0.3287]
 Training FV-otc-s2-t8:  30%|███       | 15/50 [00:01<00:04,  8.22it/s, Saved at =inf, TrLoss=0.3159]
 Training FV-otc-s2-t8:  32%|███▏      | 16/50 [00:01<00:04,  8.23it/s, Saved at =inf, TrLoss=0.3159]
 Training FV-otc-s2-t8:  32%|███▏      | 16/50 [00:02<00:04,  8.23it/s, Saved at =inf, TrLoss=0.3283]
 Training FV-otc-s2-t8:  34%|███▍      | 17/50 [00:02<00:04,  8.24it/s, Saved at =inf, TrLoss=0.3283]
 Training FV-otc-s2-t8:  34%|███▍      | 17/50 [00:02<00:04,  8.24it/s, Saved at =inf, TrLoss=0.3003]
 Training FV-otc-s2-t8:  36%|███▌      | 18/50 [00:02<00:03,  8.24it/s, Saved at =inf, TrLoss=0.3003]
 Training FV-otc-s2-t8:  36%|███▌      | 18/50 [00:02<00:03,  8.24it/s, Saved at =inf, TrLoss=0.3049]
 Training FV-otc-s2-t8:  38%|███▊      | 19/50 [00:02<00:03,  8.25it/s, Saved at =inf, TrLoss=0.3049]
 Training FV-otc-s2-t8:  38%|███▊      | 19/50 [00:02<00:03,  8.25it/s, Saved at =inf, TrLoss=0.2851]
 Training FV-otc-s2-t8:  40%|████      | 20/50 [00:02<00:03,  8.25it/s, Saved at =inf, TrLoss=0.2851]
 Training FV-otc-s2-t8:  40%|████      | 20/50 [00:02<00:03,  8.25it/s, Saved at =inf, TrLoss=0.2871]
 Training FV-otc-s2-t8:  42%|████▏     | 21/50 [00:02<00:03,  8.25it/s, Saved at =inf, TrLoss=0.2871]
 Training FV-otc-s2-t8:  42%|████▏     | 21/50 [00:02<00:03,  8.25it/s, Saved at =inf, TrLoss=0.2757]
 Training FV-otc-s2-t8:  44%|████▍     | 22/50 [00:02<00:03,  8.25it/s, Saved at =inf, TrLoss=0.2757]
 Training FV-otc-s2-t8:  44%|████▍     | 22/50 [00:02<00:03,  8.25it/s, Saved at =inf, TrLoss=0.2861]
 Training FV-otc-s2-t8:  46%|████▌     | 23/50 [00:02<00:03,  8.25it/s, Saved at =inf, TrLoss=0.2861]
 Training FV-otc-s2-t8:  46%|████▌     | 23/50 [00:02<00:03,  8.25it/s, Saved at =inf, TrLoss=0.2606]
 Training FV-otc-s2-t8:  48%|████▊     | 24/50 [00:02<00:03,  8.26it/s, Saved at =inf, TrLoss=0.2606]
 Training FV-otc-s2-t8:  48%|████▊     | 24/50 [00:03<00:03,  8.26it/s, Saved at =inf, TrLoss=0.2780]
 Training FV-otc-s2-t8:  50%|█████     | 25/50 [00:03<00:03,  8.26it/s, Saved at =inf, TrLoss=0.2780]
 Training FV-otc-s2-t8:  50%|█████     | 25/50 [00:03<00:03,  8.26it/s, Saved at =inf, TrLoss=0.2547]
 Training FV-otc-s2-t8:  52%|█████▏    | 26/50 [00:03<00:02,  8.26it/s, Saved at =inf, TrLoss=0.2547]
 Training FV-otc-s2-t8:  52%|█████▏    | 26/50 [00:03<00:02,  8.26it/s, Saved at =inf, TrLoss=0.2688]
 Training FV-otc-s2-t8:  54%|█████▍    | 27/50 [00:03<00:02,  8.26it/s, Saved at =inf, TrLoss=0.2688]
 Training FV-otc-s2-t8:  54%|█████▍    | 27/50 [00:03<00:02,  8.26it/s, Saved at =inf, TrLoss=0.2587]
 Training FV-otc-s2-t8:  56%|█████▌    | 28/50 [00:03<00:02,  8.26it/s, Saved at =inf, TrLoss=0.2587]
 Training FV-otc-s2-t8:  56%|█████▌    | 28/50 [00:03<00:02,  8.26it/s, Saved at =inf, TrLoss=0.2521]
 Training FV-otc-s2-t8:  58%|█████▊    | 29/50 [00:03<00:02,  8.26it/s, Saved at =inf, TrLoss=0.2521]
 Training FV-otc-s2-t8:  58%|█████▊    | 29/50 [00:03<00:02,  8.26it/s, Saved at =inf, TrLoss=0.2465]
 Training FV-otc-s2-t8:  60%|██████    | 30/50 [00:03<00:02,  8.26it/s, Saved at =inf, TrLoss=0.2465]
 Training FV-otc-s2-t8:  60%|██████    | 30/50 [00:03<00:02,  8.26it/s, Saved at =inf, TrLoss=0.2450]
 Training FV-otc-s2-t8:  62%|██████▏   | 31/50 [00:03<00:02,  8.26it/s, Saved at =inf, TrLoss=0.2450]
 Training FV-otc-s2-t8:  62%|██████▏   | 31/50 [00:03<00:02,  8.26it/s, Saved at =inf, TrLoss=0.2433]
 Training FV-otc-s2-t8:  64%|██████▍   | 32/50 [00:03<00:02,  8.26it/s, Saved at =inf, TrLoss=0.2433]
 Training FV-otc-s2-t8:  64%|██████▍   | 32/50 [00:03<00:02,  8.26it/s, Saved at =inf, TrLoss=0.2399]
 Training FV-otc-s2-t8:  66%|██████▌   | 33/50 [00:04<00:02,  8.26it/s, Saved at =inf, TrLoss=0.2399]
 Training FV-otc-s2-t8:  66%|██████▌   | 33/50 [00:04<00:02,  8.26it/s, Saved at =inf, TrLoss=0.2353]
 Training FV-otc-s2-t8:  68%|██████▊   | 34/50 [00:04<00:01,  8.26it/s, Saved at =inf, TrLoss=0.2353]
 Training FV-otc-s2-t8:  68%|██████▊   | 34/50 [00:04<00:01,  8.26it/s, Saved at =inf, TrLoss=0.2370]
 Training FV-otc-s2-t8:  70%|███████   | 35/50 [00:04<00:01,  8.25it/s, Saved at =inf, TrLoss=0.2370]
 Training FV-otc-s2-t8:  70%|███████   | 35/50 [00:04<00:01,  8.25it/s, Saved at =inf, TrLoss=0.2343]
 Training FV-otc-s2-t8:  72%|███████▏  | 36/50 [00:04<00:01,  8.25it/s, Saved at =inf, TrLoss=0.2343]
 Training FV-otc-s2-t8:  72%|███████▏  | 36/50 [00:04<00:01,  8.25it/s, Saved at =inf, TrLoss=0.2345]
 Training FV-otc-s2-t8:  74%|███████▍  | 37/50 [00:04<00:01,  8.25it/s, Saved at =inf, TrLoss=0.2345]
 Training FV-otc-s2-t8:  74%|███████▍  | 37/50 [00:04<00:01,  8.25it/s, Saved at =inf, TrLoss=0.2334]
 Training FV-otc-s2-t8:  76%|███████▌  | 38/50 [00:04<00:01,  8.25it/s, Saved at =inf, TrLoss=0.2334]
 Training FV-otc-s2-t8:  76%|███████▌  | 38/50 [00:04<00:01,  8.25it/s, Saved at =inf, TrLoss=0.2289]
 Training FV-otc-s2-t8:  78%|███████▊  | 39/50 [00:04<00:01,  8.21it/s, Saved at =inf, TrLoss=0.2289]
 Training FV-otc-s2-t8:  78%|███████▊  | 39/50 [00:04<00:01,  8.21it/s, Saved at =inf, TrLoss=0.2313]
 Training FV-otc-s2-t8:  80%|████████  | 40/50 [00:04<00:01,  8.21it/s, Saved at =inf, TrLoss=0.2313]
 Training FV-otc-s2-t8:  80%|████████  | 40/50 [00:04<00:01,  8.21it/s, Saved at =inf, TrLoss=0.2220]
 Training FV-otc-s2-t8:  82%|████████▏ | 41/50 [00:04<00:01,  8.20it/s, Saved at =inf, TrLoss=0.2220]
 Training FV-otc-s2-t8:  82%|████████▏ | 41/50 [00:05<00:01,  8.20it/s, Saved at =inf, TrLoss=0.2294]
 Training FV-otc-s2-t8:  84%|████████▍ | 42/50 [00:05<00:00,  8.21it/s, Saved at =inf, TrLoss=0.2294]
 Training FV-otc-s2-t8:  84%|████████▍ | 42/50 [00:05<00:00,  8.21it/s, Saved at =inf, TrLoss=0.2211]
 Training FV-otc-s2-t8:  86%|████████▌ | 43/50 [00:05<00:00,  8.22it/s, Saved at =inf, TrLoss=0.2211]
 Training FV-otc-s2-t8:  86%|████████▌ | 43/50 [00:05<00:00,  8.22it/s, Saved at =inf, TrLoss=0.2257]
 Training FV-otc-s2-t8:  88%|████████▊ | 44/50 [00:05<00:00,  8.23it/s, Saved at =inf, TrLoss=0.2257]
 Training FV-otc-s2-t8:  88%|████████▊ | 44/50 [00:05<00:00,  8.23it/s, Saved at =inf, TrLoss=0.2235]
 Training FV-otc-s2-t8:  90%|█████████ | 45/50 [00:05<00:00,  8.24it/s, Saved at =inf, TrLoss=0.2235]
 Training FV-otc-s2-t8:  90%|█████████ | 45/50 [00:05<00:00,  8.24it/s, Saved at =inf, TrLoss=0.2221]
 Training FV-otc-s2-t8:  92%|█████████▏| 46/50 [00:05<00:00,  8.24it/s, Saved at =inf, TrLoss=0.2221]
 Training FV-otc-s2-t8:  92%|█████████▏| 46/50 [00:05<00:00,  8.24it/s, Saved at =inf, TrLoss=0.2233]
 Training FV-otc-s2-t8:  94%|█████████▍| 47/50 [00:05<00:00,  8.25it/s, Saved at =inf, TrLoss=0.2233]
 Training FV-otc-s2-t8:  94%|█████████▍| 47/50 [00:05<00:00,  8.25it/s, Saved at =inf, TrLoss=0.2143]
 Training FV-otc-s2-t8:  96%|█████████▌| 48/50 [00:05<00:00,  8.25it/s, Saved at =inf, TrLoss=0.2143]
 Training FV-otc-s2-t8:  96%|█████████▌| 48/50 [00:05<00:00,  8.25it/s, Saved at =inf, TrLoss=0.2241]
 Training FV-otc-s2-t8:  98%|█████████▊| 49/50 [00:05<00:00,  8.25it/s, Saved at =inf, TrLoss=0.2241]
 Training FV-otc-s2-t8:  98%|█████████▊| 49/50 [00:06<00:00,  8.25it/s, Saved at =inf, TrLoss=0.2075]
 Training FV-otc-s2-t8: 100%|██████████| 50/50 [00:06<00:00,  8.25it/s, Saved at =inf, TrLoss=0.2075]
 Training FV-otc-s2-t8: 100%|██████████| 50/50 [00:06<00:00,  8.24it/s, Saved at =inf, TrLoss=0.2075]

 Training FV-otc-s2-t9:   0%|          | 0/50 [00:00<?, ?it/s]
 Training FV-otc-s2-t9:   0%|          | 0/50 [00:00<?, ?it/s, Saved at =inf, TrLoss=0.9548]
 Training FV-otc-s2-t9:   2%|▏         | 1/50 [00:00<00:07,  6.68it/s, Saved at =inf, TrLoss=0.9548]
 Training FV-otc-s2-t9:   2%|▏         | 1/50 [00:00<00:07,  6.68it/s, Saved at =inf, TrLoss=0.7471]
 Training FV-otc-s2-t9:   4%|▍         | 2/50 [00:00<00:07,  6.73it/s, Saved at =inf, TrLoss=0.7471]
 Training FV-otc-s2-t9:   4%|▍         | 2/50 [00:00<00:07,  6.73it/s, Saved at =inf, TrLoss=0.7085]
 Training FV-otc-s2-t9:   6%|▌         | 3/50 [00:00<00:07,  6.64it/s, Saved at =inf, TrLoss=0.7085]
 Training FV-otc-s2-t9:   6%|▌         | 3/50 [00:00<00:07,  6.64it/s, Saved at =inf, TrLoss=0.6100]
 Training FV-otc-s2-t9:   8%|▊         | 4/50 [00:00<00:06,  6.74it/s, Saved at =inf, TrLoss=0.6100]
 Training FV-otc-s2-t9:   8%|▊         | 4/50 [00:00<00:06,  6.74it/s, Saved at =inf, TrLoss=0.6046]
 Training FV-otc-s2-t9:  10%|█         | 5/50 [00:00<00:06,  6.82it/s, Saved at =inf, TrLoss=0.6046]
 Training FV-otc-s2-t9:  10%|█         | 5/50 [00:00<00:06,  6.82it/s, Saved at =inf, TrLoss=0.5337]
 Training FV-otc-s2-t9:  12%|█▏        | 6/50 [00:00<00:06,  6.87it/s, Saved at =inf, TrLoss=0.5337]
 Training FV-otc-s2-t9:  12%|█▏        | 6/50 [00:00<00:06,  6.87it/s, Saved at =inf, TrLoss=0.4918]
 Training FV-otc-s2-t9:  14%|█▍        | 7/50 [00:01<00:06,  6.91it/s, Saved at =inf, TrLoss=0.4918]
 Training FV-otc-s2-t9:  14%|█▍        | 7/50 [00:01<00:06,  6.91it/s, Saved at =inf, TrLoss=0.4298]
 Training FV-otc-s2-t9:  16%|█▌        | 8/50 [00:01<00:06,  6.93it/s, Saved at =inf, TrLoss=0.4298]
 Training FV-otc-s2-t9:  16%|█▌        | 8/50 [00:01<00:06,  6.93it/s, Saved at =inf, TrLoss=0.4117]
 Training FV-otc-s2-t9:  18%|█▊        | 9/50 [00:01<00:05,  6.93it/s, Saved at =inf, TrLoss=0.4117]
 Training FV-otc-s2-t9:  18%|█▊        | 9/50 [00:01<00:05,  6.93it/s, Saved at =inf, TrLoss=0.3715]
 Training FV-otc-s2-t9:  20%|██        | 10/50 [00:01<00:05,  6.94it/s, Saved at =inf, TrLoss=0.3715]
 Training FV-otc-s2-t9:  20%|██        | 10/50 [00:01<00:05,  6.94it/s, Saved at =inf, TrLoss=0.3872]
 Training FV-otc-s2-t9:  22%|██▏       | 11/50 [00:01<00:05,  6.91it/s, Saved at =inf, TrLoss=0.3872]
 Training FV-otc-s2-t9:  22%|██▏       | 11/50 [00:01<00:05,  6.91it/s, Saved at =inf, TrLoss=0.3852]
 Training FV-otc-s2-t9:  24%|██▍       | 12/50 [00:01<00:05,  6.89it/s, Saved at =inf, TrLoss=0.3852]
 Training FV-otc-s2-t9:  24%|██▍       | 12/50 [00:01<00:05,  6.89it/s, Saved at =inf, TrLoss=0.3640]
 Training FV-otc-s2-t9:  26%|██▌       | 13/50 [00:01<00:05,  6.90it/s, Saved at =inf, TrLoss=0.3640]
 Training FV-otc-s2-t9:  26%|██▌       | 13/50 [00:02<00:05,  6.90it/s, Saved at =inf, TrLoss=0.3441]
 Training FV-otc-s2-t9:  28%|██▊       | 14/50 [00:02<00:05,  6.91it/s, Saved at =inf, TrLoss=0.3441]
 Training FV-otc-s2-t9:  28%|██▊       | 14/50 [00:02<00:05,  6.91it/s, Saved at =inf, TrLoss=0.3265]
 Training FV-otc-s2-t9:  30%|███       | 15/50 [00:02<00:05,  6.92it/s, Saved at =inf, TrLoss=0.3265]
 Training FV-otc-s2-t9:  30%|███       | 15/50 [00:02<00:05,  6.92it/s, Saved at =inf, TrLoss=0.3238]
 Training FV-otc-s2-t9:  32%|███▏      | 16/50 [00:02<00:04,  6.90it/s, Saved at =inf, TrLoss=0.3238]
 Training FV-otc-s2-t9:  32%|███▏      | 16/50 [00:02<00:04,  6.90it/s, Saved at =inf, TrLoss=0.3214]
 Training FV-otc-s2-t9:  34%|███▍      | 17/50 [00:02<00:04,  6.94it/s, Saved at =inf, TrLoss=0.3214]
 Training FV-otc-s2-t9:  34%|███▍      | 17/50 [00:02<00:04,  6.94it/s, Saved at =inf, TrLoss=0.3052]
 Training FV-otc-s2-t9:  36%|███▌      | 18/50 [00:02<00:04,  7.00it/s, Saved at =inf, TrLoss=0.3052]
 Training FV-otc-s2-t9:  36%|███▌      | 18/50 [00:02<00:04,  7.00it/s, Saved at =inf, TrLoss=0.3050]
 Training FV-otc-s2-t9:  38%|███▊      | 19/50 [00:02<00:04,  7.04it/s, Saved at =inf, TrLoss=0.3050]
 Training FV-otc-s2-t9:  38%|███▊      | 19/50 [00:02<00:04,  7.04it/s, Saved at =inf, TrLoss=0.2984]
 Training FV-otc-s2-t9:  40%|████      | 20/50 [00:02<00:04,  7.07it/s, Saved at =inf, TrLoss=0.2984]
 Training FV-otc-s2-t9:  40%|████      | 20/50 [00:02<00:04,  7.07it/s, Saved at =inf, TrLoss=0.2916]
 Training FV-otc-s2-t9:  42%|████▏     | 21/50 [00:03<00:04,  7.09it/s, Saved at =inf, TrLoss=0.2916]
 Training FV-otc-s2-t9:  42%|████▏     | 21/50 [00:03<00:04,  7.09it/s, Saved at =inf, TrLoss=0.2817]
 Training FV-otc-s2-t9:  44%|████▍     | 22/50 [00:03<00:03,  7.10it/s, Saved at =inf, TrLoss=0.2817]
 Training FV-otc-s2-t9:  44%|████▍     | 22/50 [00:03<00:03,  7.10it/s, Saved at =inf, TrLoss=0.2785]
 Training FV-otc-s2-t9:  46%|████▌     | 23/50 [00:03<00:03,  7.12it/s, Saved at =inf, TrLoss=0.2785]
 Training FV-otc-s2-t9:  46%|████▌     | 23/50 [00:03<00:03,  7.12it/s, Saved at =inf, TrLoss=0.2755]
 Training FV-otc-s2-t9:  48%|████▊     | 24/50 [00:03<00:03,  7.12it/s, Saved at =inf, TrLoss=0.2755]
 Training FV-otc-s2-t9:  48%|████▊     | 24/50 [00:03<00:03,  7.12it/s, Saved at =inf, TrLoss=0.2669]
 Training FV-otc-s2-t9:  50%|█████     | 25/50 [00:03<00:03,  7.13it/s, Saved at =inf, TrLoss=0.2669]
 Training FV-otc-s2-t9:  50%|█████     | 25/50 [00:03<00:03,  7.13it/s, Saved at =inf, TrLoss=0.2637]
 Training FV-otc-s2-t9:  52%|█████▏    | 26/50 [00:03<00:03,  7.13it/s, Saved at =inf, TrLoss=0.2637]
 Training FV-otc-s2-t9:  52%|█████▏    | 26/50 [00:03<00:03,  7.13it/s, Saved at =inf, TrLoss=0.2601]
 Training FV-otc-s2-t9:  54%|█████▍    | 27/50 [00:03<00:03,  7.13it/s, Saved at =inf, TrLoss=0.2601]
 Training FV-otc-s2-t9:  54%|█████▍    | 27/50 [00:03<00:03,  7.13it/s, Saved at =inf, TrLoss=0.2597]
 Training FV-otc-s2-t9:  56%|█████▌    | 28/50 [00:04<00:03,  7.13it/s, Saved at =inf, TrLoss=0.2597]
 Training FV-otc-s2-t9:  56%|█████▌    | 28/50 [00:04<00:03,  7.13it/s, Saved at =inf, TrLoss=0.2625]
 Training FV-otc-s2-t9:  58%|█████▊    | 29/50 [00:04<00:02,  7.13it/s, Saved at =inf, TrLoss=0.2625]
 Training FV-otc-s2-t9:  58%|█████▊    | 29/50 [00:04<00:02,  7.13it/s, Saved at =inf, TrLoss=0.2657]
 Training FV-otc-s2-t9:  60%|██████    | 30/50 [00:04<00:02,  7.13it/s, Saved at =inf, TrLoss=0.2657]
 Training FV-otc-s2-t9:  60%|██████    | 30/50 [00:04<00:02,  7.13it/s, Saved at =inf, TrLoss=0.2544]
 Training FV-otc-s2-t9:  62%|██████▏   | 31/50 [00:04<00:02,  7.12it/s, Saved at =inf, TrLoss=0.2544]
 Training FV-otc-s2-t9:  62%|██████▏   | 31/50 [00:04<00:02,  7.12it/s, Saved at =inf, TrLoss=0.2405]
 Training FV-otc-s2-t9:  64%|██████▍   | 32/50 [00:04<00:02,  7.11it/s, Saved at =inf, TrLoss=0.2405]
 Training FV-otc-s2-t9:  64%|██████▍   | 32/50 [00:04<00:02,  7.11it/s, Saved at =inf, TrLoss=0.2483]
 Training FV-otc-s2-t9:  66%|██████▌   | 33/50 [00:04<00:02,  7.12it/s, Saved at =inf, TrLoss=0.2483]
 Training FV-otc-s2-t9:  66%|██████▌   | 33/50 [00:04<00:02,  7.12it/s, Saved at =inf, TrLoss=0.2435]
 Training FV-otc-s2-t9:  68%|██████▊   | 34/50 [00:04<00:02,  7.12it/s, Saved at =inf, TrLoss=0.2435]
 Training FV-otc-s2-t9:  68%|██████▊   | 34/50 [00:04<00:02,  7.12it/s, Saved at =inf, TrLoss=0.2368]
 Training FV-otc-s2-t9:  70%|███████   | 35/50 [00:04<00:02,  7.12it/s, Saved at =inf, TrLoss=0.2368]
 Training FV-otc-s2-t9:  70%|███████   | 35/50 [00:05<00:02,  7.12it/s, Saved at =inf, TrLoss=0.2399]
 Training FV-otc-s2-t9:  72%|███████▏  | 36/50 [00:05<00:01,  7.13it/s, Saved at =inf, TrLoss=0.2399]
 Training FV-otc-s2-t9:  72%|███████▏  | 36/50 [00:05<00:01,  7.13it/s, Saved at =inf, TrLoss=0.2308]
 Training FV-otc-s2-t9:  74%|███████▍  | 37/50 [00:05<00:01,  7.13it/s, Saved at =inf, TrLoss=0.2308]
 Training FV-otc-s2-t9:  74%|███████▍  | 37/50 [00:05<00:01,  7.13it/s, Saved at =inf, TrLoss=0.2286]
 Training FV-otc-s2-t9:  76%|███████▌  | 38/50 [00:05<00:01,  7.13it/s, Saved at =inf, TrLoss=0.2286]
 Training FV-otc-s2-t9:  76%|███████▌  | 38/50 [00:05<00:01,  7.13it/s, Saved at =inf, TrLoss=0.2286]
 Training FV-otc-s2-t9:  78%|███████▊  | 39/50 [00:05<00:01,  7.12it/s, Saved at =inf, TrLoss=0.2286]
 Training FV-otc-s2-t9:  78%|███████▊  | 39/50 [00:05<00:01,  7.12it/s, Saved at =inf, TrLoss=0.2249]
 Training FV-otc-s2-t9:  80%|████████  | 40/50 [00:05<00:01,  7.13it/s, Saved at =inf, TrLoss=0.2249]
 Training FV-otc-s2-t9:  80%|████████  | 40/50 [00:05<00:01,  7.13it/s, Saved at =inf, TrLoss=0.2228]
 Training FV-otc-s2-t9:  82%|████████▏ | 41/50 [00:05<00:01,  7.12it/s, Saved at =inf, TrLoss=0.2228]
 Training FV-otc-s2-t9:  82%|████████▏ | 41/50 [00:05<00:01,  7.12it/s, Saved at =inf, TrLoss=0.2231]
 Training FV-otc-s2-t9:  84%|████████▍ | 42/50 [00:05<00:01,  7.13it/s, Saved at =inf, TrLoss=0.2231]
 Training FV-otc-s2-t9:  84%|████████▍ | 42/50 [00:06<00:01,  7.13it/s, Saved at =inf, TrLoss=0.2217]
 Training FV-otc-s2-t9:  86%|████████▌ | 43/50 [00:06<00:00,  7.13it/s, Saved at =inf, TrLoss=0.2217]
 Training FV-otc-s2-t9:  86%|████████▌ | 43/50 [00:06<00:00,  7.13it/s, Saved at =inf, TrLoss=0.2240]
 Training FV-otc-s2-t9:  88%|████████▊ | 44/50 [00:06<00:00,  7.12it/s, Saved at =inf, TrLoss=0.2240]
 Training FV-otc-s2-t9:  88%|████████▊ | 44/50 [00:06<00:00,  7.12it/s, Saved at =inf, TrLoss=0.2232]
 Training FV-otc-s2-t9:  90%|█████████ | 45/50 [00:06<00:00,  7.03it/s, Saved at =inf, TrLoss=0.2232]
 Training FV-otc-s2-t9:  90%|█████████ | 45/50 [00:06<00:00,  7.03it/s, Saved at =inf, TrLoss=0.2135]
 Training FV-otc-s2-t9:  92%|█████████▏| 46/50 [00:06<00:00,  7.06it/s, Saved at =inf, TrLoss=0.2135]
 Training FV-otc-s2-t9:  92%|█████████▏| 46/50 [00:06<00:00,  7.06it/s, Saved at =inf, TrLoss=0.2243]
 Training FV-otc-s2-t9:  94%|█████████▍| 47/50 [00:06<00:00,  7.08it/s, Saved at =inf, TrLoss=0.2243]
 Training FV-otc-s2-t9:  94%|█████████▍| 47/50 [00:06<00:00,  7.08it/s, Saved at =inf, TrLoss=0.2119]
 Training FV-otc-s2-t9:  96%|█████████▌| 48/50 [00:06<00:00,  7.10it/s, Saved at =inf, TrLoss=0.2119]
 Training FV-otc-s2-t9:  96%|█████████▌| 48/50 [00:06<00:00,  7.10it/s, Saved at =inf, TrLoss=0.2143]
 Training FV-otc-s2-t9:  98%|█████████▊| 49/50 [00:06<00:00,  7.11it/s, Saved at =inf, TrLoss=0.2143]
 Training FV-otc-s2-t9:  98%|█████████▊| 49/50 [00:07<00:00,  7.11it/s, Saved at =inf, TrLoss=0.2131]
 Training FV-otc-s2-t9: 100%|██████████| 50/50 [00:07<00:00,  7.12it/s, Saved at =inf, TrLoss=0.2131]
 Training FV-otc-s2-t9: 100%|██████████| 50/50 [00:07<00:00,  7.04it/s, Saved at =inf, TrLoss=0.2131]

 Training ATK-otc-s2-t7:   0%|          | 0/50 [00:00<?, ?it/s]
 Training ATK-otc-s2-t7:   0%|          | 0/50 [00:00<?, ?it/s, Saved at =inf, TrLoss=0.6894]
 Training ATK-otc-s2-t7:   2%|▏         | 1/50 [00:00<00:05,  8.82it/s, Saved at =inf, TrLoss=0.6894]
 Training ATK-otc-s2-t7:   2%|▏         | 1/50 [00:00<00:05,  8.82it/s, Saved at =inf, TrLoss=0.6593]
 Training ATK-otc-s2-t7:   4%|▍         | 2/50 [00:00<00:05,  9.12it/s, Saved at =inf, TrLoss=0.6593]
 Training ATK-otc-s2-t7:   4%|▍         | 2/50 [00:00<00:05,  9.12it/s, Saved at =inf, TrLoss=0.6793]
 Training ATK-otc-s2-t7:   6%|▌         | 3/50 [00:00<00:05,  8.76it/s, Saved at =inf, TrLoss=0.6793]
 Training ATK-otc-s2-t7:   6%|▌         | 3/50 [00:00<00:05,  8.76it/s, Saved at =inf, TrLoss=0.5581]
 Training ATK-otc-s2-t7:   8%|▊         | 4/50 [00:00<00:05,  8.28it/s, Saved at =inf, TrLoss=0.5581]
 Training ATK-otc-s2-t7:   8%|▊         | 4/50 [00:00<00:05,  8.28it/s, Saved at =inf, TrLoss=0.4691]
 Training ATK-otc-s2-t7:  10%|█         | 5/50 [00:00<00:05,  7.88it/s, Saved at =inf, TrLoss=0.4691]
 Training ATK-otc-s2-t7:  10%|█         | 5/50 [00:00<00:05,  7.88it/s, Saved at =inf, TrLoss=0.5048]
 Training ATK-otc-s2-t7:  12%|█▏        | 6/50 [00:00<00:05,  8.08it/s, Saved at =inf, TrLoss=0.5048]
 Training ATK-otc-s2-t7:  12%|█▏        | 6/50 [00:00<00:05,  8.08it/s, Saved at =inf, TrLoss=0.4910]
 Training ATK-otc-s2-t7:  14%|█▍        | 7/50 [00:00<00:05,  8.42it/s, Saved at =inf, TrLoss=0.4910]
 Training ATK-otc-s2-t7:  14%|█▍        | 7/50 [00:00<00:05,  8.42it/s, Saved at =inf, TrLoss=0.4054]
 Training ATK-otc-s2-t7:  16%|█▌        | 8/50 [00:00<00:04,  8.69it/s, Saved at =inf, TrLoss=0.4054]
 Training ATK-otc-s2-t7:  16%|█▌        | 8/50 [00:01<00:04,  8.69it/s, Saved at =inf, TrLoss=0.3655]
 Training ATK-otc-s2-t7:  18%|█▊        | 9/50 [00:01<00:04,  8.88it/s, Saved at =inf, TrLoss=0.3655]
 Training ATK-otc-s2-t7:  18%|█▊        | 9/50 [00:01<00:04,  8.88it/s, Saved at =inf, TrLoss=0.3788]
 Training ATK-otc-s2-t7:  20%|██        | 10/50 [00:01<00:04,  8.94it/s, Saved at =inf, TrLoss=0.3788]
 Training ATK-otc-s2-t7:  20%|██        | 10/50 [00:01<00:04,  8.94it/s, Saved at =inf, TrLoss=0.3430]
 Training ATK-otc-s2-t7:  22%|██▏       | 11/50 [00:01<00:04,  9.03it/s, Saved at =inf, TrLoss=0.3430]
 Training ATK-otc-s2-t7:  22%|██▏       | 11/50 [00:01<00:04,  9.03it/s, Saved at =inf, TrLoss=0.3530]
 Training ATK-otc-s2-t7:  24%|██▍       | 12/50 [00:01<00:04,  9.11it/s, Saved at =inf, TrLoss=0.3530]
 Training ATK-otc-s2-t7:  24%|██▍       | 12/50 [00:01<00:04,  9.11it/s, Saved at =inf, TrLoss=0.3435]
 Training ATK-otc-s2-t7:  26%|██▌       | 13/50 [00:01<00:04,  9.18it/s, Saved at =inf, TrLoss=0.3435]
 Training ATK-otc-s2-t7:  26%|██▌       | 13/50 [00:01<00:04,  9.18it/s, Saved at =inf, TrLoss=0.3108]
 Training ATK-otc-s2-t7:  28%|██▊       | 14/50 [00:01<00:03,  9.20it/s, Saved at =inf, TrLoss=0.3108]
 Training ATK-otc-s2-t7:  28%|██▊       | 14/50 [00:01<00:03,  9.20it/s, Saved at =inf, TrLoss=0.3025]
 Training ATK-otc-s2-t7:  30%|███       | 15/50 [00:01<00:03,  9.24it/s, Saved at =inf, TrLoss=0.3025]
 Training ATK-otc-s2-t7:  30%|███       | 15/50 [00:01<00:03,  9.24it/s, Saved at =inf, TrLoss=0.2961]
 Training ATK-otc-s2-t7:  32%|███▏      | 16/50 [00:01<00:03,  9.27it/s, Saved at =inf, TrLoss=0.2961]
 Training ATK-otc-s2-t7:  32%|███▏      | 16/50 [00:01<00:03,  9.27it/s, Saved at =inf, TrLoss=0.2880]
 Training ATK-otc-s2-t7:  34%|███▍      | 17/50 [00:01<00:03,  9.28it/s, Saved at =inf, TrLoss=0.2880]
 Training ATK-otc-s2-t7:  34%|███▍      | 17/50 [00:01<00:03,  9.28it/s, Saved at =inf, TrLoss=0.2832]
 Training ATK-otc-s2-t7:  36%|███▌      | 18/50 [00:02<00:03,  9.29it/s, Saved at =inf, TrLoss=0.2832]
 Training ATK-otc-s2-t7:  36%|███▌      | 18/50 [00:02<00:03,  9.29it/s, Saved at =inf, TrLoss=0.2840]
 Training ATK-otc-s2-t7:  38%|███▊      | 19/50 [00:02<00:03,  9.30it/s, Saved at =inf, TrLoss=0.2840]
 Training ATK-otc-s2-t7:  38%|███▊      | 19/50 [00:02<00:03,  9.30it/s, Saved at =inf, TrLoss=0.2722]
 Training ATK-otc-s2-t7:  40%|████      | 20/50 [00:02<00:03,  9.28it/s, Saved at =inf, TrLoss=0.2722]
 Training ATK-otc-s2-t7:  40%|████      | 20/50 [00:02<00:03,  9.28it/s, Saved at =inf, TrLoss=0.2772]
 Training ATK-otc-s2-t7:  42%|████▏     | 21/50 [00:02<00:03,  9.29it/s, Saved at =inf, TrLoss=0.2772]
 Training ATK-otc-s2-t7:  42%|████▏     | 21/50 [00:02<00:03,  9.29it/s, Saved at =inf, TrLoss=0.2685]
 Training ATK-otc-s2-t7:  44%|████▍     | 22/50 [00:02<00:03,  9.30it/s, Saved at =inf, TrLoss=0.2685]
 Training ATK-otc-s2-t7:  44%|████▍     | 22/50 [00:02<00:03,  9.30it/s, Saved at =inf, TrLoss=0.2602]
 Training ATK-otc-s2-t7:  46%|████▌     | 23/50 [00:02<00:02,  9.27it/s, Saved at =inf, TrLoss=0.2602]
 Training ATK-otc-s2-t7:  46%|████▌     | 23/50 [00:02<00:02,  9.27it/s, Saved at =inf, TrLoss=0.2494]
 Training ATK-otc-s2-t7:  48%|████▊     | 24/50 [00:02<00:02,  9.29it/s, Saved at =inf, TrLoss=0.2494]
 Training ATK-otc-s2-t7:  48%|████▊     | 24/50 [00:02<00:02,  9.29it/s, Saved at =inf, TrLoss=0.2472]
 Training ATK-otc-s2-t7:  50%|█████     | 25/50 [00:02<00:02,  9.30it/s, Saved at =inf, TrLoss=0.2472]
 Training ATK-otc-s2-t7:  50%|█████     | 25/50 [00:02<00:02,  9.30it/s, Saved at =inf, TrLoss=0.2412]
 Training ATK-otc-s2-t7:  52%|█████▏    | 26/50 [00:02<00:02,  9.31it/s, Saved at =inf, TrLoss=0.2412]
 Training ATK-otc-s2-t7:  52%|█████▏    | 26/50 [00:02<00:02,  9.31it/s, Saved at =inf, TrLoss=0.2396]
 Training ATK-otc-s2-t7:  54%|█████▍    | 27/50 [00:02<00:02,  9.32it/s, Saved at =inf, TrLoss=0.2396]
 Training ATK-otc-s2-t7:  54%|█████▍    | 27/50 [00:03<00:02,  9.32it/s, Saved at =inf, TrLoss=0.2362]
 Training ATK-otc-s2-t7:  56%|█████▌    | 28/50 [00:03<00:02,  9.32it/s, Saved at =inf, TrLoss=0.2362]
 Training ATK-otc-s2-t7:  56%|█████▌    | 28/50 [00:03<00:02,  9.32it/s, Saved at =inf, TrLoss=0.2319]
 Training ATK-otc-s2-t7:  58%|█████▊    | 29/50 [00:03<00:02,  9.33it/s, Saved at =inf, TrLoss=0.2319]
 Training ATK-otc-s2-t7:  58%|█████▊    | 29/50 [00:03<00:02,  9.33it/s, Saved at =inf, TrLoss=0.2271]
 Training ATK-otc-s2-t7:  60%|██████    | 30/50 [00:03<00:02,  9.28it/s, Saved at =inf, TrLoss=0.2271]
 Training ATK-otc-s2-t7:  60%|██████    | 30/50 [00:03<00:02,  9.28it/s, Saved at =inf, TrLoss=0.2271]
 Training ATK-otc-s2-t7:  62%|██████▏   | 31/50 [00:03<00:02,  9.12it/s, Saved at =inf, TrLoss=0.2271]
 Training ATK-otc-s2-t7:  62%|██████▏   | 31/50 [00:03<00:02,  9.12it/s, Saved at =inf, TrLoss=0.2256]
 Training ATK-otc-s2-t7:  64%|██████▍   | 32/50 [00:03<00:01,  9.17it/s, Saved at =inf, TrLoss=0.2256]
 Training ATK-otc-s2-t7:  64%|██████▍   | 32/50 [00:03<00:01,  9.17it/s, Saved at =inf, TrLoss=0.2195]
 Training ATK-otc-s2-t7:  66%|██████▌   | 33/50 [00:03<00:01,  9.22it/s, Saved at =inf, TrLoss=0.2195]
 Training ATK-otc-s2-t7:  66%|██████▌   | 33/50 [00:03<00:01,  9.22it/s, Saved at =inf, TrLoss=0.2214]
 Training ATK-otc-s2-t7:  68%|██████▊   | 34/50 [00:03<00:01,  9.25it/s, Saved at =inf, TrLoss=0.2214]
 Training ATK-otc-s2-t7:  68%|██████▊   | 34/50 [00:03<00:01,  9.25it/s, Saved at =inf, TrLoss=0.2239]
 Training ATK-otc-s2-t7:  70%|███████   | 35/50 [00:03<00:01,  9.28it/s, Saved at =inf, TrLoss=0.2239]
 Training ATK-otc-s2-t7:  70%|███████   | 35/50 [00:03<00:01,  9.28it/s, Saved at =inf, TrLoss=0.2121]
 Training ATK-otc-s2-t7:  72%|███████▏  | 36/50 [00:03<00:01,  9.25it/s, Saved at =inf, TrLoss=0.2121]
 Training ATK-otc-s2-t7:  72%|███████▏  | 36/50 [00:04<00:01,  9.25it/s, Saved at =inf, TrLoss=0.2111]
 Training ATK-otc-s2-t7:  74%|███████▍  | 37/50 [00:04<00:01,  9.28it/s, Saved at =inf, TrLoss=0.2111]
 Training ATK-otc-s2-t7:  74%|███████▍  | 37/50 [00:04<00:01,  9.28it/s, Saved at =inf, TrLoss=0.2080]
 Training ATK-otc-s2-t7:  76%|███████▌  | 38/50 [00:04<00:01,  9.29it/s, Saved at =inf, TrLoss=0.2080]
 Training ATK-otc-s2-t7:  76%|███████▌  | 38/50 [00:04<00:01,  9.29it/s, Saved at =inf, TrLoss=0.2048]
 Training ATK-otc-s2-t7:  78%|███████▊  | 39/50 [00:04<00:01,  9.30it/s, Saved at =inf, TrLoss=0.2048]
 Training ATK-otc-s2-t7:  78%|███████▊  | 39/50 [00:04<00:01,  9.30it/s, Saved at =inf, TrLoss=0.2072]
 Training ATK-otc-s2-t7:  80%|████████  | 40/50 [00:04<00:01,  9.27it/s, Saved at =inf, TrLoss=0.2072]
 Training ATK-otc-s2-t7:  80%|████████  | 40/50 [00:04<00:01,  9.27it/s, Saved at =inf, TrLoss=0.1977]
 Training ATK-otc-s2-t7:  82%|████████▏ | 41/50 [00:04<00:00,  9.29it/s, Saved at =inf, TrLoss=0.1977]
 Training ATK-otc-s2-t7:  82%|████████▏ | 41/50 [00:04<00:00,  9.29it/s, Saved at =inf, TrLoss=0.1998]
 Training ATK-otc-s2-t7:  84%|████████▍ | 42/50 [00:04<00:00,  9.30it/s, Saved at =inf, TrLoss=0.1998]
 Training ATK-otc-s2-t7:  84%|████████▍ | 42/50 [00:04<00:00,  9.30it/s, Saved at =inf, TrLoss=0.1944]
 Training ATK-otc-s2-t7:  86%|████████▌ | 43/50 [00:04<00:00,  9.31it/s, Saved at =inf, TrLoss=0.1944]
 Training ATK-otc-s2-t7:  86%|████████▌ | 43/50 [00:04<00:00,  9.31it/s, Saved at =inf, TrLoss=0.2029]
 Training ATK-otc-s2-t7:  88%|████████▊ | 44/50 [00:04<00:00,  9.30it/s, Saved at =inf, TrLoss=0.2029]
 Training ATK-otc-s2-t7:  88%|████████▊ | 44/50 [00:04<00:00,  9.30it/s, Saved at =inf, TrLoss=0.1982]
 Training ATK-otc-s2-t7:  90%|█████████ | 45/50 [00:04<00:00,  9.22it/s, Saved at =inf, TrLoss=0.1982]
 Training ATK-otc-s2-t7:  90%|█████████ | 45/50 [00:05<00:00,  9.22it/s, Saved at =inf, TrLoss=0.2010]
 Training ATK-otc-s2-t7:  92%|█████████▏| 46/50 [00:05<00:00,  9.25it/s, Saved at =inf, TrLoss=0.2010]
 Training ATK-otc-s2-t7:  92%|█████████▏| 46/50 [00:05<00:00,  9.25it/s, Saved at =inf, TrLoss=0.1993]
 Training ATK-otc-s2-t7:  94%|█████████▍| 47/50 [00:05<00:00,  9.27it/s, Saved at =inf, TrLoss=0.1993]
 Training ATK-otc-s2-t7:  94%|█████████▍| 47/50 [00:05<00:00,  9.27it/s, Saved at =inf, TrLoss=0.1926]
 Training ATK-otc-s2-t7:  96%|█████████▌| 48/50 [00:05<00:00,  9.29it/s, Saved at =inf, TrLoss=0.1926]
 Training ATK-otc-s2-t7:  96%|█████████▌| 48/50 [00:05<00:00,  9.29it/s, Saved at =inf, TrLoss=0.2004]
 Training ATK-otc-s2-t7:  98%|█████████▊| 49/50 [00:05<00:00,  9.30it/s, Saved at =inf, TrLoss=0.2004]
 Training ATK-otc-s2-t7:  98%|█████████▊| 49/50 [00:05<00:00,  9.30it/s, Saved at =inf, TrLoss=0.1814]
 Training ATK-otc-s2-t7: 100%|██████████| 50/50 [00:05<00:00,  9.31it/s, Saved at =inf, TrLoss=0.1814]
 Training ATK-otc-s2-t7: 100%|██████████| 50/50 [00:05<00:00,  9.14it/s, Saved at =inf, TrLoss=0.1814]
[06:19:34]   MCC=0.397±0.105, AUC=0.760±0.075, BAcc=0.680±0.047
[06:19:34] Training GDTE on otc (seed=3)...

 Training FV-otc-s3-t2:   0%|          | 0/50 [00:00<?, ?it/s]
 Training FV-otc-s3-t2:   0%|          | 0/50 [00:00<?, ?it/s, Saved at =inf, TrLoss=0.7166]
 Training FV-otc-s3-t2:   0%|          | 0/50 [00:00<?, ?it/s, Saved at =inf, TrLoss=0.5475]
 Training FV-otc-s3-t2:   0%|          | 0/50 [00:00<?, ?it/s, Saved at =inf, TrLoss=0.4565]
 Training FV-otc-s3-t2:   0%|          | 0/50 [00:00<?, ?it/s, Saved at =inf, TrLoss=0.4664]
 Training FV-otc-s3-t2:   8%|▊         | 4/50 [00:00<00:01, 31.29it/s, Saved at =inf, TrLoss=0.4664]
 Training FV-otc-s3-t2:   8%|▊         | 4/50 [00:00<00:01, 31.29it/s, Saved at =inf, TrLoss=0.3041]
 Training FV-otc-s3-t2:   8%|▊         | 4/50 [00:00<00:01, 31.29it/s, Saved at =inf, TrLoss=0.2621]
 Training FV-otc-s3-t2:   8%|▊         | 4/50 [00:00<00:01, 31.29it/s, Saved at =inf, TrLoss=0.2439]
 Training FV-otc-s3-t2:   8%|▊         | 4/50 [00:00<00:01, 31.29it/s, Saved at =inf, TrLoss=0.2127]
 Training FV-otc-s3-t2:  16%|█▌        | 8/50 [00:00<00:01, 31.41it/s, Saved at =inf, TrLoss=0.2127]
 Training FV-otc-s3-t2:  16%|█▌        | 8/50 [00:00<00:01, 31.41it/s, Saved at =inf, TrLoss=0.2005]
 Training FV-otc-s3-t2:  16%|█▌        | 8/50 [00:00<00:01, 31.41it/s, Saved at =inf, TrLoss=0.1819]
 Training FV-otc-s3-t2:  16%|█▌        | 8/50 [00:00<00:01, 31.41it/s, Saved at =inf, TrLoss=0.1937]
 Training FV-otc-s3-t2:  16%|█▌        | 8/50 [00:00<00:01, 31.41it/s, Saved at =inf, TrLoss=0.1659]
 Training FV-otc-s3-t2:  24%|██▍       | 12/50 [00:00<00:01, 31.45it/s, Saved at =inf, TrLoss=0.1659]
 Training FV-otc-s3-t2:  24%|██▍       | 12/50 [00:00<00:01, 31.45it/s, Saved at =inf, TrLoss=0.1853]
 Training FV-otc-s3-t2:  24%|██▍       | 12/50 [00:00<00:01, 31.45it/s, Saved at =inf, TrLoss=0.1716]
 Training FV-otc-s3-t2:  24%|██▍       | 12/50 [00:00<00:01, 31.45it/s, Saved at =inf, TrLoss=0.1648]
 Training FV-otc-s3-t2:  24%|██▍       | 12/50 [00:00<00:01, 31.45it/s, Saved at =inf, TrLoss=0.1360]
 Training FV-otc-s3-t2:  32%|███▏      | 16/50 [00:00<00:01, 31.47it/s, Saved at =inf, TrLoss=0.1360]
 Training FV-otc-s3-t2:  32%|███▏      | 16/50 [00:00<00:01, 31.47it/s, Saved at =inf, TrLoss=0.1428]
 Training FV-otc-s3-t2:  32%|███▏      | 16/50 [00:00<00:01, 31.47it/s, Saved at =inf, TrLoss=0.1449]
 Training FV-otc-s3-t2:  32%|███▏      | 16/50 [00:00<00:01, 31.47it/s, Saved at =inf, TrLoss=0.1301]
 Training FV-otc-s3-t2:  32%|███▏      | 16/50 [00:00<00:01, 31.47it/s, Saved at =inf, TrLoss=0.1274]
 Training FV-otc-s3-t2:  40%|████      | 20/50 [00:00<00:00, 31.49it/s, Saved at =inf, TrLoss=0.1274]
 Training FV-otc-s3-t2:  40%|████      | 20/50 [00:00<00:00, 31.49it/s, Saved at =inf, TrLoss=0.1132]
 Training FV-otc-s3-t2:  40%|████      | 20/50 [00:00<00:00, 31.49it/s, Saved at =inf, TrLoss=0.1381]
 Training FV-otc-s3-t2:  40%|████      | 20/50 [00:00<00:00, 31.49it/s, Saved at =inf, TrLoss=0.1426]
 Training FV-otc-s3-t2:  40%|████      | 20/50 [00:00<00:00, 31.49it/s, Saved at =inf, TrLoss=0.1545]
 Training FV-otc-s3-t2:  48%|████▊     | 24/50 [00:00<00:00, 31.51it/s, Saved at =inf, TrLoss=0.1545]
 Training FV-otc-s3-t2:  48%|████▊     | 24/50 [00:00<00:00, 31.51it/s, Saved at =inf, TrLoss=0.1197]
 Training FV-otc-s3-t2:  48%|████▊     | 24/50 [00:00<00:00, 31.51it/s, Saved at =inf, TrLoss=0.1561]
 Training FV-otc-s3-t2:  48%|████▊     | 24/50 [00:00<00:00, 31.51it/s, Saved at =inf, TrLoss=0.1100]
 Training FV-otc-s3-t2:  48%|████▊     | 24/50 [00:00<00:00, 31.51it/s, Saved at =inf, TrLoss=0.1477]
 Training FV-otc-s3-t2:  56%|█████▌    | 28/50 [00:00<00:00, 31.51it/s, Saved at =inf, TrLoss=0.1477]
 Training FV-otc-s3-t2:  56%|█████▌    | 28/50 [00:00<00:00, 31.51it/s, Saved at =inf, TrLoss=0.1211]
 Training FV-otc-s3-t2:  56%|█████▌    | 28/50 [00:00<00:00, 31.51it/s, Saved at =inf, TrLoss=0.1001]
 Training FV-otc-s3-t2:  56%|█████▌    | 28/50 [00:00<00:00, 31.51it/s, Saved at =inf, TrLoss=0.0955]
 Training FV-otc-s3-t2:  56%|█████▌    | 28/50 [00:01<00:00, 31.51it/s, Saved at =inf, TrLoss=0.0998]
 Training FV-otc-s3-t2:  64%|██████▍   | 32/50 [00:01<00:00, 31.51it/s, Saved at =inf, TrLoss=0.0998]
 Training FV-otc-s3-t2:  64%|██████▍   | 32/50 [00:01<00:00, 31.51it/s, Saved at =inf, TrLoss=0.0999]
 Training FV-otc-s3-t2:  64%|██████▍   | 32/50 [00:01<00:00, 31.51it/s, Saved at =inf, TrLoss=0.1059]
 Training FV-otc-s3-t2:  64%|██████▍   | 32/50 [00:01<00:00, 31.51it/s, Saved at =inf, TrLoss=0.0817]
 Training FV-otc-s3-t2:  64%|██████▍   | 32/50 [00:01<00:00, 31.51it/s, Saved at =inf, TrLoss=0.0888]
 Training FV-otc-s3-t2:  72%|███████▏  | 36/50 [00:01<00:00, 31.51it/s, Saved at =inf, TrLoss=0.0888]
 Training FV-otc-s3-t2:  72%|███████▏  | 36/50 [00:01<00:00, 31.51it/s, Saved at =inf, TrLoss=0.0775]
 Training FV-otc-s3-t2:  72%|███████▏  | 36/50 [00:01<00:00, 31.51it/s, Saved at =inf, TrLoss=0.0803]
 Training FV-otc-s3-t2:  72%|███████▏  | 36/50 [00:01<00:00, 31.51it/s, Saved at =inf, TrLoss=0.0659]
 Training FV-otc-s3-t2:  72%|███████▏  | 36/50 [00:01<00:00, 31.51it/s, Saved at =inf, TrLoss=0.0807]
 Training FV-otc-s3-t2:  80%|████████  | 40/50 [00:01<00:00, 31.50it/s, Saved at =inf, TrLoss=0.0807]
 Training FV-otc-s3-t2:  80%|████████  | 40/50 [00:01<00:00, 31.50it/s, Saved at =inf, TrLoss=0.0765]
 Training FV-otc-s3-t2:  80%|████████  | 40/50 [00:01<00:00, 31.50it/s, Saved at =inf, TrLoss=0.0715]
 Training FV-otc-s3-t2:  80%|████████  | 40/50 [00:01<00:00, 31.50it/s, Saved at =inf, TrLoss=0.0706]
 Training FV-otc-s3-t2:  80%|████████  | 40/50 [00:01<00:00, 31.50it/s, Saved at =inf, TrLoss=0.0752]
 Training FV-otc-s3-t2:  88%|████████▊ | 44/50 [00:01<00:00, 31.50it/s, Saved at =inf, TrLoss=0.0752]
 Training FV-otc-s3-t2:  88%|████████▊ | 44/50 [00:01<00:00, 31.50it/s, Saved at =inf, TrLoss=0.0783]
 Training FV-otc-s3-t2:  88%|████████▊ | 44/50 [00:01<00:00, 31.50it/s, Saved at =inf, TrLoss=0.0620]
 Training FV-otc-s3-t2:  88%|████████▊ | 44/50 [00:01<00:00, 31.50it/s, Saved at =inf, TrLoss=0.0691]
 Training FV-otc-s3-t2:  88%|████████▊ | 44/50 [00:01<00:00, 31.50it/s, Saved at =inf, TrLoss=0.0604]
 Training FV-otc-s3-t2:  96%|█████████▌| 48/50 [00:01<00:00, 31.51it/s, Saved at =inf, TrLoss=0.0604]
 Training FV-otc-s3-t2:  96%|█████████▌| 48/50 [00:01<00:00, 31.51it/s, Saved at =inf, TrLoss=0.1090]
 Training FV-otc-s3-t2:  96%|█████████▌| 48/50 [00:01<00:00, 31.51it/s, Saved at =inf, TrLoss=0.0814]
 Training FV-otc-s3-t2: 100%|██████████| 50/50 [00:01<00:00, 31.49it/s, Saved at =inf, TrLoss=0.0814]

 Training FV-otc-s3-t3:   0%|          | 0/50 [00:00<?, ?it/s]
 Training FV-otc-s3-t3:   0%|          | 0/50 [00:00<?, ?it/s, Saved at =inf, TrLoss=0.7878]
 Training FV-otc-s3-t3:   0%|          | 0/50 [00:00<?, ?it/s, Saved at =inf, TrLoss=0.8257]
 Training FV-otc-s3-t3:   0%|          | 0/50 [00:00<?, ?it/s, Saved at =inf, TrLoss=0.5418]
 Training FV-otc-s3-t3:   6%|▌         | 3/50 [00:00<00:02, 20.74it/s, Saved at =inf, TrLoss=0.5418]
 Training FV-otc-s3-t3:   6%|▌         | 3/50 [00:00<00:02, 20.74it/s, Saved at =inf, TrLoss=0.5495]
 Training FV-otc-s3-t3:   6%|▌         | 3/50 [00:00<00:02, 20.74it/s, Saved at =inf, TrLoss=0.4595]
 Training FV-otc-s3-t3:   6%|▌         | 3/50 [00:00<00:02, 20.74it/s, Saved at =inf, TrLoss=0.4075]
 Training FV-otc-s3-t3:  12%|█▏        | 6/50 [00:00<00:02, 20.64it/s, Saved at =inf, TrLoss=0.4075]
 Training FV-otc-s3-t3:  12%|█▏        | 6/50 [00:00<00:02, 20.64it/s, Saved at =inf, TrLoss=0.3605]
 Training FV-otc-s3-t3:  12%|█▏        | 6/50 [00:00<00:02, 20.64it/s, Saved at =inf, TrLoss=0.3026]
 Training FV-otc-s3-t3:  12%|█▏        | 6/50 [00:00<00:02, 20.64it/s, Saved at =inf, TrLoss=0.2979]
 Training FV-otc-s3-t3:  18%|█▊        | 9/50 [00:00<00:01, 20.61it/s, Saved at =inf, TrLoss=0.2979]
 Training FV-otc-s3-t3:  18%|█▊        | 9/50 [00:00<00:01, 20.61it/s, Saved at =inf, TrLoss=0.2708]
 Training FV-otc-s3-t3:  18%|█▊        | 9/50 [00:00<00:01, 20.61it/s, Saved at =inf, TrLoss=0.2568]
 Training FV-otc-s3-t3:  18%|█▊        | 9/50 [00:00<00:01, 20.61it/s, Saved at =inf, TrLoss=0.2341]
 Training FV-otc-s3-t3:  24%|██▍       | 12/50 [00:00<00:01, 20.59it/s, Saved at =inf, TrLoss=0.2341]
 Training FV-otc-s3-t3:  24%|██▍       | 12/50 [00:00<00:01, 20.59it/s, Saved at =inf, TrLoss=0.1972]
 Training FV-otc-s3-t3:  24%|██▍       | 12/50 [00:00<00:01, 20.59it/s, Saved at =inf, TrLoss=0.2004]
 Training FV-otc-s3-t3:  24%|██▍       | 12/50 [00:00<00:01, 20.59it/s, Saved at =inf, TrLoss=0.2121]
 Training FV-otc-s3-t3:  30%|███       | 15/50 [00:00<00:01, 20.59it/s, Saved at =inf, TrLoss=0.2121]
 Training FV-otc-s3-t3:  30%|███       | 15/50 [00:00<00:01, 20.59it/s, Saved at =inf, TrLoss=0.1767]
 Training FV-otc-s3-t3:  30%|███       | 15/50 [00:00<00:01, 20.59it/s, Saved at =inf, TrLoss=0.1722]
 Training FV-otc-s3-t3:  30%|███       | 15/50 [00:00<00:01, 20.59it/s, Saved at =inf, TrLoss=0.1718]
 Training FV-otc-s3-t3:  36%|███▌      | 18/50 [00:00<00:01, 20.58it/s, Saved at =inf, TrLoss=0.1718]
 Training FV-otc-s3-t3:  36%|███▌      | 18/50 [00:00<00:01, 20.58it/s, Saved at =inf, TrLoss=0.1734]
 Training FV-otc-s3-t3:  36%|███▌      | 18/50 [00:00<00:01, 20.58it/s, Saved at =inf, TrLoss=0.1734]
 Training FV-otc-s3-t3:  36%|███▌      | 18/50 [00:00<00:01, 20.58it/s, Saved at =inf, TrLoss=0.1637]
 Training FV-otc-s3-t3:  42%|████▏     | 21/50 [00:01<00:01, 20.58it/s, Saved at =inf, TrLoss=0.1637]
 Training FV-otc-s3-t3:  42%|████▏     | 21/50 [00:01<00:01, 20.58it/s, Saved at =inf, TrLoss=0.1857]
 Training FV-otc-s3-t3:  42%|████▏     | 21/50 [00:01<00:01, 20.58it/s, Saved at =inf, TrLoss=0.1904]
 Training FV-otc-s3-t3:  42%|████▏     | 21/50 [00:01<00:01, 20.58it/s, Saved at =inf, TrLoss=0.1766]
 Training FV-otc-s3-t3:  48%|████▊     | 24/50 [00:01<00:01, 20.58it/s, Saved at =inf, TrLoss=0.1766]
 Training FV-otc-s3-t3:  48%|████▊     | 24/50 [00:01<00:01, 20.58it/s, Saved at =inf, TrLoss=0.1657]
 Training FV-otc-s3-t3:  48%|████▊     | 24/50 [00:01<00:01, 20.58it/s, Saved at =inf, TrLoss=0.1610]
 Training FV-otc-s3-t3:  48%|████▊     | 24/50 [00:01<00:01, 20.58it/s, Saved at =inf, TrLoss=0.1493]
 Training FV-otc-s3-t3:  54%|█████▍    | 27/50 [00:01<00:01, 20.58it/s, Saved at =inf, TrLoss=0.1493]
 Training FV-otc-s3-t3:  54%|█████▍    | 27/50 [00:01<00:01, 20.58it/s, Saved at =inf, TrLoss=0.1511]
 Training FV-otc-s3-t3:  54%|█████▍    | 27/50 [00:01<00:01, 20.58it/s, Saved at =inf, TrLoss=0.1431]
 Training FV-otc-s3-t3:  54%|█████▍    | 27/50 [00:01<00:01, 20.58it/s, Saved at =inf, TrLoss=0.1442]
 Training FV-otc-s3-t3:  60%|██████    | 30/50 [00:01<00:00, 20.57it/s, Saved at =inf, TrLoss=0.1442]
 Training FV-otc-s3-t3:  60%|██████    | 30/50 [00:01<00:00, 20.57it/s, Saved at =inf, TrLoss=0.1567]
 Training FV-otc-s3-t3:  60%|██████    | 30/50 [00:01<00:00, 20.57it/s, Saved at =inf, TrLoss=0.1396]
 Training FV-otc-s3-t3:  60%|██████    | 30/50 [00:01<00:00, 20.57it/s, Saved at =inf, TrLoss=0.1311]
 Training FV-otc-s3-t3:  66%|██████▌   | 33/50 [00:01<00:00, 20.57it/s, Saved at =inf, TrLoss=0.1311]
 Training FV-otc-s3-t3:  66%|██████▌   | 33/50 [00:01<00:00, 20.57it/s, Saved at =inf, TrLoss=0.1433]
 Training FV-otc-s3-t3:  66%|██████▌   | 33/50 [00:01<00:00, 20.57it/s, Saved at =inf, TrLoss=0.1330]
 Training FV-otc-s3-t3:  66%|██████▌   | 33/50 [00:01<00:00, 20.57it/s, Saved at =inf, TrLoss=0.1199]
 Training FV-otc-s3-t3:  72%|███████▏  | 36/50 [00:01<00:00, 20.57it/s, Saved at =inf, TrLoss=0.1199]
 Training FV-otc-s3-t3:  72%|███████▏  | 36/50 [00:01<00:00, 20.57it/s, Saved at =inf, TrLoss=0.1277]
 Training FV-otc-s3-t3:  72%|███████▏  | 36/50 [00:01<00:00, 20.57it/s, Saved at =inf, TrLoss=0.1376]
 Training FV-otc-s3-t3:  72%|███████▏  | 36/50 [00:01<00:00, 20.57it/s, Saved at =inf, TrLoss=0.1160]
 Training FV-otc-s3-t3:  78%|███████▊  | 39/50 [00:01<00:00, 20.57it/s, Saved at =inf, TrLoss=0.1160]
 Training FV-otc-s3-t3:  78%|███████▊  | 39/50 [00:01<00:00, 20.57it/s, Saved at =inf, TrLoss=0.1142]
 Training FV-otc-s3-t3:  78%|███████▊  | 39/50 [00:01<00:00, 20.57it/s, Saved at =inf, TrLoss=0.1374]
 Training FV-otc-s3-t3:  78%|███████▊  | 39/50 [00:02<00:00, 20.57it/s, Saved at =inf, TrLoss=0.1077]
 Training FV-otc-s3-t3:  84%|████████▍ | 42/50 [00:02<00:00, 20.57it/s, Saved at =inf, TrLoss=0.1077]
 Training FV-otc-s3-t3:  84%|████████▍ | 42/50 [00:02<00:00, 20.57it/s, Saved at =inf, TrLoss=0.1375]
 Training FV-otc-s3-t3:  84%|████████▍ | 42/50 [00:02<00:00, 20.57it/s, Saved at =inf, TrLoss=0.1207]
 Training FV-otc-s3-t3:  84%|████████▍ | 42/50 [00:02<00:00, 20.57it/s, Saved at =inf, TrLoss=0.1450]
 Training FV-otc-s3-t3:  90%|█████████ | 45/50 [00:02<00:00, 20.57it/s, Saved at =inf, TrLoss=0.1450]
 Training FV-otc-s3-t3:  90%|█████████ | 45/50 [00:02<00:00, 20.57it/s, Saved at =inf, TrLoss=0.1028]
 Training FV-otc-s3-t3:  90%|█████████ | 45/50 [00:02<00:00, 20.57it/s, Saved at =inf, TrLoss=0.1372]
 Training FV-otc-s3-t3:  90%|█████████ | 45/50 [00:02<00:00, 20.57it/s, Saved at =inf, TrLoss=0.1060]
 Training FV-otc-s3-t3:  96%|█████████▌| 48/50 [00:02<00:00, 20.57it/s, Saved at =inf, TrLoss=0.1060]
 Training FV-otc-s3-t3:  96%|█████████▌| 48/50 [00:02<00:00, 20.57it/s, Saved at =inf, TrLoss=0.1639]
 Training FV-otc-s3-t3:  96%|█████████▌| 48/50 [00:02<00:00, 20.57it/s, Saved at =inf, TrLoss=0.1138]
 Training FV-otc-s3-t3: 100%|██████████| 50/50 [00:02<00:00, 20.58it/s, Saved at =inf, TrLoss=0.1138]

 Training FV-otc-s3-t4:   0%|          | 0/50 [00:00<?, ?it/s]
 Training FV-otc-s3-t4:   0%|          | 0/50 [00:00<?, ?it/s, Saved at =inf, TrLoss=0.6963]
 Training FV-otc-s3-t4:   0%|          | 0/50 [00:00<?, ?it/s, Saved at =inf, TrLoss=0.8827]
 Training FV-otc-s3-t4:   4%|▍         | 2/50 [00:00<00:03, 15.62it/s, Saved at =inf, TrLoss=0.8827]
 Training FV-otc-s3-t4:   4%|▍         | 2/50 [00:00<00:03, 15.62it/s, Saved at =inf, TrLoss=0.6009]
 Training FV-otc-s3-t4:   4%|▍         | 2/50 [00:00<00:03, 15.62it/s, Saved at =inf, TrLoss=0.5355]
 Training FV-otc-s3-t4:   8%|▊         | 4/50 [00:00<00:02, 15.54it/s, Saved at =inf, TrLoss=0.5355]
 Training FV-otc-s3-t4:   8%|▊         | 4/50 [00:00<00:02, 15.54it/s, Saved at =inf, TrLoss=0.4425]
 Training FV-otc-s3-t4:   8%|▊         | 4/50 [00:00<00:02, 15.54it/s, Saved at =inf, TrLoss=0.4332]
 Training FV-otc-s3-t4:  12%|█▏        | 6/50 [00:00<00:02, 15.50it/s, Saved at =inf, TrLoss=0.4332]
 Training FV-otc-s3-t4:  12%|█▏        | 6/50 [00:00<00:02, 15.50it/s, Saved at =inf, TrLoss=0.3929]
 Training FV-otc-s3-t4:  12%|█▏        | 6/50 [00:00<00:02, 15.50it/s, Saved at =inf, TrLoss=0.3765]
 Training FV-otc-s3-t4:  16%|█▌        | 8/50 [00:00<00:02, 15.49it/s, Saved at =inf, TrLoss=0.3765]
 Training FV-otc-s3-t4:  16%|█▌        | 8/50 [00:00<00:02, 15.49it/s, Saved at =inf, TrLoss=0.3488]
 Training FV-otc-s3-t4:  16%|█▌        | 8/50 [00:00<00:02, 15.49it/s, Saved at =inf, TrLoss=0.3053]
 Training FV-otc-s3-t4:  20%|██        | 10/50 [00:00<00:02, 15.48it/s, Saved at =inf, TrLoss=0.3053]
 Training FV-otc-s3-t4:  20%|██        | 10/50 [00:00<00:02, 15.48it/s, Saved at =inf, TrLoss=0.2828]
 Training FV-otc-s3-t4:  20%|██        | 10/50 [00:00<00:02, 15.48it/s, Saved at =inf, TrLoss=0.2498]
 Training FV-otc-s3-t4:  24%|██▍       | 12/50 [00:00<00:02, 15.47it/s, Saved at =inf, TrLoss=0.2498]
 Training FV-otc-s3-t4:  24%|██▍       | 12/50 [00:00<00:02, 15.47it/s, Saved at =inf, TrLoss=0.2575]
 Training FV-otc-s3-t4:  24%|██▍       | 12/50 [00:00<00:02, 15.47it/s, Saved at =inf, TrLoss=0.2647]
 Training FV-otc-s3-t4:  28%|██▊       | 14/50 [00:00<00:02, 15.47it/s, Saved at =inf, TrLoss=0.2647]
 Training FV-otc-s3-t4:  28%|██▊       | 14/50 [00:00<00:02, 15.47it/s, Saved at =inf, TrLoss=0.2308]
 Training FV-otc-s3-t4:  28%|██▊       | 14/50 [00:01<00:02, 15.47it/s, Saved at =inf, TrLoss=0.2300]
 Training FV-otc-s3-t4:  32%|███▏      | 16/50 [00:01<00:02, 15.46it/s, Saved at =inf, TrLoss=0.2300]
 Training FV-otc-s3-t4:  32%|███▏      | 16/50 [00:01<00:02, 15.46it/s, Saved at =inf, TrLoss=0.2191]
 Training FV-otc-s3-t4:  32%|███▏      | 16/50 [00:01<00:02, 15.46it/s, Saved at =inf, TrLoss=0.1995]
 Training FV-otc-s3-t4:  36%|███▌      | 18/50 [00:01<00:02, 15.46it/s, Saved at =inf, TrLoss=0.1995]
 Training FV-otc-s3-t4:  36%|███▌      | 18/50 [00:01<00:02, 15.46it/s, Saved at =inf, TrLoss=0.2103]
 Training FV-otc-s3-t4:  36%|███▌      | 18/50 [00:01<00:02, 15.46it/s, Saved at =inf, TrLoss=0.1901]
 Training FV-otc-s3-t4:  40%|████      | 20/50 [00:01<00:01, 15.46it/s, Saved at =inf, TrLoss=0.1901]
 Training FV-otc-s3-t4:  40%|████      | 20/50 [00:01<00:01, 15.46it/s, Saved at =inf, TrLoss=0.1888]
 Training FV-otc-s3-t4:  40%|████      | 20/50 [00:01<00:01, 15.46it/s, Saved at =inf, TrLoss=0.1829]
 Training FV-otc-s3-t4:  44%|████▍     | 22/50 [00:01<00:01, 15.47it/s, Saved at =inf, TrLoss=0.1829]
 Training FV-otc-s3-t4:  44%|████▍     | 22/50 [00:01<00:01, 15.47it/s, Saved at =inf, TrLoss=0.1853]
 Training FV-otc-s3-t4:  44%|████▍     | 22/50 [00:01<00:01, 15.47it/s, Saved at =inf, TrLoss=0.1855]
 Training FV-otc-s3-t4:  48%|████▊     | 24/50 [00:01<00:01, 15.47it/s, Saved at =inf, TrLoss=0.1855]
 Training FV-otc-s3-t4:  48%|████▊     | 24/50 [00:01<00:01, 15.47it/s, Saved at =inf, TrLoss=0.1791]
 Training FV-otc-s3-t4:  48%|████▊     | 24/50 [00:01<00:01, 15.47it/s, Saved at =inf, TrLoss=0.1743]
 Training FV-otc-s3-t4:  52%|█████▏    | 26/50 [00:01<00:01, 15.47it/s, Saved at =inf, TrLoss=0.1743]
 Training FV-otc-s3-t4:  52%|█████▏    | 26/50 [00:01<00:01, 15.47it/s, Saved at =inf, TrLoss=0.1610]
 Training FV-otc-s3-t4:  52%|█████▏    | 26/50 [00:01<00:01, 15.47it/s, Saved at =inf, TrLoss=0.1701]
 Training FV-otc-s3-t4:  56%|█████▌    | 28/50 [00:01<00:01, 15.47it/s, Saved at =inf, TrLoss=0.1701]
 Training FV-otc-s3-t4:  56%|█████▌    | 28/50 [00:01<00:01, 15.47it/s, Saved at =inf, TrLoss=0.1674]
 Training FV-otc-s3-t4:  56%|█████▌    | 28/50 [00:01<00:01, 15.47it/s, Saved at =inf, TrLoss=0.1545]
 Training FV-otc-s3-t4:  60%|██████    | 30/50 [00:01<00:01, 15.47it/s, Saved at =inf, TrLoss=0.1545]
 Training FV-otc-s3-t4:  60%|██████    | 30/50 [00:01<00:01, 15.47it/s, Saved at =inf, TrLoss=0.1596]
 Training FV-otc-s3-t4:  60%|██████    | 30/50 [00:02<00:01, 15.47it/s, Saved at =inf, TrLoss=0.1678]
 Training FV-otc-s3-t4:  64%|██████▍   | 32/50 [00:02<00:01, 15.47it/s, Saved at =inf, TrLoss=0.1678]
 Training FV-otc-s3-t4:  64%|██████▍   | 32/50 [00:02<00:01, 15.47it/s, Saved at =inf, TrLoss=0.1534]
 Training FV-otc-s3-t4:  64%|██████▍   | 32/50 [00:02<00:01, 15.47it/s, Saved at =inf, TrLoss=0.1583]
 Training FV-otc-s3-t4:  68%|██████▊   | 34/50 [00:02<00:01, 15.47it/s, Saved at =inf, TrLoss=0.1583]
 Training FV-otc-s3-t4:  68%|██████▊   | 34/50 [00:02<00:01, 15.47it/s, Saved at =inf, TrLoss=0.1559]
 Training FV-otc-s3-t4:  68%|██████▊   | 34/50 [00:02<00:01, 15.47it/s, Saved at =inf, TrLoss=0.1496]
 Training FV-otc-s3-t4:  72%|███████▏  | 36/50 [00:02<00:00, 15.47it/s, Saved at =inf, TrLoss=0.1496]
 Training FV-otc-s3-t4:  72%|███████▏  | 36/50 [00:02<00:00, 15.47it/s, Saved at =inf, TrLoss=0.1507]
 Training FV-otc-s3-t4:  72%|███████▏  | 36/50 [00:02<00:00, 15.47it/s, Saved at =inf, TrLoss=0.1541]
 Training FV-otc-s3-t4:  76%|███████▌  | 38/50 [00:02<00:00, 15.47it/s, Saved at =inf, TrLoss=0.1541]
 Training FV-otc-s3-t4:  76%|███████▌  | 38/50 [00:02<00:00, 15.47it/s, Saved at =inf, TrLoss=0.1416]
 Training FV-otc-s3-t4:  76%|███████▌  | 38/50 [00:02<00:00, 15.47it/s, Saved at =inf, TrLoss=0.1499]
 Training FV-otc-s3-t4:  80%|████████  | 40/50 [00:02<00:00, 15.46it/s, Saved at =inf, TrLoss=0.1499]
 Training FV-otc-s3-t4:  80%|████████  | 40/50 [00:02<00:00, 15.46it/s, Saved at =inf, TrLoss=0.1472]
 Training FV-otc-s3-t4:  80%|████████  | 40/50 [00:02<00:00, 15.46it/s, Saved at =inf, TrLoss=0.1456]
 Training FV-otc-s3-t4:  84%|████████▍ | 42/50 [00:02<00:00, 15.46it/s, Saved at =inf, TrLoss=0.1456]
 Training FV-otc-s3-t4:  84%|████████▍ | 42/50 [00:02<00:00, 15.46it/s, Saved at =inf, TrLoss=0.1495]
 Training FV-otc-s3-t4:  84%|████████▍ | 42/50 [00:02<00:00, 15.46it/s, Saved at =inf, TrLoss=0.1422]
 Training FV-otc-s3-t4:  88%|████████▊ | 44/50 [00:02<00:00, 15.46it/s, Saved at =inf, TrLoss=0.1422]
 Training FV-otc-s3-t4:  88%|████████▊ | 44/50 [00:02<00:00, 15.46it/s, Saved at =inf, TrLoss=0.1487]
 Training FV-otc-s3-t4:  88%|████████▊ | 44/50 [00:02<00:00, 15.46it/s, Saved at =inf, TrLoss=0.1421]
 Training FV-otc-s3-t4:  92%|█████████▏| 46/50 [00:02<00:00, 15.46it/s, Saved at =inf, TrLoss=0.1421]
 Training FV-otc-s3-t4:  92%|█████████▏| 46/50 [00:03<00:00, 15.46it/s, Saved at =inf, TrLoss=0.1444]
 Training FV-otc-s3-t4:  92%|█████████▏| 46/50 [00:03<00:00, 15.46it/s, Saved at =inf, TrLoss=0.1413]
 Training FV-otc-s3-t4:  96%|█████████▌| 48/50 [00:03<00:00, 15.46it/s, Saved at =inf, TrLoss=0.1413]
 Training FV-otc-s3-t4:  96%|█████████▌| 48/50 [00:03<00:00, 15.46it/s, Saved at =inf, TrLoss=0.1515]
 Training FV-otc-s3-t4:  96%|█████████▌| 48/50 [00:03<00:00, 15.46it/s, Saved at =inf, TrLoss=0.1435]
 Training FV-otc-s3-t4: 100%|██████████| 50/50 [00:03<00:00, 15.46it/s, Saved at =inf, TrLoss=0.1435]
 Training FV-otc-s3-t4: 100%|██████████| 50/50 [00:03<00:00, 15.47it/s, Saved at =inf, TrLoss=0.1435]

 Training FV-otc-s3-t5:   0%|          | 0/50 [00:00<?, ?it/s]
 Training FV-otc-s3-t5:   0%|          | 0/50 [00:00<?, ?it/s, Saved at =inf, TrLoss=0.7378]
 Training FV-otc-s3-t5:   0%|          | 0/50 [00:00<?, ?it/s, Saved at =inf, TrLoss=0.8734]
 Training FV-otc-s3-t5:   4%|▍         | 2/50 [00:00<00:04, 11.94it/s, Saved at =inf, TrLoss=0.8734]
 Training FV-otc-s3-t5:   4%|▍         | 2/50 [00:00<00:04, 11.94it/s, Saved at =inf, TrLoss=0.5441]
 Training FV-otc-s3-t5:   4%|▍         | 2/50 [00:00<00:04, 11.94it/s, Saved at =inf, TrLoss=0.5321]
 Training FV-otc-s3-t5:   8%|▊         | 4/50 [00:00<00:03, 12.22it/s, Saved at =inf, TrLoss=0.5321]
 Training FV-otc-s3-t5:   8%|▊         | 4/50 [00:00<00:03, 12.22it/s, Saved at =inf, TrLoss=0.4604]
 Training FV-otc-s3-t5:   8%|▊         | 4/50 [00:00<00:03, 12.22it/s, Saved at =inf, TrLoss=0.4349]
 Training FV-otc-s3-t5:  12%|█▏        | 6/50 [00:00<00:03, 12.21it/s, Saved at =inf, TrLoss=0.4349]
 Training FV-otc-s3-t5:  12%|█▏        | 6/50 [00:00<00:03, 12.21it/s, Saved at =inf, TrLoss=0.4177]
 Training FV-otc-s3-t5:  12%|█▏        | 6/50 [00:00<00:03, 12.21it/s, Saved at =inf, TrLoss=0.3898]
 Training FV-otc-s3-t5:  16%|█▌        | 8/50 [00:00<00:03, 12.19it/s, Saved at =inf, TrLoss=0.3898]
 Training FV-otc-s3-t5:  16%|█▌        | 8/50 [00:00<00:03, 12.19it/s, Saved at =inf, TrLoss=0.3747]
 Training FV-otc-s3-t5:  16%|█▌        | 8/50 [00:00<00:03, 12.19it/s, Saved at =inf, TrLoss=0.3443]
 Training FV-otc-s3-t5:  20%|██        | 10/50 [00:00<00:03, 12.19it/s, Saved at =inf, TrLoss=0.3443]
 Training FV-otc-s3-t5:  20%|██        | 10/50 [00:00<00:03, 12.19it/s, Saved at =inf, TrLoss=0.3306]
 Training FV-otc-s3-t5:  20%|██        | 10/50 [00:00<00:03, 12.19it/s, Saved at =inf, TrLoss=0.2984]
 Training FV-otc-s3-t5:  24%|██▍       | 12/50 [00:00<00:03, 12.17it/s, Saved at =inf, TrLoss=0.2984]
 Training FV-otc-s3-t5:  24%|██▍       | 12/50 [00:01<00:03, 12.17it/s, Saved at =inf, TrLoss=0.3062]
 Training FV-otc-s3-t5:  24%|██▍       | 12/50 [00:01<00:03, 12.17it/s, Saved at =inf, TrLoss=0.2811]
 Training FV-otc-s3-t5:  28%|██▊       | 14/50 [00:01<00:02, 12.18it/s, Saved at =inf, TrLoss=0.2811]
 Training FV-otc-s3-t5:  28%|██▊       | 14/50 [00:01<00:02, 12.18it/s, Saved at =inf, TrLoss=0.2702]
 Training FV-otc-s3-t5:  28%|██▊       | 14/50 [00:01<00:02, 12.18it/s, Saved at =inf, TrLoss=0.2814]
 Training FV-otc-s3-t5:  32%|███▏      | 16/50 [00:01<00:02, 12.18it/s, Saved at =inf, TrLoss=0.2814]
 Training FV-otc-s3-t5:  32%|███▏      | 16/50 [00:01<00:02, 12.18it/s, Saved at =inf, TrLoss=0.2734]
 Training FV-otc-s3-t5:  32%|███▏      | 16/50 [00:01<00:02, 12.18it/s, Saved at =inf, TrLoss=0.2628]
 Training FV-otc-s3-t5:  36%|███▌      | 18/50 [00:01<00:02, 12.18it/s, Saved at =inf, TrLoss=0.2628]
 Training FV-otc-s3-t5:  36%|███▌      | 18/50 [00:01<00:02, 12.18it/s, Saved at =inf, TrLoss=0.2629]
 Training FV-otc-s3-t5:  36%|███▌      | 18/50 [00:01<00:02, 12.18it/s, Saved at =inf, TrLoss=0.2532]
 Training FV-otc-s3-t5:  40%|████      | 20/50 [00:01<00:02, 12.18it/s, Saved at =inf, TrLoss=0.2532]
 Training FV-otc-s3-t5:  40%|████      | 20/50 [00:01<00:02, 12.18it/s, Saved at =inf, TrLoss=0.2548]
 Training FV-otc-s3-t5:  40%|████      | 20/50 [00:01<00:02, 12.18it/s, Saved at =inf, TrLoss=0.2573]
 Training FV-otc-s3-t5:  44%|████▍     | 22/50 [00:01<00:02, 12.10it/s, Saved at =inf, TrLoss=0.2573]
 Training FV-otc-s3-t5:  44%|████▍     | 22/50 [00:01<00:02, 12.10it/s, Saved at =inf, TrLoss=0.2420]
 Training FV-otc-s3-t5:  44%|████▍     | 22/50 [00:01<00:02, 12.10it/s, Saved at =inf, TrLoss=0.2374]
 Training FV-otc-s3-t5:  48%|████▊     | 24/50 [00:01<00:02, 12.13it/s, Saved at =inf, TrLoss=0.2374]
 Training FV-otc-s3-t5:  48%|████▊     | 24/50 [00:02<00:02, 12.13it/s, Saved at =inf, TrLoss=0.2410]
 Training FV-otc-s3-t5:  48%|████▊     | 24/50 [00:02<00:02, 12.13it/s, Saved at =inf, TrLoss=0.2268]
 Training FV-otc-s3-t5:  52%|█████▏    | 26/50 [00:02<00:01, 12.15it/s, Saved at =inf, TrLoss=0.2268]
 Training FV-otc-s3-t5:  52%|█████▏    | 26/50 [00:02<00:01, 12.15it/s, Saved at =inf, TrLoss=0.2265]
 Training FV-otc-s3-t5:  52%|█████▏    | 26/50 [00:02<00:01, 12.15it/s, Saved at =inf, TrLoss=0.2305]
 Training FV-otc-s3-t5:  56%|█████▌    | 28/50 [00:02<00:01, 12.16it/s, Saved at =inf, TrLoss=0.2305]
 Training FV-otc-s3-t5:  56%|█████▌    | 28/50 [00:02<00:01, 12.16it/s, Saved at =inf, TrLoss=0.2103]
 Training FV-otc-s3-t5:  56%|█████▌    | 28/50 [00:02<00:01, 12.16it/s, Saved at =inf, TrLoss=0.2240]
 Training FV-otc-s3-t5:  60%|██████    | 30/50 [00:02<00:01, 12.16it/s, Saved at =inf, TrLoss=0.2240]
 Training FV-otc-s3-t5:  60%|██████    | 30/50 [00:02<00:01, 12.16it/s, Saved at =inf, TrLoss=0.2163]
 Training FV-otc-s3-t5:  60%|██████    | 30/50 [00:02<00:01, 12.16it/s, Saved at =inf, TrLoss=0.2043]
 Training FV-otc-s3-t5:  64%|██████▍   | 32/50 [00:02<00:01, 12.15it/s, Saved at =inf, TrLoss=0.2043]
 Training FV-otc-s3-t5:  64%|██████▍   | 32/50 [00:02<00:01, 12.15it/s, Saved at =inf, TrLoss=0.2064]
 Training FV-otc-s3-t5:  64%|██████▍   | 32/50 [00:02<00:01, 12.15it/s, Saved at =inf, TrLoss=0.2046]
 Training FV-otc-s3-t5:  68%|██████▊   | 34/50 [00:02<00:01, 12.16it/s, Saved at =inf, TrLoss=0.2046]
 Training FV-otc-s3-t5:  68%|██████▊   | 34/50 [00:02<00:01, 12.16it/s, Saved at =inf, TrLoss=0.2024]
 Training FV-otc-s3-t5:  68%|██████▊   | 34/50 [00:02<00:01, 12.16it/s, Saved at =inf, TrLoss=0.1901]
 Training FV-otc-s3-t5:  72%|███████▏  | 36/50 [00:02<00:01, 12.16it/s, Saved at =inf, TrLoss=0.1901]
 Training FV-otc-s3-t5:  72%|███████▏  | 36/50 [00:03<00:01, 12.16it/s, Saved at =inf, TrLoss=0.1963]
 Training FV-otc-s3-t5:  72%|███████▏  | 36/50 [00:03<00:01, 12.16it/s, Saved at =inf, TrLoss=0.1943]
 Training FV-otc-s3-t5:  76%|███████▌  | 38/50 [00:03<00:00, 12.17it/s, Saved at =inf, TrLoss=0.1943]
 Training FV-otc-s3-t5:  76%|███████▌  | 38/50 [00:03<00:00, 12.17it/s, Saved at =inf, TrLoss=0.1883]
 Training FV-otc-s3-t5:  76%|███████▌  | 38/50 [00:03<00:00, 12.17it/s, Saved at =inf, TrLoss=0.1885]
 Training FV-otc-s3-t5:  80%|████████  | 40/50 [00:03<00:00, 12.17it/s, Saved at =inf, TrLoss=0.1885]
 Training FV-otc-s3-t5:  80%|████████  | 40/50 [00:03<00:00, 12.17it/s, Saved at =inf, TrLoss=0.1853]
 Training FV-otc-s3-t5:  80%|████████  | 40/50 [00:03<00:00, 12.17it/s, Saved at =inf, TrLoss=0.1827]
 Training FV-otc-s3-t5:  84%|████████▍ | 42/50 [00:03<00:00, 12.17it/s, Saved at =inf, TrLoss=0.1827]
 Training FV-otc-s3-t5:  84%|████████▍ | 42/50 [00:03<00:00, 12.17it/s, Saved at =inf, TrLoss=0.1860]
 Training FV-otc-s3-t5:  84%|████████▍ | 42/50 [00:03<00:00, 12.17it/s, Saved at =inf, TrLoss=0.1791]
 Training FV-otc-s3-t5:  88%|████████▊ | 44/50 [00:03<00:00, 12.18it/s, Saved at =inf, TrLoss=0.1791]
 Training FV-otc-s3-t5:  88%|████████▊ | 44/50 [00:03<00:00, 12.18it/s, Saved at =inf, TrLoss=0.1803]
 Training FV-otc-s3-t5:  88%|████████▊ | 44/50 [00:03<00:00, 12.18it/s, Saved at =inf, TrLoss=0.1764]
 Training FV-otc-s3-t5:  92%|█████████▏| 46/50 [00:03<00:00, 12.18it/s, Saved at =inf, TrLoss=0.1764]
 Training FV-otc-s3-t5:  92%|█████████▏| 46/50 [00:03<00:00, 12.18it/s, Saved at =inf, TrLoss=0.1809]
 Training FV-otc-s3-t5:  92%|█████████▏| 46/50 [00:03<00:00, 12.18it/s, Saved at =inf, TrLoss=0.1788]
 Training FV-otc-s3-t5:  96%|█████████▌| 48/50 [00:03<00:00, 12.17it/s, Saved at =inf, TrLoss=0.1788]
 Training FV-otc-s3-t5:  96%|█████████▌| 48/50 [00:03<00:00, 12.17it/s, Saved at =inf, TrLoss=0.1711]
 Training FV-otc-s3-t5:  96%|█████████▌| 48/50 [00:04<00:00, 12.17it/s, Saved at =inf, TrLoss=0.1699]
 Training FV-otc-s3-t5: 100%|██████████| 50/50 [00:04<00:00, 12.12it/s, Saved at =inf, TrLoss=0.1699]
 Training FV-otc-s3-t5: 100%|██████████| 50/50 [00:04<00:00, 12.16it/s, Saved at =inf, TrLoss=0.1699]

 Training FV-otc-s3-t6:   0%|          | 0/50 [00:00<?, ?it/s]
 Training FV-otc-s3-t6:   0%|          | 0/50 [00:00<?, ?it/s, Saved at =inf, TrLoss=0.6962]
 Training FV-otc-s3-t6:   0%|          | 0/50 [00:00<?, ?it/s, Saved at =inf, TrLoss=0.5905]
 Training FV-otc-s3-t6:   4%|▍         | 2/50 [00:00<00:04, 10.59it/s, Saved at =inf, TrLoss=0.5905]
 Training FV-otc-s3-t6:   4%|▍         | 2/50 [00:00<00:04, 10.59it/s, Saved at =inf, TrLoss=0.4984]
 Training FV-otc-s3-t6:   4%|▍         | 2/50 [00:00<00:04, 10.59it/s, Saved at =inf, TrLoss=0.4327]
 Training FV-otc-s3-t6:   8%|▊         | 4/50 [00:00<00:04, 10.70it/s, Saved at =inf, TrLoss=0.4327]
 Training FV-otc-s3-t6:   8%|▊         | 4/50 [00:00<00:04, 10.70it/s, Saved at =inf, TrLoss=0.4235]
 Training FV-otc-s3-t6:   8%|▊         | 4/50 [00:00<00:04, 10.70it/s, Saved at =inf, TrLoss=0.4097]
 Training FV-otc-s3-t6:  12%|█▏        | 6/50 [00:00<00:04, 10.74it/s, Saved at =inf, TrLoss=0.4097]
 Training FV-otc-s3-t6:  12%|█▏        | 6/50 [00:00<00:04, 10.74it/s, Saved at =inf, TrLoss=0.3973]
 Training FV-otc-s3-t6:  12%|█▏        | 6/50 [00:00<00:04, 10.74it/s, Saved at =inf, TrLoss=0.3572]
 Training FV-otc-s3-t6:  16%|█▌        | 8/50 [00:00<00:03, 10.76it/s, Saved at =inf, TrLoss=0.3572]
 Training FV-otc-s3-t6:  16%|█▌        | 8/50 [00:00<00:03, 10.76it/s, Saved at =inf, TrLoss=0.3253]
 Training FV-otc-s3-t6:  16%|█▌        | 8/50 [00:00<00:03, 10.76it/s, Saved at =inf, TrLoss=0.3043]
 Training FV-otc-s3-t6:  20%|██        | 10/50 [00:00<00:03, 10.77it/s, Saved at =inf, TrLoss=0.3043]
 Training FV-otc-s3-t6:  20%|██        | 10/50 [00:00<00:03, 10.77it/s, Saved at =inf, TrLoss=0.2843]
 Training FV-otc-s3-t6:  20%|██        | 10/50 [00:01<00:03, 10.77it/s, Saved at =inf, TrLoss=0.2702]
 Training FV-otc-s3-t6:  24%|██▍       | 12/50 [00:01<00:03, 10.78it/s, Saved at =inf, TrLoss=0.2702]
 Training FV-otc-s3-t6:  24%|██▍       | 12/50 [00:01<00:03, 10.78it/s, Saved at =inf, TrLoss=0.2847]
 Training FV-otc-s3-t6:  24%|██▍       | 12/50 [00:01<00:03, 10.78it/s, Saved at =inf, TrLoss=0.3014]
 Training FV-otc-s3-t6:  28%|██▊       | 14/50 [00:01<00:03, 10.78it/s, Saved at =inf, TrLoss=0.3014]
 Training FV-otc-s3-t6:  28%|██▊       | 14/50 [00:01<00:03, 10.78it/s, Saved at =inf, TrLoss=0.2728]
 Training FV-otc-s3-t6:  28%|██▊       | 14/50 [00:01<00:03, 10.78it/s, Saved at =inf, TrLoss=0.2593]
 Training FV-otc-s3-t6:  32%|███▏      | 16/50 [00:01<00:03, 10.79it/s, Saved at =inf, TrLoss=0.2593]
 Training FV-otc-s3-t6:  32%|███▏      | 16/50 [00:01<00:03, 10.79it/s, Saved at =inf, TrLoss=0.2594]
 Training FV-otc-s3-t6:  32%|███▏      | 16/50 [00:01<00:03, 10.79it/s, Saved at =inf, TrLoss=0.2405]
 Training FV-otc-s3-t6:  36%|███▌      | 18/50 [00:01<00:02, 10.79it/s, Saved at =inf, TrLoss=0.2405]
 Training FV-otc-s3-t6:  36%|███▌      | 18/50 [00:01<00:02, 10.79it/s, Saved at =inf, TrLoss=0.2543]
 Training FV-otc-s3-t6:  36%|███▌      | 18/50 [00:01<00:02, 10.79it/s, Saved at =inf, TrLoss=0.2401]
 Training FV-otc-s3-t6:  40%|████      | 20/50 [00:01<00:02, 10.79it/s, Saved at =inf, TrLoss=0.2401]
 Training FV-otc-s3-t6:  40%|████      | 20/50 [00:01<00:02, 10.79it/s, Saved at =inf, TrLoss=0.2376]
 Training FV-otc-s3-t6:  40%|████      | 20/50 [00:02<00:02, 10.79it/s, Saved at =inf, TrLoss=0.2428]
 Training FV-otc-s3-t6:  44%|████▍     | 22/50 [00:02<00:02, 10.77it/s, Saved at =inf, TrLoss=0.2428]
 Training FV-otc-s3-t6:  44%|████▍     | 22/50 [00:02<00:02, 10.77it/s, Saved at =inf, TrLoss=0.2326]
 Training FV-otc-s3-t6:  44%|████▍     | 22/50 [00:02<00:02, 10.77it/s, Saved at =inf, TrLoss=0.2243]
 Training FV-otc-s3-t6:  48%|████▊     | 24/50 [00:02<00:02, 10.78it/s, Saved at =inf, TrLoss=0.2243]
 Training FV-otc-s3-t6:  48%|████▊     | 24/50 [00:02<00:02, 10.78it/s, Saved at =inf, TrLoss=0.2234]
 Training FV-otc-s3-t6:  48%|████▊     | 24/50 [00:02<00:02, 10.78it/s, Saved at =inf, TrLoss=0.2211]
 Training FV-otc-s3-t6:  52%|█████▏    | 26/50 [00:02<00:02, 10.78it/s, Saved at =inf, TrLoss=0.2211]
 Training FV-otc-s3-t6:  52%|█████▏    | 26/50 [00:02<00:02, 10.78it/s, Saved at =inf, TrLoss=0.2186]
 Training FV-otc-s3-t6:  52%|█████▏    | 26/50 [00:02<00:02, 10.78it/s, Saved at =inf, TrLoss=0.2192]
 Training FV-otc-s3-t6:  56%|█████▌    | 28/50 [00:02<00:02, 10.79it/s, Saved at =inf, TrLoss=0.2192]
 Training FV-otc-s3-t6:  56%|█████▌    | 28/50 [00:02<00:02, 10.79it/s, Saved at =inf, TrLoss=0.2118]
 Training FV-otc-s3-t6:  56%|█████▌    | 28/50 [00:02<00:02, 10.79it/s, Saved at =inf, TrLoss=0.2170]
 Training FV-otc-s3-t6:  60%|██████    | 30/50 [00:02<00:01, 10.78it/s, Saved at =inf, TrLoss=0.2170]
 Training FV-otc-s3-t6:  60%|██████    | 30/50 [00:02<00:01, 10.78it/s, Saved at =inf, TrLoss=0.2098]
 Training FV-otc-s3-t6:  60%|██████    | 30/50 [00:02<00:01, 10.78it/s, Saved at =inf, TrLoss=0.2078]
 Training FV-otc-s3-t6:  64%|██████▍   | 32/50 [00:02<00:01, 10.79it/s, Saved at =inf, TrLoss=0.2078]
 Training FV-otc-s3-t6:  64%|██████▍   | 32/50 [00:03<00:01, 10.79it/s, Saved at =inf, TrLoss=0.2049]
 Training FV-otc-s3-t6:  64%|██████▍   | 32/50 [00:03<00:01, 10.79it/s, Saved at =inf, TrLoss=0.2045]
 Training FV-otc-s3-t6:  68%|██████▊   | 34/50 [00:03<00:01, 10.79it/s, Saved at =inf, TrLoss=0.2045]
 Training FV-otc-s3-t6:  68%|██████▊   | 34/50 [00:03<00:01, 10.79it/s, Saved at =inf, TrLoss=0.2085]
 Training FV-otc-s3-t6:  68%|██████▊   | 34/50 [00:03<00:01, 10.79it/s, Saved at =inf, TrLoss=0.1995]
 Training FV-otc-s3-t6:  72%|███████▏  | 36/50 [00:03<00:01, 10.79it/s, Saved at =inf, TrLoss=0.1995]
 Training FV-otc-s3-t6:  72%|███████▏  | 36/50 [00:03<00:01, 10.79it/s, Saved at =inf, TrLoss=0.2037]
 Training FV-otc-s3-t6:  72%|███████▏  | 36/50 [00:03<00:01, 10.79it/s, Saved at =inf, TrLoss=0.1996]
 Training FV-otc-s3-t6:  76%|███████▌  | 38/50 [00:03<00:01, 10.79it/s, Saved at =inf, TrLoss=0.1996]
 Training FV-otc-s3-t6:  76%|███████▌  | 38/50 [00:03<00:01, 10.79it/s, Saved at =inf, TrLoss=0.2005]
 Training FV-otc-s3-t6:  76%|███████▌  | 38/50 [00:03<00:01, 10.79it/s, Saved at =inf, TrLoss=0.1988]
 Training FV-otc-s3-t6:  80%|████████  | 40/50 [00:03<00:00, 10.79it/s, Saved at =inf, TrLoss=0.1988]
 Training FV-otc-s3-t6:  80%|████████  | 40/50 [00:03<00:00, 10.79it/s, Saved at =inf, TrLoss=0.1893]
 Training FV-otc-s3-t6:  80%|████████  | 40/50 [00:03<00:00, 10.79it/s, Saved at =inf, TrLoss=0.1943]
 Training FV-otc-s3-t6:  84%|████████▍ | 42/50 [00:03<00:00, 10.79it/s, Saved at =inf, TrLoss=0.1943]
 Training FV-otc-s3-t6:  84%|████████▍ | 42/50 [00:03<00:00, 10.79it/s, Saved at =inf, TrLoss=0.1866]
 Training FV-otc-s3-t6:  84%|████████▍ | 42/50 [00:04<00:00, 10.79it/s, Saved at =inf, TrLoss=0.1884]
 Training FV-otc-s3-t6:  88%|████████▊ | 44/50 [00:04<00:00, 10.77it/s, Saved at =inf, TrLoss=0.1884]
 Training FV-otc-s3-t6:  88%|████████▊ | 44/50 [00:04<00:00, 10.77it/s, Saved at =inf, TrLoss=0.1852]
 Training FV-otc-s3-t6:  88%|████████▊ | 44/50 [00:04<00:00, 10.77it/s, Saved at =inf, TrLoss=0.1841]
 Training FV-otc-s3-t6:  92%|█████████▏| 46/50 [00:04<00:00, 10.78it/s, Saved at =inf, TrLoss=0.1841]
 Training FV-otc-s3-t6:  92%|█████████▏| 46/50 [00:04<00:00, 10.78it/s, Saved at =inf, TrLoss=0.1912]
 Training FV-otc-s3-t6:  92%|█████████▏| 46/50 [00:04<00:00, 10.78it/s, Saved at =inf, TrLoss=0.1807]
 Training FV-otc-s3-t6:  96%|█████████▌| 48/50 [00:04<00:00, 10.78it/s, Saved at =inf, TrLoss=0.1807]
 Training FV-otc-s3-t6:  96%|█████████▌| 48/50 [00:04<00:00, 10.78it/s, Saved at =inf, TrLoss=0.1871]
 Training FV-otc-s3-t6:  96%|█████████▌| 48/50 [00:04<00:00, 10.78it/s, Saved at =inf, TrLoss=0.1790]
 Training FV-otc-s3-t6: 100%|██████████| 50/50 [00:04<00:00, 10.78it/s, Saved at =inf, TrLoss=0.1790]
 Training FV-otc-s3-t6: 100%|██████████| 50/50 [00:04<00:00, 10.78it/s, Saved at =inf, TrLoss=0.1790]

 Training FV-otc-s3-t7:   0%|          | 0/50 [00:00<?, ?it/s]
 Training FV-otc-s3-t7:   0%|          | 0/50 [00:00<?, ?it/s, Saved at =inf, TrLoss=0.6894]
 Training FV-otc-s3-t7:   2%|▏         | 1/50 [00:00<00:05,  8.52it/s, Saved at =inf, TrLoss=0.6894]
 Training FV-otc-s3-t7:   2%|▏         | 1/50 [00:00<00:05,  8.52it/s, Saved at =inf, TrLoss=0.6593]
 Training FV-otc-s3-t7:   4%|▍         | 2/50 [00:00<00:05,  8.81it/s, Saved at =inf, TrLoss=0.6593]
 Training FV-otc-s3-t7:   4%|▍         | 2/50 [00:00<00:05,  8.81it/s, Saved at =inf, TrLoss=0.6793]
 Training FV-otc-s3-t7:   6%|▌         | 3/50 [00:00<00:05,  8.91it/s, Saved at =inf, TrLoss=0.6793]
 Training FV-otc-s3-t7:   6%|▌         | 3/50 [00:00<00:05,  8.91it/s, Saved at =inf, TrLoss=0.5581]
 Training FV-otc-s3-t7:   8%|▊         | 4/50 [00:00<00:05,  8.61it/s, Saved at =inf, TrLoss=0.5581]
 Training FV-otc-s3-t7:   8%|▊         | 4/50 [00:00<00:05,  8.61it/s, Saved at =inf, TrLoss=0.4691]
 Training FV-otc-s3-t7:  10%|█         | 5/50 [00:00<00:05,  8.07it/s, Saved at =inf, TrLoss=0.4691]
 Training FV-otc-s3-t7:  10%|█         | 5/50 [00:00<00:05,  8.07it/s, Saved at =inf, TrLoss=0.5048]
 Training FV-otc-s3-t7:  12%|█▏        | 6/50 [00:00<00:05,  8.25it/s, Saved at =inf, TrLoss=0.5048]
 Training FV-otc-s3-t7:  12%|█▏        | 6/50 [00:00<00:05,  8.25it/s, Saved at =inf, TrLoss=0.4910]
 Training FV-otc-s3-t7:  14%|█▍        | 7/50 [00:00<00:05,  8.57it/s, Saved at =inf, TrLoss=0.4910]
 Training FV-otc-s3-t7:  14%|█▍        | 7/50 [00:00<00:05,  8.57it/s, Saved at =inf, TrLoss=0.4054]
 Training FV-otc-s3-t7:  16%|█▌        | 8/50 [00:00<00:04,  8.80it/s, Saved at =inf, TrLoss=0.4054]
 Training FV-otc-s3-t7:  16%|█▌        | 8/50 [00:01<00:04,  8.80it/s, Saved at =inf, TrLoss=0.3655]
 Training FV-otc-s3-t7:  18%|█▊        | 9/50 [00:01<00:04,  8.96it/s, Saved at =inf, TrLoss=0.3655]
 Training FV-otc-s3-t7:  18%|█▊        | 9/50 [00:01<00:04,  8.96it/s, Saved at =inf, TrLoss=0.3788]
 Training FV-otc-s3-t7:  20%|██        | 10/50 [00:01<00:04,  9.07it/s, Saved at =inf, TrLoss=0.3788]
 Training FV-otc-s3-t7:  20%|██        | 10/50 [00:01<00:04,  9.07it/s, Saved at =inf, TrLoss=0.3430]
 Training FV-otc-s3-t7:  22%|██▏       | 11/50 [00:01<00:04,  9.15it/s, Saved at =inf, TrLoss=0.3430]
 Training FV-otc-s3-t7:  22%|██▏       | 11/50 [00:01<00:04,  9.15it/s, Saved at =inf, TrLoss=0.3530]
 Training FV-otc-s3-t7:  24%|██▍       | 12/50 [00:01<00:04,  9.20it/s, Saved at =inf, TrLoss=0.3530]
 Training FV-otc-s3-t7:  24%|██▍       | 12/50 [00:01<00:04,  9.20it/s, Saved at =inf, TrLoss=0.3435]
 Training FV-otc-s3-t7:  26%|██▌       | 13/50 [00:01<00:04,  9.17it/s, Saved at =inf, TrLoss=0.3435]
 Training FV-otc-s3-t7:  26%|██▌       | 13/50 [00:01<00:04,  9.17it/s, Saved at =inf, TrLoss=0.3108]
 Training FV-otc-s3-t7:  28%|██▊       | 14/50 [00:01<00:03,  9.18it/s, Saved at =inf, TrLoss=0.3108]
 Training FV-otc-s3-t7:  28%|██▊       | 14/50 [00:01<00:03,  9.18it/s, Saved at =inf, TrLoss=0.3025]
 Training FV-otc-s3-t7:  30%|███       | 15/50 [00:01<00:03,  9.22it/s, Saved at =inf, TrLoss=0.3025]
 Training FV-otc-s3-t7:  30%|███       | 15/50 [00:01<00:03,  9.22it/s, Saved at =inf, TrLoss=0.2961]
 Training FV-otc-s3-t7:  32%|███▏      | 16/50 [00:01<00:03,  9.25it/s, Saved at =inf, TrLoss=0.2961]
 Training FV-otc-s3-t7:  32%|███▏      | 16/50 [00:01<00:03,  9.25it/s, Saved at =inf, TrLoss=0.2880]
 Training FV-otc-s3-t7:  34%|███▍      | 17/50 [00:01<00:03,  9.27it/s, Saved at =inf, TrLoss=0.2880]
 Training FV-otc-s3-t7:  34%|███▍      | 17/50 [00:01<00:03,  9.27it/s, Saved at =inf, TrLoss=0.2832]
 Training FV-otc-s3-t7:  36%|███▌      | 18/50 [00:02<00:03,  9.28it/s, Saved at =inf, TrLoss=0.2832]
 Training FV-otc-s3-t7:  36%|███▌      | 18/50 [00:02<00:03,  9.28it/s, Saved at =inf, TrLoss=0.2840]
 Training FV-otc-s3-t7:  38%|███▊      | 19/50 [00:02<00:03,  9.30it/s, Saved at =inf, TrLoss=0.2840]
 Training FV-otc-s3-t7:  38%|███▊      | 19/50 [00:02<00:03,  9.30it/s, Saved at =inf, TrLoss=0.2722]
 Training FV-otc-s3-t7:  40%|████      | 20/50 [00:02<00:03,  9.30it/s, Saved at =inf, TrLoss=0.2722]
 Training FV-otc-s3-t7:  40%|████      | 20/50 [00:02<00:03,  9.30it/s, Saved at =inf, TrLoss=0.2772]
 Training FV-otc-s3-t7:  42%|████▏     | 21/50 [00:02<00:03,  9.31it/s, Saved at =inf, TrLoss=0.2772]
 Training FV-otc-s3-t7:  42%|████▏     | 21/50 [00:02<00:03,  9.31it/s, Saved at =inf, TrLoss=0.2685]
 Training FV-otc-s3-t7:  44%|████▍     | 22/50 [00:02<00:03,  8.87it/s, Saved at =inf, TrLoss=0.2685]
 Training FV-otc-s3-t7:  44%|████▍     | 22/50 [00:02<00:03,  8.87it/s, Saved at =inf, TrLoss=0.2602]
 Training FV-otc-s3-t7:  46%|████▌     | 23/50 [00:02<00:03,  8.37it/s, Saved at =inf, TrLoss=0.2602]
 Training FV-otc-s3-t7:  46%|████▌     | 23/50 [00:02<00:03,  8.37it/s, Saved at =inf, TrLoss=0.2494]
 Training FV-otc-s3-t7:  48%|████▊     | 24/50 [00:02<00:03,  7.69it/s, Saved at =inf, TrLoss=0.2494]
 Training FV-otc-s3-t7:  48%|████▊     | 24/50 [00:02<00:03,  7.69it/s, Saved at =inf, TrLoss=0.2472]
 Training FV-otc-s3-t7:  50%|█████     | 25/50 [00:02<00:03,  7.52it/s, Saved at =inf, TrLoss=0.2472]
 Training FV-otc-s3-t7:  50%|█████     | 25/50 [00:02<00:03,  7.52it/s, Saved at =inf, TrLoss=0.2413]
 Training FV-otc-s3-t7:  52%|█████▏    | 26/50 [00:03<00:03,  7.46it/s, Saved at =inf, TrLoss=0.2413]
 Training FV-otc-s3-t7:  52%|█████▏    | 26/50 [00:03<00:03,  7.46it/s, Saved at =inf, TrLoss=0.2396]
 Training FV-otc-s3-t7:  54%|█████▍    | 27/50 [00:03<00:03,  7.25it/s, Saved at =inf, TrLoss=0.2396]
 Training FV-otc-s3-t7:  54%|█████▍    | 27/50 [00:03<00:03,  7.25it/s, Saved at =inf, TrLoss=0.2362]
 Training FV-otc-s3-t7:  56%|█████▌    | 28/50 [00:03<00:03,  7.28it/s, Saved at =inf, TrLoss=0.2362]
 Training FV-otc-s3-t7:  56%|█████▌    | 28/50 [00:03<00:03,  7.28it/s, Saved at =inf, TrLoss=0.2319]
 Training FV-otc-s3-t7:  58%|█████▊    | 29/50 [00:03<00:02,  7.21it/s, Saved at =inf, TrLoss=0.2319]
 Training FV-otc-s3-t7:  58%|█████▊    | 29/50 [00:03<00:02,  7.21it/s, Saved at =inf, TrLoss=0.2271]
 Training FV-otc-s3-t7:  60%|██████    | 30/50 [00:03<00:02,  7.27it/s, Saved at =inf, TrLoss=0.2271]
 Training FV-otc-s3-t7:  60%|██████    | 30/50 [00:03<00:02,  7.27it/s, Saved at =inf, TrLoss=0.2272]
 Training FV-otc-s3-t7:  62%|██████▏   | 31/50 [00:03<00:02,  7.57it/s, Saved at =inf, TrLoss=0.2272]
 Training FV-otc-s3-t7:  62%|██████▏   | 31/50 [00:03<00:02,  7.57it/s, Saved at =inf, TrLoss=0.2256]
 Training FV-otc-s3-t7:  64%|██████▍   | 32/50 [00:03<00:02,  7.97it/s, Saved at =inf, TrLoss=0.2256]
 Training FV-otc-s3-t7:  64%|██████▍   | 32/50 [00:03<00:02,  7.97it/s, Saved at =inf, TrLoss=0.2195]
 Training FV-otc-s3-t7:  66%|██████▌   | 33/50 [00:03<00:02,  7.96it/s, Saved at =inf, TrLoss=0.2195]
 Training FV-otc-s3-t7:  66%|██████▌   | 33/50 [00:04<00:02,  7.96it/s, Saved at =inf, TrLoss=0.2214]
 Training FV-otc-s3-t7:  68%|██████▊   | 34/50 [00:04<00:02,  7.77it/s, Saved at =inf, TrLoss=0.2214]
 Training FV-otc-s3-t7:  68%|██████▊   | 34/50 [00:04<00:02,  7.77it/s, Saved at =inf, TrLoss=0.2240]
 Training FV-otc-s3-t7:  70%|███████   | 35/50 [00:04<00:01,  7.66it/s, Saved at =inf, TrLoss=0.2240]
 Training FV-otc-s3-t7:  70%|███████   | 35/50 [00:04<00:01,  7.66it/s, Saved at =inf, TrLoss=0.2122]
 Training FV-otc-s3-t7:  72%|███████▏  | 36/50 [00:04<00:01,  7.86it/s, Saved at =inf, TrLoss=0.2122]
 Training FV-otc-s3-t7:  72%|███████▏  | 36/50 [00:04<00:01,  7.86it/s, Saved at =inf, TrLoss=0.2112]
 Training FV-otc-s3-t7:  74%|███████▍  | 37/50 [00:04<00:01,  8.23it/s, Saved at =inf, TrLoss=0.2112]
 Training FV-otc-s3-t7:  74%|███████▍  | 37/50 [00:04<00:01,  8.23it/s, Saved at =inf, TrLoss=0.2082]
 Training FV-otc-s3-t7:  76%|███████▌  | 38/50 [00:04<00:01,  8.52it/s, Saved at =inf, TrLoss=0.2082]
 Training FV-otc-s3-t7:  76%|███████▌  | 38/50 [00:04<00:01,  8.52it/s, Saved at =inf, TrLoss=0.2048]
 Training FV-otc-s3-t7:  78%|███████▊  | 39/50 [00:04<00:01,  8.75it/s, Saved at =inf, TrLoss=0.2048]
 Training FV-otc-s3-t7:  78%|███████▊  | 39/50 [00:04<00:01,  8.75it/s, Saved at =inf, TrLoss=0.2074]
 Training FV-otc-s3-t7:  80%|████████  | 40/50 [00:04<00:01,  8.91it/s, Saved at =inf, TrLoss=0.2074]
 Training FV-otc-s3-t7:  80%|████████  | 40/50 [00:04<00:01,  8.91it/s, Saved at =inf, TrLoss=0.1979]
 Training FV-otc-s3-t7:  82%|████████▏ | 41/50 [00:04<00:00,  9.03it/s, Saved at =inf, TrLoss=0.1979]
 Training FV-otc-s3-t7:  82%|████████▏ | 41/50 [00:04<00:00,  9.03it/s, Saved at =inf, TrLoss=0.2000]
 Training FV-otc-s3-t7:  84%|████████▍ | 42/50 [00:04<00:00,  9.11it/s, Saved at =inf, TrLoss=0.2000]
 Training FV-otc-s3-t7:  84%|████████▍ | 42/50 [00:05<00:00,  9.11it/s, Saved at =inf, TrLoss=0.1945]
 Training FV-otc-s3-t7:  86%|████████▌ | 43/50 [00:05<00:00,  9.17it/s, Saved at =inf, TrLoss=0.1945]
 Training FV-otc-s3-t7:  86%|████████▌ | 43/50 [00:05<00:00,  9.17it/s, Saved at =inf, TrLoss=0.2030]
 Training FV-otc-s3-t7:  88%|████████▊ | 44/50 [00:05<00:00,  9.21it/s, Saved at =inf, TrLoss=0.2030]
 Training FV-otc-s3-t7:  88%|████████▊ | 44/50 [00:05<00:00,  9.21it/s, Saved at =inf, TrLoss=0.1981]
 Training FV-otc-s3-t7:  90%|█████████ | 45/50 [00:05<00:00,  9.24it/s, Saved at =inf, TrLoss=0.1981]
 Training FV-otc-s3-t7:  90%|█████████ | 45/50 [00:05<00:00,  9.24it/s, Saved at =inf, TrLoss=0.2014]
 Training FV-otc-s3-t7:  92%|█████████▏| 46/50 [00:05<00:00,  9.27it/s, Saved at =inf, TrLoss=0.2014]
 Training FV-otc-s3-t7:  92%|█████████▏| 46/50 [00:05<00:00,  9.27it/s, Saved at =inf, TrLoss=0.1984]
 Training FV-otc-s3-t7:  94%|█████████▍| 47/50 [00:05<00:00,  9.28it/s, Saved at =inf, TrLoss=0.1984]
 Training FV-otc-s3-t7:  94%|█████████▍| 47/50 [00:05<00:00,  9.28it/s, Saved at =inf, TrLoss=0.1941]
 Training FV-otc-s3-t7:  96%|█████████▌| 48/50 [00:05<00:00,  9.29it/s, Saved at =inf, TrLoss=0.1941]
 Training FV-otc-s3-t7:  96%|█████████▌| 48/50 [00:05<00:00,  9.29it/s, Saved at =inf, TrLoss=0.1986]
 Training FV-otc-s3-t7:  98%|█████████▊| 49/50 [00:05<00:00,  9.30it/s, Saved at =inf, TrLoss=0.1986]
 Training FV-otc-s3-t7:  98%|█████████▊| 49/50 [00:05<00:00,  9.30it/s, Saved at =inf, TrLoss=0.1824]
 Training FV-otc-s3-t7: 100%|██████████| 50/50 [00:05<00:00,  9.29it/s, Saved at =inf, TrLoss=0.1824]
 Training FV-otc-s3-t7: 100%|██████████| 50/50 [00:05<00:00,  8.58it/s, Saved at =inf, TrLoss=0.1824]

 Training FV-otc-s3-t8:   0%|          | 0/50 [00:00<?, ?it/s]
 Training FV-otc-s3-t8:   0%|          | 0/50 [00:00<?, ?it/s, Saved at =inf, TrLoss=0.7212]
 Training FV-otc-s3-t8:   2%|▏         | 1/50 [00:00<00:06,  7.69it/s, Saved at =inf, TrLoss=0.7212]
 Training FV-otc-s3-t8:   2%|▏         | 1/50 [00:00<00:06,  7.69it/s, Saved at =inf, TrLoss=0.7883]
 Training FV-otc-s3-t8:   4%|▍         | 2/50 [00:00<00:06,  7.97it/s, Saved at =inf, TrLoss=0.7883]
 Training FV-otc-s3-t8:   4%|▍         | 2/50 [00:00<00:06,  7.97it/s, Saved at =inf, TrLoss=0.6035]
 Training FV-otc-s3-t8:   6%|▌         | 3/50 [00:00<00:05,  8.11it/s, Saved at =inf, TrLoss=0.6035]
 Training FV-otc-s3-t8:   6%|▌         | 3/50 [00:00<00:05,  8.11it/s, Saved at =inf, TrLoss=0.5991]
 Training FV-otc-s3-t8:   8%|▊         | 4/50 [00:00<00:05,  7.67it/s, Saved at =inf, TrLoss=0.5991]
 Training FV-otc-s3-t8:   8%|▊         | 4/50 [00:00<00:05,  7.67it/s, Saved at =inf, TrLoss=0.5429]
 Training FV-otc-s3-t8:  10%|█         | 5/50 [00:00<00:05,  7.71it/s, Saved at =inf, TrLoss=0.5429]
 Training FV-otc-s3-t8:  10%|█         | 5/50 [00:00<00:05,  7.71it/s, Saved at =inf, TrLoss=0.4989]
 Training FV-otc-s3-t8:  12%|█▏        | 6/50 [00:00<00:05,  7.88it/s, Saved at =inf, TrLoss=0.4989]
 Training FV-otc-s3-t8:  12%|█▏        | 6/50 [00:00<00:05,  7.88it/s, Saved at =inf, TrLoss=0.4820]
 Training FV-otc-s3-t8:  14%|█▍        | 7/50 [00:00<00:05,  8.00it/s, Saved at =inf, TrLoss=0.4820]
 Training FV-otc-s3-t8:  14%|█▍        | 7/50 [00:00<00:05,  8.00it/s, Saved at =inf, TrLoss=0.4272]
 Training FV-otc-s3-t8:  16%|█▌        | 8/50 [00:01<00:05,  8.08it/s, Saved at =inf, TrLoss=0.4272]
 Training FV-otc-s3-t8:  16%|█▌        | 8/50 [00:01<00:05,  8.08it/s, Saved at =inf, TrLoss=0.4122]
 Training FV-otc-s3-t8:  18%|█▊        | 9/50 [00:01<00:05,  8.13it/s, Saved at =inf, TrLoss=0.4122]
 Training FV-otc-s3-t8:  18%|█▊        | 9/50 [00:01<00:05,  8.13it/s, Saved at =inf, TrLoss=0.3677]
 Training FV-otc-s3-t8:  20%|██        | 10/50 [00:01<00:04,  8.16it/s, Saved at =inf, TrLoss=0.3677]
 Training FV-otc-s3-t8:  20%|██        | 10/50 [00:01<00:04,  8.16it/s, Saved at =inf, TrLoss=0.4060]
 Training FV-otc-s3-t8:  22%|██▏       | 11/50 [00:01<00:04,  8.13it/s, Saved at =inf, TrLoss=0.4060]
 Training FV-otc-s3-t8:  22%|██▏       | 11/50 [00:01<00:04,  8.13it/s, Saved at =inf, TrLoss=0.3620]
 Training FV-otc-s3-t8:  24%|██▍       | 12/50 [00:01<00:04,  8.11it/s, Saved at =inf, TrLoss=0.3620]
 Training FV-otc-s3-t8:  24%|██▍       | 12/50 [00:01<00:04,  8.11it/s, Saved at =inf, TrLoss=0.3707]
 Training FV-otc-s3-t8:  26%|██▌       | 13/50 [00:01<00:04,  8.08it/s, Saved at =inf, TrLoss=0.3707]
 Training FV-otc-s3-t8:  26%|██▌       | 13/50 [00:01<00:04,  8.08it/s, Saved at =inf, TrLoss=0.3242]
 Training FV-otc-s3-t8:  28%|██▊       | 14/50 [00:01<00:04,  8.07it/s, Saved at =inf, TrLoss=0.3242]
 Training FV-otc-s3-t8:  28%|██▊       | 14/50 [00:01<00:04,  8.07it/s, Saved at =inf, TrLoss=0.3287]
 Training FV-otc-s3-t8:  30%|███       | 15/50 [00:01<00:04,  8.07it/s, Saved at =inf, TrLoss=0.3287]
 Training FV-otc-s3-t8:  30%|███       | 15/50 [00:01<00:04,  8.07it/s, Saved at =inf, TrLoss=0.3159]
 Training FV-otc-s3-t8:  32%|███▏      | 16/50 [00:01<00:04,  8.02it/s, Saved at =inf, TrLoss=0.3159]
 Training FV-otc-s3-t8:  32%|███▏      | 16/50 [00:02<00:04,  8.02it/s, Saved at =inf, TrLoss=0.3283]
 Training FV-otc-s3-t8:  34%|███▍      | 17/50 [00:02<00:04,  8.05it/s, Saved at =inf, TrLoss=0.3283]
 Training FV-otc-s3-t8:  34%|███▍      | 17/50 [00:02<00:04,  8.05it/s, Saved at =inf, TrLoss=0.3003]
 Training FV-otc-s3-t8:  36%|███▌      | 18/50 [00:02<00:03,  8.09it/s, Saved at =inf, TrLoss=0.3003]
 Training FV-otc-s3-t8:  36%|███▌      | 18/50 [00:02<00:03,  8.09it/s, Saved at =inf, TrLoss=0.3049]
 Training FV-otc-s3-t8:  38%|███▊      | 19/50 [00:02<00:03,  8.10it/s, Saved at =inf, TrLoss=0.3049]
 Training FV-otc-s3-t8:  38%|███▊      | 19/50 [00:02<00:03,  8.10it/s, Saved at =inf, TrLoss=0.2851]
 Training FV-otc-s3-t8:  40%|████      | 20/50 [00:02<00:03,  8.12it/s, Saved at =inf, TrLoss=0.2851]
 Training FV-otc-s3-t8:  40%|████      | 20/50 [00:02<00:03,  8.12it/s, Saved at =inf, TrLoss=0.2871]
 Training FV-otc-s3-t8:  42%|████▏     | 21/50 [00:02<00:03,  8.12it/s, Saved at =inf, TrLoss=0.2871]
 Training FV-otc-s3-t8:  42%|████▏     | 21/50 [00:02<00:03,  8.12it/s, Saved at =inf, TrLoss=0.2757]
 Training FV-otc-s3-t8:  44%|████▍     | 22/50 [00:02<00:03,  8.13it/s, Saved at =inf, TrLoss=0.2757]
 Training FV-otc-s3-t8:  44%|████▍     | 22/50 [00:02<00:03,  8.13it/s, Saved at =inf, TrLoss=0.2861]
 Training FV-otc-s3-t8:  46%|████▌     | 23/50 [00:02<00:03,  8.15it/s, Saved at =inf, TrLoss=0.2861]
 Training FV-otc-s3-t8:  46%|████▌     | 23/50 [00:02<00:03,  8.15it/s, Saved at =inf, TrLoss=0.2606]
 Training FV-otc-s3-t8:  48%|████▊     | 24/50 [00:02<00:03,  8.18it/s, Saved at =inf, TrLoss=0.2606]
 Training FV-otc-s3-t8:  48%|████▊     | 24/50 [00:03<00:03,  8.18it/s, Saved at =inf, TrLoss=0.2780]
 Training FV-otc-s3-t8:  50%|█████     | 25/50 [00:03<00:03,  8.19it/s, Saved at =inf, TrLoss=0.2780]
 Training FV-otc-s3-t8:  50%|█████     | 25/50 [00:03<00:03,  8.19it/s, Saved at =inf, TrLoss=0.2547]
 Training FV-otc-s3-t8:  52%|█████▏    | 26/50 [00:03<00:02,  8.21it/s, Saved at =inf, TrLoss=0.2547]
 Training FV-otc-s3-t8:  52%|█████▏    | 26/50 [00:03<00:02,  8.21it/s, Saved at =inf, TrLoss=0.2688]
 Training FV-otc-s3-t8:  54%|█████▍    | 27/50 [00:03<00:02,  8.22it/s, Saved at =inf, TrLoss=0.2688]
 Training FV-otc-s3-t8:  54%|█████▍    | 27/50 [00:03<00:02,  8.22it/s, Saved at =inf, TrLoss=0.2587]
 Training FV-otc-s3-t8:  56%|█████▌    | 28/50 [00:03<00:02,  8.23it/s, Saved at =inf, TrLoss=0.2587]
 Training FV-otc-s3-t8:  56%|█████▌    | 28/50 [00:03<00:02,  8.23it/s, Saved at =inf, TrLoss=0.2521]
 Training FV-otc-s3-t8:  58%|█████▊    | 29/50 [00:03<00:02,  8.23it/s, Saved at =inf, TrLoss=0.2521]
 Training FV-otc-s3-t8:  58%|█████▊    | 29/50 [00:03<00:02,  8.23it/s, Saved at =inf, TrLoss=0.2465]
 Training FV-otc-s3-t8:  60%|██████    | 30/50 [00:03<00:02,  8.23it/s, Saved at =inf, TrLoss=0.2465]
 Training FV-otc-s3-t8:  60%|██████    | 30/50 [00:03<00:02,  8.23it/s, Saved at =inf, TrLoss=0.2450]
 Training FV-otc-s3-t8:  62%|██████▏   | 31/50 [00:03<00:02,  8.24it/s, Saved at =inf, TrLoss=0.2450]
 Training FV-otc-s3-t8:  62%|██████▏   | 31/50 [00:03<00:02,  8.24it/s, Saved at =inf, TrLoss=0.2433]
 Training FV-otc-s3-t8:  64%|██████▍   | 32/50 [00:03<00:02,  8.24it/s, Saved at =inf, TrLoss=0.2433]
 Training FV-otc-s3-t8:  64%|██████▍   | 32/50 [00:04<00:02,  8.24it/s, Saved at =inf, TrLoss=0.2399]
 Training FV-otc-s3-t8:  66%|██████▌   | 33/50 [00:04<00:02,  8.24it/s, Saved at =inf, TrLoss=0.2399]
 Training FV-otc-s3-t8:  66%|██████▌   | 33/50 [00:04<00:02,  8.24it/s, Saved at =inf, TrLoss=0.2353]
 Training FV-otc-s3-t8:  68%|██████▊   | 34/50 [00:04<00:01,  8.24it/s, Saved at =inf, TrLoss=0.2353]
 Training FV-otc-s3-t8:  68%|██████▊   | 34/50 [00:04<00:01,  8.24it/s, Saved at =inf, TrLoss=0.2370]
 Training FV-otc-s3-t8:  70%|███████   | 35/50 [00:04<00:01,  8.24it/s, Saved at =inf, TrLoss=0.2370]
 Training FV-otc-s3-t8:  70%|███████   | 35/50 [00:04<00:01,  8.24it/s, Saved at =inf, TrLoss=0.2343]
 Training FV-otc-s3-t8:  72%|███████▏  | 36/50 [00:04<00:01,  8.23it/s, Saved at =inf, TrLoss=0.2343]
 Training FV-otc-s3-t8:  72%|███████▏  | 36/50 [00:04<00:01,  8.23it/s, Saved at =inf, TrLoss=0.2345]
 Training FV-otc-s3-t8:  74%|███████▍  | 37/50 [00:04<00:01,  8.17it/s, Saved at =inf, TrLoss=0.2345]
 Training FV-otc-s3-t8:  74%|███████▍  | 37/50 [00:04<00:01,  8.17it/s, Saved at =inf, TrLoss=0.2334]
 Training FV-otc-s3-t8:  76%|███████▌  | 38/50 [00:04<00:01,  8.12it/s, Saved at =inf, TrLoss=0.2334]
 Training FV-otc-s3-t8:  76%|███████▌  | 38/50 [00:04<00:01,  8.12it/s, Saved at =inf, TrLoss=0.2289]
 Training FV-otc-s3-t8:  78%|███████▊  | 39/50 [00:04<00:01,  8.09it/s, Saved at =inf, TrLoss=0.2289]
 Training FV-otc-s3-t8:  78%|███████▊  | 39/50 [00:04<00:01,  8.09it/s, Saved at =inf, TrLoss=0.2313]
 Training FV-otc-s3-t8:  80%|████████  | 40/50 [00:04<00:01,  8.06it/s, Saved at =inf, TrLoss=0.2313]
 Training FV-otc-s3-t8:  80%|████████  | 40/50 [00:05<00:01,  8.06it/s, Saved at =inf, TrLoss=0.2220]
 Training FV-otc-s3-t8:  82%|████████▏ | 41/50 [00:05<00:01,  8.05it/s, Saved at =inf, TrLoss=0.2220]
 Training FV-otc-s3-t8:  82%|████████▏ | 41/50 [00:05<00:01,  8.05it/s, Saved at =inf, TrLoss=0.2294]
 Training FV-otc-s3-t8:  84%|████████▍ | 42/50 [00:05<00:00,  8.10it/s, Saved at =inf, TrLoss=0.2294]
 Training FV-otc-s3-t8:  84%|████████▍ | 42/50 [00:05<00:00,  8.10it/s, Saved at =inf, TrLoss=0.2211]
 Training FV-otc-s3-t8:  86%|████████▌ | 43/50 [00:05<00:00,  8.14it/s, Saved at =inf, TrLoss=0.2211]
 Training FV-otc-s3-t8:  86%|████████▌ | 43/50 [00:05<00:00,  8.14it/s, Saved at =inf, TrLoss=0.2257]
 Training FV-otc-s3-t8:  88%|████████▊ | 44/50 [00:05<00:00,  8.17it/s, Saved at =inf, TrLoss=0.2257]
 Training FV-otc-s3-t8:  88%|████████▊ | 44/50 [00:05<00:00,  8.17it/s, Saved at =inf, TrLoss=0.2235]
 Training FV-otc-s3-t8:  90%|█████████ | 45/50 [00:05<00:00,  8.19it/s, Saved at =inf, TrLoss=0.2235]
 Training FV-otc-s3-t8:  90%|█████████ | 45/50 [00:05<00:00,  8.19it/s, Saved at =inf, TrLoss=0.2221]
 Training FV-otc-s3-t8:  92%|█████████▏| 46/50 [00:05<00:00,  8.21it/s, Saved at =inf, TrLoss=0.2221]
 Training FV-otc-s3-t8:  92%|█████████▏| 46/50 [00:05<00:00,  8.21it/s, Saved at =inf, TrLoss=0.2233]
 Training FV-otc-s3-t8:  94%|█████████▍| 47/50 [00:05<00:00,  8.21it/s, Saved at =inf, TrLoss=0.2233]
 Training FV-otc-s3-t8:  94%|█████████▍| 47/50 [00:05<00:00,  8.21it/s, Saved at =inf, TrLoss=0.2143]
 Training FV-otc-s3-t8:  96%|█████████▌| 48/50 [00:05<00:00,  8.22it/s, Saved at =inf, TrLoss=0.2143]
 Training FV-otc-s3-t8:  96%|█████████▌| 48/50 [00:05<00:00,  8.22it/s, Saved at =inf, TrLoss=0.2241]
 Training FV-otc-s3-t8:  98%|█████████▊| 49/50 [00:06<00:00,  8.23it/s, Saved at =inf, TrLoss=0.2241]
 Training FV-otc-s3-t8:  98%|█████████▊| 49/50 [00:06<00:00,  8.23it/s, Saved at =inf, TrLoss=0.2075]
 Training FV-otc-s3-t8: 100%|██████████| 50/50 [00:06<00:00,  8.23it/s, Saved at =inf, TrLoss=0.2075]
 Training FV-otc-s3-t8: 100%|██████████| 50/50 [00:06<00:00,  8.13it/s, Saved at =inf, TrLoss=0.2075]

 Training FV-otc-s3-t9:   0%|          | 0/50 [00:00<?, ?it/s]
 Training FV-otc-s3-t9:   0%|          | 0/50 [00:00<?, ?it/s, Saved at =inf, TrLoss=0.9548]
 Training FV-otc-s3-t9:   2%|▏         | 1/50 [00:00<00:07,  6.68it/s, Saved at =inf, TrLoss=0.9548]
 Training FV-otc-s3-t9:   2%|▏         | 1/50 [00:00<00:07,  6.68it/s, Saved at =inf, TrLoss=0.7471]
 Training FV-otc-s3-t9:   4%|▍         | 2/50 [00:00<00:06,  6.94it/s, Saved at =inf, TrLoss=0.7471]
 Training FV-otc-s3-t9:   4%|▍         | 2/50 [00:00<00:06,  6.94it/s, Saved at =inf, TrLoss=0.7085]
 Training FV-otc-s3-t9:   6%|▌         | 3/50 [00:00<00:06,  7.02it/s, Saved at =inf, TrLoss=0.7085]
 Training FV-otc-s3-t9:   6%|▌         | 3/50 [00:00<00:06,  7.02it/s, Saved at =inf, TrLoss=0.6100]
 Training FV-otc-s3-t9:   8%|▊         | 4/50 [00:00<00:06,  7.06it/s, Saved at =inf, TrLoss=0.6100]
 Training FV-otc-s3-t9:   8%|▊         | 4/50 [00:00<00:06,  7.06it/s, Saved at =inf, TrLoss=0.6046]
 Training FV-otc-s3-t9:  10%|█         | 5/50 [00:00<00:06,  7.08it/s, Saved at =inf, TrLoss=0.6046]
 Training FV-otc-s3-t9:  10%|█         | 5/50 [00:00<00:06,  7.08it/s, Saved at =inf, TrLoss=0.5337]
 Training FV-otc-s3-t9:  12%|█▏        | 6/50 [00:00<00:06,  7.10it/s, Saved at =inf, TrLoss=0.5337]
 Training FV-otc-s3-t9:  12%|█▏        | 6/50 [00:00<00:06,  7.10it/s, Saved at =inf, TrLoss=0.4918]
 Training FV-otc-s3-t9:  14%|█▍        | 7/50 [00:00<00:06,  7.06it/s, Saved at =inf, TrLoss=0.4918]
 Training FV-otc-s3-t9:  14%|█▍        | 7/50 [00:01<00:06,  7.06it/s, Saved at =inf, TrLoss=0.4298]
 Training FV-otc-s3-t9:  16%|█▌        | 8/50 [00:01<00:05,  7.01it/s, Saved at =inf, TrLoss=0.4298]
 Training FV-otc-s3-t9:  16%|█▌        | 8/50 [00:01<00:05,  7.01it/s, Saved at =inf, TrLoss=0.4117]
 Training FV-otc-s3-t9:  18%|█▊        | 9/50 [00:01<00:05,  7.01it/s, Saved at =inf, TrLoss=0.4117]
 Training FV-otc-s3-t9:  18%|█▊        | 9/50 [00:01<00:05,  7.01it/s, Saved at =inf, TrLoss=0.3715]
 Training FV-otc-s3-t9:  20%|██        | 10/50 [00:01<00:05,  7.04it/s, Saved at =inf, TrLoss=0.3715]
 Training FV-otc-s3-t9:  20%|██        | 10/50 [00:01<00:05,  7.04it/s, Saved at =inf, TrLoss=0.3872]
 Training FV-otc-s3-t9:  22%|██▏       | 11/50 [00:01<00:05,  7.06it/s, Saved at =inf, TrLoss=0.3872]
 Training FV-otc-s3-t9:  22%|██▏       | 11/50 [00:01<00:05,  7.06it/s, Saved at =inf, TrLoss=0.3852]
 Training FV-otc-s3-t9:  24%|██▍       | 12/50 [00:01<00:05,  7.08it/s, Saved at =inf, TrLoss=0.3852]
 Training FV-otc-s3-t9:  24%|██▍       | 12/50 [00:01<00:05,  7.08it/s, Saved at =inf, TrLoss=0.3640]
 Training FV-otc-s3-t9:  26%|██▌       | 13/50 [00:01<00:05,  7.10it/s, Saved at =inf, TrLoss=0.3640]
 Training FV-otc-s3-t9:  26%|██▌       | 13/50 [00:01<00:05,  7.10it/s, Saved at =inf, TrLoss=0.3441]
 Training FV-otc-s3-t9:  28%|██▊       | 14/50 [00:01<00:05,  7.10it/s, Saved at =inf, TrLoss=0.3441]
 Training FV-otc-s3-t9:  28%|██▊       | 14/50 [00:02<00:05,  7.10it/s, Saved at =inf, TrLoss=0.3265]
 Training FV-otc-s3-t9:  30%|███       | 15/50 [00:02<00:04,  7.11it/s, Saved at =inf, TrLoss=0.3265]
 Training FV-otc-s3-t9:  30%|███       | 15/50 [00:02<00:04,  7.11it/s, Saved at =inf, TrLoss=0.3238]
 Training FV-otc-s3-t9:  32%|███▏      | 16/50 [00:02<00:04,  7.12it/s, Saved at =inf, TrLoss=0.3238]
 Training FV-otc-s3-t9:  32%|███▏      | 16/50 [00:02<00:04,  7.12it/s, Saved at =inf, TrLoss=0.3214]
 Training FV-otc-s3-t9:  34%|███▍      | 17/50 [00:02<00:04,  7.12it/s, Saved at =inf, TrLoss=0.3214]
 Training FV-otc-s3-t9:  34%|███▍      | 17/50 [00:02<00:04,  7.12it/s, Saved at =inf, TrLoss=0.3052]
 Training FV-otc-s3-t9:  36%|███▌      | 18/50 [00:02<00:04,  7.12it/s, Saved at =inf, TrLoss=0.3052]
 Training FV-otc-s3-t9:  36%|███▌      | 18/50 [00:02<00:04,  7.12it/s, Saved at =inf, TrLoss=0.3050]
 Training FV-otc-s3-t9:  38%|███▊      | 19/50 [00:02<00:04,  7.12it/s, Saved at =inf, TrLoss=0.3050]
 Training FV-otc-s3-t9:  38%|███▊      | 19/50 [00:02<00:04,  7.12it/s, Saved at =inf, TrLoss=0.2984]
 Training FV-otc-s3-t9:  40%|████      | 20/50 [00:02<00:04,  6.94it/s, Saved at =inf, TrLoss=0.2984]
 Training FV-otc-s3-t9:  40%|████      | 20/50 [00:02<00:04,  6.94it/s, Saved at =inf, TrLoss=0.2916]
 Training FV-otc-s3-t9:  42%|████▏     | 21/50 [00:02<00:04,  6.99it/s, Saved at =inf, TrLoss=0.2916]
 Training FV-otc-s3-t9:  42%|████▏     | 21/50 [00:03<00:04,  6.99it/s, Saved at =inf, TrLoss=0.2817]
 Training FV-otc-s3-t9:  44%|████▍     | 22/50 [00:03<00:03,  7.03it/s, Saved at =inf, TrLoss=0.2817]
 Training FV-otc-s3-t9:  44%|████▍     | 22/50 [00:03<00:03,  7.03it/s, Saved at =inf, TrLoss=0.2785]
 Training FV-otc-s3-t9:  46%|████▌     | 23/50 [00:03<00:03,  7.06it/s, Saved at =inf, TrLoss=0.2785]
 Training FV-otc-s3-t9:  46%|████▌     | 23/50 [00:03<00:03,  7.06it/s, Saved at =inf, TrLoss=0.2755]
 Training FV-otc-s3-t9:  48%|████▊     | 24/50 [00:03<00:03,  7.08it/s, Saved at =inf, TrLoss=0.2755]
 Training FV-otc-s3-t9:  48%|████▊     | 24/50 [00:03<00:03,  7.08it/s, Saved at =inf, TrLoss=0.2669]
 Training FV-otc-s3-t9:  50%|█████     | 25/50 [00:03<00:03,  7.09it/s, Saved at =inf, TrLoss=0.2669]
 Training FV-otc-s3-t9:  50%|█████     | 25/50 [00:03<00:03,  7.09it/s, Saved at =inf, TrLoss=0.2637]
 Training FV-otc-s3-t9:  52%|█████▏    | 26/50 [00:03<00:03,  7.10it/s, Saved at =inf, TrLoss=0.2637]
 Training FV-otc-s3-t9:  52%|█████▏    | 26/50 [00:03<00:03,  7.10it/s, Saved at =inf, TrLoss=0.2601]
 Training FV-otc-s3-t9:  54%|█████▍    | 27/50 [00:03<00:03,  7.05it/s, Saved at =inf, TrLoss=0.2601]
 Training FV-otc-s3-t9:  54%|█████▍    | 27/50 [00:03<00:03,  7.05it/s, Saved at =inf, TrLoss=0.2597]
 Training FV-otc-s3-t9:  56%|█████▌    | 28/50 [00:03<00:03,  7.04it/s, Saved at =inf, TrLoss=0.2597]
 Training FV-otc-s3-t9:  56%|█████▌    | 28/50 [00:04<00:03,  7.04it/s, Saved at =inf, TrLoss=0.2625]
 Training FV-otc-s3-t9:  58%|█████▊    | 29/50 [00:04<00:02,  7.04it/s, Saved at =inf, TrLoss=0.2625]
 Training FV-otc-s3-t9:  58%|█████▊    | 29/50 [00:04<00:02,  7.04it/s, Saved at =inf, TrLoss=0.2657]
 Training FV-otc-s3-t9:  60%|██████    | 30/50 [00:04<00:02,  7.06it/s, Saved at =inf, TrLoss=0.2657]
 Training FV-otc-s3-t9:  60%|██████    | 30/50 [00:04<00:02,  7.06it/s, Saved at =inf, TrLoss=0.2544]
 Training FV-otc-s3-t9:  62%|██████▏   | 31/50 [00:04<00:02,  7.08it/s, Saved at =inf, TrLoss=0.2544]
 Training FV-otc-s3-t9:  62%|██████▏   | 31/50 [00:04<00:02,  7.08it/s, Saved at =inf, TrLoss=0.2405]
 Training FV-otc-s3-t9:  64%|██████▍   | 32/50 [00:04<00:02,  7.07it/s, Saved at =inf, TrLoss=0.2405]
 Training FV-otc-s3-t9:  64%|██████▍   | 32/50 [00:04<00:02,  7.07it/s, Saved at =inf, TrLoss=0.2483]
 Training FV-otc-s3-t9:  66%|██████▌   | 33/50 [00:04<00:02,  7.08it/s, Saved at =inf, TrLoss=0.2483]
 Training FV-otc-s3-t9:  66%|██████▌   | 33/50 [00:04<00:02,  7.08it/s, Saved at =inf, TrLoss=0.2435]
 Training FV-otc-s3-t9:  68%|██████▊   | 34/50 [00:04<00:02,  7.06it/s, Saved at =inf, TrLoss=0.2435]
 Training FV-otc-s3-t9:  68%|██████▊   | 34/50 [00:04<00:02,  7.06it/s, Saved at =inf, TrLoss=0.2368]
 Training FV-otc-s3-t9:  70%|███████   | 35/50 [00:04<00:02,  7.07it/s, Saved at =inf, TrLoss=0.2368]
 Training FV-otc-s3-t9:  70%|███████   | 35/50 [00:05<00:02,  7.07it/s, Saved at =inf, TrLoss=0.2399]
 Training FV-otc-s3-t9:  72%|███████▏  | 36/50 [00:05<00:01,  7.08it/s, Saved at =inf, TrLoss=0.2399]
 Training FV-otc-s3-t9:  72%|███████▏  | 36/50 [00:05<00:01,  7.08it/s, Saved at =inf, TrLoss=0.2308]
 Training FV-otc-s3-t9:  74%|███████▍  | 37/50 [00:05<00:01,  7.09it/s, Saved at =inf, TrLoss=0.2308]
 Training FV-otc-s3-t9:  74%|███████▍  | 37/50 [00:05<00:01,  7.09it/s, Saved at =inf, TrLoss=0.2286]
 Training FV-otc-s3-t9:  76%|███████▌  | 38/50 [00:05<00:01,  7.00it/s, Saved at =inf, TrLoss=0.2286]
 Training FV-otc-s3-t9:  76%|███████▌  | 38/50 [00:05<00:01,  7.00it/s, Saved at =inf, TrLoss=0.2286]
 Training FV-otc-s3-t9:  78%|███████▊  | 39/50 [00:05<00:01,  6.63it/s, Saved at =inf, TrLoss=0.2286]
 Training FV-otc-s3-t9:  78%|███████▊  | 39/50 [00:05<00:01,  6.63it/s, Saved at =inf, TrLoss=0.2249]
 Training FV-otc-s3-t9:  80%|████████  | 40/50 [00:05<00:01,  6.42it/s, Saved at =inf, TrLoss=0.2249]
 Training FV-otc-s3-t9:  80%|████████  | 40/50 [00:05<00:01,  6.42it/s, Saved at =inf, TrLoss=0.2228]
 Training FV-otc-s3-t9:  82%|████████▏ | 41/50 [00:05<00:01,  6.32it/s, Saved at =inf, TrLoss=0.2228]
 Training FV-otc-s3-t9:  82%|████████▏ | 41/50 [00:06<00:01,  6.32it/s, Saved at =inf, TrLoss=0.2231]
 Training FV-otc-s3-t9:  84%|████████▍ | 42/50 [00:06<00:01,  6.23it/s, Saved at =inf, TrLoss=0.2231]
 Training FV-otc-s3-t9:  84%|████████▍ | 42/50 [00:06<00:01,  6.23it/s, Saved at =inf, TrLoss=0.2217]
 Training FV-otc-s3-t9:  86%|████████▌ | 43/50 [00:06<00:01,  6.46it/s, Saved at =inf, TrLoss=0.2217]
 Training FV-otc-s3-t9:  86%|████████▌ | 43/50 [00:06<00:01,  6.46it/s, Saved at =inf, TrLoss=0.2240]
 Training FV-otc-s3-t9:  88%|████████▊ | 44/50 [00:06<00:00,  6.13it/s, Saved at =inf, TrLoss=0.2240]
 Training FV-otc-s3-t9:  88%|████████▊ | 44/50 [00:06<00:00,  6.13it/s, Saved at =inf, TrLoss=0.2232]
 Training FV-otc-s3-t9:  90%|█████████ | 45/50 [00:06<00:00,  6.00it/s, Saved at =inf, TrLoss=0.2232]
 Training FV-otc-s3-t9:  90%|█████████ | 45/50 [00:06<00:00,  6.00it/s, Saved at =inf, TrLoss=0.2135]
 Training FV-otc-s3-t9:  92%|█████████▏| 46/50 [00:06<00:00,  6.01it/s, Saved at =inf, TrLoss=0.2135]
 Training FV-otc-s3-t9:  92%|█████████▏| 46/50 [00:06<00:00,  6.01it/s, Saved at =inf, TrLoss=0.2243]
 Training FV-otc-s3-t9:  94%|█████████▍| 47/50 [00:06<00:00,  6.21it/s, Saved at =inf, TrLoss=0.2243]
 Training FV-otc-s3-t9:  94%|█████████▍| 47/50 [00:06<00:00,  6.21it/s, Saved at =inf, TrLoss=0.2119]
 Training FV-otc-s3-t9:  96%|█████████▌| 48/50 [00:07<00:00,  6.45it/s, Saved at =inf, TrLoss=0.2119]
 Training FV-otc-s3-t9:  96%|█████████▌| 48/50 [00:07<00:00,  6.45it/s, Saved at =inf, TrLoss=0.2143]
 Training FV-otc-s3-t9:  98%|█████████▊| 49/50 [00:07<00:00,  6.61it/s, Saved at =inf, TrLoss=0.2143]
 Training FV-otc-s3-t9:  98%|█████████▊| 49/50 [00:07<00:00,  6.61it/s, Saved at =inf, TrLoss=0.2131]
 Training FV-otc-s3-t9: 100%|██████████| 50/50 [00:07<00:00,  6.69it/s, Saved at =inf, TrLoss=0.2131]
 Training FV-otc-s3-t9: 100%|██████████| 50/50 [00:07<00:00,  6.85it/s, Saved at =inf, TrLoss=0.2131]

 Training ATK-otc-s3-t7:   0%|          | 0/50 [00:00<?, ?it/s]
 Training ATK-otc-s3-t7:   0%|          | 0/50 [00:00<?, ?it/s, Saved at =inf, TrLoss=0.6894]
 Training ATK-otc-s3-t7:   2%|▏         | 1/50 [00:00<00:05,  8.75it/s, Saved at =inf, TrLoss=0.6894]
 Training ATK-otc-s3-t7:   2%|▏         | 1/50 [00:00<00:05,  8.75it/s, Saved at =inf, TrLoss=0.6593]
 Training ATK-otc-s3-t7:   4%|▍         | 2/50 [00:00<00:05,  9.09it/s, Saved at =inf, TrLoss=0.6593]
 Training ATK-otc-s3-t7:   4%|▍         | 2/50 [00:00<00:05,  9.09it/s, Saved at =inf, TrLoss=0.6793]
 Training ATK-otc-s3-t7:   6%|▌         | 3/50 [00:00<00:05,  9.21it/s, Saved at =inf, TrLoss=0.6793]
 Training ATK-otc-s3-t7:   6%|▌         | 3/50 [00:00<00:05,  9.21it/s, Saved at =inf, TrLoss=0.5581]
 Training ATK-otc-s3-t7:   8%|▊         | 4/50 [00:00<00:04,  9.25it/s, Saved at =inf, TrLoss=0.5581]
 Training ATK-otc-s3-t7:   8%|▊         | 4/50 [00:00<00:04,  9.25it/s, Saved at =inf, TrLoss=0.4691]
 Training ATK-otc-s3-t7:  10%|█         | 5/50 [00:00<00:04,  9.32it/s, Saved at =inf, TrLoss=0.4691]
 Training ATK-otc-s3-t7:  10%|█         | 5/50 [00:00<00:04,  9.32it/s, Saved at =inf, TrLoss=0.5048]
 Training ATK-otc-s3-t7:  12%|█▏        | 6/50 [00:00<00:04,  9.32it/s, Saved at =inf, TrLoss=0.5048]
 Training ATK-otc-s3-t7:  12%|█▏        | 6/50 [00:00<00:04,  9.32it/s, Saved at =inf, TrLoss=0.4910]
 Training ATK-otc-s3-t7:  14%|█▍        | 7/50 [00:00<00:04,  9.30it/s, Saved at =inf, TrLoss=0.4910]
 Training ATK-otc-s3-t7:  14%|█▍        | 7/50 [00:00<00:04,  9.30it/s, Saved at =inf, TrLoss=0.4054]
 Training ATK-otc-s3-t7:  16%|█▌        | 8/50 [00:00<00:04,  9.31it/s, Saved at =inf, TrLoss=0.4054]
 Training ATK-otc-s3-t7:  16%|█▌        | 8/50 [00:00<00:04,  9.31it/s, Saved at =inf, TrLoss=0.3655]
 Training ATK-otc-s3-t7:  18%|█▊        | 9/50 [00:00<00:04,  9.31it/s, Saved at =inf, TrLoss=0.3655]
 Training ATK-otc-s3-t7:  18%|█▊        | 9/50 [00:01<00:04,  9.31it/s, Saved at =inf, TrLoss=0.3788]
 Training ATK-otc-s3-t7:  20%|██        | 10/50 [00:01<00:04,  9.31it/s, Saved at =inf, TrLoss=0.3788]
 Training ATK-otc-s3-t7:  20%|██        | 10/50 [00:01<00:04,  9.31it/s, Saved at =inf, TrLoss=0.3430]
 Training ATK-otc-s3-t7:  22%|██▏       | 11/50 [00:01<00:04,  9.32it/s, Saved at =inf, TrLoss=0.3430]
 Training ATK-otc-s3-t7:  22%|██▏       | 11/50 [00:01<00:04,  9.32it/s, Saved at =inf, TrLoss=0.3530]
 Training ATK-otc-s3-t7:  24%|██▍       | 12/50 [00:01<00:04,  9.28it/s, Saved at =inf, TrLoss=0.3530]
 Training ATK-otc-s3-t7:  24%|██▍       | 12/50 [00:01<00:04,  9.28it/s, Saved at =inf, TrLoss=0.3435]
 Training ATK-otc-s3-t7:  26%|██▌       | 13/50 [00:01<00:03,  9.26it/s, Saved at =inf, TrLoss=0.3435]
 Training ATK-otc-s3-t7:  26%|██▌       | 13/50 [00:01<00:03,  9.26it/s, Saved at =inf, TrLoss=0.3108]
 Training ATK-otc-s3-t7:  28%|██▊       | 14/50 [00:01<00:03,  9.27it/s, Saved at =inf, TrLoss=0.3108]
 Training ATK-otc-s3-t7:  28%|██▊       | 14/50 [00:01<00:03,  9.27it/s, Saved at =inf, TrLoss=0.3025]
 Training ATK-otc-s3-t7:  30%|███       | 15/50 [00:01<00:03,  9.25it/s, Saved at =inf, TrLoss=0.3025]
 Training ATK-otc-s3-t7:  30%|███       | 15/50 [00:01<00:03,  9.25it/s, Saved at =inf, TrLoss=0.2961]
 Training ATK-otc-s3-t7:  32%|███▏      | 16/50 [00:01<00:03,  9.27it/s, Saved at =inf, TrLoss=0.2961]
 Training ATK-otc-s3-t7:  32%|███▏      | 16/50 [00:01<00:03,  9.27it/s, Saved at =inf, TrLoss=0.2880]
 Training ATK-otc-s3-t7:  34%|███▍      | 17/50 [00:01<00:03,  9.29it/s, Saved at =inf, TrLoss=0.2880]
 Training ATK-otc-s3-t7:  34%|███▍      | 17/50 [00:01<00:03,  9.29it/s, Saved at =inf, TrLoss=0.2832]
 Training ATK-otc-s3-t7:  36%|███▌      | 18/50 [00:01<00:03,  9.30it/s, Saved at =inf, TrLoss=0.2832]
 Training ATK-otc-s3-t7:  36%|███▌      | 18/50 [00:02<00:03,  9.30it/s, Saved at =inf, TrLoss=0.2840]
 Training ATK-otc-s3-t7:  38%|███▊      | 19/50 [00:02<00:03,  9.31it/s, Saved at =inf, TrLoss=0.2840]
 Training ATK-otc-s3-t7:  38%|███▊      | 19/50 [00:02<00:03,  9.31it/s, Saved at =inf, TrLoss=0.2722]
 Training ATK-otc-s3-t7:  40%|████      | 20/50 [00:02<00:03,  9.29it/s, Saved at =inf, TrLoss=0.2722]
 Training ATK-otc-s3-t7:  40%|████      | 20/50 [00:02<00:03,  9.29it/s, Saved at =inf, TrLoss=0.2772]
 Training ATK-otc-s3-t7:  42%|████▏     | 21/50 [00:02<00:03,  9.30it/s, Saved at =inf, TrLoss=0.2772]
 Training ATK-otc-s3-t7:  42%|████▏     | 21/50 [00:02<00:03,  9.30it/s, Saved at =inf, TrLoss=0.2685]
 Training ATK-otc-s3-t7:  44%|████▍     | 22/50 [00:02<00:03,  9.31it/s, Saved at =inf, TrLoss=0.2685]
 Training ATK-otc-s3-t7:  44%|████▍     | 22/50 [00:02<00:03,  9.31it/s, Saved at =inf, TrLoss=0.2602]
 Training ATK-otc-s3-t7:  46%|████▌     | 23/50 [00:02<00:02,  9.32it/s, Saved at =inf, TrLoss=0.2602]
 Training ATK-otc-s3-t7:  46%|████▌     | 23/50 [00:02<00:02,  9.32it/s, Saved at =inf, TrLoss=0.2494]
 Training ATK-otc-s3-t7:  48%|████▊     | 24/50 [00:02<00:02,  9.32it/s, Saved at =inf, TrLoss=0.2494]
 Training ATK-otc-s3-t7:  48%|████▊     | 24/50 [00:02<00:02,  9.32it/s, Saved at =inf, TrLoss=0.2472]
 Training ATK-otc-s3-t7:  50%|█████     | 25/50 [00:02<00:02,  9.33it/s, Saved at =inf, TrLoss=0.2472]
 Training ATK-otc-s3-t7:  50%|█████     | 25/50 [00:02<00:02,  9.33it/s, Saved at =inf, TrLoss=0.2413]
 Training ATK-otc-s3-t7:  52%|█████▏    | 26/50 [00:02<00:02,  9.33it/s, Saved at =inf, TrLoss=0.2413]
 Training ATK-otc-s3-t7:  52%|█████▏    | 26/50 [00:02<00:02,  9.33it/s, Saved at =inf, TrLoss=0.2396]
 Training ATK-otc-s3-t7:  54%|█████▍    | 27/50 [00:02<00:02,  9.34it/s, Saved at =inf, TrLoss=0.2396]
 Training ATK-otc-s3-t7:  54%|█████▍    | 27/50 [00:02<00:02,  9.34it/s, Saved at =inf, TrLoss=0.2362]
 Training ATK-otc-s3-t7:  56%|█████▌    | 28/50 [00:03<00:02,  9.34it/s, Saved at =inf, TrLoss=0.2362]
 Training ATK-otc-s3-t7:  56%|█████▌    | 28/50 [00:03<00:02,  9.34it/s, Saved at =inf, TrLoss=0.2319]
 Training ATK-otc-s3-t7:  58%|█████▊    | 29/50 [00:03<00:02,  9.34it/s, Saved at =inf, TrLoss=0.2319]
 Training ATK-otc-s3-t7:  58%|█████▊    | 29/50 [00:03<00:02,  9.34it/s, Saved at =inf, TrLoss=0.2271]
 Training ATK-otc-s3-t7:  60%|██████    | 30/50 [00:03<00:02,  9.34it/s, Saved at =inf, TrLoss=0.2271]
 Training ATK-otc-s3-t7:  60%|██████    | 30/50 [00:03<00:02,  9.34it/s, Saved at =inf, TrLoss=0.2272]
 Training ATK-otc-s3-t7:  62%|██████▏   | 31/50 [00:03<00:02,  9.34it/s, Saved at =inf, TrLoss=0.2272]
 Training ATK-otc-s3-t7:  62%|██████▏   | 31/50 [00:03<00:02,  9.34it/s, Saved at =inf, TrLoss=0.2256]
 Training ATK-otc-s3-t7:  64%|██████▍   | 32/50 [00:03<00:01,  9.34it/s, Saved at =inf, TrLoss=0.2256]
 Training ATK-otc-s3-t7:  64%|██████▍   | 32/50 [00:03<00:01,  9.34it/s, Saved at =inf, TrLoss=0.2195]
 Training ATK-otc-s3-t7:  66%|██████▌   | 33/50 [00:03<00:01,  9.34it/s, Saved at =inf, TrLoss=0.2195]
 Training ATK-otc-s3-t7:  66%|██████▌   | 33/50 [00:03<00:01,  9.34it/s, Saved at =inf, TrLoss=0.2214]
 Training ATK-otc-s3-t7:  68%|██████▊   | 34/50 [00:03<00:01,  9.27it/s, Saved at =inf, TrLoss=0.2214]
 Training ATK-otc-s3-t7:  68%|██████▊   | 34/50 [00:03<00:01,  9.27it/s, Saved at =inf, TrLoss=0.2240]
 Training ATK-otc-s3-t7:  70%|███████   | 35/50 [00:03<00:01,  9.28it/s, Saved at =inf, TrLoss=0.2240]
 Training ATK-otc-s3-t7:  70%|███████   | 35/50 [00:03<00:01,  9.28it/s, Saved at =inf, TrLoss=0.2122]
 Training ATK-otc-s3-t7:  72%|███████▏  | 36/50 [00:03<00:01,  9.29it/s, Saved at =inf, TrLoss=0.2122]
 Training ATK-otc-s3-t7:  72%|███████▏  | 36/50 [00:03<00:01,  9.29it/s, Saved at =inf, TrLoss=0.2112]
 Training ATK-otc-s3-t7:  74%|███████▍  | 37/50 [00:03<00:01,  9.30it/s, Saved at =inf, TrLoss=0.2112]
 Training ATK-otc-s3-t7:  74%|███████▍  | 37/50 [00:04<00:01,  9.30it/s, Saved at =inf, TrLoss=0.2082]
 Training ATK-otc-s3-t7:  76%|███████▌  | 38/50 [00:04<00:01,  9.31it/s, Saved at =inf, TrLoss=0.2082]
 Training ATK-otc-s3-t7:  76%|███████▌  | 38/50 [00:04<00:01,  9.31it/s, Saved at =inf, TrLoss=0.2048]
 Training ATK-otc-s3-t7:  78%|███████▊  | 39/50 [00:04<00:01,  9.32it/s, Saved at =inf, TrLoss=0.2048]
 Training ATK-otc-s3-t7:  78%|███████▊  | 39/50 [00:04<00:01,  9.32it/s, Saved at =inf, TrLoss=0.2074]
 Training ATK-otc-s3-t7:  80%|████████  | 40/50 [00:04<00:01,  9.32it/s, Saved at =inf, TrLoss=0.2074]
 Training ATK-otc-s3-t7:  80%|████████  | 40/50 [00:04<00:01,  9.32it/s, Saved at =inf, TrLoss=0.1979]
 Training ATK-otc-s3-t7:  82%|████████▏ | 41/50 [00:04<00:00,  9.33it/s, Saved at =inf, TrLoss=0.1979]
 Training ATK-otc-s3-t7:  82%|████████▏ | 41/50 [00:04<00:00,  9.33it/s, Saved at =inf, TrLoss=0.2000]
 Training ATK-otc-s3-t7:  84%|████████▍ | 42/50 [00:04<00:00,  9.33it/s, Saved at =inf, TrLoss=0.2000]
 Training ATK-otc-s3-t7:  84%|████████▍ | 42/50 [00:04<00:00,  9.33it/s, Saved at =inf, TrLoss=0.1945]
 Training ATK-otc-s3-t7:  86%|████████▌ | 43/50 [00:04<00:00,  9.33it/s, Saved at =inf, TrLoss=0.1945]
 Training ATK-otc-s3-t7:  86%|████████▌ | 43/50 [00:04<00:00,  9.33it/s, Saved at =inf, TrLoss=0.2030]
 Training ATK-otc-s3-t7:  88%|████████▊ | 44/50 [00:04<00:00,  9.33it/s, Saved at =inf, TrLoss=0.2030]
 Training ATK-otc-s3-t7:  88%|████████▊ | 44/50 [00:04<00:00,  9.33it/s, Saved at =inf, TrLoss=0.1981]
 Training ATK-otc-s3-t7:  90%|█████████ | 45/50 [00:04<00:00,  9.33it/s, Saved at =inf, TrLoss=0.1981]
 Training ATK-otc-s3-t7:  90%|█████████ | 45/50 [00:04<00:00,  9.33it/s, Saved at =inf, TrLoss=0.2014]
 Training ATK-otc-s3-t7:  92%|█████████▏| 46/50 [00:04<00:00,  9.33it/s, Saved at =inf, TrLoss=0.2014]
 Training ATK-otc-s3-t7:  92%|█████████▏| 46/50 [00:05<00:00,  9.33it/s, Saved at =inf, TrLoss=0.1984]
 Training ATK-otc-s3-t7:  94%|█████████▍| 47/50 [00:05<00:00,  9.33it/s, Saved at =inf, TrLoss=0.1984]
 Training ATK-otc-s3-t7:  94%|█████████▍| 47/50 [00:05<00:00,  9.33it/s, Saved at =inf, TrLoss=0.1941]
 Training ATK-otc-s3-t7:  96%|█████████▌| 48/50 [00:05<00:00,  9.30it/s, Saved at =inf, TrLoss=0.1941]
 Training ATK-otc-s3-t7:  96%|█████████▌| 48/50 [00:05<00:00,  9.30it/s, Saved at =inf, TrLoss=0.1987]
 Training ATK-otc-s3-t7:  98%|█████████▊| 49/50 [00:05<00:00,  9.31it/s, Saved at =inf, TrLoss=0.1987]
 Training ATK-otc-s3-t7:  98%|█████████▊| 49/50 [00:05<00:00,  9.31it/s, Saved at =inf, TrLoss=0.1823]
 Training ATK-otc-s3-t7: 100%|██████████| 50/50 [00:05<00:00,  9.32it/s, Saved at =inf, TrLoss=0.1823]
 Training ATK-otc-s3-t7: 100%|██████████| 50/50 [00:05<00:00,  9.30it/s, Saved at =inf, TrLoss=0.1823]
[06:20:17]   MCC=0.397±0.105, AUC=0.760±0.075, BAcc=0.680±0.047
[06:20:17] Training GDTE on otc (seed=4)...

 Training FV-otc-s4-t2:   0%|          | 0/50 [00:00<?, ?it/s]
 Training FV-otc-s4-t2:   0%|          | 0/50 [00:00<?, ?it/s, Saved at =inf, TrLoss=0.7166]
 Training FV-otc-s4-t2:   0%|          | 0/50 [00:00<?, ?it/s, Saved at =inf, TrLoss=0.5475]
 Training FV-otc-s4-t2:   0%|          | 0/50 [00:00<?, ?it/s, Saved at =inf, TrLoss=0.4565]
 Training FV-otc-s4-t2:   0%|          | 0/50 [00:00<?, ?it/s, Saved at =inf, TrLoss=0.4664]
 Training FV-otc-s4-t2:   8%|▊         | 4/50 [00:00<00:01, 30.90it/s, Saved at =inf, TrLoss=0.4664]
 Training FV-otc-s4-t2:   8%|▊         | 4/50 [00:00<00:01, 30.90it/s, Saved at =inf, TrLoss=0.3041]
 Training FV-otc-s4-t2:   8%|▊         | 4/50 [00:00<00:01, 30.90it/s, Saved at =inf, TrLoss=0.2621]
 Training FV-otc-s4-t2:   8%|▊         | 4/50 [00:00<00:01, 30.90it/s, Saved at =inf, TrLoss=0.2439]
 Training FV-otc-s4-t2:   8%|▊         | 4/50 [00:00<00:01, 30.90it/s, Saved at =inf, TrLoss=0.2127]
 Training FV-otc-s4-t2:  16%|█▌        | 8/50 [00:00<00:01, 31.02it/s, Saved at =inf, TrLoss=0.2127]
 Training FV-otc-s4-t2:  16%|█▌        | 8/50 [00:00<00:01, 31.02it/s, Saved at =inf, TrLoss=0.2005]
 Training FV-otc-s4-t2:  16%|█▌        | 8/50 [00:00<00:01, 31.02it/s, Saved at =inf, TrLoss=0.1819]
 Training FV-otc-s4-t2:  16%|█▌        | 8/50 [00:00<00:01, 31.02it/s, Saved at =inf, TrLoss=0.1937]
 Training FV-otc-s4-t2:  16%|█▌        | 8/50 [00:00<00:01, 31.02it/s, Saved at =inf, TrLoss=0.1659]
 Training FV-otc-s4-t2:  24%|██▍       | 12/50 [00:00<00:01, 31.06it/s, Saved at =inf, TrLoss=0.1659]
 Training FV-otc-s4-t2:  24%|██▍       | 12/50 [00:00<00:01, 31.06it/s, Saved at =inf, TrLoss=0.1853]
 Training FV-otc-s4-t2:  24%|██▍       | 12/50 [00:00<00:01, 31.06it/s, Saved at =inf, TrLoss=0.1716]
 Training FV-otc-s4-t2:  24%|██▍       | 12/50 [00:00<00:01, 31.06it/s, Saved at =inf, TrLoss=0.1648]
 Training FV-otc-s4-t2:  24%|██▍       | 12/50 [00:00<00:01, 31.06it/s, Saved at =inf, TrLoss=0.1360]
 Training FV-otc-s4-t2:  32%|███▏      | 16/50 [00:00<00:01, 31.09it/s, Saved at =inf, TrLoss=0.1360]
 Training FV-otc-s4-t2:  32%|███▏      | 16/50 [00:00<00:01, 31.09it/s, Saved at =inf, TrLoss=0.1428]
 Training FV-otc-s4-t2:  32%|███▏      | 16/50 [00:00<00:01, 31.09it/s, Saved at =inf, TrLoss=0.1449]
 Training FV-otc-s4-t2:  32%|███▏      | 16/50 [00:00<00:01, 31.09it/s, Saved at =inf, TrLoss=0.1301]
 Training FV-otc-s4-t2:  32%|███▏      | 16/50 [00:00<00:01, 31.09it/s, Saved at =inf, TrLoss=0.1274]
 Training FV-otc-s4-t2:  40%|████      | 20/50 [00:00<00:00, 31.10it/s, Saved at =inf, TrLoss=0.1274]
 Training FV-otc-s4-t2:  40%|████      | 20/50 [00:00<00:00, 31.10it/s, Saved at =inf, TrLoss=0.1132]
 Training FV-otc-s4-t2:  40%|████      | 20/50 [00:00<00:00, 31.10it/s, Saved at =inf, TrLoss=0.1381]
 Training FV-otc-s4-t2:  40%|████      | 20/50 [00:00<00:00, 31.10it/s, Saved at =inf, TrLoss=0.1426]
 Training FV-otc-s4-t2:  40%|████      | 20/50 [00:00<00:00, 31.10it/s, Saved at =inf, TrLoss=0.1545]
 Training FV-otc-s4-t2:  48%|████▊     | 24/50 [00:00<00:00, 31.12it/s, Saved at =inf, TrLoss=0.1545]
 Training FV-otc-s4-t2:  48%|████▊     | 24/50 [00:00<00:00, 31.12it/s, Saved at =inf, TrLoss=0.1197]
 Training FV-otc-s4-t2:  48%|████▊     | 24/50 [00:00<00:00, 31.12it/s, Saved at =inf, TrLoss=0.1561]
 Training FV-otc-s4-t2:  48%|████▊     | 24/50 [00:00<00:00, 31.12it/s, Saved at =inf, TrLoss=0.1100]
 Training FV-otc-s4-t2:  48%|████▊     | 24/50 [00:00<00:00, 31.12it/s, Saved at =inf, TrLoss=0.1477]
 Training FV-otc-s4-t2:  56%|█████▌    | 28/50 [00:00<00:00, 31.13it/s, Saved at =inf, TrLoss=0.1477]
 Training FV-otc-s4-t2:  56%|█████▌    | 28/50 [00:00<00:00, 31.13it/s, Saved at =inf, TrLoss=0.1211]
 Training FV-otc-s4-t2:  56%|█████▌    | 28/50 [00:00<00:00, 31.13it/s, Saved at =inf, TrLoss=0.1001]
 Training FV-otc-s4-t2:  56%|█████▌    | 28/50 [00:00<00:00, 31.13it/s, Saved at =inf, TrLoss=0.0955]
 Training FV-otc-s4-t2:  56%|█████▌    | 28/50 [00:01<00:00, 31.13it/s, Saved at =inf, TrLoss=0.0998]
 Training FV-otc-s4-t2:  64%|██████▍   | 32/50 [00:01<00:00, 31.13it/s, Saved at =inf, TrLoss=0.0998]
 Training FV-otc-s4-t2:  64%|██████▍   | 32/50 [00:01<00:00, 31.13it/s, Saved at =inf, TrLoss=0.0999]
 Training FV-otc-s4-t2:  64%|██████▍   | 32/50 [00:01<00:00, 31.13it/s, Saved at =inf, TrLoss=0.1059]
 Training FV-otc-s4-t2:  64%|██████▍   | 32/50 [00:01<00:00, 31.13it/s, Saved at =inf, TrLoss=0.0818]
 Training FV-otc-s4-t2:  64%|██████▍   | 32/50 [00:01<00:00, 31.13it/s, Saved at =inf, TrLoss=0.0888]
 Training FV-otc-s4-t2:  72%|███████▏  | 36/50 [00:01<00:00, 31.13it/s, Saved at =inf, TrLoss=0.0888]
 Training FV-otc-s4-t2:  72%|███████▏  | 36/50 [00:01<00:00, 31.13it/s, Saved at =inf, TrLoss=0.0775]
 Training FV-otc-s4-t2:  72%|███████▏  | 36/50 [00:01<00:00, 31.13it/s, Saved at =inf, TrLoss=0.0803]
 Training FV-otc-s4-t2:  72%|███████▏  | 36/50 [00:01<00:00, 31.13it/s, Saved at =inf, TrLoss=0.0659]
 Training FV-otc-s4-t2:  72%|███████▏  | 36/50 [00:01<00:00, 31.13it/s, Saved at =inf, TrLoss=0.0807]
 Training FV-otc-s4-t2:  80%|████████  | 40/50 [00:01<00:00, 31.08it/s, Saved at =inf, TrLoss=0.0807]
 Training FV-otc-s4-t2:  80%|████████  | 40/50 [00:01<00:00, 31.08it/s, Saved at =inf, TrLoss=0.0765]
 Training FV-otc-s4-t2:  80%|████████  | 40/50 [00:01<00:00, 31.08it/s, Saved at =inf, TrLoss=0.0715]
 Training FV-otc-s4-t2:  80%|████████  | 40/50 [00:01<00:00, 31.08it/s, Saved at =inf, TrLoss=0.0706]
 Training FV-otc-s4-t2:  80%|████████  | 40/50 [00:01<00:00, 31.08it/s, Saved at =inf, TrLoss=0.0752]
 Training FV-otc-s4-t2:  88%|████████▊ | 44/50 [00:01<00:00, 31.10it/s, Saved at =inf, TrLoss=0.0752]
 Training FV-otc-s4-t2:  88%|████████▊ | 44/50 [00:01<00:00, 31.10it/s, Saved at =inf, TrLoss=0.0783]
 Training FV-otc-s4-t2:  88%|████████▊ | 44/50 [00:01<00:00, 31.10it/s, Saved at =inf, TrLoss=0.0620]
 Training FV-otc-s4-t2:  88%|████████▊ | 44/50 [00:01<00:00, 31.10it/s, Saved at =inf, TrLoss=0.0691]
 Training FV-otc-s4-t2:  88%|████████▊ | 44/50 [00:01<00:00, 31.10it/s, Saved at =inf, TrLoss=0.0604]
 Training FV-otc-s4-t2:  96%|█████████▌| 48/50 [00:01<00:00, 31.09it/s, Saved at =inf, TrLoss=0.0604]
 Training FV-otc-s4-t2:  96%|█████████▌| 48/50 [00:01<00:00, 31.09it/s, Saved at =inf, TrLoss=0.1090]
 Training FV-otc-s4-t2:  96%|█████████▌| 48/50 [00:01<00:00, 31.09it/s, Saved at =inf, TrLoss=0.0814]
 Training FV-otc-s4-t2: 100%|██████████| 50/50 [00:01<00:00, 31.09it/s, Saved at =inf, TrLoss=0.0814]

 Training FV-otc-s4-t3:   0%|          | 0/50 [00:00<?, ?it/s]
 Training FV-otc-s4-t3:   0%|          | 0/50 [00:00<?, ?it/s, Saved at =inf, TrLoss=0.7878]
 Training FV-otc-s4-t3:   0%|          | 0/50 [00:00<?, ?it/s, Saved at =inf, TrLoss=0.8257]
 Training FV-otc-s4-t3:   0%|          | 0/50 [00:00<?, ?it/s, Saved at =inf, TrLoss=0.5418]
 Training FV-otc-s4-t3:   6%|▌         | 3/50 [00:00<00:02, 20.47it/s, Saved at =inf, TrLoss=0.5418]
 Training FV-otc-s4-t3:   6%|▌         | 3/50 [00:00<00:02, 20.47it/s, Saved at =inf, TrLoss=0.5495]
 Training FV-otc-s4-t3:   6%|▌         | 3/50 [00:00<00:02, 20.47it/s, Saved at =inf, TrLoss=0.4595]
 Training FV-otc-s4-t3:   6%|▌         | 3/50 [00:00<00:02, 20.47it/s, Saved at =inf, TrLoss=0.4075]
 Training FV-otc-s4-t3:  12%|█▏        | 6/50 [00:00<00:02, 20.41it/s, Saved at =inf, TrLoss=0.4075]
 Training FV-otc-s4-t3:  12%|█▏        | 6/50 [00:00<00:02, 20.41it/s, Saved at =inf, TrLoss=0.3605]
 Training FV-otc-s4-t3:  12%|█▏        | 6/50 [00:00<00:02, 20.41it/s, Saved at =inf, TrLoss=0.3026]
 Training FV-otc-s4-t3:  12%|█▏        | 6/50 [00:00<00:02, 20.41it/s, Saved at =inf, TrLoss=0.2979]
 Training FV-otc-s4-t3:  18%|█▊        | 9/50 [00:00<00:02, 20.38it/s, Saved at =inf, TrLoss=0.2979]
 Training FV-otc-s4-t3:  18%|█▊        | 9/50 [00:00<00:02, 20.38it/s, Saved at =inf, TrLoss=0.2708]
 Training FV-otc-s4-t3:  18%|█▊        | 9/50 [00:00<00:02, 20.38it/s, Saved at =inf, TrLoss=0.2568]
 Training FV-otc-s4-t3:  18%|█▊        | 9/50 [00:00<00:02, 20.38it/s, Saved at =inf, TrLoss=0.2341]
 Training FV-otc-s4-t3:  24%|██▍       | 12/50 [00:00<00:01, 20.37it/s, Saved at =inf, TrLoss=0.2341]
 Training FV-otc-s4-t3:  24%|██▍       | 12/50 [00:00<00:01, 20.37it/s, Saved at =inf, TrLoss=0.1972]
 Training FV-otc-s4-t3:  24%|██▍       | 12/50 [00:00<00:01, 20.37it/s, Saved at =inf, TrLoss=0.2004]
 Training FV-otc-s4-t3:  24%|██▍       | 12/50 [00:00<00:01, 20.37it/s, Saved at =inf, TrLoss=0.2121]
 Training FV-otc-s4-t3:  30%|███       | 15/50 [00:00<00:01, 20.37it/s, Saved at =inf, TrLoss=0.2121]
 Training FV-otc-s4-t3:  30%|███       | 15/50 [00:00<00:01, 20.37it/s, Saved at =inf, TrLoss=0.1767]
 Training FV-otc-s4-t3:  30%|███       | 15/50 [00:00<00:01, 20.37it/s, Saved at =inf, TrLoss=0.1722]
 Training FV-otc-s4-t3:  30%|███       | 15/50 [00:00<00:01, 20.37it/s, Saved at =inf, TrLoss=0.1718]
 Training FV-otc-s4-t3:  36%|███▌      | 18/50 [00:00<00:01, 20.36it/s, Saved at =inf, TrLoss=0.1718]
 Training FV-otc-s4-t3:  36%|███▌      | 18/50 [00:00<00:01, 20.36it/s, Saved at =inf, TrLoss=0.1734]
 Training FV-otc-s4-t3:  36%|███▌      | 18/50 [00:00<00:01, 20.36it/s, Saved at =inf, TrLoss=0.1734]
 Training FV-otc-s4-t3:  36%|███▌      | 18/50 [00:01<00:01, 20.36it/s, Saved at =inf, TrLoss=0.1637]
 Training FV-otc-s4-t3:  42%|████▏     | 21/50 [00:01<00:01, 20.36it/s, Saved at =inf, TrLoss=0.1637]
 Training FV-otc-s4-t3:  42%|████▏     | 21/50 [00:01<00:01, 20.36it/s, Saved at =inf, TrLoss=0.1857]
 Training FV-otc-s4-t3:  42%|████▏     | 21/50 [00:01<00:01, 20.36it/s, Saved at =inf, TrLoss=0.1904]
 Training FV-otc-s4-t3:  42%|████▏     | 21/50 [00:01<00:01, 20.36it/s, Saved at =inf, TrLoss=0.1766]
 Training FV-otc-s4-t3:  48%|████▊     | 24/50 [00:01<00:01, 20.36it/s, Saved at =inf, TrLoss=0.1766]
 Training FV-otc-s4-t3:  48%|████▊     | 24/50 [00:01<00:01, 20.36it/s, Saved at =inf, TrLoss=0.1657]
 Training FV-otc-s4-t3:  48%|████▊     | 24/50 [00:01<00:01, 20.36it/s, Saved at =inf, TrLoss=0.1610]
 Training FV-otc-s4-t3:  48%|████▊     | 24/50 [00:01<00:01, 20.36it/s, Saved at =inf, TrLoss=0.1493]
 Training FV-otc-s4-t3:  54%|█████▍    | 27/50 [00:01<00:01, 20.36it/s, Saved at =inf, TrLoss=0.1493]
 Training FV-otc-s4-t3:  54%|█████▍    | 27/50 [00:01<00:01, 20.36it/s, Saved at =inf, TrLoss=0.1511]
 Training FV-otc-s4-t3:  54%|█████▍    | 27/50 [00:01<00:01, 20.36it/s, Saved at =inf, TrLoss=0.1431]
 Training FV-otc-s4-t3:  54%|█████▍    | 27/50 [00:01<00:01, 20.36it/s, Saved at =inf, TrLoss=0.1442]
 Training FV-otc-s4-t3:  60%|██████    | 30/50 [00:01<00:00, 20.36it/s, Saved at =inf, TrLoss=0.1442]
 Training FV-otc-s4-t3:  60%|██████    | 30/50 [00:01<00:00, 20.36it/s, Saved at =inf, TrLoss=0.1567]
 Training FV-otc-s4-t3:  60%|██████    | 30/50 [00:01<00:00, 20.36it/s, Saved at =inf, TrLoss=0.1396]
 Training FV-otc-s4-t3:  60%|██████    | 30/50 [00:01<00:00, 20.36it/s, Saved at =inf, TrLoss=0.1311]
 Training FV-otc-s4-t3:  66%|██████▌   | 33/50 [00:01<00:00, 20.36it/s, Saved at =inf, TrLoss=0.1311]
 Training FV-otc-s4-t3:  66%|██████▌   | 33/50 [00:01<00:00, 20.36it/s, Saved at =inf, TrLoss=0.1433]
 Training FV-otc-s4-t3:  66%|██████▌   | 33/50 [00:01<00:00, 20.36it/s, Saved at =inf, TrLoss=0.1330]
 Training FV-otc-s4-t3:  66%|██████▌   | 33/50 [00:01<00:00, 20.36it/s, Saved at =inf, TrLoss=0.1199]
 Training FV-otc-s4-t3:  72%|███████▏  | 36/50 [00:01<00:00, 20.35it/s, Saved at =inf, TrLoss=0.1199]
 Training FV-otc-s4-t3:  72%|███████▏  | 36/50 [00:01<00:00, 20.35it/s, Saved at =inf, TrLoss=0.1277]
 Training FV-otc-s4-t3:  72%|███████▏  | 36/50 [00:01<00:00, 20.35it/s, Saved at =inf, TrLoss=0.1376]
 Training FV-otc-s4-t3:  72%|███████▏  | 36/50 [00:01<00:00, 20.35it/s, Saved at =inf, TrLoss=0.1160]
 Training FV-otc-s4-t3:  78%|███████▊  | 39/50 [00:01<00:00, 20.36it/s, Saved at =inf, TrLoss=0.1160]
 Training FV-otc-s4-t3:  78%|███████▊  | 39/50 [00:01<00:00, 20.36it/s, Saved at =inf, TrLoss=0.1142]
 Training FV-otc-s4-t3:  78%|███████▊  | 39/50 [00:01<00:00, 20.36it/s, Saved at =inf, TrLoss=0.1374]
 Training FV-otc-s4-t3:  78%|███████▊  | 39/50 [00:02<00:00, 20.36it/s, Saved at =inf, TrLoss=0.1077]
 Training FV-otc-s4-t3:  84%|████████▍ | 42/50 [00:02<00:00, 20.36it/s, Saved at =inf, TrLoss=0.1077]
 Training FV-otc-s4-t3:  84%|████████▍ | 42/50 [00:02<00:00, 20.36it/s, Saved at =inf, TrLoss=0.1375]
 Training FV-otc-s4-t3:  84%|████████▍ | 42/50 [00:02<00:00, 20.36it/s, Saved at =inf, TrLoss=0.1207]
 Training FV-otc-s4-t3:  84%|████████▍ | 42/50 [00:02<00:00, 20.36it/s, Saved at =inf, TrLoss=0.1450]
 Training FV-otc-s4-t3:  90%|█████████ | 45/50 [00:02<00:00, 20.36it/s, Saved at =inf, TrLoss=0.1450]
 Training FV-otc-s4-t3:  90%|█████████ | 45/50 [00:02<00:00, 20.36it/s, Saved at =inf, TrLoss=0.1028]
 Training FV-otc-s4-t3:  90%|█████████ | 45/50 [00:02<00:00, 20.36it/s, Saved at =inf, TrLoss=0.1372]
 Training FV-otc-s4-t3:  90%|█████████ | 45/50 [00:02<00:00, 20.36it/s, Saved at =inf, TrLoss=0.1060]
 Training FV-otc-s4-t3:  96%|█████████▌| 48/50 [00:02<00:00, 20.36it/s, Saved at =inf, TrLoss=0.1060]
 Training FV-otc-s4-t3:  96%|█████████▌| 48/50 [00:02<00:00, 20.36it/s, Saved at =inf, TrLoss=0.1639]
 Training FV-otc-s4-t3:  96%|█████████▌| 48/50 [00:02<00:00, 20.36it/s, Saved at =inf, TrLoss=0.1138]
 Training FV-otc-s4-t3: 100%|██████████| 50/50 [00:02<00:00, 20.36it/s, Saved at =inf, TrLoss=0.1138]

 Training FV-otc-s4-t4:   0%|          | 0/50 [00:00<?, ?it/s]
 Training FV-otc-s4-t4:   0%|          | 0/50 [00:00<?, ?it/s, Saved at =inf, TrLoss=0.6963]
 Training FV-otc-s4-t4:   0%|          | 0/50 [00:00<?, ?it/s, Saved at =inf, TrLoss=0.8827]
 Training FV-otc-s4-t4:   4%|▍         | 2/50 [00:00<00:03, 15.49it/s, Saved at =inf, TrLoss=0.8827]
 Training FV-otc-s4-t4:   4%|▍         | 2/50 [00:00<00:03, 15.49it/s, Saved at =inf, TrLoss=0.6009]
 Training FV-otc-s4-t4:   4%|▍         | 2/50 [00:00<00:03, 15.49it/s, Saved at =inf, TrLoss=0.5355]
 Training FV-otc-s4-t4:   8%|▊         | 4/50 [00:00<00:02, 15.41it/s, Saved at =inf, TrLoss=0.5355]
 Training FV-otc-s4-t4:   8%|▊         | 4/50 [00:00<00:02, 15.41it/s, Saved at =inf, TrLoss=0.4425]
 Training FV-otc-s4-t4:   8%|▊         | 4/50 [00:00<00:02, 15.41it/s, Saved at =inf, TrLoss=0.4332]
 Training FV-otc-s4-t4:  12%|█▏        | 6/50 [00:00<00:02, 15.38it/s, Saved at =inf, TrLoss=0.4332]
 Training FV-otc-s4-t4:  12%|█▏        | 6/50 [00:00<00:02, 15.38it/s, Saved at =inf, TrLoss=0.3929]
 Training FV-otc-s4-t4:  12%|█▏        | 6/50 [00:00<00:02, 15.38it/s, Saved at =inf, TrLoss=0.3765]
 Training FV-otc-s4-t4:  16%|█▌        | 8/50 [00:00<00:02, 15.37it/s, Saved at =inf, TrLoss=0.3765]
 Training FV-otc-s4-t4:  16%|█▌        | 8/50 [00:00<00:02, 15.37it/s, Saved at =inf, TrLoss=0.3488]
 Training FV-otc-s4-t4:  16%|█▌        | 8/50 [00:00<00:02, 15.37it/s, Saved at =inf, TrLoss=0.3053]
 Training FV-otc-s4-t4:  20%|██        | 10/50 [00:00<00:02, 15.36it/s, Saved at =inf, TrLoss=0.3053]
 Training FV-otc-s4-t4:  20%|██        | 10/50 [00:00<00:02, 15.36it/s, Saved at =inf, TrLoss=0.2828]
 Training FV-otc-s4-t4:  20%|██        | 10/50 [00:00<00:02, 15.36it/s, Saved at =inf, TrLoss=0.2498]
 Training FV-otc-s4-t4:  24%|██▍       | 12/50 [00:00<00:02, 15.36it/s, Saved at =inf, TrLoss=0.2498]
 Training FV-otc-s4-t4:  24%|██▍       | 12/50 [00:00<00:02, 15.36it/s, Saved at =inf, TrLoss=0.2575]
 Training FV-otc-s4-t4:  24%|██▍       | 12/50 [00:00<00:02, 15.36it/s, Saved at =inf, TrLoss=0.2647]
 Training FV-otc-s4-t4:  28%|██▊       | 14/50 [00:00<00:02, 15.36it/s, Saved at =inf, TrLoss=0.2647]
 Training FV-otc-s4-t4:  28%|██▊       | 14/50 [00:00<00:02, 15.36it/s, Saved at =inf, TrLoss=0.2308]
 Training FV-otc-s4-t4:  28%|██▊       | 14/50 [00:01<00:02, 15.36it/s, Saved at =inf, TrLoss=0.2300]
 Training FV-otc-s4-t4:  32%|███▏      | 16/50 [00:01<00:02, 15.36it/s, Saved at =inf, TrLoss=0.2300]
 Training FV-otc-s4-t4:  32%|███▏      | 16/50 [00:01<00:02, 15.36it/s, Saved at =inf, TrLoss=0.2191]
 Training FV-otc-s4-t4:  32%|███▏      | 16/50 [00:01<00:02, 15.36it/s, Saved at =inf, TrLoss=0.1995]
 Training FV-otc-s4-t4:  36%|███▌      | 18/50 [00:01<00:02, 15.36it/s, Saved at =inf, TrLoss=0.1995]
 Training FV-otc-s4-t4:  36%|███▌      | 18/50 [00:01<00:02, 15.36it/s, Saved at =inf, TrLoss=0.2103]
 Training FV-otc-s4-t4:  36%|███▌      | 18/50 [00:01<00:02, 15.36it/s, Saved at =inf, TrLoss=0.1901]
 Training FV-otc-s4-t4:  40%|████      | 20/50 [00:01<00:01, 15.36it/s, Saved at =inf, TrLoss=0.1901]
 Training FV-otc-s4-t4:  40%|████      | 20/50 [00:01<00:01, 15.36it/s, Saved at =inf, TrLoss=0.1888]
 Training FV-otc-s4-t4:  40%|████      | 20/50 [00:01<00:01, 15.36it/s, Saved at =inf, TrLoss=0.1829]
 Training FV-otc-s4-t4:  44%|████▍     | 22/50 [00:01<00:01, 15.36it/s, Saved at =inf, TrLoss=0.1829]
 Training FV-otc-s4-t4:  44%|████▍     | 22/50 [00:01<00:01, 15.36it/s, Saved at =inf, TrLoss=0.1853]
 Training FV-otc-s4-t4:  44%|████▍     | 22/50 [00:01<00:01, 15.36it/s, Saved at =inf, TrLoss=0.1855]
 Training FV-otc-s4-t4:  48%|████▊     | 24/50 [00:01<00:01, 15.36it/s, Saved at =inf, TrLoss=0.1855]
 Training FV-otc-s4-t4:  48%|████▊     | 24/50 [00:01<00:01, 15.36it/s, Saved at =inf, TrLoss=0.1791]
 Training FV-otc-s4-t4:  48%|████▊     | 24/50 [00:01<00:01, 15.36it/s, Saved at =inf, TrLoss=0.1743]
 Training FV-otc-s4-t4:  52%|█████▏    | 26/50 [00:01<00:01, 15.35it/s, Saved at =inf, TrLoss=0.1743]
 Training FV-otc-s4-t4:  52%|█████▏    | 26/50 [00:01<00:01, 15.35it/s, Saved at =inf, TrLoss=0.1610]
 Training FV-otc-s4-t4:  52%|█████▏    | 26/50 [00:01<00:01, 15.35it/s, Saved at =inf, TrLoss=0.1701]
 Training FV-otc-s4-t4:  56%|█████▌    | 28/50 [00:01<00:01, 15.35it/s, Saved at =inf, TrLoss=0.1701]
 Training FV-otc-s4-t4:  56%|█████▌    | 28/50 [00:01<00:01, 15.35it/s, Saved at =inf, TrLoss=0.1674]
 Training FV-otc-s4-t4:  56%|█████▌    | 28/50 [00:01<00:01, 15.35it/s, Saved at =inf, TrLoss=0.1545]
 Training FV-otc-s4-t4:  60%|██████    | 30/50 [00:01<00:01, 15.35it/s, Saved at =inf, TrLoss=0.1545]
 Training FV-otc-s4-t4:  60%|██████    | 30/50 [00:01<00:01, 15.35it/s, Saved at =inf, TrLoss=0.1596]
 Training FV-otc-s4-t4:  60%|██████    | 30/50 [00:02<00:01, 15.35it/s, Saved at =inf, TrLoss=0.1678]
 Training FV-otc-s4-t4:  64%|██████▍   | 32/50 [00:02<00:01, 15.35it/s, Saved at =inf, TrLoss=0.1678]
 Training FV-otc-s4-t4:  64%|██████▍   | 32/50 [00:02<00:01, 15.35it/s, Saved at =inf, TrLoss=0.1534]
 Training FV-otc-s4-t4:  64%|██████▍   | 32/50 [00:02<00:01, 15.35it/s, Saved at =inf, TrLoss=0.1583]
 Training FV-otc-s4-t4:  68%|██████▊   | 34/50 [00:02<00:01, 15.35it/s, Saved at =inf, TrLoss=0.1583]
 Training FV-otc-s4-t4:  68%|██████▊   | 34/50 [00:02<00:01, 15.35it/s, Saved at =inf, TrLoss=0.1559]
 Training FV-otc-s4-t4:  68%|██████▊   | 34/50 [00:02<00:01, 15.35it/s, Saved at =inf, TrLoss=0.1496]
 Training FV-otc-s4-t4:  72%|███████▏  | 36/50 [00:02<00:00, 15.36it/s, Saved at =inf, TrLoss=0.1496]
 Training FV-otc-s4-t4:  72%|███████▏  | 36/50 [00:02<00:00, 15.36it/s, Saved at =inf, TrLoss=0.1507]
 Training FV-otc-s4-t4:  72%|███████▏  | 36/50 [00:02<00:00, 15.36it/s, Saved at =inf, TrLoss=0.1541]
 Training FV-otc-s4-t4:  76%|███████▌  | 38/50 [00:02<00:00, 15.36it/s, Saved at =inf, TrLoss=0.1541]
 Training FV-otc-s4-t4:  76%|███████▌  | 38/50 [00:02<00:00, 15.36it/s, Saved at =inf, TrLoss=0.1416]
 Training FV-otc-s4-t4:  76%|███████▌  | 38/50 [00:02<00:00, 15.36it/s, Saved at =inf, TrLoss=0.1499]
 Training FV-otc-s4-t4:  80%|████████  | 40/50 [00:02<00:00, 15.36it/s, Saved at =inf, TrLoss=0.1499]
 Training FV-otc-s4-t4:  80%|████████  | 40/50 [00:02<00:00, 15.36it/s, Saved at =inf, TrLoss=0.1472]
 Training FV-otc-s4-t4:  80%|████████  | 40/50 [00:02<00:00, 15.36it/s, Saved at =inf, TrLoss=0.1456]
 Training FV-otc-s4-t4:  84%|████████▍ | 42/50 [00:02<00:00, 15.36it/s, Saved at =inf, TrLoss=0.1456]
 Training FV-otc-s4-t4:  84%|████████▍ | 42/50 [00:02<00:00, 15.36it/s, Saved at =inf, TrLoss=0.1495]
 Training FV-otc-s4-t4:  84%|████████▍ | 42/50 [00:02<00:00, 15.36it/s, Saved at =inf, TrLoss=0.1423]
 Training FV-otc-s4-t4:  88%|████████▊ | 44/50 [00:02<00:00, 15.36it/s, Saved at =inf, TrLoss=0.1423]
 Training FV-otc-s4-t4:  88%|████████▊ | 44/50 [00:02<00:00, 15.36it/s, Saved at =inf, TrLoss=0.1487]
 Training FV-otc-s4-t4:  88%|████████▊ | 44/50 [00:02<00:00, 15.36it/s, Saved at =inf, TrLoss=0.1421]
 Training FV-otc-s4-t4:  92%|█████████▏| 46/50 [00:02<00:00, 15.36it/s, Saved at =inf, TrLoss=0.1421]
 Training FV-otc-s4-t4:  92%|█████████▏| 46/50 [00:03<00:00, 15.36it/s, Saved at =inf, TrLoss=0.1444]
 Training FV-otc-s4-t4:  92%|█████████▏| 46/50 [00:03<00:00, 15.36it/s, Saved at =inf, TrLoss=0.1413]
 Training FV-otc-s4-t4:  96%|█████████▌| 48/50 [00:03<00:00, 15.35it/s, Saved at =inf, TrLoss=0.1413]
 Training FV-otc-s4-t4:  96%|█████████▌| 48/50 [00:03<00:00, 15.35it/s, Saved at =inf, TrLoss=0.1515]
 Training FV-otc-s4-t4:  96%|█████████▌| 48/50 [00:03<00:00, 15.35it/s, Saved at =inf, TrLoss=0.1435]
 Training FV-otc-s4-t4: 100%|██████████| 50/50 [00:03<00:00, 15.35it/s, Saved at =inf, TrLoss=0.1435]
 Training FV-otc-s4-t4: 100%|██████████| 50/50 [00:03<00:00, 15.36it/s, Saved at =inf, TrLoss=0.1435]

 Training FV-otc-s4-t5:   0%|          | 0/50 [00:00<?, ?it/s]
 Training FV-otc-s4-t5:   0%|          | 0/50 [00:00<?, ?it/s, Saved at =inf, TrLoss=0.7378]
 Training FV-otc-s4-t5:   0%|          | 0/50 [00:00<?, ?it/s, Saved at =inf, TrLoss=0.8734]
 Training FV-otc-s4-t5:   4%|▍         | 2/50 [00:00<00:04, 11.85it/s, Saved at =inf, TrLoss=0.8734]
 Training FV-otc-s4-t5:   4%|▍         | 2/50 [00:00<00:04, 11.85it/s, Saved at =inf, TrLoss=0.5441]
 Training FV-otc-s4-t5:   4%|▍         | 2/50 [00:00<00:04, 11.85it/s, Saved at =inf, TrLoss=0.5321]
 Training FV-otc-s4-t5:   8%|▊         | 4/50 [00:00<00:03, 12.14it/s, Saved at =inf, TrLoss=0.5321]
 Training FV-otc-s4-t5:   8%|▊         | 4/50 [00:00<00:03, 12.14it/s, Saved at =inf, TrLoss=0.4604]
 Training FV-otc-s4-t5:   8%|▊         | 4/50 [00:00<00:03, 12.14it/s, Saved at =inf, TrLoss=0.4349]
 Training FV-otc-s4-t5:  12%|█▏        | 6/50 [00:00<00:03, 12.12it/s, Saved at =inf, TrLoss=0.4349]
 Training FV-otc-s4-t5:  12%|█▏        | 6/50 [00:00<00:03, 12.12it/s, Saved at =inf, TrLoss=0.4177]
 Training FV-otc-s4-t5:  12%|█▏        | 6/50 [00:00<00:03, 12.12it/s, Saved at =inf, TrLoss=0.3898]
 Training FV-otc-s4-t5:  16%|█▌        | 8/50 [00:00<00:03, 12.11it/s, Saved at =inf, TrLoss=0.3898]
 Training FV-otc-s4-t5:  16%|█▌        | 8/50 [00:00<00:03, 12.11it/s, Saved at =inf, TrLoss=0.3747]
 Training FV-otc-s4-t5:  16%|█▌        | 8/50 [00:00<00:03, 12.11it/s, Saved at =inf, TrLoss=0.3443]
 Training FV-otc-s4-t5:  20%|██        | 10/50 [00:00<00:03, 12.10it/s, Saved at =inf, TrLoss=0.3443]
 Training FV-otc-s4-t5:  20%|██        | 10/50 [00:00<00:03, 12.10it/s, Saved at =inf, TrLoss=0.3306]
 Training FV-otc-s4-t5:  20%|██        | 10/50 [00:00<00:03, 12.10it/s, Saved at =inf, TrLoss=0.2984]
 Training FV-otc-s4-t5:  24%|██▍       | 12/50 [00:00<00:03, 12.10it/s, Saved at =inf, TrLoss=0.2984]
 Training FV-otc-s4-t5:  24%|██▍       | 12/50 [00:01<00:03, 12.10it/s, Saved at =inf, TrLoss=0.3062]
 Training FV-otc-s4-t5:  24%|██▍       | 12/50 [00:01<00:03, 12.10it/s, Saved at =inf, TrLoss=0.2811]
 Training FV-otc-s4-t5:  28%|██▊       | 14/50 [00:01<00:02, 12.10it/s, Saved at =inf, TrLoss=0.2811]
 Training FV-otc-s4-t5:  28%|██▊       | 14/50 [00:01<00:02, 12.10it/s, Saved at =inf, TrLoss=0.2702]
 Training FV-otc-s4-t5:  28%|██▊       | 14/50 [00:01<00:02, 12.10it/s, Saved at =inf, TrLoss=0.2814]
 Training FV-otc-s4-t5:  32%|███▏      | 16/50 [00:01<00:02, 12.10it/s, Saved at =inf, TrLoss=0.2814]
 Training FV-otc-s4-t5:  32%|███▏      | 16/50 [00:01<00:02, 12.10it/s, Saved at =inf, TrLoss=0.2734]
 Training FV-otc-s4-t5:  32%|███▏      | 16/50 [00:01<00:02, 12.10it/s, Saved at =inf, TrLoss=0.2628]
 Training FV-otc-s4-t5:  36%|███▌      | 18/50 [00:01<00:02, 12.09it/s, Saved at =inf, TrLoss=0.2628]
 Training FV-otc-s4-t5:  36%|███▌      | 18/50 [00:01<00:02, 12.09it/s, Saved at =inf, TrLoss=0.2629]
 Training FV-otc-s4-t5:  36%|███▌      | 18/50 [00:01<00:02, 12.09it/s, Saved at =inf, TrLoss=0.2532]
 Training FV-otc-s4-t5:  40%|████      | 20/50 [00:01<00:02, 12.09it/s, Saved at =inf, TrLoss=0.2532]
 Training FV-otc-s4-t5:  40%|████      | 20/50 [00:01<00:02, 12.09it/s, Saved at =inf, TrLoss=0.2548]
 Training FV-otc-s4-t5:  40%|████      | 20/50 [00:01<00:02, 12.09it/s, Saved at =inf, TrLoss=0.2573]
 Training FV-otc-s4-t5:  44%|████▍     | 22/50 [00:01<00:02, 12.09it/s, Saved at =inf, TrLoss=0.2573]
 Training FV-otc-s4-t5:  44%|████▍     | 22/50 [00:01<00:02, 12.09it/s, Saved at =inf, TrLoss=0.2420]
 Training FV-otc-s4-t5:  44%|████▍     | 22/50 [00:01<00:02, 12.09it/s, Saved at =inf, TrLoss=0.2374]
 Training FV-otc-s4-t5:  48%|████▊     | 24/50 [00:01<00:02, 12.09it/s, Saved at =inf, TrLoss=0.2374]
 Training FV-otc-s4-t5:  48%|████▊     | 24/50 [00:02<00:02, 12.09it/s, Saved at =inf, TrLoss=0.2410]
 Training FV-otc-s4-t5:  48%|████▊     | 24/50 [00:02<00:02, 12.09it/s, Saved at =inf, TrLoss=0.2268]
 Training FV-otc-s4-t5:  52%|█████▏    | 26/50 [00:02<00:01, 12.09it/s, Saved at =inf, TrLoss=0.2268]
 Training FV-otc-s4-t5:  52%|█████▏    | 26/50 [00:02<00:01, 12.09it/s, Saved at =inf, TrLoss=0.2265]
 Training FV-otc-s4-t5:  52%|█████▏    | 26/50 [00:02<00:01, 12.09it/s, Saved at =inf, TrLoss=0.2305]
 Training FV-otc-s4-t5:  56%|█████▌    | 28/50 [00:02<00:01, 12.08it/s, Saved at =inf, TrLoss=0.2305]
 Training FV-otc-s4-t5:  56%|█████▌    | 28/50 [00:02<00:01, 12.08it/s, Saved at =inf, TrLoss=0.2103]
 Training FV-otc-s4-t5:  56%|█████▌    | 28/50 [00:02<00:01, 12.08it/s, Saved at =inf, TrLoss=0.2240]
 Training FV-otc-s4-t5:  60%|██████    | 30/50 [00:02<00:01, 12.09it/s, Saved at =inf, TrLoss=0.2240]
 Training FV-otc-s4-t5:  60%|██████    | 30/50 [00:02<00:01, 12.09it/s, Saved at =inf, TrLoss=0.2163]
 Training FV-otc-s4-t5:  60%|██████    | 30/50 [00:02<00:01, 12.09it/s, Saved at =inf, TrLoss=0.2043]
 Training FV-otc-s4-t5:  64%|██████▍   | 32/50 [00:02<00:01, 12.09it/s, Saved at =inf, TrLoss=0.2043]
 Training FV-otc-s4-t5:  64%|██████▍   | 32/50 [00:02<00:01, 12.09it/s, Saved at =inf, TrLoss=0.2063]
 Training FV-otc-s4-t5:  64%|██████▍   | 32/50 [00:02<00:01, 12.09it/s, Saved at =inf, TrLoss=0.2046]
 Training FV-otc-s4-t5:  68%|██████▊   | 34/50 [00:02<00:01, 12.09it/s, Saved at =inf, TrLoss=0.2046]
 Training FV-otc-s4-t5:  68%|██████▊   | 34/50 [00:02<00:01, 12.09it/s, Saved at =inf, TrLoss=0.2025]
 Training FV-otc-s4-t5:  68%|██████▊   | 34/50 [00:02<00:01, 12.09it/s, Saved at =inf, TrLoss=0.1901]
 Training FV-otc-s4-t5:  72%|███████▏  | 36/50 [00:02<00:01, 12.09it/s, Saved at =inf, TrLoss=0.1901]
 Training FV-otc-s4-t5:  72%|███████▏  | 36/50 [00:03<00:01, 12.09it/s, Saved at =inf, TrLoss=0.1964]
 Training FV-otc-s4-t5:  72%|███████▏  | 36/50 [00:03<00:01, 12.09it/s, Saved at =inf, TrLoss=0.1944]
 Training FV-otc-s4-t5:  76%|███████▌  | 38/50 [00:03<00:00, 12.09it/s, Saved at =inf, TrLoss=0.1944]
 Training FV-otc-s4-t5:  76%|███████▌  | 38/50 [00:03<00:00, 12.09it/s, Saved at =inf, TrLoss=0.1884]
 Training FV-otc-s4-t5:  76%|███████▌  | 38/50 [00:03<00:00, 12.09it/s, Saved at =inf, TrLoss=0.1886]
 Training FV-otc-s4-t5:  80%|████████  | 40/50 [00:03<00:00, 12.05it/s, Saved at =inf, TrLoss=0.1886]
 Training FV-otc-s4-t5:  80%|████████  | 40/50 [00:03<00:00, 12.05it/s, Saved at =inf, TrLoss=0.1853]
 Training FV-otc-s4-t5:  80%|████████  | 40/50 [00:03<00:00, 12.05it/s, Saved at =inf, TrLoss=0.1829]
 Training FV-otc-s4-t5:  84%|████████▍ | 42/50 [00:03<00:00, 12.06it/s, Saved at =inf, TrLoss=0.1829]
 Training FV-otc-s4-t5:  84%|████████▍ | 42/50 [00:03<00:00, 12.06it/s, Saved at =inf, TrLoss=0.1862]
 Training FV-otc-s4-t5:  84%|████████▍ | 42/50 [00:03<00:00, 12.06it/s, Saved at =inf, TrLoss=0.1793]
 Training FV-otc-s4-t5:  88%|████████▊ | 44/50 [00:03<00:00, 12.07it/s, Saved at =inf, TrLoss=0.1793]
 Training FV-otc-s4-t5:  88%|████████▊ | 44/50 [00:03<00:00, 12.07it/s, Saved at =inf, TrLoss=0.1806]
 Training FV-otc-s4-t5:  88%|████████▊ | 44/50 [00:03<00:00, 12.07it/s, Saved at =inf, TrLoss=0.1764]
 Training FV-otc-s4-t5:  92%|█████████▏| 46/50 [00:03<00:00, 12.08it/s, Saved at =inf, TrLoss=0.1764]
 Training FV-otc-s4-t5:  92%|█████████▏| 46/50 [00:03<00:00, 12.08it/s, Saved at =inf, TrLoss=0.1813]
 Training FV-otc-s4-t5:  92%|█████████▏| 46/50 [00:03<00:00, 12.08it/s, Saved at =inf, TrLoss=0.1788]
 Training FV-otc-s4-t5:  96%|█████████▌| 48/50 [00:03<00:00, 12.08it/s, Saved at =inf, TrLoss=0.1788]
 Training FV-otc-s4-t5:  96%|█████████▌| 48/50 [00:04<00:00, 12.08it/s, Saved at =inf, TrLoss=0.1714]
 Training FV-otc-s4-t5:  96%|█████████▌| 48/50 [00:04<00:00, 12.08it/s, Saved at =inf, TrLoss=0.1706]
 Training FV-otc-s4-t5: 100%|██████████| 50/50 [00:04<00:00, 12.08it/s, Saved at =inf, TrLoss=0.1706]
 Training FV-otc-s4-t5: 100%|██████████| 50/50 [00:04<00:00, 12.08it/s, Saved at =inf, TrLoss=0.1706]

 Training FV-otc-s4-t6:   0%|          | 0/50 [00:00<?, ?it/s]
 Training FV-otc-s4-t6:   0%|          | 0/50 [00:00<?, ?it/s, Saved at =inf, TrLoss=0.6962]
 Training FV-otc-s4-t6:   0%|          | 0/50 [00:00<?, ?it/s, Saved at =inf, TrLoss=0.5905]
 Training FV-otc-s4-t6:   4%|▍         | 2/50 [00:00<00:04, 10.50it/s, Saved at =inf, TrLoss=0.5905]
 Training FV-otc-s4-t6:   4%|▍         | 2/50 [00:00<00:04, 10.50it/s, Saved at =inf, TrLoss=0.4984]
 Training FV-otc-s4-t6:   4%|▍         | 2/50 [00:00<00:04, 10.50it/s, Saved at =inf, TrLoss=0.4327]
 Training FV-otc-s4-t6:   8%|▊         | 4/50 [00:00<00:04, 10.63it/s, Saved at =inf, TrLoss=0.4327]
 Training FV-otc-s4-t6:   8%|▊         | 4/50 [00:00<00:04, 10.63it/s, Saved at =inf, TrLoss=0.4235]
 Training FV-otc-s4-t6:   8%|▊         | 4/50 [00:00<00:04, 10.63it/s, Saved at =inf, TrLoss=0.4097]
 Training FV-otc-s4-t6:  12%|█▏        | 6/50 [00:00<00:04, 10.67it/s, Saved at =inf, TrLoss=0.4097]
 Training FV-otc-s4-t6:  12%|█▏        | 6/50 [00:00<00:04, 10.67it/s, Saved at =inf, TrLoss=0.3973]
 Training FV-otc-s4-t6:  12%|█▏        | 6/50 [00:00<00:04, 10.67it/s, Saved at =inf, TrLoss=0.3572]
 Training FV-otc-s4-t6:  16%|█▌        | 8/50 [00:00<00:03, 10.66it/s, Saved at =inf, TrLoss=0.3572]
 Training FV-otc-s4-t6:  16%|█▌        | 8/50 [00:00<00:03, 10.66it/s, Saved at =inf, TrLoss=0.3253]
 Training FV-otc-s4-t6:  16%|█▌        | 8/50 [00:00<00:03, 10.66it/s, Saved at =inf, TrLoss=0.3043]
 Training FV-otc-s4-t6:  20%|██        | 10/50 [00:00<00:03, 10.68it/s, Saved at =inf, TrLoss=0.3043]
 Training FV-otc-s4-t6:  20%|██        | 10/50 [00:01<00:03, 10.68it/s, Saved at =inf, TrLoss=0.2843]
 Training FV-otc-s4-t6:  20%|██        | 10/50 [00:01<00:03, 10.68it/s, Saved at =inf, TrLoss=0.2702]
 Training FV-otc-s4-t6:  24%|██▍       | 12/50 [00:01<00:03, 10.66it/s, Saved at =inf, TrLoss=0.2702]
 Training FV-otc-s4-t6:  24%|██▍       | 12/50 [00:01<00:03, 10.66it/s, Saved at =inf, TrLoss=0.2847]
 Training FV-otc-s4-t6:  24%|██▍       | 12/50 [00:01<00:03, 10.66it/s, Saved at =inf, TrLoss=0.3014]
 Training FV-otc-s4-t6:  28%|██▊       | 14/50 [00:01<00:03, 10.68it/s, Saved at =inf, TrLoss=0.3014]
 Training FV-otc-s4-t6:  28%|██▊       | 14/50 [00:01<00:03, 10.68it/s, Saved at =inf, TrLoss=0.2728]
 Training FV-otc-s4-t6:  28%|██▊       | 14/50 [00:01<00:03, 10.68it/s, Saved at =inf, TrLoss=0.2593]
 Training FV-otc-s4-t6:  32%|███▏      | 16/50 [00:01<00:03, 10.69it/s, Saved at =inf, TrLoss=0.2593]
 Training FV-otc-s4-t6:  32%|███▏      | 16/50 [00:01<00:03, 10.69it/s, Saved at =inf, TrLoss=0.2594]
 Training FV-otc-s4-t6:  32%|███▏      | 16/50 [00:01<00:03, 10.69it/s, Saved at =inf, TrLoss=0.2405]
 Training FV-otc-s4-t6:  36%|███▌      | 18/50 [00:01<00:02, 10.70it/s, Saved at =inf, TrLoss=0.2405]
 Training FV-otc-s4-t6:  36%|███▌      | 18/50 [00:01<00:02, 10.70it/s, Saved at =inf, TrLoss=0.2543]
 Training FV-otc-s4-t6:  36%|███▌      | 18/50 [00:01<00:02, 10.70it/s, Saved at =inf, TrLoss=0.2401]
 Training FV-otc-s4-t6:  40%|████      | 20/50 [00:01<00:02, 10.70it/s, Saved at =inf, TrLoss=0.2401]
 Training FV-otc-s4-t6:  40%|████      | 20/50 [00:01<00:02, 10.70it/s, Saved at =inf, TrLoss=0.2376]
 Training FV-otc-s4-t6:  40%|████      | 20/50 [00:02<00:02, 10.70it/s, Saved at =inf, TrLoss=0.2428]
 Training FV-otc-s4-t6:  44%|████▍     | 22/50 [00:02<00:02, 10.70it/s, Saved at =inf, TrLoss=0.2428]
 Training FV-otc-s4-t6:  44%|████▍     | 22/50 [00:02<00:02, 10.70it/s, Saved at =inf, TrLoss=0.2326]
 Training FV-otc-s4-t6:  44%|████▍     | 22/50 [00:02<00:02, 10.70it/s, Saved at =inf, TrLoss=0.2243]
 Training FV-otc-s4-t6:  48%|████▊     | 24/50 [00:02<00:02, 10.71it/s, Saved at =inf, TrLoss=0.2243]
 Training FV-otc-s4-t6:  48%|████▊     | 24/50 [00:02<00:02, 10.71it/s, Saved at =inf, TrLoss=0.2234]
 Training FV-otc-s4-t6:  48%|████▊     | 24/50 [00:02<00:02, 10.71it/s, Saved at =inf, TrLoss=0.2211]
 Training FV-otc-s4-t6:  52%|█████▏    | 26/50 [00:02<00:02, 10.70it/s, Saved at =inf, TrLoss=0.2211]
 Training FV-otc-s4-t6:  52%|█████▏    | 26/50 [00:02<00:02, 10.70it/s, Saved at =inf, TrLoss=0.2186]
 Training FV-otc-s4-t6:  52%|█████▏    | 26/50 [00:02<00:02, 10.70it/s, Saved at =inf, TrLoss=0.2192]
 Training FV-otc-s4-t6:  56%|█████▌    | 28/50 [00:02<00:02, 10.70it/s, Saved at =inf, TrLoss=0.2192]
 Training FV-otc-s4-t6:  56%|█████▌    | 28/50 [00:02<00:02, 10.70it/s, Saved at =inf, TrLoss=0.2118]
 Training FV-otc-s4-t6:  56%|█████▌    | 28/50 [00:02<00:02, 10.70it/s, Saved at =inf, TrLoss=0.2170]
 Training FV-otc-s4-t6:  60%|██████    | 30/50 [00:02<00:01, 10.70it/s, Saved at =inf, TrLoss=0.2170]
 Training FV-otc-s4-t6:  60%|██████    | 30/50 [00:02<00:01, 10.70it/s, Saved at =inf, TrLoss=0.2098]
 Training FV-otc-s4-t6:  60%|██████    | 30/50 [00:02<00:01, 10.70it/s, Saved at =inf, TrLoss=0.2078]
 Training FV-otc-s4-t6:  64%|██████▍   | 32/50 [00:02<00:01, 10.71it/s, Saved at =inf, TrLoss=0.2078]
 Training FV-otc-s4-t6:  64%|██████▍   | 32/50 [00:03<00:01, 10.71it/s, Saved at =inf, TrLoss=0.2049]
 Training FV-otc-s4-t6:  64%|██████▍   | 32/50 [00:03<00:01, 10.71it/s, Saved at =inf, TrLoss=0.2045]
 Training FV-otc-s4-t6:  68%|██████▊   | 34/50 [00:03<00:01, 10.71it/s, Saved at =inf, TrLoss=0.2045]
 Training FV-otc-s4-t6:  68%|██████▊   | 34/50 [00:03<00:01, 10.71it/s, Saved at =inf, TrLoss=0.2086]
 Training FV-otc-s4-t6:  68%|██████▊   | 34/50 [00:03<00:01, 10.71it/s, Saved at =inf, TrLoss=0.1994]
 Training FV-otc-s4-t6:  72%|███████▏  | 36/50 [00:03<00:01, 10.71it/s, Saved at =inf, TrLoss=0.1994]
 Training FV-otc-s4-t6:  72%|███████▏  | 36/50 [00:03<00:01, 10.71it/s, Saved at =inf, TrLoss=0.2045]
 Training FV-otc-s4-t6:  72%|███████▏  | 36/50 [00:03<00:01, 10.71it/s, Saved at =inf, TrLoss=0.2004]
 Training FV-otc-s4-t6:  76%|███████▌  | 38/50 [00:03<00:01, 10.71it/s, Saved at =inf, TrLoss=0.2004]
 Training FV-otc-s4-t6:  76%|███████▌  | 38/50 [00:03<00:01, 10.71it/s, Saved at =inf, TrLoss=0.2006]
 Training FV-otc-s4-t6:  76%|███████▌  | 38/50 [00:03<00:01, 10.71it/s, Saved at =inf, TrLoss=0.1998]
 Training FV-otc-s4-t6:  80%|████████  | 40/50 [00:03<00:00, 10.71it/s, Saved at =inf, TrLoss=0.1998]
 Training FV-otc-s4-t6:  80%|████████  | 40/50 [00:03<00:00, 10.71it/s, Saved at =inf, TrLoss=0.1893]
 Training FV-otc-s4-t6:  80%|████████  | 40/50 [00:03<00:00, 10.71it/s, Saved at =inf, TrLoss=0.1949]
 Training FV-otc-s4-t6:  84%|████████▍ | 42/50 [00:03<00:00, 10.71it/s, Saved at =inf, TrLoss=0.1949]
 Training FV-otc-s4-t6:  84%|████████▍ | 42/50 [00:03<00:00, 10.71it/s, Saved at =inf, TrLoss=0.1867]
 Training FV-otc-s4-t6:  84%|████████▍ | 42/50 [00:04<00:00, 10.71it/s, Saved at =inf, TrLoss=0.1890]
 Training FV-otc-s4-t6:  88%|████████▊ | 44/50 [00:04<00:00, 10.70it/s, Saved at =inf, TrLoss=0.1890]
 Training FV-otc-s4-t6:  88%|████████▊ | 44/50 [00:04<00:00, 10.70it/s, Saved at =inf, TrLoss=0.1854]
 Training FV-otc-s4-t6:  88%|████████▊ | 44/50 [00:04<00:00, 10.70it/s, Saved at =inf, TrLoss=0.1849]
 Training FV-otc-s4-t6:  92%|█████████▏| 46/50 [00:04<00:00, 10.70it/s, Saved at =inf, TrLoss=0.1849]
 Training FV-otc-s4-t6:  92%|█████████▏| 46/50 [00:04<00:00, 10.70it/s, Saved at =inf, TrLoss=0.1913]
 Training FV-otc-s4-t6:  92%|█████████▏| 46/50 [00:04<00:00, 10.70it/s, Saved at =inf, TrLoss=0.1812]
 Training FV-otc-s4-t6:  96%|█████████▌| 48/50 [00:04<00:00, 10.70it/s, Saved at =inf, TrLoss=0.1812]
 Training FV-otc-s4-t6:  96%|█████████▌| 48/50 [00:04<00:00, 10.70it/s, Saved at =inf, TrLoss=0.1877]
 Training FV-otc-s4-t6:  96%|█████████▌| 48/50 [00:04<00:00, 10.70it/s, Saved at =inf, TrLoss=0.1772]
 Training FV-otc-s4-t6: 100%|██████████| 50/50 [00:04<00:00, 10.71it/s, Saved at =inf, TrLoss=0.1772]
 Training FV-otc-s4-t6: 100%|██████████| 50/50 [00:04<00:00, 10.69it/s, Saved at =inf, TrLoss=0.1772]

 Training FV-otc-s4-t7:   0%|          | 0/50 [00:00<?, ?it/s]
 Training FV-otc-s4-t7:   0%|          | 0/50 [00:00<?, ?it/s, Saved at =inf, TrLoss=0.6894]
 Training FV-otc-s4-t7:   2%|▏         | 1/50 [00:00<00:07,  6.83it/s, Saved at =inf, TrLoss=0.6894]
 Training FV-otc-s4-t7:   2%|▏         | 1/50 [00:00<00:07,  6.83it/s, Saved at =inf, TrLoss=0.6593]
 Training FV-otc-s4-t7:   4%|▍         | 2/50 [00:00<00:07,  6.25it/s, Saved at =inf, TrLoss=0.6593]
 Training FV-otc-s4-t7:   4%|▍         | 2/50 [00:00<00:07,  6.25it/s, Saved at =inf, TrLoss=0.6793]
 Training FV-otc-s4-t7:   6%|▌         | 3/50 [00:00<00:07,  6.06it/s, Saved at =inf, TrLoss=0.6793]
 Training FV-otc-s4-t7:   6%|▌         | 3/50 [00:00<00:07,  6.06it/s, Saved at =inf, TrLoss=0.5581]
 Training FV-otc-s4-t7:   8%|▊         | 4/50 [00:00<00:07,  6.35it/s, Saved at =inf, TrLoss=0.5581]
 Training FV-otc-s4-t7:   8%|▊         | 4/50 [00:00<00:07,  6.35it/s, Saved at =inf, TrLoss=0.4691]
 Training FV-otc-s4-t7:  10%|█         | 5/50 [00:00<00:06,  6.75it/s, Saved at =inf, TrLoss=0.4691]
 Training FV-otc-s4-t7:  10%|█         | 5/50 [00:00<00:06,  6.75it/s, Saved at =inf, TrLoss=0.5048]
 Training FV-otc-s4-t7:  12%|█▏        | 6/50 [00:00<00:06,  6.97it/s, Saved at =inf, TrLoss=0.5048]
 Training FV-otc-s4-t7:  12%|█▏        | 6/50 [00:00<00:06,  6.97it/s, Saved at =inf, TrLoss=0.4910]
 Training FV-otc-s4-t7:  14%|█▍        | 7/50 [00:01<00:06,  7.14it/s, Saved at =inf, TrLoss=0.4910]
 Training FV-otc-s4-t7:  14%|█▍        | 7/50 [00:01<00:06,  7.14it/s, Saved at =inf, TrLoss=0.4054]
 Training FV-otc-s4-t7:  16%|█▌        | 8/50 [00:01<00:05,  7.26it/s, Saved at =inf, TrLoss=0.4054]
 Training FV-otc-s4-t7:  16%|█▌        | 8/50 [00:01<00:05,  7.26it/s, Saved at =inf, TrLoss=0.3655]
 Training FV-otc-s4-t7:  18%|█▊        | 9/50 [00:01<00:05,  7.60it/s, Saved at =inf, TrLoss=0.3655]
 Training FV-otc-s4-t7:  18%|█▊        | 9/50 [00:01<00:05,  7.60it/s, Saved at =inf, TrLoss=0.3788]
 Training FV-otc-s4-t7:  20%|██        | 10/50 [00:01<00:05,  7.76it/s, Saved at =inf, TrLoss=0.3788]
 Training FV-otc-s4-t7:  20%|██        | 10/50 [00:01<00:05,  7.76it/s, Saved at =inf, TrLoss=0.3430]
 Training FV-otc-s4-t7:  22%|██▏       | 11/50 [00:01<00:04,  7.97it/s, Saved at =inf, TrLoss=0.3430]
 Training FV-otc-s4-t7:  22%|██▏       | 11/50 [00:01<00:04,  7.97it/s, Saved at =inf, TrLoss=0.3530]
 Training FV-otc-s4-t7:  24%|██▍       | 12/50 [00:01<00:04,  8.05it/s, Saved at =inf, TrLoss=0.3530]
 Training FV-otc-s4-t7:  24%|██▍       | 12/50 [00:01<00:04,  8.05it/s, Saved at =inf, TrLoss=0.3435]
 Training FV-otc-s4-t7:  26%|██▌       | 13/50 [00:01<00:04,  7.88it/s, Saved at =inf, TrLoss=0.3435]
 Training FV-otc-s4-t7:  26%|██▌       | 13/50 [00:01<00:04,  7.88it/s, Saved at =inf, TrLoss=0.3108]
 Training FV-otc-s4-t7:  28%|██▊       | 14/50 [00:01<00:04,  7.77it/s, Saved at =inf, TrLoss=0.3108]
 Training FV-otc-s4-t7:  28%|██▊       | 14/50 [00:01<00:04,  7.77it/s, Saved at =inf, TrLoss=0.3025]
 Training FV-otc-s4-t7:  30%|███       | 15/50 [00:02<00:04,  7.69it/s, Saved at =inf, TrLoss=0.3025]
 Training FV-otc-s4-t7:  30%|███       | 15/50 [00:02<00:04,  7.69it/s, Saved at =inf, TrLoss=0.2961]
 Training FV-otc-s4-t7:  32%|███▏      | 16/50 [00:02<00:04,  7.64it/s, Saved at =inf, TrLoss=0.2961]
 Training FV-otc-s4-t7:  32%|███▏      | 16/50 [00:02<00:04,  7.64it/s, Saved at =inf, TrLoss=0.2879]
 Training FV-otc-s4-t7:  34%|███▍      | 17/50 [00:02<00:04,  7.73it/s, Saved at =inf, TrLoss=0.2879]
 Training FV-otc-s4-t7:  34%|███▍      | 17/50 [00:02<00:04,  7.73it/s, Saved at =inf, TrLoss=0.2832]
 Training FV-otc-s4-t7:  36%|███▌      | 18/50 [00:02<00:03,  8.08it/s, Saved at =inf, TrLoss=0.2832]
 Training FV-otc-s4-t7:  36%|███▌      | 18/50 [00:02<00:03,  8.08it/s, Saved at =inf, TrLoss=0.2840]
 Training FV-otc-s4-t7:  38%|███▊      | 19/50 [00:02<00:03,  8.42it/s, Saved at =inf, TrLoss=0.2840]
 Training FV-otc-s4-t7:  38%|███▊      | 19/50 [00:02<00:03,  8.42it/s, Saved at =inf, TrLoss=0.2722]
 Training FV-otc-s4-t7:  40%|████      | 20/50 [00:02<00:03,  8.67it/s, Saved at =inf, TrLoss=0.2722]
 Training FV-otc-s4-t7:  40%|████      | 20/50 [00:02<00:03,  8.67it/s, Saved at =inf, TrLoss=0.2772]
 Training FV-otc-s4-t7:  42%|████▏     | 21/50 [00:02<00:03,  8.84it/s, Saved at =inf, TrLoss=0.2772]
 Training FV-otc-s4-t7:  42%|████▏     | 21/50 [00:02<00:03,  8.84it/s, Saved at =inf, TrLoss=0.2685]
 Training FV-otc-s4-t7:  44%|████▍     | 22/50 [00:02<00:03,  8.96it/s, Saved at =inf, TrLoss=0.2685]
 Training FV-otc-s4-t7:  44%|████▍     | 22/50 [00:02<00:03,  8.96it/s, Saved at =inf, TrLoss=0.2601]
 Training FV-otc-s4-t7:  46%|████▌     | 23/50 [00:02<00:02,  9.06it/s, Saved at =inf, TrLoss=0.2601]
 Training FV-otc-s4-t7:  46%|████▌     | 23/50 [00:03<00:02,  9.06it/s, Saved at =inf, TrLoss=0.2494]
 Training FV-otc-s4-t7:  48%|████▊     | 24/50 [00:03<00:02,  9.14it/s, Saved at =inf, TrLoss=0.2494]
 Training FV-otc-s4-t7:  48%|████▊     | 24/50 [00:03<00:02,  9.14it/s, Saved at =inf, TrLoss=0.2472]
 Training FV-otc-s4-t7:  50%|█████     | 25/50 [00:03<00:02,  9.20it/s, Saved at =inf, TrLoss=0.2472]
 Training FV-otc-s4-t7:  50%|█████     | 25/50 [00:03<00:02,  9.20it/s, Saved at =inf, TrLoss=0.2412]
 Training FV-otc-s4-t7:  52%|█████▏    | 26/50 [00:03<00:02,  9.24it/s, Saved at =inf, TrLoss=0.2412]
 Training FV-otc-s4-t7:  52%|█████▏    | 26/50 [00:03<00:02,  9.24it/s, Saved at =inf, TrLoss=0.2396]
 Training FV-otc-s4-t7:  54%|█████▍    | 27/50 [00:03<00:02,  9.26it/s, Saved at =inf, TrLoss=0.2396]
 Training FV-otc-s4-t7:  54%|█████▍    | 27/50 [00:03<00:02,  9.26it/s, Saved at =inf, TrLoss=0.2361]
 Training FV-otc-s4-t7:  56%|█████▌    | 28/50 [00:03<00:02,  9.28it/s, Saved at =inf, TrLoss=0.2361]
 Training FV-otc-s4-t7:  56%|█████▌    | 28/50 [00:03<00:02,  9.28it/s, Saved at =inf, TrLoss=0.2320]
 Training FV-otc-s4-t7:  58%|█████▊    | 29/50 [00:03<00:02,  9.30it/s, Saved at =inf, TrLoss=0.2320]
 Training FV-otc-s4-t7:  58%|█████▊    | 29/50 [00:03<00:02,  9.30it/s, Saved at =inf, TrLoss=0.2271]
 Training FV-otc-s4-t7:  60%|██████    | 30/50 [00:03<00:02,  9.31it/s, Saved at =inf, TrLoss=0.2271]
 Training FV-otc-s4-t7:  60%|██████    | 30/50 [00:03<00:02,  9.31it/s, Saved at =inf, TrLoss=0.2270]
 Training FV-otc-s4-t7:  62%|██████▏   | 31/50 [00:03<00:02,  9.31it/s, Saved at =inf, TrLoss=0.2270]
 Training FV-otc-s4-t7:  62%|██████▏   | 31/50 [00:03<00:02,  9.31it/s, Saved at =inf, TrLoss=0.2257]
 Training FV-otc-s4-t7:  64%|██████▍   | 32/50 [00:03<00:01,  9.32it/s, Saved at =inf, TrLoss=0.2257]
 Training FV-otc-s4-t7:  64%|██████▍   | 32/50 [00:03<00:01,  9.32it/s, Saved at =inf, TrLoss=0.2195]
 Training FV-otc-s4-t7:  66%|██████▌   | 33/50 [00:04<00:01,  9.33it/s, Saved at =inf, TrLoss=0.2195]
 Training FV-otc-s4-t7:  66%|██████▌   | 33/50 [00:04<00:01,  9.33it/s, Saved at =inf, TrLoss=0.2213]
 Training FV-otc-s4-t7:  68%|██████▊   | 34/50 [00:04<00:01,  9.33it/s, Saved at =inf, TrLoss=0.2213]
 Training FV-otc-s4-t7:  68%|██████▊   | 34/50 [00:04<00:01,  9.33it/s, Saved at =inf, TrLoss=0.2239]
 Training FV-otc-s4-t7:  70%|███████   | 35/50 [00:04<00:01,  9.33it/s, Saved at =inf, TrLoss=0.2239]
 Training FV-otc-s4-t7:  70%|███████   | 35/50 [00:04<00:01,  9.33it/s, Saved at =inf, TrLoss=0.2121]
 Training FV-otc-s4-t7:  72%|███████▏  | 36/50 [00:04<00:01,  9.33it/s, Saved at =inf, TrLoss=0.2121]
 Training FV-otc-s4-t7:  72%|███████▏  | 36/50 [00:04<00:01,  9.33it/s, Saved at =inf, TrLoss=0.2111]
 Training FV-otc-s4-t7:  74%|███████▍  | 37/50 [00:04<00:01,  9.33it/s, Saved at =inf, TrLoss=0.2111]
 Training FV-otc-s4-t7:  74%|███████▍  | 37/50 [00:04<00:01,  9.33it/s, Saved at =inf, TrLoss=0.2079]
 Training FV-otc-s4-t7:  76%|███████▌  | 38/50 [00:04<00:01,  9.27it/s, Saved at =inf, TrLoss=0.2079]
 Training FV-otc-s4-t7:  76%|███████▌  | 38/50 [00:04<00:01,  9.27it/s, Saved at =inf, TrLoss=0.2049]
 Training FV-otc-s4-t7:  78%|███████▊  | 39/50 [00:04<00:01,  9.29it/s, Saved at =inf, TrLoss=0.2049]
 Training FV-otc-s4-t7:  78%|███████▊  | 39/50 [00:04<00:01,  9.29it/s, Saved at =inf, TrLoss=0.2071]
 Training FV-otc-s4-t7:  80%|████████  | 40/50 [00:04<00:01,  9.30it/s, Saved at =inf, TrLoss=0.2071]
 Training FV-otc-s4-t7:  80%|████████  | 40/50 [00:04<00:01,  9.30it/s, Saved at =inf, TrLoss=0.1977]
 Training FV-otc-s4-t7:  82%|████████▏ | 41/50 [00:04<00:00,  9.31it/s, Saved at =inf, TrLoss=0.1977]
 Training FV-otc-s4-t7:  82%|████████▏ | 41/50 [00:04<00:00,  9.31it/s, Saved at =inf, TrLoss=0.1997]
 Training FV-otc-s4-t7:  84%|████████▍ | 42/50 [00:04<00:00,  9.25it/s, Saved at =inf, TrLoss=0.1997]
 Training FV-otc-s4-t7:  84%|████████▍ | 42/50 [00:05<00:00,  9.25it/s, Saved at =inf, TrLoss=0.1943]
 Training FV-otc-s4-t7:  86%|████████▌ | 43/50 [00:05<00:00,  9.28it/s, Saved at =inf, TrLoss=0.1943]
 Training FV-otc-s4-t7:  86%|████████▌ | 43/50 [00:05<00:00,  9.28it/s, Saved at =inf, TrLoss=0.2030]
 Training FV-otc-s4-t7:  88%|████████▊ | 44/50 [00:05<00:00,  9.29it/s, Saved at =inf, TrLoss=0.2030]
 Training FV-otc-s4-t7:  88%|████████▊ | 44/50 [00:05<00:00,  9.29it/s, Saved at =inf, TrLoss=0.1984]
 Training FV-otc-s4-t7:  90%|█████████ | 45/50 [00:05<00:00,  9.26it/s, Saved at =inf, TrLoss=0.1984]
 Training FV-otc-s4-t7:  90%|█████████ | 45/50 [00:05<00:00,  9.26it/s, Saved at =inf, TrLoss=0.2006]
 Training FV-otc-s4-t7:  92%|█████████▏| 46/50 [00:05<00:00,  9.27it/s, Saved at =inf, TrLoss=0.2006]
 Training FV-otc-s4-t7:  92%|█████████▏| 46/50 [00:05<00:00,  9.27it/s, Saved at =inf, TrLoss=0.1993]
 Training FV-otc-s4-t7:  94%|█████████▍| 47/50 [00:05<00:00,  9.07it/s, Saved at =inf, TrLoss=0.1993]
 Training FV-otc-s4-t7:  94%|█████████▍| 47/50 [00:05<00:00,  9.07it/s, Saved at =inf, TrLoss=0.1928]
 Training FV-otc-s4-t7:  96%|█████████▌| 48/50 [00:05<00:00,  9.05it/s, Saved at =inf, TrLoss=0.1928]
 Training FV-otc-s4-t7:  96%|█████████▌| 48/50 [00:05<00:00,  9.05it/s, Saved at =inf, TrLoss=0.2001]
 Training FV-otc-s4-t7:  98%|█████████▊| 49/50 [00:05<00:00,  9.06it/s, Saved at =inf, TrLoss=0.2001]
 Training FV-otc-s4-t7:  98%|█████████▊| 49/50 [00:05<00:00,  9.06it/s, Saved at =inf, TrLoss=0.1817]
 Training FV-otc-s4-t7: 100%|██████████| 50/50 [00:05<00:00,  9.12it/s, Saved at =inf, TrLoss=0.1817]
 Training FV-otc-s4-t7: 100%|██████████| 50/50 [00:05<00:00,  8.52it/s, Saved at =inf, TrLoss=0.1817]

 Training FV-otc-s4-t8:   0%|          | 0/50 [00:00<?, ?it/s]
 Training FV-otc-s4-t8:   0%|          | 0/50 [00:00<?, ?it/s, Saved at =inf, TrLoss=0.7212]
 Training FV-otc-s4-t8:   2%|▏         | 1/50 [00:00<00:06,  7.74it/s, Saved at =inf, TrLoss=0.7212]
 Training FV-otc-s4-t8:   2%|▏         | 1/50 [00:00<00:06,  7.74it/s, Saved at =inf, TrLoss=0.7883]
 Training FV-otc-s4-t8:   4%|▍         | 2/50 [00:00<00:06,  7.95it/s, Saved at =inf, TrLoss=0.7883]
 Training FV-otc-s4-t8:   4%|▍         | 2/50 [00:00<00:06,  7.95it/s, Saved at =inf, TrLoss=0.6035]
 Training FV-otc-s4-t8:   6%|▌         | 3/50 [00:00<00:05,  8.02it/s, Saved at =inf, TrLoss=0.6035]
 Training FV-otc-s4-t8:   6%|▌         | 3/50 [00:00<00:05,  8.02it/s, Saved at =inf, TrLoss=0.5991]
 Training FV-otc-s4-t8:   8%|▊         | 4/50 [00:00<00:05,  7.84it/s, Saved at =inf, TrLoss=0.5991]
 Training FV-otc-s4-t8:   8%|▊         | 4/50 [00:00<00:05,  7.84it/s, Saved at =inf, TrLoss=0.5429]
 Training FV-otc-s4-t8:  10%|█         | 5/50 [00:00<00:05,  7.90it/s, Saved at =inf, TrLoss=0.5429]
 Training FV-otc-s4-t8:  10%|█         | 5/50 [00:00<00:05,  7.90it/s, Saved at =inf, TrLoss=0.4989]
 Training FV-otc-s4-t8:  12%|█▏        | 6/50 [00:00<00:05,  7.95it/s, Saved at =inf, TrLoss=0.4989]
 Training FV-otc-s4-t8:  12%|█▏        | 6/50 [00:00<00:05,  7.95it/s, Saved at =inf, TrLoss=0.4820]
 Training FV-otc-s4-t8:  14%|█▍        | 7/50 [00:00<00:05,  7.99it/s, Saved at =inf, TrLoss=0.4820]
 Training FV-otc-s4-t8:  14%|█▍        | 7/50 [00:00<00:05,  7.99it/s, Saved at =inf, TrLoss=0.4272]
 Training FV-otc-s4-t8:  16%|█▌        | 8/50 [00:01<00:05,  8.00it/s, Saved at =inf, TrLoss=0.4272]
 Training FV-otc-s4-t8:  16%|█▌        | 8/50 [00:01<00:05,  8.00it/s, Saved at =inf, TrLoss=0.4122]
 Training FV-otc-s4-t8:  18%|█▊        | 9/50 [00:01<00:05,  8.01it/s, Saved at =inf, TrLoss=0.4122]
 Training FV-otc-s4-t8:  18%|█▊        | 9/50 [00:01<00:05,  8.01it/s, Saved at =inf, TrLoss=0.3677]
 Training FV-otc-s4-t8:  20%|██        | 10/50 [00:01<00:04,  8.02it/s, Saved at =inf, TrLoss=0.3677]
 Training FV-otc-s4-t8:  20%|██        | 10/50 [00:01<00:04,  8.02it/s, Saved at =inf, TrLoss=0.4060]
 Training FV-otc-s4-t8:  22%|██▏       | 11/50 [00:01<00:04,  8.03it/s, Saved at =inf, TrLoss=0.4060]
 Training FV-otc-s4-t8:  22%|██▏       | 11/50 [00:01<00:04,  8.03it/s, Saved at =inf, TrLoss=0.3620]
 Training FV-otc-s4-t8:  24%|██▍       | 12/50 [00:01<00:04,  8.03it/s, Saved at =inf, TrLoss=0.3620]
 Training FV-otc-s4-t8:  24%|██▍       | 12/50 [00:01<00:04,  8.03it/s, Saved at =inf, TrLoss=0.3707]
 Training FV-otc-s4-t8:  26%|██▌       | 13/50 [00:01<00:04,  7.88it/s, Saved at =inf, TrLoss=0.3707]
 Training FV-otc-s4-t8:  26%|██▌       | 13/50 [00:01<00:04,  7.88it/s, Saved at =inf, TrLoss=0.3242]
 Training FV-otc-s4-t8:  28%|██▊       | 14/50 [00:01<00:04,  7.46it/s, Saved at =inf, TrLoss=0.3242]
 Training FV-otc-s4-t8:  28%|██▊       | 14/50 [00:01<00:04,  7.46it/s, Saved at =inf, TrLoss=0.3287]
 Training FV-otc-s4-t8:  30%|███       | 15/50 [00:01<00:04,  7.20it/s, Saved at =inf, TrLoss=0.3287]
 Training FV-otc-s4-t8:  30%|███       | 15/50 [00:02<00:04,  7.20it/s, Saved at =inf, TrLoss=0.3159]
 Training FV-otc-s4-t8:  32%|███▏      | 16/50 [00:02<00:04,  7.03it/s, Saved at =inf, TrLoss=0.3159]
 Training FV-otc-s4-t8:  32%|███▏      | 16/50 [00:02<00:04,  7.03it/s, Saved at =inf, TrLoss=0.3283]
 Training FV-otc-s4-t8:  34%|███▍      | 17/50 [00:02<00:04,  6.79it/s, Saved at =inf, TrLoss=0.3283]
 Training FV-otc-s4-t8:  34%|███▍      | 17/50 [00:02<00:04,  6.79it/s, Saved at =inf, TrLoss=0.3003]
 Training FV-otc-s4-t8:  36%|███▌      | 18/50 [00:02<00:04,  6.60it/s, Saved at =inf, TrLoss=0.3003]
 Training FV-otc-s4-t8:  36%|███▌      | 18/50 [00:02<00:04,  6.60it/s, Saved at =inf, TrLoss=0.3047]
 Training FV-otc-s4-t8:  38%|███▊      | 19/50 [00:02<00:04,  6.62it/s, Saved at =inf, TrLoss=0.3047]
 Training FV-otc-s4-t8:  38%|███▊      | 19/50 [00:02<00:04,  6.62it/s, Saved at =inf, TrLoss=0.2851]
 Training FV-otc-s4-t8:  40%|████      | 20/50 [00:02<00:04,  6.63it/s, Saved at =inf, TrLoss=0.2851]
 Training FV-otc-s4-t8:  40%|████      | 20/50 [00:02<00:04,  6.63it/s, Saved at =inf, TrLoss=0.2871]
 Training FV-otc-s4-t8:  42%|████▏     | 21/50 [00:02<00:04,  6.64it/s, Saved at =inf, TrLoss=0.2871]
 Training FV-otc-s4-t8:  42%|████▏     | 21/50 [00:02<00:04,  6.64it/s, Saved at =inf, TrLoss=0.2758]
 Training FV-otc-s4-t8:  44%|████▍     | 22/50 [00:03<00:04,  6.64it/s, Saved at =inf, TrLoss=0.2758]
 Training FV-otc-s4-t8:  44%|████▍     | 22/50 [00:03<00:04,  6.64it/s, Saved at =inf, TrLoss=0.2861]
 Training FV-otc-s4-t8:  46%|████▌     | 23/50 [00:03<00:04,  6.65it/s, Saved at =inf, TrLoss=0.2861]
 Training FV-otc-s4-t8:  46%|████▌     | 23/50 [00:03<00:04,  6.65it/s, Saved at =inf, TrLoss=0.2606]
 Training FV-otc-s4-t8:  48%|████▊     | 24/50 [00:03<00:03,  6.65it/s, Saved at =inf, TrLoss=0.2606]
 Training FV-otc-s4-t8:  48%|████▊     | 24/50 [00:03<00:03,  6.65it/s, Saved at =inf, TrLoss=0.2781]
 Training FV-otc-s4-t8:  50%|█████     | 25/50 [00:03<00:03,  6.87it/s, Saved at =inf, TrLoss=0.2781]
 Training FV-otc-s4-t8:  50%|█████     | 25/50 [00:03<00:03,  6.87it/s, Saved at =inf, TrLoss=0.2548]
 Training FV-otc-s4-t8:  52%|█████▏    | 26/50 [00:03<00:03,  7.18it/s, Saved at =inf, TrLoss=0.2548]
 Training FV-otc-s4-t8:  52%|█████▏    | 26/50 [00:03<00:03,  7.18it/s, Saved at =inf, TrLoss=0.2688]
 Training FV-otc-s4-t8:  54%|█████▍    | 27/50 [00:03<00:03,  7.44it/s, Saved at =inf, TrLoss=0.2688]
 Training FV-otc-s4-t8:  54%|█████▍    | 27/50 [00:03<00:03,  7.44it/s, Saved at =inf, TrLoss=0.2586]
 Training FV-otc-s4-t8:  56%|█████▌    | 28/50 [00:03<00:02,  7.62it/s, Saved at =inf, TrLoss=0.2586]
 Training FV-otc-s4-t8:  56%|█████▌    | 28/50 [00:03<00:02,  7.62it/s, Saved at =inf, TrLoss=0.2521]
 Training FV-otc-s4-t8:  58%|█████▊    | 29/50 [00:03<00:02,  7.76it/s, Saved at =inf, TrLoss=0.2521]
 Training FV-otc-s4-t8:  58%|█████▊    | 29/50 [00:04<00:02,  7.76it/s, Saved at =inf, TrLoss=0.2465]
 Training FV-otc-s4-t8:  60%|██████    | 30/50 [00:04<00:02,  7.85it/s, Saved at =inf, TrLoss=0.2465]
 Training FV-otc-s4-t8:  60%|██████    | 30/50 [00:04<00:02,  7.85it/s, Saved at =inf, TrLoss=0.2451]
 Training FV-otc-s4-t8:  62%|██████▏   | 31/50 [00:04<00:02,  7.92it/s, Saved at =inf, TrLoss=0.2451]
 Training FV-otc-s4-t8:  62%|██████▏   | 31/50 [00:04<00:02,  7.92it/s, Saved at =inf, TrLoss=0.2433]
 Training FV-otc-s4-t8:  64%|██████▍   | 32/50 [00:04<00:02,  7.97it/s, Saved at =inf, TrLoss=0.2433]
 Training FV-otc-s4-t8:  64%|██████▍   | 32/50 [00:04<00:02,  7.97it/s, Saved at =inf, TrLoss=0.2399]
 Training FV-otc-s4-t8:  66%|██████▌   | 33/50 [00:04<00:02,  7.95it/s, Saved at =inf, TrLoss=0.2399]
 Training FV-otc-s4-t8:  66%|██████▌   | 33/50 [00:04<00:02,  7.95it/s, Saved at =inf, TrLoss=0.2354]
 Training FV-otc-s4-t8:  68%|██████▊   | 34/50 [00:04<00:02,  7.34it/s, Saved at =inf, TrLoss=0.2354]
 Training FV-otc-s4-t8:  68%|██████▊   | 34/50 [00:04<00:02,  7.34it/s, Saved at =inf, TrLoss=0.2371]
 Training FV-otc-s4-t8:  70%|███████   | 35/50 [00:04<00:02,  7.24it/s, Saved at =inf, TrLoss=0.2371]
 Training FV-otc-s4-t8:  70%|███████   | 35/50 [00:04<00:02,  7.24it/s, Saved at =inf, TrLoss=0.2343]
 Training FV-otc-s4-t8:  72%|███████▏  | 36/50 [00:04<00:01,  7.14it/s, Saved at =inf, TrLoss=0.2343]
 Training FV-otc-s4-t8:  72%|███████▏  | 36/50 [00:04<00:01,  7.14it/s, Saved at =inf, TrLoss=0.2345]
 Training FV-otc-s4-t8:  74%|███████▍  | 37/50 [00:05<00:01,  7.39it/s, Saved at =inf, TrLoss=0.2345]
 Training FV-otc-s4-t8:  74%|███████▍  | 37/50 [00:05<00:01,  7.39it/s, Saved at =inf, TrLoss=0.2333]
 Training FV-otc-s4-t8:  76%|███████▌  | 38/50 [00:05<00:01,  7.47it/s, Saved at =inf, TrLoss=0.2333]
 Training FV-otc-s4-t8:  76%|███████▌  | 38/50 [00:05<00:01,  7.47it/s, Saved at =inf, TrLoss=0.2289]
 Training FV-otc-s4-t8:  78%|███████▊  | 39/50 [00:05<00:01,  7.64it/s, Saved at =inf, TrLoss=0.2289]
 Training FV-otc-s4-t8:  78%|███████▊  | 39/50 [00:05<00:01,  7.64it/s, Saved at =inf, TrLoss=0.2314]
 Training FV-otc-s4-t8:  80%|████████  | 40/50 [00:05<00:01,  7.77it/s, Saved at =inf, TrLoss=0.2314]
 Training FV-otc-s4-t8:  80%|████████  | 40/50 [00:05<00:01,  7.77it/s, Saved at =inf, TrLoss=0.2220]
 Training FV-otc-s4-t8:  82%|████████▏ | 41/50 [00:05<00:01,  7.86it/s, Saved at =inf, TrLoss=0.2220]
 Training FV-otc-s4-t8:  82%|████████▏ | 41/50 [00:05<00:01,  7.86it/s, Saved at =inf, TrLoss=0.2294]
 Training FV-otc-s4-t8:  84%|████████▍ | 42/50 [00:05<00:01,  7.92it/s, Saved at =inf, TrLoss=0.2294]
 Training FV-otc-s4-t8:  84%|████████▍ | 42/50 [00:05<00:01,  7.92it/s, Saved at =inf, TrLoss=0.2211]
 Training FV-otc-s4-t8:  86%|████████▌ | 43/50 [00:05<00:00,  7.90it/s, Saved at =inf, TrLoss=0.2211]
 Training FV-otc-s4-t8:  86%|████████▌ | 43/50 [00:05<00:00,  7.90it/s, Saved at =inf, TrLoss=0.2259]
 Training FV-otc-s4-t8:  88%|████████▊ | 44/50 [00:05<00:00,  7.92it/s, Saved at =inf, TrLoss=0.2259]
 Training FV-otc-s4-t8:  88%|████████▊ | 44/50 [00:05<00:00,  7.92it/s, Saved at =inf, TrLoss=0.2236]
 Training FV-otc-s4-t8:  90%|█████████ | 45/50 [00:06<00:00,  7.97it/s, Saved at =inf, TrLoss=0.2236]
 Training FV-otc-s4-t8:  90%|█████████ | 45/50 [00:06<00:00,  7.97it/s, Saved at =inf, TrLoss=0.2221]
 Training FV-otc-s4-t8:  92%|█████████▏| 46/50 [00:06<00:00,  8.01it/s, Saved at =inf, TrLoss=0.2221]
 Training FV-otc-s4-t8:  92%|█████████▏| 46/50 [00:06<00:00,  8.01it/s, Saved at =inf, TrLoss=0.2236]
 Training FV-otc-s4-t8:  94%|█████████▍| 47/50 [00:06<00:00,  8.02it/s, Saved at =inf, TrLoss=0.2236]
 Training FV-otc-s4-t8:  94%|█████████▍| 47/50 [00:06<00:00,  8.02it/s, Saved at =inf, TrLoss=0.2143]
 Training FV-otc-s4-t8:  96%|█████████▌| 48/50 [00:06<00:00,  8.04it/s, Saved at =inf, TrLoss=0.2143]
 Training FV-otc-s4-t8:  96%|█████████▌| 48/50 [00:06<00:00,  8.04it/s, Saved at =inf, TrLoss=0.2243]
 Training FV-otc-s4-t8:  98%|█████████▊| 49/50 [00:06<00:00,  8.06it/s, Saved at =inf, TrLoss=0.2243]
 Training FV-otc-s4-t8:  98%|█████████▊| 49/50 [00:06<00:00,  8.06it/s, Saved at =inf, TrLoss=0.2073]
 Training FV-otc-s4-t8: 100%|██████████| 50/50 [00:06<00:00,  7.95it/s, Saved at =inf, TrLoss=0.2073]
 Training FV-otc-s4-t8: 100%|██████████| 50/50 [00:06<00:00,  7.54it/s, Saved at =inf, TrLoss=0.2073]

 Training FV-otc-s4-t9:   0%|          | 0/50 [00:00<?, ?it/s]
 Training FV-otc-s4-t9:   0%|          | 0/50 [00:00<?, ?it/s, Saved at =inf, TrLoss=0.9548]
 Training FV-otc-s4-t9:   2%|▏         | 1/50 [00:00<00:08,  6.09it/s, Saved at =inf, TrLoss=0.9548]
 Training FV-otc-s4-t9:   2%|▏         | 1/50 [00:00<00:08,  6.09it/s, Saved at =inf, TrLoss=0.7471]
 Training FV-otc-s4-t9:   4%|▍         | 2/50 [00:00<00:07,  6.56it/s, Saved at =inf, TrLoss=0.7471]
 Training FV-otc-s4-t9:   4%|▍         | 2/50 [00:00<00:07,  6.56it/s, Saved at =inf, TrLoss=0.7085]
 Training FV-otc-s4-t9:   6%|▌         | 3/50 [00:00<00:06,  6.73it/s, Saved at =inf, TrLoss=0.7085]
 Training FV-otc-s4-t9:   6%|▌         | 3/50 [00:00<00:06,  6.73it/s, Saved at =inf, TrLoss=0.6100]
 Training FV-otc-s4-t9:   8%|▊         | 4/50 [00:00<00:06,  6.80it/s, Saved at =inf, TrLoss=0.6100]
 Training FV-otc-s4-t9:   8%|▊         | 4/50 [00:00<00:06,  6.80it/s, Saved at =inf, TrLoss=0.6046]
 Training FV-otc-s4-t9:  10%|█         | 5/50 [00:00<00:06,  6.85it/s, Saved at =inf, TrLoss=0.6046]
 Training FV-otc-s4-t9:  10%|█         | 5/50 [00:00<00:06,  6.85it/s, Saved at =inf, TrLoss=0.5337]
 Training FV-otc-s4-t9:  12%|█▏        | 6/50 [00:00<00:06,  6.88it/s, Saved at =inf, TrLoss=0.5337]
 Training FV-otc-s4-t9:  12%|█▏        | 6/50 [00:00<00:06,  6.88it/s, Saved at =inf, TrLoss=0.4918]
 Training FV-otc-s4-t9:  14%|█▍        | 7/50 [00:01<00:06,  6.90it/s, Saved at =inf, TrLoss=0.4918]
 Training FV-otc-s4-t9:  14%|█▍        | 7/50 [00:01<00:06,  6.90it/s, Saved at =inf, TrLoss=0.4298]
 Training FV-otc-s4-t9:  16%|█▌        | 8/50 [00:01<00:06,  6.90it/s, Saved at =inf, TrLoss=0.4298]
 Training FV-otc-s4-t9:  16%|█▌        | 8/50 [00:01<00:06,  6.90it/s, Saved at =inf, TrLoss=0.4117]
 Training FV-otc-s4-t9:  18%|█▊        | 9/50 [00:01<00:05,  6.91it/s, Saved at =inf, TrLoss=0.4117]
 Training FV-otc-s4-t9:  18%|█▊        | 9/50 [00:01<00:05,  6.91it/s, Saved at =inf, TrLoss=0.3715]
 Training FV-otc-s4-t9:  20%|██        | 10/50 [00:01<00:05,  6.85it/s, Saved at =inf, TrLoss=0.3715]
 Training FV-otc-s4-t9:  20%|██        | 10/50 [00:01<00:05,  6.85it/s, Saved at =inf, TrLoss=0.3872]
 Training FV-otc-s4-t9:  22%|██▏       | 11/50 [00:01<00:05,  6.87it/s, Saved at =inf, TrLoss=0.3872]
 Training FV-otc-s4-t9:  22%|██▏       | 11/50 [00:01<00:05,  6.87it/s, Saved at =inf, TrLoss=0.3852]
 Training FV-otc-s4-t9:  24%|██▍       | 12/50 [00:01<00:05,  6.89it/s, Saved at =inf, TrLoss=0.3852]
 Training FV-otc-s4-t9:  24%|██▍       | 12/50 [00:01<00:05,  6.89it/s, Saved at =inf, TrLoss=0.3640]
 Training FV-otc-s4-t9:  26%|██▌       | 13/50 [00:01<00:05,  6.90it/s, Saved at =inf, TrLoss=0.3640]
 Training FV-otc-s4-t9:  26%|██▌       | 13/50 [00:02<00:05,  6.90it/s, Saved at =inf, TrLoss=0.3441]
 Training FV-otc-s4-t9:  28%|██▊       | 14/50 [00:02<00:05,  6.91it/s, Saved at =inf, TrLoss=0.3441]
 Training FV-otc-s4-t9:  28%|██▊       | 14/50 [00:02<00:05,  6.91it/s, Saved at =inf, TrLoss=0.3265]
 Training FV-otc-s4-t9:  30%|███       | 15/50 [00:02<00:05,  6.92it/s, Saved at =inf, TrLoss=0.3265]
 Training FV-otc-s4-t9:  30%|███       | 15/50 [00:02<00:05,  6.92it/s, Saved at =inf, TrLoss=0.3238]
 Training FV-otc-s4-t9:  32%|███▏      | 16/50 [00:02<00:04,  6.91it/s, Saved at =inf, TrLoss=0.3238]
 Training FV-otc-s4-t9:  32%|███▏      | 16/50 [00:02<00:04,  6.91it/s, Saved at =inf, TrLoss=0.3214]
 Training FV-otc-s4-t9:  34%|███▍      | 17/50 [00:02<00:04,  6.92it/s, Saved at =inf, TrLoss=0.3214]
 Training FV-otc-s4-t9:  34%|███▍      | 17/50 [00:02<00:04,  6.92it/s, Saved at =inf, TrLoss=0.3052]
 Training FV-otc-s4-t9:  36%|███▌      | 18/50 [00:02<00:04,  6.92it/s, Saved at =inf, TrLoss=0.3052]
 Training FV-otc-s4-t9:  36%|███▌      | 18/50 [00:02<00:04,  6.92it/s, Saved at =inf, TrLoss=0.3050]
 Training FV-otc-s4-t9:  38%|███▊      | 19/50 [00:02<00:04,  6.86it/s, Saved at =inf, TrLoss=0.3050]
 Training FV-otc-s4-t9:  38%|███▊      | 19/50 [00:02<00:04,  6.86it/s, Saved at =inf, TrLoss=0.2984]
 Training FV-otc-s4-t9:  40%|████      | 20/50 [00:02<00:04,  6.82it/s, Saved at =inf, TrLoss=0.2984]
 Training FV-otc-s4-t9:  40%|████      | 20/50 [00:03<00:04,  6.82it/s, Saved at =inf, TrLoss=0.2916]
 Training FV-otc-s4-t9:  42%|████▏     | 21/50 [00:03<00:04,  6.85it/s, Saved at =inf, TrLoss=0.2916]
 Training FV-otc-s4-t9:  42%|████▏     | 21/50 [00:03<00:04,  6.85it/s, Saved at =inf, TrLoss=0.2817]
 Training FV-otc-s4-t9:  44%|████▍     | 22/50 [00:03<00:04,  6.87it/s, Saved at =inf, TrLoss=0.2817]
 Training FV-otc-s4-t9:  44%|████▍     | 22/50 [00:03<00:04,  6.87it/s, Saved at =inf, TrLoss=0.2785]
 Training FV-otc-s4-t9:  46%|████▌     | 23/50 [00:03<00:03,  6.89it/s, Saved at =inf, TrLoss=0.2785]
 Training FV-otc-s4-t9:  46%|████▌     | 23/50 [00:03<00:03,  6.89it/s, Saved at =inf, TrLoss=0.2755]
 Training FV-otc-s4-t9:  48%|████▊     | 24/50 [00:03<00:03,  6.90it/s, Saved at =inf, TrLoss=0.2755]
 Training FV-otc-s4-t9:  48%|████▊     | 24/50 [00:03<00:03,  6.90it/s, Saved at =inf, TrLoss=0.2669]
 Training FV-otc-s4-t9:  50%|█████     | 25/50 [00:03<00:03,  6.90it/s, Saved at =inf, TrLoss=0.2669]
 Training FV-otc-s4-t9:  50%|█████     | 25/50 [00:03<00:03,  6.90it/s, Saved at =inf, TrLoss=0.2637]
 Training FV-otc-s4-t9:  52%|█████▏    | 26/50 [00:03<00:03,  6.90it/s, Saved at =inf, TrLoss=0.2637]
 Training FV-otc-s4-t9:  52%|█████▏    | 26/50 [00:03<00:03,  6.90it/s, Saved at =inf, TrLoss=0.2601]
 Training FV-otc-s4-t9:  54%|█████▍    | 27/50 [00:03<00:03,  6.91it/s, Saved at =inf, TrLoss=0.2601]
 Training FV-otc-s4-t9:  54%|█████▍    | 27/50 [00:04<00:03,  6.91it/s, Saved at =inf, TrLoss=0.2597]
 Training FV-otc-s4-t9:  56%|█████▌    | 28/50 [00:04<00:03,  6.81it/s, Saved at =inf, TrLoss=0.2597]
 Training FV-otc-s4-t9:  56%|█████▌    | 28/50 [00:04<00:03,  6.81it/s, Saved at =inf, TrLoss=0.2625]
 Training FV-otc-s4-t9:  58%|█████▊    | 29/50 [00:04<00:03,  6.84it/s, Saved at =inf, TrLoss=0.2625]
 Training FV-otc-s4-t9:  58%|█████▊    | 29/50 [00:04<00:03,  6.84it/s, Saved at =inf, TrLoss=0.2657]
 Training FV-otc-s4-t9:  60%|██████    | 30/50 [00:04<00:02,  6.86it/s, Saved at =inf, TrLoss=0.2657]
 Training FV-otc-s4-t9:  60%|██████    | 30/50 [00:04<00:02,  6.86it/s, Saved at =inf, TrLoss=0.2544]
 Training FV-otc-s4-t9:  62%|██████▏   | 31/50 [00:04<00:02,  6.87it/s, Saved at =inf, TrLoss=0.2544]
 Training FV-otc-s4-t9:  62%|██████▏   | 31/50 [00:04<00:02,  6.87it/s, Saved at =inf, TrLoss=0.2405]
 Training FV-otc-s4-t9:  64%|██████▍   | 32/50 [00:04<00:02,  6.88it/s, Saved at =inf, TrLoss=0.2405]
 Training FV-otc-s4-t9:  64%|██████▍   | 32/50 [00:04<00:02,  6.88it/s, Saved at =inf, TrLoss=0.2483]
 Training FV-otc-s4-t9:  66%|██████▌   | 33/50 [00:04<00:02,  6.89it/s, Saved at =inf, TrLoss=0.2483]
 Training FV-otc-s4-t9:  66%|██████▌   | 33/50 [00:04<00:02,  6.89it/s, Saved at =inf, TrLoss=0.2435]
 Training FV-otc-s4-t9:  68%|██████▊   | 34/50 [00:04<00:02,  6.86it/s, Saved at =inf, TrLoss=0.2435]
 Training FV-otc-s4-t9:  68%|██████▊   | 34/50 [00:05<00:02,  6.86it/s, Saved at =inf, TrLoss=0.2368]
 Training FV-otc-s4-t9:  70%|███████   | 35/50 [00:05<00:02,  6.87it/s, Saved at =inf, TrLoss=0.2368]
 Training FV-otc-s4-t9:  70%|███████   | 35/50 [00:05<00:02,  6.87it/s, Saved at =inf, TrLoss=0.2399]
 Training FV-otc-s4-t9:  72%|███████▏  | 36/50 [00:05<00:02,  6.88it/s, Saved at =inf, TrLoss=0.2399]
 Training FV-otc-s4-t9:  72%|███████▏  | 36/50 [00:05<00:02,  6.88it/s, Saved at =inf, TrLoss=0.2308]
 Training FV-otc-s4-t9:  74%|███████▍  | 37/50 [00:05<00:01,  6.87it/s, Saved at =inf, TrLoss=0.2308]
 Training FV-otc-s4-t9:  74%|███████▍  | 37/50 [00:05<00:01,  6.87it/s, Saved at =inf, TrLoss=0.2286]
 Training FV-otc-s4-t9:  76%|███████▌  | 38/50 [00:05<00:01,  6.85it/s, Saved at =inf, TrLoss=0.2286]
 Training FV-otc-s4-t9:  76%|███████▌  | 38/50 [00:05<00:01,  6.85it/s, Saved at =inf, TrLoss=0.2286]
 Training FV-otc-s4-t9:  78%|███████▊  | 39/50 [00:05<00:01,  6.87it/s, Saved at =inf, TrLoss=0.2286]
 Training FV-otc-s4-t9:  78%|███████▊  | 39/50 [00:05<00:01,  6.87it/s, Saved at =inf, TrLoss=0.2249]
 Training FV-otc-s4-t9:  80%|████████  | 40/50 [00:05<00:01,  6.60it/s, Saved at =inf, TrLoss=0.2249]
 Training FV-otc-s4-t9:  80%|████████  | 40/50 [00:05<00:01,  6.60it/s, Saved at =inf, TrLoss=0.2228]
 Training FV-otc-s4-t9:  82%|████████▏ | 41/50 [00:05<00:01,  6.70it/s, Saved at =inf, TrLoss=0.2228]
 Training FV-otc-s4-t9:  82%|████████▏ | 41/50 [00:06<00:01,  6.70it/s, Saved at =inf, TrLoss=0.2231]
 Training FV-otc-s4-t9:  84%|████████▍ | 42/50 [00:06<00:01,  6.76it/s, Saved at =inf, TrLoss=0.2231]
 Training FV-otc-s4-t9:  84%|████████▍ | 42/50 [00:06<00:01,  6.76it/s, Saved at =inf, TrLoss=0.2217]
 Training FV-otc-s4-t9:  86%|████████▌ | 43/50 [00:06<00:01,  6.73it/s, Saved at =inf, TrLoss=0.2217]
 Training FV-otc-s4-t9:  86%|████████▌ | 43/50 [00:06<00:01,  6.73it/s, Saved at =inf, TrLoss=0.2240]
 Training FV-otc-s4-t9:  88%|████████▊ | 44/50 [00:06<00:00,  6.74it/s, Saved at =inf, TrLoss=0.2240]
 Training FV-otc-s4-t9:  88%|████████▊ | 44/50 [00:06<00:00,  6.74it/s, Saved at =inf, TrLoss=0.2232]
 Training FV-otc-s4-t9:  90%|█████████ | 45/50 [00:06<00:00,  6.80it/s, Saved at =inf, TrLoss=0.2232]
 Training FV-otc-s4-t9:  90%|█████████ | 45/50 [00:06<00:00,  6.80it/s, Saved at =inf, TrLoss=0.2135]
 Training FV-otc-s4-t9:  92%|█████████▏| 46/50 [00:06<00:00,  6.83it/s, Saved at =inf, TrLoss=0.2135]
 Training FV-otc-s4-t9:  92%|█████████▏| 46/50 [00:06<00:00,  6.83it/s, Saved at =inf, TrLoss=0.2243]
 Training FV-otc-s4-t9:  94%|█████████▍| 47/50 [00:06<00:00,  6.82it/s, Saved at =inf, TrLoss=0.2243]
 Training FV-otc-s4-t9:  94%|█████████▍| 47/50 [00:06<00:00,  6.82it/s, Saved at =inf, TrLoss=0.2119]
 Training FV-otc-s4-t9:  96%|█████████▌| 48/50 [00:07<00:00,  6.85it/s, Saved at =inf, TrLoss=0.2119]
 Training FV-otc-s4-t9:  96%|█████████▌| 48/50 [00:07<00:00,  6.85it/s, Saved at =inf, TrLoss=0.2143]
 Training FV-otc-s4-t9:  98%|█████████▊| 49/50 [00:07<00:00,  6.83it/s, Saved at =inf, TrLoss=0.2143]
 Training FV-otc-s4-t9:  98%|█████████▊| 49/50 [00:07<00:00,  6.83it/s, Saved at =inf, TrLoss=0.2131]
 Training FV-otc-s4-t9: 100%|██████████| 50/50 [00:07<00:00,  6.85it/s, Saved at =inf, TrLoss=0.2131]
 Training FV-otc-s4-t9: 100%|██████████| 50/50 [00:07<00:00,  6.84it/s, Saved at =inf, TrLoss=0.2131]

 Training ATK-otc-s4-t7:   0%|          | 0/50 [00:00<?, ?it/s]
 Training ATK-otc-s4-t7:   0%|          | 0/50 [00:00<?, ?it/s, Saved at =inf, TrLoss=0.6894]
 Training ATK-otc-s4-t7:   2%|▏         | 1/50 [00:00<00:06,  7.87it/s, Saved at =inf, TrLoss=0.6894]
 Training ATK-otc-s4-t7:   2%|▏         | 1/50 [00:00<00:06,  7.87it/s, Saved at =inf, TrLoss=0.6593]
 Training ATK-otc-s4-t7:   4%|▍         | 2/50 [00:00<00:06,  7.80it/s, Saved at =inf, TrLoss=0.6593]
 Training ATK-otc-s4-t7:   4%|▍         | 2/50 [00:00<00:06,  7.80it/s, Saved at =inf, TrLoss=0.6793]
 Training ATK-otc-s4-t7:   6%|▌         | 3/50 [00:00<00:05,  8.07it/s, Saved at =inf, TrLoss=0.6793]
 Training ATK-otc-s4-t7:   6%|▌         | 3/50 [00:00<00:05,  8.07it/s, Saved at =inf, TrLoss=0.5581]
 Training ATK-otc-s4-t7:   8%|▊         | 4/50 [00:00<00:05,  7.80it/s, Saved at =inf, TrLoss=0.5581]
 Training ATK-otc-s4-t7:   8%|▊         | 4/50 [00:00<00:05,  7.80it/s, Saved at =inf, TrLoss=0.4691]
 Training ATK-otc-s4-t7:  10%|█         | 5/50 [00:00<00:05,  8.05it/s, Saved at =inf, TrLoss=0.4691]
 Training ATK-otc-s4-t7:  10%|█         | 5/50 [00:00<00:05,  8.05it/s, Saved at =inf, TrLoss=0.5048]
 Training ATK-otc-s4-t7:  12%|█▏        | 6/50 [00:00<00:05,  8.19it/s, Saved at =inf, TrLoss=0.5048]
 Training ATK-otc-s4-t7:  12%|█▏        | 6/50 [00:00<00:05,  8.19it/s, Saved at =inf, TrLoss=0.4910]
 Training ATK-otc-s4-t7:  14%|█▍        | 7/50 [00:00<00:05,  8.39it/s, Saved at =inf, TrLoss=0.4910]
 Training ATK-otc-s4-t7:  14%|█▍        | 7/50 [00:00<00:05,  8.39it/s, Saved at =inf, TrLoss=0.4054]
 Training ATK-otc-s4-t7:  16%|█▌        | 8/50 [00:00<00:04,  8.45it/s, Saved at =inf, TrLoss=0.4054]
 Training ATK-otc-s4-t7:  16%|█▌        | 8/50 [00:01<00:04,  8.45it/s, Saved at =inf, TrLoss=0.3655]
 Training ATK-otc-s4-t7:  18%|█▊        | 9/50 [00:01<00:04,  8.64it/s, Saved at =inf, TrLoss=0.3655]
 Training ATK-otc-s4-t7:  18%|█▊        | 9/50 [00:01<00:04,  8.64it/s, Saved at =inf, TrLoss=0.3788]
 Training ATK-otc-s4-t7:  20%|██        | 10/50 [00:01<00:04,  8.83it/s, Saved at =inf, TrLoss=0.3788]
 Training ATK-otc-s4-t7:  20%|██        | 10/50 [00:01<00:04,  8.83it/s, Saved at =inf, TrLoss=0.3430]
 Training ATK-otc-s4-t7:  22%|██▏       | 11/50 [00:01<00:04,  8.96it/s, Saved at =inf, TrLoss=0.3430]
 Training ATK-otc-s4-t7:  22%|██▏       | 11/50 [00:01<00:04,  8.96it/s, Saved at =inf, TrLoss=0.3530]
 Training ATK-otc-s4-t7:  24%|██▍       | 12/50 [00:01<00:04,  9.05it/s, Saved at =inf, TrLoss=0.3530]
 Training ATK-otc-s4-t7:  24%|██▍       | 12/50 [00:01<00:04,  9.05it/s, Saved at =inf, TrLoss=0.3435]
 Training ATK-otc-s4-t7:  26%|██▌       | 13/50 [00:01<00:04,  9.12it/s, Saved at =inf, TrLoss=0.3435]
 Training ATK-otc-s4-t7:  26%|██▌       | 13/50 [00:01<00:04,  9.12it/s, Saved at =inf, TrLoss=0.3108]
 Training ATK-otc-s4-t7:  28%|██▊       | 14/50 [00:01<00:03,  9.16it/s, Saved at =inf, TrLoss=0.3108]
 Training ATK-otc-s4-t7:  28%|██▊       | 14/50 [00:01<00:03,  9.16it/s, Saved at =inf, TrLoss=0.3025]
 Training ATK-otc-s4-t7:  30%|███       | 15/50 [00:01<00:03,  9.20it/s, Saved at =inf, TrLoss=0.3025]
 Training ATK-otc-s4-t7:  30%|███       | 15/50 [00:01<00:03,  9.20it/s, Saved at =inf, TrLoss=0.2961]
 Training ATK-otc-s4-t7:  32%|███▏      | 16/50 [00:01<00:03,  9.23it/s, Saved at =inf, TrLoss=0.2961]
 Training ATK-otc-s4-t7:  32%|███▏      | 16/50 [00:01<00:03,  9.23it/s, Saved at =inf, TrLoss=0.2880]
 Training ATK-otc-s4-t7:  34%|███▍      | 17/50 [00:01<00:03,  9.19it/s, Saved at =inf, TrLoss=0.2880]
 Training ATK-otc-s4-t7:  34%|███▍      | 17/50 [00:02<00:03,  9.19it/s, Saved at =inf, TrLoss=0.2832]
 Training ATK-otc-s4-t7:  36%|███▌      | 18/50 [00:02<00:03,  9.21it/s, Saved at =inf, TrLoss=0.2832]
 Training ATK-otc-s4-t7:  36%|███▌      | 18/50 [00:02<00:03,  9.21it/s, Saved at =inf, TrLoss=0.2840]
 Training ATK-otc-s4-t7:  38%|███▊      | 19/50 [00:02<00:03,  9.07it/s, Saved at =inf, TrLoss=0.2840]
 Training ATK-otc-s4-t7:  38%|███▊      | 19/50 [00:02<00:03,  9.07it/s, Saved at =inf, TrLoss=0.2722]
 Training ATK-otc-s4-t7:  40%|████      | 20/50 [00:02<00:03,  8.92it/s, Saved at =inf, TrLoss=0.2722]
 Training ATK-otc-s4-t7:  40%|████      | 20/50 [00:02<00:03,  8.92it/s, Saved at =inf, TrLoss=0.2772]
 Training ATK-otc-s4-t7:  42%|████▏     | 21/50 [00:02<00:03,  8.98it/s, Saved at =inf, TrLoss=0.2772]
 Training ATK-otc-s4-t7:  42%|████▏     | 21/50 [00:02<00:03,  8.98it/s, Saved at =inf, TrLoss=0.2685]
 Training ATK-otc-s4-t7:  44%|████▍     | 22/50 [00:02<00:03,  9.02it/s, Saved at =inf, TrLoss=0.2685]
 Training ATK-otc-s4-t7:  44%|████▍     | 22/50 [00:02<00:03,  9.02it/s, Saved at =inf, TrLoss=0.2602]
 Training ATK-otc-s4-t7:  46%|████▌     | 23/50 [00:02<00:02,  9.02it/s, Saved at =inf, TrLoss=0.2602]
 Training ATK-otc-s4-t7:  46%|████▌     | 23/50 [00:02<00:02,  9.02it/s, Saved at =inf, TrLoss=0.2494]
 Training ATK-otc-s4-t7:  48%|████▊     | 24/50 [00:02<00:02,  9.08it/s, Saved at =inf, TrLoss=0.2494]
 Training ATK-otc-s4-t7:  48%|████▊     | 24/50 [00:02<00:02,  9.08it/s, Saved at =inf, TrLoss=0.2472]
 Training ATK-otc-s4-t7:  50%|█████     | 25/50 [00:02<00:02,  9.14it/s, Saved at =inf, TrLoss=0.2472]
 Training ATK-otc-s4-t7:  50%|█████     | 25/50 [00:02<00:02,  9.14it/s, Saved at =inf, TrLoss=0.2413]
 Training ATK-otc-s4-t7:  52%|█████▏    | 26/50 [00:02<00:02,  9.18it/s, Saved at =inf, TrLoss=0.2413]
 Training ATK-otc-s4-t7:  52%|█████▏    | 26/50 [00:03<00:02,  9.18it/s, Saved at =inf, TrLoss=0.2396]
 Training ATK-otc-s4-t7:  54%|█████▍    | 27/50 [00:03<00:02,  9.18it/s, Saved at =inf, TrLoss=0.2396]
 Training ATK-otc-s4-t7:  54%|█████▍    | 27/50 [00:03<00:02,  9.18it/s, Saved at =inf, TrLoss=0.2362]
 Training ATK-otc-s4-t7:  56%|█████▌    | 28/50 [00:03<00:02,  9.18it/s, Saved at =inf, TrLoss=0.2362]
 Training ATK-otc-s4-t7:  56%|█████▌    | 28/50 [00:03<00:02,  9.18it/s, Saved at =inf, TrLoss=0.2319]
 Training ATK-otc-s4-t7:  58%|█████▊    | 29/50 [00:03<00:02,  9.22it/s, Saved at =inf, TrLoss=0.2319]
 Training ATK-otc-s4-t7:  58%|█████▊    | 29/50 [00:03<00:02,  9.22it/s, Saved at =inf, TrLoss=0.2271]
 Training ATK-otc-s4-t7:  60%|██████    | 30/50 [00:03<00:02,  9.22it/s, Saved at =inf, TrLoss=0.2271]
 Training ATK-otc-s4-t7:  60%|██████    | 30/50 [00:03<00:02,  9.22it/s, Saved at =inf, TrLoss=0.2272]
 Training ATK-otc-s4-t7:  62%|██████▏   | 31/50 [00:03<00:02,  9.24it/s, Saved at =inf, TrLoss=0.2272]
 Training ATK-otc-s4-t7:  62%|██████▏   | 31/50 [00:03<00:02,  9.24it/s, Saved at =inf, TrLoss=0.2256]
 Training ATK-otc-s4-t7:  64%|██████▍   | 32/50 [00:03<00:01,  9.21it/s, Saved at =inf, TrLoss=0.2256]
 Training ATK-otc-s4-t7:  64%|██████▍   | 32/50 [00:03<00:01,  9.21it/s, Saved at =inf, TrLoss=0.2195]
 Training ATK-otc-s4-t7:  66%|██████▌   | 33/50 [00:03<00:01,  9.23it/s, Saved at =inf, TrLoss=0.2195]
 Training ATK-otc-s4-t7:  66%|██████▌   | 33/50 [00:03<00:01,  9.23it/s, Saved at =inf, TrLoss=0.2214]
 Training ATK-otc-s4-t7:  68%|██████▊   | 34/50 [00:03<00:01,  9.25it/s, Saved at =inf, TrLoss=0.2214]
 Training ATK-otc-s4-t7:  68%|██████▊   | 34/50 [00:03<00:01,  9.25it/s, Saved at =inf, TrLoss=0.2240]
 Training ATK-otc-s4-t7:  70%|███████   | 35/50 [00:03<00:01,  9.22it/s, Saved at =inf, TrLoss=0.2240]
 Training ATK-otc-s4-t7:  70%|███████   | 35/50 [00:03<00:01,  9.22it/s, Saved at =inf, TrLoss=0.2122]
 Training ATK-otc-s4-t7:  72%|███████▏  | 36/50 [00:04<00:01,  9.24it/s, Saved at =inf, TrLoss=0.2122]
 Training ATK-otc-s4-t7:  72%|███████▏  | 36/50 [00:04<00:01,  9.24it/s, Saved at =inf, TrLoss=0.2112]
 Training ATK-otc-s4-t7:  74%|███████▍  | 37/50 [00:04<00:01,  9.26it/s, Saved at =inf, TrLoss=0.2112]
 Training ATK-otc-s4-t7:  74%|███████▍  | 37/50 [00:04<00:01,  9.26it/s, Saved at =inf, TrLoss=0.2082]
 Training ATK-otc-s4-t7:  76%|███████▌  | 38/50 [00:04<00:01,  9.27it/s, Saved at =inf, TrLoss=0.2082]
 Training ATK-otc-s4-t7:  76%|███████▌  | 38/50 [00:04<00:01,  9.27it/s, Saved at =inf, TrLoss=0.2048]
 Training ATK-otc-s4-t7:  78%|███████▊  | 39/50 [00:04<00:01,  9.27it/s, Saved at =inf, TrLoss=0.2048]
 Training ATK-otc-s4-t7:  78%|███████▊  | 39/50 [00:04<00:01,  9.27it/s, Saved at =inf, TrLoss=0.2074]
 Training ATK-otc-s4-t7:  80%|████████  | 40/50 [00:04<00:01,  9.28it/s, Saved at =inf, TrLoss=0.2074]
 Training ATK-otc-s4-t7:  80%|████████  | 40/50 [00:04<00:01,  9.28it/s, Saved at =inf, TrLoss=0.1979]
 Training ATK-otc-s4-t7:  82%|████████▏ | 41/50 [00:04<00:00,  9.24it/s, Saved at =inf, TrLoss=0.1979]
 Training ATK-otc-s4-t7:  82%|████████▏ | 41/50 [00:04<00:00,  9.24it/s, Saved at =inf, TrLoss=0.2000]
 Training ATK-otc-s4-t7:  84%|████████▍ | 42/50 [00:04<00:00,  9.25it/s, Saved at =inf, TrLoss=0.2000]
 Training ATK-otc-s4-t7:  84%|████████▍ | 42/50 [00:04<00:00,  9.25it/s, Saved at =inf, TrLoss=0.1945]
 Training ATK-otc-s4-t7:  86%|████████▌ | 43/50 [00:04<00:00,  9.26it/s, Saved at =inf, TrLoss=0.1945]
 Training ATK-otc-s4-t7:  86%|████████▌ | 43/50 [00:04<00:00,  9.26it/s, Saved at =inf, TrLoss=0.2031]
 Training ATK-otc-s4-t7:  88%|████████▊ | 44/50 [00:04<00:00,  9.27it/s, Saved at =inf, TrLoss=0.2031]
 Training ATK-otc-s4-t7:  88%|████████▊ | 44/50 [00:04<00:00,  9.27it/s, Saved at =inf, TrLoss=0.1981]
 Training ATK-otc-s4-t7:  90%|█████████ | 45/50 [00:04<00:00,  9.27it/s, Saved at =inf, TrLoss=0.1981]
 Training ATK-otc-s4-t7:  90%|█████████ | 45/50 [00:05<00:00,  9.27it/s, Saved at =inf, TrLoss=0.2015]
 Training ATK-otc-s4-t7:  92%|█████████▏| 46/50 [00:05<00:00,  9.28it/s, Saved at =inf, TrLoss=0.2015]
 Training ATK-otc-s4-t7:  92%|█████████▏| 46/50 [00:05<00:00,  9.28it/s, Saved at =inf, TrLoss=0.1986]
 Training ATK-otc-s4-t7:  94%|█████████▍| 47/50 [00:05<00:00,  9.28it/s, Saved at =inf, TrLoss=0.1986]
 Training ATK-otc-s4-t7:  94%|█████████▍| 47/50 [00:05<00:00,  9.28it/s, Saved at =inf, TrLoss=0.1936]
 Training ATK-otc-s4-t7:  96%|█████████▌| 48/50 [00:05<00:00,  9.28it/s, Saved at =inf, TrLoss=0.1936]
 Training ATK-otc-s4-t7:  96%|█████████▌| 48/50 [00:05<00:00,  9.28it/s, Saved at =inf, TrLoss=0.1987]
 Training ATK-otc-s4-t7:  98%|█████████▊| 49/50 [00:05<00:00,  9.29it/s, Saved at =inf, TrLoss=0.1987]
 Training ATK-otc-s4-t7:  98%|█████████▊| 49/50 [00:05<00:00,  9.29it/s, Saved at =inf, TrLoss=0.1822]
 Training ATK-otc-s4-t7: 100%|██████████| 50/50 [00:05<00:00,  9.29it/s, Saved at =inf, TrLoss=0.1822]
 Training ATK-otc-s4-t7: 100%|██████████| 50/50 [00:05<00:00,  9.04it/s, Saved at =inf, TrLoss=0.1822]
[06:21:01]   MCC=0.397±0.105, AUC=0.760±0.075, BAcc=0.680±0.047
[06:21:02] fixed cohort: low=25 moderate=40 (node IDs reused across seeds)
[06:21:02] 
[A] fixed-cohort flip table — otc  (low 25, mod 40)
[06:23:16]   low      B=1: N=123  total=70.7% CP(0.619, 0.786) seed(69.4, 71.8) | pre=63.4% CP(0.543, 0.719) seed(60.8, 66.1)
[06:25:29]   low      B=5: N=123  total=100.0% CP(0.97, 1.0) seed(100.0, 100.0) | pre=65.9% CP(0.568, 0.742) seed(64.0, 68.6)
[06:29:03]   moderate B=1: N=200  total=25.0% CP(0.192, 0.316) seed(23.5, 26.5) | pre=21.5% CP(0.16, 0.278) seed(19.0, 23.5)
[06:32:37]   moderate B=5: N=200  total=33.5% CP(0.27, 0.405) seed(32.5, 35.5) | pre=19.5% CP(0.142, 0.257) seed(18.5, 20.0)
[06:32:37] 
[B] query-edge-masked encoding (strict) — otc  low B=1
[06:33:22]   seed 42: n=25  preexist_flip=64%  masked_flip=64%
[06:34:08]   seed 1: n=25  preexist_flip=56%  masked_flip=56%
[06:34:52]   seed 2: n=24  preexist_flip=71%  masked_flip=67%
[06:35:37]   seed 3: n=25  preexist_flip=64%  masked_flip=60%
[06:36:21]   seed 4: n=24  preexist_flip=62%  masked_flip=62%
[06:36:21]   POOLED N=123: preexist=63.4%  MASKED=61.8% CP(0.526, 0.704) seed(58.4, 64.8)  dR_masked=-0.1069
[06:36:21] 
[C] random-source distribution — otc  low  (seed 42)
[06:37:39]   B=1: n=25  opt dR=-0.1266  rand median dR=-0.099  random>=opt in 1.4% of draws
[06:38:56]   B=5: n=25  opt dR=-0.2031  rand median dR=-0.1916  random>=opt in 7.4% of draws
[06:38:56] 
saved paper/results/unified/reviewer_rebuttal.json
[06:38:56] 
################################################################
#  REVIEWER REBUTTAL — alpha
################################################################
[06:38:56] Training GDTE on alpha (seed=42)...

 Training FV-alpha-s42-t2:   0%|          | 0/50 [00:00<?, ?it/s]
 Training FV-alpha-s42-t2:   0%|          | 0/50 [00:00<?, ?it/s, Saved at =inf, TrLoss=0.7182]
 Training FV-alpha-s42-t2:   0%|          | 0/50 [00:00<?, ?it/s, Saved at =inf, TrLoss=0.5627]
 Training FV-alpha-s42-t2:   0%|          | 0/50 [00:00<?, ?it/s, Saved at =inf, TrLoss=0.4153]
 Training FV-alpha-s42-t2:   0%|          | 0/50 [00:00<?, ?it/s, Saved at =inf, TrLoss=0.5397]
 Training FV-alpha-s42-t2:   8%|▊         | 4/50 [00:00<00:01, 37.12it/s, Saved at =inf, TrLoss=0.5397]
 Training FV-alpha-s42-t2:   8%|▊         | 4/50 [00:00<00:01, 37.12it/s, Saved at =inf, TrLoss=0.3220]
 Training FV-alpha-s42-t2:   8%|▊         | 4/50 [00:00<00:01, 37.12it/s, Saved at =inf, TrLoss=0.3018]
 Training FV-alpha-s42-t2:   8%|▊         | 4/50 [00:00<00:01, 37.12it/s, Saved at =inf, TrLoss=0.2252]
 Training FV-alpha-s42-t2:   8%|▊         | 4/50 [00:00<00:01, 37.12it/s, Saved at =inf, TrLoss=0.2516]
 Training FV-alpha-s42-t2:  16%|█▌        | 8/50 [00:00<00:01, 38.05it/s, Saved at =inf, TrLoss=0.2516]
 Training FV-alpha-s42-t2:  16%|█▌        | 8/50 [00:00<00:01, 38.05it/s, Saved at =inf, TrLoss=0.2195]
 Training FV-alpha-s42-t2:  16%|█▌        | 8/50 [00:00<00:01, 38.05it/s, Saved at =inf, TrLoss=0.1850]
 Training FV-alpha-s42-t2:  16%|█▌        | 8/50 [00:00<00:01, 38.05it/s, Saved at =inf, TrLoss=0.2129]
 Training FV-alpha-s42-t2:  16%|█▌        | 8/50 [00:00<00:01, 38.05it/s, Saved at =inf, TrLoss=0.1662]
 Training FV-alpha-s42-t2:  24%|██▍       | 12/50 [00:00<00:00, 38.36it/s, Saved at =inf, TrLoss=0.1662]
 Training FV-alpha-s42-t2:  24%|██▍       | 12/50 [00:00<00:00, 38.36it/s, Saved at =inf, TrLoss=0.1654]
 Training FV-alpha-s42-t2:  24%|██▍       | 12/50 [00:00<00:00, 38.36it/s, Saved at =inf, TrLoss=0.1698]
 Training FV-alpha-s42-t2:  24%|██▍       | 12/50 [00:00<00:00, 38.36it/s, Saved at =inf, TrLoss=0.1783]
 Training FV-alpha-s42-t2:  24%|██▍       | 12/50 [00:00<00:00, 38.36it/s, Saved at =inf, TrLoss=0.1293]
 Training FV-alpha-s42-t2:  32%|███▏      | 16/50 [00:00<00:00, 38.52it/s, Saved at =inf, TrLoss=0.1293]
 Training FV-alpha-s42-t2:  32%|███▏      | 16/50 [00:00<00:00, 38.52it/s, Saved at =inf, TrLoss=0.1597]
 Training FV-alpha-s42-t2:  32%|███▏      | 16/50 [00:00<00:00, 38.52it/s, Saved at =inf, TrLoss=0.1870]
 Training FV-alpha-s42-t2:  32%|███▏      | 16/50 [00:00<00:00, 38.52it/s, Saved at =inf, TrLoss=0.1440]
 Training FV-alpha-s42-t2:  32%|███▏      | 16/50 [00:00<00:00, 38.52it/s, Saved at =inf, TrLoss=0.1191]
 Training FV-alpha-s42-t2:  40%|████      | 20/50 [00:00<00:00, 38.61it/s, Saved at =inf, TrLoss=0.1191]
 Training FV-alpha-s42-t2:  40%|████      | 20/50 [00:00<00:00, 38.61it/s, Saved at =inf, TrLoss=0.1550]
 Training FV-alpha-s42-t2:  40%|████      | 20/50 [00:00<00:00, 38.61it/s, Saved at =inf, TrLoss=0.1024]
 Training FV-alpha-s42-t2:  40%|████      | 20/50 [00:00<00:00, 38.61it/s, Saved at =inf, TrLoss=0.1259]
 Training FV-alpha-s42-t2:  40%|████      | 20/50 [00:00<00:00, 38.61it/s, Saved at =inf, TrLoss=0.1334]
 Training FV-alpha-s42-t2:  48%|████▊     | 24/50 [00:00<00:00, 38.66it/s, Saved at =inf, TrLoss=0.1334]
 Training FV-alpha-s42-t2:  48%|████▊     | 24/50 [00:00<00:00, 38.66it/s, Saved at =inf, TrLoss=0.1462]
 Training FV-alpha-s42-t2:  48%|████▊     | 24/50 [00:00<00:00, 38.66it/s, Saved at =inf, TrLoss=0.1075]
 Training FV-alpha-s42-t2:  48%|████▊     | 24/50 [00:00<00:00, 38.66it/s, Saved at =inf, TrLoss=0.1191]
 Training FV-alpha-s42-t2:  48%|████▊     | 24/50 [00:00<00:00, 38.66it/s, Saved at =inf, TrLoss=0.1127]
 Training FV-alpha-s42-t2:  56%|█████▌    | 28/50 [00:00<00:00, 38.68it/s, Saved at =inf, TrLoss=0.1127]
 Training FV-alpha-s42-t2:  56%|█████▌    | 28/50 [00:00<00:00, 38.68it/s, Saved at =inf, TrLoss=0.1031]
 Training FV-alpha-s42-t2:  56%|█████▌    | 28/50 [00:00<00:00, 38.68it/s, Saved at =inf, TrLoss=0.1085]
 Training FV-alpha-s42-t2:  56%|█████▌    | 28/50 [00:00<00:00, 38.68it/s, Saved at =inf, TrLoss=0.0926]
 Training FV-alpha-s42-t2:  56%|█████▌    | 28/50 [00:00<00:00, 38.68it/s, Saved at =inf, TrLoss=0.1016]
 Training FV-alpha-s42-t2:  64%|██████▍   | 32/50 [00:00<00:00, 38.68it/s, Saved at =inf, TrLoss=0.1016]
 Training FV-alpha-s42-t2:  64%|██████▍   | 32/50 [00:00<00:00, 38.68it/s, Saved at =inf, TrLoss=0.0961]
 Training FV-alpha-s42-t2:  64%|██████▍   | 32/50 [00:00<00:00, 38.68it/s, Saved at =inf, TrLoss=0.1344]
 Training FV-alpha-s42-t2:  64%|██████▍   | 32/50 [00:00<00:00, 38.68it/s, Saved at =inf, TrLoss=0.0978]
 Training FV-alpha-s42-t2:  64%|██████▍   | 32/50 [00:00<00:00, 38.68it/s, Saved at =inf, TrLoss=0.1225]
 Training FV-alpha-s42-t2:  72%|███████▏  | 36/50 [00:00<00:00, 38.71it/s, Saved at =inf, TrLoss=0.1225]
 Training FV-alpha-s42-t2:  72%|███████▏  | 36/50 [00:00<00:00, 38.71it/s, Saved at =inf, TrLoss=0.1173]
 Training FV-alpha-s42-t2:  72%|███████▏  | 36/50 [00:00<00:00, 38.71it/s, Saved at =inf, TrLoss=0.0966]
 Training FV-alpha-s42-t2:  72%|███████▏  | 36/50 [00:00<00:00, 38.71it/s, Saved at =inf, TrLoss=0.1314]
 Training FV-alpha-s42-t2:  72%|███████▏  | 36/50 [00:01<00:00, 38.71it/s, Saved at =inf, TrLoss=0.1084]
 Training FV-alpha-s42-t2:  80%|████████  | 40/50 [00:01<00:00, 38.71it/s, Saved at =inf, TrLoss=0.1084]
 Training FV-alpha-s42-t2:  80%|████████  | 40/50 [00:01<00:00, 38.71it/s, Saved at =inf, TrLoss=0.0956]
 Training FV-alpha-s42-t2:  80%|████████  | 40/50 [00:01<00:00, 38.71it/s, Saved at =inf, TrLoss=0.0772]
 Training FV-alpha-s42-t2:  80%|████████  | 40/50 [00:01<00:00, 38.71it/s, Saved at =inf, TrLoss=0.0883]
 Training FV-alpha-s42-t2:  80%|████████  | 40/50 [00:01<00:00, 38.71it/s, Saved at =inf, TrLoss=0.1131]
 Training FV-alpha-s42-t2:  88%|████████▊ | 44/50 [00:01<00:00, 38.71it/s, Saved at =inf, TrLoss=0.1131]
 Training FV-alpha-s42-t2:  88%|████████▊ | 44/50 [00:01<00:00, 38.71it/s, Saved at =inf, TrLoss=0.1388]
 Training FV-alpha-s42-t2:  88%|████████▊ | 44/50 [00:01<00:00, 38.71it/s, Saved at =inf, TrLoss=0.0949]
 Training FV-alpha-s42-t2:  88%|████████▊ | 44/50 [00:01<00:00, 38.71it/s, Saved at =inf, TrLoss=0.0855]
 Training FV-alpha-s42-t2:  88%|████████▊ | 44/50 [00:01<00:00, 38.71it/s, Saved at =inf, TrLoss=0.0737]
 Training FV-alpha-s42-t2:  96%|█████████▌| 48/50 [00:01<00:00, 38.71it/s, Saved at =inf, TrLoss=0.0737]
 Training FV-alpha-s42-t2:  96%|█████████▌| 48/50 [00:01<00:00, 38.71it/s, Saved at =inf, TrLoss=0.0979]
 Training FV-alpha-s42-t2:  96%|█████████▌| 48/50 [00:01<00:00, 38.71it/s, Saved at =inf, TrLoss=0.0948]
 Training FV-alpha-s42-t2: 100%|██████████| 50/50 [00:01<00:00, 38.59it/s, Saved at =inf, TrLoss=0.0948]

 Training FV-alpha-s42-t3:   0%|          | 0/50 [00:00<?, ?it/s]
 Training FV-alpha-s42-t3:   0%|          | 0/50 [00:00<?, ?it/s, Saved at =inf, TrLoss=0.7874]
 Training FV-alpha-s42-t3:   0%|          | 0/50 [00:00<?, ?it/s, Saved at =inf, TrLoss=0.8502]
 Training FV-alpha-s42-t3:   0%|          | 0/50 [00:00<?, ?it/s, Saved at =inf, TrLoss=0.5405]
 Training FV-alpha-s42-t3:   6%|▌         | 3/50 [00:00<00:01, 26.22it/s, Saved at =inf, TrLoss=0.5405]
 Training FV-alpha-s42-t3:   6%|▌         | 3/50 [00:00<00:01, 26.22it/s, Saved at =inf, TrLoss=0.5329]
 Training FV-alpha-s42-t3:   6%|▌         | 3/50 [00:00<00:01, 26.22it/s, Saved at =inf, TrLoss=0.4482]
 Training FV-alpha-s42-t3:   6%|▌         | 3/50 [00:00<00:01, 26.22it/s, Saved at =inf, TrLoss=0.4101]
 Training FV-alpha-s42-t3:  12%|█▏        | 6/50 [00:00<00:01, 25.95it/s, Saved at =inf, TrLoss=0.4101]
 Training FV-alpha-s42-t3:  12%|█▏        | 6/50 [00:00<00:01, 25.95it/s, Saved at =inf, TrLoss=0.3552]
 Training FV-alpha-s42-t3:  12%|█▏        | 6/50 [00:00<00:01, 25.95it/s, Saved at =inf, TrLoss=0.2996]
 Training FV-alpha-s42-t3:  12%|█▏        | 6/50 [00:00<00:01, 25.95it/s, Saved at =inf, TrLoss=0.2904]
 Training FV-alpha-s42-t3:  18%|█▊        | 9/50 [00:00<00:01, 25.86it/s, Saved at =inf, TrLoss=0.2904]
 Training FV-alpha-s42-t3:  18%|█▊        | 9/50 [00:00<00:01, 25.86it/s, Saved at =inf, TrLoss=0.3040]
 Training FV-alpha-s42-t3:  18%|█▊        | 9/50 [00:00<00:01, 25.86it/s, Saved at =inf, TrLoss=0.2424]
 Training FV-alpha-s42-t3:  18%|█▊        | 9/50 [00:00<00:01, 25.86it/s, Saved at =inf, TrLoss=0.2223]
 Training FV-alpha-s42-t3:  24%|██▍       | 12/50 [00:00<00:01, 25.85it/s, Saved at =inf, TrLoss=0.2223]
 Training FV-alpha-s42-t3:  24%|██▍       | 12/50 [00:00<00:01, 25.85it/s, Saved at =inf, TrLoss=0.2032]
 Training FV-alpha-s42-t3:  24%|██▍       | 12/50 [00:00<00:01, 25.85it/s, Saved at =inf, TrLoss=0.2391]
 Training FV-alpha-s42-t3:  24%|██▍       | 12/50 [00:00<00:01, 25.85it/s, Saved at =inf, TrLoss=0.1952]
 Training FV-alpha-s42-t3:  30%|███       | 15/50 [00:00<00:01, 25.83it/s, Saved at =inf, TrLoss=0.1952]
 Training FV-alpha-s42-t3:  30%|███       | 15/50 [00:00<00:01, 25.83it/s, Saved at =inf, TrLoss=0.1733]
 Training FV-alpha-s42-t3:  30%|███       | 15/50 [00:00<00:01, 25.83it/s, Saved at =inf, TrLoss=0.1654]
 Training FV-alpha-s42-t3:  30%|███       | 15/50 [00:00<00:01, 25.83it/s, Saved at =inf, TrLoss=0.1889]
 Training FV-alpha-s42-t3:  36%|███▌      | 18/50 [00:00<00:01, 25.81it/s, Saved at =inf, TrLoss=0.1889]
 Training FV-alpha-s42-t3:  36%|███▌      | 18/50 [00:00<00:01, 25.81it/s, Saved at =inf, TrLoss=0.2013]
 Training FV-alpha-s42-t3:  36%|███▌      | 18/50 [00:00<00:01, 25.81it/s, Saved at =inf, TrLoss=0.1741]
 Training FV-alpha-s42-t3:  36%|███▌      | 18/50 [00:00<00:01, 25.81it/s, Saved at =inf, TrLoss=0.1737]
 Training FV-alpha-s42-t3:  42%|████▏     | 21/50 [00:00<00:01, 25.81it/s, Saved at =inf, TrLoss=0.1737]
 Training FV-alpha-s42-t3:  42%|████▏     | 21/50 [00:00<00:01, 25.81it/s, Saved at =inf, TrLoss=0.1768]
 Training FV-alpha-s42-t3:  42%|████▏     | 21/50 [00:00<00:01, 25.81it/s, Saved at =inf, TrLoss=0.1585]
 Training FV-alpha-s42-t3:  42%|████▏     | 21/50 [00:00<00:01, 25.81it/s, Saved at =inf, TrLoss=0.1807]
 Training FV-alpha-s42-t3:  48%|████▊     | 24/50 [00:00<00:01, 25.80it/s, Saved at =inf, TrLoss=0.1807]
 Training FV-alpha-s42-t3:  48%|████▊     | 24/50 [00:00<00:01, 25.80it/s, Saved at =inf, TrLoss=0.1607]
 Training FV-alpha-s42-t3:  48%|████▊     | 24/50 [00:00<00:01, 25.80it/s, Saved at =inf, TrLoss=0.1528]
 Training FV-alpha-s42-t3:  48%|████▊     | 24/50 [00:01<00:01, 25.80it/s, Saved at =inf, TrLoss=0.1543]
 Training FV-alpha-s42-t3:  54%|█████▍    | 27/50 [00:01<00:00, 25.64it/s, Saved at =inf, TrLoss=0.1543]
 Training FV-alpha-s42-t3:  54%|█████▍    | 27/50 [00:01<00:00, 25.64it/s, Saved at =inf, TrLoss=0.1615]
 Training FV-alpha-s42-t3:  54%|█████▍    | 27/50 [00:01<00:00, 25.64it/s, Saved at =inf, TrLoss=0.1536]
 Training FV-alpha-s42-t3:  54%|█████▍    | 27/50 [00:01<00:00, 25.64it/s, Saved at =inf, TrLoss=0.1626]
 Training FV-alpha-s42-t3:  60%|██████    | 30/50 [00:01<00:00, 25.67it/s, Saved at =inf, TrLoss=0.1626]
 Training FV-alpha-s42-t3:  60%|██████    | 30/50 [00:01<00:00, 25.67it/s, Saved at =inf, TrLoss=0.1600]
 Training FV-alpha-s42-t3:  60%|██████    | 30/50 [00:01<00:00, 25.67it/s, Saved at =inf, TrLoss=0.1371]
 Training FV-alpha-s42-t3:  60%|██████    | 30/50 [00:01<00:00, 25.67it/s, Saved at =inf, TrLoss=0.1333]
 Training FV-alpha-s42-t3:  66%|██████▌   | 33/50 [00:01<00:00, 25.70it/s, Saved at =inf, TrLoss=0.1333]
 Training FV-alpha-s42-t3:  66%|██████▌   | 33/50 [00:01<00:00, 25.70it/s, Saved at =inf, TrLoss=0.1546]
 Training FV-alpha-s42-t3:  66%|██████▌   | 33/50 [00:01<00:00, 25.70it/s, Saved at =inf, TrLoss=0.1373]
 Training FV-alpha-s42-t3:  66%|██████▌   | 33/50 [00:01<00:00, 25.70it/s, Saved at =inf, TrLoss=0.1420]
 Training FV-alpha-s42-t3:  72%|███████▏  | 36/50 [00:01<00:00, 25.72it/s, Saved at =inf, TrLoss=0.1420]
 Training FV-alpha-s42-t3:  72%|███████▏  | 36/50 [00:01<00:00, 25.72it/s, Saved at =inf, TrLoss=0.1331]
 Training FV-alpha-s42-t3:  72%|███████▏  | 36/50 [00:01<00:00, 25.72it/s, Saved at =inf, TrLoss=0.1370]
 Training FV-alpha-s42-t3:  72%|███████▏  | 36/50 [00:01<00:00, 25.72it/s, Saved at =inf, TrLoss=0.1318]
 Training FV-alpha-s42-t3:  78%|███████▊  | 39/50 [00:01<00:00, 25.73it/s, Saved at =inf, TrLoss=0.1318]
 Training FV-alpha-s42-t3:  78%|███████▊  | 39/50 [00:01<00:00, 25.73it/s, Saved at =inf, TrLoss=0.1267]
 Training FV-alpha-s42-t3:  78%|███████▊  | 39/50 [00:01<00:00, 25.73it/s, Saved at =inf, TrLoss=0.1150]
 Training FV-alpha-s42-t3:  78%|███████▊  | 39/50 [00:01<00:00, 25.73it/s, Saved at =inf, TrLoss=0.1142]
 Training FV-alpha-s42-t3:  84%|████████▍ | 42/50 [00:01<00:00, 25.75it/s, Saved at =inf, TrLoss=0.1142]
 Training FV-alpha-s42-t3:  84%|████████▍ | 42/50 [00:01<00:00, 25.75it/s, Saved at =inf, TrLoss=0.1160]
 Training FV-alpha-s42-t3:  84%|████████▍ | 42/50 [00:01<00:00, 25.75it/s, Saved at =inf, TrLoss=0.1470]
 Training FV-alpha-s42-t3:  84%|████████▍ | 42/50 [00:01<00:00, 25.75it/s, Saved at =inf, TrLoss=0.1320]
 Training FV-alpha-s42-t3:  90%|█████████ | 45/50 [00:01<00:00, 25.77it/s, Saved at =inf, TrLoss=0.1320]
 Training FV-alpha-s42-t3:  90%|█████████ | 45/50 [00:01<00:00, 25.77it/s, Saved at =inf, TrLoss=0.1119]
 Training FV-alpha-s42-t3:  90%|█████████ | 45/50 [00:01<00:00, 25.77it/s, Saved at =inf, TrLoss=0.1409]
 Training FV-alpha-s42-t3:  90%|█████████ | 45/50 [00:01<00:00, 25.77it/s, Saved at =inf, TrLoss=0.1234]
 Training FV-alpha-s42-t3:  96%|█████████▌| 48/50 [00:01<00:00, 25.77it/s, Saved at =inf, TrLoss=0.1234]
 Training FV-alpha-s42-t3:  96%|█████████▌| 48/50 [00:01<00:00, 25.77it/s, Saved at =inf, TrLoss=0.1311]
 Training FV-alpha-s42-t3:  96%|█████████▌| 48/50 [00:01<00:00, 25.77it/s, Saved at =inf, TrLoss=0.1235]
 Training FV-alpha-s42-t3: 100%|██████████| 50/50 [00:01<00:00, 25.78it/s, Saved at =inf, TrLoss=0.1235]

 Training FV-alpha-s42-t4:   0%|          | 0/50 [00:00<?, ?it/s]
 Training FV-alpha-s42-t4:   0%|          | 0/50 [00:00<?, ?it/s, Saved at =inf, TrLoss=0.7027]
 Training FV-alpha-s42-t4:   0%|          | 0/50 [00:00<?, ?it/s, Saved at =inf, TrLoss=1.2035]
 Training FV-alpha-s42-t4:   0%|          | 0/50 [00:00<?, ?it/s, Saved at =inf, TrLoss=0.5738]
 Training FV-alpha-s42-t4:   6%|▌         | 3/50 [00:00<00:02, 20.49it/s, Saved at =inf, TrLoss=0.5738]
 Training FV-alpha-s42-t4:   6%|▌         | 3/50 [00:00<00:02, 20.49it/s, Saved at =inf, TrLoss=0.5926]
 Training FV-alpha-s42-t4:   6%|▌         | 3/50 [00:00<00:02, 20.49it/s, Saved at =inf, TrLoss=0.5087]
 Training FV-alpha-s42-t4:   6%|▌         | 3/50 [00:00<00:02, 20.49it/s, Saved at =inf, TrLoss=0.5113]
 Training FV-alpha-s42-t4:  12%|█▏        | 6/50 [00:00<00:02, 20.59it/s, Saved at =inf, TrLoss=0.5113]
 Training FV-alpha-s42-t4:  12%|█▏        | 6/50 [00:00<00:02, 20.59it/s, Saved at =inf, TrLoss=0.4248]
 Training FV-alpha-s42-t4:  12%|█▏        | 6/50 [00:00<00:02, 20.59it/s, Saved at =inf, TrLoss=0.4268]
 Training FV-alpha-s42-t4:  12%|█▏        | 6/50 [00:00<00:02, 20.59it/s, Saved at =inf, TrLoss=0.4037]
 Training FV-alpha-s42-t4:  18%|█▊        | 9/50 [00:00<00:02, 20.50it/s, Saved at =inf, TrLoss=0.4037]
 Training FV-alpha-s42-t4:  18%|█▊        | 9/50 [00:00<00:02, 20.50it/s, Saved at =inf, TrLoss=0.3698]
 Training FV-alpha-s42-t4:  18%|█▊        | 9/50 [00:00<00:02, 20.50it/s, Saved at =inf, TrLoss=0.3622]
 Training FV-alpha-s42-t4:  18%|█▊        | 9/50 [00:00<00:02, 20.50it/s, Saved at =inf, TrLoss=0.3054]
 Training FV-alpha-s42-t4:  24%|██▍       | 12/50 [00:00<00:01, 20.46it/s, Saved at =inf, TrLoss=0.3054]
 Training FV-alpha-s42-t4:  24%|██▍       | 12/50 [00:00<00:01, 20.46it/s, Saved at =inf, TrLoss=0.3123]
 Training FV-alpha-s42-t4:  24%|██▍       | 12/50 [00:00<00:01, 20.46it/s, Saved at =inf, TrLoss=0.2696]
 Training FV-alpha-s42-t4:  24%|██▍       | 12/50 [00:00<00:01, 20.46it/s, Saved at =inf, TrLoss=0.2546]
 Training FV-alpha-s42-t4:  30%|███       | 15/50 [00:00<00:01, 20.43it/s, Saved at =inf, TrLoss=0.2546]
 Training FV-alpha-s42-t4:  30%|███       | 15/50 [00:00<00:01, 20.43it/s, Saved at =inf, TrLoss=0.2456]
 Training FV-alpha-s42-t4:  30%|███       | 15/50 [00:00<00:01, 20.43it/s, Saved at =inf, TrLoss=0.2443]
 Training FV-alpha-s42-t4:  30%|███       | 15/50 [00:00<00:01, 20.43it/s, Saved at =inf, TrLoss=0.2236]
 Training FV-alpha-s42-t4:  36%|███▌      | 18/50 [00:00<00:01, 20.39it/s, Saved at =inf, TrLoss=0.2236]
 Training FV-alpha-s42-t4:  36%|███▌      | 18/50 [00:00<00:01, 20.39it/s, Saved at =inf, TrLoss=0.2376]
 Training FV-alpha-s42-t4:  36%|███▌      | 18/50 [00:00<00:01, 20.39it/s, Saved at =inf, TrLoss=0.2021]
 Training FV-alpha-s42-t4:  36%|███▌      | 18/50 [00:01<00:01, 20.39it/s, Saved at =inf, TrLoss=0.2306]
 Training FV-alpha-s42-t4:  42%|████▏     | 21/50 [00:01<00:01, 20.38it/s, Saved at =inf, TrLoss=0.2306]
 Training FV-alpha-s42-t4:  42%|████▏     | 21/50 [00:01<00:01, 20.38it/s, Saved at =inf, TrLoss=0.2222]
 Training FV-alpha-s42-t4:  42%|████▏     | 21/50 [00:01<00:01, 20.38it/s, Saved at =inf, TrLoss=0.1921]
 Training FV-alpha-s42-t4:  42%|████▏     | 21/50 [00:01<00:01, 20.38it/s, Saved at =inf, TrLoss=0.2194]
 Training FV-alpha-s42-t4:  48%|████▊     | 24/50 [00:01<00:01, 20.37it/s, Saved at =inf, TrLoss=0.2194]
 Training FV-alpha-s42-t4:  48%|████▊     | 24/50 [00:01<00:01, 20.37it/s, Saved at =inf, TrLoss=0.1925]
 Training FV-alpha-s42-t4:  48%|████▊     | 24/50 [00:01<00:01, 20.37it/s, Saved at =inf, TrLoss=0.1975]
 Training FV-alpha-s42-t4:  48%|████▊     | 24/50 [00:01<00:01, 20.37it/s, Saved at =inf, TrLoss=0.1710]
 Training FV-alpha-s42-t4:  54%|█████▍    | 27/50 [00:01<00:01, 20.38it/s, Saved at =inf, TrLoss=0.1710]
 Training FV-alpha-s42-t4:  54%|█████▍    | 27/50 [00:01<00:01, 20.38it/s, Saved at =inf, TrLoss=0.1978]
 Training FV-alpha-s42-t4:  54%|█████▍    | 27/50 [00:01<00:01, 20.38it/s, Saved at =inf, TrLoss=0.1787]
 Training FV-alpha-s42-t4:  54%|█████▍    | 27/50 [00:01<00:01, 20.38it/s, Saved at =inf, TrLoss=0.1747]
 Training FV-alpha-s42-t4:  60%|██████    | 30/50 [00:01<00:00, 20.34it/s, Saved at =inf, TrLoss=0.1747]
 Training FV-alpha-s42-t4:  60%|██████    | 30/50 [00:01<00:00, 20.34it/s, Saved at =inf, TrLoss=0.1651]
 Training FV-alpha-s42-t4:  60%|██████    | 30/50 [00:01<00:00, 20.34it/s, Saved at =inf, TrLoss=0.1671]
 Training FV-alpha-s42-t4:  60%|██████    | 30/50 [00:01<00:00, 20.34it/s, Saved at =inf, TrLoss=0.1611]
 Training FV-alpha-s42-t4:  66%|██████▌   | 33/50 [00:01<00:00, 20.36it/s, Saved at =inf, TrLoss=0.1611]
 Training FV-alpha-s42-t4:  66%|██████▌   | 33/50 [00:01<00:00, 20.36it/s, Saved at =inf, TrLoss=0.1668]
 Training FV-alpha-s42-t4:  66%|██████▌   | 33/50 [00:01<00:00, 20.36it/s, Saved at =inf, TrLoss=0.1618]
 Training FV-alpha-s42-t4:  66%|██████▌   | 33/50 [00:01<00:00, 20.36it/s, Saved at =inf, TrLoss=0.1599]
 Training FV-alpha-s42-t4:  72%|███████▏  | 36/50 [00:01<00:00, 20.36it/s, Saved at =inf, TrLoss=0.1599]
 Training FV-alpha-s42-t4:  72%|███████▏  | 36/50 [00:01<00:00, 20.36it/s, Saved at =inf, TrLoss=0.1726]
 Training FV-alpha-s42-t4:  72%|███████▏  | 36/50 [00:01<00:00, 20.36it/s, Saved at =inf, TrLoss=0.1570]
 Training FV-alpha-s42-t4:  72%|███████▏  | 36/50 [00:01<00:00, 20.36it/s, Saved at =inf, TrLoss=0.1529]
 Training FV-alpha-s42-t4:  78%|███████▊  | 39/50 [00:01<00:00, 20.36it/s, Saved at =inf, TrLoss=0.1529]
 Training FV-alpha-s42-t4:  78%|███████▊  | 39/50 [00:01<00:00, 20.36it/s, Saved at =inf, TrLoss=0.1536]
 Training FV-alpha-s42-t4:  78%|███████▊  | 39/50 [00:01<00:00, 20.36it/s, Saved at =inf, TrLoss=0.1682]
 Training FV-alpha-s42-t4:  78%|███████▊  | 39/50 [00:02<00:00, 20.36it/s, Saved at =inf, TrLoss=0.1496]
 Training FV-alpha-s42-t4:  84%|████████▍ | 42/50 [00:02<00:00, 20.36it/s, Saved at =inf, TrLoss=0.1496]
 Training FV-alpha-s42-t4:  84%|████████▍ | 42/50 [00:02<00:00, 20.36it/s, Saved at =inf, TrLoss=0.1578]
 Training FV-alpha-s42-t4:  84%|████████▍ | 42/50 [00:02<00:00, 20.36it/s, Saved at =inf, TrLoss=0.1529]
 Training FV-alpha-s42-t4:  84%|████████▍ | 42/50 [00:02<00:00, 20.36it/s, Saved at =inf, TrLoss=0.1581]
 Training FV-alpha-s42-t4:  90%|█████████ | 45/50 [00:02<00:00, 20.37it/s, Saved at =inf, TrLoss=0.1581]
 Training FV-alpha-s42-t4:  90%|█████████ | 45/50 [00:02<00:00, 20.37it/s, Saved at =inf, TrLoss=0.1480]
 Training FV-alpha-s42-t4:  90%|█████████ | 45/50 [00:02<00:00, 20.37it/s, Saved at =inf, TrLoss=0.1432]
 Training FV-alpha-s42-t4:  90%|█████████ | 45/50 [00:02<00:00, 20.37it/s, Saved at =inf, TrLoss=0.1401]
 Training FV-alpha-s42-t4:  96%|█████████▌| 48/50 [00:02<00:00, 20.37it/s, Saved at =inf, TrLoss=0.1401]
 Training FV-alpha-s42-t4:  96%|█████████▌| 48/50 [00:02<00:00, 20.37it/s, Saved at =inf, TrLoss=0.1456]
 Training FV-alpha-s42-t4:  96%|█████████▌| 48/50 [00:02<00:00, 20.37it/s, Saved at =inf, TrLoss=0.1448]
 Training FV-alpha-s42-t4: 100%|██████████| 50/50 [00:02<00:00, 20.39it/s, Saved at =inf, TrLoss=0.1448]

 Training FV-alpha-s42-t5:   0%|          | 0/50 [00:00<?, ?it/s]
 Training FV-alpha-s42-t5:   0%|          | 0/50 [00:00<?, ?it/s, Saved at =inf, TrLoss=0.7338]
 Training FV-alpha-s42-t5:   0%|          | 0/50 [00:00<?, ?it/s, Saved at =inf, TrLoss=0.9387]
 Training FV-alpha-s42-t5:   4%|▍         | 2/50 [00:00<00:02, 16.60it/s, Saved at =inf, TrLoss=0.9387]
 Training FV-alpha-s42-t5:   4%|▍         | 2/50 [00:00<00:02, 16.60it/s, Saved at =inf, TrLoss=0.5507]
 Training FV-alpha-s42-t5:   4%|▍         | 2/50 [00:00<00:02, 16.60it/s, Saved at =inf, TrLoss=0.5887]
 Training FV-alpha-s42-t5:   8%|▊         | 4/50 [00:00<00:02, 16.99it/s, Saved at =inf, TrLoss=0.5887]
 Training FV-alpha-s42-t5:   8%|▊         | 4/50 [00:00<00:02, 16.99it/s, Saved at =inf, TrLoss=0.4969]
 Training FV-alpha-s42-t5:   8%|▊         | 4/50 [00:00<00:02, 16.99it/s, Saved at =inf, TrLoss=0.4774]
 Training FV-alpha-s42-t5:  12%|█▏        | 6/50 [00:00<00:02, 16.99it/s, Saved at =inf, TrLoss=0.4774]
 Training FV-alpha-s42-t5:  12%|█▏        | 6/50 [00:00<00:02, 16.99it/s, Saved at =inf, TrLoss=0.4680]
 Training FV-alpha-s42-t5:  12%|█▏        | 6/50 [00:00<00:02, 16.99it/s, Saved at =inf, TrLoss=0.4368]
 Training FV-alpha-s42-t5:  16%|█▌        | 8/50 [00:00<00:02, 16.99it/s, Saved at =inf, TrLoss=0.4368]
 Training FV-alpha-s42-t5:  16%|█▌        | 8/50 [00:00<00:02, 16.99it/s, Saved at =inf, TrLoss=0.4033]
 Training FV-alpha-s42-t5:  16%|█▌        | 8/50 [00:00<00:02, 16.99it/s, Saved at =inf, TrLoss=0.3915]
 Training FV-alpha-s42-t5:  20%|██        | 10/50 [00:00<00:02, 16.99it/s, Saved at =inf, TrLoss=0.3915]
 Training FV-alpha-s42-t5:  20%|██        | 10/50 [00:00<00:02, 16.99it/s, Saved at =inf, TrLoss=0.3411]
 Training FV-alpha-s42-t5:  20%|██        | 10/50 [00:00<00:02, 16.99it/s, Saved at =inf, TrLoss=0.3468]
 Training FV-alpha-s42-t5:  24%|██▍       | 12/50 [00:00<00:02, 16.99it/s, Saved at =inf, TrLoss=0.3468]
 Training FV-alpha-s42-t5:  24%|██▍       | 12/50 [00:00<00:02, 16.99it/s, Saved at =inf, TrLoss=0.3181]
 Training FV-alpha-s42-t5:  24%|██▍       | 12/50 [00:00<00:02, 16.99it/s, Saved at =inf, TrLoss=0.3360]
 Training FV-alpha-s42-t5:  28%|██▊       | 14/50 [00:00<00:02, 16.99it/s, Saved at =inf, TrLoss=0.3360]
 Training FV-alpha-s42-t5:  28%|██▊       | 14/50 [00:00<00:02, 16.99it/s, Saved at =inf, TrLoss=0.2691]
 Training FV-alpha-s42-t5:  28%|██▊       | 14/50 [00:00<00:02, 16.99it/s, Saved at =inf, TrLoss=0.3266]
 Training FV-alpha-s42-t5:  32%|███▏      | 16/50 [00:00<00:02, 16.99it/s, Saved at =inf, TrLoss=0.3266]
 Training FV-alpha-s42-t5:  32%|███▏      | 16/50 [00:00<00:02, 16.99it/s, Saved at =inf, TrLoss=0.2809]
 Training FV-alpha-s42-t5:  32%|███▏      | 16/50 [00:01<00:02, 16.99it/s, Saved at =inf, TrLoss=0.2940]
 Training FV-alpha-s42-t5:  36%|███▌      | 18/50 [00:01<00:01, 17.00it/s, Saved at =inf, TrLoss=0.2940]
 Training FV-alpha-s42-t5:  36%|███▌      | 18/50 [00:01<00:01, 17.00it/s, Saved at =inf, TrLoss=0.2783]
 Training FV-alpha-s42-t5:  36%|███▌      | 18/50 [00:01<00:01, 17.00it/s, Saved at =inf, TrLoss=0.2660]
 Training FV-alpha-s42-t5:  40%|████      | 20/50 [00:01<00:01, 17.00it/s, Saved at =inf, TrLoss=0.2660]
 Training FV-alpha-s42-t5:  40%|████      | 20/50 [00:01<00:01, 17.00it/s, Saved at =inf, TrLoss=0.2653]
 Training FV-alpha-s42-t5:  40%|████      | 20/50 [00:01<00:01, 17.00it/s, Saved at =inf, TrLoss=0.2766]
 Training FV-alpha-s42-t5:  44%|████▍     | 22/50 [00:01<00:01, 17.00it/s, Saved at =inf, TrLoss=0.2766]
 Training FV-alpha-s42-t5:  44%|████▍     | 22/50 [00:01<00:01, 17.00it/s, Saved at =inf, TrLoss=0.2557]
 Training FV-alpha-s42-t5:  44%|████▍     | 22/50 [00:01<00:01, 17.00it/s, Saved at =inf, TrLoss=0.2537]
 Training FV-alpha-s42-t5:  48%|████▊     | 24/50 [00:01<00:01, 17.00it/s, Saved at =inf, TrLoss=0.2537]
 Training FV-alpha-s42-t5:  48%|████▊     | 24/50 [00:01<00:01, 17.00it/s, Saved at =inf, TrLoss=0.2746]
 Training FV-alpha-s42-t5:  48%|████▊     | 24/50 [00:01<00:01, 17.00it/s, Saved at =inf, TrLoss=0.2472]
 Training FV-alpha-s42-t5:  52%|█████▏    | 26/50 [00:01<00:01, 16.99it/s, Saved at =inf, TrLoss=0.2472]
 Training FV-alpha-s42-t5:  52%|█████▏    | 26/50 [00:01<00:01, 16.99it/s, Saved at =inf, TrLoss=0.2479]
 Training FV-alpha-s42-t5:  52%|█████▏    | 26/50 [00:01<00:01, 16.99it/s, Saved at =inf, TrLoss=0.2396]
 Training FV-alpha-s42-t5:  56%|█████▌    | 28/50 [00:01<00:01, 17.00it/s, Saved at =inf, TrLoss=0.2396]
 Training FV-alpha-s42-t5:  56%|█████▌    | 28/50 [00:01<00:01, 17.00it/s, Saved at =inf, TrLoss=0.2413]
 Training FV-alpha-s42-t5:  56%|█████▌    | 28/50 [00:01<00:01, 17.00it/s, Saved at =inf, TrLoss=0.2444]
 Training FV-alpha-s42-t5:  60%|██████    | 30/50 [00:01<00:01, 16.99it/s, Saved at =inf, TrLoss=0.2444]
 Training FV-alpha-s42-t5:  60%|██████    | 30/50 [00:01<00:01, 16.99it/s, Saved at =inf, TrLoss=0.2222]
 Training FV-alpha-s42-t5:  60%|██████    | 30/50 [00:01<00:01, 16.99it/s, Saved at =inf, TrLoss=0.2299]
 Training FV-alpha-s42-t5:  64%|██████▍   | 32/50 [00:01<00:01, 16.98it/s, Saved at =inf, TrLoss=0.2299]
 Training FV-alpha-s42-t5:  64%|██████▍   | 32/50 [00:01<00:01, 16.98it/s, Saved at =inf, TrLoss=0.2330]
 Training FV-alpha-s42-t5:  64%|██████▍   | 32/50 [00:01<00:01, 16.98it/s, Saved at =inf, TrLoss=0.2301]
 Training FV-alpha-s42-t5:  68%|██████▊   | 34/50 [00:02<00:00, 16.98it/s, Saved at =inf, TrLoss=0.2301]
 Training FV-alpha-s42-t5:  68%|██████▊   | 34/50 [00:02<00:00, 16.98it/s, Saved at =inf, TrLoss=0.2194]
 Training FV-alpha-s42-t5:  68%|██████▊   | 34/50 [00:02<00:00, 16.98it/s, Saved at =inf, TrLoss=0.2260]
 Training FV-alpha-s42-t5:  72%|███████▏  | 36/50 [00:02<00:00, 16.98it/s, Saved at =inf, TrLoss=0.2260]
 Training FV-alpha-s42-t5:  72%|███████▏  | 36/50 [00:02<00:00, 16.98it/s, Saved at =inf, TrLoss=0.2179]
 Training FV-alpha-s42-t5:  72%|███████▏  | 36/50 [00:02<00:00, 16.98it/s, Saved at =inf, TrLoss=0.2104]
 Training FV-alpha-s42-t5:  76%|███████▌  | 38/50 [00:02<00:00, 16.99it/s, Saved at =inf, TrLoss=0.2104]
 Training FV-alpha-s42-t5:  76%|███████▌  | 38/50 [00:02<00:00, 16.99it/s, Saved at =inf, TrLoss=0.2007]
 Training FV-alpha-s42-t5:  76%|███████▌  | 38/50 [00:02<00:00, 16.99it/s, Saved at =inf, TrLoss=0.2068]
 Training FV-alpha-s42-t5:  80%|████████  | 40/50 [00:02<00:00, 16.98it/s, Saved at =inf, TrLoss=0.2068]
 Training FV-alpha-s42-t5:  80%|████████  | 40/50 [00:02<00:00, 16.98it/s, Saved at =inf, TrLoss=0.2048]
 Training FV-alpha-s42-t5:  80%|████████  | 40/50 [00:02<00:00, 16.98it/s, Saved at =inf, TrLoss=0.2064]
 Training FV-alpha-s42-t5:  84%|████████▍ | 42/50 [00:02<00:00, 16.98it/s, Saved at =inf, TrLoss=0.2064]
 Training FV-alpha-s42-t5:  84%|████████▍ | 42/50 [00:02<00:00, 16.98it/s, Saved at =inf, TrLoss=0.2059]
 Training FV-alpha-s42-t5:  84%|████████▍ | 42/50 [00:02<00:00, 16.98it/s, Saved at =inf, TrLoss=0.2003]
 Training FV-alpha-s42-t5:  88%|████████▊ | 44/50 [00:02<00:00, 16.98it/s, Saved at =inf, TrLoss=0.2003]
 Training FV-alpha-s42-t5:  88%|████████▊ | 44/50 [00:02<00:00, 16.98it/s, Saved at =inf, TrLoss=0.1921]
 Training FV-alpha-s42-t5:  88%|████████▊ | 44/50 [00:02<00:00, 16.98it/s, Saved at =inf, TrLoss=0.1872]
 Training FV-alpha-s42-t5:  92%|█████████▏| 46/50 [00:02<00:00, 16.99it/s, Saved at =inf, TrLoss=0.1872]
 Training FV-alpha-s42-t5:  92%|█████████▏| 46/50 [00:02<00:00, 16.99it/s, Saved at =inf, TrLoss=0.1890]
 Training FV-alpha-s42-t5:  92%|█████████▏| 46/50 [00:02<00:00, 16.99it/s, Saved at =inf, TrLoss=0.1871]
 Training FV-alpha-s42-t5:  96%|█████████▌| 48/50 [00:02<00:00, 16.99it/s, Saved at =inf, TrLoss=0.1871]
 Training FV-alpha-s42-t5:  96%|█████████▌| 48/50 [00:02<00:00, 16.99it/s, Saved at =inf, TrLoss=0.1840]
 Training FV-alpha-s42-t5:  96%|█████████▌| 48/50 [00:02<00:00, 16.99it/s, Saved at =inf, TrLoss=0.1812]
 Training FV-alpha-s42-t5: 100%|██████████| 50/50 [00:02<00:00, 16.98it/s, Saved at =inf, TrLoss=0.1812]
 Training FV-alpha-s42-t5: 100%|██████████| 50/50 [00:02<00:00, 16.98it/s, Saved at =inf, TrLoss=0.1812]

 Training FV-alpha-s42-t6:   0%|          | 0/50 [00:00<?, ?it/s]
 Training FV-alpha-s42-t6:   0%|          | 0/50 [00:00<?, ?it/s, Saved at =inf, TrLoss=0.7037]
 Training FV-alpha-s42-t6:   0%|          | 0/50 [00:00<?, ?it/s, Saved at =inf, TrLoss=0.6970]
 Training FV-alpha-s42-t6:   4%|▍         | 2/50 [00:00<00:03, 14.11it/s, Saved at =inf, TrLoss=0.6970]
 Training FV-alpha-s42-t6:   4%|▍         | 2/50 [00:00<00:03, 14.11it/s, Saved at =inf, TrLoss=0.5857]
 Training FV-alpha-s42-t6:   4%|▍         | 2/50 [00:00<00:03, 14.11it/s, Saved at =inf, TrLoss=0.5315]
 Training FV-alpha-s42-t6:   8%|▊         | 4/50 [00:00<00:03, 14.34it/s, Saved at =inf, TrLoss=0.5315]
 Training FV-alpha-s42-t6:   8%|▊         | 4/50 [00:00<00:03, 14.34it/s, Saved at =inf, TrLoss=0.4799]
 Training FV-alpha-s42-t6:   8%|▊         | 4/50 [00:00<00:03, 14.34it/s, Saved at =inf, TrLoss=0.4629]
 Training FV-alpha-s42-t6:  12%|█▏        | 6/50 [00:00<00:03, 14.37it/s, Saved at =inf, TrLoss=0.4629]
 Training FV-alpha-s42-t6:  12%|█▏        | 6/50 [00:00<00:03, 14.37it/s, Saved at =inf, TrLoss=0.4402]
 Training FV-alpha-s42-t6:  12%|█▏        | 6/50 [00:00<00:03, 14.37it/s, Saved at =inf, TrLoss=0.4063]
 Training FV-alpha-s42-t6:  16%|█▌        | 8/50 [00:00<00:02, 14.39it/s, Saved at =inf, TrLoss=0.4063]
 Training FV-alpha-s42-t6:  16%|█▌        | 8/50 [00:00<00:02, 14.39it/s, Saved at =inf, TrLoss=0.3679]
 Training FV-alpha-s42-t6:  16%|█▌        | 8/50 [00:00<00:02, 14.39it/s, Saved at =inf, TrLoss=0.3438]
 Training FV-alpha-s42-t6:  20%|██        | 10/50 [00:00<00:02, 14.39it/s, Saved at =inf, TrLoss=0.3438]
 Training FV-alpha-s42-t6:  20%|██        | 10/50 [00:00<00:02, 14.39it/s, Saved at =inf, TrLoss=0.3678]
 Training FV-alpha-s42-t6:  20%|██        | 10/50 [00:00<00:02, 14.39it/s, Saved at =inf, TrLoss=0.3995]
 Training FV-alpha-s42-t6:  24%|██▍       | 12/50 [00:00<00:02, 14.39it/s, Saved at =inf, TrLoss=0.3995]
 Training FV-alpha-s42-t6:  24%|██▍       | 12/50 [00:00<00:02, 14.39it/s, Saved at =inf, TrLoss=0.3115]
 Training FV-alpha-s42-t6:  24%|██▍       | 12/50 [00:00<00:02, 14.39it/s, Saved at =inf, TrLoss=0.3775]
 Training FV-alpha-s42-t6:  28%|██▊       | 14/50 [00:00<00:02, 14.40it/s, Saved at =inf, TrLoss=0.3775]
 Training FV-alpha-s42-t6:  28%|██▊       | 14/50 [00:01<00:02, 14.40it/s, Saved at =inf, TrLoss=0.2842]
 Training FV-alpha-s42-t6:  28%|██▊       | 14/50 [00:01<00:02, 14.40it/s, Saved at =inf, TrLoss=0.3427]
 Training FV-alpha-s42-t6:  32%|███▏      | 16/50 [00:01<00:02, 14.40it/s, Saved at =inf, TrLoss=0.3427]
 Training FV-alpha-s42-t6:  32%|███▏      | 16/50 [00:01<00:02, 14.40it/s, Saved at =inf, TrLoss=0.2991]
 Training FV-alpha-s42-t6:  32%|███▏      | 16/50 [00:01<00:02, 14.40it/s, Saved at =inf, TrLoss=0.2990]
 Training FV-alpha-s42-t6:  36%|███▌      | 18/50 [00:01<00:02, 14.40it/s, Saved at =inf, TrLoss=0.2990]
 Training FV-alpha-s42-t6:  36%|███▌      | 18/50 [00:01<00:02, 14.40it/s, Saved at =inf, TrLoss=0.3093]
 Training FV-alpha-s42-t6:  36%|███▌      | 18/50 [00:01<00:02, 14.40it/s, Saved at =inf, TrLoss=0.2659]
 Training FV-alpha-s42-t6:  40%|████      | 20/50 [00:01<00:02, 14.40it/s, Saved at =inf, TrLoss=0.2659]
 Training FV-alpha-s42-t6:  40%|████      | 20/50 [00:01<00:02, 14.40it/s, Saved at =inf, TrLoss=0.2885]
 Training FV-alpha-s42-t6:  40%|████      | 20/50 [00:01<00:02, 14.40it/s, Saved at =inf, TrLoss=0.2636]
 Training FV-alpha-s42-t6:  44%|████▍     | 22/50 [00:01<00:01, 14.39it/s, Saved at =inf, TrLoss=0.2636]
 Training FV-alpha-s42-t6:  44%|████▍     | 22/50 [00:01<00:01, 14.39it/s, Saved at =inf, TrLoss=0.2655]
 Training FV-alpha-s42-t6:  44%|████▍     | 22/50 [00:01<00:01, 14.39it/s, Saved at =inf, TrLoss=0.2692]
 Training FV-alpha-s42-t6:  48%|████▊     | 24/50 [00:01<00:01, 14.40it/s, Saved at =inf, TrLoss=0.2692]
 Training FV-alpha-s42-t6:  48%|████▊     | 24/50 [00:01<00:01, 14.40it/s, Saved at =inf, TrLoss=0.2596]
 Training FV-alpha-s42-t6:  48%|████▊     | 24/50 [00:01<00:01, 14.40it/s, Saved at =inf, TrLoss=0.2597]
 Training FV-alpha-s42-t6:  52%|█████▏    | 26/50 [00:01<00:01, 14.39it/s, Saved at =inf, TrLoss=0.2597]
 Training FV-alpha-s42-t6:  52%|█████▏    | 26/50 [00:01<00:01, 14.39it/s, Saved at =inf, TrLoss=0.2372]
 Training FV-alpha-s42-t6:  52%|█████▏    | 26/50 [00:01<00:01, 14.39it/s, Saved at =inf, TrLoss=0.2659]
 Training FV-alpha-s42-t6:  56%|█████▌    | 28/50 [00:01<00:01, 14.39it/s, Saved at =inf, TrLoss=0.2659]
 Training FV-alpha-s42-t6:  56%|█████▌    | 28/50 [00:01<00:01, 14.39it/s, Saved at =inf, TrLoss=0.2464]
 Training FV-alpha-s42-t6:  56%|█████▌    | 28/50 [00:02<00:01, 14.39it/s, Saved at =inf, TrLoss=0.2501]
 Training FV-alpha-s42-t6:  60%|██████    | 30/50 [00:02<00:01, 14.40it/s, Saved at =inf, TrLoss=0.2501]
 Training FV-alpha-s42-t6:  60%|██████    | 30/50 [00:02<00:01, 14.40it/s, Saved at =inf, TrLoss=0.2319]
 Training FV-alpha-s42-t6:  60%|██████    | 30/50 [00:02<00:01, 14.40it/s, Saved at =inf, TrLoss=0.2356]
 Training FV-alpha-s42-t6:  64%|██████▍   | 32/50 [00:02<00:01, 14.40it/s, Saved at =inf, TrLoss=0.2356]
 Training FV-alpha-s42-t6:  64%|██████▍   | 32/50 [00:02<00:01, 14.40it/s, Saved at =inf, TrLoss=0.2326]
 Training FV-alpha-s42-t6:  64%|██████▍   | 32/50 [00:02<00:01, 14.40it/s, Saved at =inf, TrLoss=0.2338]
 Training FV-alpha-s42-t6:  68%|██████▊   | 34/50 [00:02<00:01, 14.40it/s, Saved at =inf, TrLoss=0.2338]
 Training FV-alpha-s42-t6:  68%|██████▊   | 34/50 [00:02<00:01, 14.40it/s, Saved at =inf, TrLoss=0.2287]
 Training FV-alpha-s42-t6:  68%|██████▊   | 34/50 [00:02<00:01, 14.40it/s, Saved at =inf, TrLoss=0.2225]
 Training FV-alpha-s42-t6:  72%|███████▏  | 36/50 [00:02<00:00, 14.40it/s, Saved at =inf, TrLoss=0.2225]
 Training FV-alpha-s42-t6:  72%|███████▏  | 36/50 [00:02<00:00, 14.40it/s, Saved at =inf, TrLoss=0.2342]
 Training FV-alpha-s42-t6:  72%|███████▏  | 36/50 [00:02<00:00, 14.40it/s, Saved at =inf, TrLoss=0.2145]
 Training FV-alpha-s42-t6:  76%|███████▌  | 38/50 [00:02<00:00, 14.40it/s, Saved at =inf, TrLoss=0.2145]
 Training FV-alpha-s42-t6:  76%|███████▌  | 38/50 [00:02<00:00, 14.40it/s, Saved at =inf, TrLoss=0.2112]
 Training FV-alpha-s42-t6:  76%|███████▌  | 38/50 [00:02<00:00, 14.40it/s, Saved at =inf, TrLoss=0.2109]
 Training FV-alpha-s42-t6:  80%|████████  | 40/50 [00:02<00:00, 14.40it/s, Saved at =inf, TrLoss=0.2109]
 Training FV-alpha-s42-t6:  80%|████████  | 40/50 [00:02<00:00, 14.40it/s, Saved at =inf, TrLoss=0.2265]
 Training FV-alpha-s42-t6:  80%|████████  | 40/50 [00:02<00:00, 14.40it/s, Saved at =inf, TrLoss=0.2079]
 Training FV-alpha-s42-t6:  84%|████████▍ | 42/50 [00:02<00:00, 14.40it/s, Saved at =inf, TrLoss=0.2079]
 Training FV-alpha-s42-t6:  84%|████████▍ | 42/50 [00:02<00:00, 14.40it/s, Saved at =inf, TrLoss=0.2153]
 Training FV-alpha-s42-t6:  84%|████████▍ | 42/50 [00:03<00:00, 14.40it/s, Saved at =inf, TrLoss=0.2029]
 Training FV-alpha-s42-t6:  88%|████████▊ | 44/50 [00:03<00:00, 14.40it/s, Saved at =inf, TrLoss=0.2029]
 Training FV-alpha-s42-t6:  88%|████████▊ | 44/50 [00:03<00:00, 14.40it/s, Saved at =inf, TrLoss=0.2181]
 Training FV-alpha-s42-t6:  88%|████████▊ | 44/50 [00:03<00:00, 14.40it/s, Saved at =inf, TrLoss=0.1921]
 Training FV-alpha-s42-t6:  92%|█████████▏| 46/50 [00:03<00:00, 14.40it/s, Saved at =inf, TrLoss=0.1921]
 Training FV-alpha-s42-t6:  92%|█████████▏| 46/50 [00:03<00:00, 14.40it/s, Saved at =inf, TrLoss=0.1979]
 Training FV-alpha-s42-t6:  92%|█████████▏| 46/50 [00:03<00:00, 14.40it/s, Saved at =inf, TrLoss=0.1905]
 Training FV-alpha-s42-t6:  96%|█████████▌| 48/50 [00:03<00:00, 14.40it/s, Saved at =inf, TrLoss=0.1905]
 Training FV-alpha-s42-t6:  96%|█████████▌| 48/50 [00:03<00:00, 14.40it/s, Saved at =inf, TrLoss=0.1924]
 Training FV-alpha-s42-t6:  96%|█████████▌| 48/50 [00:03<00:00, 14.40it/s, Saved at =inf, TrLoss=0.1910]
 Training FV-alpha-s42-t6: 100%|██████████| 50/50 [00:03<00:00, 14.38it/s, Saved at =inf, TrLoss=0.1910]
 Training FV-alpha-s42-t6: 100%|██████████| 50/50 [00:03<00:00, 14.39it/s, Saved at =inf, TrLoss=0.1910]

 Training FV-alpha-s42-t7:   0%|          | 0/50 [00:00<?, ?it/s]
 Training FV-alpha-s42-t7:   0%|          | 0/50 [00:00<?, ?it/s, Saved at =inf, TrLoss=0.6890]
 Training FV-alpha-s42-t7:   0%|          | 0/50 [00:00<?, ?it/s, Saved at =inf, TrLoss=0.6662]
 Training FV-alpha-s42-t7:   4%|▍         | 2/50 [00:00<00:03, 12.18it/s, Saved at =inf, TrLoss=0.6662]
 Training FV-alpha-s42-t7:   4%|▍         | 2/50 [00:00<00:03, 12.18it/s, Saved at =inf, TrLoss=0.6719]
 Training FV-alpha-s42-t7:   4%|▍         | 2/50 [00:00<00:03, 12.18it/s, Saved at =inf, TrLoss=0.5635]
 Training FV-alpha-s42-t7:   8%|▊         | 4/50 [00:00<00:03, 12.33it/s, Saved at =inf, TrLoss=0.5635]
 Training FV-alpha-s42-t7:   8%|▊         | 4/50 [00:00<00:03, 12.33it/s, Saved at =inf, TrLoss=0.5028]
 Training FV-alpha-s42-t7:   8%|▊         | 4/50 [00:00<00:03, 12.33it/s, Saved at =inf, TrLoss=0.5343]
 Training FV-alpha-s42-t7:  12%|█▏        | 6/50 [00:00<00:03, 12.44it/s, Saved at =inf, TrLoss=0.5343]
 Training FV-alpha-s42-t7:  12%|█▏        | 6/50 [00:00<00:03, 12.44it/s, Saved at =inf, TrLoss=0.5298]
 Training FV-alpha-s42-t7:  12%|█▏        | 6/50 [00:00<00:03, 12.44it/s, Saved at =inf, TrLoss=0.4711]
 Training FV-alpha-s42-t7:  16%|█▌        | 8/50 [00:00<00:03, 12.44it/s, Saved at =inf, TrLoss=0.4711]
 Training FV-alpha-s42-t7:  16%|█▌        | 8/50 [00:00<00:03, 12.44it/s, Saved at =inf, TrLoss=0.4302]
 Training FV-alpha-s42-t7:  16%|█▌        | 8/50 [00:00<00:03, 12.44it/s, Saved at =inf, TrLoss=0.4228]
 Training FV-alpha-s42-t7:  20%|██        | 10/50 [00:00<00:03, 12.44it/s, Saved at =inf, TrLoss=0.4228]
 Training FV-alpha-s42-t7:  20%|██        | 10/50 [00:00<00:03, 12.44it/s, Saved at =inf, TrLoss=0.3958]
 Training FV-alpha-s42-t7:  20%|██        | 10/50 [00:00<00:03, 12.44it/s, Saved at =inf, TrLoss=0.3557]
 Training FV-alpha-s42-t7:  24%|██▍       | 12/50 [00:00<00:03, 12.43it/s, Saved at =inf, TrLoss=0.3557]
 Training FV-alpha-s42-t7:  24%|██▍       | 12/50 [00:01<00:03, 12.43it/s, Saved at =inf, TrLoss=0.3855]
 Training FV-alpha-s42-t7:  24%|██▍       | 12/50 [00:01<00:03, 12.43it/s, Saved at =inf, TrLoss=0.3427]
 Training FV-alpha-s42-t7:  28%|██▊       | 14/50 [00:01<00:02, 12.43it/s, Saved at =inf, TrLoss=0.3427]
 Training FV-alpha-s42-t7:  28%|██▊       | 14/50 [00:01<00:02, 12.43it/s, Saved at =inf, TrLoss=0.3337]
 Training FV-alpha-s42-t7:  28%|██▊       | 14/50 [00:01<00:02, 12.43it/s, Saved at =inf, TrLoss=0.3177]
 Training FV-alpha-s42-t7:  32%|███▏      | 16/50 [00:01<00:02, 12.42it/s, Saved at =inf, TrLoss=0.3177]
 Training FV-alpha-s42-t7:  32%|███▏      | 16/50 [00:01<00:02, 12.42it/s, Saved at =inf, TrLoss=0.3342]
 Training FV-alpha-s42-t7:  32%|███▏      | 16/50 [00:01<00:02, 12.42it/s, Saved at =inf, TrLoss=0.3099]
 Training FV-alpha-s42-t7:  36%|███▌      | 18/50 [00:01<00:02, 12.43it/s, Saved at =inf, TrLoss=0.3099]
 Training FV-alpha-s42-t7:  36%|███▌      | 18/50 [00:01<00:02, 12.43it/s, Saved at =inf, TrLoss=0.3067]
 Training FV-alpha-s42-t7:  36%|███▌      | 18/50 [00:01<00:02, 12.43it/s, Saved at =inf, TrLoss=0.2858]
 Training FV-alpha-s42-t7:  40%|████      | 20/50 [00:01<00:02, 12.42it/s, Saved at =inf, TrLoss=0.2858]
 Training FV-alpha-s42-t7:  40%|████      | 20/50 [00:01<00:02, 12.42it/s, Saved at =inf, TrLoss=0.2885]
 Training FV-alpha-s42-t7:  40%|████      | 20/50 [00:01<00:02, 12.42it/s, Saved at =inf, TrLoss=0.2859]
 Training FV-alpha-s42-t7:  44%|████▍     | 22/50 [00:01<00:02, 12.42it/s, Saved at =inf, TrLoss=0.2859]
 Training FV-alpha-s42-t7:  44%|████▍     | 22/50 [00:01<00:02, 12.42it/s, Saved at =inf, TrLoss=0.2974]
 Training FV-alpha-s42-t7:  44%|████▍     | 22/50 [00:01<00:02, 12.42it/s, Saved at =inf, TrLoss=0.2738]
 Training FV-alpha-s42-t7:  48%|████▊     | 24/50 [00:01<00:02, 12.42it/s, Saved at =inf, TrLoss=0.2738]
 Training FV-alpha-s42-t7:  48%|████▊     | 24/50 [00:01<00:02, 12.42it/s, Saved at =inf, TrLoss=0.2814]
 Training FV-alpha-s42-t7:  48%|████▊     | 24/50 [00:02<00:02, 12.42it/s, Saved at =inf, TrLoss=0.2653]
 Training FV-alpha-s42-t7:  52%|█████▏    | 26/50 [00:02<00:01, 12.42it/s, Saved at =inf, TrLoss=0.2653]
 Training FV-alpha-s42-t7:  52%|█████▏    | 26/50 [00:02<00:01, 12.42it/s, Saved at =inf, TrLoss=0.2544]
 Training FV-alpha-s42-t7:  52%|█████▏    | 26/50 [00:02<00:01, 12.42it/s, Saved at =inf, TrLoss=0.2653]
 Training FV-alpha-s42-t7:  56%|█████▌    | 28/50 [00:02<00:01, 12.42it/s, Saved at =inf, TrLoss=0.2653]
 Training FV-alpha-s42-t7:  56%|█████▌    | 28/50 [00:02<00:01, 12.42it/s, Saved at =inf, TrLoss=0.2620]
 Training FV-alpha-s42-t7:  56%|█████▌    | 28/50 [00:02<00:01, 12.42it/s, Saved at =inf, TrLoss=0.2517]
 Training FV-alpha-s42-t7:  60%|██████    | 30/50 [00:02<00:01, 12.42it/s, Saved at =inf, TrLoss=0.2517]
 Training FV-alpha-s42-t7:  60%|██████    | 30/50 [00:02<00:01, 12.42it/s, Saved at =inf, TrLoss=0.2519]
 Training FV-alpha-s42-t7:  60%|██████    | 30/50 [00:02<00:01, 12.42it/s, Saved at =inf, TrLoss=0.2481]
 Training FV-alpha-s42-t7:  64%|██████▍   | 32/50 [00:02<00:01, 12.42it/s, Saved at =inf, TrLoss=0.2481]
 Training FV-alpha-s42-t7:  64%|██████▍   | 32/50 [00:02<00:01, 12.42it/s, Saved at =inf, TrLoss=0.2415]
 Training FV-alpha-s42-t7:  64%|██████▍   | 32/50 [00:02<00:01, 12.42it/s, Saved at =inf, TrLoss=0.2355]
 Training FV-alpha-s42-t7:  68%|██████▊   | 34/50 [00:02<00:01, 12.42it/s, Saved at =inf, TrLoss=0.2355]
 Training FV-alpha-s42-t7:  68%|██████▊   | 34/50 [00:02<00:01, 12.42it/s, Saved at =inf, TrLoss=0.2360]
 Training FV-alpha-s42-t7:  68%|██████▊   | 34/50 [00:02<00:01, 12.42it/s, Saved at =inf, TrLoss=0.2358]
 Training FV-alpha-s42-t7:  72%|███████▏  | 36/50 [00:02<00:01, 12.42it/s, Saved at =inf, TrLoss=0.2358]
 Training FV-alpha-s42-t7:  72%|███████▏  | 36/50 [00:02<00:01, 12.42it/s, Saved at =inf, TrLoss=0.2343]
 Training FV-alpha-s42-t7:  72%|███████▏  | 36/50 [00:03<00:01, 12.42it/s, Saved at =inf, TrLoss=0.2293]
 Training FV-alpha-s42-t7:  76%|███████▌  | 38/50 [00:03<00:00, 12.43it/s, Saved at =inf, TrLoss=0.2293]
 Training FV-alpha-s42-t7:  76%|███████▌  | 38/50 [00:03<00:00, 12.43it/s, Saved at =inf, TrLoss=0.2354]
 Training FV-alpha-s42-t7:  76%|███████▌  | 38/50 [00:03<00:00, 12.43it/s, Saved at =inf, TrLoss=0.2246]
 Training FV-alpha-s42-t7:  80%|████████  | 40/50 [00:03<00:00, 12.43it/s, Saved at =inf, TrLoss=0.2246]
 Training FV-alpha-s42-t7:  80%|████████  | 40/50 [00:03<00:00, 12.43it/s, Saved at =inf, TrLoss=0.2250]
 Training FV-alpha-s42-t7:  80%|████████  | 40/50 [00:03<00:00, 12.43it/s, Saved at =inf, TrLoss=0.2206]
 Training FV-alpha-s42-t7:  84%|████████▍ | 42/50 [00:03<00:00, 12.43it/s, Saved at =inf, TrLoss=0.2206]
 Training FV-alpha-s42-t7:  84%|████████▍ | 42/50 [00:03<00:00, 12.43it/s, Saved at =inf, TrLoss=0.2120]
 Training FV-alpha-s42-t7:  84%|████████▍ | 42/50 [00:03<00:00, 12.43it/s, Saved at =inf, TrLoss=0.2264]
 Training FV-alpha-s42-t7:  88%|████████▊ | 44/50 [00:03<00:00, 12.43it/s, Saved at =inf, TrLoss=0.2264]
 Training FV-alpha-s42-t7:  88%|████████▊ | 44/50 [00:03<00:00, 12.43it/s, Saved at =inf, TrLoss=0.2148]
 Training FV-alpha-s42-t7:  88%|████████▊ | 44/50 [00:03<00:00, 12.43it/s, Saved at =inf, TrLoss=0.2077]
 Training FV-alpha-s42-t7:  92%|█████████▏| 46/50 [00:03<00:00, 12.43it/s, Saved at =inf, TrLoss=0.2077]
 Training FV-alpha-s42-t7:  92%|█████████▏| 46/50 [00:03<00:00, 12.43it/s, Saved at =inf, TrLoss=0.2063]
 Training FV-alpha-s42-t7:  92%|█████████▏| 46/50 [00:03<00:00, 12.43it/s, Saved at =inf, TrLoss=0.2068]
 Training FV-alpha-s42-t7:  96%|█████████▌| 48/50 [00:03<00:00, 12.43it/s, Saved at =inf, TrLoss=0.2068]
 Training FV-alpha-s42-t7:  96%|█████████▌| 48/50 [00:03<00:00, 12.43it/s, Saved at =inf, TrLoss=0.2057]
 Training FV-alpha-s42-t7:  96%|█████████▌| 48/50 [00:03<00:00, 12.43it/s, Saved at =inf, TrLoss=0.2014]
 Training FV-alpha-s42-t7: 100%|██████████| 50/50 [00:04<00:00, 12.43it/s, Saved at =inf, TrLoss=0.2014]
 Training FV-alpha-s42-t7: 100%|██████████| 50/50 [00:04<00:00, 12.42it/s, Saved at =inf, TrLoss=0.2014]

 Training FV-alpha-s42-t8:   0%|          | 0/50 [00:00<?, ?it/s]
 Training FV-alpha-s42-t8:   0%|          | 0/50 [00:00<?, ?it/s, Saved at =inf, TrLoss=0.7237]
 Training FV-alpha-s42-t8:   0%|          | 0/50 [00:00<?, ?it/s, Saved at =inf, TrLoss=0.7649]
 Training FV-alpha-s42-t8:   4%|▍         | 2/50 [00:00<00:04, 10.92it/s, Saved at =inf, TrLoss=0.7649]
 Training FV-alpha-s42-t8:   4%|▍         | 2/50 [00:00<00:04, 10.92it/s, Saved at =inf, TrLoss=0.6172]
 Training FV-alpha-s42-t8:   4%|▍         | 2/50 [00:00<00:04, 10.92it/s, Saved at =inf, TrLoss=0.6067]
 Training FV-alpha-s42-t8:   8%|▊         | 4/50 [00:00<00:04, 11.12it/s, Saved at =inf, TrLoss=0.6067]
 Training FV-alpha-s42-t8:   8%|▊         | 4/50 [00:00<00:04, 11.12it/s, Saved at =inf, TrLoss=0.5526]
 Training FV-alpha-s42-t8:   8%|▊         | 4/50 [00:00<00:04, 11.12it/s, Saved at =inf, TrLoss=0.5279]
 Training FV-alpha-s42-t8:  12%|█▏        | 6/50 [00:00<00:03, 11.19it/s, Saved at =inf, TrLoss=0.5279]
 Training FV-alpha-s42-t8:  12%|█▏        | 6/50 [00:00<00:03, 11.19it/s, Saved at =inf, TrLoss=0.5035]
 Training FV-alpha-s42-t8:  12%|█▏        | 6/50 [00:00<00:03, 11.19it/s, Saved at =inf, TrLoss=0.4742]
 Training FV-alpha-s42-t8:  16%|█▌        | 8/50 [00:00<00:03, 11.21it/s, Saved at =inf, TrLoss=0.4742]
 Training FV-alpha-s42-t8:  16%|█▌        | 8/50 [00:00<00:03, 11.21it/s, Saved at =inf, TrLoss=0.4413]
 Training FV-alpha-s42-t8:  16%|█▌        | 8/50 [00:00<00:03, 11.21it/s, Saved at =inf, TrLoss=0.3995]
 Training FV-alpha-s42-t8:  20%|██        | 10/50 [00:00<00:03, 11.23it/s, Saved at =inf, TrLoss=0.3995]
 Training FV-alpha-s42-t8:  20%|██        | 10/50 [00:00<00:03, 11.23it/s, Saved at =inf, TrLoss=0.3729]
 Training FV-alpha-s42-t8:  20%|██        | 10/50 [00:01<00:03, 11.23it/s, Saved at =inf, TrLoss=0.3601]
 Training FV-alpha-s42-t8:  24%|██▍       | 12/50 [00:01<00:03, 11.24it/s, Saved at =inf, TrLoss=0.3601]
 Training FV-alpha-s42-t8:  24%|██▍       | 12/50 [00:01<00:03, 11.24it/s, Saved at =inf, TrLoss=0.3860]
 Training FV-alpha-s42-t8:  24%|██▍       | 12/50 [00:01<00:03, 11.24it/s, Saved at =inf, TrLoss=0.3994]
 Training FV-alpha-s42-t8:  28%|██▊       | 14/50 [00:01<00:03, 11.25it/s, Saved at =inf, TrLoss=0.3994]
 Training FV-alpha-s42-t8:  28%|██▊       | 14/50 [00:01<00:03, 11.25it/s, Saved at =inf, TrLoss=0.3079]
 Training FV-alpha-s42-t8:  28%|██▊       | 14/50 [00:01<00:03, 11.25it/s, Saved at =inf, TrLoss=0.3539]
 Training FV-alpha-s42-t8:  32%|███▏      | 16/50 [00:01<00:03, 11.25it/s, Saved at =inf, TrLoss=0.3539]
 Training FV-alpha-s42-t8:  32%|███▏      | 16/50 [00:01<00:03, 11.25it/s, Saved at =inf, TrLoss=0.3258]
 Training FV-alpha-s42-t8:  32%|███▏      | 16/50 [00:01<00:03, 11.25it/s, Saved at =inf, TrLoss=0.3273]
 Training FV-alpha-s42-t8:  36%|███▌      | 18/50 [00:01<00:02, 11.25it/s, Saved at =inf, TrLoss=0.3273]
 Training FV-alpha-s42-t8:  36%|███▌      | 18/50 [00:01<00:02, 11.25it/s, Saved at =inf, TrLoss=0.3036]
 Training FV-alpha-s42-t8:  36%|███▌      | 18/50 [00:01<00:02, 11.25it/s, Saved at =inf, TrLoss=0.3089]
 Training FV-alpha-s42-t8:  40%|████      | 20/50 [00:01<00:02, 11.25it/s, Saved at =inf, TrLoss=0.3089]
 Training FV-alpha-s42-t8:  40%|████      | 20/50 [00:01<00:02, 11.25it/s, Saved at =inf, TrLoss=0.2964]
 Training FV-alpha-s42-t8:  40%|████      | 20/50 [00:01<00:02, 11.25it/s, Saved at =inf, TrLoss=0.3020]
 Training FV-alpha-s42-t8:  44%|████▍     | 22/50 [00:01<00:02, 11.26it/s, Saved at =inf, TrLoss=0.3020]
 Training FV-alpha-s42-t8:  44%|████▍     | 22/50 [00:02<00:02, 11.26it/s, Saved at =inf, TrLoss=0.2808]
 Training FV-alpha-s42-t8:  44%|████▍     | 22/50 [00:02<00:02, 11.26it/s, Saved at =inf, TrLoss=0.2829]
 Training FV-alpha-s42-t8:  48%|████▊     | 24/50 [00:02<00:02, 11.26it/s, Saved at =inf, TrLoss=0.2829]
 Training FV-alpha-s42-t8:  48%|████▊     | 24/50 [00:02<00:02, 11.26it/s, Saved at =inf, TrLoss=0.2827]
 Training FV-alpha-s42-t8:  48%|████▊     | 24/50 [00:02<00:02, 11.26it/s, Saved at =inf, TrLoss=0.2806]
 Training FV-alpha-s42-t8:  52%|█████▏    | 26/50 [00:02<00:02, 11.27it/s, Saved at =inf, TrLoss=0.2806]
 Training FV-alpha-s42-t8:  52%|█████▏    | 26/50 [00:02<00:02, 11.27it/s, Saved at =inf, TrLoss=0.2645]
 Training FV-alpha-s42-t8:  52%|█████▏    | 26/50 [00:02<00:02, 11.27it/s, Saved at =inf, TrLoss=0.2778]
 Training FV-alpha-s42-t8:  56%|█████▌    | 28/50 [00:02<00:01, 11.26it/s, Saved at =inf, TrLoss=0.2778]
 Training FV-alpha-s42-t8:  56%|█████▌    | 28/50 [00:02<00:01, 11.26it/s, Saved at =inf, TrLoss=0.2729]
 Training FV-alpha-s42-t8:  56%|█████▌    | 28/50 [00:02<00:01, 11.26it/s, Saved at =inf, TrLoss=0.2770]
 Training FV-alpha-s42-t8:  60%|██████    | 30/50 [00:02<00:01, 11.26it/s, Saved at =inf, TrLoss=0.2770]
 Training FV-alpha-s42-t8:  60%|██████    | 30/50 [00:02<00:01, 11.26it/s, Saved at =inf, TrLoss=0.2576]
 Training FV-alpha-s42-t8:  60%|██████    | 30/50 [00:02<00:01, 11.26it/s, Saved at =inf, TrLoss=0.2639]
 Training FV-alpha-s42-t8:  64%|██████▍   | 32/50 [00:02<00:01, 11.26it/s, Saved at =inf, TrLoss=0.2639]
 Training FV-alpha-s42-t8:  64%|██████▍   | 32/50 [00:02<00:01, 11.26it/s, Saved at =inf, TrLoss=0.2515]
 Training FV-alpha-s42-t8:  64%|██████▍   | 32/50 [00:03<00:01, 11.26it/s, Saved at =inf, TrLoss=0.2607]
 Training FV-alpha-s42-t8:  68%|██████▊   | 34/50 [00:03<00:01, 11.26it/s, Saved at =inf, TrLoss=0.2607]
 Training FV-alpha-s42-t8:  68%|██████▊   | 34/50 [00:03<00:01, 11.26it/s, Saved at =inf, TrLoss=0.2474]
 Training FV-alpha-s42-t8:  68%|██████▊   | 34/50 [00:03<00:01, 11.26it/s, Saved at =inf, TrLoss=0.2493]
 Training FV-alpha-s42-t8:  72%|███████▏  | 36/50 [00:03<00:01, 11.26it/s, Saved at =inf, TrLoss=0.2493]
 Training FV-alpha-s42-t8:  72%|███████▏  | 36/50 [00:03<00:01, 11.26it/s, Saved at =inf, TrLoss=0.2474]
 Training FV-alpha-s42-t8:  72%|███████▏  | 36/50 [00:03<00:01, 11.26it/s, Saved at =inf, TrLoss=0.2325]
 Training FV-alpha-s42-t8:  76%|███████▌  | 38/50 [00:03<00:01, 11.25it/s, Saved at =inf, TrLoss=0.2325]
 Training FV-alpha-s42-t8:  76%|███████▌  | 38/50 [00:03<00:01, 11.25it/s, Saved at =inf, TrLoss=0.2478]
 Training FV-alpha-s42-t8:  76%|███████▌  | 38/50 [00:03<00:01, 11.25it/s, Saved at =inf, TrLoss=0.2404]
 Training FV-alpha-s42-t8:  80%|████████  | 40/50 [00:03<00:00, 11.26it/s, Saved at =inf, TrLoss=0.2404]
 Training FV-alpha-s42-t8:  80%|████████  | 40/50 [00:03<00:00, 11.26it/s, Saved at =inf, TrLoss=0.2461]
 Training FV-alpha-s42-t8:  80%|████████  | 40/50 [00:03<00:00, 11.26it/s, Saved at =inf, TrLoss=0.2332]
 Training FV-alpha-s42-t8:  84%|████████▍ | 42/50 [00:03<00:00, 11.26it/s, Saved at =inf, TrLoss=0.2332]
 Training FV-alpha-s42-t8:  84%|████████▍ | 42/50 [00:03<00:00, 11.26it/s, Saved at =inf, TrLoss=0.2380]
 Training FV-alpha-s42-t8:  84%|████████▍ | 42/50 [00:03<00:00, 11.26it/s, Saved at =inf, TrLoss=0.2305]
 Training FV-alpha-s42-t8:  88%|████████▊ | 44/50 [00:03<00:00, 11.26it/s, Saved at =inf, TrLoss=0.2305]
 Training FV-alpha-s42-t8:  88%|████████▊ | 44/50 [00:03<00:00, 11.26it/s, Saved at =inf, TrLoss=0.2384]
 Training FV-alpha-s42-t8:  88%|████████▊ | 44/50 [00:04<00:00, 11.26it/s, Saved at =inf, TrLoss=0.2209]
 Training FV-alpha-s42-t8:  92%|█████████▏| 46/50 [00:04<00:00, 11.26it/s, Saved at =inf, TrLoss=0.2209]
 Training FV-alpha-s42-t8:  92%|█████████▏| 46/50 [00:04<00:00, 11.26it/s, Saved at =inf, TrLoss=0.2330]
 Training FV-alpha-s42-t8:  92%|█████████▏| 46/50 [00:04<00:00, 11.26it/s, Saved at =inf, TrLoss=0.2224]
 Training FV-alpha-s42-t8:  96%|█████████▌| 48/50 [00:04<00:00, 11.26it/s, Saved at =inf, TrLoss=0.2224]
 Training FV-alpha-s42-t8:  96%|█████████▌| 48/50 [00:04<00:00, 11.26it/s, Saved at =inf, TrLoss=0.2291]
 Training FV-alpha-s42-t8:  96%|█████████▌| 48/50 [00:04<00:00, 11.26it/s, Saved at =inf, TrLoss=0.2218]
 Training FV-alpha-s42-t8: 100%|██████████| 50/50 [00:04<00:00, 11.26it/s, Saved at =inf, TrLoss=0.2218]
 Training FV-alpha-s42-t8: 100%|██████████| 50/50 [00:04<00:00, 11.25it/s, Saved at =inf, TrLoss=0.2218]

 Training FV-alpha-s42-t9:   0%|          | 0/50 [00:00<?, ?it/s]
 Training FV-alpha-s42-t9:   0%|          | 0/50 [00:00<?, ?it/s, Saved at =inf, TrLoss=0.9701]
 Training FV-alpha-s42-t9:   2%|▏         | 1/50 [00:00<00:05,  8.42it/s, Saved at =inf, TrLoss=0.9701]
 Training FV-alpha-s42-t9:   2%|▏         | 1/50 [00:00<00:05,  8.42it/s, Saved at =inf, TrLoss=0.7373]
 Training FV-alpha-s42-t9:   4%|▍         | 2/50 [00:00<00:05,  9.10it/s, Saved at =inf, TrLoss=0.7373]
 Training FV-alpha-s42-t9:   4%|▍         | 2/50 [00:00<00:05,  9.10it/s, Saved at =inf, TrLoss=0.7056]
 Training FV-alpha-s42-t9:   6%|▌         | 3/50 [00:00<00:05,  9.34it/s, Saved at =inf, TrLoss=0.7056]
 Training FV-alpha-s42-t9:   6%|▌         | 3/50 [00:00<00:05,  9.34it/s, Saved at =inf, TrLoss=0.6316]
 Training FV-alpha-s42-t9:   8%|▊         | 4/50 [00:00<00:04,  9.45it/s, Saved at =inf, TrLoss=0.6316]
 Training FV-alpha-s42-t9:   8%|▊         | 4/50 [00:00<00:04,  9.45it/s, Saved at =inf, TrLoss=0.5930]
 Training FV-alpha-s42-t9:  10%|█         | 5/50 [00:00<00:04,  9.51it/s, Saved at =inf, TrLoss=0.5930]
 Training FV-alpha-s42-t9:  10%|█         | 5/50 [00:00<00:04,  9.51it/s, Saved at =inf, TrLoss=0.5379]
 Training FV-alpha-s42-t9:  12%|█▏        | 6/50 [00:00<00:04,  9.56it/s, Saved at =inf, TrLoss=0.5379]
 Training FV-alpha-s42-t9:  12%|█▏        | 6/50 [00:00<00:04,  9.56it/s, Saved at =inf, TrLoss=0.5091]
 Training FV-alpha-s42-t9:  14%|█▍        | 7/50 [00:00<00:04,  9.58it/s, Saved at =inf, TrLoss=0.5091]
 Training FV-alpha-s42-t9:  14%|█▍        | 7/50 [00:00<00:04,  9.58it/s, Saved at =inf, TrLoss=0.4599]
 Training FV-alpha-s42-t9:  16%|█▌        | 8/50 [00:00<00:04,  9.60it/s, Saved at =inf, TrLoss=0.4599]
 Training FV-alpha-s42-t9:  16%|█▌        | 8/50 [00:00<00:04,  9.60it/s, Saved at =inf, TrLoss=0.4385]
 Training FV-alpha-s42-t9:  18%|█▊        | 9/50 [00:00<00:04,  9.57it/s, Saved at =inf, TrLoss=0.4385]
 Training FV-alpha-s42-t9:  18%|█▊        | 9/50 [00:01<00:04,  9.57it/s, Saved at =inf, TrLoss=0.4053]
 Training FV-alpha-s42-t9:  20%|██        | 10/50 [00:01<00:04,  9.58it/s, Saved at =inf, TrLoss=0.4053]
 Training FV-alpha-s42-t9:  20%|██        | 10/50 [00:01<00:04,  9.58it/s, Saved at =inf, TrLoss=0.4065]
 Training FV-alpha-s42-t9:  22%|██▏       | 11/50 [00:01<00:04,  9.60it/s, Saved at =inf, TrLoss=0.4065]
 Training FV-alpha-s42-t9:  22%|██▏       | 11/50 [00:01<00:04,  9.60it/s, Saved at =inf, TrLoss=0.3912]
 Training FV-alpha-s42-t9:  24%|██▍       | 12/50 [00:01<00:03,  9.61it/s, Saved at =inf, TrLoss=0.3912]
 Training FV-alpha-s42-t9:  24%|██▍       | 12/50 [00:01<00:03,  9.61it/s, Saved at =inf, TrLoss=0.3835]
 Training FV-alpha-s42-t9:  26%|██▌       | 13/50 [00:01<00:03,  9.61it/s, Saved at =inf, TrLoss=0.3835]
 Training FV-alpha-s42-t9:  26%|██▌       | 13/50 [00:01<00:03,  9.61it/s, Saved at =inf, TrLoss=0.3694]
 Training FV-alpha-s42-t9:  28%|██▊       | 14/50 [00:01<00:03,  9.61it/s, Saved at =inf, TrLoss=0.3694]
 Training FV-alpha-s42-t9:  28%|██▊       | 14/50 [00:01<00:03,  9.61it/s, Saved at =inf, TrLoss=0.3595]
 Training FV-alpha-s42-t9:  30%|███       | 15/50 [00:01<00:03,  9.62it/s, Saved at =inf, TrLoss=0.3595]
 Training FV-alpha-s42-t9:  30%|███       | 15/50 [00:01<00:03,  9.62it/s, Saved at =inf, TrLoss=0.3790]
 Training FV-alpha-s42-t9:  32%|███▏      | 16/50 [00:01<00:03,  9.61it/s, Saved at =inf, TrLoss=0.3790]
 Training FV-alpha-s42-t9:  32%|███▏      | 16/50 [00:01<00:03,  9.61it/s, Saved at =inf, TrLoss=0.3624]
 Training FV-alpha-s42-t9:  34%|███▍      | 17/50 [00:01<00:03,  9.62it/s, Saved at =inf, TrLoss=0.3624]
 Training FV-alpha-s42-t9:  34%|███▍      | 17/50 [00:01<00:03,  9.62it/s, Saved at =inf, TrLoss=0.3344]
 Training FV-alpha-s42-t9:  36%|███▌      | 18/50 [00:01<00:03,  9.62it/s, Saved at =inf, TrLoss=0.3344]
 Training FV-alpha-s42-t9:  36%|███▌      | 18/50 [00:01<00:03,  9.62it/s, Saved at =inf, TrLoss=0.3275]
 Training FV-alpha-s42-t9:  38%|███▊      | 19/50 [00:01<00:03,  9.58it/s, Saved at =inf, TrLoss=0.3275]
 Training FV-alpha-s42-t9:  38%|███▊      | 19/50 [00:02<00:03,  9.58it/s, Saved at =inf, TrLoss=0.3182]
 Training FV-alpha-s42-t9:  40%|████      | 20/50 [00:02<00:03,  9.59it/s, Saved at =inf, TrLoss=0.3182]
 Training FV-alpha-s42-t9:  40%|████      | 20/50 [00:02<00:03,  9.59it/s, Saved at =inf, TrLoss=0.3178]
 Training FV-alpha-s42-t9:  42%|████▏     | 21/50 [00:02<00:03,  9.60it/s, Saved at =inf, TrLoss=0.3178]
 Training FV-alpha-s42-t9:  42%|████▏     | 21/50 [00:02<00:03,  9.60it/s, Saved at =inf, TrLoss=0.3161]
 Training FV-alpha-s42-t9:  44%|████▍     | 22/50 [00:02<00:02,  9.61it/s, Saved at =inf, TrLoss=0.3161]
 Training FV-alpha-s42-t9:  44%|████▍     | 22/50 [00:02<00:02,  9.61it/s, Saved at =inf, TrLoss=0.3051]
 Training FV-alpha-s42-t9:  46%|████▌     | 23/50 [00:02<00:02,  9.61it/s, Saved at =inf, TrLoss=0.3051]
 Training FV-alpha-s42-t9:  46%|████▌     | 23/50 [00:02<00:02,  9.61it/s, Saved at =inf, TrLoss=0.2951]
 Training FV-alpha-s42-t9:  48%|████▊     | 24/50 [00:02<00:02,  9.58it/s, Saved at =inf, TrLoss=0.2951]
 Training FV-alpha-s42-t9:  48%|████▊     | 24/50 [00:02<00:02,  9.58it/s, Saved at =inf, TrLoss=0.3010]
 Training FV-alpha-s42-t9:  50%|█████     | 25/50 [00:02<00:02,  9.60it/s, Saved at =inf, TrLoss=0.3010]
 Training FV-alpha-s42-t9:  50%|█████     | 25/50 [00:02<00:02,  9.60it/s, Saved at =inf, TrLoss=0.3048]
 Training FV-alpha-s42-t9:  52%|█████▏    | 26/50 [00:02<00:02,  9.60it/s, Saved at =inf, TrLoss=0.3048]
 Training FV-alpha-s42-t9:  52%|█████▏    | 26/50 [00:02<00:02,  9.60it/s, Saved at =inf, TrLoss=0.3024]
 Training FV-alpha-s42-t9:  54%|█████▍    | 27/50 [00:02<00:02,  9.61it/s, Saved at =inf, TrLoss=0.3024]
 Training FV-alpha-s42-t9:  54%|█████▍    | 27/50 [00:02<00:02,  9.61it/s, Saved at =inf, TrLoss=0.2992]
 Training FV-alpha-s42-t9:  56%|█████▌    | 28/50 [00:02<00:02,  9.62it/s, Saved at =inf, TrLoss=0.2992]
 Training FV-alpha-s42-t9:  56%|█████▌    | 28/50 [00:03<00:02,  9.62it/s, Saved at =inf, TrLoss=0.2839]
 Training FV-alpha-s42-t9:  58%|█████▊    | 29/50 [00:03<00:02,  9.62it/s, Saved at =inf, TrLoss=0.2839]
 Training FV-alpha-s42-t9:  58%|█████▊    | 29/50 [00:03<00:02,  9.62it/s, Saved at =inf, TrLoss=0.2915]
 Training FV-alpha-s42-t9:  60%|██████    | 30/50 [00:03<00:02,  9.60it/s, Saved at =inf, TrLoss=0.2915]
 Training FV-alpha-s42-t9:  60%|██████    | 30/50 [00:03<00:02,  9.60it/s, Saved at =inf, TrLoss=0.2828]
 Training FV-alpha-s42-t9:  62%|██████▏   | 31/50 [00:03<00:01,  9.61it/s, Saved at =inf, TrLoss=0.2828]
 Training FV-alpha-s42-t9:  62%|██████▏   | 31/50 [00:03<00:01,  9.61it/s, Saved at =inf, TrLoss=0.2635]
 Training FV-alpha-s42-t9:  64%|██████▍   | 32/50 [00:03<00:01,  9.61it/s, Saved at =inf, TrLoss=0.2635]
 Training FV-alpha-s42-t9:  64%|██████▍   | 32/50 [00:03<00:01,  9.61it/s, Saved at =inf, TrLoss=0.2691]
 Training FV-alpha-s42-t9:  66%|██████▌   | 33/50 [00:03<00:01,  9.61it/s, Saved at =inf, TrLoss=0.2691]
 Training FV-alpha-s42-t9:  66%|██████▌   | 33/50 [00:03<00:01,  9.61it/s, Saved at =inf, TrLoss=0.2745]
 Training FV-alpha-s42-t9:  68%|██████▊   | 34/50 [00:03<00:01,  9.62it/s, Saved at =inf, TrLoss=0.2745]
 Training FV-alpha-s42-t9:  68%|██████▊   | 34/50 [00:03<00:01,  9.62it/s, Saved at =inf, TrLoss=0.2557]
 Training FV-alpha-s42-t9:  70%|███████   | 35/50 [00:03<00:01,  9.63it/s, Saved at =inf, TrLoss=0.2557]
 Training FV-alpha-s42-t9:  70%|███████   | 35/50 [00:03<00:01,  9.63it/s, Saved at =inf, TrLoss=0.2597]
 Training FV-alpha-s42-t9:  72%|███████▏  | 36/50 [00:03<00:01,  9.63it/s, Saved at =inf, TrLoss=0.2597]
 Training FV-alpha-s42-t9:  72%|███████▏  | 36/50 [00:03<00:01,  9.63it/s, Saved at =inf, TrLoss=0.2592]
 Training FV-alpha-s42-t9:  74%|███████▍  | 37/50 [00:03<00:01,  9.63it/s, Saved at =inf, TrLoss=0.2592]
 Training FV-alpha-s42-t9:  74%|███████▍  | 37/50 [00:03<00:01,  9.63it/s, Saved at =inf, TrLoss=0.2422]
 Training FV-alpha-s42-t9:  76%|███████▌  | 38/50 [00:03<00:01,  9.63it/s, Saved at =inf, TrLoss=0.2422]
 Training FV-alpha-s42-t9:  76%|███████▌  | 38/50 [00:04<00:01,  9.63it/s, Saved at =inf, TrLoss=0.2494]
 Training FV-alpha-s42-t9:  78%|███████▊  | 39/50 [00:04<00:01,  9.63it/s, Saved at =inf, TrLoss=0.2494]
 Training FV-alpha-s42-t9:  78%|███████▊  | 39/50 [00:04<00:01,  9.63it/s, Saved at =inf, TrLoss=0.2481]
 Training FV-alpha-s42-t9:  80%|████████  | 40/50 [00:04<00:01,  9.63it/s, Saved at =inf, TrLoss=0.2481]
 Training FV-alpha-s42-t9:  80%|████████  | 40/50 [00:04<00:01,  9.63it/s, Saved at =inf, TrLoss=0.2435]
 Training FV-alpha-s42-t9:  82%|████████▏ | 41/50 [00:04<00:00,  9.63it/s, Saved at =inf, TrLoss=0.2435]
 Training FV-alpha-s42-t9:  82%|████████▏ | 41/50 [00:04<00:00,  9.63it/s, Saved at =inf, TrLoss=0.2437]
 Training FV-alpha-s42-t9:  84%|████████▍ | 42/50 [00:04<00:00,  9.63it/s, Saved at =inf, TrLoss=0.2437]
 Training FV-alpha-s42-t9:  84%|████████▍ | 42/50 [00:04<00:00,  9.63it/s, Saved at =inf, TrLoss=0.2369]
 Training FV-alpha-s42-t9:  86%|████████▌ | 43/50 [00:04<00:00,  9.64it/s, Saved at =inf, TrLoss=0.2369]
 Training FV-alpha-s42-t9:  86%|████████▌ | 43/50 [00:04<00:00,  9.64it/s, Saved at =inf, TrLoss=0.2470]
 Training FV-alpha-s42-t9:  88%|████████▊ | 44/50 [00:04<00:00,  9.63it/s, Saved at =inf, TrLoss=0.2470]
 Training FV-alpha-s42-t9:  88%|████████▊ | 44/50 [00:04<00:00,  9.63it/s, Saved at =inf, TrLoss=0.2443]
 Training FV-alpha-s42-t9:  90%|█████████ | 45/50 [00:04<00:00,  9.64it/s, Saved at =inf, TrLoss=0.2443]
 Training FV-alpha-s42-t9:  90%|█████████ | 45/50 [00:04<00:00,  9.64it/s, Saved at =inf, TrLoss=0.2312]
 Training FV-alpha-s42-t9:  92%|█████████▏| 46/50 [00:04<00:00,  9.63it/s, Saved at =inf, TrLoss=0.2312]
 Training FV-alpha-s42-t9:  92%|█████████▏| 46/50 [00:04<00:00,  9.63it/s, Saved at =inf, TrLoss=0.2252]
 Training FV-alpha-s42-t9:  94%|█████████▍| 47/50 [00:04<00:00,  9.63it/s, Saved at =inf, TrLoss=0.2252]
 Training FV-alpha-s42-t9:  94%|█████████▍| 47/50 [00:04<00:00,  9.63it/s, Saved at =inf, TrLoss=0.2369]
 Training FV-alpha-s42-t9:  96%|█████████▌| 48/50 [00:05<00:00,  9.63it/s, Saved at =inf, TrLoss=0.2369]
 Training FV-alpha-s42-t9:  96%|█████████▌| 48/50 [00:05<00:00,  9.63it/s, Saved at =inf, TrLoss=0.2320]
 Training FV-alpha-s42-t9:  98%|█████████▊| 49/50 [00:05<00:00,  9.64it/s, Saved at =inf, TrLoss=0.2320]
 Training FV-alpha-s42-t9:  98%|█████████▊| 49/50 [00:05<00:00,  9.64it/s, Saved at =inf, TrLoss=0.2284]
 Training FV-alpha-s42-t9: 100%|██████████| 50/50 [00:05<00:00,  9.63it/s, Saved at =inf, TrLoss=0.2284]
 Training FV-alpha-s42-t9: 100%|██████████| 50/50 [00:05<00:00,  9.59it/s, Saved at =inf, TrLoss=0.2284]

 Training ATK-alpha-s42-t7:   0%|          | 0/50 [00:00<?, ?it/s]
 Training ATK-alpha-s42-t7:   0%|          | 0/50 [00:00<?, ?it/s, Saved at =inf, TrLoss=0.6890]
 Training ATK-alpha-s42-t7:   0%|          | 0/50 [00:00<?, ?it/s, Saved at =inf, TrLoss=0.6662]
 Training ATK-alpha-s42-t7:   4%|▍         | 2/50 [00:00<00:03, 12.20it/s, Saved at =inf, TrLoss=0.6662]
 Training ATK-alpha-s42-t7:   4%|▍         | 2/50 [00:00<00:03, 12.20it/s, Saved at =inf, TrLoss=0.6719]
 Training ATK-alpha-s42-t7:   4%|▍         | 2/50 [00:00<00:03, 12.20it/s, Saved at =inf, TrLoss=0.5635]
 Training ATK-alpha-s42-t7:   8%|▊         | 4/50 [00:00<00:03, 12.34it/s, Saved at =inf, TrLoss=0.5635]
 Training ATK-alpha-s42-t7:   8%|▊         | 4/50 [00:00<00:03, 12.34it/s, Saved at =inf, TrLoss=0.5028]
 Training ATK-alpha-s42-t7:   8%|▊         | 4/50 [00:00<00:03, 12.34it/s, Saved at =inf, TrLoss=0.5343]
 Training ATK-alpha-s42-t7:  12%|█▏        | 6/50 [00:00<00:03, 12.45it/s, Saved at =inf, TrLoss=0.5343]
 Training ATK-alpha-s42-t7:  12%|█▏        | 6/50 [00:00<00:03, 12.45it/s, Saved at =inf, TrLoss=0.5298]
 Training ATK-alpha-s42-t7:  12%|█▏        | 6/50 [00:00<00:03, 12.45it/s, Saved at =inf, TrLoss=0.4711]
 Training ATK-alpha-s42-t7:  16%|█▌        | 8/50 [00:00<00:03, 12.44it/s, Saved at =inf, TrLoss=0.4711]
 Training ATK-alpha-s42-t7:  16%|█▌        | 8/50 [00:00<00:03, 12.44it/s, Saved at =inf, TrLoss=0.4302]
 Training ATK-alpha-s42-t7:  16%|█▌        | 8/50 [00:00<00:03, 12.44it/s, Saved at =inf, TrLoss=0.4228]
 Training ATK-alpha-s42-t7:  20%|██        | 10/50 [00:00<00:03, 11.41it/s, Saved at =inf, TrLoss=0.4228]
 Training ATK-alpha-s42-t7:  20%|██        | 10/50 [00:00<00:03, 11.41it/s, Saved at =inf, TrLoss=0.3958]
 Training ATK-alpha-s42-t7:  20%|██        | 10/50 [00:00<00:03, 11.41it/s, Saved at =inf, TrLoss=0.3557]
 Training ATK-alpha-s42-t7:  24%|██▍       | 12/50 [00:01<00:03, 11.73it/s, Saved at =inf, TrLoss=0.3557]
 Training ATK-alpha-s42-t7:  24%|██▍       | 12/50 [00:01<00:03, 11.73it/s, Saved at =inf, TrLoss=0.3855]
 Training ATK-alpha-s42-t7:  24%|██▍       | 12/50 [00:01<00:03, 11.73it/s, Saved at =inf, TrLoss=0.3427]
 Training ATK-alpha-s42-t7:  28%|██▊       | 14/50 [00:01<00:03, 11.95it/s, Saved at =inf, TrLoss=0.3427]
 Training ATK-alpha-s42-t7:  28%|██▊       | 14/50 [00:01<00:03, 11.95it/s, Saved at =inf, TrLoss=0.3337]
 Training ATK-alpha-s42-t7:  28%|██▊       | 14/50 [00:01<00:03, 11.95it/s, Saved at =inf, TrLoss=0.3177]
 Training ATK-alpha-s42-t7:  32%|███▏      | 16/50 [00:01<00:02, 12.09it/s, Saved at =inf, TrLoss=0.3177]
 Training ATK-alpha-s42-t7:  32%|███▏      | 16/50 [00:01<00:02, 12.09it/s, Saved at =inf, TrLoss=0.3342]
 Training ATK-alpha-s42-t7:  32%|███▏      | 16/50 [00:01<00:02, 12.09it/s, Saved at =inf, TrLoss=0.3099]
 Training ATK-alpha-s42-t7:  36%|███▌      | 18/50 [00:01<00:02, 12.19it/s, Saved at =inf, TrLoss=0.3099]
 Training ATK-alpha-s42-t7:  36%|███▌      | 18/50 [00:01<00:02, 12.19it/s, Saved at =inf, TrLoss=0.3067]
 Training ATK-alpha-s42-t7:  36%|███▌      | 18/50 [00:01<00:02, 12.19it/s, Saved at =inf, TrLoss=0.2858]
 Training ATK-alpha-s42-t7:  40%|████      | 20/50 [00:01<00:02, 12.26it/s, Saved at =inf, TrLoss=0.2858]
 Training ATK-alpha-s42-t7:  40%|████      | 20/50 [00:01<00:02, 12.26it/s, Saved at =inf, TrLoss=0.2885]
 Training ATK-alpha-s42-t7:  40%|████      | 20/50 [00:01<00:02, 12.26it/s, Saved at =inf, TrLoss=0.2859]
 Training ATK-alpha-s42-t7:  44%|████▍     | 22/50 [00:01<00:02, 12.31it/s, Saved at =inf, TrLoss=0.2859]
 Training ATK-alpha-s42-t7:  44%|████▍     | 22/50 [00:01<00:02, 12.31it/s, Saved at =inf, TrLoss=0.2974]
 Training ATK-alpha-s42-t7:  44%|████▍     | 22/50 [00:01<00:02, 12.31it/s, Saved at =inf, TrLoss=0.2738]
 Training ATK-alpha-s42-t7:  48%|████▊     | 24/50 [00:01<00:02, 12.34it/s, Saved at =inf, TrLoss=0.2738]
 Training ATK-alpha-s42-t7:  48%|████▊     | 24/50 [00:02<00:02, 12.34it/s, Saved at =inf, TrLoss=0.2814]
 Training ATK-alpha-s42-t7:  48%|████▊     | 24/50 [00:02<00:02, 12.34it/s, Saved at =inf, TrLoss=0.2653]
 Training ATK-alpha-s42-t7:  52%|█████▏    | 26/50 [00:02<00:01, 12.36it/s, Saved at =inf, TrLoss=0.2653]
 Training ATK-alpha-s42-t7:  52%|█████▏    | 26/50 [00:02<00:01, 12.36it/s, Saved at =inf, TrLoss=0.2544]
 Training ATK-alpha-s42-t7:  52%|█████▏    | 26/50 [00:02<00:01, 12.36it/s, Saved at =inf, TrLoss=0.2653]
 Training ATK-alpha-s42-t7:  56%|█████▌    | 28/50 [00:02<00:01, 12.38it/s, Saved at =inf, TrLoss=0.2653]
 Training ATK-alpha-s42-t7:  56%|█████▌    | 28/50 [00:02<00:01, 12.38it/s, Saved at =inf, TrLoss=0.2620]
 Training ATK-alpha-s42-t7:  56%|█████▌    | 28/50 [00:02<00:01, 12.38it/s, Saved at =inf, TrLoss=0.2517]
 Training ATK-alpha-s42-t7:  60%|██████    | 30/50 [00:02<00:01, 12.39it/s, Saved at =inf, TrLoss=0.2517]
 Training ATK-alpha-s42-t7:  60%|██████    | 30/50 [00:02<00:01, 12.39it/s, Saved at =inf, TrLoss=0.2519]
 Training ATK-alpha-s42-t7:  60%|██████    | 30/50 [00:02<00:01, 12.39it/s, Saved at =inf, TrLoss=0.2482]
 Training ATK-alpha-s42-t7:  64%|██████▍   | 32/50 [00:02<00:01, 12.41it/s, Saved at =inf, TrLoss=0.2482]
 Training ATK-alpha-s42-t7:  64%|██████▍   | 32/50 [00:02<00:01, 12.41it/s, Saved at =inf, TrLoss=0.2417]
 Training ATK-alpha-s42-t7:  64%|██████▍   | 32/50 [00:02<00:01, 12.41it/s, Saved at =inf, TrLoss=0.2355]
 Training ATK-alpha-s42-t7:  68%|██████▊   | 34/50 [00:02<00:01, 12.41it/s, Saved at =inf, TrLoss=0.2355]
 Training ATK-alpha-s42-t7:  68%|██████▊   | 34/50 [00:02<00:01, 12.41it/s, Saved at =inf, TrLoss=0.2360]
 Training ATK-alpha-s42-t7:  68%|██████▊   | 34/50 [00:02<00:01, 12.41it/s, Saved at =inf, TrLoss=0.2359]
 Training ATK-alpha-s42-t7:  72%|███████▏  | 36/50 [00:02<00:01, 12.42it/s, Saved at =inf, TrLoss=0.2359]
 Training ATK-alpha-s42-t7:  72%|███████▏  | 36/50 [00:02<00:01, 12.42it/s, Saved at =inf, TrLoss=0.2343]
 Training ATK-alpha-s42-t7:  72%|███████▏  | 36/50 [00:03<00:01, 12.42it/s, Saved at =inf, TrLoss=0.2292]
 Training ATK-alpha-s42-t7:  76%|███████▌  | 38/50 [00:03<00:00, 12.43it/s, Saved at =inf, TrLoss=0.2292]
 Training ATK-alpha-s42-t7:  76%|███████▌  | 38/50 [00:03<00:00, 12.43it/s, Saved at =inf, TrLoss=0.2354]
 Training ATK-alpha-s42-t7:  76%|███████▌  | 38/50 [00:03<00:00, 12.43it/s, Saved at =inf, TrLoss=0.2247]
 Training ATK-alpha-s42-t7:  80%|████████  | 40/50 [00:03<00:00, 12.43it/s, Saved at =inf, TrLoss=0.2247]
 Training ATK-alpha-s42-t7:  80%|████████  | 40/50 [00:03<00:00, 12.43it/s, Saved at =inf, TrLoss=0.2249]
 Training ATK-alpha-s42-t7:  80%|████████  | 40/50 [00:03<00:00, 12.43it/s, Saved at =inf, TrLoss=0.2205]
 Training ATK-alpha-s42-t7:  84%|████████▍ | 42/50 [00:03<00:00, 12.43it/s, Saved at =inf, TrLoss=0.2205]
 Training ATK-alpha-s42-t7:  84%|████████▍ | 42/50 [00:03<00:00, 12.43it/s, Saved at =inf, TrLoss=0.2119]
 Training ATK-alpha-s42-t7:  84%|████████▍ | 42/50 [00:03<00:00, 12.43it/s, Saved at =inf, TrLoss=0.2263]
 Training ATK-alpha-s42-t7:  88%|████████▊ | 44/50 [00:03<00:00, 12.42it/s, Saved at =inf, TrLoss=0.2263]
 Training ATK-alpha-s42-t7:  88%|████████▊ | 44/50 [00:03<00:00, 12.42it/s, Saved at =inf, TrLoss=0.2148]
 Training ATK-alpha-s42-t7:  88%|████████▊ | 44/50 [00:03<00:00, 12.42it/s, Saved at =inf, TrLoss=0.2077]
 Training ATK-alpha-s42-t7:  92%|█████████▏| 46/50 [00:03<00:00, 12.43it/s, Saved at =inf, TrLoss=0.2077]
 Training ATK-alpha-s42-t7:  92%|█████████▏| 46/50 [00:03<00:00, 12.43it/s, Saved at =inf, TrLoss=0.2063]
 Training ATK-alpha-s42-t7:  92%|█████████▏| 46/50 [00:03<00:00, 12.43it/s, Saved at =inf, TrLoss=0.2067]
 Training ATK-alpha-s42-t7:  96%|█████████▌| 48/50 [00:03<00:00, 12.43it/s, Saved at =inf, TrLoss=0.2067]
 Training ATK-alpha-s42-t7:  96%|█████████▌| 48/50 [00:03<00:00, 12.43it/s, Saved at =inf, TrLoss=0.2056]
 Training ATK-alpha-s42-t7:  96%|█████████▌| 48/50 [00:04<00:00, 12.43it/s, Saved at =inf, TrLoss=0.2015]
 Training ATK-alpha-s42-t7: 100%|██████████| 50/50 [00:04<00:00, 12.43it/s, Saved at =inf, TrLoss=0.2015]
 Training ATK-alpha-s42-t7: 100%|██████████| 50/50 [00:04<00:00, 12.30it/s, Saved at =inf, TrLoss=0.2015]
[06:39:27]   MCC=0.391±0.069, AUC=0.767±0.070, BAcc=0.686±0.077
[06:39:27] Training GDTE on alpha (seed=1)...

 Training FV-alpha-s1-t2:   0%|          | 0/50 [00:00<?, ?it/s]
 Training FV-alpha-s1-t2:   0%|          | 0/50 [00:00<?, ?it/s, Saved at =inf, TrLoss=0.7182]
 Training FV-alpha-s1-t2:   0%|          | 0/50 [00:00<?, ?it/s, Saved at =inf, TrLoss=0.5627]
 Training FV-alpha-s1-t2:   0%|          | 0/50 [00:00<?, ?it/s, Saved at =inf, TrLoss=0.4153]
 Training FV-alpha-s1-t2:   0%|          | 0/50 [00:00<?, ?it/s, Saved at =inf, TrLoss=0.5397]
 Training FV-alpha-s1-t2:   8%|▊         | 4/50 [00:00<00:01, 38.34it/s, Saved at =inf, TrLoss=0.5397]
 Training FV-alpha-s1-t2:   8%|▊         | 4/50 [00:00<00:01, 38.34it/s, Saved at =inf, TrLoss=0.3220]
 Training FV-alpha-s1-t2:   8%|▊         | 4/50 [00:00<00:01, 38.34it/s, Saved at =inf, TrLoss=0.3018]
 Training FV-alpha-s1-t2:   8%|▊         | 4/50 [00:00<00:01, 38.34it/s, Saved at =inf, TrLoss=0.2252]
 Training FV-alpha-s1-t2:   8%|▊         | 4/50 [00:00<00:01, 38.34it/s, Saved at =inf, TrLoss=0.2516]
 Training FV-alpha-s1-t2:  16%|█▌        | 8/50 [00:00<00:01, 38.53it/s, Saved at =inf, TrLoss=0.2516]
 Training FV-alpha-s1-t2:  16%|█▌        | 8/50 [00:00<00:01, 38.53it/s, Saved at =inf, TrLoss=0.2195]
 Training FV-alpha-s1-t2:  16%|█▌        | 8/50 [00:00<00:01, 38.53it/s, Saved at =inf, TrLoss=0.1850]
 Training FV-alpha-s1-t2:  16%|█▌        | 8/50 [00:00<00:01, 38.53it/s, Saved at =inf, TrLoss=0.2129]
 Training FV-alpha-s1-t2:  16%|█▌        | 8/50 [00:00<00:01, 38.53it/s, Saved at =inf, TrLoss=0.1662]
 Training FV-alpha-s1-t2:  24%|██▍       | 12/50 [00:00<00:00, 38.60it/s, Saved at =inf, TrLoss=0.1662]
 Training FV-alpha-s1-t2:  24%|██▍       | 12/50 [00:00<00:00, 38.60it/s, Saved at =inf, TrLoss=0.1654]
 Training FV-alpha-s1-t2:  24%|██▍       | 12/50 [00:00<00:00, 38.60it/s, Saved at =inf, TrLoss=0.1698]
 Training FV-alpha-s1-t2:  24%|██▍       | 12/50 [00:00<00:00, 38.60it/s, Saved at =inf, TrLoss=0.1783]
 Training FV-alpha-s1-t2:  24%|██▍       | 12/50 [00:00<00:00, 38.60it/s, Saved at =inf, TrLoss=0.1293]
 Training FV-alpha-s1-t2:  32%|███▏      | 16/50 [00:00<00:00, 38.62it/s, Saved at =inf, TrLoss=0.1293]
 Training FV-alpha-s1-t2:  32%|███▏      | 16/50 [00:00<00:00, 38.62it/s, Saved at =inf, TrLoss=0.1597]
 Training FV-alpha-s1-t2:  32%|███▏      | 16/50 [00:00<00:00, 38.62it/s, Saved at =inf, TrLoss=0.1870]
 Training FV-alpha-s1-t2:  32%|███▏      | 16/50 [00:00<00:00, 38.62it/s, Saved at =inf, TrLoss=0.1440]
 Training FV-alpha-s1-t2:  32%|███▏      | 16/50 [00:00<00:00, 38.62it/s, Saved at =inf, TrLoss=0.1191]
 Training FV-alpha-s1-t2:  40%|████      | 20/50 [00:00<00:00, 38.63it/s, Saved at =inf, TrLoss=0.1191]
 Training FV-alpha-s1-t2:  40%|████      | 20/50 [00:00<00:00, 38.63it/s, Saved at =inf, TrLoss=0.1550]
 Training FV-alpha-s1-t2:  40%|████      | 20/50 [00:00<00:00, 38.63it/s, Saved at =inf, TrLoss=0.1024]
 Training FV-alpha-s1-t2:  40%|████      | 20/50 [00:00<00:00, 38.63it/s, Saved at =inf, TrLoss=0.1259]
 Training FV-alpha-s1-t2:  40%|████      | 20/50 [00:00<00:00, 38.63it/s, Saved at =inf, TrLoss=0.1334]
 Training FV-alpha-s1-t2:  48%|████▊     | 24/50 [00:00<00:00, 38.63it/s, Saved at =inf, TrLoss=0.1334]
 Training FV-alpha-s1-t2:  48%|████▊     | 24/50 [00:00<00:00, 38.63it/s, Saved at =inf, TrLoss=0.1462]
 Training FV-alpha-s1-t2:  48%|████▊     | 24/50 [00:00<00:00, 38.63it/s, Saved at =inf, TrLoss=0.1075]
 Training FV-alpha-s1-t2:  48%|████▊     | 24/50 [00:00<00:00, 38.63it/s, Saved at =inf, TrLoss=0.1191]
 Training FV-alpha-s1-t2:  48%|████▊     | 24/50 [00:00<00:00, 38.63it/s, Saved at =inf, TrLoss=0.1127]
 Training FV-alpha-s1-t2:  56%|█████▌    | 28/50 [00:00<00:00, 38.62it/s, Saved at =inf, TrLoss=0.1127]
 Training FV-alpha-s1-t2:  56%|█████▌    | 28/50 [00:00<00:00, 38.62it/s, Saved at =inf, TrLoss=0.1031]
 Training FV-alpha-s1-t2:  56%|█████▌    | 28/50 [00:00<00:00, 38.62it/s, Saved at =inf, TrLoss=0.1085]
 Training FV-alpha-s1-t2:  56%|█████▌    | 28/50 [00:00<00:00, 38.62it/s, Saved at =inf, TrLoss=0.0926]
 Training FV-alpha-s1-t2:  56%|█████▌    | 28/50 [00:00<00:00, 38.62it/s, Saved at =inf, TrLoss=0.1016]
 Training FV-alpha-s1-t2:  64%|██████▍   | 32/50 [00:00<00:00, 38.63it/s, Saved at =inf, TrLoss=0.1016]
 Training FV-alpha-s1-t2:  64%|██████▍   | 32/50 [00:00<00:00, 38.63it/s, Saved at =inf, TrLoss=0.0961]
 Training FV-alpha-s1-t2:  64%|██████▍   | 32/50 [00:00<00:00, 38.63it/s, Saved at =inf, TrLoss=0.1344]
 Training FV-alpha-s1-t2:  64%|██████▍   | 32/50 [00:00<00:00, 38.63it/s, Saved at =inf, TrLoss=0.0978]
 Training FV-alpha-s1-t2:  64%|██████▍   | 32/50 [00:00<00:00, 38.63it/s, Saved at =inf, TrLoss=0.1225]
 Training FV-alpha-s1-t2:  72%|███████▏  | 36/50 [00:00<00:00, 38.62it/s, Saved at =inf, TrLoss=0.1225]
 Training FV-alpha-s1-t2:  72%|███████▏  | 36/50 [00:00<00:00, 38.62it/s, Saved at =inf, TrLoss=0.1173]
 Training FV-alpha-s1-t2:  72%|███████▏  | 36/50 [00:00<00:00, 38.62it/s, Saved at =inf, TrLoss=0.0966]
 Training FV-alpha-s1-t2:  72%|███████▏  | 36/50 [00:00<00:00, 38.62it/s, Saved at =inf, TrLoss=0.1314]
 Training FV-alpha-s1-t2:  72%|███████▏  | 36/50 [00:01<00:00, 38.62it/s, Saved at =inf, TrLoss=0.1084]
 Training FV-alpha-s1-t2:  80%|████████  | 40/50 [00:01<00:00, 38.65it/s, Saved at =inf, TrLoss=0.1084]
 Training FV-alpha-s1-t2:  80%|████████  | 40/50 [00:01<00:00, 38.65it/s, Saved at =inf, TrLoss=0.0956]
 Training FV-alpha-s1-t2:  80%|████████  | 40/50 [00:01<00:00, 38.65it/s, Saved at =inf, TrLoss=0.0772]
 Training FV-alpha-s1-t2:  80%|████████  | 40/50 [00:01<00:00, 38.65it/s, Saved at =inf, TrLoss=0.0883]
 Training FV-alpha-s1-t2:  80%|████████  | 40/50 [00:01<00:00, 38.65it/s, Saved at =inf, TrLoss=0.1131]
 Training FV-alpha-s1-t2:  88%|████████▊ | 44/50 [00:01<00:00, 38.66it/s, Saved at =inf, TrLoss=0.1131]
 Training FV-alpha-s1-t2:  88%|████████▊ | 44/50 [00:01<00:00, 38.66it/s, Saved at =inf, TrLoss=0.1388]
 Training FV-alpha-s1-t2:  88%|████████▊ | 44/50 [00:01<00:00, 38.66it/s, Saved at =inf, TrLoss=0.0949]
 Training FV-alpha-s1-t2:  88%|████████▊ | 44/50 [00:01<00:00, 38.66it/s, Saved at =inf, TrLoss=0.0855]
 Training FV-alpha-s1-t2:  88%|████████▊ | 44/50 [00:01<00:00, 38.66it/s, Saved at =inf, TrLoss=0.0737]
 Training FV-alpha-s1-t2:  96%|█████████▌| 48/50 [00:01<00:00, 38.66it/s, Saved at =inf, TrLoss=0.0737]
 Training FV-alpha-s1-t2:  96%|█████████▌| 48/50 [00:01<00:00, 38.66it/s, Saved at =inf, TrLoss=0.0979]
 Training FV-alpha-s1-t2:  96%|█████████▌| 48/50 [00:01<00:00, 38.66it/s, Saved at =inf, TrLoss=0.0948]
 Training FV-alpha-s1-t2: 100%|██████████| 50/50 [00:01<00:00, 38.62it/s, Saved at =inf, TrLoss=0.0948]

 Training FV-alpha-s1-t3:   0%|          | 0/50 [00:00<?, ?it/s]
 Training FV-alpha-s1-t3:   0%|          | 0/50 [00:00<?, ?it/s, Saved at =inf, TrLoss=0.7874]
 Training FV-alpha-s1-t3:   0%|          | 0/50 [00:00<?, ?it/s, Saved at =inf, TrLoss=0.8502]
 Training FV-alpha-s1-t3:   0%|          | 0/50 [00:00<?, ?it/s, Saved at =inf, TrLoss=0.5405]
 Training FV-alpha-s1-t3:   6%|▌         | 3/50 [00:00<00:01, 26.29it/s, Saved at =inf, TrLoss=0.5405]
 Training FV-alpha-s1-t3:   6%|▌         | 3/50 [00:00<00:01, 26.29it/s, Saved at =inf, TrLoss=0.5329]
 Training FV-alpha-s1-t3:   6%|▌         | 3/50 [00:00<00:01, 26.29it/s, Saved at =inf, TrLoss=0.4482]
 Training FV-alpha-s1-t3:   6%|▌         | 3/50 [00:00<00:01, 26.29it/s, Saved at =inf, TrLoss=0.4101]
 Training FV-alpha-s1-t3:  12%|█▏        | 6/50 [00:00<00:01, 25.97it/s, Saved at =inf, TrLoss=0.4101]
 Training FV-alpha-s1-t3:  12%|█▏        | 6/50 [00:00<00:01, 25.97it/s, Saved at =inf, TrLoss=0.3552]
 Training FV-alpha-s1-t3:  12%|█▏        | 6/50 [00:00<00:01, 25.97it/s, Saved at =inf, TrLoss=0.2996]
 Training FV-alpha-s1-t3:  12%|█▏        | 6/50 [00:00<00:01, 25.97it/s, Saved at =inf, TrLoss=0.2904]
 Training FV-alpha-s1-t3:  18%|█▊        | 9/50 [00:00<00:01, 25.86it/s, Saved at =inf, TrLoss=0.2904]
 Training FV-alpha-s1-t3:  18%|█▊        | 9/50 [00:00<00:01, 25.86it/s, Saved at =inf, TrLoss=0.3040]
 Training FV-alpha-s1-t3:  18%|█▊        | 9/50 [00:00<00:01, 25.86it/s, Saved at =inf, TrLoss=0.2424]
 Training FV-alpha-s1-t3:  18%|█▊        | 9/50 [00:00<00:01, 25.86it/s, Saved at =inf, TrLoss=0.2223]
 Training FV-alpha-s1-t3:  24%|██▍       | 12/50 [00:00<00:01, 25.83it/s, Saved at =inf, TrLoss=0.2223]
 Training FV-alpha-s1-t3:  24%|██▍       | 12/50 [00:00<00:01, 25.83it/s, Saved at =inf, TrLoss=0.2032]
 Training FV-alpha-s1-t3:  24%|██▍       | 12/50 [00:00<00:01, 25.83it/s, Saved at =inf, TrLoss=0.2391]
 Training FV-alpha-s1-t3:  24%|██▍       | 12/50 [00:00<00:01, 25.83it/s, Saved at =inf, TrLoss=0.1952]
 Training FV-alpha-s1-t3:  30%|███       | 15/50 [00:00<00:01, 25.80it/s, Saved at =inf, TrLoss=0.1952]
 Training FV-alpha-s1-t3:  30%|███       | 15/50 [00:00<00:01, 25.80it/s, Saved at =inf, TrLoss=0.1733]
 Training FV-alpha-s1-t3:  30%|███       | 15/50 [00:00<00:01, 25.80it/s, Saved at =inf, TrLoss=0.1654]
 Training FV-alpha-s1-t3:  30%|███       | 15/50 [00:00<00:01, 25.80it/s, Saved at =inf, TrLoss=0.1889]
 Training FV-alpha-s1-t3:  36%|███▌      | 18/50 [00:00<00:01, 25.80it/s, Saved at =inf, TrLoss=0.1889]
 Training FV-alpha-s1-t3:  36%|███▌      | 18/50 [00:00<00:01, 25.80it/s, Saved at =inf, TrLoss=0.2013]
 Training FV-alpha-s1-t3:  36%|███▌      | 18/50 [00:00<00:01, 25.80it/s, Saved at =inf, TrLoss=0.1741]
 Training FV-alpha-s1-t3:  36%|███▌      | 18/50 [00:00<00:01, 25.80it/s, Saved at =inf, TrLoss=0.1737]
 Training FV-alpha-s1-t3:  42%|████▏     | 21/50 [00:00<00:01, 25.78it/s, Saved at =inf, TrLoss=0.1737]
 Training FV-alpha-s1-t3:  42%|████▏     | 21/50 [00:00<00:01, 25.78it/s, Saved at =inf, TrLoss=0.1768]
 Training FV-alpha-s1-t3:  42%|████▏     | 21/50 [00:00<00:01, 25.78it/s, Saved at =inf, TrLoss=0.1585]
 Training FV-alpha-s1-t3:  42%|████▏     | 21/50 [00:00<00:01, 25.78it/s, Saved at =inf, TrLoss=0.1807]
 Training FV-alpha-s1-t3:  48%|████▊     | 24/50 [00:00<00:01, 25.76it/s, Saved at =inf, TrLoss=0.1807]
 Training FV-alpha-s1-t3:  48%|████▊     | 24/50 [00:00<00:01, 25.76it/s, Saved at =inf, TrLoss=0.1607]
 Training FV-alpha-s1-t3:  48%|████▊     | 24/50 [00:00<00:01, 25.76it/s, Saved at =inf, TrLoss=0.1528]
 Training FV-alpha-s1-t3:  48%|████▊     | 24/50 [00:01<00:01, 25.76it/s, Saved at =inf, TrLoss=0.1543]
 Training FV-alpha-s1-t3:  54%|█████▍    | 27/50 [00:01<00:00, 25.76it/s, Saved at =inf, TrLoss=0.1543]
 Training FV-alpha-s1-t3:  54%|█████▍    | 27/50 [00:01<00:00, 25.76it/s, Saved at =inf, TrLoss=0.1615]
 Training FV-alpha-s1-t3:  54%|█████▍    | 27/50 [00:01<00:00, 25.76it/s, Saved at =inf, TrLoss=0.1536]
 Training FV-alpha-s1-t3:  54%|█████▍    | 27/50 [00:01<00:00, 25.76it/s, Saved at =inf, TrLoss=0.1626]
 Training FV-alpha-s1-t3:  60%|██████    | 30/50 [00:01<00:00, 25.76it/s, Saved at =inf, TrLoss=0.1626]
 Training FV-alpha-s1-t3:  60%|██████    | 30/50 [00:01<00:00, 25.76it/s, Saved at =inf, TrLoss=0.1600]
 Training FV-alpha-s1-t3:  60%|██████    | 30/50 [00:01<00:00, 25.76it/s, Saved at =inf, TrLoss=0.1371]
 Training FV-alpha-s1-t3:  60%|██████    | 30/50 [00:01<00:00, 25.76it/s, Saved at =inf, TrLoss=0.1333]
 Training FV-alpha-s1-t3:  66%|██████▌   | 33/50 [00:01<00:00, 25.77it/s, Saved at =inf, TrLoss=0.1333]
 Training FV-alpha-s1-t3:  66%|██████▌   | 33/50 [00:01<00:00, 25.77it/s, Saved at =inf, TrLoss=0.1546]
 Training FV-alpha-s1-t3:  66%|██████▌   | 33/50 [00:01<00:00, 25.77it/s, Saved at =inf, TrLoss=0.1373]
 Training FV-alpha-s1-t3:  66%|██████▌   | 33/50 [00:01<00:00, 25.77it/s, Saved at =inf, TrLoss=0.1420]
 Training FV-alpha-s1-t3:  72%|███████▏  | 36/50 [00:01<00:00, 25.76it/s, Saved at =inf, TrLoss=0.1420]
 Training FV-alpha-s1-t3:  72%|███████▏  | 36/50 [00:01<00:00, 25.76it/s, Saved at =inf, TrLoss=0.1331]
 Training FV-alpha-s1-t3:  72%|███████▏  | 36/50 [00:01<00:00, 25.76it/s, Saved at =inf, TrLoss=0.1370]
 Training FV-alpha-s1-t3:  72%|███████▏  | 36/50 [00:01<00:00, 25.76it/s, Saved at =inf, TrLoss=0.1318]
 Training FV-alpha-s1-t3:  78%|███████▊  | 39/50 [00:01<00:00, 25.77it/s, Saved at =inf, TrLoss=0.1318]
 Training FV-alpha-s1-t3:  78%|███████▊  | 39/50 [00:01<00:00, 25.77it/s, Saved at =inf, TrLoss=0.1267]
 Training FV-alpha-s1-t3:  78%|███████▊  | 39/50 [00:01<00:00, 25.77it/s, Saved at =inf, TrLoss=0.1150]
 Training FV-alpha-s1-t3:  78%|███████▊  | 39/50 [00:01<00:00, 25.77it/s, Saved at =inf, TrLoss=0.1142]
 Training FV-alpha-s1-t3:  84%|████████▍ | 42/50 [00:01<00:00, 25.76it/s, Saved at =inf, TrLoss=0.1142]
 Training FV-alpha-s1-t3:  84%|████████▍ | 42/50 [00:01<00:00, 25.76it/s, Saved at =inf, TrLoss=0.1160]
 Training FV-alpha-s1-t3:  84%|████████▍ | 42/50 [00:01<00:00, 25.76it/s, Saved at =inf, TrLoss=0.1470]
 Training FV-alpha-s1-t3:  84%|████████▍ | 42/50 [00:01<00:00, 25.76it/s, Saved at =inf, TrLoss=0.1320]
 Training FV-alpha-s1-t3:  90%|█████████ | 45/50 [00:01<00:00, 25.76it/s, Saved at =inf, TrLoss=0.1320]
 Training FV-alpha-s1-t3:  90%|█████████ | 45/50 [00:01<00:00, 25.76it/s, Saved at =inf, TrLoss=0.1119]
 Training FV-alpha-s1-t3:  90%|█████████ | 45/50 [00:01<00:00, 25.76it/s, Saved at =inf, TrLoss=0.1409]
 Training FV-alpha-s1-t3:  90%|█████████ | 45/50 [00:01<00:00, 25.76it/s, Saved at =inf, TrLoss=0.1234]
 Training FV-alpha-s1-t3:  96%|█████████▌| 48/50 [00:01<00:00, 25.76it/s, Saved at =inf, TrLoss=0.1234]
 Training FV-alpha-s1-t3:  96%|█████████▌| 48/50 [00:01<00:00, 25.76it/s, Saved at =inf, TrLoss=0.1311]
 Training FV-alpha-s1-t3:  96%|█████████▌| 48/50 [00:01<00:00, 25.76it/s, Saved at =inf, TrLoss=0.1235]
 Training FV-alpha-s1-t3: 100%|██████████| 50/50 [00:01<00:00, 25.79it/s, Saved at =inf, TrLoss=0.1235]

 Training FV-alpha-s1-t4:   0%|          | 0/50 [00:00<?, ?it/s]
 Training FV-alpha-s1-t4:   0%|          | 0/50 [00:00<?, ?it/s, Saved at =inf, TrLoss=0.7027]
 Training FV-alpha-s1-t4:   0%|          | 0/50 [00:00<?, ?it/s, Saved at =inf, TrLoss=1.2035]
 Training FV-alpha-s1-t4:   0%|          | 0/50 [00:00<?, ?it/s, Saved at =inf, TrLoss=0.5738]
 Training FV-alpha-s1-t4:   6%|▌         | 3/50 [00:00<00:02, 20.48it/s, Saved at =inf, TrLoss=0.5738]
 Training FV-alpha-s1-t4:   6%|▌         | 3/50 [00:00<00:02, 20.48it/s, Saved at =inf, TrLoss=0.5926]
 Training FV-alpha-s1-t4:   6%|▌         | 3/50 [00:00<00:02, 20.48it/s, Saved at =inf, TrLoss=0.5087]
 Training FV-alpha-s1-t4:   6%|▌         | 3/50 [00:00<00:02, 20.48it/s, Saved at =inf, TrLoss=0.5113]
 Training FV-alpha-s1-t4:  12%|█▏        | 6/50 [00:00<00:02, 20.51it/s, Saved at =inf, TrLoss=0.5113]
 Training FV-alpha-s1-t4:  12%|█▏        | 6/50 [00:00<00:02, 20.51it/s, Saved at =inf, TrLoss=0.4248]
 Training FV-alpha-s1-t4:  12%|█▏        | 6/50 [00:00<00:02, 20.51it/s, Saved at =inf, TrLoss=0.4268]
 Training FV-alpha-s1-t4:  12%|█▏        | 6/50 [00:00<00:02, 20.51it/s, Saved at =inf, TrLoss=0.4037]
 Training FV-alpha-s1-t4:  18%|█▊        | 9/50 [00:00<00:02, 20.42it/s, Saved at =inf, TrLoss=0.4037]
 Training FV-alpha-s1-t4:  18%|█▊        | 9/50 [00:00<00:02, 20.42it/s, Saved at =inf, TrLoss=0.3698]
 Training FV-alpha-s1-t4:  18%|█▊        | 9/50 [00:00<00:02, 20.42it/s, Saved at =inf, TrLoss=0.3622]
 Training FV-alpha-s1-t4:  18%|█▊        | 9/50 [00:00<00:02, 20.42it/s, Saved at =inf, TrLoss=0.3054]
 Training FV-alpha-s1-t4:  24%|██▍       | 12/50 [00:00<00:01, 20.38it/s, Saved at =inf, TrLoss=0.3054]
 Training FV-alpha-s1-t4:  24%|██▍       | 12/50 [00:00<00:01, 20.38it/s, Saved at =inf, TrLoss=0.3123]
 Training FV-alpha-s1-t4:  24%|██▍       | 12/50 [00:00<00:01, 20.38it/s, Saved at =inf, TrLoss=0.2696]
 Training FV-alpha-s1-t4:  24%|██▍       | 12/50 [00:00<00:01, 20.38it/s, Saved at =inf, TrLoss=0.2546]
 Training FV-alpha-s1-t4:  30%|███       | 15/50 [00:00<00:01, 20.36it/s, Saved at =inf, TrLoss=0.2546]
 Training FV-alpha-s1-t4:  30%|███       | 15/50 [00:00<00:01, 20.36it/s, Saved at =inf, TrLoss=0.2456]
 Training FV-alpha-s1-t4:  30%|███       | 15/50 [00:00<00:01, 20.36it/s, Saved at =inf, TrLoss=0.2443]
 Training FV-alpha-s1-t4:  30%|███       | 15/50 [00:00<00:01, 20.36it/s, Saved at =inf, TrLoss=0.2236]
 Training FV-alpha-s1-t4:  36%|███▌      | 18/50 [00:00<00:01, 20.35it/s, Saved at =inf, TrLoss=0.2236]
 Training FV-alpha-s1-t4:  36%|███▌      | 18/50 [00:00<00:01, 20.35it/s, Saved at =inf, TrLoss=0.2376]
 Training FV-alpha-s1-t4:  36%|███▌      | 18/50 [00:00<00:01, 20.35it/s, Saved at =inf, TrLoss=0.2021]
 Training FV-alpha-s1-t4:  36%|███▌      | 18/50 [00:01<00:01, 20.35it/s, Saved at =inf, TrLoss=0.2306]
 Training FV-alpha-s1-t4:  42%|████▏     | 21/50 [00:01<00:01, 20.34it/s, Saved at =inf, TrLoss=0.2306]
 Training FV-alpha-s1-t4:  42%|████▏     | 21/50 [00:01<00:01, 20.34it/s, Saved at =inf, TrLoss=0.2221]
 Training FV-alpha-s1-t4:  42%|████▏     | 21/50 [00:01<00:01, 20.34it/s, Saved at =inf, TrLoss=0.1921]
 Training FV-alpha-s1-t4:  42%|████▏     | 21/50 [00:01<00:01, 20.34it/s, Saved at =inf, TrLoss=0.2194]
 Training FV-alpha-s1-t4:  48%|████▊     | 24/50 [00:01<00:01, 20.33it/s, Saved at =inf, TrLoss=0.2194]
 Training FV-alpha-s1-t4:  48%|████▊     | 24/50 [00:01<00:01, 20.33it/s, Saved at =inf, TrLoss=0.1925]
 Training FV-alpha-s1-t4:  48%|████▊     | 24/50 [00:01<00:01, 20.33it/s, Saved at =inf, TrLoss=0.1975]
 Training FV-alpha-s1-t4:  48%|████▊     | 24/50 [00:01<00:01, 20.33it/s, Saved at =inf, TrLoss=0.1710]
 Training FV-alpha-s1-t4:  54%|█████▍    | 27/50 [00:01<00:01, 20.32it/s, Saved at =inf, TrLoss=0.1710]
 Training FV-alpha-s1-t4:  54%|█████▍    | 27/50 [00:01<00:01, 20.32it/s, Saved at =inf, TrLoss=0.1977]
 Training FV-alpha-s1-t4:  54%|█████▍    | 27/50 [00:01<00:01, 20.32it/s, Saved at =inf, TrLoss=0.1788]
 Training FV-alpha-s1-t4:  54%|█████▍    | 27/50 [00:01<00:01, 20.32it/s, Saved at =inf, TrLoss=0.1747]
 Training FV-alpha-s1-t4:  60%|██████    | 30/50 [00:01<00:00, 20.32it/s, Saved at =inf, TrLoss=0.1747]
 Training FV-alpha-s1-t4:  60%|██████    | 30/50 [00:01<00:00, 20.32it/s, Saved at =inf, TrLoss=0.1651]
 Training FV-alpha-s1-t4:  60%|██████    | 30/50 [00:01<00:00, 20.32it/s, Saved at =inf, TrLoss=0.1672]
 Training FV-alpha-s1-t4:  60%|██████    | 30/50 [00:01<00:00, 20.32it/s, Saved at =inf, TrLoss=0.1611]
 Training FV-alpha-s1-t4:  66%|██████▌   | 33/50 [00:01<00:00, 20.32it/s, Saved at =inf, TrLoss=0.1611]
 Training FV-alpha-s1-t4:  66%|██████▌   | 33/50 [00:01<00:00, 20.32it/s, Saved at =inf, TrLoss=0.1669]
 Training FV-alpha-s1-t4:  66%|██████▌   | 33/50 [00:01<00:00, 20.32it/s, Saved at =inf, TrLoss=0.1619]
 Training FV-alpha-s1-t4:  66%|██████▌   | 33/50 [00:01<00:00, 20.32it/s, Saved at =inf, TrLoss=0.1599]
 Training FV-alpha-s1-t4:  72%|███████▏  | 36/50 [00:01<00:00, 20.31it/s, Saved at =inf, TrLoss=0.1599]
 Training FV-alpha-s1-t4:  72%|███████▏  | 36/50 [00:01<00:00, 20.31it/s, Saved at =inf, TrLoss=0.1726]
 Training FV-alpha-s1-t4:  72%|███████▏  | 36/50 [00:01<00:00, 20.31it/s, Saved at =inf, TrLoss=0.1570]
 Training FV-alpha-s1-t4:  72%|███████▏  | 36/50 [00:01<00:00, 20.31it/s, Saved at =inf, TrLoss=0.1529]
 Training FV-alpha-s1-t4:  78%|███████▊  | 39/50 [00:01<00:00, 20.32it/s, Saved at =inf, TrLoss=0.1529]
 Training FV-alpha-s1-t4:  78%|███████▊  | 39/50 [00:01<00:00, 20.32it/s, Saved at =inf, TrLoss=0.1537]
 Training FV-alpha-s1-t4:  78%|███████▊  | 39/50 [00:01<00:00, 20.32it/s, Saved at =inf, TrLoss=0.1684]
 Training FV-alpha-s1-t4:  78%|███████▊  | 39/50 [00:02<00:00, 20.32it/s, Saved at =inf, TrLoss=0.1495]
 Training FV-alpha-s1-t4:  84%|████████▍ | 42/50 [00:02<00:00, 20.33it/s, Saved at =inf, TrLoss=0.1495]
 Training FV-alpha-s1-t4:  84%|████████▍ | 42/50 [00:02<00:00, 20.33it/s, Saved at =inf, TrLoss=0.1581]
 Training FV-alpha-s1-t4:  84%|████████▍ | 42/50 [00:02<00:00, 20.33it/s, Saved at =inf, TrLoss=0.1529]
 Training FV-alpha-s1-t4:  84%|████████▍ | 42/50 [00:02<00:00, 20.33it/s, Saved at =inf, TrLoss=0.1583]
 Training FV-alpha-s1-t4:  90%|█████████ | 45/50 [00:02<00:00, 20.33it/s, Saved at =inf, TrLoss=0.1583]
 Training FV-alpha-s1-t4:  90%|█████████ | 45/50 [00:02<00:00, 20.33it/s, Saved at =inf, TrLoss=0.1478]
 Training FV-alpha-s1-t4:  90%|█████████ | 45/50 [00:02<00:00, 20.33it/s, Saved at =inf, TrLoss=0.1433]
 Training FV-alpha-s1-t4:  90%|█████████ | 45/50 [00:02<00:00, 20.33it/s, Saved at =inf, TrLoss=0.1401]
 Training FV-alpha-s1-t4:  96%|█████████▌| 48/50 [00:02<00:00, 20.34it/s, Saved at =inf, TrLoss=0.1401]
 Training FV-alpha-s1-t4:  96%|█████████▌| 48/50 [00:02<00:00, 20.34it/s, Saved at =inf, TrLoss=0.1458]
 Training FV-alpha-s1-t4:  96%|█████████▌| 48/50 [00:02<00:00, 20.34it/s, Saved at =inf, TrLoss=0.1446]
 Training FV-alpha-s1-t4: 100%|██████████| 50/50 [00:02<00:00, 20.34it/s, Saved at =inf, TrLoss=0.1446]

 Training FV-alpha-s1-t5:   0%|          | 0/50 [00:00<?, ?it/s]
 Training FV-alpha-s1-t5:   0%|          | 0/50 [00:00<?, ?it/s, Saved at =inf, TrLoss=0.7338]
 Training FV-alpha-s1-t5:   0%|          | 0/50 [00:00<?, ?it/s, Saved at =inf, TrLoss=0.9387]
 Training FV-alpha-s1-t5:   4%|▍         | 2/50 [00:00<00:02, 16.67it/s, Saved at =inf, TrLoss=0.9387]
 Training FV-alpha-s1-t5:   4%|▍         | 2/50 [00:00<00:02, 16.67it/s, Saved at =inf, TrLoss=0.5507]
 Training FV-alpha-s1-t5:   4%|▍         | 2/50 [00:00<00:02, 16.67it/s, Saved at =inf, TrLoss=0.5887]
 Training FV-alpha-s1-t5:   8%|▊         | 4/50 [00:00<00:02, 17.01it/s, Saved at =inf, TrLoss=0.5887]
 Training FV-alpha-s1-t5:   8%|▊         | 4/50 [00:00<00:02, 17.01it/s, Saved at =inf, TrLoss=0.4969]
 Training FV-alpha-s1-t5:   8%|▊         | 4/50 [00:00<00:02, 17.01it/s, Saved at =inf, TrLoss=0.4774]
 Training FV-alpha-s1-t5:  12%|█▏        | 6/50 [00:00<00:02, 16.96it/s, Saved at =inf, TrLoss=0.4774]
 Training FV-alpha-s1-t5:  12%|█▏        | 6/50 [00:00<00:02, 16.96it/s, Saved at =inf, TrLoss=0.4680]
 Training FV-alpha-s1-t5:  12%|█▏        | 6/50 [00:00<00:02, 16.96it/s, Saved at =inf, TrLoss=0.4368]
 Training FV-alpha-s1-t5:  16%|█▌        | 8/50 [00:00<00:02, 16.97it/s, Saved at =inf, TrLoss=0.4368]
 Training FV-alpha-s1-t5:  16%|█▌        | 8/50 [00:00<00:02, 16.97it/s, Saved at =inf, TrLoss=0.4033]
 Training FV-alpha-s1-t5:  16%|█▌        | 8/50 [00:00<00:02, 16.97it/s, Saved at =inf, TrLoss=0.3915]
 Training FV-alpha-s1-t5:  20%|██        | 10/50 [00:00<00:02, 16.98it/s, Saved at =inf, TrLoss=0.3915]
 Training FV-alpha-s1-t5:  20%|██        | 10/50 [00:00<00:02, 16.98it/s, Saved at =inf, TrLoss=0.3411]
 Training FV-alpha-s1-t5:  20%|██        | 10/50 [00:00<00:02, 16.98it/s, Saved at =inf, TrLoss=0.3468]
 Training FV-alpha-s1-t5:  24%|██▍       | 12/50 [00:00<00:02, 16.97it/s, Saved at =inf, TrLoss=0.3468]
 Training FV-alpha-s1-t5:  24%|██▍       | 12/50 [00:00<00:02, 16.97it/s, Saved at =inf, TrLoss=0.3181]
 Training FV-alpha-s1-t5:  24%|██▍       | 12/50 [00:00<00:02, 16.97it/s, Saved at =inf, TrLoss=0.3360]
 Training FV-alpha-s1-t5:  28%|██▊       | 14/50 [00:00<00:02, 16.97it/s, Saved at =inf, TrLoss=0.3360]
 Training FV-alpha-s1-t5:  28%|██▊       | 14/50 [00:00<00:02, 16.97it/s, Saved at =inf, TrLoss=0.2691]
 Training FV-alpha-s1-t5:  28%|██▊       | 14/50 [00:00<00:02, 16.97it/s, Saved at =inf, TrLoss=0.3266]
 Training FV-alpha-s1-t5:  32%|███▏      | 16/50 [00:00<00:02, 16.97it/s, Saved at =inf, TrLoss=0.3266]
 Training FV-alpha-s1-t5:  32%|███▏      | 16/50 [00:00<00:02, 16.97it/s, Saved at =inf, TrLoss=0.2809]
 Training FV-alpha-s1-t5:  32%|███▏      | 16/50 [00:01<00:02, 16.97it/s, Saved at =inf, TrLoss=0.2940]
 Training FV-alpha-s1-t5:  36%|███▌      | 18/50 [00:01<00:01, 16.97it/s, Saved at =inf, TrLoss=0.2940]
 Training FV-alpha-s1-t5:  36%|███▌      | 18/50 [00:01<00:01, 16.97it/s, Saved at =inf, TrLoss=0.2783]
 Training FV-alpha-s1-t5:  36%|███▌      | 18/50 [00:01<00:01, 16.97it/s, Saved at =inf, TrLoss=0.2660]
 Training FV-alpha-s1-t5:  40%|████      | 20/50 [00:01<00:01, 16.93it/s, Saved at =inf, TrLoss=0.2660]
 Training FV-alpha-s1-t5:  40%|████      | 20/50 [00:01<00:01, 16.93it/s, Saved at =inf, TrLoss=0.2653]
 Training FV-alpha-s1-t5:  40%|████      | 20/50 [00:01<00:01, 16.93it/s, Saved at =inf, TrLoss=0.2766]
 Training FV-alpha-s1-t5:  44%|████▍     | 22/50 [00:01<00:01, 16.94it/s, Saved at =inf, TrLoss=0.2766]
 Training FV-alpha-s1-t5:  44%|████▍     | 22/50 [00:01<00:01, 16.94it/s, Saved at =inf, TrLoss=0.2557]
 Training FV-alpha-s1-t5:  44%|████▍     | 22/50 [00:01<00:01, 16.94it/s, Saved at =inf, TrLoss=0.2537]
 Training FV-alpha-s1-t5:  48%|████▊     | 24/50 [00:01<00:01, 16.95it/s, Saved at =inf, TrLoss=0.2537]
 Training FV-alpha-s1-t5:  48%|████▊     | 24/50 [00:01<00:01, 16.95it/s, Saved at =inf, TrLoss=0.2746]
 Training FV-alpha-s1-t5:  48%|████▊     | 24/50 [00:01<00:01, 16.95it/s, Saved at =inf, TrLoss=0.2472]
 Training FV-alpha-s1-t5:  52%|█████▏    | 26/50 [00:01<00:01, 16.96it/s, Saved at =inf, TrLoss=0.2472]
 Training FV-alpha-s1-t5:  52%|█████▏    | 26/50 [00:01<00:01, 16.96it/s, Saved at =inf, TrLoss=0.2479]
 Training FV-alpha-s1-t5:  52%|█████▏    | 26/50 [00:01<00:01, 16.96it/s, Saved at =inf, TrLoss=0.2396]
 Training FV-alpha-s1-t5:  56%|█████▌    | 28/50 [00:01<00:01, 16.96it/s, Saved at =inf, TrLoss=0.2396]
 Training FV-alpha-s1-t5:  56%|█████▌    | 28/50 [00:01<00:01, 16.96it/s, Saved at =inf, TrLoss=0.2413]
 Training FV-alpha-s1-t5:  56%|█████▌    | 28/50 [00:01<00:01, 16.96it/s, Saved at =inf, TrLoss=0.2444]
 Training FV-alpha-s1-t5:  60%|██████    | 30/50 [00:01<00:01, 16.96it/s, Saved at =inf, TrLoss=0.2444]
 Training FV-alpha-s1-t5:  60%|██████    | 30/50 [00:01<00:01, 16.96it/s, Saved at =inf, TrLoss=0.2222]
 Training FV-alpha-s1-t5:  60%|██████    | 30/50 [00:01<00:01, 16.96it/s, Saved at =inf, TrLoss=0.2299]
 Training FV-alpha-s1-t5:  64%|██████▍   | 32/50 [00:01<00:01, 16.96it/s, Saved at =inf, TrLoss=0.2299]
 Training FV-alpha-s1-t5:  64%|██████▍   | 32/50 [00:01<00:01, 16.96it/s, Saved at =inf, TrLoss=0.2330]
 Training FV-alpha-s1-t5:  64%|██████▍   | 32/50 [00:01<00:01, 16.96it/s, Saved at =inf, TrLoss=0.2301]
 Training FV-alpha-s1-t5:  68%|██████▊   | 34/50 [00:02<00:00, 16.97it/s, Saved at =inf, TrLoss=0.2301]
 Training FV-alpha-s1-t5:  68%|██████▊   | 34/50 [00:02<00:00, 16.97it/s, Saved at =inf, TrLoss=0.2194]
 Training FV-alpha-s1-t5:  68%|██████▊   | 34/50 [00:02<00:00, 16.97it/s, Saved at =inf, TrLoss=0.2260]
 Training FV-alpha-s1-t5:  72%|███████▏  | 36/50 [00:02<00:00, 16.97it/s, Saved at =inf, TrLoss=0.2260]
 Training FV-alpha-s1-t5:  72%|███████▏  | 36/50 [00:02<00:00, 16.97it/s, Saved at =inf, TrLoss=0.2179]
 Training FV-alpha-s1-t5:  72%|███████▏  | 36/50 [00:02<00:00, 16.97it/s, Saved at =inf, TrLoss=0.2104]
 Training FV-alpha-s1-t5:  76%|███████▌  | 38/50 [00:02<00:00, 16.94it/s, Saved at =inf, TrLoss=0.2104]
 Training FV-alpha-s1-t5:  76%|███████▌  | 38/50 [00:02<00:00, 16.94it/s, Saved at =inf, TrLoss=0.2007]
 Training FV-alpha-s1-t5:  76%|███████▌  | 38/50 [00:02<00:00, 16.94it/s, Saved at =inf, TrLoss=0.2068]
 Training FV-alpha-s1-t5:  80%|████████  | 40/50 [00:02<00:00, 16.95it/s, Saved at =inf, TrLoss=0.2068]
 Training FV-alpha-s1-t5:  80%|████████  | 40/50 [00:02<00:00, 16.95it/s, Saved at =inf, TrLoss=0.2048]
 Training FV-alpha-s1-t5:  80%|████████  | 40/50 [00:02<00:00, 16.95it/s, Saved at =inf, TrLoss=0.2064]
 Training FV-alpha-s1-t5:  84%|████████▍ | 42/50 [00:02<00:00, 16.96it/s, Saved at =inf, TrLoss=0.2064]
 Training FV-alpha-s1-t5:  84%|████████▍ | 42/50 [00:02<00:00, 16.96it/s, Saved at =inf, TrLoss=0.2059]
 Training FV-alpha-s1-t5:  84%|████████▍ | 42/50 [00:02<00:00, 16.96it/s, Saved at =inf, TrLoss=0.2003]
 Training FV-alpha-s1-t5:  88%|████████▊ | 44/50 [00:02<00:00, 16.96it/s, Saved at =inf, TrLoss=0.2003]
 Training FV-alpha-s1-t5:  88%|████████▊ | 44/50 [00:02<00:00, 16.96it/s, Saved at =inf, TrLoss=0.1921]
 Training FV-alpha-s1-t5:  88%|████████▊ | 44/50 [00:02<00:00, 16.96it/s, Saved at =inf, TrLoss=0.1872]
 Training FV-alpha-s1-t5:  92%|█████████▏| 46/50 [00:02<00:00, 16.97it/s, Saved at =inf, TrLoss=0.1872]
 Training FV-alpha-s1-t5:  92%|█████████▏| 46/50 [00:02<00:00, 16.97it/s, Saved at =inf, TrLoss=0.1890]
 Training FV-alpha-s1-t5:  92%|█████████▏| 46/50 [00:02<00:00, 16.97it/s, Saved at =inf, TrLoss=0.1871]
 Training FV-alpha-s1-t5:  96%|█████████▌| 48/50 [00:02<00:00, 16.96it/s, Saved at =inf, TrLoss=0.1871]
 Training FV-alpha-s1-t5:  96%|█████████▌| 48/50 [00:02<00:00, 16.96it/s, Saved at =inf, TrLoss=0.1840]
 Training FV-alpha-s1-t5:  96%|█████████▌| 48/50 [00:02<00:00, 16.96it/s, Saved at =inf, TrLoss=0.1812]
 Training FV-alpha-s1-t5: 100%|██████████| 50/50 [00:02<00:00, 16.96it/s, Saved at =inf, TrLoss=0.1812]
 Training FV-alpha-s1-t5: 100%|██████████| 50/50 [00:02<00:00, 16.96it/s, Saved at =inf, TrLoss=0.1812]

 Training FV-alpha-s1-t6:   0%|          | 0/50 [00:00<?, ?it/s]
 Training FV-alpha-s1-t6:   0%|          | 0/50 [00:00<?, ?it/s, Saved at =inf, TrLoss=0.7037]
 Training FV-alpha-s1-t6:   0%|          | 0/50 [00:00<?, ?it/s, Saved at =inf, TrLoss=0.6970]
 Training FV-alpha-s1-t6:   4%|▍         | 2/50 [00:00<00:03, 14.17it/s, Saved at =inf, TrLoss=0.6970]
 Training FV-alpha-s1-t6:   4%|▍         | 2/50 [00:00<00:03, 14.17it/s, Saved at =inf, TrLoss=0.5857]
 Training FV-alpha-s1-t6:   4%|▍         | 2/50 [00:00<00:03, 14.17it/s, Saved at =inf, TrLoss=0.5315]
 Training FV-alpha-s1-t6:   8%|▊         | 4/50 [00:00<00:03, 14.36it/s, Saved at =inf, TrLoss=0.5315]
 Training FV-alpha-s1-t6:   8%|▊         | 4/50 [00:00<00:03, 14.36it/s, Saved at =inf, TrLoss=0.4799]
 Training FV-alpha-s1-t6:   8%|▊         | 4/50 [00:00<00:03, 14.36it/s, Saved at =inf, TrLoss=0.4629]
 Training FV-alpha-s1-t6:  12%|█▏        | 6/50 [00:00<00:03, 14.38it/s, Saved at =inf, TrLoss=0.4629]
 Training FV-alpha-s1-t6:  12%|█▏        | 6/50 [00:00<00:03, 14.38it/s, Saved at =inf, TrLoss=0.4402]
 Training FV-alpha-s1-t6:  12%|█▏        | 6/50 [00:00<00:03, 14.38it/s, Saved at =inf, TrLoss=0.4063]
 Training FV-alpha-s1-t6:  16%|█▌        | 8/50 [00:00<00:02, 14.38it/s, Saved at =inf, TrLoss=0.4063]
 Training FV-alpha-s1-t6:  16%|█▌        | 8/50 [00:00<00:02, 14.38it/s, Saved at =inf, TrLoss=0.3679]
 Training FV-alpha-s1-t6:  16%|█▌        | 8/50 [00:00<00:02, 14.38it/s, Saved at =inf, TrLoss=0.3438]
 Training FV-alpha-s1-t6:  20%|██        | 10/50 [00:00<00:02, 14.39it/s, Saved at =inf, TrLoss=0.3438]
 Training FV-alpha-s1-t6:  20%|██        | 10/50 [00:00<00:02, 14.39it/s, Saved at =inf, TrLoss=0.3678]
 Training FV-alpha-s1-t6:  20%|██        | 10/50 [00:00<00:02, 14.39it/s, Saved at =inf, TrLoss=0.3995]
 Training FV-alpha-s1-t6:  24%|██▍       | 12/50 [00:00<00:02, 14.40it/s, Saved at =inf, TrLoss=0.3995]
 Training FV-alpha-s1-t6:  24%|██▍       | 12/50 [00:00<00:02, 14.40it/s, Saved at =inf, TrLoss=0.3115]
 Training FV-alpha-s1-t6:  24%|██▍       | 12/50 [00:00<00:02, 14.40it/s, Saved at =inf, TrLoss=0.3775]
 Training FV-alpha-s1-t6:  28%|██▊       | 14/50 [00:00<00:02, 14.40it/s, Saved at =inf, TrLoss=0.3775]
 Training FV-alpha-s1-t6:  28%|██▊       | 14/50 [00:01<00:02, 14.40it/s, Saved at =inf, TrLoss=0.2842]
 Training FV-alpha-s1-t6:  28%|██▊       | 14/50 [00:01<00:02, 14.40it/s, Saved at =inf, TrLoss=0.3427]
 Training FV-alpha-s1-t6:  32%|███▏      | 16/50 [00:01<00:02, 14.40it/s, Saved at =inf, TrLoss=0.3427]
 Training FV-alpha-s1-t6:  32%|███▏      | 16/50 [00:01<00:02, 14.40it/s, Saved at =inf, TrLoss=0.2991]
 Training FV-alpha-s1-t6:  32%|███▏      | 16/50 [00:01<00:02, 14.40it/s, Saved at =inf, TrLoss=0.2990]
 Training FV-alpha-s1-t6:  36%|███▌      | 18/50 [00:01<00:02, 14.40it/s, Saved at =inf, TrLoss=0.2990]
 Training FV-alpha-s1-t6:  36%|███▌      | 18/50 [00:01<00:02, 14.40it/s, Saved at =inf, TrLoss=0.3093]
 Training FV-alpha-s1-t6:  36%|███▌      | 18/50 [00:01<00:02, 14.40it/s, Saved at =inf, TrLoss=0.2659]
 Training FV-alpha-s1-t6:  40%|████      | 20/50 [00:01<00:02, 14.40it/s, Saved at =inf, TrLoss=0.2659]
 Training FV-alpha-s1-t6:  40%|████      | 20/50 [00:01<00:02, 14.40it/s, Saved at =inf, TrLoss=0.2885]
 Training FV-alpha-s1-t6:  40%|████      | 20/50 [00:01<00:02, 14.40it/s, Saved at =inf, TrLoss=0.2636]
 Training FV-alpha-s1-t6:  44%|████▍     | 22/50 [00:01<00:01, 14.41it/s, Saved at =inf, TrLoss=0.2636]
 Training FV-alpha-s1-t6:  44%|████▍     | 22/50 [00:01<00:01, 14.41it/s, Saved at =inf, TrLoss=0.2655]
 Training FV-alpha-s1-t6:  44%|████▍     | 22/50 [00:01<00:01, 14.41it/s, Saved at =inf, TrLoss=0.2692]
 Training FV-alpha-s1-t6:  48%|████▊     | 24/50 [00:01<00:01, 14.40it/s, Saved at =inf, TrLoss=0.2692]
 Training FV-alpha-s1-t6:  48%|████▊     | 24/50 [00:01<00:01, 14.40it/s, Saved at =inf, TrLoss=0.2595]
 Training FV-alpha-s1-t6:  48%|████▊     | 24/50 [00:01<00:01, 14.40it/s, Saved at =inf, TrLoss=0.2596]
 Training FV-alpha-s1-t6:  52%|█████▏    | 26/50 [00:01<00:01, 14.40it/s, Saved at =inf, TrLoss=0.2596]
 Training FV-alpha-s1-t6:  52%|█████▏    | 26/50 [00:01<00:01, 14.40it/s, Saved at =inf, TrLoss=0.2372]
 Training FV-alpha-s1-t6:  52%|█████▏    | 26/50 [00:01<00:01, 14.40it/s, Saved at =inf, TrLoss=0.2659]
 Training FV-alpha-s1-t6:  56%|█████▌    | 28/50 [00:01<00:01, 14.40it/s, Saved at =inf, TrLoss=0.2659]
 Training FV-alpha-s1-t6:  56%|█████▌    | 28/50 [00:01<00:01, 14.40it/s, Saved at =inf, TrLoss=0.2463]
 Training FV-alpha-s1-t6:  56%|█████▌    | 28/50 [00:02<00:01, 14.40it/s, Saved at =inf, TrLoss=0.2501]
 Training FV-alpha-s1-t6:  60%|██████    | 30/50 [00:02<00:01, 14.40it/s, Saved at =inf, TrLoss=0.2501]
 Training FV-alpha-s1-t6:  60%|██████    | 30/50 [00:02<00:01, 14.40it/s, Saved at =inf, TrLoss=0.2319]
 Training FV-alpha-s1-t6:  60%|██████    | 30/50 [00:02<00:01, 14.40it/s, Saved at =inf, TrLoss=0.2356]
 Training FV-alpha-s1-t6:  64%|██████▍   | 32/50 [00:02<00:01, 14.40it/s, Saved at =inf, TrLoss=0.2356]
 Training FV-alpha-s1-t6:  64%|██████▍   | 32/50 [00:02<00:01, 14.40it/s, Saved at =inf, TrLoss=0.2326]
 Training FV-alpha-s1-t6:  64%|██████▍   | 32/50 [00:02<00:01, 14.40it/s, Saved at =inf, TrLoss=0.2339]
 Training FV-alpha-s1-t6:  68%|██████▊   | 34/50 [00:02<00:01, 14.40it/s, Saved at =inf, TrLoss=0.2339]
 Training FV-alpha-s1-t6:  68%|██████▊   | 34/50 [00:02<00:01, 14.40it/s, Saved at =inf, TrLoss=0.2288]
 Training FV-alpha-s1-t6:  68%|██████▊   | 34/50 [00:02<00:01, 14.40it/s, Saved at =inf, TrLoss=0.2223]
 Training FV-alpha-s1-t6:  72%|███████▏  | 36/50 [00:02<00:00, 14.40it/s, Saved at =inf, TrLoss=0.2223]
 Training FV-alpha-s1-t6:  72%|███████▏  | 36/50 [00:02<00:00, 14.40it/s, Saved at =inf, TrLoss=0.2340]
 Training FV-alpha-s1-t6:  72%|███████▏  | 36/50 [00:02<00:00, 14.40it/s, Saved at =inf, TrLoss=0.2146]
 Training FV-alpha-s1-t6:  76%|███████▌  | 38/50 [00:02<00:00, 14.40it/s, Saved at =inf, TrLoss=0.2146]
 Training FV-alpha-s1-t6:  76%|███████▌  | 38/50 [00:02<00:00, 14.40it/s, Saved at =inf, TrLoss=0.2109]
 Training FV-alpha-s1-t6:  76%|███████▌  | 38/50 [00:02<00:00, 14.40it/s, Saved at =inf, TrLoss=0.2111]
 Training FV-alpha-s1-t6:  80%|████████  | 40/50 [00:02<00:00, 14.40it/s, Saved at =inf, TrLoss=0.2111]
 Training FV-alpha-s1-t6:  80%|████████  | 40/50 [00:02<00:00, 14.40it/s, Saved at =inf, TrLoss=0.2259]
 Training FV-alpha-s1-t6:  80%|████████  | 40/50 [00:02<00:00, 14.40it/s, Saved at =inf, TrLoss=0.2079]
 Training FV-alpha-s1-t6:  84%|████████▍ | 42/50 [00:02<00:00, 14.40it/s, Saved at =inf, TrLoss=0.2079]
 Training FV-alpha-s1-t6:  84%|████████▍ | 42/50 [00:02<00:00, 14.40it/s, Saved at =inf, TrLoss=0.2147]
 Training FV-alpha-s1-t6:  84%|████████▍ | 42/50 [00:03<00:00, 14.40it/s, Saved at =inf, TrLoss=0.2031]
 Training FV-alpha-s1-t6:  88%|████████▊ | 44/50 [00:03<00:00, 14.40it/s, Saved at =inf, TrLoss=0.2031]
 Training FV-alpha-s1-t6:  88%|████████▊ | 44/50 [00:03<00:00, 14.40it/s, Saved at =inf, TrLoss=0.2174]
 Training FV-alpha-s1-t6:  88%|████████▊ | 44/50 [00:03<00:00, 14.40it/s, Saved at =inf, TrLoss=0.1923]
 Training FV-alpha-s1-t6:  92%|█████████▏| 46/50 [00:03<00:00, 14.40it/s, Saved at =inf, TrLoss=0.1923]
 Training FV-alpha-s1-t6:  92%|█████████▏| 46/50 [00:03<00:00, 14.40it/s, Saved at =inf, TrLoss=0.1974]
 Training FV-alpha-s1-t6:  92%|█████████▏| 46/50 [00:03<00:00, 14.40it/s, Saved at =inf, TrLoss=0.1907]
 Training FV-alpha-s1-t6:  96%|█████████▌| 48/50 [00:03<00:00, 14.40it/s, Saved at =inf, TrLoss=0.1907]
 Training FV-alpha-s1-t6:  96%|█████████▌| 48/50 [00:03<00:00, 14.40it/s, Saved at =inf, TrLoss=0.1922]
 Training FV-alpha-s1-t6:  96%|█████████▌| 48/50 [00:03<00:00, 14.40it/s, Saved at =inf, TrLoss=0.1916]
 Training FV-alpha-s1-t6: 100%|██████████| 50/50 [00:03<00:00, 14.40it/s, Saved at =inf, TrLoss=0.1916]
 Training FV-alpha-s1-t6: 100%|██████████| 50/50 [00:03<00:00, 14.40it/s, Saved at =inf, TrLoss=0.1916]

 Training FV-alpha-s1-t7:   0%|          | 0/50 [00:00<?, ?it/s]
 Training FV-alpha-s1-t7:   0%|          | 0/50 [00:00<?, ?it/s, Saved at =inf, TrLoss=0.6890]
 Training FV-alpha-s1-t7:   0%|          | 0/50 [00:00<?, ?it/s, Saved at =inf, TrLoss=0.6662]
 Training FV-alpha-s1-t7:   4%|▍         | 2/50 [00:00<00:03, 12.23it/s, Saved at =inf, TrLoss=0.6662]
 Training FV-alpha-s1-t7:   4%|▍         | 2/50 [00:00<00:03, 12.23it/s, Saved at =inf, TrLoss=0.6719]
 Training FV-alpha-s1-t7:   4%|▍         | 2/50 [00:00<00:03, 12.23it/s, Saved at =inf, TrLoss=0.5635]
 Training FV-alpha-s1-t7:   8%|▊         | 4/50 [00:00<00:03, 12.35it/s, Saved at =inf, TrLoss=0.5635]
 Training FV-alpha-s1-t7:   8%|▊         | 4/50 [00:00<00:03, 12.35it/s, Saved at =inf, TrLoss=0.5028]
 Training FV-alpha-s1-t7:   8%|▊         | 4/50 [00:00<00:03, 12.35it/s, Saved at =inf, TrLoss=0.5343]
 Training FV-alpha-s1-t7:  12%|█▏        | 6/50 [00:00<00:03, 12.45it/s, Saved at =inf, TrLoss=0.5343]
 Training FV-alpha-s1-t7:  12%|█▏        | 6/50 [00:00<00:03, 12.45it/s, Saved at =inf, TrLoss=0.5298]
 Training FV-alpha-s1-t7:  12%|█▏        | 6/50 [00:00<00:03, 12.45it/s, Saved at =inf, TrLoss=0.4711]
 Training FV-alpha-s1-t7:  16%|█▌        | 8/50 [00:00<00:03, 12.43it/s, Saved at =inf, TrLoss=0.4711]
 Training FV-alpha-s1-t7:  16%|█▌        | 8/50 [00:00<00:03, 12.43it/s, Saved at =inf, TrLoss=0.4302]
 Training FV-alpha-s1-t7:  16%|█▌        | 8/50 [00:00<00:03, 12.43it/s, Saved at =inf, TrLoss=0.4228]
 Training FV-alpha-s1-t7:  20%|██        | 10/50 [00:00<00:03, 12.42it/s, Saved at =inf, TrLoss=0.4228]
 Training FV-alpha-s1-t7:  20%|██        | 10/50 [00:00<00:03, 12.42it/s, Saved at =inf, TrLoss=0.3958]
 Training FV-alpha-s1-t7:  20%|██        | 10/50 [00:00<00:03, 12.42it/s, Saved at =inf, TrLoss=0.3557]
 Training FV-alpha-s1-t7:  24%|██▍       | 12/50 [00:00<00:03, 12.42it/s, Saved at =inf, TrLoss=0.3557]
 Training FV-alpha-s1-t7:  24%|██▍       | 12/50 [00:01<00:03, 12.42it/s, Saved at =inf, TrLoss=0.3855]
 Training FV-alpha-s1-t7:  24%|██▍       | 12/50 [00:01<00:03, 12.42it/s, Saved at =inf, TrLoss=0.3427]
 Training FV-alpha-s1-t7:  28%|██▊       | 14/50 [00:01<00:02, 12.41it/s, Saved at =inf, TrLoss=0.3427]
 Training FV-alpha-s1-t7:  28%|██▊       | 14/50 [00:01<00:02, 12.41it/s, Saved at =inf, TrLoss=0.3337]
 Training FV-alpha-s1-t7:  28%|██▊       | 14/50 [00:01<00:02, 12.41it/s, Saved at =inf, TrLoss=0.3177]
 Training FV-alpha-s1-t7:  32%|███▏      | 16/50 [00:01<00:02, 12.36it/s, Saved at =inf, TrLoss=0.3177]
 Training FV-alpha-s1-t7:  32%|███▏      | 16/50 [00:01<00:02, 12.36it/s, Saved at =inf, TrLoss=0.3342]
 Training FV-alpha-s1-t7:  32%|███▏      | 16/50 [00:01<00:02, 12.36it/s, Saved at =inf, TrLoss=0.3099]
 Training FV-alpha-s1-t7:  36%|███▌      | 18/50 [00:01<00:02, 12.33it/s, Saved at =inf, TrLoss=0.3099]
 Training FV-alpha-s1-t7:  36%|███▌      | 18/50 [00:01<00:02, 12.33it/s, Saved at =inf, TrLoss=0.3067]
 Training FV-alpha-s1-t7:  36%|███▌      | 18/50 [00:01<00:02, 12.33it/s, Saved at =inf, TrLoss=0.2858]
 Training FV-alpha-s1-t7:  40%|████      | 20/50 [00:01<00:02, 12.31it/s, Saved at =inf, TrLoss=0.2858]
 Training FV-alpha-s1-t7:  40%|████      | 20/50 [00:01<00:02, 12.31it/s, Saved at =inf, TrLoss=0.2885]
 Training FV-alpha-s1-t7:  40%|████      | 20/50 [00:01<00:02, 12.31it/s, Saved at =inf, TrLoss=0.2859]
 Training FV-alpha-s1-t7:  44%|████▍     | 22/50 [00:01<00:02, 12.29it/s, Saved at =inf, TrLoss=0.2859]
 Training FV-alpha-s1-t7:  44%|████▍     | 22/50 [00:01<00:02, 12.29it/s, Saved at =inf, TrLoss=0.2974]
 Training FV-alpha-s1-t7:  44%|████▍     | 22/50 [00:01<00:02, 12.29it/s, Saved at =inf, TrLoss=0.2738]
 Training FV-alpha-s1-t7:  48%|████▊     | 24/50 [00:01<00:02, 12.28it/s, Saved at =inf, TrLoss=0.2738]
 Training FV-alpha-s1-t7:  48%|████▊     | 24/50 [00:02<00:02, 12.28it/s, Saved at =inf, TrLoss=0.2814]
 Training FV-alpha-s1-t7:  48%|████▊     | 24/50 [00:02<00:02, 12.28it/s, Saved at =inf, TrLoss=0.2653]
 Training FV-alpha-s1-t7:  52%|█████▏    | 26/50 [00:02<00:01, 12.27it/s, Saved at =inf, TrLoss=0.2653]
 Training FV-alpha-s1-t7:  52%|█████▏    | 26/50 [00:02<00:01, 12.27it/s, Saved at =inf, TrLoss=0.2544]
 Training FV-alpha-s1-t7:  52%|█████▏    | 26/50 [00:02<00:01, 12.27it/s, Saved at =inf, TrLoss=0.2653]
 Training FV-alpha-s1-t7:  56%|█████▌    | 28/50 [00:02<00:01, 12.27it/s, Saved at =inf, TrLoss=0.2653]
 Training FV-alpha-s1-t7:  56%|█████▌    | 28/50 [00:02<00:01, 12.27it/s, Saved at =inf, TrLoss=0.2620]
 Training FV-alpha-s1-t7:  56%|█████▌    | 28/50 [00:02<00:01, 12.27it/s, Saved at =inf, TrLoss=0.2517]
 Training FV-alpha-s1-t7:  60%|██████    | 30/50 [00:02<00:01, 12.27it/s, Saved at =inf, TrLoss=0.2517]
 Training FV-alpha-s1-t7:  60%|██████    | 30/50 [00:02<00:01, 12.27it/s, Saved at =inf, TrLoss=0.2519]
 Training FV-alpha-s1-t7:  60%|██████    | 30/50 [00:02<00:01, 12.27it/s, Saved at =inf, TrLoss=0.2482]
 Training FV-alpha-s1-t7:  64%|██████▍   | 32/50 [00:02<00:01, 12.27it/s, Saved at =inf, TrLoss=0.2482]
 Training FV-alpha-s1-t7:  64%|██████▍   | 32/50 [00:02<00:01, 12.27it/s, Saved at =inf, TrLoss=0.2417]
 Training FV-alpha-s1-t7:  64%|██████▍   | 32/50 [00:02<00:01, 12.27it/s, Saved at =inf, TrLoss=0.2355]
 Training FV-alpha-s1-t7:  68%|██████▊   | 34/50 [00:02<00:01, 12.26it/s, Saved at =inf, TrLoss=0.2355]
 Training FV-alpha-s1-t7:  68%|██████▊   | 34/50 [00:02<00:01, 12.26it/s, Saved at =inf, TrLoss=0.2360]
 Training FV-alpha-s1-t7:  68%|██████▊   | 34/50 [00:02<00:01, 12.26it/s, Saved at =inf, TrLoss=0.2359]
 Training FV-alpha-s1-t7:  72%|███████▏  | 36/50 [00:02<00:01, 12.26it/s, Saved at =inf, TrLoss=0.2359]
 Training FV-alpha-s1-t7:  72%|███████▏  | 36/50 [00:02<00:01, 12.26it/s, Saved at =inf, TrLoss=0.2343]
 Training FV-alpha-s1-t7:  72%|███████▏  | 36/50 [00:03<00:01, 12.26it/s, Saved at =inf, TrLoss=0.2292]
 Training FV-alpha-s1-t7:  76%|███████▌  | 38/50 [00:03<00:00, 12.26it/s, Saved at =inf, TrLoss=0.2292]
 Training FV-alpha-s1-t7:  76%|███████▌  | 38/50 [00:03<00:00, 12.26it/s, Saved at =inf, TrLoss=0.2354]
 Training FV-alpha-s1-t7:  76%|███████▌  | 38/50 [00:03<00:00, 12.26it/s, Saved at =inf, TrLoss=0.2247]
 Training FV-alpha-s1-t7:  80%|████████  | 40/50 [00:03<00:00, 12.26it/s, Saved at =inf, TrLoss=0.2247]
 Training FV-alpha-s1-t7:  80%|████████  | 40/50 [00:03<00:00, 12.26it/s, Saved at =inf, TrLoss=0.2249]
 Training FV-alpha-s1-t7:  80%|████████  | 40/50 [00:03<00:00, 12.26it/s, Saved at =inf, TrLoss=0.2205]
 Training FV-alpha-s1-t7:  84%|████████▍ | 42/50 [00:03<00:00, 12.26it/s, Saved at =inf, TrLoss=0.2205]
 Training FV-alpha-s1-t7:  84%|████████▍ | 42/50 [00:03<00:00, 12.26it/s, Saved at =inf, TrLoss=0.2119]
 Training FV-alpha-s1-t7:  84%|████████▍ | 42/50 [00:03<00:00, 12.26it/s, Saved at =inf, TrLoss=0.2263]
 Training FV-alpha-s1-t7:  88%|████████▊ | 44/50 [00:03<00:00, 12.26it/s, Saved at =inf, TrLoss=0.2263]
 Training FV-alpha-s1-t7:  88%|████████▊ | 44/50 [00:03<00:00, 12.26it/s, Saved at =inf, TrLoss=0.2148]
 Training FV-alpha-s1-t7:  88%|████████▊ | 44/50 [00:03<00:00, 12.26it/s, Saved at =inf, TrLoss=0.2077]
 Training FV-alpha-s1-t7:  92%|█████████▏| 46/50 [00:03<00:00, 12.26it/s, Saved at =inf, TrLoss=0.2077]
 Training FV-alpha-s1-t7:  92%|█████████▏| 46/50 [00:03<00:00, 12.26it/s, Saved at =inf, TrLoss=0.2063]
 Training FV-alpha-s1-t7:  92%|█████████▏| 46/50 [00:03<00:00, 12.26it/s, Saved at =inf, TrLoss=0.2067]
 Training FV-alpha-s1-t7:  96%|█████████▌| 48/50 [00:03<00:00, 12.26it/s, Saved at =inf, TrLoss=0.2067]
 Training FV-alpha-s1-t7:  96%|█████████▌| 48/50 [00:03<00:00, 12.26it/s, Saved at =inf, TrLoss=0.2057]
 Training FV-alpha-s1-t7:  96%|█████████▌| 48/50 [00:04<00:00, 12.26it/s, Saved at =inf, TrLoss=0.2015]
 Training FV-alpha-s1-t7: 100%|██████████| 50/50 [00:04<00:00, 12.26it/s, Saved at =inf, TrLoss=0.2015]
 Training FV-alpha-s1-t7: 100%|██████████| 50/50 [00:04<00:00, 12.30it/s, Saved at =inf, TrLoss=0.2015]

 Training FV-alpha-s1-t8:   0%|          | 0/50 [00:00<?, ?it/s]
 Training FV-alpha-s1-t8:   0%|          | 0/50 [00:00<?, ?it/s, Saved at =inf, TrLoss=0.7237]
 Training FV-alpha-s1-t8:   0%|          | 0/50 [00:00<?, ?it/s, Saved at =inf, TrLoss=0.7649]
 Training FV-alpha-s1-t8:   4%|▍         | 2/50 [00:00<00:04, 10.82it/s, Saved at =inf, TrLoss=0.7649]
 Training FV-alpha-s1-t8:   4%|▍         | 2/50 [00:00<00:04, 10.82it/s, Saved at =inf, TrLoss=0.6172]
 Training FV-alpha-s1-t8:   4%|▍         | 2/50 [00:00<00:04, 10.82it/s, Saved at =inf, TrLoss=0.6067]
 Training FV-alpha-s1-t8:   8%|▊         | 4/50 [00:00<00:04, 10.98it/s, Saved at =inf, TrLoss=0.6067]
 Training FV-alpha-s1-t8:   8%|▊         | 4/50 [00:00<00:04, 10.98it/s, Saved at =inf, TrLoss=0.5526]
 Training FV-alpha-s1-t8:   8%|▊         | 4/50 [00:00<00:04, 10.98it/s, Saved at =inf, TrLoss=0.5279]
 Training FV-alpha-s1-t8:  12%|█▏        | 6/50 [00:00<00:03, 11.04it/s, Saved at =inf, TrLoss=0.5279]
 Training FV-alpha-s1-t8:  12%|█▏        | 6/50 [00:00<00:03, 11.04it/s, Saved at =inf, TrLoss=0.5035]
 Training FV-alpha-s1-t8:  12%|█▏        | 6/50 [00:00<00:03, 11.04it/s, Saved at =inf, TrLoss=0.4742]
 Training FV-alpha-s1-t8:  16%|█▌        | 8/50 [00:00<00:03, 11.08it/s, Saved at =inf, TrLoss=0.4742]
 Training FV-alpha-s1-t8:  16%|█▌        | 8/50 [00:00<00:03, 11.08it/s, Saved at =inf, TrLoss=0.4413]
 Training FV-alpha-s1-t8:  16%|█▌        | 8/50 [00:00<00:03, 11.08it/s, Saved at =inf, TrLoss=0.3995]
 Training FV-alpha-s1-t8:  20%|██        | 10/50 [00:00<00:03, 11.15it/s, Saved at =inf, TrLoss=0.3995]
 Training FV-alpha-s1-t8:  20%|██        | 10/50 [00:00<00:03, 11.15it/s, Saved at =inf, TrLoss=0.3729]
 Training FV-alpha-s1-t8:  20%|██        | 10/50 [00:01<00:03, 11.15it/s, Saved at =inf, TrLoss=0.3601]
 Training FV-alpha-s1-t8:  24%|██▍       | 12/50 [00:01<00:03, 11.17it/s, Saved at =inf, TrLoss=0.3601]
 Training FV-alpha-s1-t8:  24%|██▍       | 12/50 [00:01<00:03, 11.17it/s, Saved at =inf, TrLoss=0.3860]
 Training FV-alpha-s1-t8:  24%|██▍       | 12/50 [00:01<00:03, 11.17it/s, Saved at =inf, TrLoss=0.3994]
 Training FV-alpha-s1-t8:  28%|██▊       | 14/50 [00:01<00:03, 11.20it/s, Saved at =inf, TrLoss=0.3994]
 Training FV-alpha-s1-t8:  28%|██▊       | 14/50 [00:01<00:03, 11.20it/s, Saved at =inf, TrLoss=0.3079]
 Training FV-alpha-s1-t8:  28%|██▊       | 14/50 [00:01<00:03, 11.20it/s, Saved at =inf, TrLoss=0.3539]
 Training FV-alpha-s1-t8:  32%|███▏      | 16/50 [00:01<00:03, 11.22it/s, Saved at =inf, TrLoss=0.3539]
 Training FV-alpha-s1-t8:  32%|███▏      | 16/50 [00:01<00:03, 11.22it/s, Saved at =inf, TrLoss=0.3258]
 Training FV-alpha-s1-t8:  32%|███▏      | 16/50 [00:01<00:03, 11.22it/s, Saved at =inf, TrLoss=0.3273]
 Training FV-alpha-s1-t8:  36%|███▌      | 18/50 [00:01<00:02, 11.23it/s, Saved at =inf, TrLoss=0.3273]
 Training FV-alpha-s1-t8:  36%|███▌      | 18/50 [00:01<00:02, 11.23it/s, Saved at =inf, TrLoss=0.3036]
 Training FV-alpha-s1-t8:  36%|███▌      | 18/50 [00:01<00:02, 11.23it/s, Saved at =inf, TrLoss=0.3089]
 Training FV-alpha-s1-t8:  40%|████      | 20/50 [00:01<00:02, 11.22it/s, Saved at =inf, TrLoss=0.3089]
 Training FV-alpha-s1-t8:  40%|████      | 20/50 [00:01<00:02, 11.22it/s, Saved at =inf, TrLoss=0.2964]
 Training FV-alpha-s1-t8:  40%|████      | 20/50 [00:01<00:02, 11.22it/s, Saved at =inf, TrLoss=0.3020]
 Training FV-alpha-s1-t8:  44%|████▍     | 22/50 [00:01<00:02, 11.22it/s, Saved at =inf, TrLoss=0.3020]
 Training FV-alpha-s1-t8:  44%|████▍     | 22/50 [00:02<00:02, 11.22it/s, Saved at =inf, TrLoss=0.2808]
 Training FV-alpha-s1-t8:  44%|████▍     | 22/50 [00:02<00:02, 11.22it/s, Saved at =inf, TrLoss=0.2829]
 Training FV-alpha-s1-t8:  48%|████▊     | 24/50 [00:02<00:02, 11.23it/s, Saved at =inf, TrLoss=0.2829]
 Training FV-alpha-s1-t8:  48%|████▊     | 24/50 [00:02<00:02, 11.23it/s, Saved at =inf, TrLoss=0.2827]
 Training FV-alpha-s1-t8:  48%|████▊     | 24/50 [00:02<00:02, 11.23it/s, Saved at =inf, TrLoss=0.2806]
 Training FV-alpha-s1-t8:  52%|█████▏    | 26/50 [00:02<00:02, 11.24it/s, Saved at =inf, TrLoss=0.2806]
 Training FV-alpha-s1-t8:  52%|█████▏    | 26/50 [00:02<00:02, 11.24it/s, Saved at =inf, TrLoss=0.2645]
 Training FV-alpha-s1-t8:  52%|█████▏    | 26/50 [00:02<00:02, 11.24it/s, Saved at =inf, TrLoss=0.2778]
 Training FV-alpha-s1-t8:  56%|█████▌    | 28/50 [00:02<00:01, 11.24it/s, Saved at =inf, TrLoss=0.2778]
 Training FV-alpha-s1-t8:  56%|█████▌    | 28/50 [00:02<00:01, 11.24it/s, Saved at =inf, TrLoss=0.2729]
 Training FV-alpha-s1-t8:  56%|█████▌    | 28/50 [00:02<00:01, 11.24it/s, Saved at =inf, TrLoss=0.2770]
 Training FV-alpha-s1-t8:  60%|██████    | 30/50 [00:02<00:01, 11.24it/s, Saved at =inf, TrLoss=0.2770]
 Training FV-alpha-s1-t8:  60%|██████    | 30/50 [00:02<00:01, 11.24it/s, Saved at =inf, TrLoss=0.2576]
 Training FV-alpha-s1-t8:  60%|██████    | 30/50 [00:02<00:01, 11.24it/s, Saved at =inf, TrLoss=0.2639]
 Training FV-alpha-s1-t8:  64%|██████▍   | 32/50 [00:02<00:01, 11.24it/s, Saved at =inf, TrLoss=0.2639]
 Training FV-alpha-s1-t8:  64%|██████▍   | 32/50 [00:02<00:01, 11.24it/s, Saved at =inf, TrLoss=0.2515]
 Training FV-alpha-s1-t8:  64%|██████▍   | 32/50 [00:03<00:01, 11.24it/s, Saved at =inf, TrLoss=0.2607]
 Training FV-alpha-s1-t8:  68%|██████▊   | 34/50 [00:03<00:01, 11.24it/s, Saved at =inf, TrLoss=0.2607]
 Training FV-alpha-s1-t8:  68%|██████▊   | 34/50 [00:03<00:01, 11.24it/s, Saved at =inf, TrLoss=0.2474]
 Training FV-alpha-s1-t8:  68%|██████▊   | 34/50 [00:03<00:01, 11.24it/s, Saved at =inf, TrLoss=0.2493]
 Training FV-alpha-s1-t8:  72%|███████▏  | 36/50 [00:03<00:01, 11.24it/s, Saved at =inf, TrLoss=0.2493]
 Training FV-alpha-s1-t8:  72%|███████▏  | 36/50 [00:03<00:01, 11.24it/s, Saved at =inf, TrLoss=0.2474]
 Training FV-alpha-s1-t8:  72%|███████▏  | 36/50 [00:03<00:01, 11.24it/s, Saved at =inf, TrLoss=0.2325]
 Training FV-alpha-s1-t8:  76%|███████▌  | 38/50 [00:03<00:01, 11.24it/s, Saved at =inf, TrLoss=0.2325]
 Training FV-alpha-s1-t8:  76%|███████▌  | 38/50 [00:03<00:01, 11.24it/s, Saved at =inf, TrLoss=0.2478]
 Training FV-alpha-s1-t8:  76%|███████▌  | 38/50 [00:03<00:01, 11.24it/s, Saved at =inf, TrLoss=0.2404]
 Training FV-alpha-s1-t8:  80%|████████  | 40/50 [00:03<00:00, 11.22it/s, Saved at =inf, TrLoss=0.2404]
 Training FV-alpha-s1-t8:  80%|████████  | 40/50 [00:03<00:00, 11.22it/s, Saved at =inf, TrLoss=0.2461]
 Training FV-alpha-s1-t8:  80%|████████  | 40/50 [00:03<00:00, 11.22it/s, Saved at =inf, TrLoss=0.2332]
 Training FV-alpha-s1-t8:  84%|████████▍ | 42/50 [00:03<00:00, 11.23it/s, Saved at =inf, TrLoss=0.2332]
 Training FV-alpha-s1-t8:  84%|████████▍ | 42/50 [00:03<00:00, 11.23it/s, Saved at =inf, TrLoss=0.2380]
 Training FV-alpha-s1-t8:  84%|████████▍ | 42/50 [00:03<00:00, 11.23it/s, Saved at =inf, TrLoss=0.2305]
 Training FV-alpha-s1-t8:  88%|████████▊ | 44/50 [00:03<00:00, 11.23it/s, Saved at =inf, TrLoss=0.2305]
 Training FV-alpha-s1-t8:  88%|████████▊ | 44/50 [00:03<00:00, 11.23it/s, Saved at =inf, TrLoss=0.2384]
 Training FV-alpha-s1-t8:  88%|████████▊ | 44/50 [00:04<00:00, 11.23it/s, Saved at =inf, TrLoss=0.2209]
 Training FV-alpha-s1-t8:  92%|█████████▏| 46/50 [00:04<00:00, 11.24it/s, Saved at =inf, TrLoss=0.2209]
 Training FV-alpha-s1-t8:  92%|█████████▏| 46/50 [00:04<00:00, 11.24it/s, Saved at =inf, TrLoss=0.2330]
 Training FV-alpha-s1-t8:  92%|█████████▏| 46/50 [00:04<00:00, 11.24it/s, Saved at =inf, TrLoss=0.2224]
 Training FV-alpha-s1-t8:  96%|█████████▌| 48/50 [00:04<00:00, 11.21it/s, Saved at =inf, TrLoss=0.2224]
 Training FV-alpha-s1-t8:  96%|█████████▌| 48/50 [00:04<00:00, 11.21it/s, Saved at =inf, TrLoss=0.2291]
 Training FV-alpha-s1-t8:  96%|█████████▌| 48/50 [00:04<00:00, 11.21it/s, Saved at =inf, TrLoss=0.2217]
 Training FV-alpha-s1-t8: 100%|██████████| 50/50 [00:04<00:00, 11.21it/s, Saved at =inf, TrLoss=0.2217]
 Training FV-alpha-s1-t8: 100%|██████████| 50/50 [00:04<00:00, 11.20it/s, Saved at =inf, TrLoss=0.2217]

 Training FV-alpha-s1-t9:   0%|          | 0/50 [00:00<?, ?it/s]
 Training FV-alpha-s1-t9:   0%|          | 0/50 [00:00<?, ?it/s, Saved at =inf, TrLoss=0.9701]
 Training FV-alpha-s1-t9:   2%|▏         | 1/50 [00:00<00:05,  9.17it/s, Saved at =inf, TrLoss=0.9701]
 Training FV-alpha-s1-t9:   2%|▏         | 1/50 [00:00<00:05,  9.17it/s, Saved at =inf, TrLoss=0.7373]
 Training FV-alpha-s1-t9:   4%|▍         | 2/50 [00:00<00:05,  9.44it/s, Saved at =inf, TrLoss=0.7373]
 Training FV-alpha-s1-t9:   4%|▍         | 2/50 [00:00<00:05,  9.44it/s, Saved at =inf, TrLoss=0.7056]
 Training FV-alpha-s1-t9:   6%|▌         | 3/50 [00:00<00:04,  9.53it/s, Saved at =inf, TrLoss=0.7056]
 Training FV-alpha-s1-t9:   6%|▌         | 3/50 [00:00<00:04,  9.53it/s, Saved at =inf, TrLoss=0.6316]
 Training FV-alpha-s1-t9:   8%|▊         | 4/50 [00:00<00:04,  9.56it/s, Saved at =inf, TrLoss=0.6316]
 Training FV-alpha-s1-t9:   8%|▊         | 4/50 [00:00<00:04,  9.56it/s, Saved at =inf, TrLoss=0.5930]
 Training FV-alpha-s1-t9:  10%|█         | 5/50 [00:00<00:04,  9.59it/s, Saved at =inf, TrLoss=0.5930]
 Training FV-alpha-s1-t9:  10%|█         | 5/50 [00:00<00:04,  9.59it/s, Saved at =inf, TrLoss=0.5379]
 Training FV-alpha-s1-t9:  12%|█▏        | 6/50 [00:00<00:04,  9.61it/s, Saved at =inf, TrLoss=0.5379]
 Training FV-alpha-s1-t9:  12%|█▏        | 6/50 [00:00<00:04,  9.61it/s, Saved at =inf, TrLoss=0.5091]
 Training FV-alpha-s1-t9:  14%|█▍        | 7/50 [00:00<00:04,  9.59it/s, Saved at =inf, TrLoss=0.5091]
 Training FV-alpha-s1-t9:  14%|█▍        | 7/50 [00:00<00:04,  9.59it/s, Saved at =inf, TrLoss=0.4599]
 Training FV-alpha-s1-t9:  16%|█▌        | 8/50 [00:00<00:04,  9.60it/s, Saved at =inf, TrLoss=0.4599]
 Training FV-alpha-s1-t9:  16%|█▌        | 8/50 [00:00<00:04,  9.60it/s, Saved at =inf, TrLoss=0.4386]
 Training FV-alpha-s1-t9:  18%|█▊        | 9/50 [00:00<00:04,  9.61it/s, Saved at =inf, TrLoss=0.4386]
 Training FV-alpha-s1-t9:  18%|█▊        | 9/50 [00:01<00:04,  9.61it/s, Saved at =inf, TrLoss=0.4053]
 Training FV-alpha-s1-t9:  20%|██        | 10/50 [00:01<00:04,  9.61it/s, Saved at =inf, TrLoss=0.4053]
 Training FV-alpha-s1-t9:  20%|██        | 10/50 [00:01<00:04,  9.61it/s, Saved at =inf, TrLoss=0.4065]
 Training FV-alpha-s1-t9:  22%|██▏       | 11/50 [00:01<00:04,  9.62it/s, Saved at =inf, TrLoss=0.4065]
 Training FV-alpha-s1-t9:  22%|██▏       | 11/50 [00:01<00:04,  9.62it/s, Saved at =inf, TrLoss=0.3912]
 Training FV-alpha-s1-t9:  24%|██▍       | 12/50 [00:01<00:03,  9.63it/s, Saved at =inf, TrLoss=0.3912]
 Training FV-alpha-s1-t9:  24%|██▍       | 12/50 [00:01<00:03,  9.63it/s, Saved at =inf, TrLoss=0.3835]
 Training FV-alpha-s1-t9:  26%|██▌       | 13/50 [00:01<00:03,  9.63it/s, Saved at =inf, TrLoss=0.3835]
 Training FV-alpha-s1-t9:  26%|██▌       | 13/50 [00:01<00:03,  9.63it/s, Saved at =inf, TrLoss=0.3695]
 Training FV-alpha-s1-t9:  28%|██▊       | 14/50 [00:01<00:03,  9.63it/s, Saved at =inf, TrLoss=0.3695]
 Training FV-alpha-s1-t9:  28%|██▊       | 14/50 [00:01<00:03,  9.63it/s, Saved at =inf, TrLoss=0.3595]
 Training FV-alpha-s1-t9:  30%|███       | 15/50 [00:01<00:03,  9.63it/s, Saved at =inf, TrLoss=0.3595]
 Training FV-alpha-s1-t9:  30%|███       | 15/50 [00:01<00:03,  9.63it/s, Saved at =inf, TrLoss=0.3789]
 Training FV-alpha-s1-t9:  32%|███▏      | 16/50 [00:01<00:03,  9.63it/s, Saved at =inf, TrLoss=0.3789]
 Training FV-alpha-s1-t9:  32%|███▏      | 16/50 [00:01<00:03,  9.63it/s, Saved at =inf, TrLoss=0.3623]
 Training FV-alpha-s1-t9:  34%|███▍      | 17/50 [00:01<00:03,  9.63it/s, Saved at =inf, TrLoss=0.3623]
 Training FV-alpha-s1-t9:  34%|███▍      | 17/50 [00:01<00:03,  9.63it/s, Saved at =inf, TrLoss=0.3343]
 Training FV-alpha-s1-t9:  36%|███▌      | 18/50 [00:01<00:03,  9.63it/s, Saved at =inf, TrLoss=0.3343]
 Training FV-alpha-s1-t9:  36%|███▌      | 18/50 [00:01<00:03,  9.63it/s, Saved at =inf, TrLoss=0.3275]
 Training FV-alpha-s1-t9:  38%|███▊      | 19/50 [00:01<00:03,  9.63it/s, Saved at =inf, TrLoss=0.3275]
 Training FV-alpha-s1-t9:  38%|███▊      | 19/50 [00:02<00:03,  9.63it/s, Saved at =inf, TrLoss=0.3181]
 Training FV-alpha-s1-t9:  40%|████      | 20/50 [00:02<00:03,  9.63it/s, Saved at =inf, TrLoss=0.3181]
 Training FV-alpha-s1-t9:  40%|████      | 20/50 [00:02<00:03,  9.63it/s, Saved at =inf, TrLoss=0.3178]
 Training FV-alpha-s1-t9:  42%|████▏     | 21/50 [00:02<00:03,  9.63it/s, Saved at =inf, TrLoss=0.3178]
 Training FV-alpha-s1-t9:  42%|████▏     | 21/50 [00:02<00:03,  9.63it/s, Saved at =inf, TrLoss=0.3164]
 Training FV-alpha-s1-t9:  44%|████▍     | 22/50 [00:02<00:02,  9.63it/s, Saved at =inf, TrLoss=0.3164]
 Training FV-alpha-s1-t9:  44%|████▍     | 22/50 [00:02<00:02,  9.63it/s, Saved at =inf, TrLoss=0.3053]
 Training FV-alpha-s1-t9:  46%|████▌     | 23/50 [00:02<00:02,  9.63it/s, Saved at =inf, TrLoss=0.3053]
 Training FV-alpha-s1-t9:  46%|████▌     | 23/50 [00:02<00:02,  9.63it/s, Saved at =inf, TrLoss=0.2957]
 Training FV-alpha-s1-t9:  48%|████▊     | 24/50 [00:02<00:02,  9.63it/s, Saved at =inf, TrLoss=0.2957]
 Training FV-alpha-s1-t9:  48%|████▊     | 24/50 [00:02<00:02,  9.63it/s, Saved at =inf, TrLoss=0.3019]
 Training FV-alpha-s1-t9:  50%|█████     | 25/50 [00:02<00:02,  9.63it/s, Saved at =inf, TrLoss=0.3019]
 Training FV-alpha-s1-t9:  50%|█████     | 25/50 [00:02<00:02,  9.63it/s, Saved at =inf, TrLoss=0.3062]
 Training FV-alpha-s1-t9:  52%|█████▏    | 26/50 [00:02<00:02,  9.63it/s, Saved at =inf, TrLoss=0.3062]
 Training FV-alpha-s1-t9:  52%|█████▏    | 26/50 [00:02<00:02,  9.63it/s, Saved at =inf, TrLoss=0.3003]
 Training FV-alpha-s1-t9:  54%|█████▍    | 27/50 [00:02<00:02,  9.63it/s, Saved at =inf, TrLoss=0.3003]
 Training FV-alpha-s1-t9:  54%|█████▍    | 27/50 [00:02<00:02,  9.63it/s, Saved at =inf, TrLoss=0.2947]
 Training FV-alpha-s1-t9:  56%|█████▌    | 28/50 [00:02<00:02,  9.63it/s, Saved at =inf, TrLoss=0.2947]
 Training FV-alpha-s1-t9:  56%|█████▌    | 28/50 [00:02<00:02,  9.63it/s, Saved at =inf, TrLoss=0.2847]
 Training FV-alpha-s1-t9:  58%|█████▊    | 29/50 [00:03<00:02,  9.63it/s, Saved at =inf, TrLoss=0.2847]
 Training FV-alpha-s1-t9:  58%|█████▊    | 29/50 [00:03<00:02,  9.63it/s, Saved at =inf, TrLoss=0.2935]
 Training FV-alpha-s1-t9:  60%|██████    | 30/50 [00:03<00:02,  9.63it/s, Saved at =inf, TrLoss=0.2935]
 Training FV-alpha-s1-t9:  60%|██████    | 30/50 [00:03<00:02,  9.63it/s, Saved at =inf, TrLoss=0.2818]
 Training FV-alpha-s1-t9:  62%|██████▏   | 31/50 [00:03<00:01,  9.63it/s, Saved at =inf, TrLoss=0.2818]
 Training FV-alpha-s1-t9:  62%|██████▏   | 31/50 [00:03<00:01,  9.63it/s, Saved at =inf, TrLoss=0.2633]
 Training FV-alpha-s1-t9:  64%|██████▍   | 32/50 [00:03<00:01,  9.64it/s, Saved at =inf, TrLoss=0.2633]
 Training FV-alpha-s1-t9:  64%|██████▍   | 32/50 [00:03<00:01,  9.64it/s, Saved at =inf, TrLoss=0.2698]
 Training FV-alpha-s1-t9:  66%|██████▌   | 33/50 [00:03<00:01,  9.64it/s, Saved at =inf, TrLoss=0.2698]
 Training FV-alpha-s1-t9:  66%|██████▌   | 33/50 [00:03<00:01,  9.64it/s, Saved at =inf, TrLoss=0.2746]
 Training FV-alpha-s1-t9:  68%|██████▊   | 34/50 [00:03<00:01,  9.63it/s, Saved at =inf, TrLoss=0.2746]
 Training FV-alpha-s1-t9:  68%|██████▊   | 34/50 [00:03<00:01,  9.63it/s, Saved at =inf, TrLoss=0.2555]
 Training FV-alpha-s1-t9:  70%|███████   | 35/50 [00:03<00:01,  9.64it/s, Saved at =inf, TrLoss=0.2555]
 Training FV-alpha-s1-t9:  70%|███████   | 35/50 [00:03<00:01,  9.64it/s, Saved at =inf, TrLoss=0.2595]
 Training FV-alpha-s1-t9:  72%|███████▏  | 36/50 [00:03<00:01,  9.64it/s, Saved at =inf, TrLoss=0.2595]
 Training FV-alpha-s1-t9:  72%|███████▏  | 36/50 [00:03<00:01,  9.64it/s, Saved at =inf, TrLoss=0.2595]
 Training FV-alpha-s1-t9:  74%|███████▍  | 37/50 [00:03<00:01,  9.64it/s, Saved at =inf, TrLoss=0.2595]
 Training FV-alpha-s1-t9:  74%|███████▍  | 37/50 [00:03<00:01,  9.64it/s, Saved at =inf, TrLoss=0.2429]
 Training FV-alpha-s1-t9:  76%|███████▌  | 38/50 [00:03<00:01,  9.64it/s, Saved at =inf, TrLoss=0.2429]
 Training FV-alpha-s1-t9:  76%|███████▌  | 38/50 [00:04<00:01,  9.64it/s, Saved at =inf, TrLoss=0.2492]
 Training FV-alpha-s1-t9:  78%|███████▊  | 39/50 [00:04<00:01,  9.64it/s, Saved at =inf, TrLoss=0.2492]
 Training FV-alpha-s1-t9:  78%|███████▊  | 39/50 [00:04<00:01,  9.64it/s, Saved at =inf, TrLoss=0.2481]
 Training FV-alpha-s1-t9:  80%|████████  | 40/50 [00:04<00:01,  9.64it/s, Saved at =inf, TrLoss=0.2481]
 Training FV-alpha-s1-t9:  80%|████████  | 40/50 [00:04<00:01,  9.64it/s, Saved at =inf, TrLoss=0.2442]
 Training FV-alpha-s1-t9:  82%|████████▏ | 41/50 [00:04<00:00,  9.64it/s, Saved at =inf, TrLoss=0.2442]
 Training FV-alpha-s1-t9:  82%|████████▏ | 41/50 [00:04<00:00,  9.64it/s, Saved at =inf, TrLoss=0.2436]
 Training FV-alpha-s1-t9:  84%|████████▍ | 42/50 [00:04<00:00,  9.63it/s, Saved at =inf, TrLoss=0.2436]
 Training FV-alpha-s1-t9:  84%|████████▍ | 42/50 [00:04<00:00,  9.63it/s, Saved at =inf, TrLoss=0.2367]
 Training FV-alpha-s1-t9:  86%|████████▌ | 43/50 [00:04<00:00,  9.63it/s, Saved at =inf, TrLoss=0.2367]
 Training FV-alpha-s1-t9:  86%|████████▌ | 43/50 [00:04<00:00,  9.63it/s, Saved at =inf, TrLoss=0.2460]
 Training FV-alpha-s1-t9:  88%|████████▊ | 44/50 [00:04<00:00,  9.63it/s, Saved at =inf, TrLoss=0.2460]
 Training FV-alpha-s1-t9:  88%|████████▊ | 44/50 [00:04<00:00,  9.63it/s, Saved at =inf, TrLoss=0.2444]
 Training FV-alpha-s1-t9:  90%|█████████ | 45/50 [00:04<00:00,  9.63it/s, Saved at =inf, TrLoss=0.2444]
 Training FV-alpha-s1-t9:  90%|█████████ | 45/50 [00:04<00:00,  9.63it/s, Saved at =inf, TrLoss=0.2330]
 Training FV-alpha-s1-t9:  92%|█████████▏| 46/50 [00:04<00:00,  9.63it/s, Saved at =inf, TrLoss=0.2330]
 Training FV-alpha-s1-t9:  92%|█████████▏| 46/50 [00:04<00:00,  9.63it/s, Saved at =inf, TrLoss=0.2247]
 Training FV-alpha-s1-t9:  94%|█████████▍| 47/50 [00:04<00:00,  9.63it/s, Saved at =inf, TrLoss=0.2247]
 Training FV-alpha-s1-t9:  94%|█████████▍| 47/50 [00:04<00:00,  9.63it/s, Saved at =inf, TrLoss=0.2363]
 Training FV-alpha-s1-t9:  96%|█████████▌| 48/50 [00:04<00:00,  9.63it/s, Saved at =inf, TrLoss=0.2363]
 Training FV-alpha-s1-t9:  96%|█████████▌| 48/50 [00:05<00:00,  9.63it/s, Saved at =inf, TrLoss=0.2331]
 Training FV-alpha-s1-t9:  98%|█████████▊| 49/50 [00:05<00:00,  9.64it/s, Saved at =inf, TrLoss=0.2331]
 Training FV-alpha-s1-t9:  98%|█████████▊| 49/50 [00:05<00:00,  9.64it/s, Saved at =inf, TrLoss=0.2287]
 Training FV-alpha-s1-t9: 100%|██████████| 50/50 [00:05<00:00,  9.64it/s, Saved at =inf, TrLoss=0.2287]
 Training FV-alpha-s1-t9: 100%|██████████| 50/50 [00:05<00:00,  9.62it/s, Saved at =inf, TrLoss=0.2287]

 Training ATK-alpha-s1-t7:   0%|          | 0/50 [00:00<?, ?it/s]
 Training ATK-alpha-s1-t7:   0%|          | 0/50 [00:00<?, ?it/s, Saved at =inf, TrLoss=0.6890]
 Training ATK-alpha-s1-t7:   0%|          | 0/50 [00:00<?, ?it/s, Saved at =inf, TrLoss=0.6662]
 Training ATK-alpha-s1-t7:   4%|▍         | 2/50 [00:00<00:03, 12.22it/s, Saved at =inf, TrLoss=0.6662]
 Training ATK-alpha-s1-t7:   4%|▍         | 2/50 [00:00<00:03, 12.22it/s, Saved at =inf, TrLoss=0.6719]
 Training ATK-alpha-s1-t7:   4%|▍         | 2/50 [00:00<00:03, 12.22it/s, Saved at =inf, TrLoss=0.5635]
 Training ATK-alpha-s1-t7:   8%|▊         | 4/50 [00:00<00:03, 12.33it/s, Saved at =inf, TrLoss=0.5635]
 Training ATK-alpha-s1-t7:   8%|▊         | 4/50 [00:00<00:03, 12.33it/s, Saved at =inf, TrLoss=0.5028]
 Training ATK-alpha-s1-t7:   8%|▊         | 4/50 [00:00<00:03, 12.33it/s, Saved at =inf, TrLoss=0.5343]
 Training ATK-alpha-s1-t7:  12%|█▏        | 6/50 [00:00<00:03, 12.43it/s, Saved at =inf, TrLoss=0.5343]
 Training ATK-alpha-s1-t7:  12%|█▏        | 6/50 [00:00<00:03, 12.43it/s, Saved at =inf, TrLoss=0.5298]
 Training ATK-alpha-s1-t7:  12%|█▏        | 6/50 [00:00<00:03, 12.43it/s, Saved at =inf, TrLoss=0.4711]
 Training ATK-alpha-s1-t7:  16%|█▌        | 8/50 [00:00<00:03, 12.42it/s, Saved at =inf, TrLoss=0.4711]
 Training ATK-alpha-s1-t7:  16%|█▌        | 8/50 [00:00<00:03, 12.42it/s, Saved at =inf, TrLoss=0.4302]
 Training ATK-alpha-s1-t7:  16%|█▌        | 8/50 [00:00<00:03, 12.42it/s, Saved at =inf, TrLoss=0.4228]
 Training ATK-alpha-s1-t7:  20%|██        | 10/50 [00:00<00:03, 12.42it/s, Saved at =inf, TrLoss=0.4228]
 Training ATK-alpha-s1-t7:  20%|██        | 10/50 [00:00<00:03, 12.42it/s, Saved at =inf, TrLoss=0.3958]
 Training ATK-alpha-s1-t7:  20%|██        | 10/50 [00:00<00:03, 12.42it/s, Saved at =inf, TrLoss=0.3557]
 Training ATK-alpha-s1-t7:  24%|██▍       | 12/50 [00:00<00:03, 12.42it/s, Saved at =inf, TrLoss=0.3557]
 Training ATK-alpha-s1-t7:  24%|██▍       | 12/50 [00:01<00:03, 12.42it/s, Saved at =inf, TrLoss=0.3855]
 Training ATK-alpha-s1-t7:  24%|██▍       | 12/50 [00:01<00:03, 12.42it/s, Saved at =inf, TrLoss=0.3427]
 Training ATK-alpha-s1-t7:  28%|██▊       | 14/50 [00:01<00:02, 12.42it/s, Saved at =inf, TrLoss=0.3427]
 Training ATK-alpha-s1-t7:  28%|██▊       | 14/50 [00:01<00:02, 12.42it/s, Saved at =inf, TrLoss=0.3337]
 Training ATK-alpha-s1-t7:  28%|██▊       | 14/50 [00:01<00:02, 12.42it/s, Saved at =inf, TrLoss=0.3177]
 Training ATK-alpha-s1-t7:  32%|███▏      | 16/50 [00:01<00:02, 12.42it/s, Saved at =inf, TrLoss=0.3177]
 Training ATK-alpha-s1-t7:  32%|███▏      | 16/50 [00:01<00:02, 12.42it/s, Saved at =inf, TrLoss=0.3342]
 Training ATK-alpha-s1-t7:  32%|███▏      | 16/50 [00:01<00:02, 12.42it/s, Saved at =inf, TrLoss=0.3099]
 Training ATK-alpha-s1-t7:  36%|███▌      | 18/50 [00:01<00:02, 12.42it/s, Saved at =inf, TrLoss=0.3099]
 Training ATK-alpha-s1-t7:  36%|███▌      | 18/50 [00:01<00:02, 12.42it/s, Saved at =inf, TrLoss=0.3067]
 Training ATK-alpha-s1-t7:  36%|███▌      | 18/50 [00:01<00:02, 12.42it/s, Saved at =inf, TrLoss=0.2858]
 Training ATK-alpha-s1-t7:  40%|████      | 20/50 [00:01<00:02, 12.41it/s, Saved at =inf, TrLoss=0.2858]
 Training ATK-alpha-s1-t7:  40%|████      | 20/50 [00:01<00:02, 12.41it/s, Saved at =inf, TrLoss=0.2885]
 Training ATK-alpha-s1-t7:  40%|████      | 20/50 [00:01<00:02, 12.41it/s, Saved at =inf, TrLoss=0.2859]
 Training ATK-alpha-s1-t7:  44%|████▍     | 22/50 [00:01<00:02, 12.41it/s, Saved at =inf, TrLoss=0.2859]
 Training ATK-alpha-s1-t7:  44%|████▍     | 22/50 [00:01<00:02, 12.41it/s, Saved at =inf, TrLoss=0.2974]
 Training ATK-alpha-s1-t7:  44%|████▍     | 22/50 [00:01<00:02, 12.41it/s, Saved at =inf, TrLoss=0.2738]
 Training ATK-alpha-s1-t7:  48%|████▊     | 24/50 [00:01<00:02, 12.41it/s, Saved at =inf, TrLoss=0.2738]
 Training ATK-alpha-s1-t7:  48%|████▊     | 24/50 [00:01<00:02, 12.41it/s, Saved at =inf, TrLoss=0.2814]
 Training ATK-alpha-s1-t7:  48%|████▊     | 24/50 [00:02<00:02, 12.41it/s, Saved at =inf, TrLoss=0.2653]
 Training ATK-alpha-s1-t7:  52%|█████▏    | 26/50 [00:02<00:01, 12.41it/s, Saved at =inf, TrLoss=0.2653]
 Training ATK-alpha-s1-t7:  52%|█████▏    | 26/50 [00:02<00:01, 12.41it/s, Saved at =inf, TrLoss=0.2543]
 Training ATK-alpha-s1-t7:  52%|█████▏    | 26/50 [00:02<00:01, 12.41it/s, Saved at =inf, TrLoss=0.2653]
 Training ATK-alpha-s1-t7:  56%|█████▌    | 28/50 [00:02<00:01, 12.41it/s, Saved at =inf, TrLoss=0.2653]
 Training ATK-alpha-s1-t7:  56%|█████▌    | 28/50 [00:02<00:01, 12.41it/s, Saved at =inf, TrLoss=0.2620]
 Training ATK-alpha-s1-t7:  56%|█████▌    | 28/50 [00:02<00:01, 12.41it/s, Saved at =inf, TrLoss=0.2517]
 Training ATK-alpha-s1-t7:  60%|██████    | 30/50 [00:02<00:01, 12.41it/s, Saved at =inf, TrLoss=0.2517]
 Training ATK-alpha-s1-t7:  60%|██████    | 30/50 [00:02<00:01, 12.41it/s, Saved at =inf, TrLoss=0.2519]
 Training ATK-alpha-s1-t7:  60%|██████    | 30/50 [00:02<00:01, 12.41it/s, Saved at =inf, TrLoss=0.2481]
 Training ATK-alpha-s1-t7:  64%|██████▍   | 32/50 [00:02<00:01, 12.41it/s, Saved at =inf, TrLoss=0.2481]
 Training ATK-alpha-s1-t7:  64%|██████▍   | 32/50 [00:02<00:01, 12.41it/s, Saved at =inf, TrLoss=0.2415]
 Training ATK-alpha-s1-t7:  64%|██████▍   | 32/50 [00:02<00:01, 12.41it/s, Saved at =inf, TrLoss=0.2355]
 Training ATK-alpha-s1-t7:  68%|██████▊   | 34/50 [00:02<00:01, 12.40it/s, Saved at =inf, TrLoss=0.2355]
 Training ATK-alpha-s1-t7:  68%|██████▊   | 34/50 [00:02<00:01, 12.40it/s, Saved at =inf, TrLoss=0.2360]
 Training ATK-alpha-s1-t7:  68%|██████▊   | 34/50 [00:02<00:01, 12.40it/s, Saved at =inf, TrLoss=0.2358]
 Training ATK-alpha-s1-t7:  72%|███████▏  | 36/50 [00:02<00:01, 12.41it/s, Saved at =inf, TrLoss=0.2358]
 Training ATK-alpha-s1-t7:  72%|███████▏  | 36/50 [00:02<00:01, 12.41it/s, Saved at =inf, TrLoss=0.2343]
 Training ATK-alpha-s1-t7:  72%|███████▏  | 36/50 [00:03<00:01, 12.41it/s, Saved at =inf, TrLoss=0.2295]
 Training ATK-alpha-s1-t7:  76%|███████▌  | 38/50 [00:03<00:00, 12.41it/s, Saved at =inf, TrLoss=0.2295]
 Training ATK-alpha-s1-t7:  76%|███████▌  | 38/50 [00:03<00:00, 12.41it/s, Saved at =inf, TrLoss=0.2353]
 Training ATK-alpha-s1-t7:  76%|███████▌  | 38/50 [00:03<00:00, 12.41it/s, Saved at =inf, TrLoss=0.2246]
 Training ATK-alpha-s1-t7:  80%|████████  | 40/50 [00:03<00:00, 12.41it/s, Saved at =inf, TrLoss=0.2246]
 Training ATK-alpha-s1-t7:  80%|████████  | 40/50 [00:03<00:00, 12.41it/s, Saved at =inf, TrLoss=0.2250]
 Training ATK-alpha-s1-t7:  80%|████████  | 40/50 [00:03<00:00, 12.41it/s, Saved at =inf, TrLoss=0.2205]
 Training ATK-alpha-s1-t7:  84%|████████▍ | 42/50 [00:03<00:00, 12.41it/s, Saved at =inf, TrLoss=0.2205]
 Training ATK-alpha-s1-t7:  84%|████████▍ | 42/50 [00:03<00:00, 12.41it/s, Saved at =inf, TrLoss=0.2120]
 Training ATK-alpha-s1-t7:  84%|████████▍ | 42/50 [00:03<00:00, 12.41it/s, Saved at =inf, TrLoss=0.2264]
 Training ATK-alpha-s1-t7:  88%|████████▊ | 44/50 [00:03<00:00, 12.41it/s, Saved at =inf, TrLoss=0.2264]
 Training ATK-alpha-s1-t7:  88%|████████▊ | 44/50 [00:03<00:00, 12.41it/s, Saved at =inf, TrLoss=0.2148]
 Training ATK-alpha-s1-t7:  88%|████████▊ | 44/50 [00:03<00:00, 12.41it/s, Saved at =inf, TrLoss=0.2078]
 Training ATK-alpha-s1-t7:  92%|█████████▏| 46/50 [00:03<00:00, 12.41it/s, Saved at =inf, TrLoss=0.2078]
 Training ATK-alpha-s1-t7:  92%|█████████▏| 46/50 [00:03<00:00, 12.41it/s, Saved at =inf, TrLoss=0.2062]
 Training ATK-alpha-s1-t7:  92%|█████████▏| 46/50 [00:03<00:00, 12.41it/s, Saved at =inf, TrLoss=0.2068]
 Training ATK-alpha-s1-t7:  96%|█████████▌| 48/50 [00:03<00:00, 12.41it/s, Saved at =inf, TrLoss=0.2068]
 Training ATK-alpha-s1-t7:  96%|█████████▌| 48/50 [00:03<00:00, 12.41it/s, Saved at =inf, TrLoss=0.2057]
 Training ATK-alpha-s1-t7:  96%|█████████▌| 48/50 [00:04<00:00, 12.41it/s, Saved at =inf, TrLoss=0.2014]
 Training ATK-alpha-s1-t7: 100%|██████████| 50/50 [00:04<00:00, 12.41it/s, Saved at =inf, TrLoss=0.2014]
 Training ATK-alpha-s1-t7: 100%|██████████| 50/50 [00:04<00:00, 12.41it/s, Saved at =inf, TrLoss=0.2014]
[06:39:59]   MCC=0.389±0.068, AUC=0.767±0.070, BAcc=0.686±0.076
[06:39:59] Training GDTE on alpha (seed=2)...

 Training FV-alpha-s2-t2:   0%|          | 0/50 [00:00<?, ?it/s]
 Training FV-alpha-s2-t2:   0%|          | 0/50 [00:00<?, ?it/s, Saved at =inf, TrLoss=0.7182]
 Training FV-alpha-s2-t2:   0%|          | 0/50 [00:00<?, ?it/s, Saved at =inf, TrLoss=0.5627]
 Training FV-alpha-s2-t2:   0%|          | 0/50 [00:00<?, ?it/s, Saved at =inf, TrLoss=0.4153]
 Training FV-alpha-s2-t2:   0%|          | 0/50 [00:00<?, ?it/s, Saved at =inf, TrLoss=0.5397]
 Training FV-alpha-s2-t2:   8%|▊         | 4/50 [00:00<00:01, 38.28it/s, Saved at =inf, TrLoss=0.5397]
 Training FV-alpha-s2-t2:   8%|▊         | 4/50 [00:00<00:01, 38.28it/s, Saved at =inf, TrLoss=0.3220]
 Training FV-alpha-s2-t2:   8%|▊         | 4/50 [00:00<00:01, 38.28it/s, Saved at =inf, TrLoss=0.3018]
 Training FV-alpha-s2-t2:   8%|▊         | 4/50 [00:00<00:01, 38.28it/s, Saved at =inf, TrLoss=0.2252]
 Training FV-alpha-s2-t2:   8%|▊         | 4/50 [00:00<00:01, 38.28it/s, Saved at =inf, TrLoss=0.2516]
 Training FV-alpha-s2-t2:  16%|█▌        | 8/50 [00:00<00:01, 38.49it/s, Saved at =inf, TrLoss=0.2516]
 Training FV-alpha-s2-t2:  16%|█▌        | 8/50 [00:00<00:01, 38.49it/s, Saved at =inf, TrLoss=0.2195]
 Training FV-alpha-s2-t2:  16%|█▌        | 8/50 [00:00<00:01, 38.49it/s, Saved at =inf, TrLoss=0.1850]
 Training FV-alpha-s2-t2:  16%|█▌        | 8/50 [00:00<00:01, 38.49it/s, Saved at =inf, TrLoss=0.2129]
 Training FV-alpha-s2-t2:  16%|█▌        | 8/50 [00:00<00:01, 38.49it/s, Saved at =inf, TrLoss=0.1662]
 Training FV-alpha-s2-t2:  24%|██▍       | 12/50 [00:00<00:00, 38.54it/s, Saved at =inf, TrLoss=0.1662]
 Training FV-alpha-s2-t2:  24%|██▍       | 12/50 [00:00<00:00, 38.54it/s, Saved at =inf, TrLoss=0.1654]
 Training FV-alpha-s2-t2:  24%|██▍       | 12/50 [00:00<00:00, 38.54it/s, Saved at =inf, TrLoss=0.1698]
 Training FV-alpha-s2-t2:  24%|██▍       | 12/50 [00:00<00:00, 38.54it/s, Saved at =inf, TrLoss=0.1783]
 Training FV-alpha-s2-t2:  24%|██▍       | 12/50 [00:00<00:00, 38.54it/s, Saved at =inf, TrLoss=0.1293]
 Training FV-alpha-s2-t2:  32%|███▏      | 16/50 [00:00<00:00, 38.58it/s, Saved at =inf, TrLoss=0.1293]
 Training FV-alpha-s2-t2:  32%|███▏      | 16/50 [00:00<00:00, 38.58it/s, Saved at =inf, TrLoss=0.1597]
 Training FV-alpha-s2-t2:  32%|███▏      | 16/50 [00:00<00:00, 38.58it/s, Saved at =inf, TrLoss=0.1870]
 Training FV-alpha-s2-t2:  32%|███▏      | 16/50 [00:00<00:00, 38.58it/s, Saved at =inf, TrLoss=0.1440]
 Training FV-alpha-s2-t2:  32%|███▏      | 16/50 [00:00<00:00, 38.58it/s, Saved at =inf, TrLoss=0.1191]
 Training FV-alpha-s2-t2:  40%|████      | 20/50 [00:00<00:00, 38.60it/s, Saved at =inf, TrLoss=0.1191]
 Training FV-alpha-s2-t2:  40%|████      | 20/50 [00:00<00:00, 38.60it/s, Saved at =inf, TrLoss=0.1550]
 Training FV-alpha-s2-t2:  40%|████      | 20/50 [00:00<00:00, 38.60it/s, Saved at =inf, TrLoss=0.1024]
 Training FV-alpha-s2-t2:  40%|████      | 20/50 [00:00<00:00, 38.60it/s, Saved at =inf, TrLoss=0.1259]
 Training FV-alpha-s2-t2:  40%|████      | 20/50 [00:00<00:00, 38.60it/s, Saved at =inf, TrLoss=0.1334]
 Training FV-alpha-s2-t2:  48%|████▊     | 24/50 [00:00<00:00, 38.61it/s, Saved at =inf, TrLoss=0.1334]
 Training FV-alpha-s2-t2:  48%|████▊     | 24/50 [00:00<00:00, 38.61it/s, Saved at =inf, TrLoss=0.1462]
 Training FV-alpha-s2-t2:  48%|████▊     | 24/50 [00:00<00:00, 38.61it/s, Saved at =inf, TrLoss=0.1075]
 Training FV-alpha-s2-t2:  48%|████▊     | 24/50 [00:00<00:00, 38.61it/s, Saved at =inf, TrLoss=0.1191]
 Training FV-alpha-s2-t2:  48%|████▊     | 24/50 [00:00<00:00, 38.61it/s, Saved at =inf, TrLoss=0.1127]
 Training FV-alpha-s2-t2:  56%|█████▌    | 28/50 [00:00<00:00, 38.62it/s, Saved at =inf, TrLoss=0.1127]
 Training FV-alpha-s2-t2:  56%|█████▌    | 28/50 [00:00<00:00, 38.62it/s, Saved at =inf, TrLoss=0.1031]
 Training FV-alpha-s2-t2:  56%|█████▌    | 28/50 [00:00<00:00, 38.62it/s, Saved at =inf, TrLoss=0.1085]
 Training FV-alpha-s2-t2:  56%|█████▌    | 28/50 [00:00<00:00, 38.62it/s, Saved at =inf, TrLoss=0.0926]
 Training FV-alpha-s2-t2:  56%|█████▌    | 28/50 [00:00<00:00, 38.62it/s, Saved at =inf, TrLoss=0.1016]
 Training FV-alpha-s2-t2:  64%|██████▍   | 32/50 [00:00<00:00, 38.62it/s, Saved at =inf, TrLoss=0.1016]
 Training FV-alpha-s2-t2:  64%|██████▍   | 32/50 [00:00<00:00, 38.62it/s, Saved at =inf, TrLoss=0.0961]
 Training FV-alpha-s2-t2:  64%|██████▍   | 32/50 [00:00<00:00, 38.62it/s, Saved at =inf, TrLoss=0.1344]
 Training FV-alpha-s2-t2:  64%|██████▍   | 32/50 [00:00<00:00, 38.62it/s, Saved at =inf, TrLoss=0.0978]
 Training FV-alpha-s2-t2:  64%|██████▍   | 32/50 [00:00<00:00, 38.62it/s, Saved at =inf, TrLoss=0.1225]
 Training FV-alpha-s2-t2:  72%|███████▏  | 36/50 [00:00<00:00, 38.62it/s, Saved at =inf, TrLoss=0.1225]
 Training FV-alpha-s2-t2:  72%|███████▏  | 36/50 [00:00<00:00, 38.62it/s, Saved at =inf, TrLoss=0.1173]
 Training FV-alpha-s2-t2:  72%|███████▏  | 36/50 [00:00<00:00, 38.62it/s, Saved at =inf, TrLoss=0.0966]
 Training FV-alpha-s2-t2:  72%|███████▏  | 36/50 [00:00<00:00, 38.62it/s, Saved at =inf, TrLoss=0.1314]
 Training FV-alpha-s2-t2:  72%|███████▏  | 36/50 [00:01<00:00, 38.62it/s, Saved at =inf, TrLoss=0.1084]
 Training FV-alpha-s2-t2:  80%|████████  | 40/50 [00:01<00:00, 38.61it/s, Saved at =inf, TrLoss=0.1084]
 Training FV-alpha-s2-t2:  80%|████████  | 40/50 [00:01<00:00, 38.61it/s, Saved at =inf, TrLoss=0.0956]
 Training FV-alpha-s2-t2:  80%|████████  | 40/50 [00:01<00:00, 38.61it/s, Saved at =inf, TrLoss=0.0772]
 Training FV-alpha-s2-t2:  80%|████████  | 40/50 [00:01<00:00, 38.61it/s, Saved at =inf, TrLoss=0.0883]
 Training FV-alpha-s2-t2:  80%|████████  | 40/50 [00:01<00:00, 38.61it/s, Saved at =inf, TrLoss=0.1131]
 Training FV-alpha-s2-t2:  88%|████████▊ | 44/50 [00:01<00:00, 38.62it/s, Saved at =inf, TrLoss=0.1131]
 Training FV-alpha-s2-t2:  88%|████████▊ | 44/50 [00:01<00:00, 38.62it/s, Saved at =inf, TrLoss=0.1388]
 Training FV-alpha-s2-t2:  88%|████████▊ | 44/50 [00:01<00:00, 38.62it/s, Saved at =inf, TrLoss=0.0949]
 Training FV-alpha-s2-t2:  88%|████████▊ | 44/50 [00:01<00:00, 38.62it/s, Saved at =inf, TrLoss=0.0855]
 Training FV-alpha-s2-t2:  88%|████████▊ | 44/50 [00:01<00:00, 38.62it/s, Saved at =inf, TrLoss=0.0737]
 Training FV-alpha-s2-t2:  96%|█████████▌| 48/50 [00:01<00:00, 38.62it/s, Saved at =inf, TrLoss=0.0737]
 Training FV-alpha-s2-t2:  96%|█████████▌| 48/50 [00:01<00:00, 38.62it/s, Saved at =inf, TrLoss=0.0979]
 Training FV-alpha-s2-t2:  96%|█████████▌| 48/50 [00:01<00:00, 38.62it/s, Saved at =inf, TrLoss=0.0948]
 Training FV-alpha-s2-t2: 100%|██████████| 50/50 [00:01<00:00, 38.59it/s, Saved at =inf, TrLoss=0.0948]

 Training FV-alpha-s2-t3:   0%|          | 0/50 [00:00<?, ?it/s]
 Training FV-alpha-s2-t3:   0%|          | 0/50 [00:00<?, ?it/s, Saved at =inf, TrLoss=0.7874]
 Training FV-alpha-s2-t3:   0%|          | 0/50 [00:00<?, ?it/s, Saved at =inf, TrLoss=0.8502]
 Training FV-alpha-s2-t3:   0%|          | 0/50 [00:00<?, ?it/s, Saved at =inf, TrLoss=0.5405]
 Training FV-alpha-s2-t3:   6%|▌         | 3/50 [00:00<00:01, 26.27it/s, Saved at =inf, TrLoss=0.5405]
 Training FV-alpha-s2-t3:   6%|▌         | 3/50 [00:00<00:01, 26.27it/s, Saved at =inf, TrLoss=0.5329]
 Training FV-alpha-s2-t3:   6%|▌         | 3/50 [00:00<00:01, 26.27it/s, Saved at =inf, TrLoss=0.4482]
 Training FV-alpha-s2-t3:   6%|▌         | 3/50 [00:00<00:01, 26.27it/s, Saved at =inf, TrLoss=0.4101]
 Training FV-alpha-s2-t3:  12%|█▏        | 6/50 [00:00<00:01, 25.99it/s, Saved at =inf, TrLoss=0.4101]
 Training FV-alpha-s2-t3:  12%|█▏        | 6/50 [00:00<00:01, 25.99it/s, Saved at =inf, TrLoss=0.3552]
 Training FV-alpha-s2-t3:  12%|█▏        | 6/50 [00:00<00:01, 25.99it/s, Saved at =inf, TrLoss=0.2996]
 Training FV-alpha-s2-t3:  12%|█▏        | 6/50 [00:00<00:01, 25.99it/s, Saved at =inf, TrLoss=0.2904]
 Training FV-alpha-s2-t3:  18%|█▊        | 9/50 [00:00<00:01, 25.88it/s, Saved at =inf, TrLoss=0.2904]
 Training FV-alpha-s2-t3:  18%|█▊        | 9/50 [00:00<00:01, 25.88it/s, Saved at =inf, TrLoss=0.3040]
 Training FV-alpha-s2-t3:  18%|█▊        | 9/50 [00:00<00:01, 25.88it/s, Saved at =inf, TrLoss=0.2424]
 Training FV-alpha-s2-t3:  18%|█▊        | 9/50 [00:00<00:01, 25.88it/s, Saved at =inf, TrLoss=0.2223]
 Training FV-alpha-s2-t3:  24%|██▍       | 12/50 [00:00<00:01, 25.84it/s, Saved at =inf, TrLoss=0.2223]
 Training FV-alpha-s2-t3:  24%|██▍       | 12/50 [00:00<00:01, 25.84it/s, Saved at =inf, TrLoss=0.2032]
 Training FV-alpha-s2-t3:  24%|██▍       | 12/50 [00:00<00:01, 25.84it/s, Saved at =inf, TrLoss=0.2391]
 Training FV-alpha-s2-t3:  24%|██▍       | 12/50 [00:00<00:01, 25.84it/s, Saved at =inf, TrLoss=0.1952]
 Training FV-alpha-s2-t3:  30%|███       | 15/50 [00:00<00:01, 25.81it/s, Saved at =inf, TrLoss=0.1952]
 Training FV-alpha-s2-t3:  30%|███       | 15/50 [00:00<00:01, 25.81it/s, Saved at =inf, TrLoss=0.1733]
 Training FV-alpha-s2-t3:  30%|███       | 15/50 [00:00<00:01, 25.81it/s, Saved at =inf, TrLoss=0.1654]
 Training FV-alpha-s2-t3:  30%|███       | 15/50 [00:00<00:01, 25.81it/s, Saved at =inf, TrLoss=0.1889]
 Training FV-alpha-s2-t3:  36%|███▌      | 18/50 [00:00<00:01, 25.80it/s, Saved at =inf, TrLoss=0.1889]
 Training FV-alpha-s2-t3:  36%|███▌      | 18/50 [00:00<00:01, 25.80it/s, Saved at =inf, TrLoss=0.2013]
 Training FV-alpha-s2-t3:  36%|███▌      | 18/50 [00:00<00:01, 25.80it/s, Saved at =inf, TrLoss=0.1741]
 Training FV-alpha-s2-t3:  36%|███▌      | 18/50 [00:00<00:01, 25.80it/s, Saved at =inf, TrLoss=0.1737]
 Training FV-alpha-s2-t3:  42%|████▏     | 21/50 [00:00<00:01, 25.75it/s, Saved at =inf, TrLoss=0.1737]
 Training FV-alpha-s2-t3:  42%|████▏     | 21/50 [00:00<00:01, 25.75it/s, Saved at =inf, TrLoss=0.1768]
 Training FV-alpha-s2-t3:  42%|████▏     | 21/50 [00:00<00:01, 25.75it/s, Saved at =inf, TrLoss=0.1585]
 Training FV-alpha-s2-t3:  42%|████▏     | 21/50 [00:00<00:01, 25.75it/s, Saved at =inf, TrLoss=0.1807]
 Training FV-alpha-s2-t3:  48%|████▊     | 24/50 [00:00<00:01, 25.73it/s, Saved at =inf, TrLoss=0.1807]
 Training FV-alpha-s2-t3:  48%|████▊     | 24/50 [00:00<00:01, 25.73it/s, Saved at =inf, TrLoss=0.1607]
 Training FV-alpha-s2-t3:  48%|████▊     | 24/50 [00:00<00:01, 25.73it/s, Saved at =inf, TrLoss=0.1528]
 Training FV-alpha-s2-t3:  48%|████▊     | 24/50 [00:01<00:01, 25.73it/s, Saved at =inf, TrLoss=0.1543]
 Training FV-alpha-s2-t3:  54%|█████▍    | 27/50 [00:01<00:00, 25.73it/s, Saved at =inf, TrLoss=0.1543]
 Training FV-alpha-s2-t3:  54%|█████▍    | 27/50 [00:01<00:00, 25.73it/s, Saved at =inf, TrLoss=0.1615]
 Training FV-alpha-s2-t3:  54%|█████▍    | 27/50 [00:01<00:00, 25.73it/s, Saved at =inf, TrLoss=0.1536]
 Training FV-alpha-s2-t3:  54%|█████▍    | 27/50 [00:01<00:00, 25.73it/s, Saved at =inf, TrLoss=0.1626]
 Training FV-alpha-s2-t3:  60%|██████    | 30/50 [00:01<00:00, 25.74it/s, Saved at =inf, TrLoss=0.1626]
 Training FV-alpha-s2-t3:  60%|██████    | 30/50 [00:01<00:00, 25.74it/s, Saved at =inf, TrLoss=0.1600]
 Training FV-alpha-s2-t3:  60%|██████    | 30/50 [00:01<00:00, 25.74it/s, Saved at =inf, TrLoss=0.1371]
 Training FV-alpha-s2-t3:  60%|██████    | 30/50 [00:01<00:00, 25.74it/s, Saved at =inf, TrLoss=0.1333]
 Training FV-alpha-s2-t3:  66%|██████▌   | 33/50 [00:01<00:00, 25.74it/s, Saved at =inf, TrLoss=0.1333]
 Training FV-alpha-s2-t3:  66%|██████▌   | 33/50 [00:01<00:00, 25.74it/s, Saved at =inf, TrLoss=0.1546]
 Training FV-alpha-s2-t3:  66%|██████▌   | 33/50 [00:01<00:00, 25.74it/s, Saved at =inf, TrLoss=0.1373]
 Training FV-alpha-s2-t3:  66%|██████▌   | 33/50 [00:01<00:00, 25.74it/s, Saved at =inf, TrLoss=0.1420]
 Training FV-alpha-s2-t3:  72%|███████▏  | 36/50 [00:01<00:00, 25.71it/s, Saved at =inf, TrLoss=0.1420]
 Training FV-alpha-s2-t3:  72%|███████▏  | 36/50 [00:01<00:00, 25.71it/s, Saved at =inf, TrLoss=0.1331]
 Training FV-alpha-s2-t3:  72%|███████▏  | 36/50 [00:01<00:00, 25.71it/s, Saved at =inf, TrLoss=0.1370]
 Training FV-alpha-s2-t3:  72%|███████▏  | 36/50 [00:01<00:00, 25.71it/s, Saved at =inf, TrLoss=0.1318]
 Training FV-alpha-s2-t3:  78%|███████▊  | 39/50 [00:01<00:00, 25.72it/s, Saved at =inf, TrLoss=0.1318]
 Training FV-alpha-s2-t3:  78%|███████▊  | 39/50 [00:01<00:00, 25.72it/s, Saved at =inf, TrLoss=0.1267]
 Training FV-alpha-s2-t3:  78%|███████▊  | 39/50 [00:01<00:00, 25.72it/s, Saved at =inf, TrLoss=0.1150]
 Training FV-alpha-s2-t3:  78%|███████▊  | 39/50 [00:01<00:00, 25.72it/s, Saved at =inf, TrLoss=0.1142]
 Training FV-alpha-s2-t3:  84%|████████▍ | 42/50 [00:01<00:00, 25.71it/s, Saved at =inf, TrLoss=0.1142]
 Training FV-alpha-s2-t3:  84%|████████▍ | 42/50 [00:01<00:00, 25.71it/s, Saved at =inf, TrLoss=0.1161]
 Training FV-alpha-s2-t3:  84%|████████▍ | 42/50 [00:01<00:00, 25.71it/s, Saved at =inf, TrLoss=0.1470]
 Training FV-alpha-s2-t3:  84%|████████▍ | 42/50 [00:01<00:00, 25.71it/s, Saved at =inf, TrLoss=0.1320]
 Training FV-alpha-s2-t3:  90%|█████████ | 45/50 [00:01<00:00, 25.73it/s, Saved at =inf, TrLoss=0.1320]
 Training FV-alpha-s2-t3:  90%|█████████ | 45/50 [00:01<00:00, 25.73it/s, Saved at =inf, TrLoss=0.1120]
 Training FV-alpha-s2-t3:  90%|█████████ | 45/50 [00:01<00:00, 25.73it/s, Saved at =inf, TrLoss=0.1410]
 Training FV-alpha-s2-t3:  90%|█████████ | 45/50 [00:01<00:00, 25.73it/s, Saved at =inf, TrLoss=0.1238]
 Training FV-alpha-s2-t3:  96%|█████████▌| 48/50 [00:01<00:00, 25.74it/s, Saved at =inf, TrLoss=0.1238]
 Training FV-alpha-s2-t3:  96%|█████████▌| 48/50 [00:01<00:00, 25.74it/s, Saved at =inf, TrLoss=0.1311]
 Training FV-alpha-s2-t3:  96%|█████████▌| 48/50 [00:01<00:00, 25.74it/s, Saved at =inf, TrLoss=0.1237]
 Training FV-alpha-s2-t3: 100%|██████████| 50/50 [00:01<00:00, 25.77it/s, Saved at =inf, TrLoss=0.1237]

 Training FV-alpha-s2-t4:   0%|          | 0/50 [00:00<?, ?it/s]
 Training FV-alpha-s2-t4:   0%|          | 0/50 [00:00<?, ?it/s, Saved at =inf, TrLoss=0.7027]
 Training FV-alpha-s2-t4:   0%|          | 0/50 [00:00<?, ?it/s, Saved at =inf, TrLoss=1.2035]
 Training FV-alpha-s2-t4:   0%|          | 0/50 [00:00<?, ?it/s, Saved at =inf, TrLoss=0.5738]
 Training FV-alpha-s2-t4:   6%|▌         | 3/50 [00:00<00:02, 20.16it/s, Saved at =inf, TrLoss=0.5738]
 Training FV-alpha-s2-t4:   6%|▌         | 3/50 [00:00<00:02, 20.16it/s, Saved at =inf, TrLoss=0.5926]
 Training FV-alpha-s2-t4:   6%|▌         | 3/50 [00:00<00:02, 20.16it/s, Saved at =inf, TrLoss=0.5087]
 Training FV-alpha-s2-t4:   6%|▌         | 3/50 [00:00<00:02, 20.16it/s, Saved at =inf, TrLoss=0.5113]
 Training FV-alpha-s2-t4:  12%|█▏        | 6/50 [00:00<00:02, 20.44it/s, Saved at =inf, TrLoss=0.5113]
 Training FV-alpha-s2-t4:  12%|█▏        | 6/50 [00:00<00:02, 20.44it/s, Saved at =inf, TrLoss=0.4248]
 Training FV-alpha-s2-t4:  12%|█▏        | 6/50 [00:00<00:02, 20.44it/s, Saved at =inf, TrLoss=0.4268]
 Training FV-alpha-s2-t4:  12%|█▏        | 6/50 [00:00<00:02, 20.44it/s, Saved at =inf, TrLoss=0.4037]
 Training FV-alpha-s2-t4:  18%|█▊        | 9/50 [00:00<00:02, 20.39it/s, Saved at =inf, TrLoss=0.4037]
 Training FV-alpha-s2-t4:  18%|█▊        | 9/50 [00:00<00:02, 20.39it/s, Saved at =inf, TrLoss=0.3698]
 Training FV-alpha-s2-t4:  18%|█▊        | 9/50 [00:00<00:02, 20.39it/s, Saved at =inf, TrLoss=0.3622]
 Training FV-alpha-s2-t4:  18%|█▊        | 9/50 [00:00<00:02, 20.39it/s, Saved at =inf, TrLoss=0.3054]
 Training FV-alpha-s2-t4:  24%|██▍       | 12/50 [00:00<00:01, 20.37it/s, Saved at =inf, TrLoss=0.3054]
 Training FV-alpha-s2-t4:  24%|██▍       | 12/50 [00:00<00:01, 20.37it/s, Saved at =inf, TrLoss=0.3123]
 Training FV-alpha-s2-t4:  24%|██▍       | 12/50 [00:00<00:01, 20.37it/s, Saved at =inf, TrLoss=0.2696]
 Training FV-alpha-s2-t4:  24%|██▍       | 12/50 [00:00<00:01, 20.37it/s, Saved at =inf, TrLoss=0.2546]
 Training FV-alpha-s2-t4:  30%|███       | 15/50 [00:00<00:01, 20.35it/s, Saved at =inf, TrLoss=0.2546]
 Training FV-alpha-s2-t4:  30%|███       | 15/50 [00:00<00:01, 20.35it/s, Saved at =inf, TrLoss=0.2456]
 Training FV-alpha-s2-t4:  30%|███       | 15/50 [00:00<00:01, 20.35it/s, Saved at =inf, TrLoss=0.2443]
 Training FV-alpha-s2-t4:  30%|███       | 15/50 [00:00<00:01, 20.35it/s, Saved at =inf, TrLoss=0.2236]
 Training FV-alpha-s2-t4:  36%|███▌      | 18/50 [00:00<00:01, 20.34it/s, Saved at =inf, TrLoss=0.2236]
 Training FV-alpha-s2-t4:  36%|███▌      | 18/50 [00:00<00:01, 20.34it/s, Saved at =inf, TrLoss=0.2376]
 Training FV-alpha-s2-t4:  36%|███▌      | 18/50 [00:00<00:01, 20.34it/s, Saved at =inf, TrLoss=0.2021]
 Training FV-alpha-s2-t4:  36%|███▌      | 18/50 [00:01<00:01, 20.34it/s, Saved at =inf, TrLoss=0.2306]
 Training FV-alpha-s2-t4:  42%|████▏     | 21/50 [00:01<00:01, 20.34it/s, Saved at =inf, TrLoss=0.2306]
 Training FV-alpha-s2-t4:  42%|████▏     | 21/50 [00:01<00:01, 20.34it/s, Saved at =inf, TrLoss=0.2221]
 Training FV-alpha-s2-t4:  42%|████▏     | 21/50 [00:01<00:01, 20.34it/s, Saved at =inf, TrLoss=0.1921]
 Training FV-alpha-s2-t4:  42%|████▏     | 21/50 [00:01<00:01, 20.34it/s, Saved at =inf, TrLoss=0.2194]
 Training FV-alpha-s2-t4:  48%|████▊     | 24/50 [00:01<00:01, 20.34it/s, Saved at =inf, TrLoss=0.2194]
 Training FV-alpha-s2-t4:  48%|████▊     | 24/50 [00:01<00:01, 20.34it/s, Saved at =inf, TrLoss=0.1925]
 Training FV-alpha-s2-t4:  48%|████▊     | 24/50 [00:01<00:01, 20.34it/s, Saved at =inf, TrLoss=0.1975]
 Training FV-alpha-s2-t4:  48%|████▊     | 24/50 [00:01<00:01, 20.34it/s, Saved at =inf, TrLoss=0.1710]
 Training FV-alpha-s2-t4:  54%|█████▍    | 27/50 [00:01<00:01, 20.34it/s, Saved at =inf, TrLoss=0.1710]
 Training FV-alpha-s2-t4:  54%|█████▍    | 27/50 [00:01<00:01, 20.34it/s, Saved at =inf, TrLoss=0.1977]
 Training FV-alpha-s2-t4:  54%|█████▍    | 27/50 [00:01<00:01, 20.34it/s, Saved at =inf, TrLoss=0.1788]
 Training FV-alpha-s2-t4:  54%|█████▍    | 27/50 [00:01<00:01, 20.34it/s, Saved at =inf, TrLoss=0.1747]
 Training FV-alpha-s2-t4:  60%|██████    | 30/50 [00:01<00:00, 20.34it/s, Saved at =inf, TrLoss=0.1747]
 Training FV-alpha-s2-t4:  60%|██████    | 30/50 [00:01<00:00, 20.34it/s, Saved at =inf, TrLoss=0.1651]
 Training FV-alpha-s2-t4:  60%|██████    | 30/50 [00:01<00:00, 20.34it/s, Saved at =inf, TrLoss=0.1672]
 Training FV-alpha-s2-t4:  60%|██████    | 30/50 [00:01<00:00, 20.34it/s, Saved at =inf, TrLoss=0.1611]
 Training FV-alpha-s2-t4:  66%|██████▌   | 33/50 [00:01<00:00, 20.34it/s, Saved at =inf, TrLoss=0.1611]
 Training FV-alpha-s2-t4:  66%|██████▌   | 33/50 [00:01<00:00, 20.34it/s, Saved at =inf, TrLoss=0.1669]
 Training FV-alpha-s2-t4:  66%|██████▌   | 33/50 [00:01<00:00, 20.34it/s, Saved at =inf, TrLoss=0.1619]
 Training FV-alpha-s2-t4:  66%|██████▌   | 33/50 [00:01<00:00, 20.34it/s, Saved at =inf, TrLoss=0.1599]
 Training FV-alpha-s2-t4:  72%|███████▏  | 36/50 [00:01<00:00, 20.33it/s, Saved at =inf, TrLoss=0.1599]
 Training FV-alpha-s2-t4:  72%|███████▏  | 36/50 [00:01<00:00, 20.33it/s, Saved at =inf, TrLoss=0.1726]
 Training FV-alpha-s2-t4:  72%|███████▏  | 36/50 [00:01<00:00, 20.33it/s, Saved at =inf, TrLoss=0.1570]
 Training FV-alpha-s2-t4:  72%|███████▏  | 36/50 [00:01<00:00, 20.33it/s, Saved at =inf, TrLoss=0.1529]
 Training FV-alpha-s2-t4:  78%|███████▊  | 39/50 [00:01<00:00, 20.32it/s, Saved at =inf, TrLoss=0.1529]
 Training FV-alpha-s2-t4:  78%|███████▊  | 39/50 [00:01<00:00, 20.32it/s, Saved at =inf, TrLoss=0.1537]
 Training FV-alpha-s2-t4:  78%|███████▊  | 39/50 [00:01<00:00, 20.32it/s, Saved at =inf, TrLoss=0.1684]
 Training FV-alpha-s2-t4:  78%|███████▊  | 39/50 [00:02<00:00, 20.32it/s, Saved at =inf, TrLoss=0.1495]
 Training FV-alpha-s2-t4:  84%|████████▍ | 42/50 [00:02<00:00, 20.33it/s, Saved at =inf, TrLoss=0.1495]
 Training FV-alpha-s2-t4:  84%|████████▍ | 42/50 [00:02<00:00, 20.33it/s, Saved at =inf, TrLoss=0.1581]
 Training FV-alpha-s2-t4:  84%|████████▍ | 42/50 [00:02<00:00, 20.33it/s, Saved at =inf, TrLoss=0.1529]
 Training FV-alpha-s2-t4:  84%|████████▍ | 42/50 [00:02<00:00, 20.33it/s, Saved at =inf, TrLoss=0.1583]
 Training FV-alpha-s2-t4:  90%|█████████ | 45/50 [00:02<00:00, 20.33it/s, Saved at =inf, TrLoss=0.1583]
 Training FV-alpha-s2-t4:  90%|█████████ | 45/50 [00:02<00:00, 20.33it/s, Saved at =inf, TrLoss=0.1478]
 Training FV-alpha-s2-t4:  90%|█████████ | 45/50 [00:02<00:00, 20.33it/s, Saved at =inf, TrLoss=0.1433]
 Training FV-alpha-s2-t4:  90%|█████████ | 45/50 [00:02<00:00, 20.33it/s, Saved at =inf, TrLoss=0.1400]
 Training FV-alpha-s2-t4:  96%|█████████▌| 48/50 [00:02<00:00, 20.33it/s, Saved at =inf, TrLoss=0.1400]
 Training FV-alpha-s2-t4:  96%|█████████▌| 48/50 [00:02<00:00, 20.33it/s, Saved at =inf, TrLoss=0.1458]
 Training FV-alpha-s2-t4:  96%|█████████▌| 48/50 [00:02<00:00, 20.33it/s, Saved at =inf, TrLoss=0.1446]
 Training FV-alpha-s2-t4: 100%|██████████| 50/50 [00:02<00:00, 20.34it/s, Saved at =inf, TrLoss=0.1446]

 Training FV-alpha-s2-t5:   0%|          | 0/50 [00:00<?, ?it/s]
 Training FV-alpha-s2-t5:   0%|          | 0/50 [00:00<?, ?it/s, Saved at =inf, TrLoss=0.7338]
 Training FV-alpha-s2-t5:   0%|          | 0/50 [00:00<?, ?it/s, Saved at =inf, TrLoss=0.9387]
 Training FV-alpha-s2-t5:   4%|▍         | 2/50 [00:00<00:02, 16.65it/s, Saved at =inf, TrLoss=0.9387]
 Training FV-alpha-s2-t5:   4%|▍         | 2/50 [00:00<00:02, 16.65it/s, Saved at =inf, TrLoss=0.5507]
 Training FV-alpha-s2-t5:   4%|▍         | 2/50 [00:00<00:02, 16.65it/s, Saved at =inf, TrLoss=0.5887]
 Training FV-alpha-s2-t5:   8%|▊         | 4/50 [00:00<00:02, 17.02it/s, Saved at =inf, TrLoss=0.5887]
 Training FV-alpha-s2-t5:   8%|▊         | 4/50 [00:00<00:02, 17.02it/s, Saved at =inf, TrLoss=0.4969]
 Training FV-alpha-s2-t5:   8%|▊         | 4/50 [00:00<00:02, 17.02it/s, Saved at =inf, TrLoss=0.4774]
 Training FV-alpha-s2-t5:  12%|█▏        | 6/50 [00:00<00:02, 17.00it/s, Saved at =inf, TrLoss=0.4774]
 Training FV-alpha-s2-t5:  12%|█▏        | 6/50 [00:00<00:02, 17.00it/s, Saved at =inf, TrLoss=0.4680]
 Training FV-alpha-s2-t5:  12%|█▏        | 6/50 [00:00<00:02, 17.00it/s, Saved at =inf, TrLoss=0.4368]
 Training FV-alpha-s2-t5:  16%|█▌        | 8/50 [00:00<00:02, 16.99it/s, Saved at =inf, TrLoss=0.4368]
 Training FV-alpha-s2-t5:  16%|█▌        | 8/50 [00:00<00:02, 16.99it/s, Saved at =inf, TrLoss=0.4033]
 Training FV-alpha-s2-t5:  16%|█▌        | 8/50 [00:00<00:02, 16.99it/s, Saved at =inf, TrLoss=0.3915]
 Training FV-alpha-s2-t5:  20%|██        | 10/50 [00:00<00:02, 16.99it/s, Saved at =inf, TrLoss=0.3915]
 Training FV-alpha-s2-t5:  20%|██        | 10/50 [00:00<00:02, 16.99it/s, Saved at =inf, TrLoss=0.3411]
 Training FV-alpha-s2-t5:  20%|██        | 10/50 [00:00<00:02, 16.99it/s, Saved at =inf, TrLoss=0.3468]
 Training FV-alpha-s2-t5:  24%|██▍       | 12/50 [00:00<00:02, 16.98it/s, Saved at =inf, TrLoss=0.3468]
 Training FV-alpha-s2-t5:  24%|██▍       | 12/50 [00:00<00:02, 16.98it/s, Saved at =inf, TrLoss=0.3181]
 Training FV-alpha-s2-t5:  24%|██▍       | 12/50 [00:00<00:02, 16.98it/s, Saved at =inf, TrLoss=0.3360]
 Training FV-alpha-s2-t5:  28%|██▊       | 14/50 [00:00<00:02, 16.98it/s, Saved at =inf, TrLoss=0.3360]
 Training FV-alpha-s2-t5:  28%|██▊       | 14/50 [00:00<00:02, 16.98it/s, Saved at =inf, TrLoss=0.2691]
 Training FV-alpha-s2-t5:  28%|██▊       | 14/50 [00:00<00:02, 16.98it/s, Saved at =inf, TrLoss=0.3266]
 Training FV-alpha-s2-t5:  32%|███▏      | 16/50 [00:00<00:02, 16.97it/s, Saved at =inf, TrLoss=0.3266]
 Training FV-alpha-s2-t5:  32%|███▏      | 16/50 [00:00<00:02, 16.97it/s, Saved at =inf, TrLoss=0.2809]
 Training FV-alpha-s2-t5:  32%|███▏      | 16/50 [00:01<00:02, 16.97it/s, Saved at =inf, TrLoss=0.2940]
 Training FV-alpha-s2-t5:  36%|███▌      | 18/50 [00:01<00:01, 16.97it/s, Saved at =inf, TrLoss=0.2940]
 Training FV-alpha-s2-t5:  36%|███▌      | 18/50 [00:01<00:01, 16.97it/s, Saved at =inf, TrLoss=0.2783]
 Training FV-alpha-s2-t5:  36%|███▌      | 18/50 [00:01<00:01, 16.97it/s, Saved at =inf, TrLoss=0.2660]
 Training FV-alpha-s2-t5:  40%|████      | 20/50 [00:01<00:01, 16.98it/s, Saved at =inf, TrLoss=0.2660]
 Training FV-alpha-s2-t5:  40%|████      | 20/50 [00:01<00:01, 16.98it/s, Saved at =inf, TrLoss=0.2653]
 Training FV-alpha-s2-t5:  40%|████      | 20/50 [00:01<00:01, 16.98it/s, Saved at =inf, TrLoss=0.2766]
 Training FV-alpha-s2-t5:  44%|████▍     | 22/50 [00:01<00:01, 16.98it/s, Saved at =inf, TrLoss=0.2766]
 Training FV-alpha-s2-t5:  44%|████▍     | 22/50 [00:01<00:01, 16.98it/s, Saved at =inf, TrLoss=0.2557]
 Training FV-alpha-s2-t5:  44%|████▍     | 22/50 [00:01<00:01, 16.98it/s, Saved at =inf, TrLoss=0.2537]
 Training FV-alpha-s2-t5:  48%|████▊     | 24/50 [00:01<00:01, 16.98it/s, Saved at =inf, TrLoss=0.2537]
 Training FV-alpha-s2-t5:  48%|████▊     | 24/50 [00:01<00:01, 16.98it/s, Saved at =inf, TrLoss=0.2746]
 Training FV-alpha-s2-t5:  48%|████▊     | 24/50 [00:01<00:01, 16.98it/s, Saved at =inf, TrLoss=0.2472]
 Training FV-alpha-s2-t5:  52%|█████▏    | 26/50 [00:01<00:01, 16.98it/s, Saved at =inf, TrLoss=0.2472]
 Training FV-alpha-s2-t5:  52%|█████▏    | 26/50 [00:01<00:01, 16.98it/s, Saved at =inf, TrLoss=0.2479]
 Training FV-alpha-s2-t5:  52%|█████▏    | 26/50 [00:01<00:01, 16.98it/s, Saved at =inf, TrLoss=0.2396]
 Training FV-alpha-s2-t5:  56%|█████▌    | 28/50 [00:01<00:01, 16.97it/s, Saved at =inf, TrLoss=0.2396]
 Training FV-alpha-s2-t5:  56%|█████▌    | 28/50 [00:01<00:01, 16.97it/s, Saved at =inf, TrLoss=0.2413]
 Training FV-alpha-s2-t5:  56%|█████▌    | 28/50 [00:01<00:01, 16.97it/s, Saved at =inf, TrLoss=0.2444]
 Training FV-alpha-s2-t5:  60%|██████    | 30/50 [00:01<00:01, 16.98it/s, Saved at =inf, TrLoss=0.2444]
 Training FV-alpha-s2-t5:  60%|██████    | 30/50 [00:01<00:01, 16.98it/s, Saved at =inf, TrLoss=0.2222]
 Training FV-alpha-s2-t5:  60%|██████    | 30/50 [00:01<00:01, 16.98it/s, Saved at =inf, TrLoss=0.2299]
 Training FV-alpha-s2-t5:  64%|██████▍   | 32/50 [00:01<00:01, 16.98it/s, Saved at =inf, TrLoss=0.2299]
 Training FV-alpha-s2-t5:  64%|██████▍   | 32/50 [00:01<00:01, 16.98it/s, Saved at =inf, TrLoss=0.2331]
 Training FV-alpha-s2-t5:  64%|██████▍   | 32/50 [00:01<00:01, 16.98it/s, Saved at =inf, TrLoss=0.2301]
 Training FV-alpha-s2-t5:  68%|██████▊   | 34/50 [00:02<00:00, 16.98it/s, Saved at =inf, TrLoss=0.2301]
 Training FV-alpha-s2-t5:  68%|██████▊   | 34/50 [00:02<00:00, 16.98it/s, Saved at =inf, TrLoss=0.2194]
 Training FV-alpha-s2-t5:  68%|██████▊   | 34/50 [00:02<00:00, 16.98it/s, Saved at =inf, TrLoss=0.2260]
 Training FV-alpha-s2-t5:  72%|███████▏  | 36/50 [00:02<00:00, 16.98it/s, Saved at =inf, TrLoss=0.2260]
 Training FV-alpha-s2-t5:  72%|███████▏  | 36/50 [00:02<00:00, 16.98it/s, Saved at =inf, TrLoss=0.2179]
 Training FV-alpha-s2-t5:  72%|███████▏  | 36/50 [00:02<00:00, 16.98it/s, Saved at =inf, TrLoss=0.2104]
 Training FV-alpha-s2-t5:  76%|███████▌  | 38/50 [00:02<00:00, 16.98it/s, Saved at =inf, TrLoss=0.2104]
 Training FV-alpha-s2-t5:  76%|███████▌  | 38/50 [00:02<00:00, 16.98it/s, Saved at =inf, TrLoss=0.2007]
 Training FV-alpha-s2-t5:  76%|███████▌  | 38/50 [00:02<00:00, 16.98it/s, Saved at =inf, TrLoss=0.2068]
 Training FV-alpha-s2-t5:  80%|████████  | 40/50 [00:02<00:00, 16.98it/s, Saved at =inf, TrLoss=0.2068]
 Training FV-alpha-s2-t5:  80%|████████  | 40/50 [00:02<00:00, 16.98it/s, Saved at =inf, TrLoss=0.2048]
 Training FV-alpha-s2-t5:  80%|████████  | 40/50 [00:02<00:00, 16.98it/s, Saved at =inf, TrLoss=0.2064]
 Training FV-alpha-s2-t5:  84%|████████▍ | 42/50 [00:02<00:00, 16.98it/s, Saved at =inf, TrLoss=0.2064]
 Training FV-alpha-s2-t5:  84%|████████▍ | 42/50 [00:02<00:00, 16.98it/s, Saved at =inf, TrLoss=0.2059]
 Training FV-alpha-s2-t5:  84%|████████▍ | 42/50 [00:02<00:00, 16.98it/s, Saved at =inf, TrLoss=0.2003]
 Training FV-alpha-s2-t5:  88%|████████▊ | 44/50 [00:02<00:00, 16.97it/s, Saved at =inf, TrLoss=0.2003]
 Training FV-alpha-s2-t5:  88%|████████▊ | 44/50 [00:02<00:00, 16.97it/s, Saved at =inf, TrLoss=0.1921]
 Training FV-alpha-s2-t5:  88%|████████▊ | 44/50 [00:02<00:00, 16.97it/s, Saved at =inf, TrLoss=0.1872]
 Training FV-alpha-s2-t5:  92%|█████████▏| 46/50 [00:02<00:00, 16.97it/s, Saved at =inf, TrLoss=0.1872]
 Training FV-alpha-s2-t5:  92%|█████████▏| 46/50 [00:02<00:00, 16.97it/s, Saved at =inf, TrLoss=0.1890]
 Training FV-alpha-s2-t5:  92%|█████████▏| 46/50 [00:02<00:00, 16.97it/s, Saved at =inf, TrLoss=0.1871]
 Training FV-alpha-s2-t5:  96%|█████████▌| 48/50 [00:02<00:00, 16.97it/s, Saved at =inf, TrLoss=0.1871]
 Training FV-alpha-s2-t5:  96%|█████████▌| 48/50 [00:02<00:00, 16.97it/s, Saved at =inf, TrLoss=0.1840]
 Training FV-alpha-s2-t5:  96%|█████████▌| 48/50 [00:02<00:00, 16.97it/s, Saved at =inf, TrLoss=0.1812]
 Training FV-alpha-s2-t5: 100%|██████████| 50/50 [00:02<00:00, 16.97it/s, Saved at =inf, TrLoss=0.1812]
 Training FV-alpha-s2-t5: 100%|██████████| 50/50 [00:02<00:00, 16.97it/s, Saved at =inf, TrLoss=0.1812]

 Training FV-alpha-s2-t6:   0%|          | 0/50 [00:00<?, ?it/s]
 Training FV-alpha-s2-t6:   0%|          | 0/50 [00:00<?, ?it/s, Saved at =inf, TrLoss=0.7037]
 Training FV-alpha-s2-t6:   0%|          | 0/50 [00:00<?, ?it/s, Saved at =inf, TrLoss=0.6970]
 Training FV-alpha-s2-t6:   4%|▍         | 2/50 [00:00<00:03, 14.19it/s, Saved at =inf, TrLoss=0.6970]
 Training FV-alpha-s2-t6:   4%|▍         | 2/50 [00:00<00:03, 14.19it/s, Saved at =inf, TrLoss=0.5857]
 Training FV-alpha-s2-t6:   4%|▍         | 2/50 [00:00<00:03, 14.19it/s, Saved at =inf, TrLoss=0.5315]
 Training FV-alpha-s2-t6:   8%|▊         | 4/50 [00:00<00:03, 14.37it/s, Saved at =inf, TrLoss=0.5315]
 Training FV-alpha-s2-t6:   8%|▊         | 4/50 [00:00<00:03, 14.37it/s, Saved at =inf, TrLoss=0.4799]
 Training FV-alpha-s2-t6:   8%|▊         | 4/50 [00:00<00:03, 14.37it/s, Saved at =inf, TrLoss=0.4629]
 Training FV-alpha-s2-t6:  12%|█▏        | 6/50 [00:00<00:03, 14.38it/s, Saved at =inf, TrLoss=0.4629]
 Training FV-alpha-s2-t6:  12%|█▏        | 6/50 [00:00<00:03, 14.38it/s, Saved at =inf, TrLoss=0.4402]
 Training FV-alpha-s2-t6:  12%|█▏        | 6/50 [00:00<00:03, 14.38it/s, Saved at =inf, TrLoss=0.4063]
 Training FV-alpha-s2-t6:  16%|█▌        | 8/50 [00:00<00:02, 14.38it/s, Saved at =inf, TrLoss=0.4063]
 Training FV-alpha-s2-t6:  16%|█▌        | 8/50 [00:00<00:02, 14.38it/s, Saved at =inf, TrLoss=0.3679]
 Training FV-alpha-s2-t6:  16%|█▌        | 8/50 [00:00<00:02, 14.38it/s, Saved at =inf, TrLoss=0.3438]
 Training FV-alpha-s2-t6:  20%|██        | 10/50 [00:00<00:02, 14.39it/s, Saved at =inf, TrLoss=0.3438]
 Training FV-alpha-s2-t6:  20%|██        | 10/50 [00:00<00:02, 14.39it/s, Saved at =inf, TrLoss=0.3678]
 Training FV-alpha-s2-t6:  20%|██        | 10/50 [00:00<00:02, 14.39it/s, Saved at =inf, TrLoss=0.3995]
 Training FV-alpha-s2-t6:  24%|██▍       | 12/50 [00:00<00:02, 14.39it/s, Saved at =inf, TrLoss=0.3995]
 Training FV-alpha-s2-t6:  24%|██▍       | 12/50 [00:00<00:02, 14.39it/s, Saved at =inf, TrLoss=0.3115]
 Training FV-alpha-s2-t6:  24%|██▍       | 12/50 [00:00<00:02, 14.39it/s, Saved at =inf, TrLoss=0.3775]
 Training FV-alpha-s2-t6:  28%|██▊       | 14/50 [00:00<00:02, 14.39it/s, Saved at =inf, TrLoss=0.3775]
 Training FV-alpha-s2-t6:  28%|██▊       | 14/50 [00:01<00:02, 14.39it/s, Saved at =inf, TrLoss=0.2842]
 Training FV-alpha-s2-t6:  28%|██▊       | 14/50 [00:01<00:02, 14.39it/s, Saved at =inf, TrLoss=0.3427]
 Training FV-alpha-s2-t6:  32%|███▏      | 16/50 [00:01<00:02, 14.39it/s, Saved at =inf, TrLoss=0.3427]
 Training FV-alpha-s2-t6:  32%|███▏      | 16/50 [00:01<00:02, 14.39it/s, Saved at =inf, TrLoss=0.2991]
 Training FV-alpha-s2-t6:  32%|███▏      | 16/50 [00:01<00:02, 14.39it/s, Saved at =inf, TrLoss=0.2990]
 Training FV-alpha-s2-t6:  36%|███▌      | 18/50 [00:01<00:02, 14.39it/s, Saved at =inf, TrLoss=0.2990]
 Training FV-alpha-s2-t6:  36%|███▌      | 18/50 [00:01<00:02, 14.39it/s, Saved at =inf, TrLoss=0.3093]
 Training FV-alpha-s2-t6:  36%|███▌      | 18/50 [00:01<00:02, 14.39it/s, Saved at =inf, TrLoss=0.2659]
 Training FV-alpha-s2-t6:  40%|████      | 20/50 [00:01<00:02, 14.39it/s, Saved at =inf, TrLoss=0.2659]
 Training FV-alpha-s2-t6:  40%|████      | 20/50 [00:01<00:02, 14.39it/s, Saved at =inf, TrLoss=0.2885]
 Training FV-alpha-s2-t6:  40%|████      | 20/50 [00:01<00:02, 14.39it/s, Saved at =inf, TrLoss=0.2636]
 Training FV-alpha-s2-t6:  44%|████▍     | 22/50 [00:01<00:01, 14.39it/s, Saved at =inf, TrLoss=0.2636]
 Training FV-alpha-s2-t6:  44%|████▍     | 22/50 [00:01<00:01, 14.39it/s, Saved at =inf, TrLoss=0.2655]
 Training FV-alpha-s2-t6:  44%|████▍     | 22/50 [00:01<00:01, 14.39it/s, Saved at =inf, TrLoss=0.2692]
 Training FV-alpha-s2-t6:  48%|████▊     | 24/50 [00:01<00:01, 14.39it/s, Saved at =inf, TrLoss=0.2692]
 Training FV-alpha-s2-t6:  48%|████▊     | 24/50 [00:01<00:01, 14.39it/s, Saved at =inf, TrLoss=0.2596]
 Training FV-alpha-s2-t6:  48%|████▊     | 24/50 [00:01<00:01, 14.39it/s, Saved at =inf, TrLoss=0.2596]
 Training FV-alpha-s2-t6:  52%|█████▏    | 26/50 [00:01<00:01, 14.39it/s, Saved at =inf, TrLoss=0.2596]
 Training FV-alpha-s2-t6:  52%|█████▏    | 26/50 [00:01<00:01, 14.39it/s, Saved at =inf, TrLoss=0.2372]
 Training FV-alpha-s2-t6:  52%|█████▏    | 26/50 [00:01<00:01, 14.39it/s, Saved at =inf, TrLoss=0.2660]
 Training FV-alpha-s2-t6:  56%|█████▌    | 28/50 [00:01<00:01, 14.38it/s, Saved at =inf, TrLoss=0.2660]
 Training FV-alpha-s2-t6:  56%|█████▌    | 28/50 [00:01<00:01, 14.38it/s, Saved at =inf, TrLoss=0.2463]
 Training FV-alpha-s2-t6:  56%|█████▌    | 28/50 [00:02<00:01, 14.38it/s, Saved at =inf, TrLoss=0.2501]
 Training FV-alpha-s2-t6:  60%|██████    | 30/50 [00:02<00:01, 14.38it/s, Saved at =inf, TrLoss=0.2501]
 Training FV-alpha-s2-t6:  60%|██████    | 30/50 [00:02<00:01, 14.38it/s, Saved at =inf, TrLoss=0.2319]
 Training FV-alpha-s2-t6:  60%|██████    | 30/50 [00:02<00:01, 14.38it/s, Saved at =inf, TrLoss=0.2356]
 Training FV-alpha-s2-t6:  64%|██████▍   | 32/50 [00:02<00:01, 14.34it/s, Saved at =inf, TrLoss=0.2356]
 Training FV-alpha-s2-t6:  64%|██████▍   | 32/50 [00:02<00:01, 14.34it/s, Saved at =inf, TrLoss=0.2326]
 Training FV-alpha-s2-t6:  64%|██████▍   | 32/50 [00:02<00:01, 14.34it/s, Saved at =inf, TrLoss=0.2339]
 Training FV-alpha-s2-t6:  68%|██████▊   | 34/50 [00:02<00:01, 14.36it/s, Saved at =inf, TrLoss=0.2339]
 Training FV-alpha-s2-t6:  68%|██████▊   | 34/50 [00:02<00:01, 14.36it/s, Saved at =inf, TrLoss=0.2287]
 Training FV-alpha-s2-t6:  68%|██████▊   | 34/50 [00:02<00:01, 14.36it/s, Saved at =inf, TrLoss=0.2223]
 Training FV-alpha-s2-t6:  72%|███████▏  | 36/50 [00:02<00:00, 14.36it/s, Saved at =inf, TrLoss=0.2223]
 Training FV-alpha-s2-t6:  72%|███████▏  | 36/50 [00:02<00:00, 14.36it/s, Saved at =inf, TrLoss=0.2339]
 Training FV-alpha-s2-t6:  72%|███████▏  | 36/50 [00:02<00:00, 14.36it/s, Saved at =inf, TrLoss=0.2146]
 Training FV-alpha-s2-t6:  76%|███████▌  | 38/50 [00:02<00:00, 14.37it/s, Saved at =inf, TrLoss=0.2146]
 Training FV-alpha-s2-t6:  76%|███████▌  | 38/50 [00:02<00:00, 14.37it/s, Saved at =inf, TrLoss=0.2109]
 Training FV-alpha-s2-t6:  76%|███████▌  | 38/50 [00:02<00:00, 14.37it/s, Saved at =inf, TrLoss=0.2111]
 Training FV-alpha-s2-t6:  80%|████████  | 40/50 [00:02<00:00, 14.37it/s, Saved at =inf, TrLoss=0.2111]
 Training FV-alpha-s2-t6:  80%|████████  | 40/50 [00:02<00:00, 14.37it/s, Saved at =inf, TrLoss=0.2259]
 Training FV-alpha-s2-t6:  80%|████████  | 40/50 [00:02<00:00, 14.37it/s, Saved at =inf, TrLoss=0.2079]
 Training FV-alpha-s2-t6:  84%|████████▍ | 42/50 [00:02<00:00, 14.38it/s, Saved at =inf, TrLoss=0.2079]
 Training FV-alpha-s2-t6:  84%|████████▍ | 42/50 [00:02<00:00, 14.38it/s, Saved at =inf, TrLoss=0.2146]
 Training FV-alpha-s2-t6:  84%|████████▍ | 42/50 [00:03<00:00, 14.38it/s, Saved at =inf, TrLoss=0.2031]
 Training FV-alpha-s2-t6:  88%|████████▊ | 44/50 [00:03<00:00, 14.38it/s, Saved at =inf, TrLoss=0.2031]
 Training FV-alpha-s2-t6:  88%|████████▊ | 44/50 [00:03<00:00, 14.38it/s, Saved at =inf, TrLoss=0.2173]
 Training FV-alpha-s2-t6:  88%|████████▊ | 44/50 [00:03<00:00, 14.38it/s, Saved at =inf, TrLoss=0.1922]
 Training FV-alpha-s2-t6:  92%|█████████▏| 46/50 [00:03<00:00, 14.38it/s, Saved at =inf, TrLoss=0.1922]
 Training FV-alpha-s2-t6:  92%|█████████▏| 46/50 [00:03<00:00, 14.38it/s, Saved at =inf, TrLoss=0.1975]
 Training FV-alpha-s2-t6:  92%|█████████▏| 46/50 [00:03<00:00, 14.38it/s, Saved at =inf, TrLoss=0.1907]
 Training FV-alpha-s2-t6:  96%|█████████▌| 48/50 [00:03<00:00, 14.39it/s, Saved at =inf, TrLoss=0.1907]
 Training FV-alpha-s2-t6:  96%|█████████▌| 48/50 [00:03<00:00, 14.39it/s, Saved at =inf, TrLoss=0.1921]
 Training FV-alpha-s2-t6:  96%|█████████▌| 48/50 [00:03<00:00, 14.39it/s, Saved at =inf, TrLoss=0.1917]
 Training FV-alpha-s2-t6: 100%|██████████| 50/50 [00:03<00:00, 14.38it/s, Saved at =inf, TrLoss=0.1917]
 Training FV-alpha-s2-t6: 100%|██████████| 50/50 [00:03<00:00, 14.38it/s, Saved at =inf, TrLoss=0.1917]

 Training FV-alpha-s2-t7:   0%|          | 0/50 [00:00<?, ?it/s]
 Training FV-alpha-s2-t7:   0%|          | 0/50 [00:00<?, ?it/s, Saved at =inf, TrLoss=0.6890]
 Training FV-alpha-s2-t7:   0%|          | 0/50 [00:00<?, ?it/s, Saved at =inf, TrLoss=0.6662]
 Training FV-alpha-s2-t7:   4%|▍         | 2/50 [00:00<00:03, 12.24it/s, Saved at =inf, TrLoss=0.6662]
 Training FV-alpha-s2-t7:   4%|▍         | 2/50 [00:00<00:03, 12.24it/s, Saved at =inf, TrLoss=0.6719]
 Training FV-alpha-s2-t7:   4%|▍         | 2/50 [00:00<00:03, 12.24it/s, Saved at =inf, TrLoss=0.5635]
 Training FV-alpha-s2-t7:   8%|▊         | 4/50 [00:00<00:03, 12.34it/s, Saved at =inf, TrLoss=0.5635]
 Training FV-alpha-s2-t7:   8%|▊         | 4/50 [00:00<00:03, 12.34it/s, Saved at =inf, TrLoss=0.5028]
 Training FV-alpha-s2-t7:   8%|▊         | 4/50 [00:00<00:03, 12.34it/s, Saved at =inf, TrLoss=0.5343]
 Training FV-alpha-s2-t7:  12%|█▏        | 6/50 [00:00<00:03, 12.44it/s, Saved at =inf, TrLoss=0.5343]
 Training FV-alpha-s2-t7:  12%|█▏        | 6/50 [00:00<00:03, 12.44it/s, Saved at =inf, TrLoss=0.5298]
 Training FV-alpha-s2-t7:  12%|█▏        | 6/50 [00:00<00:03, 12.44it/s, Saved at =inf, TrLoss=0.4711]
 Training FV-alpha-s2-t7:  16%|█▌        | 8/50 [00:00<00:03, 12.43it/s, Saved at =inf, TrLoss=0.4711]
 Training FV-alpha-s2-t7:  16%|█▌        | 8/50 [00:00<00:03, 12.43it/s, Saved at =inf, TrLoss=0.4302]
 Training FV-alpha-s2-t7:  16%|█▌        | 8/50 [00:00<00:03, 12.43it/s, Saved at =inf, TrLoss=0.4228]
 Training FV-alpha-s2-t7:  20%|██        | 10/50 [00:00<00:03, 12.42it/s, Saved at =inf, TrLoss=0.4228]
 Training FV-alpha-s2-t7:  20%|██        | 10/50 [00:00<00:03, 12.42it/s, Saved at =inf, TrLoss=0.3958]
 Training FV-alpha-s2-t7:  20%|██        | 10/50 [00:00<00:03, 12.42it/s, Saved at =inf, TrLoss=0.3557]
 Training FV-alpha-s2-t7:  24%|██▍       | 12/50 [00:00<00:03, 12.35it/s, Saved at =inf, TrLoss=0.3557]
 Training FV-alpha-s2-t7:  24%|██▍       | 12/50 [00:01<00:03, 12.35it/s, Saved at =inf, TrLoss=0.3855]
 Training FV-alpha-s2-t7:  24%|██▍       | 12/50 [00:01<00:03, 12.35it/s, Saved at =inf, TrLoss=0.3427]
 Training FV-alpha-s2-t7:  28%|██▊       | 14/50 [00:01<00:02, 12.37it/s, Saved at =inf, TrLoss=0.3427]
 Training FV-alpha-s2-t7:  28%|██▊       | 14/50 [00:01<00:02, 12.37it/s, Saved at =inf, TrLoss=0.3337]
 Training FV-alpha-s2-t7:  28%|██▊       | 14/50 [00:01<00:02, 12.37it/s, Saved at =inf, TrLoss=0.3177]
 Training FV-alpha-s2-t7:  32%|███▏      | 16/50 [00:01<00:02, 12.37it/s, Saved at =inf, TrLoss=0.3177]
 Training FV-alpha-s2-t7:  32%|███▏      | 16/50 [00:01<00:02, 12.37it/s, Saved at =inf, TrLoss=0.3342]
 Training FV-alpha-s2-t7:  32%|███▏      | 16/50 [00:01<00:02, 12.37it/s, Saved at =inf, TrLoss=0.3099]
 Training FV-alpha-s2-t7:  36%|███▌      | 18/50 [00:01<00:02, 12.38it/s, Saved at =inf, TrLoss=0.3099]
 Training FV-alpha-s2-t7:  36%|███▌      | 18/50 [00:01<00:02, 12.38it/s, Saved at =inf, TrLoss=0.3067]
 Training FV-alpha-s2-t7:  36%|███▌      | 18/50 [00:01<00:02, 12.38it/s, Saved at =inf, TrLoss=0.2858]
 Training FV-alpha-s2-t7:  40%|████      | 20/50 [00:01<00:02, 12.39it/s, Saved at =inf, TrLoss=0.2858]
 Training FV-alpha-s2-t7:  40%|████      | 20/50 [00:01<00:02, 12.39it/s, Saved at =inf, TrLoss=0.2885]
 Training FV-alpha-s2-t7:  40%|████      | 20/50 [00:01<00:02, 12.39it/s, Saved at =inf, TrLoss=0.2859]
 Training FV-alpha-s2-t7:  44%|████▍     | 22/50 [00:01<00:02, 12.39it/s, Saved at =inf, TrLoss=0.2859]
 Training FV-alpha-s2-t7:  44%|████▍     | 22/50 [00:01<00:02, 12.39it/s, Saved at =inf, TrLoss=0.2974]
 Training FV-alpha-s2-t7:  44%|████▍     | 22/50 [00:01<00:02, 12.39it/s, Saved at =inf, TrLoss=0.2738]
 Training FV-alpha-s2-t7:  48%|████▊     | 24/50 [00:01<00:02, 12.39it/s, Saved at =inf, TrLoss=0.2738]
 Training FV-alpha-s2-t7:  48%|████▊     | 24/50 [00:01<00:02, 12.39it/s, Saved at =inf, TrLoss=0.2814]
 Training FV-alpha-s2-t7:  48%|████▊     | 24/50 [00:02<00:02, 12.39it/s, Saved at =inf, TrLoss=0.2653]
 Training FV-alpha-s2-t7:  52%|█████▏    | 26/50 [00:02<00:01, 12.37it/s, Saved at =inf, TrLoss=0.2653]
 Training FV-alpha-s2-t7:  52%|█████▏    | 26/50 [00:02<00:01, 12.37it/s, Saved at =inf, TrLoss=0.2544]
 Training FV-alpha-s2-t7:  52%|█████▏    | 26/50 [00:02<00:01, 12.37it/s, Saved at =inf, TrLoss=0.2653]
 Training FV-alpha-s2-t7:  56%|█████▌    | 28/50 [00:02<00:01, 12.37it/s, Saved at =inf, TrLoss=0.2653]
 Training FV-alpha-s2-t7:  56%|█████▌    | 28/50 [00:02<00:01, 12.37it/s, Saved at =inf, TrLoss=0.2620]
 Training FV-alpha-s2-t7:  56%|█████▌    | 28/50 [00:02<00:01, 12.37it/s, Saved at =inf, TrLoss=0.2517]
 Training FV-alpha-s2-t7:  60%|██████    | 30/50 [00:02<00:01, 12.38it/s, Saved at =inf, TrLoss=0.2517]
 Training FV-alpha-s2-t7:  60%|██████    | 30/50 [00:02<00:01, 12.38it/s, Saved at =inf, TrLoss=0.2519]
 Training FV-alpha-s2-t7:  60%|██████    | 30/50 [00:02<00:01, 12.38it/s, Saved at =inf, TrLoss=0.2481]
 Training FV-alpha-s2-t7:  64%|██████▍   | 32/50 [00:02<00:01, 12.38it/s, Saved at =inf, TrLoss=0.2481]
 Training FV-alpha-s2-t7:  64%|██████▍   | 32/50 [00:02<00:01, 12.38it/s, Saved at =inf, TrLoss=0.2415]
 Training FV-alpha-s2-t7:  64%|██████▍   | 32/50 [00:02<00:01, 12.38it/s, Saved at =inf, TrLoss=0.2355]
 Training FV-alpha-s2-t7:  68%|██████▊   | 34/50 [00:02<00:01, 12.39it/s, Saved at =inf, TrLoss=0.2355]
 Training FV-alpha-s2-t7:  68%|██████▊   | 34/50 [00:02<00:01, 12.39it/s, Saved at =inf, TrLoss=0.2360]
 Training FV-alpha-s2-t7:  68%|██████▊   | 34/50 [00:02<00:01, 12.39it/s, Saved at =inf, TrLoss=0.2359]
 Training FV-alpha-s2-t7:  72%|███████▏  | 36/50 [00:02<00:01, 12.39it/s, Saved at =inf, TrLoss=0.2359]
 Training FV-alpha-s2-t7:  72%|███████▏  | 36/50 [00:02<00:01, 12.39it/s, Saved at =inf, TrLoss=0.2344]
 Training FV-alpha-s2-t7:  72%|███████▏  | 36/50 [00:03<00:01, 12.39it/s, Saved at =inf, TrLoss=0.2293]
 Training FV-alpha-s2-t7:  76%|███████▌  | 38/50 [00:03<00:00, 12.40it/s, Saved at =inf, TrLoss=0.2293]
 Training FV-alpha-s2-t7:  76%|███████▌  | 38/50 [00:03<00:00, 12.40it/s, Saved at =inf, TrLoss=0.2354]
 Training FV-alpha-s2-t7:  76%|███████▌  | 38/50 [00:03<00:00, 12.40it/s, Saved at =inf, TrLoss=0.2247]
 Training FV-alpha-s2-t7:  80%|████████  | 40/50 [00:03<00:00, 12.40it/s, Saved at =inf, TrLoss=0.2247]
 Training FV-alpha-s2-t7:  80%|████████  | 40/50 [00:03<00:00, 12.40it/s, Saved at =inf, TrLoss=0.2250]
 Training FV-alpha-s2-t7:  80%|████████  | 40/50 [00:03<00:00, 12.40it/s, Saved at =inf, TrLoss=0.2206]
 Training FV-alpha-s2-t7:  84%|████████▍ | 42/50 [00:03<00:00, 12.38it/s, Saved at =inf, TrLoss=0.2206]
 Training FV-alpha-s2-t7:  84%|████████▍ | 42/50 [00:03<00:00, 12.38it/s, Saved at =inf, TrLoss=0.2120]
 Training FV-alpha-s2-t7:  84%|████████▍ | 42/50 [00:03<00:00, 12.38it/s, Saved at =inf, TrLoss=0.2261]
 Training FV-alpha-s2-t7:  88%|████████▊ | 44/50 [00:03<00:00, 12.39it/s, Saved at =inf, TrLoss=0.2261]
 Training FV-alpha-s2-t7:  88%|████████▊ | 44/50 [00:03<00:00, 12.39it/s, Saved at =inf, TrLoss=0.2149]
 Training FV-alpha-s2-t7:  88%|████████▊ | 44/50 [00:03<00:00, 12.39it/s, Saved at =inf, TrLoss=0.2077]
 Training FV-alpha-s2-t7:  92%|█████████▏| 46/50 [00:03<00:00, 12.39it/s, Saved at =inf, TrLoss=0.2077]
 Training FV-alpha-s2-t7:  92%|█████████▏| 46/50 [00:03<00:00, 12.39it/s, Saved at =inf, TrLoss=0.2064]
 Training FV-alpha-s2-t7:  92%|█████████▏| 46/50 [00:03<00:00, 12.39it/s, Saved at =inf, TrLoss=0.2067]
 Training FV-alpha-s2-t7:  96%|█████████▌| 48/50 [00:03<00:00, 12.40it/s, Saved at =inf, TrLoss=0.2067]
 Training FV-alpha-s2-t7:  96%|█████████▌| 48/50 [00:03<00:00, 12.40it/s, Saved at =inf, TrLoss=0.2058]
 Training FV-alpha-s2-t7:  96%|█████████▌| 48/50 [00:04<00:00, 12.40it/s, Saved at =inf, TrLoss=0.2015]
 Training FV-alpha-s2-t7: 100%|██████████| 50/50 [00:04<00:00, 12.40it/s, Saved at =inf, TrLoss=0.2015]
 Training FV-alpha-s2-t7: 100%|██████████| 50/50 [00:04<00:00, 12.39it/s, Saved at =inf, TrLoss=0.2015]

 Training FV-alpha-s2-t8:   0%|          | 0/50 [00:00<?, ?it/s]
 Training FV-alpha-s2-t8:   0%|          | 0/50 [00:00<?, ?it/s, Saved at =inf, TrLoss=0.7237]
 Training FV-alpha-s2-t8:   0%|          | 0/50 [00:00<?, ?it/s, Saved at =inf, TrLoss=0.7649]
 Training FV-alpha-s2-t8:   4%|▍         | 2/50 [00:00<00:04, 10.96it/s, Saved at =inf, TrLoss=0.7649]
 Training FV-alpha-s2-t8:   4%|▍         | 2/50 [00:00<00:04, 10.96it/s, Saved at =inf, TrLoss=0.6172]
 Training FV-alpha-s2-t8:   4%|▍         | 2/50 [00:00<00:04, 10.96it/s, Saved at =inf, TrLoss=0.6067]
 Training FV-alpha-s2-t8:   8%|▊         | 4/50 [00:00<00:04, 11.12it/s, Saved at =inf, TrLoss=0.6067]
 Training FV-alpha-s2-t8:   8%|▊         | 4/50 [00:00<00:04, 11.12it/s, Saved at =inf, TrLoss=0.5526]
 Training FV-alpha-s2-t8:   8%|▊         | 4/50 [00:00<00:04, 11.12it/s, Saved at =inf, TrLoss=0.5279]
 Training FV-alpha-s2-t8:  12%|█▏        | 6/50 [00:00<00:03, 11.18it/s, Saved at =inf, TrLoss=0.5279]
 Training FV-alpha-s2-t8:  12%|█▏        | 6/50 [00:00<00:03, 11.18it/s, Saved at =inf, TrLoss=0.5035]
 Training FV-alpha-s2-t8:  12%|█▏        | 6/50 [00:00<00:03, 11.18it/s, Saved at =inf, TrLoss=0.4742]
 Training FV-alpha-s2-t8:  16%|█▌        | 8/50 [00:00<00:03, 11.21it/s, Saved at =inf, TrLoss=0.4742]
 Training FV-alpha-s2-t8:  16%|█▌        | 8/50 [00:00<00:03, 11.21it/s, Saved at =inf, TrLoss=0.4413]
 Training FV-alpha-s2-t8:  16%|█▌        | 8/50 [00:00<00:03, 11.21it/s, Saved at =inf, TrLoss=0.3995]
 Training FV-alpha-s2-t8:  20%|██        | 10/50 [00:00<00:03, 11.21it/s, Saved at =inf, TrLoss=0.3995]
 Training FV-alpha-s2-t8:  20%|██        | 10/50 [00:00<00:03, 11.21it/s, Saved at =inf, TrLoss=0.3729]
 Training FV-alpha-s2-t8:  20%|██        | 10/50 [00:01<00:03, 11.21it/s, Saved at =inf, TrLoss=0.3601]
 Training FV-alpha-s2-t8:  24%|██▍       | 12/50 [00:01<00:03, 11.23it/s, Saved at =inf, TrLoss=0.3601]
 Training FV-alpha-s2-t8:  24%|██▍       | 12/50 [00:01<00:03, 11.23it/s, Saved at =inf, TrLoss=0.3860]
 Training FV-alpha-s2-t8:  24%|██▍       | 12/50 [00:01<00:03, 11.23it/s, Saved at =inf, TrLoss=0.3994]
 Training FV-alpha-s2-t8:  28%|██▊       | 14/50 [00:01<00:03, 11.23it/s, Saved at =inf, TrLoss=0.3994]
 Training FV-alpha-s2-t8:  28%|██▊       | 14/50 [00:01<00:03, 11.23it/s, Saved at =inf, TrLoss=0.3079]
 Training FV-alpha-s2-t8:  28%|██▊       | 14/50 [00:01<00:03, 11.23it/s, Saved at =inf, TrLoss=0.3539]
 Training FV-alpha-s2-t8:  32%|███▏      | 16/50 [00:01<00:03, 11.24it/s, Saved at =inf, TrLoss=0.3539]
 Training FV-alpha-s2-t8:  32%|███▏      | 16/50 [00:01<00:03, 11.24it/s, Saved at =inf, TrLoss=0.3258]
 Training FV-alpha-s2-t8:  32%|███▏      | 16/50 [00:01<00:03, 11.24it/s, Saved at =inf, TrLoss=0.3273]
 Training FV-alpha-s2-t8:  36%|███▌      | 18/50 [00:01<00:02, 11.24it/s, Saved at =inf, TrLoss=0.3273]
 Training FV-alpha-s2-t8:  36%|███▌      | 18/50 [00:01<00:02, 11.24it/s, Saved at =inf, TrLoss=0.3036]
 Training FV-alpha-s2-t8:  36%|███▌      | 18/50 [00:01<00:02, 11.24it/s, Saved at =inf, TrLoss=0.3089]
 Training FV-alpha-s2-t8:  40%|████      | 20/50 [00:01<00:02, 11.24it/s, Saved at =inf, TrLoss=0.3089]
 Training FV-alpha-s2-t8:  40%|████      | 20/50 [00:01<00:02, 11.24it/s, Saved at =inf, TrLoss=0.2964]
 Training FV-alpha-s2-t8:  40%|████      | 20/50 [00:01<00:02, 11.24it/s, Saved at =inf, TrLoss=0.3020]
 Training FV-alpha-s2-t8:  44%|████▍     | 22/50 [00:01<00:02, 11.24it/s, Saved at =inf, TrLoss=0.3020]
 Training FV-alpha-s2-t8:  44%|████▍     | 22/50 [00:02<00:02, 11.24it/s, Saved at =inf, TrLoss=0.2808]
 Training FV-alpha-s2-t8:  44%|████▍     | 22/50 [00:02<00:02, 11.24it/s, Saved at =inf, TrLoss=0.2829]
 Training FV-alpha-s2-t8:  48%|████▊     | 24/50 [00:02<00:02, 11.24it/s, Saved at =inf, TrLoss=0.2829]
 Training FV-alpha-s2-t8:  48%|████▊     | 24/50 [00:02<00:02, 11.24it/s, Saved at =inf, TrLoss=0.2827]
 Training FV-alpha-s2-t8:  48%|████▊     | 24/50 [00:02<00:02, 11.24it/s, Saved at =inf, TrLoss=0.2806]
 Training FV-alpha-s2-t8:  52%|█████▏    | 26/50 [00:02<00:02, 11.24it/s, Saved at =inf, TrLoss=0.2806]
 Training FV-alpha-s2-t8:  52%|█████▏    | 26/50 [00:02<00:02, 11.24it/s, Saved at =inf, TrLoss=0.2645]
 Training FV-alpha-s2-t8:  52%|█████▏    | 26/50 [00:02<00:02, 11.24it/s, Saved at =inf, TrLoss=0.2778]
 Training FV-alpha-s2-t8:  56%|█████▌    | 28/50 [00:02<00:01, 11.24it/s, Saved at =inf, TrLoss=0.2778]
 Training FV-alpha-s2-t8:  56%|█████▌    | 28/50 [00:02<00:01, 11.24it/s, Saved at =inf, TrLoss=0.2729]
 Training FV-alpha-s2-t8:  56%|█████▌    | 28/50 [00:02<00:01, 11.24it/s, Saved at =inf, TrLoss=0.2770]
 Training FV-alpha-s2-t8:  60%|██████    | 30/50 [00:02<00:01, 11.24it/s, Saved at =inf, TrLoss=0.2770]
 Training FV-alpha-s2-t8:  60%|██████    | 30/50 [00:02<00:01, 11.24it/s, Saved at =inf, TrLoss=0.2576]
 Training FV-alpha-s2-t8:  60%|██████    | 30/50 [00:02<00:01, 11.24it/s, Saved at =inf, TrLoss=0.2640]
 Training FV-alpha-s2-t8:  64%|██████▍   | 32/50 [00:02<00:01, 11.25it/s, Saved at =inf, TrLoss=0.2640]
 Training FV-alpha-s2-t8:  64%|██████▍   | 32/50 [00:02<00:01, 11.25it/s, Saved at =inf, TrLoss=0.2515]
 Training FV-alpha-s2-t8:  64%|██████▍   | 32/50 [00:03<00:01, 11.25it/s, Saved at =inf, TrLoss=0.2607]
 Training FV-alpha-s2-t8:  68%|██████▊   | 34/50 [00:03<00:01, 11.25it/s, Saved at =inf, TrLoss=0.2607]
 Training FV-alpha-s2-t8:  68%|██████▊   | 34/50 [00:03<00:01, 11.25it/s, Saved at =inf, TrLoss=0.2474]
 Training FV-alpha-s2-t8:  68%|██████▊   | 34/50 [00:03<00:01, 11.25it/s, Saved at =inf, TrLoss=0.2494]
 Training FV-alpha-s2-t8:  72%|███████▏  | 36/50 [00:03<00:01, 11.24it/s, Saved at =inf, TrLoss=0.2494]
 Training FV-alpha-s2-t8:  72%|███████▏  | 36/50 [00:03<00:01, 11.24it/s, Saved at =inf, TrLoss=0.2474]
 Training FV-alpha-s2-t8:  72%|███████▏  | 36/50 [00:03<00:01, 11.24it/s, Saved at =inf, TrLoss=0.2325]
 Training FV-alpha-s2-t8:  76%|███████▌  | 38/50 [00:03<00:01, 11.24it/s, Saved at =inf, TrLoss=0.2325]
 Training FV-alpha-s2-t8:  76%|███████▌  | 38/50 [00:03<00:01, 11.24it/s, Saved at =inf, TrLoss=0.2478]
 Training FV-alpha-s2-t8:  76%|███████▌  | 38/50 [00:03<00:01, 11.24it/s, Saved at =inf, TrLoss=0.2404]
 Training FV-alpha-s2-t8:  80%|████████  | 40/50 [00:03<00:00, 11.24it/s, Saved at =inf, TrLoss=0.2404]
 Training FV-alpha-s2-t8:  80%|████████  | 40/50 [00:03<00:00, 11.24it/s, Saved at =inf, TrLoss=0.2461]
 Training FV-alpha-s2-t8:  80%|████████  | 40/50 [00:03<00:00, 11.24it/s, Saved at =inf, TrLoss=0.2332]
 Training FV-alpha-s2-t8:  84%|████████▍ | 42/50 [00:03<00:00, 11.24it/s, Saved at =inf, TrLoss=0.2332]
 Training FV-alpha-s2-t8:  84%|████████▍ | 42/50 [00:03<00:00, 11.24it/s, Saved at =inf, TrLoss=0.2380]
 Training FV-alpha-s2-t8:  84%|████████▍ | 42/50 [00:03<00:00, 11.24it/s, Saved at =inf, TrLoss=0.2305]
 Training FV-alpha-s2-t8:  88%|████████▊ | 44/50 [00:03<00:00, 11.24it/s, Saved at =inf, TrLoss=0.2305]
 Training FV-alpha-s2-t8:  88%|████████▊ | 44/50 [00:03<00:00, 11.24it/s, Saved at =inf, TrLoss=0.2385]
 Training FV-alpha-s2-t8:  88%|████████▊ | 44/50 [00:04<00:00, 11.24it/s, Saved at =inf, TrLoss=0.2209]
 Training FV-alpha-s2-t8:  92%|█████████▏| 46/50 [00:04<00:00, 11.24it/s, Saved at =inf, TrLoss=0.2209]
 Training FV-alpha-s2-t8:  92%|█████████▏| 46/50 [00:04<00:00, 11.24it/s, Saved at =inf, TrLoss=0.2330]
 Training FV-alpha-s2-t8:  92%|█████████▏| 46/50 [00:04<00:00, 11.24it/s, Saved at =inf, TrLoss=0.2225]
 Training FV-alpha-s2-t8:  96%|█████████▌| 48/50 [00:04<00:00, 11.24it/s, Saved at =inf, TrLoss=0.2225]
 Training FV-alpha-s2-t8:  96%|█████████▌| 48/50 [00:04<00:00, 11.24it/s, Saved at =inf, TrLoss=0.2291]
 Training FV-alpha-s2-t8:  96%|█████████▌| 48/50 [00:04<00:00, 11.24it/s, Saved at =inf, TrLoss=0.2217]
 Training FV-alpha-s2-t8: 100%|██████████| 50/50 [00:04<00:00, 11.25it/s, Saved at =inf, TrLoss=0.2217]
 Training FV-alpha-s2-t8: 100%|██████████| 50/50 [00:04<00:00, 11.23it/s, Saved at =inf, TrLoss=0.2217]

 Training FV-alpha-s2-t9:   0%|          | 0/50 [00:00<?, ?it/s]
 Training FV-alpha-s2-t9:   0%|          | 0/50 [00:00<?, ?it/s, Saved at =inf, TrLoss=0.9701]
 Training FV-alpha-s2-t9:   2%|▏         | 1/50 [00:00<00:05,  9.19it/s, Saved at =inf, TrLoss=0.9701]
 Training FV-alpha-s2-t9:   2%|▏         | 1/50 [00:00<00:05,  9.19it/s, Saved at =inf, TrLoss=0.7373]
 Training FV-alpha-s2-t9:   4%|▍         | 2/50 [00:00<00:05,  9.45it/s, Saved at =inf, TrLoss=0.7373]
 Training FV-alpha-s2-t9:   4%|▍         | 2/50 [00:00<00:05,  9.45it/s, Saved at =inf, TrLoss=0.7056]
 Training FV-alpha-s2-t9:   6%|▌         | 3/50 [00:00<00:04,  9.53it/s, Saved at =inf, TrLoss=0.7056]
 Training FV-alpha-s2-t9:   6%|▌         | 3/50 [00:00<00:04,  9.53it/s, Saved at =inf, TrLoss=0.6316]
 Training FV-alpha-s2-t9:   8%|▊         | 4/50 [00:00<00:04,  9.57it/s, Saved at =inf, TrLoss=0.6316]
 Training FV-alpha-s2-t9:   8%|▊         | 4/50 [00:00<00:04,  9.57it/s, Saved at =inf, TrLoss=0.5930]
 Training FV-alpha-s2-t9:  10%|█         | 5/50 [00:00<00:04,  9.59it/s, Saved at =inf, TrLoss=0.5930]
 Training FV-alpha-s2-t9:  10%|█         | 5/50 [00:00<00:04,  9.59it/s, Saved at =inf, TrLoss=0.5379]
 Training FV-alpha-s2-t9:  12%|█▏        | 6/50 [00:00<00:04,  9.60it/s, Saved at =inf, TrLoss=0.5379]
 Training FV-alpha-s2-t9:  12%|█▏        | 6/50 [00:00<00:04,  9.60it/s, Saved at =inf, TrLoss=0.5091]
 Training FV-alpha-s2-t9:  14%|█▍        | 7/50 [00:00<00:04,  9.61it/s, Saved at =inf, TrLoss=0.5091]
 Training FV-alpha-s2-t9:  14%|█▍        | 7/50 [00:00<00:04,  9.61it/s, Saved at =inf, TrLoss=0.4599]
 Training FV-alpha-s2-t9:  16%|█▌        | 8/50 [00:00<00:04,  9.61it/s, Saved at =inf, TrLoss=0.4599]
 Training FV-alpha-s2-t9:  16%|█▌        | 8/50 [00:00<00:04,  9.61it/s, Saved at =inf, TrLoss=0.4386]
 Training FV-alpha-s2-t9:  18%|█▊        | 9/50 [00:00<00:04,  9.62it/s, Saved at =inf, TrLoss=0.4386]
 Training FV-alpha-s2-t9:  18%|█▊        | 9/50 [00:01<00:04,  9.62it/s, Saved at =inf, TrLoss=0.4053]
 Training FV-alpha-s2-t9:  20%|██        | 10/50 [00:01<00:04,  9.62it/s, Saved at =inf, TrLoss=0.4053]
 Training FV-alpha-s2-t9:  20%|██        | 10/50 [00:01<00:04,  9.62it/s, Saved at =inf, TrLoss=0.4065]
 Training FV-alpha-s2-t9:  22%|██▏       | 11/50 [00:01<00:04,  9.62it/s, Saved at =inf, TrLoss=0.4065]
 Training FV-alpha-s2-t9:  22%|██▏       | 11/50 [00:01<00:04,  9.62it/s, Saved at =inf, TrLoss=0.3912]
 Training FV-alpha-s2-t9:  24%|██▍       | 12/50 [00:01<00:03,  9.63it/s, Saved at =inf, TrLoss=0.3912]
 Training FV-alpha-s2-t9:  24%|██▍       | 12/50 [00:01<00:03,  9.63it/s, Saved at =inf, TrLoss=0.3835]
 Training FV-alpha-s2-t9:  26%|██▌       | 13/50 [00:01<00:03,  9.63it/s, Saved at =inf, TrLoss=0.3835]
 Training FV-alpha-s2-t9:  26%|██▌       | 13/50 [00:01<00:03,  9.63it/s, Saved at =inf, TrLoss=0.3695]
 Training FV-alpha-s2-t9:  28%|██▊       | 14/50 [00:01<00:03,  9.62it/s, Saved at =inf, TrLoss=0.3695]
 Training FV-alpha-s2-t9:  28%|██▊       | 14/50 [00:01<00:03,  9.62it/s, Saved at =inf, TrLoss=0.3595]
 Training FV-alpha-s2-t9:  30%|███       | 15/50 [00:01<00:03,  9.63it/s, Saved at =inf, TrLoss=0.3595]
 Training FV-alpha-s2-t9:  30%|███       | 15/50 [00:01<00:03,  9.63it/s, Saved at =inf, TrLoss=0.3790]
 Training FV-alpha-s2-t9:  32%|███▏      | 16/50 [00:01<00:03,  9.63it/s, Saved at =inf, TrLoss=0.3790]
 Training FV-alpha-s2-t9:  32%|███▏      | 16/50 [00:01<00:03,  9.63it/s, Saved at =inf, TrLoss=0.3623]
 Training FV-alpha-s2-t9:  34%|███▍      | 17/50 [00:01<00:03,  9.63it/s, Saved at =inf, TrLoss=0.3623]
 Training FV-alpha-s2-t9:  34%|███▍      | 17/50 [00:01<00:03,  9.63it/s, Saved at =inf, TrLoss=0.3343]
 Training FV-alpha-s2-t9:  36%|███▌      | 18/50 [00:01<00:03,  9.63it/s, Saved at =inf, TrLoss=0.3343]
 Training FV-alpha-s2-t9:  36%|███▌      | 18/50 [00:01<00:03,  9.63it/s, Saved at =inf, TrLoss=0.3275]
 Training FV-alpha-s2-t9:  38%|███▊      | 19/50 [00:01<00:03,  9.63it/s, Saved at =inf, TrLoss=0.3275]
 Training FV-alpha-s2-t9:  38%|███▊      | 19/50 [00:02<00:03,  9.63it/s, Saved at =inf, TrLoss=0.3181]
 Training FV-alpha-s2-t9:  40%|████      | 20/50 [00:02<00:03,  9.63it/s, Saved at =inf, TrLoss=0.3181]
 Training FV-alpha-s2-t9:  40%|████      | 20/50 [00:02<00:03,  9.63it/s, Saved at =inf, TrLoss=0.3178]
 Training FV-alpha-s2-t9:  42%|████▏     | 21/50 [00:02<00:03,  9.63it/s, Saved at =inf, TrLoss=0.3178]
 Training FV-alpha-s2-t9:  42%|████▏     | 21/50 [00:02<00:03,  9.63it/s, Saved at =inf, TrLoss=0.3163]
 Training FV-alpha-s2-t9:  44%|████▍     | 22/50 [00:02<00:02,  9.62it/s, Saved at =inf, TrLoss=0.3163]
 Training FV-alpha-s2-t9:  44%|████▍     | 22/50 [00:02<00:02,  9.62it/s, Saved at =inf, TrLoss=0.3054]
 Training FV-alpha-s2-t9:  46%|████▌     | 23/50 [00:02<00:02,  9.63it/s, Saved at =inf, TrLoss=0.3054]
 Training FV-alpha-s2-t9:  46%|████▌     | 23/50 [00:02<00:02,  9.63it/s, Saved at =inf, TrLoss=0.2956]
 Training FV-alpha-s2-t9:  48%|████▊     | 24/50 [00:02<00:02,  9.63it/s, Saved at =inf, TrLoss=0.2956]
 Training FV-alpha-s2-t9:  48%|████▊     | 24/50 [00:02<00:02,  9.63it/s, Saved at =inf, TrLoss=0.3019]
 Training FV-alpha-s2-t9:  50%|█████     | 25/50 [00:02<00:02,  9.63it/s, Saved at =inf, TrLoss=0.3019]
 Training FV-alpha-s2-t9:  50%|█████     | 25/50 [00:02<00:02,  9.63it/s, Saved at =inf, TrLoss=0.3063]
 Training FV-alpha-s2-t9:  52%|█████▏    | 26/50 [00:02<00:02,  9.63it/s, Saved at =inf, TrLoss=0.3063]
 Training FV-alpha-s2-t9:  52%|█████▏    | 26/50 [00:02<00:02,  9.63it/s, Saved at =inf, TrLoss=0.3006]
 Training FV-alpha-s2-t9:  54%|█████▍    | 27/50 [00:02<00:02,  9.63it/s, Saved at =inf, TrLoss=0.3006]
 Training FV-alpha-s2-t9:  54%|█████▍    | 27/50 [00:02<00:02,  9.63it/s, Saved at =inf, TrLoss=0.2947]
 Training FV-alpha-s2-t9:  56%|█████▌    | 28/50 [00:02<00:02,  9.63it/s, Saved at =inf, TrLoss=0.2947]
 Training FV-alpha-s2-t9:  56%|█████▌    | 28/50 [00:02<00:02,  9.63it/s, Saved at =inf, TrLoss=0.2847]
 Training FV-alpha-s2-t9:  58%|█████▊    | 29/50 [00:03<00:02,  9.62it/s, Saved at =inf, TrLoss=0.2847]
 Training FV-alpha-s2-t9:  58%|█████▊    | 29/50 [00:03<00:02,  9.62it/s, Saved at =inf, TrLoss=0.2937]
 Training FV-alpha-s2-t9:  60%|██████    | 30/50 [00:03<00:02,  9.63it/s, Saved at =inf, TrLoss=0.2937]
 Training FV-alpha-s2-t9:  60%|██████    | 30/50 [00:03<00:02,  9.63it/s, Saved at =inf, TrLoss=0.2816]
 Training FV-alpha-s2-t9:  62%|██████▏   | 31/50 [00:03<00:01,  9.62it/s, Saved at =inf, TrLoss=0.2816]
 Training FV-alpha-s2-t9:  62%|██████▏   | 31/50 [00:03<00:01,  9.62it/s, Saved at =inf, TrLoss=0.2632]
 Training FV-alpha-s2-t9:  64%|██████▍   | 32/50 [00:03<00:01,  9.63it/s, Saved at =inf, TrLoss=0.2632]
 Training FV-alpha-s2-t9:  64%|██████▍   | 32/50 [00:03<00:01,  9.63it/s, Saved at =inf, TrLoss=0.2703]
 Training FV-alpha-s2-t9:  66%|██████▌   | 33/50 [00:03<00:01,  9.63it/s, Saved at =inf, TrLoss=0.2703]
 Training FV-alpha-s2-t9:  66%|██████▌   | 33/50 [00:03<00:01,  9.63it/s, Saved at =inf, TrLoss=0.2746]
 Training FV-alpha-s2-t9:  68%|██████▊   | 34/50 [00:03<00:01,  9.62it/s, Saved at =inf, TrLoss=0.2746]
 Training FV-alpha-s2-t9:  68%|██████▊   | 34/50 [00:03<00:01,  9.62it/s, Saved at =inf, TrLoss=0.2554]
 Training FV-alpha-s2-t9:  70%|███████   | 35/50 [00:03<00:01,  9.62it/s, Saved at =inf, TrLoss=0.2554]
 Training FV-alpha-s2-t9:  70%|███████   | 35/50 [00:03<00:01,  9.62it/s, Saved at =inf, TrLoss=0.2598]
 Training FV-alpha-s2-t9:  72%|███████▏  | 36/50 [00:03<00:01,  9.62it/s, Saved at =inf, TrLoss=0.2598]
 Training FV-alpha-s2-t9:  72%|███████▏  | 36/50 [00:03<00:01,  9.62it/s, Saved at =inf, TrLoss=0.2594]
 Training FV-alpha-s2-t9:  74%|███████▍  | 37/50 [00:03<00:01,  9.62it/s, Saved at =inf, TrLoss=0.2594]
 Training FV-alpha-s2-t9:  74%|███████▍  | 37/50 [00:03<00:01,  9.62it/s, Saved at =inf, TrLoss=0.2428]
 Training FV-alpha-s2-t9:  76%|███████▌  | 38/50 [00:03<00:01,  9.62it/s, Saved at =inf, TrLoss=0.2428]
 Training FV-alpha-s2-t9:  76%|███████▌  | 38/50 [00:04<00:01,  9.62it/s, Saved at =inf, TrLoss=0.2494]
 Training FV-alpha-s2-t9:  78%|███████▊  | 39/50 [00:04<00:01,  9.62it/s, Saved at =inf, TrLoss=0.2494]
 Training FV-alpha-s2-t9:  78%|███████▊  | 39/50 [00:04<00:01,  9.62it/s, Saved at =inf, TrLoss=0.2481]
 Training FV-alpha-s2-t9:  80%|████████  | 40/50 [00:04<00:01,  9.63it/s, Saved at =inf, TrLoss=0.2481]
 Training FV-alpha-s2-t9:  80%|████████  | 40/50 [00:04<00:01,  9.63it/s, Saved at =inf, TrLoss=0.2439]
 Training FV-alpha-s2-t9:  82%|████████▏ | 41/50 [00:04<00:00,  9.63it/s, Saved at =inf, TrLoss=0.2439]
 Training FV-alpha-s2-t9:  82%|████████▏ | 41/50 [00:04<00:00,  9.63it/s, Saved at =inf, TrLoss=0.2437]
 Training FV-alpha-s2-t9:  84%|████████▍ | 42/50 [00:04<00:00,  9.63it/s, Saved at =inf, TrLoss=0.2437]
 Training FV-alpha-s2-t9:  84%|████████▍ | 42/50 [00:04<00:00,  9.63it/s, Saved at =inf, TrLoss=0.2367]
 Training FV-alpha-s2-t9:  86%|████████▌ | 43/50 [00:04<00:00,  9.63it/s, Saved at =inf, TrLoss=0.2367]
 Training FV-alpha-s2-t9:  86%|████████▌ | 43/50 [00:04<00:00,  9.63it/s, Saved at =inf, TrLoss=0.2465]
 Training FV-alpha-s2-t9:  88%|████████▊ | 44/50 [00:04<00:00,  9.63it/s, Saved at =inf, TrLoss=0.2465]
 Training FV-alpha-s2-t9:  88%|████████▊ | 44/50 [00:04<00:00,  9.63it/s, Saved at =inf, TrLoss=0.2441]
 Training FV-alpha-s2-t9:  90%|█████████ | 45/50 [00:04<00:00,  9.63it/s, Saved at =inf, TrLoss=0.2441]
 Training FV-alpha-s2-t9:  90%|█████████ | 45/50 [00:04<00:00,  9.63it/s, Saved at =inf, TrLoss=0.2315]
 Training FV-alpha-s2-t9:  92%|█████████▏| 46/50 [00:04<00:00,  9.63it/s, Saved at =inf, TrLoss=0.2315]
 Training FV-alpha-s2-t9:  92%|█████████▏| 46/50 [00:04<00:00,  9.63it/s, Saved at =inf, TrLoss=0.2247]
 Training FV-alpha-s2-t9:  94%|█████████▍| 47/50 [00:04<00:00,  9.63it/s, Saved at =inf, TrLoss=0.2247]
 Training FV-alpha-s2-t9:  94%|█████████▍| 47/50 [00:04<00:00,  9.63it/s, Saved at =inf, TrLoss=0.2364]
 Training FV-alpha-s2-t9:  96%|█████████▌| 48/50 [00:04<00:00,  9.63it/s, Saved at =inf, TrLoss=0.2364]
 Training FV-alpha-s2-t9:  96%|█████████▌| 48/50 [00:05<00:00,  9.63it/s, Saved at =inf, TrLoss=0.2323]
 Training FV-alpha-s2-t9:  98%|█████████▊| 49/50 [00:05<00:00,  9.63it/s, Saved at =inf, TrLoss=0.2323]
 Training FV-alpha-s2-t9:  98%|█████████▊| 49/50 [00:05<00:00,  9.63it/s, Saved at =inf, TrLoss=0.2285]
 Training FV-alpha-s2-t9: 100%|██████████| 50/50 [00:05<00:00,  9.63it/s, Saved at =inf, TrLoss=0.2285]
 Training FV-alpha-s2-t9: 100%|██████████| 50/50 [00:05<00:00,  9.62it/s, Saved at =inf, TrLoss=0.2285]

 Training ATK-alpha-s2-t7:   0%|          | 0/50 [00:00<?, ?it/s]
 Training ATK-alpha-s2-t7:   0%|          | 0/50 [00:00<?, ?it/s, Saved at =inf, TrLoss=0.6890]
 Training ATK-alpha-s2-t7:   0%|          | 0/50 [00:00<?, ?it/s, Saved at =inf, TrLoss=0.6662]
 Training ATK-alpha-s2-t7:   4%|▍         | 2/50 [00:00<00:03, 12.23it/s, Saved at =inf, TrLoss=0.6662]
 Training ATK-alpha-s2-t7:   4%|▍         | 2/50 [00:00<00:03, 12.23it/s, Saved at =inf, TrLoss=0.6719]
 Training ATK-alpha-s2-t7:   4%|▍         | 2/50 [00:00<00:03, 12.23it/s, Saved at =inf, TrLoss=0.5635]
 Training ATK-alpha-s2-t7:   8%|▊         | 4/50 [00:00<00:03, 12.30it/s, Saved at =inf, TrLoss=0.5635]
 Training ATK-alpha-s2-t7:   8%|▊         | 4/50 [00:00<00:03, 12.30it/s, Saved at =inf, TrLoss=0.5028]
 Training ATK-alpha-s2-t7:   8%|▊         | 4/50 [00:00<00:03, 12.30it/s, Saved at =inf, TrLoss=0.5343]
 Training ATK-alpha-s2-t7:  12%|█▏        | 6/50 [00:00<00:03, 12.42it/s, Saved at =inf, TrLoss=0.5343]
 Training ATK-alpha-s2-t7:  12%|█▏        | 6/50 [00:00<00:03, 12.42it/s, Saved at =inf, TrLoss=0.5298]
 Training ATK-alpha-s2-t7:  12%|█▏        | 6/50 [00:00<00:03, 12.42it/s, Saved at =inf, TrLoss=0.4711]
 Training ATK-alpha-s2-t7:  16%|█▌        | 8/50 [00:00<00:03, 12.41it/s, Saved at =inf, TrLoss=0.4711]
 Training ATK-alpha-s2-t7:  16%|█▌        | 8/50 [00:00<00:03, 12.41it/s, Saved at =inf, TrLoss=0.4302]
 Training ATK-alpha-s2-t7:  16%|█▌        | 8/50 [00:00<00:03, 12.41it/s, Saved at =inf, TrLoss=0.4228]
 Training ATK-alpha-s2-t7:  20%|██        | 10/50 [00:00<00:03, 12.41it/s, Saved at =inf, TrLoss=0.4228]
 Training ATK-alpha-s2-t7:  20%|██        | 10/50 [00:00<00:03, 12.41it/s, Saved at =inf, TrLoss=0.3958]
 Training ATK-alpha-s2-t7:  20%|██        | 10/50 [00:00<00:03, 12.41it/s, Saved at =inf, TrLoss=0.3557]
 Training ATK-alpha-s2-t7:  24%|██▍       | 12/50 [00:00<00:03, 12.41it/s, Saved at =inf, TrLoss=0.3557]
 Training ATK-alpha-s2-t7:  24%|██▍       | 12/50 [00:01<00:03, 12.41it/s, Saved at =inf, TrLoss=0.3855]
 Training ATK-alpha-s2-t7:  24%|██▍       | 12/50 [00:01<00:03, 12.41it/s, Saved at =inf, TrLoss=0.3427]
 Training ATK-alpha-s2-t7:  28%|██▊       | 14/50 [00:01<00:02, 12.41it/s, Saved at =inf, TrLoss=0.3427]
 Training ATK-alpha-s2-t7:  28%|██▊       | 14/50 [00:01<00:02, 12.41it/s, Saved at =inf, TrLoss=0.3337]
 Training ATK-alpha-s2-t7:  28%|██▊       | 14/50 [00:01<00:02, 12.41it/s, Saved at =inf, TrLoss=0.3177]
 Training ATK-alpha-s2-t7:  32%|███▏      | 16/50 [00:01<00:02, 12.41it/s, Saved at =inf, TrLoss=0.3177]
 Training ATK-alpha-s2-t7:  32%|███▏      | 16/50 [00:01<00:02, 12.41it/s, Saved at =inf, TrLoss=0.3342]
 Training ATK-alpha-s2-t7:  32%|███▏      | 16/50 [00:01<00:02, 12.41it/s, Saved at =inf, TrLoss=0.3099]
 Training ATK-alpha-s2-t7:  36%|███▌      | 18/50 [00:01<00:02, 12.41it/s, Saved at =inf, TrLoss=0.3099]
 Training ATK-alpha-s2-t7:  36%|███▌      | 18/50 [00:01<00:02, 12.41it/s, Saved at =inf, TrLoss=0.3067]
 Training ATK-alpha-s2-t7:  36%|███▌      | 18/50 [00:01<00:02, 12.41it/s, Saved at =inf, TrLoss=0.2858]
 Training ATK-alpha-s2-t7:  40%|████      | 20/50 [00:01<00:02, 12.41it/s, Saved at =inf, TrLoss=0.2858]
 Training ATK-alpha-s2-t7:  40%|████      | 20/50 [00:01<00:02, 12.41it/s, Saved at =inf, TrLoss=0.2885]
 Training ATK-alpha-s2-t7:  40%|████      | 20/50 [00:01<00:02, 12.41it/s, Saved at =inf, TrLoss=0.2859]
 Training ATK-alpha-s2-t7:  44%|████▍     | 22/50 [00:01<00:02, 12.40it/s, Saved at =inf, TrLoss=0.2859]
 Training ATK-alpha-s2-t7:  44%|████▍     | 22/50 [00:01<00:02, 12.40it/s, Saved at =inf, TrLoss=0.2974]
 Training ATK-alpha-s2-t7:  44%|████▍     | 22/50 [00:01<00:02, 12.40it/s, Saved at =inf, TrLoss=0.2738]
 Training ATK-alpha-s2-t7:  48%|████▊     | 24/50 [00:01<00:02, 12.40it/s, Saved at =inf, TrLoss=0.2738]
 Training ATK-alpha-s2-t7:  48%|████▊     | 24/50 [00:01<00:02, 12.40it/s, Saved at =inf, TrLoss=0.2814]
 Training ATK-alpha-s2-t7:  48%|████▊     | 24/50 [00:02<00:02, 12.40it/s, Saved at =inf, TrLoss=0.2653]
 Training ATK-alpha-s2-t7:  52%|█████▏    | 26/50 [00:02<00:01, 12.40it/s, Saved at =inf, TrLoss=0.2653]
 Training ATK-alpha-s2-t7:  52%|█████▏    | 26/50 [00:02<00:01, 12.40it/s, Saved at =inf, TrLoss=0.2544]
 Training ATK-alpha-s2-t7:  52%|█████▏    | 26/50 [00:02<00:01, 12.40it/s, Saved at =inf, TrLoss=0.2653]
 Training ATK-alpha-s2-t7:  56%|█████▌    | 28/50 [00:02<00:01, 12.40it/s, Saved at =inf, TrLoss=0.2653]
 Training ATK-alpha-s2-t7:  56%|█████▌    | 28/50 [00:02<00:01, 12.40it/s, Saved at =inf, TrLoss=0.2620]
 Training ATK-alpha-s2-t7:  56%|█████▌    | 28/50 [00:02<00:01, 12.40it/s, Saved at =inf, TrLoss=0.2517]
 Training ATK-alpha-s2-t7:  60%|██████    | 30/50 [00:02<00:01, 12.40it/s, Saved at =inf, TrLoss=0.2517]
 Training ATK-alpha-s2-t7:  60%|██████    | 30/50 [00:02<00:01, 12.40it/s, Saved at =inf, TrLoss=0.2519]
 Training ATK-alpha-s2-t7:  60%|██████    | 30/50 [00:02<00:01, 12.40it/s, Saved at =inf, TrLoss=0.2481]
 Training ATK-alpha-s2-t7:  64%|██████▍   | 32/50 [00:02<00:01, 12.40it/s, Saved at =inf, TrLoss=0.2481]
 Training ATK-alpha-s2-t7:  64%|██████▍   | 32/50 [00:02<00:01, 12.40it/s, Saved at =inf, TrLoss=0.2415]
 Training ATK-alpha-s2-t7:  64%|██████▍   | 32/50 [00:02<00:01, 12.40it/s, Saved at =inf, TrLoss=0.2355]
 Training ATK-alpha-s2-t7:  68%|██████▊   | 34/50 [00:02<00:01, 12.40it/s, Saved at =inf, TrLoss=0.2355]
 Training ATK-alpha-s2-t7:  68%|██████▊   | 34/50 [00:02<00:01, 12.40it/s, Saved at =inf, TrLoss=0.2360]
 Training ATK-alpha-s2-t7:  68%|██████▊   | 34/50 [00:02<00:01, 12.40it/s, Saved at =inf, TrLoss=0.2359]
 Training ATK-alpha-s2-t7:  72%|███████▏  | 36/50 [00:02<00:01, 12.40it/s, Saved at =inf, TrLoss=0.2359]
 Training ATK-alpha-s2-t7:  72%|███████▏  | 36/50 [00:02<00:01, 12.40it/s, Saved at =inf, TrLoss=0.2344]
 Training ATK-alpha-s2-t7:  72%|███████▏  | 36/50 [00:03<00:01, 12.40it/s, Saved at =inf, TrLoss=0.2293]
 Training ATK-alpha-s2-t7:  76%|███████▌  | 38/50 [00:03<00:00, 12.41it/s, Saved at =inf, TrLoss=0.2293]
 Training ATK-alpha-s2-t7:  76%|███████▌  | 38/50 [00:03<00:00, 12.41it/s, Saved at =inf, TrLoss=0.2354]
 Training ATK-alpha-s2-t7:  76%|███████▌  | 38/50 [00:03<00:00, 12.41it/s, Saved at =inf, TrLoss=0.2247]
 Training ATK-alpha-s2-t7:  80%|████████  | 40/50 [00:03<00:00, 12.40it/s, Saved at =inf, TrLoss=0.2247]
 Training ATK-alpha-s2-t7:  80%|████████  | 40/50 [00:03<00:00, 12.40it/s, Saved at =inf, TrLoss=0.2250]
 Training ATK-alpha-s2-t7:  80%|████████  | 40/50 [00:03<00:00, 12.40it/s, Saved at =inf, TrLoss=0.2206]
 Training ATK-alpha-s2-t7:  84%|████████▍ | 42/50 [00:03<00:00, 12.38it/s, Saved at =inf, TrLoss=0.2206]
 Training ATK-alpha-s2-t7:  84%|████████▍ | 42/50 [00:03<00:00, 12.38it/s, Saved at =inf, TrLoss=0.2120]
 Training ATK-alpha-s2-t7:  84%|████████▍ | 42/50 [00:03<00:00, 12.38it/s, Saved at =inf, TrLoss=0.2261]
 Training ATK-alpha-s2-t7:  88%|████████▊ | 44/50 [00:03<00:00, 12.38it/s, Saved at =inf, TrLoss=0.2261]
 Training ATK-alpha-s2-t7:  88%|████████▊ | 44/50 [00:03<00:00, 12.38it/s, Saved at =inf, TrLoss=0.2149]
 Training ATK-alpha-s2-t7:  88%|████████▊ | 44/50 [00:03<00:00, 12.38it/s, Saved at =inf, TrLoss=0.2077]
 Training ATK-alpha-s2-t7:  92%|█████████▏| 46/50 [00:03<00:00, 12.39it/s, Saved at =inf, TrLoss=0.2077]
 Training ATK-alpha-s2-t7:  92%|█████████▏| 46/50 [00:03<00:00, 12.39it/s, Saved at =inf, TrLoss=0.2064]
 Training ATK-alpha-s2-t7:  92%|█████████▏| 46/50 [00:03<00:00, 12.39it/s, Saved at =inf, TrLoss=0.2067]
 Training ATK-alpha-s2-t7:  96%|█████████▌| 48/50 [00:03<00:00, 12.40it/s, Saved at =inf, TrLoss=0.2067]
 Training ATK-alpha-s2-t7:  96%|█████████▌| 48/50 [00:03<00:00, 12.40it/s, Saved at =inf, TrLoss=0.2058]
 Training ATK-alpha-s2-t7:  96%|█████████▌| 48/50 [00:04<00:00, 12.40it/s, Saved at =inf, TrLoss=0.2015]
 Training ATK-alpha-s2-t7: 100%|██████████| 50/50 [00:04<00:00, 12.40it/s, Saved at =inf, TrLoss=0.2015]
 Training ATK-alpha-s2-t7: 100%|██████████| 50/50 [00:04<00:00, 12.40it/s, Saved at =inf, TrLoss=0.2015]
[06:40:31]   MCC=0.389±0.068, AUC=0.767±0.070, BAcc=0.686±0.076
[06:40:31] Training GDTE on alpha (seed=3)...

 Training FV-alpha-s3-t2:   0%|          | 0/50 [00:00<?, ?it/s]
 Training FV-alpha-s3-t2:   0%|          | 0/50 [00:00<?, ?it/s, Saved at =inf, TrLoss=0.7182]
 Training FV-alpha-s3-t2:   0%|          | 0/50 [00:00<?, ?it/s, Saved at =inf, TrLoss=0.5627]
 Training FV-alpha-s3-t2:   0%|          | 0/50 [00:00<?, ?it/s, Saved at =inf, TrLoss=0.4153]
 Training FV-alpha-s3-t2:   0%|          | 0/50 [00:00<?, ?it/s, Saved at =inf, TrLoss=0.5397]
 Training FV-alpha-s3-t2:   8%|▊         | 4/50 [00:00<00:01, 38.46it/s, Saved at =inf, TrLoss=0.5397]
 Training FV-alpha-s3-t2:   8%|▊         | 4/50 [00:00<00:01, 38.46it/s, Saved at =inf, TrLoss=0.3220]
 Training FV-alpha-s3-t2:   8%|▊         | 4/50 [00:00<00:01, 38.46it/s, Saved at =inf, TrLoss=0.3018]
 Training FV-alpha-s3-t2:   8%|▊         | 4/50 [00:00<00:01, 38.46it/s, Saved at =inf, TrLoss=0.2252]
 Training FV-alpha-s3-t2:   8%|▊         | 4/50 [00:00<00:01, 38.46it/s, Saved at =inf, TrLoss=0.2516]
 Training FV-alpha-s3-t2:  16%|█▌        | 8/50 [00:00<00:01, 38.66it/s, Saved at =inf, TrLoss=0.2516]
 Training FV-alpha-s3-t2:  16%|█▌        | 8/50 [00:00<00:01, 38.66it/s, Saved at =inf, TrLoss=0.2195]
 Training FV-alpha-s3-t2:  16%|█▌        | 8/50 [00:00<00:01, 38.66it/s, Saved at =inf, TrLoss=0.1850]
 Training FV-alpha-s3-t2:  16%|█▌        | 8/50 [00:00<00:01, 38.66it/s, Saved at =inf, TrLoss=0.2129]
 Training FV-alpha-s3-t2:  16%|█▌        | 8/50 [00:00<00:01, 38.66it/s, Saved at =inf, TrLoss=0.1662]
 Training FV-alpha-s3-t2:  24%|██▍       | 12/50 [00:00<00:00, 38.73it/s, Saved at =inf, TrLoss=0.1662]
 Training FV-alpha-s3-t2:  24%|██▍       | 12/50 [00:00<00:00, 38.73it/s, Saved at =inf, TrLoss=0.1654]
 Training FV-alpha-s3-t2:  24%|██▍       | 12/50 [00:00<00:00, 38.73it/s, Saved at =inf, TrLoss=0.1698]
 Training FV-alpha-s3-t2:  24%|██▍       | 12/50 [00:00<00:00, 38.73it/s, Saved at =inf, TrLoss=0.1783]
 Training FV-alpha-s3-t2:  24%|██▍       | 12/50 [00:00<00:00, 38.73it/s, Saved at =inf, TrLoss=0.1293]
 Training FV-alpha-s3-t2:  32%|███▏      | 16/50 [00:00<00:00, 38.76it/s, Saved at =inf, TrLoss=0.1293]
 Training FV-alpha-s3-t2:  32%|███▏      | 16/50 [00:00<00:00, 38.76it/s, Saved at =inf, TrLoss=0.1597]
 Training FV-alpha-s3-t2:  32%|███▏      | 16/50 [00:00<00:00, 38.76it/s, Saved at =inf, TrLoss=0.1870]
 Training FV-alpha-s3-t2:  32%|███▏      | 16/50 [00:00<00:00, 38.76it/s, Saved at =inf, TrLoss=0.1440]
 Training FV-alpha-s3-t2:  32%|███▏      | 16/50 [00:00<00:00, 38.76it/s, Saved at =inf, TrLoss=0.1191]
 Training FV-alpha-s3-t2:  40%|████      | 20/50 [00:00<00:00, 38.77it/s, Saved at =inf, TrLoss=0.1191]
 Training FV-alpha-s3-t2:  40%|████      | 20/50 [00:00<00:00, 38.77it/s, Saved at =inf, TrLoss=0.1550]
 Training FV-alpha-s3-t2:  40%|████      | 20/50 [00:00<00:00, 38.77it/s, Saved at =inf, TrLoss=0.1024]
 Training FV-alpha-s3-t2:  40%|████      | 20/50 [00:00<00:00, 38.77it/s, Saved at =inf, TrLoss=0.1259]
 Training FV-alpha-s3-t2:  40%|████      | 20/50 [00:00<00:00, 38.77it/s, Saved at =inf, TrLoss=0.1334]
 Training FV-alpha-s3-t2:  48%|████▊     | 24/50 [00:00<00:00, 38.79it/s, Saved at =inf, TrLoss=0.1334]
 Training FV-alpha-s3-t2:  48%|████▊     | 24/50 [00:00<00:00, 38.79it/s, Saved at =inf, TrLoss=0.1462]
 Training FV-alpha-s3-t2:  48%|████▊     | 24/50 [00:00<00:00, 38.79it/s, Saved at =inf, TrLoss=0.1075]
 Training FV-alpha-s3-t2:  48%|████▊     | 24/50 [00:00<00:00, 38.79it/s, Saved at =inf, TrLoss=0.1191]
 Training FV-alpha-s3-t2:  48%|████▊     | 24/50 [00:00<00:00, 38.79it/s, Saved at =inf, TrLoss=0.1127]
 Training FV-alpha-s3-t2:  56%|█████▌    | 28/50 [00:00<00:00, 38.78it/s, Saved at =inf, TrLoss=0.1127]
 Training FV-alpha-s3-t2:  56%|█████▌    | 28/50 [00:00<00:00, 38.78it/s, Saved at =inf, TrLoss=0.1031]
 Training FV-alpha-s3-t2:  56%|█████▌    | 28/50 [00:00<00:00, 38.78it/s, Saved at =inf, TrLoss=0.1085]
 Training FV-alpha-s3-t2:  56%|█████▌    | 28/50 [00:00<00:00, 38.78it/s, Saved at =inf, TrLoss=0.0926]
 Training FV-alpha-s3-t2:  56%|█████▌    | 28/50 [00:00<00:00, 38.78it/s, Saved at =inf, TrLoss=0.1016]
 Training FV-alpha-s3-t2:  64%|██████▍   | 32/50 [00:00<00:00, 38.77it/s, Saved at =inf, TrLoss=0.1016]
 Training FV-alpha-s3-t2:  64%|██████▍   | 32/50 [00:00<00:00, 38.77it/s, Saved at =inf, TrLoss=0.0961]
 Training FV-alpha-s3-t2:  64%|██████▍   | 32/50 [00:00<00:00, 38.77it/s, Saved at =inf, TrLoss=0.1344]
 Training FV-alpha-s3-t2:  64%|██████▍   | 32/50 [00:00<00:00, 38.77it/s, Saved at =inf, TrLoss=0.0978]
 Training FV-alpha-s3-t2:  64%|██████▍   | 32/50 [00:00<00:00, 38.77it/s, Saved at =inf, TrLoss=0.1225]
 Training FV-alpha-s3-t2:  72%|███████▏  | 36/50 [00:00<00:00, 38.79it/s, Saved at =inf, TrLoss=0.1225]
 Training FV-alpha-s3-t2:  72%|███████▏  | 36/50 [00:00<00:00, 38.79it/s, Saved at =inf, TrLoss=0.1173]
 Training FV-alpha-s3-t2:  72%|███████▏  | 36/50 [00:00<00:00, 38.79it/s, Saved at =inf, TrLoss=0.0966]
 Training FV-alpha-s3-t2:  72%|███████▏  | 36/50 [00:00<00:00, 38.79it/s, Saved at =inf, TrLoss=0.1314]
 Training FV-alpha-s3-t2:  72%|███████▏  | 36/50 [00:01<00:00, 38.79it/s, Saved at =inf, TrLoss=0.1084]
 Training FV-alpha-s3-t2:  80%|████████  | 40/50 [00:01<00:00, 38.78it/s, Saved at =inf, TrLoss=0.1084]
 Training FV-alpha-s3-t2:  80%|████████  | 40/50 [00:01<00:00, 38.78it/s, Saved at =inf, TrLoss=0.0956]
 Training FV-alpha-s3-t2:  80%|████████  | 40/50 [00:01<00:00, 38.78it/s, Saved at =inf, TrLoss=0.0772]
 Training FV-alpha-s3-t2:  80%|████████  | 40/50 [00:01<00:00, 38.78it/s, Saved at =inf, TrLoss=0.0883]
 Training FV-alpha-s3-t2:  80%|████████  | 40/50 [00:01<00:00, 38.78it/s, Saved at =inf, TrLoss=0.1131]
 Training FV-alpha-s3-t2:  88%|████████▊ | 44/50 [00:01<00:00, 38.78it/s, Saved at =inf, TrLoss=0.1131]
 Training FV-alpha-s3-t2:  88%|████████▊ | 44/50 [00:01<00:00, 38.78it/s, Saved at =inf, TrLoss=0.1388]
 Training FV-alpha-s3-t2:  88%|████████▊ | 44/50 [00:01<00:00, 38.78it/s, Saved at =inf, TrLoss=0.0949]
 Training FV-alpha-s3-t2:  88%|████████▊ | 44/50 [00:01<00:00, 38.78it/s, Saved at =inf, TrLoss=0.0855]
 Training FV-alpha-s3-t2:  88%|████████▊ | 44/50 [00:01<00:00, 38.78it/s, Saved at =inf, TrLoss=0.0737]
 Training FV-alpha-s3-t2:  96%|█████████▌| 48/50 [00:01<00:00, 38.79it/s, Saved at =inf, TrLoss=0.0737]
 Training FV-alpha-s3-t2:  96%|█████████▌| 48/50 [00:01<00:00, 38.79it/s, Saved at =inf, TrLoss=0.0979]
 Training FV-alpha-s3-t2:  96%|█████████▌| 48/50 [00:01<00:00, 38.79it/s, Saved at =inf, TrLoss=0.0948]
 Training FV-alpha-s3-t2: 100%|██████████| 50/50 [00:01<00:00, 38.76it/s, Saved at =inf, TrLoss=0.0948]

 Training FV-alpha-s3-t3:   0%|          | 0/50 [00:00<?, ?it/s]
 Training FV-alpha-s3-t3:   0%|          | 0/50 [00:00<?, ?it/s, Saved at =inf, TrLoss=0.7874]
 Training FV-alpha-s3-t3:   0%|          | 0/50 [00:00<?, ?it/s, Saved at =inf, TrLoss=0.8502]
 Training FV-alpha-s3-t3:   0%|          | 0/50 [00:00<?, ?it/s, Saved at =inf, TrLoss=0.5405]
 Training FV-alpha-s3-t3:   6%|▌         | 3/50 [00:00<00:01, 25.99it/s, Saved at =inf, TrLoss=0.5405]
 Training FV-alpha-s3-t3:   6%|▌         | 3/50 [00:00<00:01, 25.99it/s, Saved at =inf, TrLoss=0.5329]
 Training FV-alpha-s3-t3:   6%|▌         | 3/50 [00:00<00:01, 25.99it/s, Saved at =inf, TrLoss=0.4482]
 Training FV-alpha-s3-t3:   6%|▌         | 3/50 [00:00<00:01, 25.99it/s, Saved at =inf, TrLoss=0.4101]
 Training FV-alpha-s3-t3:  12%|█▏        | 6/50 [00:00<00:01, 25.86it/s, Saved at =inf, TrLoss=0.4101]
 Training FV-alpha-s3-t3:  12%|█▏        | 6/50 [00:00<00:01, 25.86it/s, Saved at =inf, TrLoss=0.3552]
 Training FV-alpha-s3-t3:  12%|█▏        | 6/50 [00:00<00:01, 25.86it/s, Saved at =inf, TrLoss=0.2996]
 Training FV-alpha-s3-t3:  12%|█▏        | 6/50 [00:00<00:01, 25.86it/s, Saved at =inf, TrLoss=0.2904]
 Training FV-alpha-s3-t3:  18%|█▊        | 9/50 [00:00<00:01, 25.72it/s, Saved at =inf, TrLoss=0.2904]
 Training FV-alpha-s3-t3:  18%|█▊        | 9/50 [00:00<00:01, 25.72it/s, Saved at =inf, TrLoss=0.3040]
 Training FV-alpha-s3-t3:  18%|█▊        | 9/50 [00:00<00:01, 25.72it/s, Saved at =inf, TrLoss=0.2424]
 Training FV-alpha-s3-t3:  18%|█▊        | 9/50 [00:00<00:01, 25.72it/s, Saved at =inf, TrLoss=0.2223]
 Training FV-alpha-s3-t3:  24%|██▍       | 12/50 [00:00<00:01, 25.73it/s, Saved at =inf, TrLoss=0.2223]
 Training FV-alpha-s3-t3:  24%|██▍       | 12/50 [00:00<00:01, 25.73it/s, Saved at =inf, TrLoss=0.2032]
 Training FV-alpha-s3-t3:  24%|██▍       | 12/50 [00:00<00:01, 25.73it/s, Saved at =inf, TrLoss=0.2391]
 Training FV-alpha-s3-t3:  24%|██▍       | 12/50 [00:00<00:01, 25.73it/s, Saved at =inf, TrLoss=0.1952]
 Training FV-alpha-s3-t3:  30%|███       | 15/50 [00:00<00:01, 25.74it/s, Saved at =inf, TrLoss=0.1952]
 Training FV-alpha-s3-t3:  30%|███       | 15/50 [00:00<00:01, 25.74it/s, Saved at =inf, TrLoss=0.1733]
 Training FV-alpha-s3-t3:  30%|███       | 15/50 [00:00<00:01, 25.74it/s, Saved at =inf, TrLoss=0.1654]
 Training FV-alpha-s3-t3:  30%|███       | 15/50 [00:00<00:01, 25.74it/s, Saved at =inf, TrLoss=0.1889]
 Training FV-alpha-s3-t3:  36%|███▌      | 18/50 [00:00<00:01, 25.75it/s, Saved at =inf, TrLoss=0.1889]
 Training FV-alpha-s3-t3:  36%|███▌      | 18/50 [00:00<00:01, 25.75it/s, Saved at =inf, TrLoss=0.2013]
 Training FV-alpha-s3-t3:  36%|███▌      | 18/50 [00:00<00:01, 25.75it/s, Saved at =inf, TrLoss=0.1741]
 Training FV-alpha-s3-t3:  36%|███▌      | 18/50 [00:00<00:01, 25.75it/s, Saved at =inf, TrLoss=0.1737]
 Training FV-alpha-s3-t3:  42%|████▏     | 21/50 [00:00<00:01, 25.75it/s, Saved at =inf, TrLoss=0.1737]
 Training FV-alpha-s3-t3:  42%|████▏     | 21/50 [00:00<00:01, 25.75it/s, Saved at =inf, TrLoss=0.1768]
 Training FV-alpha-s3-t3:  42%|████▏     | 21/50 [00:00<00:01, 25.75it/s, Saved at =inf, TrLoss=0.1585]
 Training FV-alpha-s3-t3:  42%|████▏     | 21/50 [00:00<00:01, 25.75it/s, Saved at =inf, TrLoss=0.1807]
 Training FV-alpha-s3-t3:  48%|████▊     | 24/50 [00:00<00:01, 25.75it/s, Saved at =inf, TrLoss=0.1807]
 Training FV-alpha-s3-t3:  48%|████▊     | 24/50 [00:00<00:01, 25.75it/s, Saved at =inf, TrLoss=0.1607]
 Training FV-alpha-s3-t3:  48%|████▊     | 24/50 [00:00<00:01, 25.75it/s, Saved at =inf, TrLoss=0.1528]
 Training FV-alpha-s3-t3:  48%|████▊     | 24/50 [00:01<00:01, 25.75it/s, Saved at =inf, TrLoss=0.1543]
 Training FV-alpha-s3-t3:  54%|█████▍    | 27/50 [00:01<00:00, 25.75it/s, Saved at =inf, TrLoss=0.1543]
 Training FV-alpha-s3-t3:  54%|█████▍    | 27/50 [00:01<00:00, 25.75it/s, Saved at =inf, TrLoss=0.1615]
 Training FV-alpha-s3-t3:  54%|█████▍    | 27/50 [00:01<00:00, 25.75it/s, Saved at =inf, TrLoss=0.1536]
 Training FV-alpha-s3-t3:  54%|█████▍    | 27/50 [00:01<00:00, 25.75it/s, Saved at =inf, TrLoss=0.1626]
 Training FV-alpha-s3-t3:  60%|██████    | 30/50 [00:01<00:00, 25.74it/s, Saved at =inf, TrLoss=0.1626]
 Training FV-alpha-s3-t3:  60%|██████    | 30/50 [00:01<00:00, 25.74it/s, Saved at =inf, TrLoss=0.1600]
 Training FV-alpha-s3-t3:  60%|██████    | 30/50 [00:01<00:00, 25.74it/s, Saved at =inf, TrLoss=0.1371]
 Training FV-alpha-s3-t3:  60%|██████    | 30/50 [00:01<00:00, 25.74it/s, Saved at =inf, TrLoss=0.1333]
 Training FV-alpha-s3-t3:  66%|██████▌   | 33/50 [00:01<00:00, 25.74it/s, Saved at =inf, TrLoss=0.1333]
 Training FV-alpha-s3-t3:  66%|██████▌   | 33/50 [00:01<00:00, 25.74it/s, Saved at =inf, TrLoss=0.1546]
 Training FV-alpha-s3-t3:  66%|██████▌   | 33/50 [00:01<00:00, 25.74it/s, Saved at =inf, TrLoss=0.1373]
 Training FV-alpha-s3-t3:  66%|██████▌   | 33/50 [00:01<00:00, 25.74it/s, Saved at =inf, TrLoss=0.1420]
 Training FV-alpha-s3-t3:  72%|███████▏  | 36/50 [00:01<00:00, 25.75it/s, Saved at =inf, TrLoss=0.1420]
 Training FV-alpha-s3-t3:  72%|███████▏  | 36/50 [00:01<00:00, 25.75it/s, Saved at =inf, TrLoss=0.1331]
 Training FV-alpha-s3-t3:  72%|███████▏  | 36/50 [00:01<00:00, 25.75it/s, Saved at =inf, TrLoss=0.1370]
 Training FV-alpha-s3-t3:  72%|███████▏  | 36/50 [00:01<00:00, 25.75it/s, Saved at =inf, TrLoss=0.1318]
 Training FV-alpha-s3-t3:  78%|███████▊  | 39/50 [00:01<00:00, 25.75it/s, Saved at =inf, TrLoss=0.1318]
 Training FV-alpha-s3-t3:  78%|███████▊  | 39/50 [00:01<00:00, 25.75it/s, Saved at =inf, TrLoss=0.1267]
 Training FV-alpha-s3-t3:  78%|███████▊  | 39/50 [00:01<00:00, 25.75it/s, Saved at =inf, TrLoss=0.1150]
 Training FV-alpha-s3-t3:  78%|███████▊  | 39/50 [00:01<00:00, 25.75it/s, Saved at =inf, TrLoss=0.1142]
 Training FV-alpha-s3-t3:  84%|████████▍ | 42/50 [00:01<00:00, 25.65it/s, Saved at =inf, TrLoss=0.1142]
 Training FV-alpha-s3-t3:  84%|████████▍ | 42/50 [00:01<00:00, 25.65it/s, Saved at =inf, TrLoss=0.1160]
 Training FV-alpha-s3-t3:  84%|████████▍ | 42/50 [00:01<00:00, 25.65it/s, Saved at =inf, TrLoss=0.1470]
 Training FV-alpha-s3-t3:  84%|████████▍ | 42/50 [00:01<00:00, 25.65it/s, Saved at =inf, TrLoss=0.1320]
 Training FV-alpha-s3-t3:  90%|█████████ | 45/50 [00:01<00:00, 25.68it/s, Saved at =inf, TrLoss=0.1320]
 Training FV-alpha-s3-t3:  90%|█████████ | 45/50 [00:01<00:00, 25.68it/s, Saved at =inf, TrLoss=0.1119]
 Training FV-alpha-s3-t3:  90%|█████████ | 45/50 [00:01<00:00, 25.68it/s, Saved at =inf, TrLoss=0.1409]
 Training FV-alpha-s3-t3:  90%|█████████ | 45/50 [00:01<00:00, 25.68it/s, Saved at =inf, TrLoss=0.1233]
 Training FV-alpha-s3-t3:  96%|█████████▌| 48/50 [00:01<00:00, 25.70it/s, Saved at =inf, TrLoss=0.1233]
 Training FV-alpha-s3-t3:  96%|█████████▌| 48/50 [00:01<00:00, 25.70it/s, Saved at =inf, TrLoss=0.1311]
 Training FV-alpha-s3-t3:  96%|█████████▌| 48/50 [00:01<00:00, 25.70it/s, Saved at =inf, TrLoss=0.1235]
 Training FV-alpha-s3-t3: 100%|██████████| 50/50 [00:01<00:00, 25.73it/s, Saved at =inf, TrLoss=0.1235]

 Training FV-alpha-s3-t4:   0%|          | 0/50 [00:00<?, ?it/s]
 Training FV-alpha-s3-t4:   0%|          | 0/50 [00:00<?, ?it/s, Saved at =inf, TrLoss=0.7027]
 Training FV-alpha-s3-t4:   0%|          | 0/50 [00:00<?, ?it/s, Saved at =inf, TrLoss=1.2035]
 Training FV-alpha-s3-t4:   0%|          | 0/50 [00:00<?, ?it/s, Saved at =inf, TrLoss=0.5738]
 Training FV-alpha-s3-t4:   6%|▌         | 3/50 [00:00<00:02, 20.44it/s, Saved at =inf, TrLoss=0.5738]
 Training FV-alpha-s3-t4:   6%|▌         | 3/50 [00:00<00:02, 20.44it/s, Saved at =inf, TrLoss=0.5926]
 Training FV-alpha-s3-t4:   6%|▌         | 3/50 [00:00<00:02, 20.44it/s, Saved at =inf, TrLoss=0.5087]
 Training FV-alpha-s3-t4:   6%|▌         | 3/50 [00:00<00:02, 20.44it/s, Saved at =inf, TrLoss=0.5113]
 Training FV-alpha-s3-t4:  12%|█▏        | 6/50 [00:00<00:02, 20.56it/s, Saved at =inf, TrLoss=0.5113]
 Training FV-alpha-s3-t4:  12%|█▏        | 6/50 [00:00<00:02, 20.56it/s, Saved at =inf, TrLoss=0.4248]
 Training FV-alpha-s3-t4:  12%|█▏        | 6/50 [00:00<00:02, 20.56it/s, Saved at =inf, TrLoss=0.4268]
 Training FV-alpha-s3-t4:  12%|█▏        | 6/50 [00:00<00:02, 20.56it/s, Saved at =inf, TrLoss=0.4037]
 Training FV-alpha-s3-t4:  18%|█▊        | 9/50 [00:00<00:02, 20.45it/s, Saved at =inf, TrLoss=0.4037]
 Training FV-alpha-s3-t4:  18%|█▊        | 9/50 [00:00<00:02, 20.45it/s, Saved at =inf, TrLoss=0.3698]
 Training FV-alpha-s3-t4:  18%|█▊        | 9/50 [00:00<00:02, 20.45it/s, Saved at =inf, TrLoss=0.3622]
 Training FV-alpha-s3-t4:  18%|█▊        | 9/50 [00:00<00:02, 20.45it/s, Saved at =inf, TrLoss=0.3054]
 Training FV-alpha-s3-t4:  24%|██▍       | 12/50 [00:00<00:01, 20.41it/s, Saved at =inf, TrLoss=0.3054]
 Training FV-alpha-s3-t4:  24%|██▍       | 12/50 [00:00<00:01, 20.41it/s, Saved at =inf, TrLoss=0.3123]
 Training FV-alpha-s3-t4:  24%|██▍       | 12/50 [00:00<00:01, 20.41it/s, Saved at =inf, TrLoss=0.2696]
 Training FV-alpha-s3-t4:  24%|██▍       | 12/50 [00:00<00:01, 20.41it/s, Saved at =inf, TrLoss=0.2546]
 Training FV-alpha-s3-t4:  30%|███       | 15/50 [00:00<00:01, 20.38it/s, Saved at =inf, TrLoss=0.2546]
 Training FV-alpha-s3-t4:  30%|███       | 15/50 [00:00<00:01, 20.38it/s, Saved at =inf, TrLoss=0.2456]
 Training FV-alpha-s3-t4:  30%|███       | 15/50 [00:00<00:01, 20.38it/s, Saved at =inf, TrLoss=0.2443]
 Training FV-alpha-s3-t4:  30%|███       | 15/50 [00:00<00:01, 20.38it/s, Saved at =inf, TrLoss=0.2236]
 Training FV-alpha-s3-t4:  36%|███▌      | 18/50 [00:00<00:01, 20.36it/s, Saved at =inf, TrLoss=0.2236]
 Training FV-alpha-s3-t4:  36%|███▌      | 18/50 [00:00<00:01, 20.36it/s, Saved at =inf, TrLoss=0.2376]
 Training FV-alpha-s3-t4:  36%|███▌      | 18/50 [00:00<00:01, 20.36it/s, Saved at =inf, TrLoss=0.2021]
 Training FV-alpha-s3-t4:  36%|███▌      | 18/50 [00:01<00:01, 20.36it/s, Saved at =inf, TrLoss=0.2306]
 Training FV-alpha-s3-t4:  42%|████▏     | 21/50 [00:01<00:01, 20.36it/s, Saved at =inf, TrLoss=0.2306]
 Training FV-alpha-s3-t4:  42%|████▏     | 21/50 [00:01<00:01, 20.36it/s, Saved at =inf, TrLoss=0.2221]
 Training FV-alpha-s3-t4:  42%|████▏     | 21/50 [00:01<00:01, 20.36it/s, Saved at =inf, TrLoss=0.1921]
 Training FV-alpha-s3-t4:  42%|████▏     | 21/50 [00:01<00:01, 20.36it/s, Saved at =inf, TrLoss=0.2194]
 Training FV-alpha-s3-t4:  48%|████▊     | 24/50 [00:01<00:01, 20.35it/s, Saved at =inf, TrLoss=0.2194]
 Training FV-alpha-s3-t4:  48%|████▊     | 24/50 [00:01<00:01, 20.35it/s, Saved at =inf, TrLoss=0.1925]
 Training FV-alpha-s3-t4:  48%|████▊     | 24/50 [00:01<00:01, 20.35it/s, Saved at =inf, TrLoss=0.1975]
 Training FV-alpha-s3-t4:  48%|████▊     | 24/50 [00:01<00:01, 20.35it/s, Saved at =inf, TrLoss=0.1710]
 Training FV-alpha-s3-t4:  54%|█████▍    | 27/50 [00:01<00:01, 20.33it/s, Saved at =inf, TrLoss=0.1710]
 Training FV-alpha-s3-t4:  54%|█████▍    | 27/50 [00:01<00:01, 20.33it/s, Saved at =inf, TrLoss=0.1977]
 Training FV-alpha-s3-t4:  54%|█████▍    | 27/50 [00:01<00:01, 20.33it/s, Saved at =inf, TrLoss=0.1788]
 Training FV-alpha-s3-t4:  54%|█████▍    | 27/50 [00:01<00:01, 20.33it/s, Saved at =inf, TrLoss=0.1747]
 Training FV-alpha-s3-t4:  60%|██████    | 30/50 [00:01<00:00, 20.34it/s, Saved at =inf, TrLoss=0.1747]
 Training FV-alpha-s3-t4:  60%|██████    | 30/50 [00:01<00:00, 20.34it/s, Saved at =inf, TrLoss=0.1651]
 Training FV-alpha-s3-t4:  60%|██████    | 30/50 [00:01<00:00, 20.34it/s, Saved at =inf, TrLoss=0.1672]
 Training FV-alpha-s3-t4:  60%|██████    | 30/50 [00:01<00:00, 20.34it/s, Saved at =inf, TrLoss=0.1611]
 Training FV-alpha-s3-t4:  66%|██████▌   | 33/50 [00:01<00:00, 20.33it/s, Saved at =inf, TrLoss=0.1611]
 Training FV-alpha-s3-t4:  66%|██████▌   | 33/50 [00:01<00:00, 20.33it/s, Saved at =inf, TrLoss=0.1669]
 Training FV-alpha-s3-t4:  66%|██████▌   | 33/50 [00:01<00:00, 20.33it/s, Saved at =inf, TrLoss=0.1619]
 Training FV-alpha-s3-t4:  66%|██████▌   | 33/50 [00:01<00:00, 20.33it/s, Saved at =inf, TrLoss=0.1599]
 Training FV-alpha-s3-t4:  72%|███████▏  | 36/50 [00:01<00:00, 20.33it/s, Saved at =inf, TrLoss=0.1599]
 Training FV-alpha-s3-t4:  72%|███████▏  | 36/50 [00:01<00:00, 20.33it/s, Saved at =inf, TrLoss=0.1726]
 Training FV-alpha-s3-t4:  72%|███████▏  | 36/50 [00:01<00:00, 20.33it/s, Saved at =inf, TrLoss=0.1570]
 Training FV-alpha-s3-t4:  72%|███████▏  | 36/50 [00:01<00:00, 20.33it/s, Saved at =inf, TrLoss=0.1529]
 Training FV-alpha-s3-t4:  78%|███████▊  | 39/50 [00:01<00:00, 20.32it/s, Saved at =inf, TrLoss=0.1529]
 Training FV-alpha-s3-t4:  78%|███████▊  | 39/50 [00:01<00:00, 20.32it/s, Saved at =inf, TrLoss=0.1537]
 Training FV-alpha-s3-t4:  78%|███████▊  | 39/50 [00:01<00:00, 20.32it/s, Saved at =inf, TrLoss=0.1684]
 Training FV-alpha-s3-t4:  78%|███████▊  | 39/50 [00:02<00:00, 20.32it/s, Saved at =inf, TrLoss=0.1495]
 Training FV-alpha-s3-t4:  84%|████████▍ | 42/50 [00:02<00:00, 20.33it/s, Saved at =inf, TrLoss=0.1495]
 Training FV-alpha-s3-t4:  84%|████████▍ | 42/50 [00:02<00:00, 20.33it/s, Saved at =inf, TrLoss=0.1581]
 Training FV-alpha-s3-t4:  84%|████████▍ | 42/50 [00:02<00:00, 20.33it/s, Saved at =inf, TrLoss=0.1529]
 Training FV-alpha-s3-t4:  84%|████████▍ | 42/50 [00:02<00:00, 20.33it/s, Saved at =inf, TrLoss=0.1583]
 Training FV-alpha-s3-t4:  90%|█████████ | 45/50 [00:02<00:00, 20.32it/s, Saved at =inf, TrLoss=0.1583]
 Training FV-alpha-s3-t4:  90%|█████████ | 45/50 [00:02<00:00, 20.32it/s, Saved at =inf, TrLoss=0.1478]
 Training FV-alpha-s3-t4:  90%|█████████ | 45/50 [00:02<00:00, 20.32it/s, Saved at =inf, TrLoss=0.1433]
 Training FV-alpha-s3-t4:  90%|█████████ | 45/50 [00:02<00:00, 20.32it/s, Saved at =inf, TrLoss=0.1400]
 Training FV-alpha-s3-t4:  96%|█████████▌| 48/50 [00:02<00:00, 20.32it/s, Saved at =inf, TrLoss=0.1400]
 Training FV-alpha-s3-t4:  96%|█████████▌| 48/50 [00:02<00:00, 20.32it/s, Saved at =inf, TrLoss=0.1457]
 Training FV-alpha-s3-t4:  96%|█████████▌| 48/50 [00:02<00:00, 20.32it/s, Saved at =inf, TrLoss=0.1445]
 Training FV-alpha-s3-t4: 100%|██████████| 50/50 [00:02<00:00, 20.35it/s, Saved at =inf, TrLoss=0.1445]

 Training FV-alpha-s3-t5:   0%|          | 0/50 [00:00<?, ?it/s]
 Training FV-alpha-s3-t5:   0%|          | 0/50 [00:00<?, ?it/s, Saved at =inf, TrLoss=0.7338]
 Training FV-alpha-s3-t5:   0%|          | 0/50 [00:00<?, ?it/s, Saved at =inf, TrLoss=0.9387]
 Training FV-alpha-s3-t5:   4%|▍         | 2/50 [00:00<00:02, 16.67it/s, Saved at =inf, TrLoss=0.9387]
 Training FV-alpha-s3-t5:   4%|▍         | 2/50 [00:00<00:02, 16.67it/s, Saved at =inf, TrLoss=0.5507]
 Training FV-alpha-s3-t5:   4%|▍         | 2/50 [00:00<00:02, 16.67it/s, Saved at =inf, TrLoss=0.5887]
 Training FV-alpha-s3-t5:   8%|▊         | 4/50 [00:00<00:02, 16.98it/s, Saved at =inf, TrLoss=0.5887]
 Training FV-alpha-s3-t5:   8%|▊         | 4/50 [00:00<00:02, 16.98it/s, Saved at =inf, TrLoss=0.4969]
 Training FV-alpha-s3-t5:   8%|▊         | 4/50 [00:00<00:02, 16.98it/s, Saved at =inf, TrLoss=0.4774]
 Training FV-alpha-s3-t5:  12%|█▏        | 6/50 [00:00<00:02, 16.98it/s, Saved at =inf, TrLoss=0.4774]
 Training FV-alpha-s3-t5:  12%|█▏        | 6/50 [00:00<00:02, 16.98it/s, Saved at =inf, TrLoss=0.4680]
 Training FV-alpha-s3-t5:  12%|█▏        | 6/50 [00:00<00:02, 16.98it/s, Saved at =inf, TrLoss=0.4368]
 Training FV-alpha-s3-t5:  16%|█▌        | 8/50 [00:00<00:02, 16.96it/s, Saved at =inf, TrLoss=0.4368]
 Training FV-alpha-s3-t5:  16%|█▌        | 8/50 [00:00<00:02, 16.96it/s, Saved at =inf, TrLoss=0.4033]
 Training FV-alpha-s3-t5:  16%|█▌        | 8/50 [00:00<00:02, 16.96it/s, Saved at =inf, TrLoss=0.3915]
 Training FV-alpha-s3-t5:  20%|██        | 10/50 [00:00<00:02, 16.95it/s, Saved at =inf, TrLoss=0.3915]
 Training FV-alpha-s3-t5:  20%|██        | 10/50 [00:00<00:02, 16.95it/s, Saved at =inf, TrLoss=0.3411]
 Training FV-alpha-s3-t5:  20%|██        | 10/50 [00:00<00:02, 16.95it/s, Saved at =inf, TrLoss=0.3468]
 Training FV-alpha-s3-t5:  24%|██▍       | 12/50 [00:00<00:02, 16.94it/s, Saved at =inf, TrLoss=0.3468]
 Training FV-alpha-s3-t5:  24%|██▍       | 12/50 [00:00<00:02, 16.94it/s, Saved at =inf, TrLoss=0.3181]
 Training FV-alpha-s3-t5:  24%|██▍       | 12/50 [00:00<00:02, 16.94it/s, Saved at =inf, TrLoss=0.3360]
 Training FV-alpha-s3-t5:  28%|██▊       | 14/50 [00:00<00:02, 16.94it/s, Saved at =inf, TrLoss=0.3360]
 Training FV-alpha-s3-t5:  28%|██▊       | 14/50 [00:00<00:02, 16.94it/s, Saved at =inf, TrLoss=0.2691]
 Training FV-alpha-s3-t5:  28%|██▊       | 14/50 [00:00<00:02, 16.94it/s, Saved at =inf, TrLoss=0.3266]
 Training FV-alpha-s3-t5:  32%|███▏      | 16/50 [00:00<00:02, 16.95it/s, Saved at =inf, TrLoss=0.3266]
 Training FV-alpha-s3-t5:  32%|███▏      | 16/50 [00:00<00:02, 16.95it/s, Saved at =inf, TrLoss=0.2809]
 Training FV-alpha-s3-t5:  32%|███▏      | 16/50 [00:01<00:02, 16.95it/s, Saved at =inf, TrLoss=0.2940]
 Training FV-alpha-s3-t5:  36%|███▌      | 18/50 [00:01<00:01, 16.95it/s, Saved at =inf, TrLoss=0.2940]
 Training FV-alpha-s3-t5:  36%|███▌      | 18/50 [00:01<00:01, 16.95it/s, Saved at =inf, TrLoss=0.2783]
 Training FV-alpha-s3-t5:  36%|███▌      | 18/50 [00:01<00:01, 16.95it/s, Saved at =inf, TrLoss=0.2660]
 Training FV-alpha-s3-t5:  40%|████      | 20/50 [00:01<00:01, 16.94it/s, Saved at =inf, TrLoss=0.2660]
 Training FV-alpha-s3-t5:  40%|████      | 20/50 [00:01<00:01, 16.94it/s, Saved at =inf, TrLoss=0.2653]
 Training FV-alpha-s3-t5:  40%|████      | 20/50 [00:01<00:01, 16.94it/s, Saved at =inf, TrLoss=0.2766]
 Training FV-alpha-s3-t5:  44%|████▍     | 22/50 [00:01<00:01, 16.94it/s, Saved at =inf, TrLoss=0.2766]
 Training FV-alpha-s3-t5:  44%|████▍     | 22/50 [00:01<00:01, 16.94it/s, Saved at =inf, TrLoss=0.2557]
 Training FV-alpha-s3-t5:  44%|████▍     | 22/50 [00:01<00:01, 16.94it/s, Saved at =inf, TrLoss=0.2537]
 Training FV-alpha-s3-t5:  48%|████▊     | 24/50 [00:01<00:01, 16.94it/s, Saved at =inf, TrLoss=0.2537]
 Training FV-alpha-s3-t5:  48%|████▊     | 24/50 [00:01<00:01, 16.94it/s, Saved at =inf, TrLoss=0.2746]
 Training FV-alpha-s3-t5:  48%|████▊     | 24/50 [00:01<00:01, 16.94it/s, Saved at =inf, TrLoss=0.2472]
 Training FV-alpha-s3-t5:  52%|█████▏    | 26/50 [00:01<00:01, 16.93it/s, Saved at =inf, TrLoss=0.2472]
 Training FV-alpha-s3-t5:  52%|█████▏    | 26/50 [00:01<00:01, 16.93it/s, Saved at =inf, TrLoss=0.2479]
 Training FV-alpha-s3-t5:  52%|█████▏    | 26/50 [00:01<00:01, 16.93it/s, Saved at =inf, TrLoss=0.2396]
 Training FV-alpha-s3-t5:  56%|█████▌    | 28/50 [00:01<00:01, 16.93it/s, Saved at =inf, TrLoss=0.2396]
 Training FV-alpha-s3-t5:  56%|█████▌    | 28/50 [00:01<00:01, 16.93it/s, Saved at =inf, TrLoss=0.2413]
 Training FV-alpha-s3-t5:  56%|█████▌    | 28/50 [00:01<00:01, 16.93it/s, Saved at =inf, TrLoss=0.2444]
 Training FV-alpha-s3-t5:  60%|██████    | 30/50 [00:01<00:01, 16.93it/s, Saved at =inf, TrLoss=0.2444]
 Training FV-alpha-s3-t5:  60%|██████    | 30/50 [00:01<00:01, 16.93it/s, Saved at =inf, TrLoss=0.2222]
 Training FV-alpha-s3-t5:  60%|██████    | 30/50 [00:01<00:01, 16.93it/s, Saved at =inf, TrLoss=0.2299]
 Training FV-alpha-s3-t5:  64%|██████▍   | 32/50 [00:01<00:01, 16.93it/s, Saved at =inf, TrLoss=0.2299]
 Training FV-alpha-s3-t5:  64%|██████▍   | 32/50 [00:01<00:01, 16.93it/s, Saved at =inf, TrLoss=0.2331]
 Training FV-alpha-s3-t5:  64%|██████▍   | 32/50 [00:01<00:01, 16.93it/s, Saved at =inf, TrLoss=0.2301]
 Training FV-alpha-s3-t5:  68%|██████▊   | 34/50 [00:02<00:00, 16.93it/s, Saved at =inf, TrLoss=0.2301]
 Training FV-alpha-s3-t5:  68%|██████▊   | 34/50 [00:02<00:00, 16.93it/s, Saved at =inf, TrLoss=0.2194]
 Training FV-alpha-s3-t5:  68%|██████▊   | 34/50 [00:02<00:00, 16.93it/s, Saved at =inf, TrLoss=0.2260]
 Training FV-alpha-s3-t5:  72%|███████▏  | 36/50 [00:02<00:00, 16.93it/s, Saved at =inf, TrLoss=0.2260]
 Training FV-alpha-s3-t5:  72%|███████▏  | 36/50 [00:02<00:00, 16.93it/s, Saved at =inf, TrLoss=0.2179]
 Training FV-alpha-s3-t5:  72%|███████▏  | 36/50 [00:02<00:00, 16.93it/s, Saved at =inf, TrLoss=0.2104]
 Training FV-alpha-s3-t5:  76%|███████▌  | 38/50 [00:02<00:00, 16.93it/s, Saved at =inf, TrLoss=0.2104]
 Training FV-alpha-s3-t5:  76%|███████▌  | 38/50 [00:02<00:00, 16.93it/s, Saved at =inf, TrLoss=0.2007]
 Training FV-alpha-s3-t5:  76%|███████▌  | 38/50 [00:02<00:00, 16.93it/s, Saved at =inf, TrLoss=0.2068]
 Training FV-alpha-s3-t5:  80%|████████  | 40/50 [00:02<00:00, 16.93it/s, Saved at =inf, TrLoss=0.2068]
 Training FV-alpha-s3-t5:  80%|████████  | 40/50 [00:02<00:00, 16.93it/s, Saved at =inf, TrLoss=0.2048]
 Training FV-alpha-s3-t5:  80%|████████  | 40/50 [00:02<00:00, 16.93it/s, Saved at =inf, TrLoss=0.2064]
 Training FV-alpha-s3-t5:  84%|████████▍ | 42/50 [00:02<00:00, 16.93it/s, Saved at =inf, TrLoss=0.2064]
 Training FV-alpha-s3-t5:  84%|████████▍ | 42/50 [00:02<00:00, 16.93it/s, Saved at =inf, TrLoss=0.2059]
 Training FV-alpha-s3-t5:  84%|████████▍ | 42/50 [00:02<00:00, 16.93it/s, Saved at =inf, TrLoss=0.2003]
 Training FV-alpha-s3-t5:  88%|████████▊ | 44/50 [00:02<00:00, 16.93it/s, Saved at =inf, TrLoss=0.2003]
 Training FV-alpha-s3-t5:  88%|████████▊ | 44/50 [00:02<00:00, 16.93it/s, Saved at =inf, TrLoss=0.1921]
 Training FV-alpha-s3-t5:  88%|████████▊ | 44/50 [00:02<00:00, 16.93it/s, Saved at =inf, TrLoss=0.1872]
 Training FV-alpha-s3-t5:  92%|█████████▏| 46/50 [00:02<00:00, 16.93it/s, Saved at =inf, TrLoss=0.1872]
 Training FV-alpha-s3-t5:  92%|█████████▏| 46/50 [00:02<00:00, 16.93it/s, Saved at =inf, TrLoss=0.1890]
 Training FV-alpha-s3-t5:  92%|█████████▏| 46/50 [00:02<00:00, 16.93it/s, Saved at =inf, TrLoss=0.1871]
 Training FV-alpha-s3-t5:  96%|█████████▌| 48/50 [00:02<00:00, 16.93it/s, Saved at =inf, TrLoss=0.1871]
 Training FV-alpha-s3-t5:  96%|█████████▌| 48/50 [00:02<00:00, 16.93it/s, Saved at =inf, TrLoss=0.1840]
 Training FV-alpha-s3-t5:  96%|█████████▌| 48/50 [00:02<00:00, 16.93it/s, Saved at =inf, TrLoss=0.1812]
 Training FV-alpha-s3-t5: 100%|██████████| 50/50 [00:02<00:00, 16.93it/s, Saved at =inf, TrLoss=0.1812]
 Training FV-alpha-s3-t5: 100%|██████████| 50/50 [00:02<00:00, 16.93it/s, Saved at =inf, TrLoss=0.1812]

 Training FV-alpha-s3-t6:   0%|          | 0/50 [00:00<?, ?it/s]
 Training FV-alpha-s3-t6:   0%|          | 0/50 [00:00<?, ?it/s, Saved at =inf, TrLoss=0.7037]
 Training FV-alpha-s3-t6:   0%|          | 0/50 [00:00<?, ?it/s, Saved at =inf, TrLoss=0.6970]
 Training FV-alpha-s3-t6:   4%|▍         | 2/50 [00:00<00:03, 14.18it/s, Saved at =inf, TrLoss=0.6970]
 Training FV-alpha-s3-t6:   4%|▍         | 2/50 [00:00<00:03, 14.18it/s, Saved at =inf, TrLoss=0.5857]
 Training FV-alpha-s3-t6:   4%|▍         | 2/50 [00:00<00:03, 14.18it/s, Saved at =inf, TrLoss=0.5315]
 Training FV-alpha-s3-t6:   8%|▊         | 4/50 [00:00<00:03, 14.36it/s, Saved at =inf, TrLoss=0.5315]
 Training FV-alpha-s3-t6:   8%|▊         | 4/50 [00:00<00:03, 14.36it/s, Saved at =inf, TrLoss=0.4799]
 Training FV-alpha-s3-t6:   8%|▊         | 4/50 [00:00<00:03, 14.36it/s, Saved at =inf, TrLoss=0.4629]
 Training FV-alpha-s3-t6:  12%|█▏        | 6/50 [00:00<00:03, 14.37it/s, Saved at =inf, TrLoss=0.4629]
 Training FV-alpha-s3-t6:  12%|█▏        | 6/50 [00:00<00:03, 14.37it/s, Saved at =inf, TrLoss=0.4402]
 Training FV-alpha-s3-t6:  12%|█▏        | 6/50 [00:00<00:03, 14.37it/s, Saved at =inf, TrLoss=0.4063]
 Training FV-alpha-s3-t6:  16%|█▌        | 8/50 [00:00<00:02, 14.37it/s, Saved at =inf, TrLoss=0.4063]
 Training FV-alpha-s3-t6:  16%|█▌        | 8/50 [00:00<00:02, 14.37it/s, Saved at =inf, TrLoss=0.3679]
 Training FV-alpha-s3-t6:  16%|█▌        | 8/50 [00:00<00:02, 14.37it/s, Saved at =inf, TrLoss=0.3438]
 Training FV-alpha-s3-t6:  20%|██        | 10/50 [00:00<00:02, 14.38it/s, Saved at =inf, TrLoss=0.3438]
 Training FV-alpha-s3-t6:  20%|██        | 10/50 [00:00<00:02, 14.38it/s, Saved at =inf, TrLoss=0.3678]
 Training FV-alpha-s3-t6:  20%|██        | 10/50 [00:00<00:02, 14.38it/s, Saved at =inf, TrLoss=0.3995]
 Training FV-alpha-s3-t6:  24%|██▍       | 12/50 [00:00<00:02, 14.38it/s, Saved at =inf, TrLoss=0.3995]
 Training FV-alpha-s3-t6:  24%|██▍       | 12/50 [00:00<00:02, 14.38it/s, Saved at =inf, TrLoss=0.3115]
 Training FV-alpha-s3-t6:  24%|██▍       | 12/50 [00:00<00:02, 14.38it/s, Saved at =inf, TrLoss=0.3775]
 Training FV-alpha-s3-t6:  28%|██▊       | 14/50 [00:00<00:02, 14.38it/s, Saved at =inf, TrLoss=0.3775]
 Training FV-alpha-s3-t6:  28%|██▊       | 14/50 [00:01<00:02, 14.38it/s, Saved at =inf, TrLoss=0.2842]
 Training FV-alpha-s3-t6:  28%|██▊       | 14/50 [00:01<00:02, 14.38it/s, Saved at =inf, TrLoss=0.3427]
 Training FV-alpha-s3-t6:  32%|███▏      | 16/50 [00:01<00:02, 14.38it/s, Saved at =inf, TrLoss=0.3427]
 Training FV-alpha-s3-t6:  32%|███▏      | 16/50 [00:01<00:02, 14.38it/s, Saved at =inf, TrLoss=0.2991]
 Training FV-alpha-s3-t6:  32%|███▏      | 16/50 [00:01<00:02, 14.38it/s, Saved at =inf, TrLoss=0.2990]
 Training FV-alpha-s3-t6:  36%|███▌      | 18/50 [00:01<00:02, 14.38it/s, Saved at =inf, TrLoss=0.2990]
 Training FV-alpha-s3-t6:  36%|███▌      | 18/50 [00:01<00:02, 14.38it/s, Saved at =inf, TrLoss=0.3093]
 Training FV-alpha-s3-t6:  36%|███▌      | 18/50 [00:01<00:02, 14.38it/s, Saved at =inf, TrLoss=0.2659]
 Training FV-alpha-s3-t6:  40%|████      | 20/50 [00:01<00:02, 14.38it/s, Saved at =inf, TrLoss=0.2659]
 Training FV-alpha-s3-t6:  40%|████      | 20/50 [00:01<00:02, 14.38it/s, Saved at =inf, TrLoss=0.2885]
 Training FV-alpha-s3-t6:  40%|████      | 20/50 [00:01<00:02, 14.38it/s, Saved at =inf, TrLoss=0.2636]
 Training FV-alpha-s3-t6:  44%|████▍     | 22/50 [00:01<00:01, 14.38it/s, Saved at =inf, TrLoss=0.2636]
 Training FV-alpha-s3-t6:  44%|████▍     | 22/50 [00:01<00:01, 14.38it/s, Saved at =inf, TrLoss=0.2655]
 Training FV-alpha-s3-t6:  44%|████▍     | 22/50 [00:01<00:01, 14.38it/s, Saved at =inf, TrLoss=0.2692]
 Training FV-alpha-s3-t6:  48%|████▊     | 24/50 [00:01<00:01, 14.38it/s, Saved at =inf, TrLoss=0.2692]
 Training FV-alpha-s3-t6:  48%|████▊     | 24/50 [00:01<00:01, 14.38it/s, Saved at =inf, TrLoss=0.2596]
 Training FV-alpha-s3-t6:  48%|████▊     | 24/50 [00:01<00:01, 14.38it/s, Saved at =inf, TrLoss=0.2597]
 Training FV-alpha-s3-t6:  52%|█████▏    | 26/50 [00:01<00:01, 14.38it/s, Saved at =inf, TrLoss=0.2597]
 Training FV-alpha-s3-t6:  52%|█████▏    | 26/50 [00:01<00:01, 14.38it/s, Saved at =inf, TrLoss=0.2372]
 Training FV-alpha-s3-t6:  52%|█████▏    | 26/50 [00:01<00:01, 14.38it/s, Saved at =inf, TrLoss=0.2659]
 Training FV-alpha-s3-t6:  56%|█████▌    | 28/50 [00:01<00:01, 14.39it/s, Saved at =inf, TrLoss=0.2659]
 Training FV-alpha-s3-t6:  56%|█████▌    | 28/50 [00:01<00:01, 14.39it/s, Saved at =inf, TrLoss=0.2463]
 Training FV-alpha-s3-t6:  56%|█████▌    | 28/50 [00:02<00:01, 14.39it/s, Saved at =inf, TrLoss=0.2501]
 Training FV-alpha-s3-t6:  60%|██████    | 30/50 [00:02<00:01, 14.38it/s, Saved at =inf, TrLoss=0.2501]
 Training FV-alpha-s3-t6:  60%|██████    | 30/50 [00:02<00:01, 14.38it/s, Saved at =inf, TrLoss=0.2319]
 Training FV-alpha-s3-t6:  60%|██████    | 30/50 [00:02<00:01, 14.38it/s, Saved at =inf, TrLoss=0.2356]
 Training FV-alpha-s3-t6:  64%|██████▍   | 32/50 [00:02<00:01, 14.38it/s, Saved at =inf, TrLoss=0.2356]
 Training FV-alpha-s3-t6:  64%|██████▍   | 32/50 [00:02<00:01, 14.38it/s, Saved at =inf, TrLoss=0.2326]
 Training FV-alpha-s3-t6:  64%|██████▍   | 32/50 [00:02<00:01, 14.38it/s, Saved at =inf, TrLoss=0.2338]
 Training FV-alpha-s3-t6:  68%|██████▊   | 34/50 [00:02<00:01, 14.38it/s, Saved at =inf, TrLoss=0.2338]
 Training FV-alpha-s3-t6:  68%|██████▊   | 34/50 [00:02<00:01, 14.38it/s, Saved at =inf, TrLoss=0.2288]
 Training FV-alpha-s3-t6:  68%|██████▊   | 34/50 [00:02<00:01, 14.38it/s, Saved at =inf, TrLoss=0.2224]
 Training FV-alpha-s3-t6:  72%|███████▏  | 36/50 [00:02<00:00, 14.38it/s, Saved at =inf, TrLoss=0.2224]
 Training FV-alpha-s3-t6:  72%|███████▏  | 36/50 [00:02<00:00, 14.38it/s, Saved at =inf, TrLoss=0.2342]
 Training FV-alpha-s3-t6:  72%|███████▏  | 36/50 [00:02<00:00, 14.38it/s, Saved at =inf, TrLoss=0.2145]
 Training FV-alpha-s3-t6:  76%|███████▌  | 38/50 [00:02<00:00, 14.38it/s, Saved at =inf, TrLoss=0.2145]
 Training FV-alpha-s3-t6:  76%|███████▌  | 38/50 [00:02<00:00, 14.38it/s, Saved at =inf, TrLoss=0.2113]
 Training FV-alpha-s3-t6:  76%|███████▌  | 38/50 [00:02<00:00, 14.38it/s, Saved at =inf, TrLoss=0.2109]
 Training FV-alpha-s3-t6:  80%|████████  | 40/50 [00:02<00:00, 14.39it/s, Saved at =inf, TrLoss=0.2109]
 Training FV-alpha-s3-t6:  80%|████████  | 40/50 [00:02<00:00, 14.39it/s, Saved at =inf, TrLoss=0.2265]
 Training FV-alpha-s3-t6:  80%|████████  | 40/50 [00:02<00:00, 14.39it/s, Saved at =inf, TrLoss=0.2079]
 Training FV-alpha-s3-t6:  84%|████████▍ | 42/50 [00:02<00:00, 14.39it/s, Saved at =inf, TrLoss=0.2079]
 Training FV-alpha-s3-t6:  84%|████████▍ | 42/50 [00:02<00:00, 14.39it/s, Saved at =inf, TrLoss=0.2152]
 Training FV-alpha-s3-t6:  84%|████████▍ | 42/50 [00:03<00:00, 14.39it/s, Saved at =inf, TrLoss=0.2029]
 Training FV-alpha-s3-t6:  88%|████████▊ | 44/50 [00:03<00:00, 14.39it/s, Saved at =inf, TrLoss=0.2029]
 Training FV-alpha-s3-t6:  88%|████████▊ | 44/50 [00:03<00:00, 14.39it/s, Saved at =inf, TrLoss=0.2179]
 Training FV-alpha-s3-t6:  88%|████████▊ | 44/50 [00:03<00:00, 14.39it/s, Saved at =inf, TrLoss=0.1921]
 Training FV-alpha-s3-t6:  92%|█████████▏| 46/50 [00:03<00:00, 14.38it/s, Saved at =inf, TrLoss=0.1921]
 Training FV-alpha-s3-t6:  92%|█████████▏| 46/50 [00:03<00:00, 14.38it/s, Saved at =inf, TrLoss=0.1978]
 Training FV-alpha-s3-t6:  92%|█████████▏| 46/50 [00:03<00:00, 14.38it/s, Saved at =inf, TrLoss=0.1904]
 Training FV-alpha-s3-t6:  96%|█████████▌| 48/50 [00:03<00:00, 14.38it/s, Saved at =inf, TrLoss=0.1904]
 Training FV-alpha-s3-t6:  96%|█████████▌| 48/50 [00:03<00:00, 14.38it/s, Saved at =inf, TrLoss=0.1923]
 Training FV-alpha-s3-t6:  96%|█████████▌| 48/50 [00:03<00:00, 14.38it/s, Saved at =inf, TrLoss=0.1910]
 Training FV-alpha-s3-t6: 100%|██████████| 50/50 [00:03<00:00, 14.38it/s, Saved at =inf, TrLoss=0.1910]
 Training FV-alpha-s3-t6: 100%|██████████| 50/50 [00:03<00:00, 14.38it/s, Saved at =inf, TrLoss=0.1910]

 Training FV-alpha-s3-t7:   0%|          | 0/50 [00:00<?, ?it/s]
 Training FV-alpha-s3-t7:   0%|          | 0/50 [00:00<?, ?it/s, Saved at =inf, TrLoss=0.6890]
 Training FV-alpha-s3-t7:   0%|          | 0/50 [00:00<?, ?it/s, Saved at =inf, TrLoss=0.6662]
 Training FV-alpha-s3-t7:   4%|▍         | 2/50 [00:00<00:03, 12.25it/s, Saved at =inf, TrLoss=0.6662]
 Training FV-alpha-s3-t7:   4%|▍         | 2/50 [00:00<00:03, 12.25it/s, Saved at =inf, TrLoss=0.6719]
 Training FV-alpha-s3-t7:   4%|▍         | 2/50 [00:00<00:03, 12.25it/s, Saved at =inf, TrLoss=0.5635]
 Training FV-alpha-s3-t7:   8%|▊         | 4/50 [00:00<00:03, 12.33it/s, Saved at =inf, TrLoss=0.5635]
 Training FV-alpha-s3-t7:   8%|▊         | 4/50 [00:00<00:03, 12.33it/s, Saved at =inf, TrLoss=0.5028]
 Training FV-alpha-s3-t7:   8%|▊         | 4/50 [00:00<00:03, 12.33it/s, Saved at =inf, TrLoss=0.5343]
 Training FV-alpha-s3-t7:  12%|█▏        | 6/50 [00:00<00:03, 12.40it/s, Saved at =inf, TrLoss=0.5343]
 Training FV-alpha-s3-t7:  12%|█▏        | 6/50 [00:00<00:03, 12.40it/s, Saved at =inf, TrLoss=0.5298]
 Training FV-alpha-s3-t7:  12%|█▏        | 6/50 [00:00<00:03, 12.40it/s, Saved at =inf, TrLoss=0.4711]
 Training FV-alpha-s3-t7:  16%|█▌        | 8/50 [00:00<00:03, 12.39it/s, Saved at =inf, TrLoss=0.4711]
 Training FV-alpha-s3-t7:  16%|█▌        | 8/50 [00:00<00:03, 12.39it/s, Saved at =inf, TrLoss=0.4302]
 Training FV-alpha-s3-t7:  16%|█▌        | 8/50 [00:00<00:03, 12.39it/s, Saved at =inf, TrLoss=0.4228]
 Training FV-alpha-s3-t7:  20%|██        | 10/50 [00:00<00:03, 12.40it/s, Saved at =inf, TrLoss=0.4228]
 Training FV-alpha-s3-t7:  20%|██        | 10/50 [00:00<00:03, 12.40it/s, Saved at =inf, TrLoss=0.3958]
 Training FV-alpha-s3-t7:  20%|██        | 10/50 [00:00<00:03, 12.40it/s, Saved at =inf, TrLoss=0.3557]
 Training FV-alpha-s3-t7:  24%|██▍       | 12/50 [00:00<00:03, 12.40it/s, Saved at =inf, TrLoss=0.3557]
 Training FV-alpha-s3-t7:  24%|██▍       | 12/50 [00:01<00:03, 12.40it/s, Saved at =inf, TrLoss=0.3855]
 Training FV-alpha-s3-t7:  24%|██▍       | 12/50 [00:01<00:03, 12.40it/s, Saved at =inf, TrLoss=0.3427]
 Training FV-alpha-s3-t7:  28%|██▊       | 14/50 [00:01<00:02, 12.40it/s, Saved at =inf, TrLoss=0.3427]
 Training FV-alpha-s3-t7:  28%|██▊       | 14/50 [00:01<00:02, 12.40it/s, Saved at =inf, TrLoss=0.3337]
 Training FV-alpha-s3-t7:  28%|██▊       | 14/50 [00:01<00:02, 12.40it/s, Saved at =inf, TrLoss=0.3177]
 Training FV-alpha-s3-t7:  32%|███▏      | 16/50 [00:01<00:02, 12.40it/s, Saved at =inf, TrLoss=0.3177]
 Training FV-alpha-s3-t7:  32%|███▏      | 16/50 [00:01<00:02, 12.40it/s, Saved at =inf, TrLoss=0.3342]
 Training FV-alpha-s3-t7:  32%|███▏      | 16/50 [00:01<00:02, 12.40it/s, Saved at =inf, TrLoss=0.3099]
 Training FV-alpha-s3-t7:  36%|███▌      | 18/50 [00:01<00:02, 12.40it/s, Saved at =inf, TrLoss=0.3099]
 Training FV-alpha-s3-t7:  36%|███▌      | 18/50 [00:01<00:02, 12.40it/s, Saved at =inf, TrLoss=0.3067]
 Training FV-alpha-s3-t7:  36%|███▌      | 18/50 [00:01<00:02, 12.40it/s, Saved at =inf, TrLoss=0.2858]
 Training FV-alpha-s3-t7:  40%|████      | 20/50 [00:01<00:02, 12.40it/s, Saved at =inf, TrLoss=0.2858]
 Training FV-alpha-s3-t7:  40%|████      | 20/50 [00:01<00:02, 12.40it/s, Saved at =inf, TrLoss=0.2885]
 Training FV-alpha-s3-t7:  40%|████      | 20/50 [00:01<00:02, 12.40it/s, Saved at =inf, TrLoss=0.2859]
 Training FV-alpha-s3-t7:  44%|████▍     | 22/50 [00:01<00:02, 12.40it/s, Saved at =inf, TrLoss=0.2859]
 Training FV-alpha-s3-t7:  44%|████▍     | 22/50 [00:01<00:02, 12.40it/s, Saved at =inf, TrLoss=0.2974]
 Training FV-alpha-s3-t7:  44%|████▍     | 22/50 [00:01<00:02, 12.40it/s, Saved at =inf, TrLoss=0.2738]
 Training FV-alpha-s3-t7:  48%|████▊     | 24/50 [00:01<00:02, 12.39it/s, Saved at =inf, TrLoss=0.2738]
 Training FV-alpha-s3-t7:  48%|████▊     | 24/50 [00:01<00:02, 12.39it/s, Saved at =inf, TrLoss=0.2814]
 Training FV-alpha-s3-t7:  48%|████▊     | 24/50 [00:02<00:02, 12.39it/s, Saved at =inf, TrLoss=0.2653]
 Training FV-alpha-s3-t7:  52%|█████▏    | 26/50 [00:02<00:01, 12.39it/s, Saved at =inf, TrLoss=0.2653]
 Training FV-alpha-s3-t7:  52%|█████▏    | 26/50 [00:02<00:01, 12.39it/s, Saved at =inf, TrLoss=0.2544]
 Training FV-alpha-s3-t7:  52%|█████▏    | 26/50 [00:02<00:01, 12.39it/s, Saved at =inf, TrLoss=0.2653]
 Training FV-alpha-s3-t7:  56%|█████▌    | 28/50 [00:02<00:01, 12.39it/s, Saved at =inf, TrLoss=0.2653]
 Training FV-alpha-s3-t7:  56%|█████▌    | 28/50 [00:02<00:01, 12.39it/s, Saved at =inf, TrLoss=0.2620]
 Training FV-alpha-s3-t7:  56%|█████▌    | 28/50 [00:02<00:01, 12.39it/s, Saved at =inf, TrLoss=0.2517]
 Training FV-alpha-s3-t7:  60%|██████    | 30/50 [00:02<00:01, 12.39it/s, Saved at =inf, TrLoss=0.2517]
 Training FV-alpha-s3-t7:  60%|██████    | 30/50 [00:02<00:01, 12.39it/s, Saved at =inf, TrLoss=0.2519]
 Training FV-alpha-s3-t7:  60%|██████    | 30/50 [00:02<00:01, 12.39it/s, Saved at =inf, TrLoss=0.2482]
 Training FV-alpha-s3-t7:  64%|██████▍   | 32/50 [00:02<00:01, 12.39it/s, Saved at =inf, TrLoss=0.2482]
 Training FV-alpha-s3-t7:  64%|██████▍   | 32/50 [00:02<00:01, 12.39it/s, Saved at =inf, TrLoss=0.2417]
 Training FV-alpha-s3-t7:  64%|██████▍   | 32/50 [00:02<00:01, 12.39it/s, Saved at =inf, TrLoss=0.2354]
 Training FV-alpha-s3-t7:  68%|██████▊   | 34/50 [00:02<00:01, 12.39it/s, Saved at =inf, TrLoss=0.2354]
 Training FV-alpha-s3-t7:  68%|██████▊   | 34/50 [00:02<00:01, 12.39it/s, Saved at =inf, TrLoss=0.2359]
 Training FV-alpha-s3-t7:  68%|██████▊   | 34/50 [00:02<00:01, 12.39it/s, Saved at =inf, TrLoss=0.2359]
 Training FV-alpha-s3-t7:  72%|███████▏  | 36/50 [00:02<00:01, 12.39it/s, Saved at =inf, TrLoss=0.2359]
 Training FV-alpha-s3-t7:  72%|███████▏  | 36/50 [00:02<00:01, 12.39it/s, Saved at =inf, TrLoss=0.2343]
 Training FV-alpha-s3-t7:  72%|███████▏  | 36/50 [00:03<00:01, 12.39it/s, Saved at =inf, TrLoss=0.2292]
 Training FV-alpha-s3-t7:  76%|███████▌  | 38/50 [00:03<00:00, 12.40it/s, Saved at =inf, TrLoss=0.2292]
 Training FV-alpha-s3-t7:  76%|███████▌  | 38/50 [00:03<00:00, 12.40it/s, Saved at =inf, TrLoss=0.2354]
 Training FV-alpha-s3-t7:  76%|███████▌  | 38/50 [00:03<00:00, 12.40it/s, Saved at =inf, TrLoss=0.2247]
 Training FV-alpha-s3-t7:  80%|████████  | 40/50 [00:03<00:00, 12.40it/s, Saved at =inf, TrLoss=0.2247]
 Training FV-alpha-s3-t7:  80%|████████  | 40/50 [00:03<00:00, 12.40it/s, Saved at =inf, TrLoss=0.2249]
 Training FV-alpha-s3-t7:  80%|████████  | 40/50 [00:03<00:00, 12.40it/s, Saved at =inf, TrLoss=0.2206]
 Training FV-alpha-s3-t7:  84%|████████▍ | 42/50 [00:03<00:00, 12.39it/s, Saved at =inf, TrLoss=0.2206]
 Training FV-alpha-s3-t7:  84%|████████▍ | 42/50 [00:03<00:00, 12.39it/s, Saved at =inf, TrLoss=0.2119]
 Training FV-alpha-s3-t7:  84%|████████▍ | 42/50 [00:03<00:00, 12.39it/s, Saved at =inf, TrLoss=0.2263]
 Training FV-alpha-s3-t7:  88%|████████▊ | 44/50 [00:03<00:00, 12.40it/s, Saved at =inf, TrLoss=0.2263]
 Training FV-alpha-s3-t7:  88%|████████▊ | 44/50 [00:03<00:00, 12.40it/s, Saved at =inf, TrLoss=0.2148]
 Training FV-alpha-s3-t7:  88%|████████▊ | 44/50 [00:03<00:00, 12.40it/s, Saved at =inf, TrLoss=0.2077]
 Training FV-alpha-s3-t7:  92%|█████████▏| 46/50 [00:03<00:00, 12.40it/s, Saved at =inf, TrLoss=0.2077]
 Training FV-alpha-s3-t7:  92%|█████████▏| 46/50 [00:03<00:00, 12.40it/s, Saved at =inf, TrLoss=0.2063]
 Training FV-alpha-s3-t7:  92%|█████████▏| 46/50 [00:03<00:00, 12.40it/s, Saved at =inf, TrLoss=0.2067]
 Training FV-alpha-s3-t7:  96%|█████████▌| 48/50 [00:03<00:00, 12.40it/s, Saved at =inf, TrLoss=0.2067]
 Training FV-alpha-s3-t7:  96%|█████████▌| 48/50 [00:03<00:00, 12.40it/s, Saved at =inf, TrLoss=0.2057]
 Training FV-alpha-s3-t7:  96%|█████████▌| 48/50 [00:04<00:00, 12.40it/s, Saved at =inf, TrLoss=0.2015]
 Training FV-alpha-s3-t7: 100%|██████████| 50/50 [00:04<00:00, 12.40it/s, Saved at =inf, TrLoss=0.2015]
 Training FV-alpha-s3-t7: 100%|██████████| 50/50 [00:04<00:00, 12.39it/s, Saved at =inf, TrLoss=0.2015]

 Training FV-alpha-s3-t8:   0%|          | 0/50 [00:00<?, ?it/s]
 Training FV-alpha-s3-t8:   0%|          | 0/50 [00:00<?, ?it/s, Saved at =inf, TrLoss=0.7237]
 Training FV-alpha-s3-t8:   0%|          | 0/50 [00:00<?, ?it/s, Saved at =inf, TrLoss=0.7649]
 Training FV-alpha-s3-t8:   4%|▍         | 2/50 [00:00<00:04, 10.97it/s, Saved at =inf, TrLoss=0.7649]
 Training FV-alpha-s3-t8:   4%|▍         | 2/50 [00:00<00:04, 10.97it/s, Saved at =inf, TrLoss=0.6172]
 Training FV-alpha-s3-t8:   4%|▍         | 2/50 [00:00<00:04, 10.97it/s, Saved at =inf, TrLoss=0.6067]
 Training FV-alpha-s3-t8:   8%|▊         | 4/50 [00:00<00:04, 11.05it/s, Saved at =inf, TrLoss=0.6067]
 Training FV-alpha-s3-t8:   8%|▊         | 4/50 [00:00<00:04, 11.05it/s, Saved at =inf, TrLoss=0.5526]
 Training FV-alpha-s3-t8:   8%|▊         | 4/50 [00:00<00:04, 11.05it/s, Saved at =inf, TrLoss=0.5279]
 Training FV-alpha-s3-t8:  12%|█▏        | 6/50 [00:00<00:03, 11.12it/s, Saved at =inf, TrLoss=0.5279]
 Training FV-alpha-s3-t8:  12%|█▏        | 6/50 [00:00<00:03, 11.12it/s, Saved at =inf, TrLoss=0.5035]
 Training FV-alpha-s3-t8:  12%|█▏        | 6/50 [00:00<00:03, 11.12it/s, Saved at =inf, TrLoss=0.4742]
 Training FV-alpha-s3-t8:  16%|█▌        | 8/50 [00:00<00:03, 11.17it/s, Saved at =inf, TrLoss=0.4742]
 Training FV-alpha-s3-t8:  16%|█▌        | 8/50 [00:00<00:03, 11.17it/s, Saved at =inf, TrLoss=0.4413]
 Training FV-alpha-s3-t8:  16%|█▌        | 8/50 [00:00<00:03, 11.17it/s, Saved at =inf, TrLoss=0.3995]
 Training FV-alpha-s3-t8:  20%|██        | 10/50 [00:00<00:03, 11.20it/s, Saved at =inf, TrLoss=0.3995]
 Training FV-alpha-s3-t8:  20%|██        | 10/50 [00:00<00:03, 11.20it/s, Saved at =inf, TrLoss=0.3729]
 Training FV-alpha-s3-t8:  20%|██        | 10/50 [00:01<00:03, 11.20it/s, Saved at =inf, TrLoss=0.3601]
 Training FV-alpha-s3-t8:  24%|██▍       | 12/50 [00:01<00:03, 11.21it/s, Saved at =inf, TrLoss=0.3601]
 Training FV-alpha-s3-t8:  24%|██▍       | 12/50 [00:01<00:03, 11.21it/s, Saved at =inf, TrLoss=0.3860]
 Training FV-alpha-s3-t8:  24%|██▍       | 12/50 [00:01<00:03, 11.21it/s, Saved at =inf, TrLoss=0.3993]
 Training FV-alpha-s3-t8:  28%|██▊       | 14/50 [00:01<00:03, 11.22it/s, Saved at =inf, TrLoss=0.3993]
 Training FV-alpha-s3-t8:  28%|██▊       | 14/50 [00:01<00:03, 11.22it/s, Saved at =inf, TrLoss=0.3079]
 Training FV-alpha-s3-t8:  28%|██▊       | 14/50 [00:01<00:03, 11.22it/s, Saved at =inf, TrLoss=0.3539]
 Training FV-alpha-s3-t8:  32%|███▏      | 16/50 [00:01<00:03, 11.23it/s, Saved at =inf, TrLoss=0.3539]
 Training FV-alpha-s3-t8:  32%|███▏      | 16/50 [00:01<00:03, 11.23it/s, Saved at =inf, TrLoss=0.3258]
 Training FV-alpha-s3-t8:  32%|███▏      | 16/50 [00:01<00:03, 11.23it/s, Saved at =inf, TrLoss=0.3274]
 Training FV-alpha-s3-t8:  36%|███▌      | 18/50 [00:01<00:02, 11.24it/s, Saved at =inf, TrLoss=0.3274]
 Training FV-alpha-s3-t8:  36%|███▌      | 18/50 [00:01<00:02, 11.24it/s, Saved at =inf, TrLoss=0.3036]
 Training FV-alpha-s3-t8:  36%|███▌      | 18/50 [00:01<00:02, 11.24it/s, Saved at =inf, TrLoss=0.3089]
 Training FV-alpha-s3-t8:  40%|████      | 20/50 [00:01<00:02, 11.24it/s, Saved at =inf, TrLoss=0.3089]
 Training FV-alpha-s3-t8:  40%|████      | 20/50 [00:01<00:02, 11.24it/s, Saved at =inf, TrLoss=0.2963]
 Training FV-alpha-s3-t8:  40%|████      | 20/50 [00:01<00:02, 11.24it/s, Saved at =inf, TrLoss=0.3020]
 Training FV-alpha-s3-t8:  44%|████▍     | 22/50 [00:01<00:02, 11.24it/s, Saved at =inf, TrLoss=0.3020]
 Training FV-alpha-s3-t8:  44%|████▍     | 22/50 [00:02<00:02, 11.24it/s, Saved at =inf, TrLoss=0.2807]
 Training FV-alpha-s3-t8:  44%|████▍     | 22/50 [00:02<00:02, 11.24it/s, Saved at =inf, TrLoss=0.2830]
 Training FV-alpha-s3-t8:  48%|████▊     | 24/50 [00:02<00:02, 11.22it/s, Saved at =inf, TrLoss=0.2830]
 Training FV-alpha-s3-t8:  48%|████▊     | 24/50 [00:02<00:02, 11.22it/s, Saved at =inf, TrLoss=0.2826]
 Training FV-alpha-s3-t8:  48%|████▊     | 24/50 [00:02<00:02, 11.22it/s, Saved at =inf, TrLoss=0.2807]
 Training FV-alpha-s3-t8:  52%|█████▏    | 26/50 [00:02<00:02, 11.22it/s, Saved at =inf, TrLoss=0.2807]
 Training FV-alpha-s3-t8:  52%|█████▏    | 26/50 [00:02<00:02, 11.22it/s, Saved at =inf, TrLoss=0.2644]
 Training FV-alpha-s3-t8:  52%|█████▏    | 26/50 [00:02<00:02, 11.22it/s, Saved at =inf, TrLoss=0.2780]
 Training FV-alpha-s3-t8:  56%|█████▌    | 28/50 [00:02<00:01, 11.22it/s, Saved at =inf, TrLoss=0.2780]
 Training FV-alpha-s3-t8:  56%|█████▌    | 28/50 [00:02<00:01, 11.22it/s, Saved at =inf, TrLoss=0.2728]
 Training FV-alpha-s3-t8:  56%|█████▌    | 28/50 [00:02<00:01, 11.22it/s, Saved at =inf, TrLoss=0.2772]
 Training FV-alpha-s3-t8:  60%|██████    | 30/50 [00:02<00:01, 11.22it/s, Saved at =inf, TrLoss=0.2772]
 Training FV-alpha-s3-t8:  60%|██████    | 30/50 [00:02<00:01, 11.22it/s, Saved at =inf, TrLoss=0.2575]
 Training FV-alpha-s3-t8:  60%|██████    | 30/50 [00:02<00:01, 11.22it/s, Saved at =inf, TrLoss=0.2640]
 Training FV-alpha-s3-t8:  64%|██████▍   | 32/50 [00:02<00:01, 11.23it/s, Saved at =inf, TrLoss=0.2640]
 Training FV-alpha-s3-t8:  64%|██████▍   | 32/50 [00:02<00:01, 11.23it/s, Saved at =inf, TrLoss=0.2515]
 Training FV-alpha-s3-t8:  64%|██████▍   | 32/50 [00:03<00:01, 11.23it/s, Saved at =inf, TrLoss=0.2607]
 Training FV-alpha-s3-t8:  68%|██████▊   | 34/50 [00:03<00:01, 11.23it/s, Saved at =inf, TrLoss=0.2607]
 Training FV-alpha-s3-t8:  68%|██████▊   | 34/50 [00:03<00:01, 11.23it/s, Saved at =inf, TrLoss=0.2473]
 Training FV-alpha-s3-t8:  68%|██████▊   | 34/50 [00:03<00:01, 11.23it/s, Saved at =inf, TrLoss=0.2493]
 Training FV-alpha-s3-t8:  72%|███████▏  | 36/50 [00:03<00:01, 11.24it/s, Saved at =inf, TrLoss=0.2493]
 Training FV-alpha-s3-t8:  72%|███████▏  | 36/50 [00:03<00:01, 11.24it/s, Saved at =inf, TrLoss=0.2474]
 Training FV-alpha-s3-t8:  72%|███████▏  | 36/50 [00:03<00:01, 11.24it/s, Saved at =inf, TrLoss=0.2325]
 Training FV-alpha-s3-t8:  76%|███████▌  | 38/50 [00:03<00:01, 11.24it/s, Saved at =inf, TrLoss=0.2325]
 Training FV-alpha-s3-t8:  76%|███████▌  | 38/50 [00:03<00:01, 11.24it/s, Saved at =inf, TrLoss=0.2478]
 Training FV-alpha-s3-t8:  76%|███████▌  | 38/50 [00:03<00:01, 11.24it/s, Saved at =inf, TrLoss=0.2403]
 Training FV-alpha-s3-t8:  80%|████████  | 40/50 [00:03<00:00, 11.24it/s, Saved at =inf, TrLoss=0.2403]
 Training FV-alpha-s3-t8:  80%|████████  | 40/50 [00:03<00:00, 11.24it/s, Saved at =inf, TrLoss=0.2462]
 Training FV-alpha-s3-t8:  80%|████████  | 40/50 [00:03<00:00, 11.24it/s, Saved at =inf, TrLoss=0.2331]
 Training FV-alpha-s3-t8:  84%|████████▍ | 42/50 [00:03<00:00, 11.23it/s, Saved at =inf, TrLoss=0.2331]
 Training FV-alpha-s3-t8:  84%|████████▍ | 42/50 [00:03<00:00, 11.23it/s, Saved at =inf, TrLoss=0.2380]
 Training FV-alpha-s3-t8:  84%|████████▍ | 42/50 [00:03<00:00, 11.23it/s, Saved at =inf, TrLoss=0.2303]
 Training FV-alpha-s3-t8:  88%|████████▊ | 44/50 [00:03<00:00, 11.23it/s, Saved at =inf, TrLoss=0.2303]
 Training FV-alpha-s3-t8:  88%|████████▊ | 44/50 [00:03<00:00, 11.23it/s, Saved at =inf, TrLoss=0.2386]
 Training FV-alpha-s3-t8:  88%|████████▊ | 44/50 [00:04<00:00, 11.23it/s, Saved at =inf, TrLoss=0.2207]
 Training FV-alpha-s3-t8:  92%|█████████▏| 46/50 [00:04<00:00, 11.22it/s, Saved at =inf, TrLoss=0.2207]
 Training FV-alpha-s3-t8:  92%|█████████▏| 46/50 [00:04<00:00, 11.22it/s, Saved at =inf, TrLoss=0.2331]
 Training FV-alpha-s3-t8:  92%|█████████▏| 46/50 [00:04<00:00, 11.22it/s, Saved at =inf, TrLoss=0.2223]
 Training FV-alpha-s3-t8:  96%|█████████▌| 48/50 [00:04<00:00, 11.22it/s, Saved at =inf, TrLoss=0.2223]
 Training FV-alpha-s3-t8:  96%|█████████▌| 48/50 [00:04<00:00, 11.22it/s, Saved at =inf, TrLoss=0.2293]
 Training FV-alpha-s3-t8:  96%|█████████▌| 48/50 [00:04<00:00, 11.22it/s, Saved at =inf, TrLoss=0.2217]
 Training FV-alpha-s3-t8: 100%|██████████| 50/50 [00:04<00:00, 11.22it/s, Saved at =inf, TrLoss=0.2217]
 Training FV-alpha-s3-t8: 100%|██████████| 50/50 [00:04<00:00, 11.21it/s, Saved at =inf, TrLoss=0.2217]

 Training FV-alpha-s3-t9:   0%|          | 0/50 [00:00<?, ?it/s]
 Training FV-alpha-s3-t9:   0%|          | 0/50 [00:00<?, ?it/s, Saved at =inf, TrLoss=0.9701]
 Training FV-alpha-s3-t9:   2%|▏         | 1/50 [00:00<00:05,  9.19it/s, Saved at =inf, TrLoss=0.9701]
 Training FV-alpha-s3-t9:   2%|▏         | 1/50 [00:00<00:05,  9.19it/s, Saved at =inf, TrLoss=0.7373]
 Training FV-alpha-s3-t9:   4%|▍         | 2/50 [00:00<00:05,  9.45it/s, Saved at =inf, TrLoss=0.7373]
 Training FV-alpha-s3-t9:   4%|▍         | 2/50 [00:00<00:05,  9.45it/s, Saved at =inf, TrLoss=0.7056]
 Training FV-alpha-s3-t9:   6%|▌         | 3/50 [00:00<00:04,  9.53it/s, Saved at =inf, TrLoss=0.7056]
 Training FV-alpha-s3-t9:   6%|▌         | 3/50 [00:00<00:04,  9.53it/s, Saved at =inf, TrLoss=0.6316]
 Training FV-alpha-s3-t9:   8%|▊         | 4/50 [00:00<00:04,  9.57it/s, Saved at =inf, TrLoss=0.6316]
 Training FV-alpha-s3-t9:   8%|▊         | 4/50 [00:00<00:04,  9.57it/s, Saved at =inf, TrLoss=0.5930]
 Training FV-alpha-s3-t9:  10%|█         | 5/50 [00:00<00:04,  9.59it/s, Saved at =inf, TrLoss=0.5930]
 Training FV-alpha-s3-t9:  10%|█         | 5/50 [00:00<00:04,  9.59it/s, Saved at =inf, TrLoss=0.5379]
 Training FV-alpha-s3-t9:  12%|█▏        | 6/50 [00:00<00:04,  9.60it/s, Saved at =inf, TrLoss=0.5379]
 Training FV-alpha-s3-t9:  12%|█▏        | 6/50 [00:00<00:04,  9.60it/s, Saved at =inf, TrLoss=0.5091]
 Training FV-alpha-s3-t9:  14%|█▍        | 7/50 [00:00<00:04,  9.61it/s, Saved at =inf, TrLoss=0.5091]
 Training FV-alpha-s3-t9:  14%|█▍        | 7/50 [00:00<00:04,  9.61it/s, Saved at =inf, TrLoss=0.4599]
 Training FV-alpha-s3-t9:  16%|█▌        | 8/50 [00:00<00:04,  9.61it/s, Saved at =inf, TrLoss=0.4599]
 Training FV-alpha-s3-t9:  16%|█▌        | 8/50 [00:00<00:04,  9.61it/s, Saved at =inf, TrLoss=0.4385]
 Training FV-alpha-s3-t9:  18%|█▊        | 9/50 [00:00<00:04,  9.61it/s, Saved at =inf, TrLoss=0.4385]
 Training FV-alpha-s3-t9:  18%|█▊        | 9/50 [00:01<00:04,  9.61it/s, Saved at =inf, TrLoss=0.4053]
 Training FV-alpha-s3-t9:  20%|██        | 10/50 [00:01<00:04,  9.62it/s, Saved at =inf, TrLoss=0.4053]
 Training FV-alpha-s3-t9:  20%|██        | 10/50 [00:01<00:04,  9.62it/s, Saved at =inf, TrLoss=0.4065]
 Training FV-alpha-s3-t9:  22%|██▏       | 11/50 [00:01<00:04,  9.62it/s, Saved at =inf, TrLoss=0.4065]
 Training FV-alpha-s3-t9:  22%|██▏       | 11/50 [00:01<00:04,  9.62it/s, Saved at =inf, TrLoss=0.3912]
 Training FV-alpha-s3-t9:  24%|██▍       | 12/50 [00:01<00:03,  9.62it/s, Saved at =inf, TrLoss=0.3912]
 Training FV-alpha-s3-t9:  24%|██▍       | 12/50 [00:01<00:03,  9.62it/s, Saved at =inf, TrLoss=0.3835]
 Training FV-alpha-s3-t9:  26%|██▌       | 13/50 [00:01<00:03,  9.62it/s, Saved at =inf, TrLoss=0.3835]
 Training FV-alpha-s3-t9:  26%|██▌       | 13/50 [00:01<00:03,  9.62it/s, Saved at =inf, TrLoss=0.3694]
 Training FV-alpha-s3-t9:  28%|██▊       | 14/50 [00:01<00:03,  9.63it/s, Saved at =inf, TrLoss=0.3694]
 Training FV-alpha-s3-t9:  28%|██▊       | 14/50 [00:01<00:03,  9.63it/s, Saved at =inf, TrLoss=0.3595]
 Training FV-alpha-s3-t9:  30%|███       | 15/50 [00:01<00:03,  9.63it/s, Saved at =inf, TrLoss=0.3595]
 Training FV-alpha-s3-t9:  30%|███       | 15/50 [00:01<00:03,  9.63it/s, Saved at =inf, TrLoss=0.3790]
 Training FV-alpha-s3-t9:  32%|███▏      | 16/50 [00:01<00:03,  9.63it/s, Saved at =inf, TrLoss=0.3790]
 Training FV-alpha-s3-t9:  32%|███▏      | 16/50 [00:01<00:03,  9.63it/s, Saved at =inf, TrLoss=0.3624]
 Training FV-alpha-s3-t9:  34%|███▍      | 17/50 [00:01<00:03,  9.63it/s, Saved at =inf, TrLoss=0.3624]
 Training FV-alpha-s3-t9:  34%|███▍      | 17/50 [00:01<00:03,  9.63it/s, Saved at =inf, TrLoss=0.3344]
 Training FV-alpha-s3-t9:  36%|███▌      | 18/50 [00:01<00:03,  9.63it/s, Saved at =inf, TrLoss=0.3344]
 Training FV-alpha-s3-t9:  36%|███▌      | 18/50 [00:01<00:03,  9.63it/s, Saved at =inf, TrLoss=0.3275]
 Training FV-alpha-s3-t9:  38%|███▊      | 19/50 [00:01<00:03,  9.63it/s, Saved at =inf, TrLoss=0.3275]
 Training FV-alpha-s3-t9:  38%|███▊      | 19/50 [00:02<00:03,  9.63it/s, Saved at =inf, TrLoss=0.3182]
 Training FV-alpha-s3-t9:  40%|████      | 20/50 [00:02<00:03,  9.62it/s, Saved at =inf, TrLoss=0.3182]
 Training FV-alpha-s3-t9:  40%|████      | 20/50 [00:02<00:03,  9.62it/s, Saved at =inf, TrLoss=0.3178]
 Training FV-alpha-s3-t9:  42%|████▏     | 21/50 [00:02<00:03,  9.62it/s, Saved at =inf, TrLoss=0.3178]
 Training FV-alpha-s3-t9:  42%|████▏     | 21/50 [00:02<00:03,  9.62it/s, Saved at =inf, TrLoss=0.3161]
 Training FV-alpha-s3-t9:  44%|████▍     | 22/50 [00:02<00:02,  9.63it/s, Saved at =inf, TrLoss=0.3161]
 Training FV-alpha-s3-t9:  44%|████▍     | 22/50 [00:02<00:02,  9.63it/s, Saved at =inf, TrLoss=0.3052]
 Training FV-alpha-s3-t9:  46%|████▌     | 23/50 [00:02<00:02,  9.62it/s, Saved at =inf, TrLoss=0.3052]
 Training FV-alpha-s3-t9:  46%|████▌     | 23/50 [00:02<00:02,  9.62it/s, Saved at =inf, TrLoss=0.2951]
 Training FV-alpha-s3-t9:  48%|████▊     | 24/50 [00:02<00:02,  9.62it/s, Saved at =inf, TrLoss=0.2951]
 Training FV-alpha-s3-t9:  48%|████▊     | 24/50 [00:02<00:02,  9.62it/s, Saved at =inf, TrLoss=0.3010]
 Training FV-alpha-s3-t9:  50%|█████     | 25/50 [00:02<00:02,  9.62it/s, Saved at =inf, TrLoss=0.3010]
 Training FV-alpha-s3-t9:  50%|█████     | 25/50 [00:02<00:02,  9.62it/s, Saved at =inf, TrLoss=0.3049]
 Training FV-alpha-s3-t9:  52%|█████▏    | 26/50 [00:02<00:02,  9.63it/s, Saved at =inf, TrLoss=0.3049]
 Training FV-alpha-s3-t9:  52%|█████▏    | 26/50 [00:02<00:02,  9.63it/s, Saved at =inf, TrLoss=0.3024]
 Training FV-alpha-s3-t9:  54%|█████▍    | 27/50 [00:02<00:02,  9.63it/s, Saved at =inf, TrLoss=0.3024]
 Training FV-alpha-s3-t9:  54%|█████▍    | 27/50 [00:02<00:02,  9.63it/s, Saved at =inf, TrLoss=0.2990]
 Training FV-alpha-s3-t9:  56%|█████▌    | 28/50 [00:02<00:02,  9.63it/s, Saved at =inf, TrLoss=0.2990]
 Training FV-alpha-s3-t9:  56%|█████▌    | 28/50 [00:02<00:02,  9.63it/s, Saved at =inf, TrLoss=0.2839]
 Training FV-alpha-s3-t9:  58%|█████▊    | 29/50 [00:03<00:02,  9.62it/s, Saved at =inf, TrLoss=0.2839]
 Training FV-alpha-s3-t9:  58%|█████▊    | 29/50 [00:03<00:02,  9.62it/s, Saved at =inf, TrLoss=0.2915]
 Training FV-alpha-s3-t9:  60%|██████    | 30/50 [00:03<00:02,  9.62it/s, Saved at =inf, TrLoss=0.2915]
 Training FV-alpha-s3-t9:  60%|██████    | 30/50 [00:03<00:02,  9.62it/s, Saved at =inf, TrLoss=0.2827]
 Training FV-alpha-s3-t9:  62%|██████▏   | 31/50 [00:03<00:01,  9.62it/s, Saved at =inf, TrLoss=0.2827]
 Training FV-alpha-s3-t9:  62%|██████▏   | 31/50 [00:03<00:01,  9.62it/s, Saved at =inf, TrLoss=0.2635]
 Training FV-alpha-s3-t9:  64%|██████▍   | 32/50 [00:03<00:01,  9.62it/s, Saved at =inf, TrLoss=0.2635]
 Training FV-alpha-s3-t9:  64%|██████▍   | 32/50 [00:03<00:01,  9.62it/s, Saved at =inf, TrLoss=0.2690]
 Training FV-alpha-s3-t9:  66%|██████▌   | 33/50 [00:03<00:01,  9.62it/s, Saved at =inf, TrLoss=0.2690]
 Training FV-alpha-s3-t9:  66%|██████▌   | 33/50 [00:03<00:01,  9.62it/s, Saved at =inf, TrLoss=0.2745]
 Training FV-alpha-s3-t9:  68%|██████▊   | 34/50 [00:03<00:01,  9.62it/s, Saved at =inf, TrLoss=0.2745]
 Training FV-alpha-s3-t9:  68%|██████▊   | 34/50 [00:03<00:01,  9.62it/s, Saved at =inf, TrLoss=0.2557]
 Training FV-alpha-s3-t9:  70%|███████   | 35/50 [00:03<00:01,  9.62it/s, Saved at =inf, TrLoss=0.2557]
 Training FV-alpha-s3-t9:  70%|███████   | 35/50 [00:03<00:01,  9.62it/s, Saved at =inf, TrLoss=0.2595]
 Training FV-alpha-s3-t9:  72%|███████▏  | 36/50 [00:03<00:01,  9.62it/s, Saved at =inf, TrLoss=0.2595]
 Training FV-alpha-s3-t9:  72%|███████▏  | 36/50 [00:03<00:01,  9.62it/s, Saved at =inf, TrLoss=0.2592]
 Training FV-alpha-s3-t9:  74%|███████▍  | 37/50 [00:03<00:01,  9.62it/s, Saved at =inf, TrLoss=0.2592]
 Training FV-alpha-s3-t9:  74%|███████▍  | 37/50 [00:03<00:01,  9.62it/s, Saved at =inf, TrLoss=0.2422]
 Training FV-alpha-s3-t9:  76%|███████▌  | 38/50 [00:03<00:01,  9.62it/s, Saved at =inf, TrLoss=0.2422]
 Training FV-alpha-s3-t9:  76%|███████▌  | 38/50 [00:04<00:01,  9.62it/s, Saved at =inf, TrLoss=0.2493]
 Training FV-alpha-s3-t9:  78%|███████▊  | 39/50 [00:04<00:01,  9.62it/s, Saved at =inf, TrLoss=0.2493]
 Training FV-alpha-s3-t9:  78%|███████▊  | 39/50 [00:04<00:01,  9.62it/s, Saved at =inf, TrLoss=0.2481]
 Training FV-alpha-s3-t9:  80%|████████  | 40/50 [00:04<00:01,  9.63it/s, Saved at =inf, TrLoss=0.2481]
 Training FV-alpha-s3-t9:  80%|████████  | 40/50 [00:04<00:01,  9.63it/s, Saved at =inf, TrLoss=0.2434]
 Training FV-alpha-s3-t9:  82%|████████▏ | 41/50 [00:04<00:00,  9.62it/s, Saved at =inf, TrLoss=0.2434]
 Training FV-alpha-s3-t9:  82%|████████▏ | 41/50 [00:04<00:00,  9.62it/s, Saved at =inf, TrLoss=0.2436]
 Training FV-alpha-s3-t9:  84%|████████▍ | 42/50 [00:04<00:00,  9.62it/s, Saved at =inf, TrLoss=0.2436]
 Training FV-alpha-s3-t9:  84%|████████▍ | 42/50 [00:04<00:00,  9.62it/s, Saved at =inf, TrLoss=0.2369]
 Training FV-alpha-s3-t9:  86%|████████▌ | 43/50 [00:04<00:00,  9.62it/s, Saved at =inf, TrLoss=0.2369]
 Training FV-alpha-s3-t9:  86%|████████▌ | 43/50 [00:04<00:00,  9.62it/s, Saved at =inf, TrLoss=0.2469]
 Training FV-alpha-s3-t9:  88%|████████▊ | 44/50 [00:04<00:00,  9.62it/s, Saved at =inf, TrLoss=0.2469]
 Training FV-alpha-s3-t9:  88%|████████▊ | 44/50 [00:04<00:00,  9.62it/s, Saved at =inf, TrLoss=0.2438]
 Training FV-alpha-s3-t9:  90%|█████████ | 45/50 [00:04<00:00,  9.62it/s, Saved at =inf, TrLoss=0.2438]
 Training FV-alpha-s3-t9:  90%|█████████ | 45/50 [00:04<00:00,  9.62it/s, Saved at =inf, TrLoss=0.2309]
 Training FV-alpha-s3-t9:  92%|█████████▏| 46/50 [00:04<00:00,  9.62it/s, Saved at =inf, TrLoss=0.2309]
 Training FV-alpha-s3-t9:  92%|█████████▏| 46/50 [00:04<00:00,  9.62it/s, Saved at =inf, TrLoss=0.2251]
 Training FV-alpha-s3-t9:  94%|█████████▍| 47/50 [00:04<00:00,  9.62it/s, Saved at =inf, TrLoss=0.2251]
 Training FV-alpha-s3-t9:  94%|█████████▍| 47/50 [00:04<00:00,  9.62it/s, Saved at =inf, TrLoss=0.2362]
 Training FV-alpha-s3-t9:  96%|█████████▌| 48/50 [00:04<00:00,  9.62it/s, Saved at =inf, TrLoss=0.2362]
 Training FV-alpha-s3-t9:  96%|█████████▌| 48/50 [00:05<00:00,  9.62it/s, Saved at =inf, TrLoss=0.2318]
 Training FV-alpha-s3-t9:  98%|█████████▊| 49/50 [00:05<00:00,  9.62it/s, Saved at =inf, TrLoss=0.2318]
 Training FV-alpha-s3-t9:  98%|█████████▊| 49/50 [00:05<00:00,  9.62it/s, Saved at =inf, TrLoss=0.2285]
 Training FV-alpha-s3-t9: 100%|██████████| 50/50 [00:05<00:00,  9.62it/s, Saved at =inf, TrLoss=0.2285]
 Training FV-alpha-s3-t9: 100%|██████████| 50/50 [00:05<00:00,  9.61it/s, Saved at =inf, TrLoss=0.2285]

 Training ATK-alpha-s3-t7:   0%|          | 0/50 [00:00<?, ?it/s]
 Training ATK-alpha-s3-t7:   0%|          | 0/50 [00:00<?, ?it/s, Saved at =inf, TrLoss=0.6890]
 Training ATK-alpha-s3-t7:   0%|          | 0/50 [00:00<?, ?it/s, Saved at =inf, TrLoss=0.6662]
 Training ATK-alpha-s3-t7:   4%|▍         | 2/50 [00:00<00:03, 12.24it/s, Saved at =inf, TrLoss=0.6662]
 Training ATK-alpha-s3-t7:   4%|▍         | 2/50 [00:00<00:03, 12.24it/s, Saved at =inf, TrLoss=0.6719]
 Training ATK-alpha-s3-t7:   4%|▍         | 2/50 [00:00<00:03, 12.24it/s, Saved at =inf, TrLoss=0.5635]
 Training ATK-alpha-s3-t7:   8%|▊         | 4/50 [00:00<00:03, 12.33it/s, Saved at =inf, TrLoss=0.5635]
 Training ATK-alpha-s3-t7:   8%|▊         | 4/50 [00:00<00:03, 12.33it/s, Saved at =inf, TrLoss=0.5028]
 Training ATK-alpha-s3-t7:   8%|▊         | 4/50 [00:00<00:03, 12.33it/s, Saved at =inf, TrLoss=0.5343]
 Training ATK-alpha-s3-t7:  12%|█▏        | 6/50 [00:00<00:03, 12.43it/s, Saved at =inf, TrLoss=0.5343]
 Training ATK-alpha-s3-t7:  12%|█▏        | 6/50 [00:00<00:03, 12.43it/s, Saved at =inf, TrLoss=0.5298]
 Training ATK-alpha-s3-t7:  12%|█▏        | 6/50 [00:00<00:03, 12.43it/s, Saved at =inf, TrLoss=0.4711]
 Training ATK-alpha-s3-t7:  16%|█▌        | 8/50 [00:00<00:03, 12.41it/s, Saved at =inf, TrLoss=0.4711]
 Training ATK-alpha-s3-t7:  16%|█▌        | 8/50 [00:00<00:03, 12.41it/s, Saved at =inf, TrLoss=0.4302]
 Training ATK-alpha-s3-t7:  16%|█▌        | 8/50 [00:00<00:03, 12.41it/s, Saved at =inf, TrLoss=0.4228]
 Training ATK-alpha-s3-t7:  20%|██        | 10/50 [00:00<00:03, 12.41it/s, Saved at =inf, TrLoss=0.4228]
 Training ATK-alpha-s3-t7:  20%|██        | 10/50 [00:00<00:03, 12.41it/s, Saved at =inf, TrLoss=0.3958]
 Training ATK-alpha-s3-t7:  20%|██        | 10/50 [00:00<00:03, 12.41it/s, Saved at =inf, TrLoss=0.3557]
 Training ATK-alpha-s3-t7:  24%|██▍       | 12/50 [00:00<00:03, 12.41it/s, Saved at =inf, TrLoss=0.3557]
 Training ATK-alpha-s3-t7:  24%|██▍       | 12/50 [00:01<00:03, 12.41it/s, Saved at =inf, TrLoss=0.3855]
 Training ATK-alpha-s3-t7:  24%|██▍       | 12/50 [00:01<00:03, 12.41it/s, Saved at =inf, TrLoss=0.3427]
 Training ATK-alpha-s3-t7:  28%|██▊       | 14/50 [00:01<00:02, 12.40it/s, Saved at =inf, TrLoss=0.3427]
 Training ATK-alpha-s3-t7:  28%|██▊       | 14/50 [00:01<00:02, 12.40it/s, Saved at =inf, TrLoss=0.3337]
 Training ATK-alpha-s3-t7:  28%|██▊       | 14/50 [00:01<00:02, 12.40it/s, Saved at =inf, TrLoss=0.3177]
 Training ATK-alpha-s3-t7:  32%|███▏      | 16/50 [00:01<00:02, 12.40it/s, Saved at =inf, TrLoss=0.3177]
 Training ATK-alpha-s3-t7:  32%|███▏      | 16/50 [00:01<00:02, 12.40it/s, Saved at =inf, TrLoss=0.3342]
 Training ATK-alpha-s3-t7:  32%|███▏      | 16/50 [00:01<00:02, 12.40it/s, Saved at =inf, TrLoss=0.3099]
 Training ATK-alpha-s3-t7:  36%|███▌      | 18/50 [00:01<00:02, 12.40it/s, Saved at =inf, TrLoss=0.3099]
 Training ATK-alpha-s3-t7:  36%|███▌      | 18/50 [00:01<00:02, 12.40it/s, Saved at =inf, TrLoss=0.3067]
 Training ATK-alpha-s3-t7:  36%|███▌      | 18/50 [00:01<00:02, 12.40it/s, Saved at =inf, TrLoss=0.2858]
 Training ATK-alpha-s3-t7:  40%|████      | 20/50 [00:01<00:02, 12.40it/s, Saved at =inf, TrLoss=0.2858]
 Training ATK-alpha-s3-t7:  40%|████      | 20/50 [00:01<00:02, 12.40it/s, Saved at =inf, TrLoss=0.2885]
 Training ATK-alpha-s3-t7:  40%|████      | 20/50 [00:01<00:02, 12.40it/s, Saved at =inf, TrLoss=0.2859]
 Training ATK-alpha-s3-t7:  44%|████▍     | 22/50 [00:01<00:02, 12.40it/s, Saved at =inf, TrLoss=0.2859]
 Training ATK-alpha-s3-t7:  44%|████▍     | 22/50 [00:01<00:02, 12.40it/s, Saved at =inf, TrLoss=0.2974]
 Training ATK-alpha-s3-t7:  44%|████▍     | 22/50 [00:01<00:02, 12.40it/s, Saved at =inf, TrLoss=0.2738]
 Training ATK-alpha-s3-t7:  48%|████▊     | 24/50 [00:01<00:02, 12.41it/s, Saved at =inf, TrLoss=0.2738]
 Training ATK-alpha-s3-t7:  48%|████▊     | 24/50 [00:01<00:02, 12.41it/s, Saved at =inf, TrLoss=0.2814]
 Training ATK-alpha-s3-t7:  48%|████▊     | 24/50 [00:02<00:02, 12.41it/s, Saved at =inf, TrLoss=0.2653]
 Training ATK-alpha-s3-t7:  52%|█████▏    | 26/50 [00:02<00:01, 12.40it/s, Saved at =inf, TrLoss=0.2653]
 Training ATK-alpha-s3-t7:  52%|█████▏    | 26/50 [00:02<00:01, 12.40it/s, Saved at =inf, TrLoss=0.2543]
 Training ATK-alpha-s3-t7:  52%|█████▏    | 26/50 [00:02<00:01, 12.40it/s, Saved at =inf, TrLoss=0.2653]
 Training ATK-alpha-s3-t7:  56%|█████▌    | 28/50 [00:02<00:01, 12.40it/s, Saved at =inf, TrLoss=0.2653]
 Training ATK-alpha-s3-t7:  56%|█████▌    | 28/50 [00:02<00:01, 12.40it/s, Saved at =inf, TrLoss=0.2620]
 Training ATK-alpha-s3-t7:  56%|█████▌    | 28/50 [00:02<00:01, 12.40it/s, Saved at =inf, TrLoss=0.2517]
 Training ATK-alpha-s3-t7:  60%|██████    | 30/50 [00:02<00:01, 12.40it/s, Saved at =inf, TrLoss=0.2517]
 Training ATK-alpha-s3-t7:  60%|██████    | 30/50 [00:02<00:01, 12.40it/s, Saved at =inf, TrLoss=0.2519]
 Training ATK-alpha-s3-t7:  60%|██████    | 30/50 [00:02<00:01, 12.40it/s, Saved at =inf, TrLoss=0.2481]
 Training ATK-alpha-s3-t7:  64%|██████▍   | 32/50 [00:02<00:01, 12.40it/s, Saved at =inf, TrLoss=0.2481]
 Training ATK-alpha-s3-t7:  64%|██████▍   | 32/50 [00:02<00:01, 12.40it/s, Saved at =inf, TrLoss=0.2416]
 Training ATK-alpha-s3-t7:  64%|██████▍   | 32/50 [00:02<00:01, 12.40it/s, Saved at =inf, TrLoss=0.2355]
 Training ATK-alpha-s3-t7:  68%|██████▊   | 34/50 [00:02<00:01, 12.39it/s, Saved at =inf, TrLoss=0.2355]
 Training ATK-alpha-s3-t7:  68%|██████▊   | 34/50 [00:02<00:01, 12.39it/s, Saved at =inf, TrLoss=0.2360]
 Training ATK-alpha-s3-t7:  68%|██████▊   | 34/50 [00:02<00:01, 12.39it/s, Saved at =inf, TrLoss=0.2359]
 Training ATK-alpha-s3-t7:  72%|███████▏  | 36/50 [00:02<00:01, 12.39it/s, Saved at =inf, TrLoss=0.2359]
 Training ATK-alpha-s3-t7:  72%|███████▏  | 36/50 [00:02<00:01, 12.39it/s, Saved at =inf, TrLoss=0.2343]
 Training ATK-alpha-s3-t7:  72%|███████▏  | 36/50 [00:03<00:01, 12.39it/s, Saved at =inf, TrLoss=0.2292]
 Training ATK-alpha-s3-t7:  76%|███████▌  | 38/50 [00:03<00:00, 12.40it/s, Saved at =inf, TrLoss=0.2292]
 Training ATK-alpha-s3-t7:  76%|███████▌  | 38/50 [00:03<00:00, 12.40it/s, Saved at =inf, TrLoss=0.2353]
 Training ATK-alpha-s3-t7:  76%|███████▌  | 38/50 [00:03<00:00, 12.40it/s, Saved at =inf, TrLoss=0.2247]
 Training ATK-alpha-s3-t7:  80%|████████  | 40/50 [00:03<00:00, 12.40it/s, Saved at =inf, TrLoss=0.2247]
 Training ATK-alpha-s3-t7:  80%|████████  | 40/50 [00:03<00:00, 12.40it/s, Saved at =inf, TrLoss=0.2249]
 Training ATK-alpha-s3-t7:  80%|████████  | 40/50 [00:03<00:00, 12.40it/s, Saved at =inf, TrLoss=0.2205]
 Training ATK-alpha-s3-t7:  84%|████████▍ | 42/50 [00:03<00:00, 12.40it/s, Saved at =inf, TrLoss=0.2205]
 Training ATK-alpha-s3-t7:  84%|████████▍ | 42/50 [00:03<00:00, 12.40it/s, Saved at =inf, TrLoss=0.2120]
 Training ATK-alpha-s3-t7:  84%|████████▍ | 42/50 [00:03<00:00, 12.40it/s, Saved at =inf, TrLoss=0.2264]
 Training ATK-alpha-s3-t7:  88%|████████▊ | 44/50 [00:03<00:00, 12.40it/s, Saved at =inf, TrLoss=0.2264]
 Training ATK-alpha-s3-t7:  88%|████████▊ | 44/50 [00:03<00:00, 12.40it/s, Saved at =inf, TrLoss=0.2148]
 Training ATK-alpha-s3-t7:  88%|████████▊ | 44/50 [00:03<00:00, 12.40it/s, Saved at =inf, TrLoss=0.2077]
 Training ATK-alpha-s3-t7:  92%|█████████▏| 46/50 [00:03<00:00, 12.40it/s, Saved at =inf, TrLoss=0.2077]
 Training ATK-alpha-s3-t7:  92%|█████████▏| 46/50 [00:03<00:00, 12.40it/s, Saved at =inf, TrLoss=0.2063]
 Training ATK-alpha-s3-t7:  92%|█████████▏| 46/50 [00:03<00:00, 12.40it/s, Saved at =inf, TrLoss=0.2068]
 Training ATK-alpha-s3-t7:  96%|█████████▌| 48/50 [00:03<00:00, 12.40it/s, Saved at =inf, TrLoss=0.2068]
 Training ATK-alpha-s3-t7:  96%|█████████▌| 48/50 [00:03<00:00, 12.40it/s, Saved at =inf, TrLoss=0.2058]
 Training ATK-alpha-s3-t7:  96%|█████████▌| 48/50 [00:04<00:00, 12.40it/s, Saved at =inf, TrLoss=0.2016]
 Training ATK-alpha-s3-t7: 100%|██████████| 50/50 [00:04<00:00, 12.40it/s, Saved at =inf, TrLoss=0.2016]
 Training ATK-alpha-s3-t7: 100%|██████████| 50/50 [00:04<00:00, 12.40it/s, Saved at =inf, TrLoss=0.2016]
[06:41:02]   MCC=0.389±0.068, AUC=0.767±0.070, BAcc=0.686±0.076
[06:41:02] Training GDTE on alpha (seed=4)...

 Training FV-alpha-s4-t2:   0%|          | 0/50 [00:00<?, ?it/s]
 Training FV-alpha-s4-t2:   0%|          | 0/50 [00:00<?, ?it/s, Saved at =inf, TrLoss=0.7182]
 Training FV-alpha-s4-t2:   0%|          | 0/50 [00:00<?, ?it/s, Saved at =inf, TrLoss=0.5627]
 Training FV-alpha-s4-t2:   0%|          | 0/50 [00:00<?, ?it/s, Saved at =inf, TrLoss=0.4153]
 Training FV-alpha-s4-t2:   0%|          | 0/50 [00:00<?, ?it/s, Saved at =inf, TrLoss=0.5397]
 Training FV-alpha-s4-t2:   8%|▊         | 4/50 [00:00<00:01, 38.39it/s, Saved at =inf, TrLoss=0.5397]
 Training FV-alpha-s4-t2:   8%|▊         | 4/50 [00:00<00:01, 38.39it/s, Saved at =inf, TrLoss=0.3220]
 Training FV-alpha-s4-t2:   8%|▊         | 4/50 [00:00<00:01, 38.39it/s, Saved at =inf, TrLoss=0.3018]
 Training FV-alpha-s4-t2:   8%|▊         | 4/50 [00:00<00:01, 38.39it/s, Saved at =inf, TrLoss=0.2252]
 Training FV-alpha-s4-t2:   8%|▊         | 4/50 [00:00<00:01, 38.39it/s, Saved at =inf, TrLoss=0.2516]
 Training FV-alpha-s4-t2:  16%|█▌        | 8/50 [00:00<00:01, 38.59it/s, Saved at =inf, TrLoss=0.2516]
 Training FV-alpha-s4-t2:  16%|█▌        | 8/50 [00:00<00:01, 38.59it/s, Saved at =inf, TrLoss=0.2195]
 Training FV-alpha-s4-t2:  16%|█▌        | 8/50 [00:00<00:01, 38.59it/s, Saved at =inf, TrLoss=0.1850]
 Training FV-alpha-s4-t2:  16%|█▌        | 8/50 [00:00<00:01, 38.59it/s, Saved at =inf, TrLoss=0.2129]
 Training FV-alpha-s4-t2:  16%|█▌        | 8/50 [00:00<00:01, 38.59it/s, Saved at =inf, TrLoss=0.1662]
 Training FV-alpha-s4-t2:  24%|██▍       | 12/50 [00:00<00:00, 38.64it/s, Saved at =inf, TrLoss=0.1662]
 Training FV-alpha-s4-t2:  24%|██▍       | 12/50 [00:00<00:00, 38.64it/s, Saved at =inf, TrLoss=0.1654]
 Training FV-alpha-s4-t2:  24%|██▍       | 12/50 [00:00<00:00, 38.64it/s, Saved at =inf, TrLoss=0.1698]
 Training FV-alpha-s4-t2:  24%|██▍       | 12/50 [00:00<00:00, 38.64it/s, Saved at =inf, TrLoss=0.1783]
 Training FV-alpha-s4-t2:  24%|██▍       | 12/50 [00:00<00:00, 38.64it/s, Saved at =inf, TrLoss=0.1293]
 Training FV-alpha-s4-t2:  32%|███▏      | 16/50 [00:00<00:00, 38.70it/s, Saved at =inf, TrLoss=0.1293]
 Training FV-alpha-s4-t2:  32%|███▏      | 16/50 [00:00<00:00, 38.70it/s, Saved at =inf, TrLoss=0.1597]
 Training FV-alpha-s4-t2:  32%|███▏      | 16/50 [00:00<00:00, 38.70it/s, Saved at =inf, TrLoss=0.1870]
 Training FV-alpha-s4-t2:  32%|███▏      | 16/50 [00:00<00:00, 38.70it/s, Saved at =inf, TrLoss=0.1440]
 Training FV-alpha-s4-t2:  32%|███▏      | 16/50 [00:00<00:00, 38.70it/s, Saved at =inf, TrLoss=0.1191]
 Training FV-alpha-s4-t2:  40%|████      | 20/50 [00:00<00:00, 38.70it/s, Saved at =inf, TrLoss=0.1191]
 Training FV-alpha-s4-t2:  40%|████      | 20/50 [00:00<00:00, 38.70it/s, Saved at =inf, TrLoss=0.1550]
 Training FV-alpha-s4-t2:  40%|████      | 20/50 [00:00<00:00, 38.70it/s, Saved at =inf, TrLoss=0.1024]
 Training FV-alpha-s4-t2:  40%|████      | 20/50 [00:00<00:00, 38.70it/s, Saved at =inf, TrLoss=0.1259]
 Training FV-alpha-s4-t2:  40%|████      | 20/50 [00:00<00:00, 38.70it/s, Saved at =inf, TrLoss=0.1334]
 Training FV-alpha-s4-t2:  48%|████▊     | 24/50 [00:00<00:00, 38.72it/s, Saved at =inf, TrLoss=0.1334]
 Training FV-alpha-s4-t2:  48%|████▊     | 24/50 [00:00<00:00, 38.72it/s, Saved at =inf, TrLoss=0.1462]
 Training FV-alpha-s4-t2:  48%|████▊     | 24/50 [00:00<00:00, 38.72it/s, Saved at =inf, TrLoss=0.1075]
 Training FV-alpha-s4-t2:  48%|████▊     | 24/50 [00:00<00:00, 38.72it/s, Saved at =inf, TrLoss=0.1191]
 Training FV-alpha-s4-t2:  48%|████▊     | 24/50 [00:00<00:00, 38.72it/s, Saved at =inf, TrLoss=0.1127]
 Training FV-alpha-s4-t2:  56%|█████▌    | 28/50 [00:00<00:00, 38.72it/s, Saved at =inf, TrLoss=0.1127]
 Training FV-alpha-s4-t2:  56%|█████▌    | 28/50 [00:00<00:00, 38.72it/s, Saved at =inf, TrLoss=0.1031]
 Training FV-alpha-s4-t2:  56%|█████▌    | 28/50 [00:00<00:00, 38.72it/s, Saved at =inf, TrLoss=0.1085]
 Training FV-alpha-s4-t2:  56%|█████▌    | 28/50 [00:00<00:00, 38.72it/s, Saved at =inf, TrLoss=0.0926]
 Training FV-alpha-s4-t2:  56%|█████▌    | 28/50 [00:00<00:00, 38.72it/s, Saved at =inf, TrLoss=0.1016]
 Training FV-alpha-s4-t2:  64%|██████▍   | 32/50 [00:00<00:00, 38.73it/s, Saved at =inf, TrLoss=0.1016]
 Training FV-alpha-s4-t2:  64%|██████▍   | 32/50 [00:00<00:00, 38.73it/s, Saved at =inf, TrLoss=0.0961]
 Training FV-alpha-s4-t2:  64%|██████▍   | 32/50 [00:00<00:00, 38.73it/s, Saved at =inf, TrLoss=0.1344]
 Training FV-alpha-s4-t2:  64%|██████▍   | 32/50 [00:00<00:00, 38.73it/s, Saved at =inf, TrLoss=0.0978]
 Training FV-alpha-s4-t2:  64%|██████▍   | 32/50 [00:00<00:00, 38.73it/s, Saved at =inf, TrLoss=0.1225]
 Training FV-alpha-s4-t2:  72%|███████▏  | 36/50 [00:00<00:00, 38.74it/s, Saved at =inf, TrLoss=0.1225]
 Training FV-alpha-s4-t2:  72%|███████▏  | 36/50 [00:00<00:00, 38.74it/s, Saved at =inf, TrLoss=0.1173]
 Training FV-alpha-s4-t2:  72%|███████▏  | 36/50 [00:00<00:00, 38.74it/s, Saved at =inf, TrLoss=0.0966]
 Training FV-alpha-s4-t2:  72%|███████▏  | 36/50 [00:00<00:00, 38.74it/s, Saved at =inf, TrLoss=0.1314]
 Training FV-alpha-s4-t2:  72%|███████▏  | 36/50 [00:01<00:00, 38.74it/s, Saved at =inf, TrLoss=0.1084]
 Training FV-alpha-s4-t2:  80%|████████  | 40/50 [00:01<00:00, 38.75it/s, Saved at =inf, TrLoss=0.1084]
 Training FV-alpha-s4-t2:  80%|████████  | 40/50 [00:01<00:00, 38.75it/s, Saved at =inf, TrLoss=0.0956]
 Training FV-alpha-s4-t2:  80%|████████  | 40/50 [00:01<00:00, 38.75it/s, Saved at =inf, TrLoss=0.0772]
 Training FV-alpha-s4-t2:  80%|████████  | 40/50 [00:01<00:00, 38.75it/s, Saved at =inf, TrLoss=0.0883]
 Training FV-alpha-s4-t2:  80%|████████  | 40/50 [00:01<00:00, 38.75it/s, Saved at =inf, TrLoss=0.1131]
 Training FV-alpha-s4-t2:  88%|████████▊ | 44/50 [00:01<00:00, 38.74it/s, Saved at =inf, TrLoss=0.1131]
 Training FV-alpha-s4-t2:  88%|████████▊ | 44/50 [00:01<00:00, 38.74it/s, Saved at =inf, TrLoss=0.1388]
 Training FV-alpha-s4-t2:  88%|████████▊ | 44/50 [00:01<00:00, 38.74it/s, Saved at =inf, TrLoss=0.0949]
 Training FV-alpha-s4-t2:  88%|████████▊ | 44/50 [00:01<00:00, 38.74it/s, Saved at =inf, TrLoss=0.0855]
 Training FV-alpha-s4-t2:  88%|████████▊ | 44/50 [00:01<00:00, 38.74it/s, Saved at =inf, TrLoss=0.0737]
 Training FV-alpha-s4-t2:  96%|█████████▌| 48/50 [00:01<00:00, 38.73it/s, Saved at =inf, TrLoss=0.0737]
 Training FV-alpha-s4-t2:  96%|█████████▌| 48/50 [00:01<00:00, 38.73it/s, Saved at =inf, TrLoss=0.0979]
 Training FV-alpha-s4-t2:  96%|█████████▌| 48/50 [00:01<00:00, 38.73it/s, Saved at =inf, TrLoss=0.0948]
 Training FV-alpha-s4-t2: 100%|██████████| 50/50 [00:01<00:00, 38.71it/s, Saved at =inf, TrLoss=0.0948]

 Training FV-alpha-s4-t3:   0%|          | 0/50 [00:00<?, ?it/s]
 Training FV-alpha-s4-t3:   0%|          | 0/50 [00:00<?, ?it/s, Saved at =inf, TrLoss=0.7874]
 Training FV-alpha-s4-t3:   0%|          | 0/50 [00:00<?, ?it/s, Saved at =inf, TrLoss=0.8502]
 Training FV-alpha-s4-t3:   0%|          | 0/50 [00:00<?, ?it/s, Saved at =inf, TrLoss=0.5405]
 Training FV-alpha-s4-t3:   6%|▌         | 3/50 [00:00<00:01, 26.27it/s, Saved at =inf, TrLoss=0.5405]
 Training FV-alpha-s4-t3:   6%|▌         | 3/50 [00:00<00:01, 26.27it/s, Saved at =inf, TrLoss=0.5329]
 Training FV-alpha-s4-t3:   6%|▌         | 3/50 [00:00<00:01, 26.27it/s, Saved at =inf, TrLoss=0.4482]
 Training FV-alpha-s4-t3:   6%|▌         | 3/50 [00:00<00:01, 26.27it/s, Saved at =inf, TrLoss=0.4101]
 Training FV-alpha-s4-t3:  12%|█▏        | 6/50 [00:00<00:01, 25.95it/s, Saved at =inf, TrLoss=0.4101]
 Training FV-alpha-s4-t3:  12%|█▏        | 6/50 [00:00<00:01, 25.95it/s, Saved at =inf, TrLoss=0.3552]
 Training FV-alpha-s4-t3:  12%|█▏        | 6/50 [00:00<00:01, 25.95it/s, Saved at =inf, TrLoss=0.2996]
 Training FV-alpha-s4-t3:  12%|█▏        | 6/50 [00:00<00:01, 25.95it/s, Saved at =inf, TrLoss=0.2904]
 Training FV-alpha-s4-t3:  18%|█▊        | 9/50 [00:00<00:01, 25.86it/s, Saved at =inf, TrLoss=0.2904]
 Training FV-alpha-s4-t3:  18%|█▊        | 9/50 [00:00<00:01, 25.86it/s, Saved at =inf, TrLoss=0.3040]
 Training FV-alpha-s4-t3:  18%|█▊        | 9/50 [00:00<00:01, 25.86it/s, Saved at =inf, TrLoss=0.2424]
 Training FV-alpha-s4-t3:  18%|█▊        | 9/50 [00:00<00:01, 25.86it/s, Saved at =inf, TrLoss=0.2223]
 Training FV-alpha-s4-t3:  24%|██▍       | 12/50 [00:00<00:01, 25.81it/s, Saved at =inf, TrLoss=0.2223]
 Training FV-alpha-s4-t3:  24%|██▍       | 12/50 [00:00<00:01, 25.81it/s, Saved at =inf, TrLoss=0.2032]
 Training FV-alpha-s4-t3:  24%|██▍       | 12/50 [00:00<00:01, 25.81it/s, Saved at =inf, TrLoss=0.2391]
 Training FV-alpha-s4-t3:  24%|██▍       | 12/50 [00:00<00:01, 25.81it/s, Saved at =inf, TrLoss=0.1952]
 Training FV-alpha-s4-t3:  30%|███       | 15/50 [00:00<00:01, 25.79it/s, Saved at =inf, TrLoss=0.1952]
 Training FV-alpha-s4-t3:  30%|███       | 15/50 [00:00<00:01, 25.79it/s, Saved at =inf, TrLoss=0.1733]
 Training FV-alpha-s4-t3:  30%|███       | 15/50 [00:00<00:01, 25.79it/s, Saved at =inf, TrLoss=0.1654]
 Training FV-alpha-s4-t3:  30%|███       | 15/50 [00:00<00:01, 25.79it/s, Saved at =inf, TrLoss=0.1889]
 Training FV-alpha-s4-t3:  36%|███▌      | 18/50 [00:00<00:01, 25.78it/s, Saved at =inf, TrLoss=0.1889]
 Training FV-alpha-s4-t3:  36%|███▌      | 18/50 [00:00<00:01, 25.78it/s, Saved at =inf, TrLoss=0.2013]
 Training FV-alpha-s4-t3:  36%|███▌      | 18/50 [00:00<00:01, 25.78it/s, Saved at =inf, TrLoss=0.1741]
 Training FV-alpha-s4-t3:  36%|███▌      | 18/50 [00:00<00:01, 25.78it/s, Saved at =inf, TrLoss=0.1737]
 Training FV-alpha-s4-t3:  42%|████▏     | 21/50 [00:00<00:01, 25.78it/s, Saved at =inf, TrLoss=0.1737]
 Training FV-alpha-s4-t3:  42%|████▏     | 21/50 [00:00<00:01, 25.78it/s, Saved at =inf, TrLoss=0.1768]
 Training FV-alpha-s4-t3:  42%|████▏     | 21/50 [00:00<00:01, 25.78it/s, Saved at =inf, TrLoss=0.1585]
 Training FV-alpha-s4-t3:  42%|████▏     | 21/50 [00:00<00:01, 25.78it/s, Saved at =inf, TrLoss=0.1807]
 Training FV-alpha-s4-t3:  48%|████▊     | 24/50 [00:00<00:01, 25.77it/s, Saved at =inf, TrLoss=0.1807]
 Training FV-alpha-s4-t3:  48%|████▊     | 24/50 [00:00<00:01, 25.77it/s, Saved at =inf, TrLoss=0.1607]
 Training FV-alpha-s4-t3:  48%|████▊     | 24/50 [00:00<00:01, 25.77it/s, Saved at =inf, TrLoss=0.1528]
 Training FV-alpha-s4-t3:  48%|████▊     | 24/50 [00:01<00:01, 25.77it/s, Saved at =inf, TrLoss=0.1543]
 Training FV-alpha-s4-t3:  54%|█████▍    | 27/50 [00:01<00:00, 25.77it/s, Saved at =inf, TrLoss=0.1543]
 Training FV-alpha-s4-t3:  54%|█████▍    | 27/50 [00:01<00:00, 25.77it/s, Saved at =inf, TrLoss=0.1615]
 Training FV-alpha-s4-t3:  54%|█████▍    | 27/50 [00:01<00:00, 25.77it/s, Saved at =inf, TrLoss=0.1536]
 Training FV-alpha-s4-t3:  54%|█████▍    | 27/50 [00:01<00:00, 25.77it/s, Saved at =inf, TrLoss=0.1626]
 Training FV-alpha-s4-t3:  60%|██████    | 30/50 [00:01<00:00, 25.77it/s, Saved at =inf, TrLoss=0.1626]
 Training FV-alpha-s4-t3:  60%|██████    | 30/50 [00:01<00:00, 25.77it/s, Saved at =inf, TrLoss=0.1600]
 Training FV-alpha-s4-t3:  60%|██████    | 30/50 [00:01<00:00, 25.77it/s, Saved at =inf, TrLoss=0.1371]
 Training FV-alpha-s4-t3:  60%|██████    | 30/50 [00:01<00:00, 25.77it/s, Saved at =inf, TrLoss=0.1333]
 Training FV-alpha-s4-t3:  66%|██████▌   | 33/50 [00:01<00:00, 25.77it/s, Saved at =inf, TrLoss=0.1333]
 Training FV-alpha-s4-t3:  66%|██████▌   | 33/50 [00:01<00:00, 25.77it/s, Saved at =inf, TrLoss=0.1546]
 Training FV-alpha-s4-t3:  66%|██████▌   | 33/50 [00:01<00:00, 25.77it/s, Saved at =inf, TrLoss=0.1373]
 Training FV-alpha-s4-t3:  66%|██████▌   | 33/50 [00:01<00:00, 25.77it/s, Saved at =inf, TrLoss=0.1420]
 Training FV-alpha-s4-t3:  72%|███████▏  | 36/50 [00:01<00:00, 25.76it/s, Saved at =inf, TrLoss=0.1420]
 Training FV-alpha-s4-t3:  72%|███████▏  | 36/50 [00:01<00:00, 25.76it/s, Saved at =inf, TrLoss=0.1331]
 Training FV-alpha-s4-t3:  72%|███████▏  | 36/50 [00:01<00:00, 25.76it/s, Saved at =inf, TrLoss=0.1370]
 Training FV-alpha-s4-t3:  72%|███████▏  | 36/50 [00:01<00:00, 25.76it/s, Saved at =inf, TrLoss=0.1318]
 Training FV-alpha-s4-t3:  78%|███████▊  | 39/50 [00:01<00:00, 25.76it/s, Saved at =inf, TrLoss=0.1318]
 Training FV-alpha-s4-t3:  78%|███████▊  | 39/50 [00:01<00:00, 25.76it/s, Saved at =inf, TrLoss=0.1267]
 Training FV-alpha-s4-t3:  78%|███████▊  | 39/50 [00:01<00:00, 25.76it/s, Saved at =inf, TrLoss=0.1150]
 Training FV-alpha-s4-t3:  78%|███████▊  | 39/50 [00:01<00:00, 25.76it/s, Saved at =inf, TrLoss=0.1142]
 Training FV-alpha-s4-t3:  84%|████████▍ | 42/50 [00:01<00:00, 25.76it/s, Saved at =inf, TrLoss=0.1142]
 Training FV-alpha-s4-t3:  84%|████████▍ | 42/50 [00:01<00:00, 25.76it/s, Saved at =inf, TrLoss=0.1160]
 Training FV-alpha-s4-t3:  84%|████████▍ | 42/50 [00:01<00:00, 25.76it/s, Saved at =inf, TrLoss=0.1470]
 Training FV-alpha-s4-t3:  84%|████████▍ | 42/50 [00:01<00:00, 25.76it/s, Saved at =inf, TrLoss=0.1320]
 Training FV-alpha-s4-t3:  90%|█████████ | 45/50 [00:01<00:00, 25.61it/s, Saved at =inf, TrLoss=0.1320]
 Training FV-alpha-s4-t3:  90%|█████████ | 45/50 [00:01<00:00, 25.61it/s, Saved at =inf, TrLoss=0.1119]
 Training FV-alpha-s4-t3:  90%|█████████ | 45/50 [00:01<00:00, 25.61it/s, Saved at =inf, TrLoss=0.1409]
 Training FV-alpha-s4-t3:  90%|█████████ | 45/50 [00:01<00:00, 25.61it/s, Saved at =inf, TrLoss=0.1234]
 Training FV-alpha-s4-t3:  96%|█████████▌| 48/50 [00:01<00:00, 25.65it/s, Saved at =inf, TrLoss=0.1234]
 Training FV-alpha-s4-t3:  96%|█████████▌| 48/50 [00:01<00:00, 25.65it/s, Saved at =inf, TrLoss=0.1312]
 Training FV-alpha-s4-t3:  96%|█████████▌| 48/50 [00:01<00:00, 25.65it/s, Saved at =inf, TrLoss=0.1235]
 Training FV-alpha-s4-t3: 100%|██████████| 50/50 [00:01<00:00, 25.75it/s, Saved at =inf, TrLoss=0.1235]

 Training FV-alpha-s4-t4:   0%|          | 0/50 [00:00<?, ?it/s]
 Training FV-alpha-s4-t4:   0%|          | 0/50 [00:00<?, ?it/s, Saved at =inf, TrLoss=0.7027]
 Training FV-alpha-s4-t4:   0%|          | 0/50 [00:00<?, ?it/s, Saved at =inf, TrLoss=1.2035]
 Training FV-alpha-s4-t4:   0%|          | 0/50 [00:00<?, ?it/s, Saved at =inf, TrLoss=0.5738]
 Training FV-alpha-s4-t4:   6%|▌         | 3/50 [00:00<00:02, 20.44it/s, Saved at =inf, TrLoss=0.5738]
 Training FV-alpha-s4-t4:   6%|▌         | 3/50 [00:00<00:02, 20.44it/s, Saved at =inf, TrLoss=0.5926]
 Training FV-alpha-s4-t4:   6%|▌         | 3/50 [00:00<00:02, 20.44it/s, Saved at =inf, TrLoss=0.5087]
 Training FV-alpha-s4-t4:   6%|▌         | 3/50 [00:00<00:02, 20.44it/s, Saved at =inf, TrLoss=0.5113]
 Training FV-alpha-s4-t4:  12%|█▏        | 6/50 [00:00<00:02, 20.57it/s, Saved at =inf, TrLoss=0.5113]
 Training FV-alpha-s4-t4:  12%|█▏        | 6/50 [00:00<00:02, 20.57it/s, Saved at =inf, TrLoss=0.4248]
 Training FV-alpha-s4-t4:  12%|█▏        | 6/50 [00:00<00:02, 20.57it/s, Saved at =inf, TrLoss=0.4268]
 Training FV-alpha-s4-t4:  12%|█▏        | 6/50 [00:00<00:02, 20.57it/s, Saved at =inf, TrLoss=0.4037]
 Training FV-alpha-s4-t4:  18%|█▊        | 9/50 [00:00<00:02, 20.47it/s, Saved at =inf, TrLoss=0.4037]
 Training FV-alpha-s4-t4:  18%|█▊        | 9/50 [00:00<00:02, 20.47it/s, Saved at =inf, TrLoss=0.3698]
 Training FV-alpha-s4-t4:  18%|█▊        | 9/50 [00:00<00:02, 20.47it/s, Saved at =inf, TrLoss=0.3622]
 Training FV-alpha-s4-t4:  18%|█▊        | 9/50 [00:00<00:02, 20.47it/s, Saved at =inf, TrLoss=0.3054]
 Training FV-alpha-s4-t4:  24%|██▍       | 12/50 [00:00<00:01, 20.42it/s, Saved at =inf, TrLoss=0.3054]
 Training FV-alpha-s4-t4:  24%|██▍       | 12/50 [00:00<00:01, 20.42it/s, Saved at =inf, TrLoss=0.3123]
 Training FV-alpha-s4-t4:  24%|██▍       | 12/50 [00:00<00:01, 20.42it/s, Saved at =inf, TrLoss=0.2696]
 Training FV-alpha-s4-t4:  24%|██▍       | 12/50 [00:00<00:01, 20.42it/s, Saved at =inf, TrLoss=0.2546]
 Training FV-alpha-s4-t4:  30%|███       | 15/50 [00:00<00:01, 20.39it/s, Saved at =inf, TrLoss=0.2546]
 Training FV-alpha-s4-t4:  30%|███       | 15/50 [00:00<00:01, 20.39it/s, Saved at =inf, TrLoss=0.2456]
 Training FV-alpha-s4-t4:  30%|███       | 15/50 [00:00<00:01, 20.39it/s, Saved at =inf, TrLoss=0.2443]
 Training FV-alpha-s4-t4:  30%|███       | 15/50 [00:00<00:01, 20.39it/s, Saved at =inf, TrLoss=0.2236]
 Training FV-alpha-s4-t4:  36%|███▌      | 18/50 [00:00<00:01, 20.38it/s, Saved at =inf, TrLoss=0.2236]
 Training FV-alpha-s4-t4:  36%|███▌      | 18/50 [00:00<00:01, 20.38it/s, Saved at =inf, TrLoss=0.2376]
 Training FV-alpha-s4-t4:  36%|███▌      | 18/50 [00:00<00:01, 20.38it/s, Saved at =inf, TrLoss=0.2021]
 Training FV-alpha-s4-t4:  36%|███▌      | 18/50 [00:01<00:01, 20.38it/s, Saved at =inf, TrLoss=0.2306]
 Training FV-alpha-s4-t4:  42%|████▏     | 21/50 [00:01<00:01, 20.36it/s, Saved at =inf, TrLoss=0.2306]
 Training FV-alpha-s4-t4:  42%|████▏     | 21/50 [00:01<00:01, 20.36it/s, Saved at =inf, TrLoss=0.2221]
 Training FV-alpha-s4-t4:  42%|████▏     | 21/50 [00:01<00:01, 20.36it/s, Saved at =inf, TrLoss=0.1921]
 Training FV-alpha-s4-t4:  42%|████▏     | 21/50 [00:01<00:01, 20.36it/s, Saved at =inf, TrLoss=0.2194]
 Training FV-alpha-s4-t4:  48%|████▊     | 24/50 [00:01<00:01, 20.35it/s, Saved at =inf, TrLoss=0.2194]
 Training FV-alpha-s4-t4:  48%|████▊     | 24/50 [00:01<00:01, 20.35it/s, Saved at =inf, TrLoss=0.1925]
 Training FV-alpha-s4-t4:  48%|████▊     | 24/50 [00:01<00:01, 20.35it/s, Saved at =inf, TrLoss=0.1975]
 Training FV-alpha-s4-t4:  48%|████▊     | 24/50 [00:01<00:01, 20.35it/s, Saved at =inf, TrLoss=0.1710]
 Training FV-alpha-s4-t4:  54%|█████▍    | 27/50 [00:01<00:01, 20.35it/s, Saved at =inf, TrLoss=0.1710]
 Training FV-alpha-s4-t4:  54%|█████▍    | 27/50 [00:01<00:01, 20.35it/s, Saved at =inf, TrLoss=0.1977]
 Training FV-alpha-s4-t4:  54%|█████▍    | 27/50 [00:01<00:01, 20.35it/s, Saved at =inf, TrLoss=0.1788]
 Training FV-alpha-s4-t4:  54%|█████▍    | 27/50 [00:01<00:01, 20.35it/s, Saved at =inf, TrLoss=0.1747]
 Training FV-alpha-s4-t4:  60%|██████    | 30/50 [00:01<00:00, 20.35it/s, Saved at =inf, TrLoss=0.1747]
 Training FV-alpha-s4-t4:  60%|██████    | 30/50 [00:01<00:00, 20.35it/s, Saved at =inf, TrLoss=0.1651]
 Training FV-alpha-s4-t4:  60%|██████    | 30/50 [00:01<00:00, 20.35it/s, Saved at =inf, TrLoss=0.1672]
 Training FV-alpha-s4-t4:  60%|██████    | 30/50 [00:01<00:00, 20.35it/s, Saved at =inf, TrLoss=0.1611]
 Training FV-alpha-s4-t4:  66%|██████▌   | 33/50 [00:01<00:00, 20.34it/s, Saved at =inf, TrLoss=0.1611]
 Training FV-alpha-s4-t4:  66%|██████▌   | 33/50 [00:01<00:00, 20.34it/s, Saved at =inf, TrLoss=0.1669]
 Training FV-alpha-s4-t4:  66%|██████▌   | 33/50 [00:01<00:00, 20.34it/s, Saved at =inf, TrLoss=0.1619]
 Training FV-alpha-s4-t4:  66%|██████▌   | 33/50 [00:01<00:00, 20.34it/s, Saved at =inf, TrLoss=0.1599]
 Training FV-alpha-s4-t4:  72%|███████▏  | 36/50 [00:01<00:00, 20.34it/s, Saved at =inf, TrLoss=0.1599]
 Training FV-alpha-s4-t4:  72%|███████▏  | 36/50 [00:01<00:00, 20.34it/s, Saved at =inf, TrLoss=0.1726]
 Training FV-alpha-s4-t4:  72%|███████▏  | 36/50 [00:01<00:00, 20.34it/s, Saved at =inf, TrLoss=0.1570]
 Training FV-alpha-s4-t4:  72%|███████▏  | 36/50 [00:01<00:00, 20.34it/s, Saved at =inf, TrLoss=0.1529]
 Training FV-alpha-s4-t4:  78%|███████▊  | 39/50 [00:01<00:00, 20.34it/s, Saved at =inf, TrLoss=0.1529]
 Training FV-alpha-s4-t4:  78%|███████▊  | 39/50 [00:01<00:00, 20.34it/s, Saved at =inf, TrLoss=0.1537]
 Training FV-alpha-s4-t4:  78%|███████▊  | 39/50 [00:01<00:00, 20.34it/s, Saved at =inf, TrLoss=0.1684]
 Training FV-alpha-s4-t4:  78%|███████▊  | 39/50 [00:02<00:00, 20.34it/s, Saved at =inf, TrLoss=0.1495]
 Training FV-alpha-s4-t4:  84%|████████▍ | 42/50 [00:02<00:00, 20.34it/s, Saved at =inf, TrLoss=0.1495]
 Training FV-alpha-s4-t4:  84%|████████▍ | 42/50 [00:02<00:00, 20.34it/s, Saved at =inf, TrLoss=0.1581]
 Training FV-alpha-s4-t4:  84%|████████▍ | 42/50 [00:02<00:00, 20.34it/s, Saved at =inf, TrLoss=0.1529]
 Training FV-alpha-s4-t4:  84%|████████▍ | 42/50 [00:02<00:00, 20.34it/s, Saved at =inf, TrLoss=0.1583]
 Training FV-alpha-s4-t4:  90%|█████████ | 45/50 [00:02<00:00, 20.34it/s, Saved at =inf, TrLoss=0.1583]
 Training FV-alpha-s4-t4:  90%|█████████ | 45/50 [00:02<00:00, 20.34it/s, Saved at =inf, TrLoss=0.1478]
 Training FV-alpha-s4-t4:  90%|█████████ | 45/50 [00:02<00:00, 20.34it/s, Saved at =inf, TrLoss=0.1433]
 Training FV-alpha-s4-t4:  90%|█████████ | 45/50 [00:02<00:00, 20.34it/s, Saved at =inf, TrLoss=0.1400]
 Training FV-alpha-s4-t4:  96%|█████████▌| 48/50 [00:02<00:00, 20.34it/s, Saved at =inf, TrLoss=0.1400]
 Training FV-alpha-s4-t4:  96%|█████████▌| 48/50 [00:02<00:00, 20.34it/s, Saved at =inf, TrLoss=0.1457]
 Training FV-alpha-s4-t4:  96%|█████████▌| 48/50 [00:02<00:00, 20.34it/s, Saved at =inf, TrLoss=0.1445]
 Training FV-alpha-s4-t4: 100%|██████████| 50/50 [00:02<00:00, 20.36it/s, Saved at =inf, TrLoss=0.1445]

 Training FV-alpha-s4-t5:   0%|          | 0/50 [00:00<?, ?it/s]
 Training FV-alpha-s4-t5:   0%|          | 0/50 [00:00<?, ?it/s, Saved at =inf, TrLoss=0.7338]
 Training FV-alpha-s4-t5:   0%|          | 0/50 [00:00<?, ?it/s, Saved at =inf, TrLoss=0.9387]
 Training FV-alpha-s4-t5:   4%|▍         | 2/50 [00:00<00:02, 16.67it/s, Saved at =inf, TrLoss=0.9387]
 Training FV-alpha-s4-t5:   4%|▍         | 2/50 [00:00<00:02, 16.67it/s, Saved at =inf, TrLoss=0.5507]
 Training FV-alpha-s4-t5:   4%|▍         | 2/50 [00:00<00:02, 16.67it/s, Saved at =inf, TrLoss=0.5887]
 Training FV-alpha-s4-t5:   8%|▊         | 4/50 [00:00<00:02, 16.98it/s, Saved at =inf, TrLoss=0.5887]
 Training FV-alpha-s4-t5:   8%|▊         | 4/50 [00:00<00:02, 16.98it/s, Saved at =inf, TrLoss=0.4969]
 Training FV-alpha-s4-t5:   8%|▊         | 4/50 [00:00<00:02, 16.98it/s, Saved at =inf, TrLoss=0.4774]
 Training FV-alpha-s4-t5:  12%|█▏        | 6/50 [00:00<00:02, 16.97it/s, Saved at =inf, TrLoss=0.4774]
 Training FV-alpha-s4-t5:  12%|█▏        | 6/50 [00:00<00:02, 16.97it/s, Saved at =inf, TrLoss=0.4680]
 Training FV-alpha-s4-t5:  12%|█▏        | 6/50 [00:00<00:02, 16.97it/s, Saved at =inf, TrLoss=0.4368]
 Training FV-alpha-s4-t5:  16%|█▌        | 8/50 [00:00<00:02, 16.96it/s, Saved at =inf, TrLoss=0.4368]
 Training FV-alpha-s4-t5:  16%|█▌        | 8/50 [00:00<00:02, 16.96it/s, Saved at =inf, TrLoss=0.4033]
 Training FV-alpha-s4-t5:  16%|█▌        | 8/50 [00:00<00:02, 16.96it/s, Saved at =inf, TrLoss=0.3915]
 Training FV-alpha-s4-t5:  20%|██        | 10/50 [00:00<00:02, 16.95it/s, Saved at =inf, TrLoss=0.3915]
 Training FV-alpha-s4-t5:  20%|██        | 10/50 [00:00<00:02, 16.95it/s, Saved at =inf, TrLoss=0.3411]
 Training FV-alpha-s4-t5:  20%|██        | 10/50 [00:00<00:02, 16.95it/s, Saved at =inf, TrLoss=0.3468]
 Training FV-alpha-s4-t5:  24%|██▍       | 12/50 [00:00<00:02, 16.95it/s, Saved at =inf, TrLoss=0.3468]
 Training FV-alpha-s4-t5:  24%|██▍       | 12/50 [00:00<00:02, 16.95it/s, Saved at =inf, TrLoss=0.3181]
 Training FV-alpha-s4-t5:  24%|██▍       | 12/50 [00:00<00:02, 16.95it/s, Saved at =inf, TrLoss=0.3360]
 Training FV-alpha-s4-t5:  28%|██▊       | 14/50 [00:00<00:02, 16.95it/s, Saved at =inf, TrLoss=0.3360]
 Training FV-alpha-s4-t5:  28%|██▊       | 14/50 [00:00<00:02, 16.95it/s, Saved at =inf, TrLoss=0.2691]
 Training FV-alpha-s4-t5:  28%|██▊       | 14/50 [00:00<00:02, 16.95it/s, Saved at =inf, TrLoss=0.3266]
 Training FV-alpha-s4-t5:  32%|███▏      | 16/50 [00:00<00:02, 16.95it/s, Saved at =inf, TrLoss=0.3266]
 Training FV-alpha-s4-t5:  32%|███▏      | 16/50 [00:00<00:02, 16.95it/s, Saved at =inf, TrLoss=0.2809]
 Training FV-alpha-s4-t5:  32%|███▏      | 16/50 [00:01<00:02, 16.95it/s, Saved at =inf, TrLoss=0.2940]
 Training FV-alpha-s4-t5:  36%|███▌      | 18/50 [00:01<00:01, 16.94it/s, Saved at =inf, TrLoss=0.2940]
 Training FV-alpha-s4-t5:  36%|███▌      | 18/50 [00:01<00:01, 16.94it/s, Saved at =inf, TrLoss=0.2783]
 Training FV-alpha-s4-t5:  36%|███▌      | 18/50 [00:01<00:01, 16.94it/s, Saved at =inf, TrLoss=0.2660]
 Training FV-alpha-s4-t5:  40%|████      | 20/50 [00:01<00:01, 16.94it/s, Saved at =inf, TrLoss=0.2660]
 Training FV-alpha-s4-t5:  40%|████      | 20/50 [00:01<00:01, 16.94it/s, Saved at =inf, TrLoss=0.2653]
 Training FV-alpha-s4-t5:  40%|████      | 20/50 [00:01<00:01, 16.94it/s, Saved at =inf, TrLoss=0.2766]
 Training FV-alpha-s4-t5:  44%|████▍     | 22/50 [00:01<00:01, 16.94it/s, Saved at =inf, TrLoss=0.2766]
 Training FV-alpha-s4-t5:  44%|████▍     | 22/50 [00:01<00:01, 16.94it/s, Saved at =inf, TrLoss=0.2557]
 Training FV-alpha-s4-t5:  44%|████▍     | 22/50 [00:01<00:01, 16.94it/s, Saved at =inf, TrLoss=0.2537]
 Training FV-alpha-s4-t5:  48%|████▊     | 24/50 [00:01<00:01, 16.95it/s, Saved at =inf, TrLoss=0.2537]
 Training FV-alpha-s4-t5:  48%|████▊     | 24/50 [00:01<00:01, 16.95it/s, Saved at =inf, TrLoss=0.2746]
 Training FV-alpha-s4-t5:  48%|████▊     | 24/50 [00:01<00:01, 16.95it/s, Saved at =inf, TrLoss=0.2472]
 Training FV-alpha-s4-t5:  52%|█████▏    | 26/50 [00:01<00:01, 16.94it/s, Saved at =inf, TrLoss=0.2472]
 Training FV-alpha-s4-t5:  52%|█████▏    | 26/50 [00:01<00:01, 16.94it/s, Saved at =inf, TrLoss=0.2479]
 Training FV-alpha-s4-t5:  52%|█████▏    | 26/50 [00:01<00:01, 16.94it/s, Saved at =inf, TrLoss=0.2396]
 Training FV-alpha-s4-t5:  56%|█████▌    | 28/50 [00:01<00:01, 16.95it/s, Saved at =inf, TrLoss=0.2396]
 Training FV-alpha-s4-t5:  56%|█████▌    | 28/50 [00:01<00:01, 16.95it/s, Saved at =inf, TrLoss=0.2413]
 Training FV-alpha-s4-t5:  56%|█████▌    | 28/50 [00:01<00:01, 16.95it/s, Saved at =inf, TrLoss=0.2444]
 Training FV-alpha-s4-t5:  60%|██████    | 30/50 [00:01<00:01, 16.95it/s, Saved at =inf, TrLoss=0.2444]
 Training FV-alpha-s4-t5:  60%|██████    | 30/50 [00:01<00:01, 16.95it/s, Saved at =inf, TrLoss=0.2222]
 Training FV-alpha-s4-t5:  60%|██████    | 30/50 [00:01<00:01, 16.95it/s, Saved at =inf, TrLoss=0.2298]
 Training FV-alpha-s4-t5:  64%|██████▍   | 32/50 [00:01<00:01, 16.95it/s, Saved at =inf, TrLoss=0.2298]
 Training FV-alpha-s4-t5:  64%|██████▍   | 32/50 [00:01<00:01, 16.95it/s, Saved at =inf, TrLoss=0.2331]
 Training FV-alpha-s4-t5:  64%|██████▍   | 32/50 [00:01<00:01, 16.95it/s, Saved at =inf, TrLoss=0.2301]
 Training FV-alpha-s4-t5:  68%|██████▊   | 34/50 [00:02<00:00, 16.94it/s, Saved at =inf, TrLoss=0.2301]
 Training FV-alpha-s4-t5:  68%|██████▊   | 34/50 [00:02<00:00, 16.94it/s, Saved at =inf, TrLoss=0.2194]
 Training FV-alpha-s4-t5:  68%|██████▊   | 34/50 [00:02<00:00, 16.94it/s, Saved at =inf, TrLoss=0.2260]
 Training FV-alpha-s4-t5:  72%|███████▏  | 36/50 [00:02<00:00, 16.95it/s, Saved at =inf, TrLoss=0.2260]
 Training FV-alpha-s4-t5:  72%|███████▏  | 36/50 [00:02<00:00, 16.95it/s, Saved at =inf, TrLoss=0.2180]
 Training FV-alpha-s4-t5:  72%|███████▏  | 36/50 [00:02<00:00, 16.95it/s, Saved at =inf, TrLoss=0.2104]
 Training FV-alpha-s4-t5:  76%|███████▌  | 38/50 [00:02<00:00, 16.95it/s, Saved at =inf, TrLoss=0.2104]
 Training FV-alpha-s4-t5:  76%|███████▌  | 38/50 [00:02<00:00, 16.95it/s, Saved at =inf, TrLoss=0.2007]
 Training FV-alpha-s4-t5:  76%|███████▌  | 38/50 [00:02<00:00, 16.95it/s, Saved at =inf, TrLoss=0.2068]
 Training FV-alpha-s4-t5:  80%|████████  | 40/50 [00:02<00:00, 16.95it/s, Saved at =inf, TrLoss=0.2068]
 Training FV-alpha-s4-t5:  80%|████████  | 40/50 [00:02<00:00, 16.95it/s, Saved at =inf, TrLoss=0.2048]
 Training FV-alpha-s4-t5:  80%|████████  | 40/50 [00:02<00:00, 16.95it/s, Saved at =inf, TrLoss=0.2065]
 Training FV-alpha-s4-t5:  84%|████████▍ | 42/50 [00:02<00:00, 16.95it/s, Saved at =inf, TrLoss=0.2065]
 Training FV-alpha-s4-t5:  84%|████████▍ | 42/50 [00:02<00:00, 16.95it/s, Saved at =inf, TrLoss=0.2060]
 Training FV-alpha-s4-t5:  84%|████████▍ | 42/50 [00:02<00:00, 16.95it/s, Saved at =inf, TrLoss=0.2003]
 Training FV-alpha-s4-t5:  88%|████████▊ | 44/50 [00:02<00:00, 16.96it/s, Saved at =inf, TrLoss=0.2003]
 Training FV-alpha-s4-t5:  88%|████████▊ | 44/50 [00:02<00:00, 16.96it/s, Saved at =inf, TrLoss=0.1922]
 Training FV-alpha-s4-t5:  88%|████████▊ | 44/50 [00:02<00:00, 16.96it/s, Saved at =inf, TrLoss=0.1872]
 Training FV-alpha-s4-t5:  92%|█████████▏| 46/50 [00:02<00:00, 16.96it/s, Saved at =inf, TrLoss=0.1872]
 Training FV-alpha-s4-t5:  92%|█████████▏| 46/50 [00:02<00:00, 16.96it/s, Saved at =inf, TrLoss=0.1889]
 Training FV-alpha-s4-t5:  92%|█████████▏| 46/50 [00:02<00:00, 16.96it/s, Saved at =inf, TrLoss=0.1873]
 Training FV-alpha-s4-t5:  96%|█████████▌| 48/50 [00:02<00:00, 16.96it/s, Saved at =inf, TrLoss=0.1873]
 Training FV-alpha-s4-t5:  96%|█████████▌| 48/50 [00:02<00:00, 16.96it/s, Saved at =inf, TrLoss=0.1841]
 Training FV-alpha-s4-t5:  96%|█████████▌| 48/50 [00:02<00:00, 16.96it/s, Saved at =inf, TrLoss=0.1812]
 Training FV-alpha-s4-t5: 100%|██████████| 50/50 [00:02<00:00, 16.95it/s, Saved at =inf, TrLoss=0.1812]
 Training FV-alpha-s4-t5: 100%|██████████| 50/50 [00:02<00:00, 16.95it/s, Saved at =inf, TrLoss=0.1812]

 Training FV-alpha-s4-t6:   0%|          | 0/50 [00:00<?, ?it/s]
 Training FV-alpha-s4-t6:   0%|          | 0/50 [00:00<?, ?it/s, Saved at =inf, TrLoss=0.7037]
 Training FV-alpha-s4-t6:   0%|          | 0/50 [00:00<?, ?it/s, Saved at =inf, TrLoss=0.6970]
 Training FV-alpha-s4-t6:   4%|▍         | 2/50 [00:00<00:03, 14.21it/s, Saved at =inf, TrLoss=0.6970]
 Training FV-alpha-s4-t6:   4%|▍         | 2/50 [00:00<00:03, 14.21it/s, Saved at =inf, TrLoss=0.5857]
 Training FV-alpha-s4-t6:   4%|▍         | 2/50 [00:00<00:03, 14.21it/s, Saved at =inf, TrLoss=0.5315]
 Training FV-alpha-s4-t6:   8%|▊         | 4/50 [00:00<00:03, 14.36it/s, Saved at =inf, TrLoss=0.5315]
 Training FV-alpha-s4-t6:   8%|▊         | 4/50 [00:00<00:03, 14.36it/s, Saved at =inf, TrLoss=0.4799]
 Training FV-alpha-s4-t6:   8%|▊         | 4/50 [00:00<00:03, 14.36it/s, Saved at =inf, TrLoss=0.4629]
 Training FV-alpha-s4-t6:  12%|█▏        | 6/50 [00:00<00:03, 14.36it/s, Saved at =inf, TrLoss=0.4629]
 Training FV-alpha-s4-t6:  12%|█▏        | 6/50 [00:00<00:03, 14.36it/s, Saved at =inf, TrLoss=0.4402]
 Training FV-alpha-s4-t6:  12%|█▏        | 6/50 [00:00<00:03, 14.36it/s, Saved at =inf, TrLoss=0.4063]
 Training FV-alpha-s4-t6:  16%|█▌        | 8/50 [00:00<00:02, 14.37it/s, Saved at =inf, TrLoss=0.4063]
 Training FV-alpha-s4-t6:  16%|█▌        | 8/50 [00:00<00:02, 14.37it/s, Saved at =inf, TrLoss=0.3679]
 Training FV-alpha-s4-t6:  16%|█▌        | 8/50 [00:00<00:02, 14.37it/s, Saved at =inf, TrLoss=0.3438]
 Training FV-alpha-s4-t6:  20%|██        | 10/50 [00:00<00:02, 14.37it/s, Saved at =inf, TrLoss=0.3438]
 Training FV-alpha-s4-t6:  20%|██        | 10/50 [00:00<00:02, 14.37it/s, Saved at =inf, TrLoss=0.3678]
 Training FV-alpha-s4-t6:  20%|██        | 10/50 [00:00<00:02, 14.37it/s, Saved at =inf, TrLoss=0.3995]
 Training FV-alpha-s4-t6:  24%|██▍       | 12/50 [00:00<00:02, 14.37it/s, Saved at =inf, TrLoss=0.3995]
 Training FV-alpha-s4-t6:  24%|██▍       | 12/50 [00:00<00:02, 14.37it/s, Saved at =inf, TrLoss=0.3115]
 Training FV-alpha-s4-t6:  24%|██▍       | 12/50 [00:00<00:02, 14.37it/s, Saved at =inf, TrLoss=0.3775]
 Training FV-alpha-s4-t6:  28%|██▊       | 14/50 [00:00<00:02, 14.37it/s, Saved at =inf, TrLoss=0.3775]
 Training FV-alpha-s4-t6:  28%|██▊       | 14/50 [00:01<00:02, 14.37it/s, Saved at =inf, TrLoss=0.2842]
 Training FV-alpha-s4-t6:  28%|██▊       | 14/50 [00:01<00:02, 14.37it/s, Saved at =inf, TrLoss=0.3427]
 Training FV-alpha-s4-t6:  32%|███▏      | 16/50 [00:01<00:02, 14.38it/s, Saved at =inf, TrLoss=0.3427]
 Training FV-alpha-s4-t6:  32%|███▏      | 16/50 [00:01<00:02, 14.38it/s, Saved at =inf, TrLoss=0.2991]
 Training FV-alpha-s4-t6:  32%|███▏      | 16/50 [00:01<00:02, 14.38it/s, Saved at =inf, TrLoss=0.2990]
 Training FV-alpha-s4-t6:  36%|███▌      | 18/50 [00:01<00:02, 14.37it/s, Saved at =inf, TrLoss=0.2990]
 Training FV-alpha-s4-t6:  36%|███▌      | 18/50 [00:01<00:02, 14.37it/s, Saved at =inf, TrLoss=0.3093]
 Training FV-alpha-s4-t6:  36%|███▌      | 18/50 [00:01<00:02, 14.37it/s, Saved at =inf, TrLoss=0.2659]
 Training FV-alpha-s4-t6:  40%|████      | 20/50 [00:01<00:02, 14.37it/s, Saved at =inf, TrLoss=0.2659]
 Training FV-alpha-s4-t6:  40%|████      | 20/50 [00:01<00:02, 14.37it/s, Saved at =inf, TrLoss=0.2885]
 Training FV-alpha-s4-t6:  40%|████      | 20/50 [00:01<00:02, 14.37it/s, Saved at =inf, TrLoss=0.2636]
 Training FV-alpha-s4-t6:  44%|████▍     | 22/50 [00:01<00:01, 14.38it/s, Saved at =inf, TrLoss=0.2636]
 Training FV-alpha-s4-t6:  44%|████▍     | 22/50 [00:01<00:01, 14.38it/s, Saved at =inf, TrLoss=0.2655]
 Training FV-alpha-s4-t6:  44%|████▍     | 22/50 [00:01<00:01, 14.38it/s, Saved at =inf, TrLoss=0.2692]
 Training FV-alpha-s4-t6:  48%|████▊     | 24/50 [00:01<00:01, 14.38it/s, Saved at =inf, TrLoss=0.2692]
 Training FV-alpha-s4-t6:  48%|████▊     | 24/50 [00:01<00:01, 14.38it/s, Saved at =inf, TrLoss=0.2596]
 Training FV-alpha-s4-t6:  48%|████▊     | 24/50 [00:01<00:01, 14.38it/s, Saved at =inf, TrLoss=0.2597]
 Training FV-alpha-s4-t6:  52%|█████▏    | 26/50 [00:01<00:01, 14.37it/s, Saved at =inf, TrLoss=0.2597]
 Training FV-alpha-s4-t6:  52%|█████▏    | 26/50 [00:01<00:01, 14.37it/s, Saved at =inf, TrLoss=0.2372]
 Training FV-alpha-s4-t6:  52%|█████▏    | 26/50 [00:01<00:01, 14.37it/s, Saved at =inf, TrLoss=0.2659]
 Training FV-alpha-s4-t6:  56%|█████▌    | 28/50 [00:01<00:01, 14.37it/s, Saved at =inf, TrLoss=0.2659]
 Training FV-alpha-s4-t6:  56%|█████▌    | 28/50 [00:01<00:01, 14.37it/s, Saved at =inf, TrLoss=0.2464]
 Training FV-alpha-s4-t6:  56%|█████▌    | 28/50 [00:02<00:01, 14.37it/s, Saved at =inf, TrLoss=0.2501]
 Training FV-alpha-s4-t6:  60%|██████    | 30/50 [00:02<00:01, 14.37it/s, Saved at =inf, TrLoss=0.2501]
 Training FV-alpha-s4-t6:  60%|██████    | 30/50 [00:02<00:01, 14.37it/s, Saved at =inf, TrLoss=0.2319]
 Training FV-alpha-s4-t6:  60%|██████    | 30/50 [00:02<00:01, 14.37it/s, Saved at =inf, TrLoss=0.2356]
 Training FV-alpha-s4-t6:  64%|██████▍   | 32/50 [00:02<00:01, 14.37it/s, Saved at =inf, TrLoss=0.2356]
 Training FV-alpha-s4-t6:  64%|██████▍   | 32/50 [00:02<00:01, 14.37it/s, Saved at =inf, TrLoss=0.2326]
 Training FV-alpha-s4-t6:  64%|██████▍   | 32/50 [00:02<00:01, 14.37it/s, Saved at =inf, TrLoss=0.2338]
 Training FV-alpha-s4-t6:  68%|██████▊   | 34/50 [00:02<00:01, 14.38it/s, Saved at =inf, TrLoss=0.2338]
 Training FV-alpha-s4-t6:  68%|██████▊   | 34/50 [00:02<00:01, 14.38it/s, Saved at =inf, TrLoss=0.2287]
 Training FV-alpha-s4-t6:  68%|██████▊   | 34/50 [00:02<00:01, 14.38it/s, Saved at =inf, TrLoss=0.2225]
 Training FV-alpha-s4-t6:  72%|███████▏  | 36/50 [00:02<00:00, 14.38it/s, Saved at =inf, TrLoss=0.2225]
 Training FV-alpha-s4-t6:  72%|███████▏  | 36/50 [00:02<00:00, 14.38it/s, Saved at =inf, TrLoss=0.2342]
 Training FV-alpha-s4-t6:  72%|███████▏  | 36/50 [00:02<00:00, 14.38it/s, Saved at =inf, TrLoss=0.2145]
 Training FV-alpha-s4-t6:  76%|███████▌  | 38/50 [00:02<00:00, 14.38it/s, Saved at =inf, TrLoss=0.2145]
 Training FV-alpha-s4-t6:  76%|███████▌  | 38/50 [00:02<00:00, 14.38it/s, Saved at =inf, TrLoss=0.2112]
 Training FV-alpha-s4-t6:  76%|███████▌  | 38/50 [00:02<00:00, 14.38it/s, Saved at =inf, TrLoss=0.2109]
 Training FV-alpha-s4-t6:  80%|████████  | 40/50 [00:02<00:00, 14.37it/s, Saved at =inf, TrLoss=0.2109]
 Training FV-alpha-s4-t6:  80%|████████  | 40/50 [00:02<00:00, 14.37it/s, Saved at =inf, TrLoss=0.2265]
 Training FV-alpha-s4-t6:  80%|████████  | 40/50 [00:02<00:00, 14.37it/s, Saved at =inf, TrLoss=0.2079]
 Training FV-alpha-s4-t6:  84%|████████▍ | 42/50 [00:02<00:00, 14.37it/s, Saved at =inf, TrLoss=0.2079]
 Training FV-alpha-s4-t6:  84%|████████▍ | 42/50 [00:02<00:00, 14.37it/s, Saved at =inf, TrLoss=0.2153]
 Training FV-alpha-s4-t6:  84%|████████▍ | 42/50 [00:03<00:00, 14.37it/s, Saved at =inf, TrLoss=0.2029]
 Training FV-alpha-s4-t6:  88%|████████▊ | 44/50 [00:03<00:00, 14.37it/s, Saved at =inf, TrLoss=0.2029]
 Training FV-alpha-s4-t6:  88%|████████▊ | 44/50 [00:03<00:00, 14.37it/s, Saved at =inf, TrLoss=0.2181]
 Training FV-alpha-s4-t6:  88%|████████▊ | 44/50 [00:03<00:00, 14.37it/s, Saved at =inf, TrLoss=0.1921]
 Training FV-alpha-s4-t6:  92%|█████████▏| 46/50 [00:03<00:00, 14.38it/s, Saved at =inf, TrLoss=0.1921]
 Training FV-alpha-s4-t6:  92%|█████████▏| 46/50 [00:03<00:00, 14.38it/s, Saved at =inf, TrLoss=0.1979]
 Training FV-alpha-s4-t6:  92%|█████████▏| 46/50 [00:03<00:00, 14.38it/s, Saved at =inf, TrLoss=0.1904]
 Training FV-alpha-s4-t6:  96%|█████████▌| 48/50 [00:03<00:00, 14.38it/s, Saved at =inf, TrLoss=0.1904]
 Training FV-alpha-s4-t6:  96%|█████████▌| 48/50 [00:03<00:00, 14.38it/s, Saved at =inf, TrLoss=0.1924]
 Training FV-alpha-s4-t6:  96%|█████████▌| 48/50 [00:03<00:00, 14.38it/s, Saved at =inf, TrLoss=0.1910]
 Training FV-alpha-s4-t6: 100%|██████████| 50/50 [00:03<00:00, 14.37it/s, Saved at =inf, TrLoss=0.1910]
 Training FV-alpha-s4-t6: 100%|██████████| 50/50 [00:03<00:00, 14.37it/s, Saved at =inf, TrLoss=0.1910]

 Training FV-alpha-s4-t7:   0%|          | 0/50 [00:00<?, ?it/s]
 Training FV-alpha-s4-t7:   0%|          | 0/50 [00:00<?, ?it/s, Saved at =inf, TrLoss=0.6890]
 Training FV-alpha-s4-t7:   0%|          | 0/50 [00:00<?, ?it/s, Saved at =inf, TrLoss=0.6662]
 Training FV-alpha-s4-t7:   4%|▍         | 2/50 [00:00<00:03, 12.24it/s, Saved at =inf, TrLoss=0.6662]
 Training FV-alpha-s4-t7:   4%|▍         | 2/50 [00:00<00:03, 12.24it/s, Saved at =inf, TrLoss=0.6719]
 Training FV-alpha-s4-t7:   4%|▍         | 2/50 [00:00<00:03, 12.24it/s, Saved at =inf, TrLoss=0.5635]
 Training FV-alpha-s4-t7:   8%|▊         | 4/50 [00:00<00:03, 12.33it/s, Saved at =inf, TrLoss=0.5635]
 Training FV-alpha-s4-t7:   8%|▊         | 4/50 [00:00<00:03, 12.33it/s, Saved at =inf, TrLoss=0.5028]
 Training FV-alpha-s4-t7:   8%|▊         | 4/50 [00:00<00:03, 12.33it/s, Saved at =inf, TrLoss=0.5343]
 Training FV-alpha-s4-t7:  12%|█▏        | 6/50 [00:00<00:03, 12.43it/s, Saved at =inf, TrLoss=0.5343]
 Training FV-alpha-s4-t7:  12%|█▏        | 6/50 [00:00<00:03, 12.43it/s, Saved at =inf, TrLoss=0.5298]
 Training FV-alpha-s4-t7:  12%|█▏        | 6/50 [00:00<00:03, 12.43it/s, Saved at =inf, TrLoss=0.4711]
 Training FV-alpha-s4-t7:  16%|█▌        | 8/50 [00:00<00:03, 12.42it/s, Saved at =inf, TrLoss=0.4711]
 Training FV-alpha-s4-t7:  16%|█▌        | 8/50 [00:00<00:03, 12.42it/s, Saved at =inf, TrLoss=0.4302]
 Training FV-alpha-s4-t7:  16%|█▌        | 8/50 [00:00<00:03, 12.42it/s, Saved at =inf, TrLoss=0.4228]
 Training FV-alpha-s4-t7:  20%|██        | 10/50 [00:00<00:03, 12.42it/s, Saved at =inf, TrLoss=0.4228]
 Training FV-alpha-s4-t7:  20%|██        | 10/50 [00:00<00:03, 12.42it/s, Saved at =inf, TrLoss=0.3958]
 Training FV-alpha-s4-t7:  20%|██        | 10/50 [00:00<00:03, 12.42it/s, Saved at =inf, TrLoss=0.3557]
 Training FV-alpha-s4-t7:  24%|██▍       | 12/50 [00:00<00:03, 12.41it/s, Saved at =inf, TrLoss=0.3557]
 Training FV-alpha-s4-t7:  24%|██▍       | 12/50 [00:01<00:03, 12.41it/s, Saved at =inf, TrLoss=0.3855]
 Training FV-alpha-s4-t7:  24%|██▍       | 12/50 [00:01<00:03, 12.41it/s, Saved at =inf, TrLoss=0.3427]
 Training FV-alpha-s4-t7:  28%|██▊       | 14/50 [00:01<00:02, 12.40it/s, Saved at =inf, TrLoss=0.3427]
 Training FV-alpha-s4-t7:  28%|██▊       | 14/50 [00:01<00:02, 12.40it/s, Saved at =inf, TrLoss=0.3337]
 Training FV-alpha-s4-t7:  28%|██▊       | 14/50 [00:01<00:02, 12.40it/s, Saved at =inf, TrLoss=0.3177]
 Training FV-alpha-s4-t7:  32%|███▏      | 16/50 [00:01<00:02, 12.40it/s, Saved at =inf, TrLoss=0.3177]
 Training FV-alpha-s4-t7:  32%|███▏      | 16/50 [00:01<00:02, 12.40it/s, Saved at =inf, TrLoss=0.3342]
 Training FV-alpha-s4-t7:  32%|███▏      | 16/50 [00:01<00:02, 12.40it/s, Saved at =inf, TrLoss=0.3099]
 Training FV-alpha-s4-t7:  36%|███▌      | 18/50 [00:01<00:02, 12.40it/s, Saved at =inf, TrLoss=0.3099]
 Training FV-alpha-s4-t7:  36%|███▌      | 18/50 [00:01<00:02, 12.40it/s, Saved at =inf, TrLoss=0.3067]
 Training FV-alpha-s4-t7:  36%|███▌      | 18/50 [00:01<00:02, 12.40it/s, Saved at =inf, TrLoss=0.2858]
 Training FV-alpha-s4-t7:  40%|████      | 20/50 [00:01<00:02, 12.40it/s, Saved at =inf, TrLoss=0.2858]
 Training FV-alpha-s4-t7:  40%|████      | 20/50 [00:01<00:02, 12.40it/s, Saved at =inf, TrLoss=0.2885]
 Training FV-alpha-s4-t7:  40%|████      | 20/50 [00:01<00:02, 12.40it/s, Saved at =inf, TrLoss=0.2859]
 Training FV-alpha-s4-t7:  44%|████▍     | 22/50 [00:01<00:02, 12.39it/s, Saved at =inf, TrLoss=0.2859]
 Training FV-alpha-s4-t7:  44%|████▍     | 22/50 [00:01<00:02, 12.39it/s, Saved at =inf, TrLoss=0.2974]
 Training FV-alpha-s4-t7:  44%|████▍     | 22/50 [00:01<00:02, 12.39it/s, Saved at =inf, TrLoss=0.2738]
 Training FV-alpha-s4-t7:  48%|████▊     | 24/50 [00:01<00:02, 12.39it/s, Saved at =inf, TrLoss=0.2738]
 Training FV-alpha-s4-t7:  48%|████▊     | 24/50 [00:01<00:02, 12.39it/s, Saved at =inf, TrLoss=0.2814]
 Training FV-alpha-s4-t7:  48%|████▊     | 24/50 [00:02<00:02, 12.39it/s, Saved at =inf, TrLoss=0.2653]
 Training FV-alpha-s4-t7:  52%|█████▏    | 26/50 [00:02<00:01, 12.39it/s, Saved at =inf, TrLoss=0.2653]
 Training FV-alpha-s4-t7:  52%|█████▏    | 26/50 [00:02<00:01, 12.39it/s, Saved at =inf, TrLoss=0.2544]
 Training FV-alpha-s4-t7:  52%|█████▏    | 26/50 [00:02<00:01, 12.39it/s, Saved at =inf, TrLoss=0.2653]
 Training FV-alpha-s4-t7:  56%|█████▌    | 28/50 [00:02<00:01, 12.40it/s, Saved at =inf, TrLoss=0.2653]
 Training FV-alpha-s4-t7:  56%|█████▌    | 28/50 [00:02<00:01, 12.40it/s, Saved at =inf, TrLoss=0.2620]
 Training FV-alpha-s4-t7:  56%|█████▌    | 28/50 [00:02<00:01, 12.40it/s, Saved at =inf, TrLoss=0.2517]
 Training FV-alpha-s4-t7:  60%|██████    | 30/50 [00:02<00:01, 12.40it/s, Saved at =inf, TrLoss=0.2517]
 Training FV-alpha-s4-t7:  60%|██████    | 30/50 [00:02<00:01, 12.40it/s, Saved at =inf, TrLoss=0.2519]
 Training FV-alpha-s4-t7:  60%|██████    | 30/50 [00:02<00:01, 12.40it/s, Saved at =inf, TrLoss=0.2481]
 Training FV-alpha-s4-t7:  64%|██████▍   | 32/50 [00:02<00:01, 12.40it/s, Saved at =inf, TrLoss=0.2481]
 Training FV-alpha-s4-t7:  64%|██████▍   | 32/50 [00:02<00:01, 12.40it/s, Saved at =inf, TrLoss=0.2415]
 Training FV-alpha-s4-t7:  64%|██████▍   | 32/50 [00:02<00:01, 12.40it/s, Saved at =inf, TrLoss=0.2355]
 Training FV-alpha-s4-t7:  68%|██████▊   | 34/50 [00:02<00:01, 12.40it/s, Saved at =inf, TrLoss=0.2355]
 Training FV-alpha-s4-t7:  68%|██████▊   | 34/50 [00:02<00:01, 12.40it/s, Saved at =inf, TrLoss=0.2360]
 Training FV-alpha-s4-t7:  68%|██████▊   | 34/50 [00:02<00:01, 12.40it/s, Saved at =inf, TrLoss=0.2358]
 Training FV-alpha-s4-t7:  72%|███████▏  | 36/50 [00:02<00:01, 12.40it/s, Saved at =inf, TrLoss=0.2358]
 Training FV-alpha-s4-t7:  72%|███████▏  | 36/50 [00:02<00:01, 12.40it/s, Saved at =inf, TrLoss=0.2344]
 Training FV-alpha-s4-t7:  72%|███████▏  | 36/50 [00:03<00:01, 12.40it/s, Saved at =inf, TrLoss=0.2293]
 Training FV-alpha-s4-t7:  76%|███████▌  | 38/50 [00:03<00:00, 12.40it/s, Saved at =inf, TrLoss=0.2293]
 Training FV-alpha-s4-t7:  76%|███████▌  | 38/50 [00:03<00:00, 12.40it/s, Saved at =inf, TrLoss=0.2354]
 Training FV-alpha-s4-t7:  76%|███████▌  | 38/50 [00:03<00:00, 12.40it/s, Saved at =inf, TrLoss=0.2247]
 Training FV-alpha-s4-t7:  80%|████████  | 40/50 [00:03<00:00, 12.40it/s, Saved at =inf, TrLoss=0.2247]
 Training FV-alpha-s4-t7:  80%|████████  | 40/50 [00:03<00:00, 12.40it/s, Saved at =inf, TrLoss=0.2250]
 Training FV-alpha-s4-t7:  80%|████████  | 40/50 [00:03<00:00, 12.40it/s, Saved at =inf, TrLoss=0.2206]
 Training FV-alpha-s4-t7:  84%|████████▍ | 42/50 [00:03<00:00, 12.40it/s, Saved at =inf, TrLoss=0.2206]
 Training FV-alpha-s4-t7:  84%|████████▍ | 42/50 [00:03<00:00, 12.40it/s, Saved at =inf, TrLoss=0.2120]
 Training FV-alpha-s4-t7:  84%|████████▍ | 42/50 [00:03<00:00, 12.40it/s, Saved at =inf, TrLoss=0.2261]
 Training FV-alpha-s4-t7:  88%|████████▊ | 44/50 [00:03<00:00, 12.40it/s, Saved at =inf, TrLoss=0.2261]
 Training FV-alpha-s4-t7:  88%|████████▊ | 44/50 [00:03<00:00, 12.40it/s, Saved at =inf, TrLoss=0.2149]
 Training FV-alpha-s4-t7:  88%|████████▊ | 44/50 [00:03<00:00, 12.40it/s, Saved at =inf, TrLoss=0.2077]
 Training FV-alpha-s4-t7:  92%|█████████▏| 46/50 [00:03<00:00, 12.40it/s, Saved at =inf, TrLoss=0.2077]
 Training FV-alpha-s4-t7:  92%|█████████▏| 46/50 [00:03<00:00, 12.40it/s, Saved at =inf, TrLoss=0.2064]
 Training FV-alpha-s4-t7:  92%|█████████▏| 46/50 [00:03<00:00, 12.40it/s, Saved at =inf, TrLoss=0.2067]
 Training FV-alpha-s4-t7:  96%|█████████▌| 48/50 [00:03<00:00, 12.40it/s, Saved at =inf, TrLoss=0.2067]
 Training FV-alpha-s4-t7:  96%|█████████▌| 48/50 [00:03<00:00, 12.40it/s, Saved at =inf, TrLoss=0.2058]
 Training FV-alpha-s4-t7:  96%|█████████▌| 48/50 [00:04<00:00, 12.40it/s, Saved at =inf, TrLoss=0.2015]
 Training FV-alpha-s4-t7: 100%|██████████| 50/50 [00:04<00:00, 12.37it/s, Saved at =inf, TrLoss=0.2015]
 Training FV-alpha-s4-t7: 100%|██████████| 50/50 [00:04<00:00, 12.40it/s, Saved at =inf, TrLoss=0.2015]

 Training FV-alpha-s4-t8:   0%|          | 0/50 [00:00<?, ?it/s]
 Training FV-alpha-s4-t8:   0%|          | 0/50 [00:00<?, ?it/s, Saved at =inf, TrLoss=0.7237]
 Training FV-alpha-s4-t8:   0%|          | 0/50 [00:00<?, ?it/s, Saved at =inf, TrLoss=0.7649]
 Training FV-alpha-s4-t8:   4%|▍         | 2/50 [00:00<00:04, 10.96it/s, Saved at =inf, TrLoss=0.7649]
 Training FV-alpha-s4-t8:   4%|▍         | 2/50 [00:00<00:04, 10.96it/s, Saved at =inf, TrLoss=0.6172]
 Training FV-alpha-s4-t8:   4%|▍         | 2/50 [00:00<00:04, 10.96it/s, Saved at =inf, TrLoss=0.6067]
 Training FV-alpha-s4-t8:   8%|▊         | 4/50 [00:00<00:04, 11.13it/s, Saved at =inf, TrLoss=0.6067]
 Training FV-alpha-s4-t8:   8%|▊         | 4/50 [00:00<00:04, 11.13it/s, Saved at =inf, TrLoss=0.5526]
 Training FV-alpha-s4-t8:   8%|▊         | 4/50 [00:00<00:04, 11.13it/s, Saved at =inf, TrLoss=0.5279]
 Training FV-alpha-s4-t8:  12%|█▏        | 6/50 [00:00<00:03, 11.18it/s, Saved at =inf, TrLoss=0.5279]
 Training FV-alpha-s4-t8:  12%|█▏        | 6/50 [00:00<00:03, 11.18it/s, Saved at =inf, TrLoss=0.5035]
 Training FV-alpha-s4-t8:  12%|█▏        | 6/50 [00:00<00:03, 11.18it/s, Saved at =inf, TrLoss=0.4742]
 Training FV-alpha-s4-t8:  16%|█▌        | 8/50 [00:00<00:03, 11.21it/s, Saved at =inf, TrLoss=0.4742]
 Training FV-alpha-s4-t8:  16%|█▌        | 8/50 [00:00<00:03, 11.21it/s, Saved at =inf, TrLoss=0.4413]
 Training FV-alpha-s4-t8:  16%|█▌        | 8/50 [00:00<00:03, 11.21it/s, Saved at =inf, TrLoss=0.3995]
 Training FV-alpha-s4-t8:  20%|██        | 10/50 [00:00<00:03, 11.22it/s, Saved at =inf, TrLoss=0.3995]
 Training FV-alpha-s4-t8:  20%|██        | 10/50 [00:00<00:03, 11.22it/s, Saved at =inf, TrLoss=0.3729]
 Training FV-alpha-s4-t8:  20%|██        | 10/50 [00:01<00:03, 11.22it/s, Saved at =inf, TrLoss=0.3601]
 Training FV-alpha-s4-t8:  24%|██▍       | 12/50 [00:01<00:03, 11.23it/s, Saved at =inf, TrLoss=0.3601]
 Training FV-alpha-s4-t8:  24%|██▍       | 12/50 [00:01<00:03, 11.23it/s, Saved at =inf, TrLoss=0.3860]
 Training FV-alpha-s4-t8:  24%|██▍       | 12/50 [00:01<00:03, 11.23it/s, Saved at =inf, TrLoss=0.3994]
 Training FV-alpha-s4-t8:  28%|██▊       | 14/50 [00:01<00:03, 11.21it/s, Saved at =inf, TrLoss=0.3994]
 Training FV-alpha-s4-t8:  28%|██▊       | 14/50 [00:01<00:03, 11.21it/s, Saved at =inf, TrLoss=0.3079]
 Training FV-alpha-s4-t8:  28%|██▊       | 14/50 [00:01<00:03, 11.21it/s, Saved at =inf, TrLoss=0.3539]
 Training FV-alpha-s4-t8:  32%|███▏      | 16/50 [00:01<00:03, 11.22it/s, Saved at =inf, TrLoss=0.3539]
 Training FV-alpha-s4-t8:  32%|███▏      | 16/50 [00:01<00:03, 11.22it/s, Saved at =inf, TrLoss=0.3258]
 Training FV-alpha-s4-t8:  32%|███▏      | 16/50 [00:01<00:03, 11.22it/s, Saved at =inf, TrLoss=0.3273]
 Training FV-alpha-s4-t8:  36%|███▌      | 18/50 [00:01<00:02, 11.23it/s, Saved at =inf, TrLoss=0.3273]
 Training FV-alpha-s4-t8:  36%|███▌      | 18/50 [00:01<00:02, 11.23it/s, Saved at =inf, TrLoss=0.3036]
 Training FV-alpha-s4-t8:  36%|███▌      | 18/50 [00:01<00:02, 11.23it/s, Saved at =inf, TrLoss=0.3089]
 Training FV-alpha-s4-t8:  40%|████      | 20/50 [00:01<00:02, 11.23it/s, Saved at =inf, TrLoss=0.3089]
 Training FV-alpha-s4-t8:  40%|████      | 20/50 [00:01<00:02, 11.23it/s, Saved at =inf, TrLoss=0.2964]
 Training FV-alpha-s4-t8:  40%|████      | 20/50 [00:01<00:02, 11.23it/s, Saved at =inf, TrLoss=0.3020]
 Training FV-alpha-s4-t8:  44%|████▍     | 22/50 [00:01<00:02, 11.24it/s, Saved at =inf, TrLoss=0.3020]
 Training FV-alpha-s4-t8:  44%|████▍     | 22/50 [00:02<00:02, 11.24it/s, Saved at =inf, TrLoss=0.2808]
 Training FV-alpha-s4-t8:  44%|████▍     | 22/50 [00:02<00:02, 11.24it/s, Saved at =inf, TrLoss=0.2829]
 Training FV-alpha-s4-t8:  48%|████▊     | 24/50 [00:02<00:02, 11.24it/s, Saved at =inf, TrLoss=0.2829]
 Training FV-alpha-s4-t8:  48%|████▊     | 24/50 [00:02<00:02, 11.24it/s, Saved at =inf, TrLoss=0.2827]
 Training FV-alpha-s4-t8:  48%|████▊     | 24/50 [00:02<00:02, 11.24it/s, Saved at =inf, TrLoss=0.2806]
 Training FV-alpha-s4-t8:  52%|█████▏    | 26/50 [00:02<00:02, 11.24it/s, Saved at =inf, TrLoss=0.2806]
 Training FV-alpha-s4-t8:  52%|█████▏    | 26/50 [00:02<00:02, 11.24it/s, Saved at =inf, TrLoss=0.2645]
 Training FV-alpha-s4-t8:  52%|█████▏    | 26/50 [00:02<00:02, 11.24it/s, Saved at =inf, TrLoss=0.2778]
 Training FV-alpha-s4-t8:  56%|█████▌    | 28/50 [00:02<00:01, 11.24it/s, Saved at =inf, TrLoss=0.2778]
 Training FV-alpha-s4-t8:  56%|█████▌    | 28/50 [00:02<00:01, 11.24it/s, Saved at =inf, TrLoss=0.2729]
 Training FV-alpha-s4-t8:  56%|█████▌    | 28/50 [00:02<00:01, 11.24it/s, Saved at =inf, TrLoss=0.2770]
 Training FV-alpha-s4-t8:  60%|██████    | 30/50 [00:02<00:01, 11.24it/s, Saved at =inf, TrLoss=0.2770]
 Training FV-alpha-s4-t8:  60%|██████    | 30/50 [00:02<00:01, 11.24it/s, Saved at =inf, TrLoss=0.2576]
 Training FV-alpha-s4-t8:  60%|██████    | 30/50 [00:02<00:01, 11.24it/s, Saved at =inf, TrLoss=0.2640]
 Training FV-alpha-s4-t8:  64%|██████▍   | 32/50 [00:02<00:01, 11.23it/s, Saved at =inf, TrLoss=0.2640]
 Training FV-alpha-s4-t8:  64%|██████▍   | 32/50 [00:02<00:01, 11.23it/s, Saved at =inf, TrLoss=0.2515]
 Training FV-alpha-s4-t8:  64%|██████▍   | 32/50 [00:03<00:01, 11.23it/s, Saved at =inf, TrLoss=0.2607]
 Training FV-alpha-s4-t8:  68%|██████▊   | 34/50 [00:03<00:01, 11.23it/s, Saved at =inf, TrLoss=0.2607]
 Training FV-alpha-s4-t8:  68%|██████▊   | 34/50 [00:03<00:01, 11.23it/s, Saved at =inf, TrLoss=0.2474]
 Training FV-alpha-s4-t8:  68%|██████▊   | 34/50 [00:03<00:01, 11.23it/s, Saved at =inf, TrLoss=0.2494]
 Training FV-alpha-s4-t8:  72%|███████▏  | 36/50 [00:03<00:01, 11.24it/s, Saved at =inf, TrLoss=0.2494]
 Training FV-alpha-s4-t8:  72%|███████▏  | 36/50 [00:03<00:01, 11.24it/s, Saved at =inf, TrLoss=0.2474]
 Training FV-alpha-s4-t8:  72%|███████▏  | 36/50 [00:03<00:01, 11.24it/s, Saved at =inf, TrLoss=0.2325]
 Training FV-alpha-s4-t8:  76%|███████▌  | 38/50 [00:03<00:01, 11.24it/s, Saved at =inf, TrLoss=0.2325]
 Training FV-alpha-s4-t8:  76%|███████▌  | 38/50 [00:03<00:01, 11.24it/s, Saved at =inf, TrLoss=0.2478]
 Training FV-alpha-s4-t8:  76%|███████▌  | 38/50 [00:03<00:01, 11.24it/s, Saved at =inf, TrLoss=0.2404]
 Training FV-alpha-s4-t8:  80%|████████  | 40/50 [00:03<00:00, 11.24it/s, Saved at =inf, TrLoss=0.2404]
 Training FV-alpha-s4-t8:  80%|████████  | 40/50 [00:03<00:00, 11.24it/s, Saved at =inf, TrLoss=0.2461]
 Training FV-alpha-s4-t8:  80%|████████  | 40/50 [00:03<00:00, 11.24it/s, Saved at =inf, TrLoss=0.2331]
 Training FV-alpha-s4-t8:  84%|████████▍ | 42/50 [00:03<00:00, 11.24it/s, Saved at =inf, TrLoss=0.2331]
 Training FV-alpha-s4-t8:  84%|████████▍ | 42/50 [00:03<00:00, 11.24it/s, Saved at =inf, TrLoss=0.2380]
 Training FV-alpha-s4-t8:  84%|████████▍ | 42/50 [00:03<00:00, 11.24it/s, Saved at =inf, TrLoss=0.2304]
 Training FV-alpha-s4-t8:  88%|████████▊ | 44/50 [00:03<00:00, 11.24it/s, Saved at =inf, TrLoss=0.2304]
 Training FV-alpha-s4-t8:  88%|████████▊ | 44/50 [00:03<00:00, 11.24it/s, Saved at =inf, TrLoss=0.2383]
 Training FV-alpha-s4-t8:  88%|████████▊ | 44/50 [00:04<00:00, 11.24it/s, Saved at =inf, TrLoss=0.2208]
 Training FV-alpha-s4-t8:  92%|█████████▏| 46/50 [00:04<00:00, 11.24it/s, Saved at =inf, TrLoss=0.2208]
 Training FV-alpha-s4-t8:  92%|█████████▏| 46/50 [00:04<00:00, 11.24it/s, Saved at =inf, TrLoss=0.2330]
 Training FV-alpha-s4-t8:  92%|█████████▏| 46/50 [00:04<00:00, 11.24it/s, Saved at =inf, TrLoss=0.2223]
 Training FV-alpha-s4-t8:  96%|█████████▌| 48/50 [00:04<00:00, 11.24it/s, Saved at =inf, TrLoss=0.2223]
 Training FV-alpha-s4-t8:  96%|█████████▌| 48/50 [00:04<00:00, 11.24it/s, Saved at =inf, TrLoss=0.2293]
 Training FV-alpha-s4-t8:  96%|█████████▌| 48/50 [00:04<00:00, 11.24it/s, Saved at =inf, TrLoss=0.2215]
 Training FV-alpha-s4-t8: 100%|██████████| 50/50 [00:04<00:00, 11.24it/s, Saved at =inf, TrLoss=0.2215]
 Training FV-alpha-s4-t8: 100%|██████████| 50/50 [00:04<00:00, 11.23it/s, Saved at =inf, TrLoss=0.2215]

 Training FV-alpha-s4-t9:   0%|          | 0/50 [00:00<?, ?it/s]
 Training FV-alpha-s4-t9:   0%|          | 0/50 [00:00<?, ?it/s, Saved at =inf, TrLoss=0.9701]
 Training FV-alpha-s4-t9:   2%|▏         | 1/50 [00:00<00:05,  9.19it/s, Saved at =inf, TrLoss=0.9701]
 Training FV-alpha-s4-t9:   2%|▏         | 1/50 [00:00<00:05,  9.19it/s, Saved at =inf, TrLoss=0.7373]
 Training FV-alpha-s4-t9:   4%|▍         | 2/50 [00:00<00:05,  9.45it/s, Saved at =inf, TrLoss=0.7373]
 Training FV-alpha-s4-t9:   4%|▍         | 2/50 [00:00<00:05,  9.45it/s, Saved at =inf, TrLoss=0.7056]
 Training FV-alpha-s4-t9:   6%|▌         | 3/50 [00:00<00:04,  9.53it/s, Saved at =inf, TrLoss=0.7056]
 Training FV-alpha-s4-t9:   6%|▌         | 3/50 [00:00<00:04,  9.53it/s, Saved at =inf, TrLoss=0.6316]
 Training FV-alpha-s4-t9:   8%|▊         | 4/50 [00:00<00:04,  9.56it/s, Saved at =inf, TrLoss=0.6316]
 Training FV-alpha-s4-t9:   8%|▊         | 4/50 [00:00<00:04,  9.56it/s, Saved at =inf, TrLoss=0.5930]
 Training FV-alpha-s4-t9:  10%|█         | 5/50 [00:00<00:04,  9.58it/s, Saved at =inf, TrLoss=0.5930]
 Training FV-alpha-s4-t9:  10%|█         | 5/50 [00:00<00:04,  9.58it/s, Saved at =inf, TrLoss=0.5379]
 Training FV-alpha-s4-t9:  12%|█▏        | 6/50 [00:00<00:04,  9.60it/s, Saved at =inf, TrLoss=0.5379]
 Training FV-alpha-s4-t9:  12%|█▏        | 6/50 [00:00<00:04,  9.60it/s, Saved at =inf, TrLoss=0.5091]
 Training FV-alpha-s4-t9:  14%|█▍        | 7/50 [00:00<00:04,  9.61it/s, Saved at =inf, TrLoss=0.5091]
 Training FV-alpha-s4-t9:  14%|█▍        | 7/50 [00:00<00:04,  9.61it/s, Saved at =inf, TrLoss=0.4599]
 Training FV-alpha-s4-t9:  16%|█▌        | 8/50 [00:00<00:04,  9.62it/s, Saved at =inf, TrLoss=0.4599]
 Training FV-alpha-s4-t9:  16%|█▌        | 8/50 [00:00<00:04,  9.62it/s, Saved at =inf, TrLoss=0.4386]
 Training FV-alpha-s4-t9:  18%|█▊        | 9/50 [00:00<00:04,  9.61it/s, Saved at =inf, TrLoss=0.4386]
 Training FV-alpha-s4-t9:  18%|█▊        | 9/50 [00:01<00:04,  9.61it/s, Saved at =inf, TrLoss=0.4053]
 Training FV-alpha-s4-t9:  20%|██        | 10/50 [00:01<00:04,  9.62it/s, Saved at =inf, TrLoss=0.4053]
 Training FV-alpha-s4-t9:  20%|██        | 10/50 [00:01<00:04,  9.62it/s, Saved at =inf, TrLoss=0.4065]
 Training FV-alpha-s4-t9:  22%|██▏       | 11/50 [00:01<00:04,  9.62it/s, Saved at =inf, TrLoss=0.4065]
 Training FV-alpha-s4-t9:  22%|██▏       | 11/50 [00:01<00:04,  9.62it/s, Saved at =inf, TrLoss=0.3912]
 Training FV-alpha-s4-t9:  24%|██▍       | 12/50 [00:01<00:03,  9.62it/s, Saved at =inf, TrLoss=0.3912]
 Training FV-alpha-s4-t9:  24%|██▍       | 12/50 [00:01<00:03,  9.62it/s, Saved at =inf, TrLoss=0.3835]
 Training FV-alpha-s4-t9:  26%|██▌       | 13/50 [00:01<00:03,  9.62it/s, Saved at =inf, TrLoss=0.3835]
 Training FV-alpha-s4-t9:  26%|██▌       | 13/50 [00:01<00:03,  9.62it/s, Saved at =inf, TrLoss=0.3695]
 Training FV-alpha-s4-t9:  28%|██▊       | 14/50 [00:01<00:03,  9.62it/s, Saved at =inf, TrLoss=0.3695]
 Training FV-alpha-s4-t9:  28%|██▊       | 14/50 [00:01<00:03,  9.62it/s, Saved at =inf, TrLoss=0.3595]
 Training FV-alpha-s4-t9:  30%|███       | 15/50 [00:01<00:03,  9.62it/s, Saved at =inf, TrLoss=0.3595]
 Training FV-alpha-s4-t9:  30%|███       | 15/50 [00:01<00:03,  9.62it/s, Saved at =inf, TrLoss=0.3790]
 Training FV-alpha-s4-t9:  32%|███▏      | 16/50 [00:01<00:03,  9.62it/s, Saved at =inf, TrLoss=0.3790]
 Training FV-alpha-s4-t9:  32%|███▏      | 16/50 [00:01<00:03,  9.62it/s, Saved at =inf, TrLoss=0.3623]
 Training FV-alpha-s4-t9:  34%|███▍      | 17/50 [00:01<00:03,  9.62it/s, Saved at =inf, TrLoss=0.3623]
 Training FV-alpha-s4-t9:  34%|███▍      | 17/50 [00:01<00:03,  9.62it/s, Saved at =inf, TrLoss=0.3343]
 Training FV-alpha-s4-t9:  36%|███▌      | 18/50 [00:01<00:03,  9.62it/s, Saved at =inf, TrLoss=0.3343]
 Training FV-alpha-s4-t9:  36%|███▌      | 18/50 [00:01<00:03,  9.62it/s, Saved at =inf, TrLoss=0.3275]
 Training FV-alpha-s4-t9:  38%|███▊      | 19/50 [00:01<00:03,  9.62it/s, Saved at =inf, TrLoss=0.3275]
 Training FV-alpha-s4-t9:  38%|███▊      | 19/50 [00:02<00:03,  9.62it/s, Saved at =inf, TrLoss=0.3181]
 Training FV-alpha-s4-t9:  40%|████      | 20/50 [00:02<00:03,  9.61it/s, Saved at =inf, TrLoss=0.3181]
 Training FV-alpha-s4-t9:  40%|████      | 20/50 [00:02<00:03,  9.61it/s, Saved at =inf, TrLoss=0.3178]
 Training FV-alpha-s4-t9:  42%|████▏     | 21/50 [00:02<00:03,  9.61it/s, Saved at =inf, TrLoss=0.3178]
 Training FV-alpha-s4-t9:  42%|████▏     | 21/50 [00:02<00:03,  9.61it/s, Saved at =inf, TrLoss=0.3163]
 Training FV-alpha-s4-t9:  44%|████▍     | 22/50 [00:02<00:02,  9.61it/s, Saved at =inf, TrLoss=0.3163]
 Training FV-alpha-s4-t9:  44%|████▍     | 22/50 [00:02<00:02,  9.61it/s, Saved at =inf, TrLoss=0.3054]
 Training FV-alpha-s4-t9:  46%|████▌     | 23/50 [00:02<00:02,  9.62it/s, Saved at =inf, TrLoss=0.3054]
 Training FV-alpha-s4-t9:  46%|████▌     | 23/50 [00:02<00:02,  9.62it/s, Saved at =inf, TrLoss=0.2956]
 Training FV-alpha-s4-t9:  48%|████▊     | 24/50 [00:02<00:02,  9.62it/s, Saved at =inf, TrLoss=0.2956]
 Training FV-alpha-s4-t9:  48%|████▊     | 24/50 [00:02<00:02,  9.62it/s, Saved at =inf, TrLoss=0.3019]
 Training FV-alpha-s4-t9:  50%|█████     | 25/50 [00:02<00:02,  9.62it/s, Saved at =inf, TrLoss=0.3019]
 Training FV-alpha-s4-t9:  50%|█████     | 25/50 [00:02<00:02,  9.62it/s, Saved at =inf, TrLoss=0.3063]
 Training FV-alpha-s4-t9:  52%|█████▏    | 26/50 [00:02<00:02,  9.62it/s, Saved at =inf, TrLoss=0.3063]
 Training FV-alpha-s4-t9:  52%|█████▏    | 26/50 [00:02<00:02,  9.62it/s, Saved at =inf, TrLoss=0.3006]
 Training FV-alpha-s4-t9:  54%|█████▍    | 27/50 [00:02<00:02,  9.62it/s, Saved at =inf, TrLoss=0.3006]
 Training FV-alpha-s4-t9:  54%|█████▍    | 27/50 [00:02<00:02,  9.62it/s, Saved at =inf, TrLoss=0.2948]
 Training FV-alpha-s4-t9:  56%|█████▌    | 28/50 [00:02<00:02,  9.62it/s, Saved at =inf, TrLoss=0.2948]
 Training FV-alpha-s4-t9:  56%|█████▌    | 28/50 [00:02<00:02,  9.62it/s, Saved at =inf, TrLoss=0.2847]
 Training FV-alpha-s4-t9:  58%|█████▊    | 29/50 [00:03<00:02,  9.62it/s, Saved at =inf, TrLoss=0.2847]
 Training FV-alpha-s4-t9:  58%|█████▊    | 29/50 [00:03<00:02,  9.62it/s, Saved at =inf, TrLoss=0.2937]
 Training FV-alpha-s4-t9:  60%|██████    | 30/50 [00:03<00:02,  9.62it/s, Saved at =inf, TrLoss=0.2937]
 Training FV-alpha-s4-t9:  60%|██████    | 30/50 [00:03<00:02,  9.62it/s, Saved at =inf, TrLoss=0.2816]
 Training FV-alpha-s4-t9:  62%|██████▏   | 31/50 [00:03<00:01,  9.62it/s, Saved at =inf, TrLoss=0.2816]
 Training FV-alpha-s4-t9:  62%|██████▏   | 31/50 [00:03<00:01,  9.62it/s, Saved at =inf, TrLoss=0.2632]
 Training FV-alpha-s4-t9:  64%|██████▍   | 32/50 [00:03<00:01,  9.62it/s, Saved at =inf, TrLoss=0.2632]
 Training FV-alpha-s4-t9:  64%|██████▍   | 32/50 [00:03<00:01,  9.62it/s, Saved at =inf, TrLoss=0.2703]
 Training FV-alpha-s4-t9:  66%|██████▌   | 33/50 [00:03<00:01,  9.62it/s, Saved at =inf, TrLoss=0.2703]
 Training FV-alpha-s4-t9:  66%|██████▌   | 33/50 [00:03<00:01,  9.62it/s, Saved at =inf, TrLoss=0.2745]
 Training FV-alpha-s4-t9:  68%|██████▊   | 34/50 [00:03<00:01,  9.62it/s, Saved at =inf, TrLoss=0.2745]
 Training FV-alpha-s4-t9:  68%|██████▊   | 34/50 [00:03<00:01,  9.62it/s, Saved at =inf, TrLoss=0.2553]
 Training FV-alpha-s4-t9:  70%|███████   | 35/50 [00:03<00:01,  9.62it/s, Saved at =inf, TrLoss=0.2553]
 Training FV-alpha-s4-t9:  70%|███████   | 35/50 [00:03<00:01,  9.62it/s, Saved at =inf, TrLoss=0.2599]
 Training FV-alpha-s4-t9:  72%|███████▏  | 36/50 [00:03<00:01,  9.62it/s, Saved at =inf, TrLoss=0.2599]
 Training FV-alpha-s4-t9:  72%|███████▏  | 36/50 [00:03<00:01,  9.62it/s, Saved at =inf, TrLoss=0.2593]
 Training FV-alpha-s4-t9:  74%|███████▍  | 37/50 [00:03<00:01,  9.62it/s, Saved at =inf, TrLoss=0.2593]
 Training FV-alpha-s4-t9:  74%|███████▍  | 37/50 [00:03<00:01,  9.62it/s, Saved at =inf, TrLoss=0.2423]
 Training FV-alpha-s4-t9:  76%|███████▌  | 38/50 [00:03<00:01,  9.61it/s, Saved at =inf, TrLoss=0.2423]
 Training FV-alpha-s4-t9:  76%|███████▌  | 38/50 [00:04<00:01,  9.61it/s, Saved at =inf, TrLoss=0.2494]
 Training FV-alpha-s4-t9:  78%|███████▊  | 39/50 [00:04<00:01,  9.62it/s, Saved at =inf, TrLoss=0.2494]
 Training FV-alpha-s4-t9:  78%|███████▊  | 39/50 [00:04<00:01,  9.62it/s, Saved at =inf, TrLoss=0.2485]
 Training FV-alpha-s4-t9:  80%|████████  | 40/50 [00:04<00:01,  9.62it/s, Saved at =inf, TrLoss=0.2485]
 Training FV-alpha-s4-t9:  80%|████████  | 40/50 [00:04<00:01,  9.62it/s, Saved at =inf, TrLoss=0.2441]
 Training FV-alpha-s4-t9:  82%|████████▏ | 41/50 [00:04<00:00,  9.62it/s, Saved at =inf, TrLoss=0.2441]
 Training FV-alpha-s4-t9:  82%|████████▏ | 41/50 [00:04<00:00,  9.62it/s, Saved at =inf, TrLoss=0.2437]
 Training FV-alpha-s4-t9:  84%|████████▍ | 42/50 [00:04<00:00,  9.62it/s, Saved at =inf, TrLoss=0.2437]
 Training FV-alpha-s4-t9:  84%|████████▍ | 42/50 [00:04<00:00,  9.62it/s, Saved at =inf, TrLoss=0.2368]
 Training FV-alpha-s4-t9:  86%|████████▌ | 43/50 [00:04<00:00,  9.62it/s, Saved at =inf, TrLoss=0.2368]
 Training FV-alpha-s4-t9:  86%|████████▌ | 43/50 [00:04<00:00,  9.62it/s, Saved at =inf, TrLoss=0.2466]
 Training FV-alpha-s4-t9:  88%|████████▊ | 44/50 [00:04<00:00,  9.62it/s, Saved at =inf, TrLoss=0.2466]
 Training FV-alpha-s4-t9:  88%|████████▊ | 44/50 [00:04<00:00,  9.62it/s, Saved at =inf, TrLoss=0.2433]
 Training FV-alpha-s4-t9:  90%|█████████ | 45/50 [00:04<00:00,  9.62it/s, Saved at =inf, TrLoss=0.2433]
 Training FV-alpha-s4-t9:  90%|█████████ | 45/50 [00:04<00:00,  9.62it/s, Saved at =inf, TrLoss=0.2304]
 Training FV-alpha-s4-t9:  92%|█████████▏| 46/50 [00:04<00:00,  9.62it/s, Saved at =inf, TrLoss=0.2304]
 Training FV-alpha-s4-t9:  92%|█████████▏| 46/50 [00:04<00:00,  9.62it/s, Saved at =inf, TrLoss=0.2251]
 Training FV-alpha-s4-t9:  94%|█████████▍| 47/50 [00:04<00:00,  9.62it/s, Saved at =inf, TrLoss=0.2251]
 Training FV-alpha-s4-t9:  94%|█████████▍| 47/50 [00:04<00:00,  9.62it/s, Saved at =inf, TrLoss=0.2361]
 Training FV-alpha-s4-t9:  96%|█████████▌| 48/50 [00:04<00:00,  9.62it/s, Saved at =inf, TrLoss=0.2361]
 Training FV-alpha-s4-t9:  96%|█████████▌| 48/50 [00:05<00:00,  9.62it/s, Saved at =inf, TrLoss=0.2316]
 Training FV-alpha-s4-t9:  98%|█████████▊| 49/50 [00:05<00:00,  9.63it/s, Saved at =inf, TrLoss=0.2316]
 Training FV-alpha-s4-t9:  98%|█████████▊| 49/50 [00:05<00:00,  9.63it/s, Saved at =inf, TrLoss=0.2285]
 Training FV-alpha-s4-t9: 100%|██████████| 50/50 [00:05<00:00,  9.63it/s, Saved at =inf, TrLoss=0.2285]
 Training FV-alpha-s4-t9: 100%|██████████| 50/50 [00:05<00:00,  9.61it/s, Saved at =inf, TrLoss=0.2285]

 Training ATK-alpha-s4-t7:   0%|          | 0/50 [00:00<?, ?it/s]
 Training ATK-alpha-s4-t7:   0%|          | 0/50 [00:00<?, ?it/s, Saved at =inf, TrLoss=0.6890]
 Training ATK-alpha-s4-t7:   0%|          | 0/50 [00:00<?, ?it/s, Saved at =inf, TrLoss=0.6662]
 Training ATK-alpha-s4-t7:   4%|▍         | 2/50 [00:00<00:03, 12.24it/s, Saved at =inf, TrLoss=0.6662]
 Training ATK-alpha-s4-t7:   4%|▍         | 2/50 [00:00<00:03, 12.24it/s, Saved at =inf, TrLoss=0.6719]
 Training ATK-alpha-s4-t7:   4%|▍         | 2/50 [00:00<00:03, 12.24it/s, Saved at =inf, TrLoss=0.5635]
 Training ATK-alpha-s4-t7:   8%|▊         | 4/50 [00:00<00:03, 12.34it/s, Saved at =inf, TrLoss=0.5635]
 Training ATK-alpha-s4-t7:   8%|▊         | 4/50 [00:00<00:03, 12.34it/s, Saved at =inf, TrLoss=0.5028]
 Training ATK-alpha-s4-t7:   8%|▊         | 4/50 [00:00<00:03, 12.34it/s, Saved at =inf, TrLoss=0.5343]
 Training ATK-alpha-s4-t7:  12%|█▏        | 6/50 [00:00<00:03, 12.44it/s, Saved at =inf, TrLoss=0.5343]
 Training ATK-alpha-s4-t7:  12%|█▏        | 6/50 [00:00<00:03, 12.44it/s, Saved at =inf, TrLoss=0.5298]
 Training ATK-alpha-s4-t7:  12%|█▏        | 6/50 [00:00<00:03, 12.44it/s, Saved at =inf, TrLoss=0.4711]
 Training ATK-alpha-s4-t7:  16%|█▌        | 8/50 [00:00<00:03, 12.43it/s, Saved at =inf, TrLoss=0.4711]
 Training ATK-alpha-s4-t7:  16%|█▌        | 8/50 [00:00<00:03, 12.43it/s, Saved at =inf, TrLoss=0.4302]
 Training ATK-alpha-s4-t7:  16%|█▌        | 8/50 [00:00<00:03, 12.43it/s, Saved at =inf, TrLoss=0.4228]
 Training ATK-alpha-s4-t7:  20%|██        | 10/50 [00:00<00:03, 12.43it/s, Saved at =inf, TrLoss=0.4228]
 Training ATK-alpha-s4-t7:  20%|██        | 10/50 [00:00<00:03, 12.43it/s, Saved at =inf, TrLoss=0.3958]
 Training ATK-alpha-s4-t7:  20%|██        | 10/50 [00:00<00:03, 12.43it/s, Saved at =inf, TrLoss=0.3557]
 Training ATK-alpha-s4-t7:  24%|██▍       | 12/50 [00:00<00:03, 12.43it/s, Saved at =inf, TrLoss=0.3557]
 Training ATK-alpha-s4-t7:  24%|██▍       | 12/50 [00:01<00:03, 12.43it/s, Saved at =inf, TrLoss=0.3855]
 Training ATK-alpha-s4-t7:  24%|██▍       | 12/50 [00:01<00:03, 12.43it/s, Saved at =inf, TrLoss=0.3427]
 Training ATK-alpha-s4-t7:  28%|██▊       | 14/50 [00:01<00:02, 12.42it/s, Saved at =inf, TrLoss=0.3427]
 Training ATK-alpha-s4-t7:  28%|██▊       | 14/50 [00:01<00:02, 12.42it/s, Saved at =inf, TrLoss=0.3337]
 Training ATK-alpha-s4-t7:  28%|██▊       | 14/50 [00:01<00:02, 12.42it/s, Saved at =inf, TrLoss=0.3177]
 Training ATK-alpha-s4-t7:  32%|███▏      | 16/50 [00:01<00:02, 12.42it/s, Saved at =inf, TrLoss=0.3177]
 Training ATK-alpha-s4-t7:  32%|███▏      | 16/50 [00:01<00:02, 12.42it/s, Saved at =inf, TrLoss=0.3342]
 Training ATK-alpha-s4-t7:  32%|███▏      | 16/50 [00:01<00:02, 12.42it/s, Saved at =inf, TrLoss=0.3099]
 Training ATK-alpha-s4-t7:  36%|███▌      | 18/50 [00:01<00:02, 12.39it/s, Saved at =inf, TrLoss=0.3099]
 Training ATK-alpha-s4-t7:  36%|███▌      | 18/50 [00:01<00:02, 12.39it/s, Saved at =inf, TrLoss=0.3067]
 Training ATK-alpha-s4-t7:  36%|███▌      | 18/50 [00:01<00:02, 12.39it/s, Saved at =inf, TrLoss=0.2858]
 Training ATK-alpha-s4-t7:  40%|████      | 20/50 [00:01<00:02, 12.40it/s, Saved at =inf, TrLoss=0.2858]
 Training ATK-alpha-s4-t7:  40%|████      | 20/50 [00:01<00:02, 12.40it/s, Saved at =inf, TrLoss=0.2885]
 Training ATK-alpha-s4-t7:  40%|████      | 20/50 [00:01<00:02, 12.40it/s, Saved at =inf, TrLoss=0.2859]
 Training ATK-alpha-s4-t7:  44%|████▍     | 22/50 [00:01<00:02, 12.40it/s, Saved at =inf, TrLoss=0.2859]
 Training ATK-alpha-s4-t7:  44%|████▍     | 22/50 [00:01<00:02, 12.40it/s, Saved at =inf, TrLoss=0.2974]
 Training ATK-alpha-s4-t7:  44%|████▍     | 22/50 [00:01<00:02, 12.40it/s, Saved at =inf, TrLoss=0.2738]
 Training ATK-alpha-s4-t7:  48%|████▊     | 24/50 [00:01<00:02, 12.41it/s, Saved at =inf, TrLoss=0.2738]
 Training ATK-alpha-s4-t7:  48%|████▊     | 24/50 [00:01<00:02, 12.41it/s, Saved at =inf, TrLoss=0.2814]
 Training ATK-alpha-s4-t7:  48%|████▊     | 24/50 [00:02<00:02, 12.41it/s, Saved at =inf, TrLoss=0.2653]
 Training ATK-alpha-s4-t7:  52%|█████▏    | 26/50 [00:02<00:01, 12.41it/s, Saved at =inf, TrLoss=0.2653]
 Training ATK-alpha-s4-t7:  52%|█████▏    | 26/50 [00:02<00:01, 12.41it/s, Saved at =inf, TrLoss=0.2544]
 Training ATK-alpha-s4-t7:  52%|█████▏    | 26/50 [00:02<00:01, 12.41it/s, Saved at =inf, TrLoss=0.2653]
 Training ATK-alpha-s4-t7:  56%|█████▌    | 28/50 [00:02<00:01, 12.40it/s, Saved at =inf, TrLoss=0.2653]
 Training ATK-alpha-s4-t7:  56%|█████▌    | 28/50 [00:02<00:01, 12.40it/s, Saved at =inf, TrLoss=0.2620]
 Training ATK-alpha-s4-t7:  56%|█████▌    | 28/50 [00:02<00:01, 12.40it/s, Saved at =inf, TrLoss=0.2517]
 Training ATK-alpha-s4-t7:  60%|██████    | 30/50 [00:02<00:01, 12.40it/s, Saved at =inf, TrLoss=0.2517]
 Training ATK-alpha-s4-t7:  60%|██████    | 30/50 [00:02<00:01, 12.40it/s, Saved at =inf, TrLoss=0.2519]
 Training ATK-alpha-s4-t7:  60%|██████    | 30/50 [00:02<00:01, 12.40it/s, Saved at =inf, TrLoss=0.2482]
 Training ATK-alpha-s4-t7:  64%|██████▍   | 32/50 [00:02<00:01, 12.40it/s, Saved at =inf, TrLoss=0.2482]
 Training ATK-alpha-s4-t7:  64%|██████▍   | 32/50 [00:02<00:01, 12.40it/s, Saved at =inf, TrLoss=0.2417]
 Training ATK-alpha-s4-t7:  64%|██████▍   | 32/50 [00:02<00:01, 12.40it/s, Saved at =inf, TrLoss=0.2355]
 Training ATK-alpha-s4-t7:  68%|██████▊   | 34/50 [00:02<00:01, 12.40it/s, Saved at =inf, TrLoss=0.2355]
 Training ATK-alpha-s4-t7:  68%|██████▊   | 34/50 [00:02<00:01, 12.40it/s, Saved at =inf, TrLoss=0.2360]
 Training ATK-alpha-s4-t7:  68%|██████▊   | 34/50 [00:02<00:01, 12.40it/s, Saved at =inf, TrLoss=0.2359]
 Training ATK-alpha-s4-t7:  72%|███████▏  | 36/50 [00:02<00:01, 12.40it/s, Saved at =inf, TrLoss=0.2359]
 Training ATK-alpha-s4-t7:  72%|███████▏  | 36/50 [00:02<00:01, 12.40it/s, Saved at =inf, TrLoss=0.2343]
 Training ATK-alpha-s4-t7:  72%|███████▏  | 36/50 [00:03<00:01, 12.40it/s, Saved at =inf, TrLoss=0.2292]
 Training ATK-alpha-s4-t7:  76%|███████▌  | 38/50 [00:03<00:00, 12.41it/s, Saved at =inf, TrLoss=0.2292]
 Training ATK-alpha-s4-t7:  76%|███████▌  | 38/50 [00:03<00:00, 12.41it/s, Saved at =inf, TrLoss=0.2354]
 Training ATK-alpha-s4-t7:  76%|███████▌  | 38/50 [00:03<00:00, 12.41it/s, Saved at =inf, TrLoss=0.2247]
 Training ATK-alpha-s4-t7:  80%|████████  | 40/50 [00:03<00:00, 12.41it/s, Saved at =inf, TrLoss=0.2247]
 Training ATK-alpha-s4-t7:  80%|████████  | 40/50 [00:03<00:00, 12.41it/s, Saved at =inf, TrLoss=0.2249]
 Training ATK-alpha-s4-t7:  80%|████████  | 40/50 [00:03<00:00, 12.41it/s, Saved at =inf, TrLoss=0.2205]
 Training ATK-alpha-s4-t7:  84%|████████▍ | 42/50 [00:03<00:00, 12.41it/s, Saved at =inf, TrLoss=0.2205]
 Training ATK-alpha-s4-t7:  84%|████████▍ | 42/50 [00:03<00:00, 12.41it/s, Saved at =inf, TrLoss=0.2119]
 Training ATK-alpha-s4-t7:  84%|████████▍ | 42/50 [00:03<00:00, 12.41it/s, Saved at =inf, TrLoss=0.2263]
 Training ATK-alpha-s4-t7:  88%|████████▊ | 44/50 [00:03<00:00, 12.41it/s, Saved at =inf, TrLoss=0.2263]
 Training ATK-alpha-s4-t7:  88%|████████▊ | 44/50 [00:03<00:00, 12.41it/s, Saved at =inf, TrLoss=0.2148]
 Training ATK-alpha-s4-t7:  88%|████████▊ | 44/50 [00:03<00:00, 12.41it/s, Saved at =inf, TrLoss=0.2077]
 Training ATK-alpha-s4-t7:  92%|█████████▏| 46/50 [00:03<00:00, 12.41it/s, Saved at =inf, TrLoss=0.2077]
 Training ATK-alpha-s4-t7:  92%|█████████▏| 46/50 [00:03<00:00, 12.41it/s, Saved at =inf, TrLoss=0.2063]
 Training ATK-alpha-s4-t7:  92%|█████████▏| 46/50 [00:03<00:00, 12.41it/s, Saved at =inf, TrLoss=0.2067]
 Training ATK-alpha-s4-t7:  96%|█████████▌| 48/50 [00:03<00:00, 12.41it/s, Saved at =inf, TrLoss=0.2067]
 Training ATK-alpha-s4-t7:  96%|█████████▌| 48/50 [00:03<00:00, 12.41it/s, Saved at =inf, TrLoss=0.2057]
 Training ATK-alpha-s4-t7:  96%|█████████▌| 48/50 [00:04<00:00, 12.41it/s, Saved at =inf, TrLoss=0.2015]
 Training ATK-alpha-s4-t7: 100%|██████████| 50/50 [00:04<00:00, 12.41it/s, Saved at =inf, TrLoss=0.2015]
 Training ATK-alpha-s4-t7: 100%|██████████| 50/50 [00:04<00:00, 12.41it/s, Saved at =inf, TrLoss=0.2015]
[06:41:34]   MCC=0.389±0.068, AUC=0.767±0.070, BAcc=0.686±0.076
[06:41:35] fixed cohort: low=25 moderate=40 (node IDs reused across seeds)
[06:41:35] 
[A] fixed-cohort flip table — alpha  (low 25, mod 40)
[06:43:21]   low      B=1: N=125  total=87.2% CP(0.8, 0.925) seed(83.2, 91.2) | pre=50.4% CP(0.413, 0.595) seed(47.2, 52.0)
[06:45:08]   low      B=5: N=125  total=92.0% CP(0.858, 0.961) seed(92.0, 92.0) | pre=40.0% CP(0.313, 0.491) seed(40.0, 40.0)
[06:47:58]   moderate B=1: N=200  total=12.0% CP(0.078, 0.173) seed(11.0, 12.5) | pre=10.5% CP(0.066, 0.156) seed(10.0, 11.5)
[06:50:49]   moderate B=5: N=200  total=25.5% CP(0.196, 0.321) seed(25.0, 26.5) | pre=11.5% CP(0.074, 0.168) seed(10.5, 12.5)
[06:50:49] 
[B] query-edge-masked encoding (strict) — alpha  low B=1
[06:51:21]   seed 42: n=25  preexist_flip=44%  masked_flip=48%
[06:51:53]   seed 1: n=25  preexist_flip=44%  masked_flip=52%
[06:52:25]   seed 2: n=25  preexist_flip=48%  masked_flip=48%
[06:52:57]   seed 3: n=25  preexist_flip=44%  masked_flip=48%
[06:53:28]   seed 4: n=25  preexist_flip=44%  masked_flip=56%
[06:53:29]   POOLED N=125: preexist=44.8%  MASKED=50.4% CP(0.413, 0.595) seed(48.0, 53.6)  dR_masked=-0.0922
[06:53:29] 
[C] random-source distribution — alpha  low  (seed 42)
[06:54:30]   B=1: n=25  opt dR=-0.1368  rand median dR=-0.0488  random>=opt in 1.7% of draws
[06:55:33]   B=5: n=25  opt dR=-0.2025  rand median dR=-0.1574  random>=opt in 7.0% of draws
[06:55:33] 
saved paper/results/unified/reviewer_rebuttal.json
[06:55:33] 
DONE
