<ps-env>/lib/python3.10/site-packages/networkx/utils/backends.py:563: RuntimeWarning: Error encountered when loading info for backend cugraph: No module named '_nx_cugraph'
  backend_info.update(_get_backends("networkx.backend_info", load_and_call=True))
[20:25:54] 
========================================================
  STATS RIGOR — otc
========================================================
[20:25:54] Training GDTE on otc (seed=42)...

 Training FV-otc-s42-t2:   0%|          | 0/50 [00:00<?, ?it/s]
 Training FV-otc-s42-t2:   0%|          | 0/50 [00:00<?, ?it/s, Saved at =inf, TrLoss=0.7166]
 Training FV-otc-s42-t2:   2%|▏         | 1/50 [00:00<00:19,  2.49it/s, Saved at =inf, TrLoss=0.7166]
 Training FV-otc-s42-t2:   2%|▏         | 1/50 [00:00<00:19,  2.49it/s, Saved at =inf, TrLoss=0.5475]
 Training FV-otc-s42-t2:   2%|▏         | 1/50 [00:00<00:19,  2.49it/s, Saved at =inf, TrLoss=0.4565]
 Training FV-otc-s42-t2:   2%|▏         | 1/50 [00:00<00:19,  2.49it/s, Saved at =inf, TrLoss=0.4664]
 Training FV-otc-s42-t2:   2%|▏         | 1/50 [00:00<00:19,  2.49it/s, Saved at =inf, TrLoss=0.3041]
 Training FV-otc-s42-t2:  10%|█         | 5/50 [00:00<00:03, 11.40it/s, Saved at =inf, TrLoss=0.3041]
 Training FV-otc-s42-t2:  10%|█         | 5/50 [00:00<00:03, 11.40it/s, Saved at =inf, TrLoss=0.2621]
 Training FV-otc-s42-t2:  10%|█         | 5/50 [00:00<00:03, 11.40it/s, Saved at =inf, TrLoss=0.2439]
 Training FV-otc-s42-t2:  10%|█         | 5/50 [00:00<00:03, 11.40it/s, Saved at =inf, TrLoss=0.2127]
 Training FV-otc-s42-t2:  10%|█         | 5/50 [00:00<00:03, 11.40it/s, Saved at =inf, TrLoss=0.2005]
 Training FV-otc-s42-t2:  18%|█▊        | 9/50 [00:00<00:02, 17.44it/s, Saved at =inf, TrLoss=0.2005]
 Training FV-otc-s42-t2:  18%|█▊        | 9/50 [00:00<00:02, 17.44it/s, Saved at =inf, TrLoss=0.1819]
 Training FV-otc-s42-t2:  18%|█▊        | 9/50 [00:00<00:02, 17.44it/s, Saved at =inf, TrLoss=0.1937]
 Training FV-otc-s42-t2:  18%|█▊        | 9/50 [00:00<00:02, 17.44it/s, Saved at =inf, TrLoss=0.1659]
 Training FV-otc-s42-t2:  18%|█▊        | 9/50 [00:00<00:02, 17.44it/s, Saved at =inf, TrLoss=0.1853]
 Training FV-otc-s42-t2:  26%|██▌       | 13/50 [00:00<00:01, 21.59it/s, Saved at =inf, TrLoss=0.1853]
 Training FV-otc-s42-t2:  26%|██▌       | 13/50 [00:00<00:01, 21.59it/s, Saved at =inf, TrLoss=0.1716]
 Training FV-otc-s42-t2:  26%|██▌       | 13/50 [00:00<00:01, 21.59it/s, Saved at =inf, TrLoss=0.1648]
 Training FV-otc-s42-t2:  26%|██▌       | 13/50 [00:00<00:01, 21.59it/s, Saved at =inf, TrLoss=0.1360]
 Training FV-otc-s42-t2:  26%|██▌       | 13/50 [00:00<00:01, 21.59it/s, Saved at =inf, TrLoss=0.1428]
 Training FV-otc-s42-t2:  34%|███▍      | 17/50 [00:00<00:01, 24.27it/s, Saved at =inf, TrLoss=0.1428]
 Training FV-otc-s42-t2:  34%|███▍      | 17/50 [00:00<00:01, 24.27it/s, Saved at =inf, TrLoss=0.1449]
 Training FV-otc-s42-t2:  34%|███▍      | 17/50 [00:00<00:01, 24.27it/s, Saved at =inf, TrLoss=0.1301]
 Training FV-otc-s42-t2:  34%|███▍      | 17/50 [00:01<00:01, 24.27it/s, Saved at =inf, TrLoss=0.1274]
 Training FV-otc-s42-t2:  34%|███▍      | 17/50 [00:01<00:01, 24.27it/s, Saved at =inf, TrLoss=0.1132]
 Training FV-otc-s42-t2:  42%|████▏     | 21/50 [00:01<00:01, 26.30it/s, Saved at =inf, TrLoss=0.1132]
 Training FV-otc-s42-t2:  42%|████▏     | 21/50 [00:01<00:01, 26.30it/s, Saved at =inf, TrLoss=0.1381]
 Training FV-otc-s42-t2:  42%|████▏     | 21/50 [00:01<00:01, 26.30it/s, Saved at =inf, TrLoss=0.1426]
 Training FV-otc-s42-t2:  42%|████▏     | 21/50 [00:01<00:01, 26.30it/s, Saved at =inf, TrLoss=0.1545]
 Training FV-otc-s42-t2:  42%|████▏     | 21/50 [00:01<00:01, 26.30it/s, Saved at =inf, TrLoss=0.1197]
 Training FV-otc-s42-t2:  50%|█████     | 25/50 [00:01<00:00, 27.71it/s, Saved at =inf, TrLoss=0.1197]
 Training FV-otc-s42-t2:  50%|█████     | 25/50 [00:01<00:00, 27.71it/s, Saved at =inf, TrLoss=0.1561]
 Training FV-otc-s42-t2:  50%|█████     | 25/50 [00:01<00:00, 27.71it/s, Saved at =inf, TrLoss=0.1100]
 Training FV-otc-s42-t2:  50%|█████     | 25/50 [00:01<00:00, 27.71it/s, Saved at =inf, TrLoss=0.1477]
 Training FV-otc-s42-t2:  50%|█████     | 25/50 [00:01<00:00, 27.71it/s, Saved at =inf, TrLoss=0.1211]
 Training FV-otc-s42-t2:  58%|█████▊    | 29/50 [00:01<00:00, 28.69it/s, Saved at =inf, TrLoss=0.1211]
 Training FV-otc-s42-t2:  58%|█████▊    | 29/50 [00:01<00:00, 28.69it/s, Saved at =inf, TrLoss=0.1001]
 Training FV-otc-s42-t2:  58%|█████▊    | 29/50 [00:01<00:00, 28.69it/s, Saved at =inf, TrLoss=0.0955]
 Training FV-otc-s42-t2:  58%|█████▊    | 29/50 [00:01<00:00, 28.69it/s, Saved at =inf, TrLoss=0.0998]
 Training FV-otc-s42-t2:  58%|█████▊    | 29/50 [00:01<00:00, 28.69it/s, Saved at =inf, TrLoss=0.0999]
 Training FV-otc-s42-t2:  66%|██████▌   | 33/50 [00:01<00:00, 29.36it/s, Saved at =inf, TrLoss=0.0999]
 Training FV-otc-s42-t2:  66%|██████▌   | 33/50 [00:01<00:00, 29.36it/s, Saved at =inf, TrLoss=0.1059]
 Training FV-otc-s42-t2:  66%|██████▌   | 33/50 [00:01<00:00, 29.36it/s, Saved at =inf, TrLoss=0.0817]
 Training FV-otc-s42-t2:  66%|██████▌   | 33/50 [00:01<00:00, 29.36it/s, Saved at =inf, TrLoss=0.0888]
 Training FV-otc-s42-t2:  66%|██████▌   | 33/50 [00:01<00:00, 29.36it/s, Saved at =inf, TrLoss=0.0775]
 Training FV-otc-s42-t2:  74%|███████▍  | 37/50 [00:01<00:00, 29.85it/s, Saved at =inf, TrLoss=0.0775]
 Training FV-otc-s42-t2:  74%|███████▍  | 37/50 [00:01<00:00, 29.85it/s, Saved at =inf, TrLoss=0.0803]
 Training FV-otc-s42-t2:  74%|███████▍  | 37/50 [00:01<00:00, 29.85it/s, Saved at =inf, TrLoss=0.0659]
 Training FV-otc-s42-t2:  74%|███████▍  | 37/50 [00:01<00:00, 29.85it/s, Saved at =inf, TrLoss=0.0807]
 Training FV-otc-s42-t2:  74%|███████▍  | 37/50 [00:01<00:00, 29.85it/s, Saved at =inf, TrLoss=0.0765]
 Training FV-otc-s42-t2:  82%|████████▏ | 41/50 [00:01<00:00, 30.18it/s, Saved at =inf, TrLoss=0.0765]
 Training FV-otc-s42-t2:  82%|████████▏ | 41/50 [00:01<00:00, 30.18it/s, Saved at =inf, TrLoss=0.0715]
 Training FV-otc-s42-t2:  82%|████████▏ | 41/50 [00:01<00:00, 30.18it/s, Saved at =inf, TrLoss=0.0706]
 Training FV-otc-s42-t2:  82%|████████▏ | 41/50 [00:01<00:00, 30.18it/s, Saved at =inf, TrLoss=0.0752]
 Training FV-otc-s42-t2:  82%|████████▏ | 41/50 [00:01<00:00, 30.18it/s, Saved at =inf, TrLoss=0.0783]
 Training FV-otc-s42-t2:  90%|█████████ | 45/50 [00:01<00:00, 30.42it/s, Saved at =inf, TrLoss=0.0783]
 Training FV-otc-s42-t2:  90%|█████████ | 45/50 [00:01<00:00, 30.42it/s, Saved at =inf, TrLoss=0.0620]
 Training FV-otc-s42-t2:  90%|█████████ | 45/50 [00:01<00:00, 30.42it/s, Saved at =inf, TrLoss=0.0691]
 Training FV-otc-s42-t2:  90%|█████████ | 45/50 [00:01<00:00, 30.42it/s, Saved at =inf, TrLoss=0.0604]
 Training FV-otc-s42-t2:  90%|█████████ | 45/50 [00:01<00:00, 30.42it/s, Saved at =inf, TrLoss=0.1090]
 Training FV-otc-s42-t2:  98%|█████████▊| 49/50 [00:01<00:00, 30.54it/s, Saved at =inf, TrLoss=0.1090]
 Training FV-otc-s42-t2:  98%|█████████▊| 49/50 [00:01<00:00, 30.54it/s, Saved at =inf, TrLoss=0.0814]
 Training FV-otc-s42-t2: 100%|██████████| 50/50 [00:01<00:00, 25.13it/s, Saved at =inf, TrLoss=0.0814]

 Training FV-otc-s42-t3:   0%|          | 0/50 [00:00<?, ?it/s]
 Training FV-otc-s42-t3:   0%|          | 0/50 [00:00<?, ?it/s, Saved at =inf, TrLoss=0.7878]
 Training FV-otc-s42-t3:   0%|          | 0/50 [00:00<?, ?it/s, Saved at =inf, TrLoss=0.8257]
 Training FV-otc-s42-t3:   4%|▍         | 2/50 [00:00<00:02, 19.51it/s, Saved at =inf, TrLoss=0.8257]
 Training FV-otc-s42-t3:   4%|▍         | 2/50 [00:00<00:02, 19.51it/s, Saved at =inf, TrLoss=0.5418]
 Training FV-otc-s42-t3:   4%|▍         | 2/50 [00:00<00:02, 19.51it/s, Saved at =inf, TrLoss=0.5495]
 Training FV-otc-s42-t3:   4%|▍         | 2/50 [00:00<00:02, 19.51it/s, Saved at =inf, TrLoss=0.4595]
 Training FV-otc-s42-t3:  10%|█         | 5/50 [00:00<00:02, 20.01it/s, Saved at =inf, TrLoss=0.4595]
 Training FV-otc-s42-t3:  10%|█         | 5/50 [00:00<00:02, 20.01it/s, Saved at =inf, TrLoss=0.4075]
 Training FV-otc-s42-t3:  10%|█         | 5/50 [00:00<00:02, 20.01it/s, Saved at =inf, TrLoss=0.3605]
 Training FV-otc-s42-t3:  10%|█         | 5/50 [00:00<00:02, 20.01it/s, Saved at =inf, TrLoss=0.3026]
 Training FV-otc-s42-t3:  16%|█▌        | 8/50 [00:00<00:02, 20.13it/s, Saved at =inf, TrLoss=0.3026]
 Training FV-otc-s42-t3:  16%|█▌        | 8/50 [00:00<00:02, 20.13it/s, Saved at =inf, TrLoss=0.2979]
 Training FV-otc-s42-t3:  16%|█▌        | 8/50 [00:00<00:02, 20.13it/s, Saved at =inf, TrLoss=0.2708]
 Training FV-otc-s42-t3:  16%|█▌        | 8/50 [00:00<00:02, 20.13it/s, Saved at =inf, TrLoss=0.2568]
 Training FV-otc-s42-t3:  22%|██▏       | 11/50 [00:00<00:01, 20.18it/s, Saved at =inf, TrLoss=0.2568]
 Training FV-otc-s42-t3:  22%|██▏       | 11/50 [00:00<00:01, 20.18it/s, Saved at =inf, TrLoss=0.2341]
 Training FV-otc-s42-t3:  22%|██▏       | 11/50 [00:00<00:01, 20.18it/s, Saved at =inf, TrLoss=0.1972]
 Training FV-otc-s42-t3:  22%|██▏       | 11/50 [00:00<00:01, 20.18it/s, Saved at =inf, TrLoss=0.2004]
 Training FV-otc-s42-t3:  28%|██▊       | 14/50 [00:00<00:01, 20.21it/s, Saved at =inf, TrLoss=0.2004]
 Training FV-otc-s42-t3:  28%|██▊       | 14/50 [00:00<00:01, 20.21it/s, Saved at =inf, TrLoss=0.2121]
 Training FV-otc-s42-t3:  28%|██▊       | 14/50 [00:00<00:01, 20.21it/s, Saved at =inf, TrLoss=0.1767]
 Training FV-otc-s42-t3:  28%|██▊       | 14/50 [00:00<00:01, 20.21it/s, Saved at =inf, TrLoss=0.1722]
 Training FV-otc-s42-t3:  34%|███▍      | 17/50 [00:00<00:01, 20.23it/s, Saved at =inf, TrLoss=0.1722]
 Training FV-otc-s42-t3:  34%|███▍      | 17/50 [00:00<00:01, 20.23it/s, Saved at =inf, TrLoss=0.1718]
 Training FV-otc-s42-t3:  34%|███▍      | 17/50 [00:00<00:01, 20.23it/s, Saved at =inf, TrLoss=0.1734]
 Training FV-otc-s42-t3:  34%|███▍      | 17/50 [00:00<00:01, 20.23it/s, Saved at =inf, TrLoss=0.1734]
 Training FV-otc-s42-t3:  40%|████      | 20/50 [00:00<00:01, 20.24it/s, Saved at =inf, TrLoss=0.1734]
 Training FV-otc-s42-t3:  40%|████      | 20/50 [00:01<00:01, 20.24it/s, Saved at =inf, TrLoss=0.1637]
 Training FV-otc-s42-t3:  40%|████      | 20/50 [00:01<00:01, 20.24it/s, Saved at =inf, TrLoss=0.1857]
 Training FV-otc-s42-t3:  40%|████      | 20/50 [00:01<00:01, 20.24it/s, Saved at =inf, TrLoss=0.1904]
 Training FV-otc-s42-t3:  46%|████▌     | 23/50 [00:01<00:01, 20.25it/s, Saved at =inf, TrLoss=0.1904]
 Training FV-otc-s42-t3:  46%|████▌     | 23/50 [00:01<00:01, 20.25it/s, Saved at =inf, TrLoss=0.1766]
 Training FV-otc-s42-t3:  46%|████▌     | 23/50 [00:01<00:01, 20.25it/s, Saved at =inf, TrLoss=0.1657]
 Training FV-otc-s42-t3:  46%|████▌     | 23/50 [00:01<00:01, 20.25it/s, Saved at =inf, TrLoss=0.1610]
 Training FV-otc-s42-t3:  52%|█████▏    | 26/50 [00:01<00:01, 20.14it/s, Saved at =inf, TrLoss=0.1610]
 Training FV-otc-s42-t3:  52%|█████▏    | 26/50 [00:01<00:01, 20.14it/s, Saved at =inf, TrLoss=0.1493]
 Training FV-otc-s42-t3:  52%|█████▏    | 26/50 [00:01<00:01, 20.14it/s, Saved at =inf, TrLoss=0.1511]
 Training FV-otc-s42-t3:  52%|█████▏    | 26/50 [00:01<00:01, 20.14it/s, Saved at =inf, TrLoss=0.1431]
 Training FV-otc-s42-t3:  58%|█████▊    | 29/50 [00:01<00:01, 20.17it/s, Saved at =inf, TrLoss=0.1431]
 Training FV-otc-s42-t3:  58%|█████▊    | 29/50 [00:01<00:01, 20.17it/s, Saved at =inf, TrLoss=0.1442]
 Training FV-otc-s42-t3:  58%|█████▊    | 29/50 [00:01<00:01, 20.17it/s, Saved at =inf, TrLoss=0.1567]
 Training FV-otc-s42-t3:  58%|█████▊    | 29/50 [00:01<00:01, 20.17it/s, Saved at =inf, TrLoss=0.1396]
 Training FV-otc-s42-t3:  64%|██████▍   | 32/50 [00:01<00:00, 20.20it/s, Saved at =inf, TrLoss=0.1396]
 Training FV-otc-s42-t3:  64%|██████▍   | 32/50 [00:01<00:00, 20.20it/s, Saved at =inf, TrLoss=0.1311]
 Training FV-otc-s42-t3:  64%|██████▍   | 32/50 [00:01<00:00, 20.20it/s, Saved at =inf, TrLoss=0.1433]
 Training FV-otc-s42-t3:  64%|██████▍   | 32/50 [00:01<00:00, 20.20it/s, Saved at =inf, TrLoss=0.1330]
 Training FV-otc-s42-t3:  70%|███████   | 35/50 [00:01<00:00, 20.21it/s, Saved at =inf, TrLoss=0.1330]
 Training FV-otc-s42-t3:  70%|███████   | 35/50 [00:01<00:00, 20.21it/s, Saved at =inf, TrLoss=0.1199]
 Training FV-otc-s42-t3:  70%|███████   | 35/50 [00:01<00:00, 20.21it/s, Saved at =inf, TrLoss=0.1277]
 Training FV-otc-s42-t3:  70%|███████   | 35/50 [00:01<00:00, 20.21it/s, Saved at =inf, TrLoss=0.1376]
 Training FV-otc-s42-t3:  76%|███████▌  | 38/50 [00:01<00:00, 20.23it/s, Saved at =inf, TrLoss=0.1376]
 Training FV-otc-s42-t3:  76%|███████▌  | 38/50 [00:01<00:00, 20.23it/s, Saved at =inf, TrLoss=0.1160]
 Training FV-otc-s42-t3:  76%|███████▌  | 38/50 [00:01<00:00, 20.23it/s, Saved at =inf, TrLoss=0.1142]
 Training FV-otc-s42-t3:  76%|███████▌  | 38/50 [00:02<00:00, 20.23it/s, Saved at =inf, TrLoss=0.1374]
 Training FV-otc-s42-t3:  82%|████████▏ | 41/50 [00:02<00:00, 20.24it/s, Saved at =inf, TrLoss=0.1374]
 Training FV-otc-s42-t3:  82%|████████▏ | 41/50 [00:02<00:00, 20.24it/s, Saved at =inf, TrLoss=0.1077]
 Training FV-otc-s42-t3:  82%|████████▏ | 41/50 [00:02<00:00, 20.24it/s, Saved at =inf, TrLoss=0.1375]
 Training FV-otc-s42-t3:  82%|████████▏ | 41/50 [00:02<00:00, 20.24it/s, Saved at =inf, TrLoss=0.1207]
 Training FV-otc-s42-t3:  88%|████████▊ | 44/50 [00:02<00:00, 20.24it/s, Saved at =inf, TrLoss=0.1207]
 Training FV-otc-s42-t3:  88%|████████▊ | 44/50 [00:02<00:00, 20.24it/s, Saved at =inf, TrLoss=0.1450]
 Training FV-otc-s42-t3:  88%|████████▊ | 44/50 [00:02<00:00, 20.24it/s, Saved at =inf, TrLoss=0.1028]
 Training FV-otc-s42-t3:  88%|████████▊ | 44/50 [00:02<00:00, 20.24it/s, Saved at =inf, TrLoss=0.1372]
 Training FV-otc-s42-t3:  94%|█████████▍| 47/50 [00:02<00:00, 20.24it/s, Saved at =inf, TrLoss=0.1372]
 Training FV-otc-s42-t3:  94%|█████████▍| 47/50 [00:02<00:00, 20.24it/s, Saved at =inf, TrLoss=0.1060]
 Training FV-otc-s42-t3:  94%|█████████▍| 47/50 [00:02<00:00, 20.24it/s, Saved at =inf, TrLoss=0.1639]
 Training FV-otc-s42-t3:  94%|█████████▍| 47/50 [00:02<00:00, 20.24it/s, Saved at =inf, TrLoss=0.1138]
 Training FV-otc-s42-t3: 100%|██████████| 50/50 [00:02<00:00, 20.16it/s, Saved at =inf, TrLoss=0.1138]
 Training FV-otc-s42-t3: 100%|██████████| 50/50 [00:02<00:00, 20.19it/s, Saved at =inf, TrLoss=0.1138]

 Training FV-otc-s42-t4:   0%|          | 0/50 [00:00<?, ?it/s]
 Training FV-otc-s42-t4:   0%|          | 0/50 [00:00<?, ?it/s, Saved at =inf, TrLoss=0.6963]
 Training FV-otc-s42-t4:   0%|          | 0/50 [00:00<?, ?it/s, Saved at =inf, TrLoss=0.8827]
 Training FV-otc-s42-t4:   4%|▍         | 2/50 [00:00<00:03, 14.72it/s, Saved at =inf, TrLoss=0.8827]
 Training FV-otc-s42-t4:   4%|▍         | 2/50 [00:00<00:03, 14.72it/s, Saved at =inf, TrLoss=0.6009]
 Training FV-otc-s42-t4:   4%|▍         | 2/50 [00:00<00:03, 14.72it/s, Saved at =inf, TrLoss=0.5355]
 Training FV-otc-s42-t4:   8%|▊         | 4/50 [00:00<00:03, 15.04it/s, Saved at =inf, TrLoss=0.5355]
 Training FV-otc-s42-t4:   8%|▊         | 4/50 [00:00<00:03, 15.04it/s, Saved at =inf, TrLoss=0.4425]
 Training FV-otc-s42-t4:   8%|▊         | 4/50 [00:00<00:03, 15.04it/s, Saved at =inf, TrLoss=0.4332]
 Training FV-otc-s42-t4:  12%|█▏        | 6/50 [00:00<00:02, 15.14it/s, Saved at =inf, TrLoss=0.4332]
 Training FV-otc-s42-t4:  12%|█▏        | 6/50 [00:00<00:02, 15.14it/s, Saved at =inf, TrLoss=0.3929]
 Training FV-otc-s42-t4:  12%|█▏        | 6/50 [00:00<00:02, 15.14it/s, Saved at =inf, TrLoss=0.3765]
 Training FV-otc-s42-t4:  16%|█▌        | 8/50 [00:00<00:02, 15.20it/s, Saved at =inf, TrLoss=0.3765]
 Training FV-otc-s42-t4:  16%|█▌        | 8/50 [00:00<00:02, 15.20it/s, Saved at =inf, TrLoss=0.3488]
 Training FV-otc-s42-t4:  16%|█▌        | 8/50 [00:00<00:02, 15.20it/s, Saved at =inf, TrLoss=0.3053]
 Training FV-otc-s42-t4:  20%|██        | 10/50 [00:00<00:02, 15.22it/s, Saved at =inf, TrLoss=0.3053]
 Training FV-otc-s42-t4:  20%|██        | 10/50 [00:00<00:02, 15.22it/s, Saved at =inf, TrLoss=0.2828]
 Training FV-otc-s42-t4:  20%|██        | 10/50 [00:00<00:02, 15.22it/s, Saved at =inf, TrLoss=0.2498]
 Training FV-otc-s42-t4:  24%|██▍       | 12/50 [00:00<00:02, 15.24it/s, Saved at =inf, TrLoss=0.2498]
 Training FV-otc-s42-t4:  24%|██▍       | 12/50 [00:00<00:02, 15.24it/s, Saved at =inf, TrLoss=0.2575]
 Training FV-otc-s42-t4:  24%|██▍       | 12/50 [00:00<00:02, 15.24it/s, Saved at =inf, TrLoss=0.2647]
 Training FV-otc-s42-t4:  28%|██▊       | 14/50 [00:00<00:02, 15.25it/s, Saved at =inf, TrLoss=0.2647]
 Training FV-otc-s42-t4:  28%|██▊       | 14/50 [00:00<00:02, 15.25it/s, Saved at =inf, TrLoss=0.2308]
 Training FV-otc-s42-t4:  28%|██▊       | 14/50 [00:01<00:02, 15.25it/s, Saved at =inf, TrLoss=0.2300]
 Training FV-otc-s42-t4:  32%|███▏      | 16/50 [00:01<00:02, 15.26it/s, Saved at =inf, TrLoss=0.2300]
 Training FV-otc-s42-t4:  32%|███▏      | 16/50 [00:01<00:02, 15.26it/s, Saved at =inf, TrLoss=0.2191]
 Training FV-otc-s42-t4:  32%|███▏      | 16/50 [00:01<00:02, 15.26it/s, Saved at =inf, TrLoss=0.1995]
 Training FV-otc-s42-t4:  36%|███▌      | 18/50 [00:01<00:02, 15.27it/s, Saved at =inf, TrLoss=0.1995]
 Training FV-otc-s42-t4:  36%|███▌      | 18/50 [00:01<00:02, 15.27it/s, Saved at =inf, TrLoss=0.2103]
 Training FV-otc-s42-t4:  36%|███▌      | 18/50 [00:01<00:02, 15.27it/s, Saved at =inf, TrLoss=0.1901]
 Training FV-otc-s42-t4:  40%|████      | 20/50 [00:01<00:01, 15.13it/s, Saved at =inf, TrLoss=0.1901]
 Training FV-otc-s42-t4:  40%|████      | 20/50 [00:01<00:01, 15.13it/s, Saved at =inf, TrLoss=0.1888]
 Training FV-otc-s42-t4:  40%|████      | 20/50 [00:01<00:01, 15.13it/s, Saved at =inf, TrLoss=0.1829]
 Training FV-otc-s42-t4:  44%|████▍     | 22/50 [00:01<00:01, 15.17it/s, Saved at =inf, TrLoss=0.1829]
 Training FV-otc-s42-t4:  44%|████▍     | 22/50 [00:01<00:01, 15.17it/s, Saved at =inf, TrLoss=0.1853]
 Training FV-otc-s42-t4:  44%|████▍     | 22/50 [00:01<00:01, 15.17it/s, Saved at =inf, TrLoss=0.1855]
 Training FV-otc-s42-t4:  48%|████▊     | 24/50 [00:01<00:01, 15.20it/s, Saved at =inf, TrLoss=0.1855]
 Training FV-otc-s42-t4:  48%|████▊     | 24/50 [00:01<00:01, 15.20it/s, Saved at =inf, TrLoss=0.1791]
 Training FV-otc-s42-t4:  48%|████▊     | 24/50 [00:01<00:01, 15.20it/s, Saved at =inf, TrLoss=0.1743]
 Training FV-otc-s42-t4:  52%|█████▏    | 26/50 [00:01<00:01, 15.23it/s, Saved at =inf, TrLoss=0.1743]
 Training FV-otc-s42-t4:  52%|█████▏    | 26/50 [00:01<00:01, 15.23it/s, Saved at =inf, TrLoss=0.1610]
 Training FV-otc-s42-t4:  52%|█████▏    | 26/50 [00:01<00:01, 15.23it/s, Saved at =inf, TrLoss=0.1701]
 Training FV-otc-s42-t4:  56%|█████▌    | 28/50 [00:01<00:01, 15.24it/s, Saved at =inf, TrLoss=0.1701]
 Training FV-otc-s42-t4:  56%|█████▌    | 28/50 [00:01<00:01, 15.24it/s, Saved at =inf, TrLoss=0.1674]
 Training FV-otc-s42-t4:  56%|█████▌    | 28/50 [00:01<00:01, 15.24it/s, Saved at =inf, TrLoss=0.1545]
 Training FV-otc-s42-t4:  60%|██████    | 30/50 [00:01<00:01, 15.25it/s, Saved at =inf, TrLoss=0.1545]
 Training FV-otc-s42-t4:  60%|██████    | 30/50 [00:02<00:01, 15.25it/s, Saved at =inf, TrLoss=0.1596]
 Training FV-otc-s42-t4:  60%|██████    | 30/50 [00:02<00:01, 15.25it/s, Saved at =inf, TrLoss=0.1678]
 Training FV-otc-s42-t4:  64%|██████▍   | 32/50 [00:02<00:01, 15.25it/s, Saved at =inf, TrLoss=0.1678]
 Training FV-otc-s42-t4:  64%|██████▍   | 32/50 [00:02<00:01, 15.25it/s, Saved at =inf, TrLoss=0.1534]
 Training FV-otc-s42-t4:  64%|██████▍   | 32/50 [00:02<00:01, 15.25it/s, Saved at =inf, TrLoss=0.1583]
 Training FV-otc-s42-t4:  68%|██████▊   | 34/50 [00:02<00:01, 15.25it/s, Saved at =inf, TrLoss=0.1583]
 Training FV-otc-s42-t4:  68%|██████▊   | 34/50 [00:02<00:01, 15.25it/s, Saved at =inf, TrLoss=0.1559]
 Training FV-otc-s42-t4:  68%|██████▊   | 34/50 [00:02<00:01, 15.25it/s, Saved at =inf, TrLoss=0.1496]
 Training FV-otc-s42-t4:  72%|███████▏  | 36/50 [00:02<00:00, 15.26it/s, Saved at =inf, TrLoss=0.1496]
 Training FV-otc-s42-t4:  72%|███████▏  | 36/50 [00:02<00:00, 15.26it/s, Saved at =inf, TrLoss=0.1507]
 Training FV-otc-s42-t4:  72%|███████▏  | 36/50 [00:02<00:00, 15.26it/s, Saved at =inf, TrLoss=0.1541]
 Training FV-otc-s42-t4:  76%|███████▌  | 38/50 [00:02<00:00, 15.26it/s, Saved at =inf, TrLoss=0.1541]
 Training FV-otc-s42-t4:  76%|███████▌  | 38/50 [00:02<00:00, 15.26it/s, Saved at =inf, TrLoss=0.1416]
 Training FV-otc-s42-t4:  76%|███████▌  | 38/50 [00:02<00:00, 15.26it/s, Saved at =inf, TrLoss=0.1499]
 Training FV-otc-s42-t4:  80%|████████  | 40/50 [00:02<00:00, 15.26it/s, Saved at =inf, TrLoss=0.1499]
 Training FV-otc-s42-t4:  80%|████████  | 40/50 [00:02<00:00, 15.26it/s, Saved at =inf, TrLoss=0.1472]
 Training FV-otc-s42-t4:  80%|████████  | 40/50 [00:02<00:00, 15.26it/s, Saved at =inf, TrLoss=0.1456]
 Training FV-otc-s42-t4:  84%|████████▍ | 42/50 [00:02<00:00, 15.26it/s, Saved at =inf, TrLoss=0.1456]
 Training FV-otc-s42-t4:  84%|████████▍ | 42/50 [00:02<00:00, 15.26it/s, Saved at =inf, TrLoss=0.1495]
 Training FV-otc-s42-t4:  84%|████████▍ | 42/50 [00:02<00:00, 15.26it/s, Saved at =inf, TrLoss=0.1423]
 Training FV-otc-s42-t4:  88%|████████▊ | 44/50 [00:02<00:00, 15.26it/s, Saved at =inf, TrLoss=0.1423]
 Training FV-otc-s42-t4:  88%|████████▊ | 44/50 [00:02<00:00, 15.26it/s, Saved at =inf, TrLoss=0.1487]
 Training FV-otc-s42-t4:  88%|████████▊ | 44/50 [00:02<00:00, 15.26it/s, Saved at =inf, TrLoss=0.1421]
 Training FV-otc-s42-t4:  92%|█████████▏| 46/50 [00:03<00:00, 15.17it/s, Saved at =inf, TrLoss=0.1421]
 Training FV-otc-s42-t4:  92%|█████████▏| 46/50 [00:03<00:00, 15.17it/s, Saved at =inf, TrLoss=0.1444]
 Training FV-otc-s42-t4:  92%|█████████▏| 46/50 [00:03<00:00, 15.17it/s, Saved at =inf, TrLoss=0.1413]
 Training FV-otc-s42-t4:  96%|█████████▌| 48/50 [00:03<00:00, 15.20it/s, Saved at =inf, TrLoss=0.1413]
 Training FV-otc-s42-t4:  96%|█████████▌| 48/50 [00:03<00:00, 15.20it/s, Saved at =inf, TrLoss=0.1515]
 Training FV-otc-s42-t4:  96%|█████████▌| 48/50 [00:03<00:00, 15.20it/s, Saved at =inf, TrLoss=0.1435]
 Training FV-otc-s42-t4: 100%|██████████| 50/50 [00:03<00:00, 15.22it/s, Saved at =inf, TrLoss=0.1435]
 Training FV-otc-s42-t4: 100%|██████████| 50/50 [00:03<00:00, 15.22it/s, Saved at =inf, TrLoss=0.1435]

 Training FV-otc-s42-t5:   0%|          | 0/50 [00:00<?, ?it/s]
 Training FV-otc-s42-t5:   0%|          | 0/50 [00:00<?, ?it/s, Saved at =inf, TrLoss=0.7378]
 Training FV-otc-s42-t5:   0%|          | 0/50 [00:00<?, ?it/s, Saved at =inf, TrLoss=0.8734]
 Training FV-otc-s42-t5:   4%|▍         | 2/50 [00:00<00:04, 11.37it/s, Saved at =inf, TrLoss=0.8734]
 Training FV-otc-s42-t5:   4%|▍         | 2/50 [00:00<00:04, 11.37it/s, Saved at =inf, TrLoss=0.5441]
 Training FV-otc-s42-t5:   4%|▍         | 2/50 [00:00<00:04, 11.37it/s, Saved at =inf, TrLoss=0.5321]
 Training FV-otc-s42-t5:   8%|▊         | 4/50 [00:00<00:03, 11.89it/s, Saved at =inf, TrLoss=0.5321]
 Training FV-otc-s42-t5:   8%|▊         | 4/50 [00:00<00:03, 11.89it/s, Saved at =inf, TrLoss=0.4604]
 Training FV-otc-s42-t5:   8%|▊         | 4/50 [00:00<00:03, 11.89it/s, Saved at =inf, TrLoss=0.4349]
 Training FV-otc-s42-t5:  12%|█▏        | 6/50 [00:00<00:03, 11.94it/s, Saved at =inf, TrLoss=0.4349]
 Training FV-otc-s42-t5:  12%|█▏        | 6/50 [00:00<00:03, 11.94it/s, Saved at =inf, TrLoss=0.4177]
 Training FV-otc-s42-t5:  12%|█▏        | 6/50 [00:00<00:03, 11.94it/s, Saved at =inf, TrLoss=0.3898]
 Training FV-otc-s42-t5:  16%|█▌        | 8/50 [00:00<00:03, 11.96it/s, Saved at =inf, TrLoss=0.3898]
 Training FV-otc-s42-t5:  16%|█▌        | 8/50 [00:00<00:03, 11.96it/s, Saved at =inf, TrLoss=0.3747]
 Training FV-otc-s42-t5:  16%|█▌        | 8/50 [00:00<00:03, 11.96it/s, Saved at =inf, TrLoss=0.3443]
 Training FV-otc-s42-t5:  20%|██        | 10/50 [00:00<00:03, 11.98it/s, Saved at =inf, TrLoss=0.3443]
 Training FV-otc-s42-t5:  20%|██        | 10/50 [00:00<00:03, 11.98it/s, Saved at =inf, TrLoss=0.3306]
 Training FV-otc-s42-t5:  20%|██        | 10/50 [00:00<00:03, 11.98it/s, Saved at =inf, TrLoss=0.2984]
 Training FV-otc-s42-t5:  24%|██▍       | 12/50 [00:01<00:03, 11.99it/s, Saved at =inf, TrLoss=0.2984]
 Training FV-otc-s42-t5:  24%|██▍       | 12/50 [00:01<00:03, 11.99it/s, Saved at =inf, TrLoss=0.3062]
 Training FV-otc-s42-t5:  24%|██▍       | 12/50 [00:01<00:03, 11.99it/s, Saved at =inf, TrLoss=0.2811]
 Training FV-otc-s42-t5:  28%|██▊       | 14/50 [00:01<00:02, 12.00it/s, Saved at =inf, TrLoss=0.2811]
 Training FV-otc-s42-t5:  28%|██▊       | 14/50 [00:01<00:02, 12.00it/s, Saved at =inf, TrLoss=0.2702]
 Training FV-otc-s42-t5:  28%|██▊       | 14/50 [00:01<00:02, 12.00it/s, Saved at =inf, TrLoss=0.2814]
 Training FV-otc-s42-t5:  32%|███▏      | 16/50 [00:01<00:02, 12.01it/s, Saved at =inf, TrLoss=0.2814]
 Training FV-otc-s42-t5:  32%|███▏      | 16/50 [00:01<00:02, 12.01it/s, Saved at =inf, TrLoss=0.2734]
 Training FV-otc-s42-t5:  32%|███▏      | 16/50 [00:01<00:02, 12.01it/s, Saved at =inf, TrLoss=0.2628]
 Training FV-otc-s42-t5:  36%|███▌      | 18/50 [00:01<00:02, 12.01it/s, Saved at =inf, TrLoss=0.2628]
 Training FV-otc-s42-t5:  36%|███▌      | 18/50 [00:01<00:02, 12.01it/s, Saved at =inf, TrLoss=0.2629]
 Training FV-otc-s42-t5:  36%|███▌      | 18/50 [00:01<00:02, 12.01it/s, Saved at =inf, TrLoss=0.2532]
 Training FV-otc-s42-t5:  40%|████      | 20/50 [00:01<00:02, 12.01it/s, Saved at =inf, TrLoss=0.2532]
 Training FV-otc-s42-t5:  40%|████      | 20/50 [00:01<00:02, 12.01it/s, Saved at =inf, TrLoss=0.2548]
 Training FV-otc-s42-t5:  40%|████      | 20/50 [00:01<00:02, 12.01it/s, Saved at =inf, TrLoss=0.2573]
 Training FV-otc-s42-t5:  44%|████▍     | 22/50 [00:01<00:02, 12.02it/s, Saved at =inf, TrLoss=0.2573]
 Training FV-otc-s42-t5:  44%|████▍     | 22/50 [00:01<00:02, 12.02it/s, Saved at =inf, TrLoss=0.2420]
 Training FV-otc-s42-t5:  44%|████▍     | 22/50 [00:01<00:02, 12.02it/s, Saved at =inf, TrLoss=0.2374]
 Training FV-otc-s42-t5:  48%|████▊     | 24/50 [00:02<00:02, 12.02it/s, Saved at =inf, TrLoss=0.2374]
 Training FV-otc-s42-t5:  48%|████▊     | 24/50 [00:02<00:02, 12.02it/s, Saved at =inf, TrLoss=0.2410]
 Training FV-otc-s42-t5:  48%|████▊     | 24/50 [00:02<00:02, 12.02it/s, Saved at =inf, TrLoss=0.2268]
 Training FV-otc-s42-t5:  52%|█████▏    | 26/50 [00:02<00:01, 12.02it/s, Saved at =inf, TrLoss=0.2268]
 Training FV-otc-s42-t5:  52%|█████▏    | 26/50 [00:02<00:01, 12.02it/s, Saved at =inf, TrLoss=0.2265]
 Training FV-otc-s42-t5:  52%|█████▏    | 26/50 [00:02<00:01, 12.02it/s, Saved at =inf, TrLoss=0.2305]
 Training FV-otc-s42-t5:  56%|█████▌    | 28/50 [00:02<00:01, 12.02it/s, Saved at =inf, TrLoss=0.2305]
 Training FV-otc-s42-t5:  56%|█████▌    | 28/50 [00:02<00:01, 12.02it/s, Saved at =inf, TrLoss=0.2103]
 Training FV-otc-s42-t5:  56%|█████▌    | 28/50 [00:02<00:01, 12.02it/s, Saved at =inf, TrLoss=0.2240]
 Training FV-otc-s42-t5:  60%|██████    | 30/50 [00:02<00:01, 12.03it/s, Saved at =inf, TrLoss=0.2240]
 Training FV-otc-s42-t5:  60%|██████    | 30/50 [00:02<00:01, 12.03it/s, Saved at =inf, TrLoss=0.2163]
 Training FV-otc-s42-t5:  60%|██████    | 30/50 [00:02<00:01, 12.03it/s, Saved at =inf, TrLoss=0.2043]
 Training FV-otc-s42-t5:  64%|██████▍   | 32/50 [00:02<00:01, 11.99it/s, Saved at =inf, TrLoss=0.2043]
 Training FV-otc-s42-t5:  64%|██████▍   | 32/50 [00:02<00:01, 11.99it/s, Saved at =inf, TrLoss=0.2064]
 Training FV-otc-s42-t5:  64%|██████▍   | 32/50 [00:02<00:01, 11.99it/s, Saved at =inf, TrLoss=0.2046]
 Training FV-otc-s42-t5:  68%|██████▊   | 34/50 [00:02<00:01, 12.00it/s, Saved at =inf, TrLoss=0.2046]
 Training FV-otc-s42-t5:  68%|██████▊   | 34/50 [00:02<00:01, 12.00it/s, Saved at =inf, TrLoss=0.2024]
 Training FV-otc-s42-t5:  68%|██████▊   | 34/50 [00:02<00:01, 12.00it/s, Saved at =inf, TrLoss=0.1901]
 Training FV-otc-s42-t5:  72%|███████▏  | 36/50 [00:03<00:01, 12.01it/s, Saved at =inf, TrLoss=0.1901]
 Training FV-otc-s42-t5:  72%|███████▏  | 36/50 [00:03<00:01, 12.01it/s, Saved at =inf, TrLoss=0.1963]
 Training FV-otc-s42-t5:  72%|███████▏  | 36/50 [00:03<00:01, 12.01it/s, Saved at =inf, TrLoss=0.1943]
 Training FV-otc-s42-t5:  76%|███████▌  | 38/50 [00:03<00:00, 12.02it/s, Saved at =inf, TrLoss=0.1943]
 Training FV-otc-s42-t5:  76%|███████▌  | 38/50 [00:03<00:00, 12.02it/s, Saved at =inf, TrLoss=0.1883]
 Training FV-otc-s42-t5:  76%|███████▌  | 38/50 [00:03<00:00, 12.02it/s, Saved at =inf, TrLoss=0.1885]
 Training FV-otc-s42-t5:  80%|████████  | 40/50 [00:03<00:00, 12.02it/s, Saved at =inf, TrLoss=0.1885]
 Training FV-otc-s42-t5:  80%|████████  | 40/50 [00:03<00:00, 12.02it/s, Saved at =inf, TrLoss=0.1853]
 Training FV-otc-s42-t5:  80%|████████  | 40/50 [00:03<00:00, 12.02it/s, Saved at =inf, TrLoss=0.1827]
 Training FV-otc-s42-t5:  84%|████████▍ | 42/50 [00:03<00:00, 12.03it/s, Saved at =inf, TrLoss=0.1827]
 Training FV-otc-s42-t5:  84%|████████▍ | 42/50 [00:03<00:00, 12.03it/s, Saved at =inf, TrLoss=0.1860]
 Training FV-otc-s42-t5:  84%|████████▍ | 42/50 [00:03<00:00, 12.03it/s, Saved at =inf, TrLoss=0.1791]
 Training FV-otc-s42-t5:  88%|████████▊ | 44/50 [00:03<00:00, 12.03it/s, Saved at =inf, TrLoss=0.1791]
 Training FV-otc-s42-t5:  88%|████████▊ | 44/50 [00:03<00:00, 12.03it/s, Saved at =inf, TrLoss=0.1803]
 Training FV-otc-s42-t5:  88%|████████▊ | 44/50 [00:03<00:00, 12.03it/s, Saved at =inf, TrLoss=0.1764]
 Training FV-otc-s42-t5:  92%|█████████▏| 46/50 [00:03<00:00, 12.03it/s, Saved at =inf, TrLoss=0.1764]
 Training FV-otc-s42-t5:  92%|█████████▏| 46/50 [00:03<00:00, 12.03it/s, Saved at =inf, TrLoss=0.1809]
 Training FV-otc-s42-t5:  92%|█████████▏| 46/50 [00:03<00:00, 12.03it/s, Saved at =inf, TrLoss=0.1788]
 Training FV-otc-s42-t5:  96%|█████████▌| 48/50 [00:03<00:00, 12.03it/s, Saved at =inf, TrLoss=0.1788]
 Training FV-otc-s42-t5:  96%|█████████▌| 48/50 [00:04<00:00, 12.03it/s, Saved at =inf, TrLoss=0.1711]
 Training FV-otc-s42-t5:  96%|█████████▌| 48/50 [00:04<00:00, 12.03it/s, Saved at =inf, TrLoss=0.1699]
 Training FV-otc-s42-t5: 100%|██████████| 50/50 [00:04<00:00, 12.03it/s, Saved at =inf, TrLoss=0.1699]
 Training FV-otc-s42-t5: 100%|██████████| 50/50 [00:04<00:00, 12.00it/s, Saved at =inf, TrLoss=0.1699]

 Training FV-otc-s42-t6:   0%|          | 0/50 [00:00<?, ?it/s]
 Training FV-otc-s42-t6:   0%|          | 0/50 [00:00<?, ?it/s, Saved at =inf, TrLoss=0.6962]
 Training FV-otc-s42-t6:   2%|▏         | 1/50 [00:00<00:05,  9.50it/s, Saved at =inf, TrLoss=0.6962]
 Training FV-otc-s42-t6:   2%|▏         | 1/50 [00:00<00:05,  9.50it/s, Saved at =inf, TrLoss=0.5905]
 Training FV-otc-s42-t6:   2%|▏         | 1/50 [00:00<00:05,  9.50it/s, Saved at =inf, TrLoss=0.4984]
 Training FV-otc-s42-t6:   6%|▌         | 3/50 [00:00<00:04, 10.41it/s, Saved at =inf, TrLoss=0.4984]
 Training FV-otc-s42-t6:   6%|▌         | 3/50 [00:00<00:04, 10.41it/s, Saved at =inf, TrLoss=0.4327]
 Training FV-otc-s42-t6:   6%|▌         | 3/50 [00:00<00:04, 10.41it/s, Saved at =inf, TrLoss=0.4235]
 Training FV-otc-s42-t6:  10%|█         | 5/50 [00:00<00:04, 10.54it/s, Saved at =inf, TrLoss=0.4235]
 Training FV-otc-s42-t6:  10%|█         | 5/50 [00:00<00:04, 10.54it/s, Saved at =inf, TrLoss=0.4097]
 Training FV-otc-s42-t6:  10%|█         | 5/50 [00:00<00:04, 10.54it/s, Saved at =inf, TrLoss=0.3973]
 Training FV-otc-s42-t6:  14%|█▍        | 7/50 [00:00<00:04, 10.58it/s, Saved at =inf, TrLoss=0.3973]
 Training FV-otc-s42-t6:  14%|█▍        | 7/50 [00:00<00:04, 10.58it/s, Saved at =inf, TrLoss=0.3572]
 Training FV-otc-s42-t6:  14%|█▍        | 7/50 [00:00<00:04, 10.58it/s, Saved at =inf, TrLoss=0.3253]
 Training FV-otc-s42-t6:  18%|█▊        | 9/50 [00:00<00:03, 10.61it/s, Saved at =inf, TrLoss=0.3253]
 Training FV-otc-s42-t6:  18%|█▊        | 9/50 [00:00<00:03, 10.61it/s, Saved at =inf, TrLoss=0.3043]
 Training FV-otc-s42-t6:  18%|█▊        | 9/50 [00:01<00:03, 10.61it/s, Saved at =inf, TrLoss=0.2843]
 Training FV-otc-s42-t6:  22%|██▏       | 11/50 [00:01<00:03, 10.63it/s, Saved at =inf, TrLoss=0.2843]
 Training FV-otc-s42-t6:  22%|██▏       | 11/50 [00:01<00:03, 10.63it/s, Saved at =inf, TrLoss=0.2702]
 Training FV-otc-s42-t6:  22%|██▏       | 11/50 [00:01<00:03, 10.63it/s, Saved at =inf, TrLoss=0.2847]
 Training FV-otc-s42-t6:  26%|██▌       | 13/50 [00:01<00:03, 10.64it/s, Saved at =inf, TrLoss=0.2847]
 Training FV-otc-s42-t6:  26%|██▌       | 13/50 [00:01<00:03, 10.64it/s, Saved at =inf, TrLoss=0.3014]
 Training FV-otc-s42-t6:  26%|██▌       | 13/50 [00:01<00:03, 10.64it/s, Saved at =inf, TrLoss=0.2728]
 Training FV-otc-s42-t6:  30%|███       | 15/50 [00:01<00:03, 10.60it/s, Saved at =inf, TrLoss=0.2728]
 Training FV-otc-s42-t6:  30%|███       | 15/50 [00:01<00:03, 10.60it/s, Saved at =inf, TrLoss=0.2593]
 Training FV-otc-s42-t6:  30%|███       | 15/50 [00:01<00:03, 10.60it/s, Saved at =inf, TrLoss=0.2594]
 Training FV-otc-s42-t6:  34%|███▍      | 17/50 [00:01<00:03, 10.62it/s, Saved at =inf, TrLoss=0.2594]
 Training FV-otc-s42-t6:  34%|███▍      | 17/50 [00:01<00:03, 10.62it/s, Saved at =inf, TrLoss=0.2405]
 Training FV-otc-s42-t6:  34%|███▍      | 17/50 [00:01<00:03, 10.62it/s, Saved at =inf, TrLoss=0.2543]
 Training FV-otc-s42-t6:  38%|███▊      | 19/50 [00:01<00:02, 10.63it/s, Saved at =inf, TrLoss=0.2543]
 Training FV-otc-s42-t6:  38%|███▊      | 19/50 [00:01<00:02, 10.63it/s, Saved at =inf, TrLoss=0.2401]
 Training FV-otc-s42-t6:  38%|███▊      | 19/50 [00:01<00:02, 10.63it/s, Saved at =inf, TrLoss=0.2376]
 Training FV-otc-s42-t6:  42%|████▏     | 21/50 [00:01<00:02, 10.64it/s, Saved at =inf, TrLoss=0.2376]
 Training FV-otc-s42-t6:  42%|████▏     | 21/50 [00:02<00:02, 10.64it/s, Saved at =inf, TrLoss=0.2428]
 Training FV-otc-s42-t6:  42%|████▏     | 21/50 [00:02<00:02, 10.64it/s, Saved at =inf, TrLoss=0.2326]
 Training FV-otc-s42-t6:  46%|████▌     | 23/50 [00:02<00:02, 10.65it/s, Saved at =inf, TrLoss=0.2326]
 Training FV-otc-s42-t6:  46%|████▌     | 23/50 [00:02<00:02, 10.65it/s, Saved at =inf, TrLoss=0.2243]
 Training FV-otc-s42-t6:  46%|████▌     | 23/50 [00:02<00:02, 10.65it/s, Saved at =inf, TrLoss=0.2234]
 Training FV-otc-s42-t6:  50%|█████     | 25/50 [00:02<00:02, 10.65it/s, Saved at =inf, TrLoss=0.2234]
 Training FV-otc-s42-t6:  50%|█████     | 25/50 [00:02<00:02, 10.65it/s, Saved at =inf, TrLoss=0.2211]
 Training FV-otc-s42-t6:  50%|█████     | 25/50 [00:02<00:02, 10.65it/s, Saved at =inf, TrLoss=0.2186]
 Training FV-otc-s42-t6:  54%|█████▍    | 27/50 [00:02<00:02, 10.65it/s, Saved at =inf, TrLoss=0.2186]
 Training FV-otc-s42-t6:  54%|█████▍    | 27/50 [00:02<00:02, 10.65it/s, Saved at =inf, TrLoss=0.2192]
 Training FV-otc-s42-t6:  54%|█████▍    | 27/50 [00:02<00:02, 10.65it/s, Saved at =inf, TrLoss=0.2118]
 Training FV-otc-s42-t6:  58%|█████▊    | 29/50 [00:02<00:01, 10.66it/s, Saved at =inf, TrLoss=0.2118]
 Training FV-otc-s42-t6:  58%|█████▊    | 29/50 [00:02<00:01, 10.66it/s, Saved at =inf, TrLoss=0.2170]
 Training FV-otc-s42-t6:  58%|█████▊    | 29/50 [00:02<00:01, 10.66it/s, Saved at =inf, TrLoss=0.2098]
 Training FV-otc-s42-t6:  62%|██████▏   | 31/50 [00:02<00:01, 10.66it/s, Saved at =inf, TrLoss=0.2098]
 Training FV-otc-s42-t6:  62%|██████▏   | 31/50 [00:02<00:01, 10.66it/s, Saved at =inf, TrLoss=0.2078]
 Training FV-otc-s42-t6:  62%|██████▏   | 31/50 [00:03<00:01, 10.66it/s, Saved at =inf, TrLoss=0.2049]
 Training FV-otc-s42-t6:  66%|██████▌   | 33/50 [00:03<00:01, 10.66it/s, Saved at =inf, TrLoss=0.2049]
 Training FV-otc-s42-t6:  66%|██████▌   | 33/50 [00:03<00:01, 10.66it/s, Saved at =inf, TrLoss=0.2045]
 Training FV-otc-s42-t6:  66%|██████▌   | 33/50 [00:03<00:01, 10.66it/s, Saved at =inf, TrLoss=0.2086]
 Training FV-otc-s42-t6:  70%|███████   | 35/50 [00:03<00:01, 10.66it/s, Saved at =inf, TrLoss=0.2086]
 Training FV-otc-s42-t6:  70%|███████   | 35/50 [00:03<00:01, 10.66it/s, Saved at =inf, TrLoss=0.1994]
 Training FV-otc-s42-t6:  70%|███████   | 35/50 [00:03<00:01, 10.66it/s, Saved at =inf, TrLoss=0.2045]
 Training FV-otc-s42-t6:  74%|███████▍  | 37/50 [00:03<00:01, 10.66it/s, Saved at =inf, TrLoss=0.2045]
 Training FV-otc-s42-t6:  74%|███████▍  | 37/50 [00:03<00:01, 10.66it/s, Saved at =inf, TrLoss=0.2004]
 Training FV-otc-s42-t6:  74%|███████▍  | 37/50 [00:03<00:01, 10.66it/s, Saved at =inf, TrLoss=0.2006]
 Training FV-otc-s42-t6:  78%|███████▊  | 39/50 [00:03<00:01, 10.66it/s, Saved at =inf, TrLoss=0.2006]
 Training FV-otc-s42-t6:  78%|███████▊  | 39/50 [00:03<00:01, 10.66it/s, Saved at =inf, TrLoss=0.1998]
 Training FV-otc-s42-t6:  78%|███████▊  | 39/50 [00:03<00:01, 10.66it/s, Saved at =inf, TrLoss=0.1893]
 Training FV-otc-s42-t6:  82%|████████▏ | 41/50 [00:03<00:00, 10.66it/s, Saved at =inf, TrLoss=0.1893]
 Training FV-otc-s42-t6:  82%|████████▏ | 41/50 [00:03<00:00, 10.66it/s, Saved at =inf, TrLoss=0.1949]
 Training FV-otc-s42-t6:  82%|████████▏ | 41/50 [00:04<00:00, 10.66it/s, Saved at =inf, TrLoss=0.1867]
 Training FV-otc-s42-t6:  86%|████████▌ | 43/50 [00:04<00:00, 10.66it/s, Saved at =inf, TrLoss=0.1867]
 Training FV-otc-s42-t6:  86%|████████▌ | 43/50 [00:04<00:00, 10.66it/s, Saved at =inf, TrLoss=0.1890]
 Training FV-otc-s42-t6:  86%|████████▌ | 43/50 [00:04<00:00, 10.66it/s, Saved at =inf, TrLoss=0.1854]
 Training FV-otc-s42-t6:  90%|█████████ | 45/50 [00:04<00:00, 10.66it/s, Saved at =inf, TrLoss=0.1854]
 Training FV-otc-s42-t6:  90%|█████████ | 45/50 [00:04<00:00, 10.66it/s, Saved at =inf, TrLoss=0.1849]
 Training FV-otc-s42-t6:  90%|█████████ | 45/50 [00:04<00:00, 10.66it/s, Saved at =inf, TrLoss=0.1913]
 Training FV-otc-s42-t6:  94%|█████████▍| 47/50 [00:04<00:00, 10.66it/s, Saved at =inf, TrLoss=0.1913]
 Training FV-otc-s42-t6:  94%|█████████▍| 47/50 [00:04<00:00, 10.66it/s, Saved at =inf, TrLoss=0.1812]
 Training FV-otc-s42-t6:  94%|█████████▍| 47/50 [00:04<00:00, 10.66it/s, Saved at =inf, TrLoss=0.1877]
 Training FV-otc-s42-t6:  98%|█████████▊| 49/50 [00:04<00:00, 10.66it/s, Saved at =inf, TrLoss=0.1877]
 Training FV-otc-s42-t6:  98%|█████████▊| 49/50 [00:04<00:00, 10.66it/s, Saved at =inf, TrLoss=0.1772]
 Training FV-otc-s42-t6: 100%|██████████| 50/50 [00:04<00:00, 10.63it/s, Saved at =inf, TrLoss=0.1772]

 Training FV-otc-s42-t7:   0%|          | 0/50 [00:00<?, ?it/s]
 Training FV-otc-s42-t7:   0%|          | 0/50 [00:00<?, ?it/s, Saved at =inf, TrLoss=0.6894]
 Training FV-otc-s42-t7:   2%|▏         | 1/50 [00:00<00:05,  8.36it/s, Saved at =inf, TrLoss=0.6894]
 Training FV-otc-s42-t7:   2%|▏         | 1/50 [00:00<00:05,  8.36it/s, Saved at =inf, TrLoss=0.6593]
 Training FV-otc-s42-t7:   4%|▍         | 2/50 [00:00<00:05,  8.83it/s, Saved at =inf, TrLoss=0.6593]
 Training FV-otc-s42-t7:   4%|▍         | 2/50 [00:00<00:05,  8.83it/s, Saved at =inf, TrLoss=0.6793]
 Training FV-otc-s42-t7:   6%|▌         | 3/50 [00:00<00:05,  9.02it/s, Saved at =inf, TrLoss=0.6793]
 Training FV-otc-s42-t7:   6%|▌         | 3/50 [00:00<00:05,  9.02it/s, Saved at =inf, TrLoss=0.5581]
 Training FV-otc-s42-t7:   8%|▊         | 4/50 [00:00<00:05,  9.08it/s, Saved at =inf, TrLoss=0.5581]
 Training FV-otc-s42-t7:   8%|▊         | 4/50 [00:00<00:05,  9.08it/s, Saved at =inf, TrLoss=0.4691]
 Training FV-otc-s42-t7:  10%|█         | 5/50 [00:00<00:04,  9.14it/s, Saved at =inf, TrLoss=0.4691]
 Training FV-otc-s42-t7:  10%|█         | 5/50 [00:00<00:04,  9.14it/s, Saved at =inf, TrLoss=0.5048]
 Training FV-otc-s42-t7:  12%|█▏        | 6/50 [00:00<00:04,  9.17it/s, Saved at =inf, TrLoss=0.5048]
 Training FV-otc-s42-t7:  12%|█▏        | 6/50 [00:00<00:04,  9.17it/s, Saved at =inf, TrLoss=0.4910]
 Training FV-otc-s42-t7:  14%|█▍        | 7/50 [00:00<00:04,  9.19it/s, Saved at =inf, TrLoss=0.4910]
 Training FV-otc-s42-t7:  14%|█▍        | 7/50 [00:00<00:04,  9.19it/s, Saved at =inf, TrLoss=0.4054]
 Training FV-otc-s42-t7:  16%|█▌        | 8/50 [00:00<00:04,  9.21it/s, Saved at =inf, TrLoss=0.4054]
 Training FV-otc-s42-t7:  16%|█▌        | 8/50 [00:00<00:04,  9.21it/s, Saved at =inf, TrLoss=0.3655]
 Training FV-otc-s42-t7:  18%|█▊        | 9/50 [00:00<00:04,  9.19it/s, Saved at =inf, TrLoss=0.3655]
 Training FV-otc-s42-t7:  18%|█▊        | 9/50 [00:01<00:04,  9.19it/s, Saved at =inf, TrLoss=0.3788]
 Training FV-otc-s42-t7:  20%|██        | 10/50 [00:01<00:04,  9.21it/s, Saved at =inf, TrLoss=0.3788]
 Training FV-otc-s42-t7:  20%|██        | 10/50 [00:01<00:04,  9.21it/s, Saved at =inf, TrLoss=0.3430]
 Training FV-otc-s42-t7:  22%|██▏       | 11/50 [00:01<00:04,  9.19it/s, Saved at =inf, TrLoss=0.3430]
 Training FV-otc-s42-t7:  22%|██▏       | 11/50 [00:01<00:04,  9.19it/s, Saved at =inf, TrLoss=0.3530]
 Training FV-otc-s42-t7:  24%|██▍       | 12/50 [00:01<00:04,  9.20it/s, Saved at =inf, TrLoss=0.3530]
 Training FV-otc-s42-t7:  24%|██▍       | 12/50 [00:01<00:04,  9.20it/s, Saved at =inf, TrLoss=0.3435]
 Training FV-otc-s42-t7:  26%|██▌       | 13/50 [00:01<00:04,  9.19it/s, Saved at =inf, TrLoss=0.3435]
 Training FV-otc-s42-t7:  26%|██▌       | 13/50 [00:01<00:04,  9.19it/s, Saved at =inf, TrLoss=0.3108]
 Training FV-otc-s42-t7:  28%|██▊       | 14/50 [00:01<00:03,  9.22it/s, Saved at =inf, TrLoss=0.3108]
 Training FV-otc-s42-t7:  28%|██▊       | 14/50 [00:01<00:03,  9.22it/s, Saved at =inf, TrLoss=0.3025]
 Training FV-otc-s42-t7:  30%|███       | 15/50 [00:01<00:03,  9.23it/s, Saved at =inf, TrLoss=0.3025]
 Training FV-otc-s42-t7:  30%|███       | 15/50 [00:01<00:03,  9.23it/s, Saved at =inf, TrLoss=0.2961]
 Training FV-otc-s42-t7:  32%|███▏      | 16/50 [00:01<00:03,  9.22it/s, Saved at =inf, TrLoss=0.2961]
 Training FV-otc-s42-t7:  32%|███▏      | 16/50 [00:01<00:03,  9.22it/s, Saved at =inf, TrLoss=0.2880]
 Training FV-otc-s42-t7:  34%|███▍      | 17/50 [00:01<00:03,  9.21it/s, Saved at =inf, TrLoss=0.2880]
 Training FV-otc-s42-t7:  34%|███▍      | 17/50 [00:01<00:03,  9.21it/s, Saved at =inf, TrLoss=0.2832]
 Training FV-otc-s42-t7:  36%|███▌      | 18/50 [00:01<00:03,  9.21it/s, Saved at =inf, TrLoss=0.2832]
 Training FV-otc-s42-t7:  36%|███▌      | 18/50 [00:02<00:03,  9.21it/s, Saved at =inf, TrLoss=0.2840]
 Training FV-otc-s42-t7:  38%|███▊      | 19/50 [00:02<00:03,  9.20it/s, Saved at =inf, TrLoss=0.2840]
 Training FV-otc-s42-t7:  38%|███▊      | 19/50 [00:02<00:03,  9.20it/s, Saved at =inf, TrLoss=0.2722]
 Training FV-otc-s42-t7:  40%|████      | 20/50 [00:02<00:03,  9.20it/s, Saved at =inf, TrLoss=0.2722]
 Training FV-otc-s42-t7:  40%|████      | 20/50 [00:02<00:03,  9.20it/s, Saved at =inf, TrLoss=0.2772]
 Training FV-otc-s42-t7:  42%|████▏     | 21/50 [00:02<00:03,  9.20it/s, Saved at =inf, TrLoss=0.2772]
 Training FV-otc-s42-t7:  42%|████▏     | 21/50 [00:02<00:03,  9.20it/s, Saved at =inf, TrLoss=0.2685]
 Training FV-otc-s42-t7:  44%|████▍     | 22/50 [00:02<00:03,  9.15it/s, Saved at =inf, TrLoss=0.2685]
 Training FV-otc-s42-t7:  44%|████▍     | 22/50 [00:02<00:03,  9.15it/s, Saved at =inf, TrLoss=0.2602]
 Training FV-otc-s42-t7:  46%|████▌     | 23/50 [00:02<00:02,  9.16it/s, Saved at =inf, TrLoss=0.2602]
 Training FV-otc-s42-t7:  46%|████▌     | 23/50 [00:02<00:02,  9.16it/s, Saved at =inf, TrLoss=0.2494]
 Training FV-otc-s42-t7:  48%|████▊     | 24/50 [00:02<00:02,  9.17it/s, Saved at =inf, TrLoss=0.2494]
 Training FV-otc-s42-t7:  48%|████▊     | 24/50 [00:02<00:02,  9.17it/s, Saved at =inf, TrLoss=0.2472]
 Training FV-otc-s42-t7:  50%|█████     | 25/50 [00:02<00:02,  9.12it/s, Saved at =inf, TrLoss=0.2472]
 Training FV-otc-s42-t7:  50%|█████     | 25/50 [00:02<00:02,  9.12it/s, Saved at =inf, TrLoss=0.2413]
 Training FV-otc-s42-t7:  52%|█████▏    | 26/50 [00:02<00:02,  9.06it/s, Saved at =inf, TrLoss=0.2413]
 Training FV-otc-s42-t7:  52%|█████▏    | 26/50 [00:02<00:02,  9.06it/s, Saved at =inf, TrLoss=0.2396]
 Training FV-otc-s42-t7:  54%|█████▍    | 27/50 [00:02<00:02,  9.12it/s, Saved at =inf, TrLoss=0.2396]
 Training FV-otc-s42-t7:  54%|█████▍    | 27/50 [00:03<00:02,  9.12it/s, Saved at =inf, TrLoss=0.2362]
 Training FV-otc-s42-t7:  56%|█████▌    | 28/50 [00:03<00:02,  9.17it/s, Saved at =inf, TrLoss=0.2362]
 Training FV-otc-s42-t7:  56%|█████▌    | 28/50 [00:03<00:02,  9.17it/s, Saved at =inf, TrLoss=0.2319]
 Training FV-otc-s42-t7:  58%|█████▊    | 29/50 [00:03<00:02,  9.20it/s, Saved at =inf, TrLoss=0.2319]
 Training FV-otc-s42-t7:  58%|█████▊    | 29/50 [00:03<00:02,  9.20it/s, Saved at =inf, TrLoss=0.2271]
 Training FV-otc-s42-t7:  60%|██████    | 30/50 [00:03<00:02,  9.23it/s, Saved at =inf, TrLoss=0.2271]
 Training FV-otc-s42-t7:  60%|██████    | 30/50 [00:03<00:02,  9.23it/s, Saved at =inf, TrLoss=0.2272]
 Training FV-otc-s42-t7:  62%|██████▏   | 31/50 [00:03<00:02,  9.25it/s, Saved at =inf, TrLoss=0.2272]
 Training FV-otc-s42-t7:  62%|██████▏   | 31/50 [00:03<00:02,  9.25it/s, Saved at =inf, TrLoss=0.2256]
 Training FV-otc-s42-t7:  64%|██████▍   | 32/50 [00:03<00:01,  9.26it/s, Saved at =inf, TrLoss=0.2256]
 Training FV-otc-s42-t7:  64%|██████▍   | 32/50 [00:03<00:01,  9.26it/s, Saved at =inf, TrLoss=0.2195]
 Training FV-otc-s42-t7:  66%|██████▌   | 33/50 [00:03<00:01,  9.26it/s, Saved at =inf, TrLoss=0.2195]
 Training FV-otc-s42-t7:  66%|██████▌   | 33/50 [00:03<00:01,  9.26it/s, Saved at =inf, TrLoss=0.2214]
 Training FV-otc-s42-t7:  68%|██████▊   | 34/50 [00:03<00:01,  9.27it/s, Saved at =inf, TrLoss=0.2214]
 Training FV-otc-s42-t7:  68%|██████▊   | 34/50 [00:03<00:01,  9.27it/s, Saved at =inf, TrLoss=0.2240]
 Training FV-otc-s42-t7:  70%|███████   | 35/50 [00:03<00:01,  9.27it/s, Saved at =inf, TrLoss=0.2240]
 Training FV-otc-s42-t7:  70%|███████   | 35/50 [00:03<00:01,  9.27it/s, Saved at =inf, TrLoss=0.2122]
 Training FV-otc-s42-t7:  72%|███████▏  | 36/50 [00:03<00:01,  9.25it/s, Saved at =inf, TrLoss=0.2122]
 Training FV-otc-s42-t7:  72%|███████▏  | 36/50 [00:03<00:01,  9.25it/s, Saved at =inf, TrLoss=0.2113]
 Training FV-otc-s42-t7:  74%|███████▍  | 37/50 [00:04<00:01,  9.20it/s, Saved at =inf, TrLoss=0.2113]
 Training FV-otc-s42-t7:  74%|███████▍  | 37/50 [00:04<00:01,  9.20it/s, Saved at =inf, TrLoss=0.2081]
 Training FV-otc-s42-t7:  76%|███████▌  | 38/50 [00:04<00:01,  9.20it/s, Saved at =inf, TrLoss=0.2081]
 Training FV-otc-s42-t7:  76%|███████▌  | 38/50 [00:04<00:01,  9.20it/s, Saved at =inf, TrLoss=0.2049]
 Training FV-otc-s42-t7:  78%|███████▊  | 39/50 [00:04<00:01,  9.22it/s, Saved at =inf, TrLoss=0.2049]
 Training FV-otc-s42-t7:  78%|███████▊  | 39/50 [00:04<00:01,  9.22it/s, Saved at =inf, TrLoss=0.2074]
 Training FV-otc-s42-t7:  80%|████████  | 40/50 [00:04<00:01,  9.25it/s, Saved at =inf, TrLoss=0.2074]
 Training FV-otc-s42-t7:  80%|████████  | 40/50 [00:04<00:01,  9.25it/s, Saved at =inf, TrLoss=0.1979]
 Training FV-otc-s42-t7:  82%|████████▏ | 41/50 [00:04<00:00,  9.16it/s, Saved at =inf, TrLoss=0.1979]
 Training FV-otc-s42-t7:  82%|████████▏ | 41/50 [00:04<00:00,  9.16it/s, Saved at =inf, TrLoss=0.1999]
 Training FV-otc-s42-t7:  84%|████████▍ | 42/50 [00:04<00:00,  9.20it/s, Saved at =inf, TrLoss=0.1999]
 Training FV-otc-s42-t7:  84%|████████▍ | 42/50 [00:04<00:00,  9.20it/s, Saved at =inf, TrLoss=0.1945]
 Training FV-otc-s42-t7:  86%|████████▌ | 43/50 [00:04<00:00,  9.23it/s, Saved at =inf, TrLoss=0.1945]
 Training FV-otc-s42-t7:  86%|████████▌ | 43/50 [00:04<00:00,  9.23it/s, Saved at =inf, TrLoss=0.2029]
 Training FV-otc-s42-t7:  88%|████████▊ | 44/50 [00:04<00:00,  9.23it/s, Saved at =inf, TrLoss=0.2029]
 Training FV-otc-s42-t7:  88%|████████▊ | 44/50 [00:04<00:00,  9.23it/s, Saved at =inf, TrLoss=0.1980]
 Training FV-otc-s42-t7:  90%|█████████ | 45/50 [00:04<00:00,  9.21it/s, Saved at =inf, TrLoss=0.1980]
 Training FV-otc-s42-t7:  90%|█████████ | 45/50 [00:04<00:00,  9.21it/s, Saved at =inf, TrLoss=0.2014]
 Training FV-otc-s42-t7:  92%|█████████▏| 46/50 [00:05<00:00,  9.22it/s, Saved at =inf, TrLoss=0.2014]
 Training FV-otc-s42-t7:  92%|█████████▏| 46/50 [00:05<00:00,  9.22it/s, Saved at =inf, TrLoss=0.1986]
 Training FV-otc-s42-t7:  94%|█████████▍| 47/50 [00:05<00:00,  9.24it/s, Saved at =inf, TrLoss=0.1986]
 Training FV-otc-s42-t7:  94%|█████████▍| 47/50 [00:05<00:00,  9.24it/s, Saved at =inf, TrLoss=0.1934]
 Training FV-otc-s42-t7:  96%|█████████▌| 48/50 [00:05<00:00,  9.26it/s, Saved at =inf, TrLoss=0.1934]
 Training FV-otc-s42-t7:  96%|█████████▌| 48/50 [00:05<00:00,  9.26it/s, Saved at =inf, TrLoss=0.1990]
 Training FV-otc-s42-t7:  98%|█████████▊| 49/50 [00:05<00:00,  9.26it/s, Saved at =inf, TrLoss=0.1990]
 Training FV-otc-s42-t7:  98%|█████████▊| 49/50 [00:05<00:00,  9.26it/s, Saved at =inf, TrLoss=0.1820]
 Training FV-otc-s42-t7: 100%|██████████| 50/50 [00:05<00:00,  8.90it/s, Saved at =inf, TrLoss=0.1820]
 Training FV-otc-s42-t7: 100%|██████████| 50/50 [00:05<00:00,  9.17it/s, Saved at =inf, TrLoss=0.1820]

 Training FV-otc-s42-t8:   0%|          | 0/50 [00:00<?, ?it/s]
 Training FV-otc-s42-t8:   0%|          | 0/50 [00:00<?, ?it/s, Saved at =inf, TrLoss=0.7212]
 Training FV-otc-s42-t8:   2%|▏         | 1/50 [00:00<00:06,  7.28it/s, Saved at =inf, TrLoss=0.7212]
 Training FV-otc-s42-t8:   2%|▏         | 1/50 [00:00<00:06,  7.28it/s, Saved at =inf, TrLoss=0.7883]
 Training FV-otc-s42-t8:   4%|▍         | 2/50 [00:00<00:06,  7.82it/s, Saved at =inf, TrLoss=0.7883]
 Training FV-otc-s42-t8:   4%|▍         | 2/50 [00:00<00:06,  7.82it/s, Saved at =inf, TrLoss=0.6035]
 Training FV-otc-s42-t8:   6%|▌         | 3/50 [00:00<00:05,  8.00it/s, Saved at =inf, TrLoss=0.6035]
 Training FV-otc-s42-t8:   6%|▌         | 3/50 [00:00<00:05,  8.00it/s, Saved at =inf, TrLoss=0.5991]
 Training FV-otc-s42-t8:   8%|▊         | 4/50 [00:00<00:05,  8.10it/s, Saved at =inf, TrLoss=0.5991]
 Training FV-otc-s42-t8:   8%|▊         | 4/50 [00:00<00:05,  8.10it/s, Saved at =inf, TrLoss=0.5429]
 Training FV-otc-s42-t8:  10%|█         | 5/50 [00:00<00:05,  8.14it/s, Saved at =inf, TrLoss=0.5429]
 Training FV-otc-s42-t8:  10%|█         | 5/50 [00:00<00:05,  8.14it/s, Saved at =inf, TrLoss=0.4989]
 Training FV-otc-s42-t8:  12%|█▏        | 6/50 [00:00<00:05,  7.81it/s, Saved at =inf, TrLoss=0.4989]
 Training FV-otc-s42-t8:  12%|█▏        | 6/50 [00:00<00:05,  7.81it/s, Saved at =inf, TrLoss=0.4820]
 Training FV-otc-s42-t8:  14%|█▍        | 7/50 [00:00<00:06,  6.94it/s, Saved at =inf, TrLoss=0.4820]
 Training FV-otc-s42-t8:  14%|█▍        | 7/50 [00:01<00:06,  6.94it/s, Saved at =inf, TrLoss=0.4272]
 Training FV-otc-s42-t8:  16%|█▌        | 8/50 [00:01<00:05,  7.20it/s, Saved at =inf, TrLoss=0.4272]
 Training FV-otc-s42-t8:  16%|█▌        | 8/50 [00:01<00:05,  7.20it/s, Saved at =inf, TrLoss=0.4122]
 Training FV-otc-s42-t8:  18%|█▊        | 9/50 [00:01<00:05,  7.45it/s, Saved at =inf, TrLoss=0.4122]
 Training FV-otc-s42-t8:  18%|█▊        | 9/50 [00:01<00:05,  7.45it/s, Saved at =inf, TrLoss=0.3677]
 Training FV-otc-s42-t8:  20%|██        | 10/50 [00:01<00:05,  7.62it/s, Saved at =inf, TrLoss=0.3677]
 Training FV-otc-s42-t8:  20%|██        | 10/50 [00:01<00:05,  7.62it/s, Saved at =inf, TrLoss=0.4060]
 Training FV-otc-s42-t8:  22%|██▏       | 11/50 [00:01<00:05,  7.75it/s, Saved at =inf, TrLoss=0.4060]
 Training FV-otc-s42-t8:  22%|██▏       | 11/50 [00:01<00:05,  7.75it/s, Saved at =inf, TrLoss=0.3620]
 Training FV-otc-s42-t8:  24%|██▍       | 12/50 [00:01<00:04,  7.83it/s, Saved at =inf, TrLoss=0.3620]
 Training FV-otc-s42-t8:  24%|██▍       | 12/50 [00:01<00:04,  7.83it/s, Saved at =inf, TrLoss=0.3707]
 Training FV-otc-s42-t8:  26%|██▌       | 13/50 [00:01<00:04,  7.87it/s, Saved at =inf, TrLoss=0.3707]
 Training FV-otc-s42-t8:  26%|██▌       | 13/50 [00:01<00:04,  7.87it/s, Saved at =inf, TrLoss=0.3242]
 Training FV-otc-s42-t8:  28%|██▊       | 14/50 [00:01<00:04,  7.91it/s, Saved at =inf, TrLoss=0.3242]
 Training FV-otc-s42-t8:  28%|██▊       | 14/50 [00:01<00:04,  7.91it/s, Saved at =inf, TrLoss=0.3287]
 Training FV-otc-s42-t8:  30%|███       | 15/50 [00:01<00:04,  7.95it/s, Saved at =inf, TrLoss=0.3287]
 Training FV-otc-s42-t8:  30%|███       | 15/50 [00:02<00:04,  7.95it/s, Saved at =inf, TrLoss=0.3159]
 Training FV-otc-s42-t8:  32%|███▏      | 16/50 [00:02<00:04,  7.97it/s, Saved at =inf, TrLoss=0.3159]
 Training FV-otc-s42-t8:  32%|███▏      | 16/50 [00:02<00:04,  7.97it/s, Saved at =inf, TrLoss=0.3283]
 Training FV-otc-s42-t8:  34%|███▍      | 17/50 [00:02<00:04,  8.00it/s, Saved at =inf, TrLoss=0.3283]
 Training FV-otc-s42-t8:  34%|███▍      | 17/50 [00:02<00:04,  8.00it/s, Saved at =inf, TrLoss=0.3003]
 Training FV-otc-s42-t8:  36%|███▌      | 18/50 [00:02<00:03,  8.01it/s, Saved at =inf, TrLoss=0.3003]
 Training FV-otc-s42-t8:  36%|███▌      | 18/50 [00:02<00:03,  8.01it/s, Saved at =inf, TrLoss=0.3049]
 Training FV-otc-s42-t8:  38%|███▊      | 19/50 [00:02<00:03,  8.01it/s, Saved at =inf, TrLoss=0.3049]
 Training FV-otc-s42-t8:  38%|███▊      | 19/50 [00:02<00:03,  8.01it/s, Saved at =inf, TrLoss=0.2851]
 Training FV-otc-s42-t8:  40%|████      | 20/50 [00:02<00:03,  7.94it/s, Saved at =inf, TrLoss=0.2851]
 Training FV-otc-s42-t8:  40%|████      | 20/50 [00:02<00:03,  7.94it/s, Saved at =inf, TrLoss=0.2871]
 Training FV-otc-s42-t8:  42%|████▏     | 21/50 [00:02<00:03,  7.96it/s, Saved at =inf, TrLoss=0.2871]
 Training FV-otc-s42-t8:  42%|████▏     | 21/50 [00:02<00:03,  7.96it/s, Saved at =inf, TrLoss=0.2757]
 Training FV-otc-s42-t8:  44%|████▍     | 22/50 [00:02<00:03,  7.92it/s, Saved at =inf, TrLoss=0.2757]
 Training FV-otc-s42-t8:  44%|████▍     | 22/50 [00:02<00:03,  7.92it/s, Saved at =inf, TrLoss=0.2861]
 Training FV-otc-s42-t8:  46%|████▌     | 23/50 [00:02<00:03,  7.91it/s, Saved at =inf, TrLoss=0.2861]
 Training FV-otc-s42-t8:  46%|████▌     | 23/50 [00:03<00:03,  7.91it/s, Saved at =inf, TrLoss=0.2606]
 Training FV-otc-s42-t8:  48%|████▊     | 24/50 [00:03<00:03,  7.94it/s, Saved at =inf, TrLoss=0.2606]
 Training FV-otc-s42-t8:  48%|████▊     | 24/50 [00:03<00:03,  7.94it/s, Saved at =inf, TrLoss=0.2780]
 Training FV-otc-s42-t8:  50%|█████     | 25/50 [00:03<00:03,  7.96it/s, Saved at =inf, TrLoss=0.2780]
 Training FV-otc-s42-t8:  50%|█████     | 25/50 [00:03<00:03,  7.96it/s, Saved at =inf, TrLoss=0.2547]
 Training FV-otc-s42-t8:  52%|█████▏    | 26/50 [00:03<00:03,  7.98it/s, Saved at =inf, TrLoss=0.2547]
 Training FV-otc-s42-t8:  52%|█████▏    | 26/50 [00:03<00:03,  7.98it/s, Saved at =inf, TrLoss=0.2688]
 Training FV-otc-s42-t8:  54%|█████▍    | 27/50 [00:03<00:02,  7.99it/s, Saved at =inf, TrLoss=0.2688]
 Training FV-otc-s42-t8:  54%|█████▍    | 27/50 [00:03<00:02,  7.99it/s, Saved at =inf, TrLoss=0.2587]
 Training FV-otc-s42-t8:  56%|█████▌    | 28/50 [00:03<00:02,  7.97it/s, Saved at =inf, TrLoss=0.2587]
 Training FV-otc-s42-t8:  56%|█████▌    | 28/50 [00:03<00:02,  7.97it/s, Saved at =inf, TrLoss=0.2521]
 Training FV-otc-s42-t8:  58%|█████▊    | 29/50 [00:03<00:02,  7.98it/s, Saved at =inf, TrLoss=0.2521]
 Training FV-otc-s42-t8:  58%|█████▊    | 29/50 [00:03<00:02,  7.98it/s, Saved at =inf, TrLoss=0.2465]
 Training FV-otc-s42-t8:  60%|██████    | 30/50 [00:03<00:02,  7.94it/s, Saved at =inf, TrLoss=0.2465]
 Training FV-otc-s42-t8:  60%|██████    | 30/50 [00:03<00:02,  7.94it/s, Saved at =inf, TrLoss=0.2450]
 Training FV-otc-s42-t8:  62%|██████▏   | 31/50 [00:03<00:02,  7.87it/s, Saved at =inf, TrLoss=0.2450]
 Training FV-otc-s42-t8:  62%|██████▏   | 31/50 [00:04<00:02,  7.87it/s, Saved at =inf, TrLoss=0.2433]
 Training FV-otc-s42-t8:  64%|██████▍   | 32/50 [00:04<00:02,  7.91it/s, Saved at =inf, TrLoss=0.2433]
 Training FV-otc-s42-t8:  64%|██████▍   | 32/50 [00:04<00:02,  7.91it/s, Saved at =inf, TrLoss=0.2399]
 Training FV-otc-s42-t8:  66%|██████▌   | 33/50 [00:04<00:02,  7.61it/s, Saved at =inf, TrLoss=0.2399]
 Training FV-otc-s42-t8:  66%|██████▌   | 33/50 [00:04<00:02,  7.61it/s, Saved at =inf, TrLoss=0.2353]
 Training FV-otc-s42-t8:  68%|██████▊   | 34/50 [00:04<00:02,  7.71it/s, Saved at =inf, TrLoss=0.2353]
 Training FV-otc-s42-t8:  68%|██████▊   | 34/50 [00:04<00:02,  7.71it/s, Saved at =inf, TrLoss=0.2370]
 Training FV-otc-s42-t8:  70%|███████   | 35/50 [00:04<00:01,  7.79it/s, Saved at =inf, TrLoss=0.2370]
 Training FV-otc-s42-t8:  70%|███████   | 35/50 [00:04<00:01,  7.79it/s, Saved at =inf, TrLoss=0.2343]
 Training FV-otc-s42-t8:  72%|███████▏  | 36/50 [00:04<00:01,  7.87it/s, Saved at =inf, TrLoss=0.2343]
 Training FV-otc-s42-t8:  72%|███████▏  | 36/50 [00:04<00:01,  7.87it/s, Saved at =inf, TrLoss=0.2345]
 Training FV-otc-s42-t8:  74%|███████▍  | 37/50 [00:04<00:01,  7.83it/s, Saved at =inf, TrLoss=0.2345]
 Training FV-otc-s42-t8:  74%|███████▍  | 37/50 [00:04<00:01,  7.83it/s, Saved at =inf, TrLoss=0.2334]
 Training FV-otc-s42-t8:  76%|███████▌  | 38/50 [00:04<00:01,  7.89it/s, Saved at =inf, TrLoss=0.2334]
 Training FV-otc-s42-t8:  76%|███████▌  | 38/50 [00:04<00:01,  7.89it/s, Saved at =inf, TrLoss=0.2289]
 Training FV-otc-s42-t8:  78%|███████▊  | 39/50 [00:04<00:01,  7.90it/s, Saved at =inf, TrLoss=0.2289]
 Training FV-otc-s42-t8:  78%|███████▊  | 39/50 [00:05<00:01,  7.90it/s, Saved at =inf, TrLoss=0.2313]
 Training FV-otc-s42-t8:  80%|████████  | 40/50 [00:05<00:01,  7.98it/s, Saved at =inf, TrLoss=0.2313]
 Training FV-otc-s42-t8:  80%|████████  | 40/50 [00:05<00:01,  7.98it/s, Saved at =inf, TrLoss=0.2220]
 Training FV-otc-s42-t8:  82%|████████▏ | 41/50 [00:05<00:01,  8.03it/s, Saved at =inf, TrLoss=0.2220]
 Training FV-otc-s42-t8:  82%|████████▏ | 41/50 [00:05<00:01,  8.03it/s, Saved at =inf, TrLoss=0.2294]
 Training FV-otc-s42-t8:  84%|████████▍ | 42/50 [00:05<00:00,  8.06it/s, Saved at =inf, TrLoss=0.2294]
 Training FV-otc-s42-t8:  84%|████████▍ | 42/50 [00:05<00:00,  8.06it/s, Saved at =inf, TrLoss=0.2211]
 Training FV-otc-s42-t8:  86%|████████▌ | 43/50 [00:05<00:00,  8.09it/s, Saved at =inf, TrLoss=0.2211]
 Training FV-otc-s42-t8:  86%|████████▌ | 43/50 [00:05<00:00,  8.09it/s, Saved at =inf, TrLoss=0.2257]
 Training FV-otc-s42-t8:  88%|████████▊ | 44/50 [00:05<00:00,  8.11it/s, Saved at =inf, TrLoss=0.2257]
 Training FV-otc-s42-t8:  88%|████████▊ | 44/50 [00:05<00:00,  8.11it/s, Saved at =inf, TrLoss=0.2235]
 Training FV-otc-s42-t8:  90%|█████████ | 45/50 [00:05<00:00,  8.12it/s, Saved at =inf, TrLoss=0.2235]
 Training FV-otc-s42-t8:  90%|█████████ | 45/50 [00:05<00:00,  8.12it/s, Saved at =inf, TrLoss=0.2221]
 Training FV-otc-s42-t8:  92%|█████████▏| 46/50 [00:05<00:00,  8.13it/s, Saved at =inf, TrLoss=0.2221]
 Training FV-otc-s42-t8:  92%|█████████▏| 46/50 [00:05<00:00,  8.13it/s, Saved at =inf, TrLoss=0.2233]
 Training FV-otc-s42-t8:  94%|█████████▍| 47/50 [00:05<00:00,  8.14it/s, Saved at =inf, TrLoss=0.2233]
 Training FV-otc-s42-t8:  94%|█████████▍| 47/50 [00:06<00:00,  8.14it/s, Saved at =inf, TrLoss=0.2143]
 Training FV-otc-s42-t8:  96%|█████████▌| 48/50 [00:06<00:00,  8.14it/s, Saved at =inf, TrLoss=0.2143]
 Training FV-otc-s42-t8:  96%|█████████▌| 48/50 [00:06<00:00,  8.14it/s, Saved at =inf, TrLoss=0.2241]
 Training FV-otc-s42-t8:  98%|█████████▊| 49/50 [00:06<00:00,  8.10it/s, Saved at =inf, TrLoss=0.2241]
 Training FV-otc-s42-t8:  98%|█████████▊| 49/50 [00:06<00:00,  8.10it/s, Saved at =inf, TrLoss=0.2075]
 Training FV-otc-s42-t8: 100%|██████████| 50/50 [00:06<00:00,  8.12it/s, Saved at =inf, TrLoss=0.2075]
 Training FV-otc-s42-t8: 100%|██████████| 50/50 [00:06<00:00,  7.90it/s, Saved at =inf, TrLoss=0.2075]

 Training FV-otc-s42-t9:   0%|          | 0/50 [00:00<?, ?it/s]
 Training FV-otc-s42-t9:   0%|          | 0/50 [00:00<?, ?it/s, Saved at =inf, TrLoss=0.9548]
 Training FV-otc-s42-t9:   2%|▏         | 1/50 [00:00<00:07,  6.33it/s, Saved at =inf, TrLoss=0.9548]
 Training FV-otc-s42-t9:   2%|▏         | 1/50 [00:00<00:07,  6.33it/s, Saved at =inf, TrLoss=0.7471]
 Training FV-otc-s42-t9:   4%|▍         | 2/50 [00:00<00:07,  6.75it/s, Saved at =inf, TrLoss=0.7471]
 Training FV-otc-s42-t9:   4%|▍         | 2/50 [00:00<00:07,  6.75it/s, Saved at =inf, TrLoss=0.7085]
 Training FV-otc-s42-t9:   6%|▌         | 3/50 [00:00<00:06,  6.89it/s, Saved at =inf, TrLoss=0.7085]
 Training FV-otc-s42-t9:   6%|▌         | 3/50 [00:00<00:06,  6.89it/s, Saved at =inf, TrLoss=0.6100]
 Training FV-otc-s42-t9:   8%|▊         | 4/50 [00:00<00:06,  6.96it/s, Saved at =inf, TrLoss=0.6100]
 Training FV-otc-s42-t9:   8%|▊         | 4/50 [00:00<00:06,  6.96it/s, Saved at =inf, TrLoss=0.6046]
 Training FV-otc-s42-t9:  10%|█         | 5/50 [00:00<00:06,  6.99it/s, Saved at =inf, TrLoss=0.6046]
 Training FV-otc-s42-t9:  10%|█         | 5/50 [00:00<00:06,  6.99it/s, Saved at =inf, TrLoss=0.5337]
 Training FV-otc-s42-t9:  12%|█▏        | 6/50 [00:00<00:06,  7.01it/s, Saved at =inf, TrLoss=0.5337]
 Training FV-otc-s42-t9:  12%|█▏        | 6/50 [00:00<00:06,  7.01it/s, Saved at =inf, TrLoss=0.4918]
 Training FV-otc-s42-t9:  14%|█▍        | 7/50 [00:01<00:06,  7.02it/s, Saved at =inf, TrLoss=0.4918]
 Training FV-otc-s42-t9:  14%|█▍        | 7/50 [00:01<00:06,  7.02it/s, Saved at =inf, TrLoss=0.4298]
 Training FV-otc-s42-t9:  16%|█▌        | 8/50 [00:01<00:05,  7.02it/s, Saved at =inf, TrLoss=0.4298]
 Training FV-otc-s42-t9:  16%|█▌        | 8/50 [00:01<00:05,  7.02it/s, Saved at =inf, TrLoss=0.4117]
 Training FV-otc-s42-t9:  18%|█▊        | 9/50 [00:01<00:05,  7.04it/s, Saved at =inf, TrLoss=0.4117]
 Training FV-otc-s42-t9:  18%|█▊        | 9/50 [00:01<00:05,  7.04it/s, Saved at =inf, TrLoss=0.3715]
 Training FV-otc-s42-t9:  20%|██        | 10/50 [00:01<00:05,  7.02it/s, Saved at =inf, TrLoss=0.3715]
 Training FV-otc-s42-t9:  20%|██        | 10/50 [00:01<00:05,  7.02it/s, Saved at =inf, TrLoss=0.3872]
 Training FV-otc-s42-t9:  22%|██▏       | 11/50 [00:01<00:05,  7.00it/s, Saved at =inf, TrLoss=0.3872]
 Training FV-otc-s42-t9:  22%|██▏       | 11/50 [00:01<00:05,  7.00it/s, Saved at =inf, TrLoss=0.3852]
 Training FV-otc-s42-t9:  24%|██▍       | 12/50 [00:01<00:05,  7.01it/s, Saved at =inf, TrLoss=0.3852]
 Training FV-otc-s42-t9:  24%|██▍       | 12/50 [00:01<00:05,  7.01it/s, Saved at =inf, TrLoss=0.3640]
 Training FV-otc-s42-t9:  26%|██▌       | 13/50 [00:01<00:05,  7.02it/s, Saved at =inf, TrLoss=0.3640]
 Training FV-otc-s42-t9:  26%|██▌       | 13/50 [00:01<00:05,  7.02it/s, Saved at =inf, TrLoss=0.3441]
 Training FV-otc-s42-t9:  28%|██▊       | 14/50 [00:02<00:05,  7.04it/s, Saved at =inf, TrLoss=0.3441]
 Training FV-otc-s42-t9:  28%|██▊       | 14/50 [00:02<00:05,  7.04it/s, Saved at =inf, TrLoss=0.3265]
 Training FV-otc-s42-t9:  30%|███       | 15/50 [00:02<00:04,  7.04it/s, Saved at =inf, TrLoss=0.3265]
 Training FV-otc-s42-t9:  30%|███       | 15/50 [00:02<00:04,  7.04it/s, Saved at =inf, TrLoss=0.3238]
 Training FV-otc-s42-t9:  32%|███▏      | 16/50 [00:02<00:04,  7.04it/s, Saved at =inf, TrLoss=0.3238]
 Training FV-otc-s42-t9:  32%|███▏      | 16/50 [00:02<00:04,  7.04it/s, Saved at =inf, TrLoss=0.3214]
 Training FV-otc-s42-t9:  34%|███▍      | 17/50 [00:02<00:04,  7.03it/s, Saved at =inf, TrLoss=0.3214]
 Training FV-otc-s42-t9:  34%|███▍      | 17/50 [00:02<00:04,  7.03it/s, Saved at =inf, TrLoss=0.3052]
 Training FV-otc-s42-t9:  36%|███▌      | 18/50 [00:02<00:04,  7.01it/s, Saved at =inf, TrLoss=0.3052]
 Training FV-otc-s42-t9:  36%|███▌      | 18/50 [00:02<00:04,  7.01it/s, Saved at =inf, TrLoss=0.3050]
 Training FV-otc-s42-t9:  38%|███▊      | 19/50 [00:02<00:04,  7.00it/s, Saved at =inf, TrLoss=0.3050]
 Training FV-otc-s42-t9:  38%|███▊      | 19/50 [00:02<00:04,  7.00it/s, Saved at =inf, TrLoss=0.2984]
 Training FV-otc-s42-t9:  40%|████      | 20/50 [00:02<00:04,  6.98it/s, Saved at =inf, TrLoss=0.2984]
 Training FV-otc-s42-t9:  40%|████      | 20/50 [00:02<00:04,  6.98it/s, Saved at =inf, TrLoss=0.2916]
 Training FV-otc-s42-t9:  42%|████▏     | 21/50 [00:03<00:04,  6.92it/s, Saved at =inf, TrLoss=0.2916]
 Training FV-otc-s42-t9:  42%|████▏     | 21/50 [00:03<00:04,  6.92it/s, Saved at =inf, TrLoss=0.2817]
 Training FV-otc-s42-t9:  44%|████▍     | 22/50 [00:03<00:04,  6.90it/s, Saved at =inf, TrLoss=0.2817]
 Training FV-otc-s42-t9:  44%|████▍     | 22/50 [00:03<00:04,  6.90it/s, Saved at =inf, TrLoss=0.2785]
 Training FV-otc-s42-t9:  46%|████▌     | 23/50 [00:03<00:03,  6.83it/s, Saved at =inf, TrLoss=0.2785]
 Training FV-otc-s42-t9:  46%|████▌     | 23/50 [00:03<00:03,  6.83it/s, Saved at =inf, TrLoss=0.2755]
 Training FV-otc-s42-t9:  48%|████▊     | 24/50 [00:03<00:03,  6.71it/s, Saved at =inf, TrLoss=0.2755]
 Training FV-otc-s42-t9:  48%|████▊     | 24/50 [00:03<00:03,  6.71it/s, Saved at =inf, TrLoss=0.2669]
 Training FV-otc-s42-t9:  50%|█████     | 25/50 [00:03<00:04,  6.15it/s, Saved at =inf, TrLoss=0.2669]
 Training FV-otc-s42-t9:  50%|█████     | 25/50 [00:03<00:04,  6.15it/s, Saved at =inf, TrLoss=0.2637]
 Training FV-otc-s42-t9:  52%|█████▏    | 26/50 [00:03<00:03,  6.40it/s, Saved at =inf, TrLoss=0.2637]
 Training FV-otc-s42-t9:  52%|█████▏    | 26/50 [00:03<00:03,  6.40it/s, Saved at =inf, TrLoss=0.2601]
 Training FV-otc-s42-t9:  54%|█████▍    | 27/50 [00:03<00:03,  6.58it/s, Saved at =inf, TrLoss=0.2601]
 Training FV-otc-s42-t9:  54%|█████▍    | 27/50 [00:04<00:03,  6.58it/s, Saved at =inf, TrLoss=0.2597]
 Training FV-otc-s42-t9:  56%|█████▌    | 28/50 [00:04<00:03,  6.48it/s, Saved at =inf, TrLoss=0.2597]
 Training FV-otc-s42-t9:  56%|█████▌    | 28/50 [00:04<00:03,  6.48it/s, Saved at =inf, TrLoss=0.2625]
 Training FV-otc-s42-t9:  58%|█████▊    | 29/50 [00:04<00:03,  6.46it/s, Saved at =inf, TrLoss=0.2625]
 Training FV-otc-s42-t9:  58%|█████▊    | 29/50 [00:04<00:03,  6.46it/s, Saved at =inf, TrLoss=0.2657]
 Training FV-otc-s42-t9:  60%|██████    | 30/50 [00:04<00:03,  6.27it/s, Saved at =inf, TrLoss=0.2657]
 Training FV-otc-s42-t9:  60%|██████    | 30/50 [00:04<00:03,  6.27it/s, Saved at =inf, TrLoss=0.2544]
 Training FV-otc-s42-t9:  62%|██████▏   | 31/50 [00:04<00:02,  6.47it/s, Saved at =inf, TrLoss=0.2544]
 Training FV-otc-s42-t9:  62%|██████▏   | 31/50 [00:04<00:02,  6.47it/s, Saved at =inf, TrLoss=0.2405]
 Training FV-otc-s42-t9:  64%|██████▍   | 32/50 [00:04<00:02,  6.57it/s, Saved at =inf, TrLoss=0.2405]
 Training FV-otc-s42-t9:  64%|██████▍   | 32/50 [00:04<00:02,  6.57it/s, Saved at =inf, TrLoss=0.2483]
 Training FV-otc-s42-t9:  66%|██████▌   | 33/50 [00:04<00:02,  6.68it/s, Saved at =inf, TrLoss=0.2483]
 Training FV-otc-s42-t9:  66%|██████▌   | 33/50 [00:04<00:02,  6.68it/s, Saved at =inf, TrLoss=0.2435]
 Training FV-otc-s42-t9:  68%|██████▊   | 34/50 [00:05<00:02,  6.76it/s, Saved at =inf, TrLoss=0.2435]
 Training FV-otc-s42-t9:  68%|██████▊   | 34/50 [00:05<00:02,  6.76it/s, Saved at =inf, TrLoss=0.2368]
 Training FV-otc-s42-t9:  70%|███████   | 35/50 [00:05<00:02,  6.80it/s, Saved at =inf, TrLoss=0.2368]
 Training FV-otc-s42-t9:  70%|███████   | 35/50 [00:05<00:02,  6.80it/s, Saved at =inf, TrLoss=0.2399]
 Training FV-otc-s42-t9:  72%|███████▏  | 36/50 [00:05<00:02,  6.82it/s, Saved at =inf, TrLoss=0.2399]
 Training FV-otc-s42-t9:  72%|███████▏  | 36/50 [00:05<00:02,  6.82it/s, Saved at =inf, TrLoss=0.2308]
 Training FV-otc-s42-t9:  74%|███████▍  | 37/50 [00:05<00:01,  6.86it/s, Saved at =inf, TrLoss=0.2308]
 Training FV-otc-s42-t9:  74%|███████▍  | 37/50 [00:05<00:01,  6.86it/s, Saved at =inf, TrLoss=0.2286]
 Training FV-otc-s42-t9:  76%|███████▌  | 38/50 [00:05<00:01,  6.87it/s, Saved at =inf, TrLoss=0.2286]
 Training FV-otc-s42-t9:  76%|███████▌  | 38/50 [00:05<00:01,  6.87it/s, Saved at =inf, TrLoss=0.2286]
 Training FV-otc-s42-t9:  78%|███████▊  | 39/50 [00:05<00:01,  6.89it/s, Saved at =inf, TrLoss=0.2286]
 Training FV-otc-s42-t9:  78%|███████▊  | 39/50 [00:05<00:01,  6.89it/s, Saved at =inf, TrLoss=0.2249]
 Training FV-otc-s42-t9:  80%|████████  | 40/50 [00:05<00:01,  6.88it/s, Saved at =inf, TrLoss=0.2249]
 Training FV-otc-s42-t9:  80%|████████  | 40/50 [00:05<00:01,  6.88it/s, Saved at =inf, TrLoss=0.2228]
 Training FV-otc-s42-t9:  82%|████████▏ | 41/50 [00:06<00:01,  6.90it/s, Saved at =inf, TrLoss=0.2228]
 Training FV-otc-s42-t9:  82%|████████▏ | 41/50 [00:06<00:01,  6.90it/s, Saved at =inf, TrLoss=0.2231]
 Training FV-otc-s42-t9:  84%|████████▍ | 42/50 [00:06<00:01,  6.68it/s, Saved at =inf, TrLoss=0.2231]
 Training FV-otc-s42-t9:  84%|████████▍ | 42/50 [00:06<00:01,  6.68it/s, Saved at =inf, TrLoss=0.2217]
 Training FV-otc-s42-t9:  86%|████████▌ | 43/50 [00:06<00:01,  6.72it/s, Saved at =inf, TrLoss=0.2217]
 Training FV-otc-s42-t9:  86%|████████▌ | 43/50 [00:06<00:01,  6.72it/s, Saved at =inf, TrLoss=0.2241]
 Training FV-otc-s42-t9:  88%|████████▊ | 44/50 [00:06<00:00,  6.39it/s, Saved at =inf, TrLoss=0.2241]
 Training FV-otc-s42-t9:  88%|████████▊ | 44/50 [00:06<00:00,  6.39it/s, Saved at =inf, TrLoss=0.2231]
 Training FV-otc-s42-t9:  90%|█████████ | 45/50 [00:06<00:00,  6.33it/s, Saved at =inf, TrLoss=0.2231]
 Training FV-otc-s42-t9:  90%|█████████ | 45/50 [00:06<00:00,  6.33it/s, Saved at =inf, TrLoss=0.2135]
 Training FV-otc-s42-t9:  92%|█████████▏| 46/50 [00:06<00:00,  6.53it/s, Saved at =inf, TrLoss=0.2135]
 Training FV-otc-s42-t9:  92%|█████████▏| 46/50 [00:06<00:00,  6.53it/s, Saved at =inf, TrLoss=0.2242]
 Training FV-otc-s42-t9:  94%|█████████▍| 47/50 [00:06<00:00,  6.65it/s, Saved at =inf, TrLoss=0.2242]
 Training FV-otc-s42-t9:  94%|█████████▍| 47/50 [00:07<00:00,  6.65it/s, Saved at =inf, TrLoss=0.2119]
 Training FV-otc-s42-t9:  96%|█████████▌| 48/50 [00:07<00:00,  6.76it/s, Saved at =inf, TrLoss=0.2119]
 Training FV-otc-s42-t9:  96%|█████████▌| 48/50 [00:07<00:00,  6.76it/s, Saved at =inf, TrLoss=0.2142]
 Training FV-otc-s42-t9:  98%|█████████▊| 49/50 [00:07<00:00,  6.84it/s, Saved at =inf, TrLoss=0.2142]
 Training FV-otc-s42-t9:  98%|█████████▊| 49/50 [00:07<00:00,  6.84it/s, Saved at =inf, TrLoss=0.2131]
 Training FV-otc-s42-t9: 100%|██████████| 50/50 [00:07<00:00,  6.89it/s, Saved at =inf, TrLoss=0.2131]
 Training FV-otc-s42-t9: 100%|██████████| 50/50 [00:07<00:00,  6.78it/s, Saved at =inf, TrLoss=0.2131]

 Training ATK-otc-s42-t7:   0%|          | 0/50 [00:00<?, ?it/s]
 Training ATK-otc-s42-t7:   0%|          | 0/50 [00:00<?, ?it/s, Saved at =inf, TrLoss=0.6894]
 Training ATK-otc-s42-t7:   2%|▏         | 1/50 [00:00<00:05,  8.28it/s, Saved at =inf, TrLoss=0.6894]
 Training ATK-otc-s42-t7:   2%|▏         | 1/50 [00:00<00:05,  8.28it/s, Saved at =inf, TrLoss=0.6593]
 Training ATK-otc-s42-t7:   4%|▍         | 2/50 [00:00<00:05,  8.80it/s, Saved at =inf, TrLoss=0.6593]
 Training ATK-otc-s42-t7:   4%|▍         | 2/50 [00:00<00:05,  8.80it/s, Saved at =inf, TrLoss=0.6793]
 Training ATK-otc-s42-t7:   6%|▌         | 3/50 [00:00<00:05,  8.98it/s, Saved at =inf, TrLoss=0.6793]
 Training ATK-otc-s42-t7:   6%|▌         | 3/50 [00:00<00:05,  8.98it/s, Saved at =inf, TrLoss=0.5581]
 Training ATK-otc-s42-t7:   8%|▊         | 4/50 [00:00<00:05,  9.00it/s, Saved at =inf, TrLoss=0.5581]
 Training ATK-otc-s42-t7:   8%|▊         | 4/50 [00:00<00:05,  9.00it/s, Saved at =inf, TrLoss=0.4691]
 Training ATK-otc-s42-t7:  10%|█         | 5/50 [00:00<00:04,  9.09it/s, Saved at =inf, TrLoss=0.4691]
 Training ATK-otc-s42-t7:  10%|█         | 5/50 [00:00<00:04,  9.09it/s, Saved at =inf, TrLoss=0.5048]
 Training ATK-otc-s42-t7:  12%|█▏        | 6/50 [00:00<00:04,  9.10it/s, Saved at =inf, TrLoss=0.5048]
 Training ATK-otc-s42-t7:  12%|█▏        | 6/50 [00:00<00:04,  9.10it/s, Saved at =inf, TrLoss=0.4910]
 Training ATK-otc-s42-t7:  14%|█▍        | 7/50 [00:00<00:04,  9.13it/s, Saved at =inf, TrLoss=0.4910]
 Training ATK-otc-s42-t7:  14%|█▍        | 7/50 [00:00<00:04,  9.13it/s, Saved at =inf, TrLoss=0.4054]
 Training ATK-otc-s42-t7:  16%|█▌        | 8/50 [00:00<00:04,  9.13it/s, Saved at =inf, TrLoss=0.4054]
 Training ATK-otc-s42-t7:  16%|█▌        | 8/50 [00:00<00:04,  9.13it/s, Saved at =inf, TrLoss=0.3655]
 Training ATK-otc-s42-t7:  18%|█▊        | 9/50 [00:00<00:04,  9.13it/s, Saved at =inf, TrLoss=0.3655]
 Training ATK-otc-s42-t7:  18%|█▊        | 9/50 [00:01<00:04,  9.13it/s, Saved at =inf, TrLoss=0.3788]
 Training ATK-otc-s42-t7:  20%|██        | 10/50 [00:01<00:04,  9.08it/s, Saved at =inf, TrLoss=0.3788]
 Training ATK-otc-s42-t7:  20%|██        | 10/50 [00:01<00:04,  9.08it/s, Saved at =inf, TrLoss=0.3430]
 Training ATK-otc-s42-t7:  22%|██▏       | 11/50 [00:01<00:04,  9.11it/s, Saved at =inf, TrLoss=0.3430]
 Training ATK-otc-s42-t7:  22%|██▏       | 11/50 [00:01<00:04,  9.11it/s, Saved at =inf, TrLoss=0.3530]
 Training ATK-otc-s42-t7:  24%|██▍       | 12/50 [00:01<00:04,  9.16it/s, Saved at =inf, TrLoss=0.3530]
 Training ATK-otc-s42-t7:  24%|██▍       | 12/50 [00:01<00:04,  9.16it/s, Saved at =inf, TrLoss=0.3435]
 Training ATK-otc-s42-t7:  26%|██▌       | 13/50 [00:01<00:04,  9.17it/s, Saved at =inf, TrLoss=0.3435]
 Training ATK-otc-s42-t7:  26%|██▌       | 13/50 [00:01<00:04,  9.17it/s, Saved at =inf, TrLoss=0.3108]
 Training ATK-otc-s42-t7:  28%|██▊       | 14/50 [00:01<00:03,  9.11it/s, Saved at =inf, TrLoss=0.3108]
 Training ATK-otc-s42-t7:  28%|██▊       | 14/50 [00:01<00:03,  9.11it/s, Saved at =inf, TrLoss=0.3025]
 Training ATK-otc-s42-t7:  30%|███       | 15/50 [00:01<00:03,  9.13it/s, Saved at =inf, TrLoss=0.3025]
 Training ATK-otc-s42-t7:  30%|███       | 15/50 [00:01<00:03,  9.13it/s, Saved at =inf, TrLoss=0.2961]
 Training ATK-otc-s42-t7:  32%|███▏      | 16/50 [00:01<00:03,  9.15it/s, Saved at =inf, TrLoss=0.2961]
 Training ATK-otc-s42-t7:  32%|███▏      | 16/50 [00:01<00:03,  9.15it/s, Saved at =inf, TrLoss=0.2880]
 Training ATK-otc-s42-t7:  34%|███▍      | 17/50 [00:01<00:03,  9.16it/s, Saved at =inf, TrLoss=0.2880]
 Training ATK-otc-s42-t7:  34%|███▍      | 17/50 [00:01<00:03,  9.16it/s, Saved at =inf, TrLoss=0.2832]
 Training ATK-otc-s42-t7:  36%|███▌      | 18/50 [00:01<00:03,  9.17it/s, Saved at =inf, TrLoss=0.2832]
 Training ATK-otc-s42-t7:  36%|███▌      | 18/50 [00:02<00:03,  9.17it/s, Saved at =inf, TrLoss=0.2840]
 Training ATK-otc-s42-t7:  38%|███▊      | 19/50 [00:02<00:03,  9.17it/s, Saved at =inf, TrLoss=0.2840]
 Training ATK-otc-s42-t7:  38%|███▊      | 19/50 [00:02<00:03,  9.17it/s, Saved at =inf, TrLoss=0.2722]
 Training ATK-otc-s42-t7:  40%|████      | 20/50 [00:02<00:03,  9.17it/s, Saved at =inf, TrLoss=0.2722]
 Training ATK-otc-s42-t7:  40%|████      | 20/50 [00:02<00:03,  9.17it/s, Saved at =inf, TrLoss=0.2772]
 Training ATK-otc-s42-t7:  42%|████▏     | 21/50 [00:02<00:03,  9.16it/s, Saved at =inf, TrLoss=0.2772]
 Training ATK-otc-s42-t7:  42%|████▏     | 21/50 [00:02<00:03,  9.16it/s, Saved at =inf, TrLoss=0.2685]
 Training ATK-otc-s42-t7:  44%|████▍     | 22/50 [00:02<00:03,  9.17it/s, Saved at =inf, TrLoss=0.2685]
 Training ATK-otc-s42-t7:  44%|████▍     | 22/50 [00:02<00:03,  9.17it/s, Saved at =inf, TrLoss=0.2602]
 Training ATK-otc-s42-t7:  46%|████▌     | 23/50 [00:02<00:02,  9.18it/s, Saved at =inf, TrLoss=0.2602]
 Training ATK-otc-s42-t7:  46%|████▌     | 23/50 [00:02<00:02,  9.18it/s, Saved at =inf, TrLoss=0.2494]
 Training ATK-otc-s42-t7:  48%|████▊     | 24/50 [00:02<00:02,  9.18it/s, Saved at =inf, TrLoss=0.2494]
 Training ATK-otc-s42-t7:  48%|████▊     | 24/50 [00:02<00:02,  9.18it/s, Saved at =inf, TrLoss=0.2472]
 Training ATK-otc-s42-t7:  50%|█████     | 25/50 [00:02<00:02,  9.05it/s, Saved at =inf, TrLoss=0.2472]
 Training ATK-otc-s42-t7:  50%|█████     | 25/50 [00:02<00:02,  9.05it/s, Saved at =inf, TrLoss=0.2412]
 Training ATK-otc-s42-t7:  52%|█████▏    | 26/50 [00:02<00:02,  9.11it/s, Saved at =inf, TrLoss=0.2412]
 Training ATK-otc-s42-t7:  52%|█████▏    | 26/50 [00:02<00:02,  9.11it/s, Saved at =inf, TrLoss=0.2396]
 Training ATK-otc-s42-t7:  54%|█████▍    | 27/50 [00:02<00:02,  9.16it/s, Saved at =inf, TrLoss=0.2396]
 Training ATK-otc-s42-t7:  54%|█████▍    | 27/50 [00:03<00:02,  9.16it/s, Saved at =inf, TrLoss=0.2361]
 Training ATK-otc-s42-t7:  56%|█████▌    | 28/50 [00:03<00:02,  9.20it/s, Saved at =inf, TrLoss=0.2361]
 Training ATK-otc-s42-t7:  56%|█████▌    | 28/50 [00:03<00:02,  9.20it/s, Saved at =inf, TrLoss=0.2319]
 Training ATK-otc-s42-t7:  58%|█████▊    | 29/50 [00:03<00:02,  9.23it/s, Saved at =inf, TrLoss=0.2319]
 Training ATK-otc-s42-t7:  58%|█████▊    | 29/50 [00:03<00:02,  9.23it/s, Saved at =inf, TrLoss=0.2271]
 Training ATK-otc-s42-t7:  60%|██████    | 30/50 [00:03<00:02,  9.24it/s, Saved at =inf, TrLoss=0.2271]
 Training ATK-otc-s42-t7:  60%|██████    | 30/50 [00:03<00:02,  9.24it/s, Saved at =inf, TrLoss=0.2273]
 Training ATK-otc-s42-t7:  62%|██████▏   | 31/50 [00:03<00:02,  9.26it/s, Saved at =inf, TrLoss=0.2273]
 Training ATK-otc-s42-t7:  62%|██████▏   | 31/50 [00:03<00:02,  9.26it/s, Saved at =inf, TrLoss=0.2258]
 Training ATK-otc-s42-t7:  64%|██████▍   | 32/50 [00:03<00:01,  9.27it/s, Saved at =inf, TrLoss=0.2258]
 Training ATK-otc-s42-t7:  64%|██████▍   | 32/50 [00:03<00:01,  9.27it/s, Saved at =inf, TrLoss=0.2195]
 Training ATK-otc-s42-t7:  66%|██████▌   | 33/50 [00:03<00:01,  9.28it/s, Saved at =inf, TrLoss=0.2195]
 Training ATK-otc-s42-t7:  66%|██████▌   | 33/50 [00:03<00:01,  9.28it/s, Saved at =inf, TrLoss=0.2214]
 Training ATK-otc-s42-t7:  68%|██████▊   | 34/50 [00:03<00:01,  9.28it/s, Saved at =inf, TrLoss=0.2214]
 Training ATK-otc-s42-t7:  68%|██████▊   | 34/50 [00:03<00:01,  9.28it/s, Saved at =inf, TrLoss=0.2239]
 Training ATK-otc-s42-t7:  70%|███████   | 35/50 [00:03<00:01,  9.29it/s, Saved at =inf, TrLoss=0.2239]
 Training ATK-otc-s42-t7:  70%|███████   | 35/50 [00:03<00:01,  9.29it/s, Saved at =inf, TrLoss=0.2121]
 Training ATK-otc-s42-t7:  72%|███████▏  | 36/50 [00:03<00:01,  8.89it/s, Saved at =inf, TrLoss=0.2121]
 Training ATK-otc-s42-t7:  72%|███████▏  | 36/50 [00:04<00:01,  8.89it/s, Saved at =inf, TrLoss=0.2112]
 Training ATK-otc-s42-t7:  74%|███████▍  | 37/50 [00:04<00:01,  8.71it/s, Saved at =inf, TrLoss=0.2112]
 Training ATK-otc-s42-t7:  74%|███████▍  | 37/50 [00:04<00:01,  8.71it/s, Saved at =inf, TrLoss=0.2078]
 Training ATK-otc-s42-t7:  76%|███████▌  | 38/50 [00:04<00:01,  8.51it/s, Saved at =inf, TrLoss=0.2078]
 Training ATK-otc-s42-t7:  76%|███████▌  | 38/50 [00:04<00:01,  8.51it/s, Saved at =inf, TrLoss=0.2052]
 Training ATK-otc-s42-t7:  78%|███████▊  | 39/50 [00:04<00:01,  8.49it/s, Saved at =inf, TrLoss=0.2052]
 Training ATK-otc-s42-t7:  78%|███████▊  | 39/50 [00:04<00:01,  8.49it/s, Saved at =inf, TrLoss=0.2068]
 Training ATK-otc-s42-t7:  80%|████████  | 40/50 [00:04<00:01,  8.70it/s, Saved at =inf, TrLoss=0.2068]
 Training ATK-otc-s42-t7:  80%|████████  | 40/50 [00:04<00:01,  8.70it/s, Saved at =inf, TrLoss=0.1981]
 Training ATK-otc-s42-t7:  82%|████████▏ | 41/50 [00:04<00:01,  8.87it/s, Saved at =inf, TrLoss=0.1981]
 Training ATK-otc-s42-t7:  82%|████████▏ | 41/50 [00:04<00:01,  8.87it/s, Saved at =inf, TrLoss=0.1996]
 Training ATK-otc-s42-t7:  84%|████████▍ | 42/50 [00:04<00:00,  8.98it/s, Saved at =inf, TrLoss=0.1996]
 Training ATK-otc-s42-t7:  84%|████████▍ | 42/50 [00:04<00:00,  8.98it/s, Saved at =inf, TrLoss=0.1946]
 Training ATK-otc-s42-t7:  86%|████████▌ | 43/50 [00:04<00:00,  9.06it/s, Saved at =inf, TrLoss=0.1946]
 Training ATK-otc-s42-t7:  86%|████████▌ | 43/50 [00:04<00:00,  9.06it/s, Saved at =inf, TrLoss=0.2029]
 Training ATK-otc-s42-t7:  88%|████████▊ | 44/50 [00:04<00:00,  9.08it/s, Saved at =inf, TrLoss=0.2029]
 Training ATK-otc-s42-t7:  88%|████████▊ | 44/50 [00:04<00:00,  9.08it/s, Saved at =inf, TrLoss=0.1983]
 Training ATK-otc-s42-t7:  90%|█████████ | 45/50 [00:04<00:00,  9.14it/s, Saved at =inf, TrLoss=0.1983]
 Training ATK-otc-s42-t7:  90%|█████████ | 45/50 [00:05<00:00,  9.14it/s, Saved at =inf, TrLoss=0.2011]
 Training ATK-otc-s42-t7:  92%|█████████▏| 46/50 [00:05<00:00,  9.18it/s, Saved at =inf, TrLoss=0.2011]
 Training ATK-otc-s42-t7:  92%|█████████▏| 46/50 [00:05<00:00,  9.18it/s, Saved at =inf, TrLoss=0.1987]
 Training ATK-otc-s42-t7:  94%|█████████▍| 47/50 [00:05<00:00,  9.21it/s, Saved at =inf, TrLoss=0.1987]
 Training ATK-otc-s42-t7:  94%|█████████▍| 47/50 [00:05<00:00,  9.21it/s, Saved at =inf, TrLoss=0.1936]
 Training ATK-otc-s42-t7:  96%|█████████▌| 48/50 [00:05<00:00,  9.24it/s, Saved at =inf, TrLoss=0.1936]
 Training ATK-otc-s42-t7:  96%|█████████▌| 48/50 [00:05<00:00,  9.24it/s, Saved at =inf, TrLoss=0.1996]
 Training ATK-otc-s42-t7:  98%|█████████▊| 49/50 [00:05<00:00,  9.25it/s, Saved at =inf, TrLoss=0.1996]
 Training ATK-otc-s42-t7:  98%|█████████▊| 49/50 [00:05<00:00,  9.25it/s, Saved at =inf, TrLoss=0.1818]
 Training ATK-otc-s42-t7: 100%|██████████| 50/50 [00:05<00:00,  9.24it/s, Saved at =inf, TrLoss=0.1818]
 Training ATK-otc-s42-t7: 100%|██████████| 50/50 [00:05<00:00,  9.09it/s, Saved at =inf, TrLoss=0.1818]
[20:26:39]   MCC=0.397±0.105, AUC=0.760±0.075, BAcc=0.680±0.047
[20:28:20] Training GDTE on otc (seed=42)...
[20:28:20]   MCC=0.397±0.105, AUC=0.760±0.075, BAcc=0.680±0.047
[20:29:20]   paired (Holm p): appended-vs-inwindow 2.6e-13 (d=-1.44); naive-vs-leakfree 2.6e-13; dis-vs-tru 2.6e-13; leakfree-vs-0 2.6e-13; appended-vs-0 0.01
[20:29:20]   decomp B1 shares: prop 85% self 11% mech -1%
[20:29:20]   decision: mean rank shift 412.0, top-k ejected 0/0
[20:29:20]   dose-response beta(budget,margin,indeg): {'budget': -0.009, 'clean_margin': -0.056, 'in_degree': -0.007}
[20:29:20] 
========================================================
  STATS RIGOR — alpha
========================================================
[20:29:20] Training GDTE on alpha (seed=42)...

 Training FV-alpha-s42-t2:   0%|          | 0/50 [00:00<?, ?it/s]
 Training FV-alpha-s42-t2:   0%|          | 0/50 [00:00<?, ?it/s, Saved at =inf, TrLoss=0.7182]
 Training FV-alpha-s42-t2:   0%|          | 0/50 [00:00<?, ?it/s, Saved at =inf, TrLoss=0.5627]
 Training FV-alpha-s42-t2:   0%|          | 0/50 [00:00<?, ?it/s, Saved at =inf, TrLoss=0.4153]
 Training FV-alpha-s42-t2:   0%|          | 0/50 [00:00<?, ?it/s, Saved at =inf, TrLoss=0.5397]
 Training FV-alpha-s42-t2:   8%|▊         | 4/50 [00:00<00:01, 36.77it/s, Saved at =inf, TrLoss=0.5397]
 Training FV-alpha-s42-t2:   8%|▊         | 4/50 [00:00<00:01, 36.77it/s, Saved at =inf, TrLoss=0.3220]
 Training FV-alpha-s42-t2:   8%|▊         | 4/50 [00:00<00:01, 36.77it/s, Saved at =inf, TrLoss=0.3018]
 Training FV-alpha-s42-t2:   8%|▊         | 4/50 [00:00<00:01, 36.77it/s, Saved at =inf, TrLoss=0.2252]
 Training FV-alpha-s42-t2:   8%|▊         | 4/50 [00:00<00:01, 36.77it/s, Saved at =inf, TrLoss=0.2516]
 Training FV-alpha-s42-t2:  16%|█▌        | 8/50 [00:00<00:01, 37.80it/s, Saved at =inf, TrLoss=0.2516]
 Training FV-alpha-s42-t2:  16%|█▌        | 8/50 [00:00<00:01, 37.80it/s, Saved at =inf, TrLoss=0.2195]
 Training FV-alpha-s42-t2:  16%|█▌        | 8/50 [00:00<00:01, 37.80it/s, Saved at =inf, TrLoss=0.1850]
 Training FV-alpha-s42-t2:  16%|█▌        | 8/50 [00:00<00:01, 37.80it/s, Saved at =inf, TrLoss=0.2129]
 Training FV-alpha-s42-t2:  16%|█▌        | 8/50 [00:00<00:01, 37.80it/s, Saved at =inf, TrLoss=0.1662]
 Training FV-alpha-s42-t2:  24%|██▍       | 12/50 [00:00<00:00, 38.14it/s, Saved at =inf, TrLoss=0.1662]
 Training FV-alpha-s42-t2:  24%|██▍       | 12/50 [00:00<00:00, 38.14it/s, Saved at =inf, TrLoss=0.1654]
 Training FV-alpha-s42-t2:  24%|██▍       | 12/50 [00:00<00:00, 38.14it/s, Saved at =inf, TrLoss=0.1698]
 Training FV-alpha-s42-t2:  24%|██▍       | 12/50 [00:00<00:00, 38.14it/s, Saved at =inf, TrLoss=0.1783]
 Training FV-alpha-s42-t2:  24%|██▍       | 12/50 [00:00<00:00, 38.14it/s, Saved at =inf, TrLoss=0.1293]
 Training FV-alpha-s42-t2:  32%|███▏      | 16/50 [00:00<00:00, 38.32it/s, Saved at =inf, TrLoss=0.1293]
 Training FV-alpha-s42-t2:  32%|███▏      | 16/50 [00:00<00:00, 38.32it/s, Saved at =inf, TrLoss=0.1597]
 Training FV-alpha-s42-t2:  32%|███▏      | 16/50 [00:00<00:00, 38.32it/s, Saved at =inf, TrLoss=0.1870]
 Training FV-alpha-s42-t2:  32%|███▏      | 16/50 [00:00<00:00, 38.32it/s, Saved at =inf, TrLoss=0.1440]
 Training FV-alpha-s42-t2:  32%|███▏      | 16/50 [00:00<00:00, 38.32it/s, Saved at =inf, TrLoss=0.1191]
 Training FV-alpha-s42-t2:  40%|████      | 20/50 [00:00<00:00, 38.40it/s, Saved at =inf, TrLoss=0.1191]
 Training FV-alpha-s42-t2:  40%|████      | 20/50 [00:00<00:00, 38.40it/s, Saved at =inf, TrLoss=0.1550]
 Training FV-alpha-s42-t2:  40%|████      | 20/50 [00:00<00:00, 38.40it/s, Saved at =inf, TrLoss=0.1024]
 Training FV-alpha-s42-t2:  40%|████      | 20/50 [00:00<00:00, 38.40it/s, Saved at =inf, TrLoss=0.1259]
 Training FV-alpha-s42-t2:  40%|████      | 20/50 [00:00<00:00, 38.40it/s, Saved at =inf, TrLoss=0.1334]
 Training FV-alpha-s42-t2:  48%|████▊     | 24/50 [00:00<00:00, 38.44it/s, Saved at =inf, TrLoss=0.1334]
 Training FV-alpha-s42-t2:  48%|████▊     | 24/50 [00:00<00:00, 38.44it/s, Saved at =inf, TrLoss=0.1462]
 Training FV-alpha-s42-t2:  48%|████▊     | 24/50 [00:00<00:00, 38.44it/s, Saved at =inf, TrLoss=0.1075]
 Training FV-alpha-s42-t2:  48%|████▊     | 24/50 [00:00<00:00, 38.44it/s, Saved at =inf, TrLoss=0.1191]
 Training FV-alpha-s42-t2:  48%|████▊     | 24/50 [00:00<00:00, 38.44it/s, Saved at =inf, TrLoss=0.1127]
 Training FV-alpha-s42-t2:  56%|█████▌    | 28/50 [00:00<00:00, 38.46it/s, Saved at =inf, TrLoss=0.1127]
 Training FV-alpha-s42-t2:  56%|█████▌    | 28/50 [00:00<00:00, 38.46it/s, Saved at =inf, TrLoss=0.1031]
 Training FV-alpha-s42-t2:  56%|█████▌    | 28/50 [00:00<00:00, 38.46it/s, Saved at =inf, TrLoss=0.1085]
 Training FV-alpha-s42-t2:  56%|█████▌    | 28/50 [00:00<00:00, 38.46it/s, Saved at =inf, TrLoss=0.0926]
 Training FV-alpha-s42-t2:  56%|█████▌    | 28/50 [00:00<00:00, 38.46it/s, Saved at =inf, TrLoss=0.1016]
 Training FV-alpha-s42-t2:  64%|██████▍   | 32/50 [00:00<00:00, 38.50it/s, Saved at =inf, TrLoss=0.1016]
 Training FV-alpha-s42-t2:  64%|██████▍   | 32/50 [00:00<00:00, 38.50it/s, Saved at =inf, TrLoss=0.0961]
 Training FV-alpha-s42-t2:  64%|██████▍   | 32/50 [00:00<00:00, 38.50it/s, Saved at =inf, TrLoss=0.1344]
 Training FV-alpha-s42-t2:  64%|██████▍   | 32/50 [00:00<00:00, 38.50it/s, Saved at =inf, TrLoss=0.0978]
 Training FV-alpha-s42-t2:  64%|██████▍   | 32/50 [00:00<00:00, 38.50it/s, Saved at =inf, TrLoss=0.1225]
 Training FV-alpha-s42-t2:  72%|███████▏  | 36/50 [00:00<00:00, 38.50it/s, Saved at =inf, TrLoss=0.1225]
 Training FV-alpha-s42-t2:  72%|███████▏  | 36/50 [00:00<00:00, 38.50it/s, Saved at =inf, TrLoss=0.1173]
 Training FV-alpha-s42-t2:  72%|███████▏  | 36/50 [00:00<00:00, 38.50it/s, Saved at =inf, TrLoss=0.0966]
 Training FV-alpha-s42-t2:  72%|███████▏  | 36/50 [00:01<00:00, 38.50it/s, Saved at =inf, TrLoss=0.1314]
 Training FV-alpha-s42-t2:  72%|███████▏  | 36/50 [00:01<00:00, 38.50it/s, Saved at =inf, TrLoss=0.1084]
 Training FV-alpha-s42-t2:  80%|████████  | 40/50 [00:01<00:00, 38.51it/s, Saved at =inf, TrLoss=0.1084]
 Training FV-alpha-s42-t2:  80%|████████  | 40/50 [00:01<00:00, 38.51it/s, Saved at =inf, TrLoss=0.0956]
 Training FV-alpha-s42-t2:  80%|████████  | 40/50 [00:01<00:00, 38.51it/s, Saved at =inf, TrLoss=0.0772]
 Training FV-alpha-s42-t2:  80%|████████  | 40/50 [00:01<00:00, 38.51it/s, Saved at =inf, TrLoss=0.0883]
 Training FV-alpha-s42-t2:  80%|████████  | 40/50 [00:01<00:00, 38.51it/s, Saved at =inf, TrLoss=0.1131]
 Training FV-alpha-s42-t2:  88%|████████▊ | 44/50 [00:01<00:00, 38.51it/s, Saved at =inf, TrLoss=0.1131]
 Training FV-alpha-s42-t2:  88%|████████▊ | 44/50 [00:01<00:00, 38.51it/s, Saved at =inf, TrLoss=0.1388]
 Training FV-alpha-s42-t2:  88%|████████▊ | 44/50 [00:01<00:00, 38.51it/s, Saved at =inf, TrLoss=0.0949]
 Training FV-alpha-s42-t2:  88%|████████▊ | 44/50 [00:01<00:00, 38.51it/s, Saved at =inf, TrLoss=0.0855]
 Training FV-alpha-s42-t2:  88%|████████▊ | 44/50 [00:01<00:00, 38.51it/s, Saved at =inf, TrLoss=0.0737]
 Training FV-alpha-s42-t2:  96%|█████████▌| 48/50 [00:01<00:00, 38.52it/s, Saved at =inf, TrLoss=0.0737]
 Training FV-alpha-s42-t2:  96%|█████████▌| 48/50 [00:01<00:00, 38.52it/s, Saved at =inf, TrLoss=0.0979]
 Training FV-alpha-s42-t2:  96%|█████████▌| 48/50 [00:01<00:00, 38.52it/s, Saved at =inf, TrLoss=0.0948]
 Training FV-alpha-s42-t2: 100%|██████████| 50/50 [00:01<00:00, 38.38it/s, Saved at =inf, TrLoss=0.0948]

 Training FV-alpha-s42-t3:   0%|          | 0/50 [00:00<?, ?it/s]
 Training FV-alpha-s42-t3:   0%|          | 0/50 [00:00<?, ?it/s, Saved at =inf, TrLoss=0.7874]
 Training FV-alpha-s42-t3:   0%|          | 0/50 [00:00<?, ?it/s, Saved at =inf, TrLoss=0.8502]
 Training FV-alpha-s42-t3:   0%|          | 0/50 [00:00<?, ?it/s, Saved at =inf, TrLoss=0.5405]
 Training FV-alpha-s42-t3:   6%|▌         | 3/50 [00:00<00:01, 26.04it/s, Saved at =inf, TrLoss=0.5405]
 Training FV-alpha-s42-t3:   6%|▌         | 3/50 [00:00<00:01, 26.04it/s, Saved at =inf, TrLoss=0.5329]
 Training FV-alpha-s42-t3:   6%|▌         | 3/50 [00:00<00:01, 26.04it/s, Saved at =inf, TrLoss=0.4482]
 Training FV-alpha-s42-t3:   6%|▌         | 3/50 [00:00<00:01, 26.04it/s, Saved at =inf, TrLoss=0.4101]
 Training FV-alpha-s42-t3:  12%|█▏        | 6/50 [00:00<00:01, 25.72it/s, Saved at =inf, TrLoss=0.4101]
 Training FV-alpha-s42-t3:  12%|█▏        | 6/50 [00:00<00:01, 25.72it/s, Saved at =inf, TrLoss=0.3552]
 Training FV-alpha-s42-t3:  12%|█▏        | 6/50 [00:00<00:01, 25.72it/s, Saved at =inf, TrLoss=0.2996]
 Training FV-alpha-s42-t3:  12%|█▏        | 6/50 [00:00<00:01, 25.72it/s, Saved at =inf, TrLoss=0.2904]
 Training FV-alpha-s42-t3:  18%|█▊        | 9/50 [00:00<00:01, 25.69it/s, Saved at =inf, TrLoss=0.2904]
 Training FV-alpha-s42-t3:  18%|█▊        | 9/50 [00:00<00:01, 25.69it/s, Saved at =inf, TrLoss=0.3040]
 Training FV-alpha-s42-t3:  18%|█▊        | 9/50 [00:00<00:01, 25.69it/s, Saved at =inf, TrLoss=0.2424]
 Training FV-alpha-s42-t3:  18%|█▊        | 9/50 [00:00<00:01, 25.69it/s, Saved at =inf, TrLoss=0.2223]
 Training FV-alpha-s42-t3:  24%|██▍       | 12/50 [00:00<00:01, 25.70it/s, Saved at =inf, TrLoss=0.2223]
 Training FV-alpha-s42-t3:  24%|██▍       | 12/50 [00:00<00:01, 25.70it/s, Saved at =inf, TrLoss=0.2032]
 Training FV-alpha-s42-t3:  24%|██▍       | 12/50 [00:00<00:01, 25.70it/s, Saved at =inf, TrLoss=0.2391]
 Training FV-alpha-s42-t3:  24%|██▍       | 12/50 [00:00<00:01, 25.70it/s, Saved at =inf, TrLoss=0.1952]
 Training FV-alpha-s42-t3:  30%|███       | 15/50 [00:00<00:01, 25.71it/s, Saved at =inf, TrLoss=0.1952]
 Training FV-alpha-s42-t3:  30%|███       | 15/50 [00:00<00:01, 25.71it/s, Saved at =inf, TrLoss=0.1733]
 Training FV-alpha-s42-t3:  30%|███       | 15/50 [00:00<00:01, 25.71it/s, Saved at =inf, TrLoss=0.1654]
 Training FV-alpha-s42-t3:  30%|███       | 15/50 [00:00<00:01, 25.71it/s, Saved at =inf, TrLoss=0.1889]
 Training FV-alpha-s42-t3:  36%|███▌      | 18/50 [00:00<00:01, 25.72it/s, Saved at =inf, TrLoss=0.1889]
 Training FV-alpha-s42-t3:  36%|███▌      | 18/50 [00:00<00:01, 25.72it/s, Saved at =inf, TrLoss=0.2013]
 Training FV-alpha-s42-t3:  36%|███▌      | 18/50 [00:00<00:01, 25.72it/s, Saved at =inf, TrLoss=0.1741]
 Training FV-alpha-s42-t3:  36%|███▌      | 18/50 [00:00<00:01, 25.72it/s, Saved at =inf, TrLoss=0.1737]
 Training FV-alpha-s42-t3:  42%|████▏     | 21/50 [00:00<00:01, 25.72it/s, Saved at =inf, TrLoss=0.1737]
 Training FV-alpha-s42-t3:  42%|████▏     | 21/50 [00:00<00:01, 25.72it/s, Saved at =inf, TrLoss=0.1768]
 Training FV-alpha-s42-t3:  42%|████▏     | 21/50 [00:00<00:01, 25.72it/s, Saved at =inf, TrLoss=0.1585]
 Training FV-alpha-s42-t3:  42%|████▏     | 21/50 [00:00<00:01, 25.72it/s, Saved at =inf, TrLoss=0.1807]
 Training FV-alpha-s42-t3:  48%|████▊     | 24/50 [00:00<00:01, 25.72it/s, Saved at =inf, TrLoss=0.1807]
 Training FV-alpha-s42-t3:  48%|████▊     | 24/50 [00:00<00:01, 25.72it/s, Saved at =inf, TrLoss=0.1607]
 Training FV-alpha-s42-t3:  48%|████▊     | 24/50 [00:00<00:01, 25.72it/s, Saved at =inf, TrLoss=0.1528]
 Training FV-alpha-s42-t3:  48%|████▊     | 24/50 [00:01<00:01, 25.72it/s, Saved at =inf, TrLoss=0.1543]
 Training FV-alpha-s42-t3:  54%|█████▍    | 27/50 [00:01<00:00, 25.73it/s, Saved at =inf, TrLoss=0.1543]
 Training FV-alpha-s42-t3:  54%|█████▍    | 27/50 [00:01<00:00, 25.73it/s, Saved at =inf, TrLoss=0.1615]
 Training FV-alpha-s42-t3:  54%|█████▍    | 27/50 [00:01<00:00, 25.73it/s, Saved at =inf, TrLoss=0.1536]
 Training FV-alpha-s42-t3:  54%|█████▍    | 27/50 [00:01<00:00, 25.73it/s, Saved at =inf, TrLoss=0.1626]
 Training FV-alpha-s42-t3:  60%|██████    | 30/50 [00:01<00:00, 25.72it/s, Saved at =inf, TrLoss=0.1626]
 Training FV-alpha-s42-t3:  60%|██████    | 30/50 [00:01<00:00, 25.72it/s, Saved at =inf, TrLoss=0.1600]
 Training FV-alpha-s42-t3:  60%|██████    | 30/50 [00:01<00:00, 25.72it/s, Saved at =inf, TrLoss=0.1371]
 Training FV-alpha-s42-t3:  60%|██████    | 30/50 [00:01<00:00, 25.72it/s, Saved at =inf, TrLoss=0.1333]
 Training FV-alpha-s42-t3:  66%|██████▌   | 33/50 [00:01<00:00, 25.72it/s, Saved at =inf, TrLoss=0.1333]
 Training FV-alpha-s42-t3:  66%|██████▌   | 33/50 [00:01<00:00, 25.72it/s, Saved at =inf, TrLoss=0.1546]
 Training FV-alpha-s42-t3:  66%|██████▌   | 33/50 [00:01<00:00, 25.72it/s, Saved at =inf, TrLoss=0.1373]
 Training FV-alpha-s42-t3:  66%|██████▌   | 33/50 [00:01<00:00, 25.72it/s, Saved at =inf, TrLoss=0.1420]
 Training FV-alpha-s42-t3:  72%|███████▏  | 36/50 [00:01<00:00, 25.73it/s, Saved at =inf, TrLoss=0.1420]
 Training FV-alpha-s42-t3:  72%|███████▏  | 36/50 [00:01<00:00, 25.73it/s, Saved at =inf, TrLoss=0.1331]
 Training FV-alpha-s42-t3:  72%|███████▏  | 36/50 [00:01<00:00, 25.73it/s, Saved at =inf, TrLoss=0.1370]
 Training FV-alpha-s42-t3:  72%|███████▏  | 36/50 [00:01<00:00, 25.73it/s, Saved at =inf, TrLoss=0.1318]
 Training FV-alpha-s42-t3:  78%|███████▊  | 39/50 [00:01<00:00, 25.74it/s, Saved at =inf, TrLoss=0.1318]
 Training FV-alpha-s42-t3:  78%|███████▊  | 39/50 [00:01<00:00, 25.74it/s, Saved at =inf, TrLoss=0.1267]
 Training FV-alpha-s42-t3:  78%|███████▊  | 39/50 [00:01<00:00, 25.74it/s, Saved at =inf, TrLoss=0.1150]
 Training FV-alpha-s42-t3:  78%|███████▊  | 39/50 [00:01<00:00, 25.74it/s, Saved at =inf, TrLoss=0.1142]
 Training FV-alpha-s42-t3:  84%|████████▍ | 42/50 [00:01<00:00, 25.74it/s, Saved at =inf, TrLoss=0.1142]
 Training FV-alpha-s42-t3:  84%|████████▍ | 42/50 [00:01<00:00, 25.74it/s, Saved at =inf, TrLoss=0.1160]
 Training FV-alpha-s42-t3:  84%|████████▍ | 42/50 [00:01<00:00, 25.74it/s, Saved at =inf, TrLoss=0.1470]
 Training FV-alpha-s42-t3:  84%|████████▍ | 42/50 [00:01<00:00, 25.74it/s, Saved at =inf, TrLoss=0.1320]
 Training FV-alpha-s42-t3:  90%|█████████ | 45/50 [00:01<00:00, 25.74it/s, Saved at =inf, TrLoss=0.1320]
 Training FV-alpha-s42-t3:  90%|█████████ | 45/50 [00:01<00:00, 25.74it/s, Saved at =inf, TrLoss=0.1119]
 Training FV-alpha-s42-t3:  90%|█████████ | 45/50 [00:01<00:00, 25.74it/s, Saved at =inf, TrLoss=0.1409]
 Training FV-alpha-s42-t3:  90%|█████████ | 45/50 [00:01<00:00, 25.74it/s, Saved at =inf, TrLoss=0.1234]
 Training FV-alpha-s42-t3:  96%|█████████▌| 48/50 [00:01<00:00, 25.73it/s, Saved at =inf, TrLoss=0.1234]
 Training FV-alpha-s42-t3:  96%|█████████▌| 48/50 [00:01<00:00, 25.73it/s, Saved at =inf, TrLoss=0.1312]
 Training FV-alpha-s42-t3:  96%|█████████▌| 48/50 [00:01<00:00, 25.73it/s, Saved at =inf, TrLoss=0.1235]
 Training FV-alpha-s42-t3: 100%|██████████| 50/50 [00:01<00:00, 25.73it/s, Saved at =inf, TrLoss=0.1235]

 Training FV-alpha-s42-t4:   0%|          | 0/50 [00:00<?, ?it/s]
 Training FV-alpha-s42-t4:   0%|          | 0/50 [00:00<?, ?it/s, Saved at =inf, TrLoss=0.7027]
 Training FV-alpha-s42-t4:   0%|          | 0/50 [00:00<?, ?it/s, Saved at =inf, TrLoss=1.2035]
 Training FV-alpha-s42-t4:   0%|          | 0/50 [00:00<?, ?it/s, Saved at =inf, TrLoss=0.5738]
 Training FV-alpha-s42-t4:   6%|▌         | 3/50 [00:00<00:02, 20.14it/s, Saved at =inf, TrLoss=0.5738]
 Training FV-alpha-s42-t4:   6%|▌         | 3/50 [00:00<00:02, 20.14it/s, Saved at =inf, TrLoss=0.5926]
 Training FV-alpha-s42-t4:   6%|▌         | 3/50 [00:00<00:02, 20.14it/s, Saved at =inf, TrLoss=0.5087]
 Training FV-alpha-s42-t4:   6%|▌         | 3/50 [00:00<00:02, 20.14it/s, Saved at =inf, TrLoss=0.5113]
 Training FV-alpha-s42-t4:  12%|█▏        | 6/50 [00:00<00:02, 20.40it/s, Saved at =inf, TrLoss=0.5113]
 Training FV-alpha-s42-t4:  12%|█▏        | 6/50 [00:00<00:02, 20.40it/s, Saved at =inf, TrLoss=0.4248]
 Training FV-alpha-s42-t4:  12%|█▏        | 6/50 [00:00<00:02, 20.40it/s, Saved at =inf, TrLoss=0.4268]
 Training FV-alpha-s42-t4:  12%|█▏        | 6/50 [00:00<00:02, 20.40it/s, Saved at =inf, TrLoss=0.4037]
 Training FV-alpha-s42-t4:  18%|█▊        | 9/50 [00:00<00:02, 20.35it/s, Saved at =inf, TrLoss=0.4037]
 Training FV-alpha-s42-t4:  18%|█▊        | 9/50 [00:00<00:02, 20.35it/s, Saved at =inf, TrLoss=0.3698]
 Training FV-alpha-s42-t4:  18%|█▊        | 9/50 [00:00<00:02, 20.35it/s, Saved at =inf, TrLoss=0.3622]
 Training FV-alpha-s42-t4:  18%|█▊        | 9/50 [00:00<00:02, 20.35it/s, Saved at =inf, TrLoss=0.3054]
 Training FV-alpha-s42-t4:  24%|██▍       | 12/50 [00:00<00:01, 20.32it/s, Saved at =inf, TrLoss=0.3054]
 Training FV-alpha-s42-t4:  24%|██▍       | 12/50 [00:00<00:01, 20.32it/s, Saved at =inf, TrLoss=0.3123]
 Training FV-alpha-s42-t4:  24%|██▍       | 12/50 [00:00<00:01, 20.32it/s, Saved at =inf, TrLoss=0.2696]
 Training FV-alpha-s42-t4:  24%|██▍       | 12/50 [00:00<00:01, 20.32it/s, Saved at =inf, TrLoss=0.2546]
 Training FV-alpha-s42-t4:  30%|███       | 15/50 [00:00<00:01, 20.31it/s, Saved at =inf, TrLoss=0.2546]
 Training FV-alpha-s42-t4:  30%|███       | 15/50 [00:00<00:01, 20.31it/s, Saved at =inf, TrLoss=0.2456]
 Training FV-alpha-s42-t4:  30%|███       | 15/50 [00:00<00:01, 20.31it/s, Saved at =inf, TrLoss=0.2443]
 Training FV-alpha-s42-t4:  30%|███       | 15/50 [00:00<00:01, 20.31it/s, Saved at =inf, TrLoss=0.2236]
 Training FV-alpha-s42-t4:  36%|███▌      | 18/50 [00:00<00:01, 20.30it/s, Saved at =inf, TrLoss=0.2236]
 Training FV-alpha-s42-t4:  36%|███▌      | 18/50 [00:00<00:01, 20.30it/s, Saved at =inf, TrLoss=0.2376]
 Training FV-alpha-s42-t4:  36%|███▌      | 18/50 [00:00<00:01, 20.30it/s, Saved at =inf, TrLoss=0.2021]
 Training FV-alpha-s42-t4:  36%|███▌      | 18/50 [00:01<00:01, 20.30it/s, Saved at =inf, TrLoss=0.2309]
 Training FV-alpha-s42-t4:  42%|████▏     | 21/50 [00:01<00:01, 20.29it/s, Saved at =inf, TrLoss=0.2309]
 Training FV-alpha-s42-t4:  42%|████▏     | 21/50 [00:01<00:01, 20.29it/s, Saved at =inf, TrLoss=0.2224]
 Training FV-alpha-s42-t4:  42%|████▏     | 21/50 [00:01<00:01, 20.29it/s, Saved at =inf, TrLoss=0.1921]
 Training FV-alpha-s42-t4:  42%|████▏     | 21/50 [00:01<00:01, 20.29it/s, Saved at =inf, TrLoss=0.2195]
 Training FV-alpha-s42-t4:  48%|████▊     | 24/50 [00:01<00:01, 20.28it/s, Saved at =inf, TrLoss=0.2195]
 Training FV-alpha-s42-t4:  48%|████▊     | 24/50 [00:01<00:01, 20.28it/s, Saved at =inf, TrLoss=0.1925]
 Training FV-alpha-s42-t4:  48%|████▊     | 24/50 [00:01<00:01, 20.28it/s, Saved at =inf, TrLoss=0.1975]
 Training FV-alpha-s42-t4:  48%|████▊     | 24/50 [00:01<00:01, 20.28it/s, Saved at =inf, TrLoss=0.1710]
 Training FV-alpha-s42-t4:  54%|█████▍    | 27/50 [00:01<00:01, 20.27it/s, Saved at =inf, TrLoss=0.1710]
 Training FV-alpha-s42-t4:  54%|█████▍    | 27/50 [00:01<00:01, 20.27it/s, Saved at =inf, TrLoss=0.1979]
 Training FV-alpha-s42-t4:  54%|█████▍    | 27/50 [00:01<00:01, 20.27it/s, Saved at =inf, TrLoss=0.1786]
 Training FV-alpha-s42-t4:  54%|█████▍    | 27/50 [00:01<00:01, 20.27it/s, Saved at =inf, TrLoss=0.1748]
 Training FV-alpha-s42-t4:  60%|██████    | 30/50 [00:01<00:00, 20.26it/s, Saved at =inf, TrLoss=0.1748]
 Training FV-alpha-s42-t4:  60%|██████    | 30/50 [00:01<00:00, 20.26it/s, Saved at =inf, TrLoss=0.1650]
 Training FV-alpha-s42-t4:  60%|██████    | 30/50 [00:01<00:00, 20.26it/s, Saved at =inf, TrLoss=0.1673]
 Training FV-alpha-s42-t4:  60%|██████    | 30/50 [00:01<00:00, 20.26it/s, Saved at =inf, TrLoss=0.1610]
 Training FV-alpha-s42-t4:  66%|██████▌   | 33/50 [00:01<00:00, 20.26it/s, Saved at =inf, TrLoss=0.1610]
 Training FV-alpha-s42-t4:  66%|██████▌   | 33/50 [00:01<00:00, 20.26it/s, Saved at =inf, TrLoss=0.1670]
 Training FV-alpha-s42-t4:  66%|██████▌   | 33/50 [00:01<00:00, 20.26it/s, Saved at =inf, TrLoss=0.1618]
 Training FV-alpha-s42-t4:  66%|██████▌   | 33/50 [00:01<00:00, 20.26it/s, Saved at =inf, TrLoss=0.1600]
 Training FV-alpha-s42-t4:  72%|███████▏  | 36/50 [00:01<00:00, 20.26it/s, Saved at =inf, TrLoss=0.1600]
 Training FV-alpha-s42-t4:  72%|███████▏  | 36/50 [00:01<00:00, 20.26it/s, Saved at =inf, TrLoss=0.1727]
 Training FV-alpha-s42-t4:  72%|███████▏  | 36/50 [00:01<00:00, 20.26it/s, Saved at =inf, TrLoss=0.1572]
 Training FV-alpha-s42-t4:  72%|███████▏  | 36/50 [00:01<00:00, 20.26it/s, Saved at =inf, TrLoss=0.1529]
 Training FV-alpha-s42-t4:  78%|███████▊  | 39/50 [00:01<00:00, 20.26it/s, Saved at =inf, TrLoss=0.1529]
 Training FV-alpha-s42-t4:  78%|███████▊  | 39/50 [00:01<00:00, 20.26it/s, Saved at =inf, TrLoss=0.1540]
 Training FV-alpha-s42-t4:  78%|███████▊  | 39/50 [00:01<00:00, 20.26it/s, Saved at =inf, TrLoss=0.1687]
 Training FV-alpha-s42-t4:  78%|███████▊  | 39/50 [00:02<00:00, 20.26it/s, Saved at =inf, TrLoss=0.1494]
 Training FV-alpha-s42-t4:  84%|████████▍ | 42/50 [00:02<00:00, 20.26it/s, Saved at =inf, TrLoss=0.1494]
 Training FV-alpha-s42-t4:  84%|████████▍ | 42/50 [00:02<00:00, 20.26it/s, Saved at =inf, TrLoss=0.1581]
 Training FV-alpha-s42-t4:  84%|████████▍ | 42/50 [00:02<00:00, 20.26it/s, Saved at =inf, TrLoss=0.1528]
 Training FV-alpha-s42-t4:  84%|████████▍ | 42/50 [00:02<00:00, 20.26it/s, Saved at =inf, TrLoss=0.1586]
 Training FV-alpha-s42-t4:  90%|█████████ | 45/50 [00:02<00:00, 20.26it/s, Saved at =inf, TrLoss=0.1586]
 Training FV-alpha-s42-t4:  90%|█████████ | 45/50 [00:02<00:00, 20.26it/s, Saved at =inf, TrLoss=0.1477]
 Training FV-alpha-s42-t4:  90%|█████████ | 45/50 [00:02<00:00, 20.26it/s, Saved at =inf, TrLoss=0.1436]
 Training FV-alpha-s42-t4:  90%|█████████ | 45/50 [00:02<00:00, 20.26it/s, Saved at =inf, TrLoss=0.1400]
 Training FV-alpha-s42-t4:  96%|█████████▌| 48/50 [00:02<00:00, 20.26it/s, Saved at =inf, TrLoss=0.1400]
 Training FV-alpha-s42-t4:  96%|█████████▌| 48/50 [00:02<00:00, 20.26it/s, Saved at =inf, TrLoss=0.1460]
 Training FV-alpha-s42-t4:  96%|█████████▌| 48/50 [00:02<00:00, 20.26it/s, Saved at =inf, TrLoss=0.1444]
 Training FV-alpha-s42-t4: 100%|██████████| 50/50 [00:02<00:00, 20.28it/s, Saved at =inf, TrLoss=0.1444]

 Training FV-alpha-s42-t5:   0%|          | 0/50 [00:00<?, ?it/s]
 Training FV-alpha-s42-t5:   0%|          | 0/50 [00:00<?, ?it/s, Saved at =inf, TrLoss=0.7338]
 Training FV-alpha-s42-t5:   0%|          | 0/50 [00:00<?, ?it/s, Saved at =inf, TrLoss=0.9387]
 Training FV-alpha-s42-t5:   4%|▍         | 2/50 [00:00<00:02, 16.23it/s, Saved at =inf, TrLoss=0.9387]
 Training FV-alpha-s42-t5:   4%|▍         | 2/50 [00:00<00:02, 16.23it/s, Saved at =inf, TrLoss=0.5507]
 Training FV-alpha-s42-t5:   4%|▍         | 2/50 [00:00<00:02, 16.23it/s, Saved at =inf, TrLoss=0.5887]
 Training FV-alpha-s42-t5:   8%|▊         | 4/50 [00:00<00:02, 16.80it/s, Saved at =inf, TrLoss=0.5887]
 Training FV-alpha-s42-t5:   8%|▊         | 4/50 [00:00<00:02, 16.80it/s, Saved at =inf, TrLoss=0.4969]
 Training FV-alpha-s42-t5:   8%|▊         | 4/50 [00:00<00:02, 16.80it/s, Saved at =inf, TrLoss=0.4774]
 Training FV-alpha-s42-t5:  12%|█▏        | 6/50 [00:00<00:02, 16.86it/s, Saved at =inf, TrLoss=0.4774]
 Training FV-alpha-s42-t5:  12%|█▏        | 6/50 [00:00<00:02, 16.86it/s, Saved at =inf, TrLoss=0.4680]
 Training FV-alpha-s42-t5:  12%|█▏        | 6/50 [00:00<00:02, 16.86it/s, Saved at =inf, TrLoss=0.4368]
 Training FV-alpha-s42-t5:  16%|█▌        | 8/50 [00:00<00:02, 16.89it/s, Saved at =inf, TrLoss=0.4368]
 Training FV-alpha-s42-t5:  16%|█▌        | 8/50 [00:00<00:02, 16.89it/s, Saved at =inf, TrLoss=0.4033]
 Training FV-alpha-s42-t5:  16%|█▌        | 8/50 [00:00<00:02, 16.89it/s, Saved at =inf, TrLoss=0.3915]
 Training FV-alpha-s42-t5:  20%|██        | 10/50 [00:00<00:02, 16.89it/s, Saved at =inf, TrLoss=0.3915]
 Training FV-alpha-s42-t5:  20%|██        | 10/50 [00:00<00:02, 16.89it/s, Saved at =inf, TrLoss=0.3411]
 Training FV-alpha-s42-t5:  20%|██        | 10/50 [00:00<00:02, 16.89it/s, Saved at =inf, TrLoss=0.3468]
 Training FV-alpha-s42-t5:  24%|██▍       | 12/50 [00:00<00:02, 16.89it/s, Saved at =inf, TrLoss=0.3468]
 Training FV-alpha-s42-t5:  24%|██▍       | 12/50 [00:00<00:02, 16.89it/s, Saved at =inf, TrLoss=0.3181]
 Training FV-alpha-s42-t5:  24%|██▍       | 12/50 [00:00<00:02, 16.89it/s, Saved at =inf, TrLoss=0.3360]
 Training FV-alpha-s42-t5:  28%|██▊       | 14/50 [00:00<00:02, 16.90it/s, Saved at =inf, TrLoss=0.3360]
 Training FV-alpha-s42-t5:  28%|██▊       | 14/50 [00:00<00:02, 16.90it/s, Saved at =inf, TrLoss=0.2691]
 Training FV-alpha-s42-t5:  28%|██▊       | 14/50 [00:00<00:02, 16.90it/s, Saved at =inf, TrLoss=0.3266]
 Training FV-alpha-s42-t5:  32%|███▏      | 16/50 [00:00<00:02, 16.90it/s, Saved at =inf, TrLoss=0.3266]
 Training FV-alpha-s42-t5:  32%|███▏      | 16/50 [00:00<00:02, 16.90it/s, Saved at =inf, TrLoss=0.2809]
 Training FV-alpha-s42-t5:  32%|███▏      | 16/50 [00:01<00:02, 16.90it/s, Saved at =inf, TrLoss=0.2940]
 Training FV-alpha-s42-t5:  36%|███▌      | 18/50 [00:01<00:01, 16.90it/s, Saved at =inf, TrLoss=0.2940]
 Training FV-alpha-s42-t5:  36%|███▌      | 18/50 [00:01<00:01, 16.90it/s, Saved at =inf, TrLoss=0.2783]
 Training FV-alpha-s42-t5:  36%|███▌      | 18/50 [00:01<00:01, 16.90it/s, Saved at =inf, TrLoss=0.2660]
 Training FV-alpha-s42-t5:  40%|████      | 20/50 [00:01<00:01, 16.90it/s, Saved at =inf, TrLoss=0.2660]
 Training FV-alpha-s42-t5:  40%|████      | 20/50 [00:01<00:01, 16.90it/s, Saved at =inf, TrLoss=0.2653]
 Training FV-alpha-s42-t5:  40%|████      | 20/50 [00:01<00:01, 16.90it/s, Saved at =inf, TrLoss=0.2766]
 Training FV-alpha-s42-t5:  44%|████▍     | 22/50 [00:01<00:01, 16.90it/s, Saved at =inf, TrLoss=0.2766]
 Training FV-alpha-s42-t5:  44%|████▍     | 22/50 [00:01<00:01, 16.90it/s, Saved at =inf, TrLoss=0.2557]
 Training FV-alpha-s42-t5:  44%|████▍     | 22/50 [00:01<00:01, 16.90it/s, Saved at =inf, TrLoss=0.2537]
 Training FV-alpha-s42-t5:  48%|████▊     | 24/50 [00:01<00:01, 16.91it/s, Saved at =inf, TrLoss=0.2537]
 Training FV-alpha-s42-t5:  48%|████▊     | 24/50 [00:01<00:01, 16.91it/s, Saved at =inf, TrLoss=0.2746]
 Training FV-alpha-s42-t5:  48%|████▊     | 24/50 [00:01<00:01, 16.91it/s, Saved at =inf, TrLoss=0.2472]
 Training FV-alpha-s42-t5:  52%|█████▏    | 26/50 [00:01<00:01, 16.90it/s, Saved at =inf, TrLoss=0.2472]
 Training FV-alpha-s42-t5:  52%|█████▏    | 26/50 [00:01<00:01, 16.90it/s, Saved at =inf, TrLoss=0.2479]
 Training FV-alpha-s42-t5:  52%|█████▏    | 26/50 [00:01<00:01, 16.90it/s, Saved at =inf, TrLoss=0.2396]
 Training FV-alpha-s42-t5:  56%|█████▌    | 28/50 [00:01<00:01, 16.90it/s, Saved at =inf, TrLoss=0.2396]
 Training FV-alpha-s42-t5:  56%|█████▌    | 28/50 [00:01<00:01, 16.90it/s, Saved at =inf, TrLoss=0.2413]
 Training FV-alpha-s42-t5:  56%|█████▌    | 28/50 [00:01<00:01, 16.90it/s, Saved at =inf, TrLoss=0.2444]
 Training FV-alpha-s42-t5:  60%|██████    | 30/50 [00:01<00:01, 16.91it/s, Saved at =inf, TrLoss=0.2444]
 Training FV-alpha-s42-t5:  60%|██████    | 30/50 [00:01<00:01, 16.91it/s, Saved at =inf, TrLoss=0.2222]
 Training FV-alpha-s42-t5:  60%|██████    | 30/50 [00:01<00:01, 16.91it/s, Saved at =inf, TrLoss=0.2299]
 Training FV-alpha-s42-t5:  64%|██████▍   | 32/50 [00:01<00:01, 16.91it/s, Saved at =inf, TrLoss=0.2299]
 Training FV-alpha-s42-t5:  64%|██████▍   | 32/50 [00:01<00:01, 16.91it/s, Saved at =inf, TrLoss=0.2331]
 Training FV-alpha-s42-t5:  64%|██████▍   | 32/50 [00:01<00:01, 16.91it/s, Saved at =inf, TrLoss=0.2301]
 Training FV-alpha-s42-t5:  68%|██████▊   | 34/50 [00:02<00:00, 16.91it/s, Saved at =inf, TrLoss=0.2301]
 Training FV-alpha-s42-t5:  68%|██████▊   | 34/50 [00:02<00:00, 16.91it/s, Saved at =inf, TrLoss=0.2194]
 Training FV-alpha-s42-t5:  68%|██████▊   | 34/50 [00:02<00:00, 16.91it/s, Saved at =inf, TrLoss=0.2260]
 Training FV-alpha-s42-t5:  72%|███████▏  | 36/50 [00:02<00:00, 16.91it/s, Saved at =inf, TrLoss=0.2260]
 Training FV-alpha-s42-t5:  72%|███████▏  | 36/50 [00:02<00:00, 16.91it/s, Saved at =inf, TrLoss=0.2179]
 Training FV-alpha-s42-t5:  72%|███████▏  | 36/50 [00:02<00:00, 16.91it/s, Saved at =inf, TrLoss=0.2104]
 Training FV-alpha-s42-t5:  76%|███████▌  | 38/50 [00:02<00:00, 16.90it/s, Saved at =inf, TrLoss=0.2104]
 Training FV-alpha-s42-t5:  76%|███████▌  | 38/50 [00:02<00:00, 16.90it/s, Saved at =inf, TrLoss=0.2007]
 Training FV-alpha-s42-t5:  76%|███████▌  | 38/50 [00:02<00:00, 16.90it/s, Saved at =inf, TrLoss=0.2068]
 Training FV-alpha-s42-t5:  80%|████████  | 40/50 [00:02<00:00, 16.91it/s, Saved at =inf, TrLoss=0.2068]
 Training FV-alpha-s42-t5:  80%|████████  | 40/50 [00:02<00:00, 16.91it/s, Saved at =inf, TrLoss=0.2048]
 Training FV-alpha-s42-t5:  80%|████████  | 40/50 [00:02<00:00, 16.91it/s, Saved at =inf, TrLoss=0.2064]
 Training FV-alpha-s42-t5:  84%|████████▍ | 42/50 [00:02<00:00, 16.91it/s, Saved at =inf, TrLoss=0.2064]
 Training FV-alpha-s42-t5:  84%|████████▍ | 42/50 [00:02<00:00, 16.91it/s, Saved at =inf, TrLoss=0.2059]
 Training FV-alpha-s42-t5:  84%|████████▍ | 42/50 [00:02<00:00, 16.91it/s, Saved at =inf, TrLoss=0.2003]
 Training FV-alpha-s42-t5:  88%|████████▊ | 44/50 [00:02<00:00, 16.91it/s, Saved at =inf, TrLoss=0.2003]
 Training FV-alpha-s42-t5:  88%|████████▊ | 44/50 [00:02<00:00, 16.91it/s, Saved at =inf, TrLoss=0.1921]
 Training FV-alpha-s42-t5:  88%|████████▊ | 44/50 [00:02<00:00, 16.91it/s, Saved at =inf, TrLoss=0.1872]
 Training FV-alpha-s42-t5:  92%|█████████▏| 46/50 [00:02<00:00, 16.91it/s, Saved at =inf, TrLoss=0.1872]
 Training FV-alpha-s42-t5:  92%|█████████▏| 46/50 [00:02<00:00, 16.91it/s, Saved at =inf, TrLoss=0.1890]
 Training FV-alpha-s42-t5:  92%|█████████▏| 46/50 [00:02<00:00, 16.91it/s, Saved at =inf, TrLoss=0.1871]
 Training FV-alpha-s42-t5:  96%|█████████▌| 48/50 [00:02<00:00, 16.90it/s, Saved at =inf, TrLoss=0.1871]
 Training FV-alpha-s42-t5:  96%|█████████▌| 48/50 [00:02<00:00, 16.90it/s, Saved at =inf, TrLoss=0.1840]
 Training FV-alpha-s42-t5:  96%|█████████▌| 48/50 [00:02<00:00, 16.90it/s, Saved at =inf, TrLoss=0.1812]
 Training FV-alpha-s42-t5: 100%|██████████| 50/50 [00:02<00:00, 16.90it/s, Saved at =inf, TrLoss=0.1812]
 Training FV-alpha-s42-t5: 100%|██████████| 50/50 [00:02<00:00, 16.89it/s, Saved at =inf, TrLoss=0.1812]

 Training FV-alpha-s42-t6:   0%|          | 0/50 [00:00<?, ?it/s]
 Training FV-alpha-s42-t6:   0%|          | 0/50 [00:00<?, ?it/s, Saved at =inf, TrLoss=0.7037]
 Training FV-alpha-s42-t6:   0%|          | 0/50 [00:00<?, ?it/s, Saved at =inf, TrLoss=0.6970]
 Training FV-alpha-s42-t6:   4%|▍         | 2/50 [00:00<00:03, 13.86it/s, Saved at =inf, TrLoss=0.6970]
 Training FV-alpha-s42-t6:   4%|▍         | 2/50 [00:00<00:03, 13.86it/s, Saved at =inf, TrLoss=0.5857]
 Training FV-alpha-s42-t6:   4%|▍         | 2/50 [00:00<00:03, 13.86it/s, Saved at =inf, TrLoss=0.5315]
 Training FV-alpha-s42-t6:   8%|▊         | 4/50 [00:00<00:03, 14.19it/s, Saved at =inf, TrLoss=0.5315]
 Training FV-alpha-s42-t6:   8%|▊         | 4/50 [00:00<00:03, 14.19it/s, Saved at =inf, TrLoss=0.4799]
 Training FV-alpha-s42-t6:   8%|▊         | 4/50 [00:00<00:03, 14.19it/s, Saved at =inf, TrLoss=0.4629]
 Training FV-alpha-s42-t6:  12%|█▏        | 6/50 [00:00<00:03, 14.26it/s, Saved at =inf, TrLoss=0.4629]
 Training FV-alpha-s42-t6:  12%|█▏        | 6/50 [00:00<00:03, 14.26it/s, Saved at =inf, TrLoss=0.4402]
 Training FV-alpha-s42-t6:  12%|█▏        | 6/50 [00:00<00:03, 14.26it/s, Saved at =inf, TrLoss=0.4063]
 Training FV-alpha-s42-t6:  16%|█▌        | 8/50 [00:00<00:02, 14.29it/s, Saved at =inf, TrLoss=0.4063]
 Training FV-alpha-s42-t6:  16%|█▌        | 8/50 [00:00<00:02, 14.29it/s, Saved at =inf, TrLoss=0.3679]
 Training FV-alpha-s42-t6:  16%|█▌        | 8/50 [00:00<00:02, 14.29it/s, Saved at =inf, TrLoss=0.3438]
 Training FV-alpha-s42-t6:  20%|██        | 10/50 [00:00<00:02, 14.30it/s, Saved at =inf, TrLoss=0.3438]
 Training FV-alpha-s42-t6:  20%|██        | 10/50 [00:00<00:02, 14.30it/s, Saved at =inf, TrLoss=0.3678]
 Training FV-alpha-s42-t6:  20%|██        | 10/50 [00:00<00:02, 14.30it/s, Saved at =inf, TrLoss=0.3995]
 Training FV-alpha-s42-t6:  24%|██▍       | 12/50 [00:00<00:02, 14.31it/s, Saved at =inf, TrLoss=0.3995]
 Training FV-alpha-s42-t6:  24%|██▍       | 12/50 [00:00<00:02, 14.31it/s, Saved at =inf, TrLoss=0.3115]
 Training FV-alpha-s42-t6:  24%|██▍       | 12/50 [00:00<00:02, 14.31it/s, Saved at =inf, TrLoss=0.3775]
 Training FV-alpha-s42-t6:  28%|██▊       | 14/50 [00:00<00:02, 14.33it/s, Saved at =inf, TrLoss=0.3775]
 Training FV-alpha-s42-t6:  28%|██▊       | 14/50 [00:01<00:02, 14.33it/s, Saved at =inf, TrLoss=0.2842]
 Training FV-alpha-s42-t6:  28%|██▊       | 14/50 [00:01<00:02, 14.33it/s, Saved at =inf, TrLoss=0.3427]
 Training FV-alpha-s42-t6:  32%|███▏      | 16/50 [00:01<00:02, 14.33it/s, Saved at =inf, TrLoss=0.3427]
 Training FV-alpha-s42-t6:  32%|███▏      | 16/50 [00:01<00:02, 14.33it/s, Saved at =inf, TrLoss=0.2991]
 Training FV-alpha-s42-t6:  32%|███▏      | 16/50 [00:01<00:02, 14.33it/s, Saved at =inf, TrLoss=0.2990]
 Training FV-alpha-s42-t6:  36%|███▌      | 18/50 [00:01<00:02, 14.33it/s, Saved at =inf, TrLoss=0.2990]
 Training FV-alpha-s42-t6:  36%|███▌      | 18/50 [00:01<00:02, 14.33it/s, Saved at =inf, TrLoss=0.3093]
 Training FV-alpha-s42-t6:  36%|███▌      | 18/50 [00:01<00:02, 14.33it/s, Saved at =inf, TrLoss=0.2659]
 Training FV-alpha-s42-t6:  40%|████      | 20/50 [00:01<00:02, 14.34it/s, Saved at =inf, TrLoss=0.2659]
 Training FV-alpha-s42-t6:  40%|████      | 20/50 [00:01<00:02, 14.34it/s, Saved at =inf, TrLoss=0.2885]
 Training FV-alpha-s42-t6:  40%|████      | 20/50 [00:01<00:02, 14.34it/s, Saved at =inf, TrLoss=0.2636]
 Training FV-alpha-s42-t6:  44%|████▍     | 22/50 [00:01<00:01, 14.34it/s, Saved at =inf, TrLoss=0.2636]
 Training FV-alpha-s42-t6:  44%|████▍     | 22/50 [00:01<00:01, 14.34it/s, Saved at =inf, TrLoss=0.2655]
 Training FV-alpha-s42-t6:  44%|████▍     | 22/50 [00:01<00:01, 14.34it/s, Saved at =inf, TrLoss=0.2692]
 Training FV-alpha-s42-t6:  48%|████▊     | 24/50 [00:01<00:01, 14.34it/s, Saved at =inf, TrLoss=0.2692]
 Training FV-alpha-s42-t6:  48%|████▊     | 24/50 [00:01<00:01, 14.34it/s, Saved at =inf, TrLoss=0.2596]
 Training FV-alpha-s42-t6:  48%|████▊     | 24/50 [00:01<00:01, 14.34it/s, Saved at =inf, TrLoss=0.2597]
 Training FV-alpha-s42-t6:  52%|█████▏    | 26/50 [00:01<00:01, 14.34it/s, Saved at =inf, TrLoss=0.2597]
 Training FV-alpha-s42-t6:  52%|█████▏    | 26/50 [00:01<00:01, 14.34it/s, Saved at =inf, TrLoss=0.2372]
 Training FV-alpha-s42-t6:  52%|█████▏    | 26/50 [00:01<00:01, 14.34it/s, Saved at =inf, TrLoss=0.2659]
 Training FV-alpha-s42-t6:  56%|█████▌    | 28/50 [00:01<00:01, 14.33it/s, Saved at =inf, TrLoss=0.2659]
 Training FV-alpha-s42-t6:  56%|█████▌    | 28/50 [00:02<00:01, 14.33it/s, Saved at =inf, TrLoss=0.2463]
 Training FV-alpha-s42-t6:  56%|█████▌    | 28/50 [00:02<00:01, 14.33it/s, Saved at =inf, TrLoss=0.2501]
 Training FV-alpha-s42-t6:  60%|██████    | 30/50 [00:02<00:01, 14.34it/s, Saved at =inf, TrLoss=0.2501]
 Training FV-alpha-s42-t6:  60%|██████    | 30/50 [00:02<00:01, 14.34it/s, Saved at =inf, TrLoss=0.2319]
 Training FV-alpha-s42-t6:  60%|██████    | 30/50 [00:02<00:01, 14.34it/s, Saved at =inf, TrLoss=0.2356]
 Training FV-alpha-s42-t6:  64%|██████▍   | 32/50 [00:02<00:01, 14.34it/s, Saved at =inf, TrLoss=0.2356]
 Training FV-alpha-s42-t6:  64%|██████▍   | 32/50 [00:02<00:01, 14.34it/s, Saved at =inf, TrLoss=0.2326]
 Training FV-alpha-s42-t6:  64%|██████▍   | 32/50 [00:02<00:01, 14.34it/s, Saved at =inf, TrLoss=0.2338]
 Training FV-alpha-s42-t6:  68%|██████▊   | 34/50 [00:02<00:01, 14.34it/s, Saved at =inf, TrLoss=0.2338]
 Training FV-alpha-s42-t6:  68%|██████▊   | 34/50 [00:02<00:01, 14.34it/s, Saved at =inf, TrLoss=0.2287]
 Training FV-alpha-s42-t6:  68%|██████▊   | 34/50 [00:02<00:01, 14.34it/s, Saved at =inf, TrLoss=0.2224]
 Training FV-alpha-s42-t6:  72%|███████▏  | 36/50 [00:02<00:00, 14.34it/s, Saved at =inf, TrLoss=0.2224]
 Training FV-alpha-s42-t6:  72%|███████▏  | 36/50 [00:02<00:00, 14.34it/s, Saved at =inf, TrLoss=0.2342]
 Training FV-alpha-s42-t6:  72%|███████▏  | 36/50 [00:02<00:00, 14.34it/s, Saved at =inf, TrLoss=0.2145]
 Training FV-alpha-s42-t6:  76%|███████▌  | 38/50 [00:02<00:00, 14.34it/s, Saved at =inf, TrLoss=0.2145]
 Training FV-alpha-s42-t6:  76%|███████▌  | 38/50 [00:02<00:00, 14.34it/s, Saved at =inf, TrLoss=0.2113]
 Training FV-alpha-s42-t6:  76%|███████▌  | 38/50 [00:02<00:00, 14.34it/s, Saved at =inf, TrLoss=0.2109]
 Training FV-alpha-s42-t6:  80%|████████  | 40/50 [00:02<00:00, 14.34it/s, Saved at =inf, TrLoss=0.2109]
 Training FV-alpha-s42-t6:  80%|████████  | 40/50 [00:02<00:00, 14.34it/s, Saved at =inf, TrLoss=0.2265]
 Training FV-alpha-s42-t6:  80%|████████  | 40/50 [00:02<00:00, 14.34it/s, Saved at =inf, TrLoss=0.2079]
 Training FV-alpha-s42-t6:  84%|████████▍ | 42/50 [00:02<00:00, 14.34it/s, Saved at =inf, TrLoss=0.2079]
 Training FV-alpha-s42-t6:  84%|████████▍ | 42/50 [00:02<00:00, 14.34it/s, Saved at =inf, TrLoss=0.2152]
 Training FV-alpha-s42-t6:  84%|████████▍ | 42/50 [00:03<00:00, 14.34it/s, Saved at =inf, TrLoss=0.2029]
 Training FV-alpha-s42-t6:  88%|████████▊ | 44/50 [00:03<00:00, 14.32it/s, Saved at =inf, TrLoss=0.2029]
 Training FV-alpha-s42-t6:  88%|████████▊ | 44/50 [00:03<00:00, 14.32it/s, Saved at =inf, TrLoss=0.2180]
 Training FV-alpha-s42-t6:  88%|████████▊ | 44/50 [00:03<00:00, 14.32it/s, Saved at =inf, TrLoss=0.1921]
 Training FV-alpha-s42-t6:  92%|█████████▏| 46/50 [00:03<00:00, 14.32it/s, Saved at =inf, TrLoss=0.1921]
 Training FV-alpha-s42-t6:  92%|█████████▏| 46/50 [00:03<00:00, 14.32it/s, Saved at =inf, TrLoss=0.1978]
 Training FV-alpha-s42-t6:  92%|█████████▏| 46/50 [00:03<00:00, 14.32it/s, Saved at =inf, TrLoss=0.1905]
 Training FV-alpha-s42-t6:  96%|█████████▌| 48/50 [00:03<00:00, 14.33it/s, Saved at =inf, TrLoss=0.1905]
 Training FV-alpha-s42-t6:  96%|█████████▌| 48/50 [00:03<00:00, 14.33it/s, Saved at =inf, TrLoss=0.1923]
 Training FV-alpha-s42-t6:  96%|█████████▌| 48/50 [00:03<00:00, 14.33it/s, Saved at =inf, TrLoss=0.1911]
 Training FV-alpha-s42-t6: 100%|██████████| 50/50 [00:03<00:00, 14.33it/s, Saved at =inf, TrLoss=0.1911]
 Training FV-alpha-s42-t6: 100%|██████████| 50/50 [00:03<00:00, 14.32it/s, Saved at =inf, TrLoss=0.1911]

 Training FV-alpha-s42-t7:   0%|          | 0/50 [00:00<?, ?it/s]
 Training FV-alpha-s42-t7:   0%|          | 0/50 [00:00<?, ?it/s, Saved at =inf, TrLoss=0.6890]
 Training FV-alpha-s42-t7:   0%|          | 0/50 [00:00<?, ?it/s, Saved at =inf, TrLoss=0.6662]
 Training FV-alpha-s42-t7:   4%|▍         | 2/50 [00:00<00:04, 11.96it/s, Saved at =inf, TrLoss=0.6662]
 Training FV-alpha-s42-t7:   4%|▍         | 2/50 [00:00<00:04, 11.96it/s, Saved at =inf, TrLoss=0.6719]
 Training FV-alpha-s42-t7:   4%|▍         | 2/50 [00:00<00:04, 11.96it/s, Saved at =inf, TrLoss=0.5635]
 Training FV-alpha-s42-t7:   8%|▊         | 4/50 [00:00<00:03, 12.20it/s, Saved at =inf, TrLoss=0.5635]
 Training FV-alpha-s42-t7:   8%|▊         | 4/50 [00:00<00:03, 12.20it/s, Saved at =inf, TrLoss=0.5028]
 Training FV-alpha-s42-t7:   8%|▊         | 4/50 [00:00<00:03, 12.20it/s, Saved at =inf, TrLoss=0.5343]
 Training FV-alpha-s42-t7:  12%|█▏        | 6/50 [00:00<00:03, 12.34it/s, Saved at =inf, TrLoss=0.5343]
 Training FV-alpha-s42-t7:  12%|█▏        | 6/50 [00:00<00:03, 12.34it/s, Saved at =inf, TrLoss=0.5298]
 Training FV-alpha-s42-t7:  12%|█▏        | 6/50 [00:00<00:03, 12.34it/s, Saved at =inf, TrLoss=0.4711]
 Training FV-alpha-s42-t7:  16%|█▌        | 8/50 [00:00<00:03, 12.35it/s, Saved at =inf, TrLoss=0.4711]
 Training FV-alpha-s42-t7:  16%|█▌        | 8/50 [00:00<00:03, 12.35it/s, Saved at =inf, TrLoss=0.4302]
 Training FV-alpha-s42-t7:  16%|█▌        | 8/50 [00:00<00:03, 12.35it/s, Saved at =inf, TrLoss=0.4228]
 Training FV-alpha-s42-t7:  20%|██        | 10/50 [00:00<00:03, 12.35it/s, Saved at =inf, TrLoss=0.4228]
 Training FV-alpha-s42-t7:  20%|██        | 10/50 [00:00<00:03, 12.35it/s, Saved at =inf, TrLoss=0.3958]
 Training FV-alpha-s42-t7:  20%|██        | 10/50 [00:00<00:03, 12.35it/s, Saved at =inf, TrLoss=0.3557]
 Training FV-alpha-s42-t7:  24%|██▍       | 12/50 [00:00<00:03, 12.33it/s, Saved at =inf, TrLoss=0.3557]
 Training FV-alpha-s42-t7:  24%|██▍       | 12/50 [00:01<00:03, 12.33it/s, Saved at =inf, TrLoss=0.3855]
 Training FV-alpha-s42-t7:  24%|██▍       | 12/50 [00:01<00:03, 12.33it/s, Saved at =inf, TrLoss=0.3427]
 Training FV-alpha-s42-t7:  28%|██▊       | 14/50 [00:01<00:02, 12.33it/s, Saved at =inf, TrLoss=0.3427]
 Training FV-alpha-s42-t7:  28%|██▊       | 14/50 [00:01<00:02, 12.33it/s, Saved at =inf, TrLoss=0.3337]
 Training FV-alpha-s42-t7:  28%|██▊       | 14/50 [00:01<00:02, 12.33it/s, Saved at =inf, TrLoss=0.3177]
 Training FV-alpha-s42-t7:  32%|███▏      | 16/50 [00:01<00:02, 12.34it/s, Saved at =inf, TrLoss=0.3177]
 Training FV-alpha-s42-t7:  32%|███▏      | 16/50 [00:01<00:02, 12.34it/s, Saved at =inf, TrLoss=0.3342]
 Training FV-alpha-s42-t7:  32%|███▏      | 16/50 [00:01<00:02, 12.34it/s, Saved at =inf, TrLoss=0.3099]
 Training FV-alpha-s42-t7:  36%|███▌      | 18/50 [00:01<00:02, 12.35it/s, Saved at =inf, TrLoss=0.3099]
 Training FV-alpha-s42-t7:  36%|███▌      | 18/50 [00:01<00:02, 12.35it/s, Saved at =inf, TrLoss=0.3067]
 Training FV-alpha-s42-t7:  36%|███▌      | 18/50 [00:01<00:02, 12.35it/s, Saved at =inf, TrLoss=0.2858]
 Training FV-alpha-s42-t7:  40%|████      | 20/50 [00:01<00:02, 12.35it/s, Saved at =inf, TrLoss=0.2858]
 Training FV-alpha-s42-t7:  40%|████      | 20/50 [00:01<00:02, 12.35it/s, Saved at =inf, TrLoss=0.2885]
 Training FV-alpha-s42-t7:  40%|████      | 20/50 [00:01<00:02, 12.35it/s, Saved at =inf, TrLoss=0.2859]
 Training FV-alpha-s42-t7:  44%|████▍     | 22/50 [00:01<00:02, 12.32it/s, Saved at =inf, TrLoss=0.2859]
 Training FV-alpha-s42-t7:  44%|████▍     | 22/50 [00:01<00:02, 12.32it/s, Saved at =inf, TrLoss=0.2974]
 Training FV-alpha-s42-t7:  44%|████▍     | 22/50 [00:01<00:02, 12.32it/s, Saved at =inf, TrLoss=0.2738]
 Training FV-alpha-s42-t7:  48%|████▊     | 24/50 [00:01<00:02, 12.33it/s, Saved at =inf, TrLoss=0.2738]
 Training FV-alpha-s42-t7:  48%|████▊     | 24/50 [00:02<00:02, 12.33it/s, Saved at =inf, TrLoss=0.2814]
 Training FV-alpha-s42-t7:  48%|████▊     | 24/50 [00:02<00:02, 12.33it/s, Saved at =inf, TrLoss=0.2653]
 Training FV-alpha-s42-t7:  52%|█████▏    | 26/50 [00:02<00:01, 12.34it/s, Saved at =inf, TrLoss=0.2653]
 Training FV-alpha-s42-t7:  52%|█████▏    | 26/50 [00:02<00:01, 12.34it/s, Saved at =inf, TrLoss=0.2544]
 Training FV-alpha-s42-t7:  52%|█████▏    | 26/50 [00:02<00:01, 12.34it/s, Saved at =inf, TrLoss=0.2653]
 Training FV-alpha-s42-t7:  56%|█████▌    | 28/50 [00:02<00:01, 12.35it/s, Saved at =inf, TrLoss=0.2653]
 Training FV-alpha-s42-t7:  56%|█████▌    | 28/50 [00:02<00:01, 12.35it/s, Saved at =inf, TrLoss=0.2620]
 Training FV-alpha-s42-t7:  56%|█████▌    | 28/50 [00:02<00:01, 12.35it/s, Saved at =inf, TrLoss=0.2517]
 Training FV-alpha-s42-t7:  60%|██████    | 30/50 [00:02<00:01, 12.35it/s, Saved at =inf, TrLoss=0.2517]
 Training FV-alpha-s42-t7:  60%|██████    | 30/50 [00:02<00:01, 12.35it/s, Saved at =inf, TrLoss=0.2519]
 Training FV-alpha-s42-t7:  60%|██████    | 30/50 [00:02<00:01, 12.35it/s, Saved at =inf, TrLoss=0.2480]
 Training FV-alpha-s42-t7:  64%|██████▍   | 32/50 [00:02<00:01, 12.33it/s, Saved at =inf, TrLoss=0.2480]
 Training FV-alpha-s42-t7:  64%|██████▍   | 32/50 [00:02<00:01, 12.33it/s, Saved at =inf, TrLoss=0.2414]
 Training FV-alpha-s42-t7:  64%|██████▍   | 32/50 [00:02<00:01, 12.33it/s, Saved at =inf, TrLoss=0.2355]
 Training FV-alpha-s42-t7:  68%|██████▊   | 34/50 [00:02<00:01, 12.34it/s, Saved at =inf, TrLoss=0.2355]
 Training FV-alpha-s42-t7:  68%|██████▊   | 34/50 [00:02<00:01, 12.34it/s, Saved at =inf, TrLoss=0.2361]
 Training FV-alpha-s42-t7:  68%|██████▊   | 34/50 [00:02<00:01, 12.34it/s, Saved at =inf, TrLoss=0.2358]
 Training FV-alpha-s42-t7:  72%|███████▏  | 36/50 [00:02<00:01, 12.35it/s, Saved at =inf, TrLoss=0.2358]
 Training FV-alpha-s42-t7:  72%|███████▏  | 36/50 [00:02<00:01, 12.35it/s, Saved at =inf, TrLoss=0.2343]
 Training FV-alpha-s42-t7:  72%|███████▏  | 36/50 [00:03<00:01, 12.35it/s, Saved at =inf, TrLoss=0.2295]
 Training FV-alpha-s42-t7:  76%|███████▌  | 38/50 [00:03<00:00, 12.35it/s, Saved at =inf, TrLoss=0.2295]
 Training FV-alpha-s42-t7:  76%|███████▌  | 38/50 [00:03<00:00, 12.35it/s, Saved at =inf, TrLoss=0.2354]
 Training FV-alpha-s42-t7:  76%|███████▌  | 38/50 [00:03<00:00, 12.35it/s, Saved at =inf, TrLoss=0.2246]
 Training FV-alpha-s42-t7:  80%|████████  | 40/50 [00:03<00:00, 12.36it/s, Saved at =inf, TrLoss=0.2246]
 Training FV-alpha-s42-t7:  80%|████████  | 40/50 [00:03<00:00, 12.36it/s, Saved at =inf, TrLoss=0.2251]
 Training FV-alpha-s42-t7:  80%|████████  | 40/50 [00:03<00:00, 12.36it/s, Saved at =inf, TrLoss=0.2206]
 Training FV-alpha-s42-t7:  84%|████████▍ | 42/50 [00:03<00:00, 12.35it/s, Saved at =inf, TrLoss=0.2206]
 Training FV-alpha-s42-t7:  84%|████████▍ | 42/50 [00:03<00:00, 12.35it/s, Saved at =inf, TrLoss=0.2120]
 Training FV-alpha-s42-t7:  84%|████████▍ | 42/50 [00:03<00:00, 12.35it/s, Saved at =inf, TrLoss=0.2262]
 Training FV-alpha-s42-t7:  88%|████████▊ | 44/50 [00:03<00:00, 12.36it/s, Saved at =inf, TrLoss=0.2262]
 Training FV-alpha-s42-t7:  88%|████████▊ | 44/50 [00:03<00:00, 12.36it/s, Saved at =inf, TrLoss=0.2149]
 Training FV-alpha-s42-t7:  88%|████████▊ | 44/50 [00:03<00:00, 12.36it/s, Saved at =inf, TrLoss=0.2078]
 Training FV-alpha-s42-t7:  92%|█████████▏| 46/50 [00:03<00:00, 12.36it/s, Saved at =inf, TrLoss=0.2078]
 Training FV-alpha-s42-t7:  92%|█████████▏| 46/50 [00:03<00:00, 12.36it/s, Saved at =inf, TrLoss=0.2063]
 Training FV-alpha-s42-t7:  92%|█████████▏| 46/50 [00:03<00:00, 12.36it/s, Saved at =inf, TrLoss=0.2068]
 Training FV-alpha-s42-t7:  96%|█████████▌| 48/50 [00:03<00:00, 12.36it/s, Saved at =inf, TrLoss=0.2068]
 Training FV-alpha-s42-t7:  96%|█████████▌| 48/50 [00:03<00:00, 12.36it/s, Saved at =inf, TrLoss=0.2058]
 Training FV-alpha-s42-t7:  96%|█████████▌| 48/50 [00:04<00:00, 12.36it/s, Saved at =inf, TrLoss=0.2013]
 Training FV-alpha-s42-t7: 100%|██████████| 50/50 [00:04<00:00, 12.36it/s, Saved at =inf, TrLoss=0.2013]
 Training FV-alpha-s42-t7: 100%|██████████| 50/50 [00:04<00:00, 12.34it/s, Saved at =inf, TrLoss=0.2013]

 Training FV-alpha-s42-t8:   0%|          | 0/50 [00:00<?, ?it/s]
 Training FV-alpha-s42-t8:   0%|          | 0/50 [00:00<?, ?it/s, Saved at =inf, TrLoss=0.7237]
 Training FV-alpha-s42-t8:   0%|          | 0/50 [00:00<?, ?it/s, Saved at =inf, TrLoss=0.7649]
 Training FV-alpha-s42-t8:   4%|▍         | 2/50 [00:00<00:04, 10.72it/s, Saved at =inf, TrLoss=0.7649]
 Training FV-alpha-s42-t8:   4%|▍         | 2/50 [00:00<00:04, 10.72it/s, Saved at =inf, TrLoss=0.6172]
 Training FV-alpha-s42-t8:   4%|▍         | 2/50 [00:00<00:04, 10.72it/s, Saved at =inf, TrLoss=0.6067]
 Training FV-alpha-s42-t8:   8%|▊         | 4/50 [00:00<00:04, 11.00it/s, Saved at =inf, TrLoss=0.6067]
 Training FV-alpha-s42-t8:   8%|▊         | 4/50 [00:00<00:04, 11.00it/s, Saved at =inf, TrLoss=0.5526]
 Training FV-alpha-s42-t8:   8%|▊         | 4/50 [00:00<00:04, 11.00it/s, Saved at =inf, TrLoss=0.5279]
 Training FV-alpha-s42-t8:  12%|█▏        | 6/50 [00:00<00:03, 11.09it/s, Saved at =inf, TrLoss=0.5279]
 Training FV-alpha-s42-t8:  12%|█▏        | 6/50 [00:00<00:03, 11.09it/s, Saved at =inf, TrLoss=0.5035]
 Training FV-alpha-s42-t8:  12%|█▏        | 6/50 [00:00<00:03, 11.09it/s, Saved at =inf, TrLoss=0.4742]
 Training FV-alpha-s42-t8:  16%|█▌        | 8/50 [00:00<00:03, 11.14it/s, Saved at =inf, TrLoss=0.4742]
 Training FV-alpha-s42-t8:  16%|█▌        | 8/50 [00:00<00:03, 11.14it/s, Saved at =inf, TrLoss=0.4413]
 Training FV-alpha-s42-t8:  16%|█▌        | 8/50 [00:00<00:03, 11.14it/s, Saved at =inf, TrLoss=0.3995]
 Training FV-alpha-s42-t8:  20%|██        | 10/50 [00:00<00:03, 11.16it/s, Saved at =inf, TrLoss=0.3995]
 Training FV-alpha-s42-t8:  20%|██        | 10/50 [00:00<00:03, 11.16it/s, Saved at =inf, TrLoss=0.3729]
 Training FV-alpha-s42-t8:  20%|██        | 10/50 [00:01<00:03, 11.16it/s, Saved at =inf, TrLoss=0.3601]
 Training FV-alpha-s42-t8:  24%|██▍       | 12/50 [00:01<00:03, 11.17it/s, Saved at =inf, TrLoss=0.3601]
 Training FV-alpha-s42-t8:  24%|██▍       | 12/50 [00:01<00:03, 11.17it/s, Saved at =inf, TrLoss=0.3860]
 Training FV-alpha-s42-t8:  24%|██▍       | 12/50 [00:01<00:03, 11.17it/s, Saved at =inf, TrLoss=0.3994]
 Training FV-alpha-s42-t8:  28%|██▊       | 14/50 [00:01<00:03, 11.19it/s, Saved at =inf, TrLoss=0.3994]
 Training FV-alpha-s42-t8:  28%|██▊       | 14/50 [00:01<00:03, 11.19it/s, Saved at =inf, TrLoss=0.3079]
 Training FV-alpha-s42-t8:  28%|██▊       | 14/50 [00:01<00:03, 11.19it/s, Saved at =inf, TrLoss=0.3539]
 Training FV-alpha-s42-t8:  32%|███▏      | 16/50 [00:01<00:03, 11.19it/s, Saved at =inf, TrLoss=0.3539]
 Training FV-alpha-s42-t8:  32%|███▏      | 16/50 [00:01<00:03, 11.19it/s, Saved at =inf, TrLoss=0.3258]
 Training FV-alpha-s42-t8:  32%|███▏      | 16/50 [00:01<00:03, 11.19it/s, Saved at =inf, TrLoss=0.3273]
 Training FV-alpha-s42-t8:  36%|███▌      | 18/50 [00:01<00:02, 11.20it/s, Saved at =inf, TrLoss=0.3273]
 Training FV-alpha-s42-t8:  36%|███▌      | 18/50 [00:01<00:02, 11.20it/s, Saved at =inf, TrLoss=0.3036]
 Training FV-alpha-s42-t8:  36%|███▌      | 18/50 [00:01<00:02, 11.20it/s, Saved at =inf, TrLoss=0.3089]
 Training FV-alpha-s42-t8:  40%|████      | 20/50 [00:01<00:02, 11.20it/s, Saved at =inf, TrLoss=0.3089]
 Training FV-alpha-s42-t8:  40%|████      | 20/50 [00:01<00:02, 11.20it/s, Saved at =inf, TrLoss=0.2964]
 Training FV-alpha-s42-t8:  40%|████      | 20/50 [00:01<00:02, 11.20it/s, Saved at =inf, TrLoss=0.3020]
 Training FV-alpha-s42-t8:  44%|████▍     | 22/50 [00:01<00:02, 11.20it/s, Saved at =inf, TrLoss=0.3020]
 Training FV-alpha-s42-t8:  44%|████▍     | 22/50 [00:02<00:02, 11.20it/s, Saved at =inf, TrLoss=0.2808]
 Training FV-alpha-s42-t8:  44%|████▍     | 22/50 [00:02<00:02, 11.20it/s, Saved at =inf, TrLoss=0.2829]
 Training FV-alpha-s42-t8:  48%|████▊     | 24/50 [00:02<00:02, 11.21it/s, Saved at =inf, TrLoss=0.2829]
 Training FV-alpha-s42-t8:  48%|████▊     | 24/50 [00:02<00:02, 11.21it/s, Saved at =inf, TrLoss=0.2827]
 Training FV-alpha-s42-t8:  48%|████▊     | 24/50 [00:02<00:02, 11.21it/s, Saved at =inf, TrLoss=0.2806]
 Training FV-alpha-s42-t8:  52%|█████▏    | 26/50 [00:02<00:02, 11.20it/s, Saved at =inf, TrLoss=0.2806]
 Training FV-alpha-s42-t8:  52%|█████▏    | 26/50 [00:02<00:02, 11.20it/s, Saved at =inf, TrLoss=0.2645]
 Training FV-alpha-s42-t8:  52%|█████▏    | 26/50 [00:02<00:02, 11.20it/s, Saved at =inf, TrLoss=0.2778]
 Training FV-alpha-s42-t8:  56%|█████▌    | 28/50 [00:02<00:01, 11.20it/s, Saved at =inf, TrLoss=0.2778]
 Training FV-alpha-s42-t8:  56%|█████▌    | 28/50 [00:02<00:01, 11.20it/s, Saved at =inf, TrLoss=0.2729]
 Training FV-alpha-s42-t8:  56%|█████▌    | 28/50 [00:02<00:01, 11.20it/s, Saved at =inf, TrLoss=0.2770]
 Training FV-alpha-s42-t8:  60%|██████    | 30/50 [00:02<00:01, 11.20it/s, Saved at =inf, TrLoss=0.2770]
 Training FV-alpha-s42-t8:  60%|██████    | 30/50 [00:02<00:01, 11.20it/s, Saved at =inf, TrLoss=0.2576]
 Training FV-alpha-s42-t8:  60%|██████    | 30/50 [00:02<00:01, 11.20it/s, Saved at =inf, TrLoss=0.2640]
 Training FV-alpha-s42-t8:  64%|██████▍   | 32/50 [00:02<00:01, 11.20it/s, Saved at =inf, TrLoss=0.2640]
 Training FV-alpha-s42-t8:  64%|██████▍   | 32/50 [00:02<00:01, 11.20it/s, Saved at =inf, TrLoss=0.2515]
 Training FV-alpha-s42-t8:  64%|██████▍   | 32/50 [00:03<00:01, 11.20it/s, Saved at =inf, TrLoss=0.2607]
 Training FV-alpha-s42-t8:  68%|██████▊   | 34/50 [00:03<00:01, 11.21it/s, Saved at =inf, TrLoss=0.2607]
 Training FV-alpha-s42-t8:  68%|██████▊   | 34/50 [00:03<00:01, 11.21it/s, Saved at =inf, TrLoss=0.2474]
 Training FV-alpha-s42-t8:  68%|██████▊   | 34/50 [00:03<00:01, 11.21it/s, Saved at =inf, TrLoss=0.2494]
 Training FV-alpha-s42-t8:  72%|███████▏  | 36/50 [00:03<00:01, 11.21it/s, Saved at =inf, TrLoss=0.2494]
 Training FV-alpha-s42-t8:  72%|███████▏  | 36/50 [00:03<00:01, 11.21it/s, Saved at =inf, TrLoss=0.2474]
 Training FV-alpha-s42-t8:  72%|███████▏  | 36/50 [00:03<00:01, 11.21it/s, Saved at =inf, TrLoss=0.2325]
 Training FV-alpha-s42-t8:  76%|███████▌  | 38/50 [00:03<00:01, 11.21it/s, Saved at =inf, TrLoss=0.2325]
 Training FV-alpha-s42-t8:  76%|███████▌  | 38/50 [00:03<00:01, 11.21it/s, Saved at =inf, TrLoss=0.2478]
 Training FV-alpha-s42-t8:  76%|███████▌  | 38/50 [00:03<00:01, 11.21it/s, Saved at =inf, TrLoss=0.2404]
 Training FV-alpha-s42-t8:  80%|████████  | 40/50 [00:03<00:00, 11.21it/s, Saved at =inf, TrLoss=0.2404]
 Training FV-alpha-s42-t8:  80%|████████  | 40/50 [00:03<00:00, 11.21it/s, Saved at =inf, TrLoss=0.2461]
 Training FV-alpha-s42-t8:  80%|████████  | 40/50 [00:03<00:00, 11.21it/s, Saved at =inf, TrLoss=0.2331]
 Training FV-alpha-s42-t8:  84%|████████▍ | 42/50 [00:03<00:00, 11.21it/s, Saved at =inf, TrLoss=0.2331]
 Training FV-alpha-s42-t8:  84%|████████▍ | 42/50 [00:03<00:00, 11.21it/s, Saved at =inf, TrLoss=0.2380]
 Training FV-alpha-s42-t8:  84%|████████▍ | 42/50 [00:03<00:00, 11.21it/s, Saved at =inf, TrLoss=0.2304]
 Training FV-alpha-s42-t8:  88%|████████▊ | 44/50 [00:03<00:00, 11.20it/s, Saved at =inf, TrLoss=0.2304]
 Training FV-alpha-s42-t8:  88%|████████▊ | 44/50 [00:04<00:00, 11.20it/s, Saved at =inf, TrLoss=0.2383]
 Training FV-alpha-s42-t8:  88%|████████▊ | 44/50 [00:04<00:00, 11.20it/s, Saved at =inf, TrLoss=0.2208]
 Training FV-alpha-s42-t8:  92%|█████████▏| 46/50 [00:04<00:00, 11.20it/s, Saved at =inf, TrLoss=0.2208]
 Training FV-alpha-s42-t8:  92%|█████████▏| 46/50 [00:04<00:00, 11.20it/s, Saved at =inf, TrLoss=0.2330]
 Training FV-alpha-s42-t8:  92%|█████████▏| 46/50 [00:04<00:00, 11.20it/s, Saved at =inf, TrLoss=0.2223]
 Training FV-alpha-s42-t8:  96%|█████████▌| 48/50 [00:04<00:00, 11.21it/s, Saved at =inf, TrLoss=0.2223]
 Training FV-alpha-s42-t8:  96%|█████████▌| 48/50 [00:04<00:00, 11.21it/s, Saved at =inf, TrLoss=0.2293]
 Training FV-alpha-s42-t8:  96%|█████████▌| 48/50 [00:04<00:00, 11.21it/s, Saved at =inf, TrLoss=0.2215]
 Training FV-alpha-s42-t8: 100%|██████████| 50/50 [00:04<00:00, 11.21it/s, Saved at =inf, TrLoss=0.2215]
 Training FV-alpha-s42-t8: 100%|██████████| 50/50 [00:04<00:00, 11.19it/s, Saved at =inf, TrLoss=0.2215]

 Training FV-alpha-s42-t9:   0%|          | 0/50 [00:00<?, ?it/s]
 Training FV-alpha-s42-t9:   0%|          | 0/50 [00:00<?, ?it/s, Saved at =inf, TrLoss=0.9701]
 Training FV-alpha-s42-t9:   2%|▏         | 1/50 [00:00<00:05,  8.91it/s, Saved at =inf, TrLoss=0.9701]
 Training FV-alpha-s42-t9:   2%|▏         | 1/50 [00:00<00:05,  8.91it/s, Saved at =inf, TrLoss=0.7373]
 Training FV-alpha-s42-t9:   4%|▍         | 2/50 [00:00<00:05,  9.30it/s, Saved at =inf, TrLoss=0.7373]
 Training FV-alpha-s42-t9:   4%|▍         | 2/50 [00:00<00:05,  9.30it/s, Saved at =inf, TrLoss=0.7056]
 Training FV-alpha-s42-t9:   6%|▌         | 3/50 [00:00<00:04,  9.43it/s, Saved at =inf, TrLoss=0.7056]
 Training FV-alpha-s42-t9:   6%|▌         | 3/50 [00:00<00:04,  9.43it/s, Saved at =inf, TrLoss=0.6316]
 Training FV-alpha-s42-t9:   8%|▊         | 4/50 [00:00<00:04,  9.50it/s, Saved at =inf, TrLoss=0.6316]
 Training FV-alpha-s42-t9:   8%|▊         | 4/50 [00:00<00:04,  9.50it/s, Saved at =inf, TrLoss=0.5930]
 Training FV-alpha-s42-t9:  10%|█         | 5/50 [00:00<00:04,  9.54it/s, Saved at =inf, TrLoss=0.5930]
 Training FV-alpha-s42-t9:  10%|█         | 5/50 [00:00<00:04,  9.54it/s, Saved at =inf, TrLoss=0.5379]
 Training FV-alpha-s42-t9:  12%|█▏        | 6/50 [00:00<00:04,  9.56it/s, Saved at =inf, TrLoss=0.5379]
 Training FV-alpha-s42-t9:  12%|█▏        | 6/50 [00:00<00:04,  9.56it/s, Saved at =inf, TrLoss=0.5091]
 Training FV-alpha-s42-t9:  14%|█▍        | 7/50 [00:00<00:04,  9.57it/s, Saved at =inf, TrLoss=0.5091]
 Training FV-alpha-s42-t9:  14%|█▍        | 7/50 [00:00<00:04,  9.57it/s, Saved at =inf, TrLoss=0.4599]
 Training FV-alpha-s42-t9:  16%|█▌        | 8/50 [00:00<00:04,  9.58it/s, Saved at =inf, TrLoss=0.4599]
 Training FV-alpha-s42-t9:  16%|█▌        | 8/50 [00:00<00:04,  9.58it/s, Saved at =inf, TrLoss=0.4386]
 Training FV-alpha-s42-t9:  18%|█▊        | 9/50 [00:00<00:04,  9.59it/s, Saved at =inf, TrLoss=0.4386]
 Training FV-alpha-s42-t9:  18%|█▊        | 9/50 [00:01<00:04,  9.59it/s, Saved at =inf, TrLoss=0.4053]
 Training FV-alpha-s42-t9:  20%|██        | 10/50 [00:01<00:04,  9.59it/s, Saved at =inf, TrLoss=0.4053]
 Training FV-alpha-s42-t9:  20%|██        | 10/50 [00:01<00:04,  9.59it/s, Saved at =inf, TrLoss=0.4065]
 Training FV-alpha-s42-t9:  22%|██▏       | 11/50 [00:01<00:04,  9.59it/s, Saved at =inf, TrLoss=0.4065]
 Training FV-alpha-s42-t9:  22%|██▏       | 11/50 [00:01<00:04,  9.59it/s, Saved at =inf, TrLoss=0.3912]
 Training FV-alpha-s42-t9:  24%|██▍       | 12/50 [00:01<00:03,  9.60it/s, Saved at =inf, TrLoss=0.3912]
 Training FV-alpha-s42-t9:  24%|██▍       | 12/50 [00:01<00:03,  9.60it/s, Saved at =inf, TrLoss=0.3835]
 Training FV-alpha-s42-t9:  26%|██▌       | 13/50 [00:01<00:03,  9.60it/s, Saved at =inf, TrLoss=0.3835]
 Training FV-alpha-s42-t9:  26%|██▌       | 13/50 [00:01<00:03,  9.60it/s, Saved at =inf, TrLoss=0.3695]
 Training FV-alpha-s42-t9:  28%|██▊       | 14/50 [00:01<00:03,  9.60it/s, Saved at =inf, TrLoss=0.3695]
 Training FV-alpha-s42-t9:  28%|██▊       | 14/50 [00:01<00:03,  9.60it/s, Saved at =inf, TrLoss=0.3595]
 Training FV-alpha-s42-t9:  30%|███       | 15/50 [00:01<00:03,  9.60it/s, Saved at =inf, TrLoss=0.3595]
 Training FV-alpha-s42-t9:  30%|███       | 15/50 [00:01<00:03,  9.60it/s, Saved at =inf, TrLoss=0.3789]
 Training FV-alpha-s42-t9:  32%|███▏      | 16/50 [00:01<00:03,  9.59it/s, Saved at =inf, TrLoss=0.3789]
 Training FV-alpha-s42-t9:  32%|███▏      | 16/50 [00:01<00:03,  9.59it/s, Saved at =inf, TrLoss=0.3623]
 Training FV-alpha-s42-t9:  34%|███▍      | 17/50 [00:01<00:03,  9.59it/s, Saved at =inf, TrLoss=0.3623]
 Training FV-alpha-s42-t9:  34%|███▍      | 17/50 [00:01<00:03,  9.59it/s, Saved at =inf, TrLoss=0.3343]
 Training FV-alpha-s42-t9:  36%|███▌      | 18/50 [00:01<00:03,  9.59it/s, Saved at =inf, TrLoss=0.3343]
 Training FV-alpha-s42-t9:  36%|███▌      | 18/50 [00:01<00:03,  9.59it/s, Saved at =inf, TrLoss=0.3275]
 Training FV-alpha-s42-t9:  38%|███▊      | 19/50 [00:01<00:03,  9.60it/s, Saved at =inf, TrLoss=0.3275]
 Training FV-alpha-s42-t9:  38%|███▊      | 19/50 [00:02<00:03,  9.60it/s, Saved at =inf, TrLoss=0.3181]
 Training FV-alpha-s42-t9:  40%|████      | 20/50 [00:02<00:03,  9.59it/s, Saved at =inf, TrLoss=0.3181]
 Training FV-alpha-s42-t9:  40%|████      | 20/50 [00:02<00:03,  9.59it/s, Saved at =inf, TrLoss=0.3178]
 Training FV-alpha-s42-t9:  42%|████▏     | 21/50 [00:02<00:03,  9.59it/s, Saved at =inf, TrLoss=0.3178]
 Training FV-alpha-s42-t9:  42%|████▏     | 21/50 [00:02<00:03,  9.59it/s, Saved at =inf, TrLoss=0.3164]
 Training FV-alpha-s42-t9:  44%|████▍     | 22/50 [00:02<00:02,  9.59it/s, Saved at =inf, TrLoss=0.3164]
 Training FV-alpha-s42-t9:  44%|████▍     | 22/50 [00:02<00:02,  9.59it/s, Saved at =inf, TrLoss=0.3053]
 Training FV-alpha-s42-t9:  46%|████▌     | 23/50 [00:02<00:02,  9.59it/s, Saved at =inf, TrLoss=0.3053]
 Training FV-alpha-s42-t9:  46%|████▌     | 23/50 [00:02<00:02,  9.59it/s, Saved at =inf, TrLoss=0.2957]
 Training FV-alpha-s42-t9:  48%|████▊     | 24/50 [00:02<00:02,  9.59it/s, Saved at =inf, TrLoss=0.2957]
 Training FV-alpha-s42-t9:  48%|████▊     | 24/50 [00:02<00:02,  9.59it/s, Saved at =inf, TrLoss=0.3019]
 Training FV-alpha-s42-t9:  50%|█████     | 25/50 [00:02<00:02,  9.59it/s, Saved at =inf, TrLoss=0.3019]
 Training FV-alpha-s42-t9:  50%|█████     | 25/50 [00:02<00:02,  9.59it/s, Saved at =inf, TrLoss=0.3062]
 Training FV-alpha-s42-t9:  52%|█████▏    | 26/50 [00:02<00:02,  9.59it/s, Saved at =inf, TrLoss=0.3062]
 Training FV-alpha-s42-t9:  52%|█████▏    | 26/50 [00:02<00:02,  9.59it/s, Saved at =inf, TrLoss=0.3004]
 Training FV-alpha-s42-t9:  54%|█████▍    | 27/50 [00:02<00:02,  9.60it/s, Saved at =inf, TrLoss=0.3004]
 Training FV-alpha-s42-t9:  54%|█████▍    | 27/50 [00:02<00:02,  9.60it/s, Saved at =inf, TrLoss=0.2947]
 Training FV-alpha-s42-t9:  56%|█████▌    | 28/50 [00:02<00:02,  9.59it/s, Saved at =inf, TrLoss=0.2947]
 Training FV-alpha-s42-t9:  56%|█████▌    | 28/50 [00:03<00:02,  9.59it/s, Saved at =inf, TrLoss=0.2847]
 Training FV-alpha-s42-t9:  58%|█████▊    | 29/50 [00:03<00:02,  9.60it/s, Saved at =inf, TrLoss=0.2847]
 Training FV-alpha-s42-t9:  58%|█████▊    | 29/50 [00:03<00:02,  9.60it/s, Saved at =inf, TrLoss=0.2935]
 Training FV-alpha-s42-t9:  60%|██████    | 30/50 [00:03<00:02,  9.60it/s, Saved at =inf, TrLoss=0.2935]
 Training FV-alpha-s42-t9:  60%|██████    | 30/50 [00:03<00:02,  9.60it/s, Saved at =inf, TrLoss=0.2818]
 Training FV-alpha-s42-t9:  62%|██████▏   | 31/50 [00:03<00:01,  9.60it/s, Saved at =inf, TrLoss=0.2818]
 Training FV-alpha-s42-t9:  62%|██████▏   | 31/50 [00:03<00:01,  9.60it/s, Saved at =inf, TrLoss=0.2633]
 Training FV-alpha-s42-t9:  64%|██████▍   | 32/50 [00:03<00:01,  9.60it/s, Saved at =inf, TrLoss=0.2633]
 Training FV-alpha-s42-t9:  64%|██████▍   | 32/50 [00:03<00:01,  9.60it/s, Saved at =inf, TrLoss=0.2699]
 Training FV-alpha-s42-t9:  66%|██████▌   | 33/50 [00:03<00:01,  9.59it/s, Saved at =inf, TrLoss=0.2699]
 Training FV-alpha-s42-t9:  66%|██████▌   | 33/50 [00:03<00:01,  9.59it/s, Saved at =inf, TrLoss=0.2746]
 Training FV-alpha-s42-t9:  68%|██████▊   | 34/50 [00:03<00:01,  9.60it/s, Saved at =inf, TrLoss=0.2746]
 Training FV-alpha-s42-t9:  68%|██████▊   | 34/50 [00:03<00:01,  9.60it/s, Saved at =inf, TrLoss=0.2555]
 Training FV-alpha-s42-t9:  70%|███████   | 35/50 [00:03<00:01,  9.60it/s, Saved at =inf, TrLoss=0.2555]
 Training FV-alpha-s42-t9:  70%|███████   | 35/50 [00:03<00:01,  9.60it/s, Saved at =inf, TrLoss=0.2595]
 Training FV-alpha-s42-t9:  72%|███████▏  | 36/50 [00:03<00:01,  9.59it/s, Saved at =inf, TrLoss=0.2595]
 Training FV-alpha-s42-t9:  72%|███████▏  | 36/50 [00:03<00:01,  9.59it/s, Saved at =inf, TrLoss=0.2595]
 Training FV-alpha-s42-t9:  74%|███████▍  | 37/50 [00:03<00:01,  9.59it/s, Saved at =inf, TrLoss=0.2595]
 Training FV-alpha-s42-t9:  74%|███████▍  | 37/50 [00:03<00:01,  9.59it/s, Saved at =inf, TrLoss=0.2429]
 Training FV-alpha-s42-t9:  76%|███████▌  | 38/50 [00:03<00:01,  9.59it/s, Saved at =inf, TrLoss=0.2429]
 Training FV-alpha-s42-t9:  76%|███████▌  | 38/50 [00:04<00:01,  9.59it/s, Saved at =inf, TrLoss=0.2493]
 Training FV-alpha-s42-t9:  78%|███████▊  | 39/50 [00:04<00:01,  9.59it/s, Saved at =inf, TrLoss=0.2493]
 Training FV-alpha-s42-t9:  78%|███████▊  | 39/50 [00:04<00:01,  9.59it/s, Saved at =inf, TrLoss=0.2484]
 Training FV-alpha-s42-t9:  80%|████████  | 40/50 [00:04<00:01,  9.56it/s, Saved at =inf, TrLoss=0.2484]
 Training FV-alpha-s42-t9:  80%|████████  | 40/50 [00:04<00:01,  9.56it/s, Saved at =inf, TrLoss=0.2436]
 Training FV-alpha-s42-t9:  82%|████████▏ | 41/50 [00:04<00:00,  9.57it/s, Saved at =inf, TrLoss=0.2436]
 Training FV-alpha-s42-t9:  82%|████████▏ | 41/50 [00:04<00:00,  9.57it/s, Saved at =inf, TrLoss=0.2436]
 Training FV-alpha-s42-t9:  84%|████████▍ | 42/50 [00:04<00:00,  9.57it/s, Saved at =inf, TrLoss=0.2436]
 Training FV-alpha-s42-t9:  84%|████████▍ | 42/50 [00:04<00:00,  9.57it/s, Saved at =inf, TrLoss=0.2367]
 Training FV-alpha-s42-t9:  86%|████████▌ | 43/50 [00:04<00:00,  9.58it/s, Saved at =inf, TrLoss=0.2367]
 Training FV-alpha-s42-t9:  86%|████████▌ | 43/50 [00:04<00:00,  9.58it/s, Saved at =inf, TrLoss=0.2460]
 Training FV-alpha-s42-t9:  88%|████████▊ | 44/50 [00:04<00:00,  9.58it/s, Saved at =inf, TrLoss=0.2460]
 Training FV-alpha-s42-t9:  88%|████████▊ | 44/50 [00:04<00:00,  9.58it/s, Saved at =inf, TrLoss=0.2448]
 Training FV-alpha-s42-t9:  90%|█████████ | 45/50 [00:04<00:00,  9.58it/s, Saved at =inf, TrLoss=0.2448]
 Training FV-alpha-s42-t9:  90%|█████████ | 45/50 [00:04<00:00,  9.58it/s, Saved at =inf, TrLoss=0.2336]
 Training FV-alpha-s42-t9:  92%|█████████▏| 46/50 [00:04<00:00,  9.58it/s, Saved at =inf, TrLoss=0.2336]
 Training FV-alpha-s42-t9:  92%|█████████▏| 46/50 [00:04<00:00,  9.58it/s, Saved at =inf, TrLoss=0.2246]
 Training FV-alpha-s42-t9:  94%|█████████▍| 47/50 [00:04<00:00,  9.57it/s, Saved at =inf, TrLoss=0.2246]
 Training FV-alpha-s42-t9:  94%|█████████▍| 47/50 [00:04<00:00,  9.57it/s, Saved at =inf, TrLoss=0.2365]
 Training FV-alpha-s42-t9:  96%|█████████▌| 48/50 [00:05<00:00,  9.58it/s, Saved at =inf, TrLoss=0.2365]
 Training FV-alpha-s42-t9:  96%|█████████▌| 48/50 [00:05<00:00,  9.58it/s, Saved at =inf, TrLoss=0.2333]
 Training FV-alpha-s42-t9:  98%|█████████▊| 49/50 [00:05<00:00,  9.58it/s, Saved at =inf, TrLoss=0.2333]
 Training FV-alpha-s42-t9:  98%|█████████▊| 49/50 [00:05<00:00,  9.58it/s, Saved at =inf, TrLoss=0.2285]
 Training FV-alpha-s42-t9: 100%|██████████| 50/50 [00:05<00:00,  9.58it/s, Saved at =inf, TrLoss=0.2285]
 Training FV-alpha-s42-t9: 100%|██████████| 50/50 [00:05<00:00,  9.58it/s, Saved at =inf, TrLoss=0.2285]

 Training ATK-alpha-s42-t7:   0%|          | 0/50 [00:00<?, ?it/s]
 Training ATK-alpha-s42-t7:   0%|          | 0/50 [00:00<?, ?it/s, Saved at =inf, TrLoss=0.6890]
 Training ATK-alpha-s42-t7:   0%|          | 0/50 [00:00<?, ?it/s, Saved at =inf, TrLoss=0.6662]
 Training ATK-alpha-s42-t7:   4%|▍         | 2/50 [00:00<00:04, 11.58it/s, Saved at =inf, TrLoss=0.6662]
 Training ATK-alpha-s42-t7:   4%|▍         | 2/50 [00:00<00:04, 11.58it/s, Saved at =inf, TrLoss=0.6719]
 Training ATK-alpha-s42-t7:   4%|▍         | 2/50 [00:00<00:04, 11.58it/s, Saved at =inf, TrLoss=0.5635]
 Training ATK-alpha-s42-t7:   8%|▊         | 4/50 [00:00<00:03, 12.03it/s, Saved at =inf, TrLoss=0.5635]
 Training ATK-alpha-s42-t7:   8%|▊         | 4/50 [00:00<00:03, 12.03it/s, Saved at =inf, TrLoss=0.5028]
 Training ATK-alpha-s42-t7:   8%|▊         | 4/50 [00:00<00:03, 12.03it/s, Saved at =inf, TrLoss=0.5343]
 Training ATK-alpha-s42-t7:  12%|█▏        | 6/50 [00:00<00:03, 12.22it/s, Saved at =inf, TrLoss=0.5343]
 Training ATK-alpha-s42-t7:  12%|█▏        | 6/50 [00:00<00:03, 12.22it/s, Saved at =inf, TrLoss=0.5298]
 Training ATK-alpha-s42-t7:  12%|█▏        | 6/50 [00:00<00:03, 12.22it/s, Saved at =inf, TrLoss=0.4711]
 Training ATK-alpha-s42-t7:  16%|█▌        | 8/50 [00:00<00:03, 12.26it/s, Saved at =inf, TrLoss=0.4711]
 Training ATK-alpha-s42-t7:  16%|█▌        | 8/50 [00:00<00:03, 12.26it/s, Saved at =inf, TrLoss=0.4302]
 Training ATK-alpha-s42-t7:  16%|█▌        | 8/50 [00:00<00:03, 12.26it/s, Saved at =inf, TrLoss=0.4228]
 Training ATK-alpha-s42-t7:  20%|██        | 10/50 [00:00<00:03, 12.29it/s, Saved at =inf, TrLoss=0.4228]
 Training ATK-alpha-s42-t7:  20%|██        | 10/50 [00:00<00:03, 12.29it/s, Saved at =inf, TrLoss=0.3958]
 Training ATK-alpha-s42-t7:  20%|██        | 10/50 [00:00<00:03, 12.29it/s, Saved at =inf, TrLoss=0.3557]
 Training ATK-alpha-s42-t7:  24%|██▍       | 12/50 [00:00<00:03, 12.31it/s, Saved at =inf, TrLoss=0.3557]
 Training ATK-alpha-s42-t7:  24%|██▍       | 12/50 [00:01<00:03, 12.31it/s, Saved at =inf, TrLoss=0.3855]
 Training ATK-alpha-s42-t7:  24%|██▍       | 12/50 [00:01<00:03, 12.31it/s, Saved at =inf, TrLoss=0.3427]
 Training ATK-alpha-s42-t7:  28%|██▊       | 14/50 [00:01<00:02, 12.32it/s, Saved at =inf, TrLoss=0.3427]
 Training ATK-alpha-s42-t7:  28%|██▊       | 14/50 [00:01<00:02, 12.32it/s, Saved at =inf, TrLoss=0.3337]
 Training ATK-alpha-s42-t7:  28%|██▊       | 14/50 [00:01<00:02, 12.32it/s, Saved at =inf, TrLoss=0.3177]
 Training ATK-alpha-s42-t7:  32%|███▏      | 16/50 [00:01<00:02, 12.31it/s, Saved at =inf, TrLoss=0.3177]
 Training ATK-alpha-s42-t7:  32%|███▏      | 16/50 [00:01<00:02, 12.31it/s, Saved at =inf, TrLoss=0.3342]
 Training ATK-alpha-s42-t7:  32%|███▏      | 16/50 [00:01<00:02, 12.31it/s, Saved at =inf, TrLoss=0.3099]
 Training ATK-alpha-s42-t7:  36%|███▌      | 18/50 [00:01<00:02, 12.32it/s, Saved at =inf, TrLoss=0.3099]
 Training ATK-alpha-s42-t7:  36%|███▌      | 18/50 [00:01<00:02, 12.32it/s, Saved at =inf, TrLoss=0.3067]
 Training ATK-alpha-s42-t7:  36%|███▌      | 18/50 [00:01<00:02, 12.32it/s, Saved at =inf, TrLoss=0.2858]
 Training ATK-alpha-s42-t7:  40%|████      | 20/50 [00:01<00:02, 12.33it/s, Saved at =inf, TrLoss=0.2858]
 Training ATK-alpha-s42-t7:  40%|████      | 20/50 [00:01<00:02, 12.33it/s, Saved at =inf, TrLoss=0.2885]
 Training ATK-alpha-s42-t7:  40%|████      | 20/50 [00:01<00:02, 12.33it/s, Saved at =inf, TrLoss=0.2859]
 Training ATK-alpha-s42-t7:  44%|████▍     | 22/50 [00:01<00:02, 12.34it/s, Saved at =inf, TrLoss=0.2859]
 Training ATK-alpha-s42-t7:  44%|████▍     | 22/50 [00:01<00:02, 12.34it/s, Saved at =inf, TrLoss=0.2974]
 Training ATK-alpha-s42-t7:  44%|████▍     | 22/50 [00:01<00:02, 12.34it/s, Saved at =inf, TrLoss=0.2738]
 Training ATK-alpha-s42-t7:  48%|████▊     | 24/50 [00:01<00:02, 12.34it/s, Saved at =inf, TrLoss=0.2738]
 Training ATK-alpha-s42-t7:  48%|████▊     | 24/50 [00:02<00:02, 12.34it/s, Saved at =inf, TrLoss=0.2814]
 Training ATK-alpha-s42-t7:  48%|████▊     | 24/50 [00:02<00:02, 12.34it/s, Saved at =inf, TrLoss=0.2653]
 Training ATK-alpha-s42-t7:  52%|█████▏    | 26/50 [00:02<00:01, 12.34it/s, Saved at =inf, TrLoss=0.2653]
 Training ATK-alpha-s42-t7:  52%|█████▏    | 26/50 [00:02<00:01, 12.34it/s, Saved at =inf, TrLoss=0.2543]
 Training ATK-alpha-s42-t7:  52%|█████▏    | 26/50 [00:02<00:01, 12.34it/s, Saved at =inf, TrLoss=0.2653]
 Training ATK-alpha-s42-t7:  56%|█████▌    | 28/50 [00:02<00:01, 12.33it/s, Saved at =inf, TrLoss=0.2653]
 Training ATK-alpha-s42-t7:  56%|█████▌    | 28/50 [00:02<00:01, 12.33it/s, Saved at =inf, TrLoss=0.2620]
 Training ATK-alpha-s42-t7:  56%|█████▌    | 28/50 [00:02<00:01, 12.33it/s, Saved at =inf, TrLoss=0.2517]
 Training ATK-alpha-s42-t7:  60%|██████    | 30/50 [00:02<00:01, 12.34it/s, Saved at =inf, TrLoss=0.2517]
 Training ATK-alpha-s42-t7:  60%|██████    | 30/50 [00:02<00:01, 12.34it/s, Saved at =inf, TrLoss=0.2519]
 Training ATK-alpha-s42-t7:  60%|██████    | 30/50 [00:02<00:01, 12.34it/s, Saved at =inf, TrLoss=0.2480]
 Training ATK-alpha-s42-t7:  64%|██████▍   | 32/50 [00:02<00:01, 12.34it/s, Saved at =inf, TrLoss=0.2480]
 Training ATK-alpha-s42-t7:  64%|██████▍   | 32/50 [00:02<00:01, 12.34it/s, Saved at =inf, TrLoss=0.2414]
 Training ATK-alpha-s42-t7:  64%|██████▍   | 32/50 [00:02<00:01, 12.34it/s, Saved at =inf, TrLoss=0.2355]
 Training ATK-alpha-s42-t7:  68%|██████▊   | 34/50 [00:02<00:01, 12.35it/s, Saved at =inf, TrLoss=0.2355]
 Training ATK-alpha-s42-t7:  68%|██████▊   | 34/50 [00:02<00:01, 12.35it/s, Saved at =inf, TrLoss=0.2360]
 Training ATK-alpha-s42-t7:  68%|██████▊   | 34/50 [00:02<00:01, 12.35it/s, Saved at =inf, TrLoss=0.2358]
 Training ATK-alpha-s42-t7:  72%|███████▏  | 36/50 [00:02<00:01, 12.35it/s, Saved at =inf, TrLoss=0.2358]
 Training ATK-alpha-s42-t7:  72%|███████▏  | 36/50 [00:02<00:01, 12.35it/s, Saved at =inf, TrLoss=0.2343]
 Training ATK-alpha-s42-t7:  72%|███████▏  | 36/50 [00:03<00:01, 12.35it/s, Saved at =inf, TrLoss=0.2295]
 Training ATK-alpha-s42-t7:  76%|███████▌  | 38/50 [00:03<00:00, 12.36it/s, Saved at =inf, TrLoss=0.2295]
 Training ATK-alpha-s42-t7:  76%|███████▌  | 38/50 [00:03<00:00, 12.36it/s, Saved at =inf, TrLoss=0.2354]
 Training ATK-alpha-s42-t7:  76%|███████▌  | 38/50 [00:03<00:00, 12.36it/s, Saved at =inf, TrLoss=0.2246]
 Training ATK-alpha-s42-t7:  80%|████████  | 40/50 [00:03<00:00, 12.36it/s, Saved at =inf, TrLoss=0.2246]
 Training ATK-alpha-s42-t7:  80%|████████  | 40/50 [00:03<00:00, 12.36it/s, Saved at =inf, TrLoss=0.2250]
 Training ATK-alpha-s42-t7:  80%|████████  | 40/50 [00:03<00:00, 12.36it/s, Saved at =inf, TrLoss=0.2206]
 Training ATK-alpha-s42-t7:  84%|████████▍ | 42/50 [00:03<00:00, 12.35it/s, Saved at =inf, TrLoss=0.2206]
 Training ATK-alpha-s42-t7:  84%|████████▍ | 42/50 [00:03<00:00, 12.35it/s, Saved at =inf, TrLoss=0.2119]
 Training ATK-alpha-s42-t7:  84%|████████▍ | 42/50 [00:03<00:00, 12.35it/s, Saved at =inf, TrLoss=0.2264]
 Training ATK-alpha-s42-t7:  88%|████████▊ | 44/50 [00:03<00:00, 12.35it/s, Saved at =inf, TrLoss=0.2264]
 Training ATK-alpha-s42-t7:  88%|████████▊ | 44/50 [00:03<00:00, 12.35it/s, Saved at =inf, TrLoss=0.2148]
 Training ATK-alpha-s42-t7:  88%|████████▊ | 44/50 [00:03<00:00, 12.35it/s, Saved at =inf, TrLoss=0.2077]
 Training ATK-alpha-s42-t7:  92%|█████████▏| 46/50 [00:03<00:00, 12.36it/s, Saved at =inf, TrLoss=0.2077]
 Training ATK-alpha-s42-t7:  92%|█████████▏| 46/50 [00:03<00:00, 12.36it/s, Saved at =inf, TrLoss=0.2062]
 Training ATK-alpha-s42-t7:  92%|█████████▏| 46/50 [00:03<00:00, 12.36it/s, Saved at =inf, TrLoss=0.2068]
 Training ATK-alpha-s42-t7:  96%|█████████▌| 48/50 [00:03<00:00, 12.36it/s, Saved at =inf, TrLoss=0.2068]
 Training ATK-alpha-s42-t7:  96%|█████████▌| 48/50 [00:03<00:00, 12.36it/s, Saved at =inf, TrLoss=0.2058]
 Training ATK-alpha-s42-t7:  96%|█████████▌| 48/50 [00:04<00:00, 12.36it/s, Saved at =inf, TrLoss=0.2014]
 Training ATK-alpha-s42-t7: 100%|██████████| 50/50 [00:04<00:00, 12.35it/s, Saved at =inf, TrLoss=0.2014]
 Training ATK-alpha-s42-t7: 100%|██████████| 50/50 [00:04<00:00, 12.32it/s, Saved at =inf, TrLoss=0.2014]
[20:29:52]   MCC=0.389±0.067, AUC=0.767±0.070, BAcc=0.685±0.076
[20:31:12] Training GDTE on alpha (seed=42)...
[20:31:12]   MCC=0.389±0.067, AUC=0.767±0.070, BAcc=0.685±0.076
[20:31:56]   paired (Holm p): appended-vs-inwindow 8.8e-13 (d=-1.28); naive-vs-leakfree 2.6e-13; dis-vs-tru 2.6e-13; leakfree-vs-0 9.2e-12; appended-vs-0 0.10
[20:31:56]   decomp B1 shares: prop 79% self 21% mech -0%
[20:31:56]   decision: mean rank shift 162.2, top-k ejected 0/0
[20:31:56]   dose-response beta(budget,margin,indeg): {'budget': 0.004, 'clean_margin': -0.06, 'in_degree': 0.012}
[20:31:56]   wrote fig_forest
[20:31:56]   wrote fig_dist
[20:31:56] 
Wrote paper/results/unified/stats_rigor.json
